<?xml version="1.0" encoding="UTF-8" standalone="yes"?>
<TrafficMatrixFile xmlns:xsi="http://www.w3.org/2001/XMLSchema-instance" xsi:noNamespaceSchemaLocation="http://totem.run.montefiore.ulg.ac.be/Schema/TrafficMatrix-v1_2.xsd">
  <info>
    <title>Intradomain traffic matrix generated by geant-TM-all.pl</title>
    <date>2005-01-01T16:00:00</date>
    <duration>900</duration>
    <author>Steve Uhlig</author>
    <units>
        <unit type="bandwidth" value="kbps"/>
    </units>
  </info>
  <IntraTM ASID="20965">
    <src id="12">
      <dst id="12">311516.9778</dst>
      <dst id="13">11574.6133</dst>
      <dst id="19">5451.9644</dst>
      <dst id="23">98.6222</dst>
      <dst id="8">1321.5378</dst>
      <dst id="18">264.2222</dst>
      <dst id="4">92692.1867</dst>
      <dst id="1">8759.0756</dst>
      <dst id="5">3559.3422</dst>
      <dst id="3">7615.6889</dst>
      <dst id="22">4292.8444</dst>
      <dst id="7">1087.3867</dst>
      <dst id="2">65595.4933</dst>
      <dst id="6">2.2578</dst>
      <dst id="16">6007.9911</dst>
      <dst id="14">1765.8844</dst>
      <dst id="20">7718.2933</dst>
      <dst id="11">8546.3822</dst>
      <dst id="9">23047.1200</dst>
      <dst id="17">53808.5689</dst>
      <dst id="21">11536.8000</dst>
      <dst id="15">3191.6356</dst>
    </src>
    <src id="13">
      <dst id="12">44544.2844</dst>
      <dst id="19">4447.1200</dst>
      <dst id="23">1501.1378</dst>
      <dst id="8">1344.7467</dst>
      <dst id="18">1968.6222</dst>
      <dst id="1">2333.8844</dst>
      <dst id="5">4877.3067</dst>
      <dst id="3">13165.6711</dst>
      <dst id="22">16199.8489</dst>
      <dst id="7">11359.9644</dst>
      <dst id="2">58959.7956</dst>
      <dst id="6">66.1600</dst>
      <dst id="16">3758.8444</dst>
      <dst id="14">2482.3733</dst>
      <dst id="20">9786.0000</dst>
      <dst id="11">18459.7600</dst>
      <dst id="9">10686.2844</dst>
      <dst id="17">49008.7378</dst>
      <dst id="21">10316.0089</dst>
      <dst id="15">2589.9022</dst>
    </src>
    <src id="19">
      <dst id="12">15488.1600</dst>
      <dst id="13">229.6800</dst>
      <dst id="23">0.5333</dst>
      <dst id="8">292.1511</dst>
      <dst id="18">0.3556</dst>
      <dst id="4">18073.7600</dst>
      <dst id="1">19.7156</dst>
      <dst id="5">52.9600</dst>
      <dst id="3">515.4578</dst>
      <dst id="22">1153.4756</dst>
      <dst id="7">3444.3644</dst>
      <dst id="2">102.6400</dst>
      <dst id="6">27.6800</dst>
      <dst id="16">7334.4267</dst>
      <dst id="20">62.0889</dst>
      <dst id="11">729.3778</dst>
      <dst id="9">1583.8933</dst>
      <dst id="17">349.4311</dst>
      <dst id="21">152.1956</dst>
    </src>
    <src id="23">
      <dst id="12">174.8267</dst>
      <dst id="13">82.2933</dst>
      <dst id="19">1.4933</dst>
      <dst id="8">2.3111</dst>
      <dst id="4">32.5067</dst>
      <dst id="1">24.8444</dst>
      <dst id="5">120.0000</dst>
      <dst id="3">145.4667</dst>
      <dst id="22">1046.5067</dst>
      <dst id="7">27.2711</dst>
      <dst id="2">30.6756</dst>
      <dst id="16">17.9022</dst>
      <dst id="14">12.6222</dst>
      <dst id="20">63.4133</dst>
      <dst id="11">405.6533</dst>
      <dst id="9">360.0533</dst>
      <dst id="17">87.5467</dst>
      <dst id="21">153.2444</dst>
      <dst id="15">0.7111</dst>
    </src>
    <src id="8">
      <dst id="12">310882.7111</dst>
      <dst id="13">603.2089</dst>
      <dst id="19">144.8178</dst>
      <dst id="23">546.6667</dst>
      <dst id="18">290.4267</dst>
      <dst id="4">6360.7911</dst>
      <dst id="1">85.2978</dst>
      <dst id="5">1030.3378</dst>
      <dst id="3">552.0800</dst>
      <dst id="22">4117.7600</dst>
      <dst id="7">15.7867</dst>
      <dst id="2">101978.9867</dst>
      <dst id="6">0.7111</dst>
      <dst id="16">412.8089</dst>
      <dst id="14">86.7556</dst>
      <dst id="20">149.9556</dst>
      <dst id="11">204.8978</dst>
      <dst id="9">283.3244</dst>
      <dst id="17">71283.8133</dst>
      <dst id="21">234.4711</dst>
      <dst id="15">55.8844</dst>
    </src>
    <src id="18">
      <dst id="12">105252.7822</dst>
      <dst id="13">139.9733</dst>
      <dst id="8">128.5956</dst>
      <dst id="4">1956.0000</dst>
      <dst id="1">1079.0933</dst>
      <dst id="5">557.4667</dst>
      <dst id="3">188.8889</dst>
      <dst id="22">310.3111</dst>
      <dst id="7">340.5778</dst>
      <dst id="2">25901.3422</dst>
      <dst id="16">8.4000</dst>
      <dst id="14">37.1911</dst>
      <dst id="20">1.8400</dst>
      <dst id="11">1984.9511</dst>
      <dst id="9">130.9511</dst>
      <dst id="17">23925.1111</dst>
      <dst id="21">165.0311</dst>
      <dst id="15">15.2978</dst>
    </src>
    <src id="4">
      <dst id="12">16198.5156</dst>
      <dst id="19">15281.4578</dst>
      <dst id="23">1.7422</dst>
      <dst id="8">2471.0400</dst>
      <dst id="18">581.0133</dst>
      <dst id="4">0.9333</dst>
      <dst id="1">1767.0400</dst>
      <dst id="5">1758.2044</dst>
      <dst id="3">92001.5822</dst>
      <dst id="22">5163.9556</dst>
      <dst id="7">17005.1556</dst>
      <dst id="2">58364.2933</dst>
      <dst id="6">14.9156</dst>
      <dst id="16">1256.1511</dst>
      <dst id="14">8302.5156</dst>
      <dst id="20">1828.1244</dst>
      <dst id="11">8482.4978</dst>
      <dst id="9">3668.7733</dst>
      <dst id="17">14691.1378</dst>
      <dst id="21">4067.0667</dst>
      <dst id="15">6764.2222</dst>
    </src>
    <src id="1">
      <dst id="12">16665.5733</dst>
      <dst id="13">248.0533</dst>
      <dst id="19">16.5067</dst>
      <dst id="23">22.2489</dst>
      <dst id="8">105315.7244</dst>
      <dst id="18">12276.0444</dst>
      <dst id="4">5971.7600</dst>
      <dst id="1">52.5689</dst>
      <dst id="5">199149.7422</dst>
      <dst id="3">66440.3644</dst>
      <dst id="22">4003.6444</dst>
      <dst id="7">2151.7511</dst>
      <dst id="2">2118.2667</dst>
      <dst id="6">4529.5467</dst>
      <dst id="16">12126.5778</dst>
      <dst id="14">217.7600</dst>
      <dst id="20">243.2178</dst>
      <dst id="11">627.5022</dst>
      <dst id="9">272097.3778</dst>
      <dst id="17">3360.4356</dst>
      <dst id="21">2224.3378</dst>
      <dst id="15">139.7333</dst>
    </src>
    <src id="5">
      <dst id="12">282484.7822</dst>
      <dst id="13">728.0444</dst>
      <dst id="19">71.4756</dst>
      <dst id="23">2.2400</dst>
      <dst id="8">371.0844</dst>
      <dst id="18">508.2400</dst>
      <dst id="4">6300.0267</dst>
      <dst id="1">27.4133</dst>
      <dst id="3">999.9822</dst>
      <dst id="22">2131.8311</dst>
      <dst id="7">113.6978</dst>
      <dst id="2">106361.4667</dst>
      <dst id="6">0.6756</dst>
      <dst id="16">463.2267</dst>
      <dst id="14">12.3467</dst>
      <dst id="20">405.1289</dst>
      <dst id="11">1036.8622</dst>
      <dst id="9">1035.4311</dst>
      <dst id="17">63585.9022</dst>
      <dst id="21">589.8756</dst>
      <dst id="15">495.0756</dst>
    </src>
    <src id="3">
      <dst id="12">8065.9644</dst>
      <dst id="13">602.6844</dst>
      <dst id="19">1409.4222</dst>
      <dst id="23">3.1289</dst>
      <dst id="8">173.0489</dst>
      <dst id="18">54521.7600</dst>
      <dst id="4">37611.5378</dst>
      <dst id="1">5196.1600</dst>
      <dst id="5">275.2000</dst>
      <dst id="3">11617.4844</dst>
      <dst id="22">927.1822</dst>
      <dst id="7">1724.0622</dst>
      <dst id="2">6480.9244</dst>
      <dst id="6">0.9244</dst>
      <dst id="16">1379.1289</dst>
      <dst id="14">39493.6178</dst>
      <dst id="20">129.9111</dst>
      <dst id="11">147849.8756</dst>
      <dst id="9">612.7289</dst>
      <dst id="17">6363.5200</dst>
      <dst id="21">5497.4044</dst>
      <dst id="15">51.5378</dst>
    </src>
    <src id="10">
      <dst id="12">6702.2400</dst>
      <dst id="19">4431.2800</dst>
      <dst id="8">1953.2000</dst>
      <dst id="18">10233.6711</dst>
      <dst id="1">2118.1867</dst>
      <dst id="5">1220.2222</dst>
      <dst id="3">17948.7822</dst>
      <dst id="22">6256.6756</dst>
      <dst id="7">6891.8667</dst>
      <dst id="2">17799.6089</dst>
      <dst id="16">1644.0178</dst>
      <dst id="14">2435.5911</dst>
      <dst id="20">2833.8844</dst>
      <dst id="11">4966.2133</dst>
      <dst id="9">1958.3644</dst>
      <dst id="17">8576.8622</dst>
      <dst id="21">12167.3867</dst>
      <dst id="15">1725.1289</dst>
    </src>
    <src id="22">
      <dst id="12">3804.6667</dst>
      <dst id="13">947.9467</dst>
      <dst id="19">57.2533</dst>
      <dst id="23">15.0133</dst>
      <dst id="8">1856.3289</dst>
      <dst id="18">806.7467</dst>
      <dst id="4">21425.0667</dst>
      <dst id="1">78.2400</dst>
      <dst id="5">2210.0356</dst>
      <dst id="3">378.1689</dst>
      <dst id="7">1630.1956</dst>
      <dst id="2">973.0222</dst>
      <dst id="6">0.5333</dst>
      <dst id="16">0.4089</dst>
      <dst id="14">30.2044</dst>
      <dst id="11">2469.1378</dst>
      <dst id="9">2846.4178</dst>
      <dst id="17">3416.9511</dst>
      <dst id="21">741.2978</dst>
    </src>
    <src id="7">
      <dst id="12">4170.8089</dst>
      <dst id="13">245.4044</dst>
      <dst id="19">200.5600</dst>
      <dst id="23">49.5289</dst>
      <dst id="8">389.5911</dst>
      <dst id="18">514.4622</dst>
      <dst id="4">47032.4089</dst>
      <dst id="1">888.7289</dst>
      <dst id="5">1174.6933</dst>
      <dst id="3">1999.7333</dst>
      <dst id="22">5314.0711</dst>
      <dst id="7">683.0578</dst>
      <dst id="2">4775.3511</dst>
      <dst id="6">40.7200</dst>
      <dst id="16">741.8133</dst>
      <dst id="14">85.5556</dst>
      <dst id="20">1072.2489</dst>
      <dst id="11">1875.7422</dst>
      <dst id="9">3479.4933</dst>
      <dst id="17">6187.8133</dst>
      <dst id="21">3109.2444</dst>
      <dst id="15">440.2044</dst>
    </src>
    <src id="2">
      <dst id="12">132928.4533</dst>
      <dst id="13">1221.1378</dst>
      <dst id="19">1222.7200</dst>
      <dst id="8">433.2356</dst>
      <dst id="18">45273.6533</dst>
      <dst id="4">100173.7067</dst>
      <dst id="1">1119.0222</dst>
      <dst id="5">2806.9422</dst>
      <dst id="3">2476.0267</dst>
      <dst id="22">2723.3244</dst>
      <dst id="7">4275.2800</dst>
      <dst id="2">655.3244</dst>
      <dst id="6">4754.7200</dst>
      <dst id="16">1910.5244</dst>
      <dst id="14">330.9333</dst>
      <dst id="20">772.2667</dst>
      <dst id="11">2402.0711</dst>
      <dst id="9">598.1956</dst>
      <dst id="17">15782.4711</dst>
      <dst id="21">5323.6533</dst>
      <dst id="15">1019.7156</dst>
    </src>
    <src id="6">
      <dst id="12">6991.2178</dst>
      <dst id="13">4.0444</dst>
      <dst id="19">2.1333</dst>
      <dst id="8">0.4622</dst>
      <dst id="4">11.0400</dst>
      <dst id="1">1.0667</dst>
      <dst id="5">13.3333</dst>
      <dst id="3">3.9644</dst>
      <dst id="22">21.3333</dst>
      <dst id="2">1638.4444</dst>
      <dst id="16">26.4711</dst>
      <dst id="11">20.8444</dst>
      <dst id="9">23.7333</dst>
      <dst id="17">853.1644</dst>
      <dst id="21">179.9289</dst>
      <dst id="15">11.4667</dst>
    </src>
    <src id="16">
      <dst id="12">2775.1822</dst>
      <dst id="13">240.5156</dst>
      <dst id="19">3581.9467</dst>
      <dst id="23">1.5289</dst>
      <dst id="8">3969.2622</dst>
      <dst id="18">2.5778</dst>
      <dst id="4">2977.6267</dst>
      <dst id="1">18067.1378</dst>
      <dst id="5">6539.9467</dst>
      <dst id="3">1206.2400</dst>
      <dst id="7">1633.6978</dst>
      <dst id="2">274.1689</dst>
      <dst id="6">1.1911</dst>
      <dst id="16">24.7200</dst>
      <dst id="14">525.2978</dst>
      <dst id="11">26.6044</dst>
      <dst id="9">11562.8889</dst>
      <dst id="17">1841.9911</dst>
      <dst id="21">48.6844</dst>
    </src>
    <src id="14">
      <dst id="12">17485.1022</dst>
      <dst id="13">38.7200</dst>
      <dst id="19">5.0489</dst>
      <dst id="8">2.0622</dst>
      <dst id="18">3.7511</dst>
      <dst id="4">3151.4222</dst>
      <dst id="1">41.9467</dst>
      <dst id="3">130.0800</dst>
      <dst id="22">2.8711</dst>
      <dst id="7">65.2889</dst>
      <dst id="2">4912.2933</dst>
      <dst id="6">0.4622</dst>
      <dst id="16">11.6978</dst>
      <dst id="20">0.7467</dst>
      <dst id="11">143.5822</dst>
      <dst id="9">47.7778</dst>
      <dst id="17">5482.8089</dst>
      <dst id="21">84.0000</dst>
    </src>
    <src id="20">
      <dst id="12">6903.5378</dst>
      <dst id="13">1319.4222</dst>
      <dst id="19">29.2178</dst>
      <dst id="23">1.9911</dst>
      <dst id="8">380.8089</dst>
      <dst id="18">4.9067</dst>
      <dst id="4">10038.0711</dst>
      <dst id="1">76.9333</dst>
      <dst id="5">764.2844</dst>
      <dst id="3">405.1911</dst>
      <dst id="7">8724.3911</dst>
      <dst id="2">4549.0311</dst>
      <dst id="6">0.5156</dst>
      <dst id="14">34.5778</dst>
      <dst id="11">991.6533</dst>
      <dst id="9">426.2400</dst>
      <dst id="17">8642.6133</dst>
      <dst id="21">168.1689</dst>
    </src>
    <src id="11">
      <dst id="12">383123.6711</dst>
      <dst id="13">497.7778</dst>
      <dst id="19">65.7778</dst>
      <dst id="23">76.3111</dst>
      <dst id="8">228.9867</dst>
      <dst id="18">947.9556</dst>
      <dst id="4">16227.0133</dst>
      <dst id="1">404.5867</dst>
      <dst id="5">732.2400</dst>
      <dst id="3">573.7867</dst>
      <dst id="22">3246.3289</dst>
      <dst id="7">482.4533</dst>
      <dst id="2">148349.9022</dst>
      <dst id="6">8.8356</dst>
      <dst id="16">72.9511</dst>
      <dst id="14">152.4800</dst>
      <dst id="20">430.5067</dst>
      <dst id="11">1105.0489</dst>
      <dst id="9">548.0800</dst>
      <dst id="17">85390.1867</dst>
      <dst id="21">1662.3911</dst>
      <dst id="15">79.7600</dst>
    </src>
    <src id="9">
      <dst id="12">510805.1644</dst>
      <dst id="13">1507.4933</dst>
      <dst id="19">63.0933</dst>
      <dst id="23">3.8933</dst>
      <dst id="8">105.6089</dst>
      <dst id="18">3089.7778</dst>
      <dst id="4">12676.5867</dst>
      <dst id="1">4626.7822</dst>
      <dst id="5">689.1733</dst>
      <dst id="3">1265.2089</dst>
      <dst id="22">1258.8267</dst>
      <dst id="7">488.8178</dst>
      <dst id="2">138074.5956</dst>
      <dst id="6">4.1600</dst>
      <dst id="16">1349.4933</dst>
      <dst id="14">100.5956</dst>
      <dst id="20">2307.6622</dst>
      <dst id="11">698.9067</dst>
      <dst id="9">1739.2978</dst>
      <dst id="17">117230.4178</dst>
      <dst id="21">342.5600</dst>
      <dst id="15">68.2044</dst>
    </src>
    <src id="17">
      <dst id="12">7462.8711</dst>
      <dst id="13">735.6978</dst>
      <dst id="19">11790.1956</dst>
      <dst id="23">14.1600</dst>
      <dst id="8">122686.7289</dst>
      <dst id="18">133.9378</dst>
      <dst id="4">123068.7733</dst>
      <dst id="1">569.5467</dst>
      <dst id="5">182637.0756</dst>
      <dst id="3">11334.3111</dst>
      <dst id="22">8628.3022</dst>
      <dst id="7">18446.6578</dst>
      <dst id="2">11019.0578</dst>
      <dst id="6">31.2889</dst>
      <dst id="16">2094.5689</dst>
      <dst id="14">40323.3244</dst>
      <dst id="20">1621.0489</dst>
      <dst id="11">103761.7244</dst>
      <dst id="9">227299.1022</dst>
      <dst id="17">1487.5289</dst>
      <dst id="21">10534.5689</dst>
      <dst id="15">110.8089</dst>
    </src>
    <src id="21">
      <dst id="12">19494.1511</dst>
      <dst id="13">256.3022</dst>
      <dst id="19">223.7600</dst>
      <dst id="23">2.9156</dst>
      <dst id="8">12.2133</dst>
      <dst id="18">237.5111</dst>
      <dst id="4">19030.8089</dst>
      <dst id="1">2783.5378</dst>
      <dst id="5">800.8444</dst>
      <dst id="3">695.2000</dst>
      <dst id="22">1755.9556</dst>
      <dst id="7">503.1733</dst>
      <dst id="2">9242.9778</dst>
      <dst id="6">7.0756</dst>
      <dst id="16">49.8489</dst>
      <dst id="14">65.4133</dst>
      <dst id="20">163.3867</dst>
      <dst id="11">1013.1556</dst>
      <dst id="9">348.2578</dst>
      <dst id="17">2902.3022</dst>
      <dst id="21">2975.8222</dst>
      <dst id="15">162.7733</dst>
    </src>
    <src id="15">
      <dst id="12">722.9778</dst>
      <dst id="13">126.2756</dst>
      <dst id="19">5.5733</dst>
      <dst id="23">0.9778</dst>
      <dst id="8">42.2489</dst>
      <dst id="18">0.5600</dst>
      <dst id="4">4765.3956</dst>
      <dst id="1">42.5244</dst>
      <dst id="5">357.1378</dst>
      <dst id="3">547.2089</dst>
      <dst id="7">531.7956</dst>
      <dst id="2">90.1778</dst>
      <dst id="14">0.4622</dst>
      <dst id="11">93.3600</dst>
      <dst id="9">275.6978</dst>
      <dst id="17">188.1511</dst>
      <dst id="21">55.0133</dst>
    </src>
  </IntraTM>
</TrafficMatrixFile>
