<?xml version="1.0" encoding="UTF-8" standalone="yes"?>
<TrafficMatrixFile xmlns:xsi="http://www.w3.org/2001/XMLSchema-instance" xsi:noNamespaceSchemaLocation="http://totem.run.montefiore.ulg.ac.be/Schema/TrafficMatrix-v1_2.xsd">
  <info>
    <title>Intradomain traffic matrix generated by geant-TM-all.pl</title>
    <date>2005-01-05T11:45:00</date>
    <duration>900</duration>
    <author>Steve Uhlig</author>
    <units>
        <unit type="bandwidth" value="kbps"/>
    </units>
  </info>
  <IntraTM ASID="20965">
    <src id="12">
      <dst id="12">198011.3600</dst>
      <dst id="13">9935.9644</dst>
      <dst id="19">878.6933</dst>
      <dst id="23">50.2933</dst>
      <dst id="8">720.0622</dst>
      <dst id="18">435.4933</dst>
      <dst id="4">76707.4756</dst>
      <dst id="1">15082.8178</dst>
      <dst id="5">2049.4311</dst>
      <dst id="3">4586.4800</dst>
      <dst id="22">3713.6711</dst>
      <dst id="7">2246.7289</dst>
      <dst id="2">63040.5600</dst>
      <dst id="6">18.7289</dst>
      <dst id="16">6383.5111</dst>
      <dst id="14">153.3156</dst>
      <dst id="20">7436.6578</dst>
      <dst id="11">3905.0400</dst>
      <dst id="9">2943.2533</dst>
      <dst id="17">59908.3733</dst>
      <dst id="21">1663.2978</dst>
      <dst id="15">2305.0667</dst>
    </src>
    <src id="13">
      <dst id="12">37197.3067</dst>
      <dst id="19">25854.8800</dst>
      <dst id="23">2488.9867</dst>
      <dst id="8">1405.6444</dst>
      <dst id="18">2170.8444</dst>
      <dst id="1">2102.6756</dst>
      <dst id="5">4097.4844</dst>
      <dst id="3">5007.4578</dst>
      <dst id="22">19482.8356</dst>
      <dst id="7">12442.5689</dst>
      <dst id="2">76237.7867</dst>
      <dst id="6">88.2844</dst>
      <dst id="16">6152.6311</dst>
      <dst id="14">3965.8044</dst>
      <dst id="20">9651.1911</dst>
      <dst id="11">13867.3600</dst>
      <dst id="9">14188.4622</dst>
      <dst id="17">38420.6756</dst>
      <dst id="21">10321.2711</dst>
      <dst id="15">972.0089</dst>
    </src>
    <src id="19">
      <dst id="12">16940.6311</dst>
      <dst id="13">444.3644</dst>
      <dst id="23">12.3200</dst>
      <dst id="8">13.3333</dst>
      <dst id="18">166.7200</dst>
      <dst id="4">19747.6711</dst>
      <dst id="1">209.0667</dst>
      <dst id="5">19.4222</dst>
      <dst id="22">1936.2044</dst>
      <dst id="7">3786.2311</dst>
      <dst id="2">358.6578</dst>
      <dst id="6">10.8089</dst>
      <dst id="16">6768.4267</dst>
      <dst id="20">3.2000</dst>
      <dst id="11">144.7556</dst>
      <dst id="17">375.6889</dst>
      <dst id="21">115.6889</dst>
      <dst id="15">80.7111</dst>
    </src>
    <src id="23">
      <dst id="12">818.0444</dst>
      <dst id="13">104.4711</dst>
      <dst id="19">133.3156</dst>
      <dst id="18">0.7111</dst>
      <dst id="4">70.7289</dst>
      <dst id="1">274.2578</dst>
      <dst id="5">176.3911</dst>
      <dst id="3">418.1511</dst>
      <dst id="22">218.8889</dst>
      <dst id="7">440.9511</dst>
      <dst id="2">115.8756</dst>
      <dst id="6">1.8133</dst>
      <dst id="16">978.2400</dst>
      <dst id="14">0.3556</dst>
      <dst id="20">273.8844</dst>
      <dst id="11">40.1600</dst>
      <dst id="9">1239.5378</dst>
      <dst id="17">923.9644</dst>
      <dst id="21">246.0711</dst>
      <dst id="15">43.8222</dst>
    </src>
    <src id="8">
      <dst id="12">280275.0756</dst>
      <dst id="13">921.6622</dst>
      <dst id="19">1.1200</dst>
      <dst id="18">38.9156</dst>
      <dst id="4">4318.4889</dst>
      <dst id="1">599.7956</dst>
      <dst id="5">646.7911</dst>
      <dst id="3">8.1067</dst>
      <dst id="22">592.3111</dst>
      <dst id="7">0.5600</dst>
      <dst id="2">105152.5067</dst>
      <dst id="6">0.3556</dst>
      <dst id="16">172.4444</dst>
      <dst id="14">0.9600</dst>
      <dst id="20">68.8800</dst>
      <dst id="11">20.7467</dst>
      <dst id="9">528.0356</dst>
      <dst id="17">96901.3244</dst>
      <dst id="21">143.9556</dst>
      <dst id="15">47.0133</dst>
    </src>
    <src id="18">
      <dst id="12">86112.3556</dst>
      <dst id="13">89.5911</dst>
      <dst id="19">4.6578</dst>
      <dst id="23">0.4978</dst>
      <dst id="8">27.7778</dst>
      <dst id="4">1799.8222</dst>
      <dst id="1">1025.3422</dst>
      <dst id="5">169.5111</dst>
      <dst id="3">4.6133</dst>
      <dst id="22">76.3378</dst>
      <dst id="7">19.8756</dst>
      <dst id="2">25997.3422</dst>
      <dst id="16">104.0711</dst>
      <dst id="14">1.0311</dst>
      <dst id="20">3.3600</dst>
      <dst id="11">35.9378</dst>
      <dst id="9">8.4444</dst>
      <dst id="17">39901.9822</dst>
      <dst id="21">118.0889</dst>
    </src>
    <src id="4">
      <dst id="12">9046.8978</dst>
      <dst id="19">17624.0622</dst>
      <dst id="8">296.8267</dst>
      <dst id="18">504.0356</dst>
      <dst id="4">1.0578</dst>
      <dst id="1">37162.0889</dst>
      <dst id="5">1070.8178</dst>
      <dst id="3">1515.3689</dst>
      <dst id="22">3096.9867</dst>
      <dst id="7">31987.3600</dst>
      <dst id="2">67956.6844</dst>
      <dst id="6">0.4267</dst>
      <dst id="16">278.7022</dst>
      <dst id="14">862.5422</dst>
      <dst id="20">780.2222</dst>
      <dst id="11">1463.6089</dst>
      <dst id="9">3207.6000</dst>
      <dst id="17">20635.3778</dst>
      <dst id="21">5282.1867</dst>
      <dst id="15">424.6844</dst>
    </src>
    <src id="1">
      <dst id="12">21568.3644</dst>
      <dst id="13">2045.5822</dst>
      <dst id="19">11.0667</dst>
      <dst id="23">72.8622</dst>
      <dst id="8">61474.6489</dst>
      <dst id="18">11669.5911</dst>
      <dst id="4">5713.2889</dst>
      <dst id="1">8836.0356</dst>
      <dst id="5">132334.6400</dst>
      <dst id="3">1554.5511</dst>
      <dst id="22">293.7511</dst>
      <dst id="7">4296.2667</dst>
      <dst id="2">28746.9067</dst>
      <dst id="6">3485.0844</dst>
      <dst id="16">10397.5733</dst>
      <dst id="14">12.2756</dst>
      <dst id="20">74.5067</dst>
      <dst id="11">117.1289</dst>
      <dst id="9">126543.2089</dst>
      <dst id="17">4097.4489</dst>
      <dst id="21">4335.1378</dst>
      <dst id="15">121.8311</dst>
    </src>
    <src id="5">
      <dst id="12">235777.0844</dst>
      <dst id="13">5907.3778</dst>
      <dst id="19">30.1156</dst>
      <dst id="23">2.7733</dst>
      <dst id="8">651.7778</dst>
      <dst id="18">356.5333</dst>
      <dst id="4">4559.1111</dst>
      <dst id="1">228.3200</dst>
      <dst id="3">1.4844</dst>
      <dst id="22">4888.4622</dst>
      <dst id="7">112.2400</dst>
      <dst id="2">104565.6978</dst>
      <dst id="6">0.3556</dst>
      <dst id="16">189.0489</dst>
      <dst id="14">63.6800</dst>
      <dst id="20">4152.6400</dst>
      <dst id="11">495.2000</dst>
      <dst id="9">588.9867</dst>
      <dst id="17">88397.6622</dst>
      <dst id="21">126.8267</dst>
      <dst id="15">49.2444</dst>
    </src>
    <src id="3">
      <dst id="12">10546.7022</dst>
      <dst id="13">7670.7022</dst>
      <dst id="19">1131.5644</dst>
      <dst id="23">8800.3467</dst>
      <dst id="8">107.6622</dst>
      <dst id="18">42671.2000</dst>
      <dst id="4">22736.3822</dst>
      <dst id="1">5256.9956</dst>
      <dst id="5">714.2044</dst>
      <dst id="3">9291.6000</dst>
      <dst id="22">4220.9422</dst>
      <dst id="7">3412.8267</dst>
      <dst id="2">16117.4044</dst>
      <dst id="6">90.4444</dst>
      <dst id="16">946.8622</dst>
      <dst id="14">15104.1156</dst>
      <dst id="20">2996.8000</dst>
      <dst id="11">98682.6311</dst>
      <dst id="9">132.1244</dst>
      <dst id="17">9427.3422</dst>
      <dst id="21">16173.3333</dst>
      <dst id="15">1379.0489</dst>
    </src>
    <src id="10">
      <dst id="12">10182.6489</dst>
      <dst id="19">2780.6933</dst>
      <dst id="8">321.4844</dst>
      <dst id="18">310.3822</dst>
      <dst id="4">3.4756</dst>
      <dst id="1">3535.5467</dst>
      <dst id="5">238.2489</dst>
      <dst id="3">1023.2000</dst>
      <dst id="22">2747.3778</dst>
      <dst id="7">117201.4400</dst>
      <dst id="2">18931.2622</dst>
      <dst id="16">2453.6711</dst>
      <dst id="14">2489.6267</dst>
      <dst id="20">2509.1111</dst>
      <dst id="11">2688.9511</dst>
      <dst id="9">833.4133</dst>
      <dst id="17">25608.8889</dst>
      <dst id="21">4077.0400</dst>
      <dst id="15">845.8667</dst>
    </src>
    <src id="22">
      <dst id="12">5632.2044</dst>
      <dst id="13">3195.5822</dst>
      <dst id="19">139.7778</dst>
      <dst id="23">15.9644</dst>
      <dst id="8">184.7289</dst>
      <dst id="18">426.5600</dst>
      <dst id="4">17152.0622</dst>
      <dst id="1">2603.5111</dst>
      <dst id="5">3066.8800</dst>
      <dst id="3">1447.7422</dst>
      <dst id="7">2257.7067</dst>
      <dst id="2">4439.5556</dst>
      <dst id="6">52.5244</dst>
      <dst id="16">5.1022</dst>
      <dst id="14">37.9556</dst>
      <dst id="11">880.9600</dst>
      <dst id="9">4727.2267</dst>
      <dst id="17">1501.4933</dst>
      <dst id="21">596.5956</dst>
    </src>
    <src id="7">
      <dst id="12">2923.1289</dst>
      <dst id="13">1737.0489</dst>
      <dst id="19">106.2933</dst>
      <dst id="23">198.2311</dst>
      <dst id="8">4.3644</dst>
      <dst id="18">221.0133</dst>
      <dst id="4">29475.0133</dst>
      <dst id="1">2456.1333</dst>
      <dst id="5">828.2489</dst>
      <dst id="3">117.6711</dst>
      <dst id="22">5856.6844</dst>
      <dst id="7">729.4222</dst>
      <dst id="2">3421.6533</dst>
      <dst id="6">42.0978</dst>
      <dst id="16">470.6133</dst>
      <dst id="14">40.2578</dst>
      <dst id="20">151.2711</dst>
      <dst id="11">2128.6400</dst>
      <dst id="9">179.2711</dst>
      <dst id="17">4302.3111</dst>
      <dst id="21">1088.9511</dst>
      <dst id="15">44.6400</dst>
    </src>
    <src id="2">
      <dst id="12">52039.2356</dst>
      <dst id="13">512477.2267</dst>
      <dst id="19">180.8533</dst>
      <dst id="23">1.1733</dst>
      <dst id="8">112.4444</dst>
      <dst id="18">29729.1111</dst>
      <dst id="4">98270.3200</dst>
      <dst id="1">8879.3600</dst>
      <dst id="5">2504.7644</dst>
      <dst id="3">22.2133</dst>
      <dst id="22">2109.9378</dst>
      <dst id="7">15812.1600</dst>
      <dst id="2">417.2000</dst>
      <dst id="6">5690.8267</dst>
      <dst id="16">2118.7644</dst>
      <dst id="14">5357.0933</dst>
      <dst id="20">1315.1467</dst>
      <dst id="11">4838.2667</dst>
      <dst id="9">1345.5556</dst>
      <dst id="17">29558.5511</dst>
      <dst id="21">727.6178</dst>
      <dst id="15">148.6756</dst>
    </src>
    <src id="6">
      <dst id="12">6656.5244</dst>
      <dst id="13">1.5911</dst>
      <dst id="19">3.2000</dst>
      <dst id="18">13.1467</dst>
      <dst id="4">669.7156</dst>
      <dst id="1">2.6222</dst>
      <dst id="5">0.5511</dst>
      <dst id="22">1.6356</dst>
      <dst id="7">0.6933</dst>
      <dst id="2">1299.3067</dst>
      <dst id="11">0.3556</dst>
      <dst id="9">0.4978</dst>
      <dst id="17">1155.3067</dst>
      <dst id="21">11.4667</dst>
    </src>
    <src id="16">
      <dst id="12">1346.4533</dst>
      <dst id="13">104.9422</dst>
      <dst id="19">4511.0133</dst>
      <dst id="23">16.7467</dst>
      <dst id="8">690.3911</dst>
      <dst id="18">48.9333</dst>
      <dst id="4">4737.8578</dst>
      <dst id="1">27157.6089</dst>
      <dst id="5">1890.6222</dst>
      <dst id="7">1421.9111</dst>
      <dst id="2">202.9067</dst>
      <dst id="6">0.3378</dst>
      <dst id="16">23.5467</dst>
      <dst id="14">214.8711</dst>
      <dst id="11">22.5067</dst>
      <dst id="9">916.8889</dst>
      <dst id="17">2016.0000</dst>
      <dst id="21">2050.6400</dst>
    </src>
    <src id="14">
      <dst id="12">21534.0267</dst>
      <dst id="13">69.0133</dst>
      <dst id="19">6.8089</dst>
      <dst id="8">0.4356</dst>
      <dst id="18">8.2667</dst>
      <dst id="4">2254.8178</dst>
      <dst id="1">54.9956</dst>
      <dst id="5">26.3111</dst>
      <dst id="3">56.8533</dst>
      <dst id="22">38.4178</dst>
      <dst id="7">39.7067</dst>
      <dst id="2">4222.4800</dst>
      <dst id="16">4.3733</dst>
      <dst id="11">60.4178</dst>
      <dst id="9">9.1644</dst>
      <dst id="17">8212.6756</dst>
      <dst id="21">81.7067</dst>
    </src>
    <src id="20">
      <dst id="12">1853.8489</dst>
      <dst id="13">1278.0800</dst>
      <dst id="19">51.5022</dst>
      <dst id="23">60.6400</dst>
      <dst id="8">108.0178</dst>
      <dst id="18">5.6978</dst>
      <dst id="4">6823.8044</dst>
      <dst id="1">81.6711</dst>
      <dst id="5">6059.2533</dst>
      <dst id="3">614.2844</dst>
      <dst id="7">3712.9778</dst>
      <dst id="2">4868.9156</dst>
      <dst id="14">0.8178</dst>
      <dst id="11">540.0089</dst>
      <dst id="9">370.7911</dst>
      <dst id="17">11103.3867</dst>
      <dst id="21">128.1600</dst>
    </src>
    <src id="11">
      <dst id="12">400168.2311</dst>
      <dst id="13">1564.6933</dst>
      <dst id="19">10.0622</dst>
      <dst id="23">11.0844</dst>
      <dst id="8">98.3644</dst>
      <dst id="18">66.1067</dst>
      <dst id="4">8318.9422</dst>
      <dst id="1">843.8667</dst>
      <dst id="5">383.9289</dst>
      <dst id="3">326.4000</dst>
      <dst id="22">1285.7422</dst>
      <dst id="7">647.0933</dst>
      <dst id="2">141218.7200</dst>
      <dst id="6">31.6889</dst>
      <dst id="16">46.0533</dst>
      <dst id="14">60.4444</dst>
      <dst id="20">138.1778</dst>
      <dst id="11">1150.1156</dst>
      <dst id="9">288.3289</dst>
      <dst id="17">150995.3333</dst>
      <dst id="21">280.2844</dst>
      <dst id="15">318.9867</dst>
    </src>
    <src id="9">
      <dst id="12">393644.9156</dst>
      <dst id="13">1175.5022</dst>
      <dst id="23">36.7289</dst>
      <dst id="8">69.7689</dst>
      <dst id="18">149.3867</dst>
      <dst id="4">13343.4756</dst>
      <dst id="1">830.7022</dst>
      <dst id="5">661.7956</dst>
      <dst id="3">0.7111</dst>
      <dst id="22">740.1867</dst>
      <dst id="7">137.9378</dst>
      <dst id="2">129271.0133</dst>
      <dst id="6">1.1378</dst>
      <dst id="16">96.0533</dst>
      <dst id="14">73.8400</dst>
      <dst id="20">1747.4933</dst>
      <dst id="11">504.4267</dst>
      <dst id="9">2.6044</dst>
      <dst id="17">147200.8089</dst>
      <dst id="21">216.2933</dst>
      <dst id="15">1139.9822</dst>
    </src>
    <src id="17">
      <dst id="12">4408.3022</dst>
      <dst id="13">13194.3022</dst>
      <dst id="19">1180.3467</dst>
      <dst id="23">64.5333</dst>
      <dst id="8">69639.5644</dst>
      <dst id="18">832.9600</dst>
      <dst id="4">167808.9333</dst>
      <dst id="1">3203.4489</dst>
      <dst id="5">140175.7333</dst>
      <dst id="3">7163.9644</dst>
      <dst id="22">7563.6711</dst>
      <dst id="7">3358.3644</dst>
      <dst id="2">6173.7067</dst>
      <dst id="6">150.2667</dst>
      <dst id="16">5129.5200</dst>
      <dst id="14">12015.3778</dst>
      <dst id="20">1074.0711</dst>
      <dst id="11">71022.7022</dst>
      <dst id="9">136309.6978</dst>
      <dst id="17">1430.2756</dst>
      <dst id="21">6009.2267</dst>
      <dst id="15">323.2622</dst>
    </src>
    <src id="21">
      <dst id="12">13118.1244</dst>
      <dst id="13">1719.4578</dst>
      <dst id="19">164.2756</dst>
      <dst id="23">7.7333</dst>
      <dst id="8">8.7644</dst>
      <dst id="18">382.6400</dst>
      <dst id="4">18832.2044</dst>
      <dst id="1">2097.4756</dst>
      <dst id="5">236.4889</dst>
      <dst id="3">4167.2000</dst>
      <dst id="22">2800.2222</dst>
      <dst id="7">5855.0756</dst>
      <dst id="2">16190.2933</dst>
      <dst id="6">0.4267</dst>
      <dst id="16">117.2800</dst>
      <dst id="14">74.4444</dst>
      <dst id="20">78.0711</dst>
      <dst id="11">496.4178</dst>
      <dst id="9">431.5822</dst>
      <dst id="17">2500.1333</dst>
      <dst id="21">982.4889</dst>
      <dst id="15">1363.7244</dst>
    </src>
    <src id="15">
      <dst id="12">88.8622</dst>
      <dst id="13">183.6000</dst>
      <dst id="19">7.9378</dst>
      <dst id="23">3.2356</dst>
      <dst id="8">153.7867</dst>
      <dst id="18">2.1333</dst>
      <dst id="4">2015.0667</dst>
      <dst id="1">608.5689</dst>
      <dst id="5">46.1956</dst>
      <dst id="7">8.0889</dst>
      <dst id="2">6927.8933</dst>
      <dst id="14">0.4267</dst>
      <dst id="11">432.6400</dst>
      <dst id="9">455.0756</dst>
      <dst id="17">85.5200</dst>
      <dst id="21">105.3778</dst>
    </src>
  </IntraTM>
</TrafficMatrixFile>
