<?xml version="1.0" encoding="UTF-8" standalone="yes"?>
<TrafficMatrixFile xmlns:xsi="http://www.w3.org/2001/XMLSchema-instance" xsi:noNamespaceSchemaLocation="http://totem.run.montefiore.ulg.ac.be/Schema/TrafficMatrix-v1_2.xsd">
  <info>
    <title>Intradomain traffic matrix generated by geant-TM-all.pl</title>
    <date>2005-01-04T11:30:00</date>
    <duration>900</duration>
    <author>Steve Uhlig</author>
    <units>
        <unit type="bandwidth" value="kbps"/>
    </units>
  </info>
  <IntraTM ASID="20965">
    <src id="12">
      <dst id="12">176527.2889</dst>
      <dst id="13">18023.2089</dst>
      <dst id="19">1240.1778</dst>
      <dst id="23">2.5067</dst>
      <dst id="8">1143.5644</dst>
      <dst id="18">373.7511</dst>
      <dst id="4">65452.2489</dst>
      <dst id="1">15246.4533</dst>
      <dst id="5">61555.6267</dst>
      <dst id="3">6113.5022</dst>
      <dst id="22">4132.3111</dst>
      <dst id="7">1012.0356</dst>
      <dst id="2">58245.4489</dst>
      <dst id="6">20.2667</dst>
      <dst id="16">4171.8311</dst>
      <dst id="14">174.8889</dst>
      <dst id="20">3387.6356</dst>
      <dst id="11">4769.4311</dst>
      <dst id="9">3622.7822</dst>
      <dst id="17">81956.0089</dst>
      <dst id="21">1850.6756</dst>
      <dst id="15">525.2533</dst>
    </src>
    <src id="13">
      <dst id="12">47770.4444</dst>
      <dst id="19">26440.2933</dst>
      <dst id="23">11.5378</dst>
      <dst id="8">630.6311</dst>
      <dst id="18">1911.8044</dst>
      <dst id="1">2230.4089</dst>
      <dst id="5">10196.8533</dst>
      <dst id="3">3917.6178</dst>
      <dst id="22">23626.4356</dst>
      <dst id="7">5630.3733</dst>
      <dst id="2">86567.7689</dst>
      <dst id="6">78.7822</dst>
      <dst id="16">10926.5156</dst>
      <dst id="14">3855.6978</dst>
      <dst id="20">9074.1956</dst>
      <dst id="11">9342.0356</dst>
      <dst id="9">8352.4267</dst>
      <dst id="17">37991.0400</dst>
      <dst id="21">13199.9467</dst>
      <dst id="15">484.8178</dst>
    </src>
    <src id="19">
      <dst id="12">13360.8000</dst>
      <dst id="13">1099.8311</dst>
      <dst id="8">0.4178</dst>
      <dst id="18">7.4667</dst>
      <dst id="4">23263.2089</dst>
      <dst id="1">359.0400</dst>
      <dst id="5">3.3067</dst>
      <dst id="22">2360.3111</dst>
      <dst id="7">3464.1778</dst>
      <dst id="2">60.9867</dst>
      <dst id="6">26.7644</dst>
      <dst id="16">10104.0533</dst>
      <dst id="14">0.9244</dst>
      <dst id="11">2.4622</dst>
      <dst id="9">1.3600</dst>
      <dst id="17">177.4311</dst>
      <dst id="21">314.9778</dst>
      <dst id="15">27.2533</dst>
    </src>
    <src id="23">
      <dst id="12">189.7422</dst>
      <dst id="13">31.0044</dst>
      <dst id="19">1.4489</dst>
      <dst id="18">0.3556</dst>
      <dst id="4">12.6222</dst>
      <dst id="1">78.0000</dst>
      <dst id="3">271.1911</dst>
      <dst id="22">18.1689</dst>
      <dst id="7">296.5067</dst>
      <dst id="2">28.8267</dst>
      <dst id="16">103.0400</dst>
      <dst id="11">53.0844</dst>
      <dst id="9">441.7067</dst>
      <dst id="17">326.2578</dst>
      <dst id="21">103.1556</dst>
    </src>
    <src id="8">
      <dst id="12">269539.2889</dst>
      <dst id="13">1063.6444</dst>
      <dst id="19">0.9422</dst>
      <dst id="18">1.4844</dst>
      <dst id="4">3368.0444</dst>
      <dst id="1">41.8489</dst>
      <dst id="5">1089.8667</dst>
      <dst id="3">302.3733</dst>
      <dst id="22">704.5689</dst>
      <dst id="7">851.6711</dst>
      <dst id="2">97631.9289</dst>
      <dst id="16">923.2978</dst>
      <dst id="14">12.8000</dst>
      <dst id="20">189.2000</dst>
      <dst id="11">81.3333</dst>
      <dst id="9">706.5867</dst>
      <dst id="17">98325.3600</dst>
      <dst id="21">276.4444</dst>
      <dst id="15">255.6711</dst>
    </src>
    <src id="18">
      <dst id="12">84742.0800</dst>
      <dst id="13">68.2578</dst>
      <dst id="19">2.2489</dst>
      <dst id="23">2.5956</dst>
      <dst id="8">90.7911</dst>
      <dst id="4">1197.6089</dst>
      <dst id="1">818.9156</dst>
      <dst id="5">262.3467</dst>
      <dst id="3">32.2933</dst>
      <dst id="22">16.3556</dst>
      <dst id="7">41.3689</dst>
      <dst id="2">22915.8578</dst>
      <dst id="16">34.3911</dst>
      <dst id="14">0.5333</dst>
      <dst id="20">14.7911</dst>
      <dst id="11">28.9422</dst>
      <dst id="9">45.0222</dst>
      <dst id="17">29958.7556</dst>
      <dst id="21">130.6489</dst>
    </src>
    <src id="4">
      <dst id="12">9895.1022</dst>
      <dst id="19">15265.0578</dst>
      <dst id="23">0.4622</dst>
      <dst id="8">2508.4178</dst>
      <dst id="18">1562.9600</dst>
      <dst id="1">61027.8667</dst>
      <dst id="5">1110.3822</dst>
      <dst id="3">417.0311</dst>
      <dst id="22">2989.8844</dst>
      <dst id="7">94186.6578</dst>
      <dst id="2">77102.0089</dst>
      <dst id="6">192.2222</dst>
      <dst id="16">1871.1111</dst>
      <dst id="14">1111.3867</dst>
      <dst id="20">167.2444</dst>
      <dst id="11">3257.5556</dst>
      <dst id="9">1401.0400</dst>
      <dst id="17">21037.6533</dst>
      <dst id="21">3520.0711</dst>
      <dst id="15">351.1378</dst>
    </src>
    <src id="1">
      <dst id="12">18369.9644</dst>
      <dst id="13">392.6044</dst>
      <dst id="19">168.4711</dst>
      <dst id="23">66.2933</dst>
      <dst id="8">76427.7511</dst>
      <dst id="18">13099.5911</dst>
      <dst id="4">13002.8000</dst>
      <dst id="1">6648.0533</dst>
      <dst id="5">119907.8133</dst>
      <dst id="3">78.4000</dst>
      <dst id="22">495.8044</dst>
      <dst id="7">1050.1244</dst>
      <dst id="2">12539.3156</dst>
      <dst id="6">5012.5867</dst>
      <dst id="16">16632.4622</dst>
      <dst id="14">228.4533</dst>
      <dst id="20">78.4889</dst>
      <dst id="11">156.1511</dst>
      <dst id="9">119011.6000</dst>
      <dst id="17">2449.0222</dst>
      <dst id="21">1957.2800</dst>
      <dst id="15">52.4533</dst>
    </src>
    <src id="5">
      <dst id="12">227652.8711</dst>
      <dst id="13">427.5200</dst>
      <dst id="19">1.1022</dst>
      <dst id="23">1.2978</dst>
      <dst id="8">110.8000</dst>
      <dst id="18">398.0267</dst>
      <dst id="4">4982.0711</dst>
      <dst id="1">235.4400</dst>
      <dst id="3">25.7156</dst>
      <dst id="22">3480.4000</dst>
      <dst id="7">37.2533</dst>
      <dst id="2">85891.8400</dst>
      <dst id="6">26.1689</dst>
      <dst id="16">180.9067</dst>
      <dst id="20">557.4489</dst>
      <dst id="11">1270.8978</dst>
      <dst id="9">1773.3156</dst>
      <dst id="17">80557.1022</dst>
      <dst id="21">324.0178</dst>
      <dst id="15">3170.8356</dst>
    </src>
    <src id="3">
      <dst id="12">7683.6000</dst>
      <dst id="13">268.9778</dst>
      <dst id="19">1025.0044</dst>
      <dst id="23">8907.7422</dst>
      <dst id="8">107.8400</dst>
      <dst id="18">43463.6356</dst>
      <dst id="4">33337.8933</dst>
      <dst id="1">7483.7867</dst>
      <dst id="5">205.3067</dst>
      <dst id="3">10093.0489</dst>
      <dst id="22">2977.4311</dst>
      <dst id="7">3069.5200</dst>
      <dst id="2">4939.9378</dst>
      <dst id="6">20.3733</dst>
      <dst id="16">1222.2578</dst>
      <dst id="14">12373.3244</dst>
      <dst id="20">6.0356</dst>
      <dst id="11">95682.7022</dst>
      <dst id="9">47.2978</dst>
      <dst id="17">7114.8089</dst>
      <dst id="21">6159.1111</dst>
      <dst id="15">29.3244</dst>
    </src>
    <src id="10">
      <dst id="12">6681.4578</dst>
      <dst id="19">3203.5111</dst>
      <dst id="8">772.6756</dst>
      <dst id="18">204.7200</dst>
      <dst id="1">2071.0844</dst>
      <dst id="5">278.2933</dst>
      <dst id="3">2784.1156</dst>
      <dst id="22">4982.0889</dst>
      <dst id="7">110519.0044</dst>
      <dst id="2">22570.8533</dst>
      <dst id="16">393.6533</dst>
      <dst id="14">495.5733</dst>
      <dst id="20">4812.5600</dst>
      <dst id="11">2831.2889</dst>
      <dst id="9">4961.2356</dst>
      <dst id="17">19232.4000</dst>
      <dst id="21">6034.6044</dst>
      <dst id="15">20.6756</dst>
    </src>
    <src id="22">
      <dst id="12">4804.6222</dst>
      <dst id="13">3736.9511</dst>
      <dst id="19">73.5378</dst>
      <dst id="23">18.3467</dst>
      <dst id="8">737.3689</dst>
      <dst id="18">189.1556</dst>
      <dst id="4">15224.1867</dst>
      <dst id="1">156.5422</dst>
      <dst id="5">4495.1467</dst>
      <dst id="3">462.1867</dst>
      <dst id="7">259.7600</dst>
      <dst id="2">2315.4844</dst>
      <dst id="6">37.1556</dst>
      <dst id="16">1.5378</dst>
      <dst id="14">163.8311</dst>
      <dst id="11">1505.4667</dst>
      <dst id="9">3061.3244</dst>
      <dst id="17">3193.8222</dst>
      <dst id="21">491.8400</dst>
    </src>
    <src id="7">
      <dst id="12">2282.3822</dst>
      <dst id="13">65.3244</dst>
      <dst id="19">52.8978</dst>
      <dst id="23">43.9822</dst>
      <dst id="8">193.6444</dst>
      <dst id="18">73.7156</dst>
      <dst id="4">13895.2978</dst>
      <dst id="1">2290.4267</dst>
      <dst id="5">1489.4044</dst>
      <dst id="3">241.3600</dst>
      <dst id="22">4363.4222</dst>
      <dst id="7">855.0400</dst>
      <dst id="2">7426.3467</dst>
      <dst id="6">12.9067</dst>
      <dst id="16">408.1333</dst>
      <dst id="14">46.1689</dst>
      <dst id="20">628.5689</dst>
      <dst id="11">244.0889</dst>
      <dst id="9">2017.0222</dst>
      <dst id="17">5330.1867</dst>
      <dst id="21">605.5289</dst>
      <dst id="15">100.4444</dst>
    </src>
    <src id="2">
      <dst id="12">45791.1467</dst>
      <dst id="13">508133.2444</dst>
      <dst id="19">12.5867</dst>
      <dst id="23">0.4622</dst>
      <dst id="8">107.7689</dst>
      <dst id="18">43434.6933</dst>
      <dst id="4">82498.3289</dst>
      <dst id="1">1880.7022</dst>
      <dst id="5">2969.3867</dst>
      <dst id="3">29.6356</dst>
      <dst id="22">1212.3378</dst>
      <dst id="7">2071.2089</dst>
      <dst id="2">501.3867</dst>
      <dst id="6">6056.8622</dst>
      <dst id="16">6093.1556</dst>
      <dst id="14">5388.5956</dst>
      <dst id="20">186.7733</dst>
      <dst id="11">1557.8933</dst>
      <dst id="9">4501.6267</dst>
      <dst id="17">38687.0667</dst>
      <dst id="21">865.7600</dst>
      <dst id="15">7.0222</dst>
    </src>
    <src id="6">
      <dst id="12">7571.0844</dst>
      <dst id="13">85.7600</dst>
      <dst id="19">1.5022</dst>
      <dst id="23">0.3378</dst>
      <dst id="4">1524.4800</dst>
      <dst id="1">0.8622</dst>
      <dst id="5">0.4267</dst>
      <dst id="22">1.1200</dst>
      <dst id="2">2226.2489</dst>
      <dst id="16">3.1644</dst>
      <dst id="9">14.4178</dst>
      <dst id="17">1333.0756</dst>
      <dst id="21">2.1244</dst>
    </src>
    <src id="16">
      <dst id="12">2985.5467</dst>
      <dst id="13">242.4800</dst>
      <dst id="19">3985.4222</dst>
      <dst id="23">17.3511</dst>
      <dst id="8">4073.8756</dst>
      <dst id="18">3.8400</dst>
      <dst id="4">6021.1200</dst>
      <dst id="1">23528.2578</dst>
      <dst id="5">524.3467</dst>
      <dst id="3">4.5244</dst>
      <dst id="22">0.5867</dst>
      <dst id="7">51.3156</dst>
      <dst id="2">550.0356</dst>
      <dst id="6">0.3556</dst>
      <dst id="16">17.2000</dst>
      <dst id="11">23.4933</dst>
      <dst id="9">3423.6356</dst>
      <dst id="17">1945.8578</dst>
      <dst id="21">1653.9822</dst>
    </src>
    <src id="14">
      <dst id="12">17331.1822</dst>
      <dst id="13">5.7067</dst>
      <dst id="19">3.4844</dst>
      <dst id="8">11.5556</dst>
      <dst id="4">3578.5867</dst>
      <dst id="1">51.5556</dst>
      <dst id="5">4.1244</dst>
      <dst id="3">56.9422</dst>
      <dst id="22">2.0622</dst>
      <dst id="7">43.5644</dst>
      <dst id="2">3767.1911</dst>
      <dst id="6">0.4267</dst>
      <dst id="16">0.6844</dst>
      <dst id="11">48.5244</dst>
      <dst id="9">4.6222</dst>
      <dst id="17">4653.5556</dst>
      <dst id="21">92.3556</dst>
    </src>
    <src id="20">
      <dst id="12">1132.1600</dst>
      <dst id="13">1632.3200</dst>
      <dst id="19">0.9333</dst>
      <dst id="23">0.3556</dst>
      <dst id="8">179.8578</dst>
      <dst id="18">0.4356</dst>
      <dst id="4">5872.3378</dst>
      <dst id="1">62.1956</dst>
      <dst id="5">798.2311</dst>
      <dst id="3">31.2267</dst>
      <dst id="7">10430.4178</dst>
      <dst id="2">1740.8800</dst>
      <dst id="11">215.7778</dst>
      <dst id="9">1146.2222</dst>
      <dst id="17">671.4844</dst>
      <dst id="21">587.4933</dst>
    </src>
    <src id="11">
      <dst id="12">377708.5244</dst>
      <dst id="13">2067.1200</dst>
      <dst id="19">45.5733</dst>
      <dst id="23">3.5289</dst>
      <dst id="8">157.4222</dst>
      <dst id="18">63.0400</dst>
      <dst id="4">10788.7822</dst>
      <dst id="1">5097.5022</dst>
      <dst id="5">756.4711</dst>
      <dst id="3">410.0978</dst>
      <dst id="22">4668.0356</dst>
      <dst id="7">188.1244</dst>
      <dst id="2">135115.0844</dst>
      <dst id="6">12.9067</dst>
      <dst id="16">266.4800</dst>
      <dst id="14">91.5111</dst>
      <dst id="20">130.8889</dst>
      <dst id="11">1783.5200</dst>
      <dst id="9">938.0089</dst>
      <dst id="17">142647.3600</dst>
      <dst id="21">1169.2356</dst>
      <dst id="15">62.0800</dst>
    </src>
    <src id="9">
      <dst id="12">376167.7778</dst>
      <dst id="13">3072.7378</dst>
      <dst id="19">1.5022</dst>
      <dst id="23">12.4444</dst>
      <dst id="8">480.8267</dst>
      <dst id="18">76.0978</dst>
      <dst id="4">9830.3289</dst>
      <dst id="1">550.0444</dst>
      <dst id="5">2354.2133</dst>
      <dst id="3">0.3911</dst>
      <dst id="22">1327.9200</dst>
      <dst id="7">250.5422</dst>
      <dst id="2">128667.6267</dst>
      <dst id="6">3.3600</dst>
      <dst id="16">121.2356</dst>
      <dst id="14">1.7689</dst>
      <dst id="20">388.8800</dst>
      <dst id="11">721.0311</dst>
      <dst id="9">149.6533</dst>
      <dst id="17">151479.9644</dst>
      <dst id="21">107.5644</dst>
      <dst id="15">193.0578</dst>
    </src>
    <src id="17">
      <dst id="12">12412.1244</dst>
      <dst id="13">7771.0311</dst>
      <dst id="19">46.8000</dst>
      <dst id="23">41.5733</dst>
      <dst id="8">90455.7333</dst>
      <dst id="18">79.6889</dst>
      <dst id="4">119018.7200</dst>
      <dst id="1">988.5244</dst>
      <dst id="5">125268.0889</dst>
      <dst id="3">3737.7244</dst>
      <dst id="22">10009.3511</dst>
      <dst id="7">942.8267</dst>
      <dst id="2">8983.9467</dst>
      <dst id="6">3.4844</dst>
      <dst id="16">2588.5689</dst>
      <dst id="14">9817.7244</dst>
      <dst id="20">1366.5156</dst>
      <dst id="11">72720.5333</dst>
      <dst id="9">126512.4267</dst>
      <dst id="17">1221.3689</dst>
      <dst id="21">2550.3200</dst>
      <dst id="15">933.2000</dst>
    </src>
    <src id="21">
      <dst id="12">14072.6044</dst>
      <dst id="13">374.9867</dst>
      <dst id="19">170.6578</dst>
      <dst id="23">4.3733</dst>
      <dst id="8">71.6089</dst>
      <dst id="18">671.2978</dst>
      <dst id="4">13363.2711</dst>
      <dst id="1">2351.7244</dst>
      <dst id="5">308.2400</dst>
      <dst id="3">4256.2489</dst>
      <dst id="22">831.9022</dst>
      <dst id="7">1100.9067</dst>
      <dst id="2">8756.8889</dst>
      <dst id="6">64.4267</dst>
      <dst id="16">233.6089</dst>
      <dst id="14">99.0933</dst>
      <dst id="20">197.0044</dst>
      <dst id="11">1317.3956</dst>
      <dst id="9">195.5556</dst>
      <dst id="17">3383.3867</dst>
      <dst id="21">626.3378</dst>
      <dst id="15">22.6578</dst>
    </src>
    <src id="15">
      <dst id="12">2630.8267</dst>
      <dst id="13">287.9022</dst>
      <dst id="19">0.4622</dst>
      <dst id="8">49.1733</dst>
      <dst id="18">1.0400</dst>
      <dst id="4">2063.5644</dst>
      <dst id="1">736.1422</dst>
      <dst id="5">193.1556</dst>
      <dst id="3">4.6933</dst>
      <dst id="7">65.4311</dst>
      <dst id="2">105.3867</dst>
      <dst id="14">0.3556</dst>
      <dst id="11">395.3067</dst>
      <dst id="9">106.3467</dst>
      <dst id="17">594.9067</dst>
      <dst id="21">24.2667</dst>
    </src>
  </IntraTM>
</TrafficMatrixFile>
