<?xml version="1.0" encoding="UTF-8" standalone="yes"?>
<TrafficMatrixFile xmlns:xsi="http://www.w3.org/2001/XMLSchema-instance" xsi:noNamespaceSchemaLocation="http://totem.run.montefiore.ulg.ac.be/Schema/TrafficMatrix-v1_2.xsd">
  <info>
    <title>Intradomain traffic matrix generated by geant-TM-all.pl</title>
    <date>2005-01-04T10:45:00</date>
    <duration>900</duration>
    <author>Steve Uhlig</author>
    <units>
        <unit type="bandwidth" value="kbps"/>
    </units>
  </info>
  <IntraTM ASID="20965">
    <src id="12">
      <dst id="12">190241.2000</dst>
      <dst id="13">18263.5289</dst>
      <dst id="19">1226.7378</dst>
      <dst id="23">35.3156</dst>
      <dst id="8">1374.3289</dst>
      <dst id="18">1167.5200</dst>
      <dst id="4">62074.4089</dst>
      <dst id="1">14159.6000</dst>
      <dst id="5">1561.0578</dst>
      <dst id="3">8192.8089</dst>
      <dst id="22">2863.1022</dst>
      <dst id="7">2172.6044</dst>
      <dst id="2">65772.4356</dst>
      <dst id="6">50.5156</dst>
      <dst id="16">4489.2000</dst>
      <dst id="14">247.8667</dst>
      <dst id="20">4478.7911</dst>
      <dst id="11">2308.9600</dst>
      <dst id="9">3166.1244</dst>
      <dst id="17">74781.5378</dst>
      <dst id="21">4989.5822</dst>
      <dst id="15">160.9778</dst>
    </src>
    <src id="13">
      <dst id="12">56680.1956</dst>
      <dst id="19">23547.5111</dst>
      <dst id="23">12.7200</dst>
      <dst id="8">941.8311</dst>
      <dst id="18">1969.3067</dst>
      <dst id="4">1.0667</dst>
      <dst id="1">2065.9289</dst>
      <dst id="5">7956.4622</dst>
      <dst id="3">6377.8844</dst>
      <dst id="22">21531.1822</dst>
      <dst id="7">7299.8667</dst>
      <dst id="2">91330.4889</dst>
      <dst id="6">107.7156</dst>
      <dst id="16">9742.8267</dst>
      <dst id="14">4091.4756</dst>
      <dst id="20">8604.2133</dst>
      <dst id="11">9307.8756</dst>
      <dst id="9">8835.3244</dst>
      <dst id="17">57518.0711</dst>
      <dst id="21">9432.5956</dst>
      <dst id="15">675.3600</dst>
    </src>
    <src id="19">
      <dst id="12">12112.5244</dst>
      <dst id="13">430.8533</dst>
      <dst id="8">1.0844</dst>
      <dst id="18">329.2444</dst>
      <dst id="4">24337.2000</dst>
      <dst id="1">365.8667</dst>
      <dst id="5">152.1956</dst>
      <dst id="22">49.5911</dst>
      <dst id="7">2876.1244</dst>
      <dst id="2">156.5511</dst>
      <dst id="6">28.5067</dst>
      <dst id="16">9381.0044</dst>
      <dst id="20">0.9244</dst>
      <dst id="11">1.6089</dst>
      <dst id="9">85.4578</dst>
      <dst id="17">482.8711</dst>
      <dst id="21">408.9156</dst>
      <dst id="15">0.3378</dst>
    </src>
    <src id="23">
      <dst id="12">1153.3067</dst>
      <dst id="13">194.9511</dst>
      <dst id="8">8.8889</dst>
      <dst id="18">27.5556</dst>
      <dst id="1">59.9911</dst>
      <dst id="5">12.6222</dst>
      <dst id="3">208.6933</dst>
      <dst id="22">14.4800</dst>
      <dst id="7">72.0444</dst>
      <dst id="2">122.8356</dst>
      <dst id="16">896.4889</dst>
      <dst id="14">20.0889</dst>
      <dst id="11">26.9778</dst>
      <dst id="9">567.6089</dst>
      <dst id="17">59.6800</dst>
      <dst id="21">50.9511</dst>
    </src>
    <src id="8">
      <dst id="12">287571.8222</dst>
      <dst id="13">476.1867</dst>
      <dst id="19">0.4711</dst>
      <dst id="23">560.0000</dst>
      <dst id="4">3550.3378</dst>
      <dst id="1">33.6711</dst>
      <dst id="5">311.4489</dst>
      <dst id="3">78.1867</dst>
      <dst id="22">512.0978</dst>
      <dst id="7">908.6489</dst>
      <dst id="2">111174.1333</dst>
      <dst id="16">4760.8800</dst>
      <dst id="20">15.6267</dst>
      <dst id="11">60.6222</dst>
      <dst id="9">1005.7778</dst>
      <dst id="17">102699.7511</dst>
      <dst id="21">114.5333</dst>
      <dst id="15">56.7822</dst>
    </src>
    <src id="18">
      <dst id="12">90963.1111</dst>
      <dst id="13">100.3022</dst>
      <dst id="19">15.0222</dst>
      <dst id="23">2.5689</dst>
      <dst id="8">0.8178</dst>
      <dst id="4">1859.1911</dst>
      <dst id="1">886.1511</dst>
      <dst id="5">299.8844</dst>
      <dst id="3">44.1689</dst>
      <dst id="22">78.3378</dst>
      <dst id="7">19.9111</dst>
      <dst id="2">23589.7956</dst>
      <dst id="16">17.5822</dst>
      <dst id="14">1.0933</dst>
      <dst id="20">5.2000</dst>
      <dst id="11">19.1911</dst>
      <dst id="9">63.4756</dst>
      <dst id="17">31403.9644</dst>
      <dst id="21">222.8267</dst>
      <dst id="15">1.6356</dst>
    </src>
    <src id="4">
      <dst id="12">8771.6889</dst>
      <dst id="19">15218.1067</dst>
      <dst id="23">0.4622</dst>
      <dst id="8">891.7600</dst>
      <dst id="18">988.9778</dst>
      <dst id="1">69232.9956</dst>
      <dst id="5">1414.3111</dst>
      <dst id="3">159.6622</dst>
      <dst id="22">3530.2489</dst>
      <dst id="7">131676.3200</dst>
      <dst id="2">95967.7956</dst>
      <dst id="6">114.7733</dst>
      <dst id="16">1524.8267</dst>
      <dst id="14">841.6889</dst>
      <dst id="20">168.3200</dst>
      <dst id="11">3330.6844</dst>
      <dst id="9">2444.6044</dst>
      <dst id="17">18464.7022</dst>
      <dst id="21">2004.0978</dst>
      <dst id="15">323.0844</dst>
    </src>
    <src id="1">
      <dst id="12">17119.0133</dst>
      <dst id="13">422.6133</dst>
      <dst id="19">111.6622</dst>
      <dst id="23">39.4667</dst>
      <dst id="8">76951.5556</dst>
      <dst id="18">12529.6178</dst>
      <dst id="4">7683.0311</dst>
      <dst id="1">3429.5644</dst>
      <dst id="5">132694.5156</dst>
      <dst id="3">157.6267</dst>
      <dst id="22">957.3689</dst>
      <dst id="7">1034.0089</dst>
      <dst id="2">1824.5867</dst>
      <dst id="6">4307.8667</dst>
      <dst id="16">14494.0889</dst>
      <dst id="14">90.5422</dst>
      <dst id="20">43.5378</dst>
      <dst id="11">268.8089</dst>
      <dst id="9">130291.3600</dst>
      <dst id="17">3037.1733</dst>
      <dst id="21">1686.1067</dst>
      <dst id="15">86.8533</dst>
    </src>
    <src id="5">
      <dst id="12">233160.6756</dst>
      <dst id="13">509.8489</dst>
      <dst id="19">2.6667</dst>
      <dst id="23">0.4622</dst>
      <dst id="8">200.9067</dst>
      <dst id="18">648.9422</dst>
      <dst id="4">4323.6356</dst>
      <dst id="1">585.4489</dst>
      <dst id="3">28.1956</dst>
      <dst id="22">2765.0756</dst>
      <dst id="7">98.9600</dst>
      <dst id="2">93408.0089</dst>
      <dst id="6">0.6756</dst>
      <dst id="16">264.4800</dst>
      <dst id="14">23.7511</dst>
      <dst id="20">1499.1644</dst>
      <dst id="11">1776.0000</dst>
      <dst id="9">328.3378</dst>
      <dst id="17">86412.5778</dst>
      <dst id="21">275.7600</dst>
      <dst id="15">2199.8133</dst>
    </src>
    <src id="3">
      <dst id="12">13377.2978</dst>
      <dst id="13">250.2933</dst>
      <dst id="19">4366.1422</dst>
      <dst id="23">9183.6356</dst>
      <dst id="8">6.4178</dst>
      <dst id="18">47169.1733</dst>
      <dst id="4">27187.3778</dst>
      <dst id="1">4298.5867</dst>
      <dst id="5">190.4356</dst>
      <dst id="3">9227.4133</dst>
      <dst id="22">943.9378</dst>
      <dst id="7">2277.6267</dst>
      <dst id="2">11009.0578</dst>
      <dst id="6">1.3778</dst>
      <dst id="16">1050.6400</dst>
      <dst id="14">18044.6578</dst>
      <dst id="20">23.8222</dst>
      <dst id="11">99351.6000</dst>
      <dst id="9">464.2044</dst>
      <dst id="17">2814.9067</dst>
      <dst id="21">6734.7378</dst>
      <dst id="15">34.0356</dst>
    </src>
    <src id="10">
      <dst id="12">9891.6622</dst>
      <dst id="19">4088.2667</dst>
      <dst id="8">2110.8711</dst>
      <dst id="18">398.1689</dst>
      <dst id="1">2081.4933</dst>
      <dst id="5">362.7200</dst>
      <dst id="3">4290.5511</dst>
      <dst id="22">7177.1022</dst>
      <dst id="7">9071.6267</dst>
      <dst id="2">22022.3111</dst>
      <dst id="6">28.9600</dst>
      <dst id="16">439.4578</dst>
      <dst id="14">2548.8889</dst>
      <dst id="20">4178.2667</dst>
      <dst id="11">2325.2000</dst>
      <dst id="9">4163.8578</dst>
      <dst id="17">22472.5067</dst>
      <dst id="21">8366.0978</dst>
      <dst id="15">36.4978</dst>
    </src>
    <src id="22">
      <dst id="12">2794.8711</dst>
      <dst id="13">1224.8000</dst>
      <dst id="19">100.3378</dst>
      <dst id="23">7.0400</dst>
      <dst id="8">481.6267</dst>
      <dst id="18">337.0489</dst>
      <dst id="4">16154.4000</dst>
      <dst id="1">155.3244</dst>
      <dst id="5">4154.9511</dst>
      <dst id="3">749.5644</dst>
      <dst id="7">217.7600</dst>
      <dst id="2">1225.6533</dst>
      <dst id="6">0.9511</dst>
      <dst id="16">0.3022</dst>
      <dst id="14">15.4311</dst>
      <dst id="11">1294.4533</dst>
      <dst id="9">3350.0267</dst>
      <dst id="17">3838.2311</dst>
      <dst id="21">422.6756</dst>
    </src>
    <src id="7">
      <dst id="12">3154.0889</dst>
      <dst id="13">106.6489</dst>
      <dst id="19">38.9600</dst>
      <dst id="23">46.2311</dst>
      <dst id="8">148.2667</dst>
      <dst id="18">148.9867</dst>
      <dst id="4">22457.5289</dst>
      <dst id="1">1437.3422</dst>
      <dst id="5">898.0711</dst>
      <dst id="3">327.1733</dst>
      <dst id="22">4036.2311</dst>
      <dst id="7">679.8400</dst>
      <dst id="2">7053.7156</dst>
      <dst id="6">14.8267</dst>
      <dst id="16">1023.2356</dst>
      <dst id="14">54.1956</dst>
      <dst id="20">398.0533</dst>
      <dst id="11">649.6711</dst>
      <dst id="9">1593.0933</dst>
      <dst id="17">7862.4800</dst>
      <dst id="21">590.3644</dst>
      <dst id="15">26.8178</dst>
    </src>
    <src id="2">
      <dst id="12">49760.3378</dst>
      <dst id="13">515851.3511</dst>
      <dst id="19">118.0622</dst>
      <dst id="23">40.1778</dst>
      <dst id="8">831.8044</dst>
      <dst id="18">48844.7022</dst>
      <dst id="4">80299.5022</dst>
      <dst id="1">9564.9689</dst>
      <dst id="5">2645.6356</dst>
      <dst id="3">32.8711</dst>
      <dst id="22">670.0800</dst>
      <dst id="7">3019.3067</dst>
      <dst id="2">1070.6756</dst>
      <dst id="6">7121.2622</dst>
      <dst id="16">5374.8089</dst>
      <dst id="14">5404.4000</dst>
      <dst id="20">7039.3600</dst>
      <dst id="11">2558.5956</dst>
      <dst id="9">3626.3556</dst>
      <dst id="17">48043.8756</dst>
      <dst id="21">975.6711</dst>
      <dst id="15">95.1822</dst>
    </src>
    <src id="6">
      <dst id="12">8331.8489</dst>
      <dst id="13">16.5867</dst>
      <dst id="19">4.3911</dst>
      <dst id="23">0.4978</dst>
      <dst id="18">0.3378</dst>
      <dst id="4">1492.3200</dst>
      <dst id="1">23.6800</dst>
      <dst id="5">1.4933</dst>
      <dst id="7">57.9022</dst>
      <dst id="2">1929.7689</dst>
      <dst id="11">28.7200</dst>
      <dst id="9">2.8800</dst>
      <dst id="17">1127.7422</dst>
      <dst id="21">1.0667</dst>
      <dst id="15">0.3378</dst>
    </src>
    <src id="16">
      <dst id="12">2256.1600</dst>
      <dst id="13">273.4133</dst>
      <dst id="19">3868.2133</dst>
      <dst id="23">24.2756</dst>
      <dst id="8">2285.2444</dst>
      <dst id="18">6.8178</dst>
      <dst id="4">5357.2356</dst>
      <dst id="1">21999.2444</dst>
      <dst id="5">824.7289</dst>
      <dst id="7">61.4933</dst>
      <dst id="2">318.8800</dst>
      <dst id="6">12.8000</dst>
      <dst id="16">27.6356</dst>
      <dst id="14">2.2044</dst>
      <dst id="11">139.5733</dst>
      <dst id="9">2813.2444</dst>
      <dst id="17">3643.0311</dst>
      <dst id="21">1700.5422</dst>
    </src>
    <src id="14">
      <dst id="12">12762.2311</dst>
      <dst id="13">49.8844</dst>
      <dst id="19">1.4933</dst>
      <dst id="23">2.8978</dst>
      <dst id="4">2583.7600</dst>
      <dst id="1">42.0889</dst>
      <dst id="5">42.8267</dst>
      <dst id="3">44.0800</dst>
      <dst id="22">3.7956</dst>
      <dst id="7">79.6089</dst>
      <dst id="2">2858.9156</dst>
      <dst id="16">0.9244</dst>
      <dst id="20">0.4978</dst>
      <dst id="11">65.8667</dst>
      <dst id="9">1.1644</dst>
      <dst id="17">7981.8844</dst>
      <dst id="21">56.9778</dst>
    </src>
    <src id="20">
      <dst id="12">2526.8000</dst>
      <dst id="13">1765.9467</dst>
      <dst id="19">73.4044</dst>
      <dst id="23">0.5600</dst>
      <dst id="8">207.6800</dst>
      <dst id="18">1.2267</dst>
      <dst id="4">5341.0933</dst>
      <dst id="1">50.9422</dst>
      <dst id="5">3035.2356</dst>
      <dst id="3">159.9467</dst>
      <dst id="7">3391.8844</dst>
      <dst id="2">1567.0844</dst>
      <dst id="6">47.6444</dst>
      <dst id="14">1.0578</dst>
      <dst id="11">86.3111</dst>
      <dst id="9">191.6622</dst>
      <dst id="17">2782.0178</dst>
      <dst id="21">621.0667</dst>
    </src>
    <src id="11">
      <dst id="12">374077.8844</dst>
      <dst id="13">3090.2933</dst>
      <dst id="19">10.2311</dst>
      <dst id="23">0.3556</dst>
      <dst id="8">251.2622</dst>
      <dst id="18">241.0667</dst>
      <dst id="4">13290.9244</dst>
      <dst id="1">5316.2044</dst>
      <dst id="5">957.7156</dst>
      <dst id="3">515.8933</dst>
      <dst id="22">1863.7956</dst>
      <dst id="7">400.2933</dst>
      <dst id="2">146142.8356</dst>
      <dst id="6">1.6356</dst>
      <dst id="16">427.4489</dst>
      <dst id="14">60.6222</dst>
      <dst id="20">380.7911</dst>
      <dst id="11">1544.4089</dst>
      <dst id="9">1462.3822</dst>
      <dst id="17">147404.7200</dst>
      <dst id="21">462.8889</dst>
      <dst id="15">151.9289</dst>
    </src>
    <src id="9">
      <dst id="12">390278.5956</dst>
      <dst id="13">1862.5333</dst>
      <dst id="19">300.6578</dst>
      <dst id="23">17.2444</dst>
      <dst id="8">518.6311</dst>
      <dst id="18">3492.0000</dst>
      <dst id="4">8903.3956</dst>
      <dst id="1">631.0933</dst>
      <dst id="5">929.2000</dst>
      <dst id="3">3.9111</dst>
      <dst id="22">2043.0933</dst>
      <dst id="7">83.6622</dst>
      <dst id="2">133816.3822</dst>
      <dst id="16">210.7644</dst>
      <dst id="14">1.9467</dst>
      <dst id="20">270.5778</dst>
      <dst id="11">391.4578</dst>
      <dst id="9">198.4533</dst>
      <dst id="17">147126.6933</dst>
      <dst id="21">89.2089</dst>
      <dst id="15">249.7689</dst>
    </src>
    <src id="17">
      <dst id="12">6831.6711</dst>
      <dst id="13">20631.1911</dst>
      <dst id="19">312.5511</dst>
      <dst id="23">48.2133</dst>
      <dst id="8">100786.7556</dst>
      <dst id="18">432.3289</dst>
      <dst id="4">145383.5911</dst>
      <dst id="1">841.5556</dst>
      <dst id="5">134098.1867</dst>
      <dst id="3">2970.6044</dst>
      <dst id="22">2794.7556</dst>
      <dst id="7">11057.4933</dst>
      <dst id="2">12396.8000</dst>
      <dst id="6">19.4844</dst>
      <dst id="16">2513.5911</dst>
      <dst id="14">11334.9956</dst>
      <dst id="20">319.4844</dst>
      <dst id="11">77137.3867</dst>
      <dst id="9">135184.4800</dst>
      <dst id="17">1483.9111</dst>
      <dst id="21">2379.7156</dst>
      <dst id="15">563.7956</dst>
    </src>
    <src id="21">
      <dst id="12">29559.3333</dst>
      <dst id="13">194.9422</dst>
      <dst id="19">107.0133</dst>
      <dst id="23">1.4222</dst>
      <dst id="8">151.7422</dst>
      <dst id="18">267.8400</dst>
      <dst id="4">10847.4667</dst>
      <dst id="1">2006.0533</dst>
      <dst id="5">425.1556</dst>
      <dst id="3">2797.4133</dst>
      <dst id="22">536.4178</dst>
      <dst id="7">1173.5200</dst>
      <dst id="2">13617.6356</dst>
      <dst id="6">27.4756</dst>
      <dst id="16">118.0000</dst>
      <dst id="14">70.4800</dst>
      <dst id="20">59.3511</dst>
      <dst id="11">788.4000</dst>
      <dst id="9">391.0400</dst>
      <dst id="17">5726.7644</dst>
      <dst id="21">854.6756</dst>
      <dst id="15">112.7911</dst>
    </src>
    <src id="15">
      <dst id="12">2038.6044</dst>
      <dst id="13">736.9333</dst>
      <dst id="23">0.3378</dst>
      <dst id="8">1038.8089</dst>
      <dst id="18">130.1511</dst>
      <dst id="4">2280.1156</dst>
      <dst id="1">571.0933</dst>
      <dst id="5">2680.8356</dst>
      <dst id="3">7.8133</dst>
      <dst id="7">17.4489</dst>
      <dst id="2">4743.0400</dst>
      <dst id="16">0.3556</dst>
      <dst id="11">7.2711</dst>
      <dst id="9">1217.1467</dst>
      <dst id="17">1125.9733</dst>
      <dst id="21">63.3511</dst>
    </src>
  </IntraTM>
</TrafficMatrixFile>
