<?xml version="1.0" encoding="UTF-8" standalone="yes"?>
<TrafficMatrixFile xmlns:xsi="http://www.w3.org/2001/XMLSchema-instance" xsi:noNamespaceSchemaLocation="http://totem.run.montefiore.ulg.ac.be/Schema/TrafficMatrix-v1_2.xsd">
  <info>
    <title>Intradomain traffic matrix generated by geant-TM-all.pl</title>
    <date>2005-01-03T05:15:00</date>
    <duration>900</duration>
    <author>Steve Uhlig</author>
    <units>
        <unit type="bandwidth" value="kbps"/>
    </units>
  </info>
  <IntraTM ASID="20965">
    <src id="12">
      <dst id="12">242656.9156</dst>
      <dst id="13">24517.7067</dst>
      <dst id="19">4738.0800</dst>
      <dst id="23">7406.5422</dst>
      <dst id="8">2424.9600</dst>
      <dst id="18">1227.3156</dst>
      <dst id="4">114301.8311</dst>
      <dst id="1">6774.0267</dst>
      <dst id="5">3692.2311</dst>
      <dst id="3">1644.9244</dst>
      <dst id="22">32964.7200</dst>
      <dst id="7">3991.3689</dst>
      <dst id="2">77111.5378</dst>
      <dst id="6">3.1556</dst>
      <dst id="16">12087.8311</dst>
      <dst id="14">290.9689</dst>
      <dst id="20">8101.8667</dst>
      <dst id="11">7463.3689</dst>
      <dst id="9">7674.7556</dst>
      <dst id="17">89352.8089</dst>
      <dst id="21">8529.1022</dst>
      <dst id="15">1463.2711</dst>
    </src>
    <src id="13">
      <dst id="12">54868.9511</dst>
      <dst id="19">30428.9689</dst>
      <dst id="23">170.7467</dst>
      <dst id="8">15887.0133</dst>
      <dst id="18">5983.0844</dst>
      <dst id="1">4424.3467</dst>
      <dst id="5">8116.2044</dst>
      <dst id="3">5717.9378</dst>
      <dst id="22">23130.9511</dst>
      <dst id="7">13984.0444</dst>
      <dst id="2">117173.8044</dst>
      <dst id="6">50.3911</dst>
      <dst id="16">6293.3689</dst>
      <dst id="14">2214.0800</dst>
      <dst id="20">19704.2044</dst>
      <dst id="11">14316.9778</dst>
      <dst id="9">47075.0400</dst>
      <dst id="17">69359.0133</dst>
      <dst id="21">23812.3467</dst>
      <dst id="15">14605.8044</dst>
    </src>
    <src id="19">
      <dst id="12">13865.7689</dst>
      <dst id="13">1139.7778</dst>
      <dst id="23">12.9778</dst>
      <dst id="8">0.6400</dst>
      <dst id="18">85.2978</dst>
      <dst id="4">22779.7333</dst>
      <dst id="1">576.9333</dst>
      <dst id="5">15.5733</dst>
      <dst id="3">56.1067</dst>
      <dst id="22">84.6222</dst>
      <dst id="7">3130.4356</dst>
      <dst id="2">275.7867</dst>
      <dst id="6">52.0889</dst>
      <dst id="16">5287.0844</dst>
      <dst id="20">15.6444</dst>
      <dst id="11">82.4978</dst>
      <dst id="9">3.8133</dst>
      <dst id="17">12760.0533</dst>
      <dst id="21">404.7378</dst>
      <dst id="15">92.7644</dst>
    </src>
    <src id="23">
      <dst id="12">509.4756</dst>
      <dst id="13">146.2933</dst>
      <dst id="19">4.8267</dst>
      <dst id="18">49.2444</dst>
      <dst id="4">782.3733</dst>
      <dst id="1">27.9556</dst>
      <dst id="5">41.2178</dst>
      <dst id="3">144.6311</dst>
      <dst id="22">524.0622</dst>
      <dst id="7">329.9378</dst>
      <dst id="2">103.8044</dst>
      <dst id="6">0.4978</dst>
      <dst id="16">92.9067</dst>
      <dst id="14">1.4222</dst>
      <dst id="20">0.3556</dst>
      <dst id="11">116.0178</dst>
      <dst id="9">357.9022</dst>
      <dst id="17">261.9111</dst>
      <dst id="21">117.5467</dst>
    </src>
    <src id="8">
      <dst id="12">354362.1689</dst>
      <dst id="13">895.4222</dst>
      <dst id="19">0.4711</dst>
      <dst id="18">109.5111</dst>
      <dst id="4">11070.2756</dst>
      <dst id="1">470.1422</dst>
      <dst id="5">1995.7244</dst>
      <dst id="3">242.9067</dst>
      <dst id="22">795.4756</dst>
      <dst id="7">36.6133</dst>
      <dst id="2">142627.2000</dst>
      <dst id="16">875.7867</dst>
      <dst id="20">94.4267</dst>
      <dst id="11">1445.3244</dst>
      <dst id="9">621.3867</dst>
      <dst id="17">138596.3022</dst>
      <dst id="21">356.0444</dst>
      <dst id="15">65.2444</dst>
    </src>
    <src id="18">
      <dst id="12">117079.3333</dst>
      <dst id="13">202.7289</dst>
      <dst id="19">1141.1467</dst>
      <dst id="23">0.6133</dst>
      <dst id="8">204.0889</dst>
      <dst id="4">1629.5022</dst>
      <dst id="1">878.3289</dst>
      <dst id="5">372.5511</dst>
      <dst id="3">86.5156</dst>
      <dst id="22">133.3333</dst>
      <dst id="7">199.5289</dst>
      <dst id="2">43355.7067</dst>
      <dst id="16">5.0578</dst>
      <dst id="14">12.4444</dst>
      <dst id="20">30.7200</dst>
      <dst id="11">682.7022</dst>
      <dst id="9">278.8267</dst>
      <dst id="17">39993.1911</dst>
      <dst id="21">843.9556</dst>
      <dst id="15">14.3289</dst>
    </src>
    <src id="4">
      <dst id="12">27313.6178</dst>
      <dst id="19">5868.4267</dst>
      <dst id="8">1743.6978</dst>
      <dst id="18">2339.3689</dst>
      <dst id="4">2.2844</dst>
      <dst id="1">69435.6267</dst>
      <dst id="5">3393.9111</dst>
      <dst id="3">2368.6400</dst>
      <dst id="22">5436.8889</dst>
      <dst id="7">140017.5111</dst>
      <dst id="2">100976.0800</dst>
      <dst id="6">4.6400</dst>
      <dst id="16">2916.7022</dst>
      <dst id="14">1417.6711</dst>
      <dst id="20">410.2489</dst>
      <dst id="11">5460.1867</dst>
      <dst id="9">2419.9289</dst>
      <dst id="17">100463.4044</dst>
      <dst id="21">11963.3156</dst>
      <dst id="15">446.2933</dst>
    </src>
    <src id="1">
      <dst id="12">17301.7778</dst>
      <dst id="13">315.7333</dst>
      <dst id="19">37.0400</dst>
      <dst id="23">53.8844</dst>
      <dst id="8">148331.2889</dst>
      <dst id="18">15275.3422</dst>
      <dst id="4">18279.6356</dst>
      <dst id="1">16891.5644</dst>
      <dst id="5">220661.8578</dst>
      <dst id="3">308.9600</dst>
      <dst id="22">5375.6533</dst>
      <dst id="7">1494.1511</dst>
      <dst id="2">14213.3778</dst>
      <dst id="6">9542.6311</dst>
      <dst id="16">10659.3600</dst>
      <dst id="14">142.9689</dst>
      <dst id="20">38.9956</dst>
      <dst id="11">542.9067</dst>
      <dst id="9">211240.3556</dst>
      <dst id="17">8344.3733</dst>
      <dst id="21">4648.3822</dst>
      <dst id="15">186.2044</dst>
    </src>
    <src id="5">
      <dst id="12">295122.1244</dst>
      <dst id="13">1470.1956</dst>
      <dst id="19">65.3511</dst>
      <dst id="23">90.4533</dst>
      <dst id="8">909.3778</dst>
      <dst id="18">678.7733</dst>
      <dst id="4">8433.5644</dst>
      <dst id="1">375.1556</dst>
      <dst id="3">0.3556</dst>
      <dst id="22">9763.4578</dst>
      <dst id="7">111.9556</dst>
      <dst id="2">143607.4933</dst>
      <dst id="6">9.4578</dst>
      <dst id="16">1146.0356</dst>
      <dst id="14">0.3556</dst>
      <dst id="20">377.1644</dst>
      <dst id="11">4531.0044</dst>
      <dst id="9">18663.5733</dst>
      <dst id="17">110871.8756</dst>
      <dst id="21">380.4533</dst>
      <dst id="15">85.5733</dst>
    </src>
    <src id="3">
      <dst id="12">14283.6178</dst>
      <dst id="13">613.0667</dst>
      <dst id="19">1069.1733</dst>
      <dst id="23">6409.1378</dst>
      <dst id="8">163.0311</dst>
      <dst id="18">87315.1022</dst>
      <dst id="4">44659.2889</dst>
      <dst id="1">28080.8533</dst>
      <dst id="5">721.8489</dst>
      <dst id="3">11757.4400</dst>
      <dst id="22">3587.2978</dst>
      <dst id="7">419.5733</dst>
      <dst id="2">8176.8444</dst>
      <dst id="6">13.2800</dst>
      <dst id="16">1006.5867</dst>
      <dst id="14">30957.5733</dst>
      <dst id="20">34.9778</dst>
      <dst id="11">151687.8933</dst>
      <dst id="9">153.6000</dst>
      <dst id="17">6673.9822</dst>
      <dst id="21">6643.0400</dst>
      <dst id="15">73.8222</dst>
    </src>
    <src id="10">
      <dst id="12">13965.6533</dst>
      <dst id="19">1681.1556</dst>
      <dst id="8">278.9067</dst>
      <dst id="18">1110.7200</dst>
      <dst id="1">867.0222</dst>
      <dst id="5">1297.6444</dst>
      <dst id="3">7473.6711</dst>
      <dst id="22">3134.9600</dst>
      <dst id="7">8610.3200</dst>
      <dst id="2">22644.1422</dst>
      <dst id="6">1.3511</dst>
      <dst id="16">2487.7511</dst>
      <dst id="14">592.4711</dst>
      <dst id="20">41652.6844</dst>
      <dst id="11">3210.1156</dst>
      <dst id="9">4280.3467</dst>
      <dst id="17">15628.8800</dst>
      <dst id="21">9896.0267</dst>
      <dst id="15">1700.1600</dst>
    </src>
    <src id="22">
      <dst id="12">15909.8400</dst>
      <dst id="13">5972.0889</dst>
      <dst id="19">178.1067</dst>
      <dst id="23">20.8800</dst>
      <dst id="8">545.9378</dst>
      <dst id="18">1511.6444</dst>
      <dst id="4">23409.6000</dst>
      <dst id="1">255.3867</dst>
      <dst id="5">4495.8489</dst>
      <dst id="3">290.2311</dst>
      <dst id="7">701.9556</dst>
      <dst id="2">2510.0267</dst>
      <dst id="6">14.9333</dst>
      <dst id="14">34.1689</dst>
      <dst id="11">3887.0489</dst>
      <dst id="9">6655.9556</dst>
      <dst id="17">5190.3911</dst>
      <dst id="21">1292.7644</dst>
    </src>
    <src id="7">
      <dst id="12">9792.6222</dst>
      <dst id="13">593.1022</dst>
      <dst id="19">681.3156</dst>
      <dst id="23">122.2578</dst>
      <dst id="8">942.8267</dst>
      <dst id="18">2549.0044</dst>
      <dst id="4">35360.7911</dst>
      <dst id="1">2315.2533</dst>
      <dst id="5">1119.8933</dst>
      <dst id="3">868.1244</dst>
      <dst id="22">5515.3422</dst>
      <dst id="7">779.5200</dst>
      <dst id="2">10694.4800</dst>
      <dst id="6">44.4444</dst>
      <dst id="16">1637.2356</dst>
      <dst id="14">58.7378</dst>
      <dst id="20">511.6622</dst>
      <dst id="11">1708.7911</dst>
      <dst id="9">1468.1511</dst>
      <dst id="17">12269.6711</dst>
      <dst id="21">5721.3867</dst>
      <dst id="15">1215.8311</dst>
    </src>
    <src id="2">
      <dst id="12">117235.7600</dst>
      <dst id="13">521559.6711</dst>
      <dst id="19">1150.0533</dst>
      <dst id="23">0.9244</dst>
      <dst id="8">2024.0533</dst>
      <dst id="18">90691.5822</dst>
      <dst id="4">128209.3511</dst>
      <dst id="1">8354.5067</dst>
      <dst id="5">1381.2800</dst>
      <dst id="3">85.0044</dst>
      <dst id="22">2655.7778</dst>
      <dst id="7">3009.9733</dst>
      <dst id="2">492.1156</dst>
      <dst id="6">9031.5733</dst>
      <dst id="16">3984.3733</dst>
      <dst id="14">70.9511</dst>
      <dst id="20">1989.1556</dst>
      <dst id="11">2372.3733</dst>
      <dst id="9">1472.0800</dst>
      <dst id="17">39873.0222</dst>
      <dst id="21">7802.3556</dst>
      <dst id="15">98.0267</dst>
    </src>
    <src id="6">
      <dst id="12">11676.2133</dst>
      <dst id="13">4.4444</dst>
      <dst id="19">2.1333</dst>
      <dst id="4">184.4889</dst>
      <dst id="1">1.5022</dst>
      <dst id="5">0.7822</dst>
      <dst id="3">0.4622</dst>
      <dst id="22">12.2844</dst>
      <dst id="7">1.1556</dst>
      <dst id="2">2609.0667</dst>
      <dst id="16">25.3333</dst>
      <dst id="9">0.9422</dst>
      <dst id="17">1365.4844</dst>
    </src>
    <src id="16">
      <dst id="12">4467.2711</dst>
      <dst id="13">1182.0178</dst>
      <dst id="19">3590.6756</dst>
      <dst id="23">4.6933</dst>
      <dst id="8">8361.5556</dst>
      <dst id="18">7.6800</dst>
      <dst id="4">8243.5200</dst>
      <dst id="1">15680.4622</dst>
      <dst id="5">3555.5022</dst>
      <dst id="3">26.3378</dst>
      <dst id="7">4821.9022</dst>
      <dst id="2">785.8044</dst>
      <dst id="6">13.6178</dst>
      <dst id="16">72.3200</dst>
      <dst id="14">588.0356</dst>
      <dst id="11">386.9778</dst>
      <dst id="9">7860.1156</dst>
      <dst id="17">2773.3333</dst>
      <dst id="21">846.3822</dst>
    </src>
    <src id="14">
      <dst id="12">16927.3867</dst>
      <dst id="13">61.6000</dst>
      <dst id="19">21.6533</dst>
      <dst id="23">17.0222</dst>
      <dst id="18">0.3556</dst>
      <dst id="4">2830.6222</dst>
      <dst id="1">155.1111</dst>
      <dst id="5">1.7333</dst>
      <dst id="3">95.6089</dst>
      <dst id="22">4.0444</dst>
      <dst id="7">42.4800</dst>
      <dst id="2">5146.8089</dst>
      <dst id="16">81.5022</dst>
      <dst id="20">37.6178</dst>
      <dst id="11">31.5467</dst>
      <dst id="9">90.1511</dst>
      <dst id="17">6056.5689</dst>
      <dst id="21">155.2889</dst>
    </src>
    <src id="20">
      <dst id="12">4160.0444</dst>
      <dst id="13">3777.6444</dst>
      <dst id="19">1.0489</dst>
      <dst id="23">3.1378</dst>
      <dst id="8">48.0533</dst>
      <dst id="18">217.2533</dst>
      <dst id="4">20976.0356</dst>
      <dst id="1">162.6133</dst>
      <dst id="5">1462.2756</dst>
      <dst id="3">943.7244</dst>
      <dst id="22">0.8356</dst>
      <dst id="7">72.6222</dst>
      <dst id="2">7380.4356</dst>
      <dst id="6">1.2622</dst>
      <dst id="14">108.7822</dst>
      <dst id="11">350.1333</dst>
      <dst id="9">18994.8089</dst>
      <dst id="17">18876.6667</dst>
      <dst id="21">172.0089</dst>
    </src>
    <src id="11">
      <dst id="12">382820.8889</dst>
      <dst id="13">3240.7911</dst>
      <dst id="19">11.3156</dst>
      <dst id="23">105.9822</dst>
      <dst id="8">3337.8578</dst>
      <dst id="18">285.4667</dst>
      <dst id="4">16659.3600</dst>
      <dst id="1">552.3911</dst>
      <dst id="5">706.0622</dst>
      <dst id="3">826.2133</dst>
      <dst id="22">2635.4489</dst>
      <dst id="7">238.3556</dst>
      <dst id="2">147651.3778</dst>
      <dst id="16">384.4711</dst>
      <dst id="14">83.1022</dst>
      <dst id="20">546.1333</dst>
      <dst id="11">577.4222</dst>
      <dst id="9">1190.5422</dst>
      <dst id="17">141934.0267</dst>
      <dst id="21">513.4489</dst>
      <dst id="15">2457.5200</dst>
    </src>
    <src id="9">
      <dst id="12">457202.6844</dst>
      <dst id="13">3684.0356</dst>
      <dst id="19">12.8533</dst>
      <dst id="23">9.1022</dst>
      <dst id="8">1390.5156</dst>
      <dst id="18">414.5600</dst>
      <dst id="4">12954.8800</dst>
      <dst id="1">821.2889</dst>
      <dst id="5">1843.9289</dst>
      <dst id="22">3995.7867</dst>
      <dst id="7">1657.2089</dst>
      <dst id="2">158745.5911</dst>
      <dst id="6">1.3067</dst>
      <dst id="16">1449.2711</dst>
      <dst id="14">54.7111</dst>
      <dst id="20">4096.9244</dst>
      <dst id="11">1682.7467</dst>
      <dst id="9">1624.2311</dst>
      <dst id="17">150524.1333</dst>
      <dst id="21">742.6844</dst>
      <dst id="15">802.1422</dst>
    </src>
    <src id="17">
      <dst id="12">14443.3156</dst>
      <dst id="13">3084.4267</dst>
      <dst id="19">479.6711</dst>
      <dst id="23">358.2756</dst>
      <dst id="8">176410.2933</dst>
      <dst id="18">157.0489</dst>
      <dst id="4">169427.7244</dst>
      <dst id="1">1522.3289</dst>
      <dst id="5">242974.7022</dst>
      <dst id="3">5912.0178</dst>
      <dst id="22">15940.4533</dst>
      <dst id="7">2759.7511</dst>
      <dst id="2">19874.2044</dst>
      <dst id="6">100.9244</dst>
      <dst id="16">4095.7244</dst>
      <dst id="14">25562.6489</dst>
      <dst id="20">1363.6978</dst>
      <dst id="11">138287.6356</dst>
      <dst id="9">170725.7956</dst>
      <dst id="17">2268.3289</dst>
      <dst id="21">8356.8000</dst>
      <dst id="15">2357.7867</dst>
    </src>
    <src id="21">
      <dst id="12">18249.7422</dst>
      <dst id="13">457.3067</dst>
      <dst id="19">233.5289</dst>
      <dst id="23">156.2667</dst>
      <dst id="8">44.7467</dst>
      <dst id="18">4423.4044</dst>
      <dst id="4">40968.8978</dst>
      <dst id="1">1303.1289</dst>
      <dst id="5">381.3333</dst>
      <dst id="3">795.1022</dst>
      <dst id="22">3301.9911</dst>
      <dst id="7">2684.1600</dst>
      <dst id="2">11470.8800</dst>
      <dst id="6">0.8889</dst>
      <dst id="16">145.9289</dst>
      <dst id="14">165.8400</dst>
      <dst id="20">352.9689</dst>
      <dst id="11">478.2222</dst>
      <dst id="9">849.4578</dst>
      <dst id="17">4835.4400</dst>
      <dst id="21">2360.9333</dst>
      <dst id="15">87.0844</dst>
    </src>
    <src id="15">
      <dst id="12">763.4756</dst>
      <dst id="13">806.3644</dst>
      <dst id="19">4564.0711</dst>
      <dst id="8">5.2000</dst>
      <dst id="18">7.9111</dst>
      <dst id="4">7831.5733</dst>
      <dst id="1">541.2089</dst>
      <dst id="5">226.8622</dst>
      <dst id="3">240.3911</dst>
      <dst id="7">93.4933</dst>
      <dst id="2">422.4356</dst>
      <dst id="11">270.3822</dst>
      <dst id="9">4259.9911</dst>
      <dst id="17">300.8711</dst>
      <dst id="21">47.8667</dst>
    </src>
  </IntraTM>
</TrafficMatrixFile>
