<?xml version="1.0" encoding="UTF-8" standalone="yes"?>
<TrafficMatrixFile xmlns:xsi="http://www.w3.org/2001/XMLSchema-instance" xsi:noNamespaceSchemaLocation="http://totem.run.montefiore.ulg.ac.be/Schema/TrafficMatrix-v1_2.xsd">
  <info>
    <title>Intradomain traffic matrix generated by geant-TM-all.pl</title>
    <date>2005-01-02T12:00:00</date>
    <duration>900</duration>
    <author>Steve Uhlig</author>
    <units>
        <unit type="bandwidth" value="kbps"/>
    </units>
  </info>
  <IntraTM ASID="20965">
    <src id="12">
      <dst id="12">176088.1511</dst>
      <dst id="13">10028.4711</dst>
      <dst id="19">1651.9733</dst>
      <dst id="23">4383.5911</dst>
      <dst id="8">908.3111</dst>
      <dst id="18">468.8267</dst>
      <dst id="4">82468.7822</dst>
      <dst id="1">6424.1600</dst>
      <dst id="5">1867.3778</dst>
      <dst id="3">5065.7333</dst>
      <dst id="22">5102.7200</dst>
      <dst id="7">5313.2444</dst>
      <dst id="2">60303.3244</dst>
      <dst id="6">66.7733</dst>
      <dst id="16">7818.4622</dst>
      <dst id="14">397.6800</dst>
      <dst id="20">7466.5511</dst>
      <dst id="11">3465.6267</dst>
      <dst id="9">2717.1467</dst>
      <dst id="17">54746.6311</dst>
      <dst id="21">11187.6978</dst>
      <dst id="15">163.6000</dst>
    </src>
    <src id="13">
      <dst id="12">32482.0267</dst>
      <dst id="19">20578.3200</dst>
      <dst id="23">781.2444</dst>
      <dst id="8">989.6622</dst>
      <dst id="18">3680.5244</dst>
      <dst id="1">2593.8222</dst>
      <dst id="5">4004.0089</dst>
      <dst id="3">4337.5022</dst>
      <dst id="22">22738.5244</dst>
      <dst id="7">4641.2711</dst>
      <dst id="2">84446.7822</dst>
      <dst id="6">17.7689</dst>
      <dst id="16">8513.2089</dst>
      <dst id="14">2176.2133</dst>
      <dst id="20">12875.4756</dst>
      <dst id="11">6235.1200</dst>
      <dst id="9">19410.0089</dst>
      <dst id="17">57659.6267</dst>
      <dst id="21">22465.0222</dst>
      <dst id="15">2128.8889</dst>
    </src>
    <src id="19">
      <dst id="12">11906.4711</dst>
      <dst id="13">312.6844</dst>
      <dst id="23">0.8356</dst>
      <dst id="18">3.8133</dst>
      <dst id="4">18227.7778</dst>
      <dst id="1">294.1511</dst>
      <dst id="5">60.8267</dst>
      <dst id="22">21.0933</dst>
      <dst id="7">4626.0800</dst>
      <dst id="2">1021.5644</dst>
      <dst id="6">44.2400</dst>
      <dst id="16">6129.8222</dst>
      <dst id="14">0.3733</dst>
      <dst id="20">46.7644</dst>
      <dst id="11">1188.7733</dst>
      <dst id="9">8119.2356</dst>
      <dst id="17">68.8356</dst>
      <dst id="21">709.6533</dst>
    </src>
    <src id="23">
      <dst id="12">310.2133</dst>
      <dst id="13">19.5378</dst>
      <dst id="19">13.8578</dst>
      <dst id="8">46.2222</dst>
      <dst id="4">44.2311</dst>
      <dst id="1">53.4756</dst>
      <dst id="5">1.8578</dst>
      <dst id="3">113.5289</dst>
      <dst id="22">66.7556</dst>
      <dst id="7">208.8089</dst>
      <dst id="2">108.3556</dst>
      <dst id="16">2.7022</dst>
      <dst id="20">40.0000</dst>
      <dst id="11">41.7511</dst>
      <dst id="9">374.5067</dst>
      <dst id="17">123.8844</dst>
      <dst id="21">435.4844</dst>
    </src>
    <src id="8">
      <dst id="12">257945.7067</dst>
      <dst id="13">174.9600</dst>
      <dst id="23">121.0667</dst>
      <dst id="18">113.1289</dst>
      <dst id="4">6767.0400</dst>
      <dst id="1">168.2222</dst>
      <dst id="5">473.7244</dst>
      <dst id="3">12.9867</dst>
      <dst id="22">480.3022</dst>
      <dst id="7">41.6000</dst>
      <dst id="2">84077.9644</dst>
      <dst id="16">38.8800</dst>
      <dst id="20">91.7244</dst>
      <dst id="11">75.9378</dst>
      <dst id="9">467.7600</dst>
      <dst id="17">92078.9156</dst>
      <dst id="21">228.4533</dst>
      <dst id="15">138.0356</dst>
    </src>
    <src id="18">
      <dst id="12">97616.8356</dst>
      <dst id="13">109.4489</dst>
      <dst id="19">114.9511</dst>
      <dst id="23">0.4622</dst>
      <dst id="8">15.8667</dst>
      <dst id="4">2626.7644</dst>
      <dst id="1">950.7111</dst>
      <dst id="5">104.9511</dst>
      <dst id="3">14.4267</dst>
      <dst id="22">441.2000</dst>
      <dst id="7">133.1200</dst>
      <dst id="2">28776.6133</dst>
      <dst id="16">17.6533</dst>
      <dst id="14">22.8800</dst>
      <dst id="20">25.8311</dst>
      <dst id="11">118.0000</dst>
      <dst id="9">191.9822</dst>
      <dst id="17">34221.4400</dst>
      <dst id="21">224.5156</dst>
      <dst id="15">1.6178</dst>
    </src>
    <src id="4">
      <dst id="12">10699.9200</dst>
      <dst id="19">5691.6444</dst>
      <dst id="8">872.3822</dst>
      <dst id="18">1811.7067</dst>
      <dst id="4">2.1689</dst>
      <dst id="1">10779.5733</dst>
      <dst id="5">1017.6889</dst>
      <dst id="3">339.1378</dst>
      <dst id="22">3081.3867</dst>
      <dst id="7">33334.0444</dst>
      <dst id="2">49830.6400</dst>
      <dst id="16">1000.9867</dst>
      <dst id="14">987.4667</dst>
      <dst id="20">48779.2178</dst>
      <dst id="11">5806.8978</dst>
      <dst id="9">3002.7111</dst>
      <dst id="17">85681.3956</dst>
      <dst id="21">6120.9244</dst>
      <dst id="15">330.8800</dst>
    </src>
    <src id="1">
      <dst id="12">18318.6489</dst>
      <dst id="13">104.3022</dst>
      <dst id="19">30.2489</dst>
      <dst id="23">30.7022</dst>
      <dst id="8">61494.7200</dst>
      <dst id="18">13560.8800</dst>
      <dst id="4">6076.9511</dst>
      <dst id="1">18178.5778</dst>
      <dst id="5">146043.1111</dst>
      <dst id="3">911.1556</dst>
      <dst id="22">267.4844</dst>
      <dst id="7">5628.6489</dst>
      <dst id="2">13495.4222</dst>
      <dst id="6">10331.8133</dst>
      <dst id="16">10500.6311</dst>
      <dst id="14">532.5333</dst>
      <dst id="20">13.5911</dst>
      <dst id="11">260.7467</dst>
      <dst id="9">110170.1867</dst>
      <dst id="17">4194.7022</dst>
      <dst id="21">3787.5378</dst>
      <dst id="15">85.5556</dst>
    </src>
    <src id="5">
      <dst id="12">215653.2000</dst>
      <dst id="13">534.0000</dst>
      <dst id="19">42.7733</dst>
      <dst id="23">120.4622</dst>
      <dst id="8">2339.8400</dst>
      <dst id="18">79.6889</dst>
      <dst id="4">8495.2089</dst>
      <dst id="1">171.8756</dst>
      <dst id="3">174.6311</dst>
      <dst id="22">6067.3956</dst>
      <dst id="7">61.7422</dst>
      <dst id="2">94452.3911</dst>
      <dst id="16">216.4267</dst>
      <dst id="14">0.8178</dst>
      <dst id="20">4489.4667</dst>
      <dst id="11">517.7422</dst>
      <dst id="9">6267.4756</dst>
      <dst id="17">72973.6533</dst>
      <dst id="21">226.8267</dst>
      <dst id="15">208.4356</dst>
    </src>
    <src id="3">
      <dst id="12">11713.8489</dst>
      <dst id="13">388.6756</dst>
      <dst id="19">4507.5911</dst>
      <dst id="23">4.8356</dst>
      <dst id="8">26.8089</dst>
      <dst id="18">54405.2178</dst>
      <dst id="4">21172.6844</dst>
      <dst id="1">6923.2089</dst>
      <dst id="5">470.6489</dst>
      <dst id="3">10133.3067</dst>
      <dst id="22">295.1644</dst>
      <dst id="7">1793.9733</dst>
      <dst id="2">3852.2667</dst>
      <dst id="16">722.2133</dst>
      <dst id="14">22560.1689</dst>
      <dst id="20">273.2978</dst>
      <dst id="11">108004.9778</dst>
      <dst id="9">82.3378</dst>
      <dst id="17">10692.0000</dst>
      <dst id="21">3294.4444</dst>
      <dst id="15">41.0667</dst>
    </src>
    <src id="10">
      <dst id="12">12190.7111</dst>
      <dst id="19">1979.9911</dst>
      <dst id="8">402.6844</dst>
      <dst id="18">354.5244</dst>
      <dst id="1">417.1200</dst>
      <dst id="5">624.1600</dst>
      <dst id="3">14990.4889</dst>
      <dst id="22">10771.9467</dst>
      <dst id="7">12788.6667</dst>
      <dst id="2">21474.8889</dst>
      <dst id="6">4.7644</dst>
      <dst id="16">1099.0133</dst>
      <dst id="14">442.3022</dst>
      <dst id="20">4363.7689</dst>
      <dst id="11">3869.8578</dst>
      <dst id="9">2607.7156</dst>
      <dst id="17">19237.5467</dst>
      <dst id="21">11021.9200</dst>
      <dst id="15">558.3289</dst>
    </src>
    <src id="22">
      <dst id="12">4037.0933</dst>
      <dst id="13">4022.2756</dst>
      <dst id="19">81.4222</dst>
      <dst id="23">11.3333</dst>
      <dst id="8">358.7733</dst>
      <dst id="18">1286.7022</dst>
      <dst id="4">18796.2222</dst>
      <dst id="1">34.7467</dst>
      <dst id="5">4272.8444</dst>
      <dst id="3">257.1378</dst>
      <dst id="7">623.9467</dst>
      <dst id="2">3836.5333</dst>
      <dst id="6">2.1244</dst>
      <dst id="16">0.8178</dst>
      <dst id="14">15.5822</dst>
      <dst id="11">3177.0844</dst>
      <dst id="9">3308.5600</dst>
      <dst id="17">2247.5111</dst>
      <dst id="21">1004.5333</dst>
    </src>
    <src id="7">
      <dst id="12">4625.9378</dst>
      <dst id="13">148.5067</dst>
      <dst id="19">251.9289</dst>
      <dst id="23">4.3111</dst>
      <dst id="8">610.2489</dst>
      <dst id="18">297.7333</dst>
      <dst id="4">26816.5333</dst>
      <dst id="1">2312.2756</dst>
      <dst id="5">837.3689</dst>
      <dst id="3">265.3156</dst>
      <dst id="22">5497.2000</dst>
      <dst id="7">797.0844</dst>
      <dst id="2">6429.8222</dst>
      <dst id="6">47.0044</dst>
      <dst id="16">392.8533</dst>
      <dst id="14">65.4044</dst>
      <dst id="20">337.0933</dst>
      <dst id="11">952.6844</dst>
      <dst id="9">201.6622</dst>
      <dst id="17">16286.4978</dst>
      <dst id="21">1844.7644</dst>
      <dst id="15">328.8711</dst>
    </src>
    <src id="2">
      <dst id="12">75694.5867</dst>
      <dst id="13">2971.6089</dst>
      <dst id="19">8490.3467</dst>
      <dst id="8">873.0489</dst>
      <dst id="18">54057.5022</dst>
      <dst id="4">114027.7422</dst>
      <dst id="1">4636.3289</dst>
      <dst id="5">969.4133</dst>
      <dst id="3">46.2311</dst>
      <dst id="22">2293.4933</dst>
      <dst id="7">6698.0800</dst>
      <dst id="2">1140.9333</dst>
      <dst id="6">4853.0311</dst>
      <dst id="16">2468.2933</dst>
      <dst id="14">5746.7467</dst>
      <dst id="20">168.7467</dst>
      <dst id="11">9080.8889</dst>
      <dst id="9">2188.2222</dst>
      <dst id="17">39850.3911</dst>
      <dst id="21">3489.0489</dst>
      <dst id="15">59.9822</dst>
    </src>
    <src id="6">
      <dst id="12">7832.9778</dst>
      <dst id="13">1.1111</dst>
      <dst id="19">90.0000</dst>
      <dst id="4">45.2800</dst>
      <dst id="1">0.9244</dst>
      <dst id="22">0.4178</dst>
      <dst id="2">1594.3911</dst>
      <dst id="16">0.3556</dst>
      <dst id="11">12.4889</dst>
      <dst id="17">921.3067</dst>
      <dst id="21">0.6756</dst>
    </src>
    <src id="16">
      <dst id="12">2057.6800</dst>
      <dst id="13">228.7467</dst>
      <dst id="19">3392.8089</dst>
      <dst id="23">2.3111</dst>
      <dst id="8">650.3822</dst>
      <dst id="18">2.0978</dst>
      <dst id="4">5205.7244</dst>
      <dst id="1">16088.1244</dst>
      <dst id="5">659.7333</dst>
      <dst id="3">1.8667</dst>
      <dst id="7">2281.5733</dst>
      <dst id="2">1206.8800</dst>
      <dst id="16">25.7244</dst>
      <dst id="14">149.2267</dst>
      <dst id="11">95.0844</dst>
      <dst id="9">326.4889</dst>
      <dst id="17">911.7422</dst>
      <dst id="21">661.1289</dst>
    </src>
    <src id="14">
      <dst id="12">17360.3733</dst>
      <dst id="13">124.6844</dst>
      <dst id="19">7.7244</dst>
      <dst id="23">0.4622</dst>
      <dst id="8">0.5333</dst>
      <dst id="4">1912.7378</dst>
      <dst id="1">71.6978</dst>
      <dst id="5">3.5467</dst>
      <dst id="3">46.4533</dst>
      <dst id="22">1.2089</dst>
      <dst id="7">71.7422</dst>
      <dst id="2">4262.0622</dst>
      <dst id="16">2.7022</dst>
      <dst id="11">15.3778</dst>
      <dst id="17">6398.1067</dst>
      <dst id="21">56.9778</dst>
    </src>
    <src id="20">
      <dst id="12">5924.9422</dst>
      <dst id="13">2492.2844</dst>
      <dst id="19">2384.0800</dst>
      <dst id="23">0.4622</dst>
      <dst id="8">198.2133</dst>
      <dst id="18">0.7111</dst>
      <dst id="4">11357.6889</dst>
      <dst id="1">33.4311</dst>
      <dst id="5">2430.4978</dst>
      <dst id="3">233.8844</dst>
      <dst id="7">306.4000</dst>
      <dst id="2">2345.6889</dst>
      <dst id="14">0.6578</dst>
      <dst id="11">370.0978</dst>
      <dst id="9">5709.1467</dst>
      <dst id="17">1241.1911</dst>
      <dst id="21">248.1600</dst>
    </src>
    <src id="11">
      <dst id="12">414410.3911</dst>
      <dst id="13">949.6533</dst>
      <dst id="19">654.5600</dst>
      <dst id="23">1.5644</dst>
      <dst id="8">150.7289</dst>
      <dst id="18">101.9911</dst>
      <dst id="4">16246.2756</dst>
      <dst id="1">536.5956</dst>
      <dst id="5">1178.6578</dst>
      <dst id="3">2757.2978</dst>
      <dst id="22">1997.5822</dst>
      <dst id="7">172.4444</dst>
      <dst id="2">165097.5556</dst>
      <dst id="6">0.5333</dst>
      <dst id="16">744.4000</dst>
      <dst id="14">79.7956</dst>
      <dst id="20">1755.8578</dst>
      <dst id="11">856.2222</dst>
      <dst id="9">487.5022</dst>
      <dst id="17">130690.3644</dst>
      <dst id="21">835.9467</dst>
      <dst id="15">573.6622</dst>
    </src>
    <src id="9">
      <dst id="12">405312.3378</dst>
      <dst id="13">4856.3822</dst>
      <dst id="19">145.6356</dst>
      <dst id="23">15.4844</dst>
      <dst id="8">20.8000</dst>
      <dst id="18">623.3067</dst>
      <dst id="4">12394.8978</dst>
      <dst id="1">1458.4444</dst>
      <dst id="5">10155.7600</dst>
      <dst id="3">5.4756</dst>
      <dst id="22">6584.6222</dst>
      <dst id="7">27.6533</dst>
      <dst id="2">114641.6356</dst>
      <dst id="6">0.5156</dst>
      <dst id="16">88.9333</dst>
      <dst id="14">0.6489</dst>
      <dst id="20">986.4978</dst>
      <dst id="11">879.2889</dst>
      <dst id="9">1968.1600</dst>
      <dst id="17">162699.9822</dst>
      <dst id="21">1888.2044</dst>
      <dst id="15">2417.3778</dst>
    </src>
    <src id="17">
      <dst id="12">5326.1867</dst>
      <dst id="13">21751.2978</dst>
      <dst id="19">241.5822</dst>
      <dst id="23">109.5022</dst>
      <dst id="8">93676.6044</dst>
      <dst id="18">565.0933</dst>
      <dst id="4">130477.2356</dst>
      <dst id="1">3565.1644</dst>
      <dst id="5">153365.8311</dst>
      <dst id="3">14736.8267</dst>
      <dst id="22">13015.8489</dst>
      <dst id="7">1851.3689</dst>
      <dst id="2">9396.0622</dst>
      <dst id="6">45.2267</dst>
      <dst id="16">3734.0178</dst>
      <dst id="14">10927.5911</dst>
      <dst id="20">181.3244</dst>
      <dst id="11">86047.5911</dst>
      <dst id="9">119404.4000</dst>
      <dst id="17">1186.5156</dst>
      <dst id="21">5561.8578</dst>
      <dst id="15">35.3867</dst>
    </src>
    <src id="21">
      <dst id="12">19395.8133</dst>
      <dst id="13">584.9867</dst>
      <dst id="19">114.2311</dst>
      <dst id="23">8.3644</dst>
      <dst id="8">463.5822</dst>
      <dst id="18">4096.7556</dst>
      <dst id="4">26542.2578</dst>
      <dst id="1">703.6800</dst>
      <dst id="5">711.6000</dst>
      <dst id="3">694.5067</dst>
      <dst id="22">838.8800</dst>
      <dst id="7">4444.6400</dst>
      <dst id="2">8134.8889</dst>
      <dst id="6">33.0667</dst>
      <dst id="16">283.6356</dst>
      <dst id="14">72.2311</dst>
      <dst id="20">152.6044</dst>
      <dst id="11">816.8800</dst>
      <dst id="9">484.7378</dst>
      <dst id="17">2611.6889</dst>
      <dst id="21">812.2844</dst>
      <dst id="15">34.8089</dst>
    </src>
    <src id="15">
      <dst id="12">1699.8844</dst>
      <dst id="13">163.8578</dst>
      <dst id="19">0.5333</dst>
      <dst id="8">1.9911</dst>
      <dst id="4">2779.8133</dst>
      <dst id="1">520.3556</dst>
      <dst id="5">176.5422</dst>
      <dst id="3">8.9511</dst>
      <dst id="7">5.7156</dst>
      <dst id="2">496.2578</dst>
      <dst id="6">0.3378</dst>
      <dst id="11">53.0222</dst>
      <dst id="9">245.7689</dst>
      <dst id="17">307.5644</dst>
      <dst id="21">147.0844</dst>
    </src>
  </IntraTM>
</TrafficMatrixFile>
