<?xml version="1.0" encoding="UTF-8" standalone="yes"?>
<TrafficMatrixFile xmlns:xsi="http://www.w3.org/2001/XMLSchema-instance" xsi:noNamespaceSchemaLocation="http://totem.run.montefiore.ulg.ac.be/Schema/TrafficMatrix-v1_2.xsd">
  <info>
    <title>Intradomain traffic matrix generated by geant-TM-all.pl</title>
    <date>2005-01-05T23:00:00</date>
    <duration>900</duration>
    <author>Steve Uhlig</author>
    <units>
        <unit type="bandwidth" value="kbps"/>
    </units>
  </info>
  <IntraTM ASID="20965">
    <src id="12">
      <dst id="12">362746.8622</dst>
      <dst id="13">35933.7956</dst>
      <dst id="19">8291.4489</dst>
      <dst id="23">1949.9200</dst>
      <dst id="8">10884.8178</dst>
      <dst id="18">9951.9467</dst>
      <dst id="4">86936.4978</dst>
      <dst id="1">13318.2489</dst>
      <dst id="5">6047.4133</dst>
      <dst id="3">12032.6222</dst>
      <dst id="22">27664.1778</dst>
      <dst id="7">12374.3022</dst>
      <dst id="2">135828.4533</dst>
      <dst id="6">97.7778</dst>
      <dst id="16">9888.2044</dst>
      <dst id="14">157.6178</dst>
      <dst id="20">13706.2756</dst>
      <dst id="11">15494.8622</dst>
      <dst id="9">14738.1689</dst>
      <dst id="17">124359.6800</dst>
      <dst id="21">22117.1644</dst>
      <dst id="15">3004.6756</dst>
    </src>
    <src id="13">
      <dst id="12">76357.3867</dst>
      <dst id="19">18752.2489</dst>
      <dst id="23">1260.3467</dst>
      <dst id="8">11248.5067</dst>
      <dst id="18">8672.1244</dst>
      <dst id="1">16773.4311</dst>
      <dst id="5">13445.1289</dst>
      <dst id="3">41028.2667</dst>
      <dst id="22">28176.9778</dst>
      <dst id="7">49489.2089</dst>
      <dst id="2">140574.9689</dst>
      <dst id="6">326.1244</dst>
      <dst id="16">12178.7289</dst>
      <dst id="14">6860.9244</dst>
      <dst id="20">41282.9778</dst>
      <dst id="11">25663.4933</dst>
      <dst id="9">25729.7422</dst>
      <dst id="17">144671.1378</dst>
      <dst id="21">31371.5733</dst>
      <dst id="15">24566.8356</dst>
    </src>
    <src id="19">
      <dst id="12">16361.3067</dst>
      <dst id="13">14188.8889</dst>
      <dst id="23">361.1378</dst>
      <dst id="8">270.5422</dst>
      <dst id="18">876.3200</dst>
      <dst id="4">19523.2800</dst>
      <dst id="1">2097.3956</dst>
      <dst id="5">64.9778</dst>
      <dst id="3">192.4978</dst>
      <dst id="22">936.6489</dst>
      <dst id="7">12502.6578</dst>
      <dst id="2">2596.8622</dst>
      <dst id="6">1467.0311</dst>
      <dst id="16">6350.1067</dst>
      <dst id="14">1100.9778</dst>
      <dst id="20">121.7778</dst>
      <dst id="11">922.5600</dst>
      <dst id="9">402.3200</dst>
      <dst id="17">7702.3111</dst>
      <dst id="21">2419.6533</dst>
      <dst id="15">4.1333</dst>
    </src>
    <src id="23">
      <dst id="12">1190.7111</dst>
      <dst id="13">490.5600</dst>
      <dst id="19">585.2800</dst>
      <dst id="8">226.6667</dst>
      <dst id="18">160.1867</dst>
      <dst id="4">18.5600</dst>
      <dst id="1">115.6356</dst>
      <dst id="5">68.4000</dst>
      <dst id="3">1507.2444</dst>
      <dst id="22">1259.4133</dst>
      <dst id="7">1185.6444</dst>
      <dst id="2">6.6311</dst>
      <dst id="16">434.0889</dst>
      <dst id="14">922.7733</dst>
      <dst id="20">183.4933</dst>
      <dst id="11">623.4667</dst>
      <dst id="9">1242.6844</dst>
      <dst id="17">3813.7333</dst>
      <dst id="21">3022.0444</dst>
      <dst id="15">306.6667</dst>
    </src>
    <src id="8">
      <dst id="12">402839.6800</dst>
      <dst id="13">3502.5422</dst>
      <dst id="19">101.5200</dst>
      <dst id="23">2.3111</dst>
      <dst id="18">1874.7733</dst>
      <dst id="4">5165.9111</dst>
      <dst id="1">2582.1422</dst>
      <dst id="5">6610.2044</dst>
      <dst id="3">13.9911</dst>
      <dst id="22">1644.6933</dst>
      <dst id="7">1060.7733</dst>
      <dst id="2">167478.2489</dst>
      <dst id="6">1.1911</dst>
      <dst id="16">1627.9822</dst>
      <dst id="14">20.6133</dst>
      <dst id="20">1310.5422</dst>
      <dst id="11">2129.3156</dst>
      <dst id="9">1804.6578</dst>
      <dst id="17">161468.2844</dst>
      <dst id="21">1580.7733</dst>
      <dst id="15">143.5289</dst>
    </src>
    <src id="18">
      <dst id="12">129034.8000</dst>
      <dst id="13">1591.9111</dst>
      <dst id="19">171.7778</dst>
      <dst id="23">5.6622</dst>
      <dst id="8">2077.8489</dst>
      <dst id="4">2236.6756</dst>
      <dst id="1">1472.3289</dst>
      <dst id="5">1855.2000</dst>
      <dst id="3">105.7244</dst>
      <dst id="22">787.2000</dst>
      <dst id="7">223.3867</dst>
      <dst id="2">53170.6400</dst>
      <dst id="16">219.3778</dst>
      <dst id="14">39.2533</dst>
      <dst id="20">45.2089</dst>
      <dst id="11">484.9422</dst>
      <dst id="9">216.5067</dst>
      <dst id="17">46134.7911</dst>
      <dst id="21">1471.6889</dst>
      <dst id="15">123.3422</dst>
    </src>
    <src id="4">
      <dst id="12">25017.7067</dst>
      <dst id="19">59491.7511</dst>
      <dst id="8">2522.1422</dst>
      <dst id="18">2402.8622</dst>
      <dst id="1">160297.2889</dst>
      <dst id="5">3702.6933</dst>
      <dst id="3">1949.1911</dst>
      <dst id="22">11562.8533</dst>
      <dst id="7">98694.8533</dst>
      <dst id="2">100830.9689</dst>
      <dst id="6">524.9511</dst>
      <dst id="16">5484.9689</dst>
      <dst id="14">2833.3778</dst>
      <dst id="20">4359.7956</dst>
      <dst id="11">15820.9511</dst>
      <dst id="9">6063.0044</dst>
      <dst id="17">39544.8711</dst>
      <dst id="21">10964.0711</dst>
      <dst id="15">855.1556</dst>
    </src>
    <src id="1">
      <dst id="12">22045.6000</dst>
      <dst id="13">4442.2311</dst>
      <dst id="19">11439.6444</dst>
      <dst id="23">74.4267</dst>
      <dst id="8">224462.8356</dst>
      <dst id="18">14808.0000</dst>
      <dst id="4">13323.1644</dst>
      <dst id="1">39870.8089</dst>
      <dst id="5">304493.9289</dst>
      <dst id="3">3688.5689</dst>
      <dst id="22">18185.4578</dst>
      <dst id="7">62993.8578</dst>
      <dst id="2">26072.5956</dst>
      <dst id="6">24853.4578</dst>
      <dst id="16">10004.1956</dst>
      <dst id="14">3945.7156</dst>
      <dst id="20">3566.5867</dst>
      <dst id="11">2645.3689</dst>
      <dst id="9">436203.1378</dst>
      <dst id="17">39188.9956</dst>
      <dst id="21">27554.8267</dst>
      <dst id="15">1030.8711</dst>
    </src>
    <src id="5">
      <dst id="12">324916.2844</dst>
      <dst id="13">7568.5689</dst>
      <dst id="19">219.2267</dst>
      <dst id="23">40.7111</dst>
      <dst id="8">55002.8533</dst>
      <dst id="18">723.9467</dst>
      <dst id="4">10559.9289</dst>
      <dst id="1">4166.0889</dst>
      <dst id="3">158.0533</dst>
      <dst id="22">5671.5822</dst>
      <dst id="7">1668.3556</dst>
      <dst id="2">154251.9644</dst>
      <dst id="6">39.7333</dst>
      <dst id="16">2002.7200</dst>
      <dst id="14">2.7378</dst>
      <dst id="20">7805.0311</dst>
      <dst id="11">3325.9911</dst>
      <dst id="9">10618.9067</dst>
      <dst id="17">123856.2044</dst>
      <dst id="21">4587.9022</dst>
      <dst id="15">516.5422</dst>
    </src>
    <src id="3">
      <dst id="12">15562.6844</dst>
      <dst id="13">5372.6933</dst>
      <dst id="19">1918.5867</dst>
      <dst id="23">4323.6267</dst>
      <dst id="8">2238.1956</dst>
      <dst id="18">220144.3733</dst>
      <dst id="4">38246.1956</dst>
      <dst id="1">14207.8933</dst>
      <dst id="5">809.4489</dst>
      <dst id="3">16569.0667</dst>
      <dst id="22">2639.4578</dst>
      <dst id="7">63706.2667</dst>
      <dst id="2">14790.9067</dst>
      <dst id="6">15.8400</dst>
      <dst id="16">1934.3644</dst>
      <dst id="14">65397.7156</dst>
      <dst id="20">2525.7511</dst>
      <dst id="11">340068.8356</dst>
      <dst id="9">886.3644</dst>
      <dst id="17">22780.1600</dst>
      <dst id="21">18592.4978</dst>
      <dst id="15">2699.3956</dst>
    </src>
    <src id="10">
      <dst id="12">34307.6089</dst>
      <dst id="19">10107.5289</dst>
      <dst id="8">3155.5644</dst>
      <dst id="18">1718.7733</dst>
      <dst id="1">8884.9156</dst>
      <dst id="5">2459.2889</dst>
      <dst id="3">12823.3600</dst>
      <dst id="22">4835.2533</dst>
      <dst id="7">18271.9556</dst>
      <dst id="2">55253.7511</dst>
      <dst id="6">33.9822</dst>
      <dst id="16">10664.0000</dst>
      <dst id="14">2372.0800</dst>
      <dst id="20">1820.6844</dst>
      <dst id="11">8811.6356</dst>
      <dst id="9">3957.8222</dst>
      <dst id="17">58764.9956</dst>
      <dst id="21">23825.1022</dst>
      <dst id="15">712.6222</dst>
    </src>
    <src id="22">
      <dst id="12">8946.6578</dst>
      <dst id="13">4155.2000</dst>
      <dst id="19">833.2978</dst>
      <dst id="23">112.3644</dst>
      <dst id="8">1666.6489</dst>
      <dst id="18">1443.0489</dst>
      <dst id="4">21013.4844</dst>
      <dst id="1">3273.3156</dst>
      <dst id="5">8632.6844</dst>
      <dst id="3">861.3333</dst>
      <dst id="7">4846.0533</dst>
      <dst id="2">4771.3956</dst>
      <dst id="6">2.7733</dst>
      <dst id="16">4.6756</dst>
      <dst id="14">1.0667</dst>
      <dst id="11">4985.7956</dst>
      <dst id="9">2804.2489</dst>
      <dst id="17">13486.4089</dst>
      <dst id="21">2947.7333</dst>
    </src>
    <src id="7">
      <dst id="12">5608.7911</dst>
      <dst id="13">6926.1956</dst>
      <dst id="19">5612.4000</dst>
      <dst id="23">475.5022</dst>
      <dst id="8">588.9156</dst>
      <dst id="18">718.1422</dst>
      <dst id="4">34272.4889</dst>
      <dst id="1">23864.2756</dst>
      <dst id="5">1500.9600</dst>
      <dst id="3">5175.2622</dst>
      <dst id="22">5183.7689</dst>
      <dst id="7">764.9422</dst>
      <dst id="2">31622.4622</dst>
      <dst id="6">785.8844</dst>
      <dst id="16">8652.6044</dst>
      <dst id="14">749.4311</dst>
      <dst id="20">2444.9867</dst>
      <dst id="11">2188.0356</dst>
      <dst id="9">3768.7111</dst>
      <dst id="17">16334.0889</dst>
      <dst id="21">20052.5689</dst>
      <dst id="15">12386.3644</dst>
    </src>
    <src id="2">
      <dst id="12">158992.5422</dst>
      <dst id="13">522133.0133</dst>
      <dst id="19">2770.0444</dst>
      <dst id="23">89.8933</dst>
      <dst id="8">1535.3600</dst>
      <dst id="18">167753.4578</dst>
      <dst id="4">85346.9689</dst>
      <dst id="1">19683.3156</dst>
      <dst id="5">1849.2000</dst>
      <dst id="3">856.8889</dst>
      <dst id="22">2960.2667</dst>
      <dst id="7">29204.1156</dst>
      <dst id="2">1163.4222</dst>
      <dst id="6">16239.6178</dst>
      <dst id="16">4054.9156</dst>
      <dst id="14">4278.5689</dst>
      <dst id="20">1844.1867</dst>
      <dst id="11">11618.5156</dst>
      <dst id="9">3975.2267</dst>
      <dst id="17">43805.4844</dst>
      <dst id="21">6425.1111</dst>
      <dst id="15">3973.3867</dst>
    </src>
    <src id="6">
      <dst id="12">13638.0889</dst>
      <dst id="13">112.7911</dst>
      <dst id="19">58.5422</dst>
      <dst id="23">22.9333</dst>
      <dst id="4">1380.9689</dst>
      <dst id="1">99.9378</dst>
      <dst id="5">11.5556</dst>
      <dst id="3">6.4089</dst>
      <dst id="22">83.8044</dst>
      <dst id="7">371.1022</dst>
      <dst id="2">3777.6444</dst>
      <dst id="16">99.7156</dst>
      <dst id="20">43.3600</dst>
      <dst id="11">26.5067</dst>
      <dst id="9">16.1511</dst>
      <dst id="17">2791.3511</dst>
      <dst id="21">26.9511</dst>
    </src>
    <src id="16">
      <dst id="12">2371.1022</dst>
      <dst id="13">1063.3778</dst>
      <dst id="19">4592.5156</dst>
      <dst id="23">103.4578</dst>
      <dst id="8">7334.4000</dst>
      <dst id="18">394.1956</dst>
      <dst id="4">7337.1733</dst>
      <dst id="1">20369.5111</dst>
      <dst id="5">8876.9333</dst>
      <dst id="3">538.7467</dst>
      <dst id="7">5542.1600</dst>
      <dst id="2">1974.7733</dst>
      <dst id="6">28.6222</dst>
      <dst id="16">53.8489</dst>
      <dst id="14">458.8089</dst>
      <dst id="11">1185.6800</dst>
      <dst id="9">16803.3422</dst>
      <dst id="17">11377.8489</dst>
      <dst id="21">1530.8444</dst>
    </src>
    <src id="14">
      <dst id="12">21569.6978</dst>
      <dst id="13">142.1422</dst>
      <dst id="19">54.9689</dst>
      <dst id="23">13.7956</dst>
      <dst id="8">16.4444</dst>
      <dst id="18">14.1244</dst>
      <dst id="4">3961.2533</dst>
      <dst id="1">582.1511</dst>
      <dst id="5">2.2756</dst>
      <dst id="3">520.6133</dst>
      <dst id="22">13.5289</dst>
      <dst id="7">248.0267</dst>
      <dst id="2">7258.7556</dst>
      <dst id="16">122.7644</dst>
      <dst id="20">111.8489</dst>
      <dst id="11">151.2711</dst>
      <dst id="9">66.0089</dst>
      <dst id="17">8942.1067</dst>
      <dst id="21">70.1600</dst>
    </src>
    <src id="20">
      <dst id="12">9866.4800</dst>
      <dst id="13">12128.4711</dst>
      <dst id="19">4305.2978</dst>
      <dst id="23">29.1556</dst>
      <dst id="8">716.3467</dst>
      <dst id="18">126.8444</dst>
      <dst id="4">11872.2933</dst>
      <dst id="1">498.4089</dst>
      <dst id="5">2639.6800</dst>
      <dst id="3">3822.3111</dst>
      <dst id="22">0.8533</dst>
      <dst id="7">2043.3244</dst>
      <dst id="2">4748.2222</dst>
      <dst id="6">1738.1956</dst>
      <dst id="14">32.3644</dst>
      <dst id="11">2020.1689</dst>
      <dst id="9">7850.0356</dst>
      <dst id="17">7715.8489</dst>
      <dst id="21">354.8622</dst>
    </src>
    <src id="11">
      <dst id="12">483539.5022</dst>
      <dst id="13">5091.5822</dst>
      <dst id="19">2338.2133</dst>
      <dst id="23">36.5156</dst>
      <dst id="8">1259.2889</dst>
      <dst id="18">454.6844</dst>
      <dst id="4">14483.9822</dst>
      <dst id="1">1293.5644</dst>
      <dst id="5">1385.6267</dst>
      <dst id="3">2536.5956</dst>
      <dst id="22">7768.1689</dst>
      <dst id="7">2725.8489</dst>
      <dst id="2">200098.5956</dst>
      <dst id="6">658.6578</dst>
      <dst id="16">508.0978</dst>
      <dst id="14">820.7822</dst>
      <dst id="20">4106.8533</dst>
      <dst id="11">2821.9022</dst>
      <dst id="9">3957.3422</dst>
      <dst id="17">207174.4000</dst>
      <dst id="21">1367.0044</dst>
      <dst id="15">651.8311</dst>
    </src>
    <src id="9">
      <dst id="12">522699.9467</dst>
      <dst id="13">9779.0222</dst>
      <dst id="19">261.1111</dst>
      <dst id="23">46.0800</dst>
      <dst id="8">1583.6622</dst>
      <dst id="18">435.6711</dst>
      <dst id="4">10226.5511</dst>
      <dst id="1">3745.1822</dst>
      <dst id="5">2377.2889</dst>
      <dst id="3">968.9422</dst>
      <dst id="22">7984.5689</dst>
      <dst id="7">1748.5689</dst>
      <dst id="2">215098.7556</dst>
      <dst id="6">5.9911</dst>
      <dst id="16">1550.3911</dst>
      <dst id="14">34.4356</dst>
      <dst id="20">17574.8356</dst>
      <dst id="11">5113.0311</dst>
      <dst id="9">1567.9911</dst>
      <dst id="17">208849.0044</dst>
      <dst id="21">5185.3067</dst>
      <dst id="15">10741.5289</dst>
    </src>
    <src id="17">
      <dst id="12">13566.0978</dst>
      <dst id="13">10677.3956</dst>
      <dst id="19">8775.9378</dst>
      <dst id="23">1222.2133</dst>
      <dst id="8">250187.2800</dst>
      <dst id="18">1302.3289</dst>
      <dst id="4">159129.8578</dst>
      <dst id="1">7675.2356</dst>
      <dst id="5">295033.4578</dst>
      <dst id="3">22618.8711</dst>
      <dst id="22">14528.8089</dst>
      <dst id="7">17227.2356</dst>
      <dst id="2">20806.3556</dst>
      <dst id="6">229.7422</dst>
      <dst id="16">15435.8133</dst>
      <dst id="14">44298.1067</dst>
      <dst id="20">4514.7911</dst>
      <dst id="11">281780.5867</dst>
      <dst id="9">411161.9911</dst>
      <dst id="17">2531.5111</dst>
      <dst id="21">34372.8267</dst>
      <dst id="15">1028.8000</dst>
    </src>
    <src id="21">
      <dst id="12">21934.5778</dst>
      <dst id="13">5864.7556</dst>
      <dst id="19">1985.1556</dst>
      <dst id="23">278.0178</dst>
      <dst id="8">316.2844</dst>
      <dst id="18">5178.8178</dst>
      <dst id="4">23850.0178</dst>
      <dst id="1">57173.6000</dst>
      <dst id="5">3361.3244</dst>
      <dst id="3">22619.9467</dst>
      <dst id="22">2881.4756</dst>
      <dst id="7">9890.8800</dst>
      <dst id="2">22514.6311</dst>
      <dst id="6">52.2222</dst>
      <dst id="16">1050.0800</dst>
      <dst id="14">78.5867</dst>
      <dst id="20">1777.3867</dst>
      <dst id="11">4438.2133</dst>
      <dst id="9">1706.7822</dst>
      <dst id="17">9460.2844</dst>
      <dst id="21">3036.2311</dst>
      <dst id="15">524.6222</dst>
    </src>
    <src id="15">
      <dst id="12">4739.4756</dst>
      <dst id="13">1502.6667</dst>
      <dst id="19">54.8356</dst>
      <dst id="23">30.7111</dst>
      <dst id="8">1463.5556</dst>
      <dst id="18">71.0933</dst>
      <dst id="4">2275.7244</dst>
      <dst id="1">1985.2800</dst>
      <dst id="5">2858.7822</dst>
      <dst id="3">2.5956</dst>
      <dst id="7">235.7333</dst>
      <dst id="2">701.8222</dst>
      <dst id="14">0.3556</dst>
      <dst id="11">1727.5022</dst>
      <dst id="9">2700.1511</dst>
      <dst id="17">1422.0800</dst>
      <dst id="21">251.7244</dst>
    </src>
  </IntraTM>
</TrafficMatrixFile>
