<?xml version="1.0" encoding="UTF-8" standalone="yes"?>
<TrafficMatrixFile xmlns:xsi="http://www.w3.org/2001/XMLSchema-instance" xsi:noNamespaceSchemaLocation="http://totem.run.montefiore.ulg.ac.be/Schema/TrafficMatrix-v1_2.xsd">
  <info>
    <title>Intradomain traffic matrix generated by geant-TM-all.pl</title>
    <date>2005-01-04T01:15:00</date>
    <duration>900</duration>
    <author>Steve Uhlig</author>
    <units>
        <unit type="bandwidth" value="kbps"/>
    </units>
  </info>
  <IntraTM ASID="20965">
    <src id="12">
      <dst id="12">241210.9689</dst>
      <dst id="13">28570.0444</dst>
      <dst id="19">2290.6044</dst>
      <dst id="23">1851.3778</dst>
      <dst id="8">1402.6844</dst>
      <dst id="18">3559.2978</dst>
      <dst id="4">66020.3733</dst>
      <dst id="1">7173.2267</dst>
      <dst id="5">3468.6133</dst>
      <dst id="3">6976.8267</dst>
      <dst id="22">13026.9600</dst>
      <dst id="7">11949.6356</dst>
      <dst id="2">93052.1778</dst>
      <dst id="6">3.8756</dst>
      <dst id="16">3798.1600</dst>
      <dst id="14">226.1333</dst>
      <dst id="20">3251.8844</dst>
      <dst id="11">6458.2667</dst>
      <dst id="9">8448.2222</dst>
      <dst id="17">70877.3067</dst>
      <dst id="21">2037.0222</dst>
      <dst id="15">9331.9556</dst>
    </src>
    <src id="13">
      <dst id="12">57251.0933</dst>
      <dst id="19">8668.7467</dst>
      <dst id="23">381.7600</dst>
      <dst id="8">2420.1867</dst>
      <dst id="18">1802.1600</dst>
      <dst id="1">5168.0089</dst>
      <dst id="5">7387.9733</dst>
      <dst id="3">12448.7467</dst>
      <dst id="22">20262.8622</dst>
      <dst id="7">8424.2311</dst>
      <dst id="2">110184.2578</dst>
      <dst id="6">113.6267</dst>
      <dst id="16">12109.5111</dst>
      <dst id="14">1698.0089</dst>
      <dst id="20">13536.5333</dst>
      <dst id="11">17412.1600</dst>
      <dst id="9">19192.3644</dst>
      <dst id="17">59043.7511</dst>
      <dst id="21">16522.9956</dst>
      <dst id="15">4061.6889</dst>
    </src>
    <src id="19">
      <dst id="12">20785.7511</dst>
      <dst id="13">323.6000</dst>
      <dst id="23">185.1467</dst>
      <dst id="8">0.8356</dst>
      <dst id="18">551.8133</dst>
      <dst id="4">18967.7956</dst>
      <dst id="1">1628.7289</dst>
      <dst id="5">66.1600</dst>
      <dst id="3">40.3556</dst>
      <dst id="22">106.7733</dst>
      <dst id="7">4624.4800</dst>
      <dst id="2">612.5422</dst>
      <dst id="6">27.3422</dst>
      <dst id="16">5811.1556</dst>
      <dst id="14">5.9111</dst>
      <dst id="20">15.1378</dst>
      <dst id="11">3.8133</dst>
      <dst id="9">153.3511</dst>
      <dst id="17">3651.6089</dst>
      <dst id="21">309.4311</dst>
      <dst id="15">0.4622</dst>
    </src>
    <src id="23">
      <dst id="12">1131.9733</dst>
      <dst id="13">266.0800</dst>
      <dst id="19">96.1422</dst>
      <dst id="8">46.6667</dst>
      <dst id="18">334.2933</dst>
      <dst id="4">4.9511</dst>
      <dst id="1">53.4756</dst>
      <dst id="5">42.2133</dst>
      <dst id="3">242.6222</dst>
      <dst id="22">434.8622</dst>
      <dst id="7">2181.2089</dst>
      <dst id="2">130.8800</dst>
      <dst id="16">5.7156</dst>
      <dst id="20">95.1200</dst>
      <dst id="11">15.1644</dst>
      <dst id="9">325.3333</dst>
      <dst id="17">285.1022</dst>
      <dst id="21">131.9822</dst>
      <dst id="15">0.3378</dst>
    </src>
    <src id="8">
      <dst id="12">328331.5111</dst>
      <dst id="13">2890.5689</dst>
      <dst id="19">0.4711</dst>
      <dst id="23">75.6800</dst>
      <dst id="18">66.3111</dst>
      <dst id="4">5175.6533</dst>
      <dst id="1">359.9467</dst>
      <dst id="5">1679.7422</dst>
      <dst id="3">37.8667</dst>
      <dst id="22">616.4711</dst>
      <dst id="7">212.0978</dst>
      <dst id="2">138155.9822</dst>
      <dst id="16">1684.2400</dst>
      <dst id="20">36.9333</dst>
      <dst id="11">483.4844</dst>
      <dst id="9">461.2356</dst>
      <dst id="17">122240.1244</dst>
      <dst id="21">120.4622</dst>
      <dst id="15">44.1244</dst>
    </src>
    <src id="18">
      <dst id="12">93640.6578</dst>
      <dst id="13">88.6933</dst>
      <dst id="19">17.9200</dst>
      <dst id="23">20.8267</dst>
      <dst id="8">70.9156</dst>
      <dst id="4">1678.0800</dst>
      <dst id="1">769.4133</dst>
      <dst id="5">156.5778</dst>
      <dst id="3">99.2267</dst>
      <dst id="22">187.7511</dst>
      <dst id="7">1408.5956</dst>
      <dst id="2">31943.9200</dst>
      <dst id="16">26.8089</dst>
      <dst id="20">1361.4133</dst>
      <dst id="11">192.6133</dst>
      <dst id="9">130.4978</dst>
      <dst id="17">42829.1022</dst>
      <dst id="21">395.4400</dst>
      <dst id="15">2.8800</dst>
    </src>
    <src id="4">
      <dst id="12">63631.5200</dst>
      <dst id="19">15273.2444</dst>
      <dst id="8">857.3067</dst>
      <dst id="18">811.0133</dst>
      <dst id="1">14158.1156</dst>
      <dst id="5">925.0133</dst>
      <dst id="3">479.8044</dst>
      <dst id="22">5346.1511</dst>
      <dst id="7">159948.6933</dst>
      <dst id="2">73704.9333</dst>
      <dst id="6">0.4356</dst>
      <dst id="16">1530.0622</dst>
      <dst id="14">1554.9156</dst>
      <dst id="20">2114.7644</dst>
      <dst id="11">4437.7156</dst>
      <dst id="9">1651.1111</dst>
      <dst id="17">133944.8089</dst>
      <dst id="21">4682.3200</dst>
      <dst id="15">1135.2978</dst>
    </src>
    <src id="1">
      <dst id="12">11019.8667</dst>
      <dst id="13">893.3067</dst>
      <dst id="19">107.5022</dst>
      <dst id="23">28.5511</dst>
      <dst id="8">113686.3822</dst>
      <dst id="18">14240.2044</dst>
      <dst id="4">5092.4356</dst>
      <dst id="1">5140.3467</dst>
      <dst id="5">206641.0756</dst>
      <dst id="3">270.4089</dst>
      <dst id="22">5425.0756</dst>
      <dst id="7">972.4267</dst>
      <dst id="2">27280.4533</dst>
      <dst id="6">10041.5378</dst>
      <dst id="16">8954.5867</dst>
      <dst id="14">66.2133</dst>
      <dst id="20">47.2178</dst>
      <dst id="11">535.6000</dst>
      <dst id="9">216542.9778</dst>
      <dst id="17">3780.7911</dst>
      <dst id="21">6929.1467</dst>
      <dst id="15">202.4533</dst>
    </src>
    <src id="5">
      <dst id="12">322154.5422</dst>
      <dst id="13">7911.6978</dst>
      <dst id="19">16.9511</dst>
      <dst id="23">152.9600</dst>
      <dst id="8">3975.7689</dst>
      <dst id="18">579.8667</dst>
      <dst id="4">8986.6222</dst>
      <dst id="1">488.5333</dst>
      <dst id="3">29.8044</dst>
      <dst id="22">14980.3911</dst>
      <dst id="7">402.5244</dst>
      <dst id="2">151352.9244</dst>
      <dst id="6">45.3867</dst>
      <dst id="16">1351.1733</dst>
      <dst id="14">76.7556</dst>
      <dst id="20">13200.1689</dst>
      <dst id="11">1013.7422</dst>
      <dst id="9">2920.7022</dst>
      <dst id="17">113885.1556</dst>
      <dst id="21">290.1244</dst>
      <dst id="15">149.9644</dst>
    </src>
    <src id="3">
      <dst id="12">11567.3956</dst>
      <dst id="13">698.7556</dst>
      <dst id="19">1110.8622</dst>
      <dst id="23">8023.2356</dst>
      <dst id="8">249.8311</dst>
      <dst id="18">79289.0133</dst>
      <dst id="4">17509.0844</dst>
      <dst id="1">15395.0311</dst>
      <dst id="5">636.7644</dst>
      <dst id="3">15057.6622</dst>
      <dst id="22">1339.7067</dst>
      <dst id="7">2177.8844</dst>
      <dst id="2">6290.6844</dst>
      <dst id="6">114.3111</dst>
      <dst id="16">996.5156</dst>
      <dst id="14">34438.3822</dst>
      <dst id="20">2756.4267</dst>
      <dst id="11">164734.7111</dst>
      <dst id="9">433.3244</dst>
      <dst id="17">9455.0933</dst>
      <dst id="21">12781.3422</dst>
      <dst id="15">594.7200</dst>
    </src>
    <src id="10">
      <dst id="12">18839.1378</dst>
      <dst id="19">3519.1022</dst>
      <dst id="8">408.3733</dst>
      <dst id="18">7513.8311</dst>
      <dst id="4">0.7111</dst>
      <dst id="1">2264.8267</dst>
      <dst id="5">720.2400</dst>
      <dst id="3">798.1511</dst>
      <dst id="22">15409.0133</dst>
      <dst id="7">7991.9644</dst>
      <dst id="2">22171.7067</dst>
      <dst id="6">40.2133</dst>
      <dst id="16">4648.9867</dst>
      <dst id="14">2333.6267</dst>
      <dst id="20">4894.3022</dst>
      <dst id="11">6835.7867</dst>
      <dst id="9">1616.0533</dst>
      <dst id="17">15340.6311</dst>
      <dst id="21">14957.0133</dst>
      <dst id="15">2387.6711</dst>
    </src>
    <src id="22">
      <dst id="12">7571.9289</dst>
      <dst id="13">3477.3244</dst>
      <dst id="19">58.0889</dst>
      <dst id="23">40.1778</dst>
      <dst id="8">852.3111</dst>
      <dst id="18">268.1778</dst>
      <dst id="4">13397.1111</dst>
      <dst id="1">354.5067</dst>
      <dst id="5">6204.3022</dst>
      <dst id="3">2055.4667</dst>
      <dst id="7">1008.5422</dst>
      <dst id="2">3121.9111</dst>
      <dst id="6">69.7778</dst>
      <dst id="16">21.8667</dst>
      <dst id="14">113.0489</dst>
      <dst id="11">2339.6711</dst>
      <dst id="9">9648.0267</dst>
      <dst id="17">4330.4978</dst>
      <dst id="21">1542.2133</dst>
    </src>
    <src id="7">
      <dst id="12">8427.2444</dst>
      <dst id="13">2679.6800</dst>
      <dst id="19">367.0044</dst>
      <dst id="23">89.2356</dst>
      <dst id="8">432.1333</dst>
      <dst id="18">192.9422</dst>
      <dst id="4">14545.1644</dst>
      <dst id="1">1035.4311</dst>
      <dst id="5">1076.4711</dst>
      <dst id="3">12926.0356</dst>
      <dst id="22">3173.5467</dst>
      <dst id="7">768.6756</dst>
      <dst id="2">7042.1244</dst>
      <dst id="6">104.8978</dst>
      <dst id="16">661.7156</dst>
      <dst id="14">75.9911</dst>
      <dst id="20">169.5822</dst>
      <dst id="11">784.2222</dst>
      <dst id="9">685.5556</dst>
      <dst id="17">17800.1778</dst>
      <dst id="21">2733.4044</dst>
      <dst id="15">437.5911</dst>
    </src>
    <src id="2">
      <dst id="12">116599.9467</dst>
      <dst id="13">512570.8267</dst>
      <dst id="19">669.8489</dst>
      <dst id="8">518.8444</dst>
      <dst id="18">56444.3200</dst>
      <dst id="4">74813.6267</dst>
      <dst id="1">6852.5156</dst>
      <dst id="5">1857.2711</dst>
      <dst id="3">61.0756</dst>
      <dst id="22">7492.5422</dst>
      <dst id="7">4005.6889</dst>
      <dst id="2">1126.5333</dst>
      <dst id="6">9089.9378</dst>
      <dst id="16">1613.3956</dst>
      <dst id="14">6611.4578</dst>
      <dst id="20">525.2533</dst>
      <dst id="11">7004.5600</dst>
      <dst id="9">826.6133</dst>
      <dst id="17">45983.2622</dst>
      <dst id="21">1667.3867</dst>
      <dst id="15">269.7156</dst>
    </src>
    <src id="6">
      <dst id="12">11908.5156</dst>
      <dst id="13">29.4489</dst>
      <dst id="19">1.2622</dst>
      <dst id="23">12.9600</dst>
      <dst id="4">1011.4222</dst>
      <dst id="1">38.8978</dst>
      <dst id="5">1.4222</dst>
      <dst id="22">3.3600</dst>
      <dst id="7">50.8800</dst>
      <dst id="2">3041.5911</dst>
      <dst id="16">24.8889</dst>
      <dst id="20">0.8178</dst>
      <dst id="9">1.1644</dst>
      <dst id="17">2192.6311</dst>
      <dst id="21">3.6889</dst>
    </src>
    <src id="16">
      <dst id="12">1964.8444</dst>
      <dst id="13">2145.6089</dst>
      <dst id="19">4280.5333</dst>
      <dst id="23">86.2578</dst>
      <dst id="8">2864.7022</dst>
      <dst id="18">42.4089</dst>
      <dst id="4">2839.2444</dst>
      <dst id="1">24427.8044</dst>
      <dst id="5">3050.5511</dst>
      <dst id="3">3.3778</dst>
      <dst id="7">104.6133</dst>
      <dst id="2">743.0844</dst>
      <dst id="16">45.2978</dst>
      <dst id="14">10.0444</dst>
      <dst id="11">140.3911</dst>
      <dst id="9">9897.8400</dst>
      <dst id="17">1278.6044</dst>
      <dst id="21">1883.2889</dst>
    </src>
    <src id="14">
      <dst id="12">21055.0400</dst>
      <dst id="13">20.8800</dst>
      <dst id="19">5.9733</dst>
      <dst id="18">0.3733</dst>
      <dst id="4">1694.6578</dst>
      <dst id="1">85.1644</dst>
      <dst id="5">22.9422</dst>
      <dst id="3">627.8400</dst>
      <dst id="22">17.4489</dst>
      <dst id="7">47.1378</dst>
      <dst id="2">5661.7333</dst>
      <dst id="16">1.2800</dst>
      <dst id="20">3.8044</dst>
      <dst id="11">118.1689</dst>
      <dst id="9">8.1333</dst>
      <dst id="17">8588.6133</dst>
      <dst id="21">82.4089</dst>
      <dst id="15">0.4178</dst>
    </src>
    <src id="20">
      <dst id="12">3897.7956</dst>
      <dst id="13">13671.0133</dst>
      <dst id="19">254.5778</dst>
      <dst id="23">42.4267</dst>
      <dst id="8">380.8267</dst>
      <dst id="18">38.1156</dst>
      <dst id="4">7354.7022</dst>
      <dst id="1">185.7511</dst>
      <dst id="5">2244.9067</dst>
      <dst id="3">1283.3600</dst>
      <dst id="7">1622.0889</dst>
      <dst id="2">4170.1067</dst>
      <dst id="6">0.5333</dst>
      <dst id="14">26.1333</dst>
      <dst id="11">2013.8133</dst>
      <dst id="9">984.4000</dst>
      <dst id="17">14277.7689</dst>
      <dst id="21">7766.5511</dst>
    </src>
    <src id="11">
      <dst id="12">433318.1067</dst>
      <dst id="13">4915.2000</dst>
      <dst id="19">57.1111</dst>
      <dst id="23">41.5556</dst>
      <dst id="8">942.6756</dst>
      <dst id="18">143.7778</dst>
      <dst id="4">7177.7689</dst>
      <dst id="1">467.2711</dst>
      <dst id="5">1506.7822</dst>
      <dst id="3">375.8667</dst>
      <dst id="22">2242.7556</dst>
      <dst id="7">660.4444</dst>
      <dst id="2">166135.0400</dst>
      <dst id="6">4.0089</dst>
      <dst id="16">130.7556</dst>
      <dst id="14">32.9600</dst>
      <dst id="20">176.1778</dst>
      <dst id="11">1312.3733</dst>
      <dst id="9">831.7422</dst>
      <dst id="17">169289.7867</dst>
      <dst id="21">753.6089</dst>
      <dst id="15">1036.4444</dst>
    </src>
    <src id="9">
      <dst id="12">430457.9289</dst>
      <dst id="13">6647.6800</dst>
      <dst id="19">742.2489</dst>
      <dst id="23">19.3778</dst>
      <dst id="8">315.1022</dst>
      <dst id="18">304.8978</dst>
      <dst id="4">7017.4311</dst>
      <dst id="1">1975.3689</dst>
      <dst id="5">3184.2400</dst>
      <dst id="3">1.4222</dst>
      <dst id="22">9601.8222</dst>
      <dst id="7">826.2311</dst>
      <dst id="2">155257.9378</dst>
      <dst id="6">0.4444</dst>
      <dst id="16">1535.4400</dst>
      <dst id="14">38.2222</dst>
      <dst id="20">2126.8178</dst>
      <dst id="11">2173.0667</dst>
      <dst id="9">302.7111</dst>
      <dst id="17">192371.7511</dst>
      <dst id="21">4279.5200</dst>
      <dst id="15">448.4800</dst>
    </src>
    <src id="17">
      <dst id="12">10493.5556</dst>
      <dst id="13">9612.7556</dst>
      <dst id="19">1311.8311</dst>
      <dst id="23">560.6222</dst>
      <dst id="8">139051.6267</dst>
      <dst id="18">76.9956</dst>
      <dst id="4">52942.0978</dst>
      <dst id="1">745.0311</dst>
      <dst id="5">207069.6178</dst>
      <dst id="3">5978.2133</dst>
      <dst id="22">3580.0089</dst>
      <dst id="7">2697.0400</dst>
      <dst id="2">20538.6489</dst>
      <dst id="6">72.8178</dst>
      <dst id="16">9442.4356</dst>
      <dst id="14">23643.8489</dst>
      <dst id="20">1154.4533</dst>
      <dst id="11">128923.7511</dst>
      <dst id="9">195063.4133</dst>
      <dst id="17">1540.6400</dst>
      <dst id="21">13222.7022</dst>
      <dst id="15">13137.6267</dst>
    </src>
    <src id="21">
      <dst id="12">16814.3733</dst>
      <dst id="13">2331.4578</dst>
      <dst id="19">119.4400</dst>
      <dst id="23">65.1733</dst>
      <dst id="8">106.0356</dst>
      <dst id="18">15091.2000</dst>
      <dst id="4">21735.1467</dst>
      <dst id="1">2020.9956</dst>
      <dst id="5">560.1867</dst>
      <dst id="3">992.8356</dst>
      <dst id="22">805.9200</dst>
      <dst id="7">619.8933</dst>
      <dst id="2">11290.9067</dst>
      <dst id="6">19.5644</dst>
      <dst id="16">149.8756</dst>
      <dst id="14">303.8489</dst>
      <dst id="20">549.3511</dst>
      <dst id="11">628.3378</dst>
      <dst id="9">519.7600</dst>
      <dst id="17">5153.4044</dst>
      <dst id="21">671.2267</dst>
      <dst id="15">1418.5156</dst>
    </src>
    <src id="15">
      <dst id="12">1252.7289</dst>
      <dst id="13">446.3556</dst>
      <dst id="19">0.3556</dst>
      <dst id="8">119.7067</dst>
      <dst id="18">1.4578</dst>
      <dst id="4">2540.3733</dst>
      <dst id="1">896.6044</dst>
      <dst id="5">32.6400</dst>
      <dst id="3">31.2978</dst>
      <dst id="7">33.7867</dst>
      <dst id="2">287.9644</dst>
      <dst id="11">168.7111</dst>
      <dst id="9">336.3467</dst>
      <dst id="17">949.5733</dst>
      <dst id="21">141.6444</dst>
    </src>
  </IntraTM>
</TrafficMatrixFile>
