<?xml version="1.0" encoding="UTF-8" standalone="yes"?>
<TrafficMatrixFile xmlns:xsi="http://www.w3.org/2001/XMLSchema-instance" xsi:noNamespaceSchemaLocation="http://totem.run.montefiore.ulg.ac.be/Schema/TrafficMatrix-v1_2.xsd">
  <info>
    <title>Intradomain traffic matrix generated by geant-TM-all.pl</title>
    <date>2005-01-05T15:45:00</date>
    <duration>900</duration>
    <author>Steve Uhlig</author>
    <units>
        <unit type="bandwidth" value="kbps"/>
    </units>
  </info>
  <IntraTM ASID="20965">
    <src id="12">
      <dst id="12">269196.5600</dst>
      <dst id="13">18698.2667</dst>
      <dst id="19">11296.0444</dst>
      <dst id="23">949.7956</dst>
      <dst id="8">475.5022</dst>
      <dst id="18">63.7333</dst>
      <dst id="4">66821.5022</dst>
      <dst id="1">16681.0133</dst>
      <dst id="5">2458.3556</dst>
      <dst id="3">12783.8844</dst>
      <dst id="22">10393.7156</dst>
      <dst id="7">4448.6667</dst>
      <dst id="2">63530.7022</dst>
      <dst id="6">13.3422</dst>
      <dst id="16">11693.8933</dst>
      <dst id="14">279.1200</dst>
      <dst id="20">9341.1289</dst>
      <dst id="11">8539.4933</dst>
      <dst id="9">13660.4800</dst>
      <dst id="17">64509.3956</dst>
      <dst id="21">3576.5867</dst>
      <dst id="15">240.4444</dst>
    </src>
    <src id="13">
      <dst id="12">39480.8533</dst>
      <dst id="19">3881.0933</dst>
      <dst id="23">548.9956</dst>
      <dst id="8">4903.1556</dst>
      <dst id="18">2096.4978</dst>
      <dst id="1">4578.0267</dst>
      <dst id="5">5254.2756</dst>
      <dst id="3">7347.4044</dst>
      <dst id="22">19695.9200</dst>
      <dst id="7">17114.0978</dst>
      <dst id="2">46568.9422</dst>
      <dst id="6">142.8000</dst>
      <dst id="16">6493.2889</dst>
      <dst id="14">2759.0756</dst>
      <dst id="20">8022.3111</dst>
      <dst id="11">18029.6267</dst>
      <dst id="9">15942.8267</dst>
      <dst id="17">41977.3156</dst>
      <dst id="21">12254.8622</dst>
      <dst id="15">5655.6267</dst>
    </src>
    <src id="19">
      <dst id="12">16389.1733</dst>
      <dst id="13">321.1289</dst>
      <dst id="23">1.6356</dst>
      <dst id="8">1001.6622</dst>
      <dst id="18">0.3644</dst>
      <dst id="4">19827.0489</dst>
      <dst id="1">1556.1511</dst>
      <dst id="5">3.5644</dst>
      <dst id="3">0.3556</dst>
      <dst id="22">182.3200</dst>
      <dst id="7">5498.4622</dst>
      <dst id="2">226.3289</dst>
      <dst id="6">24.0711</dst>
      <dst id="16">9054.0711</dst>
      <dst id="14">13.0489</dst>
      <dst id="20">286.9511</dst>
      <dst id="11">283.7156</dst>
      <dst id="9">7437.2800</dst>
      <dst id="17">1238.4444</dst>
      <dst id="21">277.9200</dst>
      <dst id="15">0.7111</dst>
    </src>
    <src id="23">
      <dst id="12">1294.4711</dst>
      <dst id="13">62.2933</dst>
      <dst id="19">27.8222</dst>
      <dst id="18">28.9956</dst>
      <dst id="4">7.9467</dst>
      <dst id="1">188.3467</dst>
      <dst id="5">18.9156</dst>
      <dst id="3">325.2000</dst>
      <dst id="22">167.8756</dst>
      <dst id="7">601.7067</dst>
      <dst id="2">1.0133</dst>
      <dst id="6">103.2533</dst>
      <dst id="16">112.2222</dst>
      <dst id="20">13.3333</dst>
      <dst id="11">35.5378</dst>
      <dst id="9">1277.5378</dst>
      <dst id="17">3443.6711</dst>
      <dst id="21">85.2089</dst>
      <dst id="15">0.8533</dst>
    </src>
    <src id="8">
      <dst id="12">262366.7733</dst>
      <dst id="13">482.2311</dst>
      <dst id="19">40.3022</dst>
      <dst id="23">1.3067</dst>
      <dst id="18">0.3200</dst>
      <dst id="4">7128.4533</dst>
      <dst id="1">638.8444</dst>
      <dst id="5">304.2133</dst>
      <dst id="22">1331.7689</dst>
      <dst id="7">54.7644</dst>
      <dst id="2">91817.3600</dst>
      <dst id="16">1265.2533</dst>
      <dst id="14">0.8178</dst>
      <dst id="20">252.6044</dst>
      <dst id="11">326.4267</dst>
      <dst id="9">216.5244</dst>
      <dst id="17">91371.3689</dst>
      <dst id="21">85.1556</dst>
      <dst id="15">187.8489</dst>
    </src>
    <src id="18">
      <dst id="12">91174.3111</dst>
      <dst id="13">27.1467</dst>
      <dst id="19">1.5467</dst>
      <dst id="23">1.3867</dst>
      <dst id="8">2.0178</dst>
      <dst id="4">1948.0356</dst>
      <dst id="1">1081.9378</dst>
      <dst id="5">134.5778</dst>
      <dst id="3">42.0711</dst>
      <dst id="22">13.8044</dst>
      <dst id="7">45.3600</dst>
      <dst id="2">27972.7378</dst>
      <dst id="16">13.7422</dst>
      <dst id="14">15.6089</dst>
      <dst id="20">322.0089</dst>
      <dst id="11">3276.8711</dst>
      <dst id="9">72.8800</dst>
      <dst id="17">33109.4756</dst>
      <dst id="21">47.0222</dst>
      <dst id="15">3.0578</dst>
    </src>
    <src id="4">
      <dst id="12">12273.0933</dst>
      <dst id="19">17472.7111</dst>
      <dst id="8">917.5822</dst>
      <dst id="18">239.2978</dst>
      <dst id="4">1.6533</dst>
      <dst id="1">65200.7111</dst>
      <dst id="5">2287.4400</dst>
      <dst id="3">145.4044</dst>
      <dst id="22">4462.2222</dst>
      <dst id="7">28954.6400</dst>
      <dst id="2">43444.0000</dst>
      <dst id="6">136.0622</dst>
      <dst id="16">1734.3111</dst>
      <dst id="14">1390.8356</dst>
      <dst id="20">1325.3867</dst>
      <dst id="11">3830.7289</dst>
      <dst id="9">4960.9156</dst>
      <dst id="17">19986.3467</dst>
      <dst id="21">4346.1956</dst>
      <dst id="15">2127.9822</dst>
    </src>
    <src id="1">
      <dst id="12">19183.5556</dst>
      <dst id="13">7095.2800</dst>
      <dst id="19">224.2578</dst>
      <dst id="23">62.7644</dst>
      <dst id="8">75613.3600</dst>
      <dst id="18">12683.2356</dst>
      <dst id="4">8191.3867</dst>
      <dst id="1">13347.6356</dst>
      <dst id="5">184570.3911</dst>
      <dst id="3">1553.1200</dst>
      <dst id="22">3117.1200</dst>
      <dst id="7">6757.5111</dst>
      <dst id="2">18943.8578</dst>
      <dst id="6">9546.1867</dst>
      <dst id="16">14938.9867</dst>
      <dst id="14">213.2356</dst>
      <dst id="20">478.0178</dst>
      <dst id="11">525.3867</dst>
      <dst id="9">243096.1511</dst>
      <dst id="17">4429.7511</dst>
      <dst id="21">30234.6400</dst>
      <dst id="15">220.8444</dst>
    </src>
    <src id="5">
      <dst id="12">288976.4267</dst>
      <dst id="13">205.5378</dst>
      <dst id="19">7.1911</dst>
      <dst id="8">272.6578</dst>
      <dst id="18">430.5511</dst>
      <dst id="4">8917.2356</dst>
      <dst id="1">446.3200</dst>
      <dst id="22">3748.6222</dst>
      <dst id="7">134.1956</dst>
      <dst id="2">98421.6356</dst>
      <dst id="6">0.3556</dst>
      <dst id="16">733.0667</dst>
      <dst id="14">39.0578</dst>
      <dst id="20">1084.4533</dst>
      <dst id="11">766.8178</dst>
      <dst id="9">319.1200</dst>
      <dst id="17">91859.7422</dst>
      <dst id="21">62.8711</dst>
      <dst id="15">210.5956</dst>
    </src>
    <src id="3">
      <dst id="12">10572.3733</dst>
      <dst id="13">9007.7778</dst>
      <dst id="19">1236.0000</dst>
      <dst id="23">8397.6889</dst>
      <dst id="8">308.0356</dst>
      <dst id="18">38431.2444</dst>
      <dst id="4">31280.7289</dst>
      <dst id="1">6097.3778</dst>
      <dst id="5">171.5467</dst>
      <dst id="3">8150.2133</dst>
      <dst id="22">2369.4133</dst>
      <dst id="7">2443.2800</dst>
      <dst id="2">15570.4356</dst>
      <dst id="6">0.3378</dst>
      <dst id="16">1565.5289</dst>
      <dst id="14">44854.9244</dst>
      <dst id="20">4634.7200</dst>
      <dst id="11">200029.5467</dst>
      <dst id="9">303.6622</dst>
      <dst id="17">20101.5556</dst>
      <dst id="21">18269.0311</dst>
      <dst id="15">723.5378</dst>
    </src>
    <src id="10">
      <dst id="12">14576.0356</dst>
      <dst id="19">1049.1733</dst>
      <dst id="8">1131.3422</dst>
      <dst id="18">1602.4711</dst>
      <dst id="1">4944.5956</dst>
      <dst id="5">745.5733</dst>
      <dst id="3">4084.2489</dst>
      <dst id="22">4123.7689</dst>
      <dst id="7">63543.3156</dst>
      <dst id="2">18704.5067</dst>
      <dst id="6">5.9822</dst>
      <dst id="16">4242.5600</dst>
      <dst id="14">3706.3200</dst>
      <dst id="20">1018.0000</dst>
      <dst id="11">7618.9600</dst>
      <dst id="9">2752.1778</dst>
      <dst id="17">15641.2178</dst>
      <dst id="21">12267.7244</dst>
      <dst id="15">2938.9511</dst>
    </src>
    <src id="22">
      <dst id="12">7507.1111</dst>
      <dst id="13">2089.7867</dst>
      <dst id="19">95.3244</dst>
      <dst id="23">11.4489</dst>
      <dst id="8">1271.2444</dst>
      <dst id="18">253.9289</dst>
      <dst id="4">19926.9778</dst>
      <dst id="1">2401.6711</dst>
      <dst id="5">2325.3867</dst>
      <dst id="3">1408.9867</dst>
      <dst id="7">2476.1067</dst>
      <dst id="2">3913.4133</dst>
      <dst id="6">28.6489</dst>
      <dst id="16">0.6578</dst>
      <dst id="14">109.1289</dst>
      <dst id="11">1339.9556</dst>
      <dst id="9">3341.9644</dst>
      <dst id="17">1621.6267</dst>
      <dst id="21">468.7467</dst>
    </src>
    <src id="7">
      <dst id="12">2221.6978</dst>
      <dst id="13">511.8578</dst>
      <dst id="19">235.8311</dst>
      <dst id="23">224.6933</dst>
      <dst id="8">26.3911</dst>
      <dst id="18">17.5022</dst>
      <dst id="4">10860.0089</dst>
      <dst id="1">1639.9378</dst>
      <dst id="5">1270.4267</dst>
      <dst id="3">227.7778</dst>
      <dst id="22">4968.7911</dst>
      <dst id="7">694.6489</dst>
      <dst id="2">2346.6133</dst>
      <dst id="6">63.7333</dst>
      <dst id="16">916.1867</dst>
      <dst id="14">135.0756</dst>
      <dst id="20">723.5644</dst>
      <dst id="11">1586.5244</dst>
      <dst id="9">1251.4667</dst>
      <dst id="17">5093.4311</dst>
      <dst id="21">470.5244</dst>
      <dst id="15">2050.9156</dst>
    </src>
    <src id="2">
      <dst id="12">110258.6578</dst>
      <dst id="13">521097.9644</dst>
      <dst id="19">1659.1644</dst>
      <dst id="23">0.8178</dst>
      <dst id="8">306.3911</dst>
      <dst id="18">38361.2356</dst>
      <dst id="4">75322.3733</dst>
      <dst id="1">11270.1600</dst>
      <dst id="5">2891.2000</dst>
      <dst id="3">72.8800</dst>
      <dst id="22">4584.5422</dst>
      <dst id="7">8526.1067</dst>
      <dst id="2">951.0667</dst>
      <dst id="6">10965.1467</dst>
      <dst id="16">5184.2933</dst>
      <dst id="14">5226.2489</dst>
      <dst id="20">496.6667</dst>
      <dst id="11">4101.0044</dst>
      <dst id="9">1429.5111</dst>
      <dst id="17">21928.5600</dst>
      <dst id="21">1296.6667</dst>
      <dst id="15">63.0400</dst>
    </src>
    <src id="6">
      <dst id="12">8101.1467</dst>
      <dst id="13">3.2800</dst>
      <dst id="19">13.6889</dst>
      <dst id="23">3.7156</dst>
      <dst id="8">0.7111</dst>
      <dst id="18">0.3378</dst>
      <dst id="4">649.1022</dst>
      <dst id="1">24.9689</dst>
      <dst id="5">43.4578</dst>
      <dst id="22">15.4311</dst>
      <dst id="7">13.5644</dst>
      <dst id="2">1709.9911</dst>
      <dst id="16">50.2756</dst>
      <dst id="20">0.4622</dst>
      <dst id="11">13.3156</dst>
      <dst id="9">17.6800</dst>
      <dst id="17">1271.9378</dst>
      <dst id="21">1.7422</dst>
      <dst id="15">0.3378</dst>
    </src>
    <src id="16">
      <dst id="12">2256.8444</dst>
      <dst id="13">214.6933</dst>
      <dst id="19">4357.7067</dst>
      <dst id="23">4.8356</dst>
      <dst id="8">10204.3467</dst>
      <dst id="18">31.3956</dst>
      <dst id="4">4276.7733</dst>
      <dst id="1">24184.6578</dst>
      <dst id="5">6769.7867</dst>
      <dst id="3">19.6356</dst>
      <dst id="7">1641.2889</dst>
      <dst id="2">679.5822</dst>
      <dst id="6">47.9911</dst>
      <dst id="16">322.2400</dst>
      <dst id="14">228.7822</dst>
      <dst id="11">946.4622</dst>
      <dst id="9">11797.3511</dst>
      <dst id="17">4506.5067</dst>
      <dst id="21">2735.4133</dst>
    </src>
    <src id="14">
      <dst id="12">17671.4400</dst>
      <dst id="13">69.5378</dst>
      <dst id="19">3.0933</dst>
      <dst id="23">0.3556</dst>
      <dst id="18">2.6667</dst>
      <dst id="4">2460.2489</dst>
      <dst id="1">154.2756</dst>
      <dst id="5">0.3556</dst>
      <dst id="3">111.7956</dst>
      <dst id="22">174.8178</dst>
      <dst id="7">349.8933</dst>
      <dst id="2">5874.8711</dst>
      <dst id="6">0.5689</dst>
      <dst id="16">8.2133</dst>
      <dst id="20">4.1600</dst>
      <dst id="11">39.8756</dst>
      <dst id="9">39.0311</dst>
      <dst id="17">7107.1200</dst>
      <dst id="21">47.3867</dst>
    </src>
    <src id="20">
      <dst id="12">1997.9022</dst>
      <dst id="13">1446.8267</dst>
      <dst id="19">66.8089</dst>
      <dst id="8">91.4578</dst>
      <dst id="18">18.2756</dst>
      <dst id="4">8607.0667</dst>
      <dst id="1">132.8000</dst>
      <dst id="5">1035.0222</dst>
      <dst id="3">1123.2267</dst>
      <dst id="7">2056.6578</dst>
      <dst id="2">941.9111</dst>
      <dst id="6">14.5778</dst>
      <dst id="14">4.0889</dst>
      <dst id="11">1536.6133</dst>
      <dst id="9">3552.3733</dst>
      <dst id="17">3574.9511</dst>
      <dst id="21">2771.9289</dst>
    </src>
    <src id="11">
      <dst id="12">357503.0844</dst>
      <dst id="13">3113.9022</dst>
      <dst id="19">18.2578</dst>
      <dst id="23">8.5778</dst>
      <dst id="8">571.8400</dst>
      <dst id="18">103.1378</dst>
      <dst id="4">11748.1689</dst>
      <dst id="1">817.1644</dst>
      <dst id="5">654.1689</dst>
      <dst id="3">753.0133</dst>
      <dst id="22">2600.7111</dst>
      <dst id="7">1636.4356</dst>
      <dst id="2">120200.2844</dst>
      <dst id="6">2.6756</dst>
      <dst id="16">931.0844</dst>
      <dst id="14">30.1422</dst>
      <dst id="20">677.7778</dst>
      <dst id="11">1924.9867</dst>
      <dst id="9">530.0178</dst>
      <dst id="17">141429.4311</dst>
      <dst id="21">620.9689</dst>
      <dst id="15">231.8400</dst>
    </src>
    <src id="9">
      <dst id="12">388871.7778</dst>
      <dst id="13">6825.6533</dst>
      <dst id="19">17999.8311</dst>
      <dst id="23">43.9111</dst>
      <dst id="8">445.1467</dst>
      <dst id="18">164.0356</dst>
      <dst id="4">10048.4711</dst>
      <dst id="1">937.7867</dst>
      <dst id="5">471.4044</dst>
      <dst id="3">256.5422</dst>
      <dst id="22">1113.0756</dst>
      <dst id="7">456.2400</dst>
      <dst id="2">114465.1644</dst>
      <dst id="6">3.0311</dst>
      <dst id="16">722.7556</dst>
      <dst id="14">404.9156</dst>
      <dst id="20">2349.3244</dst>
      <dst id="11">1583.1822</dst>
      <dst id="9">397.8933</dst>
      <dst id="17">125078.8000</dst>
      <dst id="21">100.9867</dst>
      <dst id="15">2031.6444</dst>
    </src>
    <src id="17">
      <dst id="12">5368.3200</dst>
      <dst id="13">1350.7467</dst>
      <dst id="19">1204.0889</dst>
      <dst id="23">51.1111</dst>
      <dst id="8">91572.0089</dst>
      <dst id="18">3268.1689</dst>
      <dst id="4">79340.7556</dst>
      <dst id="1">4598.4000</dst>
      <dst id="5">172657.7689</dst>
      <dst id="3">6756.8889</dst>
      <dst id="22">2085.2889</dst>
      <dst id="7">2231.9556</dst>
      <dst id="2">14408.9333</dst>
      <dst id="6">324.5422</dst>
      <dst id="16">4080.5600</dst>
      <dst id="14">30129.2889</dst>
      <dst id="20">1498.1333</dst>
      <dst id="11">133602.5778</dst>
      <dst id="9">190503.8400</dst>
      <dst id="17">1858.3733</dst>
      <dst id="21">5480.8889</dst>
      <dst id="15">183.1644</dst>
    </src>
    <src id="21">
      <dst id="12">12400.5600</dst>
      <dst id="13">3218.8267</dst>
      <dst id="19">320.2311</dst>
      <dst id="23">2.1333</dst>
      <dst id="8">222.3378</dst>
      <dst id="18">280.1422</dst>
      <dst id="4">19419.0489</dst>
      <dst id="1">2482.0622</dst>
      <dst id="5">232.8444</dst>
      <dst id="3">4655.7244</dst>
      <dst id="22">2080.9867</dst>
      <dst id="7">5687.5644</dst>
      <dst id="2">8294.6578</dst>
      <dst id="6">27.2000</dst>
      <dst id="16">378.8000</dst>
      <dst id="14">175.3511</dst>
      <dst id="20">2521.0133</dst>
      <dst id="11">1822.1067</dst>
      <dst id="9">459.2444</dst>
      <dst id="17">7254.2578</dst>
      <dst id="21">276.6667</dst>
      <dst id="15">137.4044</dst>
    </src>
    <src id="15">
      <dst id="12">387.0133</dst>
      <dst id="13">212.5422</dst>
      <dst id="19">25.6356</dst>
      <dst id="23">1.2089</dst>
      <dst id="8">39.5733</dst>
      <dst id="18">15.6356</dst>
      <dst id="4">1813.5289</dst>
      <dst id="1">871.4311</dst>
      <dst id="5">164.0178</dst>
      <dst id="3">26.1956</dst>
      <dst id="7">85.3867</dst>
      <dst id="2">53.8489</dst>
      <dst id="6">0.4267</dst>
      <dst id="14">1.1022</dst>
      <dst id="11">454.3378</dst>
      <dst id="9">265.9556</dst>
      <dst id="17">5149.8489</dst>
      <dst id="21">32.2489</dst>
    </src>
  </IntraTM>
</TrafficMatrixFile>
