<?xml version="1.0" encoding="UTF-8" standalone="yes"?>
<TrafficMatrixFile xmlns:xsi="http://www.w3.org/2001/XMLSchema-instance" xsi:noNamespaceSchemaLocation="http://totem.run.montefiore.ulg.ac.be/Schema/TrafficMatrix-v1_2.xsd">
  <info>
    <title>Intradomain traffic matrix generated by geant-TM-all.pl</title>
    <date>2005-01-03T09:15:00</date>
    <duration>900</duration>
    <author>Steve Uhlig</author>
    <units>
        <unit type="bandwidth" value="kbps"/>
    </units>
  </info>
  <IntraTM ASID="20965">
    <src id="12">
      <dst id="12">188586.5156</dst>
      <dst id="13">23903.9378</dst>
      <dst id="19">1045.8844</dst>
      <dst id="23">13.2622</dst>
      <dst id="8">2404.0889</dst>
      <dst id="18">3178.9156</dst>
      <dst id="4">83418.7378</dst>
      <dst id="1">7154.6133</dst>
      <dst id="5">3328.4267</dst>
      <dst id="3">4122.8444</dst>
      <dst id="22">31500.8356</dst>
      <dst id="7">1523.0400</dst>
      <dst id="2">80307.9911</dst>
      <dst id="6">2.4711</dst>
      <dst id="16">11186.9956</dst>
      <dst id="14">94.1689</dst>
      <dst id="20">5704.2667</dst>
      <dst id="11">6761.5822</dst>
      <dst id="9">13412.0800</dst>
      <dst id="17">69826.5422</dst>
      <dst id="21">5456.2489</dst>
      <dst id="15">162.6844</dst>
    </src>
    <src id="13">
      <dst id="12">39659.7422</dst>
      <dst id="19">26841.7956</dst>
      <dst id="23">32.5511</dst>
      <dst id="8">1873.6533</dst>
      <dst id="18">3842.1333</dst>
      <dst id="4">5.0844</dst>
      <dst id="1">5100.2844</dst>
      <dst id="5">3438.5333</dst>
      <dst id="3">5036.0978</dst>
      <dst id="22">30537.9111</dst>
      <dst id="7">11857.9111</dst>
      <dst id="2">103811.4400</dst>
      <dst id="6">74.8444</dst>
      <dst id="16">7151.9022</dst>
      <dst id="14">1054.2311</dst>
      <dst id="20">10827.4578</dst>
      <dst id="11">9675.5378</dst>
      <dst id="9">8618.5511</dst>
      <dst id="17">38436.5422</dst>
      <dst id="21">19553.9556</dst>
      <dst id="15">3513.0222</dst>
    </src>
    <src id="19">
      <dst id="12">11959.4844</dst>
      <dst id="13">64.7022</dst>
      <dst id="23">13.3333</dst>
      <dst id="8">4591.3244</dst>
      <dst id="18">12.8889</dst>
      <dst id="4">17924.8533</dst>
      <dst id="1">629.5200</dst>
      <dst id="5">28.4800</dst>
      <dst id="22">167.2622</dst>
      <dst id="7">3689.2267</dst>
      <dst id="2">1872.5422</dst>
      <dst id="6">75.4489</dst>
      <dst id="16">5840.7911</dst>
      <dst id="20">19.5467</dst>
      <dst id="11">14.2578</dst>
      <dst id="9">199.2444</dst>
      <dst id="17">421.5911</dst>
      <dst id="21">647.9111</dst>
      <dst id="15">1.0844</dst>
    </src>
    <src id="23">
      <dst id="12">363.9111</dst>
      <dst id="13">24.4178</dst>
      <dst id="19">0.9689</dst>
      <dst id="8">19.8044</dst>
      <dst id="18">0.3733</dst>
      <dst id="4">72.5333</dst>
      <dst id="1">33.5378</dst>
      <dst id="5">38.8267</dst>
      <dst id="3">50.3467</dst>
      <dst id="22">43.1111</dst>
      <dst id="7">2165.4044</dst>
      <dst id="2">523.6089</dst>
      <dst id="16">4.7911</dst>
      <dst id="20">22.2578</dst>
      <dst id="11">1.7600</dst>
      <dst id="9">322.7733</dst>
      <dst id="17">110.1333</dst>
      <dst id="21">149.9822</dst>
    </src>
    <src id="8">
      <dst id="12">324986.9867</dst>
      <dst id="13">91.5111</dst>
      <dst id="19">75.8311</dst>
      <dst id="23">853.3333</dst>
      <dst id="18">212.9600</dst>
      <dst id="4">9040.6578</dst>
      <dst id="1">645.6711</dst>
      <dst id="5">1106.9511</dst>
      <dst id="22">1043.5022</dst>
      <dst id="7">5.0044</dst>
      <dst id="2">120829.5467</dst>
      <dst id="16">494.3111</dst>
      <dst id="20">94.0444</dst>
      <dst id="11">906.6400</dst>
      <dst id="9">790.8444</dst>
      <dst id="17">109559.1556</dst>
      <dst id="21">168.4267</dst>
      <dst id="15">29.6267</dst>
    </src>
    <src id="18">
      <dst id="12">96277.6178</dst>
      <dst id="13">1925.3689</dst>
      <dst id="19">1.3867</dst>
      <dst id="23">14.0000</dst>
      <dst id="8">29.8667</dst>
      <dst id="4">2145.7422</dst>
      <dst id="1">1064.3289</dst>
      <dst id="5">282.2133</dst>
      <dst id="3">163.6622</dst>
      <dst id="22">214.3556</dst>
      <dst id="7">6.5511</dst>
      <dst id="2">32786.4889</dst>
      <dst id="16">36.2844</dst>
      <dst id="20">3.4044</dst>
      <dst id="11">505.8489</dst>
      <dst id="9">288.1067</dst>
      <dst id="17">36822.8889</dst>
      <dst id="21">508.2578</dst>
      <dst id="15">1.2444</dst>
    </src>
    <src id="4">
      <dst id="12">9577.0844</dst>
      <dst id="19">7322.8356</dst>
      <dst id="23">0.4622</dst>
      <dst id="8">3032.5867</dst>
      <dst id="18">2580.5422</dst>
      <dst id="1">41675.7067</dst>
      <dst id="5">2329.0133</dst>
      <dst id="3">50.9422</dst>
      <dst id="22">3481.1644</dst>
      <dst id="7">138145.5467</dst>
      <dst id="2">56942.4089</dst>
      <dst id="6">28.8089</dst>
      <dst id="16">960.3911</dst>
      <dst id="14">700.0711</dst>
      <dst id="20">171.0311</dst>
      <dst id="11">1780.6578</dst>
      <dst id="9">2728.2756</dst>
      <dst id="17">111451.0133</dst>
      <dst id="21">3603.3511</dst>
      <dst id="15">326.0533</dst>
    </src>
    <src id="1">
      <dst id="12">18325.3422</dst>
      <dst id="13">716.4889</dst>
      <dst id="19">13.5378</dst>
      <dst id="23">142.0444</dst>
      <dst id="8">104681.1467</dst>
      <dst id="18">13578.7644</dst>
      <dst id="4">8583.3689</dst>
      <dst id="1">16089.1378</dst>
      <dst id="5">160308.9600</dst>
      <dst id="3">234.1333</dst>
      <dst id="22">1136.2311</dst>
      <dst id="7">901.8489</dst>
      <dst id="2">10117.6711</dst>
      <dst id="6">11524.9511</dst>
      <dst id="16">10389.6533</dst>
      <dst id="14">44.3644</dst>
      <dst id="20">48.8711</dst>
      <dst id="11">306.3911</dst>
      <dst id="9">169331.7244</dst>
      <dst id="17">5078.8267</dst>
      <dst id="21">2006.1422</dst>
      <dst id="15">752.5778</dst>
    </src>
    <src id="5">
      <dst id="12">280149.0222</dst>
      <dst id="13">621.3244</dst>
      <dst id="19">7.5378</dst>
      <dst id="23">14.8889</dst>
      <dst id="8">10703.6711</dst>
      <dst id="18">524.5867</dst>
      <dst id="4">6882.7644</dst>
      <dst id="1">267.4756</dst>
      <dst id="3">0.5867</dst>
      <dst id="22">4742.2222</dst>
      <dst id="7">49.0044</dst>
      <dst id="2">109009.0311</dst>
      <dst id="6">63.9644</dst>
      <dst id="16">424.7733</dst>
      <dst id="14">4.0356</dst>
      <dst id="20">575.5644</dst>
      <dst id="11">2806.3289</dst>
      <dst id="9">5947.2356</dst>
      <dst id="17">99778.7289</dst>
      <dst id="21">198.8978</dst>
      <dst id="15">83.0667</dst>
    </src>
    <src id="3">
      <dst id="12">13866.9867</dst>
      <dst id="13">437.9911</dst>
      <dst id="19">5670.6044</dst>
      <dst id="23">37.6178</dst>
      <dst id="8">173.3333</dst>
      <dst id="18">74841.7600</dst>
      <dst id="4">29581.8133</dst>
      <dst id="1">12255.6889</dst>
      <dst id="5">148.1067</dst>
      <dst id="3">9993.9911</dst>
      <dst id="22">456.5511</dst>
      <dst id="7">1110.8089</dst>
      <dst id="2">5837.1111</dst>
      <dst id="6">0.4978</dst>
      <dst id="16">2240.4356</dst>
      <dst id="14">25433.0667</dst>
      <dst id="20">253.6356</dst>
      <dst id="11">136539.4756</dst>
      <dst id="9">944.8533</dst>
      <dst id="17">12470.7644</dst>
      <dst id="21">3089.8222</dst>
      <dst id="15">58.7467</dst>
    </src>
    <src id="10">
      <dst id="12">15164.3644</dst>
      <dst id="19">2091.7956</dst>
      <dst id="8">522.7556</dst>
      <dst id="18">4994.2222</dst>
      <dst id="1">3469.6267</dst>
      <dst id="5">621.2356</dst>
      <dst id="3">8369.4756</dst>
      <dst id="22">5501.2000</dst>
      <dst id="7">11331.9289</dst>
      <dst id="2">26472.9867</dst>
      <dst id="6">5.2978</dst>
      <dst id="16">2109.4222</dst>
      <dst id="14">3158.0978</dst>
      <dst id="20">3307.0756</dst>
      <dst id="11">4524.1600</dst>
      <dst id="9">1673.2978</dst>
      <dst id="17">14664.1600</dst>
      <dst id="21">6772.3822</dst>
      <dst id="15">102.4533</dst>
    </src>
    <src id="22">
      <dst id="12">8069.4400</dst>
      <dst id="13">1623.1200</dst>
      <dst id="19">48.3733</dst>
      <dst id="23">1134.8533</dst>
      <dst id="8">498.1067</dst>
      <dst id="18">391.9733</dst>
      <dst id="4">17771.0489</dst>
      <dst id="1">86.8711</dst>
      <dst id="5">2785.2711</dst>
      <dst id="3">153.9911</dst>
      <dst id="7">400.6044</dst>
      <dst id="2">1617.1556</dst>
      <dst id="6">44.6044</dst>
      <dst id="16">1.6711</dst>
      <dst id="14">14.0089</dst>
      <dst id="11">3628.1778</dst>
      <dst id="9">2841.3511</dst>
      <dst id="17">4617.7867</dst>
      <dst id="21">2509.9289</dst>
    </src>
    <src id="7">
      <dst id="12">6322.2933</dst>
      <dst id="13">4626.0178</dst>
      <dst id="19">46.7644</dst>
      <dst id="23">212.5689</dst>
      <dst id="8">326.5067</dst>
      <dst id="18">131.1911</dst>
      <dst id="4">41570.2222</dst>
      <dst id="1">3974.7467</dst>
      <dst id="5">1110.0089</dst>
      <dst id="3">284.1156</dst>
      <dst id="22">4307.0844</dst>
      <dst id="7">730.4800</dst>
      <dst id="2">7204.8356</dst>
      <dst id="16">364.1867</dst>
      <dst id="14">118.9156</dst>
      <dst id="20">231.8044</dst>
      <dst id="11">1065.9200</dst>
      <dst id="9">1506.1422</dst>
      <dst id="17">11177.6533</dst>
      <dst id="21">3926.6578</dst>
      <dst id="15">22.1333</dst>
    </src>
    <src id="2">
      <dst id="12">61413.3511</dst>
      <dst id="13">522754.0622</dst>
      <dst id="19">293.8044</dst>
      <dst id="23">10.1689</dst>
      <dst id="8">3274.8000</dst>
      <dst id="18">57936.9156</dst>
      <dst id="4">109578.4089</dst>
      <dst id="1">10444.2667</dst>
      <dst id="5">1011.8222</dst>
      <dst id="3">53.1911</dst>
      <dst id="22">1380.7378</dst>
      <dst id="7">2717.2533</dst>
      <dst id="2">385.8311</dst>
      <dst id="6">7668.6222</dst>
      <dst id="16">3849.1644</dst>
      <dst id="14">5107.4133</dst>
      <dst id="20">303.4311</dst>
      <dst id="11">8865.3689</dst>
      <dst id="9">1332.2489</dst>
      <dst id="17">18504.9956</dst>
      <dst id="21">11691.5822</dst>
      <dst id="15">6756.1867</dst>
    </src>
    <src id="6">
      <dst id="12">8117.6267</dst>
      <dst id="13">13.2889</dst>
      <dst id="23">0.5244</dst>
      <dst id="18">1.1200</dst>
      <dst id="4">1108.8622</dst>
      <dst id="1">1.2622</dst>
      <dst id="5">1.9911</dst>
      <dst id="22">2.4089</dst>
      <dst id="7">0.7289</dst>
      <dst id="2">2203.8400</dst>
      <dst id="16">3.6622</dst>
      <dst id="20">1.5644</dst>
      <dst id="11">1.6000</dst>
      <dst id="9">2.6311</dst>
      <dst id="17">1198.5778</dst>
      <dst id="21">0.9333</dst>
    </src>
    <src id="16">
      <dst id="12">4081.0311</dst>
      <dst id="13">138.7911</dst>
      <dst id="19">3493.8400</dst>
      <dst id="23">15.4844</dst>
      <dst id="8">2377.8222</dst>
      <dst id="18">17.3156</dst>
      <dst id="4">6547.4400</dst>
      <dst id="1">15133.4756</dst>
      <dst id="5">958.0356</dst>
      <dst id="3">1.7867</dst>
      <dst id="7">3120.1600</dst>
      <dst id="2">705.6800</dst>
      <dst id="6">69.6711</dst>
      <dst id="16">23.7422</dst>
      <dst id="14">335.2178</dst>
      <dst id="11">263.6267</dst>
      <dst id="9">1357.5822</dst>
      <dst id="17">1038.0267</dst>
      <dst id="21">2201.6978</dst>
    </src>
    <src id="14">
      <dst id="12">12510.3022</dst>
      <dst id="13">15.6622</dst>
      <dst id="19">3.7333</dst>
      <dst id="4">1402.4711</dst>
      <dst id="1">59.7778</dst>
      <dst id="5">27.5822</dst>
      <dst id="3">58.5511</dst>
      <dst id="22">5.1733</dst>
      <dst id="7">61.2711</dst>
      <dst id="2">5035.6978</dst>
      <dst id="16">36.7289</dst>
      <dst id="20">1.5822</dst>
      <dst id="11">40.7022</dst>
      <dst id="9">3.8133</dst>
      <dst id="17">4107.3422</dst>
      <dst id="21">35.1467</dst>
    </src>
    <src id="20">
      <dst id="12">3944.9600</dst>
      <dst id="13">7245.2711</dst>
      <dst id="23">1.8489</dst>
      <dst id="8">111.5556</dst>
      <dst id="18">108.1333</dst>
      <dst id="4">9549.6267</dst>
      <dst id="1">33.3244</dst>
      <dst id="5">4206.3822</dst>
      <dst id="3">11728.9244</dst>
      <dst id="7">122.9333</dst>
      <dst id="2">2211.2978</dst>
      <dst id="6">7.8400</dst>
      <dst id="11">281.0844</dst>
      <dst id="9">6254.4622</dst>
      <dst id="17">456.8089</dst>
      <dst id="21">565.6444</dst>
    </src>
    <src id="11">
      <dst id="12">387572.0356</dst>
      <dst id="13">2882.6400</dst>
      <dst id="19">8.3022</dst>
      <dst id="23">0.8889</dst>
      <dst id="8">203.0044</dst>
      <dst id="18">211.9644</dst>
      <dst id="4">12632.0978</dst>
      <dst id="1">589.9822</dst>
      <dst id="5">2422.7111</dst>
      <dst id="3">547.1556</dst>
      <dst id="22">1066.7733</dst>
      <dst id="7">512.0178</dst>
      <dst id="2">153174.1067</dst>
      <dst id="6">1.2444</dst>
      <dst id="16">292.0622</dst>
      <dst id="14">28.4800</dst>
      <dst id="20">344.4711</dst>
      <dst id="11">2169.3600</dst>
      <dst id="9">2609.1200</dst>
      <dst id="17">163797.1556</dst>
      <dst id="21">1663.1467</dst>
      <dst id="15">62.4356</dst>
    </src>
    <src id="9">
      <dst id="12">361492.2311</dst>
      <dst id="13">4514.1244</dst>
      <dst id="19">7.4489</dst>
      <dst id="23">15.2178</dst>
      <dst id="8">2717.9733</dst>
      <dst id="18">1118.1156</dst>
      <dst id="4">12440.7644</dst>
      <dst id="1">671.8578</dst>
      <dst id="5">621.2889</dst>
      <dst id="22">13419.0578</dst>
      <dst id="7">594.3911</dst>
      <dst id="2">141064.0533</dst>
      <dst id="6">1.4933</dst>
      <dst id="16">733.0756</dst>
      <dst id="14">0.4622</dst>
      <dst id="20">4344.3644</dst>
      <dst id="11">1665.8222</dst>
      <dst id="9">68.9778</dst>
      <dst id="17">167022.7022</dst>
      <dst id="21">973.4133</dst>
      <dst id="15">409.3511</dst>
    </src>
    <src id="17">
      <dst id="12">5749.6622</dst>
      <dst id="13">2381.7422</dst>
      <dst id="19">428.2400</dst>
      <dst id="23">28.2667</dst>
      <dst id="8">122704.1511</dst>
      <dst id="18">102.4444</dst>
      <dst id="4">163700.3644</dst>
      <dst id="1">2468.3911</dst>
      <dst id="5">157787.0133</dst>
      <dst id="3">7260.9422</dst>
      <dst id="22">8980.5244</dst>
      <dst id="7">2047.1822</dst>
      <dst id="2">21558.6311</dst>
      <dst id="6">87.3067</dst>
      <dst id="16">4538.6044</dst>
      <dst id="14">17372.2400</dst>
      <dst id="20">173.6533</dst>
      <dst id="11">112539.4844</dst>
      <dst id="9">172960.5067</dst>
      <dst id="17">1799.3867</dst>
      <dst id="21">4619.0933</dst>
      <dst id="15">63.2444</dst>
    </src>
    <src id="21">
      <dst id="12">20883.4044</dst>
      <dst id="13">394.0800</dst>
      <dst id="19">96.4267</dst>
      <dst id="23">68.5867</dst>
      <dst id="8">142.5067</dst>
      <dst id="18">3102.9600</dst>
      <dst id="4">21675.3689</dst>
      <dst id="1">781.9556</dst>
      <dst id="5">209.6356</dst>
      <dst id="3">583.3156</dst>
      <dst id="22">2238.0889</dst>
      <dst id="7">3803.3422</dst>
      <dst id="2">8935.2000</dst>
      <dst id="16">157.8578</dst>
      <dst id="14">106.1067</dst>
      <dst id="20">124.1244</dst>
      <dst id="11">624.9689</dst>
      <dst id="9">658.6400</dst>
      <dst id="17">2958.1422</dst>
      <dst id="21">1233.5289</dst>
      <dst id="15">27.4844</dst>
    </src>
    <src id="15">
      <dst id="12">75.1289</dst>
      <dst id="13">295.8044</dst>
      <dst id="8">238.2222</dst>
      <dst id="18">1.0044</dst>
      <dst id="4">2707.2444</dst>
      <dst id="1">868.8178</dst>
      <dst id="5">281.0844</dst>
      <dst id="3">20.2667</dst>
      <dst id="7">143.9378</dst>
      <dst id="2">215.1556</dst>
      <dst id="6">0.4978</dst>
      <dst id="11">12.5956</dst>
      <dst id="9">957.8311</dst>
      <dst id="17">505.2800</dst>
      <dst id="21">120.1956</dst>
    </src>
  </IntraTM>
</TrafficMatrixFile>
