<?xml version="1.0" encoding="UTF-8" standalone="yes"?>
<TrafficMatrixFile xmlns:xsi="http://www.w3.org/2001/XMLSchema-instance" xsi:noNamespaceSchemaLocation="http://totem.run.montefiore.ulg.ac.be/Schema/TrafficMatrix-v1_2.xsd">
  <info>
    <title>Intradomain traffic matrix generated by geant-TM-all.pl</title>
    <date>2005-01-02T21:30:00</date>
    <duration>900</duration>
    <author>Steve Uhlig</author>
    <units>
        <unit type="bandwidth" value="kbps"/>
    </units>
  </info>
  <IntraTM ASID="20965">
    <src id="12">
      <dst id="12">311059.3333</dst>
      <dst id="13">25584.1244</dst>
      <dst id="19">5721.8489</dst>
      <dst id="23">12978.0356</dst>
      <dst id="8">8986.4178</dst>
      <dst id="18">1594.1067</dst>
      <dst id="4">81855.3156</dst>
      <dst id="1">7710.6933</dst>
      <dst id="5">6875.6800</dst>
      <dst id="3">10199.0667</dst>
      <dst id="22">37076.4444</dst>
      <dst id="7">7011.3689</dst>
      <dst id="2">109745.7067</dst>
      <dst id="6">115.8311</dst>
      <dst id="16">13002.9689</dst>
      <dst id="14">218.3111</dst>
      <dst id="20">4234.3556</dst>
      <dst id="11">7450.6311</dst>
      <dst id="9">20762.1867</dst>
      <dst id="17">127113.5378</dst>
      <dst id="21">26002.0444</dst>
      <dst id="15">6078.2222</dst>
    </src>
    <src id="13">
      <dst id="12">79630.9244</dst>
      <dst id="19">13362.3822</dst>
      <dst id="23">529.5644</dst>
      <dst id="8">6353.4756</dst>
      <dst id="18">10424.7556</dst>
      <dst id="1">10834.9956</dst>
      <dst id="5">8617.3600</dst>
      <dst id="3">23496.3378</dst>
      <dst id="22">39115.6356</dst>
      <dst id="7">19303.7867</dst>
      <dst id="2">155729.7333</dst>
      <dst id="6">127.1378</dst>
      <dst id="16">16552.9067</dst>
      <dst id="14">1625.0756</dst>
      <dst id="20">20707.3689</dst>
      <dst id="11">44218.3022</dst>
      <dst id="9">17982.6044</dst>
      <dst id="17">90706.5689</dst>
      <dst id="21">30753.5467</dst>
      <dst id="15">3851.5467</dst>
    </src>
    <src id="19">
      <dst id="12">17723.6889</dst>
      <dst id="13">4012.2311</dst>
      <dst id="23">155.9733</dst>
      <dst id="8">52.7111</dst>
      <dst id="18">59.9733</dst>
      <dst id="4">18566.2933</dst>
      <dst id="1">2309.9556</dst>
      <dst id="5">77.7244</dst>
      <dst id="3">187.6000</dst>
      <dst id="22">444.7467</dst>
      <dst id="7">7007.3867</dst>
      <dst id="2">2911.8044</dst>
      <dst id="6">113.4489</dst>
      <dst id="16">4553.6356</dst>
      <dst id="14">3.0400</dst>
      <dst id="20">76.5511</dst>
      <dst id="11">819.1556</dst>
      <dst id="9">72.1867</dst>
      <dst id="17">1246.9778</dst>
      <dst id="21">1405.3689</dst>
      <dst id="15">684.0356</dst>
    </src>
    <src id="23">
      <dst id="12">3411.8044</dst>
      <dst id="13">314.4978</dst>
      <dst id="19">5.1556</dst>
      <dst id="8">123.7333</dst>
      <dst id="18">14.9867</dst>
      <dst id="4">2.5956</dst>
      <dst id="1">171.2711</dst>
      <dst id="5">69.6889</dst>
      <dst id="3">2071.3333</dst>
      <dst id="22">2046.2311</dst>
      <dst id="7">268.7911</dst>
      <dst id="2">401.9467</dst>
      <dst id="6">3.7956</dst>
      <dst id="16">117.2978</dst>
      <dst id="14">2.3200</dst>
      <dst id="20">293.1644</dst>
      <dst id="11">275.5911</dst>
      <dst id="9">321.4222</dst>
      <dst id="17">2726.3556</dst>
      <dst id="21">1013.7867</dst>
      <dst id="15">20.6756</dst>
    </src>
    <src id="8">
      <dst id="12">410915.2800</dst>
      <dst id="13">3098.3467</dst>
      <dst id="19">19.2000</dst>
      <dst id="23">29.6178</dst>
      <dst id="18">415.8222</dst>
      <dst id="4">4032.3200</dst>
      <dst id="1">340.6844</dst>
      <dst id="5">2750.8533</dst>
      <dst id="3">9.1467</dst>
      <dst id="22">4528.5778</dst>
      <dst id="7">395.8844</dst>
      <dst id="2">168140.6489</dst>
      <dst id="6">7.0044</dst>
      <dst id="16">3140.0178</dst>
      <dst id="20">14041.5200</dst>
      <dst id="11">1208.4089</dst>
      <dst id="9">823.6711</dst>
      <dst id="17">151455.5378</dst>
      <dst id="21">1053.5822</dst>
      <dst id="15">689.5467</dst>
    </src>
    <src id="18">
      <dst id="12">119013.7956</dst>
      <dst id="13">225.4133</dst>
      <dst id="19">866.1600</dst>
      <dst id="23">45.0133</dst>
      <dst id="8">233.8933</dst>
      <dst id="4">3300.6844</dst>
      <dst id="1">1015.9467</dst>
      <dst id="5">268.0800</dst>
      <dst id="3">2975.7333</dst>
      <dst id="22">312.4000</dst>
      <dst id="7">281.0489</dst>
      <dst id="2">54200.4711</dst>
      <dst id="16">64.8711</dst>
      <dst id="14">12.9778</dst>
      <dst id="20">58.5778</dst>
      <dst id="11">327.9200</dst>
      <dst id="9">325.6622</dst>
      <dst id="17">41144.2133</dst>
      <dst id="21">3806.7289</dst>
      <dst id="15">255.5289</dst>
    </src>
    <src id="4">
      <dst id="12">38998.8444</dst>
      <dst id="19">6658.3467</dst>
      <dst id="23">26.6667</dst>
      <dst id="8">2249.9644</dst>
      <dst id="18">4317.2622</dst>
      <dst id="1">140377.7067</dst>
      <dst id="5">923.9644</dst>
      <dst id="3">1834.9867</dst>
      <dst id="22">8726.5689</dst>
      <dst id="7">175531.3244</dst>
      <dst id="2">120282.4000</dst>
      <dst id="6">27.0222</dst>
      <dst id="16">4310.1333</dst>
      <dst id="14">1186.9244</dst>
      <dst id="20">3840.4800</dst>
      <dst id="11">8511.0044</dst>
      <dst id="9">2966.0089</dst>
      <dst id="17">125588.2222</dst>
      <dst id="21">8759.2444</dst>
      <dst id="15">683.7067</dst>
    </src>
    <src id="1">
      <dst id="12">17449.0489</dst>
      <dst id="13">2118.1511</dst>
      <dst id="19">11800.0622</dst>
      <dst id="23">72.8711</dst>
      <dst id="8">251521.5022</dst>
      <dst id="18">16358.6133</dst>
      <dst id="4">16471.1111</dst>
      <dst id="1">38353.0756</dst>
      <dst id="5">264101.6800</dst>
      <dst id="3">1279.8667</dst>
      <dst id="22">5446.9689</dst>
      <dst id="7">7306.7200</dst>
      <dst id="2">23077.0222</dst>
      <dst id="6">10883.5911</dst>
      <dst id="16">9046.0889</dst>
      <dst id="14">105.8578</dst>
      <dst id="20">9532.4444</dst>
      <dst id="11">1506.2133</dst>
      <dst id="9">364952.4800</dst>
      <dst id="17">33709.6000</dst>
      <dst id="21">17921.3333</dst>
      <dst id="15">2025.2267</dst>
    </src>
    <src id="5">
      <dst id="12">298470.9600</dst>
      <dst id="13">1241.8578</dst>
      <dst id="19">162.9689</dst>
      <dst id="23">109.6889</dst>
      <dst id="8">3267.2800</dst>
      <dst id="18">747.2622</dst>
      <dst id="4">7115.7244</dst>
      <dst id="1">808.1244</dst>
      <dst id="3">484.4178</dst>
      <dst id="22">4767.6622</dst>
      <dst id="7">799.6622</dst>
      <dst id="2">127181.6889</dst>
      <dst id="6">1.3867</dst>
      <dst id="16">2193.8044</dst>
      <dst id="14">3.3422</dst>
      <dst id="20">3458.7200</dst>
      <dst id="11">1080.7733</dst>
      <dst id="9">917.7511</dst>
      <dst id="17">97045.5378</dst>
      <dst id="21">1527.2089</dst>
      <dst id="15">1271.6800</dst>
    </src>
    <src id="3">
      <dst id="12">12492.5867</dst>
      <dst id="13">2455.1111</dst>
      <dst id="19">2174.2489</dst>
      <dst id="23">90.7289</dst>
      <dst id="8">162.8800</dst>
      <dst id="18">189084.8800</dst>
      <dst id="4">44028.7378</dst>
      <dst id="1">8887.0756</dst>
      <dst id="5">522.7911</dst>
      <dst id="3">21594.4267</dst>
      <dst id="22">1295.0667</dst>
      <dst id="7">3800.3467</dst>
      <dst id="2">5491.8400</dst>
      <dst id="6">3.7511</dst>
      <dst id="16">2693.0933</dst>
      <dst id="14">38165.9644</dst>
      <dst id="20">412.6311</dst>
      <dst id="11">254690.8089</dst>
      <dst id="9">401.1644</dst>
      <dst id="17">8058.2222</dst>
      <dst id="21">10812.0978</dst>
      <dst id="15">77.4756</dst>
    </src>
    <src id="10">
      <dst id="12">31535.9022</dst>
      <dst id="19">2874.0533</dst>
      <dst id="8">742.2489</dst>
      <dst id="18">1592.8711</dst>
      <dst id="1">7054.2044</dst>
      <dst id="5">794.1778</dst>
      <dst id="3">13093.7156</dst>
      <dst id="22">13028.8356</dst>
      <dst id="7">58477.6000</dst>
      <dst id="2">53294.8356</dst>
      <dst id="6">27.0222</dst>
      <dst id="16">2960.7467</dst>
      <dst id="14">1665.0578</dst>
      <dst id="20">6392.6133</dst>
      <dst id="11">9204.1689</dst>
      <dst id="9">8615.8578</dst>
      <dst id="17">31934.5067</dst>
      <dst id="21">11885.9111</dst>
      <dst id="15">11849.2711</dst>
    </src>
    <src id="22">
      <dst id="12">16596.0800</dst>
      <dst id="13">2832.4444</dst>
      <dst id="19">129.9556</dst>
      <dst id="23">74.0178</dst>
      <dst id="8">1674.4800</dst>
      <dst id="18">1068.3822</dst>
      <dst id="4">17341.6267</dst>
      <dst id="1">2669.0311</dst>
      <dst id="5">5448.1956</dst>
      <dst id="3">1263.9822</dst>
      <dst id="7">3799.8222</dst>
      <dst id="2">5447.9644</dst>
      <dst id="6">234.2044</dst>
      <dst id="16">13.6889</dst>
      <dst id="14">177.7244</dst>
      <dst id="11">4991.3867</dst>
      <dst id="9">2607.3956</dst>
      <dst id="17">8193.7867</dst>
      <dst id="21">1299.4756</dst>
    </src>
    <src id="7">
      <dst id="12">7322.5067</dst>
      <dst id="13">4275.5822</dst>
      <dst id="19">2018.5511</dst>
      <dst id="23">400.4356</dst>
      <dst id="8">2258.8711</dst>
      <dst id="18">3065.9467</dst>
      <dst id="4">19317.9022</dst>
      <dst id="1">18389.4222</dst>
      <dst id="5">1294.8444</dst>
      <dst id="3">2153.6444</dst>
      <dst id="22">4626.5956</dst>
      <dst id="7">1065.4578</dst>
      <dst id="2">28908.4178</dst>
      <dst id="6">166.1778</dst>
      <dst id="16">1636.8356</dst>
      <dst id="14">788.3644</dst>
      <dst id="20">1564.3556</dst>
      <dst id="11">3043.5467</dst>
      <dst id="9">4068.1422</dst>
      <dst id="17">18764.0533</dst>
      <dst id="21">13223.1644</dst>
      <dst id="15">2898.2222</dst>
    </src>
    <src id="2">
      <dst id="12">166659.9556</dst>
      <dst id="13">108330.5956</dst>
      <dst id="19">2717.3867</dst>
      <dst id="23">43.1289</dst>
      <dst id="8">1835.2978</dst>
      <dst id="18">154998.1067</dst>
      <dst id="4">91197.8933</dst>
      <dst id="1">6769.5289</dst>
      <dst id="5">3243.8578</dst>
      <dst id="3">330.1156</dst>
      <dst id="22">4346.0622</dst>
      <dst id="7">5793.2444</dst>
      <dst id="2">1196.1422</dst>
      <dst id="6">11596.8267</dst>
      <dst id="16">2089.1733</dst>
      <dst id="14">5710.6311</dst>
      <dst id="20">4907.0578</dst>
      <dst id="11">8649.7156</dst>
      <dst id="9">3945.7689</dst>
      <dst id="17">77508.2844</dst>
      <dst id="21">8851.2889</dst>
      <dst id="15">338.9867</dst>
    </src>
    <src id="6">
      <dst id="12">12800.6489</dst>
      <dst id="13">40.2667</dst>
      <dst id="19">41.3867</dst>
      <dst id="23">11.8844</dst>
      <dst id="8">0.3556</dst>
      <dst id="18">1.8311</dst>
      <dst id="4">63.2978</dst>
      <dst id="1">39.9556</dst>
      <dst id="5">1.1556</dst>
      <dst id="3">68.8000</dst>
      <dst id="22">71.4756</dst>
      <dst id="7">18.5422</dst>
      <dst id="2">2714.6400</dst>
      <dst id="16">5.7689</dst>
      <dst id="14">11.4667</dst>
      <dst id="20">0.7111</dst>
      <dst id="11">69.9378</dst>
      <dst id="9">18.5511</dst>
      <dst id="17">1843.4133</dst>
      <dst id="21">64.0800</dst>
    </src>
    <src id="16">
      <dst id="12">2507.9733</dst>
      <dst id="13">2144.4444</dst>
      <dst id="19">4061.1556</dst>
      <dst id="23">511.9022</dst>
      <dst id="8">8284.3200</dst>
      <dst id="18">248.5600</dst>
      <dst id="4">7143.4222</dst>
      <dst id="1">22957.1289</dst>
      <dst id="5">8492.1333</dst>
      <dst id="3">4.0533</dst>
      <dst id="7">2802.8178</dst>
      <dst id="2">1889.1556</dst>
      <dst id="6">27.9733</dst>
      <dst id="16">129.5733</dst>
      <dst id="14">361.3600</dst>
      <dst id="11">851.9289</dst>
      <dst id="9">11734.3200</dst>
      <dst id="17">11357.0578</dst>
      <dst id="21">575.0844</dst>
    </src>
    <src id="14">
      <dst id="12">16822.8444</dst>
      <dst id="13">109.1556</dst>
      <dst id="19">58.6133</dst>
      <dst id="23">13.3333</dst>
      <dst id="8">0.4267</dst>
      <dst id="18">1.5200</dst>
      <dst id="4">1683.9556</dst>
      <dst id="1">111.5556</dst>
      <dst id="5">7.7156</dst>
      <dst id="3">173.0578</dst>
      <dst id="22">69.3689</dst>
      <dst id="7">122.0089</dst>
      <dst id="2">5756.1778</dst>
      <dst id="6">1.0667</dst>
      <dst id="16">64.4622</dst>
      <dst id="20">14.3022</dst>
      <dst id="11">126.7911</dst>
      <dst id="9">26.5422</dst>
      <dst id="17">8377.6089</dst>
      <dst id="21">122.4889</dst>
      <dst id="15">1.3333</dst>
    </src>
    <src id="20">
      <dst id="12">22487.2533</dst>
      <dst id="13">6773.8844</dst>
      <dst id="19">72.4444</dst>
      <dst id="23">18.6311</dst>
      <dst id="8">1099.6889</dst>
      <dst id="18">579.3244</dst>
      <dst id="4">10639.2089</dst>
      <dst id="1">246.9778</dst>
      <dst id="5">4803.9911</dst>
      <dst id="3">8978.2844</dst>
      <dst id="7">803.3689</dst>
      <dst id="2">7153.7244</dst>
      <dst id="14">3.2889</dst>
      <dst id="11">2965.9644</dst>
      <dst id="9">25532.7289</dst>
      <dst id="17">2133.2356</dst>
      <dst id="21">14791.0222</dst>
    </src>
    <src id="11">
      <dst id="12">414041.3956</dst>
      <dst id="13">5117.1289</dst>
      <dst id="19">331.7778</dst>
      <dst id="23">117.9911</dst>
      <dst id="8">14098.6667</dst>
      <dst id="18">402.4533</dst>
      <dst id="4">12387.1467</dst>
      <dst id="1">606.6044</dst>
      <dst id="5">1219.3778</dst>
      <dst id="3">2515.7333</dst>
      <dst id="22">3245.2711</dst>
      <dst id="7">747.9289</dst>
      <dst id="2">176075.5022</dst>
      <dst id="6">9.1556</dst>
      <dst id="16">699.6533</dst>
      <dst id="14">31.0667</dst>
      <dst id="20">1892.1067</dst>
      <dst id="11">2777.0578</dst>
      <dst id="9">4985.3689</dst>
      <dst id="17">160770.4533</dst>
      <dst id="21">1423.7511</dst>
      <dst id="15">2265.5467</dst>
    </src>
    <src id="9">
      <dst id="12">504282.9867</dst>
      <dst id="13">20950.2400</dst>
      <dst id="19">4561.4756</dst>
      <dst id="23">5560.3467</dst>
      <dst id="8">1601.2978</dst>
      <dst id="18">225.3244</dst>
      <dst id="4">7615.6444</dst>
      <dst id="1">1460.9156</dst>
      <dst id="5">2912.6222</dst>
      <dst id="3">30.0889</dst>
      <dst id="22">3525.0044</dst>
      <dst id="7">871.5467</dst>
      <dst id="2">177776.6044</dst>
      <dst id="6">13.4933</dst>
      <dst id="16">1927.3511</dst>
      <dst id="14">14.9422</dst>
      <dst id="20">5935.7156</dst>
      <dst id="11">2794.3022</dst>
      <dst id="9">3590.3378</dst>
      <dst id="17">192702.9778</dst>
      <dst id="21">2392.3822</dst>
      <dst id="15">8857.0667</dst>
    </src>
    <src id="17">
      <dst id="12">27448.4978</dst>
      <dst id="13">8464.0444</dst>
      <dst id="19">432.5778</dst>
      <dst id="23">1321.3867</dst>
      <dst id="8">274158.9511</dst>
      <dst id="18">1395.4489</dst>
      <dst id="4">60286.7289</dst>
      <dst id="1">4636.0978</dst>
      <dst id="5">253120.7644</dst>
      <dst id="3">24591.7867</dst>
      <dst id="22">13639.1644</dst>
      <dst id="7">16010.7111</dst>
      <dst id="2">38863.3333</dst>
      <dst id="6">127.2089</dst>
      <dst id="16">15174.2756</dst>
      <dst id="14">48670.5867</dst>
      <dst id="20">4865.6978</dst>
      <dst id="11">206425.8844</dst>
      <dst id="9">325008.4978</dst>
      <dst id="17">1250.0178</dst>
      <dst id="21">15457.7244</dst>
      <dst id="15">457.5822</dst>
    </src>
    <src id="21">
      <dst id="12">21252.2667</dst>
      <dst id="13">4088.7644</dst>
      <dst id="19">548.5689</dst>
      <dst id="23">439.3422</dst>
      <dst id="8">563.5378</dst>
      <dst id="18">7851.4578</dst>
      <dst id="4">18046.0533</dst>
      <dst id="1">6608.2400</dst>
      <dst id="5">742.0178</dst>
      <dst id="3">3474.4889</dst>
      <dst id="22">1565.4933</dst>
      <dst id="7">1747.9911</dst>
      <dst id="2">11043.0756</dst>
      <dst id="6">13.2267</dst>
      <dst id="16">320.8000</dst>
      <dst id="14">64.7200</dst>
      <dst id="20">489.2356</dst>
      <dst id="11">11445.7156</dst>
      <dst id="9">3111.8400</dst>
      <dst id="17">6774.1156</dst>
      <dst id="21">4285.8667</dst>
      <dst id="15">2958.3467</dst>
    </src>
    <src id="15">
      <dst id="12">5280.4267</dst>
      <dst id="13">3467.8844</dst>
      <dst id="19">2240.2578</dst>
      <dst id="23">103.6800</dst>
      <dst id="8">738.8444</dst>
      <dst id="18">8.0533</dst>
      <dst id="4">2281.1556</dst>
      <dst id="1">1317.3333</dst>
      <dst id="5">64.9067</dst>
      <dst id="3">14.6489</dst>
      <dst id="7">197.0844</dst>
      <dst id="2">532.6578</dst>
      <dst id="6">0.3556</dst>
      <dst id="16">0.4267</dst>
      <dst id="14">0.3556</dst>
      <dst id="11">513.4844</dst>
      <dst id="9">5295.8844</dst>
      <dst id="17">470.4711</dst>
      <dst id="21">5758.6578</dst>
    </src>
  </IntraTM>
</TrafficMatrixFile>
