<?xml version="1.0" encoding="UTF-8" standalone="yes"?>
<TrafficMatrixFile xmlns:xsi="http://www.w3.org/2001/XMLSchema-instance" xsi:noNamespaceSchemaLocation="http://totem.run.montefiore.ulg.ac.be/Schema/TrafficMatrix-v1_2.xsd">
  <info>
    <title>Intradomain traffic matrix generated by geant-TM-all.pl</title>
    <date>2005-01-01T13:45:00</date>
    <duration>900</duration>
    <author>Steve Uhlig</author>
    <units>
        <unit type="bandwidth" value="kbps"/>
    </units>
  </info>
  <IntraTM ASID="20965">
    <src id="12">
      <dst id="12">222826.3644</dst>
      <dst id="13">12851.2533</dst>
      <dst id="19">5082.7289</dst>
      <dst id="23">5.0578</dst>
      <dst id="8">2104.6578</dst>
      <dst id="18">318.3022</dst>
      <dst id="4">93396.9156</dst>
      <dst id="1">8454.4267</dst>
      <dst id="5">9327.2178</dst>
      <dst id="3">4301.9822</dst>
      <dst id="22">11016.4978</dst>
      <dst id="7">3283.7333</dst>
      <dst id="2">61605.4044</dst>
      <dst id="6">7.0133</dst>
      <dst id="16">2911.9556</dst>
      <dst id="14">1494.5600</dst>
      <dst id="20">4198.6489</dst>
      <dst id="11">1610.1244</dst>
      <dst id="9">4460.5867</dst>
      <dst id="17">40992.7289</dst>
      <dst id="21">12388.9867</dst>
      <dst id="15">1805.4311</dst>
    </src>
    <src id="13">
      <dst id="12">46663.0311</dst>
      <dst id="19">4828.8978</dst>
      <dst id="23">5.1733</dst>
      <dst id="8">884.8178</dst>
      <dst id="18">2069.6000</dst>
      <dst id="4">0.3556</dst>
      <dst id="1">2269.0667</dst>
      <dst id="5">4746.4444</dst>
      <dst id="3">5182.3556</dst>
      <dst id="22">22299.2356</dst>
      <dst id="7">8587.4311</dst>
      <dst id="2">65807.1378</dst>
      <dst id="6">57.7333</dst>
      <dst id="16">4214.7378</dst>
      <dst id="14">2069.3333</dst>
      <dst id="20">6247.5289</dst>
      <dst id="11">5220.0533</dst>
      <dst id="9">8351.2000</dst>
      <dst id="17">54672.0267</dst>
      <dst id="21">10484.8889</dst>
      <dst id="15">2682.6756</dst>
    </src>
    <src id="19">
      <dst id="12">11814.6222</dst>
      <dst id="13">3085.8933</dst>
      <dst id="23">0.4978</dst>
      <dst id="8">3.1289</dst>
      <dst id="18">1050.5600</dst>
      <dst id="4">19421.0400</dst>
      <dst id="1">55.3244</dst>
      <dst id="5">1.0667</dst>
      <dst id="3">600.0711</dst>
      <dst id="22">88.0800</dst>
      <dst id="7">20320.2578</dst>
      <dst id="2">83.8044</dst>
      <dst id="6">38.6133</dst>
      <dst id="16">4942.3378</dst>
      <dst id="20">2.1511</dst>
      <dst id="11">1.3689</dst>
      <dst id="9">13.9556</dst>
      <dst id="17">6787.9378</dst>
      <dst id="21">246.8444</dst>
    </src>
    <src id="23">
      <dst id="12">247.5111</dst>
      <dst id="13">29.0667</dst>
      <dst id="19">0.8978</dst>
      <dst id="18">9.4756</dst>
      <dst id="4">48.1778</dst>
      <dst id="1">44.8178</dst>
      <dst id="5">5.1644</dst>
      <dst id="3">13.8667</dst>
      <dst id="22">13.7956</dst>
      <dst id="7">21.5733</dst>
      <dst id="2">97.5378</dst>
      <dst id="16">1.1911</dst>
      <dst id="11">95.9733</dst>
      <dst id="9">401.5644</dst>
      <dst id="17">70.6489</dst>
      <dst id="21">143.3956</dst>
    </src>
    <src id="8">
      <dst id="12">267353.8489</dst>
      <dst id="13">700.0267</dst>
      <dst id="19">53.3333</dst>
      <dst id="18">5.8044</dst>
      <dst id="4">5800.3111</dst>
      <dst id="1">83.0044</dst>
      <dst id="5">571.7156</dst>
      <dst id="3">19.6800</dst>
      <dst id="22">538.8889</dst>
      <dst id="7">8.1156</dst>
      <dst id="2">78044.4711</dst>
      <dst id="6">0.4267</dst>
      <dst id="16">174.5422</dst>
      <dst id="14">122.3644</dst>
      <dst id="20">44.2400</dst>
      <dst id="11">62.3556</dst>
      <dst id="9">96.4800</dst>
      <dst id="17">56939.4222</dst>
      <dst id="21">10.3911</dst>
      <dst id="15">5.3067</dst>
    </src>
    <src id="18">
      <dst id="12">115571.4400</dst>
      <dst id="13">259.4222</dst>
      <dst id="19">46.8978</dst>
      <dst id="23">11.2089</dst>
      <dst id="8">14.1156</dst>
      <dst id="4">1758.7822</dst>
      <dst id="1">1752.5778</dst>
      <dst id="5">975.6800</dst>
      <dst id="3">38.3289</dst>
      <dst id="22">202.7644</dst>
      <dst id="7">225.2800</dst>
      <dst id="2">25178.4533</dst>
      <dst id="16">5.0133</dst>
      <dst id="20">11.2000</dst>
      <dst id="11">144.9956</dst>
      <dst id="9">131.5822</dst>
      <dst id="17">24798.9867</dst>
      <dst id="21">169.1289</dst>
      <dst id="15">199.5733</dst>
    </src>
    <src id="4">
      <dst id="12">10301.2089</dst>
      <dst id="19">15586.5422</dst>
      <dst id="23">3.6800</dst>
      <dst id="8">631.1022</dst>
      <dst id="18">397.5467</dst>
      <dst id="1">841.0133</dst>
      <dst id="5">1719.7511</dst>
      <dst id="3">87889.5289</dst>
      <dst id="22">4492.3911</dst>
      <dst id="7">49549.2356</dst>
      <dst id="2">67862.9333</dst>
      <dst id="6">243.3867</dst>
      <dst id="16">676.6578</dst>
      <dst id="14">1429.3422</dst>
      <dst id="20">658.3911</dst>
      <dst id="11">6689.4933</dst>
      <dst id="9">2902.6044</dst>
      <dst id="17">31325.5200</dst>
      <dst id="21">7228.3378</dst>
      <dst id="15">45.4578</dst>
    </src>
    <src id="1">
      <dst id="12">18222.2133</dst>
      <dst id="13">441.6622</dst>
      <dst id="19">2015.5467</dst>
      <dst id="23">31.5556</dst>
      <dst id="8">53817.9111</dst>
      <dst id="18">11283.3956</dst>
      <dst id="4">6451.1556</dst>
      <dst id="1">84.5244</dst>
      <dst id="5">127112.2844</dst>
      <dst id="3">9542.3022</dst>
      <dst id="22">127.0311</dst>
      <dst id="7">14036.8178</dst>
      <dst id="2">1581.4489</dst>
      <dst id="6">3480.4889</dst>
      <dst id="16">8423.4578</dst>
      <dst id="14">72.4089</dst>
      <dst id="20">76.7200</dst>
      <dst id="11">343.6711</dst>
      <dst id="9">136982.5867</dst>
      <dst id="17">1454.0267</dst>
      <dst id="21">2718.3644</dst>
      <dst id="15">124.9600</dst>
    </src>
    <src id="5">
      <dst id="12">267321.0489</dst>
      <dst id="13">559.5378</dst>
      <dst id="19">18.5956</dst>
      <dst id="23">438.0089</dst>
      <dst id="8">1409.6978</dst>
      <dst id="18">417.1911</dst>
      <dst id="4">6999.8133</dst>
      <dst id="1">33.6622</dst>
      <dst id="3">180.8978</dst>
      <dst id="22">2416.9244</dst>
      <dst id="7">241.2622</dst>
      <dst id="2">95834.4444</dst>
      <dst id="16">735.1378</dst>
      <dst id="14">88.8889</dst>
      <dst id="20">180.1422</dst>
      <dst id="11">1216.7467</dst>
      <dst id="9">528.4178</dst>
      <dst id="17">61157.3867</dst>
      <dst id="21">284.2044</dst>
      <dst id="15">128.2933</dst>
    </src>
    <src id="3">
      <dst id="12">8491.6356</dst>
      <dst id="13">1071.5022</dst>
      <dst id="19">4920.3378</dst>
      <dst id="23">2.0622</dst>
      <dst id="8">67.0222</dst>
      <dst id="18">62482.9778</dst>
      <dst id="4">33647.7600</dst>
      <dst id="1">1337.2889</dst>
      <dst id="5">205.8667</dst>
      <dst id="3">7903.3778</dst>
      <dst id="22">306.7111</dst>
      <dst id="7">1409.4578</dst>
      <dst id="2">4779.6356</dst>
      <dst id="16">2677.6622</dst>
      <dst id="14">18129.3422</dst>
      <dst id="20">548.2578</dst>
      <dst id="11">86220.4800</dst>
      <dst id="9">114.0978</dst>
      <dst id="17">6829.3156</dst>
      <dst id="21">7220.5867</dst>
      <dst id="15">28.8444</dst>
    </src>
    <src id="10">
      <dst id="12">16233.0400</dst>
      <dst id="19">5909.0933</dst>
      <dst id="8">917.5822</dst>
      <dst id="18">22831.2267</dst>
      <dst id="4">1.9911</dst>
      <dst id="1">3705.9111</dst>
      <dst id="5">783.3422</dst>
      <dst id="3">16197.3778</dst>
      <dst id="22">7853.3600</dst>
      <dst id="7">10507.4844</dst>
      <dst id="2">19266.9689</dst>
      <dst id="6">4.6311</dst>
      <dst id="16">1849.0400</dst>
      <dst id="14">1994.6756</dst>
      <dst id="20">2647.2089</dst>
      <dst id="11">4268.8356</dst>
      <dst id="9">2477.3956</dst>
      <dst id="17">34002.1689</dst>
      <dst id="21">17004.6756</dst>
      <dst id="15">601.2978</dst>
    </src>
    <src id="22">
      <dst id="12">8591.5822</dst>
      <dst id="13">1548.1422</dst>
      <dst id="19">68.8978</dst>
      <dst id="23">57.9200</dst>
      <dst id="8">495.7689</dst>
      <dst id="18">2283.4222</dst>
      <dst id="4">19177.1289</dst>
      <dst id="1">43.2089</dst>
      <dst id="5">1495.7422</dst>
      <dst id="3">331.0756</dst>
      <dst id="7">1952.6044</dst>
      <dst id="2">1744.4444</dst>
      <dst id="6">0.4267</dst>
      <dst id="16">0.8178</dst>
      <dst id="14">17.3156</dst>
      <dst id="11">2507.2978</dst>
      <dst id="9">1639.7867</dst>
      <dst id="17">3338.1689</dst>
      <dst id="21">576.6667</dst>
    </src>
    <src id="7">
      <dst id="12">2094.4089</dst>
      <dst id="13">46.2400</dst>
      <dst id="19">490.6578</dst>
      <dst id="23">20.3467</dst>
      <dst id="8">251.2889</dst>
      <dst id="18">412.5156</dst>
      <dst id="4">51201.1111</dst>
      <dst id="1">1349.7689</dst>
      <dst id="5">1253.4756</dst>
      <dst id="3">1378.1956</dst>
      <dst id="22">21490.7822</dst>
      <dst id="7">805.6889</dst>
      <dst id="2">3966.3644</dst>
      <dst id="6">35.6622</dst>
      <dst id="16">590.3289</dst>
      <dst id="14">56.9778</dst>
      <dst id="20">103.6000</dst>
      <dst id="11">604.0800</dst>
      <dst id="9">545.4578</dst>
      <dst id="17">8236.1156</dst>
      <dst id="21">3589.0400</dst>
      <dst id="15">136.2489</dst>
    </src>
    <src id="2">
      <dst id="12">61868.9511</dst>
      <dst id="13">1617.7511</dst>
      <dst id="19">109.2889</dst>
      <dst id="23">0.4178</dst>
      <dst id="8">9.5644</dst>
      <dst id="18">50590.2667</dst>
      <dst id="4">106313.4667</dst>
      <dst id="1">1119.9200</dst>
      <dst id="5">678.6933</dst>
      <dst id="3">592.4444</dst>
      <dst id="22">818.3022</dst>
      <dst id="7">5665.8578</dst>
      <dst id="2">371.2178</dst>
      <dst id="6">4148.0356</dst>
      <dst id="16">2866.3111</dst>
      <dst id="14">139.1200</dst>
      <dst id="20">506.8356</dst>
      <dst id="11">2834.2933</dst>
      <dst id="9">264.6844</dst>
      <dst id="17">30217.5378</dst>
      <dst id="21">3087.1289</dst>
      <dst id="15">11.9733</dst>
    </src>
    <src id="6">
      <dst id="12">7704.3200</dst>
      <dst id="13">3.5556</dst>
      <dst id="19">2.8444</dst>
      <dst id="23">0.6756</dst>
      <dst id="8">0.4622</dst>
      <dst id="18">0.5600</dst>
      <dst id="4">25.9467</dst>
      <dst id="1">12.9600</dst>
      <dst id="22">1.0844</dst>
      <dst id="2">1673.0222</dst>
      <dst id="16">1.8133</dst>
      <dst id="11">0.7022</dst>
      <dst id="17">724.8000</dst>
      <dst id="21">11.4667</dst>
    </src>
    <src id="16">
      <dst id="12">1775.8489</dst>
      <dst id="13">149.3067</dst>
      <dst id="19">4350.7111</dst>
      <dst id="23">4.1333</dst>
      <dst id="8">1267.9733</dst>
      <dst id="18">2.3111</dst>
      <dst id="4">5753.2000</dst>
      <dst id="1">24628.0978</dst>
      <dst id="5">2302.0356</dst>
      <dst id="3">1155.3956</dst>
      <dst id="7">1330.0711</dst>
      <dst id="2">201.6000</dst>
      <dst id="16">20.0889</dst>
      <dst id="14">2.6044</dst>
      <dst id="11">18.0089</dst>
      <dst id="9">4388.6133</dst>
      <dst id="17">1991.2444</dst>
      <dst id="21">183.8667</dst>
    </src>
    <src id="14">
      <dst id="12">16146.3822</dst>
      <dst id="13">56.7644</dst>
      <dst id="19">4.8356</dst>
      <dst id="8">5.1733</dst>
      <dst id="18">0.9244</dst>
      <dst id="4">3287.2267</dst>
      <dst id="1">61.2178</dst>
      <dst id="5">14.0444</dst>
      <dst id="3">54.0800</dst>
      <dst id="22">14.2133</dst>
      <dst id="7">46.2578</dst>
      <dst id="2">3389.5733</dst>
      <dst id="16">26.0444</dst>
      <dst id="20">13.6889</dst>
      <dst id="11">16.7911</dst>
      <dst id="9">2.4622</dst>
      <dst id="17">2678.8800</dst>
      <dst id="21">52.4356</dst>
    </src>
    <src id="20">
      <dst id="12">23233.7600</dst>
      <dst id="13">11187.3600</dst>
      <dst id="19">82.9244</dst>
      <dst id="23">1.0667</dst>
      <dst id="8">109.7956</dst>
      <dst id="18">861.7422</dst>
      <dst id="4">8083.5733</dst>
      <dst id="1">98.3556</dst>
      <dst id="5">617.6089</dst>
      <dst id="3">101.0222</dst>
      <dst id="7">156.4711</dst>
      <dst id="2">2806.0533</dst>
      <dst id="11">727.1733</dst>
      <dst id="9">1613.5022</dst>
      <dst id="17">8497.7956</dst>
      <dst id="21">315.1822</dst>
    </src>
    <src id="11">
      <dst id="12">370008.9956</dst>
      <dst id="13">250.7556</dst>
      <dst id="19">58.2222</dst>
      <dst id="23">219.3333</dst>
      <dst id="8">68.7111</dst>
      <dst id="18">259.2356</dst>
      <dst id="4">14438.6933</dst>
      <dst id="1">383.8844</dst>
      <dst id="5">2667.0133</dst>
      <dst id="3">663.6800</dst>
      <dst id="22">3439.9289</dst>
      <dst id="7">425.3511</dst>
      <dst id="2">133110.2756</dst>
      <dst id="16">135.7422</dst>
      <dst id="14">94.5600</dst>
      <dst id="20">20.6933</dst>
      <dst id="11">1621.0933</dst>
      <dst id="9">838.2667</dst>
      <dst id="17">80491.7333</dst>
      <dst id="21">1788.1600</dst>
      <dst id="15">177.7956</dst>
    </src>
    <src id="9">
      <dst id="12">452965.0489</dst>
      <dst id="13">12319.8756</dst>
      <dst id="19">1.6889</dst>
      <dst id="23">20.0889</dst>
      <dst id="8">25.9644</dst>
      <dst id="18">3674.5067</dst>
      <dst id="4">16945.8222</dst>
      <dst id="1">148.0356</dst>
      <dst id="5">574.6044</dst>
      <dst id="3">158.7289</dst>
      <dst id="22">2113.2178</dst>
      <dst id="7">82.8533</dst>
      <dst id="2">130399.6178</dst>
      <dst id="6">0.3289</dst>
      <dst id="16">207.8489</dst>
      <dst id="14">11.6178</dst>
      <dst id="20">478.4000</dst>
      <dst id="11">215.8311</dst>
      <dst id="9">1769.4489</dst>
      <dst id="17">114546.0533</dst>
      <dst id="21">442.1067</dst>
      <dst id="15">4501.2089</dst>
    </src>
    <src id="17">
      <dst id="12">10472.4444</dst>
      <dst id="13">14574.0978</dst>
      <dst id="19">11766.2578</dst>
      <dst id="23">18.8711</dst>
      <dst id="8">68672.2578</dst>
      <dst id="18">342.9333</dst>
      <dst id="4">128581.5378</dst>
      <dst id="1">1168.2933</dst>
      <dst id="5">115825.3956</dst>
      <dst id="3">17839.0756</dst>
      <dst id="22">1752.1778</dst>
      <dst id="7">18286.9333</dst>
      <dst id="2">10872.8000</dst>
      <dst id="6">56.7911</dst>
      <dst id="16">9712.3911</dst>
      <dst id="14">12908.2311</dst>
      <dst id="20">254.9956</dst>
      <dst id="11">72270.4711</dst>
      <dst id="9">116920.3911</dst>
      <dst id="17">1882.4267</dst>
      <dst id="21">11464.6400</dst>
      <dst id="15">152.8267</dst>
    </src>
    <src id="21">
      <dst id="12">18892.7289</dst>
      <dst id="13">1013.9467</dst>
      <dst id="19">272.2844</dst>
      <dst id="23">18.0622</dst>
      <dst id="8">17.5644</dst>
      <dst id="18">1170.3467</dst>
      <dst id="4">23431.3778</dst>
      <dst id="1">23829.9467</dst>
      <dst id="5">449.0311</dst>
      <dst id="3">650.5067</dst>
      <dst id="22">1141.0756</dst>
      <dst id="7">540.8089</dst>
      <dst id="2">7442.7467</dst>
      <dst id="16">108.8089</dst>
      <dst id="14">95.0400</dst>
      <dst id="20">159.3956</dst>
      <dst id="11">811.6800</dst>
      <dst id="9">162.3556</dst>
      <dst id="17">2995.4844</dst>
      <dst id="21">2166.0978</dst>
      <dst id="15">16.5422</dst>
    </src>
    <src id="15">
      <dst id="12">200.4356</dst>
      <dst id="13">940.4178</dst>
      <dst id="19">3.6178</dst>
      <dst id="8">19.3422</dst>
      <dst id="18">59.0400</dst>
      <dst id="4">5103.0933</dst>
      <dst id="1">144.8444</dst>
      <dst id="5">552.2578</dst>
      <dst id="3">460.9244</dst>
      <dst id="7">27.1200</dst>
      <dst id="2">34.6578</dst>
      <dst id="6">0.3556</dst>
      <dst id="11">229.0756</dst>
      <dst id="9">585.4222</dst>
      <dst id="17">190.1244</dst>
      <dst id="21">32.9600</dst>
    </src>
  </IntraTM>
</TrafficMatrixFile>
