<?xml version="1.0" encoding="UTF-8" standalone="yes"?>
<TrafficMatrixFile xmlns:xsi="http://www.w3.org/2001/XMLSchema-instance" xsi:noNamespaceSchemaLocation="http://totem.run.montefiore.ulg.ac.be/Schema/TrafficMatrix-v1_2.xsd">
  <info>
    <title>Intradomain traffic matrix generated by geant-TM-all.pl</title>
    <date>2005-01-05T09:15:00</date>
    <duration>900</duration>
    <author>Steve Uhlig</author>
    <units>
        <unit type="bandwidth" value="kbps"/>
    </units>
  </info>
  <IntraTM ASID="20965">
    <src id="12">
      <dst id="12">252442.6311</dst>
      <dst id="13">18046.8711</dst>
      <dst id="19">2083.4667</dst>
      <dst id="23">147.7956</dst>
      <dst id="8">2584.1600</dst>
      <dst id="18">1196.9867</dst>
      <dst id="4">85468.5422</dst>
      <dst id="1">18856.9689</dst>
      <dst id="5">32041.2622</dst>
      <dst id="3">3326.9511</dst>
      <dst id="22">9768.9511</dst>
      <dst id="7">2724.4711</dst>
      <dst id="2">93298.3822</dst>
      <dst id="6">1.9467</dst>
      <dst id="16">6593.0844</dst>
      <dst id="14">221.1200</dst>
      <dst id="20">3776.8800</dst>
      <dst id="11">2796.9244</dst>
      <dst id="9">4028.1156</dst>
      <dst id="17">70052.0622</dst>
      <dst id="21">1471.4844</dst>
      <dst id="15">1620.9689</dst>
    </src>
    <src id="13">
      <dst id="12">55328.7289</dst>
      <dst id="19">5535.2000</dst>
      <dst id="23">21.9556</dst>
      <dst id="8">2400.9600</dst>
      <dst id="18">3357.6000</dst>
      <dst id="1">8049.1378</dst>
      <dst id="5">13646.9333</dst>
      <dst id="3">7250.8622</dst>
      <dst id="22">31529.5733</dst>
      <dst id="7">13080.6311</dst>
      <dst id="2">83098.8178</dst>
      <dst id="6">93.7778</dst>
      <dst id="16">6115.4756</dst>
      <dst id="14">1726.1422</dst>
      <dst id="20">27983.7333</dst>
      <dst id="11">13374.9956</dst>
      <dst id="9">8692.7733</dst>
      <dst id="17">40635.1556</dst>
      <dst id="21">9025.5111</dst>
      <dst id="15">3872.5244</dst>
    </src>
    <src id="19">
      <dst id="12">11928.2489</dst>
      <dst id="13">267.6178</dst>
      <dst id="18">5.7956</dst>
      <dst id="4">23881.1911</dst>
      <dst id="1">279.6178</dst>
      <dst id="5">42.0622</dst>
      <dst id="22">1575.8933</dst>
      <dst id="7">2829.2178</dst>
      <dst id="2">10935.1822</dst>
      <dst id="6">25.2978</dst>
      <dst id="16">5015.7422</dst>
      <dst id="14">51.3067</dst>
      <dst id="20">46.1778</dst>
      <dst id="11">527.6978</dst>
      <dst id="9">94.8356</dst>
      <dst id="17">1329.7156</dst>
      <dst id="21">60.9511</dst>
      <dst id="15">1202.2844</dst>
    </src>
    <src id="23">
      <dst id="12">111.5200</dst>
      <dst id="13">134.3733</dst>
      <dst id="8">12.6222</dst>
      <dst id="18">3.9289</dst>
      <dst id="4">16.6756</dst>
      <dst id="1">73.6533</dst>
      <dst id="5">147.1289</dst>
      <dst id="3">236.4089</dst>
      <dst id="22">129.7867</dst>
      <dst id="7">18.2844</dst>
      <dst id="6">1.1378</dst>
      <dst id="16">71.9644</dst>
      <dst id="14">0.3556</dst>
      <dst id="20">40.9067</dst>
      <dst id="11">22.6311</dst>
      <dst id="9">5993.9378</dst>
      <dst id="17">2486.5244</dst>
      <dst id="21">31.8578</dst>
      <dst id="15">2.3022</dst>
    </src>
    <src id="8">
      <dst id="12">302783.1556</dst>
      <dst id="13">223.7867</dst>
      <dst id="18">4.0622</dst>
      <dst id="4">12218.1511</dst>
      <dst id="1">1209.2356</dst>
      <dst id="5">1132.2133</dst>
      <dst id="3">12.6222</dst>
      <dst id="22">1318.0711</dst>
      <dst id="7">17.0933</dst>
      <dst id="2">112903.2711</dst>
      <dst id="6">19.4844</dst>
      <dst id="16">1075.6622</dst>
      <dst id="20">38.3644</dst>
      <dst id="11">364.4267</dst>
      <dst id="9">5782.8267</dst>
      <dst id="17">110075.4400</dst>
      <dst id="21">125.2800</dst>
      <dst id="15">2.1333</dst>
    </src>
    <src id="18">
      <dst id="12">90009.7689</dst>
      <dst id="13">127.9200</dst>
      <dst id="19">0.8711</dst>
      <dst id="8">323.8044</dst>
      <dst id="4">2916.6489</dst>
      <dst id="1">904.2933</dst>
      <dst id="5">224.6756</dst>
      <dst id="3">9.2978</dst>
      <dst id="22">332.9067</dst>
      <dst id="7">6.4178</dst>
      <dst id="2">29059.9822</dst>
      <dst id="16">25.1289</dst>
      <dst id="14">19.3689</dst>
      <dst id="20">161.2356</dst>
      <dst id="11">104.6311</dst>
      <dst id="9">25.6978</dst>
      <dst id="17">41785.1911</dst>
      <dst id="21">528.9244</dst>
      <dst id="15">0.7111</dst>
    </src>
    <src id="4">
      <dst id="12">13346.8444</dst>
      <dst id="19">17501.0578</dst>
      <dst id="8">743.7067</dst>
      <dst id="18">507.9289</dst>
      <dst id="4">3.6267</dst>
      <dst id="1">99513.0933</dst>
      <dst id="5">1295.8489</dst>
      <dst id="3">120.3200</dst>
      <dst id="22">3417.1378</dst>
      <dst id="7">56720.4000</dst>
      <dst id="2">90809.2089</dst>
      <dst id="6">1.7156</dst>
      <dst id="16">5139.3956</dst>
      <dst id="14">1032.9156</dst>
      <dst id="20">560.8444</dst>
      <dst id="11">2913.1378</dst>
      <dst id="9">4657.7333</dst>
      <dst id="17">13876.9956</dst>
      <dst id="21">6164.8889</dst>
      <dst id="15">360.1422</dst>
    </src>
    <src id="1">
      <dst id="12">20848.0089</dst>
      <dst id="13">1367.1467</dst>
      <dst id="19">26.2222</dst>
      <dst id="23">78.8178</dst>
      <dst id="8">74552.2222</dst>
      <dst id="18">12274.5156</dst>
      <dst id="4">3000.6933</dst>
      <dst id="1">4121.0933</dst>
      <dst id="5">157017.4667</dst>
      <dst id="3">184.7733</dst>
      <dst id="22">1348.8800</dst>
      <dst id="7">3150.8533</dst>
      <dst id="2">16684.2844</dst>
      <dst id="6">9839.3244</dst>
      <dst id="16">8517.1022</dst>
      <dst id="14">26.6044</dst>
      <dst id="20">347.8400</dst>
      <dst id="11">3794.1867</dst>
      <dst id="9">152317.0844</dst>
      <dst id="17">16505.7244</dst>
      <dst id="21">6719.8844</dst>
      <dst id="15">200.0000</dst>
    </src>
    <src id="5">
      <dst id="12">273721.6000</dst>
      <dst id="13">1070.7022</dst>
      <dst id="19">5.7867</dst>
      <dst id="23">28.4089</dst>
      <dst id="8">1226.9333</dst>
      <dst id="18">208.7289</dst>
      <dst id="4">7602.1778</dst>
      <dst id="1">393.6622</dst>
      <dst id="3">9.7333</dst>
      <dst id="22">9684.2044</dst>
      <dst id="7">1469.9911</dst>
      <dst id="2">116429.2000</dst>
      <dst id="6">0.8711</dst>
      <dst id="16">831.0133</dst>
      <dst id="14">2.6667</dst>
      <dst id="20">5492.2311</dst>
      <dst id="11">1714.4711</dst>
      <dst id="9">1471.9022</dst>
      <dst id="17">101684.9867</dst>
      <dst id="21">287.6889</dst>
      <dst id="15">86.0000</dst>
    </src>
    <src id="3">
      <dst id="12">12704.4267</dst>
      <dst id="13">5719.9644</dst>
      <dst id="19">4186.1333</dst>
      <dst id="23">10315.7422</dst>
      <dst id="8">23.5378</dst>
      <dst id="18">51091.3778</dst>
      <dst id="4">31830.6133</dst>
      <dst id="1">6842.1067</dst>
      <dst id="5">538.7733</dst>
      <dst id="3">9798.6222</dst>
      <dst id="22">3617.7067</dst>
      <dst id="7">10545.3956</dst>
      <dst id="2">24778.5600</dst>
      <dst id="16">573.6089</dst>
      <dst id="14">21848.8711</dst>
      <dst id="20">3050.9600</dst>
      <dst id="11">112121.8311</dst>
      <dst id="9">874.0089</dst>
      <dst id="17">11157.7244</dst>
      <dst id="21">14452.2222</dst>
      <dst id="15">1339.5289</dst>
    </src>
    <src id="10">
      <dst id="12">11167.6178</dst>
      <dst id="19">1002.5333</dst>
      <dst id="23">0.4267</dst>
      <dst id="8">380.2844</dst>
      <dst id="18">286.4800</dst>
      <dst id="1">2828.4356</dst>
      <dst id="5">1119.1378</dst>
      <dst id="3">2533.6267</dst>
      <dst id="22">5644.9244</dst>
      <dst id="7">6291.9822</dst>
      <dst id="2">18614.0800</dst>
      <dst id="6">1.1556</dst>
      <dst id="16">1990.9067</dst>
      <dst id="14">3386.2578</dst>
      <dst id="20">2302.4356</dst>
      <dst id="11">6025.8133</dst>
      <dst id="9">988.5511</dst>
      <dst id="17">16271.3156</dst>
      <dst id="21">5609.8667</dst>
      <dst id="15">177.9200</dst>
    </src>
    <src id="22">
      <dst id="12">6265.6444</dst>
      <dst id="13">3308.1778</dst>
      <dst id="19">348.4178</dst>
      <dst id="23">1266.0356</dst>
      <dst id="8">1532.1867</dst>
      <dst id="18">386.4978</dst>
      <dst id="4">19657.5022</dst>
      <dst id="1">2075.7511</dst>
      <dst id="5">2346.3289</dst>
      <dst id="3">992.6311</dst>
      <dst id="7">1650.9511</dst>
      <dst id="2">3387.0578</dst>
      <dst id="6">24.4089</dst>
      <dst id="16">9.9200</dst>
      <dst id="14">5.9111</dst>
      <dst id="11">1599.0578</dst>
      <dst id="9">1772.3822</dst>
      <dst id="17">7646.0267</dst>
      <dst id="21">850.9600</dst>
    </src>
    <src id="7">
      <dst id="12">3216.7378</dst>
      <dst id="13">554.9156</dst>
      <dst id="19">1243.3600</dst>
      <dst id="23">0.8178</dst>
      <dst id="8">185.4400</dst>
      <dst id="18">120.3822</dst>
      <dst id="4">17437.3067</dst>
      <dst id="1">4710.0711</dst>
      <dst id="5">1009.2000</dst>
      <dst id="3">77.5378</dst>
      <dst id="22">6299.0667</dst>
      <dst id="7">729.4222</dst>
      <dst id="2">7692.1956</dst>
      <dst id="6">15.3067</dst>
      <dst id="16">309.2356</dst>
      <dst id="14">61.2356</dst>
      <dst id="20">55.5378</dst>
      <dst id="11">3155.1822</dst>
      <dst id="9">296.1067</dst>
      <dst id="17">4716.4089</dst>
      <dst id="21">2062.4444</dst>
      <dst id="15">93.4756</dst>
    </src>
    <src id="2">
      <dst id="12">69548.5778</dst>
      <dst id="13">509086.5956</dst>
      <dst id="19">638.2756</dst>
      <dst id="23">12.6222</dst>
      <dst id="8">238.6489</dst>
      <dst id="18">47100.4533</dst>
      <dst id="4">81927.0933</dst>
      <dst id="1">22842.2044</dst>
      <dst id="5">876.8267</dst>
      <dst id="3">136.2400</dst>
      <dst id="22">2332.4889</dst>
      <dst id="7">6746.1244</dst>
      <dst id="2">504.7022</dst>
      <dst id="6">5577.2356</dst>
      <dst id="16">1654.8356</dst>
      <dst id="14">5617.8311</dst>
      <dst id="20">479.1378</dst>
      <dst id="11">1102.8533</dst>
      <dst id="9">3790.4178</dst>
      <dst id="17">20894.2489</dst>
      <dst id="21">18055.2356</dst>
      <dst id="15">60.8889</dst>
    </src>
    <src id="6">
      <dst id="12">7392.2578</dst>
      <dst id="13">2.7556</dst>
      <dst id="19">13.9111</dst>
      <dst id="23">0.3378</dst>
      <dst id="8">1.3156</dst>
      <dst id="18">12.1244</dst>
      <dst id="4">1294.3289</dst>
      <dst id="1">0.4978</dst>
      <dst id="22">14.3556</dst>
      <dst id="2">1553.4133</dst>
      <dst id="20">0.7111</dst>
      <dst id="11">0.3556</dst>
      <dst id="9">0.3378</dst>
      <dst id="17">1222.0978</dst>
      <dst id="21">6.0444</dst>
    </src>
    <src id="16">
      <dst id="12">1416.7822</dst>
      <dst id="13">220.2578</dst>
      <dst id="19">5077.6711</dst>
      <dst id="23">3.9467</dst>
      <dst id="8">1197.5378</dst>
      <dst id="18">33.4756</dst>
      <dst id="4">3892.1867</dst>
      <dst id="1">8845.5111</dst>
      <dst id="5">1825.1644</dst>
      <dst id="7">1860.8533</dst>
      <dst id="2">183.1022</dst>
      <dst id="6">0.8356</dst>
      <dst id="16">31.1822</dst>
      <dst id="14">320.4267</dst>
      <dst id="11">303.2089</dst>
      <dst id="9">2530.7200</dst>
      <dst id="17">1437.3511</dst>
      <dst id="21">2064.9244</dst>
    </src>
    <src id="14">
      <dst id="12">22467.1378</dst>
      <dst id="13">38.7911</dst>
      <dst id="19">2.2400</dst>
      <dst id="23">1.7956</dst>
      <dst id="8">0.5333</dst>
      <dst id="18">1.2800</dst>
      <dst id="4">1571.1911</dst>
      <dst id="1">39.9289</dst>
      <dst id="5">1.0933</dst>
      <dst id="3">37.3511</dst>
      <dst id="22">116.6844</dst>
      <dst id="7">27.6800</dst>
      <dst id="2">7573.0578</dst>
      <dst id="16">14.8800</dst>
      <dst id="20">2.1511</dst>
      <dst id="11">28.9333</dst>
      <dst id="9">102.0267</dst>
      <dst id="17">9207.3244</dst>
      <dst id="21">36.5956</dst>
      <dst id="15">0.4978</dst>
    </src>
    <src id="20">
      <dst id="12">3634.8711</dst>
      <dst id="13">3821.2533</dst>
      <dst id="19">409.4044</dst>
      <dst id="23">2.9511</dst>
      <dst id="8">1068.9067</dst>
      <dst id="18">2.4889</dst>
      <dst id="4">6827.4844</dst>
      <dst id="1">166.2844</dst>
      <dst id="5">1713.6356</dst>
      <dst id="3">1717.4933</dst>
      <dst id="7">1197.0133</dst>
      <dst id="2">1454.9333</dst>
      <dst id="6">53.0489</dst>
      <dst id="11">929.3244</dst>
      <dst id="9">3919.6089</dst>
      <dst id="17">448.3289</dst>
      <dst id="21">11.0489</dst>
    </src>
    <src id="11">
      <dst id="12">392055.6978</dst>
      <dst id="13">2246.8356</dst>
      <dst id="19">138.8889</dst>
      <dst id="23">122.8444</dst>
      <dst id="8">619.5911</dst>
      <dst id="18">24.8800</dst>
      <dst id="4">8941.6978</dst>
      <dst id="1">3554.6844</dst>
      <dst id="5">1329.2711</dst>
      <dst id="3">926.3022</dst>
      <dst id="22">3628.5778</dst>
      <dst id="7">1233.3422</dst>
      <dst id="2">141346.6133</dst>
      <dst id="6">5.4222</dst>
      <dst id="16">109.2533</dst>
      <dst id="14">55.4400</dst>
      <dst id="20">668.3111</dst>
      <dst id="11">1983.1733</dst>
      <dst id="9">847.0044</dst>
      <dst id="17">146488.8356</dst>
      <dst id="21">681.7156</dst>
      <dst id="15">717.7244</dst>
    </src>
    <src id="9">
      <dst id="12">456376.3911</dst>
      <dst id="13">2826.7733</dst>
      <dst id="19">6.6044</dst>
      <dst id="23">93.1556</dst>
      <dst id="8">214.3556</dst>
      <dst id="18">138.8089</dst>
      <dst id="4">7545.6622</dst>
      <dst id="1">2377.1822</dst>
      <dst id="5">4467.5467</dst>
      <dst id="3">19.6533</dst>
      <dst id="22">7864.4622</dst>
      <dst id="7">181.9022</dst>
      <dst id="2">171091.1911</dst>
      <dst id="6">0.4978</dst>
      <dst id="16">485.0044</dst>
      <dst id="14">4.9778</dst>
      <dst id="20">12866.0978</dst>
      <dst id="11">1571.0756</dst>
      <dst id="9">1522.3022</dst>
      <dst id="17">165799.5022</dst>
      <dst id="21">345.6089</dst>
      <dst id="15">764.3467</dst>
    </src>
    <src id="17">
      <dst id="12">11658.2933</dst>
      <dst id="13">1635.8400</dst>
      <dst id="19">281.9111</dst>
      <dst id="23">303.1644</dst>
      <dst id="8">109433.4844</dst>
      <dst id="18">532.1067</dst>
      <dst id="4">63932.7200</dst>
      <dst id="1">3853.6178</dst>
      <dst id="5">153917.2978</dst>
      <dst id="3">4624.5511</dst>
      <dst id="22">5212.0000</dst>
      <dst id="7">755.9467</dst>
      <dst id="2">8523.3244</dst>
      <dst id="6">2.8267</dst>
      <dst id="16">3937.5378</dst>
      <dst id="14">19592.0089</dst>
      <dst id="20">152.7467</dst>
      <dst id="11">92721.7778</dst>
      <dst id="9">166429.6356</dst>
      <dst id="17">1853.0667</dst>
      <dst id="21">6059.8489</dst>
      <dst id="15">96.0000</dst>
    </src>
    <src id="21">
      <dst id="12">16130.8089</dst>
      <dst id="13">2540.9156</dst>
      <dst id="19">171.7689</dst>
      <dst id="23">3.8933</dst>
      <dst id="8">37.3956</dst>
      <dst id="18">713.1911</dst>
      <dst id="4">17384.7733</dst>
      <dst id="1">4093.2267</dst>
      <dst id="5">74.0089</dst>
      <dst id="3">3589.9467</dst>
      <dst id="22">1930.6578</dst>
      <dst id="7">3956.2044</dst>
      <dst id="2">16322.7822</dst>
      <dst id="6">60.8267</dst>
      <dst id="16">251.1111</dst>
      <dst id="14">141.6178</dst>
      <dst id="20">64.5422</dst>
      <dst id="11">933.5822</dst>
      <dst id="9">646.2311</dst>
      <dst id="17">3539.7422</dst>
      <dst id="21">1071.5111</dst>
      <dst id="15">34.3111</dst>
    </src>
    <src id="15">
      <dst id="12">358.4800</dst>
      <dst id="13">797.7333</dst>
      <dst id="19">54.1156</dst>
      <dst id="23">1.6000</dst>
      <dst id="8">68.7289</dst>
      <dst id="18">0.9689</dst>
      <dst id="4">2345.5644</dst>
      <dst id="1">1642.5244</dst>
      <dst id="5">85.7333</dst>
      <dst id="3">3.1022</dst>
      <dst id="7">443.0311</dst>
      <dst id="2">400.5600</dst>
      <dst id="11">256.5778</dst>
      <dst id="9">1213.5378</dst>
      <dst id="17">106.3200</dst>
      <dst id="21">34.2933</dst>
    </src>
  </IntraTM>
</TrafficMatrixFile>
