<?xml version="1.0" encoding="UTF-8" standalone="yes"?>
<TrafficMatrixFile xmlns:xsi="http://www.w3.org/2001/XMLSchema-instance" xsi:noNamespaceSchemaLocation="http://totem.run.montefiore.ulg.ac.be/Schema/TrafficMatrix-v1_2.xsd">
  <info>
    <title>Intradomain traffic matrix generated by geant-TM-all.pl</title>
    <date>2005-01-02T11:30:00</date>
    <duration>900</duration>
    <author>Steve Uhlig</author>
    <units>
        <unit type="bandwidth" value="kbps"/>
    </units>
  </info>
  <IntraTM ASID="20965">
    <src id="12">
      <dst id="12">171526.7111</dst>
      <dst id="13">10926.8800</dst>
      <dst id="19">2637.7333</dst>
      <dst id="23">111.7067</dst>
      <dst id="8">1286.8978</dst>
      <dst id="18">814.4711</dst>
      <dst id="4">87928.1067</dst>
      <dst id="1">6638.4800</dst>
      <dst id="5">3825.4311</dst>
      <dst id="3">5593.1111</dst>
      <dst id="22">7285.7422</dst>
      <dst id="7">1618.5600</dst>
      <dst id="2">58302.8889</dst>
      <dst id="6">174.0000</dst>
      <dst id="16">3610.2311</dst>
      <dst id="14">213.8844</dst>
      <dst id="20">1489.9467</dst>
      <dst id="11">9413.2711</dst>
      <dst id="9">2134.0978</dst>
      <dst id="17">46736.7200</dst>
      <dst id="21">9081.2889</dst>
      <dst id="15">259.9556</dst>
    </src>
    <src id="13">
      <dst id="12">31063.7956</dst>
      <dst id="19">30454.5067</dst>
      <dst id="23">91.8933</dst>
      <dst id="8">1094.8978</dst>
      <dst id="18">2593.7067</dst>
      <dst id="1">2108.9600</dst>
      <dst id="5">4123.2800</dst>
      <dst id="3">5848.0356</dst>
      <dst id="22">23864.4622</dst>
      <dst id="7">6028.7022</dst>
      <dst id="2">81549.6178</dst>
      <dst id="6">51.8756</dst>
      <dst id="16">5025.6622</dst>
      <dst id="14">1040.0178</dst>
      <dst id="20">12717.9644</dst>
      <dst id="11">10076.3467</dst>
      <dst id="9">18250.5689</dst>
      <dst id="17">47118.4444</dst>
      <dst id="21">25079.6533</dst>
      <dst id="15">3048.8089</dst>
    </src>
    <src id="19">
      <dst id="12">11315.0667</dst>
      <dst id="13">617.6267</dst>
      <dst id="23">19.4756</dst>
      <dst id="8">0.9956</dst>
      <dst id="18">577.7067</dst>
      <dst id="4">19178.2844</dst>
      <dst id="1">402.7556</dst>
      <dst id="5">108.5867</dst>
      <dst id="22">2455.0933</dst>
      <dst id="7">2370.1067</dst>
      <dst id="2">658.7467</dst>
      <dst id="6">40.7644</dst>
      <dst id="16">6508.2400</dst>
      <dst id="20">76.3200</dst>
      <dst id="11">2.0178</dst>
      <dst id="9">3675.6622</dst>
      <dst id="17">26.9778</dst>
      <dst id="21">281.3689</dst>
    </src>
    <src id="23">
      <dst id="12">380.2044</dst>
      <dst id="13">58.6933</dst>
      <dst id="19">0.4711</dst>
      <dst id="8">72.8533</dst>
      <dst id="4">0.5333</dst>
      <dst id="1">16.2667</dst>
      <dst id="5">2.0711</dst>
      <dst id="3">51.9378</dst>
      <dst id="22">46.2400</dst>
      <dst id="7">501.5644</dst>
      <dst id="2">2.6311</dst>
      <dst id="16">41.2444</dst>
      <dst id="11">2.4800</dst>
      <dst id="9">412.5067</dst>
      <dst id="17">356.0178</dst>
      <dst id="21">415.7778</dst>
    </src>
    <src id="8">
      <dst id="12">267120.6844</dst>
      <dst id="13">185.1289</dst>
      <dst id="19">0.8889</dst>
      <dst id="23">837.9111</dst>
      <dst id="18">79.1822</dst>
      <dst id="4">9411.9378</dst>
      <dst id="1">84.9422</dst>
      <dst id="5">997.5733</dst>
      <dst id="22">571.1022</dst>
      <dst id="7">210.4267</dst>
      <dst id="2">97559.3778</dst>
      <dst id="16">113.3244</dst>
      <dst id="20">93.0756</dst>
      <dst id="11">26.7556</dst>
      <dst id="9">451.3156</dst>
      <dst id="17">95449.2444</dst>
      <dst id="21">281.8311</dst>
      <dst id="15">57.6444</dst>
    </src>
    <src id="18">
      <dst id="12">94702.7378</dst>
      <dst id="13">114.5156</dst>
      <dst id="19">1035.3422</dst>
      <dst id="23">1.6444</dst>
      <dst id="8">2.9511</dst>
      <dst id="4">2770.1156</dst>
      <dst id="1">680.6667</dst>
      <dst id="5">99.2356</dst>
      <dst id="3">213.1644</dst>
      <dst id="22">942.0444</dst>
      <dst id="7">47.1111</dst>
      <dst id="2">29606.8889</dst>
      <dst id="16">39.7511</dst>
      <dst id="14">36.9156</dst>
      <dst id="20">0.7378</dst>
      <dst id="11">96.4533</dst>
      <dst id="9">495.8578</dst>
      <dst id="17">30071.3600</dst>
      <dst id="21">399.2711</dst>
      <dst id="15">3.3867</dst>
    </src>
    <src id="4">
      <dst id="12">10719.8578</dst>
      <dst id="19">4974.0000</dst>
      <dst id="8">652.5867</dst>
      <dst id="18">1647.6800</dst>
      <dst id="4">1.6000</dst>
      <dst id="1">6854.0800</dst>
      <dst id="5">1637.7067</dst>
      <dst id="3">573.6622</dst>
      <dst id="22">2670.7644</dst>
      <dst id="7">51421.6533</dst>
      <dst id="2">52706.4889</dst>
      <dst id="6">13.2622</dst>
      <dst id="16">1097.1111</dst>
      <dst id="14">791.0311</dst>
      <dst id="20">58172.7378</dst>
      <dst id="11">7312.0444</dst>
      <dst id="9">1599.4133</dst>
      <dst id="17">94110.7467</dst>
      <dst id="21">8354.4889</dst>
      <dst id="15">663.3689</dst>
    </src>
    <src id="1">
      <dst id="12">16148.7378</dst>
      <dst id="13">201.8844</dst>
      <dst id="19">5.1556</dst>
      <dst id="23">44.8978</dst>
      <dst id="8">60149.1733</dst>
      <dst id="18">14295.0222</dst>
      <dst id="4">11445.6889</dst>
      <dst id="1">26594.8000</dst>
      <dst id="5">144960.5511</dst>
      <dst id="3">11.0933</dst>
      <dst id="22">226.3378</dst>
      <dst id="7">872.2400</dst>
      <dst id="2">13578.0711</dst>
      <dst id="6">4200.7200</dst>
      <dst id="16">10822.8356</dst>
      <dst id="14">75.1111</dst>
      <dst id="20">42.5689</dst>
      <dst id="11">37.4311</dst>
      <dst id="9">125844.2489</dst>
      <dst id="17">2919.2178</dst>
      <dst id="21">1955.2711</dst>
      <dst id="15">96.0978</dst>
    </src>
    <src id="5">
      <dst id="12">223564.0178</dst>
      <dst id="13">3290.1244</dst>
      <dst id="19">240.8356</dst>
      <dst id="23">80.5244</dst>
      <dst id="8">1317.4756</dst>
      <dst id="18">86.6667</dst>
      <dst id="4">9110.9422</dst>
      <dst id="1">236.4267</dst>
      <dst id="3">19.6000</dst>
      <dst id="22">3499.0400</dst>
      <dst id="7">189.3956</dst>
      <dst id="2">97967.0756</dst>
      <dst id="6">0.3556</dst>
      <dst id="16">251.2711</dst>
      <dst id="14">3.3867</dst>
      <dst id="20">1423.8667</dst>
      <dst id="11">590.5422</dst>
      <dst id="9">1039.7778</dst>
      <dst id="17">80862.2400</dst>
      <dst id="21">342.9333</dst>
      <dst id="15">196.6044</dst>
    </src>
    <src id="3">
      <dst id="12">18347.5822</dst>
      <dst id="13">491.4489</dst>
      <dst id="19">4485.0756</dst>
      <dst id="23">4.8889</dst>
      <dst id="8">44.9333</dst>
      <dst id="18">58631.9022</dst>
      <dst id="4">18342.9156</dst>
      <dst id="1">3576.3822</dst>
      <dst id="5">575.1822</dst>
      <dst id="3">9392.8267</dst>
      <dst id="22">7464.0978</dst>
      <dst id="7">1711.9822</dst>
      <dst id="2">4303.7689</dst>
      <dst id="6">3.0400</dst>
      <dst id="16">992.0267</dst>
      <dst id="14">24086.0089</dst>
      <dst id="20">41.8489</dst>
      <dst id="11">103297.4578</dst>
      <dst id="9">75.1289</dst>
      <dst id="17">8552.7378</dst>
      <dst id="21">4808.3556</dst>
      <dst id="15">37.9111</dst>
    </src>
    <src id="10">
      <dst id="12">11834.5333</dst>
      <dst id="19">1035.1556</dst>
      <dst id="8">581.7867</dst>
      <dst id="18">430.8711</dst>
      <dst id="1">379.3689</dst>
      <dst id="5">828.1778</dst>
      <dst id="3">17777.2178</dst>
      <dst id="22">8730.2933</dst>
      <dst id="7">15063.5733</dst>
      <dst id="2">24516.2756</dst>
      <dst id="16">1211.9289</dst>
      <dst id="14">2743.7156</dst>
      <dst id="20">6104.1689</dst>
      <dst id="11">4688.8356</dst>
      <dst id="9">1580.1778</dst>
      <dst id="17">17742.9156</dst>
      <dst id="21">13673.4311</dst>
      <dst id="15">560.0089</dst>
    </src>
    <src id="22">
      <dst id="12">5090.0444</dst>
      <dst id="13">4113.6356</dst>
      <dst id="19">77.0667</dst>
      <dst id="23">9.4400</dst>
      <dst id="8">538.5956</dst>
      <dst id="18">1451.3778</dst>
      <dst id="4">15747.1467</dst>
      <dst id="1">1306.5333</dst>
      <dst id="5">4322.3200</dst>
      <dst id="3">618.4533</dst>
      <dst id="7">338.8711</dst>
      <dst id="2">1956.9867</dst>
      <dst id="6">0.7822</dst>
      <dst id="16">0.3556</dst>
      <dst id="14">144.1600</dst>
      <dst id="11">4200.3378</dst>
      <dst id="9">4147.2444</dst>
      <dst id="17">3806.5956</dst>
      <dst id="21">738.9067</dst>
    </src>
    <src id="7">
      <dst id="12">5081.5111</dst>
      <dst id="13">97.8133</dst>
      <dst id="19">142.9956</dst>
      <dst id="23">39.5911</dst>
      <dst id="8">252.7200</dst>
      <dst id="18">444.0178</dst>
      <dst id="4">25836.9156</dst>
      <dst id="1">2799.8222</dst>
      <dst id="5">1330.8978</dst>
      <dst id="3">141.6622</dst>
      <dst id="22">4908.5156</dst>
      <dst id="7">732.4000</dst>
      <dst id="2">6911.2267</dst>
      <dst id="6">14.8711</dst>
      <dst id="16">183.3778</dst>
      <dst id="14">45.9644</dst>
      <dst id="20">234.5333</dst>
      <dst id="11">644.3911</dst>
      <dst id="9">222.1956</dst>
      <dst id="17">4036.3822</dst>
      <dst id="21">2438.4889</dst>
      <dst id="15">163.1200</dst>
    </src>
    <src id="2">
      <dst id="12">68455.2267</dst>
      <dst id="13">3546.6044</dst>
      <dst id="19">8168.3022</dst>
      <dst id="8">874.8622</dst>
      <dst id="18">55353.2800</dst>
      <dst id="4">109498.4533</dst>
      <dst id="1">9083.5467</dst>
      <dst id="5">1007.8844</dst>
      <dst id="3">78.4978</dst>
      <dst id="22">2032.4356</dst>
      <dst id="7">5234.4000</dst>
      <dst id="2">811.5911</dst>
      <dst id="6">4832.8000</dst>
      <dst id="16">2240.8800</dst>
      <dst id="14">5493.2622</dst>
      <dst id="20">829.2533</dst>
      <dst id="11">2929.5822</dst>
      <dst id="9">1923.0489</dst>
      <dst id="17">45277.7778</dst>
      <dst id="21">3556.3378</dst>
      <dst id="15">131.9467</dst>
    </src>
    <src id="6">
      <dst id="12">7248.2756</dst>
      <dst id="13">1.7867</dst>
      <dst id="19">1.0667</dst>
      <dst id="4">55.9644</dst>
      <dst id="1">40.9778</dst>
      <dst id="5">12.8000</dst>
      <dst id="22">1.2800</dst>
      <dst id="7">2.0267</dst>
      <dst id="2">1468.8000</dst>
      <dst id="14">0.6489</dst>
      <dst id="11">0.5511</dst>
      <dst id="9">13.4400</dst>
      <dst id="17">834.6222</dst>
    </src>
    <src id="16">
      <dst id="12">2523.9289</dst>
      <dst id="13">110.7467</dst>
      <dst id="19">4132.2667</dst>
      <dst id="23">4.6756</dst>
      <dst id="8">1114.5867</dst>
      <dst id="18">1.5289</dst>
      <dst id="4">5624.6044</dst>
      <dst id="1">20482.0533</dst>
      <dst id="5">739.3067</dst>
      <dst id="3">1.6089</dst>
      <dst id="7">2093.8311</dst>
      <dst id="2">406.9956</dst>
      <dst id="6">0.3556</dst>
      <dst id="16">18.7822</dst>
      <dst id="14">153.9111</dst>
      <dst id="11">974.4800</dst>
      <dst id="9">2106.4889</dst>
      <dst id="17">1261.1289</dst>
      <dst id="21">676.2578</dst>
    </src>
    <src id="14">
      <dst id="12">16177.2622</dst>
      <dst id="13">20.1333</dst>
      <dst id="19">2.2400</dst>
      <dst id="18">1.7956</dst>
      <dst id="4">2336.7644</dst>
      <dst id="1">38.5422</dst>
      <dst id="5">3.9289</dst>
      <dst id="3">51.8044</dst>
      <dst id="22">3.4222</dst>
      <dst id="7">68.1778</dst>
      <dst id="2">5721.2533</dst>
      <dst id="6">5.8489</dst>
      <dst id="16">6.1244</dst>
      <dst id="11">58.5778</dst>
      <dst id="9">38.9956</dst>
      <dst id="17">6847.3156</dst>
      <dst id="21">157.2889</dst>
    </src>
    <src id="20">
      <dst id="12">1971.9822</dst>
      <dst id="13">8347.1467</dst>
      <dst id="19">2624.9333</dst>
      <dst id="8">621.3333</dst>
      <dst id="18">0.5067</dst>
      <dst id="4">10015.1022</dst>
      <dst id="1">51.8489</dst>
      <dst id="5">2247.3067</dst>
      <dst id="3">286.2667</dst>
      <dst id="7">45.9111</dst>
      <dst id="2">2886.4444</dst>
      <dst id="6">1.7333</dst>
      <dst id="14">1.0667</dst>
      <dst id="11">583.7956</dst>
      <dst id="9">5135.6267</dst>
      <dst id="17">1810.7467</dst>
      <dst id="21">239.2178</dst>
    </src>
    <src id="11">
      <dst id="12">404809.7689</dst>
      <dst id="13">1068.2578</dst>
      <dst id="19">18.4089</dst>
      <dst id="23">2.4711</dst>
      <dst id="8">99.6267</dst>
      <dst id="18">520.7733</dst>
      <dst id="4">11821.0489</dst>
      <dst id="1">496.9067</dst>
      <dst id="5">1445.0311</dst>
      <dst id="3">3605.5022</dst>
      <dst id="22">2597.5911</dst>
      <dst id="7">119.1289</dst>
      <dst id="2">178236.8444</dst>
      <dst id="6">0.7733</dst>
      <dst id="16">892.6044</dst>
      <dst id="14">93.8489</dst>
      <dst id="20">1586.4000</dst>
      <dst id="11">887.3511</dst>
      <dst id="9">482.9778</dst>
      <dst id="17">136937.3067</dst>
      <dst id="21">1669.6533</dst>
      <dst id="15">681.9733</dst>
    </src>
    <src id="9">
      <dst id="12">407609.4667</dst>
      <dst id="13">4089.2178</dst>
      <dst id="19">187.9822</dst>
      <dst id="23">16.2667</dst>
      <dst id="8">22.6844</dst>
      <dst id="18">512.6133</dst>
      <dst id="4">13257.4667</dst>
      <dst id="1">1041.6444</dst>
      <dst id="5">2820.1333</dst>
      <dst id="3">12.1689</dst>
      <dst id="22">834.1956</dst>
      <dst id="7">59.9644</dst>
      <dst id="2">128964.2489</dst>
      <dst id="6">21.0400</dst>
      <dst id="16">154.3556</dst>
      <dst id="14">1.3511</dst>
      <dst id="20">1188.4889</dst>
      <dst id="11">602.9867</dst>
      <dst id="9">393.2444</dst>
      <dst id="17">176069.3956</dst>
      <dst id="21">1701.2800</dst>
      <dst id="15">2840.6222</dst>
    </src>
    <src id="17">
      <dst id="12">3274.1067</dst>
      <dst id="13">8745.4400</dst>
      <dst id="19">68.1333</dst>
      <dst id="23">55.8844</dst>
      <dst id="8">99110.0089</dst>
      <dst id="18">48.4267</dst>
      <dst id="4">152040.7644</dst>
      <dst id="1">2594.6489</dst>
      <dst id="5">142911.4844</dst>
      <dst id="3">12536.8444</dst>
      <dst id="22">8583.0044</dst>
      <dst id="7">1191.2356</dst>
      <dst id="2">9240.6756</dst>
      <dst id="6">1.7422</dst>
      <dst id="16">2844.1333</dst>
      <dst id="14">11850.1333</dst>
      <dst id="20">62.8711</dst>
      <dst id="11">90270.2222</dst>
      <dst id="9">135216.5333</dst>
      <dst id="17">1103.9467</dst>
      <dst id="21">5544.9156</dst>
      <dst id="15">6967.5467</dst>
    </src>
    <src id="21">
      <dst id="12">20124.8444</dst>
      <dst id="13">1230.3733</dst>
      <dst id="19">88.7911</dst>
      <dst id="23">10.9333</dst>
      <dst id="8">350.3911</dst>
      <dst id="18">3877.6800</dst>
      <dst id="4">28293.6889</dst>
      <dst id="1">767.7067</dst>
      <dst id="5">386.6044</dst>
      <dst id="3">964.7911</dst>
      <dst id="22">2032.0889</dst>
      <dst id="7">2653.5911</dst>
      <dst id="2">9393.4667</dst>
      <dst id="6">0.4356</dst>
      <dst id="16">260.2222</dst>
      <dst id="14">77.3244</dst>
      <dst id="20">124.8089</dst>
      <dst id="11">791.5556</dst>
      <dst id="9">294.1422</dst>
      <dst id="17">2725.1378</dst>
      <dst id="21">867.5289</dst>
      <dst id="15">13.9467</dst>
    </src>
    <src id="15">
      <dst id="12">1874.9600</dst>
      <dst id="13">150.4978</dst>
      <dst id="19">0.8533</dst>
      <dst id="8">3.8400</dst>
      <dst id="18">0.3378</dst>
      <dst id="4">2451.7689</dst>
      <dst id="1">603.4044</dst>
      <dst id="5">1287.1289</dst>
      <dst id="3">11.5289</dst>
      <dst id="7">18.1600</dst>
      <dst id="2">252.2578</dst>
      <dst id="11">60.0622</dst>
      <dst id="9">286.6311</dst>
      <dst id="17">169.7956</dst>
      <dst id="21">217.7689</dst>
    </src>
  </IntraTM>
</TrafficMatrixFile>
