<?xml version="1.0" encoding="UTF-8" standalone="yes"?>
<TrafficMatrixFile xmlns:xsi="http://www.w3.org/2001/XMLSchema-instance" xsi:noNamespaceSchemaLocation="http://totem.run.montefiore.ulg.ac.be/Schema/TrafficMatrix-v1_2.xsd">
  <info>
    <title>Intradomain traffic matrix generated by geant-TM-all.pl</title>
    <date>2005-01-04T07:15:00</date>
    <duration>900</duration>
    <author>Steve Uhlig</author>
    <units>
        <unit type="bandwidth" value="kbps"/>
    </units>
  </info>
  <IntraTM ASID="20965">
    <src id="12">
      <dst id="12">218237.7867</dst>
      <dst id="13">17201.0667</dst>
      <dst id="19">5071.2089</dst>
      <dst id="23">29.7422</dst>
      <dst id="8">760.4444</dst>
      <dst id="18">1108.1067</dst>
      <dst id="4">77653.6800</dst>
      <dst id="1">12369.1467</dst>
      <dst id="5">6036.8178</dst>
      <dst id="3">8418.0533</dst>
      <dst id="22">12373.2800</dst>
      <dst id="7">5272.5156</dst>
      <dst id="2">70859.3156</dst>
      <dst id="6">208.8356</dst>
      <dst id="16">4750.0978</dst>
      <dst id="14">309.3067</dst>
      <dst id="20">16486.2756</dst>
      <dst id="11">5710.9333</dst>
      <dst id="9">3808.6044</dst>
      <dst id="17">67855.6178</dst>
      <dst id="21">2581.2267</dst>
      <dst id="15">1436.4356</dst>
    </src>
    <src id="13">
      <dst id="12">57259.6889</dst>
      <dst id="19">6966.0711</dst>
      <dst id="23">14.8978</dst>
      <dst id="8">2189.1200</dst>
      <dst id="18">1571.9467</dst>
      <dst id="4">0.7111</dst>
      <dst id="1">3768.3822</dst>
      <dst id="5">19116.7733</dst>
      <dst id="3">3622.5867</dst>
      <dst id="22">20952.3378</dst>
      <dst id="7">10207.1111</dst>
      <dst id="2">115951.0133</dst>
      <dst id="6">71.8222</dst>
      <dst id="16">7510.9422</dst>
      <dst id="14">1793.2622</dst>
      <dst id="20">16925.2356</dst>
      <dst id="11">7430.3378</dst>
      <dst id="9">11428.8178</dst>
      <dst id="17">53105.3067</dst>
      <dst id="21">14792.5333</dst>
      <dst id="15">6412.4178</dst>
    </src>
    <src id="19">
      <dst id="12">13233.8400</dst>
      <dst id="13">9213.6267</dst>
      <dst id="23">1.2089</dst>
      <dst id="8">0.7733</dst>
      <dst id="18">27.3511</dst>
      <dst id="4">19842.7911</dst>
      <dst id="1">406.1333</dst>
      <dst id="5">66.4444</dst>
      <dst id="22">151.8311</dst>
      <dst id="7">2657.2889</dst>
      <dst id="2">286.2667</dst>
      <dst id="6">54.0444</dst>
      <dst id="16">21679.2978</dst>
      <dst id="14">1.3333</dst>
      <dst id="20">54.4267</dst>
      <dst id="11">643.1200</dst>
      <dst id="9">144.6311</dst>
      <dst id="17">370.8267</dst>
      <dst id="21">386.3378</dst>
      <dst id="15">0.4978</dst>
    </src>
    <src id="23">
      <dst id="12">546.7467</dst>
      <dst id="13">67.2800</dst>
      <dst id="19">0.8800</dst>
      <dst id="8">71.4311</dst>
      <dst id="18">1.1378</dst>
      <dst id="1">95.1911</dst>
      <dst id="5">66.5422</dst>
      <dst id="3">206.7022</dst>
      <dst id="22">113.5200</dst>
      <dst id="7">108.0533</dst>
      <dst id="2">89.3333</dst>
      <dst id="16">165.8578</dst>
      <dst id="20">40.0000</dst>
      <dst id="11">8123.3956</dst>
      <dst id="9">736.6844</dst>
      <dst id="17">174.8000</dst>
      <dst id="21">14.8978</dst>
      <dst id="15">5.1200</dst>
    </src>
    <src id="8">
      <dst id="12">361577.9200</dst>
      <dst id="13">1090.8978</dst>
      <dst id="19">0.4711</dst>
      <dst id="23">2.7733</dst>
      <dst id="18">2.2311</dst>
      <dst id="4">3459.8044</dst>
      <dst id="1">91.1111</dst>
      <dst id="5">816.5333</dst>
      <dst id="3">38.9422</dst>
      <dst id="22">505.2267</dst>
      <dst id="7">2187.7244</dst>
      <dst id="2">138154.1600</dst>
      <dst id="16">900.9600</dst>
      <dst id="14">0.3556</dst>
      <dst id="20">29.2800</dst>
      <dst id="11">627.5022</dst>
      <dst id="9">900.0178</dst>
      <dst id="17">123668.0800</dst>
      <dst id="21">109.6889</dst>
      <dst id="15">1.4222</dst>
    </src>
    <src id="18">
      <dst id="12">102629.1378</dst>
      <dst id="13">3286.0444</dst>
      <dst id="19">31.1378</dst>
      <dst id="23">0.9600</dst>
      <dst id="8">13.7956</dst>
      <dst id="4">1259.2178</dst>
      <dst id="1">1013.3156</dst>
      <dst id="5">101.0133</dst>
      <dst id="3">16.5422</dst>
      <dst id="22">82.8178</dst>
      <dst id="7">31.4400</dst>
      <dst id="2">26648.8800</dst>
      <dst id="16">24.5511</dst>
      <dst id="14">24.8889</dst>
      <dst id="20">15.5556</dst>
      <dst id="11">50.4889</dst>
      <dst id="9">32.0978</dst>
      <dst id="17">33294.4711</dst>
      <dst id="21">110.8267</dst>
      <dst id="15">1.6622</dst>
    </src>
    <src id="4">
      <dst id="12">16594.4267</dst>
      <dst id="19">17047.6000</dst>
      <dst id="23">2.7822</dst>
      <dst id="8">1109.3689</dst>
      <dst id="18">415.5467</dst>
      <dst id="4">1.4222</dst>
      <dst id="1">85834.5333</dst>
      <dst id="5">2543.7067</dst>
      <dst id="3">65.4933</dst>
      <dst id="22">6353.5200</dst>
      <dst id="7">129383.5289</dst>
      <dst id="2">77340.1956</dst>
      <dst id="6">18.3822</dst>
      <dst id="16">1248.4356</dst>
      <dst id="14">1963.7867</dst>
      <dst id="20">2043.2978</dst>
      <dst id="11">4589.7422</dst>
      <dst id="9">2782.5600</dst>
      <dst id="17">23823.3867</dst>
      <dst id="21">3267.4311</dst>
      <dst id="15">440.8711</dst>
    </src>
    <src id="1">
      <dst id="12">14861.4578</dst>
      <dst id="13">723.0578</dst>
      <dst id="19">318.1244</dst>
      <dst id="23">18.0000</dst>
      <dst id="8">99548.7022</dst>
      <dst id="18">14124.9067</dst>
      <dst id="4">13793.3422</dst>
      <dst id="1">8648.4178</dst>
      <dst id="5">182369.6089</dst>
      <dst id="3">107.7244</dst>
      <dst id="22">4521.4311</dst>
      <dst id="7">629.2178</dst>
      <dst id="2">2216.9156</dst>
      <dst id="6">18181.2533</dst>
      <dst id="16">14420.0711</dst>
      <dst id="14">59.0400</dst>
      <dst id="20">221.0844</dst>
      <dst id="11">191.3956</dst>
      <dst id="9">168773.2267</dst>
      <dst id="17">1538.5067</dst>
      <dst id="21">2384.8356</dst>
      <dst id="15">195.2889</dst>
    </src>
    <src id="5">
      <dst id="12">289567.0133</dst>
      <dst id="13">4249.0667</dst>
      <dst id="19">3.0311</dst>
      <dst id="23">3.2978</dst>
      <dst id="8">409.8044</dst>
      <dst id="18">28.9689</dst>
      <dst id="4">3842.1333</dst>
      <dst id="1">1928.8711</dst>
      <dst id="22">4709.8933</dst>
      <dst id="7">74.8089</dst>
      <dst id="2">111315.5022</dst>
      <dst id="6">40.1067</dst>
      <dst id="16">465.0667</dst>
      <dst id="14">0.4622</dst>
      <dst id="20">4631.0578</dst>
      <dst id="11">908.7289</dst>
      <dst id="9">387.1467</dst>
      <dst id="17">104273.3600</dst>
      <dst id="21">261.4222</dst>
      <dst id="15">2115.4400</dst>
    </src>
    <src id="3">
      <dst id="12">8193.1111</dst>
      <dst id="13">319.7956</dst>
      <dst id="19">565.9200</dst>
      <dst id="23">7012.4800</dst>
      <dst id="8">43.3511</dst>
      <dst id="18">47842.8800</dst>
      <dst id="4">10874.0178</dst>
      <dst id="1">9560.2311</dst>
      <dst id="5">470.1867</dst>
      <dst id="3">9927.7511</dst>
      <dst id="22">1589.4400</dst>
      <dst id="7">2081.2711</dst>
      <dst id="2">6146.9689</dst>
      <dst id="6">0.8000</dst>
      <dst id="16">886.4622</dst>
      <dst id="14">31747.5911</dst>
      <dst id="20">91.3511</dst>
      <dst id="11">130799.1911</dst>
      <dst id="9">2722.7200</dst>
      <dst id="17">12157.9111</dst>
      <dst id="21">9444.4800</dst>
      <dst id="15">32.7289</dst>
    </src>
    <src id="10">
      <dst id="12">17871.3422</dst>
      <dst id="19">392.2489</dst>
      <dst id="8">471.4578</dst>
      <dst id="18">6811.6800</dst>
      <dst id="1">1775.8578</dst>
      <dst id="5">886.5333</dst>
      <dst id="3">483.0933</dst>
      <dst id="22">8085.1467</dst>
      <dst id="7">12445.3867</dst>
      <dst id="2">26488.2311</dst>
      <dst id="6">1.2089</dst>
      <dst id="16">1404.2667</dst>
      <dst id="14">738.0711</dst>
      <dst id="20">2870.1333</dst>
      <dst id="11">6750.4533</dst>
      <dst id="9">5269.9467</dst>
      <dst id="17">22871.7867</dst>
      <dst id="21">6984.3822</dst>
      <dst id="15">329.4578</dst>
    </src>
    <src id="22">
      <dst id="12">7641.8044</dst>
      <dst id="13">11440.1867</dst>
      <dst id="19">140.3556</dst>
      <dst id="23">35.8311</dst>
      <dst id="8">622.6933</dst>
      <dst id="18">778.9422</dst>
      <dst id="4">20698.6933</dst>
      <dst id="1">124.6311</dst>
      <dst id="5">2263.1111</dst>
      <dst id="3">830.4533</dst>
      <dst id="7">776.1956</dst>
      <dst id="2">7705.6444</dst>
      <dst id="6">0.4622</dst>
      <dst id="16">1.7956</dst>
      <dst id="14">35.9289</dst>
      <dst id="11">2070.0178</dst>
      <dst id="9">1798.5244</dst>
      <dst id="17">5142.0444</dst>
      <dst id="21">597.7156</dst>
    </src>
    <src id="7">
      <dst id="12">5440.5867</dst>
      <dst id="13">111.5911</dst>
      <dst id="19">124.3289</dst>
      <dst id="23">21.2622</dst>
      <dst id="8">458.6844</dst>
      <dst id="18">207.6800</dst>
      <dst id="4">15039.1289</dst>
      <dst id="1">2367.1378</dst>
      <dst id="5">1307.6889</dst>
      <dst id="3">486.2044</dst>
      <dst id="22">4210.1778</dst>
      <dst id="7">820.2667</dst>
      <dst id="2">4880.0089</dst>
      <dst id="6">60.7289</dst>
      <dst id="16">534.0089</dst>
      <dst id="14">44.8000</dst>
      <dst id="20">485.9289</dst>
      <dst id="11">1584.2311</dst>
      <dst id="9">618.2044</dst>
      <dst id="17">15788.8444</dst>
      <dst id="21">879.4044</dst>
      <dst id="15">94.2578</dst>
    </src>
    <src id="2">
      <dst id="12">73557.0933</dst>
      <dst id="13">529983.8311</dst>
      <dst id="19">378.0978</dst>
      <dst id="23">1.4222</dst>
      <dst id="8">278.5422</dst>
      <dst id="18">52481.8933</dst>
      <dst id="4">91698.1600</dst>
      <dst id="1">2402.3200</dst>
      <dst id="5">4402.6044</dst>
      <dst id="3">205.2089</dst>
      <dst id="22">4532.8089</dst>
      <dst id="7">3069.9556</dst>
      <dst id="2">427.9467</dst>
      <dst id="6">6672.3911</dst>
      <dst id="16">3968.7911</dst>
      <dst id="14">5367.5378</dst>
      <dst id="20">887.5289</dst>
      <dst id="11">8806.4622</dst>
      <dst id="9">8181.0222</dst>
      <dst id="17">42527.6089</dst>
      <dst id="21">1368.9156</dst>
      <dst id="15">129.0400</dst>
    </src>
    <src id="6">
      <dst id="12">10465.1644</dst>
      <dst id="13">1.0933</dst>
      <dst id="19">25.3778</dst>
      <dst id="4">1152.6756</dst>
      <dst id="1">0.8089</dst>
      <dst id="5">1.4222</dst>
      <dst id="22">0.7022</dst>
      <dst id="7">24.7822</dst>
      <dst id="2">2427.2178</dst>
      <dst id="16">1.4222</dst>
      <dst id="20">0.3911</dst>
      <dst id="11">0.5067</dst>
      <dst id="9">0.7022</dst>
      <dst id="17">972.9511</dst>
      <dst id="21">3.3067</dst>
    </src>
    <src id="16">
      <dst id="12">2657.5644</dst>
      <dst id="13">550.7911</dst>
      <dst id="19">3895.9200</dst>
      <dst id="23">5.9911</dst>
      <dst id="8">3153.6000</dst>
      <dst id="18">5.7778</dst>
      <dst id="4">3412.1333</dst>
      <dst id="1">21435.0222</dst>
      <dst id="5">1787.2978</dst>
      <dst id="7">766.0711</dst>
      <dst id="2">923.1289</dst>
      <dst id="6">1.3422</dst>
      <dst id="16">50.4267</dst>
      <dst id="11">405.6356</dst>
      <dst id="9">4357.1733</dst>
      <dst id="17">5006.6222</dst>
      <dst id="21">2485.2000</dst>
    </src>
    <src id="14">
      <dst id="12">13880.3556</dst>
      <dst id="13">40.9422</dst>
      <dst id="19">6.1156</dst>
      <dst id="8">0.4622</dst>
      <dst id="18">3.6800</dst>
      <dst id="4">1682.9600</dst>
      <dst id="1">44.9867</dst>
      <dst id="5">8.9244</dst>
      <dst id="3">39.0222</dst>
      <dst id="22">16.7644</dst>
      <dst id="7">40.6933</dst>
      <dst id="2">5608.8978</dst>
      <dst id="11">109.6622</dst>
      <dst id="9">89.3333</dst>
      <dst id="17">5088.4000</dst>
      <dst id="21">140.6400</dst>
    </src>
    <src id="20">
      <dst id="12">1913.5111</dst>
      <dst id="13">4309.1111</dst>
      <dst id="19">2062.2400</dst>
      <dst id="23">1.4933</dst>
      <dst id="8">72.3022</dst>
      <dst id="18">29.2622</dst>
      <dst id="4">9255.4489</dst>
      <dst id="1">82.0089</dst>
      <dst id="5">8470.9511</dst>
      <dst id="3">143.1111</dst>
      <dst id="7">4143.9822</dst>
      <dst id="2">7421.5467</dst>
      <dst id="6">22.0444</dst>
      <dst id="11">31.9467</dst>
      <dst id="9">13240.1244</dst>
      <dst id="17">777.9022</dst>
      <dst id="21">148.9778</dst>
    </src>
    <src id="11">
      <dst id="12">414573.8756</dst>
      <dst id="13">2018.6578</dst>
      <dst id="19">19.6800</dst>
      <dst id="23">233.3156</dst>
      <dst id="8">262.4444</dst>
      <dst id="18">45.8489</dst>
      <dst id="4">12281.6533</dst>
      <dst id="1">420.2044</dst>
      <dst id="5">1036.3556</dst>
      <dst id="3">323.4578</dst>
      <dst id="22">2128.8622</dst>
      <dst id="7">1138.0267</dst>
      <dst id="2">161530.6578</dst>
      <dst id="6">12.8000</dst>
      <dst id="16">301.7422</dst>
      <dst id="14">46.6756</dst>
      <dst id="20">609.0400</dst>
      <dst id="11">859.0400</dst>
      <dst id="9">987.7956</dst>
      <dst id="17">161923.7067</dst>
      <dst id="21">677.2000</dst>
      <dst id="15">107.4222</dst>
    </src>
    <src id="9">
      <dst id="12">401994.9333</dst>
      <dst id="13">3324.8622</dst>
      <dst id="19">745.4044</dst>
      <dst id="23">25.5644</dst>
      <dst id="8">719.9822</dst>
      <dst id="18">697.0578</dst>
      <dst id="4">7322.5156</dst>
      <dst id="1">3026.1511</dst>
      <dst id="5">1305.2978</dst>
      <dst id="3">7.4311</dst>
      <dst id="22">864.1156</dst>
      <dst id="7">38.4889</dst>
      <dst id="2">159406.5244</dst>
      <dst id="6">0.7644</dst>
      <dst id="16">627.7867</dst>
      <dst id="14">11.8311</dst>
      <dst id="20">1638.2756</dst>
      <dst id="11">2087.2800</dst>
      <dst id="9">464.3289</dst>
      <dst id="17">164206.6400</dst>
      <dst id="21">167.9111</dst>
      <dst id="15">2317.6178</dst>
    </src>
    <src id="17">
      <dst id="12">3186.3022</dst>
      <dst id="13">2334.9244</dst>
      <dst id="19">562.0711</dst>
      <dst id="23">169.4578</dst>
      <dst id="8">124808.0356</dst>
      <dst id="18">141.4044</dst>
      <dst id="4">183306.9511</dst>
      <dst id="1">505.0756</dst>
      <dst id="5">182783.0933</dst>
      <dst id="3">3070.1333</dst>
      <dst id="22">4095.7156</dst>
      <dst id="7">1463.4756</dst>
      <dst id="2">11270.2133</dst>
      <dst id="6">21.0311</dst>
      <dst id="16">2827.8489</dst>
      <dst id="14">22827.5556</dst>
      <dst id="20">625.6178</dst>
      <dst id="11">99497.0133</dst>
      <dst id="9">177135.1378</dst>
      <dst id="17">1906.2133</dst>
      <dst id="21">5475.5378</dst>
      <dst id="15">84.6667</dst>
    </src>
    <src id="21">
      <dst id="12">34861.1822</dst>
      <dst id="13">1043.1733</dst>
      <dst id="19">173.8933</dst>
      <dst id="23">2.5867</dst>
      <dst id="8">121.6533</dst>
      <dst id="18">1149.6444</dst>
      <dst id="4">11869.4844</dst>
      <dst id="1">2075.6533</dst>
      <dst id="5">171.7600</dst>
      <dst id="3">1450.8711</dst>
      <dst id="22">3894.0000</dst>
      <dst id="7">445.4667</dst>
      <dst id="2">17447.5111</dst>
      <dst id="6">1.1467</dst>
      <dst id="16">669.0400</dst>
      <dst id="14">125.3867</dst>
      <dst id="20">361.5644</dst>
      <dst id="11">372.3378</dst>
      <dst id="9">192.9333</dst>
      <dst id="17">6135.4311</dst>
      <dst id="21">794.6756</dst>
      <dst id="15">633.5289</dst>
    </src>
    <src id="15">
      <dst id="12">3140.9244</dst>
      <dst id="13">673.4933</dst>
      <dst id="19">0.6489</dst>
      <dst id="23">0.4978</dst>
      <dst id="8">65.7333</dst>
      <dst id="4">4008.7378</dst>
      <dst id="1">732.2933</dst>
      <dst id="5">80.7022</dst>
      <dst id="3">11.5378</dst>
      <dst id="7">74.3467</dst>
      <dst id="2">328.8978</dst>
      <dst id="6">1.6178</dst>
      <dst id="14">1.6178</dst>
      <dst id="11">225.4222</dst>
      <dst id="9">350.5778</dst>
      <dst id="17">1434.7111</dst>
      <dst id="21">76.0000</dst>
    </src>
  </IntraTM>
</TrafficMatrixFile>
