<?xml version="1.0" encoding="UTF-8" standalone="yes"?>
<TrafficMatrixFile xmlns:xsi="http://www.w3.org/2001/XMLSchema-instance" xsi:noNamespaceSchemaLocation="http://totem.run.montefiore.ulg.ac.be/Schema/TrafficMatrix-v1_2.xsd">
  <info>
    <title>Intradomain traffic matrix generated by geant-TM-all.pl</title>
    <date>2005-01-03T07:30:00</date>
    <duration>900</duration>
    <author>Steve Uhlig</author>
    <units>
        <unit type="bandwidth" value="kbps"/>
    </units>
  </info>
  <IntraTM ASID="20965">
    <src id="12">
      <dst id="12">236166.2844</dst>
      <dst id="13">25326.0356</dst>
      <dst id="19">3996.1511</dst>
      <dst id="23">9147.3511</dst>
      <dst id="8">5698.5422</dst>
      <dst id="18">9825.7156</dst>
      <dst id="4">97593.1378</dst>
      <dst id="1">9842.3822</dst>
      <dst id="5">3379.2356</dst>
      <dst id="3">5213.4044</dst>
      <dst id="22">22275.4044</dst>
      <dst id="7">2230.6489</dst>
      <dst id="2">89266.7556</dst>
      <dst id="6">2.1600</dst>
      <dst id="16">3952.1156</dst>
      <dst id="14">226.9867</dst>
      <dst id="20">7641.3067</dst>
      <dst id="11">5208.1244</dst>
      <dst id="9">6535.7511</dst>
      <dst id="17">66098.8356</dst>
      <dst id="21">7921.1644</dst>
      <dst id="15">485.1911</dst>
    </src>
    <src id="13">
      <dst id="12">57244.6756</dst>
      <dst id="19">27520.2222</dst>
      <dst id="23">183.4756</dst>
      <dst id="8">3561.4489</dst>
      <dst id="18">4506.2844</dst>
      <dst id="1">2415.3422</dst>
      <dst id="5">11705.1911</dst>
      <dst id="3">4360.6044</dst>
      <dst id="22">29213.6978</dst>
      <dst id="7">5238.2578</dst>
      <dst id="2">102893.2711</dst>
      <dst id="6">44.6133</dst>
      <dst id="16">8104.9689</dst>
      <dst id="14">1882.8533</dst>
      <dst id="20">13037.0400</dst>
      <dst id="11">14206.7644</dst>
      <dst id="9">12909.8222</dst>
      <dst id="17">205777.8311</dst>
      <dst id="21">25583.1200</dst>
      <dst id="15">3189.3778</dst>
    </src>
    <src id="19">
      <dst id="12">12823.8578</dst>
      <dst id="13">189.4933</dst>
      <dst id="8">2.4889</dst>
      <dst id="18">0.5689</dst>
      <dst id="4">21671.5911</dst>
      <dst id="1">517.8933</dst>
      <dst id="5">55.2978</dst>
      <dst id="3">40.0000</dst>
      <dst id="22">89.6533</dst>
      <dst id="7">3357.9822</dst>
      <dst id="2">505.6533</dst>
      <dst id="6">91.2356</dst>
      <dst id="16">5757.5911</dst>
      <dst id="14">40.0000</dst>
      <dst id="20">30.5067</dst>
      <dst id="11">62.2222</dst>
      <dst id="9">6.1511</dst>
      <dst id="17">132.4889</dst>
      <dst id="21">468.7289</dst>
      <dst id="15">0.3556</dst>
    </src>
    <src id="23">
      <dst id="12">483.0222</dst>
      <dst id="13">166.3556</dst>
      <dst id="19">0.4711</dst>
      <dst id="8">3.6978</dst>
      <dst id="18">0.4978</dst>
      <dst id="4">96.8533</dst>
      <dst id="1">50.1067</dst>
      <dst id="5">85.1556</dst>
      <dst id="3">126.7822</dst>
      <dst id="22">634.9689</dst>
      <dst id="7">310.4000</dst>
      <dst id="2">636.2756</dst>
      <dst id="16">3.1467</dst>
      <dst id="14">0.3733</dst>
      <dst id="20">12.6222</dst>
      <dst id="11">26.4533</dst>
      <dst id="9">635.1822</dst>
      <dst id="17">183.9556</dst>
      <dst id="21">546.8533</dst>
      <dst id="15">13.8311</dst>
    </src>
    <src id="8">
      <dst id="12">321819.8844</dst>
      <dst id="13">498.4800</dst>
      <dst id="19">138.5244</dst>
      <dst id="23">306.6667</dst>
      <dst id="18">132.9778</dst>
      <dst id="4">6093.4489</dst>
      <dst id="1">423.9467</dst>
      <dst id="5">2440.1600</dst>
      <dst id="3">2.8267</dst>
      <dst id="22">475.0044</dst>
      <dst id="7">13.6089</dst>
      <dst id="2">127170.9511</dst>
      <dst id="16">809.9733</dst>
      <dst id="20">157.2978</dst>
      <dst id="11">669.1200</dst>
      <dst id="9">523.8044</dst>
      <dst id="17">120043.2089</dst>
      <dst id="21">445.4311</dst>
      <dst id="15">57.9111</dst>
    </src>
    <src id="18">
      <dst id="12">117448.4178</dst>
      <dst id="13">90.1778</dst>
      <dst id="19">3.9733</dst>
      <dst id="23">1.9733</dst>
      <dst id="8">7.8933</dst>
      <dst id="4">2306.4178</dst>
      <dst id="1">948.0444</dst>
      <dst id="5">207.0756</dst>
      <dst id="3">562.6667</dst>
      <dst id="22">202.6311</dst>
      <dst id="7">55.6622</dst>
      <dst id="2">39032.3289</dst>
      <dst id="16">7.2533</dst>
      <dst id="20">21.5822</dst>
      <dst id="11">689.5022</dst>
      <dst id="9">342.1067</dst>
      <dst id="17">45892.0889</dst>
      <dst id="21">717.4400</dst>
      <dst id="15">95.9644</dst>
    </src>
    <src id="4">
      <dst id="12">12743.3422</dst>
      <dst id="19">7841.9467</dst>
      <dst id="8">1469.9556</dst>
      <dst id="18">1766.5956</dst>
      <dst id="1">58885.4311</dst>
      <dst id="5">1775.2267</dst>
      <dst id="3">118.7822</dst>
      <dst id="22">7185.8133</dst>
      <dst id="7">129850.1867</dst>
      <dst id="2">98055.0222</dst>
      <dst id="6">15.7778</dst>
      <dst id="16">3027.2356</dst>
      <dst id="14">1128.5689</dst>
      <dst id="20">368.9867</dst>
      <dst id="11">3272.5867</dst>
      <dst id="9">3121.2800</dst>
      <dst id="17">74079.7867</dst>
      <dst id="21">8151.3778</dst>
      <dst id="15">964.1244</dst>
    </src>
    <src id="1">
      <dst id="12">18594.1689</dst>
      <dst id="13">1853.3511</dst>
      <dst id="19">5.1644</dst>
      <dst id="23">35.8933</dst>
      <dst id="8">125498.3733</dst>
      <dst id="18">12656.7911</dst>
      <dst id="4">7497.1733</dst>
      <dst id="1">19367.4756</dst>
      <dst id="5">193582.9067</dst>
      <dst id="3">151.1644</dst>
      <dst id="22">2493.1022</dst>
      <dst id="7">1744.5867</dst>
      <dst id="2">8310.6044</dst>
      <dst id="6">12760.2933</dst>
      <dst id="16">10689.5822</dst>
      <dst id="14">91.5644</dst>
      <dst id="20">86.4978</dst>
      <dst id="11">480.9333</dst>
      <dst id="9">188877.1022</dst>
      <dst id="17">3238.2133</dst>
      <dst id="21">1856.2756</dst>
      <dst id="15">82.9867</dst>
    </src>
    <src id="5">
      <dst id="12">282501.6978</dst>
      <dst id="13">2341.7244</dst>
      <dst id="19">9.6978</dst>
      <dst id="23">1.6889</dst>
      <dst id="8">895.3600</dst>
      <dst id="18">533.1289</dst>
      <dst id="4">8953.6533</dst>
      <dst id="1">145.5822</dst>
      <dst id="3">24.1778</dst>
      <dst id="22">2762.9244</dst>
      <dst id="7">158.2222</dst>
      <dst id="2">129032.9156</dst>
      <dst id="6">1.0133</dst>
      <dst id="16">443.0044</dst>
      <dst id="14">28.1689</dst>
      <dst id="20">1490.5600</dst>
      <dst id="11">3002.8178</dst>
      <dst id="9">1310.4444</dst>
      <dst id="17">109914.6667</dst>
      <dst id="21">520.1511</dst>
      <dst id="15">173.7689</dst>
    </src>
    <src id="3">
      <dst id="12">24585.9911</dst>
      <dst id="13">4715.1022</dst>
      <dst id="19">2228.0622</dst>
      <dst id="23">5271.5022</dst>
      <dst id="8">91.7244</dst>
      <dst id="18">78252.7289</dst>
      <dst id="4">45021.7956</dst>
      <dst id="1">17235.2356</dst>
      <dst id="5">349.5822</dst>
      <dst id="3">10379.2089</dst>
      <dst id="22">534.7467</dst>
      <dst id="7">4035.4667</dst>
      <dst id="2">7730.3822</dst>
      <dst id="6">1.4044</dst>
      <dst id="16">1627.9200</dst>
      <dst id="14">29426.0267</dst>
      <dst id="20">8.1244</dst>
      <dst id="11">138898.3556</dst>
      <dst id="9">116.7200</dst>
      <dst id="17">9381.0933</dst>
      <dst id="21">6726.9156</dst>
      <dst id="15">22.5778</dst>
    </src>
    <src id="10">
      <dst id="12">17927.4667</dst>
      <dst id="19">298.4000</dst>
      <dst id="8">2508.2044</dst>
      <dst id="18">4572.6311</dst>
      <dst id="1">491.0578</dst>
      <dst id="5">1304.5156</dst>
      <dst id="3">11044.6044</dst>
      <dst id="22">2381.2622</dst>
      <dst id="7">15793.5822</dst>
      <dst id="2">27307.9289</dst>
      <dst id="6">40.7467</dst>
      <dst id="16">4139.9822</dst>
      <dst id="14">607.1378</dst>
      <dst id="20">1642.6667</dst>
      <dst id="11">4409.0933</dst>
      <dst id="9">5402.0267</dst>
      <dst id="17">27488.1244</dst>
      <dst id="21">10250.4000</dst>
      <dst id="15">1332.6933</dst>
    </src>
    <src id="22">
      <dst id="12">12504.7467</dst>
      <dst id="13">4397.0578</dst>
      <dst id="19">44.9422</dst>
      <dst id="23">776.7467</dst>
      <dst id="8">872.4089</dst>
      <dst id="18">570.3556</dst>
      <dst id="4">18982.5333</dst>
      <dst id="1">109.6800</dst>
      <dst id="5">9715.3689</dst>
      <dst id="3">112.7467</dst>
      <dst id="7">825.6622</dst>
      <dst id="2">3580.7911</dst>
      <dst id="6">11.3778</dst>
      <dst id="16">9.6444</dst>
      <dst id="14">279.5733</dst>
      <dst id="11">5496.5778</dst>
      <dst id="9">2167.5467</dst>
      <dst id="17">3779.3067</dst>
      <dst id="21">1360.0089</dst>
    </src>
    <src id="7">
      <dst id="12">9260.0089</dst>
      <dst id="13">521.4222</dst>
      <dst id="19">367.2978</dst>
      <dst id="23">122.5600</dst>
      <dst id="8">983.0400</dst>
      <dst id="18">457.9111</dst>
      <dst id="4">33983.6178</dst>
      <dst id="1">3024.2400</dst>
      <dst id="5">1151.1467</dst>
      <dst id="3">394.5867</dst>
      <dst id="22">5083.4133</dst>
      <dst id="7">583.6089</dst>
      <dst id="2">7539.9644</dst>
      <dst id="6">14.4000</dst>
      <dst id="16">837.1022</dst>
      <dst id="14">301.5733</dst>
      <dst id="20">225.5911</dst>
      <dst id="11">1311.8044</dst>
      <dst id="9">1976.2844</dst>
      <dst id="17">8552.1778</dst>
      <dst id="21">1044.5689</dst>
      <dst id="15">193.8844</dst>
    </src>
    <src id="2">
      <dst id="12">83701.8756</dst>
      <dst id="13">532193.2889</dst>
      <dst id="19">1423.1111</dst>
      <dst id="8">496.3822</dst>
      <dst id="18">86242.5244</dst>
      <dst id="4">120823.8667</dst>
      <dst id="1">10497.3511</dst>
      <dst id="5">2317.6533</dst>
      <dst id="3">59.0222</dst>
      <dst id="22">1191.7956</dst>
      <dst id="7">2188.0622</dst>
      <dst id="2">544.9956</dst>
      <dst id="6">8462.1778</dst>
      <dst id="16">2226.4444</dst>
      <dst id="14">5332.8622</dst>
      <dst id="20">878.9156</dst>
      <dst id="11">2653.9200</dst>
      <dst id="9">1249.7600</dst>
      <dst id="17">26600.2578</dst>
      <dst id="21">5781.4578</dst>
      <dst id="15">96.5689</dst>
    </src>
    <src id="6">
      <dst id="12">9567.9644</dst>
      <dst id="13">3.1111</dst>
      <dst id="19">6.5422</dst>
      <dst id="18">11.4667</dst>
      <dst id="4">1110.3644</dst>
      <dst id="1">1.8578</dst>
      <dst id="5">25.6000</dst>
      <dst id="22">1.1644</dst>
      <dst id="7">0.7111</dst>
      <dst id="2">2639.9822</dst>
      <dst id="16">0.3556</dst>
      <dst id="20">0.4089</dst>
      <dst id="11">0.7111</dst>
      <dst id="9">11.9289</dst>
      <dst id="17">1295.7067</dst>
      <dst id="15">0.6756</dst>
    </src>
    <src id="16">
      <dst id="12">2440.6044</dst>
      <dst id="13">273.9467</dst>
      <dst id="19">3973.2267</dst>
      <dst id="23">3.8578</dst>
      <dst id="8">4223.5822</dst>
      <dst id="18">91.0133</dst>
      <dst id="4">5769.9378</dst>
      <dst id="1">15058.2667</dst>
      <dst id="5">3176.5067</dst>
      <dst id="3">0.5778</dst>
      <dst id="22">0.3556</dst>
      <dst id="7">3478.0978</dst>
      <dst id="2">937.5733</dst>
      <dst id="6">1.4756</dst>
      <dst id="16">49.7956</dst>
      <dst id="14">376.5333</dst>
      <dst id="11">68.8000</dst>
      <dst id="9">3311.6356</dst>
      <dst id="17">1227.1556</dst>
      <dst id="21">2239.5200</dst>
    </src>
    <src id="14">
      <dst id="12">15697.5644</dst>
      <dst id="13">35.7689</dst>
      <dst id="19">8.6400</dst>
      <dst id="18">1.3867</dst>
      <dst id="4">2352.1511</dst>
      <dst id="1">31.8400</dst>
      <dst id="5">163.1822</dst>
      <dst id="3">72.1244</dst>
      <dst id="22">220.0889</dst>
      <dst id="7">72.5778</dst>
      <dst id="2">7651.8844</dst>
      <dst id="16">68.4089</dst>
      <dst id="20">0.7111</dst>
      <dst id="11">80.8000</dst>
      <dst id="9">54.2133</dst>
      <dst id="17">5783.9022</dst>
      <dst id="21">117.0933</dst>
      <dst id="15">1.3600</dst>
    </src>
    <src id="20">
      <dst id="12">11182.8978</dst>
      <dst id="13">2957.4044</dst>
      <dst id="19">67.2267</dst>
      <dst id="23">1.0489</dst>
      <dst id="8">1058.9778</dst>
      <dst id="18">73.9289</dst>
      <dst id="4">11076.6667</dst>
      <dst id="1">129.1644</dst>
      <dst id="5">706.7111</dst>
      <dst id="3">113.6533</dst>
      <dst id="22">0.8622</dst>
      <dst id="7">170.6222</dst>
      <dst id="2">6380.3911</dst>
      <dst id="14">27.9911</dst>
      <dst id="11">370.5778</dst>
      <dst id="9">2098.9689</dst>
      <dst id="17">545.7067</dst>
      <dst id="21">516.1511</dst>
    </src>
    <src id="11">
      <dst id="12">392519.6444</dst>
      <dst id="13">4286.1511</dst>
      <dst id="19">43.1733</dst>
      <dst id="23">12.6578</dst>
      <dst id="8">385.3333</dst>
      <dst id="18">245.7600</dst>
      <dst id="4">13911.3778</dst>
      <dst id="1">282.0978</dst>
      <dst id="5">1483.6978</dst>
      <dst id="3">323.3333</dst>
      <dst id="22">2198.1778</dst>
      <dst id="7">305.2533</dst>
      <dst id="2">148320.3556</dst>
      <dst id="6">74.8444</dst>
      <dst id="16">297.6000</dst>
      <dst id="14">43.3867</dst>
      <dst id="20">775.2533</dst>
      <dst id="11">1769.2089</dst>
      <dst id="9">1973.9111</dst>
      <dst id="17">156774.4444</dst>
      <dst id="21">1737.6000</dst>
      <dst id="15">181.3778</dst>
    </src>
    <src id="9">
      <dst id="12">412513.2800</dst>
      <dst id="13">2158.4622</dst>
      <dst id="19">476.4356</dst>
      <dst id="23">11.0933</dst>
      <dst id="8">975.4044</dst>
      <dst id="18">806.9156</dst>
      <dst id="4">13374.9511</dst>
      <dst id="1">457.4133</dst>
      <dst id="5">1691.3244</dst>
      <dst id="3">2.6133</dst>
      <dst id="22">1528.5422</dst>
      <dst id="7">1334.3111</dst>
      <dst id="2">147953.6800</dst>
      <dst id="6">0.4622</dst>
      <dst id="16">551.0933</dst>
      <dst id="14">13.6533</dst>
      <dst id="20">1647.6889</dst>
      <dst id="11">585.1556</dst>
      <dst id="9">3076.7467</dst>
      <dst id="17">179579.7067</dst>
      <dst id="21">436.5333</dst>
      <dst id="15">1227.1733</dst>
    </src>
    <src id="17">
      <dst id="12">10553.1644</dst>
      <dst id="13">9545.6889</dst>
      <dst id="19">601.4756</dst>
      <dst id="23">1.0667</dst>
      <dst id="8">156399.8400</dst>
      <dst id="18">394.9867</dst>
      <dst id="4">177378.3378</dst>
      <dst id="1">1232.9333</dst>
      <dst id="5">185366.3289</dst>
      <dst id="3">6542.4356</dst>
      <dst id="22">4552.6489</dst>
      <dst id="7">958.1778</dst>
      <dst id="2">19039.8222</dst>
      <dst id="6">45.9022</dst>
      <dst id="16">2464.8622</dst>
      <dst id="14">33366.4000</dst>
      <dst id="20">536.0444</dst>
      <dst id="11">109910.9689</dst>
      <dst id="9">150838.1422</dst>
      <dst id="17">2297.4667</dst>
      <dst id="21">4454.6044</dst>
      <dst id="15">48.0800</dst>
    </src>
    <src id="21">
      <dst id="12">22335.1200</dst>
      <dst id="13">553.1733</dst>
      <dst id="19">102.7378</dst>
      <dst id="23">2.2667</dst>
      <dst id="8">269.7333</dst>
      <dst id="18">6242.1156</dst>
      <dst id="4">26219.2089</dst>
      <dst id="1">814.3022</dst>
      <dst id="5">399.0044</dst>
      <dst id="3">844.3467</dst>
      <dst id="22">2706.4000</dst>
      <dst id="7">3518.7289</dst>
      <dst id="2">10821.0489</dst>
      <dst id="16">118.7822</dst>
      <dst id="14">52.1956</dst>
      <dst id="20">242.2933</dst>
      <dst id="11">506.7378</dst>
      <dst id="9">1332.1778</dst>
      <dst id="17">3311.1644</dst>
      <dst id="21">1223.4489</dst>
      <dst id="15">49.3956</dst>
    </src>
    <src id="15">
      <dst id="12">445.9733</dst>
      <dst id="13">115.9644</dst>
      <dst id="19">1.1022</dst>
      <dst id="8">51.1378</dst>
      <dst id="18">3.6622</dst>
      <dst id="4">6709.1289</dst>
      <dst id="1">495.0311</dst>
      <dst id="5">246.1333</dst>
      <dst id="3">10.3378</dst>
      <dst id="7">122.3022</dst>
      <dst id="2">589.2444</dst>
      <dst id="11">20.7200</dst>
      <dst id="9">1324.5067</dst>
      <dst id="17">714.8711</dst>
      <dst id="21">166.3556</dst>
    </src>
  </IntraTM>
</TrafficMatrixFile>
