<?xml version="1.0" encoding="UTF-8" standalone="yes"?>
<TrafficMatrixFile xmlns:xsi="http://www.w3.org/2001/XMLSchema-instance" xsi:noNamespaceSchemaLocation="http://totem.run.montefiore.ulg.ac.be/Schema/TrafficMatrix-v1_2.xsd">
  <info>
    <title>Intradomain traffic matrix generated by geant-TM-all.pl</title>
    <date>2005-01-02T19:30:00</date>
    <duration>900</duration>
    <author>Steve Uhlig</author>
    <units>
        <unit type="bandwidth" value="kbps"/>
    </units>
  </info>
  <IntraTM ASID="20965">
    <src id="12">
      <dst id="12">311741.8756</dst>
      <dst id="13">31390.1689</dst>
      <dst id="19">4833.9822</dst>
      <dst id="23">437.0578</dst>
      <dst id="8">5391.6356</dst>
      <dst id="18">1529.6533</dst>
      <dst id="4">78125.4756</dst>
      <dst id="1">10304.9600</dst>
      <dst id="5">8984.5867</dst>
      <dst id="3">11121.5556</dst>
      <dst id="22">17509.8400</dst>
      <dst id="7">4463.9467</dst>
      <dst id="2">101602.9244</dst>
      <dst id="6">232.9067</dst>
      <dst id="16">14224.6489</dst>
      <dst id="14">247.2356</dst>
      <dst id="20">22164.9600</dst>
      <dst id="11">4560.8978</dst>
      <dst id="9">30183.9200</dst>
      <dst id="17">104192.5867</dst>
      <dst id="21">39025.7156</dst>
      <dst id="15">6685.9556</dst>
    </src>
    <src id="13">
      <dst id="12">79517.6533</dst>
      <dst id="19">10382.7822</dst>
      <dst id="23">70.4267</dst>
      <dst id="8">8426.2756</dst>
      <dst id="18">9564.0267</dst>
      <dst id="1">9270.4889</dst>
      <dst id="5">6549.8756</dst>
      <dst id="3">43313.4222</dst>
      <dst id="22">39298.6933</dst>
      <dst id="7">26581.9911</dst>
      <dst id="2">106047.6000</dst>
      <dst id="6">538.8356</dst>
      <dst id="16">13877.8133</dst>
      <dst id="14">3769.2800</dst>
      <dst id="20">25340.3733</dst>
      <dst id="11">26986.6133</dst>
      <dst id="9">24735.4222</dst>
      <dst id="17">437864.1689</dst>
      <dst id="21">34341.0222</dst>
      <dst id="15">16013.4400</dst>
    </src>
    <src id="19">
      <dst id="12">14195.4400</dst>
      <dst id="13">1802.8711</dst>
      <dst id="23">220.3822</dst>
      <dst id="8">38.5778</dst>
      <dst id="18">116.9422</dst>
      <dst id="4">18063.8489</dst>
      <dst id="1">1983.2089</dst>
      <dst id="5">1118.3644</dst>
      <dst id="3">487.1467</dst>
      <dst id="22">875.2444</dst>
      <dst id="7">5138.4178</dst>
      <dst id="2">3020.1422</dst>
      <dst id="6">280.7289</dst>
      <dst id="16">6755.0844</dst>
      <dst id="14">2.1067</dst>
      <dst id="20">1108.6667</dst>
      <dst id="11">239.5822</dst>
      <dst id="9">189.2000</dst>
      <dst id="17">2153.3244</dst>
      <dst id="21">3226.1333</dst>
      <dst id="15">31.1022</dst>
    </src>
    <src id="23">
      <dst id="12">651.5733</dst>
      <dst id="13">568.3022</dst>
      <dst id="19">207.3156</dst>
      <dst id="8">821.0222</dst>
      <dst id="18">59.1111</dst>
      <dst id="4">112.4711</dst>
      <dst id="1">85.0756</dst>
      <dst id="5">25.2444</dst>
      <dst id="3">2171.7867</dst>
      <dst id="22">1894.7644</dst>
      <dst id="7">179.2889</dst>
      <dst id="2">309.7422</dst>
      <dst id="16">1133.9644</dst>
      <dst id="20">652.9778</dst>
      <dst id="11">231.6533</dst>
      <dst id="9">126.1422</dst>
      <dst id="17">1876.1867</dst>
      <dst id="21">2088.8089</dst>
      <dst id="15">119.0756</dst>
    </src>
    <src id="8">
      <dst id="12">388597.9289</dst>
      <dst id="13">2070.9156</dst>
      <dst id="19">3.1200</dst>
      <dst id="23">117.4400</dst>
      <dst id="18">236.5156</dst>
      <dst id="4">7828.8178</dst>
      <dst id="1">560.6133</dst>
      <dst id="5">3523.7778</dst>
      <dst id="3">20.7644</dst>
      <dst id="22">4053.2178</dst>
      <dst id="7">38.9067</dst>
      <dst id="2">145904.9333</dst>
      <dst id="6">4.5689</dst>
      <dst id="16">959.2089</dst>
      <dst id="20">1664.3289</dst>
      <dst id="11">6851.6089</dst>
      <dst id="9">2196.6756</dst>
      <dst id="17">146858.3200</dst>
      <dst id="21">206.9956</dst>
      <dst id="15">750.6844</dst>
    </src>
    <src id="18">
      <dst id="12">120017.7422</dst>
      <dst id="13">357.7511</dst>
      <dst id="19">966.3911</dst>
      <dst id="23">17.1733</dst>
      <dst id="8">245.1467</dst>
      <dst id="4">2400.0444</dst>
      <dst id="1">1325.7956</dst>
      <dst id="5">281.2889</dst>
      <dst id="3">2791.9467</dst>
      <dst id="22">292.0533</dst>
      <dst id="7">458.8444</dst>
      <dst id="2">45247.7067</dst>
      <dst id="16">24.6311</dst>
      <dst id="14">13.6889</dst>
      <dst id="20">484.3289</dst>
      <dst id="11">158.1511</dst>
      <dst id="9">208.9244</dst>
      <dst id="17">37486.9156</dst>
      <dst id="21">2152.3289</dst>
      <dst id="15">309.0933</dst>
    </src>
    <src id="4">
      <dst id="12">19313.1378</dst>
      <dst id="19">5956.7200</dst>
      <dst id="8">3543.0489</dst>
      <dst id="18">2698.4356</dst>
      <dst id="4">1.4756</dst>
      <dst id="1">69879.1378</dst>
      <dst id="5">2741.9467</dst>
      <dst id="3">1254.5244</dst>
      <dst id="22">8902.5956</dst>
      <dst id="7">74069.9378</dst>
      <dst id="2">102332.7378</dst>
      <dst id="6">54.8800</dst>
      <dst id="16">4469.7244</dst>
      <dst id="14">936.3556</dst>
      <dst id="20">4484.1067</dst>
      <dst id="11">10154.9867</dst>
      <dst id="9">5655.4044</dst>
      <dst id="17">82969.6089</dst>
      <dst id="21">6739.8400</dst>
      <dst id="15">937.9289</dst>
    </src>
    <src id="1">
      <dst id="12">19585.6533</dst>
      <dst id="13">775.0222</dst>
      <dst id="19">1276.7289</dst>
      <dst id="23">51.1822</dst>
      <dst id="8">237133.5378</dst>
      <dst id="18">14753.9733</dst>
      <dst id="4">20277.0400</dst>
      <dst id="1">47625.2356</dst>
      <dst id="5">263234.5422</dst>
      <dst id="3">1820.4533</dst>
      <dst id="22">4492.8533</dst>
      <dst id="7">18397.1911</dst>
      <dst id="2">3526.3467</dst>
      <dst id="6">14148.3022</dst>
      <dst id="16">10189.9822</dst>
      <dst id="14">115.1022</dst>
      <dst id="20">782.9689</dst>
      <dst id="11">3718.1956</dst>
      <dst id="9">371180.5778</dst>
      <dst id="17">14031.7778</dst>
      <dst id="21">7024.7556</dst>
      <dst id="15">2648.2667</dst>
    </src>
    <src id="5">
      <dst id="12">299863.7867</dst>
      <dst id="13">1031.6622</dst>
      <dst id="19">211.1556</dst>
      <dst id="23">12.3733</dst>
      <dst id="8">30865.6356</dst>
      <dst id="18">185.0844</dst>
      <dst id="4">7868.0711</dst>
      <dst id="1">2815.2444</dst>
      <dst id="3">138.0000</dst>
      <dst id="22">3911.4667</dst>
      <dst id="7">442.7911</dst>
      <dst id="2">125677.7956</dst>
      <dst id="6">0.7733</dst>
      <dst id="16">1838.4267</dst>
      <dst id="14">4.2667</dst>
      <dst id="20">1082.1067</dst>
      <dst id="11">2118.1956</dst>
      <dst id="9">2571.7511</dst>
      <dst id="17">104475.0133</dst>
      <dst id="21">5193.5822</dst>
      <dst id="15">1756.0889</dst>
    </src>
    <src id="3">
      <dst id="12">10491.1200</dst>
      <dst id="13">2870.8267</dst>
      <dst id="19">1591.1911</dst>
      <dst id="23">86.4978</dst>
      <dst id="8">282.1333</dst>
      <dst id="18">182838.1333</dst>
      <dst id="4">27664.1156</dst>
      <dst id="1">15171.0489</dst>
      <dst id="5">638.3467</dst>
      <dst id="3">20728.4178</dst>
      <dst id="22">1129.1644</dst>
      <dst id="7">1756.2756</dst>
      <dst id="2">8282.1067</dst>
      <dst id="6">26.6489</dst>
      <dst id="16">1566.3378</dst>
      <dst id="14">40088.8622</dst>
      <dst id="20">1135.1911</dst>
      <dst id="11">272422.9778</dst>
      <dst id="9">909.1111</dst>
      <dst id="17">17315.3778</dst>
      <dst id="21">17976.3200</dst>
      <dst id="15">144.4800</dst>
    </src>
    <src id="10">
      <dst id="12">23777.6533</dst>
      <dst id="19">4079.5289</dst>
      <dst id="8">2466.2756</dst>
      <dst id="18">5418.4178</dst>
      <dst id="1">2753.9378</dst>
      <dst id="5">2566.8178</dst>
      <dst id="3">33713.7333</dst>
      <dst id="22">12616.2756</dst>
      <dst id="7">142972.2667</dst>
      <dst id="2">46245.8578</dst>
      <dst id="6">13.9022</dst>
      <dst id="16">2004.3733</dst>
      <dst id="14">519.4756</dst>
      <dst id="20">4747.6178</dst>
      <dst id="11">9656.2489</dst>
      <dst id="9">5782.7911</dst>
      <dst id="17">35767.0044</dst>
      <dst id="21">22592.0000</dst>
      <dst id="15">526.8711</dst>
    </src>
    <src id="22">
      <dst id="12">10897.3956</dst>
      <dst id="13">2143.4578</dst>
      <dst id="19">951.0222</dst>
      <dst id="23">93.9289</dst>
      <dst id="8">6873.8578</dst>
      <dst id="18">330.7556</dst>
      <dst id="4">20613.2978</dst>
      <dst id="1">226.8178</dst>
      <dst id="5">6050.1956</dst>
      <dst id="3">2339.8578</dst>
      <dst id="7">4093.8044</dst>
      <dst id="2">10842.8711</dst>
      <dst id="6">23.6800</dst>
      <dst id="16">1.5467</dst>
      <dst id="14">134.6044</dst>
      <dst id="11">4091.1200</dst>
      <dst id="9">3742.8711</dst>
      <dst id="17">3626.6311</dst>
      <dst id="21">2563.1289</dst>
    </src>
    <src id="7">
      <dst id="12">4860.7911</dst>
      <dst id="13">435.6178</dst>
      <dst id="19">5880.6222</dst>
      <dst id="23">226.6756</dst>
      <dst id="8">2112.4533</dst>
      <dst id="18">3041.2089</dst>
      <dst id="4">27139.6978</dst>
      <dst id="1">20373.8756</dst>
      <dst id="5">1201.2622</dst>
      <dst id="3">1880.6133</dst>
      <dst id="22">4520.0000</dst>
      <dst id="7">933.2622</dst>
      <dst id="2">41547.7067</dst>
      <dst id="6">175.7067</dst>
      <dst id="16">2047.2000</dst>
      <dst id="14">110.4978</dst>
      <dst id="20">2022.1511</dst>
      <dst id="11">3322.6044</dst>
      <dst id="9">2634.4267</dst>
      <dst id="17">14323.6356</dst>
      <dst id="21">13488.6756</dst>
      <dst id="15">657.2889</dst>
    </src>
    <src id="2">
      <dst id="12">173731.0844</dst>
      <dst id="13">28524.4978</dst>
      <dst id="19">9416.6489</dst>
      <dst id="23">44.6133</dst>
      <dst id="8">1453.8578</dst>
      <dst id="18">155081.6089</dst>
      <dst id="4">91640.0356</dst>
      <dst id="1">10942.2756</dst>
      <dst id="5">2119.3956</dst>
      <dst id="3">1951.9111</dst>
      <dst id="22">5226.8356</dst>
      <dst id="7">5589.9556</dst>
      <dst id="2">1222.8178</dst>
      <dst id="6">11924.9600</dst>
      <dst id="16">5981.5556</dst>
      <dst id="14">5603.6533</dst>
      <dst id="20">1062.2667</dst>
      <dst id="11">7497.5733</dst>
      <dst id="9">3119.0311</dst>
      <dst id="17">36160.4000</dst>
      <dst id="21">16425.5556</dst>
      <dst id="15">439.8311</dst>
    </src>
    <src id="6">
      <dst id="12">11776.7289</dst>
      <dst id="13">21.8400</dst>
      <dst id="19">42.9244</dst>
      <dst id="8">34.0978</dst>
      <dst id="18">2.2400</dst>
      <dst id="4">121.4933</dst>
      <dst id="1">167.9022</dst>
      <dst id="5">14.4089</dst>
      <dst id="3">11.8222</dst>
      <dst id="22">110.4444</dst>
      <dst id="7">104.7022</dst>
      <dst id="2">3492.9689</dst>
      <dst id="16">85.3511</dst>
      <dst id="20">63.2267</dst>
      <dst id="11">13.2622</dst>
      <dst id="9">28.4356</dst>
      <dst id="17">1616.4089</dst>
      <dst id="21">114.6844</dst>
      <dst id="15">0.6044</dst>
    </src>
    <src id="16">
      <dst id="12">2494.8000</dst>
      <dst id="13">822.6578</dst>
      <dst id="19">3799.9022</dst>
      <dst id="23">592.6489</dst>
      <dst id="8">8461.2622</dst>
      <dst id="18">74.4444</dst>
      <dst id="4">6066.3911</dst>
      <dst id="1">24477.3600</dst>
      <dst id="5">7671.8311</dst>
      <dst id="3">64.8533</dst>
      <dst id="7">10279.0400</dst>
      <dst id="2">2172.3200</dst>
      <dst id="6">127.1733</dst>
      <dst id="16">40.0711</dst>
      <dst id="14">155.8222</dst>
      <dst id="11">862.6933</dst>
      <dst id="9">10651.7244</dst>
      <dst id="17">7810.8444</dst>
      <dst id="21">695.3156</dst>
    </src>
    <src id="14">
      <dst id="12">16039.8400</dst>
      <dst id="13">1393.6000</dst>
      <dst id="19">6.5422</dst>
      <dst id="23">0.4978</dst>
      <dst id="8">12.6222</dst>
      <dst id="18">26.2044</dst>
      <dst id="4">2470.5333</dst>
      <dst id="1">55.0489</dst>
      <dst id="5">1.4222</dst>
      <dst id="3">177.3333</dst>
      <dst id="22">879.2889</dst>
      <dst id="7">119.1111</dst>
      <dst id="2">4880.6133</dst>
      <dst id="16">914.6578</dst>
      <dst id="20">5.8489</dst>
      <dst id="11">62.4978</dst>
      <dst id="9">451.3867</dst>
      <dst id="17">7985.9467</dst>
      <dst id="21">181.6000</dst>
      <dst id="15">0.3556</dst>
    </src>
    <src id="20">
      <dst id="12">9472.7911</dst>
      <dst id="13">3845.1911</dst>
      <dst id="19">159.0578</dst>
      <dst id="23">37.8756</dst>
      <dst id="8">3232.4444</dst>
      <dst id="18">43.9289</dst>
      <dst id="4">6659.8400</dst>
      <dst id="1">94.2400</dst>
      <dst id="5">2261.2356</dst>
      <dst id="3">8274.7644</dst>
      <dst id="7">396.8622</dst>
      <dst id="2">6259.3600</dst>
      <dst id="6">24.5333</dst>
      <dst id="14">1.1200</dst>
      <dst id="11">14116.0711</dst>
      <dst id="9">9980.0178</dst>
      <dst id="17">9491.6178</dst>
      <dst id="21">2059.4133</dst>
    </src>
    <src id="11">
      <dst id="12">420765.0756</dst>
      <dst id="13">3481.6978</dst>
      <dst id="19">201.8667</dst>
      <dst id="23">44.6844</dst>
      <dst id="8">2551.3778</dst>
      <dst id="18">306.4889</dst>
      <dst id="4">16885.4222</dst>
      <dst id="1">3819.2000</dst>
      <dst id="5">2097.7689</dst>
      <dst id="3">6935.8400</dst>
      <dst id="22">2674.2400</dst>
      <dst id="7">798.6133</dst>
      <dst id="2">162280.4000</dst>
      <dst id="6">9.4578</dst>
      <dst id="16">523.4044</dst>
      <dst id="14">32.1956</dst>
      <dst id="20">877.4044</dst>
      <dst id="11">3590.3911</dst>
      <dst id="9">7066.2400</dst>
      <dst id="17">156558.3289</dst>
      <dst id="21">2613.3333</dst>
      <dst id="15">105.3067</dst>
    </src>
    <src id="9">
      <dst id="12">491345.4578</dst>
      <dst id="13">23219.9556</dst>
      <dst id="19">90.4000</dst>
      <dst id="23">16.7378</dst>
      <dst id="8">2252.0889</dst>
      <dst id="18">335.4133</dst>
      <dst id="4">11480.0711</dst>
      <dst id="1">4563.1289</dst>
      <dst id="5">768.9422</dst>
      <dst id="3">162.4267</dst>
      <dst id="22">4702.2578</dst>
      <dst id="7">2464.7822</dst>
      <dst id="2">186829.4133</dst>
      <dst id="6">7.7689</dst>
      <dst id="16">927.0133</dst>
      <dst id="14">34.7911</dst>
      <dst id="20">14029.6178</dst>
      <dst id="11">1021.7511</dst>
      <dst id="9">3457.5644</dst>
      <dst id="17">192007.9022</dst>
      <dst id="21">8678.9511</dst>
      <dst id="15">1083.4400</dst>
    </src>
    <src id="17">
      <dst id="12">21847.1733</dst>
      <dst id="13">11456.3822</dst>
      <dst id="19">744.0622</dst>
      <dst id="23">965.8222</dst>
      <dst id="8">243553.8133</dst>
      <dst id="18">2314.2311</dst>
      <dst id="4">54924.4267</dst>
      <dst id="1">10803.5733</dst>
      <dst id="5">250657.2089</dst>
      <dst id="3">17444.0711</dst>
      <dst id="22">8803.2356</dst>
      <dst id="7">6975.5022</dst>
      <dst id="2">38463.9644</dst>
      <dst id="6">78.3556</dst>
      <dst id="16">6563.6800</dst>
      <dst id="14">39414.8089</dst>
      <dst id="20">4006.1156</dst>
      <dst id="11">189699.3067</dst>
      <dst id="9">355143.0489</dst>
      <dst id="17">3230.7200</dst>
      <dst id="21">12297.0133</dst>
      <dst id="15">6470.3556</dst>
    </src>
    <src id="21">
      <dst id="12">18516.0356</dst>
      <dst id="13">3461.3422</dst>
      <dst id="19">615.8311</dst>
      <dst id="23">264.8978</dst>
      <dst id="8">928.1956</dst>
      <dst id="18">2170.9156</dst>
      <dst id="4">22024.7911</dst>
      <dst id="1">4042.3556</dst>
      <dst id="5">1011.1289</dst>
      <dst id="3">3565.7689</dst>
      <dst id="22">3271.4133</dst>
      <dst id="7">2875.8222</dst>
      <dst id="2">11853.4933</dst>
      <dst id="6">37.1911</dst>
      <dst id="16">2479.5911</dst>
      <dst id="14">124.5689</dst>
      <dst id="20">386.7200</dst>
      <dst id="11">7307.5200</dst>
      <dst id="9">5171.5822</dst>
      <dst id="17">7511.0844</dst>
      <dst id="21">3671.8222</dst>
      <dst id="15">70.7644</dst>
    </src>
    <src id="15">
      <dst id="12">4944.3733</dst>
      <dst id="13">441.7067</dst>
      <dst id="19">1720.8267</dst>
      <dst id="23">15.6444</dst>
      <dst id="8">654.8622</dst>
      <dst id="18">33.9822</dst>
      <dst id="4">6140.3378</dst>
      <dst id="1">2611.5467</dst>
      <dst id="5">118.4622</dst>
      <dst id="3">11.2622</dst>
      <dst id="7">3137.2089</dst>
      <dst id="2">7291.5556</dst>
      <dst id="6">3.6711</dst>
      <dst id="16">0.4089</dst>
      <dst id="11">882.8800</dst>
      <dst id="9">3862.6400</dst>
      <dst id="17">457.3333</dst>
      <dst id="21">1513.0133</dst>
    </src>
  </IntraTM>
</TrafficMatrixFile>
