<?xml version="1.0" encoding="UTF-8" standalone="yes"?>
<TrafficMatrixFile xmlns:xsi="http://www.w3.org/2001/XMLSchema-instance" xsi:noNamespaceSchemaLocation="http://totem.run.montefiore.ulg.ac.be/Schema/TrafficMatrix-v1_2.xsd">
  <info>
    <title>Intradomain traffic matrix generated by geant-TM-all.pl</title>
    <date>2005-01-04T02:45:00</date>
    <duration>900</duration>
    <author>Steve Uhlig</author>
    <units>
        <unit type="bandwidth" value="kbps"/>
    </units>
  </info>
  <IntraTM ASID="20965">
    <src id="12">
      <dst id="12">237405.0844</dst>
      <dst id="13">19390.4178</dst>
      <dst id="19">2266.5511</dst>
      <dst id="23">199.9467</dst>
      <dst id="8">2932.8267</dst>
      <dst id="18">2350.2133</dst>
      <dst id="4">87717.9911</dst>
      <dst id="1">10436.6489</dst>
      <dst id="5">5821.9911</dst>
      <dst id="3">3374.6933</dst>
      <dst id="22">10834.0533</dst>
      <dst id="7">3182.5333</dst>
      <dst id="2">81867.3244</dst>
      <dst id="6">54.0356</dst>
      <dst id="16">13569.3067</dst>
      <dst id="14">437.7956</dst>
      <dst id="20">11637.4667</dst>
      <dst id="11">4682.3822</dst>
      <dst id="9">15145.2622</dst>
      <dst id="17">70756.9244</dst>
      <dst id="21">9868.5244</dst>
      <dst id="15">5226.6133</dst>
    </src>
    <src id="13">
      <dst id="12">48635.0489</dst>
      <dst id="19">17495.5911</dst>
      <dst id="23">38.2667</dst>
      <dst id="8">5090.7111</dst>
      <dst id="18">1130.7644</dst>
      <dst id="1">7388.4356</dst>
      <dst id="5">14625.1733</dst>
      <dst id="3">5338.8000</dst>
      <dst id="22">21018.8356</dst>
      <dst id="7">10761.7511</dst>
      <dst id="2">100493.7600</dst>
      <dst id="6">66.8444</dst>
      <dst id="16">8523.6000</dst>
      <dst id="14">2390.7644</dst>
      <dst id="20">10241.8400</dst>
      <dst id="11">18535.6889</dst>
      <dst id="9">8129.3867</dst>
      <dst id="17">49687.4933</dst>
      <dst id="21">13835.2889</dst>
      <dst id="15">4472.4444</dst>
    </src>
    <src id="19">
      <dst id="12">19540.3822</dst>
      <dst id="13">2432.7200</dst>
      <dst id="23">19.2089</dst>
      <dst id="8">307.0844</dst>
      <dst id="18">1.6267</dst>
      <dst id="4">16859.6356</dst>
      <dst id="1">8956.8267</dst>
      <dst id="5">67.6711</dst>
      <dst id="3">29.2533</dst>
      <dst id="22">466.6844</dst>
      <dst id="7">4191.2356</dst>
      <dst id="2">239.1733</dst>
      <dst id="6">91.9289</dst>
      <dst id="16">6090.1156</dst>
      <dst id="14">0.6133</dst>
      <dst id="20">42.6311</dst>
      <dst id="11">31.0933</dst>
      <dst id="9">343.1022</dst>
      <dst id="17">12437.6533</dst>
      <dst id="21">1217.8222</dst>
      <dst id="15">0.3556</dst>
    </src>
    <src id="23">
      <dst id="12">4649.2533</dst>
      <dst id="13">84.0444</dst>
      <dst id="19">3.5200</dst>
      <dst id="8">26.6667</dst>
      <dst id="18">1838.8444</dst>
      <dst id="1">77.9467</dst>
      <dst id="5">25.9556</dst>
      <dst id="3">252.2933</dst>
      <dst id="22">154.8978</dst>
      <dst id="7">39.7600</dst>
      <dst id="2">29.9733</dst>
      <dst id="16">794.5867</dst>
      <dst id="14">4.0356</dst>
      <dst id="20">0.4622</dst>
      <dst id="11">163.2356</dst>
      <dst id="9">414.6044</dst>
      <dst id="17">318.4978</dst>
      <dst id="21">142.7822</dst>
      <dst id="15">0.4267</dst>
    </src>
    <src id="8">
      <dst id="12">317775.8400</dst>
      <dst id="13">999.9911</dst>
      <dst id="19">4.8356</dst>
      <dst id="23">1.0667</dst>
      <dst id="18">27.4222</dst>
      <dst id="4">5641.3600</dst>
      <dst id="1">478.7022</dst>
      <dst id="5">2040.1067</dst>
      <dst id="3">25.9556</dst>
      <dst id="22">1140.6044</dst>
      <dst id="7">265.0222</dst>
      <dst id="2">139696.2133</dst>
      <dst id="16">1130.7200</dst>
      <dst id="14">0.3556</dst>
      <dst id="20">51.6089</dst>
      <dst id="11">4163.0044</dst>
      <dst id="9">337.3067</dst>
      <dst id="17">118876.1778</dst>
      <dst id="21">65.9289</dst>
      <dst id="15">554.4356</dst>
    </src>
    <src id="18">
      <dst id="12">103714.9511</dst>
      <dst id="13">107.3333</dst>
      <dst id="19">3.7778</dst>
      <dst id="23">44.2756</dst>
      <dst id="8">1513.9556</dst>
      <dst id="4">858.7644</dst>
      <dst id="1">666.8978</dst>
      <dst id="5">525.1378</dst>
      <dst id="3">39.5556</dst>
      <dst id="22">174.2489</dst>
      <dst id="7">52.6311</dst>
      <dst id="2">34348.0444</dst>
      <dst id="16">171.7689</dst>
      <dst id="14">49.7778</dst>
      <dst id="20">293.7156</dst>
      <dst id="11">150.0267</dst>
      <dst id="9">197.2978</dst>
      <dst id="17">43055.3600</dst>
      <dst id="21">190.3022</dst>
      <dst id="15">0.6400</dst>
    </src>
    <src id="4">
      <dst id="12">18750.9778</dst>
      <dst id="19">15345.9111</dst>
      <dst id="8">849.9822</dst>
      <dst id="18">2019.0844</dst>
      <dst id="4">3.0311</dst>
      <dst id="1">25495.1289</dst>
      <dst id="5">3269.2178</dst>
      <dst id="3">119.8400</dst>
      <dst id="22">5814.8533</dst>
      <dst id="7">111557.3956</dst>
      <dst id="2">81061.1911</dst>
      <dst id="6">1.1911</dst>
      <dst id="16">2441.1289</dst>
      <dst id="14">3602.7733</dst>
      <dst id="20">1538.0267</dst>
      <dst id="11">5689.1467</dst>
      <dst id="9">1304.2133</dst>
      <dst id="17">35892.9778</dst>
      <dst id="21">2958.5422</dst>
      <dst id="15">1465.7156</dst>
    </src>
    <src id="1">
      <dst id="12">19384.7111</dst>
      <dst id="13">2117.7867</dst>
      <dst id="19">246.2044</dst>
      <dst id="23">102.1867</dst>
      <dst id="8">120540.0178</dst>
      <dst id="18">13892.4267</dst>
      <dst id="4">4718.5067</dst>
      <dst id="1">15185.1111</dst>
      <dst id="5">202703.5911</dst>
      <dst id="3">1767.0400</dst>
      <dst id="22">6154.0622</dst>
      <dst id="7">1626.7556</dst>
      <dst id="2">4282.6933</dst>
      <dst id="6">10689.3956</dst>
      <dst id="16">13399.4044</dst>
      <dst id="14">35.0667</dst>
      <dst id="20">70.7378</dst>
      <dst id="11">213.6178</dst>
      <dst id="9">201919.4133</dst>
      <dst id="17">3272.7200</dst>
      <dst id="21">4902.1956</dst>
      <dst id="15">95.1644</dst>
    </src>
    <src id="5">
      <dst id="12">311634.9067</dst>
      <dst id="13">25180.8978</dst>
      <dst id="19">100.1956</dst>
      <dst id="23">0.7111</dst>
      <dst id="8">58195.0667</dst>
      <dst id="18">109.1022</dst>
      <dst id="4">8601.5822</dst>
      <dst id="1">503.9200</dst>
      <dst id="3">13.4933</dst>
      <dst id="22">14161.2267</dst>
      <dst id="7">272.3733</dst>
      <dst id="2">149054.3467</dst>
      <dst id="6">58.2311</dst>
      <dst id="16">604.9867</dst>
      <dst id="14">23.5556</dst>
      <dst id="20">8806.6667</dst>
      <dst id="11">1079.2178</dst>
      <dst id="9">1479.7778</dst>
      <dst id="17">124372.9067</dst>
      <dst id="21">392.8978</dst>
      <dst id="15">84.8356</dst>
    </src>
    <src id="3">
      <dst id="12">13127.5022</dst>
      <dst id="13">6008.2400</dst>
      <dst id="19">1529.2089</dst>
      <dst id="23">6076.1067</dst>
      <dst id="8">30.7022</dst>
      <dst id="18">74540.3289</dst>
      <dst id="4">15178.1156</dst>
      <dst id="1">6016.4889</dst>
      <dst id="5">222.3644</dst>
      <dst id="3">12145.9911</dst>
      <dst id="22">519.7689</dst>
      <dst id="7">2825.2978</dst>
      <dst id="2">11094.9956</dst>
      <dst id="6">1.1467</dst>
      <dst id="16">1341.6356</dst>
      <dst id="14">33574.6133</dst>
      <dst id="20">85.9911</dst>
      <dst id="11">170986.5333</dst>
      <dst id="9">801.4667</dst>
      <dst id="17">9397.1467</dst>
      <dst id="21">18030.5067</dst>
      <dst id="15">1409.7067</dst>
    </src>
    <src id="10">
      <dst id="12">14957.9022</dst>
      <dst id="19">3688.0178</dst>
      <dst id="8">1024.8089</dst>
      <dst id="18">4273.5822</dst>
      <dst id="1">2509.3333</dst>
      <dst id="5">971.0311</dst>
      <dst id="3">8537.7867</dst>
      <dst id="22">10762.5778</dst>
      <dst id="7">3256.1867</dst>
      <dst id="2">21161.6267</dst>
      <dst id="6">17.1378</dst>
      <dst id="16">7733.7333</dst>
      <dst id="14">939.8578</dst>
      <dst id="20">2666.1067</dst>
      <dst id="11">5365.7511</dst>
      <dst id="9">1226.8889</dst>
      <dst id="17">13570.4089</dst>
      <dst id="21">7808.4089</dst>
      <dst id="15">760.4889</dst>
    </src>
    <src id="22">
      <dst id="12">11547.4400</dst>
      <dst id="13">6461.3778</dst>
      <dst id="19">325.2622</dst>
      <dst id="23">8.0178</dst>
      <dst id="8">1250.8533</dst>
      <dst id="18">576.6844</dst>
      <dst id="4">14478.1511</dst>
      <dst id="1">490.5422</dst>
      <dst id="5">3292.7111</dst>
      <dst id="3">1564.0533</dst>
      <dst id="7">816.3822</dst>
      <dst id="2">6737.4311</dst>
      <dst id="6">21.4400</dst>
      <dst id="16">11.5200</dst>
      <dst id="14">116.8356</dst>
      <dst id="11">1384.9244</dst>
      <dst id="9">10009.9378</dst>
      <dst id="17">3928.0978</dst>
      <dst id="21">3612.4178</dst>
    </src>
    <src id="7">
      <dst id="12">8314.1778</dst>
      <dst id="13">163.7156</dst>
      <dst id="19">201.2000</dst>
      <dst id="23">179.6533</dst>
      <dst id="8">234.5067</dst>
      <dst id="18">231.8222</dst>
      <dst id="4">19905.3867</dst>
      <dst id="1">2492.9244</dst>
      <dst id="5">1033.8133</dst>
      <dst id="3">8795.6356</dst>
      <dst id="22">4127.1467</dst>
      <dst id="7">742.5067</dst>
      <dst id="2">9980.7289</dst>
      <dst id="6">40.6489</dst>
      <dst id="16">1979.9822</dst>
      <dst id="14">140.1600</dst>
      <dst id="20">895.0933</dst>
      <dst id="11">1198.1244</dst>
      <dst id="9">683.9822</dst>
      <dst id="17">16568.1867</dst>
      <dst id="21">2215.1111</dst>
      <dst id="15">187.8133</dst>
    </src>
    <src id="2">
      <dst id="12">109373.4844</dst>
      <dst id="13">510655.6889</dst>
      <dst id="19">2148.0800</dst>
      <dst id="23">1.2800</dst>
      <dst id="8">3426.4178</dst>
      <dst id="18">64398.6756</dst>
      <dst id="4">85461.8044</dst>
      <dst id="1">6009.5644</dst>
      <dst id="5">2996.3111</dst>
      <dst id="3">99.8400</dst>
      <dst id="22">4014.6133</dst>
      <dst id="7">9628.3467</dst>
      <dst id="2">822.9511</dst>
      <dst id="6">8133.1200</dst>
      <dst id="16">2321.1289</dst>
      <dst id="14">196.6756</dst>
      <dst id="20">391.3778</dst>
      <dst id="11">7257.5022</dst>
      <dst id="9">729.8667</dst>
      <dst id="17">24626.9600</dst>
      <dst id="21">2663.2178</dst>
      <dst id="15">11.6800</dst>
    </src>
    <src id="6">
      <dst id="12">10786.2756</dst>
      <dst id="19">13.2978</dst>
      <dst id="4">1218.3556</dst>
      <dst id="1">1.2178</dst>
      <dst id="3">0.5156</dst>
      <dst id="7">0.9067</dst>
      <dst id="2">2189.5822</dst>
      <dst id="16">1.5289</dst>
      <dst id="11">2.1333</dst>
      <dst id="9">0.7822</dst>
      <dst id="17">1897.8933</dst>
      <dst id="21">12.8711</dst>
    </src>
    <src id="16">
      <dst id="12">6049.6978</dst>
      <dst id="13">627.9378</dst>
      <dst id="19">4155.8311</dst>
      <dst id="23">39.2356</dst>
      <dst id="8">4255.8667</dst>
      <dst id="18">40.3378</dst>
      <dst id="4">5519.2889</dst>
      <dst id="1">20634.4356</dst>
      <dst id="5">3270.5333</dst>
      <dst id="3">1.5111</dst>
      <dst id="7">954.0089</dst>
      <dst id="2">1536.1778</dst>
      <dst id="16">65.3689</dst>
      <dst id="14">38.9156</dst>
      <dst id="11">1234.1422</dst>
      <dst id="9">6701.0489</dst>
      <dst id="17">2147.8756</dst>
      <dst id="21">1501.5467</dst>
    </src>
    <src id="14">
      <dst id="12">18081.3422</dst>
      <dst id="13">44.9156</dst>
      <dst id="19">4.5333</dst>
      <dst id="23">30.2578</dst>
      <dst id="18">1.1733</dst>
      <dst id="4">2072.5689</dst>
      <dst id="1">86.5067</dst>
      <dst id="5">15.0578</dst>
      <dst id="3">3792.9511</dst>
      <dst id="22">9.9111</dst>
      <dst id="7">71.8489</dst>
      <dst id="2">6244.9956</dst>
      <dst id="16">0.5511</dst>
      <dst id="20">0.3733</dst>
      <dst id="11">49.7156</dst>
      <dst id="17">7091.9289</dst>
      <dst id="21">83.6800</dst>
    </src>
    <src id="20">
      <dst id="12">8736.7911</dst>
      <dst id="13">1901.1911</dst>
      <dst id="19">28.7467</dst>
      <dst id="23">2.9689</dst>
      <dst id="8">236.4444</dst>
      <dst id="18">100.5333</dst>
      <dst id="4">11282.6489</dst>
      <dst id="1">120.0444</dst>
      <dst id="5">1237.5556</dst>
      <dst id="3">232.9689</dst>
      <dst id="7">1269.1644</dst>
      <dst id="2">786.5511</dst>
      <dst id="16">0.4089</dst>
      <dst id="11">368.5867</dst>
      <dst id="9">3576.3111</dst>
      <dst id="17">1092.6311</dst>
      <dst id="21">2554.7644</dst>
    </src>
    <src id="11">
      <dst id="12">433132.3022</dst>
      <dst id="13">3997.8933</dst>
      <dst id="19">18.1689</dst>
      <dst id="23">21.1822</dst>
      <dst id="8">696.3378</dst>
      <dst id="18">118.5333</dst>
      <dst id="4">9980.3644</dst>
      <dst id="1">392.4889</dst>
      <dst id="5">1068.4889</dst>
      <dst id="3">468.8889</dst>
      <dst id="22">1705.5556</dst>
      <dst id="7">360.9778</dst>
      <dst id="2">161901.8667</dst>
      <dst id="6">1.5733</dst>
      <dst id="16">1331.1111</dst>
      <dst id="14">36.5333</dst>
      <dst id="20">395.1556</dst>
      <dst id="11">4066.7289</dst>
      <dst id="9">1660.5156</dst>
      <dst id="17">166854.8978</dst>
      <dst id="21">436.6667</dst>
      <dst id="15">730.5333</dst>
    </src>
    <src id="9">
      <dst id="12">430996.1867</dst>
      <dst id="13">2898.9333</dst>
      <dst id="19">203.2533</dst>
      <dst id="23">38.2578</dst>
      <dst id="8">308.8089</dst>
      <dst id="18">651.9556</dst>
      <dst id="4">6629.0578</dst>
      <dst id="1">2640.8800</dst>
      <dst id="5">1285.8578</dst>
      <dst id="3">2.1244</dst>
      <dst id="22">2260.3467</dst>
      <dst id="7">260.1867</dst>
      <dst id="2">156485.5911</dst>
      <dst id="6">1.0133</dst>
      <dst id="16">2058.0267</dst>
      <dst id="14">0.4622</dst>
      <dst id="20">1641.5911</dst>
      <dst id="11">1523.0933</dst>
      <dst id="9">4746.3822</dst>
      <dst id="17">176652.1333</dst>
      <dst id="21">3757.3333</dst>
      <dst id="15">1423.5822</dst>
    </src>
    <src id="17">
      <dst id="12">10275.1822</dst>
      <dst id="13">3690.8000</dst>
      <dst id="19">2652.4089</dst>
      <dst id="23">52.7200</dst>
      <dst id="8">120304.4000</dst>
      <dst id="18">101.9200</dst>
      <dst id="4">34569.2267</dst>
      <dst id="1">1043.2000</dst>
      <dst id="5">196718.0622</dst>
      <dst id="3">4507.8044</dst>
      <dst id="22">8208.1778</dst>
      <dst id="7">1843.2356</dst>
      <dst id="2">25607.2711</dst>
      <dst id="6">216.2311</dst>
      <dst id="16">7822.4356</dst>
      <dst id="14">25527.5822</dst>
      <dst id="20">1963.5200</dst>
      <dst id="11">120986.1511</dst>
      <dst id="9">172974.4356</dst>
      <dst id="17">1357.2978</dst>
      <dst id="21">8474.5600</dst>
      <dst id="15">118.5600</dst>
    </src>
    <src id="21">
      <dst id="12">21637.1467</dst>
      <dst id="13">6626.8889</dst>
      <dst id="19">323.9022</dst>
      <dst id="23">64.6400</dst>
      <dst id="8">41.4133</dst>
      <dst id="18">225.5289</dst>
      <dst id="4">13361.6444</dst>
      <dst id="1">1651.4311</dst>
      <dst id="5">1628.9422</dst>
      <dst id="3">1826.3467</dst>
      <dst id="22">689.9289</dst>
      <dst id="7">674.7822</dst>
      <dst id="2">12178.0978</dst>
      <dst id="6">5.3156</dst>
      <dst id="16">244.2222</dst>
      <dst id="14">132.3822</dst>
      <dst id="20">94.3378</dst>
      <dst id="11">189.6000</dst>
      <dst id="9">450.6933</dst>
      <dst id="17">5553.3778</dst>
      <dst id="21">712.1600</dst>
      <dst id="15">72.2756</dst>
    </src>
    <src id="15">
      <dst id="12">375.1467</dst>
      <dst id="13">391.7600</dst>
      <dst id="19">0.3378</dst>
      <dst id="23">0.6400</dst>
      <dst id="8">55.5111</dst>
      <dst id="18">0.3378</dst>
      <dst id="4">2149.2889</dst>
      <dst id="1">850.3822</dst>
      <dst id="5">32.2489</dst>
      <dst id="3">13.4133</dst>
      <dst id="7">23.7689</dst>
      <dst id="2">59.9200</dst>
      <dst id="16">0.3022</dst>
      <dst id="14">6.3644</dst>
      <dst id="11">394.0000</dst>
      <dst id="9">400.2578</dst>
      <dst id="17">877.0311</dst>
      <dst id="21">74.4622</dst>
    </src>
  </IntraTM>
</TrafficMatrixFile>
