<?xml version="1.0" encoding="UTF-8" standalone="yes"?>
<TrafficMatrixFile xmlns:xsi="http://www.w3.org/2001/XMLSchema-instance" xsi:noNamespaceSchemaLocation="http://totem.run.montefiore.ulg.ac.be/Schema/TrafficMatrix-v1_2.xsd">
  <info>
    <title>Intradomain traffic matrix generated by geant-TM-all.pl</title>
    <date>2005-01-02T00:30:00</date>
    <duration>900</duration>
    <author>Steve Uhlig</author>
    <units>
        <unit type="bandwidth" value="kbps"/>
    </units>
  </info>
  <IntraTM ASID="20965">
    <src id="12">
      <dst id="12">368276.1156</dst>
      <dst id="13">25830.8178</dst>
      <dst id="19">4629.5911</dst>
      <dst id="23">1833.7067</dst>
      <dst id="8">2779.7067</dst>
      <dst id="18">2459.3689</dst>
      <dst id="4">104757.9733</dst>
      <dst id="1">8623.4489</dst>
      <dst id="5">6038.8089</dst>
      <dst id="3">18226.1778</dst>
      <dst id="22">31368.9867</dst>
      <dst id="7">4670.0889</dst>
      <dst id="2">98078.5333</dst>
      <dst id="6">590.9867</dst>
      <dst id="16">7573.8311</dst>
      <dst id="14">1969.1822</dst>
      <dst id="20">5313.7689</dst>
      <dst id="11">6595.9289</dst>
      <dst id="9">26610.6222</dst>
      <dst id="17">84489.8222</dst>
      <dst id="21">23049.8044</dst>
      <dst id="15">3463.7422</dst>
    </src>
    <src id="13">
      <dst id="12">71906.3200</dst>
      <dst id="19">9858.9422</dst>
      <dst id="23">1077.2978</dst>
      <dst id="8">17431.2000</dst>
      <dst id="18">7230.9067</dst>
      <dst id="1">5042.4000</dst>
      <dst id="5">21713.2356</dst>
      <dst id="3">35027.2800</dst>
      <dst id="22">29730.9778</dst>
      <dst id="7">12261.1378</dst>
      <dst id="2">156637.7867</dst>
      <dst id="6">276.7022</dst>
      <dst id="16">8808.8533</dst>
      <dst id="14">3580.3556</dst>
      <dst id="20">22874.9956</dst>
      <dst id="11">34303.9733</dst>
      <dst id="9">13402.7556</dst>
      <dst id="17">55685.8133</dst>
      <dst id="21">33740.4444</dst>
      <dst id="15">6786.3733</dst>
    </src>
    <src id="19">
      <dst id="12">18789.1111</dst>
      <dst id="13">5101.5200</dst>
      <dst id="23">203.5911</dst>
      <dst id="8">76.6489</dst>
      <dst id="18">61.3867</dst>
      <dst id="4">20079.0133</dst>
      <dst id="1">55.1022</dst>
      <dst id="5">123.6000</dst>
      <dst id="3">3710.6400</dst>
      <dst id="22">2483.6622</dst>
      <dst id="7">7269.7689</dst>
      <dst id="2">500.7467</dst>
      <dst id="6">239.0044</dst>
      <dst id="16">10492.2578</dst>
      <dst id="14">13.8667</dst>
      <dst id="20">147.8489</dst>
      <dst id="11">1779.9467</dst>
      <dst id="9">5063.7422</dst>
      <dst id="17">3320.8356</dst>
      <dst id="21">809.3156</dst>
      <dst id="15">1.1378</dst>
    </src>
    <src id="23">
      <dst id="12">1209.0667</dst>
      <dst id="13">760.3289</dst>
      <dst id="19">43.3156</dst>
      <dst id="8">88.9956</dst>
      <dst id="18">171.7511</dst>
      <dst id="4">94.6311</dst>
      <dst id="1">96.5067</dst>
      <dst id="5">237.3156</dst>
      <dst id="3">780.3822</dst>
      <dst id="22">301.3867</dst>
      <dst id="7">67.8578</dst>
      <dst id="2">116.7733</dst>
      <dst id="6">5.3689</dst>
      <dst id="16">56.8444</dst>
      <dst id="14">15.2533</dst>
      <dst id="20">80.5689</dst>
      <dst id="11">220.6578</dst>
      <dst id="9">352.3378</dst>
      <dst id="17">329.3244</dst>
      <dst id="21">2281.6178</dst>
      <dst id="15">93.3333</dst>
    </src>
    <src id="8">
      <dst id="12">412936.3022</dst>
      <dst id="13">1552.8178</dst>
      <dst id="19">19.0667</dst>
      <dst id="23">936.9956</dst>
      <dst id="18">1147.1022</dst>
      <dst id="4">10308.1867</dst>
      <dst id="1">155.8044</dst>
      <dst id="5">3692.2133</dst>
      <dst id="3">1316.1600</dst>
      <dst id="22">2788.9956</dst>
      <dst id="7">162.6667</dst>
      <dst id="2">157443.8933</dst>
      <dst id="6">3.2356</dst>
      <dst id="16">518.7556</dst>
      <dst id="20">279.9378</dst>
      <dst id="11">398.5867</dst>
      <dst id="9">962.3556</dst>
      <dst id="17">104064.6578</dst>
      <dst id="21">2042.5156</dst>
      <dst id="15">1218.8000</dst>
    </src>
    <src id="18">
      <dst id="12">147543.8044</dst>
      <dst id="13">571.8311</dst>
      <dst id="19">513.2800</dst>
      <dst id="23">4.4444</dst>
      <dst id="8">345.0489</dst>
      <dst id="4">1861.5644</dst>
      <dst id="1">1104.0000</dst>
      <dst id="5">436.8356</dst>
      <dst id="3">254.3644</dst>
      <dst id="22">497.9556</dst>
      <dst id="7">138.1422</dst>
      <dst id="2">41745.2800</dst>
      <dst id="16">8.7556</dst>
      <dst id="14">68.6933</dst>
      <dst id="20">36.5956</dst>
      <dst id="11">282.4622</dst>
      <dst id="9">163.8489</dst>
      <dst id="17">35850.3111</dst>
      <dst id="21">1293.6533</dst>
      <dst id="15">455.3244</dst>
    </src>
    <src id="4">
      <dst id="12">18538.1422</dst>
      <dst id="19">9556.1867</dst>
      <dst id="23">25.2444</dst>
      <dst id="8">4272.7022</dst>
      <dst id="18">2201.2356</dst>
      <dst id="4">3.7689</dst>
      <dst id="1">2853.3244</dst>
      <dst id="5">3598.0800</dst>
      <dst id="3">31818.0356</dst>
      <dst id="22">7128.3733</dst>
      <dst id="7">45544.9244</dst>
      <dst id="2">61795.2622</dst>
      <dst id="6">6.5156</dst>
      <dst id="16">2932.0089</dst>
      <dst id="14">3644.5778</dst>
      <dst id="20">2357.2089</dst>
      <dst id="11">12685.9733</dst>
      <dst id="9">5852.0267</dst>
      <dst id="17">38158.7911</dst>
      <dst id="21">23662.6844</dst>
      <dst id="15">542.4711</dst>
    </src>
    <src id="1">
      <dst id="12">21280.7556</dst>
      <dst id="13">1488.1956</dst>
      <dst id="19">121.6889</dst>
      <dst id="23">136.7022</dst>
      <dst id="8">211641.6978</dst>
      <dst id="18">19641.6000</dst>
      <dst id="4">17822.7111</dst>
      <dst id="1">87.8133</dst>
      <dst id="5">295564.7111</dst>
      <dst id="3">116306.4800</dst>
      <dst id="22">9432.9956</dst>
      <dst id="7">10863.6889</dst>
      <dst id="2">17453.4133</dst>
      <dst id="6">8314.0711</dst>
      <dst id="16">12107.1289</dst>
      <dst id="14">1728.1689</dst>
      <dst id="20">721.1289</dst>
      <dst id="11">568.0889</dst>
      <dst id="9">326360.8267</dst>
      <dst id="17">4097.5911</dst>
      <dst id="21">4444.5600</dst>
      <dst id="15">240.6222</dst>
    </src>
    <src id="5">
      <dst id="12">407400.8444</dst>
      <dst id="13">5728.8889</dst>
      <dst id="19">62.5422</dst>
      <dst id="23">168.2133</dst>
      <dst id="8">15637.4578</dst>
      <dst id="18">190.9867</dst>
      <dst id="4">8116.4000</dst>
      <dst id="1">168.7200</dst>
      <dst id="3">5290.9956</dst>
      <dst id="22">5191.3422</dst>
      <dst id="7">234.0267</dst>
      <dst id="2">164186.9333</dst>
      <dst id="6">0.3556</dst>
      <dst id="16">1066.9422</dst>
      <dst id="14">234.8889</dst>
      <dst id="20">3041.8933</dst>
      <dst id="11">2386.6578</dst>
      <dst id="9">3929.2622</dst>
      <dst id="17">84216.2311</dst>
      <dst id="21">1298.9333</dst>
      <dst id="15">400.0267</dst>
    </src>
    <src id="3">
      <dst id="12">20632.0000</dst>
      <dst id="13">1680.9600</dst>
      <dst id="19">3557.6622</dst>
      <dst id="23">144.3200</dst>
      <dst id="8">255.5822</dst>
      <dst id="18">227359.7956</dst>
      <dst id="4">46896.1333</dst>
      <dst id="1">10936.1600</dst>
      <dst id="5">1237.5289</dst>
      <dst id="3">22625.4222</dst>
      <dst id="22">3605.3600</dst>
      <dst id="7">3193.6800</dst>
      <dst id="2">11473.1644</dst>
      <dst id="6">15.9733</dst>
      <dst id="16">3016.9156</dst>
      <dst id="14">61395.7067</dst>
      <dst id="20">444.1689</dst>
      <dst id="11">228331.7156</dst>
      <dst id="9">477.9556</dst>
      <dst id="17">21663.5289</dst>
      <dst id="21">11685.0756</dst>
      <dst id="15">134.1422</dst>
    </src>
    <src id="10">
      <dst id="12">18730.1778</dst>
      <dst id="19">1622.0711</dst>
      <dst id="8">2903.3600</dst>
      <dst id="18">5064.7378</dst>
      <dst id="1">3272.6133</dst>
      <dst id="5">1995.0578</dst>
      <dst id="3">23265.1644</dst>
      <dst id="22">14029.0400</dst>
      <dst id="7">7261.3511</dst>
      <dst id="2">46977.5378</dst>
      <dst id="6">120.5511</dst>
      <dst id="16">1134.0444</dst>
      <dst id="14">2144.0622</dst>
      <dst id="20">8017.0844</dst>
      <dst id="11">8837.0489</dst>
      <dst id="9">4186.6044</dst>
      <dst id="17">17249.2889</dst>
      <dst id="21">22474.3378</dst>
      <dst id="15">2202.0889</dst>
    </src>
    <src id="22">
      <dst id="12">21002.8622</dst>
      <dst id="13">3535.5733</dst>
      <dst id="19">199.5289</dst>
      <dst id="23">57.2000</dst>
      <dst id="8">2267.9111</dst>
      <dst id="18">730.5956</dst>
      <dst id="4">20203.6800</dst>
      <dst id="1">504.1600</dst>
      <dst id="5">10731.2089</dst>
      <dst id="3">4048.6133</dst>
      <dst id="7">626.6222</dst>
      <dst id="2">4576.0178</dst>
      <dst id="6">3.8133</dst>
      <dst id="16">4.7289</dst>
      <dst id="14">103.5111</dst>
      <dst id="11">11214.9333</dst>
      <dst id="9">1507.8844</dst>
      <dst id="17">5341.6356</dst>
      <dst id="21">2675.4844</dst>
    </src>
    <src id="7">
      <dst id="12">12672.6133</dst>
      <dst id="13">4885.7067</dst>
      <dst id="19">690.0444</dst>
      <dst id="23">996.6222</dst>
      <dst id="8">839.0667</dst>
      <dst id="18">4458.3111</dst>
      <dst id="4">30460.3289</dst>
      <dst id="1">16992.1067</dst>
      <dst id="5">2362.2489</dst>
      <dst id="3">8416.3822</dst>
      <dst id="22">7572.7556</dst>
      <dst id="7">601.1733</dst>
      <dst id="2">34123.1733</dst>
      <dst id="6">47.3067</dst>
      <dst id="16">902.0089</dst>
      <dst id="14">88.8444</dst>
      <dst id="20">796.5333</dst>
      <dst id="11">3238.2044</dst>
      <dst id="9">2061.4311</dst>
      <dst id="17">6562.9511</dst>
      <dst id="21">7377.2444</dst>
      <dst id="15">574.1156</dst>
    </src>
    <src id="2">
      <dst id="12">160575.8489</dst>
      <dst id="13">5814.7644</dst>
      <dst id="19">1273.0400</dst>
      <dst id="23">38.3289</dst>
      <dst id="8">983.1022</dst>
      <dst id="18">182276.3289</dst>
      <dst id="4">120657.9022</dst>
      <dst id="1">3414.6933</dst>
      <dst id="5">2137.5733</dst>
      <dst id="3">5938.2133</dst>
      <dst id="22">4605.9111</dst>
      <dst id="7">4399.7333</dst>
      <dst id="2">1459.3067</dst>
      <dst id="6">6671.6356</dst>
      <dst id="16">2705.8578</dst>
      <dst id="14">1212.4267</dst>
      <dst id="20">2254.7644</dst>
      <dst id="11">6981.1467</dst>
      <dst id="9">11141.2978</dst>
      <dst id="17">12769.3333</dst>
      <dst id="21">16306.4000</dst>
      <dst id="15">279.8578</dst>
    </src>
    <src id="6">
      <dst id="12">12133.4578</dst>
      <dst id="13">4.4444</dst>
      <dst id="19">5.1378</dst>
      <dst id="23">2.6667</dst>
      <dst id="18">24.0711</dst>
      <dst id="4">98.4000</dst>
      <dst id="1">71.4133</dst>
      <dst id="5">14.5511</dst>
      <dst id="3">142.1511</dst>
      <dst id="22">2.4622</dst>
      <dst id="7">18.4622</dst>
      <dst id="2">2366.0533</dst>
      <dst id="16">0.3556</dst>
      <dst id="20">11.4667</dst>
      <dst id="11">13.2622</dst>
      <dst id="9">69.6978</dst>
      <dst id="17">1614.2311</dst>
      <dst id="21">1469.8933</dst>
      <dst id="15">0.3556</dst>
    </src>
    <src id="16">
      <dst id="12">3930.2400</dst>
      <dst id="13">382.4622</dst>
      <dst id="19">5989.5467</dst>
      <dst id="23">171.2533</dst>
      <dst id="8">6892.0089</dst>
      <dst id="18">44.9333</dst>
      <dst id="4">5845.6622</dst>
      <dst id="1">16799.0844</dst>
      <dst id="5">7017.8933</dst>
      <dst id="3">1681.6000</dst>
      <dst id="7">1249.9733</dst>
      <dst id="2">1567.1556</dst>
      <dst id="6">0.8800</dst>
      <dst id="16">49.7422</dst>
      <dst id="14">424.5867</dst>
      <dst id="11">2955.9111</dst>
      <dst id="9">10177.8311</dst>
      <dst id="17">1380.5778</dst>
      <dst id="21">605.4933</dst>
    </src>
    <src id="14">
      <dst id="12">30610.4267</dst>
      <dst id="13">40.9244</dst>
      <dst id="19">11.6622</dst>
      <dst id="23">34.3644</dst>
      <dst id="8">13.7511</dst>
      <dst id="18">16.3733</dst>
      <dst id="4">3546.0089</dst>
      <dst id="1">145.1289</dst>
      <dst id="5">232.5067</dst>
      <dst id="3">131.7689</dst>
      <dst id="22">41.8578</dst>
      <dst id="7">111.7067</dst>
      <dst id="2">10571.2711</dst>
      <dst id="16">6.4444</dst>
      <dst id="20">103.8311</dst>
      <dst id="11">57.6889</dst>
      <dst id="9">3.1289</dst>
      <dst id="17">9062.2311</dst>
      <dst id="21">453.7600</dst>
    </src>
    <src id="20">
      <dst id="12">10931.5200</dst>
      <dst id="13">7454.6756</dst>
      <dst id="19">59.6089</dst>
      <dst id="23">13.3333</dst>
      <dst id="8">5652.4178</dst>
      <dst id="18">366.3911</dst>
      <dst id="4">19562.7644</dst>
      <dst id="1">170.2311</dst>
      <dst id="5">11977.1733</dst>
      <dst id="3">1886.7644</dst>
      <dst id="22">3.8044</dst>
      <dst id="7">2383.3956</dst>
      <dst id="2">4397.0222</dst>
      <dst id="16">0.5689</dst>
      <dst id="14">900.1511</dst>
      <dst id="11">6540.8356</dst>
      <dst id="9">8606.5422</dst>
      <dst id="17">4305.5378</dst>
      <dst id="21">8540.2311</dst>
    </src>
    <src id="11">
      <dst id="12">489768.1333</dst>
      <dst id="13">2372.2489</dst>
      <dst id="19">268.8267</dst>
      <dst id="23">202.8711</dst>
      <dst id="8">704.4356</dst>
      <dst id="18">750.9422</dst>
      <dst id="4">11636.8089</dst>
      <dst id="1">1317.2978</dst>
      <dst id="5">5146.3289</dst>
      <dst id="3">1086.3289</dst>
      <dst id="22">3375.5644</dst>
      <dst id="7">311.3956</dst>
      <dst id="2">176856.5600</dst>
      <dst id="16">344.6933</dst>
      <dst id="14">272.2400</dst>
      <dst id="20">1302.7644</dst>
      <dst id="11">2507.2533</dst>
      <dst id="9">1349.7333</dst>
      <dst id="17">113993.5378</dst>
      <dst id="21">3197.3778</dst>
      <dst id="15">196.2578</dst>
    </src>
    <src id="9">
      <dst id="12">505971.0044</dst>
      <dst id="13">20485.6889</dst>
      <dst id="19">198.6756</dst>
      <dst id="23">31.7867</dst>
      <dst id="8">4483.9022</dst>
      <dst id="18">2626.5956</dst>
      <dst id="4">12124.9244</dst>
      <dst id="1">10610.3467</dst>
      <dst id="5">1231.7778</dst>
      <dst id="3">1598.4889</dst>
      <dst id="22">3560.0356</dst>
      <dst id="7">366.7200</dst>
      <dst id="2">171692.5333</dst>
      <dst id="6">2.3111</dst>
      <dst id="16">1114.9689</dst>
      <dst id="14">157.3689</dst>
      <dst id="20">6766.6222</dst>
      <dst id="11">653.9289</dst>
      <dst id="9">695.1378</dst>
      <dst id="17">114198.5600</dst>
      <dst id="21">1413.9111</dst>
      <dst id="15">2025.2800</dst>
    </src>
    <src id="17">
      <dst id="12">13373.0933</dst>
      <dst id="13">9552.1867</dst>
      <dst id="19">461.1467</dst>
      <dst id="23">324.1422</dst>
      <dst id="8">224969.3067</dst>
      <dst id="18">2555.9733</dst>
      <dst id="4">58093.8311</dst>
      <dst id="1">2941.2800</dst>
      <dst id="5">289169.5289</dst>
      <dst id="3">36011.8578</dst>
      <dst id="22">19938.3200</dst>
      <dst id="7">21221.2622</dst>
      <dst id="2">27720.2578</dst>
      <dst id="6">43.8756</dst>
      <dst id="16">3295.9467</dst>
      <dst id="14">49473.8133</dst>
      <dst id="20">21236.7911</dst>
      <dst id="11">187481.5467</dst>
      <dst id="9">352528.4622</dst>
      <dst id="17">1596.0444</dst>
      <dst id="21">20539.7422</dst>
      <dst id="15">227.9644</dst>
    </src>
    <src id="21">
      <dst id="12">23542.8267</dst>
      <dst id="13">1902.7289</dst>
      <dst id="19">791.4222</dst>
      <dst id="23">580.0800</dst>
      <dst id="8">272.1244</dst>
      <dst id="18">9164.9956</dst>
      <dst id="4">43924.8444</dst>
      <dst id="1">1412.7289</dst>
      <dst id="5">1251.8044</dst>
      <dst id="3">4865.3956</dst>
      <dst id="22">2250.6133</dst>
      <dst id="7">2721.9467</dst>
      <dst id="2">12737.1022</dst>
      <dst id="6">92.6489</dst>
      <dst id="16">539.0844</dst>
      <dst id="14">257.2356</dst>
      <dst id="20">1385.1467</dst>
      <dst id="11">1296.2133</dst>
      <dst id="9">1569.4933</dst>
      <dst id="17">6326.0000</dst>
      <dst id="21">4250.4622</dst>
      <dst id="15">1219.0400</dst>
    </src>
    <src id="15">
      <dst id="12">526.6578</dst>
      <dst id="13">2205.2533</dst>
      <dst id="19">0.4267</dst>
      <dst id="23">13.9733</dst>
      <dst id="8">335.2267</dst>
      <dst id="18">27.7956</dst>
      <dst id="4">5293.3689</dst>
      <dst id="1">168.0978</dst>
      <dst id="5">508.4622</dst>
      <dst id="3">776.7467</dst>
      <dst id="7">113.4044</dst>
      <dst id="2">906.0444</dst>
      <dst id="6">1.6356</dst>
      <dst id="14">0.8533</dst>
      <dst id="11">1000.4444</dst>
      <dst id="9">6845.8756</dst>
      <dst id="17">234.6311</dst>
      <dst id="21">279.8667</dst>
    </src>
  </IntraTM>
</TrafficMatrixFile>
