<?xml version="1.0" encoding="UTF-8" standalone="yes"?>
<TrafficMatrixFile xmlns:xsi="http://www.w3.org/2001/XMLSchema-instance" xsi:noNamespaceSchemaLocation="http://totem.run.montefiore.ulg.ac.be/Schema/TrafficMatrix-v1_2.xsd">
  <info>
    <title>Intradomain traffic matrix generated by geant-TM-all.pl</title>
    <date>2005-01-05T14:15:00</date>
    <duration>900</duration>
    <author>Steve Uhlig</author>
    <units>
        <unit type="bandwidth" value="kbps"/>
    </units>
  </info>
  <IntraTM ASID="20965">
    <src id="12">
      <dst id="12">199982.5244</dst>
      <dst id="13">10730.9956</dst>
      <dst id="19">4838.3378</dst>
      <dst id="23">8.8356</dst>
      <dst id="8">321.4044</dst>
      <dst id="18">787.2000</dst>
      <dst id="4">83994.8622</dst>
      <dst id="1">16370.4978</dst>
      <dst id="5">2858.0533</dst>
      <dst id="3">1548.1067</dst>
      <dst id="22">18511.9467</dst>
      <dst id="7">7574.2044</dst>
      <dst id="2">61551.9111</dst>
      <dst id="6">1.6711</dst>
      <dst id="16">11695.6622</dst>
      <dst id="14">266.8978</dst>
      <dst id="20">10841.3956</dst>
      <dst id="11">7334.5867</dst>
      <dst id="9">2631.0222</dst>
      <dst id="17">64045.8933</dst>
      <dst id="21">999.7067</dst>
      <dst id="15">439.5111</dst>
    </src>
    <src id="13">
      <dst id="12">31761.7867</dst>
      <dst id="19">4228.8622</dst>
      <dst id="23">5.9556</dst>
      <dst id="8">1234.9600</dst>
      <dst id="18">2559.6356</dst>
      <dst id="4">2.9511</dst>
      <dst id="1">1958.2044</dst>
      <dst id="5">2754.4356</dst>
      <dst id="3">20463.2622</dst>
      <dst id="22">16556.5067</dst>
      <dst id="7">14925.7689</dst>
      <dst id="2">56566.5156</dst>
      <dst id="6">143.6089</dst>
      <dst id="16">3781.9200</dst>
      <dst id="14">1938.3111</dst>
      <dst id="20">2773.9289</dst>
      <dst id="11">8033.6978</dst>
      <dst id="9">10594.5244</dst>
      <dst id="17">36815.1022</dst>
      <dst id="21">15267.2356</dst>
      <dst id="15">1101.7067</dst>
    </src>
    <src id="19">
      <dst id="12">11988.9689</dst>
      <dst id="13">948.7822</dst>
      <dst id="8">0.7111</dst>
      <dst id="18">1.9733</dst>
      <dst id="4">17784.5867</dst>
      <dst id="1">235.4311</dst>
      <dst id="5">6.5956</dst>
      <dst id="3">13.5200</dst>
      <dst id="22">7.8756</dst>
      <dst id="7">3653.4133</dst>
      <dst id="2">115.4844</dst>
      <dst id="6">50.8089</dst>
      <dst id="16">8913.4044</dst>
      <dst id="14">15.4489</dst>
      <dst id="20">2.6844</dst>
      <dst id="11">17.6533</dst>
      <dst id="9">0.9689</dst>
      <dst id="17">232.9244</dst>
      <dst id="21">105.1644</dst>
      <dst id="15">29.2978</dst>
    </src>
    <src id="23">
      <dst id="12">269.0311</dst>
      <dst id="13">43.5378</dst>
      <dst id="19">2.2756</dst>
      <dst id="18">54.3200</dst>
      <dst id="4">81.7689</dst>
      <dst id="1">91.8489</dst>
      <dst id="3">200.7556</dst>
      <dst id="22">22.0356</dst>
      <dst id="7">57.1556</dst>
      <dst id="2">23.1289</dst>
      <dst id="6">1.4756</dst>
      <dst id="16">4.9956</dst>
      <dst id="14">40.0000</dst>
      <dst id="11">21.7156</dst>
      <dst id="9">1070.0800</dst>
      <dst id="17">16.6578</dst>
      <dst id="21">13.0844</dst>
    </src>
    <src id="8">
      <dst id="12">244419.0489</dst>
      <dst id="13">355.0400</dst>
      <dst id="18">0.4622</dst>
      <dst id="4">2433.8222</dst>
      <dst id="1">363.9822</dst>
      <dst id="5">1287.3689</dst>
      <dst id="3">0.4178</dst>
      <dst id="22">543.2800</dst>
      <dst id="7">84.4889</dst>
      <dst id="2">89906.1956</dst>
      <dst id="16">3729.7067</dst>
      <dst id="20">163.7422</dst>
      <dst id="11">350.4622</dst>
      <dst id="9">175.0133</dst>
      <dst id="17">82785.6000</dst>
      <dst id="21">53.4756</dst>
      <dst id="15">40.4444</dst>
    </src>
    <src id="18">
      <dst id="12">91618.9333</dst>
      <dst id="13">196.2667</dst>
      <dst id="23">2.4533</dst>
      <dst id="8">0.7911</dst>
      <dst id="4">1371.6800</dst>
      <dst id="1">1556.4089</dst>
      <dst id="5">135.9289</dst>
      <dst id="3">34.3467</dst>
      <dst id="22">46.3733</dst>
      <dst id="7">9.7244</dst>
      <dst id="2">23073.1289</dst>
      <dst id="16">27.8222</dst>
      <dst id="14">29.6178</dst>
      <dst id="20">40.4622</dst>
      <dst id="11">6.2400</dst>
      <dst id="9">29.6267</dst>
      <dst id="17">34547.3333</dst>
      <dst id="21">13.5467</dst>
      <dst id="15">2.9156</dst>
    </src>
    <src id="4">
      <dst id="12">9733.5022</dst>
      <dst id="19">14891.5111</dst>
      <dst id="23">1.8489</dst>
      <dst id="8">391.7867</dst>
      <dst id="18">455.1733</dst>
      <dst id="4">1.7778</dst>
      <dst id="1">24270.4889</dst>
      <dst id="5">971.5644</dst>
      <dst id="3">117.3422</dst>
      <dst id="22">2204.5067</dst>
      <dst id="7">28503.6978</dst>
      <dst id="2">60220.6044</dst>
      <dst id="6">77.6178</dst>
      <dst id="16">916.6667</dst>
      <dst id="14">798.9956</dst>
      <dst id="20">449.7067</dst>
      <dst id="11">2076.0800</dst>
      <dst id="9">2780.5867</dst>
      <dst id="17">14528.8444</dst>
      <dst id="21">3967.7511</dst>
      <dst id="15">236.8178</dst>
    </src>
    <src id="1">
      <dst id="12">17811.7067</dst>
      <dst id="13">8770.8978</dst>
      <dst id="19">51.4400</dst>
      <dst id="23">53.3689</dst>
      <dst id="8">47928.6044</dst>
      <dst id="18">12425.9644</dst>
      <dst id="4">8512.8444</dst>
      <dst id="1">3992.5067</dst>
      <dst id="5">122567.5289</dst>
      <dst id="3">1991.7867</dst>
      <dst id="22">1898.4711</dst>
      <dst id="7">26088.8356</dst>
      <dst id="2">5401.5022</dst>
      <dst id="6">3048.0978</dst>
      <dst id="16">14976.6222</dst>
      <dst id="14">61.9022</dst>
      <dst id="20">2308.0622</dst>
      <dst id="11">207.1467</dst>
      <dst id="9">131989.8489</dst>
      <dst id="17">3468.7111</dst>
      <dst id="21">3994.9333</dst>
      <dst id="15">194.0889</dst>
    </src>
    <src id="5">
      <dst id="12">246029.6622</dst>
      <dst id="13">518.5867</dst>
      <dst id="19">52.2667</dst>
      <dst id="8">287.4933</dst>
      <dst id="18">389.6089</dst>
      <dst id="4">4964.7378</dst>
      <dst id="1">485.5556</dst>
      <dst id="3">2.8444</dst>
      <dst id="22">1910.5689</dst>
      <dst id="7">314.3911</dst>
      <dst id="2">83828.6311</dst>
      <dst id="6">0.4267</dst>
      <dst id="16">190.9778</dst>
      <dst id="14">132.3822</dst>
      <dst id="20">73.5289</dst>
      <dst id="11">289.8578</dst>
      <dst id="9">454.9956</dst>
      <dst id="17">83160.6044</dst>
      <dst id="21">60.0800</dst>
      <dst id="15">104.6133</dst>
    </src>
    <src id="3">
      <dst id="12">12782.8267</dst>
      <dst id="13">6736.3644</dst>
      <dst id="19">1362.8000</dst>
      <dst id="23">7478.3289</dst>
      <dst id="8">2.8533</dst>
      <dst id="18">40336.7289</dst>
      <dst id="4">18466.9600</dst>
      <dst id="1">4501.5467</dst>
      <dst id="5">288.1867</dst>
      <dst id="3">6659.8222</dst>
      <dst id="22">1987.6889</dst>
      <dst id="7">2949.6800</dst>
      <dst id="2">18808.7733</dst>
      <dst id="6">0.4978</dst>
      <dst id="16">1185.8844</dst>
      <dst id="14">24484.2400</dst>
      <dst id="20">565.3333</dst>
      <dst id="11">83689.7511</dst>
      <dst id="9">174.1156</dst>
      <dst id="17">12400.2844</dst>
      <dst id="21">15056.7111</dst>
      <dst id="15">301.6889</dst>
    </src>
    <src id="10">
      <dst id="12">13517.5289</dst>
      <dst id="19">2763.3244</dst>
      <dst id="8">201.4311</dst>
      <dst id="18">4067.1289</dst>
      <dst id="4">1.4222</dst>
      <dst id="1">3228.6489</dst>
      <dst id="5">363.3956</dst>
      <dst id="3">3639.5911</dst>
      <dst id="22">2322.4000</dst>
      <dst id="7">15570.7378</dst>
      <dst id="2">12347.6356</dst>
      <dst id="6">0.6044</dst>
      <dst id="16">2901.1644</dst>
      <dst id="14">1187.4933</dst>
      <dst id="20">232.1867</dst>
      <dst id="11">5219.4133</dst>
      <dst id="9">964.8000</dst>
      <dst id="17">16319.2889</dst>
      <dst id="21">13379.1556</dst>
      <dst id="15">433.8133</dst>
    </src>
    <src id="22">
      <dst id="12">7863.5733</dst>
      <dst id="13">973.0044</dst>
      <dst id="19">162.4889</dst>
      <dst id="23">5.8667</dst>
      <dst id="8">194.5511</dst>
      <dst id="18">255.0133</dst>
      <dst id="4">22385.7511</dst>
      <dst id="1">2516.5067</dst>
      <dst id="5">1361.9467</dst>
      <dst id="3">570.0444</dst>
      <dst id="7">2311.2800</dst>
      <dst id="2">3991.3067</dst>
      <dst id="6">1136.4622</dst>
      <dst id="16">0.4622</dst>
      <dst id="14">8.0267</dst>
      <dst id="11">264.1333</dst>
      <dst id="9">727.2356</dst>
      <dst id="17">734.8178</dst>
      <dst id="21">400.8711</dst>
    </src>
    <src id="7">
      <dst id="12">3021.6622</dst>
      <dst id="13">197.8933</dst>
      <dst id="19">82.8267</dst>
      <dst id="23">105.6889</dst>
      <dst id="8">51.3067</dst>
      <dst id="18">323.4578</dst>
      <dst id="4">14112.8978</dst>
      <dst id="1">1563.5111</dst>
      <dst id="5">1181.1200</dst>
      <dst id="3">316.9867</dst>
      <dst id="22">4800.8267</dst>
      <dst id="7">690.0178</dst>
      <dst id="2">3954.7111</dst>
      <dst id="6">14.1956</dst>
      <dst id="16">567.5733</dst>
      <dst id="14">70.4622</dst>
      <dst id="20">208.3556</dst>
      <dst id="11">333.1733</dst>
      <dst id="9">470.0356</dst>
      <dst id="17">13262.2222</dst>
      <dst id="21">875.5644</dst>
      <dst id="15">146.2222</dst>
    </src>
    <src id="2">
      <dst id="12">68070.6844</dst>
      <dst id="13">507431.1644</dst>
      <dst id="19">45.3244</dst>
      <dst id="23">3.0933</dst>
      <dst id="8">173.4756</dst>
      <dst id="18">27038.1156</dst>
      <dst id="4">80630.2311</dst>
      <dst id="1">13195.9289</dst>
      <dst id="5">3219.3956</dst>
      <dst id="3">19.0133</dst>
      <dst id="22">8029.4400</dst>
      <dst id="7">11876.5689</dst>
      <dst id="2">442.6489</dst>
      <dst id="6">5639.6800</dst>
      <dst id="16">2011.8400</dst>
      <dst id="14">5340.6844</dst>
      <dst id="20">142.9600</dst>
      <dst id="11">1063.9467</dst>
      <dst id="9">470.6400</dst>
      <dst id="17">15408.5956</dst>
      <dst id="21">3916.3378</dst>
      <dst id="15">1424.5956</dst>
    </src>
    <src id="6">
      <dst id="12">6780.2133</dst>
      <dst id="13">2.3733</dst>
      <dst id="19">1.2800</dst>
      <dst id="4">1233.1467</dst>
      <dst id="1">0.5244</dst>
      <dst id="22">24.4356</dst>
      <dst id="7">2.2844</dst>
      <dst id="2">1322.1422</dst>
      <dst id="16">39.4667</dst>
      <dst id="11">1.4578</dst>
      <dst id="9">0.8622</dst>
      <dst id="17">1007.1644</dst>
      <dst id="21">8.4089</dst>
    </src>
    <src id="16">
      <dst id="12">3447.5378</dst>
      <dst id="13">224.6844</dst>
      <dst id="19">3991.2178</dst>
      <dst id="23">4.3378</dst>
      <dst id="8">1546.1511</dst>
      <dst id="18">5.1022</dst>
      <dst id="4">4280.8267</dst>
      <dst id="1">22412.2844</dst>
      <dst id="5">1190.1867</dst>
      <dst id="3">0.9600</dst>
      <dst id="7">1236.0622</dst>
      <dst id="2">128.1511</dst>
      <dst id="6">0.7111</dst>
      <dst id="16">27.5200</dst>
      <dst id="14">255.9289</dst>
      <dst id="11">293.4756</dst>
      <dst id="9">4096.4356</dst>
      <dst id="17">1648.7556</dst>
      <dst id="21">1787.3511</dst>
    </src>
    <src id="14">
      <dst id="12">22575.8311</dst>
      <dst id="13">27.5200</dst>
      <dst id="19">9.2622</dst>
      <dst id="23">0.9244</dst>
      <dst id="18">2.3111</dst>
      <dst id="4">2513.0933</dst>
      <dst id="1">276.6844</dst>
      <dst id="5">13.6889</dst>
      <dst id="3">41.5911</dst>
      <dst id="22">14.8000</dst>
      <dst id="7">65.4933</dst>
      <dst id="2">5330.5422</dst>
      <dst id="16">1028.8356</dst>
      <dst id="20">1.0311</dst>
      <dst id="11">12.4978</dst>
      <dst id="9">26.7111</dst>
      <dst id="17">7921.5111</dst>
      <dst id="21">28.7733</dst>
    </src>
    <src id="20">
      <dst id="12">2473.9467</dst>
      <dst id="13">1158.7289</dst>
      <dst id="19">5.6533</dst>
      <dst id="23">1.8222</dst>
      <dst id="8">69.3689</dst>
      <dst id="18">2.2133</dst>
      <dst id="4">3820.8267</dst>
      <dst id="1">146.1600</dst>
      <dst id="5">339.1556</dst>
      <dst id="3">1682.6489</dst>
      <dst id="7">378.3289</dst>
      <dst id="2">184.5600</dst>
      <dst id="6">0.3556</dst>
      <dst id="14">66.6667</dst>
      <dst id="11">117.6889</dst>
      <dst id="9">338.8978</dst>
      <dst id="17">1459.9644</dst>
      <dst id="21">212.5333</dst>
    </src>
    <src id="11">
      <dst id="12">341059.6533</dst>
      <dst id="13">576.3378</dst>
      <dst id="19">5.8578</dst>
      <dst id="23">7.8578</dst>
      <dst id="8">154.9778</dst>
      <dst id="18">65.2889</dst>
      <dst id="4">11824.5511</dst>
      <dst id="1">932.7200</dst>
      <dst id="5">319.9911</dst>
      <dst id="3">659.1467</dst>
      <dst id="22">906.4622</dst>
      <dst id="7">1270.8533</dst>
      <dst id="2">118550.1333</dst>
      <dst id="6">13.1556</dst>
      <dst id="16">62.6578</dst>
      <dst id="14">34.9333</dst>
      <dst id="20">113.9644</dst>
      <dst id="11">2222.4889</dst>
      <dst id="9">147.6267</dst>
      <dst id="17">137378.2311</dst>
      <dst id="21">1137.7333</dst>
      <dst id="15">116.0000</dst>
    </src>
    <src id="9">
      <dst id="12">408514.5956</dst>
      <dst id="13">669.6711</dst>
      <dst id="19">0.3467</dst>
      <dst id="23">31.7778</dst>
      <dst id="8">110.2844</dst>
      <dst id="18">227.4489</dst>
      <dst id="4">6304.1067</dst>
      <dst id="1">628.3467</dst>
      <dst id="5">694.5956</dst>
      <dst id="3">13.2267</dst>
      <dst id="22">372.9511</dst>
      <dst id="7">413.0578</dst>
      <dst id="2">130489.0578</dst>
      <dst id="16">222.3556</dst>
      <dst id="14">14.4089</dst>
      <dst id="20">1035.4044</dst>
      <dst id="11">548.6933</dst>
      <dst id="9">100.3822</dst>
      <dst id="17">134426.2400</dst>
      <dst id="21">96.4800</dst>
      <dst id="15">519.7689</dst>
    </src>
    <src id="17">
      <dst id="12">3696.4533</dst>
      <dst id="13">3225.4844</dst>
      <dst id="19">414.5778</dst>
      <dst id="23">0.9333</dst>
      <dst id="8">53953.0578</dst>
      <dst id="18">5330.9956</dst>
      <dst id="4">89469.2533</dst>
      <dst id="1">3208.1778</dst>
      <dst id="5">119820.2222</dst>
      <dst id="3">4627.9289</dst>
      <dst id="22">1591.0667</dst>
      <dst id="7">4281.8044</dst>
      <dst id="2">5093.7156</dst>
      <dst id="6">141.6622</dst>
      <dst id="16">3289.5378</dst>
      <dst id="14">17554.7733</dst>
      <dst id="20">237.4844</dst>
      <dst id="11">61622.0978</dst>
      <dst id="9">116716.3644</dst>
      <dst id="17">1222.5778</dst>
      <dst id="21">3488.6222</dst>
      <dst id="15">51.3867</dst>
    </src>
    <src id="21">
      <dst id="12">10504.5867</dst>
      <dst id="13">3077.9911</dst>
      <dst id="19">278.9600</dst>
      <dst id="23">3.2267</dst>
      <dst id="8">100.4089</dst>
      <dst id="18">280.1422</dst>
      <dst id="4">15982.8622</dst>
      <dst id="1">2008.0178</dst>
      <dst id="5">160.5689</dst>
      <dst id="3">7037.3511</dst>
      <dst id="22">2899.1200</dst>
      <dst id="7">5038.0800</dst>
      <dst id="2">15194.6400</dst>
      <dst id="16">141.3778</dst>
      <dst id="14">76.7556</dst>
      <dst id="20">2718.9067</dst>
      <dst id="11">1784.9867</dst>
      <dst id="9">806.8533</dst>
      <dst id="17">3586.1867</dst>
      <dst id="21">369.2267</dst>
      <dst id="15">3.2533</dst>
    </src>
    <src id="15">
      <dst id="12">52.1333</dst>
      <dst id="13">167.1822</dst>
      <dst id="19">2.9244</dst>
      <dst id="8">78.6489</dst>
      <dst id="18">14.9422</dst>
      <dst id="4">2043.1911</dst>
      <dst id="1">828.2933</dst>
      <dst id="5">126.4178</dst>
      <dst id="7">941.6000</dst>
      <dst id="2">3169.6267</dst>
      <dst id="14">1.1911</dst>
      <dst id="11">75.7422</dst>
      <dst id="9">107.2178</dst>
      <dst id="17">687.2178</dst>
      <dst id="21">84.5956</dst>
    </src>
  </IntraTM>
</TrafficMatrixFile>
