<?xml version="1.0" encoding="UTF-8" standalone="yes"?>
<TrafficMatrixFile xmlns:xsi="http://www.w3.org/2001/XMLSchema-instance" xsi:noNamespaceSchemaLocation="http://totem.run.montefiore.ulg.ac.be/Schema/TrafficMatrix-v1_2.xsd">
  <info>
    <title>Intradomain traffic matrix generated by geant-TM-all.pl</title>
    <date>2005-01-02T15:45:00</date>
    <duration>900</duration>
    <author>Steve Uhlig</author>
    <units>
        <unit type="bandwidth" value="kbps"/>
    </units>
  </info>
  <IntraTM ASID="20965">
    <src id="12">
      <dst id="12">261936.4711</dst>
      <dst id="13">15426.0800</dst>
      <dst id="19">3125.9467</dst>
      <dst id="23">109.1289</dst>
      <dst id="8">1238.4800</dst>
      <dst id="18">654.1333</dst>
      <dst id="4">90135.4578</dst>
      <dst id="1">7159.5822</dst>
      <dst id="5">3533.8667</dst>
      <dst id="3">5102.1778</dst>
      <dst id="22">5811.4489</dst>
      <dst id="7">1279.7956</dst>
      <dst id="2">59639.9022</dst>
      <dst id="6">22.1867</dst>
      <dst id="16">5557.4133</dst>
      <dst id="14">162.7200</dst>
      <dst id="20">829.6622</dst>
      <dst id="11">7783.3600</dst>
      <dst id="9">2489.1733</dst>
      <dst id="17">64532.9511</dst>
      <dst id="21">10831.7511</dst>
      <dst id="15">1111.3511</dst>
    </src>
    <src id="13">
      <dst id="12">48990.1067</dst>
      <dst id="19">3349.1289</dst>
      <dst id="23">3.8400</dst>
      <dst id="8">2936.7022</dst>
      <dst id="18">2244.4622</dst>
      <dst id="4">0.3556</dst>
      <dst id="1">5530.1956</dst>
      <dst id="5">7444.5244</dst>
      <dst id="3">5145.9022</dst>
      <dst id="22">26816.4889</dst>
      <dst id="7">6943.4844</dst>
      <dst id="2">51935.3067</dst>
      <dst id="6">39.2889</dst>
      <dst id="16">6905.8133</dst>
      <dst id="14">1091.5378</dst>
      <dst id="20">14715.2711</dst>
      <dst id="11">16769.9644</dst>
      <dst id="9">18847.2978</dst>
      <dst id="17">36060.6844</dst>
      <dst id="21">10531.1111</dst>
      <dst id="15">4715.2889</dst>
    </src>
    <src id="19">
      <dst id="12">15673.1467</dst>
      <dst id="13">250.9422</dst>
      <dst id="23">0.8533</dst>
      <dst id="8">2786.5600</dst>
      <dst id="18">1.1200</dst>
      <dst id="4">19470.7200</dst>
      <dst id="1">191.0578</dst>
      <dst id="5">69.8133</dst>
      <dst id="3">27.2000</dst>
      <dst id="22">9.2178</dst>
      <dst id="7">4445.2000</dst>
      <dst id="2">5107.1556</dst>
      <dst id="6">128.4267</dst>
      <dst id="16">11513.8311</dst>
      <dst id="20">16.2044</dst>
      <dst id="11">36.2844</dst>
      <dst id="9">5.3867</dst>
      <dst id="17">242.9600</dst>
      <dst id="21">360.9067</dst>
      <dst id="15">265.8933</dst>
    </src>
    <src id="23">
      <dst id="12">1170.1511</dst>
      <dst id="13">30.9511</dst>
      <dst id="19">13.8044</dst>
      <dst id="8">34.2400</dst>
      <dst id="18">66.6667</dst>
      <dst id="4">11.0400</dst>
      <dst id="1">40.5333</dst>
      <dst id="5">138.8444</dst>
      <dst id="3">137.9467</dst>
      <dst id="22">834.8533</dst>
      <dst id="7">2019.4311</dst>
      <dst id="2">17.9822</dst>
      <dst id="6">1.6356</dst>
      <dst id="16">455.9822</dst>
      <dst id="14">14.8000</dst>
      <dst id="20">89.7067</dst>
      <dst id="11">207.2889</dst>
      <dst id="9">264.8178</dst>
      <dst id="17">263.0667</dst>
      <dst id="21">444.0533</dst>
    </src>
    <src id="8">
      <dst id="12">252075.6444</dst>
      <dst id="13">413.9556</dst>
      <dst id="19">62.2489</dst>
      <dst id="23">117.5111</dst>
      <dst id="18">284.1600</dst>
      <dst id="4">4480.5689</dst>
      <dst id="1">172.6222</dst>
      <dst id="5">1083.7600</dst>
      <dst id="3">24.1956</dst>
      <dst id="22">1087.4667</dst>
      <dst id="7">113.8489</dst>
      <dst id="2">89229.2089</dst>
      <dst id="6">13.2622</dst>
      <dst id="16">414.6133</dst>
      <dst id="20">3090.3644</dst>
      <dst id="11">863.7778</dst>
      <dst id="9">504.1511</dst>
      <dst id="17">88891.3244</dst>
      <dst id="21">524.9689</dst>
      <dst id="15">3.9289</dst>
    </src>
    <src id="18">
      <dst id="12">95784.9867</dst>
      <dst id="13">168.7378</dst>
      <dst id="19">13.8044</dst>
      <dst id="23">2.4533</dst>
      <dst id="8">395.3511</dst>
      <dst id="4">2220.2756</dst>
      <dst id="1">708.2844</dst>
      <dst id="5">528.6044</dst>
      <dst id="3">76.4178</dst>
      <dst id="22">209.9556</dst>
      <dst id="7">97.2800</dst>
      <dst id="2">29626.5689</dst>
      <dst id="16">11.4133</dst>
      <dst id="20">7.6800</dst>
      <dst id="11">146.5422</dst>
      <dst id="9">102.7644</dst>
      <dst id="17">35545.4489</dst>
      <dst id="21">166.4178</dst>
      <dst id="15">0.5867</dst>
    </src>
    <src id="4">
      <dst id="12">13250.9600</dst>
      <dst id="19">4664.2222</dst>
      <dst id="8">450.1156</dst>
      <dst id="18">941.9822</dst>
      <dst id="4">2.7289</dst>
      <dst id="1">21609.3156</dst>
      <dst id="5">2429.0578</dst>
      <dst id="3">105.7689</dst>
      <dst id="22">3687.0667</dst>
      <dst id="7">47383.7067</dst>
      <dst id="2">52488.9600</dst>
      <dst id="16">704.4089</dst>
      <dst id="14">714.2044</dst>
      <dst id="20">1156.7822</dst>
      <dst id="11">6787.4044</dst>
      <dst id="9">3591.9289</dst>
      <dst id="17">98680.6222</dst>
      <dst id="21">4184.7289</dst>
      <dst id="15">4372.9867</dst>
    </src>
    <src id="1">
      <dst id="12">18629.7067</dst>
      <dst id="13">285.0133</dst>
      <dst id="19">12.9778</dst>
      <dst id="23">83.8222</dst>
      <dst id="8">86727.8489</dst>
      <dst id="18">13154.1333</dst>
      <dst id="4">6919.6622</dst>
      <dst id="1">18230.8533</dst>
      <dst id="5">198639.2622</dst>
      <dst id="3">260.9689</dst>
      <dst id="22">414.6578</dst>
      <dst id="7">1132.9600</dst>
      <dst id="2">2349.1911</dst>
      <dst id="6">4548.3467</dst>
      <dst id="16">18918.0178</dst>
      <dst id="14">100.6400</dst>
      <dst id="20">171.4222</dst>
      <dst id="11">302.1511</dst>
      <dst id="9">255654.8267</dst>
      <dst id="17">6811.6978</dst>
      <dst id="21">2411.0667</dst>
      <dst id="15">120.8267</dst>
    </src>
    <src id="5">
      <dst id="12">210700.5778</dst>
      <dst id="13">507.0133</dst>
      <dst id="19">29.2356</dst>
      <dst id="23">2.8711</dst>
      <dst id="8">676.7289</dst>
      <dst id="18">105.9200</dst>
      <dst id="4">5333.2978</dst>
      <dst id="1">313.3511</dst>
      <dst id="3">207.9022</dst>
      <dst id="22">2777.1644</dst>
      <dst id="7">101.1022</dst>
      <dst id="2">91809.0844</dst>
      <dst id="6">13.7511</dst>
      <dst id="16">702.8356</dst>
      <dst id="14">5.1733</dst>
      <dst id="20">741.3333</dst>
      <dst id="11">577.3422</dst>
      <dst id="9">622.1333</dst>
      <dst id="17">76868.2044</dst>
      <dst id="21">500.8000</dst>
      <dst id="15">105.5111</dst>
    </src>
    <src id="3">
      <dst id="12">9360.2311</dst>
      <dst id="13">918.9333</dst>
      <dst id="19">1078.6311</dst>
      <dst id="23">0.8533</dst>
      <dst id="8">71.5200</dst>
      <dst id="18">51467.3156</dst>
      <dst id="4">18684.4267</dst>
      <dst id="1">5180.1067</dst>
      <dst id="5">590.2933</dst>
      <dst id="3">9093.6533</dst>
      <dst id="22">913.1911</dst>
      <dst id="7">1391.5289</dst>
      <dst id="2">3670.7378</dst>
      <dst id="6">0.3378</dst>
      <dst id="16">1783.3511</dst>
      <dst id="14">30918.0711</dst>
      <dst id="20">76.0178</dst>
      <dst id="11">138090.5156</dst>
      <dst id="9">463.1111</dst>
      <dst id="17">5610.2044</dst>
      <dst id="21">8461.3067</dst>
      <dst id="15">153.9200</dst>
    </src>
    <src id="10">
      <dst id="12">8193.3156</dst>
      <dst id="19">3265.8933</dst>
      <dst id="8">409.0756</dst>
      <dst id="18">448.0356</dst>
      <dst id="4">1.4222</dst>
      <dst id="1">1884.4622</dst>
      <dst id="5">1479.5289</dst>
      <dst id="3">24830.5867</dst>
      <dst id="22">2209.2533</dst>
      <dst id="7">15329.4578</dst>
      <dst id="2">33899.8133</dst>
      <dst id="6">27.1200</dst>
      <dst id="16">4948.9156</dst>
      <dst id="14">376.7200</dst>
      <dst id="20">2311.5822</dst>
      <dst id="11">8614.3289</dst>
      <dst id="9">2031.2889</dst>
      <dst id="17">16391.8756</dst>
      <dst id="21">10973.5822</dst>
      <dst id="15">763.6533</dst>
    </src>
    <src id="22">
      <dst id="12">11020.6756</dst>
      <dst id="13">2687.9022</dst>
      <dst id="19">134.8533</dst>
      <dst id="23">17.6978</dst>
      <dst id="8">1286.7378</dst>
      <dst id="18">719.5733</dst>
      <dst id="4">22465.9289</dst>
      <dst id="1">413.1556</dst>
      <dst id="5">3058.1689</dst>
      <dst id="3">308.7556</dst>
      <dst id="7">415.6533</dst>
      <dst id="2">1546.2933</dst>
      <dst id="6">1.7956</dst>
      <dst id="16">2.6044</dst>
      <dst id="14">54.2311</dst>
      <dst id="11">3130.5867</dst>
      <dst id="9">1368.7733</dst>
      <dst id="17">2949.0489</dst>
      <dst id="21">534.0533</dst>
    </src>
    <src id="7">
      <dst id="12">3105.9111</dst>
      <dst id="13">96.4978</dst>
      <dst id="19">488.0889</dst>
      <dst id="23">47.4933</dst>
      <dst id="8">419.8044</dst>
      <dst id="18">202.4800</dst>
      <dst id="4">19887.6000</dst>
      <dst id="1">2059.0578</dst>
      <dst id="5">545.7333</dst>
      <dst id="3">105.3156</dst>
      <dst id="22">3133.0667</dst>
      <dst id="7">832.6044</dst>
      <dst id="2">4962.7022</dst>
      <dst id="16">4645.2622</dst>
      <dst id="14">131.9022</dst>
      <dst id="20">978.7200</dst>
      <dst id="11">731.3156</dst>
      <dst id="9">792.0178</dst>
      <dst id="17">5792.3911</dst>
      <dst id="21">2929.6889</dst>
      <dst id="15">219.8222</dst>
    </src>
    <src id="2">
      <dst id="12">108273.5733</dst>
      <dst id="13">1999.6622</dst>
      <dst id="19">9775.1022</dst>
      <dst id="23">13.0844</dst>
      <dst id="8">1715.7422</dst>
      <dst id="18">39628.1956</dst>
      <dst id="4">80087.1200</dst>
      <dst id="1">4195.2089</dst>
      <dst id="5">684.0711</dst>
      <dst id="3">99.1556</dst>
      <dst id="22">2071.1556</dst>
      <dst id="7">3525.4044</dst>
      <dst id="2">935.2622</dst>
      <dst id="6">5602.3644</dst>
      <dst id="16">8984.8000</dst>
      <dst id="14">5082.8444</dst>
      <dst id="20">4476.2400</dst>
      <dst id="11">3519.7867</dst>
      <dst id="9">2201.7156</dst>
      <dst id="17">19922.8978</dst>
      <dst id="21">3698.3822</dst>
      <dst id="15">205.1111</dst>
    </src>
    <src id="6">
      <dst id="12">8240.6311</dst>
      <dst id="13">1.9644</dst>
      <dst id="19">203.4933</dst>
      <dst id="4">58.2133</dst>
      <dst id="1">2.2044</dst>
      <dst id="5">2.1422</dst>
      <dst id="22">15.9200</dst>
      <dst id="2">1626.7022</dst>
      <dst id="16">0.4622</dst>
      <dst id="20">0.3556</dst>
      <dst id="11">1.8222</dst>
      <dst id="9">36.0000</dst>
      <dst id="17">1714.4622</dst>
      <dst id="21">46.3289</dst>
      <dst id="15">1.6000</dst>
    </src>
    <src id="16">
      <dst id="12">1497.9289</dst>
      <dst id="13">867.6267</dst>
      <dst id="19">4826.4444</dst>
      <dst id="23">16.2667</dst>
      <dst id="8">3345.3422</dst>
      <dst id="18">3.0044</dst>
      <dst id="4">7315.8311</dst>
      <dst id="1">23135.2533</dst>
      <dst id="5">11268.6400</dst>
      <dst id="3">7.1378</dst>
      <dst id="7">2743.3778</dst>
      <dst id="2">744.3378</dst>
      <dst id="6">1.6711</dst>
      <dst id="16">30.8711</dst>
      <dst id="14">151.0578</dst>
      <dst id="11">261.9289</dst>
      <dst id="9">10586.7200</dst>
      <dst id="17">1392.3289</dst>
      <dst id="21">87.7156</dst>
    </src>
    <src id="14">
      <dst id="12">14166.4267</dst>
      <dst id="13">20.0267</dst>
      <dst id="19">6.7200</dst>
      <dst id="23">0.4622</dst>
      <dst id="4">2150.4267</dst>
      <dst id="1">58.2933</dst>
      <dst id="5">30.3022</dst>
      <dst id="3">39.7333</dst>
      <dst id="22">4.9956</dst>
      <dst id="7">45.1467</dst>
      <dst id="2">4950.6667</dst>
      <dst id="16">284.7556</dst>
      <dst id="20">12.6222</dst>
      <dst id="11">38.4178</dst>
      <dst id="9">4.5422</dst>
      <dst id="17">5261.1822</dst>
      <dst id="21">76.2222</dst>
      <dst id="15">55.8933</dst>
    </src>
    <src id="20">
      <dst id="12">2718.0800</dst>
      <dst id="13">251.7600</dst>
      <dst id="19">15.6711</dst>
      <dst id="23">0.8178</dst>
      <dst id="8">362.6933</dst>
      <dst id="18">525.7511</dst>
      <dst id="4">13353.7867</dst>
      <dst id="1">108.3022</dst>
      <dst id="5">815.4933</dst>
      <dst id="3">271.3333</dst>
      <dst id="7">1288.4622</dst>
      <dst id="2">3885.9467</dst>
      <dst id="6">0.4267</dst>
      <dst id="11">161.6178</dst>
      <dst id="9">4821.5467</dst>
      <dst id="17">4289.8133</dst>
      <dst id="21">139.9911</dst>
    </src>
    <src id="11">
      <dst id="12">360680.4889</dst>
      <dst id="13">947.6178</dst>
      <dst id="19">33.7600</dst>
      <dst id="23">20.8533</dst>
      <dst id="8">454.1778</dst>
      <dst id="18">256.2222</dst>
      <dst id="4">16370.8978</dst>
      <dst id="1">689.0933</dst>
      <dst id="5">1223.8844</dst>
      <dst id="3">324.9156</dst>
      <dst id="22">2246.4089</dst>
      <dst id="7">206.6222</dst>
      <dst id="2">138142.6400</dst>
      <dst id="6">0.7111</dst>
      <dst id="16">852.8800</dst>
      <dst id="14">33.5022</dst>
      <dst id="20">894.1244</dst>
      <dst id="11">3070.7467</dst>
      <dst id="9">1188.7467</dst>
      <dst id="17">126346.5067</dst>
      <dst id="21">545.6800</dst>
      <dst id="15">569.3422</dst>
    </src>
    <src id="9">
      <dst id="12">420906.6311</dst>
      <dst id="13">841.0311</dst>
      <dst id="19">2.3733</dst>
      <dst id="23">17.2444</dst>
      <dst id="8">703.7067</dst>
      <dst id="18">335.5911</dst>
      <dst id="4">17452.7111</dst>
      <dst id="1">230.4000</dst>
      <dst id="5">1430.7289</dst>
      <dst id="3">1.4489</dst>
      <dst id="22">1406.2667</dst>
      <dst id="7">527.8933</dst>
      <dst id="2">129081.3067</dst>
      <dst id="6">0.4622</dst>
      <dst id="16">533.0133</dst>
      <dst id="14">1.1200</dst>
      <dst id="20">3587.9467</dst>
      <dst id="11">838.6578</dst>
      <dst id="9">675.6800</dst>
      <dst id="17">144608.7022</dst>
      <dst id="21">1495.0489</dst>
      <dst id="15">33.8044</dst>
    </src>
    <src id="17">
      <dst id="12">12075.8222</dst>
      <dst id="13">1027.1200</dst>
      <dst id="19">639.9022</dst>
      <dst id="23">7.0311</dst>
      <dst id="8">106131.8933</dst>
      <dst id="18">2465.9822</dst>
      <dst id="4">34913.5289</dst>
      <dst id="1">18458.4800</dst>
      <dst id="5">179057.4044</dst>
      <dst id="3">10188.9689</dst>
      <dst id="22">5509.0578</dst>
      <dst id="7">2039.0133</dst>
      <dst id="2">8575.7333</dst>
      <dst id="6">68.7644</dst>
      <dst id="16">2804.6933</dst>
      <dst id="14">35347.6178</dst>
      <dst id="20">610.6044</dst>
      <dst id="11">124103.9467</dst>
      <dst id="9">206024.9422</dst>
      <dst id="17">1107.2800</dst>
      <dst id="21">4464.2844</dst>
      <dst id="15">4479.2356</dst>
    </src>
    <src id="21">
      <dst id="12">16295.8489</dst>
      <dst id="13">1445.8133</dst>
      <dst id="19">55.9200</dst>
      <dst id="23">3.9022</dst>
      <dst id="8">399.9200</dst>
      <dst id="18">517.8578</dst>
      <dst id="4">20204.7289</dst>
      <dst id="1">738.0800</dst>
      <dst id="5">614.0444</dst>
      <dst id="3">807.5733</dst>
      <dst id="22">1600.2133</dst>
      <dst id="7">4143.3867</dst>
      <dst id="2">9045.7778</dst>
      <dst id="6">1.2800</dst>
      <dst id="16">171.2889</dst>
      <dst id="14">40.2756</dst>
      <dst id="20">54.1600</dst>
      <dst id="11">339.2000</dst>
      <dst id="9">2715.2533</dst>
      <dst id="17">2795.9911</dst>
      <dst id="21">1334.5511</dst>
      <dst id="15">82.7733</dst>
    </src>
    <src id="15">
      <dst id="12">1261.7956</dst>
      <dst id="13">119.9022</dst>
      <dst id="19">11.9111</dst>
      <dst id="8">41.9644</dst>
      <dst id="18">3.6000</dst>
      <dst id="4">3233.0311</dst>
      <dst id="1">663.2267</dst>
      <dst id="5">173.0756</dst>
      <dst id="3">7.1644</dst>
      <dst id="7">30.9333</dst>
      <dst id="2">92.1422</dst>
      <dst id="6">0.3556</dst>
      <dst id="14">1.4578</dst>
      <dst id="11">1709.7689</dst>
      <dst id="9">180.4711</dst>
      <dst id="17">191.4933</dst>
      <dst id="21">66.8800</dst>
    </src>
  </IntraTM>
</TrafficMatrixFile>
