<?xml version="1.0" encoding="UTF-8" standalone="yes"?>
<TrafficMatrixFile xmlns:xsi="http://www.w3.org/2001/XMLSchema-instance" xsi:noNamespaceSchemaLocation="http://totem.run.montefiore.ulg.ac.be/Schema/TrafficMatrix-v1_2.xsd">
  <info>
    <title>Intradomain traffic matrix generated by geant-TM-all.pl</title>
    <date>2005-01-04T05:00:00</date>
    <duration>900</duration>
    <author>Steve Uhlig</author>
    <units>
        <unit type="bandwidth" value="kbps"/>
    </units>
  </info>
  <IntraTM ASID="20965">
    <src id="12">
      <dst id="12">242084.5511</dst>
      <dst id="13">17624.4711</dst>
      <dst id="19">1387.1644</dst>
      <dst id="23">26.6133</dst>
      <dst id="8">845.4489</dst>
      <dst id="18">3200.3022</dst>
      <dst id="4">87546.4889</dst>
      <dst id="1">29164.3200</dst>
      <dst id="5">4885.7689</dst>
      <dst id="3">3735.8222</dst>
      <dst id="22">13481.5644</dst>
      <dst id="7">4097.5200</dst>
      <dst id="2">81940.3822</dst>
      <dst id="6">3.3689</dst>
      <dst id="16">10958.7289</dst>
      <dst id="14">538.4444</dst>
      <dst id="20">8989.9644</dst>
      <dst id="11">6829.9200</dst>
      <dst id="9">5320.1689</dst>
      <dst id="17">81618.3022</dst>
      <dst id="21">3419.4400</dst>
      <dst id="15">6303.3778</dst>
    </src>
    <src id="13">
      <dst id="12">60466.2756</dst>
      <dst id="19">4836.7733</dst>
      <dst id="23">25.6889</dst>
      <dst id="8">3001.7156</dst>
      <dst id="18">2391.1644</dst>
      <dst id="4">0.3556</dst>
      <dst id="1">10753.7333</dst>
      <dst id="5">15856.8889</dst>
      <dst id="3">3957.6444</dst>
      <dst id="22">17990.9422</dst>
      <dst id="7">8574.1422</dst>
      <dst id="2">104206.2044</dst>
      <dst id="6">105.2889</dst>
      <dst id="16">8088.3378</dst>
      <dst id="14">2229.1822</dst>
      <dst id="20">6520.5511</dst>
      <dst id="11">9408.0711</dst>
      <dst id="9">10255.5911</dst>
      <dst id="17">347914.4711</dst>
      <dst id="21">12530.0000</dst>
      <dst id="15">3406.7556</dst>
    </src>
    <src id="19">
      <dst id="12">14414.0978</dst>
      <dst id="13">548.0444</dst>
      <dst id="23">187.4133</dst>
      <dst id="8">2.4178</dst>
      <dst id="18">665.3778</dst>
      <dst id="4">19425.8933</dst>
      <dst id="1">1100.3467</dst>
      <dst id="5">0.8978</dst>
      <dst id="3">19.4400</dst>
      <dst id="22">133.0578</dst>
      <dst id="7">5164.6044</dst>
      <dst id="2">2445.0933</dst>
      <dst id="6">24.1422</dst>
      <dst id="16">6438.3733</dst>
      <dst id="14">0.6578</dst>
      <dst id="20">27.8756</dst>
      <dst id="11">6.8622</dst>
      <dst id="9">96.2756</dst>
      <dst id="17">207.1911</dst>
      <dst id="21">291.5111</dst>
      <dst id="15">1.1378</dst>
    </src>
    <src id="23">
      <dst id="12">104.6044</dst>
      <dst id="13">63.6267</dst>
      <dst id="19">3.2711</dst>
      <dst id="8">39.6444</dst>
      <dst id="4">64.1956</dst>
      <dst id="1">73.0578</dst>
      <dst id="5">79.0133</dst>
      <dst id="3">260.4800</dst>
      <dst id="22">755.1556</dst>
      <dst id="7">17.6711</dst>
      <dst id="2">2.0889</dst>
      <dst id="16">57.9022</dst>
      <dst id="14">1.8044</dst>
      <dst id="11">42.4000</dst>
      <dst id="9">408.3289</dst>
      <dst id="17">127.6533</dst>
      <dst id="21">12.6222</dst>
    </src>
    <src id="8">
      <dst id="12">337482.0800</dst>
      <dst id="13">686.7022</dst>
      <dst id="23">28.0267</dst>
      <dst id="18">99.8133</dst>
      <dst id="4">7238.6311</dst>
      <dst id="1">169.7956</dst>
      <dst id="5">1978.5422</dst>
      <dst id="3">12.6222</dst>
      <dst id="22">1334.3733</dst>
      <dst id="7">319.9378</dst>
      <dst id="2">139108.1333</dst>
      <dst id="6">0.7733</dst>
      <dst id="16">1169.3689</dst>
      <dst id="14">0.3556</dst>
      <dst id="20">144.1600</dst>
      <dst id="11">168.4089</dst>
      <dst id="9">405.6089</dst>
      <dst id="17">137085.8578</dst>
      <dst id="21">38.3556</dst>
      <dst id="15">1281.8933</dst>
    </src>
    <src id="18">
      <dst id="12">96243.2178</dst>
      <dst id="13">130.6844</dst>
      <dst id="19">149.2000</dst>
      <dst id="23">1.1022</dst>
      <dst id="8">3667.8400</dst>
      <dst id="4">923.1022</dst>
      <dst id="1">900.8978</dst>
      <dst id="5">212.5778</dst>
      <dst id="3">23.9822</dst>
      <dst id="22">191.6267</dst>
      <dst id="7">2905.1644</dst>
      <dst id="2">25473.3067</dst>
      <dst id="16">266.2844</dst>
      <dst id="14">57.1378</dst>
      <dst id="20">31.1822</dst>
      <dst id="11">128.4622</dst>
      <dst id="9">36.9333</dst>
      <dst id="17">37699.3600</dst>
      <dst id="21">342.1422</dst>
      <dst id="15">2.6222</dst>
    </src>
    <src id="4">
      <dst id="12">21561.2178</dst>
      <dst id="19">16284.2400</dst>
      <dst id="8">1508.6667</dst>
      <dst id="18">879.7778</dst>
      <dst id="1">123855.7689</dst>
      <dst id="5">2923.6089</dst>
      <dst id="3">489.7778</dst>
      <dst id="22">5197.2000</dst>
      <dst id="7">133777.2800</dst>
      <dst id="2">103281.5822</dst>
      <dst id="6">134.3644</dst>
      <dst id="16">2718.5600</dst>
      <dst id="14">2401.7689</dst>
      <dst id="20">2026.8533</dst>
      <dst id="11">3143.7067</dst>
      <dst id="9">2836.5244</dst>
      <dst id="17">41349.1556</dst>
      <dst id="21">3077.1467</dst>
      <dst id="15">364.9067</dst>
    </src>
    <src id="1">
      <dst id="12">16532.3644</dst>
      <dst id="13">3352.2222</dst>
      <dst id="19">238.5689</dst>
      <dst id="23">6.0622</dst>
      <dst id="8">122098.0711</dst>
      <dst id="18">13465.3689</dst>
      <dst id="4">4846.3911</dst>
      <dst id="1">9380.6933</dst>
      <dst id="5">203027.3422</dst>
      <dst id="3">80.7289</dst>
      <dst id="22">4728.1600</dst>
      <dst id="7">1165.3422</dst>
      <dst id="2">7034.8800</dst>
      <dst id="6">10605.5556</dst>
      <dst id="16">11479.8489</dst>
      <dst id="14">63.7956</dst>
      <dst id="20">97.1467</dst>
      <dst id="11">356.9333</dst>
      <dst id="9">209880.3200</dst>
      <dst id="17">6014.4622</dst>
      <dst id="21">2327.2267</dst>
      <dst id="15">132.9244</dst>
    </src>
    <src id="5">
      <dst id="12">310964.7556</dst>
      <dst id="13">5205.6444</dst>
      <dst id="19">8.5156</dst>
      <dst id="23">31.0044</dst>
      <dst id="8">3515.8489</dst>
      <dst id="18">562.6667</dst>
      <dst id="4">7541.9911</dst>
      <dst id="1">476.9511</dst>
      <dst id="3">17.6978</dst>
      <dst id="22">4862.7200</dst>
      <dst id="7">213.5733</dst>
      <dst id="2">134402.6667</dst>
      <dst id="6">14.3556</dst>
      <dst id="16">765.2711</dst>
      <dst id="14">17.9467</dst>
      <dst id="20">194.6311</dst>
      <dst id="11">781.2444</dst>
      <dst id="9">531.3600</dst>
      <dst id="17">129149.4844</dst>
      <dst id="21">387.0400</dst>
      <dst id="15">135.2889</dst>
    </src>
    <src id="3">
      <dst id="12">9083.9556</dst>
      <dst id="13">425.9289</dst>
      <dst id="19">1447.7333</dst>
      <dst id="23">7155.6533</dst>
      <dst id="8">17.2711</dst>
      <dst id="18">64983.8667</dst>
      <dst id="4">21202.4800</dst>
      <dst id="1">17101.0933</dst>
      <dst id="5">417.5556</dst>
      <dst id="3">9870.8444</dst>
      <dst id="22">2008.2667</dst>
      <dst id="7">1322.8267</dst>
      <dst id="2">3869.4756</dst>
      <dst id="6">6.4444</dst>
      <dst id="16">1242.0089</dst>
      <dst id="14">38282.2578</dst>
      <dst id="20">7.8222</dst>
      <dst id="11">141650.5067</dst>
      <dst id="9">140.7644</dst>
      <dst id="17">5030.3378</dst>
      <dst id="21">12080.5956</dst>
      <dst id="15">37.5467</dst>
    </src>
    <src id="10">
      <dst id="12">11742.9156</dst>
      <dst id="19">2980.8711</dst>
      <dst id="8">534.4356</dst>
      <dst id="18">1399.7689</dst>
      <dst id="1">2250.3200</dst>
      <dst id="5">1077.6978</dst>
      <dst id="3">2513.1911</dst>
      <dst id="22">7470.7378</dst>
      <dst id="7">3464.9689</dst>
      <dst id="2">19944.8800</dst>
      <dst id="6">94.1689</dst>
      <dst id="16">2312.0533</dst>
      <dst id="14">340.4356</dst>
      <dst id="20">888.3556</dst>
      <dst id="11">5968.7467</dst>
      <dst id="9">1494.5422</dst>
      <dst id="17">7310.8444</dst>
      <dst id="21">7437.2000</dst>
      <dst id="15">472.8356</dst>
    </src>
    <src id="22">
      <dst id="12">7767.3689</dst>
      <dst id="13">3133.8311</dst>
      <dst id="19">129.7689</dst>
      <dst id="23">14.2933</dst>
      <dst id="8">419.4311</dst>
      <dst id="18">943.5556</dst>
      <dst id="4">16175.2800</dst>
      <dst id="1">2811.2178</dst>
      <dst id="5">7804.3822</dst>
      <dst id="3">269.5644</dst>
      <dst id="7">795.0844</dst>
      <dst id="2">10990.3911</dst>
      <dst id="6">95.7867</dst>
      <dst id="14">158.2311</dst>
      <dst id="11">1879.6978</dst>
      <dst id="9">2674.3822</dst>
      <dst id="17">7532.7378</dst>
      <dst id="21">791.1289</dst>
    </src>
    <src id="7">
      <dst id="12">4555.9644</dst>
      <dst id="13">602.1956</dst>
      <dst id="19">211.5644</dst>
      <dst id="23">91.4400</dst>
      <dst id="8">881.3778</dst>
      <dst id="18">173.0133</dst>
      <dst id="4">27989.7067</dst>
      <dst id="1">7651.1556</dst>
      <dst id="5">1219.7067</dst>
      <dst id="3">1735.8222</dst>
      <dst id="22">2804.3200</dst>
      <dst id="7">680.0711</dst>
      <dst id="2">6356.5600</dst>
      <dst id="6">33.5022</dst>
      <dst id="16">440.4533</dst>
      <dst id="14">111.9467</dst>
      <dst id="20">499.6356</dst>
      <dst id="11">1572.8978</dst>
      <dst id="9">822.2756</dst>
      <dst id="17">12234.9511</dst>
      <dst id="21">3905.9911</dst>
      <dst id="15">191.9289</dst>
    </src>
    <src id="2">
      <dst id="12">117328.8800</dst>
      <dst id="13">523693.0667</dst>
      <dst id="19">1129.1644</dst>
      <dst id="23">17.6267</dst>
      <dst id="8">2408.5600</dst>
      <dst id="18">57050.1244</dst>
      <dst id="4">95322.5956</dst>
      <dst id="1">1803.0400</dst>
      <dst id="5">3541.2267</dst>
      <dst id="3">129.2711</dst>
      <dst id="22">2700.2756</dst>
      <dst id="7">3333.3333</dst>
      <dst id="2">589.3600</dst>
      <dst id="6">8911.4756</dst>
      <dst id="16">2401.5289</dst>
      <dst id="14">197.7067</dst>
      <dst id="20">503.0400</dst>
      <dst id="11">3910.8356</dst>
      <dst id="9">1548.6489</dst>
      <dst id="17">41392.6756</dst>
      <dst id="21">2420.2933</dst>
      <dst id="15">21.3600</dst>
    </src>
    <src id="6">
      <dst id="12">10814.6844</dst>
      <dst id="13">2.0267</dst>
      <dst id="19">6.2933</dst>
      <dst id="4">1403.5556</dst>
      <dst id="1">18.3022</dst>
      <dst id="5">2.2578</dst>
      <dst id="22">3.7689</dst>
      <dst id="7">164.0889</dst>
      <dst id="2">2726.5956</dst>
      <dst id="16">0.7644</dst>
      <dst id="20">12.4444</dst>
      <dst id="11">12.0000</dst>
      <dst id="9">8.4356</dst>
      <dst id="17">1500.8978</dst>
      <dst id="21">3.0578</dst>
    </src>
    <src id="16">
      <dst id="12">2527.5733</dst>
      <dst id="13">1305.8133</dst>
      <dst id="19">3902.1333</dst>
      <dst id="23">4.9244</dst>
      <dst id="8">5504.6222</dst>
      <dst id="18">68.2044</dst>
      <dst id="4">3944.0800</dst>
      <dst id="1">22017.6622</dst>
      <dst id="5">4436.5244</dst>
      <dst id="3">5.3422</dst>
      <dst id="7">409.1822</dst>
      <dst id="2">1148.0533</dst>
      <dst id="16">59.2800</dst>
      <dst id="14">13.8311</dst>
      <dst id="11">237.1378</dst>
      <dst id="9">6218.6400</dst>
      <dst id="17">2323.2089</dst>
      <dst id="21">2100.3467</dst>
    </src>
    <src id="14">
      <dst id="12">16211.2711</dst>
      <dst id="13">51.9822</dst>
      <dst id="19">6.5067</dst>
      <dst id="23">0.4978</dst>
      <dst id="18">2.0533</dst>
      <dst id="4">1618.3289</dst>
      <dst id="1">81.6533</dst>
      <dst id="5">4.7111</dst>
      <dst id="3">61.9911</dst>
      <dst id="22">20.8622</dst>
      <dst id="7">88.0622</dst>
      <dst id="2">5678.5422</dst>
      <dst id="6">0.3556</dst>
      <dst id="16">6.8178</dst>
      <dst id="20">5.3689</dst>
      <dst id="11">27.3511</dst>
      <dst id="9">96.1067</dst>
      <dst id="17">7678.8889</dst>
      <dst id="21">53.7511</dst>
      <dst id="15">0.3911</dst>
    </src>
    <src id="20">
      <dst id="12">1721.6800</dst>
      <dst id="13">982.1689</dst>
      <dst id="19">41.5911</dst>
      <dst id="8">362.0356</dst>
      <dst id="18">955.1733</dst>
      <dst id="4">8914.7022</dst>
      <dst id="1">104.4089</dst>
      <dst id="5">559.1556</dst>
      <dst id="3">312.2222</dst>
      <dst id="7">3705.5467</dst>
      <dst id="2">3186.0178</dst>
      <dst id="6">12.8178</dst>
      <dst id="14">1.5289</dst>
      <dst id="11">148.0178</dst>
      <dst id="9">2994.7111</dst>
      <dst id="17">3100.2756</dst>
      <dst id="21">129.1022</dst>
    </src>
    <src id="11">
      <dst id="12">436153.2889</dst>
      <dst id="13">2999.1911</dst>
      <dst id="19">5.5111</dst>
      <dst id="23">161.2444</dst>
      <dst id="8">1164.9867</dst>
      <dst id="18">988.3022</dst>
      <dst id="4">8833.3067</dst>
      <dst id="1">420.9867</dst>
      <dst id="5">1575.8133</dst>
      <dst id="3">390.7467</dst>
      <dst id="22">2239.2711</dst>
      <dst id="7">392.2667</dst>
      <dst id="2">174175.3867</dst>
      <dst id="6">2.2489</dst>
      <dst id="16">367.2089</dst>
      <dst id="14">22.9156</dst>
      <dst id="20">671.9556</dst>
      <dst id="11">1073.4311</dst>
      <dst id="9">1094.8444</dst>
      <dst id="17">156016.2933</dst>
      <dst id="21">529.0667</dst>
      <dst id="15">1795.5289</dst>
    </src>
    <src id="9">
      <dst id="12">450050.0267</dst>
      <dst id="13">3506.6489</dst>
      <dst id="19">211.0578</dst>
      <dst id="23">20.1333</dst>
      <dst id="8">201.7333</dst>
      <dst id="18">366.9600</dst>
      <dst id="4">11690.2044</dst>
      <dst id="1">1673.3067</dst>
      <dst id="5">3997.0044</dst>
      <dst id="3">0.9244</dst>
      <dst id="22">12859.9289</dst>
      <dst id="7">2157.9644</dst>
      <dst id="2">195964.8356</dst>
      <dst id="6">1.3333</dst>
      <dst id="16">680.6578</dst>
      <dst id="14">2.4178</dst>
      <dst id="20">675.9644</dst>
      <dst id="11">526.7111</dst>
      <dst id="9">392.0267</dst>
      <dst id="17">179476.8444</dst>
      <dst id="21">338.4889</dst>
      <dst id="15">2002.6489</dst>
    </src>
    <src id="17">
      <dst id="12">9866.6933</dst>
      <dst id="13">19059.4044</dst>
      <dst id="19">304.2756</dst>
      <dst id="23">696.1956</dst>
      <dst id="8">130854.8356</dst>
      <dst id="18">2582.0978</dst>
      <dst id="4">99669.5289</dst>
      <dst id="1">1264.3911</dst>
      <dst id="5">203426.5956</dst>
      <dst id="3">9199.0844</dst>
      <dst id="22">12708.1689</dst>
      <dst id="7">1965.5111</dst>
      <dst id="2">10817.0578</dst>
      <dst id="6">572.3378</dst>
      <dst id="16">3652.5244</dst>
      <dst id="14">25233.1911</dst>
      <dst id="20">517.1822</dst>
      <dst id="11">102478.3556</dst>
      <dst id="9">159969.1733</dst>
      <dst id="17">2224.3200</dst>
      <dst id="21">12675.0578</dst>
      <dst id="15">43.7600</dst>
    </src>
    <src id="21">
      <dst id="12">35039.1467</dst>
      <dst id="13">3887.8933</dst>
      <dst id="19">78.1778</dst>
      <dst id="23">14.1511</dst>
      <dst id="8">190.0178</dst>
      <dst id="18">317.7067</dst>
      <dst id="4">16059.0844</dst>
      <dst id="1">4518.6578</dst>
      <dst id="5">714.1867</dst>
      <dst id="3">1892.8711</dst>
      <dst id="22">716.3467</dst>
      <dst id="7">734.5867</dst>
      <dst id="2">20308.2489</dst>
      <dst id="6">56.3911</dst>
      <dst id="16">153.4400</dst>
      <dst id="14">161.9378</dst>
      <dst id="20">876.0178</dst>
      <dst id="11">310.1244</dst>
      <dst id="9">1164.3556</dst>
      <dst id="17">8140.7022</dst>
      <dst id="21">680.1156</dst>
      <dst id="15">8.7200</dst>
    </src>
    <src id="15">
      <dst id="12">1171.3244</dst>
      <dst id="13">975.0222</dst>
      <dst id="23">1.8489</dst>
      <dst id="8">141.7511</dst>
      <dst id="4">4380.9333</dst>
      <dst id="1">428.1244</dst>
      <dst id="5">774.4711</dst>
      <dst id="3">21.7867</dst>
      <dst id="7">95.2444</dst>
      <dst id="2">65.3067</dst>
      <dst id="11">68.7289</dst>
      <dst id="9">120.3467</dst>
      <dst id="17">1047.9733</dst>
      <dst id="21">81.7067</dst>
    </src>
  </IntraTM>
</TrafficMatrixFile>
