<?xml version="1.0" encoding="UTF-8" standalone="yes"?>
<TrafficMatrixFile xmlns:xsi="http://www.w3.org/2001/XMLSchema-instance" xsi:noNamespaceSchemaLocation="http://totem.run.montefiore.ulg.ac.be/Schema/TrafficMatrix-v1_2.xsd">
  <info>
    <title>Intradomain traffic matrix generated by geant-TM-all.pl</title>
    <date>2005-01-03T13:00:00</date>
    <duration>900</duration>
    <author>Steve Uhlig</author>
    <units>
        <unit type="bandwidth" value="kbps"/>
    </units>
  </info>
  <IntraTM ASID="20965">
    <src id="12">
      <dst id="12">190293.3333</dst>
      <dst id="13">21691.6356</dst>
      <dst id="19">2488.2933</dst>
      <dst id="23">19.2089</dst>
      <dst id="8">754.9244</dst>
      <dst id="18">616.7822</dst>
      <dst id="4">70134.4178</dst>
      <dst id="1">6856.4178</dst>
      <dst id="5">11197.1822</dst>
      <dst id="3">630.1867</dst>
      <dst id="22">3006.9867</dst>
      <dst id="7">6349.5644</dst>
      <dst id="2">56980.3289</dst>
      <dst id="6">2.0711</dst>
      <dst id="16">4600.8533</dst>
      <dst id="14">123.8489</dst>
      <dst id="20">2475.2533</dst>
      <dst id="11">5544.2044</dst>
      <dst id="9">3347.2711</dst>
      <dst id="17">66716.2578</dst>
      <dst id="21">2279.2978</dst>
      <dst id="15">180.3556</dst>
    </src>
    <src id="13">
      <dst id="12">34481.6000</dst>
      <dst id="19">34216.4000</dst>
      <dst id="23">11.6356</dst>
      <dst id="8">2291.4044</dst>
      <dst id="18">1531.7778</dst>
      <dst id="4">0.7111</dst>
      <dst id="1">1787.0489</dst>
      <dst id="5">6424.7378</dst>
      <dst id="3">5746.4889</dst>
      <dst id="22">12124.1422</dst>
      <dst id="7">4344.3200</dst>
      <dst id="2">102045.2356</dst>
      <dst id="6">52.6756</dst>
      <dst id="16">5706.9333</dst>
      <dst id="14">2854.1956</dst>
      <dst id="20">25239.0489</dst>
      <dst id="11">5316.0089</dst>
      <dst id="9">16137.1822</dst>
      <dst id="17">27908.8889</dst>
      <dst id="21">7044.7200</dst>
      <dst id="15">835.8222</dst>
    </src>
    <src id="19">
      <dst id="12">13082.6489</dst>
      <dst id="13">179.5467</dst>
      <dst id="23">0.3556</dst>
      <dst id="8">2.6667</dst>
      <dst id="4">20747.7156</dst>
      <dst id="1">323.8311</dst>
      <dst id="5">41.3867</dst>
      <dst id="3">1.3067</dst>
      <dst id="22">106.8000</dst>
      <dst id="7">3017.9556</dst>
      <dst id="2">119.8133</dst>
      <dst id="6">26.6667</dst>
      <dst id="16">12239.1111</dst>
      <dst id="14">0.4622</dst>
      <dst id="20">2.8444</dst>
      <dst id="11">1.4578</dst>
      <dst id="9">5725.8667</dst>
      <dst id="17">36.7556</dst>
      <dst id="21">352.3644</dst>
      <dst id="15">1.1378</dst>
    </src>
    <src id="23">
      <dst id="12">180.5244</dst>
      <dst id="13">41.6444</dst>
      <dst id="18">15.5733</dst>
      <dst id="4">107.6356</dst>
      <dst id="1">63.9733</dst>
      <dst id="5">43.8578</dst>
      <dst id="3">213.3600</dst>
      <dst id="22">190.2578</dst>
      <dst id="7">28.3111</dst>
      <dst id="2">1989.2533</dst>
      <dst id="6">1.1378</dst>
      <dst id="16">66.2844</dst>
      <dst id="14">0.3733</dst>
      <dst id="9">390.6844</dst>
      <dst id="17">51.6000</dst>
      <dst id="21">13.4400</dst>
    </src>
    <src id="8">
      <dst id="12">274012.6933</dst>
      <dst id="13">136.4444</dst>
      <dst id="18">18.2400</dst>
      <dst id="4">7216.3200</dst>
      <dst id="1">73.9200</dst>
      <dst id="5">695.2711</dst>
      <dst id="3">0.7556</dst>
      <dst id="22">801.8756</dst>
      <dst id="7">340.2400</dst>
      <dst id="2">95893.2356</dst>
      <dst id="16">63.3244</dst>
      <dst id="20">242.1778</dst>
      <dst id="11">492.8622</dst>
      <dst id="9">911.8489</dst>
      <dst id="17">101387.0044</dst>
      <dst id="21">145.4133</dst>
      <dst id="15">39.2533</dst>
    </src>
    <src id="18">
      <dst id="12">100696.2044</dst>
      <dst id="13">258.2400</dst>
      <dst id="19">21.7778</dst>
      <dst id="23">1.4311</dst>
      <dst id="8">0.7911</dst>
      <dst id="4">1445.1556</dst>
      <dst id="1">843.5467</dst>
      <dst id="5">317.8933</dst>
      <dst id="3">215.3156</dst>
      <dst id="22">59.7867</dst>
      <dst id="7">54.6311</dst>
      <dst id="2">27318.0000</dst>
      <dst id="16">8.7822</dst>
      <dst id="20">57.8400</dst>
      <dst id="11">20.5156</dst>
      <dst id="9">160.7644</dst>
      <dst id="17">37502.9778</dst>
      <dst id="21">399.6622</dst>
      <dst id="15">4.9067</dst>
    </src>
    <src id="4">
      <dst id="12">8882.1067</dst>
      <dst id="19">15387.7778</dst>
      <dst id="23">0.2844</dst>
      <dst id="8">2225.2889</dst>
      <dst id="18">891.0489</dst>
      <dst id="1">113735.5022</dst>
      <dst id="5">1709.6178</dst>
      <dst id="3">105.2889</dst>
      <dst id="22">5120.4533</dst>
      <dst id="7">147070.2667</dst>
      <dst id="2">28071.9644</dst>
      <dst id="6">23.4667</dst>
      <dst id="16">257.6089</dst>
      <dst id="14">1165.0489</dst>
      <dst id="20">1066.1689</dst>
      <dst id="11">1327.5378</dst>
      <dst id="9">2292.5067</dst>
      <dst id="17">74852.0800</dst>
      <dst id="21">3200.3556</dst>
      <dst id="15">221.9556</dst>
    </src>
    <src id="1">
      <dst id="12">19737.3600</dst>
      <dst id="13">219.6267</dst>
      <dst id="19">29.0311</dst>
      <dst id="23">5.1111</dst>
      <dst id="8">73394.6222</dst>
      <dst id="18">12380.9156</dst>
      <dst id="4">3189.6889</dst>
      <dst id="1">14214.6222</dst>
      <dst id="5">121764.7556</dst>
      <dst id="3">113.5378</dst>
      <dst id="22">2527.8667</dst>
      <dst id="7">731.7689</dst>
      <dst id="2">1233.5200</dst>
      <dst id="6">5165.3422</dst>
      <dst id="16">10631.6622</dst>
      <dst id="14">54.7911</dst>
      <dst id="20">40.5778</dst>
      <dst id="11">84.8444</dst>
      <dst id="9">117583.5644</dst>
      <dst id="17">4713.1200</dst>
      <dst id="21">2292.9600</dst>
      <dst id="15">86.0800</dst>
    </src>
    <src id="5">
      <dst id="12">249584.6933</dst>
      <dst id="13">12462.3200</dst>
      <dst id="19">1.2178</dst>
      <dst id="23">1.0311</dst>
      <dst id="8">785.0578</dst>
      <dst id="18">971.2533</dst>
      <dst id="4">6377.7600</dst>
      <dst id="1">166.4178</dst>
      <dst id="3">25.6533</dst>
      <dst id="22">3034.7556</dst>
      <dst id="7">91.1289</dst>
      <dst id="2">75511.6444</dst>
      <dst id="6">27.4311</dst>
      <dst id="16">613.0311</dst>
      <dst id="14">12.8000</dst>
      <dst id="20">263.4311</dst>
      <dst id="11">564.5867</dst>
      <dst id="9">5535.7956</dst>
      <dst id="17">89894.1689</dst>
      <dst id="21">337.0933</dst>
      <dst id="15">423.2444</dst>
    </src>
    <src id="3">
      <dst id="12">14559.2622</dst>
      <dst id="13">418.4800</dst>
      <dst id="19">1040.7644</dst>
      <dst id="23">8497.8578</dst>
      <dst id="8">16.4622</dst>
      <dst id="18">47487.9111</dst>
      <dst id="4">32128.8356</dst>
      <dst id="1">5001.6889</dst>
      <dst id="5">313.8933</dst>
      <dst id="3">6841.4844</dst>
      <dst id="22">746.0711</dst>
      <dst id="7">863.0489</dst>
      <dst id="2">3534.5778</dst>
      <dst id="6">0.5156</dst>
      <dst id="16">1103.1111</dst>
      <dst id="14">15145.8667</dst>
      <dst id="20">75.0311</dst>
      <dst id="11">117646.2489</dst>
      <dst id="9">85.4311</dst>
      <dst id="17">8620.1689</dst>
      <dst id="21">3153.6000</dst>
      <dst id="15">28.1956</dst>
    </src>
    <src id="10">
      <dst id="12">8129.4133</dst>
      <dst id="19">4271.3511</dst>
      <dst id="8">621.9556</dst>
      <dst id="18">1572.5156</dst>
      <dst id="1">2877.6978</dst>
      <dst id="5">382.8444</dst>
      <dst id="3">9866.6222</dst>
      <dst id="22">5473.5822</dst>
      <dst id="7">58800.6933</dst>
      <dst id="2">20904.6578</dst>
      <dst id="6">3.5289</dst>
      <dst id="16">702.5333</dst>
      <dst id="14">703.9733</dst>
      <dst id="20">354.4356</dst>
      <dst id="11">5894.6667</dst>
      <dst id="9">2264.0622</dst>
      <dst id="17">29773.2267</dst>
      <dst id="21">11358.8622</dst>
      <dst id="15">120.4178</dst>
    </src>
    <src id="22">
      <dst id="12">4210.8800</dst>
      <dst id="13">1507.5644</dst>
      <dst id="19">11.1911</dst>
      <dst id="23">766.8178</dst>
      <dst id="8">278.2489</dst>
      <dst id="18">271.7156</dst>
      <dst id="4">14501.0400</dst>
      <dst id="1">164.1956</dst>
      <dst id="5">2764.2756</dst>
      <dst id="3">235.6000</dst>
      <dst id="7">688.6933</dst>
      <dst id="2">2754.4000</dst>
      <dst id="6">17.3511</dst>
      <dst id="16">6.3111</dst>
      <dst id="14">16.8444</dst>
      <dst id="11">2143.8489</dst>
      <dst id="9">1575.0844</dst>
      <dst id="17">2867.0133</dst>
      <dst id="21">1690.8800</dst>
    </src>
    <src id="7">
      <dst id="12">7464.9244</dst>
      <dst id="13">180.8622</dst>
      <dst id="19">76.7733</dst>
      <dst id="23">157.5911</dst>
      <dst id="8">643.1378</dst>
      <dst id="18">192.9956</dst>
      <dst id="4">40304.8267</dst>
      <dst id="1">920.7378</dst>
      <dst id="5">1457.4044</dst>
      <dst id="3">88.0622</dst>
      <dst id="22">4514.3733</dst>
      <dst id="7">782.5067</dst>
      <dst id="2">3854.0267</dst>
      <dst id="6">0.8978</dst>
      <dst id="16">705.2267</dst>
      <dst id="14">62.1511</dst>
      <dst id="20">38.4889</dst>
      <dst id="11">357.7600</dst>
      <dst id="9">828.4267</dst>
      <dst id="17">12654.8800</dst>
      <dst id="21">1320.9156</dst>
      <dst id="15">5.8844</dst>
    </src>
    <src id="2">
      <dst id="12">56220.9511</dst>
      <dst id="13">511350.0889</dst>
      <dst id="19">54.5156</dst>
      <dst id="23">48.5333</dst>
      <dst id="8">869.1200</dst>
      <dst id="18">50067.1822</dst>
      <dst id="4">67629.1733</dst>
      <dst id="1">9006.8089</dst>
      <dst id="5">717.5733</dst>
      <dst id="3">19.6356</dst>
      <dst id="22">696.9600</dst>
      <dst id="7">5744.3644</dst>
      <dst id="2">3438.8178</dst>
      <dst id="6">6306.7022</dst>
      <dst id="16">7977.3689</dst>
      <dst id="14">5157.4133</dst>
      <dst id="20">611.5556</dst>
      <dst id="11">5550.4356</dst>
      <dst id="9">404.3911</dst>
      <dst id="17">39062.6844</dst>
      <dst id="21">5410.0356</dst>
      <dst id="15">288.2578</dst>
    </src>
    <src id="6">
      <dst id="12">7651.6622</dst>
      <dst id="13">1.3067</dst>
      <dst id="19">1.4578</dst>
      <dst id="23">0.3378</dst>
      <dst id="18">1.1378</dst>
      <dst id="4">1159.0844</dst>
      <dst id="1">1.6444</dst>
      <dst id="5">40.1422</dst>
      <dst id="22">2.1689</dst>
      <dst id="2">2082.8178</dst>
      <dst id="20">1.1200</dst>
      <dst id="11">1.0667</dst>
      <dst id="17">800.0889</dst>
      <dst id="21">40.5333</dst>
    </src>
    <src id="16">
      <dst id="12">2468.1867</dst>
      <dst id="13">218.6756</dst>
      <dst id="19">5390.7822</dst>
      <dst id="23">298.6578</dst>
      <dst id="8">810.5511</dst>
      <dst id="18">3.3422</dst>
      <dst id="4">4078.4889</dst>
      <dst id="1">15645.8756</dst>
      <dst id="5">816.1778</dst>
      <dst id="3">1.2000</dst>
      <dst id="7">1952.3733</dst>
      <dst id="2">854.8533</dst>
      <dst id="6">13.5111</dst>
      <dst id="16">19.0489</dst>
      <dst id="11">218.0000</dst>
      <dst id="9">1978.1156</dst>
      <dst id="17">1674.1600</dst>
      <dst id="21">2570.8978</dst>
    </src>
    <src id="14">
      <dst id="12">14255.5289</dst>
      <dst id="13">46.8267</dst>
      <dst id="19">4.0711</dst>
      <dst id="4">1164.6044</dst>
      <dst id="1">25.7867</dst>
      <dst id="5">1.0667</dst>
      <dst id="3">28.9422</dst>
      <dst id="22">3.1022</dst>
      <dst id="7">71.9733</dst>
      <dst id="2">3416.8089</dst>
      <dst id="20">0.4622</dst>
      <dst id="11">44.8978</dst>
      <dst id="9">8.0533</dst>
      <dst id="17">5096.1067</dst>
      <dst id="21">71.2622</dst>
    </src>
    <src id="20">
      <dst id="12">5385.8400</dst>
      <dst id="13">4204.6133</dst>
      <dst id="19">0.3556</dst>
      <dst id="8">176.2933</dst>
      <dst id="18">55.2178</dst>
      <dst id="4">14260.2311</dst>
      <dst id="1">19.2356</dst>
      <dst id="5">286.8178</dst>
      <dst id="3">1117.7067</dst>
      <dst id="7">80.0889</dst>
      <dst id="2">5179.2800</dst>
      <dst id="6">24.5956</dst>
      <dst id="14">0.4089</dst>
      <dst id="11">806.0711</dst>
      <dst id="9">289.6356</dst>
      <dst id="17">399.6089</dst>
      <dst id="21">7383.1289</dst>
    </src>
    <src id="11">
      <dst id="12">373790.6489</dst>
      <dst id="13">1663.4844</dst>
      <dst id="19">4.6133</dst>
      <dst id="23">1.7867</dst>
      <dst id="8">333.1200</dst>
      <dst id="18">57.3867</dst>
      <dst id="4">6696.2311</dst>
      <dst id="1">432.1333</dst>
      <dst id="5">506.6311</dst>
      <dst id="3">415.8756</dst>
      <dst id="22">1384.9689</dst>
      <dst id="7">154.6222</dst>
      <dst id="2">117688.2044</dst>
      <dst id="6">92.3556</dst>
      <dst id="16">89.4578</dst>
      <dst id="14">29.6622</dst>
      <dst id="20">44.5333</dst>
      <dst id="11">1881.6444</dst>
      <dst id="9">1574.3289</dst>
      <dst id="17">132293.0311</dst>
      <dst id="21">565.2089</dst>
      <dst id="15">192.1956</dst>
    </src>
    <src id="9">
      <dst id="12">350940.0533</dst>
      <dst id="13">1095.2889</dst>
      <dst id="19">255.8222</dst>
      <dst id="23">14.9333</dst>
      <dst id="8">164.2222</dst>
      <dst id="18">156.5778</dst>
      <dst id="4">14095.9200</dst>
      <dst id="1">617.5911</dst>
      <dst id="5">3887.8933</dst>
      <dst id="22">1455.3422</dst>
      <dst id="7">33.3867</dst>
      <dst id="2">131677.9644</dst>
      <dst id="6">0.3378</dst>
      <dst id="16">2616.7378</dst>
      <dst id="14">1.2356</dst>
      <dst id="20">1407.6000</dst>
      <dst id="11">557.7778</dst>
      <dst id="9">1932.6578</dst>
      <dst id="17">158819.4222</dst>
      <dst id="21">374.1689</dst>
      <dst id="15">426.8978</dst>
    </src>
    <src id="17">
      <dst id="12">6735.8222</dst>
      <dst id="13">17762.9600</dst>
      <dst id="19">211.4044</dst>
      <dst id="23">3170.8267</dst>
      <dst id="8">90806.5956</dst>
      <dst id="18">91.5733</dst>
      <dst id="4">53657.0756</dst>
      <dst id="1">2463.5911</dst>
      <dst id="5">116686.3378</dst>
      <dst id="3">12168.3644</dst>
      <dst id="22">10043.0222</dst>
      <dst id="7">6443.3244</dst>
      <dst id="2">12772.2933</dst>
      <dst id="6">81.2800</dst>
      <dst id="16">6119.3867</dst>
      <dst id="14">10000.9689</dst>
      <dst id="20">9706.0622</dst>
      <dst id="11">91025.6711</dst>
      <dst id="9">107659.1556</dst>
      <dst id="17">1500.1956</dst>
      <dst id="21">6493.5378</dst>
      <dst id="15">89.3156</dst>
    </src>
    <src id="21">
      <dst id="12">19239.9733</dst>
      <dst id="13">872.0000</dst>
      <dst id="19">70.0889</dst>
      <dst id="23">5.2533</dst>
      <dst id="8">32.1689</dst>
      <dst id="18">1553.7067</dst>
      <dst id="4">19204.0000</dst>
      <dst id="1">968.4267</dst>
      <dst id="5">353.3778</dst>
      <dst id="3">605.0489</dst>
      <dst id="22">1520.1244</dst>
      <dst id="7">1854.4089</dst>
      <dst id="2">6909.4489</dst>
      <dst id="6">0.7111</dst>
      <dst id="16">159.1022</dst>
      <dst id="14">57.8667</dst>
      <dst id="20">180.3200</dst>
      <dst id="11">694.2044</dst>
      <dst id="9">561.2000</dst>
      <dst id="17">3630.7022</dst>
      <dst id="21">1320.2667</dst>
      <dst id="15">140.4711</dst>
    </src>
    <src id="15">
      <dst id="12">475.3689</dst>
      <dst id="13">1840.2400</dst>
      <dst id="19">1.3067</dst>
      <dst id="8">70.6667</dst>
      <dst id="18">4.6578</dst>
      <dst id="4">4325.7422</dst>
      <dst id="1">593.7244</dst>
      <dst id="5">131.4133</dst>
      <dst id="3">17.3778</dst>
      <dst id="7">113.8667</dst>
      <dst id="2">273.4667</dst>
      <dst id="11">170.1778</dst>
      <dst id="9">868.8178</dst>
      <dst id="17">2333.4133</dst>
      <dst id="21">53.3689</dst>
    </src>
  </IntraTM>
</TrafficMatrixFile>
