<?xml version="1.0" encoding="UTF-8" standalone="yes"?>
<TrafficMatrixFile xmlns:xsi="http://www.w3.org/2001/XMLSchema-instance" xsi:noNamespaceSchemaLocation="http://totem.run.montefiore.ulg.ac.be/Schema/TrafficMatrix-v1_2.xsd">
  <info>
    <title>Intradomain traffic matrix generated by geant-TM-all.pl</title>
    <date>2005-01-02T20:00:00</date>
    <duration>900</duration>
    <author>Steve Uhlig</author>
    <units>
        <unit type="bandwidth" value="kbps"/>
    </units>
  </info>
  <IntraTM ASID="20965">
    <src id="12">
      <dst id="12">316006.6044</dst>
      <dst id="13">24012.1778</dst>
      <dst id="19">4234.6844</dst>
      <dst id="23">326.4533</dst>
      <dst id="8">13941.5022</dst>
      <dst id="18">1861.7422</dst>
      <dst id="4">79381.9022</dst>
      <dst id="1">8348.2044</dst>
      <dst id="5">6991.6800</dst>
      <dst id="3">8391.7867</dst>
      <dst id="22">29352.1156</dst>
      <dst id="7">3136.4533</dst>
      <dst id="2">96191.8933</dst>
      <dst id="6">17.0667</dst>
      <dst id="16">4814.2489</dst>
      <dst id="14">181.9644</dst>
      <dst id="20">18594.3822</dst>
      <dst id="11">15034.2222</dst>
      <dst id="9">16789.0311</dst>
      <dst id="17">132303.1911</dst>
      <dst id="21">45622.9956</dst>
      <dst id="15">14026.0978</dst>
    </src>
    <src id="13">
      <dst id="12">76110.7644</dst>
      <dst id="19">5355.4311</dst>
      <dst id="23">892.9600</dst>
      <dst id="8">9203.7689</dst>
      <dst id="18">8539.1644</dst>
      <dst id="4">0.4089</dst>
      <dst id="1">12647.2444</dst>
      <dst id="5">6132.4711</dst>
      <dst id="3">38678.0178</dst>
      <dst id="22">37950.5333</dst>
      <dst id="7">20871.1111</dst>
      <dst id="2">114388.6756</dst>
      <dst id="6">314.1333</dst>
      <dst id="16">14138.0267</dst>
      <dst id="14">2727.4578</dst>
      <dst id="20">25127.2800</dst>
      <dst id="11">24748.4444</dst>
      <dst id="9">27444.8622</dst>
      <dst id="17">83591.0133</dst>
      <dst id="21">35761.6267</dst>
      <dst id="15">6654.1156</dst>
    </src>
    <src id="19">
      <dst id="12">17810.8444</dst>
      <dst id="13">6279.8044</dst>
      <dst id="23">189.7244</dst>
      <dst id="8">241.8667</dst>
      <dst id="18">102.2044</dst>
      <dst id="4">17060.0267</dst>
      <dst id="1">1625.6889</dst>
      <dst id="5">291.8044</dst>
      <dst id="3">117.9200</dst>
      <dst id="22">447.6089</dst>
      <dst id="7">5494.1422</dst>
      <dst id="2">2106.2400</dst>
      <dst id="6">238.1511</dst>
      <dst id="16">4748.6400</dst>
      <dst id="14">13.3333</dst>
      <dst id="20">78.2578</dst>
      <dst id="11">316.4711</dst>
      <dst id="9">45.3511</dst>
      <dst id="17">397.1289</dst>
      <dst id="21">3064.8267</dst>
      <dst id="15">94.3644</dst>
    </src>
    <src id="23">
      <dst id="12">3227.9644</dst>
      <dst id="13">120.5244</dst>
      <dst id="19">56.4267</dst>
      <dst id="8">1.3867</dst>
      <dst id="18">251.4133</dst>
      <dst id="4">115.6889</dst>
      <dst id="1">117.7067</dst>
      <dst id="5">70.0444</dst>
      <dst id="3">708.6133</dst>
      <dst id="22">2151.5111</dst>
      <dst id="7">174.1511</dst>
      <dst id="2">188.9067</dst>
      <dst id="6">12.6222</dst>
      <dst id="16">36.7111</dst>
      <dst id="14">0.3556</dst>
      <dst id="20">108.3200</dst>
      <dst id="11">99.4756</dst>
      <dst id="9">203.8578</dst>
      <dst id="17">1237.1733</dst>
      <dst id="21">2576.5600</dst>
      <dst id="15">0.5689</dst>
    </src>
    <src id="8">
      <dst id="12">401968.5778</dst>
      <dst id="13">1534.7022</dst>
      <dst id="19">3.5200</dst>
      <dst id="23">186.6667</dst>
      <dst id="18">659.6178</dst>
      <dst id="4">4311.7600</dst>
      <dst id="1">934.1867</dst>
      <dst id="5">3406.2667</dst>
      <dst id="3">135.3600</dst>
      <dst id="22">4934.1511</dst>
      <dst id="7">76.1511</dst>
      <dst id="2">158262.0622</dst>
      <dst id="6">0.3556</dst>
      <dst id="16">1460.8000</dst>
      <dst id="14">29.4044</dst>
      <dst id="20">5865.1289</dst>
      <dst id="11">882.7289</dst>
      <dst id="9">1566.2133</dst>
      <dst id="17">149728.2133</dst>
      <dst id="21">2009.2533</dst>
      <dst id="15">154.7378</dst>
    </src>
    <src id="18">
      <dst id="12">123349.7778</dst>
      <dst id="13">171.2444</dst>
      <dst id="19">635.6178</dst>
      <dst id="23">85.6267</dst>
      <dst id="8">334.4889</dst>
      <dst id="4">2833.8844</dst>
      <dst id="1">827.7156</dst>
      <dst id="5">142.3200</dst>
      <dst id="3">2062.2311</dst>
      <dst id="22">196.1689</dst>
      <dst id="7">101.1289</dst>
      <dst id="2">54477.9378</dst>
      <dst id="16">80.1067</dst>
      <dst id="14">3.9378</dst>
      <dst id="20">13.9556</dst>
      <dst id="11">149.1644</dst>
      <dst id="9">449.1289</dst>
      <dst id="17">41352.7644</dst>
      <dst id="21">2321.2800</dst>
      <dst id="15">286.6400</dst>
    </src>
    <src id="4">
      <dst id="12">19749.9289</dst>
      <dst id="19">4382.6756</dst>
      <dst id="23">9.1200</dst>
      <dst id="8">3777.0222</dst>
      <dst id="18">4005.7422</dst>
      <dst id="1">198569.1822</dst>
      <dst id="5">2855.1733</dst>
      <dst id="3">3342.4089</dst>
      <dst id="22">6374.2222</dst>
      <dst id="7">67185.8489</dst>
      <dst id="2">86049.1289</dst>
      <dst id="6">64.9511</dst>
      <dst id="16">4266.0089</dst>
      <dst id="14">1050.0800</dst>
      <dst id="20">3378.2933</dst>
      <dst id="11">9218.6311</dst>
      <dst id="9">6640.9067</dst>
      <dst id="17">116835.2267</dst>
      <dst id="21">6531.6622</dst>
      <dst id="15">897.8578</dst>
    </src>
    <src id="1">
      <dst id="12">19447.0667</dst>
      <dst id="13">862.0978</dst>
      <dst id="19">5845.6178</dst>
      <dst id="23">220.4800</dst>
      <dst id="8">234234.4622</dst>
      <dst id="18">20189.0578</dst>
      <dst id="4">16340.6578</dst>
      <dst id="1">40195.7867</dst>
      <dst id="5">283978.7111</dst>
      <dst id="3">634.9511</dst>
      <dst id="22">10316.0178</dst>
      <dst id="7">24497.2000</dst>
      <dst id="2">5701.9911</dst>
      <dst id="6">13297.8578</dst>
      <dst id="16">8130.3911</dst>
      <dst id="14">53.9822</dst>
      <dst id="20">971.1911</dst>
      <dst id="11">1680.2044</dst>
      <dst id="9">373204.4711</dst>
      <dst id="17">24301.1111</dst>
      <dst id="21">9415.4756</dst>
      <dst id="15">411.2089</dst>
    </src>
    <src id="5">
      <dst id="12">279805.3867</dst>
      <dst id="13">819.3956</dst>
      <dst id="19">6492.8356</dst>
      <dst id="23">12.8000</dst>
      <dst id="8">31543.0756</dst>
      <dst id="18">136.8711</dst>
      <dst id="4">5774.9956</dst>
      <dst id="1">1721.7156</dst>
      <dst id="3">34.4356</dst>
      <dst id="22">2791.1111</dst>
      <dst id="7">168.9600</dst>
      <dst id="2">126119.0311</dst>
      <dst id="16">1019.0222</dst>
      <dst id="14">5.6622</dst>
      <dst id="20">4982.0000</dst>
      <dst id="11">877.6356</dst>
      <dst id="9">2937.4489</dst>
      <dst id="17">113961.3244</dst>
      <dst id="21">493.0489</dst>
      <dst id="15">11205.3511</dst>
    </src>
    <src id="3">
      <dst id="12">11927.5467</dst>
      <dst id="13">863.9111</dst>
      <dst id="19">1976.6400</dst>
      <dst id="23">55.9644</dst>
      <dst id="8">124.7911</dst>
      <dst id="18">212150.3822</dst>
      <dst id="4">29726.5600</dst>
      <dst id="1">7219.2267</dst>
      <dst id="5">3942.4800</dst>
      <dst id="3">20704.7022</dst>
      <dst id="22">2254.0978</dst>
      <dst id="7">1365.4044</dst>
      <dst id="2">7800.7822</dst>
      <dst id="6">7.5378</dst>
      <dst id="16">2361.3156</dst>
      <dst id="14">36982.8444</dst>
      <dst id="20">351.0667</dst>
      <dst id="11">285763.9822</dst>
      <dst id="9">696.8000</dst>
      <dst id="17">8332.2044</dst>
      <dst id="21">9912.6400</dst>
      <dst id="15">81.9200</dst>
    </src>
    <src id="10">
      <dst id="12">27119.6000</dst>
      <dst id="19">1074.7822</dst>
      <dst id="8">1590.0889</dst>
      <dst id="18">6215.2711</dst>
      <dst id="1">1341.3689</dst>
      <dst id="5">1979.3244</dst>
      <dst id="3">29765.5911</dst>
      <dst id="22">11722.3289</dst>
      <dst id="7">119643.2711</dst>
      <dst id="2">45031.7156</dst>
      <dst id="6">2.0889</dst>
      <dst id="16">1849.4400</dst>
      <dst id="14">716.5778</dst>
      <dst id="20">4321.4489</dst>
      <dst id="11">9908.1067</dst>
      <dst id="9">6449.6089</dst>
      <dst id="17">45408.8267</dst>
      <dst id="21">15936.1333</dst>
      <dst id="15">1248.8000</dst>
    </src>
    <src id="22">
      <dst id="12">8065.8222</dst>
      <dst id="13">9371.8044</dst>
      <dst id="19">201.1111</dst>
      <dst id="23">122.4089</dst>
      <dst id="8">8869.8578</dst>
      <dst id="18">119.1022</dst>
      <dst id="4">17590.6578</dst>
      <dst id="1">691.7244</dst>
      <dst id="5">5461.6178</dst>
      <dst id="3">3366.8711</dst>
      <dst id="7">4132.0444</dst>
      <dst id="2">6972.6044</dst>
      <dst id="6">70.0267</dst>
      <dst id="16">14.1689</dst>
      <dst id="14">40.3911</dst>
      <dst id="11">6646.5333</dst>
      <dst id="9">3269.5022</dst>
      <dst id="17">11806.1244</dst>
      <dst id="21">1200.7111</dst>
    </src>
    <src id="7">
      <dst id="12">4362.3644</dst>
      <dst id="13">505.7600</dst>
      <dst id="19">5429.2267</dst>
      <dst id="23">381.3689</dst>
      <dst id="8">2034.3733</dst>
      <dst id="18">1953.9911</dst>
      <dst id="4">16723.6711</dst>
      <dst id="1">17609.4222</dst>
      <dst id="5">1001.6978</dst>
      <dst id="3">2729.0844</dst>
      <dst id="22">3974.0622</dst>
      <dst id="7">706.9867</dst>
      <dst id="2">11786.0089</dst>
      <dst id="6">107.1644</dst>
      <dst id="16">1972.5422</dst>
      <dst id="14">37.4667</dst>
      <dst id="20">3087.6267</dst>
      <dst id="11">4242.2667</dst>
      <dst id="9">1123.8667</dst>
      <dst id="17">23279.8844</dst>
      <dst id="21">14647.6533</dst>
      <dst id="15">710.7556</dst>
    </src>
    <src id="2">
      <dst id="12">166284.5333</dst>
      <dst id="13">17460.4978</dst>
      <dst id="19">295.7244</dst>
      <dst id="23">50.5156</dst>
      <dst id="8">834.3822</dst>
      <dst id="18">165853.6889</dst>
      <dst id="4">97614.6844</dst>
      <dst id="1">7548.6578</dst>
      <dst id="5">2883.6711</dst>
      <dst id="3">636.3911</dst>
      <dst id="22">2584.5956</dst>
      <dst id="7">8452.8800</dst>
      <dst id="2">1714.2844</dst>
      <dst id="6">9167.1200</dst>
      <dst id="16">6732.3822</dst>
      <dst id="14">5843.1022</dst>
      <dst id="20">1680.5333</dst>
      <dst id="11">8681.6533</dst>
      <dst id="9">3588.0356</dst>
      <dst id="17">40675.4400</dst>
      <dst id="21">12897.1022</dst>
      <dst id="15">369.2622</dst>
    </src>
    <src id="6">
      <dst id="12">12208.6400</dst>
      <dst id="13">76.4889</dst>
      <dst id="19">54.2400</dst>
      <dst id="18">12.5689</dst>
      <dst id="4">105.2889</dst>
      <dst id="1">304.2933</dst>
      <dst id="5">0.4089</dst>
      <dst id="3">11.4667</dst>
      <dst id="22">154.8178</dst>
      <dst id="7">82.6311</dst>
      <dst id="2">2956.0089</dst>
      <dst id="16">61.9644</dst>
      <dst id="11">183.7333</dst>
      <dst id="9">47.0400</dst>
      <dst id="17">1373.7333</dst>
      <dst id="21">255.2000</dst>
    </src>
    <src id="16">
      <dst id="12">3879.6267</dst>
      <dst id="13">748.0622</dst>
      <dst id="19">2779.7600</dst>
      <dst id="23">454.6311</dst>
      <dst id="8">10263.7867</dst>
      <dst id="18">37.0222</dst>
      <dst id="4">6380.9244</dst>
      <dst id="1">20056.0622</dst>
      <dst id="5">2992.1956</dst>
      <dst id="3">18.4800</dst>
      <dst id="7">9338.8178</dst>
      <dst id="2">2021.7244</dst>
      <dst id="6">5.1911</dst>
      <dst id="16">31.7600</dst>
      <dst id="14">307.7511</dst>
      <dst id="11">702.6044</dst>
      <dst id="9">4304.1244</dst>
      <dst id="17">17445.5556</dst>
      <dst id="21">808.1956</dst>
    </src>
    <src id="14">
      <dst id="12">17770.7911</dst>
      <dst id="13">1095.3511</dst>
      <dst id="19">7.2800</dst>
      <dst id="23">0.5511</dst>
      <dst id="8">143.8044</dst>
      <dst id="18">14.9244</dst>
      <dst id="4">2257.0933</dst>
      <dst id="1">86.6667</dst>
      <dst id="5">41.2267</dst>
      <dst id="3">103.2267</dst>
      <dst id="22">282.4978</dst>
      <dst id="7">85.4578</dst>
      <dst id="2">4374.3733</dst>
      <dst id="16">43.8044</dst>
      <dst id="20">1.6978</dst>
      <dst id="11">63.7511</dst>
      <dst id="17">4661.9467</dst>
      <dst id="21">144.6222</dst>
      <dst id="15">0.4711</dst>
    </src>
    <src id="20">
      <dst id="12">10267.9200</dst>
      <dst id="13">1454.9689</dst>
      <dst id="19">63.1289</dst>
      <dst id="23">73.9111</dst>
      <dst id="8">453.7511</dst>
      <dst id="18">238.8089</dst>
      <dst id="4">8266.7111</dst>
      <dst id="1">87.0578</dst>
      <dst id="5">2253.2089</dst>
      <dst id="3">7068.0889</dst>
      <dst id="7">947.8844</dst>
      <dst id="2">8708.0444</dst>
      <dst id="6">21.6444</dst>
      <dst id="14">0.7111</dst>
      <dst id="11">6828.3556</dst>
      <dst id="9">4866.6133</dst>
      <dst id="17">3663.1378</dst>
      <dst id="21">613.5644</dst>
    </src>
    <src id="11">
      <dst id="12">414847.1022</dst>
      <dst id="13">2535.8578</dst>
      <dst id="19">113.9022</dst>
      <dst id="23">12.5156</dst>
      <dst id="8">2917.9911</dst>
      <dst id="18">343.8311</dst>
      <dst id="4">15565.2978</dst>
      <dst id="1">1088.7467</dst>
      <dst id="5">1187.5733</dst>
      <dst id="3">4984.5333</dst>
      <dst id="22">3174.9778</dst>
      <dst id="7">591.0489</dst>
      <dst id="2">160934.9956</dst>
      <dst id="6">13.7244</dst>
      <dst id="16">433.9822</dst>
      <dst id="14">169.3689</dst>
      <dst id="20">4427.1378</dst>
      <dst id="11">4177.8578</dst>
      <dst id="9">6447.4222</dst>
      <dst id="17">149711.2533</dst>
      <dst id="21">5913.4667</dst>
      <dst id="15">3056.8178</dst>
    </src>
    <src id="9">
      <dst id="12">490959.0578</dst>
      <dst id="13">22740.5067</dst>
      <dst id="19">12.0267</dst>
      <dst id="23">8.0356</dst>
      <dst id="8">3384.5956</dst>
      <dst id="18">280.3378</dst>
      <dst id="4">9688.0444</dst>
      <dst id="1">3278.8889</dst>
      <dst id="5">1456.9333</dst>
      <dst id="3">83.8489</dst>
      <dst id="22">8806.0622</dst>
      <dst id="7">1836.3200</dst>
      <dst id="2">168728.9600</dst>
      <dst id="6">4.2222</dst>
      <dst id="16">881.1200</dst>
      <dst id="14">14.5778</dst>
      <dst id="20">8846.1511</dst>
      <dst id="11">1203.8933</dst>
      <dst id="9">1250.3378</dst>
      <dst id="17">184849.5556</dst>
      <dst id="21">9343.2622</dst>
      <dst id="15">2915.8400</dst>
    </src>
    <src id="17">
      <dst id="12">35458.1511</dst>
      <dst id="13">3286.1333</dst>
      <dst id="19">691.5378</dst>
      <dst id="23">593.0311</dst>
      <dst id="8">280649.4756</dst>
      <dst id="18">2669.6089</dst>
      <dst id="4">52991.0044</dst>
      <dst id="1">8667.3333</dst>
      <dst id="5">247420.9333</dst>
      <dst id="3">18232.7378</dst>
      <dst id="22">13489.1378</dst>
      <dst id="7">14103.7156</dst>
      <dst id="2">40227.5022</dst>
      <dst id="6">60.6400</dst>
      <dst id="16">5879.6089</dst>
      <dst id="14">23929.5733</dst>
      <dst id="20">4420.8444</dst>
      <dst id="11">200057.6267</dst>
      <dst id="9">356142.6667</dst>
      <dst id="17">3226.5333</dst>
      <dst id="21">16481.8489</dst>
      <dst id="15">1045.9467</dst>
    </src>
    <src id="21">
      <dst id="12">17487.1822</dst>
      <dst id="13">3073.7156</dst>
      <dst id="19">545.9822</dst>
      <dst id="23">223.9911</dst>
      <dst id="8">1021.2267</dst>
      <dst id="18">1929.9289</dst>
      <dst id="4">24474.4889</dst>
      <dst id="1">4203.2800</dst>
      <dst id="5">577.1733</dst>
      <dst id="3">12474.1067</dst>
      <dst id="22">4147.8222</dst>
      <dst id="7">2112.4711</dst>
      <dst id="2">14142.1600</dst>
      <dst id="6">188.0533</dst>
      <dst id="16">429.0756</dst>
      <dst id="14">79.5556</dst>
      <dst id="20">569.5111</dst>
      <dst id="11">7049.4489</dst>
      <dst id="9">1197.7600</dst>
      <dst id="17">6919.4133</dst>
      <dst id="21">3435.6800</dst>
      <dst id="15">132.7022</dst>
    </src>
    <src id="15">
      <dst id="12">4325.5822</dst>
      <dst id="13">444.5778</dst>
      <dst id="19">6164.4444</dst>
      <dst id="8">155.2444</dst>
      <dst id="18">20.0711</dst>
      <dst id="4">6068.9689</dst>
      <dst id="1">780.4178</dst>
      <dst id="5">302.6667</dst>
      <dst id="3">33.4756</dst>
      <dst id="7">213.2267</dst>
      <dst id="2">5466.8089</dst>
      <dst id="6">0.4267</dst>
      <dst id="14">0.6489</dst>
      <dst id="11">2031.7067</dst>
      <dst id="9">8580.6133</dst>
      <dst id="17">654.7644</dst>
      <dst id="21">1523.1467</dst>
    </src>
  </IntraTM>
</TrafficMatrixFile>
