<?xml version="1.0" encoding="UTF-8" standalone="yes"?>
<TrafficMatrixFile xmlns:xsi="http://www.w3.org/2001/XMLSchema-instance" xsi:noNamespaceSchemaLocation="http://totem.run.montefiore.ulg.ac.be/Schema/TrafficMatrix-v1_2.xsd">
  <info>
    <title>Intradomain traffic matrix generated by geant-TM-all.pl</title>
    <date>2005-01-05T16:45:00</date>
    <duration>900</duration>
    <author>Steve Uhlig</author>
    <units>
        <unit type="bandwidth" value="kbps"/>
    </units>
  </info>
  <IntraTM ASID="20965">
    <src id="12">
      <dst id="12">303655.3778</dst>
      <dst id="13">18469.0667</dst>
      <dst id="19">14348.2133</dst>
      <dst id="23">149.9378</dst>
      <dst id="8">1326.1689</dst>
      <dst id="18">4447.4933</dst>
      <dst id="4">82308.3111</dst>
      <dst id="1">19482.7733</dst>
      <dst id="5">3983.0489</dst>
      <dst id="3">10198.9689</dst>
      <dst id="22">12030.5244</dst>
      <dst id="7">9713.5200</dst>
      <dst id="2">72824.3822</dst>
      <dst id="6">30.5689</dst>
      <dst id="16">17562.4267</dst>
      <dst id="14">430.8000</dst>
      <dst id="20">17001.9644</dst>
      <dst id="11">2572.2933</dst>
      <dst id="9">7298.0000</dst>
      <dst id="17">83269.6178</dst>
      <dst id="21">6147.4489</dst>
      <dst id="15">10671.8489</dst>
    </src>
    <src id="13">
      <dst id="12">53625.5111</dst>
      <dst id="19">34164.2489</dst>
      <dst id="23">61.0400</dst>
      <dst id="8">4343.5022</dst>
      <dst id="18">3116.0000</dst>
      <dst id="1">8121.4933</dst>
      <dst id="5">22344.1244</dst>
      <dst id="3">13573.4489</dst>
      <dst id="22">23189.6000</dst>
      <dst id="7">25995.3244</dst>
      <dst id="2">51947.5911</dst>
      <dst id="6">425.0044</dst>
      <dst id="16">9083.7778</dst>
      <dst id="14">3027.5733</dst>
      <dst id="20">16879.2089</dst>
      <dst id="11">23047.0489</dst>
      <dst id="9">14286.1333</dst>
      <dst id="17">61351.5733</dst>
      <dst id="21">18230.1244</dst>
      <dst id="15">9223.5111</dst>
    </src>
    <src id="19">
      <dst id="12">17559.6800</dst>
      <dst id="13">1554.4533</dst>
      <dst id="23">0.4267</dst>
      <dst id="8">2.2756</dst>
      <dst id="18">2.3022</dst>
      <dst id="4">18606.1333</dst>
      <dst id="1">2042.6311</dst>
      <dst id="5">703.3511</dst>
      <dst id="3">16.3022</dst>
      <dst id="22">1877.9556</dst>
      <dst id="7">6049.7422</dst>
      <dst id="2">797.3956</dst>
      <dst id="6">965.3600</dst>
      <dst id="16">8015.4044</dst>
      <dst id="14">55.2533</dst>
      <dst id="20">174.0800</dst>
      <dst id="11">188.0800</dst>
      <dst id="9">14130.1333</dst>
      <dst id="17">17418.5600</dst>
      <dst id="21">661.5822</dst>
      <dst id="15">3.7067</dst>
    </src>
    <src id="23">
      <dst id="12">3082.6667</dst>
      <dst id="13">224.3556</dst>
      <dst id="19">66.6667</dst>
      <dst id="8">3.2000</dst>
      <dst id="18">0.7289</dst>
      <dst id="4">34.2933</dst>
      <dst id="1">81.9111</dst>
      <dst id="3">1028.9156</dst>
      <dst id="22">296.9156</dst>
      <dst id="7">390.6756</dst>
      <dst id="2">16.9333</dst>
      <dst id="6">159.5022</dst>
      <dst id="16">350.1511</dst>
      <dst id="14">0.4711</dst>
      <dst id="20">121.3511</dst>
      <dst id="11">199.6444</dst>
      <dst id="9">1416.1600</dst>
      <dst id="17">1160.1422</dst>
      <dst id="21">687.4222</dst>
      <dst id="15">0.4622</dst>
    </src>
    <src id="8">
      <dst id="12">274077.0044</dst>
      <dst id="13">1859.9289</dst>
      <dst id="19">82.0089</dst>
      <dst id="23">720.0000</dst>
      <dst id="18">91.3244</dst>
      <dst id="4">5357.7956</dst>
      <dst id="1">470.2933</dst>
      <dst id="5">1609.0222</dst>
      <dst id="22">1871.7511</dst>
      <dst id="7">79.6978</dst>
      <dst id="2">96551.6622</dst>
      <dst id="16">1651.9289</dst>
      <dst id="20">1314.2044</dst>
      <dst id="11">1576.1778</dst>
      <dst id="9">1043.1378</dst>
      <dst id="17">94463.0311</dst>
      <dst id="21">110.3289</dst>
      <dst id="15">1637.7244</dst>
    </src>
    <src id="18">
      <dst id="12">93445.5556</dst>
      <dst id="13">118.4711</dst>
      <dst id="19">80.6667</dst>
      <dst id="23">0.8178</dst>
      <dst id="8">1.9556</dst>
      <dst id="4">1168.0267</dst>
      <dst id="1">809.1556</dst>
      <dst id="5">205.4222</dst>
      <dst id="3">44.4267</dst>
      <dst id="22">314.6933</dst>
      <dst id="7">47.6000</dst>
      <dst id="2">29449.0044</dst>
      <dst id="16">46.7822</dst>
      <dst id="14">1.3511</dst>
      <dst id="20">16.8889</dst>
      <dst id="11">3440.2489</dst>
      <dst id="9">130.3911</dst>
      <dst id="17">31256.9067</dst>
      <dst id="21">697.3156</dst>
      <dst id="15">1.2800</dst>
    </src>
    <src id="4">
      <dst id="12">18824.2400</dst>
      <dst id="19">15988.2578</dst>
      <dst id="8">826.7378</dst>
      <dst id="18">324.6756</dst>
      <dst id="4">1.3689</dst>
      <dst id="1">158219.0133</dst>
      <dst id="5">2461.6711</dst>
      <dst id="3">202.8533</dst>
      <dst id="22">5085.2800</dst>
      <dst id="7">37816.2667</dst>
      <dst id="2">55360.2578</dst>
      <dst id="6">210.5778</dst>
      <dst id="16">6408.3822</dst>
      <dst id="14">2078.5956</dst>
      <dst id="20">2311.9200</dst>
      <dst id="11">6234.5156</dst>
      <dst id="9">5039.5467</dst>
      <dst id="17">25616.5156</dst>
      <dst id="21">9680.5689</dst>
      <dst id="15">3033.0489</dst>
    </src>
    <src id="1">
      <dst id="12">23120.9511</dst>
      <dst id="13">5573.8311</dst>
      <dst id="19">273.4222</dst>
      <dst id="23">40.7289</dst>
      <dst id="8">133778.4089</dst>
      <dst id="18">12785.6089</dst>
      <dst id="4">17114.1778</dst>
      <dst id="1">54935.9644</dst>
      <dst id="5">224700.3289</dst>
      <dst id="3">370.4000</dst>
      <dst id="22">5138.3467</dst>
      <dst id="7">32288.1333</dst>
      <dst id="2">12492.6578</dst>
      <dst id="6">20253.8667</dst>
      <dst id="16">15814.4978</dst>
      <dst id="14">63.7778</dst>
      <dst id="20">568.7733</dst>
      <dst id="11">1283.5822</dst>
      <dst id="9">341947.6178</dst>
      <dst id="17">8311.4044</dst>
      <dst id="21">62218.6667</dst>
      <dst id="15">229.6978</dst>
    </src>
    <src id="5">
      <dst id="12">312385.3778</dst>
      <dst id="13">742.6222</dst>
      <dst id="19">6520.6489</dst>
      <dst id="23">8.4000</dst>
      <dst id="8">779.6889</dst>
      <dst id="18">542.6756</dst>
      <dst id="4">6200.4800</dst>
      <dst id="1">1276.4711</dst>
      <dst id="3">1.0667</dst>
      <dst id="22">3265.9911</dst>
      <dst id="7">208.2844</dst>
      <dst id="2">112108.6044</dst>
      <dst id="6">36.0000</dst>
      <dst id="16">806.2044</dst>
      <dst id="14">295.0133</dst>
      <dst id="20">2234.4089</dst>
      <dst id="11">1713.6000</dst>
      <dst id="9">1101.4756</dst>
      <dst id="17">109762.4000</dst>
      <dst id="21">96.6578</dst>
      <dst id="15">1405.1733</dst>
    </src>
    <src id="3">
      <dst id="12">12595.5822</dst>
      <dst id="13">1125.0400</dst>
      <dst id="19">1440.0889</dst>
      <dst id="23">10623.9822</dst>
      <dst id="8">167.9111</dst>
      <dst id="18">48836.4178</dst>
      <dst id="4">37660.3378</dst>
      <dst id="1">6974.9600</dst>
      <dst id="5">666.0267</dst>
      <dst id="3">10513.2267</dst>
      <dst id="22">4739.3156</dst>
      <dst id="7">6840.1689</dst>
      <dst id="2">26875.1822</dst>
      <dst id="6">84.5244</dst>
      <dst id="16">5966.6756</dst>
      <dst id="14">47429.1644</dst>
      <dst id="20">2093.5822</dst>
      <dst id="11">265468.7289</dst>
      <dst id="9">371.8133</dst>
      <dst id="17">7571.1111</dst>
      <dst id="21">22234.5422</dst>
      <dst id="15">1313.9467</dst>
    </src>
    <src id="10">
      <dst id="12">42961.2356</dst>
      <dst id="19">2381.9200</dst>
      <dst id="23">0.6933</dst>
      <dst id="8">3561.2089</dst>
      <dst id="18">3939.7600</dst>
      <dst id="1">3548.6933</dst>
      <dst id="5">1402.4711</dst>
      <dst id="3">7458.7556</dst>
      <dst id="22">5043.6800</dst>
      <dst id="7">118703.7956</dst>
      <dst id="2">17726.7200</dst>
      <dst id="6">86.9067</dst>
      <dst id="16">4145.0044</dst>
      <dst id="14">2545.1289</dst>
      <dst id="20">1947.0133</dst>
      <dst id="11">9720.0800</dst>
      <dst id="9">2220.2578</dst>
      <dst id="17">29197.9111</dst>
      <dst id="21">13751.1911</dst>
      <dst id="15">1864.6311</dst>
    </src>
    <src id="22">
      <dst id="12">10477.0844</dst>
      <dst id="13">1709.4400</dst>
      <dst id="19">472.3289</dst>
      <dst id="23">14.9244</dst>
      <dst id="8">1296.3911</dst>
      <dst id="18">174.8356</dst>
      <dst id="4">20597.8667</dst>
      <dst id="1">188.3111</dst>
      <dst id="5">10280.4533</dst>
      <dst id="3">12743.6533</dst>
      <dst id="7">2968.9956</dst>
      <dst id="2">2782.0711</dst>
      <dst id="6">52.3733</dst>
      <dst id="14">31.4844</dst>
      <dst id="11">1682.3467</dst>
      <dst id="9">1668.7556</dst>
      <dst id="17">3428.5689</dst>
      <dst id="21">862.9156</dst>
    </src>
    <src id="7">
      <dst id="12">5973.1556</dst>
      <dst id="13">594.7022</dst>
      <dst id="19">4836.2578</dst>
      <dst id="23">28.5067</dst>
      <dst id="8">116.1422</dst>
      <dst id="18">205.8400</dst>
      <dst id="4">94344.4978</dst>
      <dst id="1">10103.5200</dst>
      <dst id="5">992.7822</dst>
      <dst id="3">15475.5911</dst>
      <dst id="22">4842.7733</dst>
      <dst id="7">766.4356</dst>
      <dst id="2">9167.2978</dst>
      <dst id="6">160.7556</dst>
      <dst id="16">2226.7200</dst>
      <dst id="14">273.0400</dst>
      <dst id="20">1583.1022</dst>
      <dst id="11">774.5156</dst>
      <dst id="9">5003.8756</dst>
      <dst id="17">12179.3156</dst>
      <dst id="21">3586.2311</dst>
      <dst id="15">401.9022</dst>
    </src>
    <src id="2">
      <dst id="12">123814.2044</dst>
      <dst id="13">520118.3556</dst>
      <dst id="19">4393.8667</dst>
      <dst id="23">3.7333</dst>
      <dst id="8">448.5511</dst>
      <dst id="18">65676.6933</dst>
      <dst id="4">79536.4889</dst>
      <dst id="1">10108.8178</dst>
      <dst id="5">663.9556</dst>
      <dst id="3">173.1200</dst>
      <dst id="22">12696.1511</dst>
      <dst id="7">10095.1556</dst>
      <dst id="2">1454.2756</dst>
      <dst id="6">12668.2133</dst>
      <dst id="16">1352.7644</dst>
      <dst id="14">5630.1156</dst>
      <dst id="20">1680.6311</dst>
      <dst id="11">6258.9956</dst>
      <dst id="9">1142.0000</dst>
      <dst id="17">40231.6444</dst>
      <dst id="21">4374.1067</dst>
      <dst id="15">124.4978</dst>
    </src>
    <src id="6">
      <dst id="12">9861.2000</dst>
      <dst id="13">76.9156</dst>
      <dst id="19">64.1067</dst>
      <dst id="23">5.6533</dst>
      <dst id="8">0.7111</dst>
      <dst id="18">0.3378</dst>
      <dst id="4">1279.7689</dst>
      <dst id="1">53.8578</dst>
      <dst id="5">51.7067</dst>
      <dst id="3">0.3556</dst>
      <dst id="22">91.4311</dst>
      <dst id="7">181.0756</dst>
      <dst id="2">2473.3778</dst>
      <dst id="16">110.9422</dst>
      <dst id="14">0.4622</dst>
      <dst id="20">0.3911</dst>
      <dst id="11">68.7022</dst>
      <dst id="9">16.3644</dst>
      <dst id="17">2292.3911</dst>
      <dst id="21">73.7156</dst>
      <dst id="15">13.3333</dst>
    </src>
    <src id="16">
      <dst id="12">4763.1733</dst>
      <dst id="13">609.5822</dst>
      <dst id="19">4741.6000</dst>
      <dst id="23">198.6400</dst>
      <dst id="8">10459.6444</dst>
      <dst id="18">35.6000</dst>
      <dst id="4">5950.3200</dst>
      <dst id="1">31869.2356</dst>
      <dst id="5">6337.8667</dst>
      <dst id="3">1258.6044</dst>
      <dst id="7">343.1111</dst>
      <dst id="2">567.5467</dst>
      <dst id="6">38.8000</dst>
      <dst id="16">28.3289</dst>
      <dst id="14">401.3956</dst>
      <dst id="11">1189.5378</dst>
      <dst id="9">11988.1244</dst>
      <dst id="17">6766.8444</dst>
      <dst id="21">3790.6044</dst>
    </src>
    <src id="14">
      <dst id="12">19615.1467</dst>
      <dst id="13">41.1289</dst>
      <dst id="19">30.0444</dst>
      <dst id="23">0.3556</dst>
      <dst id="18">2.4533</dst>
      <dst id="4">2760.8800</dst>
      <dst id="1">281.6889</dst>
      <dst id="5">8.3289</dst>
      <dst id="3">129.2444</dst>
      <dst id="22">81.4933</dst>
      <dst id="7">124.6044</dst>
      <dst id="2">5701.7333</dst>
      <dst id="6">0.4622</dst>
      <dst id="16">23.2978</dst>
      <dst id="11">328.1511</dst>
      <dst id="9">18.5244</dst>
      <dst id="17">6974.8533</dst>
      <dst id="21">304.3556</dst>
    </src>
    <src id="20">
      <dst id="12">2588.1244</dst>
      <dst id="13">9969.6622</dst>
      <dst id="19">3628.3289</dst>
      <dst id="23">3.4844</dst>
      <dst id="8">435.0667</dst>
      <dst id="18">1.1822</dst>
      <dst id="4">5244.2844</dst>
      <dst id="1">136.9600</dst>
      <dst id="5">3197.1911</dst>
      <dst id="3">10713.9467</dst>
      <dst id="7">766.6933</dst>
      <dst id="2">5484.6667</dst>
      <dst id="14">0.7111</dst>
      <dst id="11">6870.0089</dst>
      <dst id="9">2853.2889</dst>
      <dst id="17">9997.9378</dst>
      <dst id="21">121.0667</dst>
    </src>
    <src id="11">
      <dst id="12">382153.3067</dst>
      <dst id="13">4477.5289</dst>
      <dst id="19">50.9867</dst>
      <dst id="23">28.6222</dst>
      <dst id="8">585.5289</dst>
      <dst id="18">237.5467</dst>
      <dst id="4">12762.9778</dst>
      <dst id="1">1066.8178</dst>
      <dst id="5">3883.4933</dst>
      <dst id="3">2889.9378</dst>
      <dst id="22">2742.0622</dst>
      <dst id="7">402.4267</dst>
      <dst id="2">137610.3200</dst>
      <dst id="6">308.9778</dst>
      <dst id="16">828.7822</dst>
      <dst id="14">117.3333</dst>
      <dst id="20">1134.7022</dst>
      <dst id="11">3127.4311</dst>
      <dst id="9">1718.0533</dst>
      <dst id="17">142940.5956</dst>
      <dst id="21">784.1067</dst>
      <dst id="15">250.9600</dst>
    </src>
    <src id="9">
      <dst id="12">411870.2311</dst>
      <dst id="13">2225.8400</dst>
      <dst id="19">389.1378</dst>
      <dst id="23">52.8978</dst>
      <dst id="8">3114.1067</dst>
      <dst id="18">120.1956</dst>
      <dst id="4">16955.1911</dst>
      <dst id="1">2941.7422</dst>
      <dst id="5">14089.1556</dst>
      <dst id="3">108.9244</dst>
      <dst id="22">6323.8756</dst>
      <dst id="7">950.2756</dst>
      <dst id="2">143728.7200</dst>
      <dst id="6">7.7511</dst>
      <dst id="16">1678.3644</dst>
      <dst id="14">869.1822</dst>
      <dst id="20">3975.0756</dst>
      <dst id="11">1840.1244</dst>
      <dst id="9">11439.4756</dst>
      <dst id="17">157988.2933</dst>
      <dst id="21">618.2133</dst>
      <dst id="15">4001.5733</dst>
    </src>
    <src id="17">
      <dst id="12">22008.9067</dst>
      <dst id="13">17711.8578</dst>
      <dst id="19">877.6089</dst>
      <dst id="23">557.3511</dst>
      <dst id="8">140032.8444</dst>
      <dst id="18">111.3956</dst>
      <dst id="4">84493.4044</dst>
      <dst id="1">9621.6800</dst>
      <dst id="5">225792.1511</dst>
      <dst id="3">12127.2267</dst>
      <dst id="22">2684.6489</dst>
      <dst id="7">26780.3200</dst>
      <dst id="2">17428.9244</dst>
      <dst id="6">349.3422</dst>
      <dst id="16">7176.7111</dst>
      <dst id="14">31773.7067</dst>
      <dst id="20">1911.0756</dst>
      <dst id="11">187985.9556</dst>
      <dst id="9">248230.3644</dst>
      <dst id="17">1564.9778</dst>
      <dst id="21">11178.1600</dst>
      <dst id="15">1546.9333</dst>
    </src>
    <src id="21">
      <dst id="12">15492.1600</dst>
      <dst id="13">1667.5556</dst>
      <dst id="19">273.4756</dst>
      <dst id="23">10.1689</dst>
      <dst id="8">424.4000</dst>
      <dst id="18">382.0800</dst>
      <dst id="4">17651.2533</dst>
      <dst id="1">23475.8133</dst>
      <dst id="5">489.3956</dst>
      <dst id="3">7371.9289</dst>
      <dst id="22">2357.7156</dst>
      <dst id="7">7549.3867</dst>
      <dst id="2">12978.1067</dst>
      <dst id="6">7.3511</dst>
      <dst id="16">335.3244</dst>
      <dst id="14">117.1911</dst>
      <dst id="20">276.3111</dst>
      <dst id="11">1184.4533</dst>
      <dst id="9">570.7111</dst>
      <dst id="17">7629.7244</dst>
      <dst id="21">1058.4978</dst>
      <dst id="15">3192.2044</dst>
    </src>
    <src id="15">
      <dst id="12">1335.1733</dst>
      <dst id="13">224.1244</dst>
      <dst id="19">80.7111</dst>
      <dst id="23">13.7600</dst>
      <dst id="8">83.0933</dst>
      <dst id="18">2.0444</dst>
      <dst id="4">1797.3689</dst>
      <dst id="1">997.8222</dst>
      <dst id="5">642.7556</dst>
      <dst id="3">1.1822</dst>
      <dst id="7">52.7733</dst>
      <dst id="2">38.3022</dst>
      <dst id="11">134.0267</dst>
      <dst id="9">1021.7244</dst>
      <dst id="17">188.9333</dst>
      <dst id="21">59.0133</dst>
    </src>
  </IntraTM>
</TrafficMatrixFile>
