<?xml version="1.0" encoding="UTF-8" standalone="yes"?>
<TrafficMatrixFile xmlns:xsi="http://www.w3.org/2001/XMLSchema-instance" xsi:noNamespaceSchemaLocation="http://totem.run.montefiore.ulg.ac.be/Schema/TrafficMatrix-v1_2.xsd">
  <info>
    <title>Intradomain traffic matrix generated by geant-TM-all.pl</title>
    <date>2005-01-05T04:00:00</date>
    <duration>900</duration>
    <author>Steve Uhlig</author>
    <units>
        <unit type="bandwidth" value="kbps"/>
    </units>
  </info>
  <IntraTM ASID="20965">
    <src id="12">
      <dst id="12">257458.6400</dst>
      <dst id="13">25140.4444</dst>
      <dst id="19">5600.6489</dst>
      <dst id="23">16452.8089</dst>
      <dst id="8">7840.5956</dst>
      <dst id="18">287.3867</dst>
      <dst id="4">85569.0311</dst>
      <dst id="1">8494.9333</dst>
      <dst id="5">6638.9333</dst>
      <dst id="3">912.0800</dst>
      <dst id="22">9486.0356</dst>
      <dst id="7">1858.1244</dst>
      <dst id="2">83358.8978</dst>
      <dst id="6">3.0133</dst>
      <dst id="16">8560.8889</dst>
      <dst id="14">268.7111</dst>
      <dst id="20">2990.8267</dst>
      <dst id="11">6305.8489</dst>
      <dst id="9">8234.5867</dst>
      <dst id="17">76337.8756</dst>
      <dst id="21">1260.5600</dst>
      <dst id="15">2677.6444</dst>
    </src>
    <src id="13">
      <dst id="12">61794.1422</dst>
      <dst id="19">16079.1644</dst>
      <dst id="23">75.1822</dst>
      <dst id="8">1786.2667</dst>
      <dst id="18">1179.7333</dst>
      <dst id="1">3084.0444</dst>
      <dst id="5">6650.6933</dst>
      <dst id="3">8918.7289</dst>
      <dst id="22">20176.7378</dst>
      <dst id="7">13124.6489</dst>
      <dst id="2">91360.1333</dst>
      <dst id="6">211.7867</dst>
      <dst id="16">11433.4222</dst>
      <dst id="14">3069.1733</dst>
      <dst id="20">4705.6622</dst>
      <dst id="11">15286.6044</dst>
      <dst id="9">15697.8222</dst>
      <dst id="17">58892.1422</dst>
      <dst id="21">7326.3289</dst>
      <dst id="15">4701.2889</dst>
    </src>
    <src id="19">
      <dst id="12">12297.5378</dst>
      <dst id="13">1308.0444</dst>
      <dst id="23">25.2444</dst>
      <dst id="8">2.4889</dst>
      <dst id="18">18.2667</dst>
      <dst id="4">18057.8489</dst>
      <dst id="1">843.5111</dst>
      <dst id="5">1.7600</dst>
      <dst id="3">0.3556</dst>
      <dst id="22">624.8800</dst>
      <dst id="7">4097.8667</dst>
      <dst id="2">1765.6889</dst>
      <dst id="6">36.6044</dst>
      <dst id="16">5218.7822</dst>
      <dst id="14">0.7911</dst>
      <dst id="20">33.9556</dst>
      <dst id="11">237.6800</dst>
      <dst id="9">34.1778</dst>
      <dst id="17">867.7689</dst>
      <dst id="21">529.2978</dst>
      <dst id="15">28.0800</dst>
    </src>
    <src id="23">
      <dst id="12">573.6711</dst>
      <dst id="13">1039.8667</dst>
      <dst id="19">1.1822</dst>
      <dst id="8">62.2578</dst>
      <dst id="18">0.4267</dst>
      <dst id="4">31.4311</dst>
      <dst id="1">38.0889</dst>
      <dst id="5">53.3333</dst>
      <dst id="3">245.5467</dst>
      <dst id="22">503.6089</dst>
      <dst id="7">774.4089</dst>
      <dst id="2">5.1111</dst>
      <dst id="6">6.7911</dst>
      <dst id="16">29.4311</dst>
      <dst id="14">2.4000</dst>
      <dst id="20">13.6889</dst>
      <dst id="11">38.7733</dst>
      <dst id="9">1049.9200</dst>
      <dst id="17">90.0622</dst>
      <dst id="21">52.2489</dst>
      <dst id="15">53.6889</dst>
    </src>
    <src id="8">
      <dst id="12">345054.1067</dst>
      <dst id="13">1807.2178</dst>
      <dst id="19">23.7244</dst>
      <dst id="23">0.9244</dst>
      <dst id="18">36.8444</dst>
      <dst id="4">5882.8000</dst>
      <dst id="1">4181.0133</dst>
      <dst id="5">1548.8622</dst>
      <dst id="3">12.9778</dst>
      <dst id="22">1308.1600</dst>
      <dst id="7">47.5200</dst>
      <dst id="2">184175.4933</dst>
      <dst id="16">1036.8267</dst>
      <dst id="14">13.3333</dst>
      <dst id="20">20.3911</dst>
      <dst id="11">121.7511</dst>
      <dst id="9">333.0844</dst>
      <dst id="17">137508.2489</dst>
      <dst id="21">349.2533</dst>
      <dst id="15">81.4489</dst>
    </src>
    <src id="18">
      <dst id="12">97494.4089</dst>
      <dst id="13">432.3733</dst>
      <dst id="19">27.8311</dst>
      <dst id="23">0.4978</dst>
      <dst id="8">40.3556</dst>
      <dst id="4">1387.4578</dst>
      <dst id="1">953.1378</dst>
      <dst id="5">168.3289</dst>
      <dst id="3">5.5822</dst>
      <dst id="22">153.0133</dst>
      <dst id="7">1325.1022</dst>
      <dst id="2">37975.6000</dst>
      <dst id="16">52.1600</dst>
      <dst id="14">26.7556</dst>
      <dst id="20">20.7556</dst>
      <dst id="11">142.5600</dst>
      <dst id="9">47.0578</dst>
      <dst id="17">37183.0756</dst>
      <dst id="21">560.9244</dst>
    </src>
    <src id="4">
      <dst id="12">16633.1911</dst>
      <dst id="19">14868.2933</dst>
      <dst id="8">608.8089</dst>
      <dst id="18">1024.3822</dst>
      <dst id="1">123574.6311</dst>
      <dst id="5">2258.8178</dst>
      <dst id="3">225.7422</dst>
      <dst id="22">6219.6622</dst>
      <dst id="7">32837.8489</dst>
      <dst id="2">79019.9111</dst>
      <dst id="6">98.5956</dst>
      <dst id="16">2926.7022</dst>
      <dst id="14">1055.1911</dst>
      <dst id="20">3085.8044</dst>
      <dst id="11">4725.0844</dst>
      <dst id="9">2839.7333</dst>
      <dst id="17">16464.3644</dst>
      <dst id="21">5246.0622</dst>
      <dst id="15">1119.2978</dst>
    </src>
    <src id="1">
      <dst id="12">17719.5467</dst>
      <dst id="13">217.6089</dst>
      <dst id="19">50.1867</dst>
      <dst id="23">39.3244</dst>
      <dst id="8">130458.0267</dst>
      <dst id="18">13330.3556</dst>
      <dst id="4">13001.2089</dst>
      <dst id="1">26467.3511</dst>
      <dst id="5">237893.4844</dst>
      <dst id="3">77.3778</dst>
      <dst id="22">414.7467</dst>
      <dst id="7">5239.3600</dst>
      <dst id="2">9492.7378</dst>
      <dst id="6">9177.4667</dst>
      <dst id="16">7286.0356</dst>
      <dst id="14">62.5511</dst>
      <dst id="20">89.4222</dst>
      <dst id="11">573.3422</dst>
      <dst id="9">235409.6356</dst>
      <dst id="17">5878.8800</dst>
      <dst id="21">2203.4222</dst>
      <dst id="15">81.5111</dst>
    </src>
    <src id="5">
      <dst id="12">330831.3156</dst>
      <dst id="13">3214.3644</dst>
      <dst id="19">40.9956</dst>
      <dst id="23">1.2800</dst>
      <dst id="8">714.8711</dst>
      <dst id="18">749.5022</dst>
      <dst id="4">6220.9867</dst>
      <dst id="1">875.9644</dst>
      <dst id="3">1.2267</dst>
      <dst id="22">3888.8356</dst>
      <dst id="7">231.8400</dst>
      <dst id="2">150130.3378</dst>
      <dst id="6">21.7422</dst>
      <dst id="16">820.5244</dst>
      <dst id="14">14.6400</dst>
      <dst id="20">557.6978</dst>
      <dst id="11">1393.1111</dst>
      <dst id="9">2189.9911</dst>
      <dst id="17">117528.5600</dst>
      <dst id="21">2060.3467</dst>
      <dst id="15">267.6178</dst>
    </src>
    <src id="3">
      <dst id="12">11662.3378</dst>
      <dst id="13">396.6933</dst>
      <dst id="19">2037.8489</dst>
      <dst id="23">10173.0133</dst>
      <dst id="8">34.1778</dst>
      <dst id="18">55816.4000</dst>
      <dst id="4">57732.5689</dst>
      <dst id="1">3335.1289</dst>
      <dst id="5">356.9778</dst>
      <dst id="3">9675.2000</dst>
      <dst id="22">739.6089</dst>
      <dst id="7">918.1956</dst>
      <dst id="2">4831.7511</dst>
      <dst id="6">0.8711</dst>
      <dst id="16">1272.4622</dst>
      <dst id="14">45651.9378</dst>
      <dst id="20">35.2444</dst>
      <dst id="11">135857.6000</dst>
      <dst id="9">410.7467</dst>
      <dst id="17">9443.7422</dst>
      <dst id="21">8366.8711</dst>
      <dst id="15">35.2711</dst>
    </src>
    <src id="10">
      <dst id="12">9666.5956</dst>
      <dst id="19">4153.9289</dst>
      <dst id="8">569.0844</dst>
      <dst id="18">326.1156</dst>
      <dst id="1">2142.2844</dst>
      <dst id="5">1938.3911</dst>
      <dst id="3">3468.4889</dst>
      <dst id="22">4170.0444</dst>
      <dst id="7">9788.6489</dst>
      <dst id="2">22783.2800</dst>
      <dst id="6">42.9244</dst>
      <dst id="16">2636.2844</dst>
      <dst id="14">3290.9422</dst>
      <dst id="20">1303.0844</dst>
      <dst id="11">5398.7200</dst>
      <dst id="9">5337.5022</dst>
      <dst id="17">16302.9156</dst>
      <dst id="21">8658.9689</dst>
      <dst id="15">85.9467</dst>
    </src>
    <src id="22">
      <dst id="12">10995.1111</dst>
      <dst id="13">2598.5689</dst>
      <dst id="19">392.8978</dst>
      <dst id="23">109.1467</dst>
      <dst id="8">2509.3778</dst>
      <dst id="18">278.6933</dst>
      <dst id="4">15172.3378</dst>
      <dst id="1">198.2933</dst>
      <dst id="5">3740.7289</dst>
      <dst id="3">720.8711</dst>
      <dst id="7">735.5911</dst>
      <dst id="2">1803.8933</dst>
      <dst id="6">55.2444</dst>
      <dst id="16">28.1600</dst>
      <dst id="14">87.1556</dst>
      <dst id="11">1794.6311</dst>
      <dst id="9">3040.8800</dst>
      <dst id="17">9623.3244</dst>
      <dst id="21">418.5511</dst>
    </src>
    <src id="7">
      <dst id="12">3939.6711</dst>
      <dst id="13">731.3244</dst>
      <dst id="19">1108.2311</dst>
      <dst id="23">82.7556</dst>
      <dst id="8">238.7200</dst>
      <dst id="18">402.9600</dst>
      <dst id="4">14075.3511</dst>
      <dst id="1">5626.7822</dst>
      <dst id="5">2213.8222</dst>
      <dst id="3">206.5600</dst>
      <dst id="22">4426.3289</dst>
      <dst id="7">734.2133</dst>
      <dst id="2">7876.4000</dst>
      <dst id="6">93.8311</dst>
      <dst id="16">852.6311</dst>
      <dst id="14">346.0444</dst>
      <dst id="20">1192.6133</dst>
      <dst id="11">980.6222</dst>
      <dst id="9">665.7778</dst>
      <dst id="17">8628.5156</dst>
      <dst id="21">784.7467</dst>
      <dst id="15">225.2622</dst>
    </src>
    <src id="2">
      <dst id="12">102376.4800</dst>
      <dst id="13">526124.7467</dst>
      <dst id="19">543.7689</dst>
      <dst id="23">21.9200</dst>
      <dst id="8">848.0978</dst>
      <dst id="18">45978.6133</dst>
      <dst id="4">90943.4044</dst>
      <dst id="1">2319.5644</dst>
      <dst id="5">1369.9911</dst>
      <dst id="3">192.0178</dst>
      <dst id="22">3298.6133</dst>
      <dst id="7">6098.1244</dst>
      <dst id="2">791.6889</dst>
      <dst id="6">9236.3556</dst>
      <dst id="16">3285.9467</dst>
      <dst id="14">2679.0756</dst>
      <dst id="20">1440.9067</dst>
      <dst id="11">2993.4489</dst>
      <dst id="9">975.9556</dst>
      <dst id="17">24993.0756</dst>
      <dst id="21">2592.8444</dst>
      <dst id="15">392.5600</dst>
    </src>
    <src id="6">
      <dst id="12">10869.5467</dst>
      <dst id="13">4.4356</dst>
      <dst id="19">25.8044</dst>
      <dst id="8">0.3556</dst>
      <dst id="4">1335.2533</dst>
      <dst id="1">2.5867</dst>
      <dst id="5">1.8400</dst>
      <dst id="3">1.6622</dst>
      <dst id="22">7.1200</dst>
      <dst id="7">21.9911</dst>
      <dst id="2">2920.7556</dst>
      <dst id="16">14.4800</dst>
      <dst id="14">11.0222</dst>
      <dst id="20">1.2800</dst>
      <dst id="11">2.2578</dst>
      <dst id="9">1.5289</dst>
      <dst id="17">1372.0800</dst>
      <dst id="21">10.2933</dst>
    </src>
    <src id="16">
      <dst id="12">2783.4933</dst>
      <dst id="13">403.8756</dst>
      <dst id="19">2940.2222</dst>
      <dst id="23">99.0578</dst>
      <dst id="8">9853.3956</dst>
      <dst id="18">12.5867</dst>
      <dst id="4">4142.7111</dst>
      <dst id="1">12925.0222</dst>
      <dst id="5">5216.5867</dst>
      <dst id="3">1.2089</dst>
      <dst id="7">3244.4089</dst>
      <dst id="2">598.7022</dst>
      <dst id="6">1.2444</dst>
      <dst id="16">69.1822</dst>
      <dst id="14">739.7333</dst>
      <dst id="11">105.2444</dst>
      <dst id="9">7931.8400</dst>
      <dst id="17">3638.1600</dst>
      <dst id="21">1473.7600</dst>
    </src>
    <src id="14">
      <dst id="12">22097.5200</dst>
      <dst id="13">62.1156</dst>
      <dst id="19">5.2267</dst>
      <dst id="23">8.1067</dst>
      <dst id="8">0.4622</dst>
      <dst id="18">11.5644</dst>
      <dst id="4">1827.6711</dst>
      <dst id="1">103.7156</dst>
      <dst id="5">9.9289</dst>
      <dst id="3">72.1333</dst>
      <dst id="22">43.7244</dst>
      <dst id="7">46.9067</dst>
      <dst id="2">7514.5244</dst>
      <dst id="16">33.9733</dst>
      <dst id="20">3.2711</dst>
      <dst id="11">42.0267</dst>
      <dst id="9">67.5556</dst>
      <dst id="17">16069.9822</dst>
      <dst id="21">221.2356</dst>
      <dst id="15">0.3556</dst>
    </src>
    <src id="20">
      <dst id="12">2899.0489</dst>
      <dst id="13">6328.6222</dst>
      <dst id="19">50.9867</dst>
      <dst id="23">13.0844</dst>
      <dst id="8">200.7467</dst>
      <dst id="18">365.9378</dst>
      <dst id="4">6961.0756</dst>
      <dst id="1">282.5333</dst>
      <dst id="5">1898.8356</dst>
      <dst id="3">155.2089</dst>
      <dst id="7">2233.9644</dst>
      <dst id="2">2684.0800</dst>
      <dst id="6">26.5244</dst>
      <dst id="14">1.6000</dst>
      <dst id="11">2966.0000</dst>
      <dst id="9">3444.5689</dst>
      <dst id="17">1846.6489</dst>
      <dst id="21">147.9289</dst>
    </src>
    <src id="11">
      <dst id="12">407313.3956</dst>
      <dst id="13">2948.4089</dst>
      <dst id="19">9.4844</dst>
      <dst id="23">10.0800</dst>
      <dst id="8">321.7511</dst>
      <dst id="18">131.8133</dst>
      <dst id="4">11014.5867</dst>
      <dst id="1">525.8578</dst>
      <dst id="5">1378.6044</dst>
      <dst id="3">296.1156</dst>
      <dst id="22">2786.2044</dst>
      <dst id="7">476.4267</dst>
      <dst id="2">169720.6311</dst>
      <dst id="6">0.4622</dst>
      <dst id="16">278.2133</dst>
      <dst id="14">101.6178</dst>
      <dst id="20">92.7644</dst>
      <dst id="11">1323.7867</dst>
      <dst id="9">995.3778</dst>
      <dst id="17">159767.1733</dst>
      <dst id="21">453.4578</dst>
      <dst id="15">169.4133</dst>
    </src>
    <src id="9">
      <dst id="12">456227.3867</dst>
      <dst id="13">5017.7511</dst>
      <dst id="19">908.8889</dst>
      <dst id="23">158.8622</dst>
      <dst id="8">63.9911</dst>
      <dst id="18">15.9733</dst>
      <dst id="4">10680.5333</dst>
      <dst id="1">2007.5467</dst>
      <dst id="5">2816.3644</dst>
      <dst id="3">31.2267</dst>
      <dst id="22">3269.6267</dst>
      <dst id="7">1161.8933</dst>
      <dst id="2">169096.2222</dst>
      <dst id="6">1.4756</dst>
      <dst id="16">1478.7822</dst>
      <dst id="14">27.1378</dst>
      <dst id="20">3757.6089</dst>
      <dst id="11">509.2000</dst>
      <dst id="9">342.8356</dst>
      <dst id="17">191694.1422</dst>
      <dst id="21">211.3956</dst>
      <dst id="15">3261.5556</dst>
    </src>
    <src id="17">
      <dst id="12">5454.7378</dst>
      <dst id="13">22023.2622</dst>
      <dst id="19">468.1600</dst>
      <dst id="23">124.7733</dst>
      <dst id="8">138215.8578</dst>
      <dst id="18">373.4578</dst>
      <dst id="4">30349.3600</dst>
      <dst id="1">3761.5200</dst>
      <dst id="5">216966.4356</dst>
      <dst id="3">5246.4978</dst>
      <dst id="22">4403.8044</dst>
      <dst id="7">1974.1244</dst>
      <dst id="2">20732.9511</dst>
      <dst id="6">1310.4800</dst>
      <dst id="16">12359.1556</dst>
      <dst id="14">29362.8444</dst>
      <dst id="20">1092.8178</dst>
      <dst id="11">113150.0089</dst>
      <dst id="9">200350.6933</dst>
      <dst id="17">2352.9244</dst>
      <dst id="21">8825.4756</dst>
      <dst id="15">3285.9289</dst>
    </src>
    <src id="21">
      <dst id="12">15414.6756</dst>
      <dst id="13">1657.4578</dst>
      <dst id="19">291.8400</dst>
      <dst id="23">26.8089</dst>
      <dst id="8">135.9289</dst>
      <dst id="18">227.4311</dst>
      <dst id="4">9743.5556</dst>
      <dst id="1">677.3511</dst>
      <dst id="5">1057.6800</dst>
      <dst id="3">2245.4844</dst>
      <dst id="22">2667.3156</dst>
      <dst id="7">1337.4933</dst>
      <dst id="2">8984.4267</dst>
      <dst id="6">10.0444</dst>
      <dst id="16">437.0311</dst>
      <dst id="14">93.4133</dst>
      <dst id="20">22.0978</dst>
      <dst id="11">410.0978</dst>
      <dst id="9">553.8489</dst>
      <dst id="17">4763.0044</dst>
      <dst id="21">472.4444</dst>
      <dst id="15">171.8844</dst>
    </src>
    <src id="15">
      <dst id="12">10242.2400</dst>
      <dst id="13">1390.7289</dst>
      <dst id="19">8.4622</dst>
      <dst id="23">9.9733</dst>
      <dst id="8">92.1511</dst>
      <dst id="18">2.3467</dst>
      <dst id="4">5389.5911</dst>
      <dst id="1">423.3422</dst>
      <dst id="5">489.6178</dst>
      <dst id="3">12.2489</dst>
      <dst id="7">12.7822</dst>
      <dst id="2">5199.1467</dst>
      <dst id="14">0.4267</dst>
      <dst id="11">237.7778</dst>
      <dst id="9">2104.6133</dst>
      <dst id="17">182.9156</dst>
      <dst id="21">90.1156</dst>
    </src>
  </IntraTM>
</TrafficMatrixFile>
