<?xml version="1.0" encoding="UTF-8" standalone="yes"?>
<TrafficMatrixFile xmlns:xsi="http://www.w3.org/2001/XMLSchema-instance" xsi:noNamespaceSchemaLocation="http://totem.run.montefiore.ulg.ac.be/Schema/TrafficMatrix-v1_2.xsd">
  <info>
    <title>Intradomain traffic matrix generated by geant-TM-all.pl</title>
    <date>2005-01-04T22:30:00</date>
    <duration>900</duration>
    <author>Steve Uhlig</author>
    <units>
        <unit type="bandwidth" value="kbps"/>
    </units>
  </info>
  <IntraTM ASID="20965">
    <src id="12">
      <dst id="12">242004.0444</dst>
      <dst id="13">25607.2622</dst>
      <dst id="19">4725.9378</dst>
      <dst id="23">2961.7156</dst>
      <dst id="8">2850.2044</dst>
      <dst id="18">799.2889</dst>
      <dst id="4">61884.5867</dst>
      <dst id="1">21689.2444</dst>
      <dst id="5">53199.5822</dst>
      <dst id="3">1593.8756</dst>
      <dst id="22">19482.1156</dst>
      <dst id="7">5424.6222</dst>
      <dst id="2">80761.9822</dst>
      <dst id="6">1.3422</dst>
      <dst id="16">13284.0711</dst>
      <dst id="14">2903.3422</dst>
      <dst id="20">9240.0533</dst>
      <dst id="11">4693.2533</dst>
      <dst id="9">6865.9644</dst>
      <dst id="17">80270.9422</dst>
      <dst id="21">5596.1956</dst>
      <dst id="15">775.5111</dst>
    </src>
    <src id="13">
      <dst id="12">44096.3822</dst>
      <dst id="19">9079.6533</dst>
      <dst id="23">1250.4356</dst>
      <dst id="8">5830.5600</dst>
      <dst id="18">4728.2222</dst>
      <dst id="1">3500.7556</dst>
      <dst id="5">9335.7956</dst>
      <dst id="3">6556.3467</dst>
      <dst id="22">18482.7200</dst>
      <dst id="7">14956.3111</dst>
      <dst id="2">91495.9822</dst>
      <dst id="6">127.3778</dst>
      <dst id="16">8948.2844</dst>
      <dst id="14">7378.9067</dst>
      <dst id="20">11310.4267</dst>
      <dst id="11">9833.5644</dst>
      <dst id="9">8968.2311</dst>
      <dst id="17">345706.1689</dst>
      <dst id="21">8989.0222</dst>
      <dst id="15">8309.1644</dst>
    </src>
    <src id="19">
      <dst id="12">16188.6044</dst>
      <dst id="13">454.6933</dst>
      <dst id="23">14.0267</dst>
      <dst id="8">1.0667</dst>
      <dst id="18">0.5333</dst>
      <dst id="4">16390.7200</dst>
      <dst id="1">710.0889</dst>
      <dst id="5">1.5200</dst>
      <dst id="3">173.1289</dst>
      <dst id="22">39.6178</dst>
      <dst id="7">3126.0444</dst>
      <dst id="2">548.4267</dst>
      <dst id="6">54.6578</dst>
      <dst id="16">6473.2978</dst>
      <dst id="14">1695.2533</dst>
      <dst id="20">15.4844</dst>
      <dst id="11">1479.9378</dst>
      <dst id="9">50.0267</dst>
      <dst id="17">2242.0533</dst>
      <dst id="21">638.7733</dst>
      <dst id="15">0.3556</dst>
    </src>
    <src id="23">
      <dst id="12">695.3422</dst>
      <dst id="13">654.0356</dst>
      <dst id="18">2.8000</dst>
      <dst id="4">12.6222</dst>
      <dst id="1">48.4089</dst>
      <dst id="5">70.2667</dst>
      <dst id="3">194.5333</dst>
      <dst id="22">203.7511</dst>
      <dst id="7">246.5511</dst>
      <dst id="2">108.9600</dst>
      <dst id="16">102.0711</dst>
      <dst id="14">535.6800</dst>
      <dst id="20">2.4178</dst>
      <dst id="11">40.7822</dst>
      <dst id="9">3662.2667</dst>
      <dst id="17">974.2489</dst>
      <dst id="21">182.1244</dst>
      <dst id="15">0.9867</dst>
    </src>
    <src id="8">
      <dst id="12">295993.9733</dst>
      <dst id="13">507.2000</dst>
      <dst id="19">23.8133</dst>
      <dst id="18">31.2267</dst>
      <dst id="4">7809.2089</dst>
      <dst id="1">197.3689</dst>
      <dst id="5">1997.0667</dst>
      <dst id="3">126.0800</dst>
      <dst id="22">2579.8578</dst>
      <dst id="7">3.4222</dst>
      <dst id="2">120559.6089</dst>
      <dst id="16">1543.8400</dst>
      <dst id="20">1047.0400</dst>
      <dst id="11">74.9778</dst>
      <dst id="9">239.9467</dst>
      <dst id="17">129177.6978</dst>
      <dst id="21">165.2978</dst>
      <dst id="15">493.7867</dst>
    </src>
    <src id="18">
      <dst id="12">89168.7289</dst>
      <dst id="13">198.1956</dst>
      <dst id="19">17.5644</dst>
      <dst id="23">0.3556</dst>
      <dst id="8">60.6133</dst>
      <dst id="4">1291.5644</dst>
      <dst id="1">1696.6578</dst>
      <dst id="5">103.5467</dst>
      <dst id="3">32.3733</dst>
      <dst id="22">84.6222</dst>
      <dst id="7">24.7111</dst>
      <dst id="2">25051.5111</dst>
      <dst id="16">14.8267</dst>
      <dst id="14">15.5644</dst>
      <dst id="20">14.7022</dst>
      <dst id="11">90.8089</dst>
      <dst id="9">278.5867</dst>
      <dst id="17">36296.5778</dst>
      <dst id="21">138.1156</dst>
      <dst id="15">134.3289</dst>
    </src>
    <src id="4">
      <dst id="12">15420.1867</dst>
      <dst id="19">15343.8578</dst>
      <dst id="8">494.3822</dst>
      <dst id="18">565.2800</dst>
      <dst id="4">2.1956</dst>
      <dst id="1">7992.8889</dst>
      <dst id="5">2218.2133</dst>
      <dst id="3">146.8089</dst>
      <dst id="22">2803.3600</dst>
      <dst id="7">39068.9689</dst>
      <dst id="2">56558.9422</dst>
      <dst id="6">0.8889</dst>
      <dst id="16">1259.3600</dst>
      <dst id="14">2521.4400</dst>
      <dst id="20">1496.5778</dst>
      <dst id="11">2847.6711</dst>
      <dst id="9">2006.5778</dst>
      <dst id="17">34783.1378</dst>
      <dst id="21">7045.9022</dst>
      <dst id="15">700.8622</dst>
    </src>
    <src id="1">
      <dst id="12">30285.1733</dst>
      <dst id="13">378.3378</dst>
      <dst id="19">21.6622</dst>
      <dst id="23">34.7911</dst>
      <dst id="8">119487.0044</dst>
      <dst id="18">13210.5778</dst>
      <dst id="4">5733.9644</dst>
      <dst id="1">7329.7689</dst>
      <dst id="5">233082.8800</dst>
      <dst id="3">89.8133</dst>
      <dst id="22">2043.1733</dst>
      <dst id="7">1332.4267</dst>
      <dst id="2">3263.2978</dst>
      <dst id="6">8204.9067</dst>
      <dst id="16">10224.4178</dst>
      <dst id="14">176.8711</dst>
      <dst id="20">92.2578</dst>
      <dst id="11">132.8711</dst>
      <dst id="9">196758.8978</dst>
      <dst id="17">7069.8844</dst>
      <dst id="21">2350.1867</dst>
      <dst id="15">130.8533</dst>
    </src>
    <src id="5">
      <dst id="12">271462.9244</dst>
      <dst id="13">5934.8089</dst>
      <dst id="19">8.0711</dst>
      <dst id="23">317.5378</dst>
      <dst id="8">592.9067</dst>
      <dst id="18">1741.3689</dst>
      <dst id="4">3776.4089</dst>
      <dst id="1">373.9111</dst>
      <dst id="3">6.0089</dst>
      <dst id="22">11147.8667</dst>
      <dst id="7">93.5378</dst>
      <dst id="2">118008.6311</dst>
      <dst id="6">13.4400</dst>
      <dst id="16">517.2622</dst>
      <dst id="14">13.3333</dst>
      <dst id="20">7771.9556</dst>
      <dst id="11">565.3244</dst>
      <dst id="9">922.0000</dst>
      <dst id="17">99700.2311</dst>
      <dst id="21">76.3733</dst>
      <dst id="15">42.9778</dst>
    </src>
    <src id="3">
      <dst id="12">106937.2089</dst>
      <dst id="13">5125.6089</dst>
      <dst id="19">1053.6622</dst>
      <dst id="23">8284.3644</dst>
      <dst id="8">113.9822</dst>
      <dst id="18">58107.3689</dst>
      <dst id="4">36829.9200</dst>
      <dst id="1">4237.9822</dst>
      <dst id="5">438.7911</dst>
      <dst id="3">9932.6222</dst>
      <dst id="22">615.9822</dst>
      <dst id="7">1876.8089</dst>
      <dst id="2">10726.7733</dst>
      <dst id="6">1.5467</dst>
      <dst id="16">840.5067</dst>
      <dst id="14">70832.9156</dst>
      <dst id="20">172.1244</dst>
      <dst id="11">116027.6267</dst>
      <dst id="9">221.4044</dst>
      <dst id="17">5450.6044</dst>
      <dst id="21">17623.2089</dst>
      <dst id="15">60.2578</dst>
    </src>
    <src id="10">
      <dst id="12">12935.7333</dst>
      <dst id="19">4342.6222</dst>
      <dst id="8">306.9867</dst>
      <dst id="18">142.0000</dst>
      <dst id="1">2927.3600</dst>
      <dst id="5">1089.2444</dst>
      <dst id="3">2047.0044</dst>
      <dst id="22">4391.3778</dst>
      <dst id="7">9914.7467</dst>
      <dst id="2">33271.9822</dst>
      <dst id="6">5.2711</dst>
      <dst id="16">2444.5422</dst>
      <dst id="14">6114.9600</dst>
      <dst id="20">1909.7511</dst>
      <dst id="11">8173.6267</dst>
      <dst id="9">8780.9244</dst>
      <dst id="17">19153.3156</dst>
      <dst id="21">6407.4667</dst>
      <dst id="15">91.7244</dst>
    </src>
    <src id="22">
      <dst id="12">11258.9600</dst>
      <dst id="13">2407.9200</dst>
      <dst id="19">227.6000</dst>
      <dst id="23">68.4800</dst>
      <dst id="8">785.9200</dst>
      <dst id="18">196.0356</dst>
      <dst id="4">12460.9422</dst>
      <dst id="1">217.9733</dst>
      <dst id="5">3877.5467</dst>
      <dst id="3">279.8667</dst>
      <dst id="7">197.3244</dst>
      <dst id="2">3020.5422</dst>
      <dst id="6">2.4622</dst>
      <dst id="14">159.4667</dst>
      <dst id="11">871.2000</dst>
      <dst id="9">4429.4133</dst>
      <dst id="17">3505.3600</dst>
      <dst id="21">560.4356</dst>
    </src>
    <src id="7">
      <dst id="12">4772.9600</dst>
      <dst id="13">2568.8533</dst>
      <dst id="19">210.3733</dst>
      <dst id="23">61.0133</dst>
      <dst id="8">84.9867</dst>
      <dst id="18">53.2533</dst>
      <dst id="4">13078.5067</dst>
      <dst id="1">2068.7733</dst>
      <dst id="5">1027.5467</dst>
      <dst id="3">296.3022</dst>
      <dst id="22">3262.2311</dst>
      <dst id="7">876.7289</dst>
      <dst id="2">6876.6756</dst>
      <dst id="6">53.9644</dst>
      <dst id="16">1227.5822</dst>
      <dst id="14">173.5644</dst>
      <dst id="20">217.2800</dst>
      <dst id="11">767.6356</dst>
      <dst id="9">858.0267</dst>
      <dst id="17">4237.3689</dst>
      <dst id="21">3635.8133</dst>
      <dst id="15">299.6356</dst>
    </src>
    <src id="2">
      <dst id="12">93627.1378</dst>
      <dst id="13">510440.3022</dst>
      <dst id="19">271.4311</dst>
      <dst id="23">110.9867</dst>
      <dst id="8">318.7556</dst>
      <dst id="18">45574.6133</dst>
      <dst id="4">82000.4622</dst>
      <dst id="1">6806.1422</dst>
      <dst id="5">1462.6933</dst>
      <dst id="3">90.5867</dst>
      <dst id="22">2431.9022</dst>
      <dst id="7">3762.5600</dst>
      <dst id="2">951.7244</dst>
      <dst id="6">9515.5733</dst>
      <dst id="16">2897.6178</dst>
      <dst id="14">6521.8222</dst>
      <dst id="20">542.2400</dst>
      <dst id="11">3503.5200</dst>
      <dst id="9">663.6444</dst>
      <dst id="17">38443.9822</dst>
      <dst id="21">3240.6311</dst>
      <dst id="15">697.4756</dst>
    </src>
    <src id="6">
      <dst id="12">10436.6489</dst>
      <dst id="13">17.5022</dst>
      <dst id="19">43.2089</dst>
      <dst id="8">0.8444</dst>
      <dst id="18">1.1378</dst>
      <dst id="4">1265.9289</dst>
      <dst id="1">4.8978</dst>
      <dst id="5">14.0444</dst>
      <dst id="22">14.1511</dst>
      <dst id="7">19.2533</dst>
      <dst id="2">2929.6978</dst>
      <dst id="16">38.3556</dst>
      <dst id="14">11.4667</dst>
      <dst id="20">0.4000</dst>
      <dst id="11">0.4000</dst>
      <dst id="9">25.1200</dst>
      <dst id="17">1938.6756</dst>
      <dst id="21">2.0089</dst>
    </src>
    <src id="16">
      <dst id="12">3280.9600</dst>
      <dst id="13">272.6222</dst>
      <dst id="19">3963.0044</dst>
      <dst id="23">47.9200</dst>
      <dst id="8">6159.0044</dst>
      <dst id="18">8.9156</dst>
      <dst id="4">2344.4356</dst>
      <dst id="1">16544.0356</dst>
      <dst id="5">6618.9067</dst>
      <dst id="3">1.7778</dst>
      <dst id="7">2096.9067</dst>
      <dst id="2">750.4711</dst>
      <dst id="6">13.2622</dst>
      <dst id="16">51.1467</dst>
      <dst id="14">659.2178</dst>
      <dst id="11">212.0178</dst>
      <dst id="9">9976.4978</dst>
      <dst id="17">1125.7333</dst>
      <dst id="21">2685.5556</dst>
    </src>
    <src id="14">
      <dst id="12">28408.6844</dst>
      <dst id="13">58.8711</dst>
      <dst id="19">33.8756</dst>
      <dst id="23">12.7289</dst>
      <dst id="8">3.0667</dst>
      <dst id="18">3.6889</dst>
      <dst id="4">2075.2622</dst>
      <dst id="1">563.6889</dst>
      <dst id="5">1.3511</dst>
      <dst id="3">98.1156</dst>
      <dst id="22">88.9689</dst>
      <dst id="7">87.6089</dst>
      <dst id="2">8786.7556</dst>
      <dst id="16">17.6533</dst>
      <dst id="20">1.6356</dst>
      <dst id="11">86.0533</dst>
      <dst id="9">67.8222</dst>
      <dst id="17">18561.4667</dst>
      <dst id="21">56.4089</dst>
      <dst id="15">5.8044</dst>
    </src>
    <src id="20">
      <dst id="12">4352.7733</dst>
      <dst id="13">7319.7333</dst>
      <dst id="19">4.4356</dst>
      <dst id="23">13.7956</dst>
      <dst id="8">199.6444</dst>
      <dst id="18">7.0933</dst>
      <dst id="4">7245.9556</dst>
      <dst id="1">235.4756</dst>
      <dst id="5">3610.7733</dst>
      <dst id="3">348.4978</dst>
      <dst id="7">14.6311</dst>
      <dst id="2">7849.4311</dst>
      <dst id="6">25.9556</dst>
      <dst id="14">13.0133</dst>
      <dst id="11">326.1867</dst>
      <dst id="9">3548.6400</dst>
      <dst id="17">1099.8222</dst>
      <dst id="21">204.0178</dst>
    </src>
    <src id="11">
      <dst id="12">383924.1689</dst>
      <dst id="13">6745.2622</dst>
      <dst id="19">18.2044</dst>
      <dst id="23">57.2356</dst>
      <dst id="8">1069.3778</dst>
      <dst id="18">78.7556</dst>
      <dst id="4">8483.0844</dst>
      <dst id="1">426.1067</dst>
      <dst id="5">393.9378</dst>
      <dst id="3">637.5733</dst>
      <dst id="22">1239.0933</dst>
      <dst id="7">246.7556</dst>
      <dst id="2">150728.6044</dst>
      <dst id="16">242.2044</dst>
      <dst id="14">44.3289</dst>
      <dst id="20">51.1644</dst>
      <dst id="11">1533.1111</dst>
      <dst id="9">1378.4178</dst>
      <dst id="17">153943.7867</dst>
      <dst id="21">379.9822</dst>
      <dst id="15">3519.6889</dst>
    </src>
    <src id="9">
      <dst id="12">390677.2889</dst>
      <dst id="13">19725.0578</dst>
      <dst id="19">55.2711</dst>
      <dst id="23">125.8133</dst>
      <dst id="8">98.3378</dst>
      <dst id="18">62.0178</dst>
      <dst id="4">8450.2400</dst>
      <dst id="1">1585.7689</dst>
      <dst id="5">577.2889</dst>
      <dst id="3">36.2400</dst>
      <dst id="22">3067.9378</dst>
      <dst id="7">286.0978</dst>
      <dst id="2">164013.8933</dst>
      <dst id="6">14.3822</dst>
      <dst id="16">643.3511</dst>
      <dst id="14">1.7778</dst>
      <dst id="20">1298.5156</dst>
      <dst id="11">417.1022</dst>
      <dst id="9">1843.9022</dst>
      <dst id="17">159556.8978</dst>
      <dst id="21">108.3911</dst>
      <dst id="15">1842.6400</dst>
    </src>
    <src id="17">
      <dst id="12">4359.3156</dst>
      <dst id="13">19032.9867</dst>
      <dst id="19">213.7778</dst>
      <dst id="23">132.6667</dst>
      <dst id="8">129774.8622</dst>
      <dst id="18">582.5422</dst>
      <dst id="4">29531.6533</dst>
      <dst id="1">11447.4667</dst>
      <dst id="5">203470.3467</dst>
      <dst id="3">5224.8000</dst>
      <dst id="22">7542.1689</dst>
      <dst id="7">1150.0267</dst>
      <dst id="2">13797.1378</dst>
      <dst id="6">105.4578</dst>
      <dst id="16">3062.9600</dst>
      <dst id="14">56196.4622</dst>
      <dst id="20">728.9778</dst>
      <dst id="11">103072.9867</dst>
      <dst id="9">159589.6267</dst>
      <dst id="17">2960.5333</dst>
      <dst id="21">12585.0844</dst>
      <dst id="15">113.0400</dst>
    </src>
    <src id="21">
      <dst id="12">26460.7733</dst>
      <dst id="13">1450.9422</dst>
      <dst id="19">310.7467</dst>
      <dst id="23">39.3956</dst>
      <dst id="8">55.4578</dst>
      <dst id="18">5414.5778</dst>
      <dst id="4">10309.5644</dst>
      <dst id="1">1170.4089</dst>
      <dst id="5">120.3022</dst>
      <dst id="3">984.2844</dst>
      <dst id="22">3231.3600</dst>
      <dst id="7">1453.4222</dst>
      <dst id="2">18574.4178</dst>
      <dst id="6">3.5467</dst>
      <dst id="16">496.6933</dst>
      <dst id="14">1209.8133</dst>
      <dst id="20">212.7111</dst>
      <dst id="11">325.5644</dst>
      <dst id="9">302.8356</dst>
      <dst id="17">5636.8000</dst>
      <dst id="21">856.6044</dst>
      <dst id="15">35.3778</dst>
    </src>
    <src id="15">
      <dst id="12">5084.9422</dst>
      <dst id="13">588.2578</dst>
      <dst id="19">29.3867</dst>
      <dst id="23">1.4933</dst>
      <dst id="8">173.2889</dst>
      <dst id="18">16.1156</dst>
      <dst id="4">689.3156</dst>
      <dst id="1">761.5022</dst>
      <dst id="5">43.6711</dst>
      <dst id="3">39.3067</dst>
      <dst id="7">24.5067</dst>
      <dst id="2">244.0178</dst>
      <dst id="14">1.6978</dst>
      <dst id="11">200.8889</dst>
      <dst id="9">779.1733</dst>
      <dst id="17">53.8044</dst>
      <dst id="21">17.4222</dst>
    </src>
  </IntraTM>
</TrafficMatrixFile>
