<?xml version="1.0" encoding="UTF-8" standalone="yes"?>
<TrafficMatrixFile xmlns:xsi="http://www.w3.org/2001/XMLSchema-instance" xsi:noNamespaceSchemaLocation="http://totem.run.montefiore.ulg.ac.be/Schema/TrafficMatrix-v1_2.xsd">
  <info>
    <title>Intradomain traffic matrix generated by geant-TM-all.pl</title>
    <date>2005-01-03T20:15:00</date>
    <duration>900</duration>
    <author>Steve Uhlig</author>
    <units>
        <unit type="bandwidth" value="kbps"/>
    </units>
  </info>
  <IntraTM ASID="20965">
    <src id="12">
      <dst id="12">263329.5378</dst>
      <dst id="13">15686.8533</dst>
      <dst id="19">2155.8756</dst>
      <dst id="23">46.7733</dst>
      <dst id="8">6879.0400</dst>
      <dst id="18">359.4044</dst>
      <dst id="4">58977.2444</dst>
      <dst id="1">6920.2756</dst>
      <dst id="5">4438.5422</dst>
      <dst id="3">5246.3467</dst>
      <dst id="22">8880.0356</dst>
      <dst id="7">7076.5511</dst>
      <dst id="2">74846.7289</dst>
      <dst id="6">5.3244</dst>
      <dst id="16">6231.0578</dst>
      <dst id="14">262.0711</dst>
      <dst id="20">11568.1511</dst>
      <dst id="11">11238.8978</dst>
      <dst id="9">4847.1022</dst>
      <dst id="17">86846.9778</dst>
      <dst id="21">13478.7644</dst>
      <dst id="15">11738.6844</dst>
    </src>
    <src id="13">
      <dst id="12">63977.8044</dst>
      <dst id="19">5669.6622</dst>
      <dst id="23">23.3600</dst>
      <dst id="8">1840.2133</dst>
      <dst id="18">3061.6178</dst>
      <dst id="1">3493.1911</dst>
      <dst id="5">9883.8311</dst>
      <dst id="3">9271.8133</dst>
      <dst id="22">21622.7289</dst>
      <dst id="7">15844.7911</dst>
      <dst id="2">76212.4622</dst>
      <dst id="6">150.7467</dst>
      <dst id="16">34316.6756</dst>
      <dst id="14">1535.6178</dst>
      <dst id="20">3937.0578</dst>
      <dst id="11">14125.6978</dst>
      <dst id="9">22632.6489</dst>
      <dst id="17">225602.3111</dst>
      <dst id="21">9461.9733</dst>
      <dst id="15">3550.7467</dst>
    </src>
    <src id="19">
      <dst id="12">14353.5911</dst>
      <dst id="13">303.7156</dst>
      <dst id="23">1.2089</dst>
      <dst id="8">68.7111</dst>
      <dst id="18">334.4711</dst>
      <dst id="4">17435.9022</dst>
      <dst id="1">588.6578</dst>
      <dst id="5">1.0933</dst>
      <dst id="3">230.2222</dst>
      <dst id="22">130.8444</dst>
      <dst id="7">3663.5378</dst>
      <dst id="2">261.2178</dst>
      <dst id="6">26.3289</dst>
      <dst id="16">6960.1956</dst>
      <dst id="20">13.6889</dst>
      <dst id="11">98.4533</dst>
      <dst id="9">6837.7867</dst>
      <dst id="17">686.4533</dst>
      <dst id="21">492.7022</dst>
    </src>
    <src id="23">
      <dst id="12">1119.4933</dst>
      <dst id="13">47.8756</dst>
      <dst id="19">1.0044</dst>
      <dst id="8">25.2444</dst>
      <dst id="18">0.5422</dst>
      <dst id="4">100.4533</dst>
      <dst id="1">28.0356</dst>
      <dst id="5">122.4356</dst>
      <dst id="3">191.5022</dst>
      <dst id="22">515.7956</dst>
      <dst id="7">129.3867</dst>
      <dst id="2">8.4178</dst>
      <dst id="16">288.0622</dst>
      <dst id="14">1.0311</dst>
      <dst id="20">10.2844</dst>
      <dst id="11">415.6178</dst>
      <dst id="9">392.0000</dst>
      <dst id="17">382.6044</dst>
      <dst id="21">43.2711</dst>
      <dst id="15">0.3378</dst>
    </src>
    <src id="8">
      <dst id="12">288057.2267</dst>
      <dst id="13">14368.2489</dst>
      <dst id="19">2.7111</dst>
      <dst id="18">48.0000</dst>
      <dst id="4">4400.6400</dst>
      <dst id="1">257.8578</dst>
      <dst id="5">7091.2978</dst>
      <dst id="3">14.7911</dst>
      <dst id="22">2634.3022</dst>
      <dst id="7">50.3556</dst>
      <dst id="2">113417.8044</dst>
      <dst id="16">484.8000</dst>
      <dst id="20">71.5644</dst>
      <dst id="11">2154.5778</dst>
      <dst id="9">1473.0133</dst>
      <dst id="17">112232.1511</dst>
      <dst id="21">138.7822</dst>
      <dst id="15">6530.6933</dst>
    </src>
    <src id="18">
      <dst id="12">88548.5867</dst>
      <dst id="13">96.2311</dst>
      <dst id="19">10.1689</dst>
      <dst id="23">0.5333</dst>
      <dst id="8">2.3022</dst>
      <dst id="4">1279.9733</dst>
      <dst id="1">1228.6133</dst>
      <dst id="5">131.6356</dst>
      <dst id="3">44.0267</dst>
      <dst id="22">135.5467</dst>
      <dst id="7">63.8933</dst>
      <dst id="2">30396.9333</dst>
      <dst id="16">12.5689</dst>
      <dst id="20">2.5067</dst>
      <dst id="11">51.4044</dst>
      <dst id="9">19.6800</dst>
      <dst id="17">33934.7111</dst>
      <dst id="21">269.9022</dst>
    </src>
    <src id="4">
      <dst id="12">17711.7689</dst>
      <dst id="19">15307.8044</dst>
      <dst id="23">4.3822</dst>
      <dst id="8">3094.6222</dst>
      <dst id="18">1515.3956</dst>
      <dst id="4">1.4933</dst>
      <dst id="1">12973.6800</dst>
      <dst id="5">3018.8978</dst>
      <dst id="3">56.7200</dst>
      <dst id="22">7000.4178</dst>
      <dst id="7">142414.9067</dst>
      <dst id="2">31967.2800</dst>
      <dst id="6">73.3244</dst>
      <dst id="16">1834.1067</dst>
      <dst id="14">1317.3689</dst>
      <dst id="20">1166.0267</dst>
      <dst id="11">8148.7378</dst>
      <dst id="9">2868.0711</dst>
      <dst id="17">68774.5067</dst>
      <dst id="21">6726.5600</dst>
      <dst id="15">632.7467</dst>
    </src>
    <src id="1">
      <dst id="12">16486.3289</dst>
      <dst id="13">1034.3378</dst>
      <dst id="19">57.3778</dst>
      <dst id="23">68.6133</dst>
      <dst id="8">120640.6311</dst>
      <dst id="18">15749.5200</dst>
      <dst id="4">2599.7244</dst>
      <dst id="1">22550.1778</dst>
      <dst id="5">215138.0178</dst>
      <dst id="3">165.2267</dst>
      <dst id="22">2702.4711</dst>
      <dst id="7">3298.9600</dst>
      <dst id="2">2364.5511</dst>
      <dst id="6">8770.7111</dst>
      <dst id="16">11124.6578</dst>
      <dst id="14">61.2978</dst>
      <dst id="20">48.2844</dst>
      <dst id="11">414.4000</dst>
      <dst id="9">227038.8089</dst>
      <dst id="17">1362.8356</dst>
      <dst id="21">3765.8311</dst>
      <dst id="15">123.1644</dst>
    </src>
    <src id="5">
      <dst id="12">292631.1111</dst>
      <dst id="13">14256.8267</dst>
      <dst id="19">1.1378</dst>
      <dst id="23">67.1644</dst>
      <dst id="8">1893.1911</dst>
      <dst id="18">244.2578</dst>
      <dst id="4">5861.2178</dst>
      <dst id="1">936.6400</dst>
      <dst id="3">21.4222</dst>
      <dst id="22">4859.1644</dst>
      <dst id="7">1456.4267</dst>
      <dst id="2">133693.4844</dst>
      <dst id="6">2.4533</dst>
      <dst id="16">962.1244</dst>
      <dst id="14">4.4178</dst>
      <dst id="20">13565.4667</dst>
      <dst id="11">8653.5644</dst>
      <dst id="9">2027.9022</dst>
      <dst id="17">108801.6267</dst>
      <dst id="21">437.2444</dst>
      <dst id="15">132.4000</dst>
    </src>
    <src id="3">
      <dst id="12">13763.1822</dst>
      <dst id="13">363.1467</dst>
      <dst id="19">1732.2133</dst>
      <dst id="23">7596.6044</dst>
      <dst id="8">93.8222</dst>
      <dst id="18">64172.6311</dst>
      <dst id="4">13647.1467</dst>
      <dst id="1">5945.2000</dst>
      <dst id="5">882.2933</dst>
      <dst id="3">14735.5378</dst>
      <dst id="22">746.0622</dst>
      <dst id="7">1742.0267</dst>
      <dst id="2">5106.4622</dst>
      <dst id="16">1315.0578</dst>
      <dst id="14">36632.6222</dst>
      <dst id="20">175.3778</dst>
      <dst id="11">144348.9778</dst>
      <dst id="9">277.9289</dst>
      <dst id="17">13989.4400</dst>
      <dst id="21">15274.7911</dst>
      <dst id="15">92.4000</dst>
    </src>
    <src id="10">
      <dst id="12">18785.7156</dst>
      <dst id="19">357.9556</dst>
      <dst id="8">859.8578</dst>
      <dst id="18">6800.0178</dst>
      <dst id="1">2270.4000</dst>
      <dst id="5">1145.9556</dst>
      <dst id="3">7110.2933</dst>
      <dst id="22">8633.1289</dst>
      <dst id="7">7387.1022</dst>
      <dst id="2">26703.8667</dst>
      <dst id="6">65.4844</dst>
      <dst id="16">1637.7067</dst>
      <dst id="14">739.9556</dst>
      <dst id="20">3678.7733</dst>
      <dst id="11">5853.9733</dst>
      <dst id="9">1502.1689</dst>
      <dst id="17">25661.9911</dst>
      <dst id="21">9352.5600</dst>
      <dst id="15">482.1689</dst>
    </src>
    <src id="22">
      <dst id="12">6621.8222</dst>
      <dst id="13">11002.4178</dst>
      <dst id="19">131.1289</dst>
      <dst id="23">19.2000</dst>
      <dst id="8">1830.3556</dst>
      <dst id="18">447.2000</dst>
      <dst id="4">14922.7467</dst>
      <dst id="1">481.9911</dst>
      <dst id="5">3673.1556</dst>
      <dst id="3">351.2267</dst>
      <dst id="7">1394.2489</dst>
      <dst id="2">1819.2267</dst>
      <dst id="6">24.0089</dst>
      <dst id="16">14.7911</dst>
      <dst id="14">90.4178</dst>
      <dst id="11">1623.4400</dst>
      <dst id="9">2385.7511</dst>
      <dst id="17">6348.1422</dst>
      <dst id="21">1105.1022</dst>
    </src>
    <src id="7">
      <dst id="12">7140.1156</dst>
      <dst id="13">509.1111</dst>
      <dst id="19">257.4222</dst>
      <dst id="23">56.8444</dst>
      <dst id="8">375.5644</dst>
      <dst id="18">112.7733</dst>
      <dst id="4">22989.0311</dst>
      <dst id="1">6410.6400</dst>
      <dst id="5">925.5111</dst>
      <dst id="3">1456.1422</dst>
      <dst id="22">3270.9156</dst>
      <dst id="7">680.8178</dst>
      <dst id="2">7771.1467</dst>
      <dst id="6">14.2222</dst>
      <dst id="16">296.5511</dst>
      <dst id="14">48.4533</dst>
      <dst id="20">1442.5600</dst>
      <dst id="11">1228.7644</dst>
      <dst id="9">1679.7778</dst>
      <dst id="17">15777.2711</dst>
      <dst id="21">3393.8489</dst>
      <dst id="15">333.5467</dst>
    </src>
    <src id="2">
      <dst id="12">138897.6978</dst>
      <dst id="13">479091.3511</dst>
      <dst id="19">185.8133</dst>
      <dst id="23">63.8844</dst>
      <dst id="8">277.9200</dst>
      <dst id="18">59116.5689</dst>
      <dst id="4">59088.9867</dst>
      <dst id="1">11369.7778</dst>
      <dst id="5">723.1111</dst>
      <dst id="3">52.1956</dst>
      <dst id="22">3871.2356</dst>
      <dst id="7">3731.9644</dst>
      <dst id="2">914.6222</dst>
      <dst id="6">7511.4400</dst>
      <dst id="16">3759.2267</dst>
      <dst id="14">5302.6400</dst>
      <dst id="20">739.2000</dst>
      <dst id="11">7869.8311</dst>
      <dst id="9">783.7422</dst>
      <dst id="17">29734.0622</dst>
      <dst id="21">1973.7956</dst>
      <dst id="15">15.8222</dst>
    </src>
    <src id="6">
      <dst id="12">11147.2267</dst>
      <dst id="13">4.3111</dst>
      <dst id="19">3.9822</dst>
      <dst id="18">12.1244</dst>
      <dst id="4">1072.3644</dst>
      <dst id="1">2.4711</dst>
      <dst id="5">12.1778</dst>
      <dst id="3">0.9156</dst>
      <dst id="22">14.0622</dst>
      <dst id="7">13.4844</dst>
      <dst id="2">2517.5911</dst>
      <dst id="16">3.3244</dst>
      <dst id="14">12.8000</dst>
      <dst id="11">9.7511</dst>
      <dst id="9">0.6933</dst>
      <dst id="17">1112.9511</dst>
      <dst id="21">3.6178</dst>
      <dst id="15">8.2844</dst>
    </src>
    <src id="16">
      <dst id="12">3680.1244</dst>
      <dst id="13">980.6756</dst>
      <dst id="19">5124.6578</dst>
      <dst id="23">45.7244</dst>
      <dst id="8">6962.5333</dst>
      <dst id="18">3.8489</dst>
      <dst id="4">3876.8622</dst>
      <dst id="1">22114.7911</dst>
      <dst id="5">3448.6044</dst>
      <dst id="3">0.9689</dst>
      <dst id="7">881.1111</dst>
      <dst id="2">883.7511</dst>
      <dst id="6">65.3511</dst>
      <dst id="16">60.7733</dst>
      <dst id="14">393.1022</dst>
      <dst id="11">467.5822</dst>
      <dst id="9">5739.0044</dst>
      <dst id="17">1259.7156</dst>
      <dst id="21">2510.0178</dst>
    </src>
    <src id="14">
      <dst id="12">17177.5111</dst>
      <dst id="13">144.1244</dst>
      <dst id="19">4.8356</dst>
      <dst id="23">0.4622</dst>
      <dst id="18">1.2089</dst>
      <dst id="4">1868.3378</dst>
      <dst id="1">167.4933</dst>
      <dst id="5">16.2756</dst>
      <dst id="3">86.2400</dst>
      <dst id="22">64.4978</dst>
      <dst id="7">80.7556</dst>
      <dst id="2">6009.4311</dst>
      <dst id="6">0.3556</dst>
      <dst id="16">12.8000</dst>
      <dst id="20">20.9778</dst>
      <dst id="11">126.1067</dst>
      <dst id="9">12.6222</dst>
      <dst id="17">6911.2089</dst>
      <dst id="21">40.9422</dst>
      <dst id="15">13.6889</dst>
    </src>
    <src id="20">
      <dst id="12">2553.0133</dst>
      <dst id="13">6676.9511</dst>
      <dst id="19">0.4889</dst>
      <dst id="23">0.4622</dst>
      <dst id="8">31.9644</dst>
      <dst id="18">0.9422</dst>
      <dst id="4">11111.8044</dst>
      <dst id="1">34.2578</dst>
      <dst id="5">1101.4667</dst>
      <dst id="3">1412.9511</dst>
      <dst id="7">744.1689</dst>
      <dst id="2">6164.0000</dst>
      <dst id="14">1187.0133</dst>
      <dst id="11">111.5733</dst>
      <dst id="9">8602.2578</dst>
      <dst id="17">1115.1733</dst>
      <dst id="21">156.3022</dst>
    </src>
    <src id="11">
      <dst id="12">391508.8711</dst>
      <dst id="13">1754.9689</dst>
      <dst id="19">24.8356</dst>
      <dst id="23">13.6000</dst>
      <dst id="8">401.3422</dst>
      <dst id="18">123.8044</dst>
      <dst id="4">6238.7644</dst>
      <dst id="1">449.6622</dst>
      <dst id="5">2423.9822</dst>
      <dst id="3">326.4444</dst>
      <dst id="22">2212.0444</dst>
      <dst id="7">469.8044</dst>
      <dst id="2">157394.9333</dst>
      <dst id="6">39.6533</dst>
      <dst id="16">732.9156</dst>
      <dst id="14">66.4889</dst>
      <dst id="20">1011.4933</dst>
      <dst id="11">1397.7600</dst>
      <dst id="9">2070.4356</dst>
      <dst id="17">151519.0044</dst>
      <dst id="21">7681.3333</dst>
      <dst id="15">218.9156</dst>
    </src>
    <src id="9">
      <dst id="12">405415.4400</dst>
      <dst id="13">11966.8444</dst>
      <dst id="19">229.8844</dst>
      <dst id="23">21.2800</dst>
      <dst id="8">1784.0444</dst>
      <dst id="18">251.1200</dst>
      <dst id="4">6969.2622</dst>
      <dst id="1">982.7289</dst>
      <dst id="5">1599.2889</dst>
      <dst id="3">38.7733</dst>
      <dst id="22">1813.1022</dst>
      <dst id="7">871.3600</dst>
      <dst id="2">142284.7822</dst>
      <dst id="6">24.1778</dst>
      <dst id="16">552.6756</dst>
      <dst id="14">1.7156</dst>
      <dst id="20">2843.6711</dst>
      <dst id="11">9851.6889</dst>
      <dst id="9">713.0489</dst>
      <dst id="17">176039.8844</dst>
      <dst id="21">31364.2756</dst>
      <dst id="15">737.6533</dst>
    </src>
    <src id="17">
      <dst id="12">7441.7156</dst>
      <dst id="13">9269.3244</dst>
      <dst id="19">647.9022</dst>
      <dst id="23">182.0267</dst>
      <dst id="8">127686.0622</dst>
      <dst id="18">242.3911</dst>
      <dst id="4">53219.2533</dst>
      <dst id="1">2492.5156</dst>
      <dst id="5">205549.3689</dst>
      <dst id="3">5890.1422</dst>
      <dst id="22">9502.0711</dst>
      <dst id="7">1411.2178</dst>
      <dst id="2">17663.6444</dst>
      <dst id="6">52.0533</dst>
      <dst id="16">7716.3644</dst>
      <dst id="14">24216.6667</dst>
      <dst id="20">509.1467</dst>
      <dst id="11">114229.1467</dst>
      <dst id="9">186408.9689</dst>
      <dst id="17">1863.1378</dst>
      <dst id="21">12623.2711</dst>
      <dst id="15">54.6844</dst>
    </src>
    <src id="21">
      <dst id="12">23489.4578</dst>
      <dst id="13">777.9733</dst>
      <dst id="19">384.3644</dst>
      <dst id="23">40.0356</dst>
      <dst id="8">124.1333</dst>
      <dst id="18">500.2222</dst>
      <dst id="4">14663.5822</dst>
      <dst id="1">2319.5911</dst>
      <dst id="5">2124.0711</dst>
      <dst id="3">748.6756</dst>
      <dst id="22">1688.4178</dst>
      <dst id="7">4038.4356</dst>
      <dst id="2">15808.0000</dst>
      <dst id="6">4.2311</dst>
      <dst id="16">244.6222</dst>
      <dst id="14">73.9111</dst>
      <dst id="20">310.9156</dst>
      <dst id="11">354.8178</dst>
      <dst id="9">1448.6133</dst>
      <dst id="17">5798.3644</dst>
      <dst id="21">2037.4222</dst>
      <dst id="15">18.9244</dst>
    </src>
    <src id="15">
      <dst id="12">243.4844</dst>
      <dst id="13">189.7689</dst>
      <dst id="8">109.8311</dst>
      <dst id="18">1.2089</dst>
      <dst id="4">2628.8178</dst>
      <dst id="1">464.7822</dst>
      <dst id="5">100.3022</dst>
      <dst id="3">10.0533</dst>
      <dst id="7">60.7467</dst>
      <dst id="2">73.4844</dst>
      <dst id="16">0.3556</dst>
      <dst id="14">33.9822</dst>
      <dst id="11">2099.8133</dst>
      <dst id="9">443.2444</dst>
      <dst id="17">927.4578</dst>
      <dst id="21">55.4667</dst>
    </src>
  </IntraTM>
</TrafficMatrixFile>
