<?xml version="1.0" encoding="UTF-8" standalone="yes"?>
<TrafficMatrixFile xmlns:xsi="http://www.w3.org/2001/XMLSchema-instance" xsi:noNamespaceSchemaLocation="http://totem.run.montefiore.ulg.ac.be/Schema/TrafficMatrix-v1_2.xsd">
  <info>
    <title>Intradomain traffic matrix generated by geant-TM-all.pl</title>
    <date>2005-01-05T20:00:00</date>
    <duration>900</duration>
    <author>Steve Uhlig</author>
    <units>
        <unit type="bandwidth" value="kbps"/>
    </units>
  </info>
  <IntraTM ASID="20965">
    <src id="12">
      <dst id="12">343370.9333</dst>
      <dst id="13">54203.8133</dst>
      <dst id="19">8005.5911</dst>
      <dst id="23">336.7022</dst>
      <dst id="8">12420.3200</dst>
      <dst id="18">11154.4356</dst>
      <dst id="4">76723.1111</dst>
      <dst id="1">14234.2844</dst>
      <dst id="5">7841.9289</dst>
      <dst id="3">9201.6800</dst>
      <dst id="22">15718.3822</dst>
      <dst id="7">11086.9511</dst>
      <dst id="2">121778.5956</dst>
      <dst id="6">205.4044</dst>
      <dst id="16">19243.1467</dst>
      <dst id="14">1376.8000</dst>
      <dst id="20">23682.6222</dst>
      <dst id="11">12803.9378</dst>
      <dst id="9">19789.2978</dst>
      <dst id="17">139463.2089</dst>
      <dst id="21">24955.9556</dst>
      <dst id="15">2396.7467</dst>
    </src>
    <src id="13">
      <dst id="12">87192.0889</dst>
      <dst id="19">25935.4400</dst>
      <dst id="23">306.6933</dst>
      <dst id="8">12991.4222</dst>
      <dst id="18">5026.7200</dst>
      <dst id="1">12420.8533</dst>
      <dst id="5">14829.0311</dst>
      <dst id="3">42819.0933</dst>
      <dst id="22">27690.0622</dst>
      <dst id="7">40893.1911</dst>
      <dst id="2">121456.7467</dst>
      <dst id="6">430.2311</dst>
      <dst id="16">11333.2711</dst>
      <dst id="14">6091.4844</dst>
      <dst id="20">15827.1289</dst>
      <dst id="11">39533.6711</dst>
      <dst id="9">28219.6267</dst>
      <dst id="17">259869.9644</dst>
      <dst id="21">46843.7067</dst>
      <dst id="15">9025.2356</dst>
    </src>
    <src id="19">
      <dst id="12">17257.3600</dst>
      <dst id="13">2182.0889</dst>
      <dst id="23">319.3244</dst>
      <dst id="8">119.0667</dst>
      <dst id="18">94.7822</dst>
      <dst id="4">18568.6400</dst>
      <dst id="1">5166.3111</dst>
      <dst id="5">111.7689</dst>
      <dst id="3">98.7556</dst>
      <dst id="22">2599.7956</dst>
      <dst id="7">10859.6444</dst>
      <dst id="2">11620.5511</dst>
      <dst id="6">342.3111</dst>
      <dst id="16">6326.2933</dst>
      <dst id="14">13.0933</dst>
      <dst id="20">4490.4800</dst>
      <dst id="11">2297.2267</dst>
      <dst id="9">386.1067</dst>
      <dst id="17">2935.0667</dst>
      <dst id="21">2645.7244</dst>
      <dst id="15">74.2311</dst>
    </src>
    <src id="23">
      <dst id="12">1128.8889</dst>
      <dst id="13">581.1022</dst>
      <dst id="19">2443.6622</dst>
      <dst id="8">53.3333</dst>
      <dst id="18">153.8844</dst>
      <dst id="4">212.1867</dst>
      <dst id="1">57.6089</dst>
      <dst id="5">94.3289</dst>
      <dst id="3">1126.3467</dst>
      <dst id="22">1782.8444</dst>
      <dst id="7">646.9600</dst>
      <dst id="2">133.4222</dst>
      <dst id="6">5.0222</dst>
      <dst id="16">1902.9956</dst>
      <dst id="14">19.3422</dst>
      <dst id="20">65.4933</dst>
      <dst id="11">165.6267</dst>
      <dst id="9">1868.8000</dst>
      <dst id="17">986.1956</dst>
      <dst id="21">2417.5644</dst>
      <dst id="15">226.6667</dst>
    </src>
    <src id="8">
      <dst id="12">295211.3333</dst>
      <dst id="13">3655.3689</dst>
      <dst id="19">275.9644</dst>
      <dst id="23">13.3333</dst>
      <dst id="18">84.6933</dst>
      <dst id="4">7858.0356</dst>
      <dst id="1">1361.8578</dst>
      <dst id="5">8261.4756</dst>
      <dst id="3">597.4756</dst>
      <dst id="22">1168.3644</dst>
      <dst id="7">102.7556</dst>
      <dst id="2">134199.3067</dst>
      <dst id="16">1924.5333</dst>
      <dst id="14">1.9556</dst>
      <dst id="20">1793.4489</dst>
      <dst id="11">1593.5467</dst>
      <dst id="9">1111.1467</dst>
      <dst id="17">119919.7956</dst>
      <dst id="21">925.8933</dst>
      <dst id="15">2439.7600</dst>
    </src>
    <src id="18">
      <dst id="12">123587.5556</dst>
      <dst id="13">1262.0089</dst>
      <dst id="19">9.9644</dst>
      <dst id="23">19.3422</dst>
      <dst id="8">290.5422</dst>
      <dst id="4">1642.5244</dst>
      <dst id="1">1115.0489</dst>
      <dst id="5">96.4267</dst>
      <dst id="3">349.6622</dst>
      <dst id="22">345.1556</dst>
      <dst id="7">964.7556</dst>
      <dst id="2">39278.0444</dst>
      <dst id="16">148.5156</dst>
      <dst id="14">3.8222</dst>
      <dst id="20">115.6356</dst>
      <dst id="11">360.2044</dst>
      <dst id="9">32.2222</dst>
      <dst id="17">52623.4933</dst>
      <dst id="21">1218.0267</dst>
      <dst id="15">15.7156</dst>
    </src>
    <src id="4">
      <dst id="12">26672.3556</dst>
      <dst id="19">11661.7422</dst>
      <dst id="23">9.5111</dst>
      <dst id="8">2961.0489</dst>
      <dst id="18">1493.0756</dst>
      <dst id="4">1.4578</dst>
      <dst id="1">234444.5600</dst>
      <dst id="5">2519.4311</dst>
      <dst id="3">1840.5156</dst>
      <dst id="22">6731.4311</dst>
      <dst id="7">43456.7556</dst>
      <dst id="2">116820.5867</dst>
      <dst id="6">152.6933</dst>
      <dst id="16">6879.3067</dst>
      <dst id="14">2084.2844</dst>
      <dst id="20">2251.1644</dst>
      <dst id="11">8757.5556</dst>
      <dst id="9">6176.4267</dst>
      <dst id="17">45790.6311</dst>
      <dst id="21">13288.6667</dst>
      <dst id="15">1113.3422</dst>
    </src>
    <src id="1">
      <dst id="12">26167.0756</dst>
      <dst id="13">14283.1822</dst>
      <dst id="19">3019.1111</dst>
      <dst id="23">73.7956</dst>
      <dst id="8">212192.9511</dst>
      <dst id="18">15810.5689</dst>
      <dst id="4">17233.1111</dst>
      <dst id="1">37780.2667</dst>
      <dst id="5">289348.0889</dst>
      <dst id="3">13134.7911</dst>
      <dst id="22">15690.7822</dst>
      <dst id="7">38745.6089</dst>
      <dst id="2">30553.0578</dst>
      <dst id="6">19896.1689</dst>
      <dst id="16">10441.8222</dst>
      <dst id="14">270.1600</dst>
      <dst id="20">10810.3111</dst>
      <dst id="11">2858.0444</dst>
      <dst id="9">424180.3467</dst>
      <dst id="17">16467.0756</dst>
      <dst id="21">10314.1156</dst>
      <dst id="15">198.4889</dst>
    </src>
    <src id="5">
      <dst id="12">313345.4311</dst>
      <dst id="13">3589.7244</dst>
      <dst id="19">132.9867</dst>
      <dst id="23">3.8400</dst>
      <dst id="8">19289.1733</dst>
      <dst id="18">480.1244</dst>
      <dst id="4">7188.4533</dst>
      <dst id="1">2571.1378</dst>
      <dst id="3">143.2178</dst>
      <dst id="22">6596.5956</dst>
      <dst id="7">851.7244</dst>
      <dst id="2">140690.2489</dst>
      <dst id="6">6.4711</dst>
      <dst id="16">2394.4711</dst>
      <dst id="14">2.8800</dst>
      <dst id="20">6146.6222</dst>
      <dst id="11">2061.8222</dst>
      <dst id="9">1628.3022</dst>
      <dst id="17">114826.7289</dst>
      <dst id="21">407.6622</dst>
      <dst id="15">7806.1333</dst>
    </src>
    <src id="3">
      <dst id="12">20102.9067</dst>
      <dst id="13">16061.8044</dst>
      <dst id="19">2755.3689</dst>
      <dst id="23">9469.4044</dst>
      <dst id="8">423.7778</dst>
      <dst id="18">230703.1289</dst>
      <dst id="4">26921.0756</dst>
      <dst id="1">16171.3956</dst>
      <dst id="5">836.4444</dst>
      <dst id="3">21507.3511</dst>
      <dst id="22">9594.0622</dst>
      <dst id="7">9598.8800</dst>
      <dst id="2">15072.3556</dst>
      <dst id="6">41.6711</dst>
      <dst id="16">6849.7600</dst>
      <dst id="14">53998.6133</dst>
      <dst id="20">4515.3156</dst>
      <dst id="11">422496.3022</dst>
      <dst id="9">18900.2844</dst>
      <dst id="17">36004.8889</dst>
      <dst id="21">18969.2267</dst>
      <dst id="15">882.2578</dst>
    </src>
    <src id="10">
      <dst id="12">25134.8622</dst>
      <dst id="19">12919.1200</dst>
      <dst id="8">3805.7333</dst>
      <dst id="18">6128.0000</dst>
      <dst id="1">7033.7689</dst>
      <dst id="5">2132.3467</dst>
      <dst id="3">22670.1956</dst>
      <dst id="22">6605.8044</dst>
      <dst id="7">11263.2444</dst>
      <dst id="2">61000.3022</dst>
      <dst id="6">89.5467</dst>
      <dst id="16">6483.6178</dst>
      <dst id="14">2389.5289</dst>
      <dst id="20">11175.0756</dst>
      <dst id="11">12271.6533</dst>
      <dst id="9">2954.0267</dst>
      <dst id="17">51367.3511</dst>
      <dst id="21">16590.9333</dst>
      <dst id="15">389.8400</dst>
    </src>
    <src id="22">
      <dst id="12">13163.4044</dst>
      <dst id="13">4928.4889</dst>
      <dst id="19">3237.7689</dst>
      <dst id="23">174.4267</dst>
      <dst id="8">3410.5067</dst>
      <dst id="18">821.9911</dst>
      <dst id="4">18356.3378</dst>
      <dst id="1">3167.9733</dst>
      <dst id="5">4469.1733</dst>
      <dst id="3">3436.8444</dst>
      <dst id="7">6822.2489</dst>
      <dst id="2">3379.8933</dst>
      <dst id="6">79.9467</dst>
      <dst id="14">74.1867</dst>
      <dst id="11">3930.8533</dst>
      <dst id="9">5004.3733</dst>
      <dst id="17">9072.4089</dst>
      <dst id="21">1938.2489</dst>
    </src>
    <src id="7">
      <dst id="12">4337.6622</dst>
      <dst id="13">2153.7067</dst>
      <dst id="19">3755.6978</dst>
      <dst id="23">221.6000</dst>
      <dst id="8">378.4889</dst>
      <dst id="18">5044.3467</dst>
      <dst id="4">10690.3733</dst>
      <dst id="1">20361.9022</dst>
      <dst id="5">1274.7556</dst>
      <dst id="3">15355.3956</dst>
      <dst id="22">4261.7511</dst>
      <dst id="7">745.4933</dst>
      <dst id="2">16589.1378</dst>
      <dst id="6">82.7200</dst>
      <dst id="16">3047.4756</dst>
      <dst id="14">1083.7867</dst>
      <dst id="20">2105.7156</dst>
      <dst id="11">3075.0667</dst>
      <dst id="9">2199.2533</dst>
      <dst id="17">16710.3556</dst>
      <dst id="21">8724.5778</dst>
      <dst id="15">221.9467</dst>
    </src>
    <src id="2">
      <dst id="12">161962.2756</dst>
      <dst id="13">528816.8978</dst>
      <dst id="19">8591.4222</dst>
      <dst id="23">61.6089</dst>
      <dst id="8">3376.8178</dst>
      <dst id="18">170195.2800</dst>
      <dst id="4">90887.3511</dst>
      <dst id="1">11684.2311</dst>
      <dst id="5">2271.6267</dst>
      <dst id="3">808.0444</dst>
      <dst id="22">3101.4844</dst>
      <dst id="7">20552.6311</dst>
      <dst id="2">2358.8444</dst>
      <dst id="6">13819.4489</dst>
      <dst id="16">1582.6222</dst>
      <dst id="14">5280.2489</dst>
      <dst id="20">2006.0622</dst>
      <dst id="11">8431.1111</dst>
      <dst id="9">3950.8089</dst>
      <dst id="17">56325.4400</dst>
      <dst id="21">10507.9556</dst>
      <dst id="15">1192.2400</dst>
    </src>
    <src id="6">
      <dst id="12">11559.2356</dst>
      <dst id="13">55.4044</dst>
      <dst id="19">124.8622</dst>
      <dst id="8">3.0044</dst>
      <dst id="4">1231.4044</dst>
      <dst id="1">132.9778</dst>
      <dst id="5">1.3156</dst>
      <dst id="3">23.2889</dst>
      <dst id="22">21.4222</dst>
      <dst id="7">217.8133</dst>
      <dst id="2">4466.9067</dst>
      <dst id="16">96.5867</dst>
      <dst id="20">23.3600</dst>
      <dst id="11">17.0222</dst>
      <dst id="9">11.8222</dst>
      <dst id="17">2132.9156</dst>
      <dst id="21">79.5644</dst>
      <dst id="15">22.9333</dst>
    </src>
    <src id="16">
      <dst id="12">4652.4889</dst>
      <dst id="13">1480.9511</dst>
      <dst id="19">3111.4933</dst>
      <dst id="23">84.3644</dst>
      <dst id="8">6673.9111</dst>
      <dst id="18">126.7111</dst>
      <dst id="4">6158.0889</dst>
      <dst id="1">22325.6089</dst>
      <dst id="5">10474.3556</dst>
      <dst id="3">489.8933</dst>
      <dst id="7">4163.4667</dst>
      <dst id="2">3653.7867</dst>
      <dst id="6">87.0578</dst>
      <dst id="16">56.8622</dst>
      <dst id="14">414.3733</dst>
      <dst id="11">4213.9200</dst>
      <dst id="9">13414.9333</dst>
      <dst id="17">26951.5644</dst>
      <dst id="21">1916.1422</dst>
    </src>
    <src id="14">
      <dst id="12">23364.8089</dst>
      <dst id="13">155.0578</dst>
      <dst id="19">8.7556</dst>
      <dst id="23">17.6800</dst>
      <dst id="8">11.9111</dst>
      <dst id="18">3.5556</dst>
      <dst id="4">2228.4267</dst>
      <dst id="1">1134.5778</dst>
      <dst id="5">58.1333</dst>
      <dst id="3">613.2444</dst>
      <dst id="22">18.9333</dst>
      <dst id="7">86.2667</dst>
      <dst id="2">8885.9733</dst>
      <dst id="16">7.0133</dst>
      <dst id="20">14.2578</dst>
      <dst id="11">186.1956</dst>
      <dst id="9">5.2267</dst>
      <dst id="17">10119.2978</dst>
      <dst id="21">238.4267</dst>
      <dst id="15">5.5022</dst>
    </src>
    <src id="20">
      <dst id="12">17964.9689</dst>
      <dst id="13">18077.6533</dst>
      <dst id="19">7436.0889</dst>
      <dst id="23">61.9644</dst>
      <dst id="8">217.5111</dst>
      <dst id="18">369.1556</dst>
      <dst id="4">7365.2267</dst>
      <dst id="1">3594.0622</dst>
      <dst id="5">5882.5867</dst>
      <dst id="3">3490.9867</dst>
      <dst id="7">5755.3244</dst>
      <dst id="2">4207.7689</dst>
      <dst id="6">1.0667</dst>
      <dst id="14">25.7778</dst>
      <dst id="11">1383.6711</dst>
      <dst id="9">3919.1733</dst>
      <dst id="17">2229.7778</dst>
      <dst id="21">6038.1867</dst>
    </src>
    <src id="11">
      <dst id="12">463520.2844</dst>
      <dst id="13">13134.0978</dst>
      <dst id="19">430.6756</dst>
      <dst id="23">11.8578</dst>
      <dst id="8">3489.4400</dst>
      <dst id="18">2890.9511</dst>
      <dst id="4">15237.5822</dst>
      <dst id="1">714.9067</dst>
      <dst id="5">1168.8000</dst>
      <dst id="3">2149.1289</dst>
      <dst id="22">3628.1067</dst>
      <dst id="7">4049.1467</dst>
      <dst id="2">182456.4622</dst>
      <dst id="6">733.0489</dst>
      <dst id="16">572.4178</dst>
      <dst id="14">49.1200</dst>
      <dst id="20">1703.7511</dst>
      <dst id="11">4227.8400</dst>
      <dst id="9">2863.7244</dst>
      <dst id="17">191791.6978</dst>
      <dst id="21">2401.3244</dst>
      <dst id="15">155.7333</dst>
    </src>
    <src id="9">
      <dst id="12">517771.2978</dst>
      <dst id="13">9855.7156</dst>
      <dst id="19">558.6756</dst>
      <dst id="23">98.3200</dst>
      <dst id="8">5100.6756</dst>
      <dst id="18">113.8756</dst>
      <dst id="4">8836.5156</dst>
      <dst id="1">4030.5422</dst>
      <dst id="5">2216.1422</dst>
      <dst id="3">113.6000</dst>
      <dst id="22">5967.4400</dst>
      <dst id="7">1054.3200</dst>
      <dst id="2">204544.6400</dst>
      <dst id="6">1.4222</dst>
      <dst id="16">1409.2356</dst>
      <dst id="14">53.3778</dst>
      <dst id="20">9969.9467</dst>
      <dst id="11">2029.0933</dst>
      <dst id="9">7368.9511</dst>
      <dst id="17">193157.9644</dst>
      <dst id="21">2752.1689</dst>
      <dst id="15">5235.3333</dst>
    </src>
    <src id="17">
      <dst id="12">17613.3333</dst>
      <dst id="13">13101.3244</dst>
      <dst id="19">2108.2311</dst>
      <dst id="23">374.8444</dst>
      <dst id="8">226483.4400</dst>
      <dst id="18">2949.3689</dst>
      <dst id="4">149223.7511</dst>
      <dst id="1">10667.0933</dst>
      <dst id="5">272292.5956</dst>
      <dst id="3">18371.2800</dst>
      <dst id="22">13252.1600</dst>
      <dst id="7">26060.2044</dst>
      <dst id="2">22126.6044</dst>
      <dst id="6">169.2444</dst>
      <dst id="16">14968.3733</dst>
      <dst id="14">56455.5556</dst>
      <dst id="20">2155.0578</dst>
      <dst id="11">291366.6756</dst>
      <dst id="9">352008.3911</dst>
      <dst id="17">1680.9511</dst>
      <dst id="21">21791.6000</dst>
      <dst id="15">265.3422</dst>
    </src>
    <src id="21">
      <dst id="12">18677.0400</dst>
      <dst id="13">24634.2222</dst>
      <dst id="19">1039.9378</dst>
      <dst id="23">897.2711</dst>
      <dst id="8">555.1289</dst>
      <dst id="18">1366.3644</dst>
      <dst id="4">15261.2356</dst>
      <dst id="1">15335.8933</dst>
      <dst id="5">709.7867</dst>
      <dst id="3">12174.0533</dst>
      <dst id="22">3277.9111</dst>
      <dst id="7">8732.4356</dst>
      <dst id="2">15812.1778</dst>
      <dst id="6">35.8933</dst>
      <dst id="16">610.4356</dst>
      <dst id="14">121.6444</dst>
      <dst id="20">2033.2711</dst>
      <dst id="11">2916.1244</dst>
      <dst id="9">3370.4000</dst>
      <dst id="17">9635.5111</dst>
      <dst id="21">3151.4044</dst>
      <dst id="15">1604.6756</dst>
    </src>
    <src id="15">
      <dst id="12">2287.4400</dst>
      <dst id="13">21860.9689</dst>
      <dst id="19">4101.8311</dst>
      <dst id="23">7.0400</dst>
      <dst id="8">4137.6178</dst>
      <dst id="18">87.1378</dst>
      <dst id="4">2189.2978</dst>
      <dst id="1">1469.3867</dst>
      <dst id="5">573.5022</dst>
      <dst id="3">174.2933</dst>
      <dst id="7">849.8844</dst>
      <dst id="2">1058.3378</dst>
      <dst id="14">348.9067</dst>
      <dst id="11">484.3644</dst>
      <dst id="9">1018.5422</dst>
      <dst id="17">4879.9556</dst>
      <dst id="21">2131.0844</dst>
    </src>
  </IntraTM>
</TrafficMatrixFile>
