<?xml version="1.0" encoding="UTF-8" standalone="yes"?>
<TrafficMatrixFile xmlns:xsi="http://www.w3.org/2001/XMLSchema-instance" xsi:noNamespaceSchemaLocation="http://totem.run.montefiore.ulg.ac.be/Schema/TrafficMatrix-v1_2.xsd">
  <info>
    <title>Intradomain traffic matrix generated by geant-TM-all.pl</title>
    <date>2005-01-05T02:00:00</date>
    <duration>900</duration>
    <author>Steve Uhlig</author>
    <units>
        <unit type="bandwidth" value="kbps"/>
    </units>
  </info>
  <IntraTM ASID="20965">
    <src id="12">
      <dst id="12">270114.8622</dst>
      <dst id="13">26335.5644</dst>
      <dst id="19">2713.1378</dst>
      <dst id="23">142.1689</dst>
      <dst id="8">1363.9200</dst>
      <dst id="18">698.0356</dst>
      <dst id="4">72088.4444</dst>
      <dst id="1">17538.9689</dst>
      <dst id="5">4886.8622</dst>
      <dst id="3">18034.5511</dst>
      <dst id="22">6968.5778</dst>
      <dst id="7">3268.7733</dst>
      <dst id="2">101583.4311</dst>
      <dst id="6">12.1867</dst>
      <dst id="16">9749.9644</dst>
      <dst id="14">245.3511</dst>
      <dst id="20">3710.2489</dst>
      <dst id="11">6853.1911</dst>
      <dst id="9">3807.4667</dst>
      <dst id="17">85704.2578</dst>
      <dst id="21">1496.1600</dst>
      <dst id="15">1306.9333</dst>
    </src>
    <src id="13">
      <dst id="12">51842.2578</dst>
      <dst id="19">5918.1511</dst>
      <dst id="23">637.9467</dst>
      <dst id="8">4372.9422</dst>
      <dst id="18">2864.7378</dst>
      <dst id="4">2.1333</dst>
      <dst id="1">3636.3022</dst>
      <dst id="5">8221.5289</dst>
      <dst id="3">4051.9911</dst>
      <dst id="22">29179.5556</dst>
      <dst id="7">12475.8222</dst>
      <dst id="2">107269.7156</dst>
      <dst id="6">1138.5689</dst>
      <dst id="16">8882.0444</dst>
      <dst id="14">3934.6756</dst>
      <dst id="20">12695.2622</dst>
      <dst id="11">13736.5511</dst>
      <dst id="9">14881.9822</dst>
      <dst id="17">57071.9644</dst>
      <dst id="21">8991.6000</dst>
      <dst id="15">7567.9111</dst>
    </src>
    <src id="19">
      <dst id="12">17016.8356</dst>
      <dst id="13">2555.2444</dst>
      <dst id="23">43.3778</dst>
      <dst id="8">16.2133</dst>
      <dst id="18">16.5867</dst>
      <dst id="4">19121.4933</dst>
      <dst id="1">770.8800</dst>
      <dst id="5">106.2044</dst>
      <dst id="22">42.1333</dst>
      <dst id="7">3794.4356</dst>
      <dst id="2">2019.6000</dst>
      <dst id="6">53.1022</dst>
      <dst id="16">4773.5022</dst>
      <dst id="14">1.3244</dst>
      <dst id="20">177.4844</dst>
      <dst id="11">55.4133</dst>
      <dst id="9">174.5778</dst>
      <dst id="17">437.8933</dst>
      <dst id="21">364.1067</dst>
      <dst id="15">16.7822</dst>
    </src>
    <src id="23">
      <dst id="12">392.6756</dst>
      <dst id="13">244.2667</dst>
      <dst id="19">15.5822</dst>
      <dst id="8">0.4267</dst>
      <dst id="18">1.8933</dst>
      <dst id="4">79.6000</dst>
      <dst id="1">45.6800</dst>
      <dst id="3">213.1822</dst>
      <dst id="22">304.9422</dst>
      <dst id="7">3326.7022</dst>
      <dst id="2">0.9067</dst>
      <dst id="6">185.7422</dst>
      <dst id="16">51.1644</dst>
      <dst id="14">50.8444</dst>
      <dst id="20">56.0089</dst>
      <dst id="11">342.5689</dst>
      <dst id="9">950.1333</dst>
      <dst id="17">517.0044</dst>
      <dst id="21">54.8622</dst>
      <dst id="15">120.0000</dst>
    </src>
    <src id="8">
      <dst id="12">334152.4356</dst>
      <dst id="13">359.3778</dst>
      <dst id="19">445.7156</dst>
      <dst id="18">1.4400</dst>
      <dst id="4">8436.9511</dst>
      <dst id="1">544.1600</dst>
      <dst id="5">14677.4400</dst>
      <dst id="3">12.6222</dst>
      <dst id="22">1345.0489</dst>
      <dst id="7">15.7067</dst>
      <dst id="2">158082.6400</dst>
      <dst id="16">1175.5911</dst>
      <dst id="14">1.9556</dst>
      <dst id="20">46.9156</dst>
      <dst id="11">50.6756</dst>
      <dst id="9">367.9822</dst>
      <dst id="17">131454.9778</dst>
      <dst id="21">83.3511</dst>
      <dst id="15">381.2444</dst>
    </src>
    <src id="18">
      <dst id="12">97827.6000</dst>
      <dst id="13">86.0978</dst>
      <dst id="19">1.7511</dst>
      <dst id="23">7.6089</dst>
      <dst id="8">29.0933</dst>
      <dst id="4">1667.3067</dst>
      <dst id="1">697.6889</dst>
      <dst id="5">149.8933</dst>
      <dst id="3">14.7289</dst>
      <dst id="22">93.7867</dst>
      <dst id="7">2353.4044</dst>
      <dst id="2">31719.8222</dst>
      <dst id="16">196.8533</dst>
      <dst id="14">15.8489</dst>
      <dst id="20">30.0444</dst>
      <dst id="11">1580.4444</dst>
      <dst id="9">87.6089</dst>
      <dst id="17">38229.8311</dst>
      <dst id="21">173.1200</dst>
      <dst id="15">4.0356</dst>
    </src>
    <src id="4">
      <dst id="12">18925.4667</dst>
      <dst id="19">15305.8400</dst>
      <dst id="23">8.6489</dst>
      <dst id="8">817.6267</dst>
      <dst id="18">344.0000</dst>
      <dst id="4">1.5733</dst>
      <dst id="1">70279.5556</dst>
      <dst id="5">2428.5067</dst>
      <dst id="3">292.4267</dst>
      <dst id="22">4612.0711</dst>
      <dst id="7">33455.2444</dst>
      <dst id="2">62320.8267</dst>
      <dst id="6">16.4978</dst>
      <dst id="16">1927.1200</dst>
      <dst id="14">995.3333</dst>
      <dst id="20">2216.2400</dst>
      <dst id="11">4565.9911</dst>
      <dst id="9">3302.2133</dst>
      <dst id="17">15034.1511</dst>
      <dst id="21">2844.2222</dst>
      <dst id="15">403.8400</dst>
    </src>
    <src id="1">
      <dst id="12">23363.5733</dst>
      <dst id="13">561.0756</dst>
      <dst id="19">47.4667</dst>
      <dst id="23">52.2844</dst>
      <dst id="8">123943.2533</dst>
      <dst id="18">17107.8756</dst>
      <dst id="4">17600.9956</dst>
      <dst id="1">7864.4089</dst>
      <dst id="5">229005.4222</dst>
      <dst id="3">79.7244</dst>
      <dst id="22">2657.4222</dst>
      <dst id="7">5257.8933</dst>
      <dst id="2">2999.9200</dst>
      <dst id="6">7036.6667</dst>
      <dst id="16">8872.9778</dst>
      <dst id="14">61.6178</dst>
      <dst id="20">204.8444</dst>
      <dst id="11">779.9467</dst>
      <dst id="9">238119.1289</dst>
      <dst id="17">6036.6400</dst>
      <dst id="21">1842.4622</dst>
      <dst id="15">120.1422</dst>
    </src>
    <src id="5">
      <dst id="12">350365.7156</dst>
      <dst id="13">1484.9689</dst>
      <dst id="19">60.9067</dst>
      <dst id="23">13.7956</dst>
      <dst id="8">913.6711</dst>
      <dst id="18">701.6178</dst>
      <dst id="4">5508.9511</dst>
      <dst id="1">653.7156</dst>
      <dst id="3">3.4667</dst>
      <dst id="22">5051.3600</dst>
      <dst id="7">140.1156</dst>
      <dst id="2">143636.8000</dst>
      <dst id="6">11.9111</dst>
      <dst id="16">577.6978</dst>
      <dst id="14">5.1556</dst>
      <dst id="20">3687.5022</dst>
      <dst id="11">1457.1911</dst>
      <dst id="9">3573.6800</dst>
      <dst id="17">133726.8889</dst>
      <dst id="21">83.0489</dst>
      <dst id="15">17006.6578</dst>
    </src>
    <src id="3">
      <dst id="12">11395.2800</dst>
      <dst id="13">1980.7200</dst>
      <dst id="19">880.9067</dst>
      <dst id="23">9182.0622</dst>
      <dst id="8">31.0400</dst>
      <dst id="18">56469.7067</dst>
      <dst id="4">37214.6044</dst>
      <dst id="1">6768.9956</dst>
      <dst id="5">513.6533</dst>
      <dst id="3">11240.9778</dst>
      <dst id="22">1028.9600</dst>
      <dst id="7">893.1911</dst>
      <dst id="2">6090.2133</dst>
      <dst id="6">6.0533</dst>
      <dst id="16">916.3822</dst>
      <dst id="14">41701.3333</dst>
      <dst id="20">169.4489</dst>
      <dst id="11">143890.9956</dst>
      <dst id="9">268.0267</dst>
      <dst id="17">14910.2756</dst>
      <dst id="21">12741.7600</dst>
      <dst id="15">33.0044</dst>
    </src>
    <src id="10">
      <dst id="12">16464.3111</dst>
      <dst id="19">3985.6089</dst>
      <dst id="8">805.7956</dst>
      <dst id="18">3997.9289</dst>
      <dst id="1">4588.4000</dst>
      <dst id="5">1749.9289</dst>
      <dst id="3">5755.1822</dst>
      <dst id="22">5474.0000</dst>
      <dst id="7">10601.0400</dst>
      <dst id="2">28556.8622</dst>
      <dst id="6">11.1822</dst>
      <dst id="16">2065.8756</dst>
      <dst id="14">3239.7511</dst>
      <dst id="20">668.8356</dst>
      <dst id="11">10058.9956</dst>
      <dst id="9">4771.2711</dst>
      <dst id="17">27178.4622</dst>
      <dst id="21">7982.2756</dst>
      <dst id="15">8.2311</dst>
    </src>
    <src id="22">
      <dst id="12">10897.7867</dst>
      <dst id="13">5463.6978</dst>
      <dst id="19">674.7289</dst>
      <dst id="23">317.2444</dst>
      <dst id="8">578.2222</dst>
      <dst id="18">230.8711</dst>
      <dst id="4">20001.9200</dst>
      <dst id="1">332.9333</dst>
      <dst id="5">3900.0978</dst>
      <dst id="3">633.7067</dst>
      <dst id="7">3658.9956</dst>
      <dst id="2">2122.4267</dst>
      <dst id="6">0.3556</dst>
      <dst id="16">1.8311</dst>
      <dst id="14">368.8800</dst>
      <dst id="11">1535.0489</dst>
      <dst id="9">2491.0933</dst>
      <dst id="17">6549.9467</dst>
      <dst id="21">351.3600</dst>
    </src>
    <src id="7">
      <dst id="12">4562.5333</dst>
      <dst id="13">389.5200</dst>
      <dst id="19">4358.6667</dst>
      <dst id="23">168.3733</dst>
      <dst id="8">8.0089</dst>
      <dst id="18">77.8489</dst>
      <dst id="4">15466.6756</dst>
      <dst id="1">5250.4089</dst>
      <dst id="5">1109.2533</dst>
      <dst id="3">156.5156</dst>
      <dst id="22">3221.5911</dst>
      <dst id="7">818.7733</dst>
      <dst id="2">6306.4533</dst>
      <dst id="6">16.6400</dst>
      <dst id="16">1732.0978</dst>
      <dst id="14">173.1644</dst>
      <dst id="20">556.6756</dst>
      <dst id="11">1235.6267</dst>
      <dst id="9">506.3822</dst>
      <dst id="17">18064.3022</dst>
      <dst id="21">2090.6311</dst>
      <dst id="15">604.8800</dst>
    </src>
    <src id="2">
      <dst id="12">116539.4044</dst>
      <dst id="13">515750.7733</dst>
      <dst id="19">275.4489</dst>
      <dst id="23">6.2222</dst>
      <dst id="8">495.5467</dst>
      <dst id="18">52365.2356</dst>
      <dst id="4">91435.3867</dst>
      <dst id="1">2359.3956</dst>
      <dst id="5">1133.3333</dst>
      <dst id="3">70.5244</dst>
      <dst id="22">1790.6311</dst>
      <dst id="7">3988.5600</dst>
      <dst id="2">880.4178</dst>
      <dst id="6">9236.2489</dst>
      <dst id="16">2421.5733</dst>
      <dst id="14">3255.4133</dst>
      <dst id="20">1190.7022</dst>
      <dst id="11">2535.7778</dst>
      <dst id="9">1087.8578</dst>
      <dst id="17">27495.7067</dst>
      <dst id="21">4872.0089</dst>
      <dst id="15">388.0178</dst>
    </src>
    <src id="6">
      <dst id="12">11119.7067</dst>
      <dst id="13">24.2044</dst>
      <dst id="19">1.6267</dst>
      <dst id="23">19.3778</dst>
      <dst id="8">23.8222</dst>
      <dst id="4">534.2044</dst>
      <dst id="1">19.2089</dst>
      <dst id="5">14.0444</dst>
      <dst id="22">1.9822</dst>
      <dst id="2">2621.0667</dst>
      <dst id="16">1.9467</dst>
      <dst id="11">1.2622</dst>
      <dst id="17">1798.3200</dst>
      <dst id="21">2.8000</dst>
    </src>
    <src id="16">
      <dst id="12">2294.5511</dst>
      <dst id="13">789.7067</dst>
      <dst id="19">3317.4933</dst>
      <dst id="23">89.4933</dst>
      <dst id="8">7838.4444</dst>
      <dst id="18">19.0756</dst>
      <dst id="4">3772.8000</dst>
      <dst id="1">11571.8222</dst>
      <dst id="5">3327.6711</dst>
      <dst id="3">3.1467</dst>
      <dst id="7">2217.1022</dst>
      <dst id="2">780.2400</dst>
      <dst id="6">32.9867</dst>
      <dst id="16">65.8933</dst>
      <dst id="14">370.8622</dst>
      <dst id="11">229.7511</dst>
      <dst id="9">7892.5244</dst>
      <dst id="17">3049.2533</dst>
      <dst id="21">2276.8178</dst>
    </src>
    <src id="14">
      <dst id="12">22654.4533</dst>
      <dst id="13">108.9689</dst>
      <dst id="19">8.9600</dst>
      <dst id="8">0.3556</dst>
      <dst id="18">3.4133</dst>
      <dst id="4">1498.3556</dst>
      <dst id="1">112.6933</dst>
      <dst id="5">48.0000</dst>
      <dst id="3">84.9956</dst>
      <dst id="22">10.7022</dst>
      <dst id="7">84.9067</dst>
      <dst id="2">7269.0667</dst>
      <dst id="16">10.6222</dst>
      <dst id="20">5.1733</dst>
      <dst id="11">43.3600</dst>
      <dst id="9">84.5244</dst>
      <dst id="17">9233.4844</dst>
      <dst id="21">32.7733</dst>
      <dst id="15">0.6222</dst>
    </src>
    <src id="20">
      <dst id="12">4462.0889</dst>
      <dst id="13">14681.5289</dst>
      <dst id="19">99.5022</dst>
      <dst id="23">107.9822</dst>
      <dst id="8">203.8044</dst>
      <dst id="18">52.2489</dst>
      <dst id="4">7425.7422</dst>
      <dst id="1">1458.9689</dst>
      <dst id="5">4504.0889</dst>
      <dst id="3">226.3111</dst>
      <dst id="7">1001.7689</dst>
      <dst id="2">3107.4222</dst>
      <dst id="14">5.0400</dst>
      <dst id="11">538.4444</dst>
      <dst id="9">4049.6356</dst>
      <dst id="17">1969.7867</dst>
      <dst id="21">258.0089</dst>
    </src>
    <src id="11">
      <dst id="12">403176.4889</dst>
      <dst id="13">3167.1378</dst>
      <dst id="19">67.7689</dst>
      <dst id="23">35.1644</dst>
      <dst id="8">175.8578</dst>
      <dst id="18">167.5911</dst>
      <dst id="4">10013.1289</dst>
      <dst id="1">886.6133</dst>
      <dst id="5">1334.3911</dst>
      <dst id="3">244.3556</dst>
      <dst id="22">2177.6444</dst>
      <dst id="7">239.7778</dst>
      <dst id="2">175300.3556</dst>
      <dst id="6">1.1289</dst>
      <dst id="16">327.7778</dst>
      <dst id="14">75.8133</dst>
      <dst id="20">1849.4489</dst>
      <dst id="11">3279.9467</dst>
      <dst id="9">1002.7556</dst>
      <dst id="17">171804.3022</dst>
      <dst id="21">225.1911</dst>
      <dst id="15">108.2044</dst>
    </src>
    <src id="9">
      <dst id="12">455764.5244</dst>
      <dst id="13">4611.7244</dst>
      <dst id="19">77.8222</dst>
      <dst id="23">60.2133</dst>
      <dst id="8">116.1689</dst>
      <dst id="18">75.5111</dst>
      <dst id="4">8054.2311</dst>
      <dst id="1">3414.6044</dst>
      <dst id="5">1361.0933</dst>
      <dst id="3">76.9511</dst>
      <dst id="22">5692.0356</dst>
      <dst id="7">229.9200</dst>
      <dst id="2">188810.5867</dst>
      <dst id="6">1.6800</dst>
      <dst id="16">757.9022</dst>
      <dst id="14">1612.3467</dst>
      <dst id="20">12413.0933</dst>
      <dst id="11">469.6444</dst>
      <dst id="9">368.2133</dst>
      <dst id="17">202233.5111</dst>
      <dst id="21">1097.4756</dst>
      <dst id="15">583.1822</dst>
    </src>
    <src id="17">
      <dst id="12">8600.1511</dst>
      <dst id="13">6885.2533</dst>
      <dst id="19">1698.1867</dst>
      <dst id="23">76.2133</dst>
      <dst id="8">131098.1600</dst>
      <dst id="18">102.0800</dst>
      <dst id="4">28880.0000</dst>
      <dst id="1">4793.0489</dst>
      <dst id="5">217993.4311</dst>
      <dst id="3">9296.4000</dst>
      <dst id="22">3055.6711</dst>
      <dst id="7">3227.5467</dst>
      <dst id="2">46763.7867</dst>
      <dst id="6">758.7200</dst>
      <dst id="16">6108.2933</dst>
      <dst id="14">42078.1778</dst>
      <dst id="20">559.4578</dst>
      <dst id="11">110084.4711</dst>
      <dst id="9">171800.2844</dst>
      <dst id="17">2084.3111</dst>
      <dst id="21">9691.9733</dst>
      <dst id="15">18.4178</dst>
    </src>
    <src id="21">
      <dst id="12">13208.6933</dst>
      <dst id="13">1249.4044</dst>
      <dst id="19">216.1778</dst>
      <dst id="23">31.8578</dst>
      <dst id="8">14.5956</dst>
      <dst id="18">3051.3067</dst>
      <dst id="4">8664.4178</dst>
      <dst id="1">1875.6978</dst>
      <dst id="5">740.8978</dst>
      <dst id="3">608.4267</dst>
      <dst id="22">2043.8311</dst>
      <dst id="7">798.8089</dst>
      <dst id="2">7195.7600</dst>
      <dst id="6">4.9600</dst>
      <dst id="16">536.2756</dst>
      <dst id="14">72.9689</dst>
      <dst id="20">1216.6844</dst>
      <dst id="11">1379.2089</dst>
      <dst id="9">410.4533</dst>
      <dst id="17">3939.9289</dst>
      <dst id="21">436.1600</dst>
      <dst id="15">86.0533</dst>
    </src>
    <src id="15">
      <dst id="12">2668.1422</dst>
      <dst id="13">2536.2844</dst>
      <dst id="19">79.6711</dst>
      <dst id="23">3.1289</dst>
      <dst id="8">109.6000</dst>
      <dst id="18">2.3644</dst>
      <dst id="4">2091.7778</dst>
      <dst id="1">566.7911</dst>
      <dst id="5">558.6400</dst>
      <dst id="3">61.4578</dst>
      <dst id="7">5161.4044</dst>
      <dst id="2">44.2133</dst>
      <dst id="6">0.5244</dst>
      <dst id="14">13.3333</dst>
      <dst id="11">405.6711</dst>
      <dst id="9">2200.0711</dst>
      <dst id="17">156.2667</dst>
      <dst id="21">211.4222</dst>
    </src>
  </IntraTM>
</TrafficMatrixFile>
