<?xml version="1.0" encoding="UTF-8" standalone="yes"?>
<TrafficMatrixFile xmlns:xsi="http://www.w3.org/2001/XMLSchema-instance" xsi:noNamespaceSchemaLocation="http://totem.run.montefiore.ulg.ac.be/Schema/TrafficMatrix-v1_2.xsd">
  <info>
    <title>Intradomain traffic matrix generated by geant-TM-all.pl</title>
    <date>2005-01-05T07:30:00</date>
    <duration>900</duration>
    <author>Steve Uhlig</author>
    <units>
        <unit type="bandwidth" value="kbps"/>
    </units>
  </info>
  <IntraTM ASID="20965">
    <src id="12">
      <dst id="12">245987.7956</dst>
      <dst id="13">27789.6089</dst>
      <dst id="19">3269.6267</dst>
      <dst id="23">335.0578</dst>
      <dst id="8">3991.5111</dst>
      <dst id="18">1658.9956</dst>
      <dst id="4">90777.5822</dst>
      <dst id="1">15989.8400</dst>
      <dst id="5">8344.6489</dst>
      <dst id="3">6898.4356</dst>
      <dst id="22">10855.1378</dst>
      <dst id="7">2297.9289</dst>
      <dst id="2">93911.6444</dst>
      <dst id="6">1.6889</dst>
      <dst id="16">3798.3822</dst>
      <dst id="14">279.3600</dst>
      <dst id="20">3246.2489</dst>
      <dst id="11">2394.2400</dst>
      <dst id="9">6592.3822</dst>
      <dst id="17">81032.2133</dst>
      <dst id="21">983.5200</dst>
      <dst id="15">1627.7600</dst>
    </src>
    <src id="13">
      <dst id="12">43440.2044</dst>
      <dst id="19">11372.7378</dst>
      <dst id="23">22.1156</dst>
      <dst id="8">5309.3067</dst>
      <dst id="18">1754.4800</dst>
      <dst id="1">4185.5822</dst>
      <dst id="5">14701.8133</dst>
      <dst id="3">4918.4711</dst>
      <dst id="22">28576.6044</dst>
      <dst id="7">12151.8578</dst>
      <dst id="2">111537.6000</dst>
      <dst id="6">86.8800</dst>
      <dst id="16">7771.5378</dst>
      <dst id="14">8836.7911</dst>
      <dst id="20">12595.7156</dst>
      <dst id="11">10210.1600</dst>
      <dst id="9">22630.0089</dst>
      <dst id="17">46080.6311</dst>
      <dst id="21">7540.8444</dst>
      <dst id="15">6275.4311</dst>
    </src>
    <src id="19">
      <dst id="12">15611.2444</dst>
      <dst id="13">3120.1511</dst>
      <dst id="23">0.9778</dst>
      <dst id="8">92.4978</dst>
      <dst id="18">2484.5600</dst>
      <dst id="4">20744.5867</dst>
      <dst id="1">520.2844</dst>
      <dst id="5">27.6178</dst>
      <dst id="3">42.8800</dst>
      <dst id="22">90.8444</dst>
      <dst id="7">2437.8756</dst>
      <dst id="2">264.8889</dst>
      <dst id="6">18.1067</dst>
      <dst id="16">5851.7867</dst>
      <dst id="20">22.2133</dst>
      <dst id="11">58.6222</dst>
      <dst id="9">130.4978</dst>
      <dst id="17">344.8622</dst>
      <dst id="21">27.1911</dst>
      <dst id="15">76.4444</dst>
    </src>
    <src id="23">
      <dst id="12">378.2578</dst>
      <dst id="13">178.2667</dst>
      <dst id="19">3.0400</dst>
      <dst id="18">0.4978</dst>
      <dst id="4">3.8756</dst>
      <dst id="1">40.4800</dst>
      <dst id="3">160.3200</dst>
      <dst id="22">128.4711</dst>
      <dst id="7">19.4578</dst>
      <dst id="2">2.5956</dst>
      <dst id="16">85.8222</dst>
      <dst id="14">1.8222</dst>
      <dst id="11">37.3689</dst>
      <dst id="9">1797.3867</dst>
      <dst id="17">689.5111</dst>
      <dst id="21">39.6533</dst>
    </src>
    <src id="8">
      <dst id="12">329651.1111</dst>
      <dst id="13">1000.0889</dst>
      <dst id="19">2.9600</dst>
      <dst id="23">1.4222</dst>
      <dst id="18">45.0756</dst>
      <dst id="4">12188.2044</dst>
      <dst id="1">995.6356</dst>
      <dst id="5">15539.5111</dst>
      <dst id="3">74.7022</dst>
      <dst id="22">604.8978</dst>
      <dst id="7">110.8178</dst>
      <dst id="2">125475.1289</dst>
      <dst id="16">929.8400</dst>
      <dst id="14">1.7778</dst>
      <dst id="20">85.2533</dst>
      <dst id="11">187.4400</dst>
      <dst id="9">1136.2222</dst>
      <dst id="17">137026.0444</dst>
      <dst id="21">397.0222</dst>
      <dst id="15">267.7156</dst>
    </src>
    <src id="18">
      <dst id="12">108024.8622</dst>
      <dst id="13">723.5022</dst>
      <dst id="19">40.9244</dst>
      <dst id="23">1.1378</dst>
      <dst id="8">373.1822</dst>
      <dst id="4">486.7733</dst>
      <dst id="1">899.3689</dst>
      <dst id="5">334.3022</dst>
      <dst id="3">42.1333</dst>
      <dst id="22">562.6756</dst>
      <dst id="7">641.4311</dst>
      <dst id="2">31205.5378</dst>
      <dst id="16">20.4711</dst>
      <dst id="14">13.7956</dst>
      <dst id="20">25.5644</dst>
      <dst id="11">21.3600</dst>
      <dst id="9">31.1911</dst>
      <dst id="17">37911.0667</dst>
      <dst id="21">55.7689</dst>
      <dst id="15">15.0489</dst>
    </src>
    <src id="4">
      <dst id="12">17969.8578</dst>
      <dst id="19">16818.4000</dst>
      <dst id="8">3310.8711</dst>
      <dst id="18">278.6667</dst>
      <dst id="1">21356.9778</dst>
      <dst id="5">1383.7600</dst>
      <dst id="3">65.3244</dst>
      <dst id="22">3050.3022</dst>
      <dst id="7">73618.6756</dst>
      <dst id="2">73148.9689</dst>
      <dst id="6">41.6000</dst>
      <dst id="16">1800.1689</dst>
      <dst id="14">1175.8933</dst>
      <dst id="20">1825.3156</dst>
      <dst id="11">3936.6933</dst>
      <dst id="9">3511.4400</dst>
      <dst id="17">19902.3111</dst>
      <dst id="21">4673.0489</dst>
      <dst id="15">496.6578</dst>
    </src>
    <src id="1">
      <dst id="12">23610.0622</dst>
      <dst id="13">4969.4222</dst>
      <dst id="19">139.6000</dst>
      <dst id="23">29.3600</dst>
      <dst id="8">111134.3644</dst>
      <dst id="18">11907.2711</dst>
      <dst id="4">8668.2578</dst>
      <dst id="1">13983.5644</dst>
      <dst id="5">215435.7956</dst>
      <dst id="3">105.4933</dst>
      <dst id="22">6175.2178</dst>
      <dst id="7">1038.7733</dst>
      <dst id="2">21153.7867</dst>
      <dst id="6">11008.6489</dst>
      <dst id="16">9837.2711</dst>
      <dst id="14">38.8000</dst>
      <dst id="20">287.3333</dst>
      <dst id="11">259.1556</dst>
      <dst id="9">216474.6578</dst>
      <dst id="17">4348.1689</dst>
      <dst id="21">7617.0489</dst>
      <dst id="15">234.2222</dst>
    </src>
    <src id="5">
      <dst id="12">294424.5511</dst>
      <dst id="13">3199.6000</dst>
      <dst id="19">25.3867</dst>
      <dst id="8">8576.5867</dst>
      <dst id="18">538.2489</dst>
      <dst id="4">6654.8800</dst>
      <dst id="1">395.6267</dst>
      <dst id="3">19.1378</dst>
      <dst id="22">3791.5467</dst>
      <dst id="7">1507.8933</dst>
      <dst id="2">147035.6178</dst>
      <dst id="6">14.9600</dst>
      <dst id="16">455.1200</dst>
      <dst id="14">2.4889</dst>
      <dst id="20">5966.6844</dst>
      <dst id="11">501.5200</dst>
      <dst id="9">10598.8356</dst>
      <dst id="17">112455.0489</dst>
      <dst id="21">218.5600</dst>
      <dst id="15">320.8711</dst>
    </src>
    <src id="3">
      <dst id="12">9088.4889</dst>
      <dst id="13">4206.6311</dst>
      <dst id="19">636.8533</dst>
      <dst id="23">7001.1111</dst>
      <dst id="8">18.3733</dst>
      <dst id="18">50810.8533</dst>
      <dst id="4">28721.4578</dst>
      <dst id="1">4271.3156</dst>
      <dst id="5">482.2133</dst>
      <dst id="3">8641.1733</dst>
      <dst id="22">7291.7956</dst>
      <dst id="7">7307.7956</dst>
      <dst id="2">22452.8711</dst>
      <dst id="6">2.6044</dst>
      <dst id="16">591.4044</dst>
      <dst id="14">37171.2978</dst>
      <dst id="20">2876.1689</dst>
      <dst id="11">129090.1422</dst>
      <dst id="9">1508.7733</dst>
      <dst id="17">9261.0489</dst>
      <dst id="21">13672.0622</dst>
      <dst id="15">46.8889</dst>
    </src>
    <src id="10">
      <dst id="12">11719.2978</dst>
      <dst id="19">2381.2444</dst>
      <dst id="8">795.4044</dst>
      <dst id="18">3865.9556</dst>
      <dst id="1">2174.9422</dst>
      <dst id="5">1390.5511</dst>
      <dst id="3">3157.4844</dst>
      <dst id="22">6077.6356</dst>
      <dst id="7">4997.9111</dst>
      <dst id="2">17743.8933</dst>
      <dst id="6">1212.6489</dst>
      <dst id="16">2696.7644</dst>
      <dst id="14">2053.1822</dst>
      <dst id="20">2060.9778</dst>
      <dst id="11">4822.3378</dst>
      <dst id="9">5100.2400</dst>
      <dst id="17">28925.9022</dst>
      <dst id="21">11338.4800</dst>
      <dst id="15">259.8933</dst>
    </src>
    <src id="22">
      <dst id="12">9653.8667</dst>
      <dst id="13">2843.4756</dst>
      <dst id="19">306.8622</dst>
      <dst id="23">168.1867</dst>
      <dst id="8">406.1156</dst>
      <dst id="18">393.9378</dst>
      <dst id="4">20743.7867</dst>
      <dst id="1">237.8667</dst>
      <dst id="5">10373.7956</dst>
      <dst id="3">1158.9867</dst>
      <dst id="7">3551.4133</dst>
      <dst id="2">2620.5333</dst>
      <dst id="6">27.0311</dst>
      <dst id="16">3.3778</dst>
      <dst id="14">2.3822</dst>
      <dst id="11">4074.5333</dst>
      <dst id="9">1399.0756</dst>
      <dst id="17">6055.0578</dst>
      <dst id="21">634.9689</dst>
    </src>
    <src id="7">
      <dst id="12">3580.4089</dst>
      <dst id="13">1212.8178</dst>
      <dst id="19">1274.8533</dst>
      <dst id="23">72.2667</dst>
      <dst id="8">555.1911</dst>
      <dst id="18">786.9333</dst>
      <dst id="4">30504.2756</dst>
      <dst id="1">3266.0889</dst>
      <dst id="5">1638.1867</dst>
      <dst id="3">119.6089</dst>
      <dst id="22">5988.4622</dst>
      <dst id="7">717.8311</dst>
      <dst id="2">9729.9644</dst>
      <dst id="6">52.9867</dst>
      <dst id="16">752.1156</dst>
      <dst id="14">1001.6978</dst>
      <dst id="20">392.8711</dst>
      <dst id="11">366.0356</dst>
      <dst id="9">449.6533</dst>
      <dst id="17">4649.3422</dst>
      <dst id="21">2942.2933</dst>
      <dst id="15">130.7822</dst>
    </src>
    <src id="2">
      <dst id="12">79843.3067</dst>
      <dst id="13">531002.6222</dst>
      <dst id="19">1146.2400</dst>
      <dst id="23">92.9333</dst>
      <dst id="8">159.4044</dst>
      <dst id="18">38108.7556</dst>
      <dst id="4">82181.7067</dst>
      <dst id="1">9784.6044</dst>
      <dst id="5">3831.4578</dst>
      <dst id="3">24.0444</dst>
      <dst id="22">2466.1333</dst>
      <dst id="7">10975.9111</dst>
      <dst id="2">493.8578</dst>
      <dst id="6">5655.3778</dst>
      <dst id="16">2934.4178</dst>
      <dst id="14">5442.4889</dst>
      <dst id="20">1247.3333</dst>
      <dst id="11">2068.4178</dst>
      <dst id="9">4082.0178</dst>
      <dst id="17">35242.4089</dst>
      <dst id="21">2830.4978</dst>
      <dst id="15">2523.0756</dst>
    </src>
    <src id="6">
      <dst id="12">8627.9467</dst>
      <dst id="13">5.6444</dst>
      <dst id="4">1324.1689</dst>
      <dst id="1">0.4622</dst>
      <dst id="5">8.0000</dst>
      <dst id="3">0.3556</dst>
      <dst id="22">17.0044</dst>
      <dst id="7">5.4400</dst>
      <dst id="2">2178.3556</dst>
      <dst id="16">16.9689</dst>
      <dst id="11">1.0133</dst>
      <dst id="17">1483.1467</dst>
      <dst id="21">1.2089</dst>
    </src>
    <src id="16">
      <dst id="12">955.2267</dst>
      <dst id="13">497.7156</dst>
      <dst id="19">4524.2133</dst>
      <dst id="23">38.0089</dst>
      <dst id="8">3907.2711</dst>
      <dst id="18">214.2400</dst>
      <dst id="4">3231.7600</dst>
      <dst id="1">15969.8667</dst>
      <dst id="5">3414.9600</dst>
      <dst id="3">0.7111</dst>
      <dst id="7">2974.4711</dst>
      <dst id="2">787.8311</dst>
      <dst id="16">53.9556</dst>
      <dst id="14">395.9111</dst>
      <dst id="11">223.8311</dst>
      <dst id="9">4929.0133</dst>
      <dst id="17">3515.2000</dst>
      <dst id="21">1686.0533</dst>
    </src>
    <src id="14">
      <dst id="12">21695.0844</dst>
      <dst id="13">172.8000</dst>
      <dst id="19">0.7467</dst>
      <dst id="8">5.1200</dst>
      <dst id="18">1.9556</dst>
      <dst id="4">1882.0267</dst>
      <dst id="1">34.7111</dst>
      <dst id="5">110.6933</dst>
      <dst id="3">33.4667</dst>
      <dst id="22">56.7556</dst>
      <dst id="7">65.9200</dst>
      <dst id="2">10315.6356</dst>
      <dst id="16">11.5378</dst>
      <dst id="20">9.7778</dst>
      <dst id="11">52.7022</dst>
      <dst id="9">3.1289</dst>
      <dst id="17">8605.8933</dst>
      <dst id="21">241.3511</dst>
      <dst id="15">0.4533</dst>
    </src>
    <src id="20">
      <dst id="12">7004.3111</dst>
      <dst id="13">4863.4400</dst>
      <dst id="19">71.6978</dst>
      <dst id="23">0.4267</dst>
      <dst id="8">211.0578</dst>
      <dst id="18">3.3067</dst>
      <dst id="4">5338.0089</dst>
      <dst id="1">94.7911</dst>
      <dst id="5">1607.9200</dst>
      <dst id="3">221.1289</dst>
      <dst id="7">694.5156</dst>
      <dst id="2">1748.6044</dst>
      <dst id="6">0.3556</dst>
      <dst id="14">753.4933</dst>
      <dst id="11">911.9644</dst>
      <dst id="9">4012.5422</dst>
      <dst id="17">719.7156</dst>
      <dst id="21">820.3289</dst>
    </src>
    <src id="11">
      <dst id="12">415523.8311</dst>
      <dst id="13">3164.3644</dst>
      <dst id="19">56.7733</dst>
      <dst id="23">62.9689</dst>
      <dst id="8">414.9244</dst>
      <dst id="18">61.7333</dst>
      <dst id="4">8366.8178</dst>
      <dst id="1">835.4044</dst>
      <dst id="5">4656.5067</dst>
      <dst id="3">822.6311</dst>
      <dst id="22">4694.7644</dst>
      <dst id="7">1243.3422</dst>
      <dst id="2">154755.9822</dst>
      <dst id="6">2.0000</dst>
      <dst id="16">43.7956</dst>
      <dst id="14">82.6222</dst>
      <dst id="20">76.6311</dst>
      <dst id="11">1628.4622</dst>
      <dst id="9">641.5733</dst>
      <dst id="17">160881.9200</dst>
      <dst id="21">327.7511</dst>
      <dst id="15">377.6000</dst>
    </src>
    <src id="9">
      <dst id="12">497473.8133</dst>
      <dst id="13">4704.3467</dst>
      <dst id="19">99.3778</dst>
      <dst id="23">121.1467</dst>
      <dst id="8">291.3333</dst>
      <dst id="18">36.9600</dst>
      <dst id="4">17728.1333</dst>
      <dst id="1">657.4044</dst>
      <dst id="5">1873.7956</dst>
      <dst id="3">47.4133</dst>
      <dst id="22">3192.9333</dst>
      <dst id="7">888.2578</dst>
      <dst id="2">186448.4622</dst>
      <dst id="6">1.7156</dst>
      <dst id="16">719.1733</dst>
      <dst id="14">2.0000</dst>
      <dst id="20">3740.3111</dst>
      <dst id="11">429.9200</dst>
      <dst id="9">1155.2444</dst>
      <dst id="17">175010.5867</dst>
      <dst id="21">332.9333</dst>
      <dst id="15">1389.4667</dst>
    </src>
    <src id="17">
      <dst id="12">6999.4133</dst>
      <dst id="13">2442.6133</dst>
      <dst id="19">617.8222</dst>
      <dst id="23">96.5689</dst>
      <dst id="8">123418.6578</dst>
      <dst id="18">51.1200</dst>
      <dst id="4">84108.9244</dst>
      <dst id="1">3324.1778</dst>
      <dst id="5">197104.2933</dst>
      <dst id="3">8447.7778</dst>
      <dst id="22">3553.7333</dst>
      <dst id="7">1758.3111</dst>
      <dst id="2">11002.0800</dst>
      <dst id="6">62.1067</dst>
      <dst id="16">5844.9689</dst>
      <dst id="14">21692.2489</dst>
      <dst id="20">5030.4978</dst>
      <dst id="11">93982.3022</dst>
      <dst id="9">202124.9511</dst>
      <dst id="17">1473.4311</dst>
      <dst id="21">4093.7067</dst>
      <dst id="15">506.5956</dst>
    </src>
    <src id="21">
      <dst id="12">17093.2800</dst>
      <dst id="13">2688.4178</dst>
      <dst id="19">499.7956</dst>
      <dst id="8">71.8311</dst>
      <dst id="18">152.3467</dst>
      <dst id="4">17839.2356</dst>
      <dst id="1">1641.9111</dst>
      <dst id="5">319.0933</dst>
      <dst id="3">3719.0133</dst>
      <dst id="22">4112.8444</dst>
      <dst id="7">3450.6578</dst>
      <dst id="2">17075.5111</dst>
      <dst id="6">62.7467</dst>
      <dst id="16">441.7333</dst>
      <dst id="14">185.4844</dst>
      <dst id="20">1627.4933</dst>
      <dst id="11">881.8933</dst>
      <dst id="9">455.4844</dst>
      <dst id="17">3441.7778</dst>
      <dst id="21">637.5822</dst>
      <dst id="15">2771.8933</dst>
    </src>
    <src id="15">
      <dst id="12">814.1956</dst>
      <dst id="13">1320.1778</dst>
      <dst id="19">94.7911</dst>
      <dst id="8">328.8356</dst>
      <dst id="4">953.6533</dst>
      <dst id="1">1144.7111</dst>
      <dst id="5">328.7467</dst>
      <dst id="3">22.0622</dst>
      <dst id="7">1130.3289</dst>
      <dst id="2">430.3911</dst>
      <dst id="14">3.5378</dst>
      <dst id="11">230.3289</dst>
      <dst id="9">878.8178</dst>
      <dst id="17">227.6978</dst>
      <dst id="21">119.8667</dst>
    </src>
  </IntraTM>
</TrafficMatrixFile>
