<?xml version="1.0" encoding="UTF-8" standalone="yes"?>
<TrafficMatrixFile xmlns:xsi="http://www.w3.org/2001/XMLSchema-instance" xsi:noNamespaceSchemaLocation="http://totem.run.montefiore.ulg.ac.be/Schema/TrafficMatrix-v1_2.xsd">
  <info>
    <title>Intradomain traffic matrix generated by geant-TM-all.pl</title>
    <date>2005-01-06T02:15:00</date>
    <duration>900</duration>
    <author>Steve Uhlig</author>
    <units>
        <unit type="bandwidth" value="kbps"/>
    </units>
  </info>
  <IntraTM ASID="20965">
    <src id="12">
      <dst id="12">321589.6800</dst>
      <dst id="13">30806.3289</dst>
      <dst id="19">6701.8311</dst>
      <dst id="23">2866.2133</dst>
      <dst id="8">4367.9467</dst>
      <dst id="18">4703.2622</dst>
      <dst id="4">118206.7378</dst>
      <dst id="1">11271.4222</dst>
      <dst id="5">45680.7644</dst>
      <dst id="3">21565.6978</dst>
      <dst id="22">29254.5333</dst>
      <dst id="7">6924.2222</dst>
      <dst id="2">111827.0844</dst>
      <dst id="6">32.1689</dst>
      <dst id="16">5974.7644</dst>
      <dst id="14">825.6356</dst>
      <dst id="20">10329.8578</dst>
      <dst id="11">10648.1778</dst>
      <dst id="9">16205.9733</dst>
      <dst id="17">101423.8133</dst>
      <dst id="21">15885.0311</dst>
      <dst id="15">679.1111</dst>
    </src>
    <src id="13">
      <dst id="12">95437.8844</dst>
      <dst id="19">15174.9956</dst>
      <dst id="23">451.2711</dst>
      <dst id="8">6104.8089</dst>
      <dst id="18">14263.2178</dst>
      <dst id="1">19249.1822</dst>
      <dst id="5">18532.8622</dst>
      <dst id="3">24461.4667</dst>
      <dst id="22">28744.2044</dst>
      <dst id="7">55574.7022</dst>
      <dst id="2">163336.7911</dst>
      <dst id="6">860.4800</dst>
      <dst id="16">10122.6667</dst>
      <dst id="14">4389.7244</dst>
      <dst id="20">46159.8222</dst>
      <dst id="11">23780.0444</dst>
      <dst id="9">24390.5867</dst>
      <dst id="17">99683.7600</dst>
      <dst id="21">42151.8844</dst>
      <dst id="15">9389.6178</dst>
    </src>
    <src id="19">
      <dst id="12">20799.4044</dst>
      <dst id="13">741.3867</dst>
      <dst id="23">196.9422</dst>
      <dst id="8">34.7556</dst>
      <dst id="18">4440.6667</dst>
      <dst id="4">27164.7822</dst>
      <dst id="1">6283.1200</dst>
      <dst id="5">133.4756</dst>
      <dst id="3">26.5689</dst>
      <dst id="22">1414.8711</dst>
      <dst id="7">9757.1022</dst>
      <dst id="2">7469.3067</dst>
      <dst id="6">747.7333</dst>
      <dst id="16">4870.3822</dst>
      <dst id="14">80.9956</dst>
      <dst id="20">36.8444</dst>
      <dst id="11">313.8667</dst>
      <dst id="9">424.4444</dst>
      <dst id="17">7395.1111</dst>
      <dst id="21">4550.9156</dst>
      <dst id="15">52.9156</dst>
    </src>
    <src id="23">
      <dst id="12">525.1822</dst>
      <dst id="13">189.9022</dst>
      <dst id="19">29.6089</dst>
      <dst id="8">64.8533</dst>
      <dst id="18">89.0667</dst>
      <dst id="4">88.1511</dst>
      <dst id="1">142.8444</dst>
      <dst id="5">107.6622</dst>
      <dst id="3">247.9644</dst>
      <dst id="22">537.6267</dst>
      <dst id="7">265.9644</dst>
      <dst id="2">284.1156</dst>
      <dst id="6">6.2311</dst>
      <dst id="16">327.6267</dst>
      <dst id="20">139.5556</dst>
      <dst id="11">246.2044</dst>
      <dst id="9">205.9911</dst>
      <dst id="17">3049.1467</dst>
      <dst id="21">1860.4622</dst>
      <dst id="15">80.0000</dst>
    </src>
    <src id="8">
      <dst id="12">368630.4178</dst>
      <dst id="13">801.1467</dst>
      <dst id="19">430.9689</dst>
      <dst id="23">5.6622</dst>
      <dst id="18">213.3689</dst>
      <dst id="4">9203.8667</dst>
      <dst id="1">1103.4578</dst>
      <dst id="5">11972.7556</dst>
      <dst id="3">1.8667</dst>
      <dst id="22">1944.5156</dst>
      <dst id="7">73.2800</dst>
      <dst id="2">143013.5911</dst>
      <dst id="16">1600.6222</dst>
      <dst id="20">1316.4444</dst>
      <dst id="11">633.6267</dst>
      <dst id="9">1895.4400</dst>
      <dst id="17">147185.7600</dst>
      <dst id="21">340.9511</dst>
      <dst id="15">1026.2933</dst>
    </src>
    <src id="18">
      <dst id="12">146818.0089</dst>
      <dst id="13">577.0400</dst>
      <dst id="19">207.3067</dst>
      <dst id="23">6.1156</dst>
      <dst id="8">718.4267</dst>
      <dst id="4">2504.2844</dst>
      <dst id="1">6388.1333</dst>
      <dst id="5">1089.6533</dst>
      <dst id="3">215.4400</dst>
      <dst id="22">281.9200</dst>
      <dst id="7">135.8044</dst>
      <dst id="2">56059.4578</dst>
      <dst id="16">368.1689</dst>
      <dst id="14">0.3556</dst>
      <dst id="20">91.5467</dst>
      <dst id="11">328.3022</dst>
      <dst id="9">527.4044</dst>
      <dst id="17">56832.7200</dst>
      <dst id="21">2450.0978</dst>
      <dst id="15">1.2089</dst>
    </src>
    <src id="4">
      <dst id="12">26428.7200</dst>
      <dst id="19">7115.5467</dst>
      <dst id="23">0.3556</dst>
      <dst id="8">5275.6622</dst>
      <dst id="18">3766.1067</dst>
      <dst id="1">50111.2000</dst>
      <dst id="5">3233.7600</dst>
      <dst id="3">2455.1467</dst>
      <dst id="22">8576.0267</dst>
      <dst id="7">54040.6667</dst>
      <dst id="2">88846.9067</dst>
      <dst id="6">70.3911</dst>
      <dst id="16">3329.1644</dst>
      <dst id="14">1931.4489</dst>
      <dst id="20">2804.1867</dst>
      <dst id="11">5333.4578</dst>
      <dst id="9">5955.5200</dst>
      <dst id="17">39522.8178</dst>
      <dst id="21">20926.1778</dst>
      <dst id="15">1509.1467</dst>
    </src>
    <src id="1">
      <dst id="12">21042.0889</dst>
      <dst id="13">2102.2044</dst>
      <dst id="19">2514.2311</dst>
      <dst id="23">156.9244</dst>
      <dst id="8">194079.9467</dst>
      <dst id="18">16952.5067</dst>
      <dst id="4">30556.0889</dst>
      <dst id="1">44351.5556</dst>
      <dst id="5">300407.2267</dst>
      <dst id="3">384.3111</dst>
      <dst id="22">16672.8089</dst>
      <dst id="7">68115.4756</dst>
      <dst id="2">25831.2000</dst>
      <dst id="6">11862.9156</dst>
      <dst id="16">13947.6889</dst>
      <dst id="14">769.7511</dst>
      <dst id="20">8222.9956</dst>
      <dst id="11">404.2133</dst>
      <dst id="9">354664.5244</dst>
      <dst id="17">28420.4444</dst>
      <dst id="21">20191.8400</dst>
      <dst id="15">1316.3467</dst>
    </src>
    <src id="5">
      <dst id="12">383799.2444</dst>
      <dst id="13">5303.5378</dst>
      <dst id="19">312.5778</dst>
      <dst id="23">2.1333</dst>
      <dst id="8">22240.0622</dst>
      <dst id="18">810.5956</dst>
      <dst id="4">8920.5778</dst>
      <dst id="1">3500.2222</dst>
      <dst id="3">35.1822</dst>
      <dst id="22">9562.6222</dst>
      <dst id="7">335.3422</dst>
      <dst id="2">172960.6667</dst>
      <dst id="6">2.4800</dst>
      <dst id="16">2274.7911</dst>
      <dst id="14">112.6400</dst>
      <dst id="20">7169.3244</dst>
      <dst id="11">3675.8844</dst>
      <dst id="9">27596.8800</dst>
      <dst id="17">156402.3022</dst>
      <dst id="21">894.8711</dst>
      <dst id="15">2672.8533</dst>
    </src>
    <src id="3">
      <dst id="12">15758.1867</dst>
      <dst id="13">3211.2978</dst>
      <dst id="19">1634.4356</dst>
      <dst id="23">69.4667</dst>
      <dst id="8">757.7867</dst>
      <dst id="18">208764.2311</dst>
      <dst id="4">58908.9333</dst>
      <dst id="1">8217.4133</dst>
      <dst id="5">899.6889</dst>
      <dst id="3">18921.9111</dst>
      <dst id="22">1312.9600</dst>
      <dst id="7">39887.9556</dst>
      <dst id="2">12554.7556</dst>
      <dst id="6">8.4533</dst>
      <dst id="16">1590.3911</dst>
      <dst id="14">54704.1867</dst>
      <dst id="20">2153.0933</dst>
      <dst id="11">276722.6844</dst>
      <dst id="9">1092.8800</dst>
      <dst id="17">30176.0711</dst>
      <dst id="21">15600.7200</dst>
      <dst id="15">48.9422</dst>
    </src>
    <src id="10">
      <dst id="12">20876.5244</dst>
      <dst id="19">3985.4756</dst>
      <dst id="8">2690.6667</dst>
      <dst id="18">6840.7822</dst>
      <dst id="1">2645.2178</dst>
      <dst id="5">3380.0622</dst>
      <dst id="3">9658.0267</dst>
      <dst id="22">5922.7911</dst>
      <dst id="7">16292.1067</dst>
      <dst id="2">50587.6622</dst>
      <dst id="6">16.0711</dst>
      <dst id="16">4257.2800</dst>
      <dst id="14">1604.9689</dst>
      <dst id="20">2536.1244</dst>
      <dst id="11">4916.3378</dst>
      <dst id="9">3864.4000</dst>
      <dst id="17">26934.5067</dst>
      <dst id="21">20775.6889</dst>
      <dst id="15">449.0667</dst>
    </src>
    <src id="22">
      <dst id="12">15347.3156</dst>
      <dst id="13">19594.7556</dst>
      <dst id="19">426.7733</dst>
      <dst id="23">2966.3644</dst>
      <dst id="8">1258.2311</dst>
      <dst id="18">1168.9244</dst>
      <dst id="4">22366.2489</dst>
      <dst id="1">3338.4267</dst>
      <dst id="5">22357.9200</dst>
      <dst id="3">1426.2933</dst>
      <dst id="7">2459.3333</dst>
      <dst id="2">9808.9689</dst>
      <dst id="6">1.6622</dst>
      <dst id="16">75.8222</dst>
      <dst id="14">146.6489</dst>
      <dst id="11">4877.2444</dst>
      <dst id="9">4622.2133</dst>
      <dst id="17">12432.1422</dst>
      <dst id="21">3386.9689</dst>
    </src>
    <src id="7">
      <dst id="12">4907.2622</dst>
      <dst id="13">4718.5689</dst>
      <dst id="19">3502.6400</dst>
      <dst id="23">933.7956</dst>
      <dst id="8">416.7467</dst>
      <dst id="18">888.0444</dst>
      <dst id="4">62160.1422</dst>
      <dst id="1">24410.8800</dst>
      <dst id="5">1184.3467</dst>
      <dst id="3">3617.2978</dst>
      <dst id="22">5117.3689</dst>
      <dst id="7">669.2267</dst>
      <dst id="2">25198.0000</dst>
      <dst id="6">97.0489</dst>
      <dst id="16">4570.1600</dst>
      <dst id="14">208.1689</dst>
      <dst id="20">4329.0844</dst>
      <dst id="11">5448.0000</dst>
      <dst id="9">2045.1822</dst>
      <dst id="17">11904.1511</dst>
      <dst id="21">6158.1422</dst>
      <dst id="15">1301.0311</dst>
    </src>
    <src id="2">
      <dst id="12">161604.5067</dst>
      <dst id="13">512228.0089</dst>
      <dst id="19">4031.8933</dst>
      <dst id="23">5.8489</dst>
      <dst id="8">2912.4622</dst>
      <dst id="18">162360.2933</dst>
      <dst id="4">129043.8578</dst>
      <dst id="1">13285.1644</dst>
      <dst id="5">1969.9022</dst>
      <dst id="3">2026.9956</dst>
      <dst id="22">4118.4711</dst>
      <dst id="7">10895.2622</dst>
      <dst id="2">1340.6578</dst>
      <dst id="6">10223.1822</dst>
      <dst id="16">8005.4489</dst>
      <dst id="14">3071.8311</dst>
      <dst id="20">9528.4089</dst>
      <dst id="11">6723.2622</dst>
      <dst id="9">1748.9600</dst>
      <dst id="17">18227.8133</dst>
      <dst id="21">6138.0711</dst>
      <dst id="15">125.3244</dst>
    </src>
    <src id="6">
      <dst id="12">11916.5956</dst>
      <dst id="13">13.1022</dst>
      <dst id="19">64.5600</dst>
      <dst id="23">12.3467</dst>
      <dst id="18">37.6800</dst>
      <dst id="4">321.5556</dst>
      <dst id="1">38.6311</dst>
      <dst id="5">16.0089</dst>
      <dst id="22">16.4622</dst>
      <dst id="7">79.0844</dst>
      <dst id="2">3291.3778</dst>
      <dst id="16">0.3556</dst>
      <dst id="14">0.7111</dst>
      <dst id="20">24.9778</dst>
      <dst id="11">69.7244</dst>
      <dst id="9">11.4667</dst>
      <dst id="17">2468.1067</dst>
      <dst id="21">182.6400</dst>
    </src>
    <src id="16">
      <dst id="12">4598.0356</dst>
      <dst id="13">823.8756</dst>
      <dst id="19">3788.6311</dst>
      <dst id="23">405.8311</dst>
      <dst id="8">8642.1156</dst>
      <dst id="18">51.1467</dst>
      <dst id="4">8955.5822</dst>
      <dst id="1">20549.7600</dst>
      <dst id="5">5435.2356</dst>
      <dst id="3">317.0844</dst>
      <dst id="7">6833.6889</dst>
      <dst id="2">2490.1244</dst>
      <dst id="6">1.2978</dst>
      <dst id="16">72.2311</dst>
      <dst id="14">338.7022</dst>
      <dst id="11">389.8489</dst>
      <dst id="9">10547.3067</dst>
      <dst id="17">5995.8133</dst>
      <dst id="21">1244.8089</dst>
    </src>
    <src id="14">
      <dst id="12">21108.2667</dst>
      <dst id="13">64.9511</dst>
      <dst id="19">21.5111</dst>
      <dst id="4">4082.9244</dst>
      <dst id="1">261.9200</dst>
      <dst id="5">3.2000</dst>
      <dst id="3">102.1689</dst>
      <dst id="22">83.1733</dst>
      <dst id="7">74.0000</dst>
      <dst id="2">7227.0044</dst>
      <dst id="16">23.9289</dst>
      <dst id="20">9.0844</dst>
      <dst id="11">204.4356</dst>
      <dst id="9">997.3867</dst>
      <dst id="17">8663.6978</dst>
      <dst id="21">92.1600</dst>
    </src>
    <src id="20">
      <dst id="12">6531.5200</dst>
      <dst id="13">44477.6711</dst>
      <dst id="19">586.6933</dst>
      <dst id="23">15.4222</dst>
      <dst id="8">3466.4800</dst>
      <dst id="18">560.8533</dst>
      <dst id="4">14810.0178</dst>
      <dst id="1">1910.6400</dst>
      <dst id="5">3541.8044</dst>
      <dst id="3">637.7156</dst>
      <dst id="7">993.3422</dst>
      <dst id="2">25936.5600</dst>
      <dst id="6">5.3422</dst>
      <dst id="16">13.3333</dst>
      <dst id="14">3.4311</dst>
      <dst id="11">1561.7244</dst>
      <dst id="9">8402.4000</dst>
      <dst id="17">10251.7689</dst>
      <dst id="21">4544.3022</dst>
    </src>
    <src id="11">
      <dst id="12">455561.5022</dst>
      <dst id="13">3430.6311</dst>
      <dst id="19">143.7956</dst>
      <dst id="23">18.5156</dst>
      <dst id="8">1621.5111</dst>
      <dst id="18">1106.6667</dst>
      <dst id="4">16448.5600</dst>
      <dst id="1">2166.4622</dst>
      <dst id="5">1442.7733</dst>
      <dst id="3">2233.6711</dst>
      <dst id="22">4423.9378</dst>
      <dst id="7">1083.3689</dst>
      <dst id="2">199347.7689</dst>
      <dst id="6">694.0622</dst>
      <dst id="16">260.0000</dst>
      <dst id="14">252.2578</dst>
      <dst id="20">8194.2578</dst>
      <dst id="11">3528.7378</dst>
      <dst id="9">4517.3422</dst>
      <dst id="17">205093.8133</dst>
      <dst id="21">1391.5911</dst>
      <dst id="15">3437.4667</dst>
    </src>
    <src id="9">
      <dst id="12">494017.6178</dst>
      <dst id="13">19822.7911</dst>
      <dst id="19">183.0489</dst>
      <dst id="23">5.2533</dst>
      <dst id="8">1480.6667</dst>
      <dst id="18">3875.3956</dst>
      <dst id="4">14123.7244</dst>
      <dst id="1">3618.3022</dst>
      <dst id="5">5074.3378</dst>
      <dst id="3">73.7511</dst>
      <dst id="22">6704.0800</dst>
      <dst id="7">1372.4178</dst>
      <dst id="2">214246.6222</dst>
      <dst id="16">2310.7911</dst>
      <dst id="14">29.3067</dst>
      <dst id="20">12094.8267</dst>
      <dst id="11">947.3600</dst>
      <dst id="9">1346.1867</dst>
      <dst id="17">205668.2667</dst>
      <dst id="21">944.5156</dst>
      <dst id="15">605.0933</dst>
    </src>
    <src id="17">
      <dst id="12">10343.7244</dst>
      <dst id="13">11204.5422</dst>
      <dst id="19">724.8267</dst>
      <dst id="23">7018.9511</dst>
      <dst id="8">220792.1422</dst>
      <dst id="18">4486.3378</dst>
      <dst id="4">137282.0178</dst>
      <dst id="1">7505.3600</dst>
      <dst id="5">297816.9156</dst>
      <dst id="3">23481.3600</dst>
      <dst id="22">18487.3867</dst>
      <dst id="7">9698.6844</dst>
      <dst id="2">18509.1200</dst>
      <dst id="6">203.2356</dst>
      <dst id="16">20915.7067</dst>
      <dst id="14">44732.8533</dst>
      <dst id="20">3721.9378</dst>
      <dst id="11">225142.3289</dst>
      <dst id="9">332219.1378</dst>
      <dst id="17">1858.3556</dst>
      <dst id="21">18997.7600</dst>
      <dst id="15">175.7333</dst>
    </src>
    <src id="21">
      <dst id="12">27136.0267</dst>
      <dst id="13">841.8133</dst>
      <dst id="19">811.8044</dst>
      <dst id="23">81.8311</dst>
      <dst id="8">117.3067</dst>
      <dst id="18">10573.7333</dst>
      <dst id="4">28404.5600</dst>
      <dst id="1">4342.7467</dst>
      <dst id="5">935.5911</dst>
      <dst id="3">19194.7289</dst>
      <dst id="22">1412.9867</dst>
      <dst id="7">2969.1200</dst>
      <dst id="2">22405.0933</dst>
      <dst id="6">30.9244</dst>
      <dst id="16">455.3422</dst>
      <dst id="14">170.5067</dst>
      <dst id="20">776.1600</dst>
      <dst id="11">1239.3956</dst>
      <dst id="9">1663.0222</dst>
      <dst id="17">12252.4711</dst>
      <dst id="21">5893.4133</dst>
      <dst id="15">492.2400</dst>
    </src>
    <src id="15">
      <dst id="12">3255.4044</dst>
      <dst id="13">1066.4889</dst>
      <dst id="19">152.4622</dst>
      <dst id="23">1.4222</dst>
      <dst id="8">915.7778</dst>
      <dst id="18">27.5911</dst>
      <dst id="4">1349.1022</dst>
      <dst id="1">832.2844</dst>
      <dst id="5">1374.4000</dst>
      <dst id="3">14.7822</dst>
      <dst id="7">777.2800</dst>
      <dst id="2">287.4044</dst>
      <dst id="6">12.8178</dst>
      <dst id="16">0.3556</dst>
      <dst id="14">0.3467</dst>
      <dst id="11">2414.6756</dst>
      <dst id="9">3621.9111</dst>
      <dst id="17">5095.9822</dst>
      <dst id="21">2210.4889</dst>
    </src>
  </IntraTM>
</TrafficMatrixFile>
