<?xml version="1.0" encoding="UTF-8" standalone="yes"?>
<TrafficMatrixFile xmlns:xsi="http://www.w3.org/2001/XMLSchema-instance" xsi:noNamespaceSchemaLocation="http://totem.run.montefiore.ulg.ac.be/Schema/TrafficMatrix-v1_2.xsd">
  <info>
    <title>Intradomain traffic matrix generated by geant-TM-all.pl</title>
    <date>2005-01-05T20:15:00</date>
    <duration>900</duration>
    <author>Steve Uhlig</author>
    <units>
        <unit type="bandwidth" value="kbps"/>
    </units>
  </info>
  <IntraTM ASID="20965">
    <src id="12">
      <dst id="12">361470.9333</dst>
      <dst id="13">43821.2356</dst>
      <dst id="19">7313.9289</dst>
      <dst id="23">607.6622</dst>
      <dst id="8">15090.3200</dst>
      <dst id="18">14154.3022</dst>
      <dst id="4">75872.7733</dst>
      <dst id="1">13290.4356</dst>
      <dst id="5">9541.7956</dst>
      <dst id="3">11274.6667</dst>
      <dst id="22">21780.4356</dst>
      <dst id="7">15997.3689</dst>
      <dst id="2">114046.3733</dst>
      <dst id="6">248.6400</dst>
      <dst id="16">11304.5422</dst>
      <dst id="14">1282.5067</dst>
      <dst id="20">18807.1733</dst>
      <dst id="11">10712.1244</dst>
      <dst id="9">23070.2311</dst>
      <dst id="17">111117.3244</dst>
      <dst id="21">17526.0711</dst>
      <dst id="15">4758.4533</dst>
    </src>
    <src id="13">
      <dst id="12">91996.3022</dst>
      <dst id="19">19000.7022</dst>
      <dst id="23">610.7644</dst>
      <dst id="8">12039.3867</dst>
      <dst id="18">8911.6711</dst>
      <dst id="1">11998.0356</dst>
      <dst id="5">18043.5467</dst>
      <dst id="3">48113.2089</dst>
      <dst id="22">27192.5333</dst>
      <dst id="7">35962.5778</dst>
      <dst id="2">114819.3244</dst>
      <dst id="6">383.3156</dst>
      <dst id="16">14077.9022</dst>
      <dst id="14">4986.2756</dst>
      <dst id="20">16800.3289</dst>
      <dst id="11">37334.3111</dst>
      <dst id="9">31053.4844</dst>
      <dst id="17">291814.1600</dst>
      <dst id="21">53507.0400</dst>
      <dst id="15">7608.6578</dst>
    </src>
    <src id="19">
      <dst id="12">14462.9778</dst>
      <dst id="13">2224.6667</dst>
      <dst id="23">508.7200</dst>
      <dst id="8">175.0044</dst>
      <dst id="18">407.0844</dst>
      <dst id="4">18562.3556</dst>
      <dst id="1">2161.1467</dst>
      <dst id="5">221.1556</dst>
      <dst id="3">340.3289</dst>
      <dst id="22">2894.7911</dst>
      <dst id="7">8184.3556</dst>
      <dst id="2">21154.1067</dst>
      <dst id="6">1015.3511</dst>
      <dst id="16">7080.2400</dst>
      <dst id="14">55.9733</dst>
      <dst id="20">78.4178</dst>
      <dst id="11">2534.2133</dst>
      <dst id="9">539.8400</dst>
      <dst id="17">3435.2978</dst>
      <dst id="21">2248.8356</dst>
      <dst id="15">123.0933</dst>
    </src>
    <src id="23">
      <dst id="12">497.2000</dst>
      <dst id="13">715.9467</dst>
      <dst id="19">147.9644</dst>
      <dst id="8">14.0444</dst>
      <dst id="18">52.2667</dst>
      <dst id="4">168.3556</dst>
      <dst id="1">277.4844</dst>
      <dst id="5">132.6489</dst>
      <dst id="3">3525.9911</dst>
      <dst id="22">261.1822</dst>
      <dst id="7">383.2267</dst>
      <dst id="2">75.0756</dst>
      <dst id="6">0.8889</dst>
      <dst id="16">186.0000</dst>
      <dst id="14">16.1067</dst>
      <dst id="20">53.3333</dst>
      <dst id="11">37.6089</dst>
      <dst id="9">756.6667</dst>
      <dst id="17">1263.0489</dst>
      <dst id="21">1161.3067</dst>
      <dst id="15">0.3556</dst>
    </src>
    <src id="8">
      <dst id="12">330062.1244</dst>
      <dst id="13">5342.5778</dst>
      <dst id="19">847.1289</dst>
      <dst id="23">50.8800</dst>
      <dst id="18">355.7156</dst>
      <dst id="4">7813.0400</dst>
      <dst id="1">2241.5289</dst>
      <dst id="5">2957.4044</dst>
      <dst id="3">38.7111</dst>
      <dst id="22">1349.9644</dst>
      <dst id="7">3841.6178</dst>
      <dst id="2">135527.2444</dst>
      <dst id="16">1471.6533</dst>
      <dst id="14">51.0222</dst>
      <dst id="20">4667.2089</dst>
      <dst id="11">1774.3467</dst>
      <dst id="9">3618.2667</dst>
      <dst id="17">133526.4889</dst>
      <dst id="21">1006.9511</dst>
      <dst id="15">3026.5422</dst>
    </src>
    <src id="18">
      <dst id="12">124431.3244</dst>
      <dst id="13">1373.1289</dst>
      <dst id="19">121.3244</dst>
      <dst id="23">30.0978</dst>
      <dst id="8">434.7556</dst>
      <dst id="4">1497.8844</dst>
      <dst id="1">1055.2711</dst>
      <dst id="5">212.5333</dst>
      <dst id="3">344.9244</dst>
      <dst id="22">454.4178</dst>
      <dst id="7">664.3822</dst>
      <dst id="2">41335.8133</dst>
      <dst id="16">137.5022</dst>
      <dst id="14">27.1289</dst>
      <dst id="20">49.0667</dst>
      <dst id="11">209.9467</dst>
      <dst id="9">72.2667</dst>
      <dst id="17">51558.8089</dst>
      <dst id="21">1937.2089</dst>
      <dst id="15">4.5422</dst>
    </src>
    <src id="4">
      <dst id="12">26270.8889</dst>
      <dst id="19">11885.7867</dst>
      <dst id="23">1.4933</dst>
      <dst id="8">3425.3156</dst>
      <dst id="18">3668.8622</dst>
      <dst id="1">217469.6089</dst>
      <dst id="5">2126.4089</dst>
      <dst id="3">2145.1467</dst>
      <dst id="22">6087.2089</dst>
      <dst id="7">36838.9156</dst>
      <dst id="2">128488.9422</dst>
      <dst id="6">165.4933</dst>
      <dst id="16">5588.4889</dst>
      <dst id="14">1786.7467</dst>
      <dst id="20">1392.9778</dst>
      <dst id="11">5322.1067</dst>
      <dst id="9">5549.5378</dst>
      <dst id="17">48742.6311</dst>
      <dst id="21">13798.3911</dst>
      <dst id="15">957.0044</dst>
    </src>
    <src id="1">
      <dst id="12">19693.9378</dst>
      <dst id="13">8222.4800</dst>
      <dst id="19">3494.7733</dst>
      <dst id="23">47.6089</dst>
      <dst id="8">223704.8711</dst>
      <dst id="18">15395.9111</dst>
      <dst id="4">17936.7378</dst>
      <dst id="1">38187.6978</dst>
      <dst id="5">288079.1822</dst>
      <dst id="3">11903.4578</dst>
      <dst id="22">13395.5111</dst>
      <dst id="7">36496.7022</dst>
      <dst id="2">18815.4578</dst>
      <dst id="6">19961.9911</dst>
      <dst id="16">12438.5067</dst>
      <dst id="14">577.3244</dst>
      <dst id="20">2197.1911</dst>
      <dst id="11">2238.3556</dst>
      <dst id="9">437034.5333</dst>
      <dst id="17">22854.3644</dst>
      <dst id="21">10516.9867</dst>
      <dst id="15">592.2933</dst>
    </src>
    <src id="5">
      <dst id="12">305245.7600</dst>
      <dst id="13">3058.4444</dst>
      <dst id="19">122.2400</dst>
      <dst id="23">45.4578</dst>
      <dst id="8">25645.1378</dst>
      <dst id="18">1146.2933</dst>
      <dst id="4">6764.4800</dst>
      <dst id="1">1753.0311</dst>
      <dst id="3">55.4844</dst>
      <dst id="22">6547.0133</dst>
      <dst id="7">1298.7911</dst>
      <dst id="2">144910.1156</dst>
      <dst id="6">16.0978</dst>
      <dst id="16">2480.4533</dst>
      <dst id="14">4.2933</dst>
      <dst id="20">4935.5822</dst>
      <dst id="11">3010.1422</dst>
      <dst id="9">1719.0578</dst>
      <dst id="17">124586.2489</dst>
      <dst id="21">348.8889</dst>
      <dst id="15">1973.3689</dst>
    </src>
    <src id="3">
      <dst id="12">24329.7511</dst>
      <dst id="13">23012.2933</dst>
      <dst id="19">1179.3067</dst>
      <dst id="23">5740.8356</dst>
      <dst id="8">478.8356</dst>
      <dst id="18">216909.8489</dst>
      <dst id="4">32108.8000</dst>
      <dst id="1">14903.5822</dst>
      <dst id="5">588.0711</dst>
      <dst id="3">20829.9733</dst>
      <dst id="22">1760.9689</dst>
      <dst id="7">10083.0311</dst>
      <dst id="2">12751.0667</dst>
      <dst id="6">26.2400</dst>
      <dst id="16">4176.5689</dst>
      <dst id="14">59272.4356</dst>
      <dst id="20">2554.4889</dst>
      <dst id="11">431321.4756</dst>
      <dst id="9">1995.9289</dst>
      <dst id="17">29621.4400</dst>
      <dst id="21">24154.0444</dst>
      <dst id="15">2384.6667</dst>
    </src>
    <src id="10">
      <dst id="12">23480.8711</dst>
      <dst id="19">14537.6533</dst>
      <dst id="8">4854.4267</dst>
      <dst id="18">6814.3911</dst>
      <dst id="1">1883.8400</dst>
      <dst id="5">1800.2311</dst>
      <dst id="3">22192.1333</dst>
      <dst id="22">6718.8978</dst>
      <dst id="7">8983.8667</dst>
      <dst id="2">65542.4711</dst>
      <dst id="6">74.3733</dst>
      <dst id="16">7060.9867</dst>
      <dst id="14">3044.1778</dst>
      <dst id="20">11180.7911</dst>
      <dst id="11">11504.9511</dst>
      <dst id="9">3299.2267</dst>
      <dst id="17">56935.8311</dst>
      <dst id="21">18562.7911</dst>
      <dst id="15">415.3067</dst>
    </src>
    <src id="22">
      <dst id="12">8008.1867</dst>
      <dst id="13">4478.5156</dst>
      <dst id="19">2772.2578</dst>
      <dst id="23">24.9956</dst>
      <dst id="8">2562.8267</dst>
      <dst id="18">1361.8489</dst>
      <dst id="4">18164.0089</dst>
      <dst id="1">3315.6533</dst>
      <dst id="5">3920.8444</dst>
      <dst id="3">5394.2400</dst>
      <dst id="7">2575.5111</dst>
      <dst id="2">4141.9022</dst>
      <dst id="6">60.1689</dst>
      <dst id="16">1.1111</dst>
      <dst id="14">55.1733</dst>
      <dst id="11">2712.5867</dst>
      <dst id="9">4851.5378</dst>
      <dst id="17">10484.7644</dst>
      <dst id="21">2740.1244</dst>
    </src>
    <src id="7">
      <dst id="12">7300.7467</dst>
      <dst id="13">3279.4133</dst>
      <dst id="19">3371.2711</dst>
      <dst id="23">283.6178</dst>
      <dst id="8">392.4089</dst>
      <dst id="18">4888.7467</dst>
      <dst id="4">10946.3911</dst>
      <dst id="1">8669.3244</dst>
      <dst id="5">1332.2933</dst>
      <dst id="3">13962.4178</dst>
      <dst id="22">5430.4356</dst>
      <dst id="7">744.0000</dst>
      <dst id="2">31057.8933</dst>
      <dst id="6">51.6800</dst>
      <dst id="16">1972.5689</dst>
      <dst id="14">162.6044</dst>
      <dst id="20">2263.1911</dst>
      <dst id="11">3396.8356</dst>
      <dst id="9">1356.1956</dst>
      <dst id="17">31241.4222</dst>
      <dst id="21">17729.6978</dst>
      <dst id="15">456.6222</dst>
    </src>
    <src id="2">
      <dst id="12">154221.4044</dst>
      <dst id="13">528180.8089</dst>
      <dst id="19">3809.6444</dst>
      <dst id="23">32.2222</dst>
      <dst id="8">3573.4311</dst>
      <dst id="18">169134.4089</dst>
      <dst id="4">88847.2000</dst>
      <dst id="1">15143.0133</dst>
      <dst id="5">1227.6533</dst>
      <dst id="3">3016.2756</dst>
      <dst id="22">3158.9689</dst>
      <dst id="7">22736.3822</dst>
      <dst id="2">2746.6756</dst>
      <dst id="6">14737.6000</dst>
      <dst id="16">3742.2489</dst>
      <dst id="14">5311.3867</dst>
      <dst id="20">1683.8133</dst>
      <dst id="11">7378.7111</dst>
      <dst id="9">3949.5022</dst>
      <dst id="17">53681.3244</dst>
      <dst id="21">9277.7067</dst>
      <dst id="15">1242.3111</dst>
    </src>
    <src id="6">
      <dst id="12">12454.3378</dst>
      <dst id="13">66.4089</dst>
      <dst id="19">36.0000</dst>
      <dst id="8">0.3556</dst>
      <dst id="18">12.9778</dst>
      <dst id="4">1319.5289</dst>
      <dst id="1">55.5733</dst>
      <dst id="5">11.9289</dst>
      <dst id="3">3.0400</dst>
      <dst id="22">73.4844</dst>
      <dst id="7">493.6089</dst>
      <dst id="2">3016.9422</dst>
      <dst id="16">72.8356</dst>
      <dst id="14">11.5556</dst>
      <dst id="20">192.5867</dst>
      <dst id="11">12.8000</dst>
      <dst id="9">77.4933</dst>
      <dst id="17">2618.8444</dst>
      <dst id="21">71.2622</dst>
    </src>
    <src id="16">
      <dst id="12">4394.5156</dst>
      <dst id="13">984.8533</dst>
      <dst id="19">4071.3511</dst>
      <dst id="23">20.6400</dst>
      <dst id="8">7271.6089</dst>
      <dst id="18">50.0178</dst>
      <dst id="4">5753.8933</dst>
      <dst id="1">25960.2933</dst>
      <dst id="5">11094.9333</dst>
      <dst id="3">617.4222</dst>
      <dst id="7">5400.5244</dst>
      <dst id="2">2924.8356</dst>
      <dst id="6">54.0800</dst>
      <dst id="16">45.7867</dst>
      <dst id="14">766.1156</dst>
      <dst id="11">3769.0578</dst>
      <dst id="9">14303.7867</dst>
      <dst id="17">8379.0044</dst>
      <dst id="21">2259.4667</dst>
    </src>
    <src id="14">
      <dst id="12">20957.0756</dst>
      <dst id="13">185.7156</dst>
      <dst id="19">27.1822</dst>
      <dst id="23">2.8444</dst>
      <dst id="8">1.9822</dst>
      <dst id="18">40.6578</dst>
      <dst id="4">2774.9422</dst>
      <dst id="1">1121.4844</dst>
      <dst id="5">48.7556</dst>
      <dst id="3">582.0267</dst>
      <dst id="22">88.4889</dst>
      <dst id="7">205.9911</dst>
      <dst id="2">7665.4844</dst>
      <dst id="16">32.1956</dst>
      <dst id="20">84.7289</dst>
      <dst id="11">22.4800</dst>
      <dst id="9">197.7600</dst>
      <dst id="17">9694.6222</dst>
      <dst id="21">436.6133</dst>
      <dst id="15">2.0978</dst>
    </src>
    <src id="20">
      <dst id="12">14519.2533</dst>
      <dst id="13">18761.9111</dst>
      <dst id="19">142.7644</dst>
      <dst id="23">52.5156</dst>
      <dst id="8">196.9067</dst>
      <dst id="18">287.7511</dst>
      <dst id="4">6992.8356</dst>
      <dst id="1">777.7067</dst>
      <dst id="5">5569.7956</dst>
      <dst id="3">1761.5022</dst>
      <dst id="7">7741.5822</dst>
      <dst id="2">6533.0844</dst>
      <dst id="6">7.8578</dst>
      <dst id="16">11.9111</dst>
      <dst id="14">32.2578</dst>
      <dst id="11">1924.4711</dst>
      <dst id="9">3174.2844</dst>
      <dst id="17">6427.5822</dst>
      <dst id="21">11230.4889</dst>
    </src>
    <src id="11">
      <dst id="12">474542.4533</dst>
      <dst id="13">9499.9200</dst>
      <dst id="19">326.8178</dst>
      <dst id="23">13.4222</dst>
      <dst id="8">1676.9333</dst>
      <dst id="18">2908.2400</dst>
      <dst id="4">13680.9778</dst>
      <dst id="1">1702.9511</dst>
      <dst id="5">3633.2800</dst>
      <dst id="3">1143.6533</dst>
      <dst id="22">2367.3956</dst>
      <dst id="7">1913.8044</dst>
      <dst id="2">188189.0578</dst>
      <dst id="6">684.0178</dst>
      <dst id="16">353.7067</dst>
      <dst id="14">57.5911</dst>
      <dst id="20">2083.8578</dst>
      <dst id="11">4070.9689</dst>
      <dst id="9">2327.6889</dst>
      <dst id="17">200869.0400</dst>
      <dst id="21">6071.0133</dst>
      <dst id="15">400.5422</dst>
    </src>
    <src id="9">
      <dst id="12">514711.5822</dst>
      <dst id="13">9182.2222</dst>
      <dst id="19">491.2089</dst>
      <dst id="23">34.3111</dst>
      <dst id="8">7970.9956</dst>
      <dst id="18">485.5733</dst>
      <dst id="4">8818.2667</dst>
      <dst id="1">4731.5378</dst>
      <dst id="5">19254.3378</dst>
      <dst id="3">29.4133</dst>
      <dst id="22">4646.5600</dst>
      <dst id="7">1063.8933</dst>
      <dst id="2">202425.7867</dst>
      <dst id="6">2.4533</dst>
      <dst id="16">1320.0889</dst>
      <dst id="14">17.1733</dst>
      <dst id="20">20211.3511</dst>
      <dst id="11">2630.3289</dst>
      <dst id="9">3078.8533</dst>
      <dst id="17">201780.9244</dst>
      <dst id="21">3120.1244</dst>
      <dst id="15">3099.4133</dst>
    </src>
    <src id="17">
      <dst id="12">30160.8711</dst>
      <dst id="13">14828.1689</dst>
      <dst id="19">2369.5111</dst>
      <dst id="23">469.7778</dst>
      <dst id="8">227916.3644</dst>
      <dst id="18">2886.4889</dst>
      <dst id="4">153229.2622</dst>
      <dst id="1">13081.2089</dst>
      <dst id="5">282591.3333</dst>
      <dst id="3">27463.9289</dst>
      <dst id="22">18737.7511</dst>
      <dst id="7">25569.8844</dst>
      <dst id="2">29762.4711</dst>
      <dst id="6">349.0844</dst>
      <dst id="16">15073.1822</dst>
      <dst id="14">53568.3467</dst>
      <dst id="20">4079.8489</dst>
      <dst id="11">299287.7422</dst>
      <dst id="9">383596.0178</dst>
      <dst id="17">1427.0844</dst>
      <dst id="21">18468.8444</dst>
      <dst id="15">10306.1511</dst>
    </src>
    <src id="21">
      <dst id="12">25698.9956</dst>
      <dst id="13">23239.8933</dst>
      <dst id="19">802.0978</dst>
      <dst id="23">3043.6089</dst>
      <dst id="8">338.8444</dst>
      <dst id="18">3196.5244</dst>
      <dst id="4">18367.9733</dst>
      <dst id="1">12228.1689</dst>
      <dst id="5">1408.9867</dst>
      <dst id="3">18000.6400</dst>
      <dst id="22">4846.3111</dst>
      <dst id="7">7045.9378</dst>
      <dst id="2">16066.9778</dst>
      <dst id="6">205.3511</dst>
      <dst id="16">438.2844</dst>
      <dst id="14">133.7156</dst>
      <dst id="20">5869.1733</dst>
      <dst id="11">1082.5422</dst>
      <dst id="9">4025.6178</dst>
      <dst id="17">7590.7644</dst>
      <dst id="21">4505.7067</dst>
      <dst id="15">2234.4178</dst>
    </src>
    <src id="15">
      <dst id="12">2833.5733</dst>
      <dst id="13">20940.5600</dst>
      <dst id="19">5785.2711</dst>
      <dst id="23">0.8533</dst>
      <dst id="8">3082.6844</dst>
      <dst id="18">132.8089</dst>
      <dst id="4">1897.1822</dst>
      <dst id="1">1550.0889</dst>
      <dst id="5">525.5200</dst>
      <dst id="3">1.9556</dst>
      <dst id="7">178.8533</dst>
      <dst id="2">993.9111</dst>
      <dst id="6">0.3556</dst>
      <dst id="14">0.8533</dst>
      <dst id="11">696.8711</dst>
      <dst id="9">1169.1022</dst>
      <dst id="17">5018.0622</dst>
      <dst id="21">5495.0844</dst>
    </src>
  </IntraTM>
</TrafficMatrixFile>
