<?xml version="1.0" encoding="UTF-8" standalone="yes"?>
<TrafficMatrixFile xmlns:xsi="http://www.w3.org/2001/XMLSchema-instance" xsi:noNamespaceSchemaLocation="http://totem.run.montefiore.ulg.ac.be/Schema/TrafficMatrix-v1_2.xsd">
  <info>
    <title>Intradomain traffic matrix generated by geant-TM-all.pl</title>
    <date>2005-01-02T09:30:00</date>
    <duration>900</duration>
    <author>Steve Uhlig</author>
    <units>
        <unit type="bandwidth" value="kbps"/>
    </units>
  </info>
  <IntraTM ASID="20965">
    <src id="12">
      <dst id="12">245981.4578</dst>
      <dst id="13">24377.4133</dst>
      <dst id="19">1672.7111</dst>
      <dst id="23">7004.4622</dst>
      <dst id="8">1435.6356</dst>
      <dst id="18">548.3378</dst>
      <dst id="4">99111.1911</dst>
      <dst id="1">8656.1600</dst>
      <dst id="5">3932.4711</dst>
      <dst id="3">4434.9333</dst>
      <dst id="22">18750.4978</dst>
      <dst id="7">912.1422</dst>
      <dst id="2">101853.1733</dst>
      <dst id="6">94.1778</dst>
      <dst id="16">4289.8489</dst>
      <dst id="14">416.7378</dst>
      <dst id="20">2814.6311</dst>
      <dst id="11">3750.0089</dst>
      <dst id="9">5763.9911</dst>
      <dst id="17">66281.2000</dst>
      <dst id="21">10189.2889</dst>
      <dst id="15">196.4711</dst>
    </src>
    <src id="13">
      <dst id="12">109171.0044</dst>
      <dst id="19">12268.5067</dst>
      <dst id="23">17.5911</dst>
      <dst id="8">2632.6489</dst>
      <dst id="18">2435.0311</dst>
      <dst id="4">0.3556</dst>
      <dst id="1">4769.6000</dst>
      <dst id="5">11549.0400</dst>
      <dst id="3">3647.0311</dst>
      <dst id="22">20934.5689</dst>
      <dst id="7">17960.3644</dst>
      <dst id="2">98680.0444</dst>
      <dst id="6">10.0533</dst>
      <dst id="16">7767.6800</dst>
      <dst id="14">2096.7822</dst>
      <dst id="20">35199.7067</dst>
      <dst id="11">14209.6800</dst>
      <dst id="9">25957.7244</dst>
      <dst id="17">44323.1822</dst>
      <dst id="21">16791.5111</dst>
      <dst id="15">7735.6711</dst>
    </src>
    <src id="19">
      <dst id="12">15017.1644</dst>
      <dst id="13">2422.4711</dst>
      <dst id="23">0.4978</dst>
      <dst id="8">9.5556</dst>
      <dst id="18">26.0000</dst>
      <dst id="4">21106.1778</dst>
      <dst id="1">501.2800</dst>
      <dst id="5">3.3867</dst>
      <dst id="3">2.0000</dst>
      <dst id="22">3548.3022</dst>
      <dst id="7">2918.8533</dst>
      <dst id="2">17006.8800</dst>
      <dst id="6">70.4711</dst>
      <dst id="16">7836.7733</dst>
      <dst id="20">189.4844</dst>
      <dst id="11">10.4267</dst>
      <dst id="9">4592.3378</dst>
      <dst id="17">131.1111</dst>
      <dst id="21">1408.3378</dst>
      <dst id="15">1.4578</dst>
    </src>
    <src id="23">
      <dst id="12">316.5333</dst>
      <dst id="13">119.2889</dst>
      <dst id="19">2.2756</dst>
      <dst id="8">37.5467</dst>
      <dst id="18">0.4622</dst>
      <dst id="4">38.8622</dst>
      <dst id="1">66.9600</dst>
      <dst id="5">2.8267</dst>
      <dst id="3">41.6978</dst>
      <dst id="22">16.8356</dst>
      <dst id="7">41.2444</dst>
      <dst id="2">61.4044</dst>
      <dst id="6">0.9244</dst>
      <dst id="16">4.8267</dst>
      <dst id="14">12.3022</dst>
      <dst id="20">0.4622</dst>
      <dst id="11">101.4844</dst>
      <dst id="9">361.8844</dst>
      <dst id="17">29.4044</dst>
      <dst id="21">1113.1200</dst>
      <dst id="15">0.9244</dst>
    </src>
    <src id="8">
      <dst id="12">310407.8578</dst>
      <dst id="13">1236.1689</dst>
      <dst id="19">428.0267</dst>
      <dst id="23">896.1778</dst>
      <dst id="18">91.2089</dst>
      <dst id="4">4919.8756</dst>
      <dst id="1">176.7378</dst>
      <dst id="5">1886.9156</dst>
      <dst id="3">43.0222</dst>
      <dst id="22">496.7822</dst>
      <dst id="7">53.6622</dst>
      <dst id="2">113016.8711</dst>
      <dst id="6">1.1378</dst>
      <dst id="16">166.1778</dst>
      <dst id="20">201.7511</dst>
      <dst id="11">2197.9644</dst>
      <dst id="9">327.8756</dst>
      <dst id="17">114669.5111</dst>
      <dst id="21">312.0978</dst>
      <dst id="15">294.0800</dst>
    </src>
    <src id="18">
      <dst id="12">106469.5822</dst>
      <dst id="13">295.8489</dst>
      <dst id="19">959.5111</dst>
      <dst id="23">1.8933</dst>
      <dst id="8">393.8578</dst>
      <dst id="4">2565.9644</dst>
      <dst id="1">2817.8222</dst>
      <dst id="5">271.9733</dst>
      <dst id="3">28.4089</dst>
      <dst id="22">1368.8978</dst>
      <dst id="7">28.8800</dst>
      <dst id="2">30817.4133</dst>
      <dst id="16">21.8311</dst>
      <dst id="14">2.0978</dst>
      <dst id="20">94.2489</dst>
      <dst id="11">223.9556</dst>
      <dst id="9">335.1556</dst>
      <dst id="17">39297.7333</dst>
      <dst id="21">583.7511</dst>
      <dst id="15">5.9378</dst>
    </src>
    <src id="4">
      <dst id="12">17374.4178</dst>
      <dst id="19">5550.5956</dst>
      <dst id="8">1280.9778</dst>
      <dst id="18">1647.0578</dst>
      <dst id="4">4.0089</dst>
      <dst id="1">10437.9644</dst>
      <dst id="5">1309.9644</dst>
      <dst id="3">115.0578</dst>
      <dst id="22">2648.3022</dst>
      <dst id="7">14595.6533</dst>
      <dst id="2">57260.7733</dst>
      <dst id="6">223.6444</dst>
      <dst id="16">662.7911</dst>
      <dst id="14">1072.6222</dst>
      <dst id="20">818.3378</dst>
      <dst id="11">9505.7867</dst>
      <dst id="9">1466.6133</dst>
      <dst id="17">25477.1378</dst>
      <dst id="21">6175.2089</dst>
      <dst id="15">318.0267</dst>
    </src>
    <src id="1">
      <dst id="12">21075.4933</dst>
      <dst id="13">1825.3422</dst>
      <dst id="19">25.6356</dst>
      <dst id="23">43.2711</dst>
      <dst id="8">80629.7689</dst>
      <dst id="18">12354.1156</dst>
      <dst id="4">13249.4756</dst>
      <dst id="1">22615.4667</dst>
      <dst id="5">172374.9956</dst>
      <dst id="3">20.3556</dst>
      <dst id="22">1275.9644</dst>
      <dst id="7">2708.9067</dst>
      <dst id="2">4373.0844</dst>
      <dst id="6">6234.4978</dst>
      <dst id="16">13083.9644</dst>
      <dst id="14">211.5022</dst>
      <dst id="20">226.2489</dst>
      <dst id="11">1019.8489</dst>
      <dst id="9">173908.6400</dst>
      <dst id="17">5524.7111</dst>
      <dst id="21">3080.0622</dst>
      <dst id="15">89.6089</dst>
    </src>
    <src id="5">
      <dst id="12">274807.8044</dst>
      <dst id="13">1482.0978</dst>
      <dst id="19">18.4889</dst>
      <dst id="23">66.6667</dst>
      <dst id="8">978.8800</dst>
      <dst id="18">628.6756</dst>
      <dst id="4">6311.2978</dst>
      <dst id="1">423.7689</dst>
      <dst id="3">1.1733</dst>
      <dst id="22">6638.3911</dst>
      <dst id="7">121.0133</dst>
      <dst id="2">119291.0578</dst>
      <dst id="6">14.5867</dst>
      <dst id="16">360.6400</dst>
      <dst id="14">3.8667</dst>
      <dst id="20">4214.0444</dst>
      <dst id="11">785.1289</dst>
      <dst id="9">727.7244</dst>
      <dst id="17">114272.8267</dst>
      <dst id="21">245.6444</dst>
      <dst id="15">139.5289</dst>
    </src>
    <src id="3">
      <dst id="12">11494.4533</dst>
      <dst id="13">825.2533</dst>
      <dst id="19">5174.8089</dst>
      <dst id="23">1.6711</dst>
      <dst id="8">81.4667</dst>
      <dst id="18">76678.4267</dst>
      <dst id="4">28688.6578</dst>
      <dst id="1">11332.2489</dst>
      <dst id="5">1094.8444</dst>
      <dst id="3">8755.7956</dst>
      <dst id="22">1777.0756</dst>
      <dst id="7">1728.3822</dst>
      <dst id="2">4631.0133</dst>
      <dst id="16">1597.8400</dst>
      <dst id="14">29114.5422</dst>
      <dst id="20">1161.7511</dst>
      <dst id="11">156930.9778</dst>
      <dst id="9">292.0178</dst>
      <dst id="17">29982.4444</dst>
      <dst id="21">5265.7778</dst>
      <dst id="15">50.8089</dst>
    </src>
    <src id="10">
      <dst id="12">11851.7511</dst>
      <dst id="19">499.0667</dst>
      <dst id="8">241.5467</dst>
      <dst id="18">264.3022</dst>
      <dst id="1">331.1378</dst>
      <dst id="5">733.6533</dst>
      <dst id="3">17487.6711</dst>
      <dst id="22">12177.2622</dst>
      <dst id="7">16730.1067</dst>
      <dst id="2">24328.7556</dst>
      <dst id="6">1.6622</dst>
      <dst id="16">2325.2444</dst>
      <dst id="14">4469.6533</dst>
      <dst id="20">6120.0622</dst>
      <dst id="11">4822.6044</dst>
      <dst id="9">7315.6978</dst>
      <dst id="17">19981.7156</dst>
      <dst id="21">13033.2889</dst>
      <dst id="15">655.8222</dst>
    </src>
    <src id="22">
      <dst id="12">6683.8044</dst>
      <dst id="13">2554.2844</dst>
      <dst id="19">320.1067</dst>
      <dst id="23">23.0311</dst>
      <dst id="8">685.4756</dst>
      <dst id="18">2645.7867</dst>
      <dst id="4">14117.8222</dst>
      <dst id="1">1147.9911</dst>
      <dst id="5">5276.4356</dst>
      <dst id="3">758.2489</dst>
      <dst id="7">320.5600</dst>
      <dst id="2">2812.0089</dst>
      <dst id="6">3.0044</dst>
      <dst id="16">14.2222</dst>
      <dst id="14">106.2844</dst>
      <dst id="11">3602.9156</dst>
      <dst id="9">2354.0533</dst>
      <dst id="17">2149.2000</dst>
      <dst id="21">1508.5778</dst>
    </src>
    <src id="7">
      <dst id="12">5818.4444</dst>
      <dst id="13">551.9289</dst>
      <dst id="19">209.4578</dst>
      <dst id="23">44.7111</dst>
      <dst id="8">1095.2978</dst>
      <dst id="18">319.9289</dst>
      <dst id="4">28341.7333</dst>
      <dst id="1">5266.0444</dst>
      <dst id="5">1105.9378</dst>
      <dst id="3">87.8578</dst>
      <dst id="22">6169.3689</dst>
      <dst id="7">733.0311</dst>
      <dst id="2">5453.4933</dst>
      <dst id="6">29.5733</dst>
      <dst id="16">433.3422</dst>
      <dst id="14">53.1556</dst>
      <dst id="20">158.7822</dst>
      <dst id="11">1057.4933</dst>
      <dst id="9">576.4978</dst>
      <dst id="17">7209.2533</dst>
      <dst id="21">4283.2356</dst>
      <dst id="15">469.6978</dst>
    </src>
    <src id="2">
      <dst id="12">88368.4711</dst>
      <dst id="13">4384.6844</dst>
      <dst id="19">9209.7956</dst>
      <dst id="23">25.2444</dst>
      <dst id="8">849.6978</dst>
      <dst id="18">62925.9733</dst>
      <dst id="4">108053.3067</dst>
      <dst id="1">5706.1689</dst>
      <dst id="5">1035.1556</dst>
      <dst id="3">55.6978</dst>
      <dst id="22">2110.6311</dst>
      <dst id="7">5894.3556</dst>
      <dst id="2">1049.2711</dst>
      <dst id="6">5215.7956</dst>
      <dst id="16">2122.7911</dst>
      <dst id="14">5988.8089</dst>
      <dst id="20">1075.3689</dst>
      <dst id="11">6291.6000</dst>
      <dst id="9">1439.5200</dst>
      <dst id="17">49208.2044</dst>
      <dst id="21">8736.8800</dst>
      <dst id="15">205.4311</dst>
    </src>
    <src id="6">
      <dst id="12">7867.8311</dst>
      <dst id="13">2.3111</dst>
      <dst id="19">1.8578</dst>
      <dst id="23">0.3378</dst>
      <dst id="8">10.2400</dst>
      <dst id="18">0.5600</dst>
      <dst id="4">103.7511</dst>
      <dst id="1">0.8533</dst>
      <dst id="5">14.9778</dst>
      <dst id="22">1.3156</dst>
      <dst id="7">4.7378</dst>
      <dst id="2">1776.8178</dst>
      <dst id="16">0.4622</dst>
      <dst id="11">2.1333</dst>
      <dst id="9">2.0178</dst>
      <dst id="17">954.5867</dst>
      <dst id="21">13.1467</dst>
    </src>
    <src id="16">
      <dst id="12">2934.2667</dst>
      <dst id="13">175.8844</dst>
      <dst id="19">4467.3956</dst>
      <dst id="23">2.1422</dst>
      <dst id="8">3395.7689</dst>
      <dst id="18">139.2622</dst>
      <dst id="4">6624.8889</dst>
      <dst id="1">8067.4756</dst>
      <dst id="5">791.1022</dst>
      <dst id="3">120.0000</dst>
      <dst id="7">1894.6933</dst>
      <dst id="2">581.3511</dst>
      <dst id="6">24.8889</dst>
      <dst id="16">19.7422</dst>
      <dst id="14">219.1733</dst>
      <dst id="11">635.6800</dst>
      <dst id="9">4162.9778</dst>
      <dst id="17">1336.9067</dst>
      <dst id="21">997.1111</dst>
    </src>
    <src id="14">
      <dst id="12">17702.4267</dst>
      <dst id="13">119.7511</dst>
      <dst id="19">7.4667</dst>
      <dst id="18">12.6222</dst>
      <dst id="4">1711.1822</dst>
      <dst id="1">37.8844</dst>
      <dst id="5">42.1067</dst>
      <dst id="3">48.4444</dst>
      <dst id="22">28.6578</dst>
      <dst id="7">32.7467</dst>
      <dst id="2">5813.8311</dst>
      <dst id="16">7.9822</dst>
      <dst id="20">0.3911</dst>
      <dst id="11">18.2667</dst>
      <dst id="9">12.6222</dst>
      <dst id="17">6825.3867</dst>
      <dst id="21">55.0222</dst>
    </src>
    <src id="20">
      <dst id="12">6074.0178</dst>
      <dst id="13">9394.8000</dst>
      <dst id="19">2414.2933</dst>
      <dst id="23">2.0267</dst>
      <dst id="8">3403.8844</dst>
      <dst id="18">452.9511</dst>
      <dst id="4">9923.4756</dst>
      <dst id="1">131.8400</dst>
      <dst id="5">3426.6489</dst>
      <dst id="3">245.1378</dst>
      <dst id="7">136.7644</dst>
      <dst id="2">3513.4400</dst>
      <dst id="6">0.4267</dst>
      <dst id="14">1.5378</dst>
      <dst id="11">189.0400</dst>
      <dst id="9">2155.6978</dst>
      <dst id="17">284.1867</dst>
      <dst id="21">6083.7244</dst>
    </src>
    <src id="11">
      <dst id="12">430208.8356</dst>
      <dst id="13">3040.6044</dst>
      <dst id="19">141.4933</dst>
      <dst id="23">41.7333</dst>
      <dst id="8">179.3067</dst>
      <dst id="18">190.8089</dst>
      <dst id="4">13226.0000</dst>
      <dst id="1">1081.9733</dst>
      <dst id="5">1431.2089</dst>
      <dst id="3">1050.1956</dst>
      <dst id="22">2452.4089</dst>
      <dst id="7">823.0222</dst>
      <dst id="2">165225.9378</dst>
      <dst id="6">192.8978</dst>
      <dst id="16">717.2800</dst>
      <dst id="14">24.8800</dst>
      <dst id="20">1602.8444</dst>
      <dst id="11">1641.5556</dst>
      <dst id="9">1656.2222</dst>
      <dst id="17">148904.2044</dst>
      <dst id="21">1299.9911</dst>
      <dst id="15">524.3200</dst>
    </src>
    <src id="9">
      <dst id="12">456146.8622</dst>
      <dst id="13">3350.8267</dst>
      <dst id="19">102.2311</dst>
      <dst id="23">15.8756</dst>
      <dst id="8">470.0444</dst>
      <dst id="18">364.4444</dst>
      <dst id="4">17531.5733</dst>
      <dst id="1">2177.0044</dst>
      <dst id="5">3065.3867</dst>
      <dst id="3">16.1867</dst>
      <dst id="22">2088.5778</dst>
      <dst id="7">248.1956</dst>
      <dst id="2">173219.2356</dst>
      <dst id="6">0.4978</dst>
      <dst id="16">228.0800</dst>
      <dst id="14">5.3156</dst>
      <dst id="20">3587.0933</dst>
      <dst id="11">2119.1111</dst>
      <dst id="9">7358.8800</dst>
      <dst id="17">164421.9200</dst>
      <dst id="21">2367.6622</dst>
      <dst id="15">213.0933</dst>
    </src>
    <src id="17">
      <dst id="12">4908.2933</dst>
      <dst id="13">1173.2444</dst>
      <dst id="19">327.0756</dst>
      <dst id="23">39.9111</dst>
      <dst id="8">116782.6222</dst>
      <dst id="18">163.7600</dst>
      <dst id="4">136310.2844</dst>
      <dst id="1">3404.2222</dst>
      <dst id="5">173803.8933</dst>
      <dst id="3">11345.0844</dst>
      <dst id="22">13233.5556</dst>
      <dst id="7">656.4711</dst>
      <dst id="2">15774.1689</dst>
      <dst id="6">5.6978</dst>
      <dst id="16">2138.7911</dst>
      <dst id="14">14472.1422</dst>
      <dst id="20">287.0933</dst>
      <dst id="11">119155.4578</dst>
      <dst id="9">172785.3956</dst>
      <dst id="17">952.0000</dst>
      <dst id="21">12955.8044</dst>
      <dst id="15">61.5644</dst>
    </src>
    <src id="21">
      <dst id="12">19076.1689</dst>
      <dst id="13">1467.2533</dst>
      <dst id="19">144.3822</dst>
      <dst id="23">0.9244</dst>
      <dst id="8">1062.3733</dst>
      <dst id="18">5433.5200</dst>
      <dst id="4">32403.7067</dst>
      <dst id="1">2294.2489</dst>
      <dst id="5">5195.6178</dst>
      <dst id="3">1958.0444</dst>
      <dst id="22">2114.4444</dst>
      <dst id="7">3278.0978</dst>
      <dst id="2">12940.9867</dst>
      <dst id="6">6.5422</dst>
      <dst id="16">271.0756</dst>
      <dst id="14">48.6667</dst>
      <dst id="20">160.4356</dst>
      <dst id="11">1201.0222</dst>
      <dst id="9">2321.2622</dst>
      <dst id="17">5105.7956</dst>
      <dst id="21">1686.3200</dst>
      <dst id="15">63.5822</dst>
    </src>
    <src id="15">
      <dst id="12">2088.4622</dst>
      <dst id="13">987.9644</dst>
      <dst id="19">62.7200</dst>
      <dst id="23">456.6756</dst>
      <dst id="8">7.3778</dst>
      <dst id="18">2.2844</dst>
      <dst id="4">2961.7956</dst>
      <dst id="1">592.3467</dst>
      <dst id="5">128.2756</dst>
      <dst id="3">10.0000</dst>
      <dst id="7">4.1600</dst>
      <dst id="2">529.0133</dst>
      <dst id="11">38.2844</dst>
      <dst id="9">816.8889</dst>
      <dst id="17">2501.1022</dst>
      <dst id="21">51.6000</dst>
    </src>
  </IntraTM>
</TrafficMatrixFile>
