<?xml version="1.0" encoding="UTF-8" standalone="yes"?>
<TrafficMatrixFile xmlns:xsi="http://www.w3.org/2001/XMLSchema-instance" xsi:noNamespaceSchemaLocation="http://totem.run.montefiore.ulg.ac.be/Schema/TrafficMatrix-v1_2.xsd">
  <info>
    <title>Intradomain traffic matrix generated by geant-TM-all.pl</title>
    <date>2005-01-04T21:45:00</date>
    <duration>900</duration>
    <author>Steve Uhlig</author>
    <units>
        <unit type="bandwidth" value="kbps"/>
    </units>
  </info>
  <IntraTM ASID="20965">
    <src id="12">
      <dst id="12">254471.7333</dst>
      <dst id="13">19195.9378</dst>
      <dst id="19">1072.3022</dst>
      <dst id="23">3809.5822</dst>
      <dst id="8">2372.3378</dst>
      <dst id="18">1286.6756</dst>
      <dst id="4">59627.6444</dst>
      <dst id="1">20415.7067</dst>
      <dst id="5">5165.7511</dst>
      <dst id="3">3311.7333</dst>
      <dst id="22">25479.8489</dst>
      <dst id="7">3972.9956</dst>
      <dst id="2">90711.9378</dst>
      <dst id="6">1.1733</dst>
      <dst id="16">10131.4933</dst>
      <dst id="14">2876.1778</dst>
      <dst id="20">8696.7289</dst>
      <dst id="11">5436.3111</dst>
      <dst id="9">4180.9600</dst>
      <dst id="17">66904.3556</dst>
      <dst id="21">1865.8844</dst>
      <dst id="15">1349.7244</dst>
    </src>
    <src id="13">
      <dst id="12">48356.4089</dst>
      <dst id="19">12027.3244</dst>
      <dst id="23">8239.8222</dst>
      <dst id="8">8825.5822</dst>
      <dst id="18">2642.9511</dst>
      <dst id="1">4529.0044</dst>
      <dst id="5">5112.7911</dst>
      <dst id="3">3912.9067</dst>
      <dst id="22">16979.9289</dst>
      <dst id="7">16727.9289</dst>
      <dst id="2">91339.8844</dst>
      <dst id="6">101.2089</dst>
      <dst id="16">7510.8533</dst>
      <dst id="14">9370.4800</dst>
      <dst id="20">16286.9689</dst>
      <dst id="11">12561.4844</dst>
      <dst id="9">7309.4311</dst>
      <dst id="17">310276.2133</dst>
      <dst id="21">9225.7511</dst>
      <dst id="15">1703.2711</dst>
    </src>
    <src id="19">
      <dst id="12">14309.1556</dst>
      <dst id="13">356.9156</dst>
      <dst id="8">94.5422</dst>
      <dst id="18">3.7156</dst>
      <dst id="4">17015.8222</dst>
      <dst id="1">158.9067</dst>
      <dst id="5">65.2978</dst>
      <dst id="3">223.7778</dst>
      <dst id="22">146.7022</dst>
      <dst id="7">3384.2578</dst>
      <dst id="2">518.4622</dst>
      <dst id="6">33.6711</dst>
      <dst id="16">6836.1867</dst>
      <dst id="14">107.0578</dst>
      <dst id="20">17.8133</dst>
      <dst id="11">188.6222</dst>
      <dst id="9">175.3067</dst>
      <dst id="17">273.2800</dst>
      <dst id="21">573.5200</dst>
      <dst id="15">3.7067</dst>
    </src>
    <src id="23">
      <dst id="12">517.5022</dst>
      <dst id="13">437.0756</dst>
      <dst id="19">39.2889</dst>
      <dst id="18">0.6400</dst>
      <dst id="4">2.8800</dst>
      <dst id="1">58.1244</dst>
      <dst id="5">49.6000</dst>
      <dst id="3">156.6133</dst>
      <dst id="22">273.9111</dst>
      <dst id="7">44.1867</dst>
      <dst id="2">168.0889</dst>
      <dst id="16">62.1511</dst>
      <dst id="20">26.6667</dst>
      <dst id="11">65.8933</dst>
      <dst id="9">3850.7022</dst>
      <dst id="17">216.0711</dst>
      <dst id="21">196.4711</dst>
    </src>
    <src id="8">
      <dst id="12">281112.6222</dst>
      <dst id="13">1296.2667</dst>
      <dst id="19">35.2356</dst>
      <dst id="18">47.2444</dst>
      <dst id="4">7856.6933</dst>
      <dst id="1">216.3644</dst>
      <dst id="5">1315.0578</dst>
      <dst id="3">208.2133</dst>
      <dst id="22">1559.9200</dst>
      <dst id="7">383.4133</dst>
      <dst id="2">115474.0711</dst>
      <dst id="6">965.9022</dst>
      <dst id="16">429.0222</dst>
      <dst id="20">31.7867</dst>
      <dst id="11">122.9511</dst>
      <dst id="9">474.5333</dst>
      <dst id="17">111368.2400</dst>
      <dst id="21">83.8933</dst>
      <dst id="15">202.3911</dst>
    </src>
    <src id="18">
      <dst id="12">91411.6267</dst>
      <dst id="13">155.4044</dst>
      <dst id="19">70.7556</dst>
      <dst id="23">0.3556</dst>
      <dst id="8">81.6356</dst>
      <dst id="4">1454.9333</dst>
      <dst id="1">1462.7911</dst>
      <dst id="5">159.4667</dst>
      <dst id="3">35.2000</dst>
      <dst id="22">77.4222</dst>
      <dst id="7">6.8800</dst>
      <dst id="2">27090.6222</dst>
      <dst id="16">31.1111</dst>
      <dst id="14">77.8311</dst>
      <dst id="20">14.4089</dst>
      <dst id="11">66.2222</dst>
      <dst id="9">15.5911</dst>
      <dst id="17">33387.9200</dst>
      <dst id="21">759.3244</dst>
      <dst id="15">0.6400</dst>
    </src>
    <src id="4">
      <dst id="12">13757.1644</dst>
      <dst id="19">15834.5778</dst>
      <dst id="8">966.3467</dst>
      <dst id="18">566.4800</dst>
      <dst id="4">1.0578</dst>
      <dst id="1">104456.0800</dst>
      <dst id="5">2515.1022</dst>
      <dst id="3">33.1733</dst>
      <dst id="22">3849.4578</dst>
      <dst id="7">33418.2044</dst>
      <dst id="2">59144.3644</dst>
      <dst id="6">13.4667</dst>
      <dst id="16">3373.2000</dst>
      <dst id="14">4108.2933</dst>
      <dst id="20">3416.6933</dst>
      <dst id="11">2237.6978</dst>
      <dst id="9">3060.4978</dst>
      <dst id="17">25376.0356</dst>
      <dst id="21">3359.1733</dst>
      <dst id="15">647.7333</dst>
    </src>
    <src id="1">
      <dst id="12">36471.7511</dst>
      <dst id="13">1294.2578</dst>
      <dst id="19">2.3022</dst>
      <dst id="23">73.5200</dst>
      <dst id="8">104182.9689</dst>
      <dst id="18">11747.3156</dst>
      <dst id="4">8241.5911</dst>
      <dst id="1">2665.3867</dst>
      <dst id="5">236152.9156</dst>
      <dst id="3">210.6222</dst>
      <dst id="22">534.2756</dst>
      <dst id="7">1396.1956</dst>
      <dst id="2">2063.4933</dst>
      <dst id="6">8877.7333</dst>
      <dst id="16">11012.7289</dst>
      <dst id="14">518.9422</dst>
      <dst id="20">84.3022</dst>
      <dst id="11">1281.0400</dst>
      <dst id="9">195100.2756</dst>
      <dst id="17">5313.7778</dst>
      <dst id="21">1968.1956</dst>
      <dst id="15">986.4267</dst>
    </src>
    <src id="5">
      <dst id="12">325973.4667</dst>
      <dst id="13">2193.3867</dst>
      <dst id="19">27.4400</dst>
      <dst id="23">236.0711</dst>
      <dst id="8">1206.5333</dst>
      <dst id="18">1254.6844</dst>
      <dst id="4">4656.0178</dst>
      <dst id="1">495.6000</dst>
      <dst id="3">14.7822</dst>
      <dst id="22">4128.4089</dst>
      <dst id="7">91.6089</dst>
      <dst id="2">123507.6178</dst>
      <dst id="16">484.4533</dst>
      <dst id="14">2.2933</dst>
      <dst id="20">911.9467</dst>
      <dst id="11">481.4311</dst>
      <dst id="9">508.8267</dst>
      <dst id="17">100975.2889</dst>
      <dst id="21">231.5822</dst>
      <dst id="15">775.9111</dst>
    </src>
    <src id="3">
      <dst id="12">7481.9733</dst>
      <dst id="13">344.3111</dst>
      <dst id="19">820.5956</dst>
      <dst id="23">5857.6267</dst>
      <dst id="8">41.0756</dst>
      <dst id="18">49468.6133</dst>
      <dst id="4">10938.8356</dst>
      <dst id="1">4174.5689</dst>
      <dst id="5">379.7778</dst>
      <dst id="3">9734.3111</dst>
      <dst id="22">578.2222</dst>
      <dst id="7">957.7333</dst>
      <dst id="2">4741.1467</dst>
      <dst id="6">4.5333</dst>
      <dst id="16">1517.1022</dst>
      <dst id="14">67244.4267</dst>
      <dst id="20">255.3333</dst>
      <dst id="11">132827.3511</dst>
      <dst id="9">251.6800</dst>
      <dst id="17">5739.9289</dst>
      <dst id="21">14174.6133</dst>
      <dst id="15">52.4000</dst>
    </src>
    <src id="10">
      <dst id="12">11780.8089</dst>
      <dst id="19">6052.8089</dst>
      <dst id="8">1100.1511</dst>
      <dst id="18">1945.1200</dst>
      <dst id="1">2703.6000</dst>
      <dst id="5">828.4000</dst>
      <dst id="3">1486.5511</dst>
      <dst id="22">11391.5911</dst>
      <dst id="7">8755.6089</dst>
      <dst id="2">30591.7511</dst>
      <dst id="6">8.0978</dst>
      <dst id="16">1451.1200</dst>
      <dst id="14">6496.8089</dst>
      <dst id="20">328.4089</dst>
      <dst id="11">8425.7511</dst>
      <dst id="9">9085.5289</dst>
      <dst id="17">18318.2933</dst>
      <dst id="21">9082.2400</dst>
      <dst id="15">834.9422</dst>
    </src>
    <src id="22">
      <dst id="12">13307.8311</dst>
      <dst id="13">8780.4711</dst>
      <dst id="19">247.7956</dst>
      <dst id="23">42.4444</dst>
      <dst id="8">1713.3333</dst>
      <dst id="18">197.9822</dst>
      <dst id="4">12435.4844</dst>
      <dst id="1">150.8356</dst>
      <dst id="5">3071.9556</dst>
      <dst id="3">1165.8578</dst>
      <dst id="7">159.2800</dst>
      <dst id="2">2643.7956</dst>
      <dst id="6">142.0622</dst>
      <dst id="16">19.4489</dst>
      <dst id="14">51.4133</dst>
      <dst id="11">1410.3644</dst>
      <dst id="9">2142.8444</dst>
      <dst id="17">3630.5689</dst>
      <dst id="21">1416.2222</dst>
    </src>
    <src id="7">
      <dst id="12">3137.3689</dst>
      <dst id="13">1994.3289</dst>
      <dst id="19">80.9422</dst>
      <dst id="23">64.5067</dst>
      <dst id="8">142.8978</dst>
      <dst id="18">183.8489</dst>
      <dst id="4">12959.7422</dst>
      <dst id="1">1575.4222</dst>
      <dst id="5">799.0400</dst>
      <dst id="3">883.5200</dst>
      <dst id="22">3166.2756</dst>
      <dst id="7">732.4089</dst>
      <dst id="2">5517.9822</dst>
      <dst id="6">114.0800</dst>
      <dst id="16">1302.6578</dst>
      <dst id="14">429.8578</dst>
      <dst id="20">222.5867</dst>
      <dst id="11">817.3156</dst>
      <dst id="9">646.2844</dst>
      <dst id="17">5666.3822</dst>
      <dst id="21">2988.0267</dst>
      <dst id="15">166.4089</dst>
    </src>
    <src id="2">
      <dst id="12">94406.5867</dst>
      <dst id="13">512240.2756</dst>
      <dst id="19">257.1556</dst>
      <dst id="23">28.3644</dst>
      <dst id="8">151.2000</dst>
      <dst id="18">43575.5289</dst>
      <dst id="4">66218.4444</dst>
      <dst id="1">10585.6356</dst>
      <dst id="5">1646.5511</dst>
      <dst id="3">33.6000</dst>
      <dst id="22">2914.6844</dst>
      <dst id="7">1926.6933</dst>
      <dst id="2">641.6444</dst>
      <dst id="6">9132.9244</dst>
      <dst id="16">2695.0044</dst>
      <dst id="14">6491.4844</dst>
      <dst id="20">988.3556</dst>
      <dst id="11">3557.4489</dst>
      <dst id="9">784.8711</dst>
      <dst id="17">50358.7200</dst>
      <dst id="21">2021.6622</dst>
      <dst id="15">293.4044</dst>
    </src>
    <src id="6">
      <dst id="12">11137.0311</dst>
      <dst id="13">5.9200</dst>
      <dst id="19">24.8622</dst>
      <dst id="23">11.9911</dst>
      <dst id="8">45.2622</dst>
      <dst id="18">1.0667</dst>
      <dst id="4">1247.4133</dst>
      <dst id="1">16.1689</dst>
      <dst id="5">13.3333</dst>
      <dst id="3">0.9600</dst>
      <dst id="22">34.5778</dst>
      <dst id="7">8.5422</dst>
      <dst id="2">2089.8133</dst>
      <dst id="16">23.9289</dst>
      <dst id="20">12.8000</dst>
      <dst id="11">27.3867</dst>
      <dst id="9">1.1111</dst>
      <dst id="17">1745.5644</dst>
      <dst id="21">11.4667</dst>
    </src>
    <src id="16">
      <dst id="12">2195.7156</dst>
      <dst id="13">404.3200</dst>
      <dst id="19">4703.6356</dst>
      <dst id="23">3005.2267</dst>
      <dst id="8">4178.2489</dst>
      <dst id="18">5.1289</dst>
      <dst id="4">2935.6000</dst>
      <dst id="1">16181.2267</dst>
      <dst id="5">4412.1867</dst>
      <dst id="3">15.8222</dst>
      <dst id="7">2953.2622</dst>
      <dst id="2">2382.4711</dst>
      <dst id="6">1.6889</dst>
      <dst id="16">56.7200</dst>
      <dst id="14">847.7600</dst>
      <dst id="11">187.6444</dst>
      <dst id="9">6142.8889</dst>
      <dst id="17">1642.1422</dst>
      <dst id="21">1882.4089</dst>
    </src>
    <src id="14">
      <dst id="12">23884.7200</dst>
      <dst id="13">71.8044</dst>
      <dst id="19">7.4667</dst>
      <dst id="18">2.4533</dst>
      <dst id="4">2555.6978</dst>
      <dst id="1">146.7022</dst>
      <dst id="5">2.1244</dst>
      <dst id="3">222.7733</dst>
      <dst id="22">7.9733</dst>
      <dst id="7">166.4267</dst>
      <dst id="2">10127.6978</dst>
      <dst id="16">27.9822</dst>
      <dst id="20">1.3422</dst>
      <dst id="11">64.3378</dst>
      <dst id="9">26.9156</dst>
      <dst id="17">16216.5333</dst>
      <dst id="21">41.5822</dst>
      <dst id="15">0.3556</dst>
    </src>
    <src id="20">
      <dst id="12">1293.7511</dst>
      <dst id="13">1010.0889</dst>
      <dst id="19">15.2800</dst>
      <dst id="23">1.0667</dst>
      <dst id="8">204.0889</dst>
      <dst id="18">2.0711</dst>
      <dst id="4">5056.8089</dst>
      <dst id="1">88.4533</dst>
      <dst id="5">1932.0000</dst>
      <dst id="3">294.6667</dst>
      <dst id="7">30.0000</dst>
      <dst id="2">1990.9778</dst>
      <dst id="6">25.6000</dst>
      <dst id="14">2.6844</dst>
      <dst id="11">81.8844</dst>
      <dst id="9">3227.4222</dst>
      <dst id="17">2705.2356</dst>
      <dst id="21">111.6533</dst>
    </src>
    <src id="11">
      <dst id="12">417471.3422</dst>
      <dst id="13">3442.0622</dst>
      <dst id="19">277.7778</dst>
      <dst id="23">9.9911</dst>
      <dst id="8">966.5067</dst>
      <dst id="18">59.4756</dst>
      <dst id="4">10588.6578</dst>
      <dst id="1">2374.7289</dst>
      <dst id="5">816.5867</dst>
      <dst id="3">302.2133</dst>
      <dst id="22">1510.6311</dst>
      <dst id="7">718.6222</dst>
      <dst id="2">162194.2667</dst>
      <dst id="6">1.0133</dst>
      <dst id="16">200.5511</dst>
      <dst id="14">53.3333</dst>
      <dst id="20">264.4800</dst>
      <dst id="11">2611.9733</dst>
      <dst id="9">1264.4267</dst>
      <dst id="17">147597.0400</dst>
      <dst id="21">277.9733</dst>
      <dst id="15">4057.8222</dst>
    </src>
    <src id="9">
      <dst id="12">392478.2133</dst>
      <dst id="13">18953.2178</dst>
      <dst id="19">20.3467</dst>
      <dst id="23">127.6444</dst>
      <dst id="8">11394.6044</dst>
      <dst id="18">2.7556</dst>
      <dst id="4">7024.8533</dst>
      <dst id="1">1060.4444</dst>
      <dst id="5">669.9911</dst>
      <dst id="3">0.3556</dst>
      <dst id="22">894.7733</dst>
      <dst id="7">130.4089</dst>
      <dst id="2">160378.0178</dst>
      <dst id="6">15.1822</dst>
      <dst id="16">365.0133</dst>
      <dst id="14">1.3422</dst>
      <dst id="20">553.1644</dst>
      <dst id="11">663.3956</dst>
      <dst id="9">124.9244</dst>
      <dst id="17">154225.0578</dst>
      <dst id="21">760.9422</dst>
      <dst id="15">1804.4978</dst>
    </src>
    <src id="17">
      <dst id="12">6230.8889</dst>
      <dst id="13">6458.7911</dst>
      <dst id="19">349.9200</dst>
      <dst id="23">84.4178</dst>
      <dst id="8">128415.3511</dst>
      <dst id="18">279.3867</dst>
      <dst id="4">28398.1600</dst>
      <dst id="1">11467.5822</dst>
      <dst id="5">203121.8044</dst>
      <dst id="3">17084.0800</dst>
      <dst id="22">6944.7644</dst>
      <dst id="7">882.8356</dst>
      <dst id="2">11352.8622</dst>
      <dst id="6">594.5156</dst>
      <dst id="16">4612.0533</dst>
      <dst id="14">56862.5422</dst>
      <dst id="20">368.8889</dst>
      <dst id="11">99285.9733</dst>
      <dst id="9">171714.3644</dst>
      <dst id="17">1601.4489</dst>
      <dst id="21">15471.4667</dst>
      <dst id="15">820.2933</dst>
    </src>
    <src id="21">
      <dst id="12">24871.2089</dst>
      <dst id="13">1777.4222</dst>
      <dst id="19">115.2444</dst>
      <dst id="23">33.7956</dst>
      <dst id="8">26.7467</dst>
      <dst id="18">117.7689</dst>
      <dst id="4">9148.5422</dst>
      <dst id="1">1498.4089</dst>
      <dst id="5">967.3067</dst>
      <dst id="3">425.6444</dst>
      <dst id="22">3092.7289</dst>
      <dst id="7">1590.5422</dst>
      <dst id="2">15020.6400</dst>
      <dst id="6">3.6711</dst>
      <dst id="16">228.5867</dst>
      <dst id="14">88.5067</dst>
      <dst id="20">181.9467</dst>
      <dst id="11">707.2711</dst>
      <dst id="9">458.8622</dst>
      <dst id="17">6770.7822</dst>
      <dst id="21">297.4844</dst>
      <dst id="15">63.7156</dst>
    </src>
    <src id="15">
      <dst id="12">2903.9822</dst>
      <dst id="13">591.6622</dst>
      <dst id="19">82.3022</dst>
      <dst id="23">0.7644</dst>
      <dst id="8">33.7600</dst>
      <dst id="18">0.9956</dst>
      <dst id="4">573.2978</dst>
      <dst id="1">593.8933</dst>
      <dst id="5">172.4178</dst>
      <dst id="3">22.1689</dst>
      <dst id="7">3.6622</dst>
      <dst id="2">1056.6311</dst>
      <dst id="14">1.2089</dst>
      <dst id="11">296.2933</dst>
      <dst id="9">228.7289</dst>
      <dst id="17">337.4667</dst>
      <dst id="21">45.8222</dst>
    </src>
  </IntraTM>
</TrafficMatrixFile>
