<?xml version="1.0" encoding="UTF-8" standalone="yes"?>
<TrafficMatrixFile xmlns:xsi="http://www.w3.org/2001/XMLSchema-instance" xsi:noNamespaceSchemaLocation="http://totem.run.montefiore.ulg.ac.be/Schema/TrafficMatrix-v1_2.xsd">
  <info>
    <title>Intradomain traffic matrix generated by geant-TM-all.pl</title>
    <date>2005-01-01T08:45:00</date>
    <duration>900</duration>
    <author>Steve Uhlig</author>
    <units>
        <unit type="bandwidth" value="kbps"/>
    </units>
  </info>
  <IntraTM ASID="20965">
    <src id="12">
      <dst id="12">245277.0578</dst>
      <dst id="13">24348.2044</dst>
      <dst id="19">974.8178</dst>
      <dst id="23">793.1644</dst>
      <dst id="8">3901.4400</dst>
      <dst id="18">3000.0622</dst>
      <dst id="4">118150.6044</dst>
      <dst id="1">8963.8222</dst>
      <dst id="5">12216.0800</dst>
      <dst id="3">6555.8756</dst>
      <dst id="22">20536.9422</dst>
      <dst id="7">9964.1244</dst>
      <dst id="2">88698.6933</dst>
      <dst id="6">715.5022</dst>
      <dst id="16">6605.9289</dst>
      <dst id="14">1963.8133</dst>
      <dst id="20">10993.7600</dst>
      <dst id="11">7035.5289</dst>
      <dst id="9">4806.8533</dst>
      <dst id="17">59770.0800</dst>
      <dst id="21">18747.0400</dst>
      <dst id="15">3818.7111</dst>
    </src>
    <src id="13">
      <dst id="12">65218.4800</dst>
      <dst id="19">7818.0444</dst>
      <dst id="23">76.9867</dst>
      <dst id="8">2413.4667</dst>
      <dst id="18">3659.0489</dst>
      <dst id="1">2885.7511</dst>
      <dst id="5">5993.9378</dst>
      <dst id="3">7144.9689</dst>
      <dst id="22">31384.1333</dst>
      <dst id="7">19150.4267</dst>
      <dst id="2">117052.9067</dst>
      <dst id="6">179.2000</dst>
      <dst id="16">10092.1511</dst>
      <dst id="14">3058.0711</dst>
      <dst id="20">10550.2489</dst>
      <dst id="11">13206.2400</dst>
      <dst id="9">18438.4000</dst>
      <dst id="17">79270.5244</dst>
      <dst id="21">19959.0933</dst>
      <dst id="15">5073.5111</dst>
    </src>
    <src id="19">
      <dst id="12">14777.9022</dst>
      <dst id="13">234.5422</dst>
      <dst id="23">3.1822</dst>
      <dst id="8">11.3778</dst>
      <dst id="18">15.6444</dst>
      <dst id="4">21917.4133</dst>
      <dst id="1">96.5067</dst>
      <dst id="5">1.0044</dst>
      <dst id="3">283.2178</dst>
      <dst id="22">646.3378</dst>
      <dst id="7">3199.9556</dst>
      <dst id="2">687.4133</dst>
      <dst id="6">41.1200</dst>
      <dst id="16">8145.2267</dst>
      <dst id="20">2.6667</dst>
      <dst id="11">614.2311</dst>
      <dst id="9">44.8267</dst>
      <dst id="17">606.6756</dst>
      <dst id="21">300.1867</dst>
      <dst id="15">1086.1156</dst>
    </src>
    <src id="23">
      <dst id="12">210.0000</dst>
      <dst id="13">184.0889</dst>
      <dst id="8">2.3111</dst>
      <dst id="18">14.5867</dst>
      <dst id="4">69.7867</dst>
      <dst id="1">9.2089</dst>
      <dst id="5">30.4089</dst>
      <dst id="3">27.3067</dst>
      <dst id="22">95.2622</dst>
      <dst id="7">4.0533</dst>
      <dst id="2">17.6533</dst>
      <dst id="16">4.4000</dst>
      <dst id="20">81.6711</dst>
      <dst id="11">3916.4800</dst>
      <dst id="9">233.4933</dst>
      <dst id="17">185.2267</dst>
      <dst id="21">2482.9244</dst>
    </src>
    <src id="8">
      <dst id="12">319758.9333</dst>
      <dst id="13">674.4978</dst>
      <dst id="19">0.8267</dst>
      <dst id="23">158.0711</dst>
      <dst id="18">28.4178</dst>
      <dst id="4">11112.7111</dst>
      <dst id="1">15.2178</dst>
      <dst id="5">1073.2178</dst>
      <dst id="3">15.4667</dst>
      <dst id="22">814.2044</dst>
      <dst id="7">14.6489</dst>
      <dst id="2">98127.0133</dst>
      <dst id="6">26.2400</dst>
      <dst id="16">551.5378</dst>
      <dst id="20">316.1511</dst>
      <dst id="11">146.3733</dst>
      <dst id="9">2328.3556</dst>
      <dst id="17">69026.3200</dst>
      <dst id="21">42.7911</dst>
      <dst id="15">26.1422</dst>
    </src>
    <src id="18">
      <dst id="12">131342.8267</dst>
      <dst id="13">398.2756</dst>
      <dst id="19">23.4844</dst>
      <dst id="23">14.1511</dst>
      <dst id="8">19.4756</dst>
      <dst id="4">1545.2889</dst>
      <dst id="1">831.0933</dst>
      <dst id="5">789.2089</dst>
      <dst id="3">28.3022</dst>
      <dst id="22">534.4889</dst>
      <dst id="7">47.0489</dst>
      <dst id="2">35224.8178</dst>
      <dst id="16">28.0622</dst>
      <dst id="14">5.2444</dst>
      <dst id="20">10.0444</dst>
      <dst id="11">50.6311</dst>
      <dst id="9">140.8711</dst>
      <dst id="17">28464.8089</dst>
      <dst id="21">753.3511</dst>
      <dst id="15">40.9778</dst>
    </src>
    <src id="4">
      <dst id="12">80188.5956</dst>
      <dst id="19">9598.3733</dst>
      <dst id="8">921.7778</dst>
      <dst id="18">4970.7289</dst>
      <dst id="1">2458.7911</dst>
      <dst id="5">1126.0889</dst>
      <dst id="3">9446.4622</dst>
      <dst id="22">5514.9333</dst>
      <dst id="7">46879.5289</dst>
      <dst id="2">38799.4667</dst>
      <dst id="6">0.4267</dst>
      <dst id="16">1978.8356</dst>
      <dst id="14">2784.3289</dst>
      <dst id="20">716.7200</dst>
      <dst id="11">7465.4311</dst>
      <dst id="9">1499.0844</dst>
      <dst id="17">74462.6400</dst>
      <dst id="21">5772.1067</dst>
      <dst id="15">356.7822</dst>
    </src>
    <src id="1">
      <dst id="12">19205.1556</dst>
      <dst id="13">1506.5333</dst>
      <dst id="19">3066.4356</dst>
      <dst id="23">73.0844</dst>
      <dst id="8">99924.3022</dst>
      <dst id="18">11020.7467</dst>
      <dst id="4">13976.1600</dst>
      <dst id="1">75.7067</dst>
      <dst id="5">172215.9378</dst>
      <dst id="3">24804.8622</dst>
      <dst id="22">1222.4533</dst>
      <dst id="7">14398.4000</dst>
      <dst id="2">6487.8311</dst>
      <dst id="6">9413.9467</dst>
      <dst id="16">15228.6222</dst>
      <dst id="14">101.2800</dst>
      <dst id="20">281.1644</dst>
      <dst id="11">1409.6089</dst>
      <dst id="9">197865.1644</dst>
      <dst id="17">3561.6267</dst>
      <dst id="21">6618.5511</dst>
      <dst id="15">118.8889</dst>
    </src>
    <src id="5">
      <dst id="12">350264.9689</dst>
      <dst id="13">5033.4844</dst>
      <dst id="19">5.1111</dst>
      <dst id="23">14.2578</dst>
      <dst id="8">2234.6578</dst>
      <dst id="18">241.0400</dst>
      <dst id="4">8570.4978</dst>
      <dst id="1">92.3822</dst>
      <dst id="3">321.6978</dst>
      <dst id="22">8716.0444</dst>
      <dst id="7">156.7733</dst>
      <dst id="2">145135.2978</dst>
      <dst id="16">432.8622</dst>
      <dst id="14">94.5067</dst>
      <dst id="20">597.4222</dst>
      <dst id="11">2772.1511</dst>
      <dst id="9">1249.6089</dst>
      <dst id="17">79938.5156</dst>
      <dst id="21">422.4178</dst>
      <dst id="15">297.1644</dst>
    </src>
    <src id="3">
      <dst id="12">16737.6978</dst>
      <dst id="13">1037.2267</dst>
      <dst id="19">4598.9156</dst>
      <dst id="23">190.2933</dst>
      <dst id="8">211.2178</dst>
      <dst id="18">88862.2311</dst>
      <dst id="4">56747.9911</dst>
      <dst id="1">26917.6444</dst>
      <dst id="5">209.9733</dst>
      <dst id="3">13690.1600</dst>
      <dst id="22">667.0933</dst>
      <dst id="7">2747.0044</dst>
      <dst id="2">4189.0667</dst>
      <dst id="6">0.8533</dst>
      <dst id="16">1008.6400</dst>
      <dst id="14">32543.8667</dst>
      <dst id="20">1086.2933</dst>
      <dst id="11">126928.1778</dst>
      <dst id="9">166.7822</dst>
      <dst id="17">9545.7867</dst>
      <dst id="21">9647.9200</dst>
      <dst id="15">43.6533</dst>
    </src>
    <src id="10">
      <dst id="12">17399.5111</dst>
      <dst id="19">1340.1689</dst>
      <dst id="23">0.4267</dst>
      <dst id="8">1365.1911</dst>
      <dst id="18">4219.4667</dst>
      <dst id="4">0.7111</dst>
      <dst id="1">679.0756</dst>
      <dst id="5">1113.6267</dst>
      <dst id="3">9934.0800</dst>
      <dst id="22">7856.9067</dst>
      <dst id="7">7955.3778</dst>
      <dst id="2">24446.2667</dst>
      <dst id="16">7320.3733</dst>
      <dst id="14">2920.2933</dst>
      <dst id="20">2930.6578</dst>
      <dst id="11">4204.3022</dst>
      <dst id="9">6123.9467</dst>
      <dst id="17">21817.7067</dst>
      <dst id="21">18175.9556</dst>
      <dst id="15">1152.6044</dst>
    </src>
    <src id="22">
      <dst id="12">9490.8178</dst>
      <dst id="13">5186.1067</dst>
      <dst id="19">87.6711</dst>
      <dst id="23">87.8578</dst>
      <dst id="8">647.6711</dst>
      <dst id="18">5563.2533</dst>
      <dst id="4">22309.7244</dst>
      <dst id="1">938.2844</dst>
      <dst id="5">2072.3111</dst>
      <dst id="3">1117.5378</dst>
      <dst id="7">1420.8622</dst>
      <dst id="2">2662.4978</dst>
      <dst id="6">12.8000</dst>
      <dst id="16">0.7644</dst>
      <dst id="14">327.5289</dst>
      <dst id="11">6051.3333</dst>
      <dst id="9">3238.8267</dst>
      <dst id="17">5344.3822</dst>
      <dst id="21">4058.5511</dst>
    </src>
    <src id="7">
      <dst id="12">6109.6000</dst>
      <dst id="13">405.0578</dst>
      <dst id="19">518.3289</dst>
      <dst id="23">28.7467</dst>
      <dst id="8">1006.5778</dst>
      <dst id="18">1714.7644</dst>
      <dst id="4">49794.3378</dst>
      <dst id="1">14520.1956</dst>
      <dst id="5">1513.2178</dst>
      <dst id="3">1843.6711</dst>
      <dst id="22">8523.8489</dst>
      <dst id="7">856.5333</dst>
      <dst id="2">5850.8178</dst>
      <dst id="6">61.0400</dst>
      <dst id="16">964.3289</dst>
      <dst id="14">65.7422</dst>
      <dst id="20">1545.3333</dst>
      <dst id="11">884.8978</dst>
      <dst id="9">381.1733</dst>
      <dst id="17">12724.3733</dst>
      <dst id="21">8446.2311</dst>
      <dst id="15">1330.0089</dst>
    </src>
    <src id="2">
      <dst id="12">83215.9289</dst>
      <dst id="13">14655.0311</dst>
      <dst id="19">1205.3689</dst>
      <dst id="23">0.3556</dst>
      <dst id="8">995.6533</dst>
      <dst id="18">85514.6667</dst>
      <dst id="4">126608.5689</dst>
      <dst id="1">1431.3156</dst>
      <dst id="5">4415.2622</dst>
      <dst id="3">4335.4133</dst>
      <dst id="22">3656.0000</dst>
      <dst id="7">2601.6889</dst>
      <dst id="2">423.9644</dst>
      <dst id="6">5394.0444</dst>
      <dst id="16">3509.9111</dst>
      <dst id="14">264.6222</dst>
      <dst id="20">974.9778</dst>
      <dst id="11">3458.8356</dst>
      <dst id="9">1104.9778</dst>
      <dst id="17">32002.7911</dst>
      <dst id="21">3493.4933</dst>
      <dst id="15">467.1111</dst>
    </src>
    <src id="6">
      <dst id="12">9432.7467</dst>
      <dst id="13">5.3867</dst>
      <dst id="19">1.0667</dst>
      <dst id="23">0.3378</dst>
      <dst id="8">0.8178</dst>
      <dst id="4">93.4222</dst>
      <dst id="1">1.1378</dst>
      <dst id="5">0.8711</dst>
      <dst id="3">0.9333</dst>
      <dst id="22">32.1778</dst>
      <dst id="7">0.3378</dst>
      <dst id="2">1766.3200</dst>
      <dst id="16">0.9689</dst>
      <dst id="11">12.2667</dst>
      <dst id="9">11.4667</dst>
      <dst id="17">1079.1556</dst>
      <dst id="21">35.7333</dst>
    </src>
    <src id="16">
      <dst id="12">4427.2444</dst>
      <dst id="13">718.3200</dst>
      <dst id="19">2866.1600</dst>
      <dst id="23">5.0667</dst>
      <dst id="8">3369.1022</dst>
      <dst id="18">1.5289</dst>
      <dst id="4">7349.3600</dst>
      <dst id="1">14222.0089</dst>
      <dst id="5">1655.7156</dst>
      <dst id="3">1461.0933</dst>
      <dst id="7">11457.2711</dst>
      <dst id="2">1252.1156</dst>
      <dst id="16">29.2356</dst>
      <dst id="14">0.7111</dst>
      <dst id="11">556.6756</dst>
      <dst id="9">3724.5244</dst>
      <dst id="17">2607.2622</dst>
      <dst id="21">241.3067</dst>
    </src>
    <src id="14">
      <dst id="12">18058.0267</dst>
      <dst id="13">102.4978</dst>
      <dst id="19">4.1156</dst>
      <dst id="23">0.3556</dst>
      <dst id="18">1.7956</dst>
      <dst id="4">2195.8133</dst>
      <dst id="1">52.6844</dst>
      <dst id="5">7.2800</dst>
      <dst id="3">55.2622</dst>
      <dst id="22">32.9067</dst>
      <dst id="7">58.9511</dst>
      <dst id="2">5357.8667</dst>
      <dst id="16">0.8178</dst>
      <dst id="20">3.2356</dst>
      <dst id="11">33.1289</dst>
      <dst id="9">92.9422</dst>
      <dst id="17">5084.8356</dst>
      <dst id="21">89.8667</dst>
    </src>
    <src id="20">
      <dst id="12">3713.9467</dst>
      <dst id="13">1610.6844</dst>
      <dst id="19">117.2889</dst>
      <dst id="23">0.4622</dst>
      <dst id="8">63.1556</dst>
      <dst id="18">192.0889</dst>
      <dst id="4">14437.7067</dst>
      <dst id="1">21.6889</dst>
      <dst id="5">1251.5289</dst>
      <dst id="3">361.9289</dst>
      <dst id="7">378.3556</dst>
      <dst id="2">6366.9067</dst>
      <dst id="6">4.3111</dst>
      <dst id="14">46.7911</dst>
      <dst id="11">1834.5244</dst>
      <dst id="9">3464.3822</dst>
      <dst id="17">4461.3244</dst>
      <dst id="21">692.7644</dst>
    </src>
    <src id="11">
      <dst id="12">417601.3511</dst>
      <dst id="13">1401.2089</dst>
      <dst id="19">52.3822</dst>
      <dst id="23">1097.9022</dst>
      <dst id="8">84.8622</dst>
      <dst id="18">212.3467</dst>
      <dst id="4">12807.3867</dst>
      <dst id="1">636.1156</dst>
      <dst id="5">825.1378</dst>
      <dst id="3">1755.3956</dst>
      <dst id="22">7962.7200</dst>
      <dst id="7">161.0311</dst>
      <dst id="2">164522.2311</dst>
      <dst id="6">1.1733</dst>
      <dst id="16">426.3200</dst>
      <dst id="14">48.0711</dst>
      <dst id="20">1401.3333</dst>
      <dst id="11">715.0489</dst>
      <dst id="9">455.7867</dst>
      <dst id="17">90973.4133</dst>
      <dst id="21">1291.2444</dst>
      <dst id="15">680.1867</dst>
    </src>
    <src id="9">
      <dst id="12">515662.3022</dst>
      <dst id="13">5531.9378</dst>
      <dst id="19">15.0489</dst>
      <dst id="23">17.1822</dst>
      <dst id="8">333.1556</dst>
      <dst id="18">1253.7778</dst>
      <dst id="4">18370.6844</dst>
      <dst id="1">63.7156</dst>
      <dst id="5">1590.5422</dst>
      <dst id="3">182.8267</dst>
      <dst id="22">8635.2356</dst>
      <dst id="7">220.8711</dst>
      <dst id="2">159157.6000</dst>
      <dst id="6">1.3867</dst>
      <dst id="16">452.0978</dst>
      <dst id="14">2.2400</dst>
      <dst id="20">1128.4267</dst>
      <dst id="11">281.6800</dst>
      <dst id="9">941.7956</dst>
      <dst id="17">131072.8178</dst>
      <dst id="21">736.3556</dst>
      <dst id="15">339.6622</dst>
    </src>
    <src id="17">
      <dst id="12">5589.3333</dst>
      <dst id="13">2998.7111</dst>
      <dst id="19">19618.8889</dst>
      <dst id="23">65.5467</dst>
      <dst id="8">112723.2889</dst>
      <dst id="18">1512.1956</dst>
      <dst id="4">83800.4978</dst>
      <dst id="1">1376.9956</dst>
      <dst id="5">176325.2800</dst>
      <dst id="3">22752.2133</dst>
      <dst id="22">5433.9111</dst>
      <dst id="7">36916.9778</dst>
      <dst id="2">11443.4578</dst>
      <dst id="6">3.6533</dst>
      <dst id="16">4393.6089</dst>
      <dst id="14">19464.1422</dst>
      <dst id="20">4653.0578</dst>
      <dst id="11">100789.8844</dst>
      <dst id="9">180403.1822</dst>
      <dst id="17">2471.6356</dst>
      <dst id="21">9330.0356</dst>
      <dst id="15">364.8178</dst>
    </src>
    <src id="21">
      <dst id="12">22526.8267</dst>
      <dst id="13">956.2578</dst>
      <dst id="19">238.5422</dst>
      <dst id="23">90.4622</dst>
      <dst id="8">832.4622</dst>
      <dst id="18">400.6933</dst>
      <dst id="4">23751.4756</dst>
      <dst id="1">1836.7467</dst>
      <dst id="5">468.3022</dst>
      <dst id="3">913.1733</dst>
      <dst id="22">1605.0133</dst>
      <dst id="7">619.5022</dst>
      <dst id="2">13146.2756</dst>
      <dst id="6">5.5467</dst>
      <dst id="16">163.5644</dst>
      <dst id="14">335.3956</dst>
      <dst id="20">356.4889</dst>
      <dst id="11">4417.4489</dst>
      <dst id="9">457.9200</dst>
      <dst id="17">3800.9067</dst>
      <dst id="21">1348.7556</dst>
      <dst id="15">9.3600</dst>
    </src>
    <src id="15">
      <dst id="12">1148.8889</dst>
      <dst id="13">317.3778</dst>
      <dst id="19">3796.0089</dst>
      <dst id="23">0.3378</dst>
      <dst id="8">8.8356</dst>
      <dst id="18">443.3067</dst>
      <dst id="4">4160.5956</dst>
      <dst id="1">147.0667</dst>
      <dst id="5">2829.1467</dst>
      <dst id="3">402.0089</dst>
      <dst id="7">65.5644</dst>
      <dst id="2">613.5200</dst>
      <dst id="14">0.4622</dst>
      <dst id="11">194.2400</dst>
      <dst id="9">171.8667</dst>
      <dst id="17">417.6356</dst>
      <dst id="21">52.0622</dst>
    </src>
  </IntraTM>
</TrafficMatrixFile>
