<?xml version="1.0" encoding="UTF-8" standalone="yes"?>
<TrafficMatrixFile xmlns:xsi="http://www.w3.org/2001/XMLSchema-instance" xsi:noNamespaceSchemaLocation="http://totem.run.montefiore.ulg.ac.be/Schema/TrafficMatrix-v1_2.xsd">
  <info>
    <title>Intradomain traffic matrix generated by geant-TM-all.pl</title>
    <date>2005-01-03T10:30:00</date>
    <duration>900</duration>
    <author>Steve Uhlig</author>
    <units>
        <unit type="bandwidth" value="kbps"/>
    </units>
  </info>
  <IntraTM ASID="20965">
    <src id="12">
      <dst id="12">197762.2667</dst>
      <dst id="13">15583.8222</dst>
      <dst id="19">1096.5511</dst>
      <dst id="23">7.0222</dst>
      <dst id="8">1391.7244</dst>
      <dst id="18">3904.3022</dst>
      <dst id="4">74020.8178</dst>
      <dst id="1">6827.3156</dst>
      <dst id="5">1516.9244</dst>
      <dst id="3">627.3600</dst>
      <dst id="22">11134.0444</dst>
      <dst id="7">5395.8044</dst>
      <dst id="2">74672.9422</dst>
      <dst id="6">4.2578</dst>
      <dst id="16">3480.8533</dst>
      <dst id="14">345.3067</dst>
      <dst id="20">5435.3689</dst>
      <dst id="11">3386.2400</dst>
      <dst id="9">3585.3867</dst>
      <dst id="17">67174.5244</dst>
      <dst id="21">7336.9778</dst>
      <dst id="15">145.3956</dst>
    </src>
    <src id="13">
      <dst id="12">42562.4089</dst>
      <dst id="19">41359.7244</dst>
      <dst id="23">34.0533</dst>
      <dst id="8">1370.6756</dst>
      <dst id="18">1558.1956</dst>
      <dst id="4">0.3556</dst>
      <dst id="1">2556.0622</dst>
      <dst id="5">5402.8000</dst>
      <dst id="3">4196.7111</dst>
      <dst id="22">15221.5822</dst>
      <dst id="7">5026.4978</dst>
      <dst id="2">91060.4000</dst>
      <dst id="6">43.7867</dst>
      <dst id="16">7783.4311</dst>
      <dst id="14">1027.2622</dst>
      <dst id="20">11455.5111</dst>
      <dst id="11">12181.4756</dst>
      <dst id="9">13065.7156</dst>
      <dst id="17">41192.2844</dst>
      <dst id="21">22422.8533</dst>
      <dst id="15">1107.6978</dst>
    </src>
    <src id="19">
      <dst id="12">12227.6444</dst>
      <dst id="13">144.3911</dst>
      <dst id="8">13.3333</dst>
      <dst id="18">5896.7822</dst>
      <dst id="4">22722.2844</dst>
      <dst id="1">393.8400</dst>
      <dst id="5">33.5556</dst>
      <dst id="3">3.4933</dst>
      <dst id="22">472.0089</dst>
      <dst id="7">3115.2711</dst>
      <dst id="2">60.6311</dst>
      <dst id="6">27.9111</dst>
      <dst id="16">6414.8889</dst>
      <dst id="14">1.5378</dst>
      <dst id="20">2.3022</dst>
      <dst id="11">126.0533</dst>
      <dst id="9">633.1911</dst>
      <dst id="17">80.2933</dst>
      <dst id="21">519.9822</dst>
    </src>
    <src id="23">
      <dst id="12">236.2044</dst>
      <dst id="13">177.0844</dst>
      <dst id="19">0.4978</dst>
      <dst id="18">1554.5067</dst>
      <dst id="4">316.5511</dst>
      <dst id="1">26.5867</dst>
      <dst id="3">195.5644</dst>
      <dst id="22">41.8222</dst>
      <dst id="7">12224.7556</dst>
      <dst id="2">389.0844</dst>
      <dst id="16">6.7111</dst>
      <dst id="11">1.7956</dst>
      <dst id="9">345.7067</dst>
      <dst id="17">1129.9200</dst>
      <dst id="21">101.4489</dst>
    </src>
    <src id="8">
      <dst id="12">312173.4133</dst>
      <dst id="13">101.7156</dst>
      <dst id="19">0.3644</dst>
      <dst id="18">0.7911</dst>
      <dst id="4">5861.2444</dst>
      <dst id="1">380.4356</dst>
      <dst id="5">1116.5778</dst>
      <dst id="3">0.9333</dst>
      <dst id="22">2907.1911</dst>
      <dst id="7">2.4622</dst>
      <dst id="2">120110.3200</dst>
      <dst id="16">279.9644</dst>
      <dst id="20">84.2400</dst>
      <dst id="11">480.3911</dst>
      <dst id="9">1022.9333</dst>
      <dst id="17">101400.8267</dst>
      <dst id="21">6834.3022</dst>
      <dst id="15">136.7467</dst>
    </src>
    <src id="18">
      <dst id="12">96993.0311</dst>
      <dst id="13">276.3556</dst>
      <dst id="19">104.8800</dst>
      <dst id="23">29.5822</dst>
      <dst id="8">0.3556</dst>
      <dst id="4">2399.7422</dst>
      <dst id="1">662.2756</dst>
      <dst id="5">776.4978</dst>
      <dst id="3">153.5733</dst>
      <dst id="22">135.9556</dst>
      <dst id="7">23.8578</dst>
      <dst id="2">33470.5422</dst>
      <dst id="16">20.1422</dst>
      <dst id="14">0.6489</dst>
      <dst id="20">27.7333</dst>
      <dst id="11">118.5511</dst>
      <dst id="9">86.3733</dst>
      <dst id="17">37739.9467</dst>
      <dst id="21">330.2133</dst>
      <dst id="15">1.5644</dst>
    </src>
    <src id="4">
      <dst id="12">10352.9156</dst>
      <dst id="19">7970.9067</dst>
      <dst id="8">2794.7556</dst>
      <dst id="18">3886.8800</dst>
      <dst id="4">1.0311</dst>
      <dst id="1">16251.7244</dst>
      <dst id="5">2885.6978</dst>
      <dst id="3">138.6311</dst>
      <dst id="22">3528.8533</dst>
      <dst id="7">128359.4311</dst>
      <dst id="2">72725.3244</dst>
      <dst id="6">34.0889</dst>
      <dst id="16">914.3556</dst>
      <dst id="14">650.5956</dst>
      <dst id="20">193.9111</dst>
      <dst id="11">2131.5111</dst>
      <dst id="9">2546.8000</dst>
      <dst id="17">92877.2622</dst>
      <dst id="21">4226.5778</dst>
      <dst id="15">347.2356</dst>
    </src>
    <src id="1">
      <dst id="12">22421.0844</dst>
      <dst id="13">223.5022</dst>
      <dst id="19">7.7156</dst>
      <dst id="23">39.0489</dst>
      <dst id="8">98305.1378</dst>
      <dst id="18">13604.6489</dst>
      <dst id="4">4553.9200</dst>
      <dst id="1">15162.2311</dst>
      <dst id="5">141930.6489</dst>
      <dst id="3">68.6044</dst>
      <dst id="22">1343.2800</dst>
      <dst id="7">1036.9778</dst>
      <dst id="2">1131.2356</dst>
      <dst id="6">6902.4356</dst>
      <dst id="16">11184.1422</dst>
      <dst id="14">34.1067</dst>
      <dst id="20">45.0578</dst>
      <dst id="11">82.0444</dst>
      <dst id="9">151515.4044</dst>
      <dst id="17">6081.2800</dst>
      <dst id="21">3920.1689</dst>
      <dst id="15">264.9333</dst>
    </src>
    <src id="5">
      <dst id="12">251965.6978</dst>
      <dst id="13">1600.2667</dst>
      <dst id="19">6.0533</dst>
      <dst id="8">4817.3867</dst>
      <dst id="18">348.8622</dst>
      <dst id="4">4309.9022</dst>
      <dst id="1">2203.0400</dst>
      <dst id="3">24.9511</dst>
      <dst id="22">2634.6933</dst>
      <dst id="7">69.1200</dst>
      <dst id="2">101371.8133</dst>
      <dst id="16">126.8267</dst>
      <dst id="14">1.2444</dst>
      <dst id="20">459.2978</dst>
      <dst id="11">1398.8711</dst>
      <dst id="9">3955.2000</dst>
      <dst id="17">99875.2356</dst>
      <dst id="21">218.1689</dst>
      <dst id="15">105.2267</dst>
    </src>
    <src id="3">
      <dst id="12">8563.1022</dst>
      <dst id="13">2309.5378</dst>
      <dst id="19">4991.6178</dst>
      <dst id="23">7231.4044</dst>
      <dst id="8">72.3556</dst>
      <dst id="18">63132.3911</dst>
      <dst id="4">55503.4400</dst>
      <dst id="1">12790.3822</dst>
      <dst id="5">531.9200</dst>
      <dst id="3">9673.7333</dst>
      <dst id="22">677.4844</dst>
      <dst id="7">340.8089</dst>
      <dst id="2">4693.0489</dst>
      <dst id="6">11.1111</dst>
      <dst id="16">1239.7333</dst>
      <dst id="14">18665.2533</dst>
      <dst id="20">23.6889</dst>
      <dst id="11">123008.0356</dst>
      <dst id="9">77.9733</dst>
      <dst id="17">8041.8489</dst>
      <dst id="21">4060.9156</dst>
      <dst id="15">47.5200</dst>
    </src>
    <src id="10">
      <dst id="12">13799.7511</dst>
      <dst id="19">3534.9333</dst>
      <dst id="8">442.6400</dst>
      <dst id="18">1966.4622</dst>
      <dst id="4">0.3556</dst>
      <dst id="1">879.5556</dst>
      <dst id="5">649.6622</dst>
      <dst id="3">2916.0978</dst>
      <dst id="22">5462.7556</dst>
      <dst id="7">10438.1333</dst>
      <dst id="2">25796.8356</dst>
      <dst id="6">12.1867</dst>
      <dst id="16">425.5467</dst>
      <dst id="14">2796.1067</dst>
      <dst id="20">2265.4489</dst>
      <dst id="11">5810.3022</dst>
      <dst id="9">2591.8756</dst>
      <dst id="17">29388.2578</dst>
      <dst id="21">8909.9733</dst>
      <dst id="15">34.2400</dst>
    </src>
    <src id="22">
      <dst id="12">5757.2444</dst>
      <dst id="13">5572.0533</dst>
      <dst id="19">15.1022</dst>
      <dst id="23">989.9022</dst>
      <dst id="8">339.2622</dst>
      <dst id="18">769.9111</dst>
      <dst id="4">17453.5644</dst>
      <dst id="1">150.1067</dst>
      <dst id="5">2700.5067</dst>
      <dst id="3">584.2133</dst>
      <dst id="7">655.4133</dst>
      <dst id="2">3276.8178</dst>
      <dst id="6">2.1778</dst>
      <dst id="16">3.9111</dst>
      <dst id="14">127.9911</dst>
      <dst id="11">2021.7778</dst>
      <dst id="9">4106.7733</dst>
      <dst id="17">5904.8889</dst>
      <dst id="21">2800.1333</dst>
    </src>
    <src id="7">
      <dst id="12">6029.5733</dst>
      <dst id="13">651.0311</dst>
      <dst id="19">31.8311</dst>
      <dst id="23">276.1600</dst>
      <dst id="8">280.9689</dst>
      <dst id="18">590.6489</dst>
      <dst id="4">24618.9867</dst>
      <dst id="1">1880.7378</dst>
      <dst id="5">1239.6622</dst>
      <dst id="3">346.9511</dst>
      <dst id="22">4712.3733</dst>
      <dst id="7">635.2000</dst>
      <dst id="2">21655.7956</dst>
      <dst id="6">12.8000</dst>
      <dst id="16">297.3244</dst>
      <dst id="14">45.7778</dst>
      <dst id="20">245.7422</dst>
      <dst id="11">1005.8311</dst>
      <dst id="9">898.3022</dst>
      <dst id="17">11001.2533</dst>
      <dst id="21">2573.4400</dst>
      <dst id="15">29.9200</dst>
    </src>
    <src id="2">
      <dst id="12">68782.7822</dst>
      <dst id="13">508597.6356</dst>
      <dst id="19">53.9911</dst>
      <dst id="23">9.7067</dst>
      <dst id="8">1060.7111</dst>
      <dst id="18">60570.6578</dst>
      <dst id="4">94359.2889</dst>
      <dst id="1">11863.7867</dst>
      <dst id="5">1390.4889</dst>
      <dst id="3">45.3778</dst>
      <dst id="22">837.3422</dst>
      <dst id="7">2293.7778</dst>
      <dst id="2">1057.2711</dst>
      <dst id="6">7488.9778</dst>
      <dst id="16">2192.0267</dst>
      <dst id="14">5445.6089</dst>
      <dst id="20">716.9511</dst>
      <dst id="11">2033.5022</dst>
      <dst id="9">525.3956</dst>
      <dst id="17">27680.8356</dst>
      <dst id="21">6786.2222</dst>
      <dst id="15">381.2889</dst>
    </src>
    <src id="6">
      <dst id="12">9280.5333</dst>
      <dst id="13">25.7956</dst>
      <dst id="19">2.3378</dst>
      <dst id="4">1082.8711</dst>
      <dst id="1">14.7556</dst>
      <dst id="5">0.8000</dst>
      <dst id="22">0.7022</dst>
      <dst id="7">1.5822</dst>
      <dst id="2">1587.1467</dst>
      <dst id="11">1.4756</dst>
      <dst id="9">3.5467</dst>
      <dst id="17">1167.9556</dst>
      <dst id="21">3.7867</dst>
    </src>
    <src id="16">
      <dst id="12">3163.7867</dst>
      <dst id="13">227.9022</dst>
      <dst id="19">3539.3600</dst>
      <dst id="23">0.7289</dst>
      <dst id="8">1259.9911</dst>
      <dst id="18">4.2489</dst>
      <dst id="4">6252.3644</dst>
      <dst id="1">22801.8311</dst>
      <dst id="5">679.9378</dst>
      <dst id="7">3579.5467</dst>
      <dst id="2">602.2756</dst>
      <dst id="6">0.4267</dst>
      <dst id="16">33.5733</dst>
      <dst id="14">307.0933</dst>
      <dst id="11">108.4978</dst>
      <dst id="9">1951.2978</dst>
      <dst id="17">561.1644</dst>
      <dst id="21">2784.0978</dst>
    </src>
    <src id="14">
      <dst id="12">12690.9956</dst>
      <dst id="13">31.2711</dst>
      <dst id="19">9.7867</dst>
      <dst id="18">0.9778</dst>
      <dst id="4">1415.0044</dst>
      <dst id="1">56.8356</dst>
      <dst id="5">49.7333</dst>
      <dst id="3">55.0400</dst>
      <dst id="22">40.4267</dst>
      <dst id="7">86.6933</dst>
      <dst id="2">4892.8978</dst>
      <dst id="16">5.6889</dst>
      <dst id="20">1.5644</dst>
      <dst id="11">30.5244</dst>
      <dst id="9">0.5956</dst>
      <dst id="17">5702.9422</dst>
      <dst id="21">87.5822</dst>
    </src>
    <src id="20">
      <dst id="12">4160.0356</dst>
      <dst id="13">5220.0267</dst>
      <dst id="19">82.6400</dst>
      <dst id="8">190.2756</dst>
      <dst id="18">28.2311</dst>
      <dst id="4">10488.9156</dst>
      <dst id="1">82.6667</dst>
      <dst id="5">10162.5422</dst>
      <dst id="3">233.7422</dst>
      <dst id="7">681.5200</dst>
      <dst id="2">2877.3600</dst>
      <dst id="11">474.5600</dst>
      <dst id="9">6191.5911</dst>
      <dst id="17">7540.2400</dst>
      <dst id="21">1053.4133</dst>
    </src>
    <src id="11">
      <dst id="12">386394.8978</dst>
      <dst id="13">4314.9156</dst>
      <dst id="19">18.3733</dst>
      <dst id="23">2.8889</dst>
      <dst id="8">208.6489</dst>
      <dst id="18">98.5156</dst>
      <dst id="4">9244.1778</dst>
      <dst id="1">586.7467</dst>
      <dst id="5">813.0044</dst>
      <dst id="3">509.0044</dst>
      <dst id="22">1976.8000</dst>
      <dst id="7">172.2311</dst>
      <dst id="2">132824.8089</dst>
      <dst id="6">34.3822</dst>
      <dst id="16">137.6356</dst>
      <dst id="14">30.7822</dst>
      <dst id="20">907.4756</dst>
      <dst id="11">722.4622</dst>
      <dst id="9">1798.1422</dst>
      <dst id="17">148040.0533</dst>
      <dst id="21">2092.0622</dst>
      <dst id="15">155.8489</dst>
    </src>
    <src id="9">
      <dst id="12">354686.5689</dst>
      <dst id="13">2991.7422</dst>
      <dst id="19">20.6844</dst>
      <dst id="23">12.5778</dst>
      <dst id="8">2190.2756</dst>
      <dst id="18">502.6133</dst>
      <dst id="4">11894.6133</dst>
      <dst id="1">1030.9067</dst>
      <dst id="5">5458.0622</dst>
      <dst id="3">0.3556</dst>
      <dst id="22">3426.5778</dst>
      <dst id="7">81.9911</dst>
      <dst id="2">128809.5733</dst>
      <dst id="6">42.9867</dst>
      <dst id="16">897.2800</dst>
      <dst id="20">2176.3644</dst>
      <dst id="11">866.1600</dst>
      <dst id="9">132.1689</dst>
      <dst id="17">174226.8889</dst>
      <dst id="21">688.2400</dst>
      <dst id="15">505.5733</dst>
    </src>
    <src id="17">
      <dst id="12">4233.9911</dst>
      <dst id="13">12271.8400</dst>
      <dst id="19">177.5200</dst>
      <dst id="23">53.9556</dst>
      <dst id="8">114591.4756</dst>
      <dst id="18">1066.8800</dst>
      <dst id="4">163341.5378</dst>
      <dst id="1">2235.9822</dst>
      <dst id="5">162479.3156</dst>
      <dst id="3">5218.7111</dst>
      <dst id="22">8734.7733</dst>
      <dst id="7">1568.0089</dst>
      <dst id="2">20137.4044</dst>
      <dst id="6">76.0622</dst>
      <dst id="16">4803.9467</dst>
      <dst id="14">14066.1067</dst>
      <dst id="20">232.2044</dst>
      <dst id="11">93421.2444</dst>
      <dst id="9">147139.1289</dst>
      <dst id="17">2378.7911</dst>
      <dst id="21">3904.9333</dst>
      <dst id="15">85.5556</dst>
    </src>
    <src id="21">
      <dst id="12">20322.5600</dst>
      <dst id="13">436.8356</dst>
      <dst id="19">297.9644</dst>
      <dst id="23">3.3067</dst>
      <dst id="8">3480.1067</dst>
      <dst id="18">228.8978</dst>
      <dst id="4">19921.5733</dst>
      <dst id="1">972.6844</dst>
      <dst id="5">327.7689</dst>
      <dst id="3">733.7156</dst>
      <dst id="22">1029.6800</dst>
      <dst id="7">4226.9956</dst>
      <dst id="2">13966.7911</dst>
      <dst id="6">58.5422</dst>
      <dst id="16">435.5911</dst>
      <dst id="14">72.6844</dst>
      <dst id="20">183.6533</dst>
      <dst id="11">564.6933</dst>
      <dst id="9">2689.5378</dst>
      <dst id="17">4890.0089</dst>
      <dst id="21">1280.2133</dst>
      <dst id="15">37.8667</dst>
    </src>
    <src id="15">
      <dst id="12">248.4889</dst>
      <dst id="13">159.9200</dst>
      <dst id="19">3.3511</dst>
      <dst id="8">178.7556</dst>
      <dst id="18">13.3333</dst>
      <dst id="4">3396.7911</dst>
      <dst id="1">642.3733</dst>
      <dst id="5">227.2800</dst>
      <dst id="3">7.8222</dst>
      <dst id="7">173.2089</dst>
      <dst id="2">115.5467</dst>
      <dst id="11">57.6267</dst>
      <dst id="9">1315.4578</dst>
      <dst id="17">3063.2356</dst>
      <dst id="21">246.9422</dst>
    </src>
  </IntraTM>
</TrafficMatrixFile>
