<?xml version="1.0" encoding="UTF-8" standalone="yes"?>
<TrafficMatrixFile xmlns:xsi="http://www.w3.org/2001/XMLSchema-instance" xsi:noNamespaceSchemaLocation="http://totem.run.montefiore.ulg.ac.be/Schema/TrafficMatrix-v1_2.xsd">
  <info>
    <title>Intradomain traffic matrix generated by geant-TM-all.pl</title>
    <date>2005-01-01T04:30:00</date>
    <duration>900</duration>
    <author>Steve Uhlig</author>
    <units>
        <unit type="bandwidth" value="kbps"/>
    </units>
  </info>
  <IntraTM ASID="20965">
    <src id="12">
      <dst id="12">302486.3111</dst>
      <dst id="13">27392.1600</dst>
      <dst id="19">4868.0711</dst>
      <dst id="23">591.9822</dst>
      <dst id="8">3813.0489</dst>
      <dst id="18">4848.2756</dst>
      <dst id="4">137838.6489</dst>
      <dst id="1">8576.1867</dst>
      <dst id="5">4460.5333</dst>
      <dst id="3">3489.1200</dst>
      <dst id="22">15039.2978</dst>
      <dst id="7">5702.6578</dst>
      <dst id="2">98603.0844</dst>
      <dst id="6">23.7511</dst>
      <dst id="16">7743.6711</dst>
      <dst id="14">236.0089</dst>
      <dst id="20">8061.3778</dst>
      <dst id="11">4861.6889</dst>
      <dst id="9">29550.4444</dst>
      <dst id="17">71044.8178</dst>
      <dst id="21">15168.6844</dst>
      <dst id="15">6197.6711</dst>
    </src>
    <src id="13">
      <dst id="12">27313.0578</dst>
      <dst id="19">4392.9333</dst>
      <dst id="23">1476.5867</dst>
      <dst id="8">2635.3778</dst>
      <dst id="18">3048.3467</dst>
      <dst id="1">564.0889</dst>
      <dst id="5">19198.4267</dst>
      <dst id="3">3124.0711</dst>
      <dst id="22">7060.2667</dst>
      <dst id="7">3300.0000</dst>
      <dst id="2">10540.7644</dst>
      <dst id="6">1.7867</dst>
      <dst id="16">6812.4978</dst>
      <dst id="14">47.3333</dst>
      <dst id="20">35935.9644</dst>
      <dst id="11">3776.8178</dst>
      <dst id="9">8650.9067</dst>
      <dst id="17">189064.8622</dst>
      <dst id="21">7817.2800</dst>
      <dst id="15">813.0578</dst>
    </src>
    <src id="19">
      <dst id="12">16590.6222</dst>
      <dst id="13">8427.2711</dst>
      <dst id="23">17.0400</dst>
      <dst id="8">54.7200</dst>
      <dst id="18">43.9022</dst>
      <dst id="4">22115.4933</dst>
      <dst id="1">192.5511</dst>
      <dst id="5">26.0356</dst>
      <dst id="3">452.4000</dst>
      <dst id="22">391.5289</dst>
      <dst id="7">2857.2267</dst>
      <dst id="2">3543.4400</dst>
      <dst id="6">37.9733</dst>
      <dst id="16">6191.1911</dst>
      <dst id="14">0.4978</dst>
      <dst id="20">116.7467</dst>
      <dst id="11">737.5644</dst>
      <dst id="9">3525.4933</dst>
      <dst id="17">2816.9244</dst>
      <dst id="21">233.4933</dst>
      <dst id="15">0.4267</dst>
    </src>
    <src id="23">
      <dst id="12">502.2756</dst>
      <dst id="13">88.6400</dst>
      <dst id="19">15.2800</dst>
      <dst id="8">13.3333</dst>
      <dst id="18">109.4578</dst>
      <dst id="4">773.1111</dst>
      <dst id="1">42.3644</dst>
      <dst id="5">33.9467</dst>
      <dst id="3">49.0489</dst>
      <dst id="22">1709.2267</dst>
      <dst id="7">284.8356</dst>
      <dst id="2">29.3333</dst>
      <dst id="16">227.6267</dst>
      <dst id="14">12.6222</dst>
      <dst id="20">53.3333</dst>
      <dst id="11">99.3156</dst>
      <dst id="9">508.0356</dst>
      <dst id="17">571.3067</dst>
      <dst id="21">1020.7911</dst>
      <dst id="15">1.9911</dst>
    </src>
    <src id="8">
      <dst id="12">350387.1911</dst>
      <dst id="13">732.1689</dst>
      <dst id="19">72.0711</dst>
      <dst id="18">90.2133</dst>
      <dst id="4">5796.4978</dst>
      <dst id="1">15.5378</dst>
      <dst id="5">2096.0267</dst>
      <dst id="3">151.6889</dst>
      <dst id="22">1454.0533</dst>
      <dst id="7">382.5956</dst>
      <dst id="2">138762.1600</dst>
      <dst id="6">0.3556</dst>
      <dst id="16">592.5689</dst>
      <dst id="20">611.8756</dst>
      <dst id="11">117.2978</dst>
      <dst id="9">277.6800</dst>
      <dst id="17">83058.3289</dst>
      <dst id="21">295.4400</dst>
      <dst id="15">970.5422</dst>
    </src>
    <src id="18">
      <dst id="12">142159.5022</dst>
      <dst id="13">943.7600</dst>
      <dst id="19">2.7911</dst>
      <dst id="23">23.6622</dst>
      <dst id="8">83.8489</dst>
      <dst id="4">2922.7822</dst>
      <dst id="1">2755.4933</dst>
      <dst id="5">566.9511</dst>
      <dst id="3">204.0622</dst>
      <dst id="22">1997.5556</dst>
      <dst id="7">197.7600</dst>
      <dst id="2">48186.8089</dst>
      <dst id="16">29.2356</dst>
      <dst id="20">782.2400</dst>
      <dst id="11">141.3244</dst>
      <dst id="9">409.7422</dst>
      <dst id="17">35288.5244</dst>
      <dst id="21">2473.2800</dst>
      <dst id="15">13.5733</dst>
    </src>
    <src id="4">
      <dst id="12">65960.1422</dst>
      <dst id="13">5352.7289</dst>
      <dst id="19">19121.8044</dst>
      <dst id="23">44.0533</dst>
      <dst id="8">3353.4756</dst>
      <dst id="18">8251.4044</dst>
      <dst id="4">16.0711</dst>
      <dst id="1">8122.9778</dst>
      <dst id="5">8412.7111</dst>
      <dst id="3">16719.0400</dst>
      <dst id="22">31397.9556</dst>
      <dst id="7">69947.4311</dst>
      <dst id="2">166125.4933</dst>
      <dst id="6">171.0933</dst>
      <dst id="16">19332.8178</dst>
      <dst id="14">7714.8000</dst>
      <dst id="20">78829.0222</dst>
      <dst id="11">15818.7644</dst>
      <dst id="9">18248.2311</dst>
      <dst id="17">141548.3022</dst>
      <dst id="21">37808.0800</dst>
      <dst id="15">3141.3511</dst>
    </src>
    <src id="1">
      <dst id="12">18548.4889</dst>
      <dst id="13">797.0311</dst>
      <dst id="19">2733.7956</dst>
      <dst id="23">104.4533</dst>
      <dst id="8">148369.1911</dst>
      <dst id="18">13588.6133</dst>
      <dst id="4">25096.3467</dst>
      <dst id="1">57.6356</dst>
      <dst id="5">258291.0933</dst>
      <dst id="3">41759.0933</dst>
      <dst id="22">4537.5822</dst>
      <dst id="7">16552.9778</dst>
      <dst id="2">15359.7422</dst>
      <dst id="6">7449.6711</dst>
      <dst id="16">9453.4400</dst>
      <dst id="14">150.9689</dst>
      <dst id="20">264.2667</dst>
      <dst id="11">2097.3600</dst>
      <dst id="9">257766.5333</dst>
      <dst id="17">4222.7200</dst>
      <dst id="21">31958.5867</dst>
      <dst id="15">3778.2756</dst>
    </src>
    <src id="5">
      <dst id="12">405061.3244</dst>
      <dst id="13">2770.9511</dst>
      <dst id="19">247.9733</dst>
      <dst id="23">204.1244</dst>
      <dst id="8">33003.9200</dst>
      <dst id="18">1575.5111</dst>
      <dst id="4">12191.1200</dst>
      <dst id="1">39.4133</dst>
      <dst id="3">236.1244</dst>
      <dst id="22">8152.4267</dst>
      <dst id="7">222.6400</dst>
      <dst id="2">180068.7111</dst>
      <dst id="6">0.5600</dst>
      <dst id="16">959.4311</dst>
      <dst id="14">6.3378</dst>
      <dst id="20">2872.5067</dst>
      <dst id="11">3725.6000</dst>
      <dst id="9">4875.4578</dst>
      <dst id="17">97662.1333</dst>
      <dst id="21">1214.2933</dst>
      <dst id="15">810.8089</dst>
    </src>
    <src id="3">
      <dst id="12">11620.5511</dst>
      <dst id="13">14986.2044</dst>
      <dst id="19">1000.8356</dst>
      <dst id="23">41.5111</dst>
      <dst id="8">246.8267</dst>
      <dst id="18">116854.8711</dst>
      <dst id="4">68379.2000</dst>
      <dst id="1">13321.2978</dst>
      <dst id="5">359.9022</dst>
      <dst id="3">15707.6533</dst>
      <dst id="22">1049.4844</dst>
      <dst id="7">9728.1067</dst>
      <dst id="2">4887.1911</dst>
      <dst id="6">38.8000</dst>
      <dst id="16">1230.7200</dst>
      <dst id="14">45259.0933</dst>
      <dst id="20">1369.6267</dst>
      <dst id="11">151181.4756</dst>
      <dst id="9">2157.6444</dst>
      <dst id="17">16286.8533</dst>
      <dst id="21">8356.1689</dst>
      <dst id="15">2716.1156</dst>
    </src>
    <src id="10">
      <dst id="12">20928.8978</dst>
      <dst id="19">3904.0356</dst>
      <dst id="8">3184.0711</dst>
      <dst id="18">3032.0533</dst>
      <dst id="4">0.3556</dst>
      <dst id="1">1050.4711</dst>
      <dst id="5">2157.1644</dst>
      <dst id="3">4381.5289</dst>
      <dst id="22">9275.7067</dst>
      <dst id="7">10147.5467</dst>
      <dst id="2">33106.4267</dst>
      <dst id="6">18.5511</dst>
      <dst id="16">3791.8489</dst>
      <dst id="14">1759.3867</dst>
      <dst id="20">2876.1778</dst>
      <dst id="11">7564.5956</dst>
      <dst id="9">2659.8400</dst>
      <dst id="17">23413.2889</dst>
      <dst id="21">25529.5822</dst>
      <dst id="15">930.7289</dst>
    </src>
    <src id="22">
      <dst id="12">17106.7644</dst>
      <dst id="13">4148.2667</dst>
      <dst id="19">116.2844</dst>
      <dst id="23">72.8711</dst>
      <dst id="8">4556.4000</dst>
      <dst id="18">768.8356</dst>
      <dst id="4">23742.3378</dst>
      <dst id="1">115.7156</dst>
      <dst id="5">4065.0400</dst>
      <dst id="3">1403.5289</dst>
      <dst id="7">925.2533</dst>
      <dst id="2">4307.2089</dst>
      <dst id="6">0.5511</dst>
      <dst id="16">1.1733</dst>
      <dst id="14">68.9244</dst>
      <dst id="11">4140.9422</dst>
      <dst id="9">2645.4311</dst>
      <dst id="17">11396.5156</dst>
      <dst id="21">1645.7867</dst>
    </src>
    <src id="7">
      <dst id="12">7501.0756</dst>
      <dst id="13">1959.8844</dst>
      <dst id="19">735.1733</dst>
      <dst id="23">413.1378</dst>
      <dst id="8">1570.5422</dst>
      <dst id="18">622.0267</dst>
      <dst id="4">29074.7822</dst>
      <dst id="1">15631.4578</dst>
      <dst id="5">1657.3067</dst>
      <dst id="3">5990.3111</dst>
      <dst id="22">3284.2044</dst>
      <dst id="7">717.0844</dst>
      <dst id="2">8633.7422</dst>
      <dst id="6">41.6978</dst>
      <dst id="16">1261.5467</dst>
      <dst id="14">317.6267</dst>
      <dst id="20">929.5644</dst>
      <dst id="11">1190.9778</dst>
      <dst id="9">1264.8533</dst>
      <dst id="17">9901.1200</dst>
      <dst id="21">6022.1422</dst>
      <dst id="15">361.8400</dst>
    </src>
    <src id="2">
      <dst id="12">150429.4489</dst>
      <dst id="13">16505.7689</dst>
      <dst id="19">3086.5778</dst>
      <dst id="23">1.1733</dst>
      <dst id="8">374.0978</dst>
      <dst id="18">116797.0044</dst>
      <dst id="4">146153.6267</dst>
      <dst id="1">1728.6400</dst>
      <dst id="5">2272.6311</dst>
      <dst id="3">1918.5067</dst>
      <dst id="22">2727.0578</dst>
      <dst id="7">3331.6978</dst>
      <dst id="2">2090.4000</dst>
      <dst id="6">7410.5956</dst>
      <dst id="16">11131.3956</dst>
      <dst id="14">239.6089</dst>
      <dst id="20">3536.4444</dst>
      <dst id="11">5530.2489</dst>
      <dst id="9">1265.0933</dst>
      <dst id="17">46285.8578</dst>
      <dst id="21">9795.0311</dst>
      <dst id="15">245.1644</dst>
    </src>
    <src id="6">
      <dst id="12">10813.3956</dst>
      <dst id="13">2.1600</dst>
      <dst id="19">27.0844</dst>
      <dst id="23">1.1378</dst>
      <dst id="18">1.6889</dst>
      <dst id="4">262.6489</dst>
      <dst id="1">40.4089</dst>
      <dst id="5">15.2800</dst>
      <dst id="3">37.5467</dst>
      <dst id="22">3.0756</dst>
      <dst id="7">8.8356</dst>
      <dst id="2">2243.2622</dst>
      <dst id="16">6.1156</dst>
      <dst id="14">11.4667</dst>
      <dst id="20">13.2622</dst>
      <dst id="9">2.4533</dst>
      <dst id="17">1714.7822</dst>
      <dst id="21">1.2978</dst>
    </src>
    <src id="16">
      <dst id="12">1696.8711</dst>
      <dst id="13">701.3156</dst>
      <dst id="19">4667.1467</dst>
      <dst id="23">44.8533</dst>
      <dst id="8">6766.4356</dst>
      <dst id="18">158.8533</dst>
      <dst id="4">8038.8178</dst>
      <dst id="1">14535.5378</dst>
      <dst id="5">7869.2978</dst>
      <dst id="3">2331.9733</dst>
      <dst id="7">387.6889</dst>
      <dst id="2">1585.1644</dst>
      <dst id="16">55.4222</dst>
      <dst id="14">63.7156</dst>
      <dst id="11">144.7200</dst>
      <dst id="9">9572.2578</dst>
      <dst id="17">5325.1022</dst>
      <dst id="21">188.2400</dst>
    </src>
    <src id="14">
      <dst id="12">18256.0089</dst>
      <dst id="13">83.5022</dst>
      <dst id="19">21.8044</dst>
      <dst id="23">0.4267</dst>
      <dst id="8">0.4267</dst>
      <dst id="18">3.4400</dst>
      <dst id="4">3887.4578</dst>
      <dst id="1">89.4311</dst>
      <dst id="5">0.7111</dst>
      <dst id="3">65.2533</dst>
      <dst id="22">4.2489</dst>
      <dst id="7">158.5689</dst>
      <dst id="2">6636.4089</dst>
      <dst id="16">36.4267</dst>
      <dst id="20">0.9778</dst>
      <dst id="11">74.6489</dst>
      <dst id="9">26.6667</dst>
      <dst id="17">4159.7778</dst>
      <dst id="21">117.6178</dst>
      <dst id="15">48.1422</dst>
    </src>
    <src id="20">
      <dst id="12">12376.1067</dst>
      <dst id="13">7329.0844</dst>
      <dst id="19">4.9600</dst>
      <dst id="23">5.8756</dst>
      <dst id="8">1310.9778</dst>
      <dst id="18">75.3778</dst>
      <dst id="4">18224.2044</dst>
      <dst id="1">204.3289</dst>
      <dst id="5">3265.4400</dst>
      <dst id="3">1466.2933</dst>
      <dst id="22">0.8444</dst>
      <dst id="7">445.9467</dst>
      <dst id="2">5014.2844</dst>
      <dst id="6">0.8889</dst>
      <dst id="14">0.4267</dst>
      <dst id="11">5241.1733</dst>
      <dst id="9">7768.4089</dst>
      <dst id="17">8084.1956</dst>
      <dst id="21">532.1244</dst>
    </src>
    <src id="11">
      <dst id="12">420917.8844</dst>
      <dst id="13">4438.6222</dst>
      <dst id="19">108.8178</dst>
      <dst id="23">13.0133</dst>
      <dst id="8">515.2800</dst>
      <dst id="18">417.4311</dst>
      <dst id="4">17066.0444</dst>
      <dst id="1">749.5911</dst>
      <dst id="5">1373.0311</dst>
      <dst id="3">2655.8933</dst>
      <dst id="22">3185.3600</dst>
      <dst id="7">538.5778</dst>
      <dst id="2">171881.2978</dst>
      <dst id="6">0.4267</dst>
      <dst id="16">738.9867</dst>
      <dst id="14">46.7556</dst>
      <dst id="20">1004.5244</dst>
      <dst id="11">1521.9911</dst>
      <dst id="9">2669.4222</dst>
      <dst id="17">99511.9911</dst>
      <dst id="21">1204.6222</dst>
      <dst id="15">634.1156</dst>
    </src>
    <src id="9">
      <dst id="12">465662.3733</dst>
      <dst id="13">6207.2978</dst>
      <dst id="19">1680.1956</dst>
      <dst id="23">35.0222</dst>
      <dst id="8">302.2933</dst>
      <dst id="18">183.9200</dst>
      <dst id="4">13764.8622</dst>
      <dst id="1">139.2000</dst>
      <dst id="5">4340.7733</dst>
      <dst id="3">117.0756</dst>
      <dst id="22">3467.4667</dst>
      <dst id="7">283.5556</dst>
      <dst id="2">195093.9822</dst>
      <dst id="16">967.7689</dst>
      <dst id="14">0.5867</dst>
      <dst id="20">2368.1511</dst>
      <dst id="11">422.4533</dst>
      <dst id="9">1453.7067</dst>
      <dst id="17">105106.6933</dst>
      <dst id="21">2702.0089</dst>
      <dst id="15">562.9067</dst>
    </src>
    <src id="17">
      <dst id="12">11272.8800</dst>
      <dst id="13">5624.2311</dst>
      <dst id="19">12984.2933</dst>
      <dst id="23">397.8222</dst>
      <dst id="8">157456.6311</dst>
      <dst id="18">814.6489</dst>
      <dst id="4">94068.1333</dst>
      <dst id="1">1043.0400</dst>
      <dst id="5">258278.1422</dst>
      <dst id="3">22205.4756</dst>
      <dst id="22">6263.8400</dst>
      <dst id="7">12114.0267</dst>
      <dst id="2">14641.5644</dst>
      <dst id="6">67.3422</dst>
      <dst id="16">7714.6222</dst>
      <dst id="14">44131.2889</dst>
      <dst id="20">3858.9689</dst>
      <dst id="11">121386.5600</dst>
      <dst id="9">241799.4489</dst>
      <dst id="17">1433.9467</dst>
      <dst id="21">17367.3156</dst>
      <dst id="15">1470.9511</dst>
    </src>
    <src id="21">
      <dst id="12">22346.3911</dst>
      <dst id="13">1247.6800</dst>
      <dst id="19">363.8311</dst>
      <dst id="23">163.4844</dst>
      <dst id="8">28.9778</dst>
      <dst id="18">991.2711</dst>
      <dst id="4">21810.5689</dst>
      <dst id="1">8999.5467</dst>
      <dst id="5">981.8667</dst>
      <dst id="3">3393.6533</dst>
      <dst id="22">2354.3289</dst>
      <dst id="7">1350.0356</dst>
      <dst id="2">14760.6844</dst>
      <dst id="6">6.8356</dst>
      <dst id="16">561.9644</dst>
      <dst id="14">65.7511</dst>
      <dst id="20">496.3200</dst>
      <dst id="11">881.4667</dst>
      <dst id="9">1086.2044</dst>
      <dst id="17">4184.0178</dst>
      <dst id="21">2748.5156</dst>
      <dst id="15">235.5467</dst>
    </src>
    <src id="15">
      <dst id="12">421.1111</dst>
      <dst id="13">14935.7422</dst>
      <dst id="19">0.3556</dst>
      <dst id="23">0.4622</dst>
      <dst id="8">197.9733</dst>
      <dst id="18">129.4756</dst>
      <dst id="4">6208.8089</dst>
      <dst id="1">830.1867</dst>
      <dst id="5">295.7956</dst>
      <dst id="3">851.7867</dst>
      <dst id="7">47.0844</dst>
      <dst id="2">137.4222</dst>
      <dst id="6">2.4800</dst>
      <dst id="14">4.0889</dst>
      <dst id="11">379.5556</dst>
      <dst id="9">872.0178</dst>
      <dst id="17">629.5022</dst>
      <dst id="21">103.3244</dst>
    </src>
  </IntraTM>
</TrafficMatrixFile>
