<?xml version="1.0" encoding="UTF-8" standalone="yes"?>
<TrafficMatrixFile xmlns:xsi="http://www.w3.org/2001/XMLSchema-instance" xsi:noNamespaceSchemaLocation="http://totem.run.montefiore.ulg.ac.be/Schema/TrafficMatrix-v1_2.xsd">
  <info>
    <title>Intradomain traffic matrix generated by geant-TM-all.pl</title>
    <date>2005-01-04T11:00:00</date>
    <duration>900</duration>
    <author>Steve Uhlig</author>
    <units>
        <unit type="bandwidth" value="kbps"/>
    </units>
  </info>
  <IntraTM ASID="20965">
    <src id="12">
      <dst id="12">184780.1244</dst>
      <dst id="13">16011.3778</dst>
      <dst id="19">1544.1067</dst>
      <dst id="23">10.4978</dst>
      <dst id="8">1297.4044</dst>
      <dst id="18">1076.1244</dst>
      <dst id="4">59049.4844</dst>
      <dst id="1">15076.0800</dst>
      <dst id="5">1712.2933</dst>
      <dst id="3">8015.8756</dst>
      <dst id="22">4810.7822</dst>
      <dst id="7">767.3778</dst>
      <dst id="2">61157.4933</dst>
      <dst id="6">21.7689</dst>
      <dst id="16">3597.8489</dst>
      <dst id="14">202.0800</dst>
      <dst id="20">3981.6533</dst>
      <dst id="11">3352.3644</dst>
      <dst id="9">3689.6000</dst>
      <dst id="17">65059.3156</dst>
      <dst id="21">2309.0489</dst>
      <dst id="15">427.8844</dst>
    </src>
    <src id="13">
      <dst id="12">37538.5333</dst>
      <dst id="19">32047.2000</dst>
      <dst id="23">5.6356</dst>
      <dst id="8">751.5022</dst>
      <dst id="18">1835.7333</dst>
      <dst id="4">0.7111</dst>
      <dst id="1">2558.8889</dst>
      <dst id="5">8608.2933</dst>
      <dst id="3">4597.3956</dst>
      <dst id="22">19863.9111</dst>
      <dst id="7">6525.1289</dst>
      <dst id="2">88717.2800</dst>
      <dst id="6">99.2978</dst>
      <dst id="16">10646.9778</dst>
      <dst id="14">4189.5733</dst>
      <dst id="20">6231.4667</dst>
      <dst id="11">9419.8844</dst>
      <dst id="9">8960.7733</dst>
      <dst id="17">45606.8978</dst>
      <dst id="21">9070.5244</dst>
      <dst id="15">352.8711</dst>
    </src>
    <src id="19">
      <dst id="12">14398.4178</dst>
      <dst id="13">724.1511</dst>
      <dst id="8">23.5378</dst>
      <dst id="4">23000.1778</dst>
      <dst id="1">207.0489</dst>
      <dst id="5">0.4622</dst>
      <dst id="22">29.0133</dst>
      <dst id="7">2867.0489</dst>
      <dst id="2">99.4044</dst>
      <dst id="6">88.7822</dst>
      <dst id="16">7484.9778</dst>
      <dst id="14">0.8889</dst>
      <dst id="20">13.7244</dst>
      <dst id="11">2.4978</dst>
      <dst id="9">268.7644</dst>
      <dst id="17">305.5911</dst>
      <dst id="21">284.8000</dst>
      <dst id="15">1.7778</dst>
    </src>
    <src id="23">
      <dst id="12">163.4578</dst>
      <dst id="13">81.8222</dst>
      <dst id="19">1.3689</dst>
      <dst id="18">1.4933</dst>
      <dst id="1">43.6711</dst>
      <dst id="5">13.1556</dst>
      <dst id="3">122.2756</dst>
      <dst id="22">190.9156</dst>
      <dst id="7">17.4578</dst>
      <dst id="2">27.6444</dst>
      <dst id="6">0.4978</dst>
      <dst id="16">4659.0222</dst>
      <dst id="11">58.7200</dst>
      <dst id="9">322.7378</dst>
      <dst id="17">122.2311</dst>
      <dst id="21">39.5733</dst>
    </src>
    <src id="8">
      <dst id="12">273467.3956</dst>
      <dst id="13">408.4000</dst>
      <dst id="19">1.5111</dst>
      <dst id="18">28.6400</dst>
      <dst id="4">4629.1200</dst>
      <dst id="1">46.8178</dst>
      <dst id="5">585.6889</dst>
      <dst id="3">92.6222</dst>
      <dst id="22">466.7467</dst>
      <dst id="7">1028.2756</dst>
      <dst id="2">107333.8400</dst>
      <dst id="16">13719.3778</dst>
      <dst id="20">20.5156</dst>
      <dst id="11">145.9822</dst>
      <dst id="9">918.8800</dst>
      <dst id="17">98813.3867</dst>
      <dst id="21">40.2489</dst>
      <dst id="15">26.1956</dst>
    </src>
    <src id="18">
      <dst id="12">83886.1778</dst>
      <dst id="13">123.5911</dst>
      <dst id="19">15.0222</dst>
      <dst id="23">3.2711</dst>
      <dst id="8">66.2222</dst>
      <dst id="4">1539.7689</dst>
      <dst id="1">894.4978</dst>
      <dst id="5">233.6978</dst>
      <dst id="3">6.3378</dst>
      <dst id="22">99.8844</dst>
      <dst id="7">6.7733</dst>
      <dst id="2">25866.6933</dst>
      <dst id="16">40.0533</dst>
      <dst id="20">3.0756</dst>
      <dst id="11">39.8489</dst>
      <dst id="9">45.2444</dst>
      <dst id="17">32060.6133</dst>
      <dst id="21">225.8133</dst>
      <dst id="15">1.8400</dst>
    </src>
    <src id="4">
      <dst id="12">8587.4844</dst>
      <dst id="19">15646.5600</dst>
      <dst id="8">899.2533</dst>
      <dst id="18">996.5867</dst>
      <dst id="4">1.2089</dst>
      <dst id="1">113606.3822</dst>
      <dst id="5">1196.1067</dst>
      <dst id="3">159.0933</dst>
      <dst id="22">2699.4844</dst>
      <dst id="7">136118.6044</dst>
      <dst id="2">94530.0000</dst>
      <dst id="6">157.0400</dst>
      <dst id="16">1659.1378</dst>
      <dst id="14">937.9200</dst>
      <dst id="20">116.0089</dst>
      <dst id="11">2972.2756</dst>
      <dst id="9">3379.8933</dst>
      <dst id="17">16210.2133</dst>
      <dst id="21">3013.3156</dst>
      <dst id="15">490.2756</dst>
    </src>
    <src id="1">
      <dst id="12">18764.9511</dst>
      <dst id="13">379.8311</dst>
      <dst id="19">169.1644</dst>
      <dst id="23">37.4311</dst>
      <dst id="8">70427.5022</dst>
      <dst id="18">12239.5467</dst>
      <dst id="4">10483.0133</dst>
      <dst id="1">3441.8133</dst>
      <dst id="5">120768.9422</dst>
      <dst id="3">99.8400</dst>
      <dst id="22">731.4133</dst>
      <dst id="7">2526.8267</dst>
      <dst id="2">2488.9867</dst>
      <dst id="6">3887.4844</dst>
      <dst id="16">11350.2933</dst>
      <dst id="14">69.8933</dst>
      <dst id="20">73.7244</dst>
      <dst id="11">245.2356</dst>
      <dst id="9">129489.3067</dst>
      <dst id="17">6149.3156</dst>
      <dst id="21">1573.5200</dst>
      <dst id="15">160.4178</dst>
    </src>
    <src id="5">
      <dst id="12">231708.8178</dst>
      <dst id="13">479.0133</dst>
      <dst id="19">1.3867</dst>
      <dst id="23">0.8800</dst>
      <dst id="8">299.2889</dst>
      <dst id="18">562.8533</dst>
      <dst id="4">5171.0222</dst>
      <dst id="1">303.6267</dst>
      <dst id="3">28.4444</dst>
      <dst id="22">1968.9867</dst>
      <dst id="7">86.9778</dst>
      <dst id="2">89253.1733</dst>
      <dst id="6">1.3333</dst>
      <dst id="16">375.5556</dst>
      <dst id="14">78.5956</dst>
      <dst id="20">1288.7911</dst>
      <dst id="11">2793.4667</dst>
      <dst id="9">453.0222</dst>
      <dst id="17">89490.6489</dst>
      <dst id="21">315.2622</dst>
      <dst id="15">2247.1733</dst>
    </src>
    <src id="3">
      <dst id="12">4908.9422</dst>
      <dst id="13">358.8978</dst>
      <dst id="19">3285.6978</dst>
      <dst id="23">5704.1956</dst>
      <dst id="8">4.3644</dst>
      <dst id="18">46413.2622</dst>
      <dst id="4">22205.6444</dst>
      <dst id="1">3588.9422</dst>
      <dst id="5">243.1378</dst>
      <dst id="3">9868.1867</dst>
      <dst id="22">1098.8800</dst>
      <dst id="7">1137.0400</dst>
      <dst id="2">4513.1200</dst>
      <dst id="6">54.3644</dst>
      <dst id="16">708.7289</dst>
      <dst id="14">17147.4222</dst>
      <dst id="20">5.7067</dst>
      <dst id="11">96723.6711</dst>
      <dst id="9">91.0222</dst>
      <dst id="17">6895.7244</dst>
      <dst id="21">5980.9600</dst>
      <dst id="15">25.4222</dst>
    </src>
    <src id="10">
      <dst id="12">15182.3911</dst>
      <dst id="19">3126.6133</dst>
      <dst id="8">1516.6933</dst>
      <dst id="18">246.0889</dst>
      <dst id="4">0.3556</dst>
      <dst id="1">3125.3689</dst>
      <dst id="5">358.5511</dst>
      <dst id="3">3541.3867</dst>
      <dst id="22">4172.3022</dst>
      <dst id="7">54304.0000</dst>
      <dst id="2">21908.3022</dst>
      <dst id="6">69.3689</dst>
      <dst id="16">830.8444</dst>
      <dst id="14">339.9022</dst>
      <dst id="20">3709.3156</dst>
      <dst id="11">3867.0400</dst>
      <dst id="9">3955.9822</dst>
      <dst id="17">22269.9644</dst>
      <dst id="21">10544.1600</dst>
      <dst id="15">38.4889</dst>
    </src>
    <src id="22">
      <dst id="12">2160.5600</dst>
      <dst id="13">1445.1467</dst>
      <dst id="19">35.6356</dst>
      <dst id="23">11.5378</dst>
      <dst id="8">573.2178</dst>
      <dst id="18">253.5822</dst>
      <dst id="4">16676.9067</dst>
      <dst id="1">142.5511</dst>
      <dst id="5">3960.6311</dst>
      <dst id="3">386.2044</dst>
      <dst id="7">223.3067</dst>
      <dst id="2">1361.2178</dst>
      <dst id="6">0.9244</dst>
      <dst id="16">0.3556</dst>
      <dst id="14">64.2489</dst>
      <dst id="11">1584.8711</dst>
      <dst id="9">3016.7822</dst>
      <dst id="17">3089.2000</dst>
      <dst id="21">256.9511</dst>
    </src>
    <src id="7">
      <dst id="12">3442.7467</dst>
      <dst id="13">60.7822</dst>
      <dst id="19">108.1067</dst>
      <dst id="23">0.9600</dst>
      <dst id="8">162.6311</dst>
      <dst id="18">107.0844</dst>
      <dst id="4">123819.9822</dst>
      <dst id="1">1160.1689</dst>
      <dst id="5">1178.6400</dst>
      <dst id="3">217.0311</dst>
      <dst id="22">4340.4000</dst>
      <dst id="7">698.3822</dst>
      <dst id="2">24036.8178</dst>
      <dst id="6">40.9867</dst>
      <dst id="16">944.1067</dst>
      <dst id="14">35.6356</dst>
      <dst id="20">390.0267</dst>
      <dst id="11">119.9022</dst>
      <dst id="9">1718.3644</dst>
      <dst id="17">6020.4978</dst>
      <dst id="21">654.1778</dst>
      <dst id="15">203.7689</dst>
    </src>
    <src id="2">
      <dst id="12">48996.6844</dst>
      <dst id="13">511886.0267</dst>
      <dst id="19">24.7733</dst>
      <dst id="23">6.0356</dst>
      <dst id="8">67.3956</dst>
      <dst id="18">47268.8800</dst>
      <dst id="4">77935.6533</dst>
      <dst id="1">5112.6489</dst>
      <dst id="5">2861.9556</dst>
      <dst id="3">65.7778</dst>
      <dst id="22">1006.0356</dst>
      <dst id="7">3585.8133</dst>
      <dst id="2">738.6044</dst>
      <dst id="6">6348.8178</dst>
      <dst id="16">4052.8533</dst>
      <dst id="14">5288.9244</dst>
      <dst id="20">9078.0356</dst>
      <dst id="11">2297.7867</dst>
      <dst id="9">4501.8489</dst>
      <dst id="17">53896.8356</dst>
      <dst id="21">990.8533</dst>
      <dst id="15">100.5867</dst>
    </src>
    <src id="6">
      <dst id="12">7174.5244</dst>
      <dst id="13">2.4000</dst>
      <dst id="19">3.0133</dst>
      <dst id="23">0.3378</dst>
      <dst id="18">0.7289</dst>
      <dst id="4">1335.7956</dst>
      <dst id="1">2.0356</dst>
      <dst id="5">0.8800</dst>
      <dst id="22">26.6667</dst>
      <dst id="7">24.3378</dst>
      <dst id="2">1894.8356</dst>
      <dst id="16">2.0711</dst>
      <dst id="11">51.7778</dst>
      <dst id="9">0.3378</dst>
      <dst id="17">932.0444</dst>
      <dst id="21">3.6889</dst>
      <dst id="15">1.1378</dst>
    </src>
    <src id="16">
      <dst id="12">2052.0711</dst>
      <dst id="13">268.5156</dst>
      <dst id="19">3261.3867</dst>
      <dst id="23">102.7556</dst>
      <dst id="8">2708.0711</dst>
      <dst id="18">4.2044</dst>
      <dst id="4">5761.0133</dst>
      <dst id="1">20684.4800</dst>
      <dst id="5">705.8844</dst>
      <dst id="7">55.9911</dst>
      <dst id="2">606.5778</dst>
      <dst id="6">0.3556</dst>
      <dst id="16">29.1111</dst>
      <dst id="14">2.0622</dst>
      <dst id="11">94.7556</dst>
      <dst id="9">3001.5733</dst>
      <dst id="17">2449.9467</dst>
      <dst id="21">1917.4044</dst>
    </src>
    <src id="14">
      <dst id="12">13919.3867</dst>
      <dst id="13">14.6933</dst>
      <dst id="19">3.7333</dst>
      <dst id="4">3027.7689</dst>
      <dst id="1">77.2711</dst>
      <dst id="5">13.8933</dst>
      <dst id="3">99.0222</dst>
      <dst id="22">16.0978</dst>
      <dst id="7">50.4000</dst>
      <dst id="2">3188.2400</dst>
      <dst id="16">5.9022</dst>
      <dst id="11">32.8978</dst>
      <dst id="9">5.0400</dst>
      <dst id="17">7137.4222</dst>
      <dst id="21">51.7689</dst>
    </src>
    <src id="20">
      <dst id="12">3153.5644</dst>
      <dst id="13">4708.7467</dst>
      <dst id="19">14.3911</dst>
      <dst id="8">396.7733</dst>
      <dst id="18">70.0178</dst>
      <dst id="4">4929.7333</dst>
      <dst id="1">80.8267</dst>
      <dst id="5">1815.8756</dst>
      <dst id="3">66.2222</dst>
      <dst id="7">2927.1200</dst>
      <dst id="2">1752.7911</dst>
      <dst id="6">0.6933</dst>
      <dst id="11">956.7733</dst>
      <dst id="9">672.0089</dst>
      <dst id="17">597.5822</dst>
      <dst id="21">616.4178</dst>
    </src>
    <src id="11">
      <dst id="12">375640.4356</dst>
      <dst id="13">2340.0267</dst>
      <dst id="19">19.2800</dst>
      <dst id="23">0.7822</dst>
      <dst id="8">176.8089</dst>
      <dst id="18">298.3733</dst>
      <dst id="4">12302.8622</dst>
      <dst id="1">5414.5778</dst>
      <dst id="5">1742.2933</dst>
      <dst id="3">271.4400</dst>
      <dst id="22">1822.7111</dst>
      <dst id="7">266.2044</dst>
      <dst id="2">141004.4711</dst>
      <dst id="6">2.6311</dst>
      <dst id="16">226.0444</dst>
      <dst id="14">49.2622</dst>
      <dst id="20">138.7822</dst>
      <dst id="11">1966.0089</dst>
      <dst id="9">1004.0356</dst>
      <dst id="17">149309.6356</dst>
      <dst id="21">347.3689</dst>
      <dst id="15">147.5289</dst>
    </src>
    <src id="9">
      <dst id="12">454930.5600</dst>
      <dst id="13">1659.7600</dst>
      <dst id="19">100.2844</dst>
      <dst id="23">18.4000</dst>
      <dst id="8">577.6267</dst>
      <dst id="18">2802.6044</dst>
      <dst id="4">10387.3867</dst>
      <dst id="1">827.3422</dst>
      <dst id="5">1014.1244</dst>
      <dst id="3">14.0000</dst>
      <dst id="22">2027.9644</dst>
      <dst id="7">113.0044</dst>
      <dst id="2">129658.5778</dst>
      <dst id="6">1.8222</dst>
      <dst id="16">275.6444</dst>
      <dst id="14">1.0667</dst>
      <dst id="20">493.2178</dst>
      <dst id="11">365.7689</dst>
      <dst id="9">27.3778</dst>
      <dst id="17">153363.7333</dst>
      <dst id="21">150.3289</dst>
      <dst id="15">191.0400</dst>
    </src>
    <src id="17">
      <dst id="12">10115.7511</dst>
      <dst id="13">30731.9111</dst>
      <dst id="19">857.2978</dst>
      <dst id="23">43.8222</dst>
      <dst id="8">97434.9778</dst>
      <dst id="18">67.8756</dst>
      <dst id="4">129447.0933</dst>
      <dst id="1">525.2356</dst>
      <dst id="5">128096.4711</dst>
      <dst id="3">3493.9378</dst>
      <dst id="22">2612.6044</dst>
      <dst id="7">2886.0533</dst>
      <dst id="2">6660.5689</dst>
      <dst id="6">31.3600</dst>
      <dst id="16">4703.6978</dst>
      <dst id="14">10199.9289</dst>
      <dst id="20">813.5911</dst>
      <dst id="11">85151.6622</dst>
      <dst id="9">126606.4622</dst>
      <dst id="17">1562.8089</dst>
      <dst id="21">2569.4133</dst>
      <dst id="15">171.7156</dst>
    </src>
    <src id="21">
      <dst id="12">14405.6089</dst>
      <dst id="13">210.2222</dst>
      <dst id="19">151.9378</dst>
      <dst id="23">2.5244</dst>
      <dst id="8">83.3511</dst>
      <dst id="18">662.8000</dst>
      <dst id="4">11210.4178</dst>
      <dst id="1">1699.7067</dst>
      <dst id="5">238.6756</dst>
      <dst id="3">2364.1244</dst>
      <dst id="22">467.1911</dst>
      <dst id="7">1563.2000</dst>
      <dst id="2">10519.9644</dst>
      <dst id="6">13.0489</dst>
      <dst id="16">82.2489</dst>
      <dst id="14">71.3956</dst>
      <dst id="20">22.7467</dst>
      <dst id="11">642.8178</dst>
      <dst id="9">236.2044</dst>
      <dst id="17">3042.5511</dst>
      <dst id="21">949.8044</dst>
      <dst id="15">42.1511</dst>
    </src>
    <src id="15">
      <dst id="12">2772.3200</dst>
      <dst id="13">423.7689</dst>
      <dst id="19">55.1200</dst>
      <dst id="23">0.5600</dst>
      <dst id="8">1047.1022</dst>
      <dst id="18">96.0444</dst>
      <dst id="4">1953.5733</dst>
      <dst id="1">725.2889</dst>
      <dst id="5">174.6933</dst>
      <dst id="3">7.9467</dst>
      <dst id="7">3.2178</dst>
      <dst id="2">4725.5378</dst>
      <dst id="11">20.7733</dst>
      <dst id="9">1302.7822</dst>
      <dst id="17">347.6800</dst>
      <dst id="21">35.6356</dst>
    </src>
  </IntraTM>
</TrafficMatrixFile>
