<?xml version="1.0" encoding="UTF-8" standalone="yes"?>
<TrafficMatrixFile xmlns:xsi="http://www.w3.org/2001/XMLSchema-instance" xsi:noNamespaceSchemaLocation="http://totem.run.montefiore.ulg.ac.be/Schema/TrafficMatrix-v1_2.xsd">
  <info>
    <title>Intradomain traffic matrix generated by geant-TM-all.pl</title>
    <date>2005-01-05T08:15:00</date>
    <duration>900</duration>
    <author>Steve Uhlig</author>
    <units>
        <unit type="bandwidth" value="kbps"/>
    </units>
  </info>
  <IntraTM ASID="20965">
    <src id="12">
      <dst id="12">231102.7822</dst>
      <dst id="13">24371.1556</dst>
      <dst id="19">1651.9022</dst>
      <dst id="23">221.5644</dst>
      <dst id="8">4690.3733</dst>
      <dst id="18">719.9289</dst>
      <dst id="4">85100.7733</dst>
      <dst id="1">15017.7244</dst>
      <dst id="5">4413.5822</dst>
      <dst id="3">1547.2622</dst>
      <dst id="22">8177.4667</dst>
      <dst id="7">3618.1689</dst>
      <dst id="2">76383.5733</dst>
      <dst id="6">2.0800</dst>
      <dst id="16">6162.4711</dst>
      <dst id="14">114.7378</dst>
      <dst id="20">2874.7467</dst>
      <dst id="11">1974.2044</dst>
      <dst id="9">10836.5956</dst>
      <dst id="17">97645.3689</dst>
      <dst id="21">2156.6133</dst>
      <dst id="15">1666.9067</dst>
    </src>
    <src id="13">
      <dst id="12">52702.4000</dst>
      <dst id="19">6552.0000</dst>
      <dst id="23">58.8356</dst>
      <dst id="8">4679.1200</dst>
      <dst id="18">2154.4622</dst>
      <dst id="1">4094.6311</dst>
      <dst id="5">14741.7511</dst>
      <dst id="3">7549.6533</dst>
      <dst id="22">22771.1911</dst>
      <dst id="7">12931.8044</dst>
      <dst id="2">92037.3689</dst>
      <dst id="6">71.6444</dst>
      <dst id="16">8007.9556</dst>
      <dst id="14">7944.2133</dst>
      <dst id="20">9660.5333</dst>
      <dst id="11">14775.1644</dst>
      <dst id="9">10201.6889</dst>
      <dst id="17">47350.8089</dst>
      <dst id="21">9710.5244</dst>
      <dst id="15">767.1378</dst>
    </src>
    <src id="19">
      <dst id="12">12917.9022</dst>
      <dst id="13">462.0000</dst>
      <dst id="23">0.6400</dst>
      <dst id="8">0.4978</dst>
      <dst id="18">922.8178</dst>
      <dst id="4">18467.8578</dst>
      <dst id="1">496.1778</dst>
      <dst id="5">42.1778</dst>
      <dst id="3">0.3556</dst>
      <dst id="22">865.4667</dst>
      <dst id="7">2424.4533</dst>
      <dst id="2">259.9556</dst>
      <dst id="6">58.1333</dst>
      <dst id="16">5135.3067</dst>
      <dst id="14">1.0044</dst>
      <dst id="20">2.6400</dst>
      <dst id="11">230.1422</dst>
      <dst id="9">1179.7244</dst>
      <dst id="17">1597.8044</dst>
      <dst id="21">65.7511</dst>
      <dst id="15">1271.8400</dst>
    </src>
    <src id="23">
      <dst id="12">109.9467</dst>
      <dst id="13">143.4933</dst>
      <dst id="18">64.3644</dst>
      <dst id="4">19.9644</dst>
      <dst id="1">68.0000</dst>
      <dst id="5">9.4756</dst>
      <dst id="3">260.9689</dst>
      <dst id="22">312.5956</dst>
      <dst id="7">17.5467</dst>
      <dst id="2">16.1867</dst>
      <dst id="16">107.5733</dst>
      <dst id="14">0.4622</dst>
      <dst id="20">53.3333</dst>
      <dst id="11">18.7289</dst>
      <dst id="9">2110.8267</dst>
      <dst id="17">109.6889</dst>
      <dst id="21">30.9689</dst>
      <dst id="15">23.7867</dst>
    </src>
    <src id="8">
      <dst id="12">311834.9333</dst>
      <dst id="13">814.7378</dst>
      <dst id="19">1.5289</dst>
      <dst id="18">7.9911</dst>
      <dst id="4">10884.0889</dst>
      <dst id="1">1015.9644</dst>
      <dst id="5">1358.2311</dst>
      <dst id="3">14.7644</dst>
      <dst id="22">894.4089</dst>
      <dst id="7">793.6622</dst>
      <dst id="2">125728.4533</dst>
      <dst id="16">987.7956</dst>
      <dst id="20">147.7511</dst>
      <dst id="11">323.7956</dst>
      <dst id="9">1446.3200</dst>
      <dst id="17">119478.3911</dst>
      <dst id="21">275.1733</dst>
      <dst id="15">5.5200</dst>
    </src>
    <src id="18">
      <dst id="12">99108.3022</dst>
      <dst id="13">809.1111</dst>
      <dst id="19">32.9600</dst>
      <dst id="23">7.6178</dst>
      <dst id="8">272.3467</dst>
      <dst id="4">1630.3467</dst>
      <dst id="1">1642.4711</dst>
      <dst id="5">111.2800</dst>
      <dst id="3">34.7822</dst>
      <dst id="22">181.4133</dst>
      <dst id="7">15.9200</dst>
      <dst id="2">26845.2800</dst>
      <dst id="16">17.6089</dst>
      <dst id="14">13.3333</dst>
      <dst id="20">0.8711</dst>
      <dst id="11">35.8933</dst>
      <dst id="9">42.0978</dst>
      <dst id="17">34454.4533</dst>
      <dst id="21">781.9289</dst>
      <dst id="15">13.9733</dst>
    </src>
    <src id="4">
      <dst id="12">17258.0444</dst>
      <dst id="19">15087.1378</dst>
      <dst id="23">4.6578</dst>
      <dst id="8">1174.5956</dst>
      <dst id="18">584.4089</dst>
      <dst id="4">41.0756</dst>
      <dst id="1">127655.0933</dst>
      <dst id="5">758.8267</dst>
      <dst id="3">55.9111</dst>
      <dst id="22">3533.7422</dst>
      <dst id="7">68707.3333</dst>
      <dst id="2">61644.7644</dst>
      <dst id="6">21.9644</dst>
      <dst id="16">1170.7378</dst>
      <dst id="14">828.0178</dst>
      <dst id="20">2702.4622</dst>
      <dst id="11">3919.9644</dst>
      <dst id="9">2577.2000</dst>
      <dst id="17">15343.8044</dst>
      <dst id="21">4714.1333</dst>
      <dst id="15">536.1689</dst>
    </src>
    <src id="1">
      <dst id="12">15374.5244</dst>
      <dst id="13">990.9067</dst>
      <dst id="19">965.9822</dst>
      <dst id="23">1.9200</dst>
      <dst id="8">96502.4978</dst>
      <dst id="18">13135.2978</dst>
      <dst id="4">5722.9867</dst>
      <dst id="1">14876.0444</dst>
      <dst id="5">178765.4756</dst>
      <dst id="3">188.3022</dst>
      <dst id="22">505.8844</dst>
      <dst id="7">1937.3511</dst>
      <dst id="2">14781.0933</dst>
      <dst id="6">10614.4533</dst>
      <dst id="16">8165.0133</dst>
      <dst id="14">44.4622</dst>
      <dst id="20">123.3333</dst>
      <dst id="11">453.6533</dst>
      <dst id="9">174778.8889</dst>
      <dst id="17">4417.8400</dst>
      <dst id="21">2494.7022</dst>
      <dst id="15">477.6444</dst>
    </src>
    <src id="5">
      <dst id="12">271706.7911</dst>
      <dst id="13">1378.5867</dst>
      <dst id="19">67.3156</dst>
      <dst id="23">2.1689</dst>
      <dst id="8">3538.7467</dst>
      <dst id="18">474.3111</dst>
      <dst id="4">5503.8044</dst>
      <dst id="1">512.1511</dst>
      <dst id="3">37.3244</dst>
      <dst id="22">2999.7333</dst>
      <dst id="7">1459.0133</dst>
      <dst id="2">132107.3778</dst>
      <dst id="6">2.1244</dst>
      <dst id="16">1569.8489</dst>
      <dst id="14">15.8489</dst>
      <dst id="20">1300.0267</dst>
      <dst id="11">416.4978</dst>
      <dst id="9">5040.9244</dst>
      <dst id="17">101213.7689</dst>
      <dst id="21">157.8667</dst>
      <dst id="15">363.9733</dst>
    </src>
    <src id="3">
      <dst id="12">19768.4267</dst>
      <dst id="13">3095.1911</dst>
      <dst id="19">4915.1289</dst>
      <dst id="23">8835.5289</dst>
      <dst id="8">30.4622</dst>
      <dst id="18">48032.7467</dst>
      <dst id="4">19454.0089</dst>
      <dst id="1">5393.3956</dst>
      <dst id="5">591.0133</dst>
      <dst id="3">10409.7778</dst>
      <dst id="22">2320.2667</dst>
      <dst id="7">5016.9511</dst>
      <dst id="2">17780.2222</dst>
      <dst id="6">1.8311</dst>
      <dst id="16">567.0933</dst>
      <dst id="14">22177.2267</dst>
      <dst id="20">4473.4311</dst>
      <dst id="11">128142.7467</dst>
      <dst id="9">1018.8356</dst>
      <dst id="17">15211.2267</dst>
      <dst id="21">16546.4178</dst>
      <dst id="15">1676.1956</dst>
    </src>
    <src id="10">
      <dst id="12">17901.6711</dst>
      <dst id="19">759.4489</dst>
      <dst id="8">452.8000</dst>
      <dst id="18">4995.5733</dst>
      <dst id="4">0.7111</dst>
      <dst id="1">2688.3644</dst>
      <dst id="5">522.4800</dst>
      <dst id="3">1673.3156</dst>
      <dst id="22">3937.7778</dst>
      <dst id="7">5430.6933</dst>
      <dst id="2">20555.4400</dst>
      <dst id="16">2600.0978</dst>
      <dst id="14">3138.5156</dst>
      <dst id="20">1072.1333</dst>
      <dst id="11">3948.0089</dst>
      <dst id="9">1590.3111</dst>
      <dst id="17">30614.2133</dst>
      <dst id="21">6031.7778</dst>
      <dst id="15">1313.7333</dst>
    </src>
    <src id="22">
      <dst id="12">12077.2089</dst>
      <dst id="13">2803.4667</dst>
      <dst id="19">520.6756</dst>
      <dst id="23">699.3244</dst>
      <dst id="8">655.7422</dst>
      <dst id="18">1346.6044</dst>
      <dst id="4">18029.1111</dst>
      <dst id="1">386.7022</dst>
      <dst id="5">4857.2622</dst>
      <dst id="3">1222.5511</dst>
      <dst id="7">2949.7333</dst>
      <dst id="2">4825.8667</dst>
      <dst id="6">40.1333</dst>
      <dst id="16">7.9822</dst>
      <dst id="14">13.4044</dst>
      <dst id="11">2484.1511</dst>
      <dst id="9">1109.3333</dst>
      <dst id="17">4968.0800</dst>
      <dst id="21">369.7956</dst>
    </src>
    <src id="7">
      <dst id="12">2990.5956</dst>
      <dst id="13">408.1067</dst>
      <dst id="19">1287.1822</dst>
      <dst id="23">69.0044</dst>
      <dst id="8">97.6089</dst>
      <dst id="18">319.9733</dst>
      <dst id="4">24017.6000</dst>
      <dst id="1">10945.8400</dst>
      <dst id="5">1338.0978</dst>
      <dst id="3">225.4578</dst>
      <dst id="22">5650.1067</dst>
      <dst id="7">569.7778</dst>
      <dst id="2">7939.9378</dst>
      <dst id="6">25.2267</dst>
      <dst id="16">496.4000</dst>
      <dst id="14">229.8489</dst>
      <dst id="20">302.4533</dst>
      <dst id="11">2746.3022</dst>
      <dst id="9">444.9244</dst>
      <dst id="17">5677.7956</dst>
      <dst id="21">757.4044</dst>
      <dst id="15">153.8400</dst>
    </src>
    <src id="2">
      <dst id="12">70202.6933</dst>
      <dst id="13">515654.5778</dst>
      <dst id="19">1387.3067</dst>
      <dst id="23">37.8667</dst>
      <dst id="8">109.9911</dst>
      <dst id="18">46369.4044</dst>
      <dst id="4">89986.3111</dst>
      <dst id="1">13416.2133</dst>
      <dst id="5">1924.1333</dst>
      <dst id="3">31.2267</dst>
      <dst id="22">1600.9867</dst>
      <dst id="7">10946.8889</dst>
      <dst id="2">632.7200</dst>
      <dst id="6">5408.6400</dst>
      <dst id="16">2760.0889</dst>
      <dst id="14">5276.6133</dst>
      <dst id="20">1000.8800</dst>
      <dst id="11">1583.7156</dst>
      <dst id="9">1325.3778</dst>
      <dst id="17">7442.6933</dst>
      <dst id="21">3833.2267</dst>
      <dst id="15">2050.5867</dst>
    </src>
    <src id="6">
      <dst id="12">7775.8933</dst>
      <dst id="13">5.8489</dst>
      <dst id="19">1.0667</dst>
      <dst id="23">0.8356</dst>
      <dst id="4">1350.3022</dst>
      <dst id="5">1.9289</dst>
      <dst id="22">29.0311</dst>
      <dst id="2">1660.3111</dst>
      <dst id="16">0.5244</dst>
      <dst id="14">0.4267</dst>
      <dst id="20">0.3556</dst>
      <dst id="11">1.0667</dst>
      <dst id="17">1696.0889</dst>
      <dst id="21">0.9333</dst>
      <dst id="15">1.2356</dst>
    </src>
    <src id="16">
      <dst id="12">1405.4933</dst>
      <dst id="13">1582.2756</dst>
      <dst id="19">3725.4844</dst>
      <dst id="23">18.0711</dst>
      <dst id="8">2494.4444</dst>
      <dst id="18">17.4044</dst>
      <dst id="4">3653.6800</dst>
      <dst id="1">12423.4933</dst>
      <dst id="5">4797.0133</dst>
      <dst id="7">3004.5511</dst>
      <dst id="2">1541.6978</dst>
      <dst id="16">50.3378</dst>
      <dst id="14">320.4622</dst>
      <dst id="11">134.8000</dst>
      <dst id="9">3172.4089</dst>
      <dst id="17">1870.2756</dst>
      <dst id="21">1832.0178</dst>
    </src>
    <src id="14">
      <dst id="12">20500.6222</dst>
      <dst id="13">133.8044</dst>
      <dst id="19">4.4800</dst>
      <dst id="23">51.5022</dst>
      <dst id="18">13.1467</dst>
      <dst id="4">2305.1911</dst>
      <dst id="1">89.2533</dst>
      <dst id="5">0.4889</dst>
      <dst id="3">49.4844</dst>
      <dst id="22">5.6089</dst>
      <dst id="7">57.2356</dst>
      <dst id="2">6376.6222</dst>
      <dst id="16">3.9733</dst>
      <dst id="14">106.9333</dst>
      <dst id="20">10.8711</dst>
      <dst id="11">14.7467</dst>
      <dst id="9">1.5911</dst>
      <dst id="17">7307.5644</dst>
      <dst id="21">42.5067</dst>
      <dst id="15">1.4933</dst>
    </src>
    <src id="20">
      <dst id="12">7966.9067</dst>
      <dst id="13">1617.5467</dst>
      <dst id="19">17.6356</dst>
      <dst id="23">1.4400</dst>
      <dst id="8">591.3244</dst>
      <dst id="18">1.8667</dst>
      <dst id="4">5847.1644</dst>
      <dst id="1">245.8844</dst>
      <dst id="5">10439.5111</dst>
      <dst id="3">112.1600</dst>
      <dst id="7">622.5511</dst>
      <dst id="2">1581.3422</dst>
      <dst id="6">13.2622</dst>
      <dst id="14">457.1200</dst>
      <dst id="11">648.0444</dst>
      <dst id="9">2626.0267</dst>
      <dst id="17">191.5111</dst>
      <dst id="21">41.7422</dst>
    </src>
    <src id="11">
      <dst id="12">393549.7956</dst>
      <dst id="13">3037.4667</dst>
      <dst id="19">189.2178</dst>
      <dst id="23">11.3511</dst>
      <dst id="8">411.9467</dst>
      <dst id="18">44.1689</dst>
      <dst id="4">6604.0978</dst>
      <dst id="1">715.1733</dst>
      <dst id="5">1578.0978</dst>
      <dst id="3">1066.7556</dst>
      <dst id="22">939.2356</dst>
      <dst id="7">800.4978</dst>
      <dst id="2">152344.2222</dst>
      <dst id="6">14.9956</dst>
      <dst id="16">173.5822</dst>
      <dst id="14">45.4667</dst>
      <dst id="20">159.1911</dst>
      <dst id="11">2017.8133</dst>
      <dst id="9">708.3022</dst>
      <dst id="17">158487.3067</dst>
      <dst id="21">232.2133</dst>
      <dst id="15">1335.1556</dst>
    </src>
    <src id="9">
      <dst id="12">502133.8222</dst>
      <dst id="13">8246.0000</dst>
      <dst id="19">78.6311</dst>
      <dst id="23">531.8311</dst>
      <dst id="8">170.4000</dst>
      <dst id="18">70.0622</dst>
      <dst id="4">11313.6178</dst>
      <dst id="1">904.8089</dst>
      <dst id="5">1297.4044</dst>
      <dst id="3">36.5156</dst>
      <dst id="22">8220.5600</dst>
      <dst id="7">826.4711</dst>
      <dst id="2">188908.3556</dst>
      <dst id="6">0.6933</dst>
      <dst id="16">706.3733</dst>
      <dst id="14">1.4133</dst>
      <dst id="20">6028.6311</dst>
      <dst id="11">1391.6800</dst>
      <dst id="9">47.5289</dst>
      <dst id="17">162420.8800</dst>
      <dst id="21">226.2311</dst>
      <dst id="15">604.6578</dst>
    </src>
    <src id="17">
      <dst id="12">6799.6444</dst>
      <dst id="13">2683.7956</dst>
      <dst id="19">10457.7422</dst>
      <dst id="23">144.8800</dst>
      <dst id="8">117034.4178</dst>
      <dst id="18">584.3822</dst>
      <dst id="4">82745.2000</dst>
      <dst id="1">15212.9689</dst>
      <dst id="5">175771.2800</dst>
      <dst id="3">19316.5778</dst>
      <dst id="22">4064.3733</dst>
      <dst id="7">7619.9022</dst>
      <dst id="2">23144.4533</dst>
      <dst id="6">969.9644</dst>
      <dst id="16">6304.6044</dst>
      <dst id="14">23420.6933</dst>
      <dst id="20">288.6667</dst>
      <dst id="11">89229.9289</dst>
      <dst id="9">190097.7600</dst>
      <dst id="17">1846.1156</dst>
      <dst id="21">4492.7911</dst>
      <dst id="15">250.7822</dst>
    </src>
    <src id="21">
      <dst id="12">14126.7289</dst>
      <dst id="13">2597.3689</dst>
      <dst id="19">120.0089</dst>
      <dst id="23">145.9911</dst>
      <dst id="8">106.2756</dst>
      <dst id="18">775.9022</dst>
      <dst id="4">19830.5956</dst>
      <dst id="1">2021.3333</dst>
      <dst id="5">81.2800</dst>
      <dst id="3">21561.7067</dst>
      <dst id="22">3798.5867</dst>
      <dst id="7">6045.4489</dst>
      <dst id="2">12214.4800</dst>
      <dst id="6">1.2622</dst>
      <dst id="16">184.3200</dst>
      <dst id="14">122.4711</dst>
      <dst id="20">254.3378</dst>
      <dst id="11">1654.5067</dst>
      <dst id="9">479.3867</dst>
      <dst id="17">5701.1644</dst>
      <dst id="21">1164.0800</dst>
      <dst id="15">1257.9556</dst>
    </src>
    <src id="15">
      <dst id="12">3307.6444</dst>
      <dst id="13">756.7111</dst>
      <dst id="19">3702.0356</dst>
      <dst id="23">4.7644</dst>
      <dst id="8">98.9156</dst>
      <dst id="18">5.0400</dst>
      <dst id="4">2098.5156</dst>
      <dst id="1">1183.2089</dst>
      <dst id="5">467.1556</dst>
      <dst id="3">18.1422</dst>
      <dst id="7">613.9378</dst>
      <dst id="2">219.1556</dst>
      <dst id="14">88.7822</dst>
      <dst id="11">953.0489</dst>
      <dst id="9">1153.4756</dst>
      <dst id="17">205.6444</dst>
      <dst id="21">138.1600</dst>
    </src>
  </IntraTM>
</TrafficMatrixFile>
