<?xml version="1.0" encoding="UTF-8" standalone="yes"?>
<TrafficMatrixFile xmlns:xsi="http://www.w3.org/2001/XMLSchema-instance" xsi:noNamespaceSchemaLocation="http://totem.run.montefiore.ulg.ac.be/Schema/TrafficMatrix-v1_2.xsd">
  <info>
    <title>Intradomain traffic matrix generated by geant-TM-all.pl</title>
    <date>2005-01-03T07:45:00</date>
    <duration>900</duration>
    <author>Steve Uhlig</author>
    <units>
        <unit type="bandwidth" value="kbps"/>
    </units>
  </info>
  <IntraTM ASID="20965">
    <src id="12">
      <dst id="12">213717.2800</dst>
      <dst id="13">25651.1289</dst>
      <dst id="19">2498.1422</dst>
      <dst id="23">7610.5689</dst>
      <dst id="8">4084.0711</dst>
      <dst id="18">9522.2844</dst>
      <dst id="4">100602.6311</dst>
      <dst id="1">5853.5467</dst>
      <dst id="5">2526.9600</dst>
      <dst id="3">4785.9200</dst>
      <dst id="22">24561.0222</dst>
      <dst id="7">1742.9244</dst>
      <dst id="2">84609.4400</dst>
      <dst id="6">10.0178</dst>
      <dst id="16">4551.7689</dst>
      <dst id="14">218.5956</dst>
      <dst id="20">6889.3244</dst>
      <dst id="11">5884.1333</dst>
      <dst id="9">5921.5911</dst>
      <dst id="17">70908.3467</dst>
      <dst id="21">3608.9511</dst>
      <dst id="15">692.5867</dst>
    </src>
    <src id="13">
      <dst id="12">50608.6756</dst>
      <dst id="19">30285.3956</dst>
      <dst id="23">378.5333</dst>
      <dst id="8">3768.6578</dst>
      <dst id="18">3098.2756</dst>
      <dst id="1">2140.2400</dst>
      <dst id="5">20874.2222</dst>
      <dst id="3">3914.1067</dst>
      <dst id="22">23076.6844</dst>
      <dst id="7">7835.3689</dst>
      <dst id="2">111612.5422</dst>
      <dst id="6">156.8089</dst>
      <dst id="16">8053.2800</dst>
      <dst id="14">1109.1200</dst>
      <dst id="20">15017.5644</dst>
      <dst id="11">11574.4000</dst>
      <dst id="9">18285.5733</dst>
      <dst id="17">201783.8222</dst>
      <dst id="21">18099.4133</dst>
      <dst id="15">4234.8356</dst>
    </src>
    <src id="19">
      <dst id="12">15726.5156</dst>
      <dst id="13">3715.9467</dst>
      <dst id="23">1.2000</dst>
      <dst id="8">184.5689</dst>
      <dst id="18">15.9467</dst>
      <dst id="4">22970.0889</dst>
      <dst id="1">1073.9111</dst>
      <dst id="5">333.3333</dst>
      <dst id="3">267.5556</dst>
      <dst id="22">1268.4356</dst>
      <dst id="7">3594.1956</dst>
      <dst id="2">260.0444</dst>
      <dst id="6">15.1556</dst>
      <dst id="16">7208.7289</dst>
      <dst id="20">322.5689</dst>
      <dst id="11">107.6622</dst>
      <dst id="9">41.8311</dst>
      <dst id="17">217.4400</dst>
      <dst id="21">431.4044</dst>
      <dst id="15">0.4267</dst>
    </src>
    <src id="23">
      <dst id="12">1505.8311</dst>
      <dst id="13">863.2000</dst>
      <dst id="8">71.3600</dst>
      <dst id="18">27.2533</dst>
      <dst id="4">216.5244</dst>
      <dst id="1">139.4311</dst>
      <dst id="5">72.4444</dst>
      <dst id="3">120.1778</dst>
      <dst id="22">322.2222</dst>
      <dst id="7">203.6711</dst>
      <dst id="2">45.2356</dst>
      <dst id="16">111.4400</dst>
      <dst id="20">0.3556</dst>
      <dst id="11">14.7822</dst>
      <dst id="9">420.1600</dst>
      <dst id="17">241.0400</dst>
      <dst id="21">22.1156</dst>
      <dst id="15">53.7956</dst>
    </src>
    <src id="8">
      <dst id="12">342613.9644</dst>
      <dst id="13">619.6711</dst>
      <dst id="19">21.7244</dst>
      <dst id="23">1933.3333</dst>
      <dst id="18">38.7556</dst>
      <dst id="4">7614.4000</dst>
      <dst id="1">636.0800</dst>
      <dst id="5">3309.9733</dst>
      <dst id="3">52.6222</dst>
      <dst id="22">1022.0622</dst>
      <dst id="7">12.1867</dst>
      <dst id="2">145584.0267</dst>
      <dst id="16">903.1822</dst>
      <dst id="20">121.8400</dst>
      <dst id="11">703.0311</dst>
      <dst id="9">858.7822</dst>
      <dst id="17">133222.3200</dst>
      <dst id="21">295.6267</dst>
      <dst id="15">4158.6578</dst>
    </src>
    <src id="18">
      <dst id="12">107452.1600</dst>
      <dst id="13">178.8267</dst>
      <dst id="19">0.4267</dst>
      <dst id="23">0.3378</dst>
      <dst id="8">4.9867</dst>
      <dst id="4">1855.8222</dst>
      <dst id="1">1014.9511</dst>
      <dst id="5">356.6044</dst>
      <dst id="3">136.8711</dst>
      <dst id="22">124.4533</dst>
      <dst id="7">50.9333</dst>
      <dst id="2">36166.6133</dst>
      <dst id="16">94.3911</dst>
      <dst id="20">15.8578</dst>
      <dst id="11">937.3867</dst>
      <dst id="9">196.3289</dst>
      <dst id="17">49341.9378</dst>
      <dst id="21">669.5911</dst>
      <dst id="15">38.9333</dst>
    </src>
    <src id="4">
      <dst id="12">14946.6933</dst>
      <dst id="19">8742.8889</dst>
      <dst id="23">0.7111</dst>
      <dst id="8">1536.7111</dst>
      <dst id="18">1226.6222</dst>
      <dst id="4">1.0667</dst>
      <dst id="1">45791.3422</dst>
      <dst id="5">1630.1956</dst>
      <dst id="3">210.4711</dst>
      <dst id="22">6459.4044</dst>
      <dst id="7">129644.6578</dst>
      <dst id="2">87318.1156</dst>
      <dst id="6">7.3956</dst>
      <dst id="16">2912.7200</dst>
      <dst id="14">1618.7111</dst>
      <dst id="20">577.2267</dst>
      <dst id="11">3088.2933</dst>
      <dst id="9">3401.0933</dst>
      <dst id="17">88728.3556</dst>
      <dst id="21">8531.1644</dst>
      <dst id="15">286.2844</dst>
    </src>
    <src id="1">
      <dst id="12">18087.7422</dst>
      <dst id="13">548.8533</dst>
      <dst id="19">61.9822</dst>
      <dst id="23">56.4622</dst>
      <dst id="8">127323.2533</dst>
      <dst id="18">11607.8133</dst>
      <dst id="4">9054.0178</dst>
      <dst id="1">15479.7333</dst>
      <dst id="5">187575.5911</dst>
      <dst id="3">2246.2667</dst>
      <dst id="22">3317.3600</dst>
      <dst id="7">1947.2444</dst>
      <dst id="2">1547.0756</dst>
      <dst id="6">13340.3467</dst>
      <dst id="16">11047.4489</dst>
      <dst id="14">43.6178</dst>
      <dst id="20">43.0400</dst>
      <dst id="11">224.1867</dst>
      <dst id="9">187217.8222</dst>
      <dst id="17">2396.7289</dst>
      <dst id="21">2258.0711</dst>
      <dst id="15">100.0533</dst>
    </src>
    <src id="5">
      <dst id="12">282773.8667</dst>
      <dst id="13">10587.0311</dst>
      <dst id="19">3.0489</dst>
      <dst id="23">2.9600</dst>
      <dst id="8">830.2489</dst>
      <dst id="18">700.6222</dst>
      <dst id="4">9325.5378</dst>
      <dst id="1">277.6267</dst>
      <dst id="22">4134.0889</dst>
      <dst id="7">56.6222</dst>
      <dst id="2">128298.2044</dst>
      <dst id="16">781.3333</dst>
      <dst id="14">16.3467</dst>
      <dst id="20">14885.3511</dst>
      <dst id="11">2838.9867</dst>
      <dst id="9">2299.1022</dst>
      <dst id="17">102531.8222</dst>
      <dst id="21">439.6089</dst>
      <dst id="15">172.9956</dst>
    </src>
    <src id="3">
      <dst id="12">13109.5733</dst>
      <dst id="13">1808.7200</dst>
      <dst id="19">5171.2267</dst>
      <dst id="23">4226.8622</dst>
      <dst id="8">65.6889</dst>
      <dst id="18">84155.7867</dst>
      <dst id="4">30391.5822</dst>
      <dst id="1">16745.5644</dst>
      <dst id="5">563.1200</dst>
      <dst id="3">10377.6089</dst>
      <dst id="22">687.0133</dst>
      <dst id="7">2887.7778</dst>
      <dst id="2">7261.4489</dst>
      <dst id="6">1.1467</dst>
      <dst id="16">1659.7333</dst>
      <dst id="14">25862.2933</dst>
      <dst id="20">58.6044</dst>
      <dst id="11">144300.1867</dst>
      <dst id="9">219.5911</dst>
      <dst id="17">9973.9644</dst>
      <dst id="21">5855.2533</dst>
      <dst id="15">42.5422</dst>
    </src>
    <src id="10">
      <dst id="12">15515.9733</dst>
      <dst id="19">378.7911</dst>
      <dst id="8">981.0844</dst>
      <dst id="18">10996.7289</dst>
      <dst id="4">0.3556</dst>
      <dst id="1">580.9422</dst>
      <dst id="5">827.5022</dst>
      <dst id="3">11406.0622</dst>
      <dst id="22">2277.7956</dst>
      <dst id="7">15070.3022</dst>
      <dst id="2">27574.0800</dst>
      <dst id="6">3.0933</dst>
      <dst id="16">3200.1600</dst>
      <dst id="14">350.1778</dst>
      <dst id="20">1435.6800</dst>
      <dst id="11">3306.8444</dst>
      <dst id="9">4573.5022</dst>
      <dst id="17">29119.9556</dst>
      <dst id="21">7656.0089</dst>
      <dst id="15">1006.4000</dst>
    </src>
    <src id="22">
      <dst id="12">16828.5689</dst>
      <dst id="13">4359.4311</dst>
      <dst id="19">183.2533</dst>
      <dst id="23">810.7289</dst>
      <dst id="8">675.6889</dst>
      <dst id="18">599.2444</dst>
      <dst id="4">19130.8533</dst>
      <dst id="1">151.1200</dst>
      <dst id="5">12387.4311</dst>
      <dst id="3">269.6622</dst>
      <dst id="7">724.0800</dst>
      <dst id="2">3733.8844</dst>
      <dst id="6">32.1422</dst>
      <dst id="16">6.4000</dst>
      <dst id="14">70.5956</dst>
      <dst id="11">6592.4356</dst>
      <dst id="9">3091.9111</dst>
      <dst id="17">4832.8622</dst>
      <dst id="21">1649.8400</dst>
    </src>
    <src id="7">
      <dst id="12">10330.9156</dst>
      <dst id="13">120.5689</dst>
      <dst id="19">202.4089</dst>
      <dst id="23">79.4044</dst>
      <dst id="8">705.8044</dst>
      <dst id="18">599.5111</dst>
      <dst id="4">49735.1111</dst>
      <dst id="1">2342.0444</dst>
      <dst id="5">1148.2756</dst>
      <dst id="3">509.2622</dst>
      <dst id="22">6865.3333</dst>
      <dst id="7">652.2578</dst>
      <dst id="2">4882.0533</dst>
      <dst id="6">24.9511</dst>
      <dst id="16">919.3778</dst>
      <dst id="14">150.1333</dst>
      <dst id="20">299.1467</dst>
      <dst id="11">1223.6089</dst>
      <dst id="9">1313.4133</dst>
      <dst id="17">10151.0489</dst>
      <dst id="21">1573.6178</dst>
      <dst id="15">867.5022</dst>
    </src>
    <src id="2">
      <dst id="12">83509.5289</dst>
      <dst id="13">535313.0311</dst>
      <dst id="19">1007.9022</dst>
      <dst id="23">0.9244</dst>
      <dst id="8">432.2400</dst>
      <dst id="18">86869.3333</dst>
      <dst id="4">111250.0889</dst>
      <dst id="1">11815.5022</dst>
      <dst id="5">1468.8000</dst>
      <dst id="3">73.5467</dst>
      <dst id="22">1180.3822</dst>
      <dst id="7">2271.1822</dst>
      <dst id="2">548.5244</dst>
      <dst id="6">8105.4489</dst>
      <dst id="16">2600.1156</dst>
      <dst id="14">5409.6711</dst>
      <dst id="20">3043.7244</dst>
      <dst id="11">3456.5244</dst>
      <dst id="9">2449.2978</dst>
      <dst id="17">24688.4711</dst>
      <dst id="21">5545.1022</dst>
      <dst id="15">52.0178</dst>
    </src>
    <src id="6">
      <dst id="12">9419.5467</dst>
      <dst id="13">3.8578</dst>
      <dst id="19">0.7111</dst>
      <dst id="18">0.4178</dst>
      <dst id="4">1295.8844</dst>
      <dst id="1">14.4800</dst>
      <dst id="5">1.7067</dst>
      <dst id="22">4.4622</dst>
      <dst id="7">22.9333</dst>
      <dst id="2">2377.6978</dst>
      <dst id="20">0.6756</dst>
      <dst id="11">1.5289</dst>
      <dst id="17">1610.1244</dst>
      <dst id="21">11.9289</dst>
      <dst id="15">0.3556</dst>
    </src>
    <src id="16">
      <dst id="12">3070.9956</dst>
      <dst id="13">1310.0444</dst>
      <dst id="19">4047.2889</dst>
      <dst id="23">8.1244</dst>
      <dst id="8">3972.6400</dst>
      <dst id="18">18.8533</dst>
      <dst id="4">4893.2267</dst>
      <dst id="1">15236.5689</dst>
      <dst id="5">2968.3911</dst>
      <dst id="3">14.8267</dst>
      <dst id="7">3846.8000</dst>
      <dst id="2">545.3956</dst>
      <dst id="6">37.9022</dst>
      <dst id="16">44.1778</dst>
      <dst id="14">280.8178</dst>
      <dst id="11">72.2578</dst>
      <dst id="9">2590.9600</dst>
      <dst id="17">1027.2267</dst>
      <dst id="21">2364.2933</dst>
    </src>
    <src id="14">
      <dst id="12">14182.2311</dst>
      <dst id="13">10.6489</dst>
      <dst id="19">4.3733</dst>
      <dst id="23">0.4978</dst>
      <dst id="4">1725.6622</dst>
      <dst id="1">31.6267</dst>
      <dst id="5">265.5467</dst>
      <dst id="3">76.9156</dst>
      <dst id="22">53.1022</dst>
      <dst id="7">50.5333</dst>
      <dst id="2">6991.0222</dst>
      <dst id="16">163.7689</dst>
      <dst id="20">1.2444</dst>
      <dst id="11">40.9511</dst>
      <dst id="17">4571.6978</dst>
      <dst id="21">129.5378</dst>
    </src>
    <src id="20">
      <dst id="12">7816.4978</dst>
      <dst id="13">4974.8889</dst>
      <dst id="19">129.1289</dst>
      <dst id="23">0.4622</dst>
      <dst id="8">211.8489</dst>
      <dst id="18">104.5422</dst>
      <dst id="4">9675.6000</dst>
      <dst id="1">198.8444</dst>
      <dst id="5">2731.4578</dst>
      <dst id="3">151.2622</dst>
      <dst id="7">791.1911</dst>
      <dst id="2">5972.7200</dst>
      <dst id="6">1.4133</dst>
      <dst id="16">0.5511</dst>
      <dst id="14">12.4444</dst>
      <dst id="11">407.2533</dst>
      <dst id="9">6126.2400</dst>
      <dst id="17">506.7733</dst>
      <dst id="21">731.0844</dst>
    </src>
    <src id="11">
      <dst id="12">382457.5289</dst>
      <dst id="13">4003.0489</dst>
      <dst id="19">42.6044</dst>
      <dst id="23">19.3244</dst>
      <dst id="8">251.7067</dst>
      <dst id="18">157.3511</dst>
      <dst id="4">13515.0044</dst>
      <dst id="1">446.0267</dst>
      <dst id="5">1264.1511</dst>
      <dst id="3">295.4844</dst>
      <dst id="22">1438.7378</dst>
      <dst id="7">342.7733</dst>
      <dst id="2">140956.1067</dst>
      <dst id="6">34.9422</dst>
      <dst id="16">314.2756</dst>
      <dst id="14">79.5467</dst>
      <dst id="20">2368.7111</dst>
      <dst id="11">1693.4844</dst>
      <dst id="9">1971.5822</dst>
      <dst id="17">166039.3511</dst>
      <dst id="21">1223.7689</dst>
      <dst id="15">106.8356</dst>
    </src>
    <src id="9">
      <dst id="12">399249.6622</dst>
      <dst id="13">6136.0444</dst>
      <dst id="19">2234.6400</dst>
      <dst id="23">12.9600</dst>
      <dst id="8">791.0400</dst>
      <dst id="18">327.4133</dst>
      <dst id="4">13674.5778</dst>
      <dst id="1">569.3156</dst>
      <dst id="5">2571.1022</dst>
      <dst id="3">54.6844</dst>
      <dst id="22">2833.2533</dst>
      <dst id="7">75.3600</dst>
      <dst id="2">147082.0267</dst>
      <dst id="6">1.2089</dst>
      <dst id="16">524.9956</dst>
      <dst id="14">1.3333</dst>
      <dst id="20">2205.6178</dst>
      <dst id="11">614.3378</dst>
      <dst id="9">4070.2578</dst>
      <dst id="17">171319.9822</dst>
      <dst id="21">495.5378</dst>
      <dst id="15">1724.7644</dst>
    </src>
    <src id="17">
      <dst id="12">9165.7067</dst>
      <dst id="13">6579.3156</dst>
      <dst id="19">328.6756</dst>
      <dst id="23">21.4044</dst>
      <dst id="8">152106.7289</dst>
      <dst id="18">297.1733</dst>
      <dst id="4">158547.7333</dst>
      <dst id="1">1628.8356</dst>
      <dst id="5">181390.6756</dst>
      <dst id="3">4489.0311</dst>
      <dst id="22">4434.5244</dst>
      <dst id="7">1391.7600</dst>
      <dst id="2">23705.6711</dst>
      <dst id="6">168.7022</dst>
      <dst id="16">2836.3733</dst>
      <dst id="14">24923.8578</dst>
      <dst id="20">948.7022</dst>
      <dst id="11">104080.4089</dst>
      <dst id="9">154587.1467</dst>
      <dst id="17">2614.8000</dst>
      <dst id="21">4898.0089</dst>
      <dst id="15">226.2133</dst>
    </src>
    <src id="21">
      <dst id="12">19934.7644</dst>
      <dst id="13">1726.5333</dst>
      <dst id="19">296.0444</dst>
      <dst id="23">2.2667</dst>
      <dst id="8">259.9556</dst>
      <dst id="18">2705.5822</dst>
      <dst id="4">22325.2000</dst>
      <dst id="1">974.6667</dst>
      <dst id="5">246.3289</dst>
      <dst id="3">604.6756</dst>
      <dst id="22">3894.1778</dst>
      <dst id="7">3597.8133</dst>
      <dst id="2">9786.2400</dst>
      <dst id="6">0.8444</dst>
      <dst id="16">163.7244</dst>
      <dst id="14">66.2667</dst>
      <dst id="20">229.2622</dst>
      <dst id="11">637.1467</dst>
      <dst id="9">784.9067</dst>
      <dst id="17">3190.5156</dst>
      <dst id="21">1886.1422</dst>
      <dst id="15">3.6978</dst>
    </src>
    <src id="15">
      <dst id="12">3399.1644</dst>
      <dst id="13">83.7867</dst>
      <dst id="19">0.9333</dst>
      <dst id="23">16.5511</dst>
      <dst id="8">134.3822</dst>
      <dst id="18">29.4044</dst>
      <dst id="4">7021.6178</dst>
      <dst id="1">421.0933</dst>
      <dst id="5">306.1778</dst>
      <dst id="3">11.4844</dst>
      <dst id="7">147.1644</dst>
      <dst id="2">856.0089</dst>
      <dst id="11">35.7511</dst>
      <dst id="9">1397.2444</dst>
      <dst id="17">849.9911</dst>
      <dst id="21">68.7111</dst>
    </src>
  </IntraTM>
</TrafficMatrixFile>
