<?xml version="1.0" encoding="UTF-8" standalone="yes"?>
<TrafficMatrixFile xmlns:xsi="http://www.w3.org/2001/XMLSchema-instance" xsi:noNamespaceSchemaLocation="http://totem.run.montefiore.ulg.ac.be/Schema/TrafficMatrix-v1_2.xsd">
  <info>
    <title>Intradomain traffic matrix generated by geant-TM-all.pl</title>
    <date>2005-01-02T16:45:00</date>
    <duration>900</duration>
    <author>Steve Uhlig</author>
    <units>
        <unit type="bandwidth" value="kbps"/>
    </units>
  </info>
  <IntraTM ASID="20965">
    <src id="12">
      <dst id="12">289692.5333</dst>
      <dst id="13">14021.8756</dst>
      <dst id="19">3678.1689</dst>
      <dst id="23">75.0400</dst>
      <dst id="8">2092.0089</dst>
      <dst id="18">739.0489</dst>
      <dst id="4">84149.9644</dst>
      <dst id="1">6678.7289</dst>
      <dst id="5">6762.2756</dst>
      <dst id="3">7012.4000</dst>
      <dst id="22">26793.1022</dst>
      <dst id="7">5205.8489</dst>
      <dst id="2">63514.8178</dst>
      <dst id="6">7.2267</dst>
      <dst id="16">5734.7556</dst>
      <dst id="14">152.9511</dst>
      <dst id="20">8919.1467</dst>
      <dst id="11">8438.5600</dst>
      <dst id="9">14906.7556</dst>
      <dst id="17">80977.8933</dst>
      <dst id="21">12375.3156</dst>
      <dst id="15">17264.5956</dst>
    </src>
    <src id="13">
      <dst id="12">55729.1378</dst>
      <dst id="19">3560.6400</dst>
      <dst id="23">9.7956</dst>
      <dst id="8">5322.6311</dst>
      <dst id="18">3447.2000</dst>
      <dst id="1">6496.0711</dst>
      <dst id="5">6022.9244</dst>
      <dst id="3">17875.2000</dst>
      <dst id="22">29642.5422</dst>
      <dst id="7">15286.5689</dst>
      <dst id="2">57420.6133</dst>
      <dst id="6">40.9956</dst>
      <dst id="16">9901.9467</dst>
      <dst id="14">2507.0400</dst>
      <dst id="20">12782.4889</dst>
      <dst id="11">18454.9244</dst>
      <dst id="9">20718.2222</dst>
      <dst id="17">62337.4489</dst>
      <dst id="21">17234.2400</dst>
      <dst id="15">3840.5689</dst>
    </src>
    <src id="19">
      <dst id="12">13771.2533</dst>
      <dst id="13">697.7422</dst>
      <dst id="23">0.4622</dst>
      <dst id="8">0.4978</dst>
      <dst id="18">163.1289</dst>
      <dst id="4">18157.1378</dst>
      <dst id="1">3930.8178</dst>
      <dst id="5">13767.4133</dst>
      <dst id="3">22.3378</dst>
      <dst id="22">707.5022</dst>
      <dst id="7">8056.5689</dst>
      <dst id="2">1607.9822</dst>
      <dst id="6">218.8800</dst>
      <dst id="16">7476.1867</dst>
      <dst id="14">0.6578</dst>
      <dst id="20">108.2311</dst>
      <dst id="11">1826.7911</dst>
      <dst id="9">10277.4933</dst>
      <dst id="17">1150.1067</dst>
      <dst id="21">281.2978</dst>
      <dst id="15">64.1511</dst>
    </src>
    <src id="23">
      <dst id="12">1068.1689</dst>
      <dst id="13">18.4089</dst>
      <dst id="19">1.6089</dst>
      <dst id="8">87.4311</dst>
      <dst id="18">0.3378</dst>
      <dst id="4">19.3156</dst>
      <dst id="1">66.4978</dst>
      <dst id="5">145.9556</dst>
      <dst id="3">562.1778</dst>
      <dst id="22">1403.0578</dst>
      <dst id="7">905.3422</dst>
      <dst id="2">71.8044</dst>
      <dst id="16">87.4222</dst>
      <dst id="14">63.1111</dst>
      <dst id="20">114.9511</dst>
      <dst id="11">2077.1200</dst>
      <dst id="9">707.1111</dst>
      <dst id="17">1372.0444</dst>
      <dst id="21">1043.0578</dst>
      <dst id="15">586.6667</dst>
    </src>
    <src id="8">
      <dst id="12">251478.5244</dst>
      <dst id="13">1623.2800</dst>
      <dst id="19">7.3244</dst>
      <dst id="23">229.0222</dst>
      <dst id="18">30.9422</dst>
      <dst id="4">9089.3867</dst>
      <dst id="1">128.3111</dst>
      <dst id="5">557.0844</dst>
      <dst id="3">112.6667</dst>
      <dst id="22">1198.4000</dst>
      <dst id="7">29.9467</dst>
      <dst id="2">92843.7067</dst>
      <dst id="6">0.9956</dst>
      <dst id="16">457.3778</dst>
      <dst id="14">0.6489</dst>
      <dst id="20">312.6933</dst>
      <dst id="11">2254.8711</dst>
      <dst id="9">998.7289</dst>
      <dst id="17">85087.7422</dst>
      <dst id="21">239.6178</dst>
      <dst id="15">6.6044</dst>
    </src>
    <src id="18">
      <dst id="12">91835.6356</dst>
      <dst id="13">91.5378</dst>
      <dst id="19">197.9644</dst>
      <dst id="23">0.9956</dst>
      <dst id="8">116.9689</dst>
      <dst id="4">1850.2844</dst>
      <dst id="1">1123.1822</dst>
      <dst id="5">509.3867</dst>
      <dst id="3">288.0711</dst>
      <dst id="22">256.0711</dst>
      <dst id="7">63.5644</dst>
      <dst id="2">30491.9556</dst>
      <dst id="16">37.1289</dst>
      <dst id="14">36.0533</dst>
      <dst id="20">35.3067</dst>
      <dst id="11">104.6044</dst>
      <dst id="9">245.8756</dst>
      <dst id="17">34057.2978</dst>
      <dst id="21">113.8667</dst>
      <dst id="15">6.2756</dst>
    </src>
    <src id="4">
      <dst id="12">15276.7556</dst>
      <dst id="19">6427.2889</dst>
      <dst id="23">12.3822</dst>
      <dst id="8">978.9867</dst>
      <dst id="18">2005.1200</dst>
      <dst id="1">41198.1511</dst>
      <dst id="5">2175.6889</dst>
      <dst id="3">1011.5911</dst>
      <dst id="22">3741.5378</dst>
      <dst id="7">29370.2933</dst>
      <dst id="2">49083.7156</dst>
      <dst id="6">44.4000</dst>
      <dst id="16">1130.0444</dst>
      <dst id="14">659.1378</dst>
      <dst id="20">3372.7556</dst>
      <dst id="11">8801.7333</dst>
      <dst id="9">4657.8489</dst>
      <dst id="17">114686.8000</dst>
      <dst id="21">4711.2622</dst>
      <dst id="15">2817.9200</dst>
    </src>
    <src id="1">
      <dst id="12">19435.5200</dst>
      <dst id="13">249.0222</dst>
      <dst id="19">696.3644</dst>
      <dst id="23">1.9378</dst>
      <dst id="8">137200.4889</dst>
      <dst id="18">15433.9911</dst>
      <dst id="4">11105.3333</dst>
      <dst id="1">23863.6889</dst>
      <dst id="5">227301.3156</dst>
      <dst id="3">67.1644</dst>
      <dst id="22">2723.1111</dst>
      <dst id="7">6823.0222</dst>
      <dst id="2">3110.9689</dst>
      <dst id="6">6877.4933</dst>
      <dst id="16">14219.7333</dst>
      <dst id="14">103.0489</dst>
      <dst id="20">495.4222</dst>
      <dst id="11">1041.5911</dst>
      <dst id="9">304689.9644</dst>
      <dst id="17">5298.8533</dst>
      <dst id="21">11354.4889</dst>
      <dst id="15">1017.0489</dst>
    </src>
    <src id="5">
      <dst id="12">237713.7778</dst>
      <dst id="13">2170.3644</dst>
      <dst id="19">375.2444</dst>
      <dst id="23">2.2933</dst>
      <dst id="8">470.5867</dst>
      <dst id="18">1148.9600</dst>
      <dst id="4">7088.8000</dst>
      <dst id="1">326.9778</dst>
      <dst id="3">51.5200</dst>
      <dst id="22">2416.9600</dst>
      <dst id="7">329.6533</dst>
      <dst id="2">99189.3956</dst>
      <dst id="6">1.2178</dst>
      <dst id="16">456.0089</dst>
      <dst id="14">2.5689</dst>
      <dst id="20">1812.4622</dst>
      <dst id="11">798.4978</dst>
      <dst id="9">963.7333</dst>
      <dst id="17">88369.5733</dst>
      <dst id="21">389.2889</dst>
      <dst id="15">4598.6844</dst>
    </src>
    <src id="3">
      <dst id="12">8875.1556</dst>
      <dst id="13">602.9778</dst>
      <dst id="19">977.6089</dst>
      <dst id="23">28.8267</dst>
      <dst id="8">339.5111</dst>
      <dst id="18">46410.6133</dst>
      <dst id="4">23187.8133</dst>
      <dst id="1">3852.6400</dst>
      <dst id="5">1016.9778</dst>
      <dst id="3">14712.4356</dst>
      <dst id="22">1287.5644</dst>
      <dst id="7">5915.5378</dst>
      <dst id="2">14018.5956</dst>
      <dst id="6">0.5156</dst>
      <dst id="16">1120.4444</dst>
      <dst id="14">28302.8711</dst>
      <dst id="20">603.7422</dst>
      <dst id="11">160343.1911</dst>
      <dst id="9">514.2756</dst>
      <dst id="17">8423.1378</dst>
      <dst id="21">7000.7200</dst>
      <dst id="15">128.0178</dst>
    </src>
    <src id="10">
      <dst id="12">14964.8089</dst>
      <dst id="19">657.4400</dst>
      <dst id="8">1106.6667</dst>
      <dst id="18">3288.9244</dst>
      <dst id="1">1763.2711</dst>
      <dst id="5">1041.0933</dst>
      <dst id="3">19032.0622</dst>
      <dst id="22">3737.6356</dst>
      <dst id="7">14646.0444</dst>
      <dst id="2">31310.0178</dst>
      <dst id="6">59.5111</dst>
      <dst id="16">2089.5289</dst>
      <dst id="14">429.7956</dst>
      <dst id="20">1924.0444</dst>
      <dst id="11">6284.8533</dst>
      <dst id="9">2809.0756</dst>
      <dst id="17">27898.4000</dst>
      <dst id="21">12568.3022</dst>
      <dst id="15">930.8533</dst>
    </src>
    <src id="22">
      <dst id="12">18305.2089</dst>
      <dst id="13">17512.1867</dst>
      <dst id="19">93.3333</dst>
      <dst id="23">101.2622</dst>
      <dst id="8">1415.0489</dst>
      <dst id="18">211.2978</dst>
      <dst id="4">17130.3911</dst>
      <dst id="1">218.2222</dst>
      <dst id="5">12401.1644</dst>
      <dst id="3">2088.5156</dst>
      <dst id="7">1051.3956</dst>
      <dst id="2">1552.0889</dst>
      <dst id="6">13.3156</dst>
      <dst id="16">5.8133</dst>
      <dst id="14">13.4222</dst>
      <dst id="11">8477.7600</dst>
      <dst id="9">2314.2489</dst>
      <dst id="17">3269.8667</dst>
      <dst id="21">1769.2711</dst>
    </src>
    <src id="7">
      <dst id="12">6934.3733</dst>
      <dst id="13">565.5378</dst>
      <dst id="19">921.9289</dst>
      <dst id="23">133.5200</dst>
      <dst id="8">387.0222</dst>
      <dst id="18">243.8400</dst>
      <dst id="4">63268.5422</dst>
      <dst id="1">3640.1244</dst>
      <dst id="5">552.6400</dst>
      <dst id="3">1438.9511</dst>
      <dst id="22">4631.1200</dst>
      <dst id="7">658.3822</dst>
      <dst id="2">6567.2533</dst>
      <dst id="6">109.9467</dst>
      <dst id="16">793.4667</dst>
      <dst id="14">80.0089</dst>
      <dst id="20">1042.7111</dst>
      <dst id="11">1076.8800</dst>
      <dst id="9">2221.7422</dst>
      <dst id="17">10803.4222</dst>
      <dst id="21">3444.4622</dst>
      <dst id="15">511.3156</dst>
    </src>
    <src id="2">
      <dst id="12">176205.3511</dst>
      <dst id="13">10242.2400</dst>
      <dst id="19">291.9289</dst>
      <dst id="23">10.6844</dst>
      <dst id="8">2875.6711</dst>
      <dst id="18">46895.7778</dst>
      <dst id="4">84288.0711</dst>
      <dst id="1">6459.6711</dst>
      <dst id="5">1830.8089</dst>
      <dst id="3">295.2800</dst>
      <dst id="22">3886.6044</dst>
      <dst id="7">6123.4044</dst>
      <dst id="2">1252.9778</dst>
      <dst id="6">6110.5867</dst>
      <dst id="16">2470.0978</dst>
      <dst id="14">5473.6444</dst>
      <dst id="20">5962.5156</dst>
      <dst id="11">2840.6844</dst>
      <dst id="9">1290.1956</dst>
      <dst id="17">19000.4711</dst>
      <dst id="21">4077.1022</dst>
      <dst id="15">455.3333</dst>
    </src>
    <src id="6">
      <dst id="12">9568.8000</dst>
      <dst id="13">4.9511</dst>
      <dst id="19">4.1689</dst>
      <dst id="18">11.9911</dst>
      <dst id="4">3.2533</dst>
      <dst id="1">104.5600</dst>
      <dst id="22">65.3956</dst>
      <dst id="7">170.2222</dst>
      <dst id="2">1826.2044</dst>
      <dst id="16">0.3556</dst>
      <dst id="20">2.4889</dst>
      <dst id="11">16.9244</dst>
      <dst id="9">22.9333</dst>
      <dst id="17">1368.4800</dst>
      <dst id="21">65.2356</dst>
    </src>
    <src id="16">
      <dst id="12">2029.0311</dst>
      <dst id="13">356.9422</dst>
      <dst id="19">4167.2800</dst>
      <dst id="23">5.6267</dst>
      <dst id="8">10518.9511</dst>
      <dst id="18">55.6000</dst>
      <dst id="4">5676.2489</dst>
      <dst id="1">27607.5644</dst>
      <dst id="5">7499.5378</dst>
      <dst id="3">807.0578</dst>
      <dst id="7">2307.4222</dst>
      <dst id="2">567.4400</dst>
      <dst id="16">30.8444</dst>
      <dst id="14">200.5689</dst>
      <dst id="11">232.3467</dst>
      <dst id="9">11508.0089</dst>
      <dst id="17">4970.5156</dst>
      <dst id="21">376.8978</dst>
    </src>
    <src id="14">
      <dst id="12">13918.4622</dst>
      <dst id="13">30.1600</dst>
      <dst id="19">5.2267</dst>
      <dst id="23">1.0311</dst>
      <dst id="18">2.0089</dst>
      <dst id="4">2150.7644</dst>
      <dst id="1">26.3644</dst>
      <dst id="5">79.4400</dst>
      <dst id="3">34.5600</dst>
      <dst id="22">1.9911</dst>
      <dst id="7">83.2889</dst>
      <dst id="2">5511.9822</dst>
      <dst id="16">93.1911</dst>
      <dst id="20">168.1600</dst>
      <dst id="11">92.5867</dst>
      <dst id="9">12.6222</dst>
      <dst id="17">5807.5822</dst>
      <dst id="21">73.7067</dst>
    </src>
    <src id="20">
      <dst id="12">2705.4044</dst>
      <dst id="13">717.3867</dst>
      <dst id="19">1499.1111</dst>
      <dst id="23">3.9111</dst>
      <dst id="8">530.6133</dst>
      <dst id="18">404.2489</dst>
      <dst id="4">12483.7867</dst>
      <dst id="1">40.8000</dst>
      <dst id="5">2065.5733</dst>
      <dst id="3">1146.9956</dst>
      <dst id="7">967.6889</dst>
      <dst id="2">5748.4889</dst>
      <dst id="6">4.0711</dst>
      <dst id="14">3.7600</dst>
      <dst id="11">1093.2978</dst>
      <dst id="9">1881.0667</dst>
      <dst id="17">1959.7067</dst>
      <dst id="21">294.4622</dst>
    </src>
    <src id="11">
      <dst id="12">367703.1111</dst>
      <dst id="13">925.3422</dst>
      <dst id="19">252.8622</dst>
      <dst id="23">38.6489</dst>
      <dst id="8">2961.9733</dst>
      <dst id="18">207.4400</dst>
      <dst id="4">17571.3156</dst>
      <dst id="1">3815.3422</dst>
      <dst id="5">981.9911</dst>
      <dst id="3">713.6089</dst>
      <dst id="22">2767.3067</dst>
      <dst id="7">495.7511</dst>
      <dst id="2">140574.0444</dst>
      <dst id="6">1.1733</dst>
      <dst id="16">409.7244</dst>
      <dst id="14">68.7644</dst>
      <dst id="20">775.5644</dst>
      <dst id="11">1031.1378</dst>
      <dst id="9">2422.7022</dst>
      <dst id="17">121838.5600</dst>
      <dst id="21">667.3333</dst>
      <dst id="15">142.6933</dst>
    </src>
    <src id="9">
      <dst id="12">448411.2533</dst>
      <dst id="13">1486.7822</dst>
      <dst id="19">497.6889</dst>
      <dst id="23">34.3467</dst>
      <dst id="8">844.7822</dst>
      <dst id="18">297.9556</dst>
      <dst id="4">15996.4178</dst>
      <dst id="1">1075.9111</dst>
      <dst id="5">5020.3644</dst>
      <dst id="3">183.2178</dst>
      <dst id="22">1528.3822</dst>
      <dst id="7">605.6000</dst>
      <dst id="2">157097.7778</dst>
      <dst id="6">4.5067</dst>
      <dst id="16">1290.2933</dst>
      <dst id="14">10.0444</dst>
      <dst id="20">7208.6667</dst>
      <dst id="11">10881.0667</dst>
      <dst id="9">354.1067</dst>
      <dst id="17">155091.4222</dst>
      <dst id="21">923.3422</dst>
      <dst id="15">366.9333</dst>
    </src>
    <src id="17">
      <dst id="12">18219.9822</dst>
      <dst id="13">3148.5511</dst>
      <dst id="19">2396.5600</dst>
      <dst id="23">75.1644</dst>
      <dst id="8">162411.8400</dst>
      <dst id="18">174.4444</dst>
      <dst id="4">39049.9556</dst>
      <dst id="1">13454.6489</dst>
      <dst id="5">202585.0222</dst>
      <dst id="3">26373.2622</dst>
      <dst id="22">5118.3822</dst>
      <dst id="7">2991.0400</dst>
      <dst id="2">6398.6667</dst>
      <dst id="6">100.4267</dst>
      <dst id="16">3643.4133</dst>
      <dst id="14">44961.5200</dst>
      <dst id="20">11102.8000</dst>
      <dst id="11">131728.1511</dst>
      <dst id="9">266433.7689</dst>
      <dst id="17">2304.1689</dst>
      <dst id="21">7808.9422</dst>
      <dst id="15">847.3689</dst>
    </src>
    <src id="21">
      <dst id="12">15651.8489</dst>
      <dst id="13">3365.3422</dst>
      <dst id="19">146.9600</dst>
      <dst id="23">11.3156</dst>
      <dst id="8">232.2756</dst>
      <dst id="18">104.9422</dst>
      <dst id="4">20976.7378</dst>
      <dst id="1">947.8756</dst>
      <dst id="5">609.6711</dst>
      <dst id="3">1176.2489</dst>
      <dst id="22">1306.2222</dst>
      <dst id="7">4237.6711</dst>
      <dst id="2">7307.4400</dst>
      <dst id="6">23.3422</dst>
      <dst id="16">329.5022</dst>
      <dst id="14">105.4844</dst>
      <dst id="20">144.9244</dst>
      <dst id="11">615.7156</dst>
      <dst id="9">594.4267</dst>
      <dst id="17">3367.3156</dst>
      <dst id="21">2057.1644</dst>
      <dst id="15">64.0356</dst>
    </src>
    <src id="15">
      <dst id="12">1455.1822</dst>
      <dst id="13">139.7867</dst>
      <dst id="19">2241.3422</dst>
      <dst id="23">20.8356</dst>
      <dst id="8">8.1600</dst>
      <dst id="18">93.7600</dst>
      <dst id="4">6699.9556</dst>
      <dst id="1">892.4622</dst>
      <dst id="5">102.8622</dst>
      <dst id="3">533.5556</dst>
      <dst id="7">14.8889</dst>
      <dst id="2">761.0044</dst>
      <dst id="14">5.1200</dst>
      <dst id="11">323.4844</dst>
      <dst id="9">1540.9244</dst>
      <dst id="17">145.6622</dst>
      <dst id="21">62.1867</dst>
    </src>
  </IntraTM>
</TrafficMatrixFile>
