<?xml version="1.0" encoding="UTF-8" standalone="yes"?>
<TrafficMatrixFile xmlns:xsi="http://www.w3.org/2001/XMLSchema-instance" xsi:noNamespaceSchemaLocation="http://totem.run.montefiore.ulg.ac.be/Schema/TrafficMatrix-v1_2.xsd">
  <info>
    <title>Intradomain traffic matrix generated by geant-TM-all.pl</title>
    <date>2005-01-03T09:30:00</date>
    <duration>900</duration>
    <author>Steve Uhlig</author>
    <units>
        <unit type="bandwidth" value="kbps"/>
    </units>
  </info>
  <IntraTM ASID="20965">
    <src id="12">
      <dst id="12">190564.9333</dst>
      <dst id="13">16529.0667</dst>
      <dst id="19">1240.5778</dst>
      <dst id="23">71.9289</dst>
      <dst id="8">1489.7156</dst>
      <dst id="18">1933.8133</dst>
      <dst id="4">80642.9511</dst>
      <dst id="1">6639.9822</dst>
      <dst id="5">3180.0622</dst>
      <dst id="3">3005.6089</dst>
      <dst id="22">47274.2044</dst>
      <dst id="7">1068.4800</dst>
      <dst id="2">89244.4978</dst>
      <dst id="6">2.0444</dst>
      <dst id="16">11744.3378</dst>
      <dst id="14">162.9689</dst>
      <dst id="20">6040.7644</dst>
      <dst id="11">4664.5867</dst>
      <dst id="9">10643.1111</dst>
      <dst id="17">76413.0222</dst>
      <dst id="21">4669.9111</dst>
      <dst id="15">155.3156</dst>
    </src>
    <src id="13">
      <dst id="12">43174.2400</dst>
      <dst id="19">25949.9378</dst>
      <dst id="23">590.8889</dst>
      <dst id="8">2220.4178</dst>
      <dst id="18">3301.9911</dst>
      <dst id="1">4910.8800</dst>
      <dst id="5">4682.5689</dst>
      <dst id="3">5904.3911</dst>
      <dst id="22">20487.1822</dst>
      <dst id="7">9007.4933</dst>
      <dst id="2">97112.4000</dst>
      <dst id="6">59.9733</dst>
      <dst id="16">6729.8133</dst>
      <dst id="14">898.6311</dst>
      <dst id="20">9641.0933</dst>
      <dst id="11">9786.2578</dst>
      <dst id="9">8603.3956</dst>
      <dst id="17">35006.7111</dst>
      <dst id="21">19313.9467</dst>
      <dst id="15">1932.0356</dst>
    </src>
    <src id="19">
      <dst id="12">11765.1111</dst>
      <dst id="13">53.1200</dst>
      <dst id="8">5604.2667</dst>
      <dst id="18">36.2578</dst>
      <dst id="4">18762.6400</dst>
      <dst id="1">374.4356</dst>
      <dst id="5">1.3600</dst>
      <dst id="3">0.8178</dst>
      <dst id="22">182.8178</dst>
      <dst id="7">2650.1867</dst>
      <dst id="2">134.5778</dst>
      <dst id="6">40.0000</dst>
      <dst id="16">5984.6044</dst>
      <dst id="20">1.9467</dst>
      <dst id="11">30.1867</dst>
      <dst id="9">0.3556</dst>
      <dst id="17">167.0311</dst>
      <dst id="21">551.7422</dst>
    </src>
    <src id="23">
      <dst id="12">229.6089</dst>
      <dst id="13">121.5556</dst>
      <dst id="19">1.1911</dst>
      <dst id="8">26.6667</dst>
      <dst id="18">1.0667</dst>
      <dst id="4">117.7956</dst>
      <dst id="1">59.2800</dst>
      <dst id="3">34.2756</dst>
      <dst id="22">150.5333</dst>
      <dst id="7">52.4711</dst>
      <dst id="2">203.2356</dst>
      <dst id="16">3.2889</dst>
      <dst id="11">26.3111</dst>
      <dst id="9">367.9200</dst>
      <dst id="17">52.0178</dst>
      <dst id="21">232.8356</dst>
    </src>
    <src id="8">
      <dst id="12">307824.0533</dst>
      <dst id="13">939.7156</dst>
      <dst id="19">83.5911</dst>
      <dst id="23">0.4622</dst>
      <dst id="18">341.9111</dst>
      <dst id="4">8581.1556</dst>
      <dst id="1">477.7156</dst>
      <dst id="5">1378.3822</dst>
      <dst id="3">13.7956</dst>
      <dst id="22">2218.3200</dst>
      <dst id="7">37.7689</dst>
      <dst id="2">130264.4889</dst>
      <dst id="16">199.4400</dst>
      <dst id="20">123.6889</dst>
      <dst id="11">751.7067</dst>
      <dst id="9">801.6800</dst>
      <dst id="17">115334.6667</dst>
      <dst id="21">136.0800</dst>
      <dst id="15">103.7867</dst>
    </src>
    <src id="18">
      <dst id="12">97878.4356</dst>
      <dst id="13">1257.1111</dst>
      <dst id="19">2.7733</dst>
      <dst id="23">0.3378</dst>
      <dst id="8">3.0756</dst>
      <dst id="4">2211.7333</dst>
      <dst id="1">1212.1422</dst>
      <dst id="5">170.0622</dst>
      <dst id="3">137.9378</dst>
      <dst id="22">262.6222</dst>
      <dst id="7">163.4311</dst>
      <dst id="2">36059.1556</dst>
      <dst id="16">51.4133</dst>
      <dst id="20">3.6533</dst>
      <dst id="11">431.1289</dst>
      <dst id="9">145.9911</dst>
      <dst id="17">36633.7067</dst>
      <dst id="21">497.4044</dst>
      <dst id="15">2.5333</dst>
    </src>
    <src id="4">
      <dst id="12">9119.9556</dst>
      <dst id="19">8341.7956</dst>
      <dst id="23">0.4622</dst>
      <dst id="8">2705.0222</dst>
      <dst id="18">3694.6133</dst>
      <dst id="1">22355.8222</dst>
      <dst id="5">2405.0667</dst>
      <dst id="3">85.8222</dst>
      <dst id="22">3155.6089</dst>
      <dst id="7">125264.2667</dst>
      <dst id="2">51180.1422</dst>
      <dst id="6">0.7733</dst>
      <dst id="16">1117.6178</dst>
      <dst id="14">1216.4178</dst>
      <dst id="20">219.1733</dst>
      <dst id="11">3233.3956</dst>
      <dst id="9">2844.6933</dst>
      <dst id="17">88706.7111</dst>
      <dst id="21">5481.7600</dst>
      <dst id="15">195.5200</dst>
    </src>
    <src id="1">
      <dst id="12">19240.6933</dst>
      <dst id="13">467.3600</dst>
      <dst id="19">0.5956</dst>
      <dst id="23">77.6267</dst>
      <dst id="8">104611.4933</dst>
      <dst id="18">14454.6044</dst>
      <dst id="4">6014.6578</dst>
      <dst id="1">18832.4711</dst>
      <dst id="5">153187.3867</dst>
      <dst id="3">222.5956</dst>
      <dst id="22">1681.7600</dst>
      <dst id="7">1018.2933</dst>
      <dst id="2">4703.8044</dst>
      <dst id="6">10251.3244</dst>
      <dst id="16">10512.9867</dst>
      <dst id="14">77.9111</dst>
      <dst id="20">138.9689</dst>
      <dst id="11">592.2400</dst>
      <dst id="9">171973.9911</dst>
      <dst id="17">4832.6311</dst>
      <dst id="21">2398.9156</dst>
      <dst id="15">898.9244</dst>
    </src>
    <src id="5">
      <dst id="12">269913.5200</dst>
      <dst id="13">903.4222</dst>
      <dst id="23">0.4800</dst>
      <dst id="8">16150.8000</dst>
      <dst id="18">473.6711</dst>
      <dst id="4">7051.4667</dst>
      <dst id="1">208.9244</dst>
      <dst id="3">2.1956</dst>
      <dst id="22">1978.9867</dst>
      <dst id="7">150.2933</dst>
      <dst id="2">109084.0800</dst>
      <dst id="6">56.6044</dst>
      <dst id="16">461.5733</dst>
      <dst id="20">319.9822</dst>
      <dst id="11">2442.7733</dst>
      <dst id="9">1179.7778</dst>
      <dst id="17">99148.8089</dst>
      <dst id="21">531.3067</dst>
      <dst id="15">65.4756</dst>
    </src>
    <src id="3">
      <dst id="12">23469.6089</dst>
      <dst id="13">581.6711</dst>
      <dst id="19">4712.8889</dst>
      <dst id="23">35.0756</dst>
      <dst id="8">30.8711</dst>
      <dst id="18">67616.3556</dst>
      <dst id="4">27656.1156</dst>
      <dst id="1">29338.3111</dst>
      <dst id="5">286.2933</dst>
      <dst id="3">12776.8000</dst>
      <dst id="22">604.0356</dst>
      <dst id="7">477.2533</dst>
      <dst id="2">5230.2400</dst>
      <dst id="6">1.1644</dst>
      <dst id="16">1207.2622</dst>
      <dst id="14">25601.6444</dst>
      <dst id="20">43.3156</dst>
      <dst id="11">125672.7556</dst>
      <dst id="9">83.9556</dst>
      <dst id="17">13105.4844</dst>
      <dst id="21">3452.1511</dst>
      <dst id="15">46.2222</dst>
    </src>
    <src id="10">
      <dst id="12">14678.2844</dst>
      <dst id="19">1709.7867</dst>
      <dst id="8">789.4400</dst>
      <dst id="18">5151.3422</dst>
      <dst id="1">582.8000</dst>
      <dst id="5">429.6000</dst>
      <dst id="3">7075.3689</dst>
      <dst id="22">4836.1600</dst>
      <dst id="7">6438.9067</dst>
      <dst id="2">28059.8222</dst>
      <dst id="6">1.5467</dst>
      <dst id="16">2122.5511</dst>
      <dst id="14">3484.7378</dst>
      <dst id="20">1717.6622</dst>
      <dst id="11">4318.8267</dst>
      <dst id="9">2347.8667</dst>
      <dst id="17">23249.7156</dst>
      <dst id="21">7060.2578</dst>
      <dst id="15">103.4400</dst>
    </src>
    <src id="22">
      <dst id="12">5648.0622</dst>
      <dst id="13">4017.7778</dst>
      <dst id="19">33.2444</dst>
      <dst id="23">1149.7067</dst>
      <dst id="8">905.9200</dst>
      <dst id="18">276.8000</dst>
      <dst id="4">17804.7200</dst>
      <dst id="1">147.5111</dst>
      <dst id="5">2837.3867</dst>
      <dst id="3">116.8711</dst>
      <dst id="7">564.7911</dst>
      <dst id="2">3541.8933</dst>
      <dst id="6">32.8444</dst>
      <dst id="14">0.5333</dst>
      <dst id="11">2134.0889</dst>
      <dst id="9">3535.4222</dst>
      <dst id="17">3618.3200</dst>
      <dst id="21">2347.9467</dst>
    </src>
    <src id="7">
      <dst id="12">5907.1289</dst>
      <dst id="13">5791.7956</dst>
      <dst id="19">21.4400</dst>
      <dst id="23">34.1689</dst>
      <dst id="8">833.0044</dst>
      <dst id="18">261.2089</dst>
      <dst id="4">18805.5022</dst>
      <dst id="1">2928.1067</dst>
      <dst id="5">1637.1556</dst>
      <dst id="3">283.5022</dst>
      <dst id="22">3958.8267</dst>
      <dst id="7">730.9156</dst>
      <dst id="2">5110.1689</dst>
      <dst id="6">12.8000</dst>
      <dst id="16">541.7067</dst>
      <dst id="14">105.5289</dst>
      <dst id="20">225.9822</dst>
      <dst id="11">1103.5022</dst>
      <dst id="9">1427.5467</dst>
      <dst id="17">11350.3556</dst>
      <dst id="21">3415.5111</dst>
      <dst id="15">171.4844</dst>
    </src>
    <src id="2">
      <dst id="12">66492.0000</dst>
      <dst id="13">519589.8044</dst>
      <dst id="19">236.5422</dst>
      <dst id="23">6.8267</dst>
      <dst id="8">4291.6978</dst>
      <dst id="18">59214.3378</dst>
      <dst id="4">95677.7067</dst>
      <dst id="1">14796.7289</dst>
      <dst id="5">1309.7244</dst>
      <dst id="3">22.8978</dst>
      <dst id="22">842.6844</dst>
      <dst id="7">1512.0889</dst>
      <dst id="2">504.0089</dst>
      <dst id="6">7176.2756</dst>
      <dst id="16">2068.5867</dst>
      <dst id="14">5354.6044</dst>
      <dst id="20">422.9333</dst>
      <dst id="11">2720.7911</dst>
      <dst id="9">1617.2000</dst>
      <dst id="17">16041.8667</dst>
      <dst id="21">5464.5956</dst>
      <dst id="15">6785.3867</dst>
    </src>
    <src id="6">
      <dst id="12">8550.7467</dst>
      <dst id="13">2.4000</dst>
      <dst id="19">3.1556</dst>
      <dst id="18">1.0667</dst>
      <dst id="4">1238.6667</dst>
      <dst id="1">1.1733</dst>
      <dst id="5">22.9600</dst>
      <dst id="22">4.3289</dst>
      <dst id="7">0.4978</dst>
      <dst id="2">2073.2800</dst>
      <dst id="16">0.7111</dst>
      <dst id="14">39.7867</dst>
      <dst id="20">0.7556</dst>
      <dst id="11">17.4667</dst>
      <dst id="17">1259.5911</dst>
    </src>
    <src id="16">
      <dst id="12">3145.5022</dst>
      <dst id="13">203.9911</dst>
      <dst id="19">2710.7289</dst>
      <dst id="23">0.8533</dst>
      <dst id="8">1600.9778</dst>
      <dst id="18">3.8578</dst>
      <dst id="4">6958.9511</dst>
      <dst id="1">11430.1511</dst>
      <dst id="5">763.7422</dst>
      <dst id="3">106.6667</dst>
      <dst id="7">2937.1733</dst>
      <dst id="2">773.9467</dst>
      <dst id="6">26.1867</dst>
      <dst id="16">21.5733</dst>
      <dst id="14">334.9067</dst>
      <dst id="11">282.7289</dst>
      <dst id="9">2197.1556</dst>
      <dst id="17">1015.3867</dst>
      <dst id="21">2559.5378</dst>
    </src>
    <src id="14">
      <dst id="12">13176.8622</dst>
      <dst id="13">9.8933</dst>
      <dst id="19">4.4800</dst>
      <dst id="8">0.5600</dst>
      <dst id="18">0.7467</dst>
      <dst id="4">1461.8400</dst>
      <dst id="1">42.2222</dst>
      <dst id="5">0.8444</dst>
      <dst id="3">35.9733</dst>
      <dst id="22">2.2311</dst>
      <dst id="7">119.7156</dst>
      <dst id="2">4515.4844</dst>
      <dst id="16">54.0089</dst>
      <dst id="11">34.7200</dst>
      <dst id="17">3270.4178</dst>
      <dst id="21">101.5556</dst>
      <dst id="15">0.3556</dst>
    </src>
    <src id="20">
      <dst id="12">5726.3111</dst>
      <dst id="13">7330.8978</dst>
      <dst id="19">107.1289</dst>
      <dst id="8">155.5644</dst>
      <dst id="18">1.5200</dst>
      <dst id="4">9861.4756</dst>
      <dst id="1">38.8000</dst>
      <dst id="5">293.4578</dst>
      <dst id="3">313.4667</dst>
      <dst id="7">144.4711</dst>
      <dst id="2">3573.1111</dst>
      <dst id="6">25.6000</dst>
      <dst id="11">1486.1867</dst>
      <dst id="9">13334.4711</dst>
      <dst id="17">376.7822</dst>
      <dst id="21">204.0000</dst>
    </src>
    <src id="11">
      <dst id="12">394266.2222</dst>
      <dst id="13">2750.8533</dst>
      <dst id="19">11.5822</dst>
      <dst id="23">1.6800</dst>
      <dst id="8">291.4222</dst>
      <dst id="18">81.8489</dst>
      <dst id="4">12407.9556</dst>
      <dst id="1">402.7911</dst>
      <dst id="5">1178.1067</dst>
      <dst id="3">409.9289</dst>
      <dst id="22">1235.2800</dst>
      <dst id="7">180.6933</dst>
      <dst id="2">143693.6622</dst>
      <dst id="6">78.5333</dst>
      <dst id="16">364.5867</dst>
      <dst id="14">12.2133</dst>
      <dst id="20">491.5289</dst>
      <dst id="11">904.6844</dst>
      <dst id="9">2662.9867</dst>
      <dst id="17">157986.4622</dst>
      <dst id="21">2034.4978</dst>
      <dst id="15">72.4889</dst>
    </src>
    <src id="9">
      <dst id="12">365885.1911</dst>
      <dst id="13">9352.2933</dst>
      <dst id="19">0.4267</dst>
      <dst id="23">17.8667</dst>
      <dst id="8">2396.6400</dst>
      <dst id="18">1228.9067</dst>
      <dst id="4">12721.3867</dst>
      <dst id="1">738.1956</dst>
      <dst id="5">1026.1244</dst>
      <dst id="3">2.2489</dst>
      <dst id="22">8205.4044</dst>
      <dst id="7">855.3956</dst>
      <dst id="2">132209.2444</dst>
      <dst id="6">0.6844</dst>
      <dst id="16">645.0133</dst>
      <dst id="14">0.6311</dst>
      <dst id="20">1923.4844</dst>
      <dst id="11">1009.9111</dst>
      <dst id="9">104.1867</dst>
      <dst id="17">164673.8044</dst>
      <dst id="21">1759.0756</dst>
      <dst id="15">362.8978</dst>
    </src>
    <src id="17">
      <dst id="12">5316.0356</dst>
      <dst id="13">2064.8622</dst>
      <dst id="19">240.9422</dst>
      <dst id="23">4.2756</dst>
      <dst id="8">122002.7911</dst>
      <dst id="18">77.3067</dst>
      <dst id="4">168443.6356</dst>
      <dst id="1">1971.1556</dst>
      <dst id="5">145618.2489</dst>
      <dst id="3">7314.8178</dst>
      <dst id="22">5334.1422</dst>
      <dst id="7">3147.0933</dst>
      <dst id="2">24045.3156</dst>
      <dst id="6">73.1644</dst>
      <dst id="16">6934.0800</dst>
      <dst id="14">18241.4133</dst>
      <dst id="20">160.9778</dst>
      <dst id="11">97979.3333</dst>
      <dst id="9">140393.3956</dst>
      <dst id="17">1176.7467</dst>
      <dst id="21">10753.0222</dst>
      <dst id="15">19.3511</dst>
    </src>
    <src id="21">
      <dst id="12">22337.5556</dst>
      <dst id="13">513.8578</dst>
      <dst id="19">93.2444</dst>
      <dst id="23">52.2489</dst>
      <dst id="8">304.8444</dst>
      <dst id="18">7703.8311</dst>
      <dst id="4">20637.1467</dst>
      <dst id="1">896.5156</dst>
      <dst id="5">227.7511</dst>
      <dst id="3">652.8711</dst>
      <dst id="22">1775.1022</dst>
      <dst id="7">4021.5200</dst>
      <dst id="2">8073.3067</dst>
      <dst id="16">412.3556</dst>
      <dst id="14">70.1778</dst>
      <dst id="20">190.5067</dst>
      <dst id="11">549.3067</dst>
      <dst id="9">690.4000</dst>
      <dst id="17">3815.1911</dst>
      <dst id="21">1531.3244</dst>
      <dst id="15">18.4089</dst>
    </src>
    <src id="15">
      <dst id="12">177.6978</dst>
      <dst id="13">355.6089</dst>
      <dst id="8">210.6933</dst>
      <dst id="18">30.1600</dst>
      <dst id="4">3262.5956</dst>
      <dst id="1">851.7511</dst>
      <dst id="5">346.9333</dst>
      <dst id="3">8.5333</dst>
      <dst id="7">105.0489</dst>
      <dst id="2">435.1822</dst>
      <dst id="14">0.7111</dst>
      <dst id="11">19.7244</dst>
      <dst id="9">1051.8667</dst>
      <dst id="17">847.2089</dst>
      <dst id="21">43.3333</dst>
    </src>
  </IntraTM>
</TrafficMatrixFile>
