<?xml version="1.0" encoding="UTF-8" standalone="yes"?>
<TrafficMatrixFile xmlns:xsi="http://www.w3.org/2001/XMLSchema-instance" xsi:noNamespaceSchemaLocation="http://totem.run.montefiore.ulg.ac.be/Schema/TrafficMatrix-v1_2.xsd">
  <info>
    <title>Intradomain traffic matrix generated by geant-TM-all.pl</title>
    <date>2005-01-02T00:45:00</date>
    <duration>900</duration>
    <author>Steve Uhlig</author>
    <units>
        <unit type="bandwidth" value="kbps"/>
    </units>
  </info>
  <IntraTM ASID="20965">
    <src id="12">
      <dst id="12">340455.5022</dst>
      <dst id="13">33061.8756</dst>
      <dst id="19">5240.7378</dst>
      <dst id="23">1773.5111</dst>
      <dst id="8">2218.2489</dst>
      <dst id="18">2563.4222</dst>
      <dst id="4">87158.1244</dst>
      <dst id="1">7996.1422</dst>
      <dst id="5">4510.2222</dst>
      <dst id="3">11571.3156</dst>
      <dst id="22">31275.2444</dst>
      <dst id="7">3475.4311</dst>
      <dst id="2">107145.2533</dst>
      <dst id="6">877.9022</dst>
      <dst id="16">6444.1067</dst>
      <dst id="14">1341.0756</dst>
      <dst id="20">10619.5200</dst>
      <dst id="11">7029.2800</dst>
      <dst id="9">16601.4489</dst>
      <dst id="17">96443.0489</dst>
      <dst id="21">21400.4800</dst>
      <dst id="15">5315.6978</dst>
    </src>
    <src id="13">
      <dst id="12">67356.1067</dst>
      <dst id="19">30083.9644</dst>
      <dst id="23">1028.6578</dst>
      <dst id="8">14796.0356</dst>
      <dst id="18">11079.2711</dst>
      <dst id="1">13203.9467</dst>
      <dst id="5">16841.3333</dst>
      <dst id="3">29208.1244</dst>
      <dst id="22">34161.2978</dst>
      <dst id="7">13643.3778</dst>
      <dst id="2">147148.4089</dst>
      <dst id="6">324.5156</dst>
      <dst id="16">7893.1378</dst>
      <dst id="14">2783.3333</dst>
      <dst id="20">30686.7111</dst>
      <dst id="11">23227.5022</dst>
      <dst id="9">17364.2133</dst>
      <dst id="17">62641.1289</dst>
      <dst id="21">30721.0844</dst>
      <dst id="15">6614.0889</dst>
    </src>
    <src id="19">
      <dst id="12">17145.8311</dst>
      <dst id="13">6447.5200</dst>
      <dst id="23">126.7822</dst>
      <dst id="8">19.1200</dst>
      <dst id="18">173.5556</dst>
      <dst id="4">19928.3644</dst>
      <dst id="1">307.1378</dst>
      <dst id="5">142.0533</dst>
      <dst id="3">5789.4844</dst>
      <dst id="22">3115.9644</dst>
      <dst id="7">11226.6667</dst>
      <dst id="2">1590.0978</dst>
      <dst id="6">182.9778</dst>
      <dst id="16">6314.0356</dst>
      <dst id="14">40.8000</dst>
      <dst id="20">544.8533</dst>
      <dst id="11">564.2044</dst>
      <dst id="9">4813.4844</dst>
      <dst id="17">5502.1244</dst>
      <dst id="21">1107.4844</dst>
      <dst id="15">4.1778</dst>
    </src>
    <src id="23">
      <dst id="12">451.8489</dst>
      <dst id="13">2141.5556</dst>
      <dst id="19">32.4356</dst>
      <dst id="8">12.6222</dst>
      <dst id="18">214.9156</dst>
      <dst id="4">121.0400</dst>
      <dst id="1">70.0978</dst>
      <dst id="5">28.7111</dst>
      <dst id="3">1465.5467</dst>
      <dst id="22">441.3600</dst>
      <dst id="7">90.9333</dst>
      <dst id="2">144.2400</dst>
      <dst id="6">0.3556</dst>
      <dst id="16">30.3289</dst>
      <dst id="20">80.0178</dst>
      <dst id="11">138.9867</dst>
      <dst id="9">274.0622</dst>
      <dst id="17">592.3733</dst>
      <dst id="21">951.2000</dst>
      <dst id="15">107.0222</dst>
    </src>
    <src id="8">
      <dst id="12">392317.1556</dst>
      <dst id="13">406.9422</dst>
      <dst id="19">89.0044</dst>
      <dst id="23">25.2444</dst>
      <dst id="18">1059.6533</dst>
      <dst id="4">9724.9067</dst>
      <dst id="1">36.1778</dst>
      <dst id="5">5630.2400</dst>
      <dst id="3">2892.2044</dst>
      <dst id="22">2724.8711</dst>
      <dst id="7">27.9200</dst>
      <dst id="2">153079.8044</dst>
      <dst id="6">151.4489</dst>
      <dst id="16">586.0533</dst>
      <dst id="14">13.4311</dst>
      <dst id="20">256.5156</dst>
      <dst id="11">654.6578</dst>
      <dst id="9">2256.5422</dst>
      <dst id="17">100403.1378</dst>
      <dst id="21">2567.7867</dst>
      <dst id="15">1005.5644</dst>
    </src>
    <src id="18">
      <dst id="12">147622.6933</dst>
      <dst id="13">573.4489</dst>
      <dst id="19">632.6400</dst>
      <dst id="23">7.7956</dst>
      <dst id="8">127.2089</dst>
      <dst id="4">2872.9867</dst>
      <dst id="1">963.4756</dst>
      <dst id="5">711.8844</dst>
      <dst id="3">443.3778</dst>
      <dst id="22">496.1600</dst>
      <dst id="7">161.6356</dst>
      <dst id="2">43160.3556</dst>
      <dst id="16">46.2578</dst>
      <dst id="14">14.0444</dst>
      <dst id="20">144.0444</dst>
      <dst id="11">157.6978</dst>
      <dst id="9">271.5733</dst>
      <dst id="17">34646.6667</dst>
      <dst id="21">1611.9644</dst>
      <dst id="15">257.8933</dst>
    </src>
    <src id="4">
      <dst id="12">20075.9911</dst>
      <dst id="19">11202.7467</dst>
      <dst id="23">0.4622</dst>
      <dst id="8">3917.4489</dst>
      <dst id="18">2254.9067</dst>
      <dst id="4">0.9956</dst>
      <dst id="1">2150.9244</dst>
      <dst id="5">3060.8889</dst>
      <dst id="3">63884.8711</dst>
      <dst id="22">5223.0933</dst>
      <dst id="7">42076.3022</dst>
      <dst id="2">56458.0622</dst>
      <dst id="6">0.4089</dst>
      <dst id="16">2917.0222</dst>
      <dst id="14">3387.6178</dst>
      <dst id="20">2161.8133</dst>
      <dst id="11">16014.2222</dst>
      <dst id="9">6442.7911</dst>
      <dst id="17">92155.8400</dst>
      <dst id="21">25179.3867</dst>
      <dst id="15">323.3600</dst>
    </src>
    <src id="1">
      <dst id="12">19799.0933</dst>
      <dst id="13">1965.8756</dst>
      <dst id="19">195.1822</dst>
      <dst id="23">177.0311</dst>
      <dst id="8">202294.5867</dst>
      <dst id="18">16518.1156</dst>
      <dst id="4">17812.6044</dst>
      <dst id="1">77.6622</dst>
      <dst id="5">305558.9244</dst>
      <dst id="3">84296.2133</dst>
      <dst id="22">9119.1556</dst>
      <dst id="7">27053.1911</dst>
      <dst id="2">15801.1644</dst>
      <dst id="6">11401.4933</dst>
      <dst id="16">11329.6622</dst>
      <dst id="14">2525.0844</dst>
      <dst id="20">651.6178</dst>
      <dst id="11">779.6000</dst>
      <dst id="9">334067.7867</dst>
      <dst id="17">4003.7244</dst>
      <dst id="21">3834.1333</dst>
      <dst id="15">686.2489</dst>
    </src>
    <src id="5">
      <dst id="12">409170.1956</dst>
      <dst id="13">6460.5511</dst>
      <dst id="19">201.1289</dst>
      <dst id="23">96.6756</dst>
      <dst id="8">22499.2444</dst>
      <dst id="18">181.4400</dst>
      <dst id="4">8376.7289</dst>
      <dst id="1">284.3289</dst>
      <dst id="3">1085.7244</dst>
      <dst id="22">5861.8667</dst>
      <dst id="7">227.9911</dst>
      <dst id="2">162416.2844</dst>
      <dst id="16">847.5733</dst>
      <dst id="14">36.5511</dst>
      <dst id="20">6235.3156</dst>
      <dst id="11">2560.6933</dst>
      <dst id="9">11325.1289</dst>
      <dst id="17">84788.1067</dst>
      <dst id="21">1151.3156</dst>
      <dst id="15">879.4222</dst>
    </src>
    <src id="3">
      <dst id="12">17062.5867</dst>
      <dst id="13">1685.5378</dst>
      <dst id="19">4690.0356</dst>
      <dst id="23">179.6978</dst>
      <dst id="8">339.0222</dst>
      <dst id="18">218442.0089</dst>
      <dst id="4">33764.1333</dst>
      <dst id="1">6680.2844</dst>
      <dst id="5">1197.0400</dst>
      <dst id="3">23467.0578</dst>
      <dst id="22">3800.0978</dst>
      <dst id="7">2228.4622</dst>
      <dst id="2">7068.8089</dst>
      <dst id="6">23.8044</dst>
      <dst id="16">2286.0444</dst>
      <dst id="14">60116.6489</dst>
      <dst id="20">442.7378</dst>
      <dst id="11">226211.1911</dst>
      <dst id="9">511.4844</dst>
      <dst id="17">23746.1511</dst>
      <dst id="21">10866.3733</dst>
      <dst id="15">44.0711</dst>
    </src>
    <src id="10">
      <dst id="12">19455.8311</dst>
      <dst id="19">2750.0889</dst>
      <dst id="23">2.5600</dst>
      <dst id="8">8276.4444</dst>
      <dst id="18">6645.1378</dst>
      <dst id="1">5572.6489</dst>
      <dst id="5">1349.7156</dst>
      <dst id="3">25521.0578</dst>
      <dst id="22">15046.5867</dst>
      <dst id="7">6669.1822</dst>
      <dst id="2">56294.1156</dst>
      <dst id="6">41.5733</dst>
      <dst id="16">1184.5689</dst>
      <dst id="14">943.7156</dst>
      <dst id="20">7527.2800</dst>
      <dst id="11">9023.6533</dst>
      <dst id="9">5093.9556</dst>
      <dst id="17">14232.7289</dst>
      <dst id="21">23512.6400</dst>
      <dst id="15">2037.5022</dst>
    </src>
    <src id="22">
      <dst id="12">22273.2267</dst>
      <dst id="13">5282.0889</dst>
      <dst id="19">164.8622</dst>
      <dst id="23">842.5956</dst>
      <dst id="8">2264.5689</dst>
      <dst id="18">793.6622</dst>
      <dst id="4">27331.9644</dst>
      <dst id="1">362.4267</dst>
      <dst id="5">4179.9022</dst>
      <dst id="3">3479.0044</dst>
      <dst id="7">993.0933</dst>
      <dst id="2">4399.5733</dst>
      <dst id="6">111.0222</dst>
      <dst id="16">5.9111</dst>
      <dst id="14">111.2622</dst>
      <dst id="11">4960.9778</dst>
      <dst id="9">2172.4000</dst>
      <dst id="17">7006.7022</dst>
      <dst id="21">2417.7244</dst>
    </src>
    <src id="7">
      <dst id="12">10269.6444</dst>
      <dst id="13">5473.2533</dst>
      <dst id="19">612.0889</dst>
      <dst id="23">844.7111</dst>
      <dst id="8">943.2089</dst>
      <dst id="18">4718.8000</dst>
      <dst id="4">59636.3911</dst>
      <dst id="1">17546.4444</dst>
      <dst id="5">1136.5333</dst>
      <dst id="3">11521.6000</dst>
      <dst id="22">15803.4222</dst>
      <dst id="7">755.5911</dst>
      <dst id="2">26057.0311</dst>
      <dst id="6">15.0933</dst>
      <dst id="16">1236.5156</dst>
      <dst id="14">210.0622</dst>
      <dst id="20">768.6311</dst>
      <dst id="11">2385.6267</dst>
      <dst id="9">2166.9689</dst>
      <dst id="17">5208.5156</dst>
      <dst id="21">8278.7289</dst>
      <dst id="15">284.0800</dst>
    </src>
    <src id="2">
      <dst id="12">137896.8978</dst>
      <dst id="13">8610.3822</dst>
      <dst id="19">4840.0533</dst>
      <dst id="23">50.8444</dst>
      <dst id="8">710.1689</dst>
      <dst id="18">181132.5422</dst>
      <dst id="4">116200.6400</dst>
      <dst id="1">2679.7156</dst>
      <dst id="5">2146.8533</dst>
      <dst id="3">10333.1111</dst>
      <dst id="22">7766.9511</dst>
      <dst id="7">7001.8578</dst>
      <dst id="2">1646.1778</dst>
      <dst id="6">6783.0756</dst>
      <dst id="16">2817.5733</dst>
      <dst id="14">239.0844</dst>
      <dst id="20">1170.2489</dst>
      <dst id="11">9954.0800</dst>
      <dst id="9">10679.3956</dst>
      <dst id="17">34995.7778</dst>
      <dst id="21">19566.2667</dst>
      <dst id="15">168.0533</dst>
    </src>
    <src id="6">
      <dst id="12">12569.2978</dst>
      <dst id="13">5.1111</dst>
      <dst id="19">2.6400</dst>
      <dst id="8">3.6622</dst>
      <dst id="18">36.7111</dst>
      <dst id="4">79.5822</dst>
      <dst id="1">47.2889</dst>
      <dst id="5">0.7111</dst>
      <dst id="3">95.8400</dst>
      <dst id="22">12.6667</dst>
      <dst id="7">14.3644</dst>
      <dst id="2">2779.6711</dst>
      <dst id="9">14.0889</dst>
      <dst id="17">1324.3644</dst>
      <dst id="21">258.9689</dst>
    </src>
    <src id="16">
      <dst id="12">4275.0044</dst>
      <dst id="13">711.2089</dst>
      <dst id="19">5183.9200</dst>
      <dst id="23">14.9244</dst>
      <dst id="8">5962.9333</dst>
      <dst id="18">14.8711</dst>
      <dst id="4">5744.4178</dst>
      <dst id="1">16876.4711</dst>
      <dst id="5">6758.6400</dst>
      <dst id="3">1700.9778</dst>
      <dst id="7">1496.1333</dst>
      <dst id="2">1486.9244</dst>
      <dst id="16">59.4844</dst>
      <dst id="14">423.7600</dst>
      <dst id="11">1688.5689</dst>
      <dst id="9">13362.7289</dst>
      <dst id="17">2338.3467</dst>
      <dst id="21">755.1733</dst>
    </src>
    <src id="14">
      <dst id="12">28282.4000</dst>
      <dst id="13">33.4489</dst>
      <dst id="19">6.1867</dst>
      <dst id="23">1.9556</dst>
      <dst id="8">0.3556</dst>
      <dst id="18">40.9244</dst>
      <dst id="4">3489.9556</dst>
      <dst id="1">167.9556</dst>
      <dst id="5">64.2133</dst>
      <dst id="3">189.6622</dst>
      <dst id="22">56.6489</dst>
      <dst id="7">107.1467</dst>
      <dst id="2">10331.2533</dst>
      <dst id="16">7.9467</dst>
      <dst id="20">6.8800</dst>
      <dst id="11">114.0267</dst>
      <dst id="9">37.5733</dst>
      <dst id="17">6225.1556</dst>
      <dst id="21">270.4622</dst>
      <dst id="15">13.3333</dst>
    </src>
    <src id="20">
      <dst id="12">17337.3778</dst>
      <dst id="13">4665.4756</dst>
      <dst id="19">1077.0844</dst>
      <dst id="23">15.5733</dst>
      <dst id="8">2857.1556</dst>
      <dst id="18">369.3067</dst>
      <dst id="4">15221.7422</dst>
      <dst id="1">197.7689</dst>
      <dst id="5">6179.3689</dst>
      <dst id="3">2163.8933</dst>
      <dst id="22">2.7733</dst>
      <dst id="7">6434.9156</dst>
      <dst id="2">4341.1911</dst>
      <dst id="6">0.4622</dst>
      <dst id="14">79.9556</dst>
      <dst id="11">851.5644</dst>
      <dst id="9">7423.1822</dst>
      <dst id="17">4014.2667</dst>
      <dst id="21">439.0400</dst>
    </src>
    <src id="11">
      <dst id="12">465400.9778</dst>
      <dst id="13">1044.0089</dst>
      <dst id="19">722.8800</dst>
      <dst id="23">486.7378</dst>
      <dst id="8">1868.3911</dst>
      <dst id="18">500.5511</dst>
      <dst id="4">16317.0489</dst>
      <dst id="1">750.0889</dst>
      <dst id="5">3717.2267</dst>
      <dst id="3">1702.6133</dst>
      <dst id="22">5702.3911</dst>
      <dst id="7">511.2889</dst>
      <dst id="2">173413.7511</dst>
      <dst id="6">0.8267</dst>
      <dst id="16">689.2178</dst>
      <dst id="14">93.3778</dst>
      <dst id="20">820.0622</dst>
      <dst id="11">3238.2222</dst>
      <dst id="9">2160.7111</dst>
      <dst id="17">104744.7556</dst>
      <dst id="21">3330.0089</dst>
      <dst id="15">1496.0533</dst>
    </src>
    <src id="9">
      <dst id="12">573779.6356</dst>
      <dst id="13">15805.8311</dst>
      <dst id="19">150.0800</dst>
      <dst id="23">29.5467</dst>
      <dst id="8">1415.2800</dst>
      <dst id="18">2208.8178</dst>
      <dst id="4">13707.2267</dst>
      <dst id="1">11214.4356</dst>
      <dst id="5">1384.2400</dst>
      <dst id="3">792.8444</dst>
      <dst id="22">4445.6889</dst>
      <dst id="7">210.5422</dst>
      <dst id="2">190584.5333</dst>
      <dst id="6">1.6356</dst>
      <dst id="16">923.7956</dst>
      <dst id="14">42.3378</dst>
      <dst id="20">7832.6756</dst>
      <dst id="11">2584.7200</dst>
      <dst id="9">1937.3511</dst>
      <dst id="17">129138.5956</dst>
      <dst id="21">1020.9511</dst>
      <dst id="15">1123.2800</dst>
    </src>
    <src id="17">
      <dst id="12">23958.7644</dst>
      <dst id="13">8997.7689</dst>
      <dst id="19">520.4444</dst>
      <dst id="23">512.4711</dst>
      <dst id="8">217829.7867</dst>
      <dst id="18">1093.2356</dst>
      <dst id="4">51924.0178</dst>
      <dst id="1">11993.4667</dst>
      <dst id="5">290052.3911</dst>
      <dst id="3">26224.3556</dst>
      <dst id="22">15689.9289</dst>
      <dst id="7">12993.5733</dst>
      <dst id="2">23258.8444</dst>
      <dst id="6">70.9956</dst>
      <dst id="16">14669.2800</dst>
      <dst id="14">46062.8978</dst>
      <dst id="20">14372.1956</dst>
      <dst id="11">172794.8267</dst>
      <dst id="9">388571.6622</dst>
      <dst id="17">1753.5644</dst>
      <dst id="21">27518.8000</dst>
      <dst id="15">148.0533</dst>
    </src>
    <src id="21">
      <dst id="12">23902.1778</dst>
      <dst id="13">1808.6667</dst>
      <dst id="19">1054.9600</dst>
      <dst id="23">97.8844</dst>
      <dst id="8">229.6000</dst>
      <dst id="18">5501.7067</dst>
      <dst id="4">45503.9111</dst>
      <dst id="1">1085.9289</dst>
      <dst id="5">795.0933</dst>
      <dst id="3">8472.2844</dst>
      <dst id="22">2394.2222</dst>
      <dst id="7">3526.6933</dst>
      <dst id="2">12872.4356</dst>
      <dst id="6">35.2711</dst>
      <dst id="16">452.6844</dst>
      <dst id="14">385.0933</dst>
      <dst id="20">935.9644</dst>
      <dst id="11">1555.1378</dst>
      <dst id="9">506.3111</dst>
      <dst id="17">5890.7467</dst>
      <dst id="21">4046.6222</dst>
      <dst id="15">849.9378</dst>
    </src>
    <src id="15">
      <dst id="12">1662.6311</dst>
      <dst id="13">2607.1378</dst>
      <dst id="19">70.0533</dst>
      <dst id="23">17.1022</dst>
      <dst id="8">186.5956</dst>
      <dst id="18">130.6133</dst>
      <dst id="4">7740.7733</dst>
      <dst id="1">100.7822</dst>
      <dst id="5">437.5822</dst>
      <dst id="3">736.6933</dst>
      <dst id="7">112.3467</dst>
      <dst id="2">914.0444</dst>
      <dst id="14">1.2089</dst>
      <dst id="11">1855.4667</dst>
      <dst id="9">3970.6578</dst>
      <dst id="17">207.0667</dst>
      <dst id="21">1675.8578</dst>
    </src>
  </IntraTM>
</TrafficMatrixFile>
