<?xml version="1.0" encoding="UTF-8" standalone="yes"?>
<TrafficMatrixFile xmlns:xsi="http://www.w3.org/2001/XMLSchema-instance" xsi:noNamespaceSchemaLocation="http://totem.run.montefiore.ulg.ac.be/Schema/TrafficMatrix-v1_2.xsd">
  <info>
    <title>Intradomain traffic matrix generated by geant-TM-all.pl</title>
    <date>2005-01-04T13:45:00</date>
    <duration>900</duration>
    <author>Steve Uhlig</author>
    <units>
        <unit type="bandwidth" value="kbps"/>
    </units>
  </info>
  <IntraTM ASID="20965">
    <src id="12">
      <dst id="12">167945.8933</dst>
      <dst id="13">13363.8044</dst>
      <dst id="19">2265.0578</dst>
      <dst id="23">19.5022</dst>
      <dst id="8">878.7733</dst>
      <dst id="18">843.7956</dst>
      <dst id="4">64112.1689</dst>
      <dst id="1">6908.6044</dst>
      <dst id="5">1147.0222</dst>
      <dst id="3">3380.6933</dst>
      <dst id="22">2759.4222</dst>
      <dst id="7">3587.6356</dst>
      <dst id="2">62594.2489</dst>
      <dst id="6">6.6311</dst>
      <dst id="16">4359.5467</dst>
      <dst id="14">267.6711</dst>
      <dst id="20">3433.2089</dst>
      <dst id="11">3999.8489</dst>
      <dst id="9">2537.2178</dst>
      <dst id="17">53621.6622</dst>
      <dst id="21">4472.9600</dst>
      <dst id="15">814.5067</dst>
    </src>
    <src id="13">
      <dst id="12">29522.6311</dst>
      <dst id="19">5378.1156</dst>
      <dst id="23">2.8978</dst>
      <dst id="8">1640.1867</dst>
      <dst id="18">2834.4622</dst>
      <dst id="1">1154.9244</dst>
      <dst id="5">3264.8622</dst>
      <dst id="3">6024.3556</dst>
      <dst id="22">12666.6400</dst>
      <dst id="7">6095.2889</dst>
      <dst id="2">77506.5689</dst>
      <dst id="6">135.0311</dst>
      <dst id="16">9595.2711</dst>
      <dst id="14">4981.3156</dst>
      <dst id="20">4879.0311</dst>
      <dst id="11">3772.4533</dst>
      <dst id="9">9027.1733</dst>
      <dst id="17">35443.2711</dst>
      <dst id="21">10783.2800</dst>
      <dst id="15">605.6444</dst>
    </src>
    <src id="19">
      <dst id="12">15715.3156</dst>
      <dst id="13">216.0089</dst>
      <dst id="8">0.8356</dst>
      <dst id="18">1555.3956</dst>
      <dst id="4">24064.7378</dst>
      <dst id="1">588.3378</dst>
      <dst id="5">196.8711</dst>
      <dst id="3">0.7111</dst>
      <dst id="22">76.5244</dst>
      <dst id="7">20285.0578</dst>
      <dst id="2">12.7378</dst>
      <dst id="6">26.9956</dst>
      <dst id="16">9497.8933</dst>
      <dst id="14">0.7289</dst>
      <dst id="20">25.7867</dst>
      <dst id="11">5.2444</dst>
      <dst id="9">5765.3244</dst>
      <dst id="17">7477.2622</dst>
      <dst id="21">146.8800</dst>
      <dst id="15">1.1200</dst>
    </src>
    <src id="23">
      <dst id="12">310.2667</dst>
      <dst id="13">32.6489</dst>
      <dst id="19">0.3378</dst>
      <dst id="8">12.6222</dst>
      <dst id="18">31.9111</dst>
      <dst id="4">35.6089</dst>
      <dst id="1">67.8222</dst>
      <dst id="3">220.3822</dst>
      <dst id="22">28.6489</dst>
      <dst id="7">46.9422</dst>
      <dst id="2">17.5200</dst>
      <dst id="16">3.8578</dst>
      <dst id="20">13.3333</dst>
      <dst id="11">25.2444</dst>
      <dst id="9">624.6578</dst>
      <dst id="17">96.1778</dst>
      <dst id="21">33.9200</dst>
    </src>
    <src id="8">
      <dst id="12">248436.5600</dst>
      <dst id="13">429.0756</dst>
      <dst id="18">0.6222</dst>
      <dst id="4">5265.1556</dst>
      <dst id="1">16289.9822</dst>
      <dst id="5">587.3333</dst>
      <dst id="3">37.8667</dst>
      <dst id="22">320.0089</dst>
      <dst id="7">780.3911</dst>
      <dst id="2">86458.9956</dst>
      <dst id="16">20.4533</dst>
      <dst id="14">13.3333</dst>
      <dst id="20">9.8133</dst>
      <dst id="11">295.0133</dst>
      <dst id="9">477.8756</dst>
      <dst id="17">92152.7022</dst>
      <dst id="21">303.4311</dst>
      <dst id="15">67.4133</dst>
    </src>
    <src id="18">
      <dst id="12">94687.3244</dst>
      <dst id="13">102.0356</dst>
      <dst id="19">39.7867</dst>
      <dst id="23">14.0711</dst>
      <dst id="8">35.9556</dst>
      <dst id="4">2014.1511</dst>
      <dst id="1">1010.6667</dst>
      <dst id="5">124.3822</dst>
      <dst id="3">2.4622</dst>
      <dst id="22">110.1867</dst>
      <dst id="7">84.8978</dst>
      <dst id="2">24805.0756</dst>
      <dst id="16">22.2489</dst>
      <dst id="20">5.0489</dst>
      <dst id="11">156.8978</dst>
      <dst id="9">375.9378</dst>
      <dst id="17">33849.2889</dst>
      <dst id="21">184.1600</dst>
      <dst id="15">0.9156</dst>
    </src>
    <src id="4">
      <dst id="12">8594.0000</dst>
      <dst id="19">15488.9156</dst>
      <dst id="23">1.4222</dst>
      <dst id="8">3155.3778</dst>
      <dst id="18">1862.2489</dst>
      <dst id="4">1.1378</dst>
      <dst id="1">8796.6844</dst>
      <dst id="5">1174.5244</dst>
      <dst id="3">799.4311</dst>
      <dst id="22">1735.3511</dst>
      <dst id="7">129374.2133</dst>
      <dst id="2">67619.6889</dst>
      <dst id="6">0.7111</dst>
      <dst id="16">822.6667</dst>
      <dst id="14">791.4667</dst>
      <dst id="20">112.6933</dst>
      <dst id="11">2336.0089</dst>
      <dst id="9">1923.9556</dst>
      <dst id="17">14674.1511</dst>
      <dst id="21">2057.9822</dst>
      <dst id="15">153.1822</dst>
    </src>
    <src id="1">
      <dst id="12">16137.0311</dst>
      <dst id="13">246.3644</dst>
      <dst id="19">204.2756</dst>
      <dst id="23">27.2889</dst>
      <dst id="8">56173.4667</dst>
      <dst id="18">10822.3556</dst>
      <dst id="4">9641.4222</dst>
      <dst id="1">62099.7511</dst>
      <dst id="5">112625.0044</dst>
      <dst id="3">115.6800</dst>
      <dst id="22">740.2578</dst>
      <dst id="7">1031.5556</dst>
      <dst id="2">1453.2178</dst>
      <dst id="6">3997.2178</dst>
      <dst id="16">14972.3644</dst>
      <dst id="14">106.0267</dst>
      <dst id="20">41.2000</dst>
      <dst id="11">199.2356</dst>
      <dst id="9">110103.2089</dst>
      <dst id="17">4195.1111</dst>
      <dst id="21">1971.9733</dst>
      <dst id="15">181.5111</dst>
    </src>
    <src id="5">
      <dst id="12">213949.1556</dst>
      <dst id="13">828.0711</dst>
      <dst id="19">4.8711</dst>
      <dst id="8">47.6444</dst>
      <dst id="18">638.5511</dst>
      <dst id="4">10438.1511</dst>
      <dst id="1">312.4356</dst>
      <dst id="3">2.0622</dst>
      <dst id="22">3068.2667</dst>
      <dst id="7">488.6133</dst>
      <dst id="2">75730.7289</dst>
      <dst id="6">50.4889</dst>
      <dst id="16">420.0356</dst>
      <dst id="14">25.5911</dst>
      <dst id="20">259.4933</dst>
      <dst id="11">402.7556</dst>
      <dst id="9">7325.3067</dst>
      <dst id="17">89210.1422</dst>
      <dst id="21">214.8622</dst>
      <dst id="15">133.2889</dst>
    </src>
    <src id="3">
      <dst id="12">6920.9689</dst>
      <dst id="13">352.2044</dst>
      <dst id="19">372.3644</dst>
      <dst id="23">9667.3778</dst>
      <dst id="8">8.4800</dst>
      <dst id="18">47531.5644</dst>
      <dst id="4">33293.8133</dst>
      <dst id="1">2796.0178</dst>
      <dst id="5">189.5911</dst>
      <dst id="3">6875.5822</dst>
      <dst id="22">905.9111</dst>
      <dst id="7">1514.3289</dst>
      <dst id="2">3917.2978</dst>
      <dst id="16">2198.6489</dst>
      <dst id="14">16701.1378</dst>
      <dst id="20">36.5156</dst>
      <dst id="11">75851.3333</dst>
      <dst id="9">151.0844</dst>
      <dst id="17">4997.1911</dst>
      <dst id="21">4120.9067</dst>
      <dst id="15">43.6711</dst>
    </src>
    <src id="10">
      <dst id="12">9404.2756</dst>
      <dst id="19">7816.6133</dst>
      <dst id="8">226.5778</dst>
      <dst id="18">12577.3689</dst>
      <dst id="1">3783.6000</dst>
      <dst id="5">422.5333</dst>
      <dst id="3">6346.7822</dst>
      <dst id="22">7508.8800</dst>
      <dst id="7">53794.4356</dst>
      <dst id="2">20955.3244</dst>
      <dst id="6">0.3556</dst>
      <dst id="16">1046.6044</dst>
      <dst id="14">571.4756</dst>
      <dst id="20">4786.1156</dst>
      <dst id="11">5911.4933</dst>
      <dst id="9">4211.9733</dst>
      <dst id="17">20615.0222</dst>
      <dst id="21">21766.7733</dst>
      <dst id="15">52.0444</dst>
    </src>
    <src id="22">
      <dst id="12">2025.1556</dst>
      <dst id="13">3525.9467</dst>
      <dst id="19">162.4800</dst>
      <dst id="23">10.4267</dst>
      <dst id="8">450.6400</dst>
      <dst id="18">215.6178</dst>
      <dst id="4">15790.0444</dst>
      <dst id="1">84.0000</dst>
      <dst id="5">1589.5733</dst>
      <dst id="3">519.8400</dst>
      <dst id="7">98.1333</dst>
      <dst id="2">1256.1689</dst>
      <dst id="6">10.8889</dst>
      <dst id="16">4.9511</dst>
      <dst id="14">6.4356</dst>
      <dst id="11">896.2222</dst>
      <dst id="9">2777.2178</dst>
      <dst id="17">1417.8133</dst>
      <dst id="21">379.0933</dst>
    </src>
    <src id="7">
      <dst id="12">2615.9022</dst>
      <dst id="13">182.2578</dst>
      <dst id="19">452.6400</dst>
      <dst id="23">44.8000</dst>
      <dst id="8">79.0578</dst>
      <dst id="18">69.5111</dst>
      <dst id="4">31735.1022</dst>
      <dst id="1">834.7467</dst>
      <dst id="5">991.3867</dst>
      <dst id="3">204.4000</dst>
      <dst id="22">3648.4978</dst>
      <dst id="7">753.8667</dst>
      <dst id="2">9009.3778</dst>
      <dst id="6">0.4978</dst>
      <dst id="16">893.8489</dst>
      <dst id="14">81.1289</dst>
      <dst id="20">603.0044</dst>
      <dst id="11">165.7511</dst>
      <dst id="9">323.6000</dst>
      <dst id="17">4658.5689</dst>
      <dst id="21">1310.0356</dst>
      <dst id="15">117.7244</dst>
    </src>
    <src id="2">
      <dst id="12">49671.4133</dst>
      <dst id="13">506234.1067</dst>
      <dst id="19">121.0133</dst>
      <dst id="23">0.4622</dst>
      <dst id="8">21.4489</dst>
      <dst id="18">37535.4400</dst>
      <dst id="4">91292.9156</dst>
      <dst id="1">1372.2489</dst>
      <dst id="5">2971.5378</dst>
      <dst id="3">1.5644</dst>
      <dst id="22">663.5644</dst>
      <dst id="7">2003.2444</dst>
      <dst id="2">481.5911</dst>
      <dst id="6">5760.8444</dst>
      <dst id="16">2978.4533</dst>
      <dst id="14">5368.8622</dst>
      <dst id="20">107.8933</dst>
      <dst id="11">2527.9022</dst>
      <dst id="9">596.6667</dst>
      <dst id="17">35290.2311</dst>
      <dst id="21">5370.9244</dst>
      <dst id="15">23.9733</dst>
    </src>
    <src id="6">
      <dst id="12">7986.7289</dst>
      <dst id="13">16.5067</dst>
      <dst id="19">0.3556</dst>
      <dst id="23">0.3378</dst>
      <dst id="4">1304.9333</dst>
      <dst id="1">0.9956</dst>
      <dst id="5">2.0089</dst>
      <dst id="22">1.0844</dst>
      <dst id="7">0.9067</dst>
      <dst id="2">1748.6489</dst>
      <dst id="16">13.2622</dst>
      <dst id="20">0.4622</dst>
      <dst id="11">0.7378</dst>
      <dst id="17">988.3644</dst>
      <dst id="21">1.4667</dst>
    </src>
    <src id="16">
      <dst id="12">2492.4444</dst>
      <dst id="13">139.6711</dst>
      <dst id="19">5856.1689</dst>
      <dst id="23">1.9022</dst>
      <dst id="8">752.0622</dst>
      <dst id="18">49.0844</dst>
      <dst id="4">5302.2311</dst>
      <dst id="1">22887.1556</dst>
      <dst id="5">704.5156</dst>
      <dst id="7">825.0756</dst>
      <dst id="2">503.8667</dst>
      <dst id="6">0.7111</dst>
      <dst id="16">14.0533</dst>
      <dst id="11">61.0578</dst>
      <dst id="9">2754.0178</dst>
      <dst id="17">1148.4978</dst>
      <dst id="21">1836.5156</dst>
    </src>
    <src id="14">
      <dst id="12">16672.2311</dst>
      <dst id="13">63.0578</dst>
      <dst id="19">4.4800</dst>
      <dst id="23">1.2000</dst>
      <dst id="4">1383.5467</dst>
      <dst id="1">27.1467</dst>
      <dst id="5">3.8844</dst>
      <dst id="3">48.4178</dst>
      <dst id="22">1.2356</dst>
      <dst id="7">52.4533</dst>
      <dst id="2">3926.5333</dst>
      <dst id="16">0.4356</dst>
      <dst id="20">6.1600</dst>
      <dst id="11">43.8044</dst>
      <dst id="9">27.1111</dst>
      <dst id="17">6259.0222</dst>
      <dst id="21">98.3644</dst>
    </src>
    <src id="20">
      <dst id="12">333.9556</dst>
      <dst id="13">481.4489</dst>
      <dst id="19">1149.6178</dst>
      <dst id="8">84.0178</dst>
      <dst id="4">6790.9333</dst>
      <dst id="1">46.4356</dst>
      <dst id="5">539.9467</dst>
      <dst id="3">2867.0578</dst>
      <dst id="7">17293.2800</dst>
      <dst id="2">1583.0222</dst>
      <dst id="6">41.5378</dst>
      <dst id="14">0.5778</dst>
      <dst id="11">133.7333</dst>
      <dst id="9">7613.9200</dst>
      <dst id="17">324.9600</dst>
      <dst id="21">406.3911</dst>
    </src>
    <src id="11">
      <dst id="12">357148.5511</dst>
      <dst id="13">2033.4667</dst>
      <dst id="19">5.0844</dst>
      <dst id="23">1.2356</dst>
      <dst id="8">230.2400</dst>
      <dst id="18">130.9067</dst>
      <dst id="4">10209.1822</dst>
      <dst id="1">9760.6578</dst>
      <dst id="5">845.7600</dst>
      <dst id="3">197.0667</dst>
      <dst id="22">1553.3867</dst>
      <dst id="7">304.4978</dst>
      <dst id="2">121246.7822</dst>
      <dst id="6">1.6444</dst>
      <dst id="16">334.0622</dst>
      <dst id="14">170.2756</dst>
      <dst id="20">199.6178</dst>
      <dst id="11">2170.1333</dst>
      <dst id="9">1012.4178</dst>
      <dst id="17">125911.8578</dst>
      <dst id="21">708.0000</dst>
      <dst id="15">105.2711</dst>
    </src>
    <src id="9">
      <dst id="12">371091.2711</dst>
      <dst id="13">756.5867</dst>
      <dst id="19">133.0844</dst>
      <dst id="23">17.4578</dst>
      <dst id="8">134.4800</dst>
      <dst id="18">50.1778</dst>
      <dst id="4">10776.0178</dst>
      <dst id="1">1159.9911</dst>
      <dst id="5">4916.3200</dst>
      <dst id="3">1.6533</dst>
      <dst id="22">949.7244</dst>
      <dst id="7">249.8667</dst>
      <dst id="2">110739.4222</dst>
      <dst id="6">0.4444</dst>
      <dst id="16">97.3956</dst>
      <dst id="14">487.2000</dst>
      <dst id="20">547.3244</dst>
      <dst id="11">1051.3956</dst>
      <dst id="9">45.2978</dst>
      <dst id="17">139574.7111</dst>
      <dst id="21">257.2444</dst>
      <dst id="15">97.4222</dst>
    </src>
    <src id="17">
      <dst id="12">2011.7422</dst>
      <dst id="13">37081.1733</dst>
      <dst id="19">259.6444</dst>
      <dst id="23">28.1156</dst>
      <dst id="8">70795.1289</dst>
      <dst id="18">184.3644</dst>
      <dst id="4">37681.6089</dst>
      <dst id="1">1245.0578</dst>
      <dst id="5">105961.2711</dst>
      <dst id="3">2168.8711</dst>
      <dst id="22">4798.1689</dst>
      <dst id="7">3844.1511</dst>
      <dst id="2">10793.3956</dst>
      <dst id="6">13.2089</dst>
      <dst id="16">1588.7111</dst>
      <dst id="14">11504.7289</dst>
      <dst id="20">310.9600</dst>
      <dst id="11">63274.7200</dst>
      <dst id="9">96548.3200</dst>
      <dst id="17">1505.2444</dst>
      <dst id="21">3454.0000</dst>
      <dst id="15">6.8267</dst>
    </src>
    <src id="21">
      <dst id="12">14074.4889</dst>
      <dst id="13">290.1156</dst>
      <dst id="19">33.3156</dst>
      <dst id="23">3.6978</dst>
      <dst id="8">178.3378</dst>
      <dst id="18">255.6622</dst>
      <dst id="4">10943.0133</dst>
      <dst id="1">3116.5600</dst>
      <dst id="5">353.4933</dst>
      <dst id="3">732.1244</dst>
      <dst id="22">597.0400</dst>
      <dst id="7">1756.5511</dst>
      <dst id="2">6797.8667</dst>
      <dst id="6">49.8578</dst>
      <dst id="16">110.0622</dst>
      <dst id="14">168.8711</dst>
      <dst id="20">123.2800</dst>
      <dst id="11">1319.0756</dst>
      <dst id="9">117.8844</dst>
      <dst id="17">2938.6756</dst>
      <dst id="21">531.8133</dst>
      <dst id="15">47.8222</dst>
    </src>
    <src id="15">
      <dst id="12">74.7733</dst>
      <dst id="13">136.2756</dst>
      <dst id="19">27.0756</dst>
      <dst id="23">1.2089</dst>
      <dst id="8">13.9022</dst>
      <dst id="18">16.1333</dst>
      <dst id="4">1916.6933</dst>
      <dst id="1">570.3289</dst>
      <dst id="5">82.2667</dst>
      <dst id="3">5.1644</dst>
      <dst id="7">15.4844</dst>
      <dst id="2">6.5244</dst>
      <dst id="11">30.2667</dst>
      <dst id="9">71.9911</dst>
      <dst id="17">46.3822</dst>
      <dst id="21">80.3911</dst>
    </src>
  </IntraTM>
</TrafficMatrixFile>
