<?xml version="1.0" encoding="UTF-8" standalone="yes"?>
<TrafficMatrixFile xmlns:xsi="http://www.w3.org/2001/XMLSchema-instance" xsi:noNamespaceSchemaLocation="http://totem.run.montefiore.ulg.ac.be/Schema/TrafficMatrix-v1_2.xsd">
  <info>
    <title>Intradomain traffic matrix generated by geant-TM-all.pl</title>
    <date>2005-01-04T13:15:00</date>
    <duration>900</duration>
    <author>Steve Uhlig</author>
    <units>
        <unit type="bandwidth" value="kbps"/>
    </units>
  </info>
  <IntraTM ASID="20965">
    <src id="12">
      <dst id="12">176174.6222</dst>
      <dst id="13">12811.1378</dst>
      <dst id="19">2802.5511</dst>
      <dst id="23">127.5022</dst>
      <dst id="8">1474.7733</dst>
      <dst id="18">359.8311</dst>
      <dst id="4">68940.1867</dst>
      <dst id="1">7390.6667</dst>
      <dst id="5">1222.8622</dst>
      <dst id="3">2805.8133</dst>
      <dst id="22">11386.6933</dst>
      <dst id="7">425.6178</dst>
      <dst id="2">59984.2133</dst>
      <dst id="6">12.3111</dst>
      <dst id="16">4880.6667</dst>
      <dst id="14">155.8578</dst>
      <dst id="20">3211.4844</dst>
      <dst id="11">4134.5600</dst>
      <dst id="9">4239.1200</dst>
      <dst id="17">63233.0222</dst>
      <dst id="21">4620.7378</dst>
      <dst id="15">426.6400</dst>
    </src>
    <src id="13">
      <dst id="12">32329.8222</dst>
      <dst id="19">5241.3689</dst>
      <dst id="23">19.8400</dst>
      <dst id="8">925.2711</dst>
      <dst id="18">2359.1644</dst>
      <dst id="1">1049.0756</dst>
      <dst id="5">4140.6578</dst>
      <dst id="3">4431.4400</dst>
      <dst id="22">11184.7289</dst>
      <dst id="7">6159.1822</dst>
      <dst id="2">73788.5689</dst>
      <dst id="6">83.6533</dst>
      <dst id="16">11898.5244</dst>
      <dst id="14">4902.9067</dst>
      <dst id="20">1781.9289</dst>
      <dst id="11">5571.3333</dst>
      <dst id="9">7821.7067</dst>
      <dst id="17">33752.1244</dst>
      <dst id="21">8358.2933</dst>
      <dst id="15">477.4222</dst>
    </src>
    <src id="19">
      <dst id="12">11423.6800</dst>
      <dst id="13">125.5467</dst>
      <dst id="23">2.3111</dst>
      <dst id="8">0.5333</dst>
      <dst id="18">28.1600</dst>
      <dst id="4">21930.2844</dst>
      <dst id="1">270.0800</dst>
      <dst id="5">25.3511</dst>
      <dst id="22">121.8667</dst>
      <dst id="7">2730.9778</dst>
      <dst id="2">22.9600</dst>
      <dst id="6">35.3067</dst>
      <dst id="16">14594.8356</dst>
      <dst id="20">0.5956</dst>
      <dst id="11">10.7200</dst>
      <dst id="9">5169.4400</dst>
      <dst id="17">83.6267</dst>
      <dst id="21">168.0622</dst>
    </src>
    <src id="23">
      <dst id="12">186.5689</dst>
      <dst id="13">19.8489</dst>
      <dst id="19">67.1378</dst>
      <dst id="18">507.7511</dst>
      <dst id="4">31.8933</dst>
      <dst id="1">35.7867</dst>
      <dst id="5">13.0844</dst>
      <dst id="3">197.9644</dst>
      <dst id="22">22.9778</dst>
      <dst id="7">195.9556</dst>
      <dst id="2">3.1378</dst>
      <dst id="16">3.6089</dst>
      <dst id="14">12.9778</dst>
      <dst id="11">23.4756</dst>
      <dst id="9">495.6800</dst>
      <dst id="17">56.9422</dst>
      <dst id="21">126.5333</dst>
    </src>
    <src id="8">
      <dst id="12">244038.6578</dst>
      <dst id="13">699.0578</dst>
      <dst id="18">2.8356</dst>
      <dst id="4">5600.0356</dst>
      <dst id="1">1309.9378</dst>
      <dst id="5">633.7067</dst>
      <dst id="3">24.6578</dst>
      <dst id="22">436.3111</dst>
      <dst id="7">943.2800</dst>
      <dst id="2">83760.7822</dst>
      <dst id="16">58.3200</dst>
      <dst id="20">14.8267</dst>
      <dst id="11">340.8089</dst>
      <dst id="9">756.8444</dst>
      <dst id="17">91368.0622</dst>
      <dst id="21">284.0978</dst>
      <dst id="15">44.2400</dst>
    </src>
    <src id="18">
      <dst id="12">90627.2800</dst>
      <dst id="13">68.8356</dst>
      <dst id="19">0.9244</dst>
      <dst id="23">21.5289</dst>
      <dst id="4">1107.5022</dst>
      <dst id="1">1193.6622</dst>
      <dst id="5">187.6978</dst>
      <dst id="3">13.2533</dst>
      <dst id="22">134.5067</dst>
      <dst id="7">52.6311</dst>
      <dst id="2">25853.3867</dst>
      <dst id="16">9.2533</dst>
      <dst id="14">14.0444</dst>
      <dst id="20">1.1022</dst>
      <dst id="11">16.0533</dst>
      <dst id="9">62.1956</dst>
      <dst id="17">34373.6000</dst>
      <dst id="21">61.6978</dst>
      <dst id="15">0.7733</dst>
    </src>
    <src id="4">
      <dst id="12">6573.2089</dst>
      <dst id="19">15459.6267</dst>
      <dst id="23">0.4622</dst>
      <dst id="8">2665.0133</dst>
      <dst id="18">1577.8578</dst>
      <dst id="4">1.7778</dst>
      <dst id="1">118398.0978</dst>
      <dst id="5">1474.7378</dst>
      <dst id="3">781.6622</dst>
      <dst id="22">1864.6311</dst>
      <dst id="7">127327.5467</dst>
      <dst id="2">100536.1600</dst>
      <dst id="6">102.4356</dst>
      <dst id="16">539.1911</dst>
      <dst id="14">671.5822</dst>
      <dst id="20">232.1867</dst>
      <dst id="11">2279.5022</dst>
      <dst id="9">1682.4978</dst>
      <dst id="17">13221.8222</dst>
      <dst id="21">3254.3022</dst>
      <dst id="15">127.4578</dst>
    </src>
    <src id="1">
      <dst id="12">16777.6089</dst>
      <dst id="13">344.6756</dst>
      <dst id="19">197.1200</dst>
      <dst id="23">34.0444</dst>
      <dst id="8">51954.6578</dst>
      <dst id="18">11957.9022</dst>
      <dst id="4">8634.9244</dst>
      <dst id="1">2902.8444</dst>
      <dst id="5">119813.2711</dst>
      <dst id="3">68.4356</dst>
      <dst id="22">598.3022</dst>
      <dst id="7">952.4711</dst>
      <dst id="2">1747.0222</dst>
      <dst id="6">4844.0267</dst>
      <dst id="16">15340.3111</dst>
      <dst id="14">81.5911</dst>
      <dst id="20">53.6889</dst>
      <dst id="11">127.3600</dst>
      <dst id="9">110764.1244</dst>
      <dst id="17">2062.4267</dst>
      <dst id="21">1825.2800</dst>
      <dst id="15">144.9956</dst>
    </src>
    <src id="5">
      <dst id="12">211160.4711</dst>
      <dst id="13">872.3911</dst>
      <dst id="19">1.9200</dst>
      <dst id="8">302.4444</dst>
      <dst id="18">621.1822</dst>
      <dst id="4">5843.0222</dst>
      <dst id="1">537.8222</dst>
      <dst id="3">35.6889</dst>
      <dst id="22">9770.5600</dst>
      <dst id="7">90.5511</dst>
      <dst id="2">79435.0844</dst>
      <dst id="6">39.8222</dst>
      <dst id="16">138.2933</dst>
      <dst id="14">11.2178</dst>
      <dst id="20">154.6578</dst>
      <dst id="11">728.3822</dst>
      <dst id="9">440.1867</dst>
      <dst id="17">71393.9822</dst>
      <dst id="21">415.3333</dst>
      <dst id="15">286.3556</dst>
    </src>
    <src id="3">
      <dst id="12">11619.0578</dst>
      <dst id="13">218.2933</dst>
      <dst id="19">447.1822</dst>
      <dst id="23">9960.6400</dst>
      <dst id="8">17.3156</dst>
      <dst id="18">45732.2844</dst>
      <dst id="4">19590.5956</dst>
      <dst id="1">6178.3556</dst>
      <dst id="5">136.3200</dst>
      <dst id="3">6220.7200</dst>
      <dst id="22">1029.3778</dst>
      <dst id="7">1215.0222</dst>
      <dst id="2">5575.1644</dst>
      <dst id="6">0.7733</dst>
      <dst id="16">428.5422</dst>
      <dst id="14">20755.4044</dst>
      <dst id="20">1.8044</dst>
      <dst id="11">88957.7956</dst>
      <dst id="9">60.2400</dst>
      <dst id="17">7953.9644</dst>
      <dst id="21">4722.0978</dst>
      <dst id="15">110.4178</dst>
    </src>
    <src id="10">
      <dst id="12">9136.4356</dst>
      <dst id="19">6469.1556</dst>
      <dst id="8">249.8844</dst>
      <dst id="18">4275.6622</dst>
      <dst id="1">1955.1200</dst>
      <dst id="5">310.6044</dst>
      <dst id="3">3300.3022</dst>
      <dst id="22">7837.2356</dst>
      <dst id="7">71586.6489</dst>
      <dst id="2">19767.6356</dst>
      <dst id="6">1.1556</dst>
      <dst id="16">278.2933</dst>
      <dst id="14">1369.7156</dst>
      <dst id="20">5467.4933</dst>
      <dst id="11">2209.1111</dst>
      <dst id="9">4079.0933</dst>
      <dst id="17">22463.4311</dst>
      <dst id="21">12021.1822</dst>
      <dst id="15">57.6444</dst>
    </src>
    <src id="22">
      <dst id="12">1943.6356</dst>
      <dst id="13">856.3378</dst>
      <dst id="19">33.1111</dst>
      <dst id="23">6.9333</dst>
      <dst id="8">362.1956</dst>
      <dst id="18">279.7156</dst>
      <dst id="4">15303.3600</dst>
      <dst id="1">88.3111</dst>
      <dst id="5">1139.4133</dst>
      <dst id="3">330.7733</dst>
      <dst id="7">299.3867</dst>
      <dst id="2">1206.5422</dst>
      <dst id="6">14.7556</dst>
      <dst id="16">0.3556</dst>
      <dst id="14">5.2444</dst>
      <dst id="11">1532.0178</dst>
      <dst id="9">2921.3511</dst>
      <dst id="17">2005.6800</dst>
      <dst id="21">502.2756</dst>
    </src>
    <src id="7">
      <dst id="12">2482.5156</dst>
      <dst id="13">375.3867</dst>
      <dst id="19">35.1378</dst>
      <dst id="23">43.1111</dst>
      <dst id="8">153.7067</dst>
      <dst id="18">563.6800</dst>
      <dst id="4">55745.8844</dst>
      <dst id="1">2518.5422</dst>
      <dst id="5">680.4000</dst>
      <dst id="3">261.9378</dst>
      <dst id="22">4192.9867</dst>
      <dst id="7">816.5333</dst>
      <dst id="2">5117.2889</dst>
      <dst id="6">27.4489</dst>
      <dst id="16">780.4533</dst>
      <dst id="14">43.1911</dst>
      <dst id="20">477.3778</dst>
      <dst id="11">359.2978</dst>
      <dst id="9">624.4356</dst>
      <dst id="17">4120.7200</dst>
      <dst id="21">1196.4978</dst>
      <dst id="15">161.5289</dst>
    </src>
    <src id="2">
      <dst id="12">51173.4044</dst>
      <dst id="13">509192.3022</dst>
      <dst id="19">4.3378</dst>
      <dst id="8">45.1200</dst>
      <dst id="18">39675.3067</dst>
      <dst id="4">92404.9867</dst>
      <dst id="1">1937.7511</dst>
      <dst id="5">2719.8400</dst>
      <dst id="3">15.1822</dst>
      <dst id="22">1371.3067</dst>
      <dst id="7">3211.8667</dst>
      <dst id="2">349.6978</dst>
      <dst id="6">6296.3111</dst>
      <dst id="16">3809.4844</dst>
      <dst id="14">5279.1111</dst>
      <dst id="20">78.9511</dst>
      <dst id="11">6783.8933</dst>
      <dst id="9">371.7600</dst>
      <dst id="17">37782.9333</dst>
      <dst id="21">1311.2089</dst>
      <dst id="15">31.8400</dst>
    </src>
    <src id="6">
      <dst id="12">8186.5778</dst>
      <dst id="13">50.6311</dst>
      <dst id="19">1.1022</dst>
      <dst id="4">1306.8356</dst>
      <dst id="1">0.8711</dst>
      <dst id="5">17.5467</dst>
      <dst id="22">17.7600</dst>
      <dst id="7">0.6933</dst>
      <dst id="2">2144.5867</dst>
      <dst id="17">1097.2533</dst>
      <dst id="21">2.4356</dst>
    </src>
    <src id="16">
      <dst id="12">3906.1956</dst>
      <dst id="13">252.6400</dst>
      <dst id="19">4882.7556</dst>
      <dst id="23">1.1911</dst>
      <dst id="8">969.8489</dst>
      <dst id="18">1.2444</dst>
      <dst id="4">6993.6978</dst>
      <dst id="1">22891.3333</dst>
      <dst id="5">545.9467</dst>
      <dst id="7">980.5689</dst>
      <dst id="2">963.7867</dst>
      <dst id="6">18.9422</dst>
      <dst id="16">15.5911</dst>
      <dst id="14">0.4267</dst>
      <dst id="11">44.4978</dst>
      <dst id="9">520.4711</dst>
      <dst id="17">1099.1289</dst>
      <dst id="21">2209.5911</dst>
    </src>
    <src id="14">
      <dst id="12">16441.1644</dst>
      <dst id="13">20.0533</dst>
      <dst id="19">12.2578</dst>
      <dst id="18">0.6044</dst>
      <dst id="4">1855.3244</dst>
      <dst id="1">14.4622</dst>
      <dst id="5">13.1556</dst>
      <dst id="3">33.5289</dst>
      <dst id="22">1.2089</dst>
      <dst id="7">53.6800</dst>
      <dst id="2">5025.5111</dst>
      <dst id="16">1.2089</dst>
      <dst id="20">12.6222</dst>
      <dst id="11">56.8444</dst>
      <dst id="9">1.2089</dst>
      <dst id="17">5314.0711</dst>
      <dst id="21">105.4667</dst>
    </src>
    <src id="20">
      <dst id="12">5834.7911</dst>
      <dst id="13">239.9556</dst>
      <dst id="19">0.4444</dst>
      <dst id="8">266.5422</dst>
      <dst id="18">5.6711</dst>
      <dst id="4">6265.0400</dst>
      <dst id="1">131.8133</dst>
      <dst id="5">188.9511</dst>
      <dst id="3">2.5600</dst>
      <dst id="7">15963.1911</dst>
      <dst id="2">1780.6133</dst>
      <dst id="11">195.0578</dst>
      <dst id="9">239.4578</dst>
      <dst id="17">489.0311</dst>
      <dst id="21">716.5600</dst>
    </src>
    <src id="11">
      <dst id="12">369946.4533</dst>
      <dst id="13">2342.5511</dst>
      <dst id="19">6.4622</dst>
      <dst id="8">243.0133</dst>
      <dst id="18">118.5600</dst>
      <dst id="4">10942.1511</dst>
      <dst id="1">362.3022</dst>
      <dst id="5">819.8844</dst>
      <dst id="3">288.2400</dst>
      <dst id="22">1069.4578</dst>
      <dst id="7">267.6711</dst>
      <dst id="2">123700.0622</dst>
      <dst id="6">0.8533</dst>
      <dst id="16">152.6489</dst>
      <dst id="14">53.2444</dst>
      <dst id="20">112.9778</dst>
      <dst id="11">1367.5111</dst>
      <dst id="9">853.1556</dst>
      <dst id="17">129874.1067</dst>
      <dst id="21">360.4356</dst>
      <dst id="15">119.5733</dst>
    </src>
    <src id="9">
      <dst id="12">373449.6800</dst>
      <dst id="13">7565.3067</dst>
      <dst id="19">120.9689</dst>
      <dst id="23">13.6889</dst>
      <dst id="8">162.5600</dst>
      <dst id="18">211.5467</dst>
      <dst id="4">9862.3556</dst>
      <dst id="1">1069.7956</dst>
      <dst id="5">5733.4578</dst>
      <dst id="3">102.0000</dst>
      <dst id="22">1161.0844</dst>
      <dst id="7">20.1333</dst>
      <dst id="2">113323.1378</dst>
      <dst id="6">0.3289</dst>
      <dst id="16">37.0311</dst>
      <dst id="14">7.9467</dst>
      <dst id="20">763.2533</dst>
      <dst id="11">523.4222</dst>
      <dst id="9">135.7600</dst>
      <dst id="17">139212.0267</dst>
      <dst id="21">188.9600</dst>
      <dst id="15">132.3644</dst>
    </src>
    <src id="17">
      <dst id="12">5947.1822</dst>
      <dst id="13">12789.0578</dst>
      <dst id="19">186.0622</dst>
      <dst id="23">57.0756</dst>
      <dst id="8">75245.3333</dst>
      <dst id="18">480.1067</dst>
      <dst id="4">34546.8533</dst>
      <dst id="1">582.8178</dst>
      <dst id="5">115419.5911</dst>
      <dst id="3">3196.2489</dst>
      <dst id="22">4808.4178</dst>
      <dst id="7">2537.5467</dst>
      <dst id="2">4987.6178</dst>
      <dst id="6">14.1867</dst>
      <dst id="16">3077.4222</dst>
      <dst id="14">8451.5289</dst>
      <dst id="20">9385.1378</dst>
      <dst id="11">74505.8756</dst>
      <dst id="9">95094.2489</dst>
      <dst id="17">808.1511</dst>
      <dst id="21">8527.8400</dst>
      <dst id="15">8.9956</dst>
    </src>
    <src id="21">
      <dst id="12">15175.8222</dst>
      <dst id="13">188.9600</dst>
      <dst id="19">17.7511</dst>
      <dst id="23">10.1689</dst>
      <dst id="8">45.7956</dst>
      <dst id="18">290.5778</dst>
      <dst id="4">8409.5822</dst>
      <dst id="1">1948.3200</dst>
      <dst id="5">259.7422</dst>
      <dst id="3">655.2267</dst>
      <dst id="22">539.1200</dst>
      <dst id="7">1889.1733</dst>
      <dst id="2">6164.4000</dst>
      <dst id="6">8.7556</dst>
      <dst id="16">146.5067</dst>
      <dst id="14">65.3244</dst>
      <dst id="20">41.3778</dst>
      <dst id="11">2054.8178</dst>
      <dst id="9">317.1111</dst>
      <dst id="17">3185.5111</dst>
      <dst id="21">560.1511</dst>
      <dst id="15">117.2356</dst>
    </src>
    <src id="15">
      <dst id="12">453.5111</dst>
      <dst id="13">175.0844</dst>
      <dst id="19">0.3378</dst>
      <dst id="8">1.9200</dst>
      <dst id="18">25.2444</dst>
      <dst id="4">1716.5511</dst>
      <dst id="1">791.0756</dst>
      <dst id="5">161.2178</dst>
      <dst id="3">7.3511</dst>
      <dst id="7">61.7422</dst>
      <dst id="2">113.8400</dst>
      <dst id="16">0.3556</dst>
      <dst id="14">0.4267</dst>
      <dst id="11">172.8356</dst>
      <dst id="9">85.8044</dst>
      <dst id="17">110.8178</dst>
      <dst id="21">84.0622</dst>
    </src>
  </IntraTM>
</TrafficMatrixFile>
