<?xml version="1.0" encoding="UTF-8" standalone="yes"?>
<TrafficMatrixFile xmlns:xsi="http://www.w3.org/2001/XMLSchema-instance" xsi:noNamespaceSchemaLocation="http://totem.run.montefiore.ulg.ac.be/Schema/TrafficMatrix-v1_2.xsd">
  <info>
    <title>Intradomain traffic matrix generated by geant-TM-all.pl</title>
    <date>2005-01-03T02:45:00</date>
    <duration>900</duration>
    <author>Steve Uhlig</author>
    <units>
        <unit type="bandwidth" value="kbps"/>
    </units>
  </info>
  <IntraTM ASID="20965">
    <src id="12">
      <dst id="12">254382.6933</dst>
      <dst id="13">25941.1467</dst>
      <dst id="19">4925.5111</dst>
      <dst id="23">299.8667</dst>
      <dst id="8">9722.0711</dst>
      <dst id="18">1404.9511</dst>
      <dst id="4">108794.5333</dst>
      <dst id="1">9977.9644</dst>
      <dst id="5">2992.9689</dst>
      <dst id="3">3445.9378</dst>
      <dst id="22">21784.9778</dst>
      <dst id="7">7962.5778</dst>
      <dst id="2">94456.7378</dst>
      <dst id="6">200.4267</dst>
      <dst id="16">4711.0578</dst>
      <dst id="14">243.7778</dst>
      <dst id="20">7238.9156</dst>
      <dst id="11">5374.4978</dst>
      <dst id="9">7599.6711</dst>
      <dst id="17">78426.0000</dst>
      <dst id="21">29540.2667</dst>
      <dst id="15">737.7333</dst>
    </src>
    <src id="13">
      <dst id="12">64034.7911</dst>
      <dst id="19">40645.7422</dst>
      <dst id="23">1060.7644</dst>
      <dst id="8">2440.5600</dst>
      <dst id="18">5395.1556</dst>
      <dst id="1">8064.6222</dst>
      <dst id="5">11478.8444</dst>
      <dst id="3">14325.3244</dst>
      <dst id="22">28097.3422</dst>
      <dst id="7">17353.3422</dst>
      <dst id="2">103972.4356</dst>
      <dst id="6">56.3022</dst>
      <dst id="16">8661.4311</dst>
      <dst id="14">4654.5244</dst>
      <dst id="20">11675.3244</dst>
      <dst id="11">20263.3689</dst>
      <dst id="9">10416.5422</dst>
      <dst id="17">65887.5911</dst>
      <dst id="21">28821.8844</dst>
      <dst id="15">8221.0933</dst>
    </src>
    <src id="19">
      <dst id="12">14845.1644</dst>
      <dst id="13">1211.4489</dst>
      <dst id="23">696.2756</dst>
      <dst id="8">72.0089</dst>
      <dst id="18">28.1067</dst>
      <dst id="4">22607.0400</dst>
      <dst id="1">12087.7422</dst>
      <dst id="5">181.6089</dst>
      <dst id="3">15.9556</dst>
      <dst id="22">72.0622</dst>
      <dst id="7">2786.5956</dst>
      <dst id="2">340.3733</dst>
      <dst id="6">91.3867</dst>
      <dst id="16">4526.7822</dst>
      <dst id="20">55.9467</dst>
      <dst id="11">73.2000</dst>
      <dst id="9">49.8133</dst>
      <dst id="17">6219.7511</dst>
      <dst id="21">987.4578</dst>
      <dst id="15">13.9733</dst>
    </src>
    <src id="23">
      <dst id="12">823.2711</dst>
      <dst id="13">162.0089</dst>
      <dst id="19">24.3200</dst>
      <dst id="8">82.5956</dst>
      <dst id="18">51.1644</dst>
      <dst id="4">855.7156</dst>
      <dst id="1">75.5911</dst>
      <dst id="5">91.8756</dst>
      <dst id="3">179.4933</dst>
      <dst id="22">968.1067</dst>
      <dst id="7">170.7378</dst>
      <dst id="2">53.7511</dst>
      <dst id="16">66.1422</dst>
      <dst id="14">15.9467</dst>
      <dst id="20">0.5689</dst>
      <dst id="11">345.3778</dst>
      <dst id="9">246.7556</dst>
      <dst id="17">330.3822</dst>
      <dst id="21">1695.1289</dst>
      <dst id="15">1.1378</dst>
    </src>
    <src id="8">
      <dst id="12">386950.1956</dst>
      <dst id="13">616.9689</dst>
      <dst id="19">1040.3556</dst>
      <dst id="23">421.0489</dst>
      <dst id="18">623.9200</dst>
      <dst id="4">12006.0178</dst>
      <dst id="1">350.3644</dst>
      <dst id="5">6309.9022</dst>
      <dst id="3">152.6400</dst>
      <dst id="22">2181.0133</dst>
      <dst id="7">103.7511</dst>
      <dst id="2">155375.1911</dst>
      <dst id="6">0.4178</dst>
      <dst id="16">553.3956</dst>
      <dst id="20">2394.3378</dst>
      <dst id="11">1505.5289</dst>
      <dst id="9">1775.2267</dst>
      <dst id="17">154500.8533</dst>
      <dst id="21">744.0978</dst>
      <dst id="15">1774.3200</dst>
    </src>
    <src id="18">
      <dst id="12">132586.5956</dst>
      <dst id="13">413.0578</dst>
      <dst id="19">15.6711</dst>
      <dst id="23">4.4178</dst>
      <dst id="8">74.8267</dst>
      <dst id="4">3448.8622</dst>
      <dst id="1">1413.5733</dst>
      <dst id="5">651.5467</dst>
      <dst id="3">94.7733</dst>
      <dst id="22">391.7511</dst>
      <dst id="7">179.6711</dst>
      <dst id="2">54225.5200</dst>
      <dst id="16">67.7156</dst>
      <dst id="14">2.2400</dst>
      <dst id="20">7.4222</dst>
      <dst id="11">163.9200</dst>
      <dst id="9">70.2844</dst>
      <dst id="17">43571.2622</dst>
      <dst id="21">919.2889</dst>
      <dst id="15">2.5956</dst>
    </src>
    <src id="4">
      <dst id="12">60233.7600</dst>
      <dst id="19">9093.0667</dst>
      <dst id="23">0.4622</dst>
      <dst id="8">1199.9467</dst>
      <dst id="18">4552.1778</dst>
      <dst id="4">3.4400</dst>
      <dst id="1">66635.0489</dst>
      <dst id="5">1818.1600</dst>
      <dst id="3">2780.4800</dst>
      <dst id="22">6840.2578</dst>
      <dst id="7">181193.5911</dst>
      <dst id="2">109279.9733</dst>
      <dst id="6">67.8222</dst>
      <dst id="16">3530.0889</dst>
      <dst id="14">4184.9778</dst>
      <dst id="20">864.0711</dst>
      <dst id="11">4328.0089</dst>
      <dst id="9">3547.3600</dst>
      <dst id="17">130916.6933</dst>
      <dst id="21">10977.3067</dst>
      <dst id="15">189.8578</dst>
    </src>
    <src id="1">
      <dst id="12">15055.0311</dst>
      <dst id="13">607.9022</dst>
      <dst id="19">87.7689</dst>
      <dst id="23">39.0756</dst>
      <dst id="8">165004.5778</dst>
      <dst id="18">17508.8267</dst>
      <dst id="4">16708.4178</dst>
      <dst id="1">43307.1111</dst>
      <dst id="5">260751.6711</dst>
      <dst id="3">830.6756</dst>
      <dst id="22">7086.8178</dst>
      <dst id="7">2338.3467</dst>
      <dst id="2">19640.2400</dst>
      <dst id="6">9618.2400</dst>
      <dst id="16">7629.2978</dst>
      <dst id="14">68.1156</dst>
      <dst id="20">96.8533</dst>
      <dst id="11">342.7200</dst>
      <dst id="9">249260.8089</dst>
      <dst id="17">3400.7822</dst>
      <dst id="21">9712.5511</dst>
      <dst id="15">288.1778</dst>
    </src>
    <src id="5">
      <dst id="12">328003.3689</dst>
      <dst id="13">3498.3289</dst>
      <dst id="19">35.3956</dst>
      <dst id="23">15.9111</dst>
      <dst id="8">16818.0444</dst>
      <dst id="18">730.6578</dst>
      <dst id="4">11323.6089</dst>
      <dst id="1">394.4178</dst>
      <dst id="3">25.0578</dst>
      <dst id="22">10787.8222</dst>
      <dst id="7">464.4533</dst>
      <dst id="2">132377.8667</dst>
      <dst id="6">0.7822</dst>
      <dst id="16">3106.4444</dst>
      <dst id="14">12.6222</dst>
      <dst id="20">2179.9644</dst>
      <dst id="11">853.6444</dst>
      <dst id="9">2499.3778</dst>
      <dst id="17">125143.9378</dst>
      <dst id="21">502.4889</dst>
      <dst id="15">380.7733</dst>
    </src>
    <src id="3">
      <dst id="12">11892.1156</dst>
      <dst id="13">2430.5956</dst>
      <dst id="19">1899.8667</dst>
      <dst id="23">312.2044</dst>
      <dst id="8">130.3467</dst>
      <dst id="18">158432.2133</dst>
      <dst id="4">36947.7867</dst>
      <dst id="1">42698.6756</dst>
      <dst id="5">1109.1911</dst>
      <dst id="3">20016.1422</dst>
      <dst id="22">2349.7689</dst>
      <dst id="7">3461.7867</dst>
      <dst id="2">6995.6533</dst>
      <dst id="6">5.0222</dst>
      <dst id="16">1375.2622</dst>
      <dst id="14">30649.0044</dst>
      <dst id="20">106.6222</dst>
      <dst id="11">187848.5689</dst>
      <dst id="9">159.9556</dst>
      <dst id="17">4827.9111</dst>
      <dst id="21">9313.2444</dst>
      <dst id="15">126.1333</dst>
    </src>
    <src id="10">
      <dst id="12">23178.2133</dst>
      <dst id="19">1108.4889</dst>
      <dst id="8">1960.3644</dst>
      <dst id="18">16576.1422</dst>
      <dst id="1">2800.6400</dst>
      <dst id="5">838.4178</dst>
      <dst id="3">14290.5956</dst>
      <dst id="22">6000.6933</dst>
      <dst id="7">15373.8844</dst>
      <dst id="2">28903.7244</dst>
      <dst id="6">12.9778</dst>
      <dst id="16">2075.4222</dst>
      <dst id="14">798.0267</dst>
      <dst id="20">1337.5911</dst>
      <dst id="11">7234.8267</dst>
      <dst id="9">1594.8978</dst>
      <dst id="17">15115.6000</dst>
      <dst id="21">17822.9067</dst>
      <dst id="15">387.2178</dst>
    </src>
    <src id="22">
      <dst id="12">6940.0356</dst>
      <dst id="13">5366.9067</dst>
      <dst id="19">57.1911</dst>
      <dst id="23">390.7111</dst>
      <dst id="8">401.8044</dst>
      <dst id="18">2298.1867</dst>
      <dst id="4">21810.4622</dst>
      <dst id="1">2406.3022</dst>
      <dst id="5">7083.1022</dst>
      <dst id="3">677.3689</dst>
      <dst id="7">3178.4356</dst>
      <dst id="2">2411.3867</dst>
      <dst id="6">2.7467</dst>
      <dst id="16">5.8489</dst>
      <dst id="14">81.5289</dst>
      <dst id="11">4412.9511</dst>
      <dst id="9">5666.7200</dst>
      <dst id="17">3856.3822</dst>
      <dst id="21">1433.2089</dst>
    </src>
    <src id="7">
      <dst id="12">7990.4356</dst>
      <dst id="13">173.3689</dst>
      <dst id="19">1160.6578</dst>
      <dst id="23">1638.1689</dst>
      <dst id="8">758.2844</dst>
      <dst id="18">478.7467</dst>
      <dst id="4">60537.8222</dst>
      <dst id="1">5900.1244</dst>
      <dst id="5">1204.6489</dst>
      <dst id="3">767.2267</dst>
      <dst id="22">3670.7022</dst>
      <dst id="7">582.8622</dst>
      <dst id="2">8426.9867</dst>
      <dst id="6">40.4089</dst>
      <dst id="16">1883.1644</dst>
      <dst id="14">87.5378</dst>
      <dst id="20">1114.8267</dst>
      <dst id="11">4654.9156</dst>
      <dst id="9">736.0978</dst>
      <dst id="17">23395.9111</dst>
      <dst id="21">7594.7200</dst>
      <dst id="15">191.8133</dst>
    </src>
    <src id="2">
      <dst id="12">109642.8000</dst>
      <dst id="13">501056.0444</dst>
      <dst id="19">2715.8667</dst>
      <dst id="8">858.8089</dst>
      <dst id="18">121706.5333</dst>
      <dst id="4">123279.2889</dst>
      <dst id="1">11340.4889</dst>
      <dst id="5">2225.2267</dst>
      <dst id="3">66.4356</dst>
      <dst id="22">2776.7644</dst>
      <dst id="7">5880.6844</dst>
      <dst id="2">879.7511</dst>
      <dst id="6">9531.3778</dst>
      <dst id="16">2854.5067</dst>
      <dst id="14">2489.3689</dst>
      <dst id="20">5578.3378</dst>
      <dst id="11">2866.0267</dst>
      <dst id="9">1662.9778</dst>
      <dst id="17">45313.1822</dst>
      <dst id="21">7975.6800</dst>
      <dst id="15">155.6889</dst>
    </src>
    <src id="6">
      <dst id="12">10418.2489</dst>
      <dst id="13">111.4756</dst>
      <dst id="19">13.6889</dst>
      <dst id="23">0.3378</dst>
      <dst id="18">0.7111</dst>
      <dst id="4">42.3822</dst>
      <dst id="1">59.3867</dst>
      <dst id="5">0.3556</dst>
      <dst id="22">7.6089</dst>
      <dst id="7">53.0933</dst>
      <dst id="2">3278.6044</dst>
      <dst id="16">29.2267</dst>
      <dst id="11">12.5511</dst>
      <dst id="9">17.2356</dst>
      <dst id="17">1645.0044</dst>
      <dst id="21">45.1289</dst>
    </src>
    <src id="16">
      <dst id="12">2726.9956</dst>
      <dst id="13">793.6000</dst>
      <dst id="19">3632.2133</dst>
      <dst id="23">99.9644</dst>
      <dst id="8">5323.0133</dst>
      <dst id="18">53.5911</dst>
      <dst id="4">9794.1244</dst>
      <dst id="1">16505.7511</dst>
      <dst id="5">4303.1733</dst>
      <dst id="3">14.1689</dst>
      <dst id="7">6245.2000</dst>
      <dst id="2">2672.4356</dst>
      <dst id="6">68.5778</dst>
      <dst id="16">52.4622</dst>
      <dst id="14">361.3511</dst>
      <dst id="11">522.7022</dst>
      <dst id="9">15777.8578</dst>
      <dst id="17">3453.8667</dst>
      <dst id="21">874.7822</dst>
    </src>
    <src id="14">
      <dst id="12">17178.1156</dst>
      <dst id="13">70.2400</dst>
      <dst id="19">20.0889</dst>
      <dst id="23">4.0978</dst>
      <dst id="18">100.9778</dst>
      <dst id="4">3152.4089</dst>
      <dst id="1">32.9778</dst>
      <dst id="5">1.9111</dst>
      <dst id="3">544.2311</dst>
      <dst id="22">4.0711</dst>
      <dst id="7">166.3022</dst>
      <dst id="2">4933.6889</dst>
      <dst id="16">8.5689</dst>
      <dst id="20">1.2089</dst>
      <dst id="11">13.3422</dst>
      <dst id="9">119.6622</dst>
      <dst id="17">6036.3200</dst>
      <dst id="21">150.7378</dst>
    </src>
    <src id="20">
      <dst id="12">12003.1467</dst>
      <dst id="13">6486.7556</dst>
      <dst id="19">1773.2711</dst>
      <dst id="23">126.7556</dst>
      <dst id="8">592.1956</dst>
      <dst id="18">4.0178</dst>
      <dst id="4">18200.7289</dst>
      <dst id="1">118.5956</dst>
      <dst id="5">4207.3600</dst>
      <dst id="3">630.7022</dst>
      <dst id="7">145.3778</dst>
      <dst id="2">10232.0089</dst>
      <dst id="6">64.0000</dst>
      <dst id="14">14.1156</dst>
      <dst id="11">751.9200</dst>
      <dst id="9">3274.6933</dst>
      <dst id="17">3038.1244</dst>
      <dst id="21">702.8000</dst>
    </src>
    <src id="11">
      <dst id="12">421658.6311</dst>
      <dst id="13">3123.9556</dst>
      <dst id="19">306.9422</dst>
      <dst id="23">17.5200</dst>
      <dst id="8">487.1822</dst>
      <dst id="18">470.4444</dst>
      <dst id="4">15008.4089</dst>
      <dst id="1">662.5956</dst>
      <dst id="5">1576.4267</dst>
      <dst id="3">697.8844</dst>
      <dst id="22">2495.3778</dst>
      <dst id="7">554.6044</dst>
      <dst id="2">166674.9422</dst>
      <dst id="6">63.8222</dst>
      <dst id="16">438.7733</dst>
      <dst id="14">52.5067</dst>
      <dst id="20">328.1156</dst>
      <dst id="11">1112.9067</dst>
      <dst id="9">6926.9867</dst>
      <dst id="17">157522.3289</dst>
      <dst id="21">1428.0444</dst>
      <dst id="15">1527.6089</dst>
    </src>
    <src id="9">
      <dst id="12">421566.7111</dst>
      <dst id="13">3784.8178</dst>
      <dst id="19">275.3244</dst>
      <dst id="23">24.9600</dst>
      <dst id="8">9531.6711</dst>
      <dst id="18">81.2267</dst>
      <dst id="4">11269.4133</dst>
      <dst id="1">2440.9511</dst>
      <dst id="5">1858.3733</dst>
      <dst id="3">480.7822</dst>
      <dst id="22">4461.9644</dst>
      <dst id="7">3036.4889</dst>
      <dst id="2">162339.7956</dst>
      <dst id="16">891.0933</dst>
      <dst id="14">30.8089</dst>
      <dst id="20">4118.6844</dst>
      <dst id="11">2789.7067</dst>
      <dst id="9">958.8267</dst>
      <dst id="17">183390.1867</dst>
      <dst id="21">580.6578</dst>
      <dst id="15">5005.5822</dst>
    </src>
    <src id="17">
      <dst id="12">17100.2756</dst>
      <dst id="13">13316.9156</dst>
      <dst id="19">335.2889</dst>
      <dst id="23">508.6222</dst>
      <dst id="8">178697.0667</dst>
      <dst id="18">3507.6533</dst>
      <dst id="4">139826.9778</dst>
      <dst id="1">2349.0844</dst>
      <dst id="5">239579.7867</dst>
      <dst id="3">13178.1778</dst>
      <dst id="22">15712.3289</dst>
      <dst id="7">9110.0533</dst>
      <dst id="2">42892.8711</dst>
      <dst id="6">91.7956</dst>
      <dst id="16">6633.3511</dst>
      <dst id="14">20902.7378</dst>
      <dst id="20">1224.6933</dst>
      <dst id="11">151491.6267</dst>
      <dst id="9">219272.5600</dst>
      <dst id="17">1854.9511</dst>
      <dst id="21">10807.5644</dst>
      <dst id="15">86.8800</dst>
    </src>
    <src id="21">
      <dst id="12">18486.8356</dst>
      <dst id="13">1646.9244</dst>
      <dst id="19">143.0222</dst>
      <dst id="23">43.5467</dst>
      <dst id="8">417.4133</dst>
      <dst id="18">1083.8489</dst>
      <dst id="4">33464.4089</dst>
      <dst id="1">978.0533</dst>
      <dst id="5">713.8222</dst>
      <dst id="3">1179.4489</dst>
      <dst id="22">2296.9778</dst>
      <dst id="7">3746.2311</dst>
      <dst id="2">11803.7689</dst>
      <dst id="6">2.2844</dst>
      <dst id="16">467.5733</dst>
      <dst id="14">129.0222</dst>
      <dst id="20">448.9511</dst>
      <dst id="11">840.6756</dst>
      <dst id="9">687.2711</dst>
      <dst id="17">9235.5111</dst>
      <dst id="21">3216.7644</dst>
      <dst id="15">103.1644</dst>
    </src>
    <src id="15">
      <dst id="12">5800.3556</dst>
      <dst id="13">855.1644</dst>
      <dst id="19">2.0800</dst>
      <dst id="8">230.7644</dst>
      <dst id="18">131.8044</dst>
      <dst id="4">6333.0133</dst>
      <dst id="1">680.6400</dst>
      <dst id="5">278.7911</dst>
      <dst id="3">19.1289</dst>
      <dst id="7">4.4356</dst>
      <dst id="2">395.7689</dst>
      <dst id="11">369.0044</dst>
      <dst id="9">2628.5244</dst>
      <dst id="17">488.2933</dst>
      <dst id="21">3922.7733</dst>
    </src>
  </IntraTM>
</TrafficMatrixFile>
