<?xml version="1.0" encoding="UTF-8" standalone="yes"?>
<TrafficMatrixFile xmlns:xsi="http://www.w3.org/2001/XMLSchema-instance" xsi:noNamespaceSchemaLocation="http://totem.run.montefiore.ulg.ac.be/Schema/TrafficMatrix-v1_2.xsd">
  <info>
    <title>Intradomain traffic matrix generated by geant-TM-all.pl</title>
    <date>2005-01-04T16:15:00</date>
    <duration>900</duration>
    <author>Steve Uhlig</author>
    <units>
        <unit type="bandwidth" value="kbps"/>
    </units>
  </info>
  <IntraTM ASID="20965">
    <src id="12">
      <dst id="12">173378.8089</dst>
      <dst id="13">12239.7600</dst>
      <dst id="19">2559.4489</dst>
      <dst id="23">16283.2978</dst>
      <dst id="8">481.7778</dst>
      <dst id="18">574.0711</dst>
      <dst id="4">61625.2178</dst>
      <dst id="1">6141.0756</dst>
      <dst id="5">1748.1333</dst>
      <dst id="3">2728.5956</dst>
      <dst id="22">7853.4222</dst>
      <dst id="7">14181.1467</dst>
      <dst id="2">53831.8844</dst>
      <dst id="6">4.2756</dst>
      <dst id="16">4407.4133</dst>
      <dst id="14">874.1778</dst>
      <dst id="20">9825.1289</dst>
      <dst id="11">4072.0533</dst>
      <dst id="9">4370.6222</dst>
      <dst id="17">60457.6711</dst>
      <dst id="21">6722.2756</dst>
      <dst id="15">884.7467</dst>
    </src>
    <src id="13">
      <dst id="12">31224.1333</dst>
      <dst id="19">3585.9200</dst>
      <dst id="23">12.4800</dst>
      <dst id="8">2858.5422</dst>
      <dst id="18">2045.3956</dst>
      <dst id="1">1543.7333</dst>
      <dst id="5">3497.1111</dst>
      <dst id="3">8717.5733</dst>
      <dst id="22">10182.7822</dst>
      <dst id="7">9385.9911</dst>
      <dst id="2">50676.8267</dst>
      <dst id="6">115.2178</dst>
      <dst id="16">7397.7511</dst>
      <dst id="14">4817.2800</dst>
      <dst id="20">6014.4000</dst>
      <dst id="11">7108.4978</dst>
      <dst id="9">7696.3733</dst>
      <dst id="17">25891.4222</dst>
      <dst id="21">6724.2756</dst>
      <dst id="15">1539.4400</dst>
    </src>
    <src id="19">
      <dst id="12">11440.6133</dst>
      <dst id="13">56.6667</dst>
      <dst id="23">0.9422</dst>
      <dst id="4">18638.5778</dst>
      <dst id="1">521.1644</dst>
      <dst id="5">1.7333</dst>
      <dst id="3">13.9733</dst>
      <dst id="22">74.1067</dst>
      <dst id="7">3130.4978</dst>
      <dst id="2">72.2667</dst>
      <dst id="6">14.6844</dst>
      <dst id="16">9284.0267</dst>
      <dst id="14">0.4622</dst>
      <dst id="20">3.6622</dst>
      <dst id="11">60.2578</dst>
      <dst id="9">9.4489</dst>
      <dst id="17">56.8000</dst>
      <dst id="21">126.4089</dst>
      <dst id="15">1.0667</dst>
    </src>
    <src id="23">
      <dst id="12">273.0311</dst>
      <dst id="13">44.7467</dst>
      <dst id="19">13.3333</dst>
      <dst id="4">15.2533</dst>
      <dst id="1">54.6222</dst>
      <dst id="5">39.2889</dst>
      <dst id="3">219.3333</dst>
      <dst id="22">122.3289</dst>
      <dst id="7">518.6844</dst>
      <dst id="2">1.2889</dst>
      <dst id="16">2.6311</dst>
      <dst id="14">0.3556</dst>
      <dst id="11">4.4178</dst>
      <dst id="9">967.5022</dst>
      <dst id="17">141.8133</dst>
      <dst id="21">518.3644</dst>
    </src>
    <src id="8">
      <dst id="12">240651.7778</dst>
      <dst id="13">3212.6756</dst>
      <dst id="19">0.3556</dst>
      <dst id="18">20.7378</dst>
      <dst id="4">5223.4489</dst>
      <dst id="1">122.3556</dst>
      <dst id="5">226.1156</dst>
      <dst id="3">166.2133</dst>
      <dst id="22">729.3867</dst>
      <dst id="7">437.5111</dst>
      <dst id="2">82806.2489</dst>
      <dst id="16">154.6844</dst>
      <dst id="14">1.7422</dst>
      <dst id="20">18.4622</dst>
      <dst id="11">118.3467</dst>
      <dst id="9">97.2178</dst>
      <dst id="17">87194.5956</dst>
      <dst id="21">110.6578</dst>
      <dst id="15">105.0844</dst>
    </src>
    <src id="18">
      <dst id="12">86055.4578</dst>
      <dst id="13">81.5733</dst>
      <dst id="23">8.3911</dst>
      <dst id="8">0.4622</dst>
      <dst id="4">2844.8267</dst>
      <dst id="1">1045.6356</dst>
      <dst id="5">39.7956</dst>
      <dst id="3">10.0267</dst>
      <dst id="22">99.6178</dst>
      <dst id="7">8.2489</dst>
      <dst id="2">23978.5156</dst>
      <dst id="16">15.4756</dst>
      <dst id="14">0.4711</dst>
      <dst id="20">0.8800</dst>
      <dst id="11">119.7067</dst>
      <dst id="9">41.1378</dst>
      <dst id="17">28198.6933</dst>
      <dst id="21">92.0978</dst>
      <dst id="15">0.9956</dst>
    </src>
    <src id="4">
      <dst id="12">6787.9644</dst>
      <dst id="19">15007.9022</dst>
      <dst id="8">1809.7511</dst>
      <dst id="18">792.8356</dst>
      <dst id="1">16235.6267</dst>
      <dst id="5">1275.5733</dst>
      <dst id="3">110.0889</dst>
      <dst id="22">2209.3956</dst>
      <dst id="7">113261.1200</dst>
      <dst id="2">75360.5511</dst>
      <dst id="6">3.9644</dst>
      <dst id="16">657.7778</dst>
      <dst id="14">1716.0711</dst>
      <dst id="20">229.5556</dst>
      <dst id="11">2272.5689</dst>
      <dst id="9">2461.1733</dst>
      <dst id="17">12179.4133</dst>
      <dst id="21">4131.6622</dst>
      <dst id="15">1957.4311</dst>
    </src>
    <src id="1">
      <dst id="12">13196.2667</dst>
      <dst id="13">332.5511</dst>
      <dst id="19">201.3689</dst>
      <dst id="23">3.2267</dst>
      <dst id="8">50356.2044</dst>
      <dst id="18">12625.2089</dst>
      <dst id="4">7659.7689</dst>
      <dst id="1">3406.0267</dst>
      <dst id="5">123114.2044</dst>
      <dst id="3">269.4044</dst>
      <dst id="22">717.4933</dst>
      <dst id="7">1398.0622</dst>
      <dst id="2">1802.8889</dst>
      <dst id="6">4952.9778</dst>
      <dst id="16">16108.1689</dst>
      <dst id="14">66.3111</dst>
      <dst id="20">60.6044</dst>
      <dst id="11">248.0000</dst>
      <dst id="9">122149.2089</dst>
      <dst id="17">3200.4178</dst>
      <dst id="21">2341.8578</dst>
      <dst id="15">133.0844</dst>
    </src>
    <src id="5">
      <dst id="12">212807.9733</dst>
      <dst id="13">356.7911</dst>
      <dst id="19">1.2089</dst>
      <dst id="23">0.7733</dst>
      <dst id="8">188.2844</dst>
      <dst id="18">1207.3956</dst>
      <dst id="4">4201.6356</dst>
      <dst id="1">249.5200</dst>
      <dst id="3">0.5511</dst>
      <dst id="22">1368.3378</dst>
      <dst id="7">58.4711</dst>
      <dst id="2">86634.6489</dst>
      <dst id="6">41.3156</dst>
      <dst id="16">204.5511</dst>
      <dst id="14">0.4178</dst>
      <dst id="20">124.8711</dst>
      <dst id="11">385.2089</dst>
      <dst id="9">380.7378</dst>
      <dst id="17">83692.9600</dst>
      <dst id="21">87.5911</dst>
      <dst id="15">186.9778</dst>
    </src>
    <src id="3">
      <dst id="12">4405.8044</dst>
      <dst id="13">159.4756</dst>
      <dst id="19">1073.1022</dst>
      <dst id="23">10357.0133</dst>
      <dst id="8">128.0978</dst>
      <dst id="18">46133.0933</dst>
      <dst id="4">36256.8356</dst>
      <dst id="1">9113.5644</dst>
      <dst id="5">186.3822</dst>
      <dst id="3">8903.9111</dst>
      <dst id="22">1263.9467</dst>
      <dst id="7">1754.6933</dst>
      <dst id="2">6280.2756</dst>
      <dst id="6">6.2578</dst>
      <dst id="16">1085.5644</dst>
      <dst id="14">49670.3644</dst>
      <dst id="20">3.5911</dst>
      <dst id="11">87694.9333</dst>
      <dst id="9">222.5333</dst>
      <dst id="17">7845.4222</dst>
      <dst id="21">5596.0711</dst>
      <dst id="15">46.2756</dst>
    </src>
    <src id="10">
      <dst id="12">12523.5733</dst>
      <dst id="19">4773.2267</dst>
      <dst id="8">681.8844</dst>
      <dst id="18">355.2000</dst>
      <dst id="1">1707.5556</dst>
      <dst id="5">783.0311</dst>
      <dst id="3">2214.3378</dst>
      <dst id="22">6743.4844</dst>
      <dst id="7">65888.3733</dst>
      <dst id="2">14787.5022</dst>
      <dst id="16">471.3511</dst>
      <dst id="14">3353.4844</dst>
      <dst id="20">4495.3778</dst>
      <dst id="11">2562.2844</dst>
      <dst id="9">4233.1911</dst>
      <dst id="17">11929.4133</dst>
      <dst id="21">18123.4311</dst>
      <dst id="15">627.3422</dst>
    </src>
    <src id="22">
      <dst id="12">12769.3511</dst>
      <dst id="13">437.0578</dst>
      <dst id="19">113.1378</dst>
      <dst id="23">5317.5378</dst>
      <dst id="8">1703.4489</dst>
      <dst id="18">202.0711</dst>
      <dst id="4">16306.5778</dst>
      <dst id="1">116.8267</dst>
      <dst id="5">1113.1733</dst>
      <dst id="3">371.2267</dst>
      <dst id="7">315.5733</dst>
      <dst id="2">2834.9244</dst>
      <dst id="6">127.8756</dst>
      <dst id="16">4.2489</dst>
      <dst id="14">175.9556</dst>
      <dst id="11">1589.7333</dst>
      <dst id="9">1020.3467</dst>
      <dst id="17">1154.7822</dst>
      <dst id="21">731.0756</dst>
    </src>
    <src id="7">
      <dst id="12">2638.9956</dst>
      <dst id="13">86.1067</dst>
      <dst id="19">56.9778</dst>
      <dst id="23">40.6311</dst>
      <dst id="8">136.5511</dst>
      <dst id="18">31.5200</dst>
      <dst id="4">28195.0933</dst>
      <dst id="1">1342.8089</dst>
      <dst id="5">923.6178</dst>
      <dst id="3">316.8889</dst>
      <dst id="22">2968.8889</dst>
      <dst id="7">756.3378</dst>
      <dst id="2">5644.3556</dst>
      <dst id="6">92.0267</dst>
      <dst id="16">741.9822</dst>
      <dst id="14">86.7733</dst>
      <dst id="20">231.8400</dst>
      <dst id="11">277.0756</dst>
      <dst id="9">161.8578</dst>
      <dst id="17">3596.0000</dst>
      <dst id="21">804.0533</dst>
      <dst id="15">309.0756</dst>
    </src>
    <src id="2">
      <dst id="12">78260.7644</dst>
      <dst id="13">507184.4800</dst>
      <dst id="19">935.4311</dst>
      <dst id="8">77.5022</dst>
      <dst id="18">26283.3689</dst>
      <dst id="4">67525.3867</dst>
      <dst id="1">1412.5511</dst>
      <dst id="5">853.8667</dst>
      <dst id="3">13.8844</dst>
      <dst id="22">591.4044</dst>
      <dst id="7">3430.0978</dst>
      <dst id="2">610.0089</dst>
      <dst id="6">6206.1422</dst>
      <dst id="16">3320.7111</dst>
      <dst id="14">5610.4000</dst>
      <dst id="20">159.2089</dst>
      <dst id="11">1119.1644</dst>
      <dst id="9">6144.8356</dst>
      <dst id="17">19692.4444</dst>
      <dst id="21">2911.7156</dst>
      <dst id="15">152.4889</dst>
    </src>
    <src id="6">
      <dst id="12">7873.6178</dst>
      <dst id="13">4.8622</dst>
      <dst id="19">3.8311</dst>
      <dst id="8">0.4267</dst>
      <dst id="18">0.3556</dst>
      <dst id="4">1336.6578</dst>
      <dst id="5">23.1111</dst>
      <dst id="22">2.7022</dst>
      <dst id="7">4.6400</dst>
      <dst id="2">1424.4800</dst>
      <dst id="14">0.7111</dst>
      <dst id="11">0.3556</dst>
      <dst id="9">23.8222</dst>
      <dst id="17">1605.4578</dst>
    </src>
    <src id="16">
      <dst id="12">1742.0533</dst>
      <dst id="13">145.5111</dst>
      <dst id="19">4702.9600</dst>
      <dst id="23">1.2444</dst>
      <dst id="8">1193.1022</dst>
      <dst id="18">3.0933</dst>
      <dst id="4">3630.8356</dst>
      <dst id="1">23409.5822</dst>
      <dst id="5">1487.1289</dst>
      <dst id="3">0.5600</dst>
      <dst id="7">1186.2489</dst>
      <dst id="2">193.5556</dst>
      <dst id="16">26.5333</dst>
      <dst id="14">855.4222</dst>
      <dst id="11">100.4622</dst>
      <dst id="9">2584.5600</dst>
      <dst id="17">2237.5022</dst>
      <dst id="21">2003.6444</dst>
    </src>
    <src id="14">
      <dst id="12">17261.6267</dst>
      <dst id="13">32.1511</dst>
      <dst id="19">9.8844</dst>
      <dst id="23">1.2089</dst>
      <dst id="8">13.3333</dst>
      <dst id="18">0.3556</dst>
      <dst id="4">1900.0889</dst>
      <dst id="1">116.0178</dst>
      <dst id="5">0.4889</dst>
      <dst id="3">77.1733</dst>
      <dst id="22">27.8844</dst>
      <dst id="7">77.1733</dst>
      <dst id="2">5282.4000</dst>
      <dst id="16">12.9689</dst>
      <dst id="20">1.9556</dst>
      <dst id="11">74.0089</dst>
      <dst id="9">30.7378</dst>
      <dst id="17">7741.4044</dst>
      <dst id="21">120.7556</dst>
    </src>
    <src id="20">
      <dst id="12">1486.7822</dst>
      <dst id="13">408.2844</dst>
      <dst id="19">3.8756</dst>
      <dst id="8">40.9244</dst>
      <dst id="18">2.3822</dst>
      <dst id="4">5645.4044</dst>
      <dst id="1">185.0489</dst>
      <dst id="5">310.7022</dst>
      <dst id="3">89.0667</dst>
      <dst id="7">102.3289</dst>
      <dst id="2">1454.1067</dst>
      <dst id="6">1.8133</dst>
      <dst id="14">37.8667</dst>
      <dst id="11">92.6400</dst>
      <dst id="9">393.7511</dst>
      <dst id="17">191.2622</dst>
      <dst id="21">520.6756</dst>
    </src>
    <src id="11">
      <dst id="12">342639.9644</dst>
      <dst id="13">1812.8089</dst>
      <dst id="19">12.9156</dst>
      <dst id="23">1.5911</dst>
      <dst id="8">188.2933</dst>
      <dst id="18">26.3111</dst>
      <dst id="4">9701.6178</dst>
      <dst id="1">577.4933</dst>
      <dst id="5">1045.0400</dst>
      <dst id="3">313.1022</dst>
      <dst id="22">1183.4933</dst>
      <dst id="7">511.4489</dst>
      <dst id="2">112671.4311</dst>
      <dst id="6">39.1822</dst>
      <dst id="16">63.9644</dst>
      <dst id="14">46.3111</dst>
      <dst id="20">44.3911</dst>
      <dst id="11">2663.1289</dst>
      <dst id="9">523.2889</dst>
      <dst id="17">118559.2089</dst>
      <dst id="21">373.6889</dst>
      <dst id="15">38.0622</dst>
    </src>
    <src id="9">
      <dst id="12">314289.2533</dst>
      <dst id="13">481.5733</dst>
      <dst id="19">1.7244</dst>
      <dst id="23">42.8533</dst>
      <dst id="8">77.0133</dst>
      <dst id="18">28.6489</dst>
      <dst id="4">10705.8756</dst>
      <dst id="1">806.2489</dst>
      <dst id="5">529.3156</dst>
      <dst id="3">1.2356</dst>
      <dst id="22">877.9733</dst>
      <dst id="7">29.6978</dst>
      <dst id="2">102847.1289</dst>
      <dst id="6">0.3556</dst>
      <dst id="16">209.4489</dst>
      <dst id="14">3.6622</dst>
      <dst id="20">389.3867</dst>
      <dst id="11">1145.2356</dst>
      <dst id="9">222.5778</dst>
      <dst id="17">110609.4933</dst>
      <dst id="21">224.9244</dst>
      <dst id="15">165.6000</dst>
    </src>
    <src id="17">
      <dst id="12">7156.1156</dst>
      <dst id="13">7000.2400</dst>
      <dst id="19">122.3467</dst>
      <dst id="23">10.7911</dst>
      <dst id="8">74464.7911</dst>
      <dst id="18">59.3689</dst>
      <dst id="4">26629.9200</dst>
      <dst id="1">710.0978</dst>
      <dst id="5">105607.0222</dst>
      <dst id="3">4860.8978</dst>
      <dst id="22">2474.9778</dst>
      <dst id="7">1193.7156</dst>
      <dst id="2">4144.7378</dst>
      <dst id="6">6.8000</dst>
      <dst id="16">1817.1556</dst>
      <dst id="14">58277.8133</dst>
      <dst id="20">206.4178</dst>
      <dst id="11">63322.3378</dst>
      <dst id="9">99466.1067</dst>
      <dst id="17">1111.4933</dst>
      <dst id="21">16893.4667</dst>
      <dst id="15">37.9022</dst>
    </src>
    <src id="21">
      <dst id="12">16869.2267</dst>
      <dst id="13">189.0756</dst>
      <dst id="19">13.5467</dst>
      <dst id="23">91.5556</dst>
      <dst id="8">24.9511</dst>
      <dst id="18">313.5378</dst>
      <dst id="4">13609.1644</dst>
      <dst id="1">3445.8667</dst>
      <dst id="5">227.6267</dst>
      <dst id="3">535.1378</dst>
      <dst id="22">442.9511</dst>
      <dst id="7">1025.1022</dst>
      <dst id="2">7332.5511</dst>
      <dst id="16">107.0844</dst>
      <dst id="14">110.6578</dst>
      <dst id="20">695.2444</dst>
      <dst id="11">268.4711</dst>
      <dst id="9">619.0044</dst>
      <dst id="17">4043.0844</dst>
      <dst id="21">375.7600</dst>
      <dst id="15">340.8711</dst>
    </src>
    <src id="15">
      <dst id="12">309.0489</dst>
      <dst id="13">34.3556</dst>
      <dst id="19">80.9244</dst>
      <dst id="23">1.1733</dst>
      <dst id="8">122.6933</dst>
      <dst id="18">7.2889</dst>
      <dst id="4">3260.0533</dst>
      <dst id="1">756.1956</dst>
      <dst id="5">74.2756</dst>
      <dst id="3">8.3911</dst>
      <dst id="7">354.3822</dst>
      <dst id="2">76.0356</dst>
      <dst id="11">20.7911</dst>
      <dst id="9">108.8533</dst>
      <dst id="17">53.9022</dst>
      <dst id="21">92.4622</dst>
    </src>
  </IntraTM>
</TrafficMatrixFile>
