<?xml version="1.0" encoding="UTF-8" standalone="yes"?>
<TrafficMatrixFile xmlns:xsi="http://www.w3.org/2001/XMLSchema-instance" xsi:noNamespaceSchemaLocation="http://totem.run.montefiore.ulg.ac.be/Schema/TrafficMatrix-v1_2.xsd">
  <info>
    <title>Intradomain traffic matrix generated by geant-TM-all.pl</title>
    <date>2005-01-02T23:45:00</date>
    <duration>900</duration>
    <author>Steve Uhlig</author>
    <units>
        <unit type="bandwidth" value="kbps"/>
    </units>
  </info>
  <IntraTM ASID="20965">
    <src id="12">
      <dst id="12">273719.2533</dst>
      <dst id="13">23256.3911</dst>
      <dst id="19">4713.4400</dst>
      <dst id="23">1585.9467</dst>
      <dst id="8">3847.5467</dst>
      <dst id="18">7486.6667</dst>
      <dst id="4">93812.1867</dst>
      <dst id="1">11453.2622</dst>
      <dst id="5">5638.5600</dst>
      <dst id="3">17378.3378</dst>
      <dst id="22">24711.3511</dst>
      <dst id="7">6666.1867</dst>
      <dst id="2">91901.3956</dst>
      <dst id="6">2.8000</dst>
      <dst id="16">6709.1733</dst>
      <dst id="14">853.7956</dst>
      <dst id="20">13910.8711</dst>
      <dst id="11">7266.6756</dst>
      <dst id="9">11864.1422</dst>
      <dst id="17">169952.3822</dst>
      <dst id="21">28733.6000</dst>
      <dst id="15">6542.4622</dst>
    </src>
    <src id="13">
      <dst id="12">85880.9778</dst>
      <dst id="19">21980.4622</dst>
      <dst id="23">410.2311</dst>
      <dst id="8">3522.2311</dst>
      <dst id="18">11924.4089</dst>
      <dst id="1">10605.8044</dst>
      <dst id="5">8024.0267</dst>
      <dst id="3">22144.9333</dst>
      <dst id="22">34588.7378</dst>
      <dst id="7">22245.9111</dst>
      <dst id="2">122972.6578</dst>
      <dst id="6">155.2889</dst>
      <dst id="16">12314.6044</dst>
      <dst id="14">3202.9511</dst>
      <dst id="20">28030.3644</dst>
      <dst id="11">38814.5156</dst>
      <dst id="9">35866.2756</dst>
      <dst id="17">78774.8533</dst>
      <dst id="21">47590.1867</dst>
      <dst id="15">7738.3822</dst>
    </src>
    <src id="19">
      <dst id="12">19564.6933</dst>
      <dst id="13">1538.7733</dst>
      <dst id="23">238.0267</dst>
      <dst id="8">7.4133</dst>
      <dst id="18">1981.7778</dst>
      <dst id="4">19527.2978</dst>
      <dst id="1">1539.2800</dst>
      <dst id="5">65.6978</dst>
      <dst id="3">85.5111</dst>
      <dst id="22">69.1911</dst>
      <dst id="7">7150.7556</dst>
      <dst id="2">2483.1111</dst>
      <dst id="6">182.7467</dst>
      <dst id="16">7838.3111</dst>
      <dst id="20">40.7911</dst>
      <dst id="11">141.0578</dst>
      <dst id="9">1149.4933</dst>
      <dst id="17">4839.6889</dst>
      <dst id="21">2120.7289</dst>
      <dst id="15">11.2533</dst>
    </src>
    <src id="23">
      <dst id="12">2656.5156</dst>
      <dst id="13">393.3689</dst>
      <dst id="19">62.5956</dst>
      <dst id="8">14.9067</dst>
      <dst id="18">100.8356</dst>
      <dst id="4">29.1378</dst>
      <dst id="1">102.4711</dst>
      <dst id="5">834.9333</dst>
      <dst id="3">1233.0756</dst>
      <dst id="22">5347.5289</dst>
      <dst id="7">575.5378</dst>
      <dst id="2">328.7289</dst>
      <dst id="6">1.1378</dst>
      <dst id="16">376.2044</dst>
      <dst id="14">19.1822</dst>
      <dst id="20">149.8311</dst>
      <dst id="11">590.8000</dst>
      <dst id="9">1898.6222</dst>
      <dst id="17">1127.7956</dst>
      <dst id="21">3681.4578</dst>
      <dst id="15">80.0000</dst>
    </src>
    <src id="8">
      <dst id="12">375363.2889</dst>
      <dst id="13">1358.0267</dst>
      <dst id="19">10.6311</dst>
      <dst id="23">200.9067</dst>
      <dst id="18">584.8356</dst>
      <dst id="4">7384.5067</dst>
      <dst id="1">668.1067</dst>
      <dst id="5">2818.6222</dst>
      <dst id="3">98.2933</dst>
      <dst id="22">4785.5111</dst>
      <dst id="7">103.9644</dst>
      <dst id="2">158860.9511</dst>
      <dst id="6">22.3644</dst>
      <dst id="16">533.8756</dst>
      <dst id="14">26.6667</dst>
      <dst id="20">3215.9200</dst>
      <dst id="11">722.8178</dst>
      <dst id="9">4234.0000</dst>
      <dst id="17">122265.5644</dst>
      <dst id="21">1587.6089</dst>
      <dst id="15">187.6533</dst>
    </src>
    <src id="18">
      <dst id="12">129780.6133</dst>
      <dst id="13">642.4444</dst>
      <dst id="19">138.3644</dst>
      <dst id="23">8.0000</dst>
      <dst id="8">1151.9911</dst>
      <dst id="4">2580.1956</dst>
      <dst id="1">2016.0800</dst>
      <dst id="5">642.5778</dst>
      <dst id="3">246.4267</dst>
      <dst id="22">579.2889</dst>
      <dst id="7">361.2622</dst>
      <dst id="2">48318.8800</dst>
      <dst id="16">8.2578</dst>
      <dst id="14">2.6222</dst>
      <dst id="20">92.7822</dst>
      <dst id="11">784.5956</dst>
      <dst id="9">1231.7867</dst>
      <dst id="17">45394.5244</dst>
      <dst id="21">1512.4889</dst>
      <dst id="15">14.4000</dst>
    </src>
    <src id="4">
      <dst id="12">54721.4756</dst>
      <dst id="19">11394.4089</dst>
      <dst id="23">13.7956</dst>
      <dst id="8">2328.3289</dst>
      <dst id="18">2976.9422</dst>
      <dst id="4">1.7600</dst>
      <dst id="1">89128.6489</dst>
      <dst id="5">1714.7911</dst>
      <dst id="3">3137.3156</dst>
      <dst id="22">10247.7867</dst>
      <dst id="7">126662.7111</dst>
      <dst id="2">102213.5644</dst>
      <dst id="6">15.6978</dst>
      <dst id="16">4238.5333</dst>
      <dst id="14">1531.5289</dst>
      <dst id="20">1450.1244</dst>
      <dst id="11">9134.1422</dst>
      <dst id="9">4955.6178</dst>
      <dst id="17">129083.8311</dst>
      <dst id="21">11153.2000</dst>
      <dst id="15">1527.2800</dst>
    </src>
    <src id="1">
      <dst id="12">19289.0133</dst>
      <dst id="13">5967.6444</dst>
      <dst id="19">8291.6089</dst>
      <dst id="23">101.0933</dst>
      <dst id="8">187044.6756</dst>
      <dst id="18">15888.9333</dst>
      <dst id="4">23922.4089</dst>
      <dst id="1">54476.9867</dst>
      <dst id="5">243492.8267</dst>
      <dst id="3">2426.2489</dst>
      <dst id="22">4798.1067</dst>
      <dst id="7">4710.3111</dst>
      <dst id="2">56379.9556</dst>
      <dst id="6">16134.2311</dst>
      <dst id="16">11121.6356</dst>
      <dst id="14">37.9022</dst>
      <dst id="20">1409.9378</dst>
      <dst id="11">10807.0311</dst>
      <dst id="9">323881.2978</dst>
      <dst id="17">12254.0444</dst>
      <dst id="21">7882.5511</dst>
      <dst id="15">172.5422</dst>
    </src>
    <src id="5">
      <dst id="12">296735.0133</dst>
      <dst id="13">2002.2133</dst>
      <dst id="19">118.2756</dst>
      <dst id="23">21.6000</dst>
      <dst id="8">2168.5511</dst>
      <dst id="18">1471.8400</dst>
      <dst id="4">9068.2133</dst>
      <dst id="1">705.1200</dst>
      <dst id="3">84.8622</dst>
      <dst id="22">7380.8889</dst>
      <dst id="7">202.8533</dst>
      <dst id="2">133424.0622</dst>
      <dst id="6">32.4267</dst>
      <dst id="16">1071.9822</dst>
      <dst id="14">3.0133</dst>
      <dst id="20">2522.8533</dst>
      <dst id="11">2959.7689</dst>
      <dst id="9">2426.6933</dst>
      <dst id="17">102435.1644</dst>
      <dst id="21">613.8133</dst>
      <dst id="15">642.7822</dst>
    </src>
    <src id="3">
      <dst id="12">12905.9556</dst>
      <dst id="13">832.5156</dst>
      <dst id="19">3928.8267</dst>
      <dst id="23">247.3067</dst>
      <dst id="8">1761.9822</dst>
      <dst id="18">206530.4978</dst>
      <dst id="4">68088.6311</dst>
      <dst id="1">7677.0667</dst>
      <dst id="5">599.5556</dst>
      <dst id="3">15915.4311</dst>
      <dst id="22">3561.2356</dst>
      <dst id="7">3188.4711</dst>
      <dst id="2">10897.7422</dst>
      <dst id="6">4.8444</dst>
      <dst id="16">7212.2044</dst>
      <dst id="14">39252.8622</dst>
      <dst id="20">5025.8844</dst>
      <dst id="11">219155.3067</dst>
      <dst id="9">999.1378</dst>
      <dst id="17">22779.2533</dst>
      <dst id="21">10637.0489</dst>
      <dst id="15">102.2133</dst>
    </src>
    <src id="10">
      <dst id="12">25405.0311</dst>
      <dst id="19">2119.4844</dst>
      <dst id="8">3080.6667</dst>
      <dst id="18">5559.0400</dst>
      <dst id="1">5213.4578</dst>
      <dst id="5">1111.7778</dst>
      <dst id="3">28291.6889</dst>
      <dst id="22">10473.4844</dst>
      <dst id="7">67767.1467</dst>
      <dst id="2">51258.7022</dst>
      <dst id="6">1.7867</dst>
      <dst id="16">3172.3822</dst>
      <dst id="14">459.4311</dst>
      <dst id="20">5027.7422</dst>
      <dst id="11">13822.9244</dst>
      <dst id="9">2657.9022</dst>
      <dst id="17">23395.7333</dst>
      <dst id="21">18861.3067</dst>
      <dst id="15">3255.5822</dst>
    </src>
    <src id="22">
      <dst id="12">8423.1200</dst>
      <dst id="13">6258.5422</dst>
      <dst id="19">197.4133</dst>
      <dst id="23">147.6178</dst>
      <dst id="8">997.0667</dst>
      <dst id="18">6994.2933</dst>
      <dst id="4">16673.1644</dst>
      <dst id="1">588.4533</dst>
      <dst id="5">4362.4089</dst>
      <dst id="3">2384.2756</dst>
      <dst id="7">4380.1156</dst>
      <dst id="2">10037.9733</dst>
      <dst id="6">54.3289</dst>
      <dst id="16">0.7111</dst>
      <dst id="14">129.6444</dst>
      <dst id="11">4251.6178</dst>
      <dst id="9">5047.4667</dst>
      <dst id="17">11035.0844</dst>
      <dst id="21">1583.1378</dst>
    </src>
    <src id="7">
      <dst id="12">8871.3067</dst>
      <dst id="13">453.7422</dst>
      <dst id="19">2707.9556</dst>
      <dst id="23">272.8356</dst>
      <dst id="8">538.8178</dst>
      <dst id="18">1656.4889</dst>
      <dst id="4">74493.7244</dst>
      <dst id="1">34543.5911</dst>
      <dst id="5">1158.4356</dst>
      <dst id="3">1291.1467</dst>
      <dst id="22">4825.0933</dst>
      <dst id="7">656.8889</dst>
      <dst id="2">15662.3378</dst>
      <dst id="6">361.1022</dst>
      <dst id="16">1469.8400</dst>
      <dst id="14">121.6267</dst>
      <dst id="20">3722.4889</dst>
      <dst id="11">6614.3200</dst>
      <dst id="9">1162.6133</dst>
      <dst id="17">23909.1556</dst>
      <dst id="21">18658.2578</dst>
      <dst id="15">933.3422</dst>
    </src>
    <src id="2">
      <dst id="12">136591.9200</dst>
      <dst id="13">165821.1022</dst>
      <dst id="19">1883.7333</dst>
      <dst id="23">96.3111</dst>
      <dst id="8">1092.5600</dst>
      <dst id="18">164382.2578</dst>
      <dst id="4">108288.3911</dst>
      <dst id="1">10810.6489</dst>
      <dst id="5">3746.9156</dst>
      <dst id="3">950.9778</dst>
      <dst id="22">10508.1600</dst>
      <dst id="7">6712.4267</dst>
      <dst id="2">1739.4311</dst>
      <dst id="6">13992.9244</dst>
      <dst id="16">3363.6000</dst>
      <dst id="14">5600.2400</dst>
      <dst id="20">1893.7600</dst>
      <dst id="11">4244.5156</dst>
      <dst id="9">2666.5689</dst>
      <dst id="17">45206.6756</dst>
      <dst id="21">15087.2711</dst>
      <dst id="15">262.2489</dst>
    </src>
    <src id="6">
      <dst id="12">11420.1956</dst>
      <dst id="13">30.0978</dst>
      <dst id="19">6.5689</dst>
      <dst id="23">0.3378</dst>
      <dst id="18">14.8533</dst>
      <dst id="4">104.3556</dst>
      <dst id="1">165.9911</dst>
      <dst id="5">28.8444</dst>
      <dst id="3">0.3556</dst>
      <dst id="22">70.3822</dst>
      <dst id="7">120.1689</dst>
      <dst id="2">3064.4089</dst>
      <dst id="16">1.9911</dst>
      <dst id="20">14.5511</dst>
      <dst id="11">37.7244</dst>
      <dst id="9">146.0267</dst>
      <dst id="17">2656.1867</dst>
      <dst id="21">71.7511</dst>
    </src>
    <src id="16">
      <dst id="12">3821.5200</dst>
      <dst id="13">1050.3556</dst>
      <dst id="19">2926.2044</dst>
      <dst id="23">110.0533</dst>
      <dst id="8">4279.6889</dst>
      <dst id="18">196.6756</dst>
      <dst id="4">7979.7244</dst>
      <dst id="1">22256.1511</dst>
      <dst id="5">4726.4978</dst>
      <dst id="3">59.2622</dst>
      <dst id="7">5440.8000</dst>
      <dst id="2">1331.4044</dst>
      <dst id="6">65.4222</dst>
      <dst id="16">49.8844</dst>
      <dst id="14">326.1244</dst>
      <dst id="11">301.1200</dst>
      <dst id="9">9356.6667</dst>
      <dst id="17">6736.1956</dst>
      <dst id="21">1197.4222</dst>
    </src>
    <src id="14">
      <dst id="12">17489.8933</dst>
      <dst id="13">49.1822</dst>
      <dst id="19">29.4933</dst>
      <dst id="23">89.9200</dst>
      <dst id="8">1.0311</dst>
      <dst id="18">24.9067</dst>
      <dst id="4">2327.3156</dst>
      <dst id="1">115.1022</dst>
      <dst id="5">5.9644</dst>
      <dst id="3">83.3689</dst>
      <dst id="22">99.4578</dst>
      <dst id="7">136.8178</dst>
      <dst id="2">6722.8622</dst>
      <dst id="16">55.9200</dst>
      <dst id="20">104.1689</dst>
      <dst id="11">120.3022</dst>
      <dst id="9">10.9333</dst>
      <dst id="17">5450.6222</dst>
      <dst id="21">167.3333</dst>
      <dst id="15">0.4622</dst>
    </src>
    <src id="20">
      <dst id="12">7034.4622</dst>
      <dst id="13">2437.9289</dst>
      <dst id="19">32.4622</dst>
      <dst id="23">3858.9689</dst>
      <dst id="8">1363.5200</dst>
      <dst id="18">124.6400</dst>
      <dst id="4">7726.8178</dst>
      <dst id="1">1072.5867</dst>
      <dst id="5">3617.4756</dst>
      <dst id="3">2794.4178</dst>
      <dst id="7">2509.4667</dst>
      <dst id="2">4824.7022</dst>
      <dst id="6">42.4267</dst>
      <dst id="16">3.4133</dst>
      <dst id="14">2.4356</dst>
      <dst id="11">3847.5111</dst>
      <dst id="9">12570.0533</dst>
      <dst id="17">2433.7956</dst>
      <dst id="21">2153.5022</dst>
    </src>
    <src id="11">
      <dst id="12">414699.2267</dst>
      <dst id="13">3737.0756</dst>
      <dst id="19">162.3822</dst>
      <dst id="23">59.5556</dst>
      <dst id="8">941.3867</dst>
      <dst id="18">719.2622</dst>
      <dst id="4">13695.2978</dst>
      <dst id="1">673.4400</dst>
      <dst id="5">1744.2222</dst>
      <dst id="3">994.2489</dst>
      <dst id="22">2572.2311</dst>
      <dst id="7">2403.2267</dst>
      <dst id="2">178353.0222</dst>
      <dst id="6">4.3467</dst>
      <dst id="16">395.5822</dst>
      <dst id="14">60.6844</dst>
      <dst id="20">546.2222</dst>
      <dst id="11">3772.6933</dst>
      <dst id="9">5770.0889</dst>
      <dst id="17">160989.8044</dst>
      <dst id="21">3833.6000</dst>
      <dst id="15">519.6178</dst>
    </src>
    <src id="9">
      <dst id="12">428944.6667</dst>
      <dst id="13">5488.4089</dst>
      <dst id="19">80.1156</dst>
      <dst id="23">59.9556</dst>
      <dst id="8">3983.2622</dst>
      <dst id="18">665.3067</dst>
      <dst id="4">9914.0978</dst>
      <dst id="1">1887.4844</dst>
      <dst id="5">2535.3244</dst>
      <dst id="3">65.2000</dst>
      <dst id="22">5969.0311</dst>
      <dst id="7">3268.8444</dst>
      <dst id="2">163410.0267</dst>
      <dst id="6">19.6267</dst>
      <dst id="16">1045.1911</dst>
      <dst id="14">13.2889</dst>
      <dst id="20">13600.1956</dst>
      <dst id="11">2530.3644</dst>
      <dst id="9">1224.3022</dst>
      <dst id="17">182714.6578</dst>
      <dst id="21">1739.8667</dst>
      <dst id="15">11759.8667</dst>
    </src>
    <src id="17">
      <dst id="12">16710.6578</dst>
      <dst id="13">19002.0089</dst>
      <dst id="19">1677.9467</dst>
      <dst id="23">422.3644</dst>
      <dst id="8">213742.5067</dst>
      <dst id="18">7180.8178</dst>
      <dst id="4">69533.2267</dst>
      <dst id="1">6815.9556</dst>
      <dst id="5">234202.1956</dst>
      <dst id="3">29707.4844</dst>
      <dst id="22">16612.6222</dst>
      <dst id="7">37285.5733</dst>
      <dst id="2">114531.5822</dst>
      <dst id="6">289.7244</dst>
      <dst id="16">11118.7111</dst>
      <dst id="14">34646.8267</dst>
      <dst id="20">8104.2844</dst>
      <dst id="11">183400.7733</dst>
      <dst id="9">258016.2578</dst>
      <dst id="17">1928.4444</dst>
      <dst id="21">26865.2000</dst>
      <dst id="15">527.9556</dst>
    </src>
    <src id="21">
      <dst id="12">20373.0133</dst>
      <dst id="13">5121.5200</dst>
      <dst id="19">546.7644</dst>
      <dst id="23">305.9378</dst>
      <dst id="8">383.1822</dst>
      <dst id="18">3117.2622</dst>
      <dst id="4">27906.4178</dst>
      <dst id="1">6507.3244</dst>
      <dst id="5">759.8489</dst>
      <dst id="3">3727.0933</dst>
      <dst id="22">1898.2222</dst>
      <dst id="7">4671.4311</dst>
      <dst id="2">18090.0178</dst>
      <dst id="6">44.7911</dst>
      <dst id="16">401.9378</dst>
      <dst id="14">99.0756</dst>
      <dst id="20">396.6578</dst>
      <dst id="11">3049.8578</dst>
      <dst id="9">688.3289</dst>
      <dst id="17">7489.2356</dst>
      <dst id="21">3773.6089</dst>
      <dst id="15">773.5644</dst>
    </src>
    <src id="15">
      <dst id="12">4349.8489</dst>
      <dst id="13">5751.6089</dst>
      <dst id="19">57.1556</dst>
      <dst id="23">2.7022</dst>
      <dst id="8">83.8133</dst>
      <dst id="18">42.6044</dst>
      <dst id="4">2230.5244</dst>
      <dst id="1">529.9733</dst>
      <dst id="5">2464.1511</dst>
      <dst id="3">87.0844</dst>
      <dst id="7">623.6178</dst>
      <dst id="2">333.1022</dst>
      <dst id="6">1.2089</dst>
      <dst id="16">0.3556</dst>
      <dst id="11">577.9022</dst>
      <dst id="9">1472.4622</dst>
      <dst id="17">935.4844</dst>
      <dst id="21">434.0444</dst>
    </src>
  </IntraTM>
</TrafficMatrixFile>
