<?xml version="1.0" encoding="UTF-8" standalone="yes"?>
<TrafficMatrixFile xmlns:xsi="http://www.w3.org/2001/XMLSchema-instance" xsi:noNamespaceSchemaLocation="http://totem.run.montefiore.ulg.ac.be/Schema/TrafficMatrix-v1_2.xsd">
  <info>
    <title>Intradomain traffic matrix generated by geant-TM-all.pl</title>
    <date>2005-01-05T17:00:00</date>
    <duration>900</duration>
    <author>Steve Uhlig</author>
    <units>
        <unit type="bandwidth" value="kbps"/>
    </units>
  </info>
  <IntraTM ASID="20965">
    <src id="12">
      <dst id="12">311016.5778</dst>
      <dst id="13">37088.9244</dst>
      <dst id="19">12323.1467</dst>
      <dst id="23">127.5467</dst>
      <dst id="8">6336.0267</dst>
      <dst id="18">1384.2222</dst>
      <dst id="4">84836.7467</dst>
      <dst id="1">18996.8711</dst>
      <dst id="5">3749.8311</dst>
      <dst id="3">9954.5244</dst>
      <dst id="22">20255.3778</dst>
      <dst id="7">10371.6889</dst>
      <dst id="2">76018.3822</dst>
      <dst id="6">22.7022</dst>
      <dst id="16">13364.7467</dst>
      <dst id="14">395.7778</dst>
      <dst id="20">12170.0711</dst>
      <dst id="11">6699.1467</dst>
      <dst id="9">9162.8622</dst>
      <dst id="17">86696.1333</dst>
      <dst id="21">11067.5378</dst>
      <dst id="15">3977.3778</dst>
    </src>
    <src id="13">
      <dst id="12">65293.3511</dst>
      <dst id="19">51845.9911</dst>
      <dst id="23">30.0978</dst>
      <dst id="8">5422.9067</dst>
      <dst id="18">2795.0578</dst>
      <dst id="1">8491.4311</dst>
      <dst id="5">7642.8889</dst>
      <dst id="3">21045.9200</dst>
      <dst id="22">21993.5111</dst>
      <dst id="7">49448.4267</dst>
      <dst id="2">60204.3911</dst>
      <dst id="6">174.3822</dst>
      <dst id="16">18408.1511</dst>
      <dst id="14">4104.1956</dst>
      <dst id="20">13758.9511</dst>
      <dst id="11">25345.8489</dst>
      <dst id="9">15213.8400</dst>
      <dst id="17">128568.6222</dst>
      <dst id="21">28126.8000</dst>
      <dst id="15">9590.9156</dst>
    </src>
    <src id="19">
      <dst id="12">23581.5556</dst>
      <dst id="13">1741.5733</dst>
      <dst id="23">50.0800</dst>
      <dst id="8">1297.7956</dst>
      <dst id="18">19.9822</dst>
      <dst id="4">23378.2844</dst>
      <dst id="1">894.1067</dst>
      <dst id="5">708.2667</dst>
      <dst id="3">47.4400</dst>
      <dst id="22">2696.7378</dst>
      <dst id="7">9479.8044</dst>
      <dst id="2">1815.7156</dst>
      <dst id="6">1279.4222</dst>
      <dst id="16">7881.2000</dst>
      <dst id="14">23.1111</dst>
      <dst id="20">921.6356</dst>
      <dst id="11">254.1422</dst>
      <dst id="9">6885.4311</dst>
      <dst id="17">13869.5822</dst>
      <dst id="21">2023.7333</dst>
      <dst id="15">2.7200</dst>
    </src>
    <src id="23">
      <dst id="12">4147.0933</dst>
      <dst id="13">448.0622</dst>
      <dst id="19">222.4711</dst>
      <dst id="8">2.1333</dst>
      <dst id="18">0.3556</dst>
      <dst id="4">25.5378</dst>
      <dst id="1">142.1600</dst>
      <dst id="5">0.3556</dst>
      <dst id="3">1257.7600</dst>
      <dst id="22">647.3156</dst>
      <dst id="7">422.7467</dst>
      <dst id="2">883.7778</dst>
      <dst id="6">121.3156</dst>
      <dst id="16">509.5733</dst>
      <dst id="14">0.3556</dst>
      <dst id="20">85.3689</dst>
      <dst id="11">132.1244</dst>
      <dst id="9">1695.0756</dst>
      <dst id="17">2406.8889</dst>
      <dst id="21">2200.9956</dst>
      <dst id="15">13.7956</dst>
    </src>
    <src id="8">
      <dst id="12">265203.3600</dst>
      <dst id="13">2055.6267</dst>
      <dst id="19">27.7511</dst>
      <dst id="23">614.0622</dst>
      <dst id="18">18.4978</dst>
      <dst id="4">4794.2933</dst>
      <dst id="1">4638.9333</dst>
      <dst id="5">578.6400</dst>
      <dst id="3">8.4178</dst>
      <dst id="22">2139.4667</dst>
      <dst id="7">314.5867</dst>
      <dst id="2">102205.1911</dst>
      <dst id="6">0.3556</dst>
      <dst id="16">1925.9644</dst>
      <dst id="20">2105.6178</dst>
      <dst id="11">3095.1556</dst>
      <dst id="9">810.9956</dst>
      <dst id="17">103864.3467</dst>
      <dst id="21">230.4089</dst>
      <dst id="15">2850.6133</dst>
    </src>
    <src id="18">
      <dst id="12">99872.0533</dst>
      <dst id="13">121.3778</dst>
      <dst id="19">56.0978</dst>
      <dst id="8">57.6622</dst>
      <dst id="4">1463.9200</dst>
      <dst id="1">958.5422</dst>
      <dst id="5">180.0711</dst>
      <dst id="3">137.3867</dst>
      <dst id="22">305.8311</dst>
      <dst id="7">327.4844</dst>
      <dst id="2">27678.1067</dst>
      <dst id="16">43.7600</dst>
      <dst id="14">15.5378</dst>
      <dst id="20">33.0844</dst>
      <dst id="11">2675.7956</dst>
      <dst id="9">370.5333</dst>
      <dst id="17">31869.7067</dst>
      <dst id="21">214.6756</dst>
      <dst id="15">13.6889</dst>
    </src>
    <src id="4">
      <dst id="12">23047.2978</dst>
      <dst id="19">15814.3556</dst>
      <dst id="23">0.8889</dst>
      <dst id="8">923.7867</dst>
      <dst id="18">1520.9067</dst>
      <dst id="1">149996.3556</dst>
      <dst id="5">1952.2400</dst>
      <dst id="3">366.3911</dst>
      <dst id="22">6296.2222</dst>
      <dst id="7">62004.4889</dst>
      <dst id="2">62746.8889</dst>
      <dst id="6">419.0667</dst>
      <dst id="16">7559.9378</dst>
      <dst id="14">1702.3556</dst>
      <dst id="20">2207.3333</dst>
      <dst id="11">6920.2489</dst>
      <dst id="9">3902.4800</dst>
      <dst id="17">27618.6844</dst>
      <dst id="21">8108.4711</dst>
      <dst id="15">2765.9289</dst>
    </src>
    <src id="1">
      <dst id="12">22309.1644</dst>
      <dst id="13">6373.5111</dst>
      <dst id="19">792.1067</dst>
      <dst id="23">69.9111</dst>
      <dst id="8">145601.2533</dst>
      <dst id="18">13263.9822</dst>
      <dst id="4">16444.9956</dst>
      <dst id="1">49742.9778</dst>
      <dst id="5">240077.8933</dst>
      <dst id="3">2858.5956</dst>
      <dst id="22">9327.2000</dst>
      <dst id="7">31843.0044</dst>
      <dst id="2">7094.1867</dst>
      <dst id="6">25258.6133</dst>
      <dst id="16">14923.5644</dst>
      <dst id="14">165.9022</dst>
      <dst id="20">3534.9244</dst>
      <dst id="11">1230.4444</dst>
      <dst id="9">352581.9467</dst>
      <dst id="17">15226.7644</dst>
      <dst id="21">48399.9822</dst>
      <dst id="15">424.6844</dst>
    </src>
    <src id="5">
      <dst id="12">320488.4800</dst>
      <dst id="13">1151.8667</dst>
      <dst id="19">7051.1378</dst>
      <dst id="8">2816.0533</dst>
      <dst id="18">698.3111</dst>
      <dst id="4">4524.7022</dst>
      <dst id="1">1307.4667</dst>
      <dst id="3">2456.9689</dst>
      <dst id="22">6705.9822</dst>
      <dst id="7">544.7911</dst>
      <dst id="2">105055.3689</dst>
      <dst id="6">8.8622</dst>
      <dst id="16">1347.7244</dst>
      <dst id="14">114.6933</dst>
      <dst id="20">1005.7244</dst>
      <dst id="11">2159.9556</dst>
      <dst id="9">1115.3244</dst>
      <dst id="17">104151.9200</dst>
      <dst id="21">370.4711</dst>
      <dst id="15">1219.1822</dst>
    </src>
    <src id="3">
      <dst id="12">12264.3822</dst>
      <dst id="13">4116.5689</dst>
      <dst id="19">1435.4133</dst>
      <dst id="23">8837.1378</dst>
      <dst id="8">303.7244</dst>
      <dst id="18">58386.4356</dst>
      <dst id="4">29236.0711</dst>
      <dst id="1">17005.8222</dst>
      <dst id="5">480.0711</dst>
      <dst id="3">12901.8133</dst>
      <dst id="22">3798.8178</dst>
      <dst id="7">8455.7867</dst>
      <dst id="2">23790.7467</dst>
      <dst id="6">12.4889</dst>
      <dst id="16">6637.9289</dst>
      <dst id="14">52693.2711</dst>
      <dst id="20">5444.1778</dst>
      <dst id="11">290790.2489</dst>
      <dst id="9">806.6222</dst>
      <dst id="17">10636.9778</dst>
      <dst id="21">9498.9156</dst>
      <dst id="15">1890.5511</dst>
    </src>
    <src id="10">
      <dst id="12">21451.3422</dst>
      <dst id="19">3072.6667</dst>
      <dst id="8">3809.5200</dst>
      <dst id="18">3681.2444</dst>
      <dst id="1">4574.3200</dst>
      <dst id="5">1010.9156</dst>
      <dst id="3">9269.5822</dst>
      <dst id="22">5850.0889</dst>
      <dst id="7">134864.5956</dst>
      <dst id="2">15140.8178</dst>
      <dst id="6">34.1956</dst>
      <dst id="16">4917.2178</dst>
      <dst id="14">2278.6844</dst>
      <dst id="20">1967.8756</dst>
      <dst id="11">11526.9333</dst>
      <dst id="9">3371.2533</dst>
      <dst id="17">24687.8222</dst>
      <dst id="21">15599.1289</dst>
      <dst id="15">2025.2711</dst>
    </src>
    <src id="22">
      <dst id="12">7104.0800</dst>
      <dst id="13">1625.7600</dst>
      <dst id="19">719.9200</dst>
      <dst id="23">30.6044</dst>
      <dst id="8">1314.1067</dst>
      <dst id="18">218.9689</dst>
      <dst id="4">17805.9733</dst>
      <dst id="1">1063.8667</dst>
      <dst id="5">3082.2933</dst>
      <dst id="3">17530.9511</dst>
      <dst id="7">2261.9289</dst>
      <dst id="2">2960.8889</dst>
      <dst id="6">29.9022</dst>
      <dst id="16">8.8622</dst>
      <dst id="14">49.4667</dst>
      <dst id="11">3409.5022</dst>
      <dst id="9">1876.0978</dst>
      <dst id="17">4251.6178</dst>
      <dst id="21">743.2711</dst>
    </src>
    <src id="7">
      <dst id="12">4679.1644</dst>
      <dst id="13">976.0000</dst>
      <dst id="19">2145.1733</dst>
      <dst id="23">77.9200</dst>
      <dst id="8">161.9378</dst>
      <dst id="18">84.9778</dst>
      <dst id="4">103471.2089</dst>
      <dst id="1">10073.3778</dst>
      <dst id="5">1220.4978</dst>
      <dst id="3">15653.3689</dst>
      <dst id="22">5166.4000</dst>
      <dst id="7">617.6356</dst>
      <dst id="2">4142.5156</dst>
      <dst id="6">80.8978</dst>
      <dst id="16">1984.4444</dst>
      <dst id="14">182.4978</dst>
      <dst id="20">1211.1556</dst>
      <dst id="11">914.4178</dst>
      <dst id="9">5218.8000</dst>
      <dst id="17">10373.2178</dst>
      <dst id="21">4543.9467</dst>
      <dst id="15">62.2667</dst>
    </src>
    <src id="2">
      <dst id="12">132824.5689</dst>
      <dst id="13">524094.6667</dst>
      <dst id="19">2405.2978</dst>
      <dst id="23">8.3200</dst>
      <dst id="8">648.8800</dst>
      <dst id="18">59895.2622</dst>
      <dst id="4">72688.0178</dst>
      <dst id="1">13203.7867</dst>
      <dst id="5">940.6578</dst>
      <dst id="3">1288.8622</dst>
      <dst id="22">8230.4178</dst>
      <dst id="7">13969.7867</dst>
      <dst id="2">1258.5244</dst>
      <dst id="6">13693.0667</dst>
      <dst id="16">595.2089</dst>
      <dst id="14">5416.2933</dst>
      <dst id="20">1200.0178</dst>
      <dst id="11">7710.2756</dst>
      <dst id="9">1361.0489</dst>
      <dst id="17">21565.2089</dst>
      <dst id="21">3998.0267</dst>
      <dst id="15">201.7067</dst>
    </src>
    <src id="6">
      <dst id="12">10607.3511</dst>
      <dst id="13">85.0311</dst>
      <dst id="19">57.4667</dst>
      <dst id="23">5.9733</dst>
      <dst id="8">11.4667</dst>
      <dst id="4">1412.0356</dst>
      <dst id="1">63.2622</dst>
      <dst id="5">0.7111</dst>
      <dst id="3">11.4667</dst>
      <dst id="22">24.2667</dst>
      <dst id="7">79.2889</dst>
      <dst id="2">2198.5600</dst>
      <dst id="16">79.6178</dst>
      <dst id="20">88.1867</dst>
      <dst id="11">66.1067</dst>
      <dst id="9">18.0800</dst>
      <dst id="17">2203.1556</dst>
      <dst id="21">52.6044</dst>
      <dst id="15">2.7733</dst>
    </src>
    <src id="16">
      <dst id="12">3044.7556</dst>
      <dst id="13">449.0222</dst>
      <dst id="19">4274.9511</dst>
      <dst id="23">49.1200</dst>
      <dst id="8">6419.2356</dst>
      <dst id="18">21.7689</dst>
      <dst id="4">6581.2178</dst>
      <dst id="1">34383.4844</dst>
      <dst id="5">8938.3022</dst>
      <dst id="3">808.1067</dst>
      <dst id="7">1717.1022</dst>
      <dst id="2">376.5689</dst>
      <dst id="6">56.7911</dst>
      <dst id="16">779.8044</dst>
      <dst id="14">557.3956</dst>
      <dst id="11">1474.2578</dst>
      <dst id="9">17596.9333</dst>
      <dst id="17">7237.5289</dst>
      <dst id="21">3785.2267</dst>
    </src>
    <src id="14">
      <dst id="12">23042.3111</dst>
      <dst id="13">27.8311</dst>
      <dst id="19">8.5778</dst>
      <dst id="23">1.2089</dst>
      <dst id="8">12.6222</dst>
      <dst id="18">1.8489</dst>
      <dst id="4">2418.6400</dst>
      <dst id="1">1268.9600</dst>
      <dst id="5">68.3467</dst>
      <dst id="3">154.1956</dst>
      <dst id="22">358.6756</dst>
      <dst id="7">214.5244</dst>
      <dst id="2">6795.6178</dst>
      <dst id="16">38.4089</dst>
      <dst id="20">1.3867</dst>
      <dst id="11">248.5867</dst>
      <dst id="9">65.5200</dst>
      <dst id="17">7285.1289</dst>
      <dst id="21">135.7778</dst>
    </src>
    <src id="20">
      <dst id="12">1905.7956</dst>
      <dst id="13">10135.4844</dst>
      <dst id="19">113.1111</dst>
      <dst id="23">1.7422</dst>
      <dst id="8">366.5689</dst>
      <dst id="18">0.7111</dst>
      <dst id="4">4585.9378</dst>
      <dst id="1">458.1067</dst>
      <dst id="5">730.0178</dst>
      <dst id="3">1120.4622</dst>
      <dst id="7">2045.3244</dst>
      <dst id="2">3768.4267</dst>
      <dst id="6">3.2000</dst>
      <dst id="14">53.3333</dst>
      <dst id="11">6364.3822</dst>
      <dst id="9">2354.1689</dst>
      <dst id="17">8006.1244</dst>
      <dst id="21">348.7111</dst>
    </src>
    <src id="11">
      <dst id="12">395664.9244</dst>
      <dst id="13">5971.6267</dst>
      <dst id="19">105.3244</dst>
      <dst id="23">12.8533</dst>
      <dst id="8">736.1333</dst>
      <dst id="18">361.0756</dst>
      <dst id="4">13862.0178</dst>
      <dst id="1">771.6533</dst>
      <dst id="5">3540.5600</dst>
      <dst id="3">6606.5689</dst>
      <dst id="22">1430.9689</dst>
      <dst id="7">1216.2400</dst>
      <dst id="2">154099.3333</dst>
      <dst id="6">250.8622</dst>
      <dst id="16">728.5600</dst>
      <dst id="14">129.0667</dst>
      <dst id="20">1478.7733</dst>
      <dst id="11">3100.9156</dst>
      <dst id="9">1791.1822</dst>
      <dst id="17">147116.6844</dst>
      <dst id="21">900.6756</dst>
      <dst id="15">299.7689</dst>
    </src>
    <src id="9">
      <dst id="12">434918.3467</dst>
      <dst id="13">2215.7244</dst>
      <dst id="19">239.7956</dst>
      <dst id="23">44.4622</dst>
      <dst id="8">1760.0178</dst>
      <dst id="18">96.6667</dst>
      <dst id="4">16401.7156</dst>
      <dst id="1">1951.1644</dst>
      <dst id="5">1566.1422</dst>
      <dst id="3">82.0889</dst>
      <dst id="22">6333.8578</dst>
      <dst id="7">1290.5956</dst>
      <dst id="2">146239.3689</dst>
      <dst id="6">1.0667</dst>
      <dst id="16">1316.2400</dst>
      <dst id="14">655.5822</dst>
      <dst id="20">4925.5911</dst>
      <dst id="11">1846.0444</dst>
      <dst id="9">3378.0267</dst>
      <dst id="17">159869.5644</dst>
      <dst id="21">338.0000</dst>
      <dst id="15">1457.6267</dst>
    </src>
    <src id="17">
      <dst id="12">16665.8756</dst>
      <dst id="13">8730.8622</dst>
      <dst id="19">1877.8044</dst>
      <dst id="23">66.5244</dst>
      <dst id="8">137163.7778</dst>
      <dst id="18">67.8667</dst>
      <dst id="4">78886.4089</dst>
      <dst id="1">9459.4667</dst>
      <dst id="5">229316.9956</dst>
      <dst id="3">17997.5644</dst>
      <dst id="22">2794.5156</dst>
      <dst id="7">26413.7244</dst>
      <dst id="2">4882.4267</dst>
      <dst id="6">189.6000</dst>
      <dst id="16">15303.7422</dst>
      <dst id="14">34490.0711</dst>
      <dst id="20">1190.5511</dst>
      <dst id="11">204027.0756</dst>
      <dst id="9">276221.7067</dst>
      <dst id="17">1477.9911</dst>
      <dst id="21">14543.9200</dst>
      <dst id="15">43.9022</dst>
    </src>
    <src id="21">
      <dst id="12">17885.3956</dst>
      <dst id="13">1249.9111</dst>
      <dst id="19">301.9911</dst>
      <dst id="23">39.3244</dst>
      <dst id="8">175.0044</dst>
      <dst id="18">318.7022</dst>
      <dst id="4">17225.5733</dst>
      <dst id="1">8819.7333</dst>
      <dst id="5">447.6889</dst>
      <dst id="3">6660.8444</dst>
      <dst id="22">1777.8400</dst>
      <dst id="7">7488.4356</dst>
      <dst id="2">12801.2089</dst>
      <dst id="6">112.7378</dst>
      <dst id="16">797.4044</dst>
      <dst id="14">106.0178</dst>
      <dst id="20">1882.2667</dst>
      <dst id="11">1810.9689</dst>
      <dst id="9">328.2222</dst>
      <dst id="17">9068.1156</dst>
      <dst id="21">1484.8444</dst>
      <dst id="15">781.3778</dst>
    </src>
    <src id="15">
      <dst id="12">486.5956</dst>
      <dst id="13">496.5067</dst>
      <dst id="19">43.4489</dst>
      <dst id="23">1.1911</dst>
      <dst id="8">88.4089</dst>
      <dst id="18">2.9156</dst>
      <dst id="4">2100.7644</dst>
      <dst id="1">1055.8844</dst>
      <dst id="5">603.1911</dst>
      <dst id="3">6.2400</dst>
      <dst id="7">619.3689</dst>
      <dst id="2">72.8533</dst>
      <dst id="6">13.3333</dst>
      <dst id="11">391.9644</dst>
      <dst id="9">5821.7511</dst>
      <dst id="17">135.6178</dst>
      <dst id="21">98.5689</dst>
    </src>
  </IntraTM>
</TrafficMatrixFile>
