<?xml version="1.0" encoding="UTF-8" standalone="yes"?>
<TrafficMatrixFile xmlns:xsi="http://www.w3.org/2001/XMLSchema-instance" xsi:noNamespaceSchemaLocation="http://totem.run.montefiore.ulg.ac.be/Schema/TrafficMatrix-v1_2.xsd">
  <info>
    <title>Intradomain traffic matrix generated by geant-TM-all.pl</title>
    <date>2005-01-01T01:45:00</date>
    <duration>900</duration>
    <author>Steve Uhlig</author>
    <units>
        <unit type="bandwidth" value="kbps"/>
    </units>
  </info>
  <IntraTM ASID="20965">
    <src id="12">
      <dst id="12">336569.9733</dst>
      <dst id="13">20076.4000</dst>
      <dst id="19">4775.5111</dst>
      <dst id="23">1623.6089</dst>
      <dst id="8">5178.4000</dst>
      <dst id="18">1754.4178</dst>
      <dst id="4">115583.5911</dst>
      <dst id="1">10899.1289</dst>
      <dst id="5">5700.8889</dst>
      <dst id="3">10811.1733</dst>
      <dst id="22">38921.4933</dst>
      <dst id="7">14969.1911</dst>
      <dst id="2">100576.4533</dst>
      <dst id="6">66.0444</dst>
      <dst id="16">8371.7956</dst>
      <dst id="14">1222.9689</dst>
      <dst id="20">24281.6444</dst>
      <dst id="11">3614.7200</dst>
      <dst id="9">13056.6222</dst>
      <dst id="17">98723.2267</dst>
      <dst id="21">24215.0844</dst>
      <dst id="15">3502.4267</dst>
    </src>
    <src id="13">
      <dst id="12">71025.6356</dst>
      <dst id="19">22280.7289</dst>
      <dst id="23">5552.5333</dst>
      <dst id="8">4568.9511</dst>
      <dst id="18">23970.4711</dst>
      <dst id="4">1.0667</dst>
      <dst id="1">10848.3644</dst>
      <dst id="5">22084.8711</dst>
      <dst id="3">24605.6978</dst>
      <dst id="22">31988.4000</dst>
      <dst id="7">34144.0356</dst>
      <dst id="2">160321.2444</dst>
      <dst id="6">80.8533</dst>
      <dst id="16">17064.4267</dst>
      <dst id="14">4072.9333</dst>
      <dst id="20">21998.8089</dst>
      <dst id="11">16887.7778</dst>
      <dst id="9">36082.1600</dst>
      <dst id="17">128976.5956</dst>
      <dst id="21">35376.5867</dst>
      <dst id="15">8806.4267</dst>
    </src>
    <src id="19">
      <dst id="12">18926.4444</dst>
      <dst id="13">17548.4089</dst>
      <dst id="23">195.1467</dst>
      <dst id="8">1436.7022</dst>
      <dst id="18">1523.0311</dst>
      <dst id="4">23473.2000</dst>
      <dst id="1">95.7600</dst>
      <dst id="5">108.8711</dst>
      <dst id="3">2817.5111</dst>
      <dst id="22">6537.2533</dst>
      <dst id="7">4627.4933</dst>
      <dst id="2">1203.7067</dst>
      <dst id="6">359.1733</dst>
      <dst id="16">8559.3244</dst>
      <dst id="14">17.3600</dst>
      <dst id="20">190.2756</dst>
      <dst id="11">247.0311</dst>
      <dst id="9">185.4667</dst>
      <dst id="17">4798.4000</dst>
      <dst id="21">1354.1689</dst>
      <dst id="15">357.6622</dst>
    </src>
    <src id="23">
      <dst id="12">553.8578</dst>
      <dst id="13">513.7422</dst>
      <dst id="19">42.1156</dst>
      <dst id="8">2354.1689</dst>
      <dst id="18">1064.4267</dst>
      <dst id="4">101.2889</dst>
      <dst id="1">132.3378</dst>
      <dst id="5">280.1422</dst>
      <dst id="3">319.1644</dst>
      <dst id="22">1069.0489</dst>
      <dst id="7">416.4000</dst>
      <dst id="2">59.3067</dst>
      <dst id="6">5.0133</dst>
      <dst id="16">453.8044</dst>
      <dst id="14">12.6222</dst>
      <dst id="20">187.0133</dst>
      <dst id="11">63.0756</dst>
      <dst id="9">390.4000</dst>
      <dst id="17">1001.5111</dst>
      <dst id="21">609.9111</dst>
      <dst id="15">0.4622</dst>
    </src>
    <src id="8">
      <dst id="12">412654.4089</dst>
      <dst id="13">677.9733</dst>
      <dst id="19">114.8444</dst>
      <dst id="23">59.3867</dst>
      <dst id="18">1175.5111</dst>
      <dst id="4">9204.5511</dst>
      <dst id="1">775.2889</dst>
      <dst id="5">9776.6844</dst>
      <dst id="3">360.0622</dst>
      <dst id="22">1906.8711</dst>
      <dst id="7">212.2578</dst>
      <dst id="2">155288.1067</dst>
      <dst id="6">93.1556</dst>
      <dst id="16">701.2356</dst>
      <dst id="14">15.1289</dst>
      <dst id="20">3956.0000</dst>
      <dst id="11">1765.4756</dst>
      <dst id="9">275.6889</dst>
      <dst id="17">93881.9733</dst>
      <dst id="21">1353.7600</dst>
      <dst id="15">337.7778</dst>
    </src>
    <src id="18">
      <dst id="12">140554.2222</dst>
      <dst id="13">801.0578</dst>
      <dst id="19">923.5822</dst>
      <dst id="23">71.3067</dst>
      <dst id="8">76.4267</dst>
      <dst id="4">4073.1289</dst>
      <dst id="1">981.6889</dst>
      <dst id="5">889.2889</dst>
      <dst id="3">214.5244</dst>
      <dst id="22">937.7156</dst>
      <dst id="7">86.3467</dst>
      <dst id="2">44565.4044</dst>
      <dst id="16">110.0356</dst>
      <dst id="14">0.4622</dst>
      <dst id="20">41.2711</dst>
      <dst id="11">362.9867</dst>
      <dst id="9">409.9733</dst>
      <dst id="17">37222.1422</dst>
      <dst id="21">1632.0711</dst>
      <dst id="15">67.1733</dst>
    </src>
    <src id="4">
      <dst id="12">21283.8311</dst>
      <dst id="19">10579.4400</dst>
      <dst id="23">0.3556</dst>
      <dst id="8">950.9333</dst>
      <dst id="18">3100.3022</dst>
      <dst id="4">0.7111</dst>
      <dst id="1">6429.0133</dst>
      <dst id="5">4275.0756</dst>
      <dst id="3">88641.3600</dst>
      <dst id="22">7666.8178</dst>
      <dst id="7">84829.3333</dst>
      <dst id="2">67808.0978</dst>
      <dst id="6">28.3644</dst>
      <dst id="16">3571.6800</dst>
      <dst id="14">4659.1822</dst>
      <dst id="20">1779.1911</dst>
      <dst id="11">7327.6000</dst>
      <dst id="9">11638.4089</dst>
      <dst id="17">104149.7600</dst>
      <dst id="21">17316.4889</dst>
      <dst id="15">467.2444</dst>
    </src>
    <src id="1">
      <dst id="12">23200.7644</dst>
      <dst id="13">2478.1867</dst>
      <dst id="19">528.6311</dst>
      <dst id="23">102.5956</dst>
      <dst id="8">156342.6222</dst>
      <dst id="18">15982.0089</dst>
      <dst id="4">27012.6400</dst>
      <dst id="1">66.4000</dst>
      <dst id="5">292078.9600</dst>
      <dst id="3">37228.1067</dst>
      <dst id="22">3569.3333</dst>
      <dst id="7">12027.3244</dst>
      <dst id="2">13359.1733</dst>
      <dst id="6">9461.3422</dst>
      <dst id="16">14401.8133</dst>
      <dst id="14">1553.4933</dst>
      <dst id="20">1596.6133</dst>
      <dst id="11">1570.3022</dst>
      <dst id="9">323442.0089</dst>
      <dst id="17">7645.6089</dst>
      <dst id="21">40938.3022</dst>
      <dst id="15">3282.3022</dst>
    </src>
    <src id="5">
      <dst id="12">459400.2222</dst>
      <dst id="13">5372.4800</dst>
      <dst id="19">86.4622</dst>
      <dst id="23">391.3422</dst>
      <dst id="8">6888.1333</dst>
      <dst id="18">944.9244</dst>
      <dst id="4">12625.8667</dst>
      <dst id="1">85.2444</dst>
      <dst id="3">592.3733</dst>
      <dst id="22">5941.8400</dst>
      <dst id="7">227.6889</dst>
      <dst id="2">193353.4222</dst>
      <dst id="6">0.7111</dst>
      <dst id="16">1344.9600</dst>
      <dst id="14">34.0267</dst>
      <dst id="20">9944.2222</dst>
      <dst id="11">3987.4844</dst>
      <dst id="9">3505.0667</dst>
      <dst id="17">97092.0089</dst>
      <dst id="21">1757.8311</dst>
      <dst id="15">1114.9333</dst>
    </src>
    <src id="3">
      <dst id="12">12846.4533</dst>
      <dst id="13">897.5467</dst>
      <dst id="19">11697.4400</dst>
      <dst id="23">83.7689</dst>
      <dst id="8">222.8622</dst>
      <dst id="18">203949.3956</dst>
      <dst id="4">44496.4444</dst>
      <dst id="1">32243.6889</dst>
      <dst id="5">392.8889</dst>
      <dst id="3">21659.5467</dst>
      <dst id="22">1152.4800</dst>
      <dst id="7">2874.5422</dst>
      <dst id="2">8015.1556</dst>
      <dst id="6">6.3378</dst>
      <dst id="16">1687.4667</dst>
      <dst id="14">53191.0311</dst>
      <dst id="20">554.3289</dst>
      <dst id="11">185051.4933</dst>
      <dst id="9">1843.7156</dst>
      <dst id="17">18882.3467</dst>
      <dst id="21">16192.9156</dst>
      <dst id="15">74.5333</dst>
    </src>
    <src id="10">
      <dst id="12">25216.6933</dst>
      <dst id="19">4771.0400</dst>
      <dst id="23">0.4267</dst>
      <dst id="8">1481.6800</dst>
      <dst id="18">14495.3067</dst>
      <dst id="4">0.7822</dst>
      <dst id="1">2913.8489</dst>
      <dst id="5">3977.5111</dst>
      <dst id="3">16449.9911</dst>
      <dst id="22">12524.4800</dst>
      <dst id="7">15311.6533</dst>
      <dst id="2">51823.1378</dst>
      <dst id="6">110.3022</dst>
      <dst id="16">2258.3556</dst>
      <dst id="14">2600.9067</dst>
      <dst id="20">10856.4356</dst>
      <dst id="11">8870.1600</dst>
      <dst id="9">6727.6267</dst>
      <dst id="17">41664.1689</dst>
      <dst id="21">33884.4978</dst>
      <dst id="15">968.0889</dst>
    </src>
    <src id="22">
      <dst id="12">6802.2578</dst>
      <dst id="13">4563.1289</dst>
      <dst id="19">310.5422</dst>
      <dst id="23">109.3422</dst>
      <dst id="8">3533.3067</dst>
      <dst id="18">912.7556</dst>
      <dst id="4">20122.3911</dst>
      <dst id="1">530.2667</dst>
      <dst id="5">4278.5244</dst>
      <dst id="3">10622.8356</dst>
      <dst id="7">1513.9733</dst>
      <dst id="2">2396.5156</dst>
      <dst id="6">23.1911</dst>
      <dst id="16">0.8533</dst>
      <dst id="14">69.4933</dst>
      <dst id="11">2920.8000</dst>
      <dst id="9">4232.0800</dst>
      <dst id="17">5388.3200</dst>
      <dst id="21">1745.9289</dst>
    </src>
    <src id="7">
      <dst id="12">13950.1156</dst>
      <dst id="13">1441.8400</dst>
      <dst id="19">1297.7511</dst>
      <dst id="23">420.3289</dst>
      <dst id="8">612.6222</dst>
      <dst id="18">882.6311</dst>
      <dst id="4">53446.5422</dst>
      <dst id="1">6325.0489</dst>
      <dst id="5">930.7733</dst>
      <dst id="3">10352.9956</dst>
      <dst id="22">4289.1022</dst>
      <dst id="7">696.8889</dst>
      <dst id="2">13033.7956</dst>
      <dst id="6">145.3600</dst>
      <dst id="16">1551.4133</dst>
      <dst id="14">2838.4444</dst>
      <dst id="20">543.4222</dst>
      <dst id="11">3869.7778</dst>
      <dst id="9">1152.1867</dst>
      <dst id="17">18171.7156</dst>
      <dst id="21">16332.7111</dst>
      <dst id="15">438.6933</dst>
    </src>
    <src id="2">
      <dst id="12">183103.3867</dst>
      <dst id="13">7237.8489</dst>
      <dst id="19">913.7067</dst>
      <dst id="23">6.6844</dst>
      <dst id="8">1799.3778</dst>
      <dst id="18">158041.8578</dst>
      <dst id="4">141683.0933</dst>
      <dst id="1">10014.9067</dst>
      <dst id="5">2536.0533</dst>
      <dst id="3">4131.1822</dst>
      <dst id="22">2507.0400</dst>
      <dst id="7">5720.4978</dst>
      <dst id="2">1676.1244</dst>
      <dst id="6">8341.0578</dst>
      <dst id="16">10676.9333</dst>
      <dst id="14">661.9822</dst>
      <dst id="20">1014.8267</dst>
      <dst id="11">4802.1244</dst>
      <dst id="9">1350.8711</dst>
      <dst id="17">84035.5467</dst>
      <dst id="21">19800.6578</dst>
      <dst id="15">842.2044</dst>
    </src>
    <src id="6">
      <dst id="12">11988.5689</dst>
      <dst id="13">2.1511</dst>
      <dst id="19">80.0889</dst>
      <dst id="23">11.8044</dst>
      <dst id="8">30.2933</dst>
      <dst id="18">11.4667</dst>
      <dst id="4">166.8978</dst>
      <dst id="1">1.0311</dst>
      <dst id="5">12.8000</dst>
      <dst id="3">16.8889</dst>
      <dst id="22">77.3689</dst>
      <dst id="7">181.9822</dst>
      <dst id="2">2353.7511</dst>
      <dst id="16">45.8667</dst>
      <dst id="20">0.7200</dst>
      <dst id="11">6.4711</dst>
      <dst id="9">17.2622</dst>
      <dst id="17">1991.0311</dst>
      <dst id="21">108.0711</dst>
      <dst id="15">0.3378</dst>
    </src>
    <src id="16">
      <dst id="12">4378.7822</dst>
      <dst id="13">1038.3467</dst>
      <dst id="19">4055.3156</dst>
      <dst id="23">33.1200</dst>
      <dst id="8">6764.9333</dst>
      <dst id="18">49.4133</dst>
      <dst id="4">8986.4178</dst>
      <dst id="1">19600.4533</dst>
      <dst id="5">6010.5244</dst>
      <dst id="3">1882.4000</dst>
      <dst id="7">479.9644</dst>
      <dst id="2">1321.6267</dst>
      <dst id="6">1.0667</dst>
      <dst id="16">44.8444</dst>
      <dst id="14">102.5422</dst>
      <dst id="11">921.3511</dst>
      <dst id="9">15482.0089</dst>
      <dst id="17">5268.2756</dst>
      <dst id="21">580.9956</dst>
    </src>
    <src id="14">
      <dst id="12">26323.1111</dst>
      <dst id="13">154.7644</dst>
      <dst id="19">5.2978</dst>
      <dst id="23">18.3111</dst>
      <dst id="8">0.9956</dst>
      <dst id="18">1.8489</dst>
      <dst id="4">3311.8756</dst>
      <dst id="1">162.8622</dst>
      <dst id="5">6.3200</dst>
      <dst id="3">1010.8178</dst>
      <dst id="22">5.2622</dst>
      <dst id="7">240.0356</dst>
      <dst id="2">6778.1778</dst>
      <dst id="16">5.2978</dst>
      <dst id="20">1.0667</dst>
      <dst id="11">25.8311</dst>
      <dst id="9">39.9911</dst>
      <dst id="17">7717.0400</dst>
      <dst id="21">408.4356</dst>
    </src>
    <src id="20">
      <dst id="12">8692.4711</dst>
      <dst id="13">10176.5156</dst>
      <dst id="19">20.5422</dst>
      <dst id="23">411.6978</dst>
      <dst id="8">3986.3911</dst>
      <dst id="18">627.4489</dst>
      <dst id="4">11383.6978</dst>
      <dst id="1">166.6133</dst>
      <dst id="5">2826.6844</dst>
      <dst id="3">1895.0578</dst>
      <dst id="22">0.3556</dst>
      <dst id="7">533.2089</dst>
      <dst id="2">7916.7378</dst>
      <dst id="6">3.4489</dst>
      <dst id="14">0.4622</dst>
      <dst id="11">4211.2000</dst>
      <dst id="9">8145.1556</dst>
      <dst id="17">33927.6533</dst>
      <dst id="21">2047.5556</dst>
    </src>
    <src id="11">
      <dst id="12">432392.0533</dst>
      <dst id="13">1623.2978</dst>
      <dst id="19">4221.3689</dst>
      <dst id="23">378.0622</dst>
      <dst id="8">246.8178</dst>
      <dst id="18">1225.4667</dst>
      <dst id="4">12169.4133</dst>
      <dst id="1">3461.6089</dst>
      <dst id="5">2246.9244</dst>
      <dst id="3">6103.1111</dst>
      <dst id="22">3252.0889</dst>
      <dst id="7">1588.3289</dst>
      <dst id="2">166183.3956</dst>
      <dst id="6">77.1733</dst>
      <dst id="16">706.7733</dst>
      <dst id="14">137.5822</dst>
      <dst id="20">598.6044</dst>
      <dst id="11">1710.7200</dst>
      <dst id="9">2338.9511</dst>
      <dst id="17">106675.1733</dst>
      <dst id="21">7393.7600</dst>
      <dst id="15">218.2933</dst>
    </src>
    <src id="9">
      <dst id="12">495996.4000</dst>
      <dst id="13">11983.4667</dst>
      <dst id="19">207.4756</dst>
      <dst id="23">249.9289</dst>
      <dst id="8">406.1067</dst>
      <dst id="18">1031.7067</dst>
      <dst id="4">12192.1333</dst>
      <dst id="1">719.1644</dst>
      <dst id="5">7368.3022</dst>
      <dst id="3">4601.1111</dst>
      <dst id="22">4849.9378</dst>
      <dst id="7">3398.0711</dst>
      <dst id="2">200369.1733</dst>
      <dst id="6">104.5867</dst>
      <dst id="16">2053.6000</dst>
      <dst id="14">0.8889</dst>
      <dst id="20">1951.0667</dst>
      <dst id="11">933.8578</dst>
      <dst id="9">1937.7689</dst>
      <dst id="17">117279.4489</dst>
      <dst id="21">2272.5156</dst>
      <dst id="15">2279.8933</dst>
    </src>
    <src id="17">
      <dst id="12">13301.8489</dst>
      <dst id="13">6594.8089</dst>
      <dst id="19">17007.2267</dst>
      <dst id="23">2405.2178</dst>
      <dst id="8">180459.7333</dst>
      <dst id="18">1239.7778</dst>
      <dst id="4">100462.1067</dst>
      <dst id="1">7149.7067</dst>
      <dst id="5">278167.7689</dst>
      <dst id="3">29680.7467</dst>
      <dst id="22">10481.5911</dst>
      <dst id="7">4329.0044</dst>
      <dst id="2">87780.5511</dst>
      <dst id="6">274.2044</dst>
      <dst id="16">11301.9644</dst>
      <dst id="14">44187.0578</dst>
      <dst id="20">4588.4000</dst>
      <dst id="11">144414.4089</dst>
      <dst id="9">283793.8489</dst>
      <dst id="17">1678.4711</dst>
      <dst id="21">30858.3467</dst>
      <dst id="15">289.8133</dst>
    </src>
    <src id="21">
      <dst id="12">29090.5156</dst>
      <dst id="13">1270.2222</dst>
      <dst id="19">1580.5422</dst>
      <dst id="23">219.9289</dst>
      <dst id="8">63.4400</dst>
      <dst id="18">1652.7200</dst>
      <dst id="4">33850.2311</dst>
      <dst id="1">23726.4889</dst>
      <dst id="5">841.6889</dst>
      <dst id="3">4782.1867</dst>
      <dst id="22">2040.2311</dst>
      <dst id="7">1976.6489</dst>
      <dst id="2">14459.2178</dst>
      <dst id="6">10.3289</dst>
      <dst id="16">934.7556</dst>
      <dst id="14">148.3111</dst>
      <dst id="20">848.2933</dst>
      <dst id="11">1165.6178</dst>
      <dst id="9">798.1156</dst>
      <dst id="17">5758.1333</dst>
      <dst id="21">4240.5689</dst>
      <dst id="15">295.0578</dst>
    </src>
    <src id="15">
      <dst id="12">1618.7200</dst>
      <dst id="13">548.9333</dst>
      <dst id="19">49.6889</dst>
      <dst id="23">14.4533</dst>
      <dst id="8">7585.0933</dst>
      <dst id="18">3.6978</dst>
      <dst id="4">5060.0711</dst>
      <dst id="1">507.0756</dst>
      <dst id="5">605.1556</dst>
      <dst id="3">1415.0667</dst>
      <dst id="7">199.4667</dst>
      <dst id="2">628.7378</dst>
      <dst id="11">51.1378</dst>
      <dst id="9">1020.3378</dst>
      <dst id="17">941.2533</dst>
      <dst id="21">357.9822</dst>
    </src>
  </IntraTM>
</TrafficMatrixFile>
