<?xml version="1.0" encoding="UTF-8" standalone="yes"?>
<TrafficMatrixFile xmlns:xsi="http://www.w3.org/2001/XMLSchema-instance" xsi:noNamespaceSchemaLocation="http://totem.run.montefiore.ulg.ac.be/Schema/TrafficMatrix-v1_2.xsd">
  <info>
    <title>Intradomain traffic matrix generated by geant-TM-all.pl</title>
    <date>2005-01-01T19:15:00</date>
    <duration>900</duration>
    <author>Steve Uhlig</author>
    <units>
        <unit type="bandwidth" value="kbps"/>
    </units>
  </info>
  <IntraTM ASID="20965">
    <src id="12">
      <dst id="12">389183.7511</dst>
      <dst id="13">17230.2667</dst>
      <dst id="19">6309.3511</dst>
      <dst id="23">12760.8711</dst>
      <dst id="8">3857.2089</dst>
      <dst id="18">2815.3511</dst>
      <dst id="4">86490.9067</dst>
      <dst id="1">9062.5689</dst>
      <dst id="5">4863.3067</dst>
      <dst id="3">11752.3822</dst>
      <dst id="22">38211.6356</dst>
      <dst id="7">3335.9378</dst>
      <dst id="2">107659.9911</dst>
      <dst id="6">16.9156</dst>
      <dst id="16">7968.9422</dst>
      <dst id="14">3330.9600</dst>
      <dst id="20">8068.4089</dst>
      <dst id="11">6840.3467</dst>
      <dst id="9">37468.7200</dst>
      <dst id="17">76357.2267</dst>
      <dst id="21">23071.6889</dst>
      <dst id="15">6437.8844</dst>
    </src>
    <src id="13">
      <dst id="12">67268.2933</dst>
      <dst id="19">6882.8178</dst>
      <dst id="23">131.5289</dst>
      <dst id="8">5692.3022</dst>
      <dst id="18">11594.2756</dst>
      <dst id="1">7606.1956</dst>
      <dst id="5">14031.0933</dst>
      <dst id="3">32231.4933</dst>
      <dst id="22">28884.1600</dst>
      <dst id="7">14690.2044</dst>
      <dst id="2">101095.9822</dst>
      <dst id="6">144.7911</dst>
      <dst id="16">7946.9956</dst>
      <dst id="14">8470.3733</dst>
      <dst id="20">18035.3422</dst>
      <dst id="11">22892.0000</dst>
      <dst id="9">19076.6400</dst>
      <dst id="17">69676.2133</dst>
      <dst id="21">44229.8311</dst>
      <dst id="15">19019.3244</dst>
    </src>
    <src id="19">
      <dst id="12">13785.7867</dst>
      <dst id="13">590.2489</dst>
      <dst id="23">92.2667</dst>
      <dst id="8">8.5600</dst>
      <dst id="18">790.8089</dst>
      <dst id="4">18092.0444</dst>
      <dst id="1">86.7822</dst>
      <dst id="5">43.0044</dst>
      <dst id="3">12479.8667</dst>
      <dst id="22">1074.3911</dst>
      <dst id="7">4515.9644</dst>
      <dst id="2">458.3822</dst>
      <dst id="6">176.7111</dst>
      <dst id="16">15624.9511</dst>
      <dst id="20">68.8000</dst>
      <dst id="11">576.1956</dst>
      <dst id="9">612.2133</dst>
      <dst id="17">515.3956</dst>
      <dst id="21">3517.8667</dst>
      <dst id="15">1.2089</dst>
    </src>
    <src id="23">
      <dst id="12">1742.5156</dst>
      <dst id="13">620.3200</dst>
      <dst id="19">95.5467</dst>
      <dst id="8">46.4711</dst>
      <dst id="18">27.3600</dst>
      <dst id="4">34.4978</dst>
      <dst id="1">96.2489</dst>
      <dst id="5">71.0400</dst>
      <dst id="3">1004.3022</dst>
      <dst id="22">840.6844</dst>
      <dst id="7">175.4578</dst>
      <dst id="2">547.0578</dst>
      <dst id="16">115.6711</dst>
      <dst id="14">23.5733</dst>
      <dst id="20">68.9956</dst>
      <dst id="11">305.2089</dst>
      <dst id="9">252.1067</dst>
      <dst id="17">954.0711</dst>
      <dst id="21">991.8133</dst>
      <dst id="15">13.6889</dst>
    </src>
    <src id="8">
      <dst id="12">387942.2489</dst>
      <dst id="13">370.0000</dst>
      <dst id="19">8.6222</dst>
      <dst id="23">242.0356</dst>
      <dst id="18">891.3422</dst>
      <dst id="4">6371.3600</dst>
      <dst id="1">1685.7867</dst>
      <dst id="5">6449.2889</dst>
      <dst id="3">312.4178</dst>
      <dst id="22">1217.1556</dst>
      <dst id="7">29.4756</dst>
      <dst id="2">142659.0400</dst>
      <dst id="6">4.2489</dst>
      <dst id="16">3017.9378</dst>
      <dst id="14">0.8267</dst>
      <dst id="20">6226.1422</dst>
      <dst id="11">2726.1156</dst>
      <dst id="9">812.5956</dst>
      <dst id="17">81809.0489</dst>
      <dst id="21">3081.1911</dst>
      <dst id="15">403.8400</dst>
    </src>
    <src id="18">
      <dst id="12">134485.7600</dst>
      <dst id="13">362.8978</dst>
      <dst id="19">988.8622</dst>
      <dst id="23">1.8222</dst>
      <dst id="8">94.6578</dst>
      <dst id="4">2168.4267</dst>
      <dst id="1">785.9111</dst>
      <dst id="5">328.6756</dst>
      <dst id="3">214.9778</dst>
      <dst id="22">348.4711</dst>
      <dst id="7">245.7689</dst>
      <dst id="2">41735.4400</dst>
      <dst id="16">53.5733</dst>
      <dst id="14">0.7822</dst>
      <dst id="20">57.1378</dst>
      <dst id="11">253.5378</dst>
      <dst id="9">61.2889</dst>
      <dst id="17">37381.4933</dst>
      <dst id="21">1148.4622</dst>
      <dst id="15">585.1289</dst>
    </src>
    <src id="4">
      <dst id="12">24502.7822</dst>
      <dst id="19">16652.5244</dst>
      <dst id="8">2049.0133</dst>
      <dst id="18">2065.4044</dst>
      <dst id="4">1.0400</dst>
      <dst id="1">3945.6533</dst>
      <dst id="5">2215.2533</dst>
      <dst id="3">23749.9289</dst>
      <dst id="22">9204.4711</dst>
      <dst id="7">20669.4844</dst>
      <dst id="2">68395.1733</dst>
      <dst id="6">2.2044</dst>
      <dst id="16">3188.6400</dst>
      <dst id="14">18133.5022</dst>
      <dst id="20">8214.0889</dst>
      <dst id="11">10276.7644</dst>
      <dst id="9">4449.9289</dst>
      <dst id="17">21972.8267</dst>
      <dst id="21">8473.7689</dst>
      <dst id="15">575.0044</dst>
    </src>
    <src id="1">
      <dst id="12">16827.9911</dst>
      <dst id="13">1149.8044</dst>
      <dst id="19">46.0444</dst>
      <dst id="23">505.7956</dst>
      <dst id="8">239552.9333</dst>
      <dst id="18">13365.7778</dst>
      <dst id="4">6970.8800</dst>
      <dst id="1">59.9733</dst>
      <dst id="5">284471.2533</dst>
      <dst id="3">108859.3956</dst>
      <dst id="22">16281.9911</dst>
      <dst id="7">16202.5689</dst>
      <dst id="2">2735.3244</dst>
      <dst id="6">9356.0978</dst>
      <dst id="16">13869.1467</dst>
      <dst id="14">1190.2222</dst>
      <dst id="20">12372.0711</dst>
      <dst id="11">349.7422</dst>
      <dst id="9">421514.0089</dst>
      <dst id="17">6125.2089</dst>
      <dst id="21">24329.8311</dst>
      <dst id="15">1984.0089</dst>
    </src>
    <src id="5">
      <dst id="12">338510.1511</dst>
      <dst id="13">1843.8489</dst>
      <dst id="19">31.5822</dst>
      <dst id="23">184.9422</dst>
      <dst id="8">69006.8889</dst>
      <dst id="18">635.1111</dst>
      <dst id="4">9522.7733</dst>
      <dst id="1">10.1422</dst>
      <dst id="3">1293.6178</dst>
      <dst id="22">3924.7822</dst>
      <dst id="7">369.3956</dst>
      <dst id="2">145606.1867</dst>
      <dst id="6">2.4089</dst>
      <dst id="16">1697.5733</dst>
      <dst id="14">156.9956</dst>
      <dst id="20">1720.9156</dst>
      <dst id="11">2918.9333</dst>
      <dst id="9">3483.1556</dst>
      <dst id="17">96441.3156</dst>
      <dst id="21">455.1733</dst>
      <dst id="15">822.5244</dst>
    </src>
    <src id="3">
      <dst id="12">15006.0089</dst>
      <dst id="13">614.6489</dst>
      <dst id="19">1776.5333</dst>
      <dst id="23">25.3156</dst>
      <dst id="8">116.3200</dst>
      <dst id="18">181371.1111</dst>
      <dst id="4">42457.7778</dst>
      <dst id="1">19858.4711</dst>
      <dst id="5">814.3822</dst>
      <dst id="3">22780.7289</dst>
      <dst id="22">2694.8089</dst>
      <dst id="7">2174.1067</dst>
      <dst id="2">11107.0311</dst>
      <dst id="6">51.5467</dst>
      <dst id="16">2767.1111</dst>
      <dst id="14">62137.4044</dst>
      <dst id="20">10413.9022</dst>
      <dst id="11">271123.1733</dst>
      <dst id="9">588.1333</dst>
      <dst id="17">14500.6400</dst>
      <dst id="21">18810.4267</dst>
      <dst id="15">831.4044</dst>
    </src>
    <src id="10">
      <dst id="12">20699.0311</dst>
      <dst id="19">1159.4044</dst>
      <dst id="8">4177.8756</dst>
      <dst id="18">7289.8400</dst>
      <dst id="1">1740.5244</dst>
      <dst id="5">2305.0844</dst>
      <dst id="3">24355.7689</dst>
      <dst id="22">11719.8933</dst>
      <dst id="7">2709.6356</dst>
      <dst id="2">37589.6622</dst>
      <dst id="6">67.4756</dst>
      <dst id="16">2162.9333</dst>
      <dst id="14">5941.5200</dst>
      <dst id="20">7670.8622</dst>
      <dst id="11">5596.1333</dst>
      <dst id="9">3458.3467</dst>
      <dst id="17">27280.0800</dst>
      <dst id="21">19728.3467</dst>
      <dst id="15">1275.4578</dst>
    </src>
    <src id="22">
      <dst id="12">16614.3556</dst>
      <dst id="13">5804.3467</dst>
      <dst id="19">184.1511</dst>
      <dst id="23">337.2800</dst>
      <dst id="8">5677.4578</dst>
      <dst id="18">961.9378</dst>
      <dst id="4">17970.9956</dst>
      <dst id="1">473.8044</dst>
      <dst id="5">4927.0844</dst>
      <dst id="3">3620.0000</dst>
      <dst id="7">1599.9378</dst>
      <dst id="2">1942.9422</dst>
      <dst id="6">31.6533</dst>
      <dst id="16">0.7644</dst>
      <dst id="14">87.6978</dst>
      <dst id="11">4369.7333</dst>
      <dst id="9">7500.5156</dst>
      <dst id="17">6416.6133</dst>
      <dst id="21">5668.3733</dst>
    </src>
    <src id="7">
      <dst id="12">6127.0667</dst>
      <dst id="13">220.5600</dst>
      <dst id="19">1467.6267</dst>
      <dst id="23">303.7867</dst>
      <dst id="8">422.4800</dst>
      <dst id="18">2927.5467</dst>
      <dst id="4">30308.1422</dst>
      <dst id="1">1965.7511</dst>
      <dst id="5">1660.5778</dst>
      <dst id="3">6764.9956</dst>
      <dst id="22">10069.2711</dst>
      <dst id="7">138.7022</dst>
      <dst id="2">10455.2533</dst>
      <dst id="6">179.4400</dst>
      <dst id="16">1873.2356</dst>
      <dst id="14">2798.9867</dst>
      <dst id="20">6175.1378</dst>
      <dst id="11">1999.8222</dst>
      <dst id="9">1963.9111</dst>
      <dst id="17">5288.5511</dst>
      <dst id="21">7455.7600</dst>
      <dst id="15">510.0889</dst>
    </src>
    <src id="2">
      <dst id="12">193403.9911</dst>
      <dst id="13">15211.9467</dst>
      <dst id="19">1644.1778</dst>
      <dst id="23">11.0311</dst>
      <dst id="8">1382.4000</dst>
      <dst id="18">145233.2356</dst>
      <dst id="4">89147.9378</dst>
      <dst id="1">1486.2933</dst>
      <dst id="5">2602.3733</dst>
      <dst id="3">13227.8222</dst>
      <dst id="22">2939.4933</dst>
      <dst id="7">12001.6978</dst>
      <dst id="2">2583.3511</dst>
      <dst id="6">6746.0356</dst>
      <dst id="16">2115.2089</dst>
      <dst id="14">318.6311</dst>
      <dst id="20">837.1644</dst>
      <dst id="11">10141.0667</dst>
      <dst id="9">1945.2533</dst>
      <dst id="17">17869.7333</dst>
      <dst id="21">10884.5511</dst>
      <dst id="15">316.6489</dst>
    </src>
    <src id="6">
      <dst id="12">10345.3956</dst>
      <dst id="13">11.8756</dst>
      <dst id="19">4.4622</dst>
      <dst id="8">22.2400</dst>
      <dst id="18">14.9333</dst>
      <dst id="4">53.1467</dst>
      <dst id="1">2.5244</dst>
      <dst id="3">355.7600</dst>
      <dst id="22">25.3511</dst>
      <dst id="7">6.0178</dst>
      <dst id="2">2552.3911</dst>
      <dst id="16">0.7111</dst>
      <dst id="20">27.9822</dst>
      <dst id="11">66.2933</dst>
      <dst id="9">36.6222</dst>
      <dst id="17">1206.6222</dst>
      <dst id="21">94.1333</dst>
      <dst id="15">11.4667</dst>
    </src>
    <src id="16">
      <dst id="12">4020.9067</dst>
      <dst id="13">219.8044</dst>
      <dst id="19">4695.6978</dst>
      <dst id="23">43.2356</dst>
      <dst id="8">9906.1867</dst>
      <dst id="18">50.5600</dst>
      <dst id="4">4494.2667</dst>
      <dst id="1">22226.5244</dst>
      <dst id="5">14147.8222</dst>
      <dst id="3">6356.2578</dst>
      <dst id="22">13.3333</dst>
      <dst id="7">1585.4044</dst>
      <dst id="2">1503.5467</dst>
      <dst id="6">18.3556</dst>
      <dst id="16">27.1200</dst>
      <dst id="14">389.6889</dst>
      <dst id="11">486.8267</dst>
      <dst id="9">15550.4533</dst>
      <dst id="17">3727.8400</dst>
      <dst id="21">634.0178</dst>
    </src>
    <src id="14">
      <dst id="12">30013.9822</dst>
      <dst id="13">65.8667</dst>
      <dst id="19">1.4933</dst>
      <dst id="23">14.2222</dst>
      <dst id="8">4.8622</dst>
      <dst id="18">1.4933</dst>
      <dst id="4">3216.7644</dst>
      <dst id="1">95.3867</dst>
      <dst id="5">14.8711</dst>
      <dst id="3">109.6178</dst>
      <dst id="22">105.0578</dst>
      <dst id="7">243.9022</dst>
      <dst id="2">8909.9467</dst>
      <dst id="16">72.5244</dst>
      <dst id="20">1.0133</dst>
      <dst id="11">317.8400</dst>
      <dst id="9">0.8533</dst>
      <dst id="17">6006.4267</dst>
      <dst id="21">101.1644</dst>
      <dst id="15">1.2889</dst>
    </src>
    <src id="20">
      <dst id="12">7264.6489</dst>
      <dst id="13">5190.4622</dst>
      <dst id="19">87.6622</dst>
      <dst id="23">58.6933</dst>
      <dst id="8">5902.1511</dst>
      <dst id="18">703.3333</dst>
      <dst id="4">11746.3556</dst>
      <dst id="1">261.8044</dst>
      <dst id="5">3249.9289</dst>
      <dst id="3">4955.1378</dst>
      <dst id="22">0.4622</dst>
      <dst id="7">7254.9689</dst>
      <dst id="2">4694.0000</dst>
      <dst id="6">52.3111</dst>
      <dst id="11">840.4444</dst>
      <dst id="9">18633.6978</dst>
      <dst id="17">7371.7778</dst>
      <dst id="21">282.5600</dst>
    </src>
    <src id="11">
      <dst id="12">431013.2178</dst>
      <dst id="13">2090.5867</dst>
      <dst id="19">874.0356</dst>
      <dst id="23">101.6089</dst>
      <dst id="8">2658.3289</dst>
      <dst id="18">565.7778</dst>
      <dst id="4">16997.4133</dst>
      <dst id="1">515.5378</dst>
      <dst id="5">2105.3956</dst>
      <dst id="3">1238.9511</dst>
      <dst id="22">6683.4933</dst>
      <dst id="7">366.4267</dst>
      <dst id="2">166502.8000</dst>
      <dst id="6">1.6711</dst>
      <dst id="16">512.5422</dst>
      <dst id="14">360.3911</dst>
      <dst id="20">5355.4044</dst>
      <dst id="11">5536.9422</dst>
      <dst id="9">1123.2622</dst>
      <dst id="17">94652.5333</dst>
      <dst id="21">2795.4756</dst>
      <dst id="15">1014.9867</dst>
    </src>
    <src id="9">
      <dst id="12">599904.7644</dst>
      <dst id="13">2726.5511</dst>
      <dst id="19">135.7600</dst>
      <dst id="23">138.8089</dst>
      <dst id="8">2960.4889</dst>
      <dst id="18">122.8178</dst>
      <dst id="4">15596.6311</dst>
      <dst id="1">8650.3289</dst>
      <dst id="5">2609.1644</dst>
      <dst id="3">1512.0889</dst>
      <dst id="22">3680.1511</dst>
      <dst id="7">466.8711</dst>
      <dst id="2">196790.5422</dst>
      <dst id="6">15.7511</dst>
      <dst id="16">1094.6133</dst>
      <dst id="14">40.7200</dst>
      <dst id="20">9747.4756</dst>
      <dst id="11">1371.9556</dst>
      <dst id="9">5714.7822</dst>
      <dst id="17">151353.4311</dst>
      <dst id="21">2061.2622</dst>
      <dst id="15">2091.1911</dst>
    </src>
    <src id="17">
      <dst id="12">16707.1733</dst>
      <dst id="13">1071.5111</dst>
      <dst id="19">16368.7733</dst>
      <dst id="23">805.2356</dst>
      <dst id="8">216965.8222</dst>
      <dst id="18">2906.0622</dst>
      <dst id="4">83469.2978</dst>
      <dst id="1">2042.1689</dst>
      <dst id="5">266355.5378</dst>
      <dst id="3">28889.8489</dst>
      <dst id="22">27384.3556</dst>
      <dst id="7">22252.8978</dst>
      <dst id="2">17762.7644</dst>
      <dst id="6">149.2711</dst>
      <dst id="16">4158.0444</dst>
      <dst id="14">45534.2489</dst>
      <dst id="20">3714.4622</dst>
      <dst id="11">185939.0844</dst>
      <dst id="9">366718.2044</dst>
      <dst id="17">1675.6000</dst>
      <dst id="21">25628.6844</dst>
      <dst id="15">1237.7956</dst>
    </src>
    <src id="21">
      <dst id="12">21203.9644</dst>
      <dst id="13">1316.8711</dst>
      <dst id="19">880.3822</dst>
      <dst id="23">1591.8400</dst>
      <dst id="8">664.5067</dst>
      <dst id="18">2954.9333</dst>
      <dst id="4">27423.1644</dst>
      <dst id="1">2021.4044</dst>
      <dst id="5">1013.5911</dst>
      <dst id="3">8234.2489</dst>
      <dst id="22">2488.4267</dst>
      <dst id="7">4251.2444</dst>
      <dst id="2">12607.1644</dst>
      <dst id="6">16.9244</dst>
      <dst id="16">1133.5289</dst>
      <dst id="14">99.1911</dst>
      <dst id="20">576.0800</dst>
      <dst id="11">1866.7289</dst>
      <dst id="9">1632.5067</dst>
      <dst id="17">7827.4133</dst>
      <dst id="21">4536.5333</dst>
      <dst id="15">1804.1067</dst>
    </src>
    <src id="15">
      <dst id="12">4088.2578</dst>
      <dst id="13">720.5422</dst>
      <dst id="19">1.0489</dst>
      <dst id="23">9.9911</dst>
      <dst id="8">96.9689</dst>
      <dst id="18">37.7333</dst>
      <dst id="4">3036.6222</dst>
      <dst id="1">247.3422</dst>
      <dst id="5">53.5289</dst>
      <dst id="3">1738.2667</dst>
      <dst id="7">59.0578</dst>
      <dst id="2">638.0444</dst>
      <dst id="14">1.0756</dst>
      <dst id="11">805.1378</dst>
      <dst id="9">4950.3378</dst>
      <dst id="17">367.7244</dst>
      <dst id="21">111.4400</dst>
    </src>
  </IntraTM>
</TrafficMatrixFile>
