<?xml version="1.0" encoding="UTF-8" standalone="yes"?>
<TrafficMatrixFile xmlns:xsi="http://www.w3.org/2001/XMLSchema-instance" xsi:noNamespaceSchemaLocation="http://totem.run.montefiore.ulg.ac.be/Schema/TrafficMatrix-v1_2.xsd">
  <info>
    <title>Intradomain traffic matrix generated by geant-TM-all.pl</title>
    <date>2005-01-03T12:00:00</date>
    <duration>900</duration>
    <author>Steve Uhlig</author>
    <units>
        <unit type="bandwidth" value="kbps"/>
    </units>
  </info>
  <IntraTM ASID="20965">
    <src id="12">
      <dst id="12">187633.9733</dst>
      <dst id="13">20032.0356</dst>
      <dst id="19">1412.3378</dst>
      <dst id="23">6.1867</dst>
      <dst id="8">616.6222</dst>
      <dst id="18">3549.4400</dst>
      <dst id="4">59993.2978</dst>
      <dst id="1">7191.6178</dst>
      <dst id="5">996.3022</dst>
      <dst id="3">3786.4444</dst>
      <dst id="22">2866.5067</dst>
      <dst id="7">9093.2000</dst>
      <dst id="2">63655.6711</dst>
      <dst id="6">5.1378</dst>
      <dst id="16">4414.1511</dst>
      <dst id="14">133.6000</dst>
      <dst id="20">10653.0756</dst>
      <dst id="11">4933.5378</dst>
      <dst id="9">6986.2578</dst>
      <dst id="17">72461.9644</dst>
      <dst id="21">2863.5556</dst>
      <dst id="15">1404.2133</dst>
    </src>
    <src id="13">
      <dst id="12">41133.6711</dst>
      <dst id="19">51666.7022</dst>
      <dst id="23">18.3644</dst>
      <dst id="8">2163.4667</dst>
      <dst id="18">3033.0933</dst>
      <dst id="1">1714.9600</dst>
      <dst id="5">9984.2133</dst>
      <dst id="3">6133.5022</dst>
      <dst id="22">18366.9956</dst>
      <dst id="7">4830.0711</dst>
      <dst id="2">120889.6533</dst>
      <dst id="6">25.3778</dst>
      <dst id="16">7034.5511</dst>
      <dst id="14">1006.2489</dst>
      <dst id="20">18626.5244</dst>
      <dst id="11">7930.6489</dst>
      <dst id="9">33526.4444</dst>
      <dst id="17">61072.3378</dst>
      <dst id="21">13412.1600</dst>
      <dst id="15">2087.1644</dst>
    </src>
    <src id="19">
      <dst id="12">12109.4578</dst>
      <dst id="13">429.5644</dst>
      <dst id="23">11.1289</dst>
      <dst id="8">1.2711</dst>
      <dst id="4">22045.6356</dst>
      <dst id="1">472.1333</dst>
      <dst id="5">96.1067</dst>
      <dst id="22">270.1067</dst>
      <dst id="7">2970.7644</dst>
      <dst id="2">148.8356</dst>
      <dst id="6">52.6489</dst>
      <dst id="16">6151.6444</dst>
      <dst id="20">3.3156</dst>
      <dst id="11">95.2978</dst>
      <dst id="9">1.9289</dst>
      <dst id="17">145.3956</dst>
      <dst id="21">229.1733</dst>
      <dst id="15">0.4622</dst>
    </src>
    <src id="23">
      <dst id="12">42.9689</dst>
      <dst id="13">53.9289</dst>
      <dst id="19">28.0622</dst>
      <dst id="18">1243.1200</dst>
      <dst id="4">116.3556</dst>
      <dst id="1">71.3778</dst>
      <dst id="5">12.6222</dst>
      <dst id="3">209.1822</dst>
      <dst id="22">66.6844</dst>
      <dst id="7">124.4089</dst>
      <dst id="2">360.8267</dst>
      <dst id="6">0.9956</dst>
      <dst id="16">2.9244</dst>
      <dst id="20">13.3333</dst>
      <dst id="11">35.3067</dst>
      <dst id="9">320.1067</dst>
      <dst id="17">105.3956</dst>
      <dst id="21">112.5422</dst>
    </src>
    <src id="8">
      <dst id="12">296972.2311</dst>
      <dst id="13">116.9156</dst>
      <dst id="19">1.2000</dst>
      <dst id="18">28.8622</dst>
      <dst id="4">5963.0489</dst>
      <dst id="1">343.8133</dst>
      <dst id="5">588.1333</dst>
      <dst id="3">1.2267</dst>
      <dst id="22">957.6267</dst>
      <dst id="7">94.3378</dst>
      <dst id="2">102987.1200</dst>
      <dst id="16">68.2489</dst>
      <dst id="20">236.9244</dst>
      <dst id="11">618.8533</dst>
      <dst id="9">325.5111</dst>
      <dst id="17">99080.7378</dst>
      <dst id="21">75.6178</dst>
      <dst id="15">141.0311</dst>
    </src>
    <src id="18">
      <dst id="12">102761.3778</dst>
      <dst id="13">143.0489</dst>
      <dst id="19">0.4267</dst>
      <dst id="23">31.3067</dst>
      <dst id="8">14.9689</dst>
      <dst id="4">1141.1289</dst>
      <dst id="1">950.3911</dst>
      <dst id="5">326.0356</dst>
      <dst id="3">234.0889</dst>
      <dst id="22">204.3022</dst>
      <dst id="7">68.5244</dst>
      <dst id="2">31066.1956</dst>
      <dst id="16">18.4267</dst>
      <dst id="20">41.7422</dst>
      <dst id="11">258.7022</dst>
      <dst id="9">52.9333</dst>
      <dst id="17">34619.5644</dst>
      <dst id="21">274.4444</dst>
      <dst id="15">9.6978</dst>
    </src>
    <src id="4">
      <dst id="12">8724.0178</dst>
      <dst id="19">8132.3289</dst>
      <dst id="8">4577.1378</dst>
      <dst id="18">1127.9822</dst>
      <dst id="4">3.6978</dst>
      <dst id="1">11469.7778</dst>
      <dst id="5">1721.2622</dst>
      <dst id="3">8.7200</dst>
      <dst id="22">4103.3244</dst>
      <dst id="7">123005.1200</dst>
      <dst id="2">37676.9867</dst>
      <dst id="6">16.6222</dst>
      <dst id="16">553.4311</dst>
      <dst id="14">858.3022</dst>
      <dst id="20">256.1511</dst>
      <dst id="11">1922.8622</dst>
      <dst id="9">3975.5644</dst>
      <dst id="17">90878.7022</dst>
      <dst id="21">3350.4533</dst>
      <dst id="15">355.6889</dst>
    </src>
    <src id="1">
      <dst id="12">22642.7644</dst>
      <dst id="13">313.1644</dst>
      <dst id="19">44.1956</dst>
      <dst id="23">9.6889</dst>
      <dst id="8">77827.4133</dst>
      <dst id="18">11928.3467</dst>
      <dst id="4">5182.8089</dst>
      <dst id="1">15153.9022</dst>
      <dst id="5">127481.4044</dst>
      <dst id="3">77.7689</dst>
      <dst id="22">2418.9333</dst>
      <dst id="7">1230.9778</dst>
      <dst id="2">11815.5200</dst>
      <dst id="6">5146.1244</dst>
      <dst id="16">12080.8178</dst>
      <dst id="14">102.8800</dst>
      <dst id="20">44.6489</dst>
      <dst id="11">232.0089</dst>
      <dst id="9">126766.4711</dst>
      <dst id="17">2603.3333</dst>
      <dst id="21">3864.5956</dst>
      <dst id="15">108.9511</dst>
    </src>
    <src id="5">
      <dst id="12">246993.2978</dst>
      <dst id="13">1120.6844</dst>
      <dst id="19">12027.0578</dst>
      <dst id="23">0.4622</dst>
      <dst id="8">2095.7333</dst>
      <dst id="18">775.7956</dst>
      <dst id="4">3714.9422</dst>
      <dst id="1">6550.7822</dst>
      <dst id="3">0.7467</dst>
      <dst id="22">1801.6711</dst>
      <dst id="7">211.2711</dst>
      <dst id="2">81808.2489</dst>
      <dst id="6">37.1556</dst>
      <dst id="16">116.0533</dst>
      <dst id="20">1028.0889</dst>
      <dst id="11">665.0133</dst>
      <dst id="9">11732.3200</dst>
      <dst id="17">97206.8978</dst>
      <dst id="21">206.1156</dst>
      <dst id="15">540.9156</dst>
    </src>
    <src id="3">
      <dst id="12">8804.2578</dst>
      <dst id="13">1911.1644</dst>
      <dst id="19">1456.5422</dst>
      <dst id="23">7627.3422</dst>
      <dst id="8">113.1200</dst>
      <dst id="18">57102.6222</dst>
      <dst id="4">34015.6267</dst>
      <dst id="1">24398.9867</dst>
      <dst id="5">395.3156</dst>
      <dst id="3">8766.2933</dst>
      <dst id="22">862.7200</dst>
      <dst id="7">1801.2000</dst>
      <dst id="2">3385.3778</dst>
      <dst id="6">1.4667</dst>
      <dst id="16">990.8444</dst>
      <dst id="14">17103.2711</dst>
      <dst id="20">212.7822</dst>
      <dst id="11">112158.3378</dst>
      <dst id="9">95.7333</dst>
      <dst id="17">4991.9378</dst>
      <dst id="21">5897.7600</dst>
      <dst id="15">371.6089</dst>
    </src>
    <src id="10">
      <dst id="12">9814.7022</dst>
      <dst id="19">1971.7067</dst>
      <dst id="8">717.2711</dst>
      <dst id="18">258.7022</dst>
      <dst id="1">1493.0489</dst>
      <dst id="5">1873.3422</dst>
      <dst id="3">7929.7156</dst>
      <dst id="22">8101.3067</dst>
      <dst id="7">102565.6356</dst>
      <dst id="2">23063.0933</dst>
      <dst id="6">0.3556</dst>
      <dst id="16">281.1556</dst>
      <dst id="14">304.6844</dst>
      <dst id="20">2785.6711</dst>
      <dst id="11">5866.2400</dst>
      <dst id="9">2780.5422</dst>
      <dst id="17">26254.3200</dst>
      <dst id="21">8227.5644</dst>
      <dst id="15">76.5067</dst>
    </src>
    <src id="22">
      <dst id="12">5678.4889</dst>
      <dst id="13">2843.2533</dst>
      <dst id="19">282.7378</dst>
      <dst id="23">680.8089</dst>
      <dst id="8">265.4667</dst>
      <dst id="18">328.5778</dst>
      <dst id="4">21694.2400</dst>
      <dst id="1">191.3689</dst>
      <dst id="5">3277.6356</dst>
      <dst id="3">266.5244</dst>
      <dst id="7">294.0000</dst>
      <dst id="2">4320.0533</dst>
      <dst id="6">3.1911</dst>
      <dst id="16">6.2044</dst>
      <dst id="14">572.8889</dst>
      <dst id="11">2211.8044</dst>
      <dst id="9">8385.4578</dst>
      <dst id="17">2818.9689</dst>
      <dst id="21">1702.8978</dst>
    </src>
    <src id="7">
      <dst id="12">8582.4533</dst>
      <dst id="13">4195.3333</dst>
      <dst id="19">102.2044</dst>
      <dst id="23">95.5644</dst>
      <dst id="8">619.5911</dst>
      <dst id="18">189.0756</dst>
      <dst id="4">28169.0933</dst>
      <dst id="1">681.3067</dst>
      <dst id="5">1163.2533</dst>
      <dst id="3">231.6089</dst>
      <dst id="22">4091.6000</dst>
      <dst id="7">643.8044</dst>
      <dst id="2">9055.3422</dst>
      <dst id="6">1.4133</dst>
      <dst id="16">512.6400</dst>
      <dst id="14">33.5822</dst>
      <dst id="20">1650.8444</dst>
      <dst id="11">765.0400</dst>
      <dst id="9">935.2267</dst>
      <dst id="17">14074.4622</dst>
      <dst id="21">2208.2756</dst>
      <dst id="15">282.1244</dst>
    </src>
    <src id="2">
      <dst id="12">77487.6622</dst>
      <dst id="13">508155.7156</dst>
      <dst id="19">288.4000</dst>
      <dst id="23">5.5467</dst>
      <dst id="8">198.2044</dst>
      <dst id="18">50394.4356</dst>
      <dst id="4">82746.6933</dst>
      <dst id="1">11701.5911</dst>
      <dst id="5">614.9600</dst>
      <dst id="3">43.6889</dst>
      <dst id="22">1484.5956</dst>
      <dst id="7">6737.5200</dst>
      <dst id="2">474.1778</dst>
      <dst id="6">6151.6178</dst>
      <dst id="16">3773.0756</dst>
      <dst id="14">5294.4444</dst>
      <dst id="20">393.2533</dst>
      <dst id="11">5991.5911</dst>
      <dst id="9">1069.2622</dst>
      <dst id="17">38825.5822</dst>
      <dst id="21">4526.8356</dst>
      <dst id="15">149.5111</dst>
    </src>
    <src id="6">
      <dst id="12">8014.1600</dst>
      <dst id="13">5.9200</dst>
      <dst id="19">127.6978</dst>
      <dst id="8">0.3911</dst>
      <dst id="18">0.3378</dst>
      <dst id="4">545.5378</dst>
      <dst id="1">3.1378</dst>
      <dst id="5">15.4578</dst>
      <dst id="22">12.2844</dst>
      <dst id="2">1796.6222</dst>
      <dst id="16">0.5689</dst>
      <dst id="9">0.3289</dst>
      <dst id="17">1037.7422</dst>
      <dst id="21">7.7689</dst>
    </src>
    <src id="16">
      <dst id="12">3199.8311</dst>
      <dst id="13">174.5689</dst>
      <dst id="19">3644.3022</dst>
      <dst id="23">5.8044</dst>
      <dst id="8">855.0489</dst>
      <dst id="18">3.2800</dst>
      <dst id="4">5639.5911</dst>
      <dst id="1">18671.8222</dst>
      <dst id="5">842.8889</dst>
      <dst id="3">0.5600</dst>
      <dst id="7">2348.6400</dst>
      <dst id="2">502.9244</dst>
      <dst id="6">2.4978</dst>
      <dst id="16">20.9778</dst>
      <dst id="14">1.3689</dst>
      <dst id="11">284.1422</dst>
      <dst id="9">1004.4444</dst>
      <dst id="17">671.9467</dst>
      <dst id="21">2404.7733</dst>
    </src>
    <src id="14">
      <dst id="12">15884.2133</dst>
      <dst id="13">65.1467</dst>
      <dst id="19">4.4800</dst>
      <dst id="23">1.2800</dst>
      <dst id="8">0.3556</dst>
      <dst id="4">2014.7200</dst>
      <dst id="1">34.3378</dst>
      <dst id="5">2.8800</dst>
      <dst id="3">53.9289</dst>
      <dst id="22">12.0978</dst>
      <dst id="7">65.5911</dst>
      <dst id="2">6042.5778</dst>
      <dst id="20">0.6756</dst>
      <dst id="11">35.7867</dst>
      <dst id="9">1.4756</dst>
      <dst id="17">6254.2933</dst>
      <dst id="21">40.8356</dst>
    </src>
    <src id="20">
      <dst id="12">14875.0578</dst>
      <dst id="13">6062.6756</dst>
      <dst id="19">1.5289</dst>
      <dst id="23">0.9244</dst>
      <dst id="8">1447.5733</dst>
      <dst id="18">44.8444</dst>
      <dst id="4">12985.9111</dst>
      <dst id="1">23.6533</dst>
      <dst id="5">471.9733</dst>
      <dst id="3">13255.1822</dst>
      <dst id="7">89.6889</dst>
      <dst id="2">350.4356</dst>
      <dst id="6">23.8222</dst>
      <dst id="11">356.3644</dst>
      <dst id="9">3130.7556</dst>
      <dst id="17">505.7156</dst>
      <dst id="21">88.7644</dst>
    </src>
    <src id="11">
      <dst id="12">374312.8000</dst>
      <dst id="13">2847.4578</dst>
      <dst id="19">12.8000</dst>
      <dst id="23">206.3200</dst>
      <dst id="8">378.9244</dst>
      <dst id="18">50.4533</dst>
      <dst id="4">8704.5333</dst>
      <dst id="1">538.4978</dst>
      <dst id="5">882.2578</dst>
      <dst id="3">389.1822</dst>
      <dst id="22">1298.8622</dst>
      <dst id="7">140.0000</dst>
      <dst id="2">124043.3156</dst>
      <dst id="16">38.6400</dst>
      <dst id="14">41.9467</dst>
      <dst id="20">218.5778</dst>
      <dst id="11">640.3911</dst>
      <dst id="9">2485.0756</dst>
      <dst id="17">147587.5733</dst>
      <dst id="21">1695.9556</dst>
      <dst id="15">159.6711</dst>
    </src>
    <src id="9">
      <dst id="12">348551.6267</dst>
      <dst id="13">4290.3644</dst>
      <dst id="19">14.7822</dst>
      <dst id="23">19.8844</dst>
      <dst id="8">154.5956</dst>
      <dst id="18">354.9067</dst>
      <dst id="4">14349.9644</dst>
      <dst id="1">4601.9822</dst>
      <dst id="5">3053.7867</dst>
      <dst id="3">0.7111</dst>
      <dst id="22">4453.7956</dst>
      <dst id="7">17.9822</dst>
      <dst id="2">120636.9956</dst>
      <dst id="6">0.3378</dst>
      <dst id="16">899.4044</dst>
      <dst id="14">75.7333</dst>
      <dst id="20">2342.5867</dst>
      <dst id="11">1574.0889</dst>
      <dst id="9">10967.0400</dst>
      <dst id="17">175835.5556</dst>
      <dst id="21">793.4844</dst>
      <dst id="15">374.1422</dst>
    </src>
    <src id="17">
      <dst id="12">15178.1778</dst>
      <dst id="13">14892.1422</dst>
      <dst id="19">1196.9689</dst>
      <dst id="23">61.3511</dst>
      <dst id="8">102512.0800</dst>
      <dst id="18">7685.3778</dst>
      <dst id="4">96486.6578</dst>
      <dst id="1">2045.4667</dst>
      <dst id="5">148013.6533</dst>
      <dst id="3">5062.5422</dst>
      <dst id="22">7649.7156</dst>
      <dst id="7">6425.2356</dst>
      <dst id="2">23357.1378</dst>
      <dst id="6">119.6089</dst>
      <dst id="16">3287.2178</dst>
      <dst id="14">9288.8533</dst>
      <dst id="20">265.1022</dst>
      <dst id="11">89382.7556</dst>
      <dst id="9">117651.8578</dst>
      <dst id="17">2466.1244</dst>
      <dst id="21">8578.0444</dst>
      <dst id="15">56.8978</dst>
    </src>
    <src id="21">
      <dst id="12">20732.7556</dst>
      <dst id="13">473.5556</dst>
      <dst id="19">224.8000</dst>
      <dst id="23">1.3867</dst>
      <dst id="8">18.9067</dst>
      <dst id="18">861.1378</dst>
      <dst id="4">20868.8089</dst>
      <dst id="1">1046.2667</dst>
      <dst id="5">357.5911</dst>
      <dst id="3">599.8667</dst>
      <dst id="22">1560.2933</dst>
      <dst id="7">5026.3556</dst>
      <dst id="2">8152.0711</dst>
      <dst id="6">0.3289</dst>
      <dst id="16">376.8267</dst>
      <dst id="14">57.4844</dst>
      <dst id="20">165.0489</dst>
      <dst id="11">335.4044</dst>
      <dst id="9">523.5467</dst>
      <dst id="17">3070.9244</dst>
      <dst id="21">1455.0756</dst>
      <dst id="15">16.3200</dst>
    </src>
    <src id="15">
      <dst id="12">1075.4933</dst>
      <dst id="13">5381.5289</dst>
      <dst id="19">1.0667</dst>
      <dst id="8">38.8978</dst>
      <dst id="18">46.7556</dst>
      <dst id="4">3659.6622</dst>
      <dst id="1">470.8711</dst>
      <dst id="5">222.1067</dst>
      <dst id="3">7.1644</dst>
      <dst id="7">101.9378</dst>
      <dst id="2">71.6711</dst>
      <dst id="6">1.1378</dst>
      <dst id="11">153.1289</dst>
      <dst id="9">433.0222</dst>
      <dst id="17">86.8267</dst>
      <dst id="21">15.7867</dst>
    </src>
  </IntraTM>
</TrafficMatrixFile>
