<?xml version="1.0" encoding="UTF-8" standalone="yes"?>
<TrafficMatrixFile xmlns:xsi="http://www.w3.org/2001/XMLSchema-instance" xsi:noNamespaceSchemaLocation="http://totem.run.montefiore.ulg.ac.be/Schema/TrafficMatrix-v1_2.xsd">
  <info>
    <title>Intradomain traffic matrix generated by geant-TM-all.pl</title>
    <date>2005-01-02T13:00:00</date>
    <duration>900</duration>
    <author>Steve Uhlig</author>
    <units>
        <unit type="bandwidth" value="kbps"/>
    </units>
  </info>
  <IntraTM ASID="20965">
    <src id="12">
      <dst id="12">185919.2711</dst>
      <dst id="13">11908.1600</dst>
      <dst id="19">2296.0533</dst>
      <dst id="23">116.6400</dst>
      <dst id="8">910.2044</dst>
      <dst id="18">3958.3200</dst>
      <dst id="4">84636.7911</dst>
      <dst id="1">6956.8622</dst>
      <dst id="5">2116.2400</dst>
      <dst id="3">1513.3956</dst>
      <dst id="22">5365.2356</dst>
      <dst id="7">1785.6711</dst>
      <dst id="2">55836.4622</dst>
      <dst id="6">69.8489</dst>
      <dst id="16">5384.8711</dst>
      <dst id="14">169.7067</dst>
      <dst id="20">537.1289</dst>
      <dst id="11">6016.8356</dst>
      <dst id="9">3282.6844</dst>
      <dst id="17">45473.1467</dst>
      <dst id="21">8547.1289</dst>
      <dst id="15">88.5244</dst>
    </src>
    <src id="13">
      <dst id="12">37075.1111</dst>
      <dst id="19">6255.4222</dst>
      <dst id="23">57.7156</dst>
      <dst id="8">652.0444</dst>
      <dst id="18">4721.2800</dst>
      <dst id="1">1228.7556</dst>
      <dst id="5">3981.9111</dst>
      <dst id="3">4846.3556</dst>
      <dst id="22">18196.7111</dst>
      <dst id="7">11087.6622</dst>
      <dst id="2">74351.8222</dst>
      <dst id="6">12.6578</dst>
      <dst id="16">3886.5067</dst>
      <dst id="14">2429.2711</dst>
      <dst id="20">8829.6267</dst>
      <dst id="11">5632.9422</dst>
      <dst id="9">7707.2000</dst>
      <dst id="17">57370.7733</dst>
      <dst id="21">20286.6489</dst>
      <dst id="15">2298.8889</dst>
    </src>
    <src id="19">
      <dst id="12">11415.3956</dst>
      <dst id="13">113.6800</dst>
      <dst id="23">1.1378</dst>
      <dst id="8">0.9867</dst>
      <dst id="18">49.2267</dst>
      <dst id="4">19711.4667</dst>
      <dst id="1">128.4533</dst>
      <dst id="5">61.6889</dst>
      <dst id="3">0.3556</dst>
      <dst id="22">74.3289</dst>
      <dst id="7">2975.4667</dst>
      <dst id="2">512.3111</dst>
      <dst id="6">66.8444</dst>
      <dst id="16">10294.2311</dst>
      <dst id="11">2.0356</dst>
      <dst id="9">407.2711</dst>
      <dst id="17">44.9867</dst>
      <dst id="21">219.5378</dst>
    </src>
    <src id="23">
      <dst id="12">163.4578</dst>
      <dst id="13">36.5956</dst>
      <dst id="19">12.6222</dst>
      <dst id="8">44.8444</dst>
      <dst id="18">0.4267</dst>
      <dst id="4">4.9422</dst>
      <dst id="1">29.8133</dst>
      <dst id="5">29.7778</dst>
      <dst id="3">90.8444</dst>
      <dst id="22">12.4533</dst>
      <dst id="7">29.8222</dst>
      <dst id="2">2.3022</dst>
      <dst id="16">0.9244</dst>
      <dst id="14">1.1467</dst>
      <dst id="11">1.4222</dst>
      <dst id="9">380.9778</dst>
      <dst id="17">211.3422</dst>
      <dst id="21">623.0844</dst>
      <dst id="15">0.4978</dst>
    </src>
    <src id="8">
      <dst id="12">247139.2622</dst>
      <dst id="13">2644.3556</dst>
      <dst id="19">3.7333</dst>
      <dst id="23">39.9200</dst>
      <dst id="18">34.2133</dst>
      <dst id="4">5923.3689</dst>
      <dst id="1">93.4133</dst>
      <dst id="5">667.2356</dst>
      <dst id="3">0.7111</dst>
      <dst id="22">389.8133</dst>
      <dst id="7">59.0133</dst>
      <dst id="2">80761.6089</dst>
      <dst id="6">13.6178</dst>
      <dst id="16">21.6178</dst>
      <dst id="20">91.7244</dst>
      <dst id="11">45.7422</dst>
      <dst id="9">344.7200</dst>
      <dst id="17">84750.2489</dst>
      <dst id="21">2098.6667</dst>
      <dst id="15">6.5067</dst>
    </src>
    <src id="18">
      <dst id="12">101820.9333</dst>
      <dst id="13">32.8178</dst>
      <dst id="19">40.0356</dst>
      <dst id="23">1.4578</dst>
      <dst id="8">40.3467</dst>
      <dst id="4">2079.3600</dst>
      <dst id="1">935.6267</dst>
      <dst id="5">200.7644</dst>
      <dst id="3">30.7644</dst>
      <dst id="22">92.8711</dst>
      <dst id="7">127.3689</dst>
      <dst id="2">27209.7422</dst>
      <dst id="16">0.9244</dst>
      <dst id="14">0.5600</dst>
      <dst id="20">15.2889</dst>
      <dst id="11">43.4222</dst>
      <dst id="9">150.3378</dst>
      <dst id="17">36200.5511</dst>
      <dst id="21">62.7111</dst>
      <dst id="15">2.8800</dst>
    </src>
    <src id="4">
      <dst id="12">8620.3022</dst>
      <dst id="19">4859.9911</dst>
      <dst id="8">369.5111</dst>
      <dst id="18">1624.9511</dst>
      <dst id="1">11006.1689</dst>
      <dst id="5">920.6667</dst>
      <dst id="3">3546.0000</dst>
      <dst id="22">3144.8889</dst>
      <dst id="7">56075.1822</dst>
      <dst id="2">64180.8533</dst>
      <dst id="6">2.8978</dst>
      <dst id="16">3654.3467</dst>
      <dst id="14">1559.1289</dst>
      <dst id="20">1349.9733</dst>
      <dst id="11">6522.2133</dst>
      <dst id="9">2596.5244</dst>
      <dst id="17">65838.5689</dst>
      <dst id="21">5245.0044</dst>
      <dst id="15">238.9689</dst>
    </src>
    <src id="1">
      <dst id="12">16603.0133</dst>
      <dst id="13">245.3600</dst>
      <dst id="19">44.1333</dst>
      <dst id="23">29.1644</dst>
      <dst id="8">54284.2311</dst>
      <dst id="18">12494.1689</dst>
      <dst id="4">5435.2533</dst>
      <dst id="1">21062.7822</dst>
      <dst id="5">137718.9511</dst>
      <dst id="3">8.9067</dst>
      <dst id="22">317.5022</dst>
      <dst id="7">965.7511</dst>
      <dst id="2">1796.9156</dst>
      <dst id="6">9700.7556</dst>
      <dst id="16">13864.5600</dst>
      <dst id="14">79.7511</dst>
      <dst id="20">23.6978</dst>
      <dst id="11">221.2444</dst>
      <dst id="9">117879.9911</dst>
      <dst id="17">1393.1822</dst>
      <dst id="21">1861.2533</dst>
      <dst id="15">113.0044</dst>
    </src>
    <src id="5">
      <dst id="12">216735.9556</dst>
      <dst id="13">593.5822</dst>
      <dst id="19">35.6267</dst>
      <dst id="23">108.2133</dst>
      <dst id="8">6284.4800</dst>
      <dst id="18">178.3022</dst>
      <dst id="4">6719.2889</dst>
      <dst id="1">290.2044</dst>
      <dst id="3">131.6267</dst>
      <dst id="22">1993.0400</dst>
      <dst id="7">92.7111</dst>
      <dst id="2">87447.6267</dst>
      <dst id="16">153.7867</dst>
      <dst id="14">1.5911</dst>
      <dst id="20">443.1022</dst>
      <dst id="11">680.6133</dst>
      <dst id="9">686.7289</dst>
      <dst id="17">76319.3689</dst>
      <dst id="21">184.1867</dst>
      <dst id="15">83.0222</dst>
    </src>
    <src id="3">
      <dst id="12">11890.5689</dst>
      <dst id="13">927.9200</dst>
      <dst id="19">4517.2356</dst>
      <dst id="23">4.8000</dst>
      <dst id="8">3.9467</dst>
      <dst id="18">54574.6667</dst>
      <dst id="4">24324.0622</dst>
      <dst id="1">4661.5911</dst>
      <dst id="5">522.8978</dst>
      <dst id="3">8580.4711</dst>
      <dst id="22">255.4044</dst>
      <dst id="7">1504.1244</dst>
      <dst id="2">4610.6933</dst>
      <dst id="6">75.4489</dst>
      <dst id="16">1131.6889</dst>
      <dst id="14">21277.8578</dst>
      <dst id="20">625.9556</dst>
      <dst id="11">96030.0622</dst>
      <dst id="9">247.3244</dst>
      <dst id="17">10000.1956</dst>
      <dst id="21">4521.6178</dst>
      <dst id="15">101.5644</dst>
    </src>
    <src id="10">
      <dst id="12">9334.6578</dst>
      <dst id="19">474.4000</dst>
      <dst id="8">723.5200</dst>
      <dst id="18">2389.2356</dst>
      <dst id="1">828.6133</dst>
      <dst id="5">604.7911</dst>
      <dst id="3">16524.7556</dst>
      <dst id="22">2660.4978</dst>
      <dst id="7">11151.1111</dst>
      <dst id="2">23256.1511</dst>
      <dst id="6">2.6133</dst>
      <dst id="16">1902.8000</dst>
      <dst id="14">791.1289</dst>
      <dst id="20">2052.9867</dst>
      <dst id="11">3291.7333</dst>
      <dst id="9">2300.4267</dst>
      <dst id="17">29916.9244</dst>
      <dst id="21">14270.8444</dst>
      <dst id="15">528.8533</dst>
    </src>
    <src id="22">
      <dst id="12">2992.1333</dst>
      <dst id="13">3072.5156</dst>
      <dst id="19">21.3156</dst>
      <dst id="23">9.5022</dst>
      <dst id="8">543.9822</dst>
      <dst id="18">1008.9511</dst>
      <dst id="4">23233.2800</dst>
      <dst id="1">65.3511</dst>
      <dst id="5">3092.3911</dst>
      <dst id="3">199.0311</dst>
      <dst id="7">1726.9156</dst>
      <dst id="2">1494.7467</dst>
      <dst id="16">1.6533</dst>
      <dst id="14">28.0622</dst>
      <dst id="11">2735.0400</dst>
      <dst id="9">1180.7556</dst>
      <dst id="17">2590.8889</dst>
      <dst id="21">939.5200</dst>
    </src>
    <src id="7">
      <dst id="12">1424.7911</dst>
      <dst id="13">106.3022</dst>
      <dst id="19">174.8978</dst>
      <dst id="23">83.8578</dst>
      <dst id="8">394.8267</dst>
      <dst id="18">321.1200</dst>
      <dst id="4">21149.1556</dst>
      <dst id="1">1904.9244</dst>
      <dst id="5">678.1778</dst>
      <dst id="3">131.4222</dst>
      <dst id="22">5616.2667</dst>
      <dst id="7">704.7467</dst>
      <dst id="2">5323.6533</dst>
      <dst id="6">34.8800</dst>
      <dst id="16">113.7956</dst>
      <dst id="14">67.0578</dst>
      <dst id="20">195.5644</dst>
      <dst id="11">669.7600</dst>
      <dst id="9">218.0800</dst>
      <dst id="17">12236.7644</dst>
      <dst id="21">1940.6133</dst>
      <dst id="15">96.3911</dst>
    </src>
    <src id="2">
      <dst id="12">59177.7600</dst>
      <dst id="13">1673.1022</dst>
      <dst id="19">7852.5778</dst>
      <dst id="23">1.0933</dst>
      <dst id="8">1262.5067</dst>
      <dst id="18">47329.7067</dst>
      <dst id="4">104881.1733</dst>
      <dst id="1">3977.4400</dst>
      <dst id="5">660.2311</dst>
      <dst id="3">16.0356</dst>
      <dst id="22">1796.3556</dst>
      <dst id="7">5091.2622</dst>
      <dst id="2">6723.2622</dst>
      <dst id="6">4555.3511</dst>
      <dst id="16">1891.4578</dst>
      <dst id="14">10479.8489</dst>
      <dst id="20">1472.1600</dst>
      <dst id="11">7293.2889</dst>
      <dst id="9">435.6622</dst>
      <dst id="17">22239.7244</dst>
      <dst id="21">3556.2400</dst>
      <dst id="15">70.8089</dst>
    </src>
    <src id="6">
      <dst id="12">6930.6933</dst>
      <dst id="13">2.1422</dst>
      <dst id="19">2.1067</dst>
      <dst id="23">0.4978</dst>
      <dst id="4">61.9378</dst>
      <dst id="1">16.7644</dst>
      <dst id="5">5.4756</dst>
      <dst id="7">2.8089</dst>
      <dst id="2">1414.1333</dst>
      <dst id="11">0.3200</dst>
      <dst id="9">12.6222</dst>
      <dst id="17">954.3467</dst>
      <dst id="21">0.3556</dst>
    </src>
    <src id="16">
      <dst id="12">1708.3822</dst>
      <dst id="13">55.7956</dst>
      <dst id="19">2567.1378</dst>
      <dst id="23">5.6533</dst>
      <dst id="8">1051.8578</dst>
      <dst id="18">2.4711</dst>
      <dst id="4">6405.9911</dst>
      <dst id="1">18479.2444</dst>
      <dst id="5">811.4044</dst>
      <dst id="7">2047.9467</dst>
      <dst id="2">580.4533</dst>
      <dst id="6">0.3556</dst>
      <dst id="16">12.8356</dst>
      <dst id="14">192.4889</dst>
      <dst id="11">78.8089</dst>
      <dst id="9">475.7156</dst>
      <dst id="17">955.7956</dst>
      <dst id="21">531.4133</dst>
    </src>
    <src id="14">
      <dst id="12">12917.0667</dst>
      <dst id="13">29.4400</dst>
      <dst id="19">4.7378</dst>
      <dst id="18">13.5467</dst>
      <dst id="4">1847.6800</dst>
      <dst id="1">48.6222</dst>
      <dst id="5">36.4444</dst>
      <dst id="3">55.2356</dst>
      <dst id="22">5.8756</dst>
      <dst id="7">60.9422</dst>
      <dst id="2">4867.7867</dst>
      <dst id="16">94.9689</dst>
      <dst id="20">2.6844</dst>
      <dst id="11">34.4444</dst>
      <dst id="9">4.8978</dst>
      <dst id="17">8425.8311</dst>
      <dst id="21">103.9200</dst>
    </src>
    <src id="20">
      <dst id="12">4474.5778</dst>
      <dst id="13">1069.0578</dst>
      <dst id="19">1.4311</dst>
      <dst id="8">647.5200</dst>
      <dst id="18">0.4622</dst>
      <dst id="4">5496.8889</dst>
      <dst id="1">36.6667</dst>
      <dst id="5">975.8133</dst>
      <dst id="3">740.3289</dst>
      <dst id="7">85.8311</dst>
      <dst id="2">1932.4444</dst>
      <dst id="14">13.5467</dst>
      <dst id="11">124.2044</dst>
      <dst id="9">3035.7867</dst>
      <dst id="17">545.8933</dst>
      <dst id="21">64.3556</dst>
    </src>
    <src id="11">
      <dst id="12">388107.1467</dst>
      <dst id="13">858.0533</dst>
      <dst id="19">29.4489</dst>
      <dst id="23">70.0178</dst>
      <dst id="8">230.6489</dst>
      <dst id="18">230.2933</dst>
      <dst id="4">14182.8711</dst>
      <dst id="1">231.8667</dst>
      <dst id="5">1127.6356</dst>
      <dst id="3">239.6178</dst>
      <dst id="22">2368.2578</dst>
      <dst id="7">260.1333</dst>
      <dst id="2">145467.5200</dst>
      <dst id="6">25.2444</dst>
      <dst id="16">628.0267</dst>
      <dst id="14">114.7644</dst>
      <dst id="20">669.1200</dst>
      <dst id="11">695.8578</dst>
      <dst id="9">909.9556</dst>
      <dst id="17">134939.7067</dst>
      <dst id="21">845.6889</dst>
      <dst id="15">634.5067</dst>
    </src>
    <src id="9">
      <dst id="12">401644.2578</dst>
      <dst id="13">1591.3689</dst>
      <dst id="19">16.4444</dst>
      <dst id="23">12.4800</dst>
      <dst id="8">11.6178</dst>
      <dst id="18">629.5556</dst>
      <dst id="4">11836.1422</dst>
      <dst id="1">834.1600</dst>
      <dst id="5">1091.5911</dst>
      <dst id="3">2.1867</dst>
      <dst id="22">631.4578</dst>
      <dst id="7">158.8800</dst>
      <dst id="2">125820.2400</dst>
      <dst id="6">24.6133</dst>
      <dst id="16">76.2756</dst>
      <dst id="14">0.6311</dst>
      <dst id="20">1140.2044</dst>
      <dst id="11">408.4178</dst>
      <dst id="9">1973.2178</dst>
      <dst id="17">155400.7467</dst>
      <dst id="21">972.7200</dst>
      <dst id="15">263.5911</dst>
    </src>
    <src id="17">
      <dst id="12">3165.6711</dst>
      <dst id="13">20612.8978</dst>
      <dst id="19">318.9600</dst>
      <dst id="23">16.3111</dst>
      <dst id="8">84695.1200</dst>
      <dst id="18">50.4622</dst>
      <dst id="4">55197.0489</dst>
      <dst id="1">2924.0889</dst>
      <dst id="5">132083.4756</dst>
      <dst id="3">19384.6489</dst>
      <dst id="22">8315.2444</dst>
      <dst id="7">1272.3378</dst>
      <dst id="2">9668.8000</dst>
      <dst id="6">0.8089</dst>
      <dst id="16">3258.7556</dst>
      <dst id="14">13713.7778</dst>
      <dst id="20">7053.4933</dst>
      <dst id="11">90011.2444</dst>
      <dst id="9">105525.9378</dst>
      <dst id="17">1052.0800</dst>
      <dst id="21">3645.6356</dst>
      <dst id="15">28.8356</dst>
    </src>
    <src id="21">
      <dst id="12">17568.8356</dst>
      <dst id="13">771.9022</dst>
      <dst id="19">99.9467</dst>
      <dst id="23">16.6044</dst>
      <dst id="8">527.4578</dst>
      <dst id="18">309.2622</dst>
      <dst id="4">22405.6622</dst>
      <dst id="1">686.8356</dst>
      <dst id="5">511.9200</dst>
      <dst id="3">651.2000</dst>
      <dst id="22">1274.2222</dst>
      <dst id="7">4441.7600</dst>
      <dst id="2">8670.6400</dst>
      <dst id="6">1.7778</dst>
      <dst id="16">198.4178</dst>
      <dst id="14">82.9067</dst>
      <dst id="20">74.0978</dst>
      <dst id="11">1024.8889</dst>
      <dst id="9">263.7156</dst>
      <dst id="17">2065.4489</dst>
      <dst id="21">1051.9289</dst>
      <dst id="15">114.4178</dst>
    </src>
    <src id="15">
      <dst id="12">1511.0311</dst>
      <dst id="13">84.7378</dst>
      <dst id="19">1.2800</dst>
      <dst id="8">14.5067</dst>
      <dst id="18">4.1156</dst>
      <dst id="4">4941.1289</dst>
      <dst id="1">789.1911</dst>
      <dst id="5">131.6889</dst>
      <dst id="3">1.5200</dst>
      <dst id="7">15.6622</dst>
      <dst id="2">376.8444</dst>
      <dst id="6">0.3378</dst>
      <dst id="11">91.8578</dst>
      <dst id="9">712.6222</dst>
      <dst id="17">130.9511</dst>
      <dst id="21">59.8578</dst>
    </src>
  </IntraTM>
</TrafficMatrixFile>
