<?xml version="1.0" encoding="UTF-8" standalone="yes"?>
<TrafficMatrixFile xmlns:xsi="http://www.w3.org/2001/XMLSchema-instance" xsi:noNamespaceSchemaLocation="http://totem.run.montefiore.ulg.ac.be/Schema/TrafficMatrix-v1_2.xsd">
  <info>
    <title>Intradomain traffic matrix generated by geant-TM-all.pl</title>
    <date>2005-01-04T01:00:00</date>
    <duration>900</duration>
    <author>Steve Uhlig</author>
    <units>
        <unit type="bandwidth" value="kbps"/>
    </units>
  </info>
  <IntraTM ASID="20965">
    <src id="12">
      <dst id="12">240094.4978</dst>
      <dst id="13">25944.4444</dst>
      <dst id="19">4607.0133</dst>
      <dst id="23">1282.0356</dst>
      <dst id="8">2072.0356</dst>
      <dst id="18">2877.8578</dst>
      <dst id="4">61813.6267</dst>
      <dst id="1">8001.6800</dst>
      <dst id="5">2602.3200</dst>
      <dst id="3">3089.2800</dst>
      <dst id="22">12798.7733</dst>
      <dst id="7">7357.8489</dst>
      <dst id="2">87744.4267</dst>
      <dst id="6">2.5867</dst>
      <dst id="16">10607.7867</dst>
      <dst id="14">318.9689</dst>
      <dst id="20">8704.8089</dst>
      <dst id="11">7702.7289</dst>
      <dst id="9">6504.4533</dst>
      <dst id="17">78381.8933</dst>
      <dst id="21">1611.2889</dst>
      <dst id="15">10226.8356</dst>
    </src>
    <src id="13">
      <dst id="12">62093.8044</dst>
      <dst id="19">17967.2711</dst>
      <dst id="23">773.0756</dst>
      <dst id="8">2515.9111</dst>
      <dst id="18">3264.9511</dst>
      <dst id="1">5218.3200</dst>
      <dst id="5">5245.5644</dst>
      <dst id="3">11689.4400</dst>
      <dst id="22">24653.6889</dst>
      <dst id="7">7378.6489</dst>
      <dst id="2">102170.8178</dst>
      <dst id="6">150.7467</dst>
      <dst id="16">9420.7289</dst>
      <dst id="14">1827.9111</dst>
      <dst id="20">7997.4044</dst>
      <dst id="11">17510.7378</dst>
      <dst id="9">17033.3956</dst>
      <dst id="17">52064.3022</dst>
      <dst id="21">13888.7822</dst>
      <dst id="15">4828.1244</dst>
    </src>
    <src id="19">
      <dst id="12">16412.7200</dst>
      <dst id="13">2318.4089</dst>
      <dst id="23">210.8622</dst>
      <dst id="8">1.3067</dst>
      <dst id="18">2191.2267</dst>
      <dst id="4">18223.3244</dst>
      <dst id="1">1393.9733</dst>
      <dst id="5">36.5333</dst>
      <dst id="3">13.6889</dst>
      <dst id="22">232.7200</dst>
      <dst id="7">4525.3244</dst>
      <dst id="2">7566.2667</dst>
      <dst id="6">28.2667</dst>
      <dst id="16">6017.4489</dst>
      <dst id="14">0.3556</dst>
      <dst id="20">25.4400</dst>
      <dst id="11">29.6444</dst>
      <dst id="9">692.1156</dst>
      <dst id="17">12611.8489</dst>
      <dst id="21">490.2489</dst>
      <dst id="15">0.3556</dst>
    </src>
    <src id="23">
      <dst id="12">1391.4667</dst>
      <dst id="13">277.6356</dst>
      <dst id="19">8.2844</dst>
      <dst id="8">0.3556</dst>
      <dst id="18">14.1689</dst>
      <dst id="4">15.9733</dst>
      <dst id="1">17.5733</dst>
      <dst id="3">185.5467</dst>
      <dst id="22">1108.1067</dst>
      <dst id="7">582.2489</dst>
      <dst id="2">43.9556</dst>
      <dst id="6">1.2444</dst>
      <dst id="16">108.9956</dst>
      <dst id="20">17.0311</dst>
      <dst id="11">121.4756</dst>
      <dst id="9">408.9956</dst>
      <dst id="17">190.1244</dst>
      <dst id="21">88.0889</dst>
      <dst id="15">0.3556</dst>
    </src>
    <src id="8">
      <dst id="12">326296.8089</dst>
      <dst id="13">1092.7467</dst>
      <dst id="19">14.5067</dst>
      <dst id="23">0.3556</dst>
      <dst id="18">76.7911</dst>
      <dst id="4">4268.1422</dst>
      <dst id="1">429.9733</dst>
      <dst id="5">1949.3067</dst>
      <dst id="3">12.6222</dst>
      <dst id="22">1205.0311</dst>
      <dst id="7">986.1422</dst>
      <dst id="2">142235.2444</dst>
      <dst id="16">1239.1822</dst>
      <dst id="20">113.9911</dst>
      <dst id="11">567.0667</dst>
      <dst id="9">441.9822</dst>
      <dst id="17">116975.6978</dst>
      <dst id="21">222.9244</dst>
      <dst id="15">136.4178</dst>
    </src>
    <src id="18">
      <dst id="12">87785.5644</dst>
      <dst id="13">57.6978</dst>
      <dst id="19">30.7467</dst>
      <dst id="23">2.9244</dst>
      <dst id="8">132.9067</dst>
      <dst id="4">1487.8311</dst>
      <dst id="1">594.1156</dst>
      <dst id="5">136.0089</dst>
      <dst id="3">53.3333</dst>
      <dst id="22">167.3778</dst>
      <dst id="7">1506.4889</dst>
      <dst id="2">32465.2711</dst>
      <dst id="16">61.6089</dst>
      <dst id="14">0.4267</dst>
      <dst id="20">187.6711</dst>
      <dst id="11">413.1911</dst>
      <dst id="9">253.7956</dst>
      <dst id="17">42443.6356</dst>
      <dst id="21">150.4800</dst>
      <dst id="15">0.6400</dst>
    </src>
    <src id="4">
      <dst id="12">57731.3244</dst>
      <dst id="19">15013.3067</dst>
      <dst id="8">858.1867</dst>
      <dst id="18">986.2844</dst>
      <dst id="4">1.1378</dst>
      <dst id="1">32125.9733</dst>
      <dst id="5">1215.8844</dst>
      <dst id="3">307.5111</dst>
      <dst id="22">5959.3778</dst>
      <dst id="7">162659.0222</dst>
      <dst id="2">61862.6489</dst>
      <dst id="6">7.1111</dst>
      <dst id="16">1402.3556</dst>
      <dst id="14">1452.0178</dst>
      <dst id="20">998.1422</dst>
      <dst id="11">4172.7378</dst>
      <dst id="9">2282.2756</dst>
      <dst id="17">103067.8044</dst>
      <dst id="21">3906.9156</dst>
      <dst id="15">804.6667</dst>
    </src>
    <src id="1">
      <dst id="12">15153.8756</dst>
      <dst id="13">1140.3644</dst>
      <dst id="19">28.8000</dst>
      <dst id="23">21.1378</dst>
      <dst id="8">111513.8933</dst>
      <dst id="18">14536.4889</dst>
      <dst id="4">6840.4533</dst>
      <dst id="1">5658.2578</dst>
      <dst id="5">201679.5467</dst>
      <dst id="3">151.5111</dst>
      <dst id="22">5321.4756</dst>
      <dst id="7">1824.6311</dst>
      <dst id="2">15156.8444</dst>
      <dst id="6">9558.0444</dst>
      <dst id="16">9080.1333</dst>
      <dst id="14">68.2667</dst>
      <dst id="20">23.1467</dst>
      <dst id="11">309.5911</dst>
      <dst id="9">223264.3111</dst>
      <dst id="17">2949.9378</dst>
      <dst id="21">2100.6400</dst>
      <dst id="15">421.1200</dst>
    </src>
    <src id="5">
      <dst id="12">324393.2711</dst>
      <dst id="13">6145.2444</dst>
      <dst id="19">2440.3556</dst>
      <dst id="23">14.1156</dst>
      <dst id="8">1161.8667</dst>
      <dst id="18">121.7867</dst>
      <dst id="4">10936.5067</dst>
      <dst id="1">537.2178</dst>
      <dst id="3">78.0800</dst>
      <dst id="22">16491.4400</dst>
      <dst id="7">188.0267</dst>
      <dst id="2">139064.2756</dst>
      <dst id="6">11.4756</dst>
      <dst id="16">714.4444</dst>
      <dst id="14">70.0800</dst>
      <dst id="20">14878.7644</dst>
      <dst id="11">1790.8978</dst>
      <dst id="9">3757.6089</dst>
      <dst id="17">116938.5422</dst>
      <dst id="21">352.6133</dst>
      <dst id="15">167.4578</dst>
    </src>
    <src id="3">
      <dst id="12">12845.1644</dst>
      <dst id="13">1085.1022</dst>
      <dst id="19">1027.6711</dst>
      <dst id="23">7876.8356</dst>
      <dst id="8">194.9600</dst>
      <dst id="18">87599.2711</dst>
      <dst id="4">11680.3200</dst>
      <dst id="1">5691.6622</dst>
      <dst id="5">623.8667</dst>
      <dst id="3">16371.9111</dst>
      <dst id="22">3051.2178</dst>
      <dst id="7">1679.8489</dst>
      <dst id="2">5107.1822</dst>
      <dst id="6">1.1378</dst>
      <dst id="16">711.9644</dst>
      <dst id="14">37822.2400</dst>
      <dst id="20">2340.1511</dst>
      <dst id="11">163937.0933</dst>
      <dst id="9">89.0222</dst>
      <dst id="17">6165.4222</dst>
      <dst id="21">13753.9289</dst>
      <dst id="15">133.5111</dst>
    </src>
    <src id="10">
      <dst id="12">17479.6978</dst>
      <dst id="19">3191.0222</dst>
      <dst id="8">2239.8756</dst>
      <dst id="18">2350.2222</dst>
      <dst id="1">2877.1822</dst>
      <dst id="5">812.2578</dst>
      <dst id="3">2424.7289</dst>
      <dst id="22">12049.0578</dst>
      <dst id="7">6297.0489</dst>
      <dst id="2">23148.0356</dst>
      <dst id="16">12130.2933</dst>
      <dst id="14">1869.1022</dst>
      <dst id="20">3777.3956</dst>
      <dst id="11">5369.5111</dst>
      <dst id="9">1618.7378</dst>
      <dst id="17">12676.2933</dst>
      <dst id="21">10566.8711</dst>
      <dst id="15">1579.6711</dst>
    </src>
    <src id="22">
      <dst id="12">9009.6267</dst>
      <dst id="13">3685.4578</dst>
      <dst id="19">189.0400</dst>
      <dst id="23">26.6311</dst>
      <dst id="8">981.7333</dst>
      <dst id="18">314.5156</dst>
      <dst id="4">14488.0622</dst>
      <dst id="1">605.9733</dst>
      <dst id="5">3560.3378</dst>
      <dst id="3">2783.5467</dst>
      <dst id="7">516.7822</dst>
      <dst id="2">1668.7467</dst>
      <dst id="6">0.8178</dst>
      <dst id="16">14.4533</dst>
      <dst id="14">234.8178</dst>
      <dst id="11">2320.8089</dst>
      <dst id="9">9985.9822</dst>
      <dst id="17">3269.9556</dst>
      <dst id="21">2117.0400</dst>
    </src>
    <src id="7">
      <dst id="12">8377.1378</dst>
      <dst id="13">499.9467</dst>
      <dst id="19">178.6400</dst>
      <dst id="23">240.0622</dst>
      <dst id="8">588.2400</dst>
      <dst id="18">111.3600</dst>
      <dst id="4">15556.4356</dst>
      <dst id="1">914.8622</dst>
      <dst id="5">1291.6622</dst>
      <dst id="3">13493.7511</dst>
      <dst id="22">4014.2489</dst>
      <dst id="7">644.5511</dst>
      <dst id="2">6721.9378</dst>
      <dst id="6">27.2622</dst>
      <dst id="16">1095.7600</dst>
      <dst id="14">75.9911</dst>
      <dst id="20">231.9467</dst>
      <dst id="11">585.6889</dst>
      <dst id="9">644.3556</dst>
      <dst id="17">16794.7911</dst>
      <dst id="21">2834.2400</dst>
      <dst id="15">623.7511</dst>
    </src>
    <src id="2">
      <dst id="12">120244.2222</dst>
      <dst id="13">511034.7289</dst>
      <dst id="19">2439.1289</dst>
      <dst id="23">0.9244</dst>
      <dst id="8">668.1067</dst>
      <dst id="18">55568.7911</dst>
      <dst id="4">75362.5156</dst>
      <dst id="1">6863.7333</dst>
      <dst id="5">1713.1378</dst>
      <dst id="3">154.4533</dst>
      <dst id="22">10805.8222</dst>
      <dst id="7">3426.6489</dst>
      <dst id="2">955.6178</dst>
      <dst id="6">9995.4133</dst>
      <dst id="16">1495.6533</dst>
      <dst id="14">6959.2622</dst>
      <dst id="20">428.8978</dst>
      <dst id="11">8134.5778</dst>
      <dst id="9">1082.4711</dst>
      <dst id="17">26615.5289</dst>
      <dst id="21">3496.9511</dst>
      <dst id="15">44.3200</dst>
    </src>
    <src id="6">
      <dst id="12">11161.5467</dst>
      <dst id="13">52.2667</dst>
      <dst id="19">3.8044</dst>
      <dst id="4">998.6756</dst>
      <dst id="1">48.3378</dst>
      <dst id="5">1.4222</dst>
      <dst id="22">0.5333</dst>
      <dst id="7">14.7200</dst>
      <dst id="2">3246.8444</dst>
      <dst id="16">1.4222</dst>
      <dst id="20">0.6933</dst>
      <dst id="11">13.1556</dst>
      <dst id="9">0.9244</dst>
      <dst id="17">1823.9111</dst>
      <dst id="21">3.1556</dst>
    </src>
    <src id="16">
      <dst id="12">2380.1689</dst>
      <dst id="13">1846.5422</dst>
      <dst id="19">2656.8178</dst>
      <dst id="23">104.5778</dst>
      <dst id="8">3590.0533</dst>
      <dst id="18">50.1956</dst>
      <dst id="4">4067.3778</dst>
      <dst id="1">9365.1911</dst>
      <dst id="5">2652.4978</dst>
      <dst id="3">10.8444</dst>
      <dst id="7">132.5511</dst>
      <dst id="2">1097.2978</dst>
      <dst id="6">0.8978</dst>
      <dst id="16">56.8978</dst>
      <dst id="14">53.0311</dst>
      <dst id="11">180.0356</dst>
      <dst id="9">11367.7956</dst>
      <dst id="17">1759.2800</dst>
      <dst id="21">1917.4844</dst>
    </src>
    <src id="14">
      <dst id="12">20450.4533</dst>
      <dst id="13">54.8089</dst>
      <dst id="19">9.0578</dst>
      <dst id="23">0.3556</dst>
      <dst id="18">2.2133</dst>
      <dst id="4">1732.0000</dst>
      <dst id="1">121.6711</dst>
      <dst id="5">48.0978</dst>
      <dst id="3">31.5644</dst>
      <dst id="22">10.2222</dst>
      <dst id="7">130.0356</dst>
      <dst id="2">5468.3644</dst>
      <dst id="16">17.8489</dst>
      <dst id="11">60.2844</dst>
      <dst id="9">1.0578</dst>
      <dst id="17">6971.7867</dst>
      <dst id="21">357.4933</dst>
      <dst id="15">1.7956</dst>
    </src>
    <src id="20">
      <dst id="12">2493.3778</dst>
      <dst id="13">19234.1244</dst>
      <dst id="19">857.0311</dst>
      <dst id="23">200.3556</dst>
      <dst id="8">321.5111</dst>
      <dst id="18">19.6711</dst>
      <dst id="4">6365.5733</dst>
      <dst id="1">21.4133</dst>
      <dst id="5">2978.0444</dst>
      <dst id="3">411.7867</dst>
      <dst id="7">2529.1467</dst>
      <dst id="2">4338.5867</dst>
      <dst id="16">0.4267</dst>
      <dst id="14">1.7689</dst>
      <dst id="11">2223.9289</dst>
      <dst id="9">3470.1244</dst>
      <dst id="17">15256.2756</dst>
      <dst id="21">8470.8800</dst>
    </src>
    <src id="11">
      <dst id="12">425923.6444</dst>
      <dst id="13">3123.2800</dst>
      <dst id="19">284.7911</dst>
      <dst id="23">0.9600</dst>
      <dst id="8">689.2533</dst>
      <dst id="18">230.1244</dst>
      <dst id="4">7694.1867</dst>
      <dst id="1">582.9244</dst>
      <dst id="5">2185.4044</dst>
      <dst id="3">364.7378</dst>
      <dst id="22">2106.0000</dst>
      <dst id="7">581.2978</dst>
      <dst id="2">160171.6711</dst>
      <dst id="6">0.9067</dst>
      <dst id="16">77.9111</dst>
      <dst id="14">49.7156</dst>
      <dst id="20">378.2044</dst>
      <dst id="11">1374.8444</dst>
      <dst id="9">1057.7867</dst>
      <dst id="17">169133.8756</dst>
      <dst id="21">777.8044</dst>
      <dst id="15">193.2889</dst>
    </src>
    <src id="9">
      <dst id="12">391392.8444</dst>
      <dst id="13">18596.2756</dst>
      <dst id="19">299.9644</dst>
      <dst id="23">116.2222</dst>
      <dst id="8">462.6044</dst>
      <dst id="18">293.1822</dst>
      <dst id="4">6485.8222</dst>
      <dst id="1">4685.9822</dst>
      <dst id="5">757.7600</dst>
      <dst id="3">2.1689</dst>
      <dst id="22">12243.5733</dst>
      <dst id="7">633.9022</dst>
      <dst id="2">156435.2089</dst>
      <dst id="6">0.3556</dst>
      <dst id="16">2065.3867</dst>
      <dst id="14">8.6489</dst>
      <dst id="20">1685.8400</dst>
      <dst id="11">1896.8800</dst>
      <dst id="9">299.6889</dst>
      <dst id="17">194511.4844</dst>
      <dst id="21">3000.6933</dst>
      <dst id="15">471.3867</dst>
    </src>
    <src id="17">
      <dst id="12">14896.7200</dst>
      <dst id="13">6144.1244</dst>
      <dst id="19">491.9556</dst>
      <dst id="23">383.5200</dst>
      <dst id="8">135377.7067</dst>
      <dst id="18">177.3422</dst>
      <dst id="4">42950.2667</dst>
      <dst id="1">1139.8933</dst>
      <dst id="5">208696.0444</dst>
      <dst id="3">6866.7822</dst>
      <dst id="22">3252.6756</dst>
      <dst id="7">2654.1867</dst>
      <dst id="2">18741.8578</dst>
      <dst id="6">80.9244</dst>
      <dst id="16">7830.4622</dst>
      <dst id="14">24873.9467</dst>
      <dst id="20">842.0889</dst>
      <dst id="11">126621.1378</dst>
      <dst id="9">190881.9022</dst>
      <dst id="17">1862.6667</dst>
      <dst id="21">12707.7689</dst>
      <dst id="15">220.1422</dst>
    </src>
    <src id="21">
      <dst id="12">16404.1067</dst>
      <dst id="13">742.3467</dst>
      <dst id="19">649.8311</dst>
      <dst id="23">18.1511</dst>
      <dst id="8">118.5867</dst>
      <dst id="18">1317.2267</dst>
      <dst id="4">21724.0533</dst>
      <dst id="1">3146.4178</dst>
      <dst id="5">517.1378</dst>
      <dst id="3">1560.6044</dst>
      <dst id="22">812.0267</dst>
      <dst id="7">720.1244</dst>
      <dst id="2">11762.6044</dst>
      <dst id="6">14.6400</dst>
      <dst id="16">144.7911</dst>
      <dst id="14">1441.8044</dst>
      <dst id="20">320.8178</dst>
      <dst id="11">523.2711</dst>
      <dst id="9">619.1911</dst>
      <dst id="17">6382.0889</dst>
      <dst id="21">2898.2756</dst>
      <dst id="15">105.6267</dst>
    </src>
    <src id="15">
      <dst id="12">1659.1289</dst>
      <dst id="13">559.5644</dst>
      <dst id="23">0.3378</dst>
      <dst id="8">156.6844</dst>
      <dst id="18">0.3378</dst>
      <dst id="4">1738.3289</dst>
      <dst id="1">562.3467</dst>
      <dst id="5">34.3644</dst>
      <dst id="3">30.0356</dst>
      <dst id="7">70.0089</dst>
      <dst id="2">94.9600</dst>
      <dst id="16">0.6489</dst>
      <dst id="14">0.3556</dst>
      <dst id="11">326.7378</dst>
      <dst id="9">88.1778</dst>
      <dst id="17">706.9778</dst>
      <dst id="21">137.8844</dst>
    </src>
  </IntraTM>
</TrafficMatrixFile>
