<?xml version="1.0" encoding="UTF-8" standalone="yes"?>
<TrafficMatrixFile xmlns:xsi="http://www.w3.org/2001/XMLSchema-instance" xsi:noNamespaceSchemaLocation="http://totem.run.montefiore.ulg.ac.be/Schema/TrafficMatrix-v1_2.xsd">
  <info>
    <title>Intradomain traffic matrix generated by geant-TM-all.pl</title>
    <date>2005-01-03T04:00:00</date>
    <duration>900</duration>
    <author>Steve Uhlig</author>
    <units>
        <unit type="bandwidth" value="kbps"/>
    </units>
  </info>
  <IntraTM ASID="20965">
    <src id="12">
      <dst id="12">249407.6356</dst>
      <dst id="13">32107.7778</dst>
      <dst id="19">3835.1822</dst>
      <dst id="23">6938.2044</dst>
      <dst id="8">11011.1378</dst>
      <dst id="18">5924.7467</dst>
      <dst id="4">115137.3600</dst>
      <dst id="1">8183.6711</dst>
      <dst id="5">2240.3911</dst>
      <dst id="3">1723.7244</dst>
      <dst id="22">17250.5689</dst>
      <dst id="7">4740.7644</dst>
      <dst id="2">93520.5689</dst>
      <dst id="6">59.7778</dst>
      <dst id="16">8666.4000</dst>
      <dst id="14">340.2133</dst>
      <dst id="20">8208.5067</dst>
      <dst id="11">5551.7422</dst>
      <dst id="9">5358.1067</dst>
      <dst id="17">73944.0800</dst>
      <dst id="21">13596.8711</dst>
      <dst id="15">829.6089</dst>
    </src>
    <src id="13">
      <dst id="12">55659.8756</dst>
      <dst id="19">32513.0044</dst>
      <dst id="23">200.0889</dst>
      <dst id="8">2982.0533</dst>
      <dst id="18">7356.6489</dst>
      <dst id="1">6324.2311</dst>
      <dst id="5">14472.7111</dst>
      <dst id="3">8960.4267</dst>
      <dst id="22">23759.6089</dst>
      <dst id="7">10189.5378</dst>
      <dst id="2">121567.5378</dst>
      <dst id="6">87.5644</dst>
      <dst id="16">7919.3067</dst>
      <dst id="14">2824.9511</dst>
      <dst id="20">14948.5778</dst>
      <dst id="11">22295.2711</dst>
      <dst id="9">16283.7600</dst>
      <dst id="17">51118.7556</dst>
      <dst id="21">38153.6000</dst>
      <dst id="15">5813.7867</dst>
    </src>
    <src id="19">
      <dst id="12">14962.8978</dst>
      <dst id="13">189.9111</dst>
      <dst id="23">13.2267</dst>
      <dst id="8">66.5956</dst>
      <dst id="18">76.3911</dst>
      <dst id="4">28052.1244</dst>
      <dst id="1">769.8222</dst>
      <dst id="5">3.8667</dst>
      <dst id="3">27.1289</dst>
      <dst id="22">120.3467</dst>
      <dst id="7">3113.6889</dst>
      <dst id="2">234.3111</dst>
      <dst id="6">53.0933</dst>
      <dst id="16">4779.8667</dst>
      <dst id="14">2.4889</dst>
      <dst id="20">0.6578</dst>
      <dst id="11">18.2667</dst>
      <dst id="9">90.8978</dst>
      <dst id="17">18635.7333</dst>
      <dst id="21">1294.6222</dst>
    </src>
    <src id="23">
      <dst id="12">589.7156</dst>
      <dst id="13">204.0978</dst>
      <dst id="19">0.8267</dst>
      <dst id="8">166.7556</dst>
      <dst id="18">119.7333</dst>
      <dst id="4">1480.9244</dst>
      <dst id="1">77.5289</dst>
      <dst id="5">69.4756</dst>
      <dst id="3">121.9289</dst>
      <dst id="22">258.9511</dst>
      <dst id="7">184.8178</dst>
      <dst id="2">27.2711</dst>
      <dst id="16">126.2667</dst>
      <dst id="20">94.4000</dst>
      <dst id="11">22.7556</dst>
      <dst id="9">297.4311</dst>
      <dst id="17">552.9956</dst>
      <dst id="21">710.0000</dst>
    </src>
    <src id="8">
      <dst id="12">365535.3156</dst>
      <dst id="13">455.2533</dst>
      <dst id="19">1.4222</dst>
      <dst id="23">846.0800</dst>
      <dst id="18">194.4533</dst>
      <dst id="4">7270.9422</dst>
      <dst id="1">466.3467</dst>
      <dst id="5">1185.1556</dst>
      <dst id="3">51.4133</dst>
      <dst id="22">1984.8800</dst>
      <dst id="7">13.0667</dst>
      <dst id="2">150046.5867</dst>
      <dst id="6">0.4178</dst>
      <dst id="16">637.0667</dst>
      <dst id="20">1392.4533</dst>
      <dst id="11">378.7467</dst>
      <dst id="9">468.4800</dst>
      <dst id="17">132120.1244</dst>
      <dst id="21">657.6622</dst>
      <dst id="15">121.2089</dst>
    </src>
    <src id="18">
      <dst id="12">111796.4800</dst>
      <dst id="13">198.4178</dst>
      <dst id="19">338.0622</dst>
      <dst id="23">5.7956</dst>
      <dst id="8">97.4222</dst>
      <dst id="4">2731.6000</dst>
      <dst id="1">1376.1244</dst>
      <dst id="5">732.9956</dst>
      <dst id="3">37.2978</dst>
      <dst id="22">453.9467</dst>
      <dst id="7">61.1378</dst>
      <dst id="2">45301.6000</dst>
      <dst id="16">60.0356</dst>
      <dst id="14">14.1511</dst>
      <dst id="20">22.3911</dst>
      <dst id="11">644.3556</dst>
      <dst id="9">256.4889</dst>
      <dst id="17">47998.9778</dst>
      <dst id="21">2058.4622</dst>
      <dst id="15">32.2756</dst>
    </src>
    <src id="4">
      <dst id="12">64687.9556</dst>
      <dst id="19">10506.2489</dst>
      <dst id="8">840.7644</dst>
      <dst id="18">2892.3556</dst>
      <dst id="1">28551.6978</dst>
      <dst id="5">1685.0844</dst>
      <dst id="3">711.0400</dst>
      <dst id="22">4855.7689</dst>
      <dst id="7">132924.4533</dst>
      <dst id="2">108736.9778</dst>
      <dst id="6">67.5822</dst>
      <dst id="16">2466.4089</dst>
      <dst id="14">1201.4844</dst>
      <dst id="20">543.1022</dst>
      <dst id="11">4448.7911</dst>
      <dst id="9">3800.9244</dst>
      <dst id="17">76877.8667</dst>
      <dst id="21">9516.0622</dst>
      <dst id="15">878.6400</dst>
    </src>
    <src id="1">
      <dst id="12">19977.1556</dst>
      <dst id="13">1732.4267</dst>
      <dst id="19">67.1022</dst>
      <dst id="23">1016.8444</dst>
      <dst id="8">145527.8133</dst>
      <dst id="18">15067.9378</dst>
      <dst id="4">26137.5022</dst>
      <dst id="1">100300.2044</dst>
      <dst id="5">238376.7289</dst>
      <dst id="3">1970.7378</dst>
      <dst id="22">8106.9244</dst>
      <dst id="7">7534.3644</dst>
      <dst id="2">32156.8533</dst>
      <dst id="6">10475.1911</dst>
      <dst id="16">7189.3867</dst>
      <dst id="14">61.2800</dst>
      <dst id="20">128.9422</dst>
      <dst id="11">1265.8489</dst>
      <dst id="9">223741.0044</dst>
      <dst id="17">6186.8889</dst>
      <dst id="21">5606.4978</dst>
      <dst id="15">150.4533</dst>
    </src>
    <src id="5">
      <dst id="12">306000.2044</dst>
      <dst id="13">1247.9111</dst>
      <dst id="19">1.1556</dst>
      <dst id="23">158.2667</dst>
      <dst id="8">4427.2356</dst>
      <dst id="18">824.3111</dst>
      <dst id="4">9814.0622</dst>
      <dst id="1">408.6667</dst>
      <dst id="3">3.1556</dst>
      <dst id="22">28466.0533</dst>
      <dst id="7">189.2000</dst>
      <dst id="2">142227.2356</dst>
      <dst id="16">1757.2178</dst>
      <dst id="14">1.3867</dst>
      <dst id="20">6466.3822</dst>
      <dst id="11">876.4178</dst>
      <dst id="9">5127.1733</dst>
      <dst id="17">126037.0133</dst>
      <dst id="21">391.2978</dst>
      <dst id="15">598.2578</dst>
    </src>
    <src id="3">
      <dst id="12">13173.5822</dst>
      <dst id="13">1073.9467</dst>
      <dst id="19">1111.2267</dst>
      <dst id="23">361.4311</dst>
      <dst id="8">118.2489</dst>
      <dst id="18">126584.9156</dst>
      <dst id="4">72495.2889</dst>
      <dst id="1">41633.5289</dst>
      <dst id="5">407.7600</dst>
      <dst id="3">18100.0356</dst>
      <dst id="22">1979.7333</dst>
      <dst id="7">714.7911</dst>
      <dst id="2">4425.0756</dst>
      <dst id="6">6.8711</dst>
      <dst id="16">1377.2622</dst>
      <dst id="14">30083.9289</dst>
      <dst id="20">36.4267</dst>
      <dst id="11">160869.8311</dst>
      <dst id="9">861.6356</dst>
      <dst id="17">10724.3022</dst>
      <dst id="21">8685.2444</dst>
      <dst id="15">30.0800</dst>
    </src>
    <src id="10">
      <dst id="12">14087.3956</dst>
      <dst id="19">698.0089</dst>
      <dst id="8">319.7067</dst>
      <dst id="18">10726.0711</dst>
      <dst id="4">0.7111</dst>
      <dst id="1">1649.5200</dst>
      <dst id="5">702.0978</dst>
      <dst id="3">10413.1022</dst>
      <dst id="22">4989.9556</dst>
      <dst id="7">16860.1067</dst>
      <dst id="2">26551.5378</dst>
      <dst id="6">13.6800</dst>
      <dst id="16">3100.8356</dst>
      <dst id="14">1301.6711</dst>
      <dst id="20">862.9778</dst>
      <dst id="11">6119.8044</dst>
      <dst id="9">2391.8044</dst>
      <dst id="17">15528.0267</dst>
      <dst id="21">19536.9156</dst>
      <dst id="15">855.9467</dst>
    </src>
    <src id="22">
      <dst id="12">7586.7467</dst>
      <dst id="13">4821.1556</dst>
      <dst id="19">100.5867</dst>
      <dst id="23">45.4400</dst>
      <dst id="8">106.5333</dst>
      <dst id="18">1816.3644</dst>
      <dst id="4">23906.3111</dst>
      <dst id="1">815.2978</dst>
      <dst id="5">5407.4667</dst>
      <dst id="3">532.5867</dst>
      <dst id="7">862.5778</dst>
      <dst id="2">2409.2889</dst>
      <dst id="6">38.1511</dst>
      <dst id="16">3.3600</dst>
      <dst id="14">78.8444</dst>
      <dst id="11">2810.1333</dst>
      <dst id="9">3024.4711</dst>
      <dst id="17">3858.2489</dst>
      <dst id="21">814.9156</dst>
    </src>
    <src id="7">
      <dst id="12">9225.3600</dst>
      <dst id="13">1570.3644</dst>
      <dst id="19">1736.4800</dst>
      <dst id="23">91.2622</dst>
      <dst id="8">899.1111</dst>
      <dst id="18">209.5556</dst>
      <dst id="4">54411.4400</dst>
      <dst id="1">2597.1378</dst>
      <dst id="5">1266.3289</dst>
      <dst id="3">1374.8622</dst>
      <dst id="22">4683.7511</dst>
      <dst id="7">754.8444</dst>
      <dst id="2">7468.9067</dst>
      <dst id="6">105.5556</dst>
      <dst id="16">611.8667</dst>
      <dst id="14">111.6356</dst>
      <dst id="20">174.9422</dst>
      <dst id="11">1681.0044</dst>
      <dst id="9">845.9911</dst>
      <dst id="17">17564.8711</dst>
      <dst id="21">7814.2578</dst>
      <dst id="15">184.5156</dst>
    </src>
    <src id="2">
      <dst id="12">101414.1778</dst>
      <dst id="13">517667.7867</dst>
      <dst id="19">280.8356</dst>
      <dst id="23">15.1822</dst>
      <dst id="8">1453.0044</dst>
      <dst id="18">103330.4444</dst>
      <dst id="4">135765.5556</dst>
      <dst id="1">7583.2889</dst>
      <dst id="5">1787.1289</dst>
      <dst id="3">595.7156</dst>
      <dst id="22">1266.5778</dst>
      <dst id="7">4289.8400</dst>
      <dst id="2">660.9689</dst>
      <dst id="6">9174.5600</dst>
      <dst id="16">3234.7467</dst>
      <dst id="14">179.1289</dst>
      <dst id="20">5366.0622</dst>
      <dst id="11">6435.8667</dst>
      <dst id="9">1702.2400</dst>
      <dst id="17">38830.3022</dst>
      <dst id="21">6122.3378</dst>
      <dst id="15">438.1333</dst>
    </src>
    <src id="6">
      <dst id="12">11710.8178</dst>
      <dst id="13">87.1022</dst>
      <dst id="19">2.3733</dst>
      <dst id="18">0.3378</dst>
      <dst id="4">94.4622</dst>
      <dst id="1">1.1911</dst>
      <dst id="5">39.1822</dst>
      <dst id="22">14.2667</dst>
      <dst id="7">0.9244</dst>
      <dst id="2">2815.3244</dst>
      <dst id="16">0.6933</dst>
      <dst id="11">34.8356</dst>
      <dst id="9">3.3156</dst>
      <dst id="17">1492.5600</dst>
      <dst id="21">12.6667</dst>
    </src>
    <src id="16">
      <dst id="12">2572.5689</dst>
      <dst id="13">947.1733</dst>
      <dst id="19">3018.9778</dst>
      <dst id="23">136.0267</dst>
      <dst id="8">5315.2711</dst>
      <dst id="18">190.6844</dst>
      <dst id="4">6897.5822</dst>
      <dst id="1">14294.6578</dst>
      <dst id="5">4564.1956</dst>
      <dst id="3">25.6000</dst>
      <dst id="7">5169.5200</dst>
      <dst id="2">1206.2044</dst>
      <dst id="16">49.1378</dst>
      <dst id="14">267.5556</dst>
      <dst id="11">222.6578</dst>
      <dst id="9">4532.0889</dst>
      <dst id="17">2690.6933</dst>
      <dst id="21">684.4978</dst>
    </src>
    <src id="14">
      <dst id="12">14616.9067</dst>
      <dst id="13">52.5778</dst>
      <dst id="19">17.5289</dst>
      <dst id="23">13.3333</dst>
      <dst id="8">1.8044</dst>
      <dst id="18">2.2756</dst>
      <dst id="4">2940.9778</dst>
      <dst id="1">49.5378</dst>
      <dst id="5">0.7111</dst>
      <dst id="3">164.0089</dst>
      <dst id="22">4.9867</dst>
      <dst id="7">70.1511</dst>
      <dst id="2">5679.1644</dst>
      <dst id="16">51.0578</dst>
      <dst id="20">57.0400</dst>
      <dst id="11">42.5778</dst>
      <dst id="9">221.6889</dst>
      <dst id="17">8885.0222</dst>
      <dst id="21">184.7556</dst>
    </src>
    <src id="20">
      <dst id="12">6639.8667</dst>
      <dst id="13">1226.4356</dst>
      <dst id="23">2.8978</dst>
      <dst id="8">158.2667</dst>
      <dst id="18">12.6222</dst>
      <dst id="4">12629.9733</dst>
      <dst id="1">36.9867</dst>
      <dst id="5">5658.7822</dst>
      <dst id="3">1099.8933</dst>
      <dst id="22">0.3556</dst>
      <dst id="7">1325.0667</dst>
      <dst id="2">2747.7511</dst>
      <dst id="6">13.9378</dst>
      <dst id="14">4480.3556</dst>
      <dst id="11">422.5689</dst>
      <dst id="9">1751.6000</dst>
      <dst id="17">551.4844</dst>
      <dst id="21">283.3600</dst>
    </src>
    <src id="11">
      <dst id="12">402445.7778</dst>
      <dst id="13">4078.2133</dst>
      <dst id="19">47.4933</dst>
      <dst id="23">9.0133</dst>
      <dst id="8">283.4578</dst>
      <dst id="18">310.7467</dst>
      <dst id="4">15661.7689</dst>
      <dst id="1">517.7778</dst>
      <dst id="5">1569.3956</dst>
      <dst id="3">983.3422</dst>
      <dst id="22">5047.4756</dst>
      <dst id="7">1248.3733</dst>
      <dst id="2">142689.7867</dst>
      <dst id="6">2.7111</dst>
      <dst id="16">286.0533</dst>
      <dst id="14">84.3733</dst>
      <dst id="20">64.4978</dst>
      <dst id="11">986.6756</dst>
      <dst id="9">1102.7022</dst>
      <dst id="17">143992.8800</dst>
      <dst id="21">1825.5644</dst>
      <dst id="15">305.4756</dst>
    </src>
    <src id="9">
      <dst id="12">412313.6089</dst>
      <dst id="13">3350.1689</dst>
      <dst id="19">61.0222</dst>
      <dst id="23">12.1689</dst>
      <dst id="8">1409.8044</dst>
      <dst id="18">189.0222</dst>
      <dst id="4">13142.0178</dst>
      <dst id="1">3915.2000</dst>
      <dst id="5">11201.2622</dst>
      <dst id="3">15.8756</dst>
      <dst id="22">7530.3467</dst>
      <dst id="7">1064.6667</dst>
      <dst id="2">164084.0622</dst>
      <dst id="6">2.6133</dst>
      <dst id="16">1976.5956</dst>
      <dst id="14">3.9111</dst>
      <dst id="20">3159.4133</dst>
      <dst id="11">1963.5467</dst>
      <dst id="9">1122.6578</dst>
      <dst id="17">186811.3422</dst>
      <dst id="21">3961.0489</dst>
      <dst id="15">1385.2089</dst>
    </src>
    <src id="17">
      <dst id="12">22017.9467</dst>
      <dst id="13">2448.4000</dst>
      <dst id="19">594.6756</dst>
      <dst id="23">246.1778</dst>
      <dst id="8">163572.5956</dst>
      <dst id="18">1407.2444</dst>
      <dst id="4">148179.0133</dst>
      <dst id="1">1811.8578</dst>
      <dst id="5">240229.6267</dst>
      <dst id="3">5898.3378</dst>
      <dst id="22">14728.9067</dst>
      <dst id="7">2893.9733</dst>
      <dst id="2">33273.1556</dst>
      <dst id="6">43.9111</dst>
      <dst id="16">12871.3422</dst>
      <dst id="14">24230.8356</dst>
      <dst id="20">350.4356</dst>
      <dst id="11">136140.1956</dst>
      <dst id="9">196621.8489</dst>
      <dst id="17">1619.1911</dst>
      <dst id="21">12753.5378</dst>
      <dst id="15">180.4800</dst>
    </src>
    <src id="21">
      <dst id="12">19277.3867</dst>
      <dst id="13">1807.1378</dst>
      <dst id="19">113.9289</dst>
      <dst id="23">157.6267</dst>
      <dst id="8">660.8000</dst>
      <dst id="18">8395.7600</dst>
      <dst id="4">32391.5378</dst>
      <dst id="1">1262.1956</dst>
      <dst id="5">464.8000</dst>
      <dst id="3">974.3200</dst>
      <dst id="22">2431.7156</dst>
      <dst id="7">3345.7956</dst>
      <dst id="2">9489.0400</dst>
      <dst id="6">32.7822</dst>
      <dst id="16">243.2978</dst>
      <dst id="14">88.4533</dst>
      <dst id="20">3554.9156</dst>
      <dst id="11">578.8800</dst>
      <dst id="9">1011.8489</dst>
      <dst id="17">5279.2622</dst>
      <dst id="21">3481.8400</dst>
      <dst id="15">31.8667</dst>
    </src>
    <src id="15">
      <dst id="12">129.1822</dst>
      <dst id="13">2053.0489</dst>
      <dst id="19">13.6889</dst>
      <dst id="23">1.7778</dst>
      <dst id="8">55.0400</dst>
      <dst id="18">51.3689</dst>
      <dst id="4">6754.6044</dst>
      <dst id="1">285.2000</dst>
      <dst id="5">285.7511</dst>
      <dst id="3">13.0933</dst>
      <dst id="7">39.0044</dst>
      <dst id="2">175.7956</dst>
      <dst id="11">226.6489</dst>
      <dst id="9">523.6622</dst>
      <dst id="17">2053.7422</dst>
      <dst id="21">53.6178</dst>
    </src>
  </IntraTM>
</TrafficMatrixFile>
