<?xml version="1.0" encoding="UTF-8" standalone="yes"?>
<TrafficMatrixFile xmlns:xsi="http://www.w3.org/2001/XMLSchema-instance" xsi:noNamespaceSchemaLocation="http://totem.run.montefiore.ulg.ac.be/Schema/TrafficMatrix-v1_2.xsd">
  <info>
    <title>Intradomain traffic matrix generated by geant-TM-all.pl</title>
    <date>2005-01-05T04:15:00</date>
    <duration>900</duration>
    <author>Steve Uhlig</author>
    <units>
        <unit type="bandwidth" value="kbps"/>
    </units>
  </info>
  <IntraTM ASID="20965">
    <src id="12">
      <dst id="12">257499.9111</dst>
      <dst id="13">25392.4711</dst>
      <dst id="19">5136.3644</dst>
      <dst id="23">16150.6222</dst>
      <dst id="8">7515.8844</dst>
      <dst id="18">312.9867</dst>
      <dst id="4">90373.4222</dst>
      <dst id="1">9159.5022</dst>
      <dst id="5">4137.9022</dst>
      <dst id="3">1262.3111</dst>
      <dst id="22">7601.4133</dst>
      <dst id="7">1366.5156</dst>
      <dst id="2">87098.8178</dst>
      <dst id="6">65.5111</dst>
      <dst id="16">8564.7289</dst>
      <dst id="14">459.1022</dst>
      <dst id="20">3587.2622</dst>
      <dst id="11">4464.3644</dst>
      <dst id="9">10698.1067</dst>
      <dst id="17">79653.9111</dst>
      <dst id="21">1884.6400</dst>
      <dst id="15">3402.2311</dst>
    </src>
    <src id="13">
      <dst id="12">54885.1822</dst>
      <dst id="19">6464.2400</dst>
      <dst id="23">198.2222</dst>
      <dst id="8">3611.0933</dst>
      <dst id="18">2072.1778</dst>
      <dst id="1">2524.7733</dst>
      <dst id="5">5632.9422</dst>
      <dst id="3">8938.2311</dst>
      <dst id="22">23012.1689</dst>
      <dst id="7">16680.4978</dst>
      <dst id="2">98178.6844</dst>
      <dst id="6">203.8667</dst>
      <dst id="16">9700.4267</dst>
      <dst id="14">3414.4800</dst>
      <dst id="20">6477.3600</dst>
      <dst id="11">14849.2711</dst>
      <dst id="9">21320.1333</dst>
      <dst id="17">95510.0000</dst>
      <dst id="21">6760.5067</dst>
      <dst id="15">2821.7156</dst>
    </src>
    <src id="19">
      <dst id="12">15025.6533</dst>
      <dst id="13">255.6178</dst>
      <dst id="23">1.1733</dst>
      <dst id="8">9.7778</dst>
      <dst id="18">77.5378</dst>
      <dst id="4">15019.3867</dst>
      <dst id="1">1038.5600</dst>
      <dst id="5">32.2400</dst>
      <dst id="3">0.3556</dst>
      <dst id="22">756.7111</dst>
      <dst id="7">4574.4711</dst>
      <dst id="2">827.2356</dst>
      <dst id="6">27.2444</dst>
      <dst id="16">3460.6044</dst>
      <dst id="14">15.8133</dst>
      <dst id="20">533.6978</dst>
      <dst id="11">196.2933</dst>
      <dst id="9">78.9689</dst>
      <dst id="17">447.2178</dst>
      <dst id="21">271.1022</dst>
      <dst id="15">1.0400</dst>
    </src>
    <src id="23">
      <dst id="12">467.9467</dst>
      <dst id="13">99.6444</dst>
      <dst id="19">13.3333</dst>
      <dst id="8">6.9422</dst>
      <dst id="18">14.4356</dst>
      <dst id="4">93.6533</dst>
      <dst id="1">43.5644</dst>
      <dst id="5">140.9511</dst>
      <dst id="3">339.6622</dst>
      <dst id="22">795.1289</dst>
      <dst id="7">179.4933</dst>
      <dst id="2">16.6311</dst>
      <dst id="6">38.7022</dst>
      <dst id="16">161.4578</dst>
      <dst id="14">902.5600</dst>
      <dst id="20">26.6667</dst>
      <dst id="11">204.1778</dst>
      <dst id="9">1307.1200</dst>
      <dst id="17">176.6311</dst>
      <dst id="21">30.5689</dst>
      <dst id="15">54.5067</dst>
    </src>
    <src id="8">
      <dst id="12">348201.6178</dst>
      <dst id="13">2078.8622</dst>
      <dst id="19">64.8089</dst>
      <dst id="23">0.7111</dst>
      <dst id="18">79.0844</dst>
      <dst id="4">4881.9467</dst>
      <dst id="1">4389.0311</dst>
      <dst id="5">1767.3067</dst>
      <dst id="3">23.7956</dst>
      <dst id="22">2530.9422</dst>
      <dst id="7">11.2267</dst>
      <dst id="2">190807.2533</dst>
      <dst id="16">1266.5778</dst>
      <dst id="14">0.7111</dst>
      <dst id="20">281.3867</dst>
      <dst id="11">105.4133</dst>
      <dst id="9">226.1156</dst>
      <dst id="17">138579.5556</dst>
      <dst id="21">154.1422</dst>
      <dst id="15">163.0400</dst>
    </src>
    <src id="18">
      <dst id="12">96669.0578</dst>
      <dst id="13">329.8667</dst>
      <dst id="19">67.9467</dst>
      <dst id="23">0.4622</dst>
      <dst id="8">130.5689</dst>
      <dst id="4">1320.9422</dst>
      <dst id="1">675.3511</dst>
      <dst id="5">357.6267</dst>
      <dst id="3">34.8711</dst>
      <dst id="22">132.6222</dst>
      <dst id="7">1370.1867</dst>
      <dst id="2">35241.6622</dst>
      <dst id="16">61.2800</dst>
      <dst id="14">34.2489</dst>
      <dst id="20">15.8133</dst>
      <dst id="11">181.6622</dst>
      <dst id="9">18.1333</dst>
      <dst id="17">39051.3778</dst>
      <dst id="21">573.9289</dst>
      <dst id="15">2.3467</dst>
    </src>
    <src id="4">
      <dst id="12">19604.3378</dst>
      <dst id="19">15807.6356</dst>
      <dst id="8">764.0444</dst>
      <dst id="18">871.5556</dst>
      <dst id="4">3.0222</dst>
      <dst id="1">69904.4978</dst>
      <dst id="5">2188.2933</dst>
      <dst id="3">192.3289</dst>
      <dst id="22">3694.6667</dst>
      <dst id="7">35450.2489</dst>
      <dst id="2">73135.2800</dst>
      <dst id="6">107.5911</dst>
      <dst id="16">2214.0711</dst>
      <dst id="14">1034.8444</dst>
      <dst id="20">3643.5644</dst>
      <dst id="11">3402.0978</dst>
      <dst id="9">2602.3022</dst>
      <dst id="17">16826.0000</dst>
      <dst id="21">4818.5333</dst>
      <dst id="15">1034.5511</dst>
    </src>
    <src id="1">
      <dst id="12">15013.9556</dst>
      <dst id="13">429.5289</dst>
      <dst id="19">28.5778</dst>
      <dst id="23">10.1156</dst>
      <dst id="8">122277.3422</dst>
      <dst id="18">12857.7956</dst>
      <dst id="4">13834.4800</dst>
      <dst id="1">101866.7556</dst>
      <dst id="5">240244.3467</dst>
      <dst id="3">234.8711</dst>
      <dst id="22">1931.3689</dst>
      <dst id="7">3771.9022</dst>
      <dst id="2">6099.4311</dst>
      <dst id="6">8817.6711</dst>
      <dst id="16">5692.6844</dst>
      <dst id="14">81.9289</dst>
      <dst id="20">72.2311</dst>
      <dst id="11">612.4889</dst>
      <dst id="9">227208.9511</dst>
      <dst id="17">5147.4044</dst>
      <dst id="21">6272.8356</dst>
      <dst id="15">216.4178</dst>
    </src>
    <src id="5">
      <dst id="12">346153.0756</dst>
      <dst id="13">2911.4933</dst>
      <dst id="19">26.3911</dst>
      <dst id="23">18.8089</dst>
      <dst id="8">3387.6356</dst>
      <dst id="18">776.8356</dst>
      <dst id="4">7892.0178</dst>
      <dst id="1">353.4400</dst>
      <dst id="3">3.3067</dst>
      <dst id="22">5110.9778</dst>
      <dst id="7">1465.9378</dst>
      <dst id="2">158370.6756</dst>
      <dst id="6">25.9822</dst>
      <dst id="16">949.0578</dst>
      <dst id="14">1.2444</dst>
      <dst id="20">1059.6267</dst>
      <dst id="11">834.8089</dst>
      <dst id="9">2319.6711</dst>
      <dst id="17">121797.6622</dst>
      <dst id="21">293.3867</dst>
      <dst id="15">379.6178</dst>
    </src>
    <src id="3">
      <dst id="12">9543.9644</dst>
      <dst id="13">215.6711</dst>
      <dst id="19">2657.8933</dst>
      <dst id="23">11098.5156</dst>
      <dst id="8">83.1556</dst>
      <dst id="18">55203.0933</dst>
      <dst id="4">20752.0267</dst>
      <dst id="1">7459.8667</dst>
      <dst id="5">373.2800</dst>
      <dst id="3">8613.4578</dst>
      <dst id="22">1232.0533</dst>
      <dst id="7">611.5467</dst>
      <dst id="2">3852.7289</dst>
      <dst id="6">0.5156</dst>
      <dst id="16">1996.6667</dst>
      <dst id="14">39765.5467</dst>
      <dst id="20">42.2756</dst>
      <dst id="11">131417.9111</dst>
      <dst id="9">350.6133</dst>
      <dst id="17">10963.6978</dst>
      <dst id="21">9714.3378</dst>
      <dst id="15">92.2489</dst>
    </src>
    <src id="10">
      <dst id="12">13369.7422</dst>
      <dst id="19">5708.7022</dst>
      <dst id="23">0.5333</dst>
      <dst id="8">574.7556</dst>
      <dst id="18">511.2533</dst>
      <dst id="1">2214.8800</dst>
      <dst id="5">4025.7244</dst>
      <dst id="3">2298.8000</dst>
      <dst id="22">3622.5600</dst>
      <dst id="7">10078.8533</dst>
      <dst id="2">26490.2844</dst>
      <dst id="6">51.9022</dst>
      <dst id="16">2169.3244</dst>
      <dst id="14">2966.9422</dst>
      <dst id="20">1151.1644</dst>
      <dst id="11">5248.7289</dst>
      <dst id="9">8100.5156</dst>
      <dst id="17">15071.5289</dst>
      <dst id="21">8722.5511</dst>
      <dst id="15">210.5956</dst>
    </src>
    <src id="22">
      <dst id="12">10722.7289</dst>
      <dst id="13">2341.7689</dst>
      <dst id="19">224.2311</dst>
      <dst id="23">119.4667</dst>
      <dst id="8">2457.4222</dst>
      <dst id="18">218.0089</dst>
      <dst id="4">16229.9733</dst>
      <dst id="1">195.4489</dst>
      <dst id="5">2722.0800</dst>
      <dst id="3">299.7511</dst>
      <dst id="7">928.3022</dst>
      <dst id="2">2697.0667</dst>
      <dst id="6">30.3556</dst>
      <dst id="14">25.0844</dst>
      <dst id="11">1594.2311</dst>
      <dst id="9">7148.8622</dst>
      <dst id="17">4536.5867</dst>
      <dst id="21">512.2933</dst>
    </src>
    <src id="7">
      <dst id="12">4551.2978</dst>
      <dst id="13">780.6400</dst>
      <dst id="19">1240.8089</dst>
      <dst id="23">137.1822</dst>
      <dst id="8">90.3733</dst>
      <dst id="18">531.6978</dst>
      <dst id="4">19538.9422</dst>
      <dst id="1">2488.9956</dst>
      <dst id="5">1839.9111</dst>
      <dst id="3">71.6178</dst>
      <dst id="22">3930.9511</dst>
      <dst id="7">706.2400</dst>
      <dst id="2">9034.9689</dst>
      <dst id="6">14.0267</dst>
      <dst id="16">640.8622</dst>
      <dst id="14">271.4400</dst>
      <dst id="20">1109.8311</dst>
      <dst id="11">692.2578</dst>
      <dst id="9">525.8667</dst>
      <dst id="17">6692.5244</dst>
      <dst id="21">920.2844</dst>
      <dst id="15">442.1244</dst>
    </src>
    <src id="2">
      <dst id="12">95880.1244</dst>
      <dst id="13">521870.2044</dst>
      <dst id="19">594.7467</dst>
      <dst id="23">25.9556</dst>
      <dst id="8">1020.8267</dst>
      <dst id="18">40848.6311</dst>
      <dst id="4">96099.9200</dst>
      <dst id="1">1749.0044</dst>
      <dst id="5">1321.2978</dst>
      <dst id="3">95.0756</dst>
      <dst id="22">2672.6933</dst>
      <dst id="7">2994.7911</dst>
      <dst id="2">654.6311</dst>
      <dst id="6">7286.6044</dst>
      <dst id="16">2808.9067</dst>
      <dst id="14">3143.0133</dst>
      <dst id="20">1556.2222</dst>
      <dst id="11">2060.4533</dst>
      <dst id="9">913.4489</dst>
      <dst id="17">23760.1422</dst>
      <dst id="21">1788.9956</dst>
      <dst id="15">687.5289</dst>
    </src>
    <src id="6">
      <dst id="12">11086.0267</dst>
      <dst id="13">3.1200</dst>
      <dst id="23">4.4000</dst>
      <dst id="8">0.5333</dst>
      <dst id="18">0.8711</dst>
      <dst id="4">1297.7689</dst>
      <dst id="1">1.0133</dst>
      <dst id="5">27.0222</dst>
      <dst id="3">0.4267</dst>
      <dst id="22">3.8400</dst>
      <dst id="7">5.8844</dst>
      <dst id="2">2665.7422</dst>
      <dst id="16">14.2756</dst>
      <dst id="20">0.9244</dst>
      <dst id="11">11.8933</dst>
      <dst id="17">1385.1378</dst>
      <dst id="21">7.2356</dst>
    </src>
    <src id="16">
      <dst id="12">2939.2800</dst>
      <dst id="13">441.4044</dst>
      <dst id="19">3976.0800</dst>
      <dst id="23">186.8356</dst>
      <dst id="8">10126.9867</dst>
      <dst id="18">15.3156</dst>
      <dst id="4">4075.9644</dst>
      <dst id="1">14871.7422</dst>
      <dst id="5">5242.3378</dst>
      <dst id="3">2.8267</dst>
      <dst id="7">3485.4933</dst>
      <dst id="2">661.4933</dst>
      <dst id="6">17.3600</dst>
      <dst id="16">76.7022</dst>
      <dst id="14">451.8844</dst>
      <dst id="11">260.8267</dst>
      <dst id="9">6795.7778</dst>
      <dst id="17">5693.2444</dst>
      <dst id="21">1435.4311</dst>
    </src>
    <src id="14">
      <dst id="12">23975.9467</dst>
      <dst id="13">30.5956</dst>
      <dst id="19">17.8311</dst>
      <dst id="23">24.3556</dst>
      <dst id="8">0.7822</dst>
      <dst id="18">14.5422</dst>
      <dst id="4">1266.0622</dst>
      <dst id="1">116.7644</dst>
      <dst id="5">2.4889</dst>
      <dst id="3">42.9600</dst>
      <dst id="22">37.6178</dst>
      <dst id="7">94.8889</dst>
      <dst id="2">8276.9511</dst>
      <dst id="16">10.8800</dst>
      <dst id="20">1.6000</dst>
      <dst id="11">77.5911</dst>
      <dst id="9">115.7867</dst>
      <dst id="17">8863.0933</dst>
      <dst id="21">42.3822</dst>
    </src>
    <src id="20">
      <dst id="12">5149.0756</dst>
      <dst id="13">5838.0622</dst>
      <dst id="19">58.2044</dst>
      <dst id="23">4.2133</dst>
      <dst id="8">310.2667</dst>
      <dst id="18">186.3467</dst>
      <dst id="4">6878.7911</dst>
      <dst id="1">284.6400</dst>
      <dst id="5">1558.0089</dst>
      <dst id="3">166.5244</dst>
      <dst id="7">1557.4133</dst>
      <dst id="2">4485.8844</dst>
      <dst id="6">79.5733</dst>
      <dst id="14">13.0489</dst>
      <dst id="11">2902.4711</dst>
      <dst id="9">5802.5422</dst>
      <dst id="17">3579.1378</dst>
      <dst id="21">63.7244</dst>
    </src>
    <src id="11">
      <dst id="12">408224.7822</dst>
      <dst id="13">3517.1556</dst>
      <dst id="19">15.7956</dst>
      <dst id="23">11.3244</dst>
      <dst id="8">160.8622</dst>
      <dst id="18">168.8000</dst>
      <dst id="4">11850.5333</dst>
      <dst id="1">519.3067</dst>
      <dst id="5">1272.9156</dst>
      <dst id="3">452.9600</dst>
      <dst id="22">2017.6533</dst>
      <dst id="7">517.7156</dst>
      <dst id="2">173196.7822</dst>
      <dst id="6">0.7822</dst>
      <dst id="16">460.4178</dst>
      <dst id="14">114.7644</dst>
      <dst id="20">51.0133</dst>
      <dst id="11">1527.8222</dst>
      <dst id="9">744.2044</dst>
      <dst id="17">155076.8711</dst>
      <dst id="21">251.5111</dst>
      <dst id="15">366.7644</dst>
    </src>
    <src id="9">
      <dst id="12">461240.6756</dst>
      <dst id="13">4041.3244</dst>
      <dst id="19">846.0622</dst>
      <dst id="23">160.5244</dst>
      <dst id="8">176.6222</dst>
      <dst id="18">53.8933</dst>
      <dst id="4">11148.9600</dst>
      <dst id="1">1665.7511</dst>
      <dst id="5">1487.3689</dst>
      <dst id="3">18.1867</dst>
      <dst id="22">7994.3289</dst>
      <dst id="7">40.5333</dst>
      <dst id="2">164382.2222</dst>
      <dst id="6">0.5156</dst>
      <dst id="16">2062.9333</dst>
      <dst id="14">4.0356</dst>
      <dst id="20">2966.5867</dst>
      <dst id="11">388.3289</dst>
      <dst id="9">309.6178</dst>
      <dst id="17">194310.2400</dst>
      <dst id="21">337.8933</dst>
      <dst id="15">3893.8933</dst>
    </src>
    <src id="17">
      <dst id="12">8261.1289</dst>
      <dst id="13">25429.1644</dst>
      <dst id="19">197.5644</dst>
      <dst id="23">99.9022</dst>
      <dst id="8">135450.4622</dst>
      <dst id="18">76.7378</dst>
      <dst id="4">30811.1467</dst>
      <dst id="1">10234.5956</dst>
      <dst id="5">225960.9244</dst>
      <dst id="3">5181.8133</dst>
      <dst id="22">11519.4311</dst>
      <dst id="7">1883.4756</dst>
      <dst id="2">23029.0044</dst>
      <dst id="6">744.5333</dst>
      <dst id="16">15183.1911</dst>
      <dst id="14">31507.2800</dst>
      <dst id="20">1999.6889</dst>
      <dst id="11">106444.8622</dst>
      <dst id="9">197456.8889</dst>
      <dst id="17">1982.1333</dst>
      <dst id="21">6049.3244</dst>
      <dst id="15">236.7289</dst>
    </src>
    <src id="21">
      <dst id="12">15461.4667</dst>
      <dst id="13">1769.1022</dst>
      <dst id="19">253.5467</dst>
      <dst id="23">22.5689</dst>
      <dst id="8">58.8622</dst>
      <dst id="18">206.3378</dst>
      <dst id="4">10480.4267</dst>
      <dst id="1">3220.6578</dst>
      <dst id="5">829.4133</dst>
      <dst id="3">1549.8222</dst>
      <dst id="22">3057.9733</dst>
      <dst id="7">586.4444</dst>
      <dst id="2">5186.6044</dst>
      <dst id="6">19.3511</dst>
      <dst id="16">207.2889</dst>
      <dst id="14">61.6444</dst>
      <dst id="20">90.1689</dst>
      <dst id="11">529.9467</dst>
      <dst id="9">849.6889</dst>
      <dst id="17">5349.0311</dst>
      <dst id="21">305.6356</dst>
      <dst id="15">89.4933</dst>
    </src>
    <src id="15">
      <dst id="12">12432.9422</dst>
      <dst id="13">587.9022</dst>
      <dst id="19">67.3778</dst>
      <dst id="23">5.3778</dst>
      <dst id="8">72.7200</dst>
      <dst id="18">1.1022</dst>
      <dst id="4">6220.5956</dst>
      <dst id="1">543.1733</dst>
      <dst id="5">568.1244</dst>
      <dst id="3">23.3778</dst>
      <dst id="7">1883.5200</dst>
      <dst id="2">470.8533</dst>
      <dst id="6">0.4978</dst>
      <dst id="14">0.8622</dst>
      <dst id="11">235.5378</dst>
      <dst id="9">1939.9556</dst>
      <dst id="17">329.5111</dst>
      <dst id="21">130.1156</dst>
    </src>
  </IntraTM>
</TrafficMatrixFile>
