<?xml version="1.0" encoding="UTF-8" standalone="yes"?>
<TrafficMatrixFile xmlns:xsi="http://www.w3.org/2001/XMLSchema-instance" xsi:noNamespaceSchemaLocation="http://totem.run.montefiore.ulg.ac.be/Schema/TrafficMatrix-v1_2.xsd">
  <info>
    <title>Intradomain traffic matrix generated by geant-TM-all.pl</title>
    <date>2005-01-06T05:00:00</date>
    <duration>900</duration>
    <author>Steve Uhlig</author>
    <units>
        <unit type="bandwidth" value="kbps"/>
    </units>
  </info>
  <IntraTM ASID="20965">
    <src id="12">
      <dst id="12">318004.5867</dst>
      <dst id="13">33140.7733</dst>
      <dst id="19">5538.8267</dst>
      <dst id="23">104.8444</dst>
      <dst id="8">1692.0800</dst>
      <dst id="18">6152.2311</dst>
      <dst id="4">124168.4444</dst>
      <dst id="1">16064.6133</dst>
      <dst id="5">125407.9378</dst>
      <dst id="3">4725.7067</dst>
      <dst id="22">32150.8533</dst>
      <dst id="7">5301.9111</dst>
      <dst id="2">120588.4089</dst>
      <dst id="6">19.3867</dst>
      <dst id="16">6364.6311</dst>
      <dst id="14">1836.9333</dst>
      <dst id="20">39682.3911</dst>
      <dst id="11">12052.6578</dst>
      <dst id="9">13804.7822</dst>
      <dst id="17">117304.9422</dst>
      <dst id="21">11910.8444</dst>
      <dst id="15">8642.1511</dst>
    </src>
    <src id="13">
      <dst id="12">103138.1333</dst>
      <dst id="19">18545.1822</dst>
      <dst id="23">465.4844</dst>
      <dst id="8">5374.5511</dst>
      <dst id="18">7333.6800</dst>
      <dst id="1">5761.7956</dst>
      <dst id="5">12485.4044</dst>
      <dst id="3">10034.6489</dst>
      <dst id="22">24400.6044</dst>
      <dst id="7">19209.5822</dst>
      <dst id="2">125245.0222</dst>
      <dst id="6">224.1956</dst>
      <dst id="16">14717.9289</dst>
      <dst id="14">5361.9467</dst>
      <dst id="20">22465.9644</dst>
      <dst id="11">17732.5244</dst>
      <dst id="9">22679.5200</dst>
      <dst id="17">238431.8400</dst>
      <dst id="21">25793.0756</dst>
      <dst id="15">3463.1644</dst>
    </src>
    <src id="19">
      <dst id="12">23405.2978</dst>
      <dst id="13">1109.5556</dst>
      <dst id="23">13.9467</dst>
      <dst id="8">7.2000</dst>
      <dst id="18">0.7111</dst>
      <dst id="4">23503.3067</dst>
      <dst id="1">1778.6044</dst>
      <dst id="5">174.4533</dst>
      <dst id="3">175.9200</dst>
      <dst id="22">948.4444</dst>
      <dst id="7">4044.3644</dst>
      <dst id="2">742.5333</dst>
      <dst id="6">134.9156</dst>
      <dst id="16">3971.1822</dst>
      <dst id="14">13.7956</dst>
      <dst id="20">1826.1778</dst>
      <dst id="11">194.7467</dst>
      <dst id="9">339.4667</dst>
      <dst id="17">10860.3200</dst>
      <dst id="21">1053.6889</dst>
      <dst id="15">3304.8178</dst>
    </src>
    <src id="23">
      <dst id="12">375.0489</dst>
      <dst id="13">1030.6756</dst>
      <dst id="19">2.2044</dst>
      <dst id="18">102.3822</dst>
      <dst id="4">47.2000</dst>
      <dst id="1">42.7822</dst>
      <dst id="5">147.9911</dst>
      <dst id="3">185.0756</dst>
      <dst id="22">591.7600</dst>
      <dst id="7">25.0933</dst>
      <dst id="2">154.8533</dst>
      <dst id="6">0.3378</dst>
      <dst id="16">51.3511</dst>
      <dst id="14">1.3867</dst>
      <dst id="20">815.3244</dst>
      <dst id="11">235.2000</dst>
      <dst id="9">1493.3422</dst>
      <dst id="17">540.7644</dst>
      <dst id="21">367.3244</dst>
      <dst id="15">1.7511</dst>
    </src>
    <src id="8">
      <dst id="12">332012.0356</dst>
      <dst id="13">948.6133</dst>
      <dst id="19">66.4000</dst>
      <dst id="18">648.5956</dst>
      <dst id="4">5794.9244</dst>
      <dst id="1">1268.6400</dst>
      <dst id="5">2753.3244</dst>
      <dst id="3">29.5733</dst>
      <dst id="22">584.5689</dst>
      <dst id="7">37.6533</dst>
      <dst id="2">131157.1467</dst>
      <dst id="6">0.3556</dst>
      <dst id="16">736.4800</dst>
      <dst id="20">537.2178</dst>
      <dst id="11">2345.1733</dst>
      <dst id="9">1133.7511</dst>
      <dst id="17">134705.0844</dst>
      <dst id="21">456.9511</dst>
      <dst id="15">138.7556</dst>
    </src>
    <src id="18">
      <dst id="12">123133.7689</dst>
      <dst id="13">434.9422</dst>
      <dst id="19">1.4756</dst>
      <dst id="23">5.7333</dst>
      <dst id="8">28.6311</dst>
      <dst id="4">2698.1689</dst>
      <dst id="1">836.7911</dst>
      <dst id="5">409.4222</dst>
      <dst id="3">61.6889</dst>
      <dst id="22">273.2000</dst>
      <dst id="7">17.6000</dst>
      <dst id="2">36361.8222</dst>
      <dst id="16">16.6756</dst>
      <dst id="20">305.6444</dst>
      <dst id="11">918.0178</dst>
      <dst id="9">230.6133</dst>
      <dst id="17">39425.9556</dst>
      <dst id="21">1020.9156</dst>
      <dst id="15">4.6933</dst>
    </src>
    <src id="4">
      <dst id="12">18114.4089</dst>
      <dst id="19">8900.1956</dst>
      <dst id="23">11.2356</dst>
      <dst id="8">4731.5378</dst>
      <dst id="18">1520.3289</dst>
      <dst id="4">2.2311</dst>
      <dst id="1">32085.7511</dst>
      <dst id="5">2843.7156</dst>
      <dst id="3">310.2578</dst>
      <dst id="22">6635.2267</dst>
      <dst id="7">26953.9644</dst>
      <dst id="2">94053.9644</dst>
      <dst id="6">55.8311</dst>
      <dst id="16">2809.7600</dst>
      <dst id="14">1198.4533</dst>
      <dst id="20">2409.4133</dst>
      <dst id="11">3524.5333</dst>
      <dst id="9">5579.5378</dst>
      <dst id="17">31279.7867</dst>
      <dst id="21">9806.9956</dst>
      <dst id="15">535.3156</dst>
    </src>
    <src id="1">
      <dst id="12">20481.5378</dst>
      <dst id="13">2727.9467</dst>
      <dst id="19">136.3111</dst>
      <dst id="23">34.6133</dst>
      <dst id="8">148418.7022</dst>
      <dst id="18">16099.0489</dst>
      <dst id="4">26619.5467</dst>
      <dst id="1">12510.4444</dst>
      <dst id="5">287719.5556</dst>
      <dst id="3">105.9378</dst>
      <dst id="22">5310.6311</dst>
      <dst id="7">13955.7867</dst>
      <dst id="2">3800.1422</dst>
      <dst id="6">12214.8444</dst>
      <dst id="16">7355.8667</dst>
      <dst id="14">53.2356</dst>
      <dst id="20">15635.9644</dst>
      <dst id="11">276.1067</dst>
      <dst id="9">268898.1867</dst>
      <dst id="17">16702.9689</dst>
      <dst id="21">32548.5956</dst>
      <dst id="15">239.5733</dst>
    </src>
    <src id="5">
      <dst id="12">405669.4756</dst>
      <dst id="13">4278.9511</dst>
      <dst id="19">313.0400</dst>
      <dst id="23">39.3511</dst>
      <dst id="8">1955.0311</dst>
      <dst id="18">633.6711</dst>
      <dst id="4">11756.5422</dst>
      <dst id="1">1421.5378</dst>
      <dst id="3">111.0222</dst>
      <dst id="22">12393.4222</dst>
      <dst id="7">743.9289</dst>
      <dst id="2">180509.9644</dst>
      <dst id="6">1.9644</dst>
      <dst id="16">2578.4444</dst>
      <dst id="14">166.2222</dst>
      <dst id="20">3856.5156</dst>
      <dst id="11">3711.7867</dst>
      <dst id="9">4144.4711</dst>
      <dst id="17">158607.9556</dst>
      <dst id="21">1017.3867</dst>
      <dst id="15">740.3378</dst>
    </src>
    <src id="3">
      <dst id="12">11393.9111</dst>
      <dst id="13">1768.5867</dst>
      <dst id="19">1714.0622</dst>
      <dst id="23">7181.6800</dst>
      <dst id="8">340.4800</dst>
      <dst id="18">116660.1333</dst>
      <dst id="4">81650.5778</dst>
      <dst id="1">2235.6089</dst>
      <dst id="5">690.1333</dst>
      <dst id="3">15661.2089</dst>
      <dst id="22">1707.6178</dst>
      <dst id="7">44300.5600</dst>
      <dst id="2">9302.0089</dst>
      <dst id="6">4.8000</dst>
      <dst id="16">1027.0400</dst>
      <dst id="14">50014.0711</dst>
      <dst id="20">690.8889</dst>
      <dst id="11">202581.5111</dst>
      <dst id="9">1677.2800</dst>
      <dst id="17">20714.6311</dst>
      <dst id="21">12468.3111</dst>
      <dst id="15">1007.8667</dst>
    </src>
    <src id="10">
      <dst id="12">14596.6400</dst>
      <dst id="19">3326.1067</dst>
      <dst id="8">2915.7867</dst>
      <dst id="18">5324.3911</dst>
      <dst id="1">1889.4844</dst>
      <dst id="5">865.1022</dst>
      <dst id="3">3764.9956</dst>
      <dst id="22">7220.3733</dst>
      <dst id="7">4744.5511</dst>
      <dst id="2">46897.5467</dst>
      <dst id="6">0.3556</dst>
      <dst id="16">5525.6978</dst>
      <dst id="14">1578.8267</dst>
      <dst id="20">4876.0800</dst>
      <dst id="11">4125.5733</dst>
      <dst id="9">5724.8089</dst>
      <dst id="17">19383.1822</dst>
      <dst id="21">15415.6178</dst>
      <dst id="15">647.8756</dst>
    </src>
    <src id="22">
      <dst id="12">13529.7778</dst>
      <dst id="13">6696.9156</dst>
      <dst id="19">188.3911</dst>
      <dst id="23">160.8000</dst>
      <dst id="8">2168.3022</dst>
      <dst id="18">373.4844</dst>
      <dst id="4">24602.2933</dst>
      <dst id="1">806.9156</dst>
      <dst id="5">4661.4311</dst>
      <dst id="3">791.2533</dst>
      <dst id="7">1773.1200</dst>
      <dst id="2">3392.2311</dst>
      <dst id="6">42.4889</dst>
      <dst id="16">1.3333</dst>
      <dst id="14">78.9778</dst>
      <dst id="11">2886.2933</dst>
      <dst id="9">4712.7911</dst>
      <dst id="17">5418.0622</dst>
      <dst id="21">2038.2578</dst>
    </src>
    <src id="7">
      <dst id="12">3408.2578</dst>
      <dst id="13">768.9778</dst>
      <dst id="19">500.8800</dst>
      <dst id="23">62.4622</dst>
      <dst id="8">1283.0756</dst>
      <dst id="18">3542.9244</dst>
      <dst id="4">41112.3822</dst>
      <dst id="1">10814.7911</dst>
      <dst id="5">1577.7333</dst>
      <dst id="3">2873.7867</dst>
      <dst id="22">7533.9556</dst>
      <dst id="7">655.3956</dst>
      <dst id="2">7113.9378</dst>
      <dst id="6">9.1111</dst>
      <dst id="16">7124.8089</dst>
      <dst id="14">64.7911</dst>
      <dst id="20">3028.2578</dst>
      <dst id="11">1090.5867</dst>
      <dst id="9">2171.9467</dst>
      <dst id="17">10355.8667</dst>
      <dst id="21">4577.5111</dst>
      <dst id="15">1077.7333</dst>
    </src>
    <src id="2">
      <dst id="12">112322.4444</dst>
      <dst id="13">525734.5156</dst>
      <dst id="19">1678.7822</dst>
      <dst id="23">18.8622</dst>
      <dst id="8">2563.2444</dst>
      <dst id="18">97599.9111</dst>
      <dst id="4">138695.0578</dst>
      <dst id="1">7572.5333</dst>
      <dst id="5">3455.2444</dst>
      <dst id="3">544.1067</dst>
      <dst id="22">2789.4844</dst>
      <dst id="7">8300.6667</dst>
      <dst id="2">1603.9467</dst>
      <dst id="6">9464.8356</dst>
      <dst id="16">3596.9689</dst>
      <dst id="14">1666.7111</dst>
      <dst id="20">8174.8978</dst>
      <dst id="11">4772.7200</dst>
      <dst id="9">1709.3156</dst>
      <dst id="17">41647.4311</dst>
      <dst id="21">6105.1378</dst>
      <dst id="15">2517.0756</dst>
    </src>
    <src id="6">
      <dst id="12">11926.9333</dst>
      <dst id="13">5.5378</dst>
      <dst id="19">8.0356</dst>
      <dst id="23">0.9600</dst>
      <dst id="8">0.3911</dst>
      <dst id="18">0.5333</dst>
      <dst id="4">115.3778</dst>
      <dst id="1">16.6578</dst>
      <dst id="5">0.6222</dst>
      <dst id="3">0.3556</dst>
      <dst id="22">53.6978</dst>
      <dst id="7">155.8133</dst>
      <dst id="2">3294.7111</dst>
      <dst id="16">39.9289</dst>
      <dst id="20">14.2756</dst>
      <dst id="11">17.4400</dst>
      <dst id="9">2.3200</dst>
      <dst id="17">2086.5156</dst>
      <dst id="21">1.2000</dst>
      <dst id="15">1.4133</dst>
    </src>
    <src id="16">
      <dst id="12">2708.7378</dst>
      <dst id="13">474.1956</dst>
      <dst id="19">4248.6133</dst>
      <dst id="23">582.3289</dst>
      <dst id="8">8125.7422</dst>
      <dst id="18">20.4800</dst>
      <dst id="4">9401.1200</dst>
      <dst id="1">8141.7867</dst>
      <dst id="5">5834.3378</dst>
      <dst id="3">347.2800</dst>
      <dst id="7">5273.9556</dst>
      <dst id="2">639.4667</dst>
      <dst id="16">69.9467</dst>
      <dst id="14">174.2578</dst>
      <dst id="11">286.5156</dst>
      <dst id="9">9149.9822</dst>
      <dst id="17">4052.4178</dst>
      <dst id="21">269.7778</dst>
    </src>
    <src id="14">
      <dst id="12">21480.1156</dst>
      <dst id="13">183.8578</dst>
      <dst id="19">3.4489</dst>
      <dst id="23">0.4622</dst>
      <dst id="18">0.6578</dst>
      <dst id="4">3372.9778</dst>
      <dst id="1">180.9156</dst>
      <dst id="5">9.6267</dst>
      <dst id="3">42.6756</dst>
      <dst id="22">23.4489</dst>
      <dst id="7">39.7333</dst>
      <dst id="2">7689.2889</dst>
      <dst id="16">4.5511</dst>
      <dst id="20">23.9289</dst>
      <dst id="11">59.8222</dst>
      <dst id="9">3.6267</dst>
      <dst id="17">9147.4933</dst>
      <dst id="21">107.5022</dst>
      <dst id="15">7.2444</dst>
    </src>
    <src id="20">
      <dst id="12">32940.4356</dst>
      <dst id="13">4339.5556</dst>
      <dst id="19">2716.6667</dst>
      <dst id="23">40.1156</dst>
      <dst id="8">500.6844</dst>
      <dst id="18">98.4356</dst>
      <dst id="4">15151.9289</dst>
      <dst id="1">1846.6578</dst>
      <dst id="5">4579.2000</dst>
      <dst id="3">1120.5067</dst>
      <dst id="7">3393.5467</dst>
      <dst id="2">5242.0978</dst>
      <dst id="6">6.6400</dst>
      <dst id="14">33.6089</dst>
      <dst id="11">1630.5422</dst>
      <dst id="9">10136.8711</dst>
      <dst id="17">1660.2133</dst>
      <dst id="21">1134.7022</dst>
    </src>
    <src id="11">
      <dst id="12">451843.9111</dst>
      <dst id="13">2988.8178</dst>
      <dst id="19">93.7956</dst>
      <dst id="23">9.9822</dst>
      <dst id="8">448.6578</dst>
      <dst id="18">409.5733</dst>
      <dst id="4">18175.6356</dst>
      <dst id="1">2342.4089</dst>
      <dst id="5">2105.5467</dst>
      <dst id="3">1107.5200</dst>
      <dst id="22">2156.3911</dst>
      <dst id="7">382.1778</dst>
      <dst id="2">192043.3778</dst>
      <dst id="6">614.4000</dst>
      <dst id="16">518.4889</dst>
      <dst id="14">34.2578</dst>
      <dst id="20">7693.9111</dst>
      <dst id="11">2608.1333</dst>
      <dst id="9">1983.6978</dst>
      <dst id="17">199114.2044</dst>
      <dst id="21">753.2800</dst>
      <dst id="15">135.5111</dst>
    </src>
    <src id="9">
      <dst id="12">557188.7200</dst>
      <dst id="13">10722.4800</dst>
      <dst id="19">289.2711</dst>
      <dst id="23">61.1733</dst>
      <dst id="8">766.6044</dst>
      <dst id="18">507.9911</dst>
      <dst id="4">20417.9111</dst>
      <dst id="1">2642.4711</dst>
      <dst id="5">2139.8489</dst>
      <dst id="3">176.4000</dst>
      <dst id="22">4453.3511</dst>
      <dst id="7">400.9067</dst>
      <dst id="2">236591.6089</dst>
      <dst id="16">939.5111</dst>
      <dst id="14">95.2889</dst>
      <dst id="20">25902.2311</dst>
      <dst id="11">591.9733</dst>
      <dst id="9">393.3956</dst>
      <dst id="17">211152.4356</dst>
      <dst id="21">926.9689</dst>
      <dst id="15">3843.7156</dst>
    </src>
    <src id="17">
      <dst id="12">12529.2267</dst>
      <dst id="13">10463.2178</dst>
      <dst id="19">808.8444</dst>
      <dst id="23">295.2444</dst>
      <dst id="8">165347.3956</dst>
      <dst id="18">1911.1289</dst>
      <dst id="4">186853.6267</dst>
      <dst id="1">6665.7867</dst>
      <dst id="5">282169.0578</dst>
      <dst id="3">5979.8222</dst>
      <dst id="22">8504.4800</dst>
      <dst id="7">3249.9467</dst>
      <dst id="2">36372.4178</dst>
      <dst id="6">160.6222</dst>
      <dst id="16">4492.5244</dst>
      <dst id="14">33883.6800</dst>
      <dst id="20">4668.1333</dst>
      <dst id="11">186887.0311</dst>
      <dst id="9">272315.0578</dst>
      <dst id="17">1770.9244</dst>
      <dst id="21">13350.2489</dst>
      <dst id="15">62.3022</dst>
    </src>
    <src id="21">
      <dst id="12">21674.3822</dst>
      <dst id="13">1707.9022</dst>
      <dst id="19">541.8667</dst>
      <dst id="23">58.2400</dst>
      <dst id="8">154.2844</dst>
      <dst id="18">11825.0756</dst>
      <dst id="4">26572.5867</dst>
      <dst id="1">6296.2222</dst>
      <dst id="5">812.6133</dst>
      <dst id="3">22183.7067</dst>
      <dst id="22">2301.9556</dst>
      <dst id="7">2002.7556</dst>
      <dst id="2">17340.3467</dst>
      <dst id="16">436.1867</dst>
      <dst id="14">107.5644</dst>
      <dst id="20">1633.5022</dst>
      <dst id="11">2435.7333</dst>
      <dst id="9">654.8800</dst>
      <dst id="17">6223.8044</dst>
      <dst id="21">4513.5289</dst>
      <dst id="15">1116.2133</dst>
    </src>
    <src id="15">
      <dst id="12">2392.0178</dst>
      <dst id="13">1003.1644</dst>
      <dst id="19">56.9689</dst>
      <dst id="8">922.6311</dst>
      <dst id="18">12.5778</dst>
      <dst id="4">2237.6978</dst>
      <dst id="1">2539.1022</dst>
      <dst id="5">2613.1911</dst>
      <dst id="3">3.6978</dst>
      <dst id="7">73.5911</dst>
      <dst id="2">2633.2444</dst>
      <dst id="14">0.8533</dst>
      <dst id="11">45.5644</dst>
      <dst id="9">4884.2400</dst>
      <dst id="17">403.8933</dst>
      <dst id="21">93.5644</dst>
    </src>
  </IntraTM>
</TrafficMatrixFile>
