<?xml version="1.0" encoding="UTF-8" standalone="yes"?>
<TrafficMatrixFile xmlns:xsi="http://www.w3.org/2001/XMLSchema-instance" xsi:noNamespaceSchemaLocation="http://totem.run.montefiore.ulg.ac.be/Schema/TrafficMatrix-v1_2.xsd">
  <info>
    <title>Intradomain traffic matrix generated by geant-TM-all.pl</title>
    <date>2005-01-05T01:45:00</date>
    <duration>900</duration>
    <author>Steve Uhlig</author>
    <units>
        <unit type="bandwidth" value="kbps"/>
    </units>
  </info>
  <IntraTM ASID="20965">
    <src id="12">
      <dst id="12">269454.0711</dst>
      <dst id="13">31262.8800</dst>
      <dst id="19">8764.7733</dst>
      <dst id="23">368.4089</dst>
      <dst id="8">1092.9511</dst>
      <dst id="18">397.3244</dst>
      <dst id="4">72778.7111</dst>
      <dst id="1">17188.4711</dst>
      <dst id="5">4831.3156</dst>
      <dst id="3">20586.4622</dst>
      <dst id="22">13360.2133</dst>
      <dst id="7">4847.4933</dst>
      <dst id="2">90998.9333</dst>
      <dst id="6">2.8178</dst>
      <dst id="16">8737.5467</dst>
      <dst id="14">188.1333</dst>
      <dst id="20">2375.3422</dst>
      <dst id="11">4086.9422</dst>
      <dst id="9">3851.8400</dst>
      <dst id="17">99426.4978</dst>
      <dst id="21">5082.5600</dst>
      <dst id="15">1189.4311</dst>
    </src>
    <src id="13">
      <dst id="12">50040.4089</dst>
      <dst id="19">5472.7733</dst>
      <dst id="23">416.3467</dst>
      <dst id="8">1258.8267</dst>
      <dst id="18">2902.1156</dst>
      <dst id="1">4458.7200</dst>
      <dst id="5">7092.1067</dst>
      <dst id="3">11980.0356</dst>
      <dst id="22">22051.4489</dst>
      <dst id="7">11707.2533</dst>
      <dst id="2">90716.3644</dst>
      <dst id="6">1393.4667</dst>
      <dst id="16">8185.1733</dst>
      <dst id="14">3223.8400</dst>
      <dst id="20">11255.8489</dst>
      <dst id="11">14316.5422</dst>
      <dst id="9">47540.8711</dst>
      <dst id="17">65247.1822</dst>
      <dst id="21">9549.0578</dst>
      <dst id="15">5573.7422</dst>
    </src>
    <src id="19">
      <dst id="12">13471.6711</dst>
      <dst id="13">3183.1111</dst>
      <dst id="23">19.5467</dst>
      <dst id="8">11.2533</dst>
      <dst id="18">1.7511</dst>
      <dst id="4">16433.9822</dst>
      <dst id="1">454.4978</dst>
      <dst id="5">2.7378</dst>
      <dst id="3">13.6889</dst>
      <dst id="22">764.8444</dst>
      <dst id="7">3839.8844</dst>
      <dst id="2">838.0089</dst>
      <dst id="6">477.6178</dst>
      <dst id="16">5259.3600</dst>
      <dst id="20">81.6711</dst>
      <dst id="11">21.4844</dst>
      <dst id="9">59.1822</dst>
      <dst id="17">290.3022</dst>
      <dst id="21">766.3822</dst>
      <dst id="15">27.3689</dst>
    </src>
    <src id="23">
      <dst id="12">759.9022</dst>
      <dst id="13">101.6711</dst>
      <dst id="19">15.3689</dst>
      <dst id="18">1.9289</dst>
      <dst id="4">55.3600</dst>
      <dst id="1">34.1511</dst>
      <dst id="5">13.3333</dst>
      <dst id="3">192.5333</dst>
      <dst id="22">644.9067</dst>
      <dst id="7">1858.0267</dst>
      <dst id="2">12.0622</dst>
      <dst id="6">76.9422</dst>
      <dst id="16">104.6400</dst>
      <dst id="14">16.5689</dst>
      <dst id="20">164.1956</dst>
      <dst id="11">577.3244</dst>
      <dst id="9">1241.8489</dst>
      <dst id="17">809.1467</dst>
      <dst id="21">172.1511</dst>
      <dst id="15">80.4889</dst>
    </src>
    <src id="8">
      <dst id="12">344169.2089</dst>
      <dst id="13">358.2133</dst>
      <dst id="19">571.2889</dst>
      <dst id="23">19.3778</dst>
      <dst id="18">94.5422</dst>
      <dst id="4">6731.0044</dst>
      <dst id="1">511.2978</dst>
      <dst id="5">3223.4844</dst>
      <dst id="3">1.2356</dst>
      <dst id="22">964.2044</dst>
      <dst id="7">78.3467</dst>
      <dst id="2">158432.1689</dst>
      <dst id="16">1343.2089</dst>
      <dst id="20">115.1733</dst>
      <dst id="11">926.3378</dst>
      <dst id="9">1853.1644</dst>
      <dst id="17">131952.2933</dst>
      <dst id="21">170.0089</dst>
      <dst id="15">68.6222</dst>
    </src>
    <src id="18">
      <dst id="12">98695.2533</dst>
      <dst id="13">97.0133</dst>
      <dst id="19">2.4711</dst>
      <dst id="23">1.1022</dst>
      <dst id="8">28.9778</dst>
      <dst id="4">1228.5511</dst>
      <dst id="1">875.3867</dst>
      <dst id="5">250.5067</dst>
      <dst id="3">36.6311</dst>
      <dst id="22">211.7156</dst>
      <dst id="7">2750.6844</dst>
      <dst id="2">30105.4578</dst>
      <dst id="16">25.0400</dst>
      <dst id="14">14.1511</dst>
      <dst id="20">54.4978</dst>
      <dst id="11">93.8400</dst>
      <dst id="9">84.4711</dst>
      <dst id="17">39395.1822</dst>
      <dst id="21">106.4889</dst>
      <dst id="15">4.6311</dst>
    </src>
    <src id="4">
      <dst id="12">18402.7733</dst>
      <dst id="19">16098.0444</dst>
      <dst id="23">0.8178</dst>
      <dst id="8">847.2889</dst>
      <dst id="18">360.1956</dst>
      <dst id="4">3.1733</dst>
      <dst id="1">105078.8000</dst>
      <dst id="5">2798.8356</dst>
      <dst id="3">546.5511</dst>
      <dst id="22">5875.2889</dst>
      <dst id="7">34159.3244</dst>
      <dst id="2">72177.6800</dst>
      <dst id="6">13.3956</dst>
      <dst id="16">1988.6400</dst>
      <dst id="14">1325.9911</dst>
      <dst id="20">3169.4311</dst>
      <dst id="11">3193.6267</dst>
      <dst id="9">3534.8089</dst>
      <dst id="17">33960.9067</dst>
      <dst id="21">3335.6178</dst>
      <dst id="15">311.6000</dst>
    </src>
    <src id="1">
      <dst id="12">20914.3911</dst>
      <dst id="13">507.7867</dst>
      <dst id="19">53.1733</dst>
      <dst id="23">29.3422</dst>
      <dst id="8">125520.3733</dst>
      <dst id="18">13184.4000</dst>
      <dst id="4">17329.7778</dst>
      <dst id="1">3724.8356</dst>
      <dst id="5">226992.3556</dst>
      <dst id="3">144.6489</dst>
      <dst id="22">2129.0133</dst>
      <dst id="7">2206.0089</dst>
      <dst id="2">2913.9111</dst>
      <dst id="6">9260.9511</dst>
      <dst id="16">8514.9511</dst>
      <dst id="14">56.5422</dst>
      <dst id="20">95.1467</dst>
      <dst id="11">268.1333</dst>
      <dst id="9">231925.3244</dst>
      <dst id="17">4714.1511</dst>
      <dst id="21">1986.3467</dst>
      <dst id="15">132.4622</dst>
    </src>
    <src id="5">
      <dst id="12">329036.5067</dst>
      <dst id="13">1002.8978</dst>
      <dst id="19">60.0267</dst>
      <dst id="23">11.4756</dst>
      <dst id="8">524.6578</dst>
      <dst id="18">923.2622</dst>
      <dst id="4">5390.3200</dst>
      <dst id="1">403.1111</dst>
      <dst id="3">0.8178</dst>
      <dst id="22">4099.2267</dst>
      <dst id="7">248.2489</dst>
      <dst id="2">145026.1244</dst>
      <dst id="6">41.8489</dst>
      <dst id="16">718.8444</dst>
      <dst id="14">1.5289</dst>
      <dst id="20">2278.7200</dst>
      <dst id="11">820.4978</dst>
      <dst id="9">737.8489</dst>
      <dst id="17">128635.9022</dst>
      <dst id="21">65.3778</dst>
      <dst id="15">168.9067</dst>
    </src>
    <src id="3">
      <dst id="12">10685.9378</dst>
      <dst id="13">1719.0222</dst>
      <dst id="19">1171.8044</dst>
      <dst id="23">8884.2756</dst>
      <dst id="8">85.1644</dst>
      <dst id="18">55234.5956</dst>
      <dst id="4">25572.2844</dst>
      <dst id="1">5517.6178</dst>
      <dst id="5">267.6533</dst>
      <dst id="3">11890.1333</dst>
      <dst id="22">1305.2000</dst>
      <dst id="7">678.1778</dst>
      <dst id="2">7878.9956</dst>
      <dst id="6">6.6044</dst>
      <dst id="16">924.7022</dst>
      <dst id="14">41050.6844</dst>
      <dst id="20">65.8756</dst>
      <dst id="11">141673.7333</dst>
      <dst id="9">150.0267</dst>
      <dst id="17">10942.1689</dst>
      <dst id="21">13294.3378</dst>
      <dst id="15">35.8933</dst>
    </src>
    <src id="10">
      <dst id="12">14884.2400</dst>
      <dst id="19">5598.3289</dst>
      <dst id="8">734.2400</dst>
      <dst id="18">10187.5200</dst>
      <dst id="1">3844.9600</dst>
      <dst id="5">1748.8356</dst>
      <dst id="3">10099.6356</dst>
      <dst id="22">5998.6756</dst>
      <dst id="7">11134.8000</dst>
      <dst id="2">29353.2178</dst>
      <dst id="6">1.5822</dst>
      <dst id="16">1837.6711</dst>
      <dst id="14">3958.5600</dst>
      <dst id="20">1579.3689</dst>
      <dst id="11">8099.6711</dst>
      <dst id="9">4753.9022</dst>
      <dst id="17">22563.0578</dst>
      <dst id="21">10778.3289</dst>
      <dst id="15">47.4311</dst>
    </src>
    <src id="22">
      <dst id="12">7998.7022</dst>
      <dst id="13">3675.2178</dst>
      <dst id="19">551.1200</dst>
      <dst id="23">3459.6089</dst>
      <dst id="8">561.2800</dst>
      <dst id="18">224.3378</dst>
      <dst id="4">32106.9689</dst>
      <dst id="1">342.0978</dst>
      <dst id="5">3023.7511</dst>
      <dst id="3">501.7067</dst>
      <dst id="7">3508.0533</dst>
      <dst id="2">2639.6800</dst>
      <dst id="6">1.9200</dst>
      <dst id="16">0.3556</dst>
      <dst id="14">297.8400</dst>
      <dst id="11">2093.7244</dst>
      <dst id="9">2051.9911</dst>
      <dst id="17">5979.9022</dst>
      <dst id="21">362.3911</dst>
    </src>
    <src id="7">
      <dst id="12">3461.0578</dst>
      <dst id="13">405.5467</dst>
      <dst id="19">3835.0044</dst>
      <dst id="23">121.8489</dst>
      <dst id="8">93.8667</dst>
      <dst id="18">115.0133</dst>
      <dst id="4">7877.6533</dst>
      <dst id="1">6513.9556</dst>
      <dst id="5">1030.5689</dst>
      <dst id="3">176.1867</dst>
      <dst id="22">4973.1822</dst>
      <dst id="7">592.9600</dst>
      <dst id="2">7112.9778</dst>
      <dst id="6">26.1689</dst>
      <dst id="16">1245.1111</dst>
      <dst id="14">150.3644</dst>
      <dst id="20">254.9778</dst>
      <dst id="11">1382.0622</dst>
      <dst id="9">467.1200</dst>
      <dst id="17">16254.0889</dst>
      <dst id="21">1996.3378</dst>
      <dst id="15">191.4489</dst>
    </src>
    <src id="2">
      <dst id="12">106902.6667</dst>
      <dst id="13">509920.4444</dst>
      <dst id="19">1530.5511</dst>
      <dst id="23">26.6667</dst>
      <dst id="8">375.2356</dst>
      <dst id="18">55400.0978</dst>
      <dst id="4">94034.0178</dst>
      <dst id="1">1652.1511</dst>
      <dst id="5">1000.4178</dst>
      <dst id="3">246.4267</dst>
      <dst id="22">2548.3111</dst>
      <dst id="7">6134.6756</dst>
      <dst id="2">1144.2400</dst>
      <dst id="6">10374.5511</dst>
      <dst id="16">2080.2222</dst>
      <dst id="14">3632.8178</dst>
      <dst id="20">1474.7556</dst>
      <dst id="11">4079.1378</dst>
      <dst id="9">901.2978</dst>
      <dst id="17">11753.9556</dst>
      <dst id="21">2953.4044</dst>
      <dst id="15">314.8000</dst>
    </src>
    <src id="6">
      <dst id="12">11403.0756</dst>
      <dst id="13">65.0489</dst>
      <dst id="19">61.4756</dst>
      <dst id="23">3.7689</dst>
      <dst id="8">26.5244</dst>
      <dst id="4">1118.1511</dst>
      <dst id="1">12.8444</dst>
      <dst id="5">2.3378</dst>
      <dst id="22">49.0044</dst>
      <dst id="7">2.8800</dst>
      <dst id="2">2791.6978</dst>
      <dst id="16">0.4267</dst>
      <dst id="20">0.8000</dst>
      <dst id="11">4.5778</dst>
      <dst id="9">7.7778</dst>
      <dst id="17">1923.8756</dst>
      <dst id="21">0.5156</dst>
    </src>
    <src id="16">
      <dst id="12">1967.4933</dst>
      <dst id="13">977.7600</dst>
      <dst id="19">3997.4489</dst>
      <dst id="23">177.2800</dst>
      <dst id="8">5640.2311</dst>
      <dst id="18">19.3333</dst>
      <dst id="4">3537.1556</dst>
      <dst id="1">14104.9600</dst>
      <dst id="5">5192.0978</dst>
      <dst id="3">3.8933</dst>
      <dst id="7">2436.3822</dst>
      <dst id="2">492.8889</dst>
      <dst id="6">11.8489</dst>
      <dst id="16">55.9289</dst>
      <dst id="14">403.2533</dst>
      <dst id="11">223.1733</dst>
      <dst id="9">7851.6356</dst>
      <dst id="17">2594.1867</dst>
      <dst id="21">3183.8044</dst>
    </src>
    <src id="14">
      <dst id="12">21353.9289</dst>
      <dst id="13">59.8222</dst>
      <dst id="19">7.0756</dst>
      <dst id="18">2.3111</dst>
      <dst id="4">2120.5244</dst>
      <dst id="1">67.8667</dst>
      <dst id="5">28.1067</dst>
      <dst id="3">41.8578</dst>
      <dst id="22">38.2311</dst>
      <dst id="7">139.9644</dst>
      <dst id="2">8451.2622</dst>
      <dst id="6">0.3556</dst>
      <dst id="16">26.9333</dst>
      <dst id="20">33.3778</dst>
      <dst id="11">54.6667</dst>
      <dst id="9">128.2578</dst>
      <dst id="17">8808.7733</dst>
      <dst id="21">118.4000</dst>
      <dst id="15">1.7422</dst>
    </src>
    <src id="20">
      <dst id="12">2621.7333</dst>
      <dst id="13">10479.2711</dst>
      <dst id="19">36.4089</dst>
      <dst id="23">87.1111</dst>
      <dst id="8">158.8178</dst>
      <dst id="18">142.4444</dst>
      <dst id="4">8703.3600</dst>
      <dst id="1">1707.0933</dst>
      <dst id="5">1072.8356</dst>
      <dst id="3">216.8800</dst>
      <dst id="7">1306.4178</dst>
      <dst id="2">2617.6889</dst>
      <dst id="14">100.7111</dst>
      <dst id="11">508.4711</dst>
      <dst id="9">3365.6711</dst>
      <dst id="17">2621.9467</dst>
      <dst id="21">151.8756</dst>
    </src>
    <src id="11">
      <dst id="12">397854.0356</dst>
      <dst id="13">4038.5333</dst>
      <dst id="19">43.6089</dst>
      <dst id="23">45.2356</dst>
      <dst id="8">332.7022</dst>
      <dst id="18">134.1244</dst>
      <dst id="4">10683.4667</dst>
      <dst id="1">645.9022</dst>
      <dst id="5">921.7778</dst>
      <dst id="3">241.3422</dst>
      <dst id="22">2255.9644</dst>
      <dst id="7">265.1911</dst>
      <dst id="2">170758.7822</dst>
      <dst id="6">3.3600</dst>
      <dst id="16">301.4400</dst>
      <dst id="14">42.5600</dst>
      <dst id="20">158.5067</dst>
      <dst id="11">3271.8222</dst>
      <dst id="9">978.2311</dst>
      <dst id="17">168506.4978</dst>
      <dst id="21">657.9467</dst>
      <dst id="15">187.9200</dst>
    </src>
    <src id="9">
      <dst id="12">449482.0178</dst>
      <dst id="13">4600.9244</dst>
      <dst id="19">63.1733</dst>
      <dst id="23">39.1822</dst>
      <dst id="8">187.0667</dst>
      <dst id="18">1.8844</dst>
      <dst id="4">7210.1333</dst>
      <dst id="1">2439.8311</dst>
      <dst id="5">742.6667</dst>
      <dst id="3">75.5644</dst>
      <dst id="22">5038.5511</dst>
      <dst id="7">170.9778</dst>
      <dst id="2">164848.7556</dst>
      <dst id="16">615.3778</dst>
      <dst id="14">1865.1556</dst>
      <dst id="20">611.0400</dst>
      <dst id="11">1382.3289</dst>
      <dst id="9">519.8044</dst>
      <dst id="17">184291.2356</dst>
      <dst id="21">959.0400</dst>
      <dst id="15">935.8400</dst>
    </src>
    <src id="17">
      <dst id="12">7104.1333</dst>
      <dst id="13">5500.7911</dst>
      <dst id="19">706.6756</dst>
      <dst id="23">75.0756</dst>
      <dst id="8">137215.6533</dst>
      <dst id="18">112.6578</dst>
      <dst id="4">30968.3911</dst>
      <dst id="1">1194.0089</dst>
      <dst id="5">218677.2978</dst>
      <dst id="3">4113.7867</dst>
      <dst id="22">4194.5244</dst>
      <dst id="7">4025.5200</dst>
      <dst id="2">16071.2089</dst>
      <dst id="6">901.6622</dst>
      <dst id="16">5744.2933</dst>
      <dst id="14">44148.3467</dst>
      <dst id="20">4134.0533</dst>
      <dst id="11">114666.0000</dst>
      <dst id="9">162774.4533</dst>
      <dst id="17">1882.2222</dst>
      <dst id="21">10575.4400</dst>
      <dst id="15">89.6622</dst>
    </src>
    <src id="21">
      <dst id="12">14448.1511</dst>
      <dst id="13">882.6222</dst>
      <dst id="19">221.0133</dst>
      <dst id="23">7.1289</dst>
      <dst id="8">11.7778</dst>
      <dst id="18">4647.6000</dst>
      <dst id="4">10733.0311</dst>
      <dst id="1">1566.5333</dst>
      <dst id="5">281.1022</dst>
      <dst id="3">954.1156</dst>
      <dst id="22">1573.1822</dst>
      <dst id="7">758.8622</dst>
      <dst id="2">6504.1067</dst>
      <dst id="6">2.3644</dst>
      <dst id="16">276.9956</dst>
      <dst id="14">106.5689</dst>
      <dst id="20">293.2622</dst>
      <dst id="11">1876.0178</dst>
      <dst id="9">363.7067</dst>
      <dst id="17">4407.5200</dst>
      <dst id="21">304.5600</dst>
      <dst id="15">84.5689</dst>
    </src>
    <src id="15">
      <dst id="12">3496.1422</dst>
      <dst id="13">799.2000</dst>
      <dst id="19">13.6889</dst>
      <dst id="23">4.3378</dst>
      <dst id="8">104.2844</dst>
      <dst id="18">27.4222</dst>
      <dst id="4">1413.0489</dst>
      <dst id="1">567.9022</dst>
      <dst id="5">155.9467</dst>
      <dst id="3">40.0089</dst>
      <dst id="7">9.7600</dst>
      <dst id="2">65.2000</dst>
      <dst id="6">0.4267</dst>
      <dst id="11">360.1689</dst>
      <dst id="9">10240.6044</dst>
      <dst id="17">344.4800</dst>
      <dst id="21">208.8267</dst>
    </src>
  </IntraTM>
</TrafficMatrixFile>
