<?xml version="1.0" encoding="UTF-8" standalone="yes"?>
<TrafficMatrixFile xmlns:xsi="http://www.w3.org/2001/XMLSchema-instance" xsi:noNamespaceSchemaLocation="http://totem.run.montefiore.ulg.ac.be/Schema/TrafficMatrix-v1_2.xsd">
  <info>
    <title>Intradomain traffic matrix generated by geant-TM-all.pl</title>
    <date>2005-01-02T21:45:00</date>
    <duration>900</duration>
    <author>Steve Uhlig</author>
    <units>
        <unit type="bandwidth" value="kbps"/>
    </units>
  </info>
  <IntraTM ASID="20965">
    <src id="12">
      <dst id="12">312688.7822</dst>
      <dst id="13">19635.0756</dst>
      <dst id="19">4196.8622</dst>
      <dst id="23">3597.2533</dst>
      <dst id="8">8540.1333</dst>
      <dst id="18">2046.3911</dst>
      <dst id="4">84292.2756</dst>
      <dst id="1">8314.2133</dst>
      <dst id="5">4736.8889</dst>
      <dst id="3">11313.0667</dst>
      <dst id="22">53570.8356</dst>
      <dst id="7">5138.8000</dst>
      <dst id="2">114428.4178</dst>
      <dst id="6">42.4889</dst>
      <dst id="16">7926.5244</dst>
      <dst id="14">316.0533</dst>
      <dst id="20">4781.9911</dst>
      <dst id="11">12856.8267</dst>
      <dst id="9">17803.0489</dst>
      <dst id="17">126478.8800</dst>
      <dst id="21">25469.3067</dst>
      <dst id="15">6569.4933</dst>
    </src>
    <src id="13">
      <dst id="12">82623.6356</dst>
      <dst id="19">9838.8711</dst>
      <dst id="23">1262.2222</dst>
      <dst id="8">7696.8622</dst>
      <dst id="18">7697.0044</dst>
      <dst id="4">1.2178</dst>
      <dst id="1">12855.0400</dst>
      <dst id="5">12913.0222</dst>
      <dst id="3">29566.0356</dst>
      <dst id="22">34910.5689</dst>
      <dst id="7">23421.1378</dst>
      <dst id="2">143934.2844</dst>
      <dst id="6">112.0178</dst>
      <dst id="16">17047.8756</dst>
      <dst id="14">1931.2089</dst>
      <dst id="20">19998.8000</dst>
      <dst id="11">40748.8978</dst>
      <dst id="9">22735.6800</dst>
      <dst id="17">97226.0089</dst>
      <dst id="21">31136.0533</dst>
      <dst id="15">6391.1556</dst>
    </src>
    <src id="19">
      <dst id="12">19315.5822</dst>
      <dst id="13">4909.3867</dst>
      <dst id="23">67.8400</dst>
      <dst id="8">411.2889</dst>
      <dst id="18">1967.8311</dst>
      <dst id="4">19475.1378</dst>
      <dst id="1">1939.8756</dst>
      <dst id="5">78.4711</dst>
      <dst id="3">78.1156</dst>
      <dst id="22">268.5867</dst>
      <dst id="7">7684.3644</dst>
      <dst id="2">4070.8356</dst>
      <dst id="6">67.8489</dst>
      <dst id="16">4795.5556</dst>
      <dst id="20">44.0889</dst>
      <dst id="11">754.3733</dst>
      <dst id="9">114.0089</dst>
      <dst id="17">3948.8622</dst>
      <dst id="21">1669.3422</dst>
      <dst id="15">32.0622</dst>
    </src>
    <src id="23">
      <dst id="12">2529.3956</dst>
      <dst id="13">490.2756</dst>
      <dst id="19">513.1378</dst>
      <dst id="8">54.8622</dst>
      <dst id="18">22.5422</dst>
      <dst id="4">59.8756</dst>
      <dst id="1">673.2089</dst>
      <dst id="5">401.1022</dst>
      <dst id="3">248.6578</dst>
      <dst id="22">1942.8978</dst>
      <dst id="7">132.2133</dst>
      <dst id="2">298.6044</dst>
      <dst id="16">86.7822</dst>
      <dst id="14">4.8267</dst>
      <dst id="20">82.8711</dst>
      <dst id="11">59.0489</dst>
      <dst id="9">260.7378</dst>
      <dst id="17">1648.3911</dst>
      <dst id="21">1698.9600</dst>
      <dst id="15">27.3778</dst>
    </src>
    <src id="8">
      <dst id="12">411068.0000</dst>
      <dst id="13">4659.6089</dst>
      <dst id="19">9.1289</dst>
      <dst id="23">32.2133</dst>
      <dst id="18">661.6711</dst>
      <dst id="4">4574.3378</dst>
      <dst id="1">387.4133</dst>
      <dst id="5">1624.7467</dst>
      <dst id="3">15.9022</dst>
      <dst id="22">3376.3022</dst>
      <dst id="7">150.8889</dst>
      <dst id="2">166960.0533</dst>
      <dst id="16">2122.7733</dst>
      <dst id="14">0.3556</dst>
      <dst id="20">13848.8444</dst>
      <dst id="11">2537.2800</dst>
      <dst id="9">688.8622</dst>
      <dst id="17">150871.8044</dst>
      <dst id="21">657.2800</dst>
      <dst id="15">259.4844</dst>
    </src>
    <src id="18">
      <dst id="12">126266.7378</dst>
      <dst id="13">618.4267</dst>
      <dst id="19">943.2889</dst>
      <dst id="23">2.7733</dst>
      <dst id="8">146.4356</dst>
      <dst id="4">2355.6444</dst>
      <dst id="1">989.0222</dst>
      <dst id="5">492.4000</dst>
      <dst id="3">1621.5822</dst>
      <dst id="22">303.3956</dst>
      <dst id="7">270.0178</dst>
      <dst id="2">54479.7956</dst>
      <dst id="16">153.4489</dst>
      <dst id="14">2.2400</dst>
      <dst id="20">4.2844</dst>
      <dst id="11">140.0800</dst>
      <dst id="9">687.4222</dst>
      <dst id="17">40579.2711</dst>
      <dst id="21">2599.8578</dst>
      <dst id="15">201.4222</dst>
    </src>
    <src id="4">
      <dst id="12">39270.0978</dst>
      <dst id="19">8482.0356</dst>
      <dst id="23">0.5244</dst>
      <dst id="8">5658.2489</dst>
      <dst id="18">3338.1244</dst>
      <dst id="4">3.5733</dst>
      <dst id="1">58861.1644</dst>
      <dst id="5">1107.8489</dst>
      <dst id="3">1047.1289</dst>
      <dst id="22">8845.1822</dst>
      <dst id="7">147627.6267</dst>
      <dst id="2">101518.9956</dst>
      <dst id="6">27.6711</dst>
      <dst id="16">2471.6089</dst>
      <dst id="14">1253.3511</dst>
      <dst id="20">4665.3244</dst>
      <dst id="11">7735.2267</dst>
      <dst id="9">3181.5289</dst>
      <dst id="17">97431.1289</dst>
      <dst id="21">7304.7911</dst>
      <dst id="15">1003.5556</dst>
    </src>
    <src id="1">
      <dst id="12">19957.6356</dst>
      <dst id="13">2750.9689</dst>
      <dst id="19">3504.8267</dst>
      <dst id="23">103.0311</dst>
      <dst id="8">247809.9556</dst>
      <dst id="18">17562.3200</dst>
      <dst id="4">16752.4178</dst>
      <dst id="1">34440.2667</dst>
      <dst id="5">262157.3956</dst>
      <dst id="3">191.7067</dst>
      <dst id="22">10058.3911</dst>
      <dst id="7">3687.8489</dst>
      <dst id="2">27263.3244</dst>
      <dst id="6">14375.3156</dst>
      <dst id="16">8519.7244</dst>
      <dst id="14">57.7244</dst>
      <dst id="20">5040.3556</dst>
      <dst id="11">1939.5467</dst>
      <dst id="9">361530.6844</dst>
      <dst id="17">20872.6489</dst>
      <dst id="21">11885.4133</dst>
      <dst id="15">625.3244</dst>
    </src>
    <src id="5">
      <dst id="12">290343.0667</dst>
      <dst id="13">1858.4978</dst>
      <dst id="19">92.2578</dst>
      <dst id="23">81.3956</dst>
      <dst id="8">4185.8933</dst>
      <dst id="18">454.1600</dst>
      <dst id="4">6357.1556</dst>
      <dst id="1">908.4711</dst>
      <dst id="3">273.0489</dst>
      <dst id="22">5031.0667</dst>
      <dst id="7">440.4711</dst>
      <dst id="2">121474.4622</dst>
      <dst id="6">14.1156</dst>
      <dst id="16">2223.3067</dst>
      <dst id="14">5.0756</dst>
      <dst id="20">4912.4267</dst>
      <dst id="11">1933.7067</dst>
      <dst id="9">9991.3956</dst>
      <dst id="17">103137.3244</dst>
      <dst id="21">352.1600</dst>
      <dst id="15">801.7778</dst>
    </src>
    <src id="3">
      <dst id="12">9579.8044</dst>
      <dst id="13">2690.5511</dst>
      <dst id="19">968.9778</dst>
      <dst id="23">51.9556</dst>
      <dst id="8">144.2844</dst>
      <dst id="18">168575.7156</dst>
      <dst id="4">26429.6444</dst>
      <dst id="1">7138.9689</dst>
      <dst id="5">489.5644</dst>
      <dst id="3">20132.4356</dst>
      <dst id="22">1845.7600</dst>
      <dst id="7">6769.1733</dst>
      <dst id="2">7401.1822</dst>
      <dst id="6">19.8222</dst>
      <dst id="16">6088.2933</dst>
      <dst id="14">42583.4578</dst>
      <dst id="20">495.3422</dst>
      <dst id="11">257604.2667</dst>
      <dst id="9">677.6978</dst>
      <dst id="17">6360.7822</dst>
      <dst id="21">12699.1822</dst>
      <dst id="15">98.6578</dst>
    </src>
    <src id="10">
      <dst id="12">32976.6933</dst>
      <dst id="19">2784.3644</dst>
      <dst id="8">801.2000</dst>
      <dst id="18">3212.3289</dst>
      <dst id="1">7898.0978</dst>
      <dst id="5">1109.6711</dst>
      <dst id="3">16220.4978</dst>
      <dst id="22">9298.4444</dst>
      <dst id="7">67233.6178</dst>
      <dst id="2">49603.9111</dst>
      <dst id="6">376.5422</dst>
      <dst id="16">3627.1378</dst>
      <dst id="14">2340.5156</dst>
      <dst id="20">6226.2311</dst>
      <dst id="11">8604.3200</dst>
      <dst id="9">5757.0667</dst>
      <dst id="17">42380.2578</dst>
      <dst id="21">11698.3111</dst>
      <dst id="15">12695.5733</dst>
    </src>
    <src id="22">
      <dst id="12">19630.2311</dst>
      <dst id="13">4715.3956</dst>
      <dst id="19">179.9822</dst>
      <dst id="23">68.6222</dst>
      <dst id="8">1463.8044</dst>
      <dst id="18">616.8711</dst>
      <dst id="4">16905.1822</dst>
      <dst id="1">3344.5422</dst>
      <dst id="5">7740.9244</dst>
      <dst id="3">2253.6267</dst>
      <dst id="7">4022.6044</dst>
      <dst id="2">7213.2000</dst>
      <dst id="6">233.5644</dst>
      <dst id="16">15.2711</dst>
      <dst id="14">78.4622</dst>
      <dst id="11">4900.0533</dst>
      <dst id="9">4878.0533</dst>
      <dst id="17">10700.8978</dst>
      <dst id="21">5548.5422</dst>
    </src>
    <src id="7">
      <dst id="12">12819.4667</dst>
      <dst id="13">2468.9333</dst>
      <dst id="19">1907.9289</dst>
      <dst id="23">345.4311</dst>
      <dst id="8">1959.6622</dst>
      <dst id="18">2809.9644</dst>
      <dst id="4">36292.7289</dst>
      <dst id="1">17644.7378</dst>
      <dst id="5">1354.7822</dst>
      <dst id="3">2431.4222</dst>
      <dst id="22">6096.7200</dst>
      <dst id="7">584.8889</dst>
      <dst id="2">19661.6267</dst>
      <dst id="6">189.2711</dst>
      <dst id="16">1410.3289</dst>
      <dst id="14">243.7689</dst>
      <dst id="20">2280.1067</dst>
      <dst id="11">2673.4667</dst>
      <dst id="9">4355.8400</dst>
      <dst id="17">21793.1378</dst>
      <dst id="21">11012.5333</dst>
      <dst id="15">386.4089</dst>
    </src>
    <src id="2">
      <dst id="12">161924.1511</dst>
      <dst id="13">343084.9956</dst>
      <dst id="19">1604.0444</dst>
      <dst id="23">147.0756</dst>
      <dst id="8">1117.9733</dst>
      <dst id="18">155064.2311</dst>
      <dst id="4">91135.1911</dst>
      <dst id="1">10912.0800</dst>
      <dst id="5">3948.0000</dst>
      <dst id="3">138.0267</dst>
      <dst id="22">1834.9956</dst>
      <dst id="7">9572.0711</dst>
      <dst id="2">1451.5556</dst>
      <dst id="6">11760.1778</dst>
      <dst id="16">2206.3733</dst>
      <dst id="14">5754.8444</dst>
      <dst id="20">1599.1022</dst>
      <dst id="11">8604.7111</dst>
      <dst id="9">3222.8089</dst>
      <dst id="17">121767.3600</dst>
      <dst id="21">8311.8489</dst>
      <dst id="15">248.2489</dst>
    </src>
    <src id="6">
      <dst id="12">12875.5111</dst>
      <dst id="13">6.1778</dst>
      <dst id="19">58.4800</dst>
      <dst id="23">2.8800</dst>
      <dst id="18">0.8356</dst>
      <dst id="4">26.8622</dst>
      <dst id="1">25.9289</dst>
      <dst id="5">39.4400</dst>
      <dst id="3">80.0000</dst>
      <dst id="22">24.9956</dst>
      <dst id="7">39.2533</dst>
      <dst id="2">2979.9289</dst>
      <dst id="16">3.1733</dst>
      <dst id="20">0.3556</dst>
      <dst id="11">11.8222</dst>
      <dst id="9">15.1644</dst>
      <dst id="17">1886.9511</dst>
      <dst id="21">60.7022</dst>
      <dst id="15">34.9244</dst>
    </src>
    <src id="16">
      <dst id="12">3474.8622</dst>
      <dst id="13">373.6000</dst>
      <dst id="19">4690.1689</dst>
      <dst id="23">522.8000</dst>
      <dst id="8">5691.9556</dst>
      <dst id="18">42.7467</dst>
      <dst id="4">9065.4578</dst>
      <dst id="1">25885.3600</dst>
      <dst id="5">11012.9867</dst>
      <dst id="3">23.8133</dst>
      <dst id="22">12.6222</dst>
      <dst id="7">3031.7689</dst>
      <dst id="2">3491.4222</dst>
      <dst id="6">1.7422</dst>
      <dst id="16">45.1733</dst>
      <dst id="14">294.0444</dst>
      <dst id="11">1364.9600</dst>
      <dst id="9">14841.0489</dst>
      <dst id="17">11296.4889</dst>
      <dst id="21">543.8222</dst>
    </src>
    <src id="14">
      <dst id="12">16076.8444</dst>
      <dst id="13">54.3467</dst>
      <dst id="19">4.4800</dst>
      <dst id="23">55.8667</dst>
      <dst id="18">25.8489</dst>
      <dst id="4">1584.6933</dst>
      <dst id="1">136.6933</dst>
      <dst id="5">1.1022</dst>
      <dst id="3">183.3067</dst>
      <dst id="22">3.4400</dst>
      <dst id="7">469.4133</dst>
      <dst id="2">7361.9733</dst>
      <dst id="16">40.1244</dst>
      <dst id="20">1.0756</dst>
      <dst id="11">88.4444</dst>
      <dst id="9">41.9911</dst>
      <dst id="17">8643.3067</dst>
      <dst id="21">64.0622</dst>
      <dst id="15">1.2089</dst>
    </src>
    <src id="20">
      <dst id="12">26237.8844</dst>
      <dst id="13">4433.8133</dst>
      <dst id="19">57.1733</dst>
      <dst id="23">4.4356</dst>
      <dst id="8">3396.1244</dst>
      <dst id="18">78.8533</dst>
      <dst id="4">9059.3600</dst>
      <dst id="1">1401.1822</dst>
      <dst id="5">7964.2844</dst>
      <dst id="3">9824.5244</dst>
      <dst id="22">0.7378</dst>
      <dst id="7">1989.3156</dst>
      <dst id="2">5740.1067</dst>
      <dst id="14">0.3556</dst>
      <dst id="11">5493.1111</dst>
      <dst id="9">15558.6222</dst>
      <dst id="17">1998.4089</dst>
      <dst id="21">11232.7733</dst>
    </src>
    <src id="11">
      <dst id="12">438281.4222</dst>
      <dst id="13">5656.6756</dst>
      <dst id="19">508.8800</dst>
      <dst id="23">55.2178</dst>
      <dst id="8">8472.8444</dst>
      <dst id="18">573.8400</dst>
      <dst id="4">14165.4044</dst>
      <dst id="1">824.6667</dst>
      <dst id="5">1657.6889</dst>
      <dst id="3">4005.8756</dst>
      <dst id="22">2213.5556</dst>
      <dst id="7">1380.5333</dst>
      <dst id="2">173560.6667</dst>
      <dst id="6">18.4000</dst>
      <dst id="16">791.9022</dst>
      <dst id="14">83.6711</dst>
      <dst id="20">857.7067</dst>
      <dst id="11">3001.9911</dst>
      <dst id="9">5149.0133</dst>
      <dst id="17">167765.9467</dst>
      <dst id="21">2331.7244</dst>
      <dst id="15">2529.0844</dst>
    </src>
    <src id="9">
      <dst id="12">494655.0044</dst>
      <dst id="13">5279.1467</dst>
      <dst id="19">27.7244</dst>
      <dst id="23">5540.6400</dst>
      <dst id="8">1373.8578</dst>
      <dst id="18">146.0978</dst>
      <dst id="4">10343.4756</dst>
      <dst id="1">1072.5956</dst>
      <dst id="5">1537.7778</dst>
      <dst id="3">20.4533</dst>
      <dst id="22">4016.8711</dst>
      <dst id="7">1190.6400</dst>
      <dst id="2">177788.9067</dst>
      <dst id="6">3.7244</dst>
      <dst id="16">1472.9244</dst>
      <dst id="14">6.9600</dst>
      <dst id="20">6125.0844</dst>
      <dst id="11">2611.3956</dst>
      <dst id="9">3218.4178</dst>
      <dst id="17">190092.5333</dst>
      <dst id="21">1349.1289</dst>
      <dst id="15">9888.5778</dst>
    </src>
    <src id="17">
      <dst id="12">18867.0933</dst>
      <dst id="13">12454.6844</dst>
      <dst id="19">2392.5867</dst>
      <dst id="23">1529.9378</dst>
      <dst id="8">267084.3644</dst>
      <dst id="18">981.6800</dst>
      <dst id="4">69741.9822</dst>
      <dst id="1">4688.9511</dst>
      <dst id="5">276509.8311</dst>
      <dst id="3">13041.7156</dst>
      <dst id="22">16944.3556</dst>
      <dst id="7">14746.7644</dst>
      <dst id="2">47249.6889</dst>
      <dst id="6">314.8978</dst>
      <dst id="16">10266.0889</dst>
      <dst id="14">41889.3333</dst>
      <dst id="20">9030.2133</dst>
      <dst id="11">199103.0933</dst>
      <dst id="9">319694.5422</dst>
      <dst id="17">1545.6178</dst>
      <dst id="21">13691.6267</dst>
      <dst id="15">1874.4978</dst>
    </src>
    <src id="21">
      <dst id="12">22529.3778</dst>
      <dst id="13">5167.7067</dst>
      <dst id="19">4325.1200</dst>
      <dst id="23">2534.9067</dst>
      <dst id="8">138.8622</dst>
      <dst id="18">7279.8311</dst>
      <dst id="4">19048.3111</dst>
      <dst id="1">7125.4400</dst>
      <dst id="5">457.5822</dst>
      <dst id="3">3269.1022</dst>
      <dst id="22">1769.9200</dst>
      <dst id="7">2361.2978</dst>
      <dst id="2">11705.8400</dst>
      <dst id="6">12.4889</dst>
      <dst id="16">525.3067</dst>
      <dst id="14">120.7022</dst>
      <dst id="20">459.1733</dst>
      <dst id="11">2577.6444</dst>
      <dst id="9">4258.5511</dst>
      <dst id="17">6572.9956</dst>
      <dst id="21">3539.2267</dst>
      <dst id="15">2960.4000</dst>
    </src>
    <src id="15">
      <dst id="12">3809.8844</dst>
      <dst id="13">700.1333</dst>
      <dst id="19">1258.1422</dst>
      <dst id="23">88.3556</dst>
      <dst id="8">92.4444</dst>
      <dst id="18">10.7289</dst>
      <dst id="4">2736.7378</dst>
      <dst id="1">1265.2444</dst>
      <dst id="5">185.0844</dst>
      <dst id="3">6.2756</dst>
      <dst id="7">257.4933</dst>
      <dst id="2">935.7778</dst>
      <dst id="6">0.8889</dst>
      <dst id="11">470.5333</dst>
      <dst id="9">3853.0667</dst>
      <dst id="17">271.4933</dst>
      <dst id="21">10299.0667</dst>
    </src>
  </IntraTM>
</TrafficMatrixFile>
