<?xml version="1.0" encoding="UTF-8" standalone="yes"?>
<TrafficMatrixFile xmlns:xsi="http://www.w3.org/2001/XMLSchema-instance" xsi:noNamespaceSchemaLocation="http://totem.run.montefiore.ulg.ac.be/Schema/TrafficMatrix-v1_2.xsd">
  <info>
    <title>Intradomain traffic matrix generated by geant-TM-all.pl</title>
    <date>2005-01-01T02:15:00</date>
    <duration>900</duration>
    <author>Steve Uhlig</author>
    <units>
        <unit type="bandwidth" value="kbps"/>
    </units>
  </info>
  <IntraTM ASID="20965">
    <src id="12">
      <dst id="12">318965.9822</dst>
      <dst id="13">40365.1111</dst>
      <dst id="19">4924.9511</dst>
      <dst id="23">855.4222</dst>
      <dst id="8">8414.4267</dst>
      <dst id="18">3172.5600</dst>
      <dst id="4">124991.1911</dst>
      <dst id="1">7348.0711</dst>
      <dst id="5">5007.3600</dst>
      <dst id="3">7337.0756</dst>
      <dst id="22">34755.8222</dst>
      <dst id="7">16960.8978</dst>
      <dst id="2">107736.2133</dst>
      <dst id="6">124.5422</dst>
      <dst id="16">9297.1556</dst>
      <dst id="14">1070.5689</dst>
      <dst id="20">11142.7644</dst>
      <dst id="11">5423.3156</dst>
      <dst id="9">15176.9422</dst>
      <dst id="17">73232.2844</dst>
      <dst id="21">21950.8267</dst>
      <dst id="15">1467.4400</dst>
    </src>
    <src id="13">
      <dst id="12">73220.3378</dst>
      <dst id="19">9635.5467</dst>
      <dst id="23">449.3511</dst>
      <dst id="8">7788.3289</dst>
      <dst id="18">10331.0133</dst>
      <dst id="1">13991.4844</dst>
      <dst id="5">13753.2089</dst>
      <dst id="3">25975.1911</dst>
      <dst id="22">35868.2311</dst>
      <dst id="7">26813.7956</dst>
      <dst id="2">144138.2756</dst>
      <dst id="6">70.7022</dst>
      <dst id="16">17894.8711</dst>
      <dst id="14">9415.4756</dst>
      <dst id="20">21121.7156</dst>
      <dst id="11">14965.1733</dst>
      <dst id="9">18768.4444</dst>
      <dst id="17">140353.3244</dst>
      <dst id="21">31431.9556</dst>
      <dst id="15">6658.1333</dst>
    </src>
    <src id="19">
      <dst id="12">14723.3689</dst>
      <dst id="13">4076.2756</dst>
      <dst id="23">172.1333</dst>
      <dst id="8">236.9244</dst>
      <dst id="18">114.6667</dst>
      <dst id="4">23338.8533</dst>
      <dst id="1">124.5600</dst>
      <dst id="5">128.5778</dst>
      <dst id="3">1188.6489</dst>
      <dst id="22">125.3600</dst>
      <dst id="7">4850.6133</dst>
      <dst id="2">11717.6267</dst>
      <dst id="6">187.9289</dst>
      <dst id="16">6951.1022</dst>
      <dst id="14">15.6356</dst>
      <dst id="20">208.1156</dst>
      <dst id="11">35.8667</dst>
      <dst id="9">174.4622</dst>
      <dst id="17">2709.5822</dst>
      <dst id="21">1676.7111</dst>
      <dst id="15">10.5422</dst>
    </src>
    <src id="23">
      <dst id="12">866.9067</dst>
      <dst id="13">216.3111</dst>
      <dst id="19">6.6489</dst>
      <dst id="8">3793.7067</dst>
      <dst id="18">1014.1867</dst>
      <dst id="4">428.1600</dst>
      <dst id="1">94.0000</dst>
      <dst id="5">240.1156</dst>
      <dst id="3">691.9733</dst>
      <dst id="22">216.5867</dst>
      <dst id="7">473.3689</dst>
      <dst id="2">2.1689</dst>
      <dst id="6">0.9244</dst>
      <dst id="16">53.6978</dst>
      <dst id="20">65.3689</dst>
      <dst id="11">81.6622</dst>
      <dst id="9">303.6800</dst>
      <dst id="17">2361.9556</dst>
      <dst id="21">2645.1289</dst>
      <dst id="15">0.4622</dst>
    </src>
    <src id="8">
      <dst id="12">401133.0133</dst>
      <dst id="13">735.2800</dst>
      <dst id="19">44.0622</dst>
      <dst id="23">65.6711</dst>
      <dst id="18">516.1600</dst>
      <dst id="4">10180.4889</dst>
      <dst id="1">671.6800</dst>
      <dst id="5">15753.8933</dst>
      <dst id="3">555.3333</dst>
      <dst id="22">2981.9556</dst>
      <dst id="7">106.2667</dst>
      <dst id="2">145826.2044</dst>
      <dst id="16">592.9067</dst>
      <dst id="14">15.2178</dst>
      <dst id="20">8658.6133</dst>
      <dst id="11">1474.7022</dst>
      <dst id="9">417.6533</dst>
      <dst id="17">96495.8044</dst>
      <dst id="21">2973.9733</dst>
      <dst id="15">463.0578</dst>
    </src>
    <src id="18">
      <dst id="12">144908.1600</dst>
      <dst id="13">464.4356</dst>
      <dst id="19">533.2089</dst>
      <dst id="23">27.0756</dst>
      <dst id="8">54.7556</dst>
      <dst id="4">3139.2711</dst>
      <dst id="1">1245.9911</dst>
      <dst id="5">148.0356</dst>
      <dst id="3">225.5111</dst>
      <dst id="22">759.0489</dst>
      <dst id="7">462.3200</dst>
      <dst id="2">44968.7733</dst>
      <dst id="16">78.5067</dst>
      <dst id="14">47.8756</dst>
      <dst id="20">57.3600</dst>
      <dst id="11">498.8711</dst>
      <dst id="9">295.1911</dst>
      <dst id="17">36359.6178</dst>
      <dst id="21">2472.9778</dst>
      <dst id="15">38.0356</dst>
    </src>
    <src id="4">
      <dst id="12">18795.0578</dst>
      <dst id="19">10528.9956</dst>
      <dst id="23">4.1600</dst>
      <dst id="8">1300.2578</dst>
      <dst id="18">3680.2756</dst>
      <dst id="4">0.3556</dst>
      <dst id="1">4715.1733</dst>
      <dst id="5">4322.8178</dst>
      <dst id="3">34388.9600</dst>
      <dst id="22">6371.0844</dst>
      <dst id="7">31836.1689</dst>
      <dst id="2">54568.1333</dst>
      <dst id="6">3.9200</dst>
      <dst id="16">2314.6222</dst>
      <dst id="14">4620.4711</dst>
      <dst id="20">2471.9022</dst>
      <dst id="11">5019.4667</dst>
      <dst id="9">13476.4978</dst>
      <dst id="17">111499.4400</dst>
      <dst id="21">17236.2933</dst>
      <dst id="15">609.8222</dst>
    </src>
    <src id="1">
      <dst id="12">17375.2356</dst>
      <dst id="13">11821.0578</dst>
      <dst id="19">3911.1822</dst>
      <dst id="23">177.3600</dst>
      <dst id="8">153888.0089</dst>
      <dst id="18">14726.4889</dst>
      <dst id="4">35795.1556</dst>
      <dst id="1">94.2133</dst>
      <dst id="5">290147.7867</dst>
      <dst id="3">60239.0400</dst>
      <dst id="22">6003.4844</dst>
      <dst id="7">14555.9467</dst>
      <dst id="2">8570.3644</dst>
      <dst id="6">7818.4267</dst>
      <dst id="16">14519.1644</dst>
      <dst id="14">7459.3956</dst>
      <dst id="20">1187.0933</dst>
      <dst id="11">1446.6311</dst>
      <dst id="9">301532.4000</dst>
      <dst id="17">4553.3689</dst>
      <dst id="21">34387.9200</dst>
      <dst id="15">7096.0711</dst>
    </src>
    <src id="5">
      <dst id="12">436481.5911</dst>
      <dst id="13">3726.8800</dst>
      <dst id="19">252.4444</dst>
      <dst id="23">526.8800</dst>
      <dst id="8">66195.8133</dst>
      <dst id="18">504.6933</dst>
      <dst id="4">11793.8133</dst>
      <dst id="1">3748.0000</dst>
      <dst id="3">1207.1200</dst>
      <dst id="22">5794.0622</dst>
      <dst id="7">452.5156</dst>
      <dst id="2">199346.2756</dst>
      <dst id="16">1514.4711</dst>
      <dst id="14">118.7556</dst>
      <dst id="20">8772.6222</dst>
      <dst id="11">2543.2622</dst>
      <dst id="9">6923.4489</dst>
      <dst id="17">91588.5511</dst>
      <dst id="21">1350.6044</dst>
      <dst id="15">586.7911</dst>
    </src>
    <src id="3">
      <dst id="12">14492.8800</dst>
      <dst id="13">664.1511</dst>
      <dst id="19">12709.0578</dst>
      <dst id="23">84.4267</dst>
      <dst id="8">906.2578</dst>
      <dst id="18">178249.9289</dst>
      <dst id="4">53185.3156</dst>
      <dst id="1">19364.7911</dst>
      <dst id="5">410.7200</dst>
      <dst id="3">22608.8267</dst>
      <dst id="22">1150.7289</dst>
      <dst id="7">1940.2667</dst>
      <dst id="2">8964.1689</dst>
      <dst id="6">1.8578</dst>
      <dst id="16">1999.5200</dst>
      <dst id="14">45438.8800</dst>
      <dst id="20">313.7422</dst>
      <dst id="11">192240.5333</dst>
      <dst id="9">722.3733</dst>
      <dst id="17">14533.4044</dst>
      <dst id="21">13250.2578</dst>
      <dst id="15">102.2756</dst>
    </src>
    <src id="10">
      <dst id="12">23295.5733</dst>
      <dst id="19">3803.9467</dst>
      <dst id="8">1366.3022</dst>
      <dst id="18">8791.6533</dst>
      <dst id="4">2.4000</dst>
      <dst id="1">985.5556</dst>
      <dst id="5">3113.8311</dst>
      <dst id="3">8407.2533</dst>
      <dst id="22">12379.7511</dst>
      <dst id="7">14139.7511</dst>
      <dst id="2">47069.5822</dst>
      <dst id="6">21.8222</dst>
      <dst id="16">1928.3200</dst>
      <dst id="14">3837.1556</dst>
      <dst id="20">5598.2933</dst>
      <dst id="11">7972.1156</dst>
      <dst id="9">5161.8044</dst>
      <dst id="17">46748.3644</dst>
      <dst id="21">26708.8000</dst>
      <dst id="15">572.3822</dst>
    </src>
    <src id="22">
      <dst id="12">7707.0756</dst>
      <dst id="13">4379.2622</dst>
      <dst id="19">26.0089</dst>
      <dst id="23">71.0578</dst>
      <dst id="8">1006.6844</dst>
      <dst id="18">1101.1911</dst>
      <dst id="4">24419.9111</dst>
      <dst id="1">247.4756</dst>
      <dst id="5">5934.8178</dst>
      <dst id="3">3052.7911</dst>
      <dst id="7">2603.2178</dst>
      <dst id="2">4294.0978</dst>
      <dst id="6">6.8089</dst>
      <dst id="16">0.7644</dst>
      <dst id="14">15.1200</dst>
      <dst id="11">4986.2667</dst>
      <dst id="9">3019.3600</dst>
      <dst id="17">13178.1600</dst>
      <dst id="21">1756.2756</dst>
    </src>
    <src id="7">
      <dst id="12">14762.7200</dst>
      <dst id="13">750.3822</dst>
      <dst id="19">2965.4578</dst>
      <dst id="23">775.1200</dst>
      <dst id="8">1216.3200</dst>
      <dst id="18">1275.9022</dst>
      <dst id="4">43721.6444</dst>
      <dst id="1">21179.0933</dst>
      <dst id="5">1332.9778</dst>
      <dst id="3">10961.6800</dst>
      <dst id="22">4499.2444</dst>
      <dst id="7">716.0089</dst>
      <dst id="2">12014.1333</dst>
      <dst id="6">134.9067</dst>
      <dst id="16">1419.0933</dst>
      <dst id="14">4814.5422</dst>
      <dst id="20">1279.2533</dst>
      <dst id="11">3685.6622</dst>
      <dst id="9">2097.0667</dst>
      <dst id="17">29502.0178</dst>
      <dst id="21">11890.2933</dst>
      <dst id="15">450.1422</dst>
    </src>
    <src id="2">
      <dst id="12">163531.4844</dst>
      <dst id="13">9846.4356</dst>
      <dst id="19">1713.7867</dst>
      <dst id="23">6.4711</dst>
      <dst id="8">1448.7556</dst>
      <dst id="18">148087.1733</dst>
      <dst id="4">141780.6667</dst>
      <dst id="1">9715.8133</dst>
      <dst id="5">5365.1467</dst>
      <dst id="3">3767.7956</dst>
      <dst id="22">5809.8311</dst>
      <dst id="7">11273.5556</dst>
      <dst id="2">2005.4489</dst>
      <dst id="6">9109.3689</dst>
      <dst id="16">12865.6800</dst>
      <dst id="14">436.1244</dst>
      <dst id="20">2273.1911</dst>
      <dst id="11">3851.6533</dst>
      <dst id="9">1119.6178</dst>
      <dst id="17">27821.7956</dst>
      <dst id="21">10676.5689</dst>
      <dst id="15">803.0044</dst>
    </src>
    <src id="6">
      <dst id="12">11759.4133</dst>
      <dst id="13">28.4178</dst>
      <dst id="19">73.9111</dst>
      <dst id="23">32.5422</dst>
      <dst id="18">49.9200</dst>
      <dst id="4">211.8578</dst>
      <dst id="1">0.8178</dst>
      <dst id="5">0.4267</dst>
      <dst id="3">73.5556</dst>
      <dst id="22">21.1556</dst>
      <dst id="7">44.2400</dst>
      <dst id="2">2346.8444</dst>
      <dst id="16">17.7244</dst>
      <dst id="20">15.7600</dst>
      <dst id="11">2.8800</dst>
      <dst id="9">17.6800</dst>
      <dst id="17">1225.3422</dst>
      <dst id="21">66.6133</dst>
    </src>
    <src id="16">
      <dst id="12">4986.4356</dst>
      <dst id="13">1068.8267</dst>
      <dst id="19">4651.2000</dst>
      <dst id="23">75.9911</dst>
      <dst id="8">7964.0178</dst>
      <dst id="18">98.1956</dst>
      <dst id="4">7153.0133</dst>
      <dst id="1">20876.5956</dst>
      <dst id="5">4877.5733</dst>
      <dst id="3">2902.2933</dst>
      <dst id="22">13.3333</dst>
      <dst id="7">647.7156</dst>
      <dst id="2">2321.5911</dst>
      <dst id="6">0.9244</dst>
      <dst id="16">49.2000</dst>
      <dst id="14">143.3956</dst>
      <dst id="11">835.3244</dst>
      <dst id="9">12109.8222</dst>
      <dst id="17">6612.5511</dst>
      <dst id="21">425.8489</dst>
    </src>
    <src id="14">
      <dst id="12">18635.2622</dst>
      <dst id="13">863.6711</dst>
      <dst id="19">16.6578</dst>
      <dst id="23">0.4622</dst>
      <dst id="8">1.6000</dst>
      <dst id="18">34.1333</dst>
      <dst id="4">4224.4089</dst>
      <dst id="1">329.2444</dst>
      <dst id="5">9.0400</dst>
      <dst id="3">751.4133</dst>
      <dst id="22">13.8667</dst>
      <dst id="7">200.7911</dst>
      <dst id="2">6815.2089</dst>
      <dst id="16">33.0667</dst>
      <dst id="20">0.9244</dst>
      <dst id="11">63.6356</dst>
      <dst id="9">28.3467</dst>
      <dst id="17">5571.5467</dst>
      <dst id="21">309.6711</dst>
      <dst id="15">0.3556</dst>
    </src>
    <src id="20">
      <dst id="12">8620.2489</dst>
      <dst id="13">9858.8444</dst>
      <dst id="19">32.5244</dst>
      <dst id="23">96.6133</dst>
      <dst id="8">6791.8400</dst>
      <dst id="18">643.8578</dst>
      <dst id="4">14124.3111</dst>
      <dst id="1">736.5867</dst>
      <dst id="5">4767.0133</dst>
      <dst id="3">13182.7556</dst>
      <dst id="7">1143.4133</dst>
      <dst id="2">7801.3956</dst>
      <dst id="6">0.7111</dst>
      <dst id="14">25.9556</dst>
      <dst id="11">2635.3422</dst>
      <dst id="9">8147.6711</dst>
      <dst id="17">15202.8800</dst>
      <dst id="21">1110.3911</dst>
    </src>
    <src id="11">
      <dst id="12">459570.6133</dst>
      <dst id="13">1946.2311</dst>
      <dst id="19">82.6311</dst>
      <dst id="23">193.0844</dst>
      <dst id="8">1080.3733</dst>
      <dst id="18">1920.4533</dst>
      <dst id="4">19682.9689</dst>
      <dst id="1">3288.8533</dst>
      <dst id="5">2084.0622</dst>
      <dst id="3">2213.8222</dst>
      <dst id="22">2869.1289</dst>
      <dst id="7">933.9378</dst>
      <dst id="2">177804.5689</dst>
      <dst id="6">0.3556</dst>
      <dst id="16">894.0800</dst>
      <dst id="14">132.0000</dst>
      <dst id="20">412.8089</dst>
      <dst id="11">1253.3778</dst>
      <dst id="9">6447.8578</dst>
      <dst id="17">107508.0356</dst>
      <dst id="21">6768.5600</dst>
      <dst id="15">324.9067</dst>
    </src>
    <src id="9">
      <dst id="12">488613.8933</dst>
      <dst id="13">2736.1867</dst>
      <dst id="19">934.8533</dst>
      <dst id="23">255.4311</dst>
      <dst id="8">425.6978</dst>
      <dst id="18">1046.9600</dst>
      <dst id="4">11575.1644</dst>
      <dst id="1">619.9289</dst>
      <dst id="5">3960.5511</dst>
      <dst id="3">426.2222</dst>
      <dst id="22">4902.4356</dst>
      <dst id="7">1572.2844</dst>
      <dst id="2">181766.9511</dst>
      <dst id="6">47.1822</dst>
      <dst id="16">1598.1156</dst>
      <dst id="14">27.9467</dst>
      <dst id="20">1823.6622</dst>
      <dst id="11">1321.1022</dst>
      <dst id="9">1619.8311</dst>
      <dst id="17">126001.4400</dst>
      <dst id="21">1784.7111</dst>
      <dst id="15">2435.0222</dst>
    </src>
    <src id="17">
      <dst id="12">11266.9422</dst>
      <dst id="13">7015.0578</dst>
      <dst id="19">13279.9911</dst>
      <dst id="23">1786.4622</dst>
      <dst id="8">181091.6533</dst>
      <dst id="18">640.4356</dst>
      <dst id="4">85374.4800</dst>
      <dst id="1">3850.8533</dst>
      <dst id="5">278048.3022</dst>
      <dst id="3">23714.5867</dst>
      <dst id="22">13581.0489</dst>
      <dst id="7">5738.8711</dst>
      <dst id="2">102582.3644</dst>
      <dst id="6">193.9289</dst>
      <dst id="16">13630.9244</dst>
      <dst id="14">55142.3644</dst>
      <dst id="20">1338.2578</dst>
      <dst id="11">145006.9244</dst>
      <dst id="9">271946.1778</dst>
      <dst id="17">1626.8089</dst>
      <dst id="21">28963.8044</dst>
      <dst id="15">291.7867</dst>
    </src>
    <src id="21">
      <dst id="12">31619.0578</dst>
      <dst id="13">1436.0267</dst>
      <dst id="19">487.0756</dst>
      <dst id="23">116.0800</dst>
      <dst id="8">994.0356</dst>
      <dst id="18">1178.2400</dst>
      <dst id="4">34671.8311</dst>
      <dst id="1">8678.2311</dst>
      <dst id="5">1967.9289</dst>
      <dst id="3">3002.3289</dst>
      <dst id="22">2107.4400</dst>
      <dst id="7">3038.2133</dst>
      <dst id="2">15262.5689</dst>
      <dst id="6">12.3289</dst>
      <dst id="16">450.4178</dst>
      <dst id="14">101.6000</dst>
      <dst id="20">1035.1378</dst>
      <dst id="11">1200.2578</dst>
      <dst id="9">1137.3778</dst>
      <dst id="17">5838.2311</dst>
      <dst id="21">3173.6800</dst>
      <dst id="15">356.9600</dst>
    </src>
    <src id="15">
      <dst id="12">981.5467</dst>
      <dst id="13">296.7467</dst>
      <dst id="19">7.2533</dst>
      <dst id="23">14.6133</dst>
      <dst id="8">7617.4311</dst>
      <dst id="18">84.9067</dst>
      <dst id="4">3512.6489</dst>
      <dst id="1">959.7422</dst>
      <dst id="5">402.0444</dst>
      <dst id="3">1798.4978</dst>
      <dst id="7">87.4044</dst>
      <dst id="2">586.0444</dst>
      <dst id="11">135.2800</dst>
      <dst id="9">1155.1556</dst>
      <dst id="17">5940.5867</dst>
      <dst id="21">217.4222</dst>
    </src>
  </IntraTM>
</TrafficMatrixFile>
