<?xml version="1.0" encoding="UTF-8" standalone="yes"?>
<TrafficMatrixFile xmlns:xsi="http://www.w3.org/2001/XMLSchema-instance" xsi:noNamespaceSchemaLocation="http://totem.run.montefiore.ulg.ac.be/Schema/TrafficMatrix-v1_2.xsd">
  <info>
    <title>Intradomain traffic matrix generated by geant-TM-all.pl</title>
    <date>2005-01-04T09:30:00</date>
    <duration>900</duration>
    <author>Steve Uhlig</author>
    <units>
        <unit type="bandwidth" value="kbps"/>
    </units>
  </info>
  <IntraTM ASID="20965">
    <src id="12">
      <dst id="12">214635.2800</dst>
      <dst id="13">22424.0178</dst>
      <dst id="19">2614.1778</dst>
      <dst id="23">340.2933</dst>
      <dst id="8">877.2178</dst>
      <dst id="18">1369.7422</dst>
      <dst id="4">73567.3689</dst>
      <dst id="1">16362.4444</dst>
      <dst id="5">134717.7156</dst>
      <dst id="3">4468.3378</dst>
      <dst id="22">4878.9156</dst>
      <dst id="7">1009.6533</dst>
      <dst id="2">91246.9333</dst>
      <dst id="6">4.9689</dst>
      <dst id="16">4394.5778</dst>
      <dst id="14">192.6933</dst>
      <dst id="20">7459.4933</dst>
      <dst id="11">8642.8178</dst>
      <dst id="9">2432.2044</dst>
      <dst id="17">60403.7156</dst>
      <dst id="21">2252.9956</dst>
      <dst id="15">4336.2667</dst>
    </src>
    <src id="13">
      <dst id="12">46488.6044</dst>
      <dst id="19">13982.8889</dst>
      <dst id="23">14.1867</dst>
      <dst id="8">1927.5200</dst>
      <dst id="18">1777.4667</dst>
      <dst id="1">5984.4889</dst>
      <dst id="5">18126.4711</dst>
      <dst id="3">1862.4000</dst>
      <dst id="22">15109.4133</dst>
      <dst id="7">15066.1156</dst>
      <dst id="2">106324.5067</dst>
      <dst id="6">69.2444</dst>
      <dst id="16">10148.8622</dst>
      <dst id="14">3922.9511</dst>
      <dst id="20">11727.1200</dst>
      <dst id="11">11530.3911</dst>
      <dst id="9">13155.4578</dst>
      <dst id="17">37774.6222</dst>
      <dst id="21">12718.6667</dst>
      <dst id="15">684.7822</dst>
    </src>
    <src id="19">
      <dst id="12">17106.5778</dst>
      <dst id="13">286.3378</dst>
      <dst id="23">37.6889</dst>
      <dst id="8">0.3556</dst>
      <dst id="18">12.5600</dst>
      <dst id="4">18497.7778</dst>
      <dst id="1">2187.2800</dst>
      <dst id="5">71.6000</dst>
      <dst id="3">2.2489</dst>
      <dst id="22">1725.0844</dst>
      <dst id="7">2840.0711</dst>
      <dst id="2">822.6311</dst>
      <dst id="6">63.2533</dst>
      <dst id="16">7006.6311</dst>
      <dst id="14">0.8889</dst>
      <dst id="20">2.1244</dst>
      <dst id="11">15.1467</dst>
      <dst id="9">231.8933</dst>
      <dst id="17">236.8622</dst>
      <dst id="21">659.2444</dst>
      <dst id="15">1429.1467</dst>
    </src>
    <src id="23">
      <dst id="12">283.3244</dst>
      <dst id="13">82.7822</dst>
      <dst id="19">0.6756</dst>
      <dst id="18">0.6222</dst>
      <dst id="1">1.5733</dst>
      <dst id="5">0.3556</dst>
      <dst id="3">290.9956</dst>
      <dst id="22">65.0667</dst>
      <dst id="7">28.5689</dst>
      <dst id="2">2.7378</dst>
      <dst id="16">7.9200</dst>
      <dst id="11">335.2711</dst>
      <dst id="9">665.5289</dst>
      <dst id="17">85.8133</dst>
      <dst id="21">49.6089</dst>
      <dst id="15">13.3333</dst>
    </src>
    <src id="8">
      <dst id="12">321949.0578</dst>
      <dst id="13">653.7600</dst>
      <dst id="19">1.2533</dst>
      <dst id="18">81.0222</dst>
      <dst id="4">3510.1867</dst>
      <dst id="1">63.7956</dst>
      <dst id="5">1199.8578</dst>
      <dst id="3">146.6667</dst>
      <dst id="22">565.1733</dst>
      <dst id="7">720.1600</dst>
      <dst id="2">108297.3511</dst>
      <dst id="16">12087.8222</dst>
      <dst id="20">1639.3511</dst>
      <dst id="11">177.0489</dst>
      <dst id="9">737.0844</dst>
      <dst id="17">106463.6800</dst>
      <dst id="21">319.2711</dst>
      <dst id="15">223.7067</dst>
    </src>
    <src id="18">
      <dst id="12">93730.4711</dst>
      <dst id="13">151.1467</dst>
      <dst id="19">28.7022</dst>
      <dst id="8">38.5156</dst>
      <dst id="4">977.8400</dst>
      <dst id="1">1077.9111</dst>
      <dst id="5">114.0533</dst>
      <dst id="3">491.2444</dst>
      <dst id="22">133.0133</dst>
      <dst id="7">6.7556</dst>
      <dst id="2">23355.7600</dst>
      <dst id="16">13.9733</dst>
      <dst id="14">0.4267</dst>
      <dst id="20">7.6800</dst>
      <dst id="11">102.0444</dst>
      <dst id="9">166.2222</dst>
      <dst id="17">32901.9289</dst>
      <dst id="21">192.1689</dst>
      <dst id="15">4.7022</dst>
    </src>
    <src id="4">
      <dst id="12">12329.8933</dst>
      <dst id="19">15013.9644</dst>
      <dst id="8">323.9200</dst>
      <dst id="18">1013.4756</dst>
      <dst id="4">3.2533</dst>
      <dst id="1">108828.0444</dst>
      <dst id="5">1485.3244</dst>
      <dst id="3">132.4889</dst>
      <dst id="22">3045.2978</dst>
      <dst id="7">133543.7067</dst>
      <dst id="2">99249.0400</dst>
      <dst id="6">257.9467</dst>
      <dst id="16">1416.1067</dst>
      <dst id="14">1571.8578</dst>
      <dst id="20">1827.6533</dst>
      <dst id="11">2223.8667</dst>
      <dst id="9">2728.4089</dst>
      <dst id="17">34601.0578</dst>
      <dst id="21">2855.3778</dst>
      <dst id="15">226.2489</dst>
    </src>
    <src id="1">
      <dst id="12">14712.9689</dst>
      <dst id="13">1424.2578</dst>
      <dst id="19">250.0356</dst>
      <dst id="23">49.8222</dst>
      <dst id="8">85027.5556</dst>
      <dst id="18">19015.2444</dst>
      <dst id="4">8011.4844</dst>
      <dst id="1">8892.3200</dst>
      <dst id="5">150999.8311</dst>
      <dst id="3">77.0844</dst>
      <dst id="22">623.6889</dst>
      <dst id="7">1404.6933</dst>
      <dst id="2">1937.1556</dst>
      <dst id="6">5785.0311</dst>
      <dst id="16">10531.9467</dst>
      <dst id="14">41.1289</dst>
      <dst id="20">105.9022</dst>
      <dst id="11">381.5911</dst>
      <dst id="9">127680.0711</dst>
      <dst id="17">3917.7867</dst>
      <dst id="21">1848.6933</dst>
      <dst id="15">117.2711</dst>
    </src>
    <src id="5">
      <dst id="12">256437.9822</dst>
      <dst id="13">3636.7022</dst>
      <dst id="19">1.2089</dst>
      <dst id="23">13.3333</dst>
      <dst id="8">350.2044</dst>
      <dst id="18">524.7911</dst>
      <dst id="4">6138.4800</dst>
      <dst id="1">381.7244</dst>
      <dst id="3">41.1378</dst>
      <dst id="22">2826.3644</dst>
      <dst id="7">70.7822</dst>
      <dst id="2">107513.0044</dst>
      <dst id="6">6.8711</dst>
      <dst id="16">280.2044</dst>
      <dst id="14">3.5644</dst>
      <dst id="20">245.3689</dst>
      <dst id="11">716.2133</dst>
      <dst id="9">255.0756</dst>
      <dst id="17">97755.5289</dst>
      <dst id="21">189.2444</dst>
      <dst id="15">171.4844</dst>
    </src>
    <src id="3">
      <dst id="12">6966.3644</dst>
      <dst id="13">247.6711</dst>
      <dst id="19">4440.7556</dst>
      <dst id="23">11761.4578</dst>
      <dst id="8">12.4711</dst>
      <dst id="18">49513.6978</dst>
      <dst id="4">39012.7111</dst>
      <dst id="1">6731.2178</dst>
      <dst id="5">442.2756</dst>
      <dst id="3">7650.8267</dst>
      <dst id="22">1445.3511</dst>
      <dst id="7">1514.8000</dst>
      <dst id="2">5350.4356</dst>
      <dst id="6">0.7733</dst>
      <dst id="16">812.5867</dst>
      <dst id="14">23369.3422</dst>
      <dst id="20">9.2000</dst>
      <dst id="11">111409.6000</dst>
      <dst id="9">548.3200</dst>
      <dst id="17">6920.4356</dst>
      <dst id="21">6614.8978</dst>
      <dst id="15">32.2133</dst>
    </src>
    <src id="10">
      <dst id="12">10997.8578</dst>
      <dst id="19">2410.0978</dst>
      <dst id="8">919.5733</dst>
      <dst id="18">331.6978</dst>
      <dst id="1">5104.2400</dst>
      <dst id="5">483.0044</dst>
      <dst id="3">2839.2089</dst>
      <dst id="22">7495.8489</dst>
      <dst id="7">11170.8000</dst>
      <dst id="2">19200.9156</dst>
      <dst id="6">0.4178</dst>
      <dst id="16">316.7644</dst>
      <dst id="14">3143.3956</dst>
      <dst id="20">5823.0933</dst>
      <dst id="11">4428.5244</dst>
      <dst id="9">4345.5111</dst>
      <dst id="17">13353.3600</dst>
      <dst id="21">7693.2622</dst>
      <dst id="15">133.5200</dst>
    </src>
    <src id="22">
      <dst id="12">5082.2489</dst>
      <dst id="13">4570.6933</dst>
      <dst id="19">98.0800</dst>
      <dst id="23">484.6756</dst>
      <dst id="8">611.2622</dst>
      <dst id="18">190.3644</dst>
      <dst id="4">19291.5644</dst>
      <dst id="1">42.0267</dst>
      <dst id="5">1772.8978</dst>
      <dst id="3">478.2667</dst>
      <dst id="7">271.0311</dst>
      <dst id="2">2992.2756</dst>
      <dst id="14">28.8178</dst>
      <dst id="11">895.1644</dst>
      <dst id="9">1056.1156</dst>
      <dst id="17">5750.5511</dst>
      <dst id="21">485.6622</dst>
    </src>
    <src id="7">
      <dst id="12">4182.4267</dst>
      <dst id="13">173.2622</dst>
      <dst id="19">122.9689</dst>
      <dst id="23">28.2044</dst>
      <dst id="8">510.0000</dst>
      <dst id="18">95.5111</dst>
      <dst id="4">11263.0311</dst>
      <dst id="1">3240.9956</dst>
      <dst id="5">1571.4667</dst>
      <dst id="3">345.7956</dst>
      <dst id="22">4996.7111</dst>
      <dst id="7">765.0933</dst>
      <dst id="2">5261.8311</dst>
      <dst id="6">55.0044</dst>
      <dst id="16">628.2578</dst>
      <dst id="14">37.6267</dst>
      <dst id="20">686.0089</dst>
      <dst id="11">351.7956</dst>
      <dst id="9">1376.2400</dst>
      <dst id="17">7491.2267</dst>
      <dst id="21">1624.2489</dst>
      <dst id="15">161.4844</dst>
    </src>
    <src id="2">
      <dst id="12">64283.2178</dst>
      <dst id="13">520437.4311</dst>
      <dst id="19">137.4133</dst>
      <dst id="23">55.6089</dst>
      <dst id="8">453.8133</dst>
      <dst id="18">47318.3733</dst>
      <dst id="4">86565.8844</dst>
      <dst id="1">5188.1956</dst>
      <dst id="5">3195.9556</dst>
      <dst id="3">44.8267</dst>
      <dst id="22">3646.2933</dst>
      <dst id="7">1517.3867</dst>
      <dst id="2">455.4844</dst>
      <dst id="6">6797.0133</dst>
      <dst id="16">4806.3822</dst>
      <dst id="14">5361.1467</dst>
      <dst id="20">189.0844</dst>
      <dst id="11">2764.3733</dst>
      <dst id="9">3468.7467</dst>
      <dst id="17">30423.6533</dst>
      <dst id="21">2438.9333</dst>
      <dst id="15">99.9378</dst>
    </src>
    <src id="6">
      <dst id="12">7899.8667</dst>
      <dst id="13">26.7022</dst>
      <dst id="19">1.9200</dst>
      <dst id="18">0.3200</dst>
      <dst id="4">1322.8267</dst>
      <dst id="1">2.7644</dst>
      <dst id="5">2.1956</dst>
      <dst id="22">11.4667</dst>
      <dst id="7">4.5600</dst>
      <dst id="2">1968.4533</dst>
      <dst id="16">1.3333</dst>
      <dst id="11">1.7067</dst>
      <dst id="9">0.3556</dst>
      <dst id="17">1283.2800</dst>
      <dst id="21">1.5022</dst>
    </src>
    <src id="16">
      <dst id="12">3659.7156</dst>
      <dst id="13">425.5289</dst>
      <dst id="19">3942.9511</dst>
      <dst id="23">15.4756</dst>
      <dst id="8">5603.9200</dst>
      <dst id="18">44.8622</dst>
      <dst id="4">5643.7156</dst>
      <dst id="1">7635.1200</dst>
      <dst id="5">1115.1822</dst>
      <dst id="3">213.8667</dst>
      <dst id="7">467.6533</dst>
      <dst id="2">600.5333</dst>
      <dst id="16">27.6267</dst>
      <dst id="11">520.8089</dst>
      <dst id="9">1503.1467</dst>
      <dst id="17">1689.6444</dst>
      <dst id="21">2404.3111</dst>
    </src>
    <src id="14">
      <dst id="12">17644.6311</dst>
      <dst id="13">36.9956</dst>
      <dst id="19">5.9733</dst>
      <dst id="23">0.5156</dst>
      <dst id="8">0.4089</dst>
      <dst id="18">1.2089</dst>
      <dst id="4">2261.0133</dst>
      <dst id="1">55.4756</dst>
      <dst id="5">51.3067</dst>
      <dst id="3">26.0711</dst>
      <dst id="22">7.1378</dst>
      <dst id="7">53.2000</dst>
      <dst id="2">5153.3333</dst>
      <dst id="20">3.2000</dst>
      <dst id="11">62.2844</dst>
      <dst id="9">2.6133</dst>
      <dst id="17">5842.6667</dst>
      <dst id="21">50.1333</dst>
    </src>
    <src id="20">
      <dst id="12">14762.3111</dst>
      <dst id="13">2119.9289</dst>
      <dst id="19">0.4622</dst>
      <dst id="23">1.7067</dst>
      <dst id="8">413.2444</dst>
      <dst id="18">0.9600</dst>
      <dst id="4">9044.7022</dst>
      <dst id="1">103.0844</dst>
      <dst id="5">711.9822</dst>
      <dst id="3">61.8044</dst>
      <dst id="7">2728.2044</dst>
      <dst id="2">905.7333</dst>
      <dst id="14">13.4133</dst>
      <dst id="11">70.9956</dst>
      <dst id="9">225.8133</dst>
      <dst id="17">1641.0578</dst>
      <dst id="21">523.2178</dst>
    </src>
    <src id="11">
      <dst id="12">402420.9689</dst>
      <dst id="13">5351.2711</dst>
      <dst id="19">11.4489</dst>
      <dst id="23">20.5689</dst>
      <dst id="8">278.5867</dst>
      <dst id="18">651.4400</dst>
      <dst id="4">10747.7867</dst>
      <dst id="1">484.8800</dst>
      <dst id="5">822.7822</dst>
      <dst id="3">301.8844</dst>
      <dst id="22">3214.6222</dst>
      <dst id="7">517.3156</dst>
      <dst id="2">141881.1556</dst>
      <dst id="16">398.1956</dst>
      <dst id="14">44.4889</dst>
      <dst id="20">97.2444</dst>
      <dst id="11">1267.7422</dst>
      <dst id="9">608.2844</dst>
      <dst id="17">165433.3511</dst>
      <dst id="21">383.3600</dst>
      <dst id="15">72.9511</dst>
    </src>
    <src id="9">
      <dst id="12">417064.8178</dst>
      <dst id="13">4252.3467</dst>
      <dst id="19">10.9511</dst>
      <dst id="23">59.0222</dst>
      <dst id="8">375.6978</dst>
      <dst id="18">4219.1556</dst>
      <dst id="4">9281.8489</dst>
      <dst id="1">2770.6222</dst>
      <dst id="5">853.4044</dst>
      <dst id="3">7.9644</dst>
      <dst id="22">1166.9511</dst>
      <dst id="7">208.8356</dst>
      <dst id="2">159259.1911</dst>
      <dst id="6">3.3156</dst>
      <dst id="16">189.5022</dst>
      <dst id="14">13.0844</dst>
      <dst id="20">1456.0800</dst>
      <dst id="11">331.8578</dst>
      <dst id="9">205.3067</dst>
      <dst id="17">148600.7111</dst>
      <dst id="21">151.7511</dst>
      <dst id="15">138.9778</dst>
    </src>
    <src id="17">
      <dst id="12">2866.6400</dst>
      <dst id="13">958.3911</dst>
      <dst id="19">122.5956</dst>
      <dst id="23">30.0889</dst>
      <dst id="8">101275.0044</dst>
      <dst id="18">153.2978</dst>
      <dst id="4">163098.2578</dst>
      <dst id="1">554.8533</dst>
      <dst id="5">135379.5911</dst>
      <dst id="3">4662.2667</dst>
      <dst id="22">2131.9911</dst>
      <dst id="7">717.6356</dst>
      <dst id="2">9822.0000</dst>
      <dst id="6">93.9200</dst>
      <dst id="16">3311.1467</dst>
      <dst id="14">16133.5822</dst>
      <dst id="20">227.8400</dst>
      <dst id="11">92914.1600</dst>
      <dst id="9">140318.4444</dst>
      <dst id="17">1578.3022</dst>
      <dst id="21">7400.4889</dst>
      <dst id="15">31.5822</dst>
    </src>
    <src id="21">
      <dst id="12">29396.3644</dst>
      <dst id="13">240.8356</dst>
      <dst id="19">118.4089</dst>
      <dst id="23">2.9511</dst>
      <dst id="8">20.3378</dst>
      <dst id="18">4770.4089</dst>
      <dst id="4">10535.4489</dst>
      <dst id="1">1410.1600</dst>
      <dst id="5">337.4933</dst>
      <dst id="3">856.5333</dst>
      <dst id="22">869.6356</dst>
      <dst id="7">820.0978</dst>
      <dst id="2">12302.3822</dst>
      <dst id="6">0.4267</dst>
      <dst id="16">1038.4711</dst>
      <dst id="14">113.7956</dst>
      <dst id="20">949.0133</dst>
      <dst id="11">287.7867</dst>
      <dst id="9">177.2089</dst>
      <dst id="17">12484.6844</dst>
      <dst id="21">343.6800</dst>
      <dst id="15">18.1689</dst>
    </src>
    <src id="15">
      <dst id="12">108.2044</dst>
      <dst id="13">1162.4000</dst>
      <dst id="19">53.1022</dst>
      <dst id="8">243.2356</dst>
      <dst id="18">45.6800</dst>
      <dst id="4">2585.1733</dst>
      <dst id="1">476.8444</dst>
      <dst id="5">45.1822</dst>
      <dst id="3">7.4578</dst>
      <dst id="7">19.6267</dst>
      <dst id="2">2712.5600</dst>
      <dst id="11">10.0978</dst>
      <dst id="9">175.5200</dst>
      <dst id="17">182.7022</dst>
      <dst id="21">84.3556</dst>
    </src>
  </IntraTM>
</TrafficMatrixFile>
