<?xml version="1.0" encoding="UTF-8" standalone="yes"?>
<TrafficMatrixFile xmlns:xsi="http://www.w3.org/2001/XMLSchema-instance" xsi:noNamespaceSchemaLocation="http://totem.run.montefiore.ulg.ac.be/Schema/TrafficMatrix-v1_2.xsd">
  <info>
    <title>Intradomain traffic matrix generated by geant-TM-all.pl</title>
    <date>2005-01-02T20:15:00</date>
    <duration>900</duration>
    <author>Steve Uhlig</author>
    <units>
        <unit type="bandwidth" value="kbps"/>
    </units>
  </info>
  <IntraTM ASID="20965">
    <src id="12">
      <dst id="12">316540.2222</dst>
      <dst id="13">22659.1467</dst>
      <dst id="19">7493.7156</dst>
      <dst id="23">903.6000</dst>
      <dst id="8">5682.7289</dst>
      <dst id="18">1536.8178</dst>
      <dst id="4">68279.4667</dst>
      <dst id="1">7051.2267</dst>
      <dst id="5">5797.7689</dst>
      <dst id="3">27174.2222</dst>
      <dst id="22">30355.6000</dst>
      <dst id="7">6585.7067</dst>
      <dst id="2">109493.2356</dst>
      <dst id="6">48.9067</dst>
      <dst id="16">5954.0444</dst>
      <dst id="14">188.5244</dst>
      <dst id="20">19930.3111</dst>
      <dst id="11">11369.5644</dst>
      <dst id="9">9726.3467</dst>
      <dst id="17">111882.8622</dst>
      <dst id="21">39756.4089</dst>
      <dst id="15">3777.4311</dst>
    </src>
    <src id="13">
      <dst id="12">74166.3911</dst>
      <dst id="19">9191.2356</dst>
      <dst id="23">1938.1067</dst>
      <dst id="8">7650.3911</dst>
      <dst id="18">6191.0311</dst>
      <dst id="1">22723.4578</dst>
      <dst id="5">6568.0178</dst>
      <dst id="3">34942.6756</dst>
      <dst id="22">35172.5778</dst>
      <dst id="7">27010.1422</dst>
      <dst id="2">113329.2533</dst>
      <dst id="6">281.1644</dst>
      <dst id="16">13673.5289</dst>
      <dst id="14">1764.1422</dst>
      <dst id="20">32595.2444</dst>
      <dst id="11">25266.8622</dst>
      <dst id="9">37660.6489</dst>
      <dst id="17">105711.2089</dst>
      <dst id="21">30623.3244</dst>
      <dst id="15">6222.1689</dst>
    </src>
    <src id="19">
      <dst id="12">14771.3156</dst>
      <dst id="13">3987.1556</dst>
      <dst id="23">152.4267</dst>
      <dst id="8">151.0844</dst>
      <dst id="18">746.5511</dst>
      <dst id="4">18310.2578</dst>
      <dst id="1">7963.0844</dst>
      <dst id="5">156.8089</dst>
      <dst id="3">136.6489</dst>
      <dst id="22">128.7644</dst>
      <dst id="7">6293.3422</dst>
      <dst id="2">5438.9333</dst>
      <dst id="6">141.4578</dst>
      <dst id="16">4489.1378</dst>
      <dst id="14">320.0000</dst>
      <dst id="20">123.1022</dst>
      <dst id="11">126.2311</dst>
      <dst id="9">6531.5822</dst>
      <dst id="17">1061.7600</dst>
      <dst id="21">2161.2000</dst>
      <dst id="15">908.3733</dst>
    </src>
    <src id="23">
      <dst id="12">556.6756</dst>
      <dst id="13">66.4178</dst>
      <dst id="19">69.6178</dst>
      <dst id="8">53.3333</dst>
      <dst id="18">55.2267</dst>
      <dst id="4">84.9333</dst>
      <dst id="1">61.0489</dst>
      <dst id="5">162.8444</dst>
      <dst id="3">580.8889</dst>
      <dst id="22">491.9200</dst>
      <dst id="7">370.0978</dst>
      <dst id="2">515.5200</dst>
      <dst id="6">0.3378</dst>
      <dst id="16">18.0978</dst>
      <dst id="14">2.0000</dst>
      <dst id="20">4.9422</dst>
      <dst id="11">107.9733</dst>
      <dst id="9">133.6711</dst>
      <dst id="17">687.4578</dst>
      <dst id="21">3137.4578</dst>
      <dst id="15">813.3333</dst>
    </src>
    <src id="8">
      <dst id="12">403126.7556</dst>
      <dst id="13">1811.6800</dst>
      <dst id="19">7.4844</dst>
      <dst id="23">134.2578</dst>
      <dst id="18">600.4178</dst>
      <dst id="4">4372.5956</dst>
      <dst id="1">358.1067</dst>
      <dst id="5">6975.8667</dst>
      <dst id="3">0.7200</dst>
      <dst id="22">5703.2267</dst>
      <dst id="7">33.2356</dst>
      <dst id="2">165143.2889</dst>
      <dst id="6">10.9333</dst>
      <dst id="16">1383.5911</dst>
      <dst id="14">21.0756</dst>
      <dst id="20">15887.4933</dst>
      <dst id="11">1180.6756</dst>
      <dst id="9">1936.4711</dst>
      <dst id="17">144107.7956</dst>
      <dst id="21">1552.3200</dst>
      <dst id="15">421.7956</dst>
    </src>
    <src id="18">
      <dst id="12">118029.3067</dst>
      <dst id="13">200.0711</dst>
      <dst id="19">958.6489</dst>
      <dst id="23">33.9644</dst>
      <dst id="8">138.3556</dst>
      <dst id="4">2350.9422</dst>
      <dst id="1">1105.2889</dst>
      <dst id="5">120.6489</dst>
      <dst id="3">2506.4356</dst>
      <dst id="22">472.7467</dst>
      <dst id="7">131.6356</dst>
      <dst id="2">50357.8400</dst>
      <dst id="16">12.2756</dst>
      <dst id="14">1.1289</dst>
      <dst id="20">13.3156</dst>
      <dst id="11">101.9378</dst>
      <dst id="9">530.5244</dst>
      <dst id="17">39659.0667</dst>
      <dst id="21">1157.3244</dst>
      <dst id="15">149.4222</dst>
    </src>
    <src id="4">
      <dst id="12">15211.8400</dst>
      <dst id="19">4992.2578</dst>
      <dst id="23">601.8311</dst>
      <dst id="8">3262.6756</dst>
      <dst id="18">2871.2800</dst>
      <dst id="4">1.4933</dst>
      <dst id="1">68809.3600</dst>
      <dst id="5">1919.3422</dst>
      <dst id="3">3249.0133</dst>
      <dst id="22">9485.9289</dst>
      <dst id="7">51926.8978</dst>
      <dst id="2">116382.2578</dst>
      <dst id="6">12.2933</dst>
      <dst id="16">3460.8178</dst>
      <dst id="14">911.8667</dst>
      <dst id="20">3543.7067</dst>
      <dst id="11">10088.9156</dst>
      <dst id="9">6580.7111</dst>
      <dst id="17">132323.0667</dst>
      <dst id="21">7483.8667</dst>
      <dst id="15">1512.1067</dst>
    </src>
    <src id="1">
      <dst id="12">14231.5289</dst>
      <dst id="13">4177.0756</dst>
      <dst id="19">11794.4622</dst>
      <dst id="23">165.4489</dst>
      <dst id="8">243791.2800</dst>
      <dst id="18">16779.7778</dst>
      <dst id="4">15561.5733</dst>
      <dst id="1">62406.3822</dst>
      <dst id="5">282779.0489</dst>
      <dst id="3">509.3067</dst>
      <dst id="22">9421.7778</dst>
      <dst id="7">21842.9778</dst>
      <dst id="2">17186.2222</dst>
      <dst id="6">10421.5822</dst>
      <dst id="16">7397.9911</dst>
      <dst id="14">61.8222</dst>
      <dst id="20">1084.7022</dst>
      <dst id="11">1732.6933</dst>
      <dst id="9">386816.0978</dst>
      <dst id="17">13205.7867</dst>
      <dst id="21">9571.8844</dst>
      <dst id="15">589.2267</dst>
    </src>
    <src id="5">
      <dst id="12">293857.1822</dst>
      <dst id="13">696.7733</dst>
      <dst id="19">6135.4311</dst>
      <dst id="23">5.3333</dst>
      <dst id="8">10450.4089</dst>
      <dst id="18">118.9422</dst>
      <dst id="4">6100.9956</dst>
      <dst id="1">625.8578</dst>
      <dst id="3">82.0978</dst>
      <dst id="22">2531.5022</dst>
      <dst id="7">260.8444</dst>
      <dst id="2">117364.0533</dst>
      <dst id="6">1.4044</dst>
      <dst id="16">1103.9111</dst>
      <dst id="14">24.5956</dst>
      <dst id="20">5174.7822</dst>
      <dst id="11">606.5333</dst>
      <dst id="9">3553.6178</dst>
      <dst id="17">115255.7867</dst>
      <dst id="21">1712.2756</dst>
      <dst id="15">3359.6000</dst>
    </src>
    <src id="3">
      <dst id="12">12067.2356</dst>
      <dst id="13">1023.4844</dst>
      <dst id="19">2876.1422</dst>
      <dst id="23">54.4178</dst>
      <dst id="8">75.4844</dst>
      <dst id="18">215859.4133</dst>
      <dst id="4">32170.9867</dst>
      <dst id="1">10830.9244</dst>
      <dst id="5">3188.7200</dst>
      <dst id="3">21494.1511</dst>
      <dst id="22">1543.7600</dst>
      <dst id="7">1057.4756</dst>
      <dst id="2">9744.7467</dst>
      <dst id="6">43.3956</dst>
      <dst id="16">3713.0400</dst>
      <dst id="14">39082.9156</dst>
      <dst id="20">536.9956</dst>
      <dst id="11">272533.8311</dst>
      <dst id="9">423.1644</dst>
      <dst id="17">6868.5333</dst>
      <dst id="21">10832.2844</dst>
      <dst id="15">200.3289</dst>
    </src>
    <src id="10">
      <dst id="12">26148.3289</dst>
      <dst id="19">1149.1467</dst>
      <dst id="8">5078.1067</dst>
      <dst id="18">5639.2178</dst>
      <dst id="1">1321.8578</dst>
      <dst id="5">1281.9644</dst>
      <dst id="3">32320.4800</dst>
      <dst id="22">11465.2711</dst>
      <dst id="7">147404.3378</dst>
      <dst id="2">50057.0400</dst>
      <dst id="6">72.4089</dst>
      <dst id="16">1365.5289</dst>
      <dst id="14">517.0311</dst>
      <dst id="20">1851.9911</dst>
      <dst id="11">9968.8622</dst>
      <dst id="9">8130.7911</dst>
      <dst id="17">39404.2044</dst>
      <dst id="21">14269.9200</dst>
      <dst id="15">357.7333</dst>
    </src>
    <src id="22">
      <dst id="12">7265.7156</dst>
      <dst id="13">9337.0133</dst>
      <dst id="19">237.0578</dst>
      <dst id="23">67.4311</dst>
      <dst id="8">11436.2578</dst>
      <dst id="18">188.1867</dst>
      <dst id="4">17457.3956</dst>
      <dst id="1">1207.6444</dst>
      <dst id="5">4511.7333</dst>
      <dst id="3">1835.9289</dst>
      <dst id="7">4588.6667</dst>
      <dst id="2">6178.0978</dst>
      <dst id="6">49.9822</dst>
      <dst id="16">1.3156</dst>
      <dst id="14">27.4311</dst>
      <dst id="11">5789.4933</dst>
      <dst id="9">3449.0933</dst>
      <dst id="17">8923.2356</dst>
      <dst id="21">1299.7333</dst>
    </src>
    <src id="7">
      <dst id="12">4809.3689</dst>
      <dst id="13">1130.9600</dst>
      <dst id="19">5950.6756</dst>
      <dst id="23">5272.6400</dst>
      <dst id="8">1680.2844</dst>
      <dst id="18">2078.4711</dst>
      <dst id="4">20545.2711</dst>
      <dst id="1">16937.5467</dst>
      <dst id="5">1034.9156</dst>
      <dst id="3">2200.0711</dst>
      <dst id="22">4289.4933</dst>
      <dst id="7">839.3956</dst>
      <dst id="2">10555.2622</dst>
      <dst id="6">108.9778</dst>
      <dst id="16">2687.0044</dst>
      <dst id="14">212.4267</dst>
      <dst id="20">2070.8533</dst>
      <dst id="11">3257.9111</dst>
      <dst id="9">1343.1822</dst>
      <dst id="17">29332.4356</dst>
      <dst id="21">15186.5511</dst>
      <dst id="15">899.4844</dst>
    </src>
    <src id="2">
      <dst id="12">170025.4133</dst>
      <dst id="13">7075.0044</dst>
      <dst id="19">5544.9778</dst>
      <dst id="23">66.9244</dst>
      <dst id="8">1355.7244</dst>
      <dst id="18">164511.9111</dst>
      <dst id="4">97047.8400</dst>
      <dst id="1">11633.7067</dst>
      <dst id="5">2483.3778</dst>
      <dst id="3">729.7600</dst>
      <dst id="22">2938.4978</dst>
      <dst id="7">5636.7378</dst>
      <dst id="2">1892.6400</dst>
      <dst id="6">9377.6622</dst>
      <dst id="16">3779.2622</dst>
      <dst id="14">5241.0933</dst>
      <dst id="20">1292.0533</dst>
      <dst id="11">9211.4667</dst>
      <dst id="9">4037.4400</dst>
      <dst id="17">45593.1200</dst>
      <dst id="21">9230.9600</dst>
      <dst id="15">166.2667</dst>
    </src>
    <src id="6">
      <dst id="12">12171.9911</dst>
      <dst id="13">49.6800</dst>
      <dst id="19">17.9111</dst>
      <dst id="23">1.8933</dst>
      <dst id="8">22.9333</dst>
      <dst id="18">5.8044</dst>
      <dst id="4">25.8756</dst>
      <dst id="1">46.3022</dst>
      <dst id="3">12.8000</dst>
      <dst id="22">62.7822</dst>
      <dst id="7">41.6089</dst>
      <dst id="2">2983.5111</dst>
      <dst id="16">13.5556</dst>
      <dst id="11">38.8444</dst>
      <dst id="9">43.8489</dst>
      <dst id="17">1591.6178</dst>
      <dst id="21">102.0089</dst>
    </src>
    <src id="16">
      <dst id="12">3862.0533</dst>
      <dst id="13">779.0756</dst>
      <dst id="19">3610.8978</dst>
      <dst id="23">437.9733</dst>
      <dst id="8">11313.5378</dst>
      <dst id="18">92.4444</dst>
      <dst id="4">5260.0533</dst>
      <dst id="1">19155.2889</dst>
      <dst id="5">4996.9333</dst>
      <dst id="3">20.8800</dst>
      <dst id="7">3177.5022</dst>
      <dst id="2">1823.8578</dst>
      <dst id="6">22.6222</dst>
      <dst id="16">51.7422</dst>
      <dst id="14">326.8267</dst>
      <dst id="11">561.0578</dst>
      <dst id="9">12595.0844</dst>
      <dst id="17">15708.1956</dst>
      <dst id="21">725.4133</dst>
    </src>
    <src id="14">
      <dst id="12">16549.5644</dst>
      <dst id="13">818.2933</dst>
      <dst id="19">14.7911</dst>
      <dst id="23">0.5600</dst>
      <dst id="8">2.9600</dst>
      <dst id="18">39.6089</dst>
      <dst id="4">1521.5644</dst>
      <dst id="1">63.0133</dst>
      <dst id="5">2.4000</dst>
      <dst id="3">126.4533</dst>
      <dst id="22">577.1556</dst>
      <dst id="7">125.0933</dst>
      <dst id="2">5368.9511</dst>
      <dst id="16">182.9156</dst>
      <dst id="20">33.5289</dst>
      <dst id="11">48.8267</dst>
      <dst id="9">15.2178</dst>
      <dst id="17">5282.3822</dst>
      <dst id="21">125.0489</dst>
      <dst id="15">0.4622</dst>
    </src>
    <src id="20">
      <dst id="12">4531.9467</dst>
      <dst id="13">2802.0267</dst>
      <dst id="19">84.2933</dst>
      <dst id="23">113.2000</dst>
      <dst id="8">1040.3111</dst>
      <dst id="18">288.2311</dst>
      <dst id="4">8309.7689</dst>
      <dst id="1">125.2444</dst>
      <dst id="5">1411.3067</dst>
      <dst id="3">6862.9067</dst>
      <dst id="22">13.3333</dst>
      <dst id="7">932.5156</dst>
      <dst id="2">9913.6978</dst>
      <dst id="6">0.3556</dst>
      <dst id="14">1.4222</dst>
      <dst id="11">7000.0711</dst>
      <dst id="9">8261.1556</dst>
      <dst id="17">2833.5378</dst>
      <dst id="21">717.3333</dst>
    </src>
    <src id="11">
      <dst id="12">412934.5244</dst>
      <dst id="13">2721.8400</dst>
      <dst id="19">327.4044</dst>
      <dst id="23">41.9911</dst>
      <dst id="8">2942.8800</dst>
      <dst id="18">452.4889</dst>
      <dst id="4">15130.6489</dst>
      <dst id="1">966.6578</dst>
      <dst id="5">720.4089</dst>
      <dst id="3">2968.2400</dst>
      <dst id="22">2056.3822</dst>
      <dst id="7">571.9644</dst>
      <dst id="2">165262.2222</dst>
      <dst id="6">0.3556</dst>
      <dst id="16">865.3422</dst>
      <dst id="14">710.0889</dst>
      <dst id="20">1190.4444</dst>
      <dst id="11">8534.9156</dst>
      <dst id="9">2586.4978</dst>
      <dst id="17">151940.7644</dst>
      <dst id="21">6498.9956</dst>
      <dst id="15">2291.9467</dst>
    </src>
    <src id="9">
      <dst id="12">472155.8667</dst>
      <dst id="13">6973.8222</dst>
      <dst id="19">156.2489</dst>
      <dst id="23">31.7156</dst>
      <dst id="8">4239.7333</dst>
      <dst id="18">278.7467</dst>
      <dst id="4">10668.5867</dst>
      <dst id="1">1195.0844</dst>
      <dst id="5">2513.2000</dst>
      <dst id="3">199.6978</dst>
      <dst id="22">9967.5022</dst>
      <dst id="7">1784.0800</dst>
      <dst id="2">172682.7822</dst>
      <dst id="6">2.0978</dst>
      <dst id="16">1070.9867</dst>
      <dst id="14">16.9244</dst>
      <dst id="20">4520.1600</dst>
      <dst id="11">958.9244</dst>
      <dst id="9">2521.3778</dst>
      <dst id="17">185033.8667</dst>
      <dst id="21">3126.8978</dst>
      <dst id="15">9849.4311</dst>
    </src>
    <src id="17">
      <dst id="12">30092.4978</dst>
      <dst id="13">20601.5022</dst>
      <dst id="19">492.0978</dst>
      <dst id="23">1150.4622</dst>
      <dst id="8">258617.8933</dst>
      <dst id="18">2164.7822</dst>
      <dst id="4">60134.8800</dst>
      <dst id="1">7106.5867</dst>
      <dst id="5">246001.0667</dst>
      <dst id="3">16965.9556</dst>
      <dst id="22">12362.4000</dst>
      <dst id="7">15715.2622</dst>
      <dst id="2">41402.8267</dst>
      <dst id="6">153.6178</dst>
      <dst id="16">14692.5956</dst>
      <dst id="14">29923.5200</dst>
      <dst id="20">15122.5067</dst>
      <dst id="11">192447.5022</dst>
      <dst id="9">349806.6756</dst>
      <dst id="17">2640.4356</dst>
      <dst id="21">10370.3467</dst>
      <dst id="15">990.2844</dst>
    </src>
    <src id="21">
      <dst id="12">18203.6089</dst>
      <dst id="13">3308.7022</dst>
      <dst id="19">503.6000</dst>
      <dst id="23">526.6489</dst>
      <dst id="8">748.0178</dst>
      <dst id="18">2529.1378</dst>
      <dst id="4">27255.6089</dst>
      <dst id="1">6218.3644</dst>
      <dst id="5">797.5111</dst>
      <dst id="3">14788.0533</dst>
      <dst id="22">2909.5378</dst>
      <dst id="7">2200.0711</dst>
      <dst id="2">12111.8311</dst>
      <dst id="6">60.8267</dst>
      <dst id="16">566.7467</dst>
      <dst id="14">58.7644</dst>
      <dst id="20">569.0933</dst>
      <dst id="11">7079.7600</dst>
      <dst id="9">934.6044</dst>
      <dst id="17">6380.8178</dst>
      <dst id="21">4077.3778</dst>
      <dst id="15">164.7911</dst>
    </src>
    <src id="15">
      <dst id="12">5475.5556</dst>
      <dst id="13">1008.4267</dst>
      <dst id="19">6652.7556</dst>
      <dst id="23">11.2622</dst>
      <dst id="8">5778.1867</dst>
      <dst id="18">1.6000</dst>
      <dst id="4">5727.1200</dst>
      <dst id="1">805.8667</dst>
      <dst id="5">181.6711</dst>
      <dst id="3">19.6178</dst>
      <dst id="7">150.1067</dst>
      <dst id="2">5959.5556</dst>
      <dst id="6">0.3378</dst>
      <dst id="14">0.4267</dst>
      <dst id="11">1243.4578</dst>
      <dst id="9">7281.9733</dst>
      <dst id="17">562.0356</dst>
      <dst id="21">1674.4889</dst>
    </src>
  </IntraTM>
</TrafficMatrixFile>
