<?xml version="1.0" encoding="UTF-8" standalone="yes"?>
<TrafficMatrixFile xmlns:xsi="http://www.w3.org/2001/XMLSchema-instance" xsi:noNamespaceSchemaLocation="http://totem.run.montefiore.ulg.ac.be/Schema/TrafficMatrix-v1_2.xsd">
  <info>
    <title>Intradomain traffic matrix generated by geant-TM-all.pl</title>
    <date>2005-01-06T02:45:00</date>
    <duration>900</duration>
    <author>Steve Uhlig</author>
    <units>
        <unit type="bandwidth" value="kbps"/>
    </units>
  </info>
  <IntraTM ASID="20965">
    <src id="12">
      <dst id="12">321351.3778</dst>
      <dst id="13">31080.2400</dst>
      <dst id="19">6002.1244</dst>
      <dst id="23">606.5778</dst>
      <dst id="8">8855.6356</dst>
      <dst id="18">2458.1422</dst>
      <dst id="4">137661.1200</dst>
      <dst id="1">10710.0533</dst>
      <dst id="5">9154.3733</dst>
      <dst id="3">12232.3200</dst>
      <dst id="22">15644.4444</dst>
      <dst id="7">6729.6622</dst>
      <dst id="2">127518.8533</dst>
      <dst id="6">8.2222</dst>
      <dst id="16">7352.6133</dst>
      <dst id="14">459.2444</dst>
      <dst id="20">14894.6844</dst>
      <dst id="11">11544.3644</dst>
      <dst id="9">15981.3689</dst>
      <dst id="17">118276.0711</dst>
      <dst id="21">16496.0178</dst>
      <dst id="15">8418.4356</dst>
    </src>
    <src id="13">
      <dst id="12">101223.1556</dst>
      <dst id="19">22522.1511</dst>
      <dst id="23">2113.1289</dst>
      <dst id="8">6406.5067</dst>
      <dst id="18">11628.3911</dst>
      <dst id="1">13227.1200</dst>
      <dst id="5">9728.9867</dst>
      <dst id="3">17230.6400</dst>
      <dst id="22">26201.9111</dst>
      <dst id="7">44752.5067</dst>
      <dst id="2">137681.3244</dst>
      <dst id="6">104.6844</dst>
      <dst id="16">11162.3911</dst>
      <dst id="14">4757.5289</dst>
      <dst id="20">29635.4311</dst>
      <dst id="11">26122.3200</dst>
      <dst id="9">19083.0044</dst>
      <dst id="17">105412.9689</dst>
      <dst id="21">37199.6178</dst>
      <dst id="15">4490.5689</dst>
    </src>
    <src id="19">
      <dst id="12">25057.7600</dst>
      <dst id="13">1423.9289</dst>
      <dst id="23">392.8533</dst>
      <dst id="8">211.4578</dst>
      <dst id="18">944.8178</dst>
      <dst id="4">25966.1867</dst>
      <dst id="1">2059.9111</dst>
      <dst id="5">390.5156</dst>
      <dst id="3">16.9244</dst>
      <dst id="22">1380.5244</dst>
      <dst id="7">5225.6533</dst>
      <dst id="2">3203.5111</dst>
      <dst id="6">620.2489</dst>
      <dst id="16">8948.6489</dst>
      <dst id="14">0.6311</dst>
      <dst id="20">99.0933</dst>
      <dst id="11">184.6489</dst>
      <dst id="9">30.0089</dst>
      <dst id="17">23722.6667</dst>
      <dst id="21">5196.8533</dst>
      <dst id="15">14.6311</dst>
    </src>
    <src id="23">
      <dst id="12">710.9867</dst>
      <dst id="13">1216.1689</dst>
      <dst id="19">17.1111</dst>
      <dst id="8">13.3333</dst>
      <dst id="18">24.7467</dst>
      <dst id="4">235.6089</dst>
      <dst id="1">42.7467</dst>
      <dst id="5">117.3156</dst>
      <dst id="3">1254.0800</dst>
      <dst id="22">524.7022</dst>
      <dst id="7">305.5467</dst>
      <dst id="2">16.2400</dst>
      <dst id="6">0.4622</dst>
      <dst id="16">206.3111</dst>
      <dst id="14">0.4622</dst>
      <dst id="20">210.4000</dst>
      <dst id="11">384.1333</dst>
      <dst id="9">475.6622</dst>
      <dst id="17">2600.6756</dst>
      <dst id="21">1014.1244</dst>
      <dst id="15">0.3378</dst>
    </src>
    <src id="8">
      <dst id="12">355576.8533</dst>
      <dst id="13">2378.9689</dst>
      <dst id="19">250.5867</dst>
      <dst id="23">1.0133</dst>
      <dst id="18">66.8089</dst>
      <dst id="4">12039.1022</dst>
      <dst id="1">2115.9822</dst>
      <dst id="5">7124.8089</dst>
      <dst id="3">65.3867</dst>
      <dst id="22">1814.0267</dst>
      <dst id="7">1738.4356</dst>
      <dst id="2">149336.6400</dst>
      <dst id="16">1148.8444</dst>
      <dst id="14">41.5022</dst>
      <dst id="20">4107.0578</dst>
      <dst id="11">745.4756</dst>
      <dst id="9">397.0222</dst>
      <dst id="17">150460.7733</dst>
      <dst id="21">620.2489</dst>
      <dst id="15">154.5689</dst>
    </src>
    <src id="18">
      <dst id="12">123223.3689</dst>
      <dst id="13">686.3644</dst>
      <dst id="19">536.7111</dst>
      <dst id="23">80.9600</dst>
      <dst id="8">267.8044</dst>
      <dst id="4">2033.1733</dst>
      <dst id="1">564.4800</dst>
      <dst id="5">124.8533</dst>
      <dst id="3">181.2800</dst>
      <dst id="22">428.8533</dst>
      <dst id="7">85.9289</dst>
      <dst id="2">41190.2578</dst>
      <dst id="16">256.5778</dst>
      <dst id="14">18.3111</dst>
      <dst id="20">216.4711</dst>
      <dst id="11">421.8222</dst>
      <dst id="9">510.7644</dst>
      <dst id="17">47676.7022</dst>
      <dst id="21">1078.0889</dst>
      <dst id="15">20.0444</dst>
    </src>
    <src id="4">
      <dst id="12">26881.6711</dst>
      <dst id="19">8312.6844</dst>
      <dst id="23">13.7956</dst>
      <dst id="8">3820.3378</dst>
      <dst id="18">2391.5111</dst>
      <dst id="4">2.6222</dst>
      <dst id="1">160163.7689</dst>
      <dst id="5">2822.4889</dst>
      <dst id="3">1384.8178</dst>
      <dst id="22">8831.2978</dst>
      <dst id="7">35019.4844</dst>
      <dst id="2">101020.9244</dst>
      <dst id="6">62.9867</dst>
      <dst id="16">2086.1067</dst>
      <dst id="14">4413.8133</dst>
      <dst id="20">6989.1644</dst>
      <dst id="11">3649.0222</dst>
      <dst id="9">6218.2844</dst>
      <dst id="17">37312.5244</dst>
      <dst id="21">15605.5022</dst>
      <dst id="15">2185.7156</dst>
    </src>
    <src id="1">
      <dst id="12">26444.4356</dst>
      <dst id="13">12648.4356</dst>
      <dst id="19">389.2089</dst>
      <dst id="23">105.1467</dst>
      <dst id="8">185438.2933</dst>
      <dst id="18">15780.6933</dst>
      <dst id="4">32608.5244</dst>
      <dst id="1">59667.8222</dst>
      <dst id="5">298002.7378</dst>
      <dst id="3">1161.7778</dst>
      <dst id="22">6919.0933</dst>
      <dst id="7">38184.2044</dst>
      <dst id="2">19249.8044</dst>
      <dst id="6">10595.1289</dst>
      <dst id="16">11694.7733</dst>
      <dst id="14">954.8444</dst>
      <dst id="20">153.8844</dst>
      <dst id="11">677.5289</dst>
      <dst id="9">334048.9244</dst>
      <dst id="17">20616.7200</dst>
      <dst id="21">23203.6622</dst>
      <dst id="15">321.9378</dst>
    </src>
    <src id="5">
      <dst id="12">390058.8800</dst>
      <dst id="13">6742.4000</dst>
      <dst id="19">356.9156</dst>
      <dst id="23">87.9911</dst>
      <dst id="8">6986.6844</dst>
      <dst id="18">427.5378</dst>
      <dst id="4">9360.8622</dst>
      <dst id="1">6134.7289</dst>
      <dst id="3">61.8667</dst>
      <dst id="22">9563.0044</dst>
      <dst id="7">468.6578</dst>
      <dst id="2">164517.4400</dst>
      <dst id="6">0.5333</dst>
      <dst id="16">1687.7156</dst>
      <dst id="14">41.6889</dst>
      <dst id="20">5844.8978</dst>
      <dst id="11">4355.4400</dst>
      <dst id="9">32739.2356</dst>
      <dst id="17">158041.1111</dst>
      <dst id="21">844.5422</dst>
      <dst id="15">429.5911</dst>
    </src>
    <src id="3">
      <dst id="12">13035.0222</dst>
      <dst id="13">2329.2622</dst>
      <dst id="19">1133.4222</dst>
      <dst id="23">104.0267</dst>
      <dst id="8">1417.7778</dst>
      <dst id="18">224888.0356</dst>
      <dst id="4">39256.6933</dst>
      <dst id="1">17647.8311</dst>
      <dst id="5">556.8800</dst>
      <dst id="3">13112.9156</dst>
      <dst id="22">996.0978</dst>
      <dst id="7">47506.7022</dst>
      <dst id="2">19423.3778</dst>
      <dst id="6">6.3556</dst>
      <dst id="16">1496.8267</dst>
      <dst id="14">52136.6844</dst>
      <dst id="20">327.0756</dst>
      <dst id="11">268859.2267</dst>
      <dst id="9">595.6889</dst>
      <dst id="17">23454.1333</dst>
      <dst id="21">16243.1111</dst>
      <dst id="15">1013.1022</dst>
    </src>
    <src id="10">
      <dst id="12">16882.2400</dst>
      <dst id="19">4133.0311</dst>
      <dst id="8">3081.8933</dst>
      <dst id="18">3276.6133</dst>
      <dst id="1">2626.1778</dst>
      <dst id="5">4176.5778</dst>
      <dst id="3">9424.1067</dst>
      <dst id="22">6972.5689</dst>
      <dst id="7">16978.2489</dst>
      <dst id="2">49417.0044</dst>
      <dst id="6">14.6044</dst>
      <dst id="16">4351.0133</dst>
      <dst id="14">2132.5156</dst>
      <dst id="20">2848.0889</dst>
      <dst id="11">4610.9333</dst>
      <dst id="9">4717.5200</dst>
      <dst id="17">32961.2800</dst>
      <dst id="21">24654.5511</dst>
      <dst id="15">441.7422</dst>
    </src>
    <src id="22">
      <dst id="12">11148.9244</dst>
      <dst id="13">4550.8889</dst>
      <dst id="19">396.6133</dst>
      <dst id="23">34.4622</dst>
      <dst id="8">2195.8578</dst>
      <dst id="18">1650.7200</dst>
      <dst id="4">26354.1244</dst>
      <dst id="1">1295.1556</dst>
      <dst id="5">11148.3378</dst>
      <dst id="3">860.6489</dst>
      <dst id="7">1377.5733</dst>
      <dst id="2">2677.8044</dst>
      <dst id="6">8.0711</dst>
      <dst id="16">2.4711</dst>
      <dst id="14">391.1022</dst>
      <dst id="11">5704.7822</dst>
      <dst id="9">10814.3022</dst>
      <dst id="17">8724.5956</dst>
      <dst id="21">2334.1956</dst>
    </src>
    <src id="7">
      <dst id="12">5850.2756</dst>
      <dst id="13">6838.0444</dst>
      <dst id="19">2057.6800</dst>
      <dst id="23">992.4089</dst>
      <dst id="8">581.2978</dst>
      <dst id="18">1475.2444</dst>
      <dst id="4">36476.6667</dst>
      <dst id="1">16149.5289</dst>
      <dst id="5">1357.2800</dst>
      <dst id="3">3708.1244</dst>
      <dst id="22">6415.7956</dst>
      <dst id="7">694.6489</dst>
      <dst id="2">27065.8844</dst>
      <dst id="6">44.2133</dst>
      <dst id="16">4463.8933</dst>
      <dst id="14">81.3244</dst>
      <dst id="20">2885.0933</dst>
      <dst id="11">3297.3867</dst>
      <dst id="9">2043.7511</dst>
      <dst id="17">12235.1467</dst>
      <dst id="21">26471.7511</dst>
      <dst id="15">1266.0622</dst>
    </src>
    <src id="2">
      <dst id="12">160158.8622</dst>
      <dst id="13">519377.0311</dst>
      <dst id="19">2428.3644</dst>
      <dst id="23">4.3556</dst>
      <dst id="8">1488.7022</dst>
      <dst id="18">136762.3467</dst>
      <dst id="4">139709.1022</dst>
      <dst id="1">17124.4178</dst>
      <dst id="5">2409.9467</dst>
      <dst id="3">701.5733</dst>
      <dst id="22">3449.2622</dst>
      <dst id="7">9039.2178</dst>
      <dst id="2">922.8711</dst>
      <dst id="6">10285.6444</dst>
      <dst id="16">3858.2044</dst>
      <dst id="14">2668.4444</dst>
      <dst id="20">4620.3556</dst>
      <dst id="11">4878.1067</dst>
      <dst id="9">1780.5867</dst>
      <dst id="17">18391.8311</dst>
      <dst id="21">9891.0133</dst>
      <dst id="15">167.8222</dst>
    </src>
    <src id="6">
      <dst id="12">10542.2222</dst>
      <dst id="13">79.3778</dst>
      <dst id="19">17.4756</dst>
      <dst id="23">0.5244</dst>
      <dst id="4">88.4711</dst>
      <dst id="1">120.8356</dst>
      <dst id="5">13.6178</dst>
      <dst id="3">11.4667</dst>
      <dst id="22">13.2000</dst>
      <dst id="7">18.4356</dst>
      <dst id="2">3402.2578</dst>
      <dst id="16">25.0222</dst>
      <dst id="20">1.4578</dst>
      <dst id="11">28.8000</dst>
      <dst id="9">23.8400</dst>
      <dst id="17">2345.3333</dst>
      <dst id="21">182.9956</dst>
      <dst id="15">12.3289</dst>
    </src>
    <src id="16">
      <dst id="12">3413.6000</dst>
      <dst id="13">1894.5067</dst>
      <dst id="19">3525.2889</dst>
      <dst id="23">779.9378</dst>
      <dst id="8">10525.1200</dst>
      <dst id="18">63.2622</dst>
      <dst id="4">8930.2311</dst>
      <dst id="1">15415.6444</dst>
      <dst id="5">6977.2089</dst>
      <dst id="3">405.6711</dst>
      <dst id="7">5812.2933</dst>
      <dst id="2">2017.0667</dst>
      <dst id="6">19.2711</dst>
      <dst id="16">69.4133</dst>
      <dst id="14">320.4622</dst>
      <dst id="11">774.1956</dst>
      <dst id="9">7620.0978</dst>
      <dst id="17">5219.5733</dst>
      <dst id="21">953.6444</dst>
    </src>
    <src id="14">
      <dst id="12">26192.1422</dst>
      <dst id="13">62.0622</dst>
      <dst id="19">8.8711</dst>
      <dst id="23">58.0000</dst>
      <dst id="8">15.0044</dst>
      <dst id="18">152.6044</dst>
      <dst id="4">3563.3956</dst>
      <dst id="1">200.4000</dst>
      <dst id="5">11.6978</dst>
      <dst id="3">46.1867</dst>
      <dst id="22">49.1911</dst>
      <dst id="7">94.0711</dst>
      <dst id="2">7910.0356</dst>
      <dst id="16">8.8356</dst>
      <dst id="20">116.7289</dst>
      <dst id="11">114.1333</dst>
      <dst id="9">28.8267</dst>
      <dst id="17">9711.1467</dst>
      <dst id="21">218.6844</dst>
    </src>
    <src id="20">
      <dst id="12">7894.1422</dst>
      <dst id="13">7171.7422</dst>
      <dst id="19">2474.7111</dst>
      <dst id="23">16.4978</dst>
      <dst id="8">2676.4889</dst>
      <dst id="18">193.6622</dst>
      <dst id="4">16500.1422</dst>
      <dst id="1">1094.7289</dst>
      <dst id="5">6253.4044</dst>
      <dst id="3">558.4444</dst>
      <dst id="7">916.7822</dst>
      <dst id="2">22232.7556</dst>
      <dst id="14">25.3511</dst>
      <dst id="11">731.8933</dst>
      <dst id="9">20934.9156</dst>
      <dst id="17">10190.3111</dst>
      <dst id="21">3202.3467</dst>
    </src>
    <src id="11">
      <dst id="12">475899.0044</dst>
      <dst id="13">4242.9956</dst>
      <dst id="19">242.7378</dst>
      <dst id="23">63.7333</dst>
      <dst id="8">2469.0667</dst>
      <dst id="18">1774.0444</dst>
      <dst id="4">14204.4267</dst>
      <dst id="1">4945.1289</dst>
      <dst id="5">2177.4667</dst>
      <dst id="3">3458.2222</dst>
      <dst id="22">2520.8356</dst>
      <dst id="7">2778.1689</dst>
      <dst id="2">213571.4844</dst>
      <dst id="6">812.6222</dst>
      <dst id="16">300.6489</dst>
      <dst id="14">117.7244</dst>
      <dst id="20">7248.7022</dst>
      <dst id="11">2345.0489</dst>
      <dst id="9">3656.9156</dst>
      <dst id="17">192277.8933</dst>
      <dst id="21">1714.0800</dst>
      <dst id="15">172.0978</dst>
    </src>
    <src id="9">
      <dst id="12">512568.4800</dst>
      <dst id="13">7158.5867</dst>
      <dst id="19">25.6622</dst>
      <dst id="23">18.5956</dst>
      <dst id="8">1585.3156</dst>
      <dst id="18">1217.5378</dst>
      <dst id="4">19713.1556</dst>
      <dst id="1">5210.5778</dst>
      <dst id="5">6863.2978</dst>
      <dst id="3">32.9067</dst>
      <dst id="22">7447.4578</dst>
      <dst id="7">828.1067</dst>
      <dst id="2">207263.8578</dst>
      <dst id="6">2.9689</dst>
      <dst id="16">836.9422</dst>
      <dst id="14">2.4978</dst>
      <dst id="20">10307.3333</dst>
      <dst id="11">2063.2089</dst>
      <dst id="9">15576.4178</dst>
      <dst id="17">215611.6711</dst>
      <dst id="21">753.2889</dst>
      <dst id="15">1462.5422</dst>
    </src>
    <src id="17">
      <dst id="12">17540.0533</dst>
      <dst id="13">16269.3333</dst>
      <dst id="19">768.1333</dst>
      <dst id="23">600.0267</dst>
      <dst id="8">199686.0533</dst>
      <dst id="18">5546.9689</dst>
      <dst id="4">121502.0711</dst>
      <dst id="1">6608.2933</dst>
      <dst id="5">292781.4756</dst>
      <dst id="3">12162.9156</dst>
      <dst id="22">7050.9333</dst>
      <dst id="7">7162.8178</dst>
      <dst id="2">68975.3600</dst>
      <dst id="6">106.0444</dst>
      <dst id="16">18156.7467</dst>
      <dst id="14">41414.8533</dst>
      <dst id="20">3439.4578</dst>
      <dst id="11">217710.3022</dst>
      <dst id="9">310503.3333</dst>
      <dst id="17">3660.3022</dst>
      <dst id="21">30644.7111</dst>
      <dst id="15">155.7067</dst>
    </src>
    <src id="21">
      <dst id="12">34487.9022</dst>
      <dst id="13">801.3867</dst>
      <dst id="19">841.4044</dst>
      <dst id="23">86.0800</dst>
      <dst id="8">92.8089</dst>
      <dst id="18">10938.4533</dst>
      <dst id="4">26452.9156</dst>
      <dst id="1">8266.7822</dst>
      <dst id="5">997.0667</dst>
      <dst id="3">14028.6044</dst>
      <dst id="10">18.0444</dst>
      <dst id="22">1907.9289</dst>
      <dst id="7">1939.5556</dst>
      <dst id="2">24635.9022</dst>
      <dst id="6">4.8800</dst>
      <dst id="16">739.2978</dst>
      <dst id="14">164.2400</dst>
      <dst id="20">1322.8178</dst>
      <dst id="11">1475.5467</dst>
      <dst id="9">3568.8622</dst>
      <dst id="17">9604.8533</dst>
      <dst id="21">4706.9600</dst>
      <dst id="15">392.5511</dst>
    </src>
    <src id="15">
      <dst id="12">6707.1022</dst>
      <dst id="13">15323.7511</dst>
      <dst id="19">254.2222</dst>
      <dst id="8">588.0533</dst>
      <dst id="18">45.8044</dst>
      <dst id="4">3132.4800</dst>
      <dst id="1">968.5244</dst>
      <dst id="5">731.7422</dst>
      <dst id="3">40.1689</dst>
      <dst id="7">83.6533</dst>
      <dst id="2">255.1644</dst>
      <dst id="6">0.4267</dst>
      <dst id="14">0.8889</dst>
      <dst id="11">95.1822</dst>
      <dst id="9">636.6489</dst>
      <dst id="17">806.0089</dst>
      <dst id="21">104.8889</dst>
    </src>
  </IntraTM>
</TrafficMatrixFile>
