<?xml version="1.0" encoding="UTF-8" standalone="yes"?>
<TrafficMatrixFile xmlns:xsi="http://www.w3.org/2001/XMLSchema-instance" xsi:noNamespaceSchemaLocation="http://totem.run.montefiore.ulg.ac.be/Schema/TrafficMatrix-v1_2.xsd">
  <info>
    <title>Intradomain traffic matrix generated by geant-TM-all.pl</title>
    <date>2005-01-02T18:45:00</date>
    <duration>900</duration>
    <author>Steve Uhlig</author>
    <units>
        <unit type="bandwidth" value="kbps"/>
    </units>
  </info>
  <IntraTM ASID="20965">
    <src id="12">
      <dst id="12">313659.6267</dst>
      <dst id="13">27344.0267</dst>
      <dst id="19">1659.9467</dst>
      <dst id="23">698.2489</dst>
      <dst id="8">7015.5556</dst>
      <dst id="18">1732.2133</dst>
      <dst id="4">84951.6267</dst>
      <dst id="1">7499.6622</dst>
      <dst id="5">3145.1289</dst>
      <dst id="3">40225.7689</dst>
      <dst id="22">45473.2267</dst>
      <dst id="7">6403.9733</dst>
      <dst id="2">75891.9467</dst>
      <dst id="6">38.7022</dst>
      <dst id="16">17081.1378</dst>
      <dst id="14">155.1022</dst>
      <dst id="20">15553.9111</dst>
      <dst id="11">4030.9422</dst>
      <dst id="9">31354.6400</dst>
      <dst id="17">118534.4889</dst>
      <dst id="21">20937.3156</dst>
      <dst id="15">9585.4311</dst>
    </src>
    <src id="13">
      <dst id="12">85434.1689</dst>
      <dst id="19">8126.0800</dst>
      <dst id="23">342.0800</dst>
      <dst id="8">9794.9689</dst>
      <dst id="18">5167.1467</dst>
      <dst id="1">11262.6667</dst>
      <dst id="5">25169.4400</dst>
      <dst id="3">53514.2578</dst>
      <dst id="22">44483.7333</dst>
      <dst id="7">22972.1511</dst>
      <dst id="2">88547.3244</dst>
      <dst id="6">69.9822</dst>
      <dst id="16">11513.4400</dst>
      <dst id="14">3617.2622</dst>
      <dst id="20">29609.5378</dst>
      <dst id="11">19139.7333</dst>
      <dst id="9">41214.1778</dst>
      <dst id="17">392234.3111</dst>
      <dst id="21">28690.5511</dst>
      <dst id="15">7946.3378</dst>
    </src>
    <src id="19">
      <dst id="12">19634.9867</dst>
      <dst id="13">362.9511</dst>
      <dst id="23">3.9467</dst>
      <dst id="8">239.1733</dst>
      <dst id="18">1858.0800</dst>
      <dst id="4">18749.9822</dst>
      <dst id="1">2288.8711</dst>
      <dst id="5">45.1200</dst>
      <dst id="3">16.4267</dst>
      <dst id="22">287.4844</dst>
      <dst id="7">8355.6000</dst>
      <dst id="2">727.8933</dst>
      <dst id="6">306.5956</dst>
      <dst id="16">5224.0356</dst>
      <dst id="14">0.7644</dst>
      <dst id="20">849.5644</dst>
      <dst id="11">558.9778</dst>
      <dst id="9">38.9600</dst>
      <dst id="17">15175.8400</dst>
      <dst id="21">9323.7778</dst>
      <dst id="15">27.5911</dst>
    </src>
    <src id="23">
      <dst id="12">1621.1289</dst>
      <dst id="13">210.0978</dst>
      <dst id="19">165.0933</dst>
      <dst id="8">158.2933</dst>
      <dst id="18">43.6978</dst>
      <dst id="4">58.5600</dst>
      <dst id="1">118.4889</dst>
      <dst id="5">3.4844</dst>
      <dst id="3">10800.0800</dst>
      <dst id="22">496.1689</dst>
      <dst id="7">239.0578</dst>
      <dst id="2">473.0756</dst>
      <dst id="6">13.6178</dst>
      <dst id="16">102.4889</dst>
      <dst id="14">15.5289</dst>
      <dst id="20">427.0222</dst>
      <dst id="11">101.1467</dst>
      <dst id="9">611.8933</dst>
      <dst id="17">2631.7511</dst>
      <dst id="21">1950.3378</dst>
      <dst id="15">1200.8000</dst>
    </src>
    <src id="8">
      <dst id="12">341584.6044</dst>
      <dst id="13">1995.5378</dst>
      <dst id="19">4.6933</dst>
      <dst id="23">42.9956</dst>
      <dst id="18">169.2356</dst>
      <dst id="4">5455.4489</dst>
      <dst id="1">420.3911</dst>
      <dst id="5">1893.2178</dst>
      <dst id="3">39.8667</dst>
      <dst id="22">2739.3244</dst>
      <dst id="7">82.4089</dst>
      <dst id="2">129063.3244</dst>
      <dst id="6">0.7111</dst>
      <dst id="16">661.6533</dst>
      <dst id="14">29.2444</dst>
      <dst id="20">2183.5378</dst>
      <dst id="11">2823.9911</dst>
      <dst id="9">943.2089</dst>
      <dst id="17">124083.8044</dst>
      <dst id="21">695.4844</dst>
      <dst id="15">545.0756</dst>
    </src>
    <src id="18">
      <dst id="12">108349.8489</dst>
      <dst id="13">129.7244</dst>
      <dst id="19">1208.3200</dst>
      <dst id="23">17.1733</dst>
      <dst id="8">381.4844</dst>
      <dst id="4">1958.7111</dst>
      <dst id="1">1566.4889</dst>
      <dst id="5">560.7556</dst>
      <dst id="3">3923.7244</dst>
      <dst id="22">133.9289</dst>
      <dst id="7">180.1867</dst>
      <dst id="2">40256.9600</dst>
      <dst id="16">21.4756</dst>
      <dst id="14">27.7600</dst>
      <dst id="20">38.5689</dst>
      <dst id="11">125.1467</dst>
      <dst id="9">927.8933</dst>
      <dst id="17">38329.7867</dst>
      <dst id="21">605.3156</dst>
      <dst id="15">352.6489</dst>
    </src>
    <src id="4">
      <dst id="12">21199.9822</dst>
      <dst id="19">5635.9289</dst>
      <dst id="23">12.6222</dst>
      <dst id="8">6819.0133</dst>
      <dst id="18">2810.0800</dst>
      <dst id="4">1.0222</dst>
      <dst id="1">75263.5200</dst>
      <dst id="5">4998.8622</dst>
      <dst id="3">2874.1956</dst>
      <dst id="22">10345.0933</dst>
      <dst id="7">116237.1733</dst>
      <dst id="2">89759.6622</dst>
      <dst id="6">43.8489</dst>
      <dst id="16">3320.4178</dst>
      <dst id="14">888.3822</dst>
      <dst id="20">3422.6933</dst>
      <dst id="11">11084.5511</dst>
      <dst id="9">5113.7244</dst>
      <dst id="17">78495.2444</dst>
      <dst id="21">11453.9022</dst>
      <dst id="15">1181.8756</dst>
    </src>
    <src id="1">
      <dst id="12">16848.1067</dst>
      <dst id="13">1707.8222</dst>
      <dst id="19">1223.7511</dst>
      <dst id="23">89.0667</dst>
      <dst id="8">220374.3644</dst>
      <dst id="18">15371.5022</dst>
      <dst id="4">20049.5911</dst>
      <dst id="1">38445.9111</dst>
      <dst id="5">260247.6089</dst>
      <dst id="3">7263.4756</dst>
      <dst id="22">3450.4267</dst>
      <dst id="7">9037.5022</dst>
      <dst id="2">8044.7733</dst>
      <dst id="6">11341.2622</dst>
      <dst id="16">11563.1022</dst>
      <dst id="14">55.6178</dst>
      <dst id="20">2317.4311</dst>
      <dst id="11">1905.4311</dst>
      <dst id="9">400038.4178</dst>
      <dst id="17">25229.6444</dst>
      <dst id="21">9233.4133</dst>
      <dst id="15">725.9289</dst>
    </src>
    <src id="5">
      <dst id="12">281391.6711</dst>
      <dst id="13">1720.5867</dst>
      <dst id="19">170.1689</dst>
      <dst id="23">13.4667</dst>
      <dst id="8">11201.4844</dst>
      <dst id="18">83.9467</dst>
      <dst id="4">9688.1333</dst>
      <dst id="1">9989.1467</dst>
      <dst id="3">130.6400</dst>
      <dst id="22">23406.6133</dst>
      <dst id="7">297.2889</dst>
      <dst id="2">136924.0267</dst>
      <dst id="6">4.1333</dst>
      <dst id="16">2782.0089</dst>
      <dst id="14">39.8756</dst>
      <dst id="20">6376.9067</dst>
      <dst id="11">2272.8889</dst>
      <dst id="9">5283.3778</dst>
      <dst id="17">98023.4222</dst>
      <dst id="21">511.2089</dst>
      <dst id="15">6282.2578</dst>
    </src>
    <src id="3">
      <dst id="12">11631.1644</dst>
      <dst id="13">1247.1200</dst>
      <dst id="19">2945.2356</dst>
      <dst id="23">327.4400</dst>
      <dst id="8">336.6667</dst>
      <dst id="18">132569.1733</dst>
      <dst id="4">35195.2800</dst>
      <dst id="1">10634.3289</dst>
      <dst id="5">768.5244</dst>
      <dst id="3">23227.4756</dst>
      <dst id="22">3213.0578</dst>
      <dst id="7">2405.3778</dst>
      <dst id="2">13829.8222</dst>
      <dst id="6">22.0978</dst>
      <dst id="16">7780.5956</dst>
      <dst id="14">37174.0444</dst>
      <dst id="20">401.8933</dst>
      <dst id="11">250435.1378</dst>
      <dst id="9">750.1422</dst>
      <dst id="17">12116.0267</dst>
      <dst id="21">16108.3289</dst>
      <dst id="15">664.7556</dst>
    </src>
    <src id="10">
      <dst id="12">23324.8267</dst>
      <dst id="19">2379.7778</dst>
      <dst id="8">3940.1244</dst>
      <dst id="18">2148.8356</dst>
      <dst id="1">4674.2844</dst>
      <dst id="5">1278.8978</dst>
      <dst id="3">28821.6444</dst>
      <dst id="22">10887.4844</dst>
      <dst id="7">50459.8400</dst>
      <dst id="2">40039.1822</dst>
      <dst id="6">62.8889</dst>
      <dst id="16">1926.9600</dst>
      <dst id="14">572.9600</dst>
      <dst id="20">6617.3867</dst>
      <dst id="11">10844.9244</dst>
      <dst id="9">4115.1022</dst>
      <dst id="17">31871.0311</dst>
      <dst id="21">18723.0133</dst>
      <dst id="15">1188.8711</dst>
    </src>
    <src id="22">
      <dst id="12">9734.7200</dst>
      <dst id="13">9623.6444</dst>
      <dst id="19">108.6133</dst>
      <dst id="23">68.0800</dst>
      <dst id="8">2327.8844</dst>
      <dst id="18">266.7289</dst>
      <dst id="4">19603.5911</dst>
      <dst id="1">521.5378</dst>
      <dst id="5">9600.3822</dst>
      <dst id="3">1583.7511</dst>
      <dst id="7">2628.3111</dst>
      <dst id="2">5909.0400</dst>
      <dst id="6">21.7511</dst>
      <dst id="16">1.6533</dst>
      <dst id="14">116.5778</dst>
      <dst id="11">3978.3556</dst>
      <dst id="9">20845.5644</dst>
      <dst id="17">9017.5644</dst>
      <dst id="21">2503.4222</dst>
    </src>
    <src id="7">
      <dst id="12">4610.6933</dst>
      <dst id="13">1903.5911</dst>
      <dst id="19">2285.8133</dst>
      <dst id="23">373.5911</dst>
      <dst id="8">687.7333</dst>
      <dst id="18">4479.4933</dst>
      <dst id="4">36555.6889</dst>
      <dst id="1">21586.7289</dst>
      <dst id="5">1868.5333</dst>
      <dst id="3">1539.0400</dst>
      <dst id="22">5066.9600</dst>
      <dst id="7">821.5822</dst>
      <dst id="2">26211.8311</dst>
      <dst id="6">95.8489</dst>
      <dst id="16">918.3467</dst>
      <dst id="14">71.9467</dst>
      <dst id="20">909.6622</dst>
      <dst id="11">2467.1644</dst>
      <dst id="9">3088.7467</dst>
      <dst id="17">25581.5022</dst>
      <dst id="21">13837.7778</dst>
      <dst id="15">762.0444</dst>
    </src>
    <src id="2">
      <dst id="12">196032.9600</dst>
      <dst id="13">10360.5067</dst>
      <dst id="19">13193.2889</dst>
      <dst id="23">36.7467</dst>
      <dst id="8">2889.4044</dst>
      <dst id="18">114119.2622</dst>
      <dst id="4">132863.4933</dst>
      <dst id="1">5914.6222</dst>
      <dst id="5">2408.2311</dst>
      <dst id="3">848.6756</dst>
      <dst id="22">4777.1822</dst>
      <dst id="7">5922.1778</dst>
      <dst id="2">1274.9067</dst>
      <dst id="6">13180.1156</dst>
      <dst id="16">2165.7778</dst>
      <dst id="14">5240.8444</dst>
      <dst id="20">2809.0756</dst>
      <dst id="11">6594.5156</dst>
      <dst id="9">4178.0800</dst>
      <dst id="17">28399.6533</dst>
      <dst id="21">6083.7689</dst>
      <dst id="15">231.4578</dst>
    </src>
    <src id="6">
      <dst id="12">10905.1289</dst>
      <dst id="13">25.1911</dst>
      <dst id="19">45.8933</dst>
      <dst id="23">12.6222</dst>
      <dst id="8">14.0978</dst>
      <dst id="4">60.6844</dst>
      <dst id="1">141.8578</dst>
      <dst id="3">22.9333</dst>
      <dst id="22">52.7556</dst>
      <dst id="7">67.0844</dst>
      <dst id="2">2667.5911</dst>
      <dst id="16">102.5333</dst>
      <dst id="20">38.3022</dst>
      <dst id="11">60.4000</dst>
      <dst id="9">86.4800</dst>
      <dst id="17">1452.6311</dst>
      <dst id="21">142.5600</dst>
      <dst id="15">15.7333</dst>
    </src>
    <src id="16">
      <dst id="12">4381.9911</dst>
      <dst id="13">557.9378</dst>
      <dst id="19">4141.7511</dst>
      <dst id="23">77.5911</dst>
      <dst id="8">12169.3156</dst>
      <dst id="18">343.7778</dst>
      <dst id="4">9069.1822</dst>
      <dst id="1">29073.0400</dst>
      <dst id="5">6813.4933</dst>
      <dst id="3">185.2089</dst>
      <dst id="7">2556.2400</dst>
      <dst id="2">1043.8489</dst>
      <dst id="6">4.6578</dst>
      <dst id="16">36.9600</dst>
      <dst id="14">17.4400</dst>
      <dst id="11">1295.2356</dst>
      <dst id="9">11054.5422</dst>
      <dst id="17">8129.9467</dst>
      <dst id="21">994.1689</dst>
    </src>
    <src id="14">
      <dst id="12">15809.5467</dst>
      <dst id="13">224.6311</dst>
      <dst id="19">17.4044</dst>
      <dst id="23">2.9511</dst>
      <dst id="8">2.4622</dst>
      <dst id="18">27.6622</dst>
      <dst id="4">1630.4533</dst>
      <dst id="1">58.4356</dst>
      <dst id="5">1.1733</dst>
      <dst id="3">213.4489</dst>
      <dst id="22">32.8978</dst>
      <dst id="7">145.7867</dst>
      <dst id="2">4552.8622</dst>
      <dst id="16">1248.6400</dst>
      <dst id="11">224.1778</dst>
      <dst id="9">23.5556</dst>
      <dst id="17">6745.6356</dst>
      <dst id="21">119.6533</dst>
      <dst id="15">16.3911</dst>
    </src>
    <src id="20">
      <dst id="12">5506.1600</dst>
      <dst id="13">7989.9911</dst>
      <dst id="19">14.2311</dst>
      <dst id="23">13.7956</dst>
      <dst id="8">594.1156</dst>
      <dst id="18">96.4800</dst>
      <dst id="4">12304.4800</dst>
      <dst id="1">188.0800</dst>
      <dst id="5">10533.7511</dst>
      <dst id="3">4995.2800</dst>
      <dst id="22">0.8444</dst>
      <dst id="7">4390.3378</dst>
      <dst id="2">3951.4578</dst>
      <dst id="6">2.6667</dst>
      <dst id="14">0.3556</dst>
      <dst id="11">8630.8800</dst>
      <dst id="9">45971.3422</dst>
      <dst id="17">4798.5867</dst>
      <dst id="21">371.0844</dst>
    </src>
    <src id="11">
      <dst id="12">413073.5467</dst>
      <dst id="13">3822.8711</dst>
      <dst id="19">469.6267</dst>
      <dst id="23">51.9911</dst>
      <dst id="8">960.3644</dst>
      <dst id="18">813.6000</dst>
      <dst id="4">16692.5867</dst>
      <dst id="1">683.4311</dst>
      <dst id="5">2301.8311</dst>
      <dst id="3">8025.2178</dst>
      <dst id="22">5739.4044</dst>
      <dst id="7">1083.4133</dst>
      <dst id="2">158601.2444</dst>
      <dst id="6">2.7022</dst>
      <dst id="16">549.2533</dst>
      <dst id="14">226.9156</dst>
      <dst id="20">1316.2400</dst>
      <dst id="11">2004.4622</dst>
      <dst id="9">2557.1200</dst>
      <dst id="17">149121.6089</dst>
      <dst id="21">2005.2089</dst>
      <dst id="15">3620.5067</dst>
    </src>
    <src id="9">
      <dst id="12">510632.7289</dst>
      <dst id="13">10099.4489</dst>
      <dst id="19">74.6844</dst>
      <dst id="23">2805.7600</dst>
      <dst id="8">2546.3733</dst>
      <dst id="18">226.3556</dst>
      <dst id="4">18980.1333</dst>
      <dst id="1">3980.8800</dst>
      <dst id="5">25267.8311</dst>
      <dst id="3">257.9467</dst>
      <dst id="22">5684.4533</dst>
      <dst id="7">2242.5156</dst>
      <dst id="2">194598.8000</dst>
      <dst id="6">1.8844</dst>
      <dst id="16">1197.1822</dst>
      <dst id="14">13.4400</dst>
      <dst id="20">5083.5911</dst>
      <dst id="11">4140.1422</dst>
      <dst id="9">5147.0844</dst>
      <dst id="17">197345.2533</dst>
      <dst id="21">4718.1600</dst>
      <dst id="15">16980.6756</dst>
    </src>
    <src id="17">
      <dst id="12">23886.9600</dst>
      <dst id="13">9380.1422</dst>
      <dst id="19">5964.4444</dst>
      <dst id="23">398.0000</dst>
      <dst id="8">222824.8622</dst>
      <dst id="18">1798.3289</dst>
      <dst id="4">52431.9111</dst>
      <dst id="1">8623.1733</dst>
      <dst id="5">254376.4889</dst>
      <dst id="3">27371.4222</dst>
      <dst id="22">12903.7956</dst>
      <dst id="7">8610.6311</dst>
      <dst id="2">21075.1733</dst>
      <dst id="6">193.6889</dst>
      <dst id="16">6402.0000</dst>
      <dst id="14">28360.3911</dst>
      <dst id="20">20056.1600</dst>
      <dst id="11">175363.7689</dst>
      <dst id="9">342830.8800</dst>
      <dst id="17">2945.5733</dst>
      <dst id="21">8266.8889</dst>
      <dst id="15">7909.5289</dst>
    </src>
    <src id="21">
      <dst id="12">19048.9333</dst>
      <dst id="13">3526.9867</dst>
      <dst id="19">471.6444</dst>
      <dst id="23">142.5156</dst>
      <dst id="8">401.6711</dst>
      <dst id="18">1144.0711</dst>
      <dst id="4">20099.0222</dst>
      <dst id="1">3926.9067</dst>
      <dst id="5">995.2444</dst>
      <dst id="3">4471.6089</dst>
      <dst id="22">5485.2889</dst>
      <dst id="7">4787.3422</dst>
      <dst id="2">8853.3244</dst>
      <dst id="6">41.5733</dst>
      <dst id="16">624.4267</dst>
      <dst id="14">92.6933</dst>
      <dst id="20">922.5600</dst>
      <dst id="11">7466.3644</dst>
      <dst id="9">2332.4000</dst>
      <dst id="17">6644.4533</dst>
      <dst id="21">2505.0400</dst>
      <dst id="15">1315.0756</dst>
    </src>
    <src id="15">
      <dst id="12">6038.5333</dst>
      <dst id="13">8295.4222</dst>
      <dst id="19">27.6533</dst>
      <dst id="23">57.0933</dst>
      <dst id="8">3461.4400</dst>
      <dst id="18">8.9244</dst>
      <dst id="4">6914.4622</dst>
      <dst id="1">3479.3778</dst>
      <dst id="5">6936.5600</dst>
      <dst id="3">490.5511</dst>
      <dst id="7">2303.8400</dst>
      <dst id="2">5799.0133</dst>
      <dst id="6">0.7822</dst>
      <dst id="16">0.6578</dst>
      <dst id="14">25.2444</dst>
      <dst id="11">2014.0178</dst>
      <dst id="9">9685.6800</dst>
      <dst id="17">707.6356</dst>
      <dst id="21">161.9644</dst>
    </src>
  </IntraTM>
</TrafficMatrixFile>
