<?xml version="1.0" encoding="UTF-8" standalone="yes"?>
<TrafficMatrixFile xmlns:xsi="http://www.w3.org/2001/XMLSchema-instance" xsi:noNamespaceSchemaLocation="http://totem.run.montefiore.ulg.ac.be/Schema/TrafficMatrix-v1_2.xsd">
  <info>
    <title>Intradomain traffic matrix generated by geant-TM-all.pl</title>
    <date>2005-01-02T20:30:00</date>
    <duration>900</duration>
    <author>Steve Uhlig</author>
    <units>
        <unit type="bandwidth" value="kbps"/>
    </units>
  </info>
  <IntraTM ASID="20965">
    <src id="12">
      <dst id="12">320310.8533</dst>
      <dst id="13">30276.2311</dst>
      <dst id="19">4178.6311</dst>
      <dst id="23">1634.9244</dst>
      <dst id="8">5434.4178</dst>
      <dst id="18">1468.8800</dst>
      <dst id="4">71474.2400</dst>
      <dst id="1">8177.1733</dst>
      <dst id="5">3884.9333</dst>
      <dst id="3">10183.9111</dst>
      <dst id="22">18552.4267</dst>
      <dst id="7">4093.9289</dst>
      <dst id="2">107704.8889</dst>
      <dst id="6">11.8667</dst>
      <dst id="16">12884.8978</dst>
      <dst id="14">205.9111</dst>
      <dst id="20">8619.4756</dst>
      <dst id="11">8190.0356</dst>
      <dst id="9">12019.4844</dst>
      <dst id="17">89352.9333</dst>
      <dst id="21">37218.9778</dst>
      <dst id="15">1133.2267</dst>
    </src>
    <src id="13">
      <dst id="12">76774.3556</dst>
      <dst id="19">8721.0844</dst>
      <dst id="23">436.8356</dst>
      <dst id="8">5147.7333</dst>
      <dst id="18">9571.8133</dst>
      <dst id="1">11284.4444</dst>
      <dst id="5">6705.1111</dst>
      <dst id="3">40537.1733</dst>
      <dst id="22">38072.5067</dst>
      <dst id="7">30712.0089</dst>
      <dst id="2">132529.2622</dst>
      <dst id="6">138.4000</dst>
      <dst id="16">15575.5200</dst>
      <dst id="14">3167.5911</dst>
      <dst id="20">18582.1511</dst>
      <dst id="11">27371.8844</dst>
      <dst id="9">36280.6489</dst>
      <dst id="17">96912.6667</dst>
      <dst id="21">31997.1467</dst>
      <dst id="15">4679.7689</dst>
    </src>
    <src id="19">
      <dst id="12">17783.9911</dst>
      <dst id="13">4161.6533</dst>
      <dst id="23">307.2533</dst>
      <dst id="8">835.8667</dst>
      <dst id="18">379.6000</dst>
      <dst id="4">18676.1333</dst>
      <dst id="1">4943.2356</dst>
      <dst id="5">135.6711</dst>
      <dst id="3">133.5467</dst>
      <dst id="22">193.6089</dst>
      <dst id="7">8232.7644</dst>
      <dst id="2">1572.6044</dst>
      <dst id="6">92.0000</dst>
      <dst id="16">6337.6978</dst>
      <dst id="14">4.4444</dst>
      <dst id="20">41.3956</dst>
      <dst id="11">1416.3022</dst>
      <dst id="9">145.9289</dst>
      <dst id="17">2601.5111</dst>
      <dst id="21">3135.6711</dst>
      <dst id="15">140.9778</dst>
    </src>
    <src id="23">
      <dst id="12">1424.0800</dst>
      <dst id="13">129.6000</dst>
      <dst id="19">33.3156</dst>
      <dst id="8">2804.0533</dst>
      <dst id="18">147.7156</dst>
      <dst id="4">126.1867</dst>
      <dst id="1">192.4978</dst>
      <dst id="5">75.9467</dst>
      <dst id="3">628.5156</dst>
      <dst id="22">540.6667</dst>
      <dst id="7">286.7467</dst>
      <dst id="2">189.6711</dst>
      <dst id="6">0.3378</dst>
      <dst id="16">41.7067</dst>
      <dst id="14">0.9511</dst>
      <dst id="20">272.2756</dst>
      <dst id="11">255.9644</dst>
      <dst id="9">75.7156</dst>
      <dst id="17">1626.7467</dst>
      <dst id="21">1761.8933</dst>
    </src>
    <src id="8">
      <dst id="12">400118.8444</dst>
      <dst id="13">2677.8044</dst>
      <dst id="19">228.5422</dst>
      <dst id="23">141.4756</dst>
      <dst id="18">468.4356</dst>
      <dst id="4">4556.5067</dst>
      <dst id="1">279.6978</dst>
      <dst id="5">4590.5067</dst>
      <dst id="3">4.6667</dst>
      <dst id="22">5580.5244</dst>
      <dst id="7">175.9200</dst>
      <dst id="2">170638.2933</dst>
      <dst id="6">0.4356</dst>
      <dst id="16">1308.6311</dst>
      <dst id="14">7.9644</dst>
      <dst id="20">14903.0400</dst>
      <dst id="11">594.3200</dst>
      <dst id="9">5349.3156</dst>
      <dst id="17">141372.9689</dst>
      <dst id="21">77.6533</dst>
      <dst id="15">716.2044</dst>
    </src>
    <src id="18">
      <dst id="12">115456.5422</dst>
      <dst id="13">527.2978</dst>
      <dst id="19">681.1200</dst>
      <dst id="23">7.1467</dst>
      <dst id="8">261.9289</dst>
      <dst id="4">4327.4044</dst>
      <dst id="1">1067.8311</dst>
      <dst id="5">47.3422</dst>
      <dst id="3">1129.1289</dst>
      <dst id="22">590.7378</dst>
      <dst id="7">222.2311</dst>
      <dst id="2">48079.4311</dst>
      <dst id="16">31.7067</dst>
      <dst id="20">43.7156</dst>
      <dst id="11">167.0400</dst>
      <dst id="9">717.5644</dst>
      <dst id="17">40692.1067</dst>
      <dst id="21">1603.8667</dst>
      <dst id="15">723.6533</dst>
    </src>
    <src id="4">
      <dst id="12">17410.6756</dst>
      <dst id="19">6820.3467</dst>
      <dst id="23">28.1600</dst>
      <dst id="8">2461.4133</dst>
      <dst id="18">4026.7556</dst>
      <dst id="1">50572.0533</dst>
      <dst id="5">1586.5778</dst>
      <dst id="3">3034.3733</dst>
      <dst id="22">9080.1422</dst>
      <dst id="7">50498.4356</dst>
      <dst id="2">90437.0756</dst>
      <dst id="6">14.4800</dst>
      <dst id="16">2823.8756</dst>
      <dst id="14">1259.5644</dst>
      <dst id="20">6988.9867</dst>
      <dst id="11">10683.4133</dst>
      <dst id="9">5678.7289</dst>
      <dst id="17">137564.5600</dst>
      <dst id="21">9043.0044</dst>
      <dst id="15">1047.4311</dst>
    </src>
    <src id="1">
      <dst id="12">22195.5733</dst>
      <dst id="13">5876.8356</dst>
      <dst id="19">5762.6844</dst>
      <dst id="23">112.0178</dst>
      <dst id="8">229937.3422</dst>
      <dst id="18">18826.4533</dst>
      <dst id="4">15977.3867</dst>
      <dst id="1">88482.3644</dst>
      <dst id="5">276463.4933</dst>
      <dst id="3">1601.9467</dst>
      <dst id="22">11047.3689</dst>
      <dst id="7">24579.0311</dst>
      <dst id="2">21687.0222</dst>
      <dst id="6">11436.2044</dst>
      <dst id="16">10471.8933</dst>
      <dst id="14">90.7556</dst>
      <dst id="20">1371.9911</dst>
      <dst id="11">1655.5111</dst>
      <dst id="9">392927.7422</dst>
      <dst id="17">13680.9689</dst>
      <dst id="21">9036.9867</dst>
      <dst id="15">2361.8311</dst>
    </src>
    <src id="5">
      <dst id="12">296966.5956</dst>
      <dst id="13">554.6222</dst>
      <dst id="19">1461.0133</dst>
      <dst id="23">82.6667</dst>
      <dst id="8">5987.9733</dst>
      <dst id="18">28.8444</dst>
      <dst id="4">6371.3600</dst>
      <dst id="1">941.9200</dst>
      <dst id="3">20.2667</dst>
      <dst id="22">4012.3111</dst>
      <dst id="7">406.8178</dst>
      <dst id="2">119184.0089</dst>
      <dst id="6">13.2622</dst>
      <dst id="16">1731.8756</dst>
      <dst id="14">52.7200</dst>
      <dst id="20">8445.3067</dst>
      <dst id="11">759.4933</dst>
      <dst id="9">4342.2222</dst>
      <dst id="17">114616.2578</dst>
      <dst id="21">2417.4133</dst>
      <dst id="15">3657.3689</dst>
    </src>
    <src id="3">
      <dst id="12">10500.4622</dst>
      <dst id="13">885.6711</dst>
      <dst id="19">3226.8000</dst>
      <dst id="23">78.3556</dst>
      <dst id="8">130.4444</dst>
      <dst id="18">198239.2622</dst>
      <dst id="4">56824.5956</dst>
      <dst id="1">7706.1867</dst>
      <dst id="5">666.9511</dst>
      <dst id="3">22079.8400</dst>
      <dst id="22">1570.3733</dst>
      <dst id="7">953.9556</dst>
      <dst id="2">5491.6178</dst>
      <dst id="6">22.2400</dst>
      <dst id="16">3960.0622</dst>
      <dst id="14">45647.9822</dst>
      <dst id="20">361.6267</dst>
      <dst id="11">259281.6711</dst>
      <dst id="9">435.0311</dst>
      <dst id="17">17963.6711</dst>
      <dst id="21">7716.1067</dst>
      <dst id="15">214.3111</dst>
    </src>
    <src id="10">
      <dst id="12">25908.2400</dst>
      <dst id="19">1485.9022</dst>
      <dst id="8">2838.4533</dst>
      <dst id="18">10791.7511</dst>
      <dst id="1">1230.5422</dst>
      <dst id="5">2257.9911</dst>
      <dst id="3">19070.9333</dst>
      <dst id="22">14492.2933</dst>
      <dst id="7">143532.9867</dst>
      <dst id="2">54491.7778</dst>
      <dst id="6">14.3200</dst>
      <dst id="16">3058.4267</dst>
      <dst id="14">717.3156</dst>
      <dst id="20">2332.5778</dst>
      <dst id="11">9889.0222</dst>
      <dst id="9">4620.8978</dst>
      <dst id="17">30204.3111</dst>
      <dst id="21">16035.2889</dst>
      <dst id="15">424.9689</dst>
    </src>
    <src id="22">
      <dst id="12">10860.4622</dst>
      <dst id="13">4601.5911</dst>
      <dst id="19">104.4533</dst>
      <dst id="23">83.8844</dst>
      <dst id="8">11778.6844</dst>
      <dst id="18">322.7822</dst>
      <dst id="4">16991.9289</dst>
      <dst id="1">2849.9378</dst>
      <dst id="5">6095.1911</dst>
      <dst id="3">2017.7156</dst>
      <dst id="7">4244.1067</dst>
      <dst id="2">8977.4489</dst>
      <dst id="6">33.7867</dst>
      <dst id="16">15.2178</dst>
      <dst id="14">70.1156</dst>
      <dst id="11">6369.8311</dst>
      <dst id="9">2112.8089</dst>
      <dst id="17">15709.2533</dst>
      <dst id="21">1284.0267</dst>
    </src>
    <src id="7">
      <dst id="12">6798.0711</dst>
      <dst id="13">713.3422</dst>
      <dst id="19">2617.5822</dst>
      <dst id="23">339.0133</dst>
      <dst id="8">1906.9333</dst>
      <dst id="18">1640.8622</dst>
      <dst id="4">34557.8667</dst>
      <dst id="1">19264.3289</dst>
      <dst id="5">1174.7556</dst>
      <dst id="3">1995.7422</dst>
      <dst id="22">3644.6311</dst>
      <dst id="7">631.8933</dst>
      <dst id="2">11236.1511</dst>
      <dst id="6">130.5511</dst>
      <dst id="16">2740.6933</dst>
      <dst id="14">62.3200</dst>
      <dst id="20">2117.9378</dst>
      <dst id="11">3798.7733</dst>
      <dst id="9">3108.8622</dst>
      <dst id="17">19972.0622</dst>
      <dst id="21">12330.3556</dst>
      <dst id="15">737.9378</dst>
    </src>
    <src id="2">
      <dst id="12">177728.3644</dst>
      <dst id="13">6179.4578</dst>
      <dst id="19">1730.6578</dst>
      <dst id="23">42.7022</dst>
      <dst id="8">978.2133</dst>
      <dst id="18">152416.6578</dst>
      <dst id="4">99970.7467</dst>
      <dst id="1">10320.0889</dst>
      <dst id="5">2515.2000</dst>
      <dst id="3">745.2444</dst>
      <dst id="22">2467.9378</dst>
      <dst id="7">6324.2311</dst>
      <dst id="2">1204.8267</dst>
      <dst id="6">9838.2844</dst>
      <dst id="16">6031.1289</dst>
      <dst id="14">5730.2756</dst>
      <dst id="20">1010.8978</dst>
      <dst id="11">10120.8889</dst>
      <dst id="9">3943.0489</dst>
      <dst id="17">50075.6444</dst>
      <dst id="21">10076.3644</dst>
      <dst id="15">296.1956</dst>
    </src>
    <src id="6">
      <dst id="12">12137.7956</dst>
      <dst id="13">133.8756</dst>
      <dst id="19">85.6000</dst>
      <dst id="23">2.0089</dst>
      <dst id="8">0.3556</dst>
      <dst id="18">1.8844</dst>
      <dst id="4">41.8844</dst>
      <dst id="1">97.9378</dst>
      <dst id="5">1.4578</dst>
      <dst id="3">0.3556</dst>
      <dst id="22">108.9956</dst>
      <dst id="7">32.6756</dst>
      <dst id="2">2995.2178</dst>
      <dst id="16">14.9422</dst>
      <dst id="20">76.1600</dst>
      <dst id="11">58.5422</dst>
      <dst id="9">1.3333</dst>
      <dst id="17">1525.1289</dst>
      <dst id="21">193.8400</dst>
    </src>
    <src id="16">
      <dst id="12">5821.7333</dst>
      <dst id="13">739.7244</dst>
      <dst id="19">3526.4178</dst>
      <dst id="23">606.4356</dst>
      <dst id="8">16862.4978</dst>
      <dst id="18">88.5956</dst>
      <dst id="4">6756.8978</dst>
      <dst id="1">16479.7867</dst>
      <dst id="5">7421.4756</dst>
      <dst id="3">73.2089</dst>
      <dst id="7">3361.7778</dst>
      <dst id="2">1978.8356</dst>
      <dst id="6">0.8889</dst>
      <dst id="16">47.6889</dst>
      <dst id="14">495.1111</dst>
      <dst id="11">604.8356</dst>
      <dst id="9">12499.1022</dst>
      <dst id="17">18633.1289</dst>
      <dst id="21">1094.2578</dst>
    </src>
    <src id="14">
      <dst id="12">16749.2178</dst>
      <dst id="13">345.7511</dst>
      <dst id="19">7.2889</dst>
      <dst id="23">27.1289</dst>
      <dst id="8">0.8889</dst>
      <dst id="18">3.1822</dst>
      <dst id="4">1353.9822</dst>
      <dst id="1">71.1378</dst>
      <dst id="5">3.7333</dst>
      <dst id="3">115.5733</dst>
      <dst id="22">767.0311</dst>
      <dst id="7">33.0933</dst>
      <dst id="2">4826.4267</dst>
      <dst id="16">33.3956</dst>
      <dst id="20">13.0844</dst>
      <dst id="11">38.5422</dst>
      <dst id="9">46.3556</dst>
      <dst id="17">8494.5778</dst>
      <dst id="21">88.9511</dst>
      <dst id="15">5.8044</dst>
    </src>
    <src id="20">
      <dst id="12">6355.0933</dst>
      <dst id="13">1029.5556</dst>
      <dst id="19">21.8844</dst>
      <dst id="23">240.3911</dst>
      <dst id="8">765.9467</dst>
      <dst id="18">31.5200</dst>
      <dst id="4">8820.1333</dst>
      <dst id="1">147.1822</dst>
      <dst id="5">2995.4933</dst>
      <dst id="3">8345.5467</dst>
      <dst id="7">361.2444</dst>
      <dst id="2">14254.2489</dst>
      <dst id="6">3.1200</dst>
      <dst id="14">43.0933</dst>
      <dst id="11">8646.3911</dst>
      <dst id="9">8367.2089</dst>
      <dst id="17">2216.1333</dst>
      <dst id="21">1263.1467</dst>
    </src>
    <src id="11">
      <dst id="12">393391.8222</dst>
      <dst id="13">2800.9511</dst>
      <dst id="19">254.9778</dst>
      <dst id="23">79.1022</dst>
      <dst id="8">2847.8756</dst>
      <dst id="18">528.0089</dst>
      <dst id="4">14873.5289</dst>
      <dst id="1">835.3422</dst>
      <dst id="5">937.5644</dst>
      <dst id="3">2432.9778</dst>
      <dst id="22">2566.8000</dst>
      <dst id="7">502.1067</dst>
      <dst id="2">169033.8756</dst>
      <dst id="6">20.3733</dst>
      <dst id="16">1024.8000</dst>
      <dst id="14">30.2044</dst>
      <dst id="20">1009.8844</dst>
      <dst id="11">7838.7022</dst>
      <dst id="9">2756.0000</dst>
      <dst id="17">144243.4400</dst>
      <dst id="21">5210.5956</dst>
      <dst id="15">1878.6311</dst>
    </src>
    <src id="9">
      <dst id="12">477931.5289</dst>
      <dst id="13">12366.9156</dst>
      <dst id="19">394.1867</dst>
      <dst id="23">166.4533</dst>
      <dst id="8">3790.8978</dst>
      <dst id="18">223.3333</dst>
      <dst id="4">11034.8889</dst>
      <dst id="1">1913.0400</dst>
      <dst id="5">2428.8889</dst>
      <dst id="3">232.3200</dst>
      <dst id="22">2625.0667</dst>
      <dst id="7">2113.7511</dst>
      <dst id="2">173342.5244</dst>
      <dst id="6">2.8356</dst>
      <dst id="16">985.3067</dst>
      <dst id="14">1.5467</dst>
      <dst id="20">5027.7156</dst>
      <dst id="11">1480.2578</dst>
      <dst id="9">1872.8089</dst>
      <dst id="17">195080.2400</dst>
      <dst id="21">3252.7022</dst>
      <dst id="15">8267.7511</dst>
    </src>
    <src id="17">
      <dst id="12">29497.0044</dst>
      <dst id="13">24971.7067</dst>
      <dst id="19">832.7644</dst>
      <dst id="23">3404.7556</dst>
      <dst id="8">240571.4844</dst>
      <dst id="18">5164.8889</dst>
      <dst id="4">70444.7289</dst>
      <dst id="1">6124.7022</dst>
      <dst id="5">248358.0444</dst>
      <dst id="3">20315.1378</dst>
      <dst id="22">7819.1467</dst>
      <dst id="7">14678.2578</dst>
      <dst id="2">38177.9911</dst>
      <dst id="6">273.3956</dst>
      <dst id="16">14032.4889</dst>
      <dst id="14">31419.5200</dst>
      <dst id="20">9547.3600</dst>
      <dst id="11">200179.2000</dst>
      <dst id="9">332697.9289</dst>
      <dst id="17">2885.3600</dst>
      <dst id="21">16070.9244</dst>
      <dst id="15">636.5511</dst>
    </src>
    <src id="21">
      <dst id="12">18785.4044</dst>
      <dst id="13">3730.6400</dst>
      <dst id="19">618.1511</dst>
      <dst id="23">1320.5156</dst>
      <dst id="8">618.5067</dst>
      <dst id="18">3891.3156</dst>
      <dst id="4">22182.5600</dst>
      <dst id="1">9701.8311</dst>
      <dst id="5">1014.2667</dst>
      <dst id="3">7174.9778</dst>
      <dst id="22">2577.2444</dst>
      <dst id="7">2552.1956</dst>
      <dst id="2">11614.5511</dst>
      <dst id="6">23.7689</dst>
      <dst id="16">702.5956</dst>
      <dst id="14">124.6578</dst>
      <dst id="20">790.2222</dst>
      <dst id="11">1768.6311</dst>
      <dst id="9">1348.4000</dst>
      <dst id="17">8096.5244</dst>
      <dst id="21">4096.3378</dst>
      <dst id="15">646.2222</dst>
    </src>
    <src id="15">
      <dst id="12">13928.9689</dst>
      <dst id="13">11539.7333</dst>
      <dst id="19">6676.0622</dst>
      <dst id="23">1.4933</dst>
      <dst id="8">2667.9644</dst>
      <dst id="18">75.9022</dst>
      <dst id="4">5351.8578</dst>
      <dst id="1">741.5111</dst>
      <dst id="5">266.7022</dst>
      <dst id="3">13.8667</dst>
      <dst id="7">258.2044</dst>
      <dst id="2">3691.8400</dst>
      <dst id="16">0.3022</dst>
      <dst id="14">5.0844</dst>
      <dst id="11">137.2444</dst>
      <dst id="9">6643.8578</dst>
      <dst id="17">1106.4089</dst>
      <dst id="21">8076.2133</dst>
    </src>
  </IntraTM>
</TrafficMatrixFile>
