<?xml version="1.0" encoding="UTF-8" standalone="yes"?>
<TrafficMatrixFile xmlns:xsi="http://www.w3.org/2001/XMLSchema-instance" xsi:noNamespaceSchemaLocation="http://totem.run.montefiore.ulg.ac.be/Schema/TrafficMatrix-v1_2.xsd">
  <info>
    <title>Intradomain traffic matrix generated by geant-TM-all.pl</title>
    <date>2005-01-05T14:00:00</date>
    <duration>900</duration>
    <author>Steve Uhlig</author>
    <units>
        <unit type="bandwidth" value="kbps"/>
    </units>
  </info>
  <IntraTM ASID="20965">
    <src id="12">
      <dst id="12">189185.9200</dst>
      <dst id="13">11531.6800</dst>
      <dst id="19">5138.4622</dst>
      <dst id="23">3.3600</dst>
      <dst id="8">323.1467</dst>
      <dst id="18">68.1689</dst>
      <dst id="4">77251.9022</dst>
      <dst id="1">15892.5956</dst>
      <dst id="5">2997.4667</dst>
      <dst id="3">1759.3956</dst>
      <dst id="22">17210.5333</dst>
      <dst id="7">5513.7600</dst>
      <dst id="2">56302.5689</dst>
      <dst id="6">12.9067</dst>
      <dst id="16">5140.9689</dst>
      <dst id="14">824.2667</dst>
      <dst id="20">4588.4444</dst>
      <dst id="11">1148.9067</dst>
      <dst id="9">1949.5556</dst>
      <dst id="17">54800.9333</dst>
      <dst id="21">831.5289</dst>
      <dst id="15">589.9822</dst>
    </src>
    <src id="13">
      <dst id="12">27556.1333</dst>
      <dst id="19">7911.4756</dst>
      <dst id="23">9.0578</dst>
      <dst id="8">1925.0311</dst>
      <dst id="18">2616.9867</dst>
      <dst id="4">0.3556</dst>
      <dst id="1">1704.7200</dst>
      <dst id="5">2732.0711</dst>
      <dst id="3">9395.2711</dst>
      <dst id="22">14642.0267</dst>
      <dst id="7">11838.8533</dst>
      <dst id="2">61852.2044</dst>
      <dst id="6">64.2044</dst>
      <dst id="16">4661.2533</dst>
      <dst id="14">1645.2711</dst>
      <dst id="20">3123.5022</dst>
      <dst id="11">4543.6356</dst>
      <dst id="9">12281.8311</dst>
      <dst id="17">32408.6489</dst>
      <dst id="21">11834.2756</dst>
      <dst id="15">1046.3644</dst>
    </src>
    <src id="19">
      <dst id="12">10945.6800</dst>
      <dst id="13">120.6844</dst>
      <dst id="8">0.9956</dst>
      <dst id="18">0.8800</dst>
      <dst id="4">19614.1067</dst>
      <dst id="1">257.7511</dst>
      <dst id="5">7.3067</dst>
      <dst id="3">0.8978</dst>
      <dst id="22">4.7200</dst>
      <dst id="7">4105.1822</dst>
      <dst id="2">121.3956</dst>
      <dst id="6">22.1956</dst>
      <dst id="16">7735.2800</dst>
      <dst id="14">0.7111</dst>
      <dst id="20">1.4933</dst>
      <dst id="11">126.0089</dst>
      <dst id="9">96.0089</dst>
      <dst id="17">159.0489</dst>
      <dst id="21">215.8844</dst>
      <dst id="15">1.0667</dst>
    </src>
    <src id="23">
      <dst id="12">84.1156</dst>
      <dst id="13">91.9822</dst>
      <dst id="18">14.0356</dst>
      <dst id="4">132.6222</dst>
      <dst id="1">41.4578</dst>
      <dst id="5">182.2222</dst>
      <dst id="3">281.5111</dst>
      <dst id="22">66.3289</dst>
      <dst id="7">21.3511</dst>
      <dst id="2">195.8044</dst>
      <dst id="16">2.9156</dst>
      <dst id="20">1.3511</dst>
      <dst id="11">22.8711</dst>
      <dst id="9">1046.4267</dst>
      <dst id="17">14.3467</dst>
      <dst id="21">13.7156</dst>
    </src>
    <src id="8">
      <dst id="12">243129.6178</dst>
      <dst id="13">719.9822</dst>
      <dst id="19">0.4711</dst>
      <dst id="23">0.3556</dst>
      <dst id="18">9.9378</dst>
      <dst id="4">3482.1956</dst>
      <dst id="1">289.6622</dst>
      <dst id="5">4544.5156</dst>
      <dst id="3">0.4178</dst>
      <dst id="22">453.3778</dst>
      <dst id="7">13.3333</dst>
      <dst id="2">83612.7022</dst>
      <dst id="6">13.1556</dst>
      <dst id="16">3619.7956</dst>
      <dst id="14">0.4089</dst>
      <dst id="20">128.6756</dst>
      <dst id="11">21.9467</dst>
      <dst id="9">217.8844</dst>
      <dst id="17">81451.3244</dst>
      <dst id="21">408.0889</dst>
      <dst id="15">80.4622</dst>
    </src>
    <src id="18">
      <dst id="12">92588.0000</dst>
      <dst id="13">180.6311</dst>
      <dst id="19">0.8889</dst>
      <dst id="23">3.6800</dst>
      <dst id="8">0.7822</dst>
      <dst id="4">1190.8444</dst>
      <dst id="1">1194.9956</dst>
      <dst id="5">68.4889</dst>
      <dst id="3">27.7867</dst>
      <dst id="22">176.7644</dst>
      <dst id="7">11.0933</dst>
      <dst id="2">25447.8667</dst>
      <dst id="16">9.5111</dst>
      <dst id="14">28.7200</dst>
      <dst id="20">54.0089</dst>
      <dst id="11">6.5689</dst>
      <dst id="9">18.8089</dst>
      <dst id="17">35125.3689</dst>
      <dst id="21">29.9111</dst>
      <dst id="15">0.3556</dst>
    </src>
    <src id="4">
      <dst id="12">7532.2667</dst>
      <dst id="19">13869.2444</dst>
      <dst id="23">7.3156</dst>
      <dst id="8">365.2889</dst>
      <dst id="18">306.9511</dst>
      <dst id="4">3.4933</dst>
      <dst id="1">72984.1156</dst>
      <dst id="5">737.9911</dst>
      <dst id="3">192.8178</dst>
      <dst id="22">2485.2533</dst>
      <dst id="7">29890.2400</dst>
      <dst id="2">45191.1467</dst>
      <dst id="6">132.6222</dst>
      <dst id="16">1077.4311</dst>
      <dst id="14">1213.2089</dst>
      <dst id="20">411.2444</dst>
      <dst id="11">1366.1600</dst>
      <dst id="9">2996.8711</dst>
      <dst id="17">19205.5911</dst>
      <dst id="21">4464.6489</dst>
      <dst id="15">88.0711</dst>
    </src>
    <src id="1">
      <dst id="12">15613.0400</dst>
      <dst id="13">6547.7689</dst>
      <dst id="19">4.6756</dst>
      <dst id="23">37.4578</dst>
      <dst id="8">46111.6089</dst>
      <dst id="18">12169.3422</dst>
      <dst id="4">6150.7022</dst>
      <dst id="1">3255.6267</dst>
      <dst id="5">125754.1156</dst>
      <dst id="3">80.1600</dst>
      <dst id="22">226.7467</dst>
      <dst id="7">2943.9733</dst>
      <dst id="2">5781.1022</dst>
      <dst id="6">3292.4356</dst>
      <dst id="16">12245.8667</dst>
      <dst id="14">36.2578</dst>
      <dst id="20">223.1822</dst>
      <dst id="11">283.5289</dst>
      <dst id="9">127611.7067</dst>
      <dst id="17">3411.1200</dst>
      <dst id="21">4367.3067</dst>
      <dst id="15">306.9244</dst>
    </src>
    <src id="5">
      <dst id="12">223671.7778</dst>
      <dst id="13">429.4756</dst>
      <dst id="19">39.9022</dst>
      <dst id="23">5.7956</dst>
      <dst id="8">345.8044</dst>
      <dst id="18">395.6533</dst>
      <dst id="4">5499.1467</dst>
      <dst id="1">329.8844</dst>
      <dst id="3">6.4533</dst>
      <dst id="22">2350.5867</dst>
      <dst id="7">91.4489</dst>
      <dst id="2">85332.0800</dst>
      <dst id="16">199.7067</dst>
      <dst id="14">43.4311</dst>
      <dst id="20">75.0311</dst>
      <dst id="11">218.0356</dst>
      <dst id="9">557.6178</dst>
      <dst id="17">81397.4133</dst>
      <dst id="21">168.9067</dst>
      <dst id="15">134.4444</dst>
    </src>
    <src id="3">
      <dst id="12">10784.4089</dst>
      <dst id="13">4733.7511</dst>
      <dst id="19">1333.6622</dst>
      <dst id="23">7066.4978</dst>
      <dst id="8">2.7022</dst>
      <dst id="18">36971.7511</dst>
      <dst id="4">22772.9689</dst>
      <dst id="1">6818.4444</dst>
      <dst id="5">556.8889</dst>
      <dst id="3">5837.6000</dst>
      <dst id="22">2746.4089</dst>
      <dst id="7">4630.5422</dst>
      <dst id="2">16275.9111</dst>
      <dst id="16">1448.5778</dst>
      <dst id="14">19772.6844</dst>
      <dst id="20">3101.3956</dst>
      <dst id="11">78887.1911</dst>
      <dst id="9">318.3644</dst>
      <dst id="17">6093.5289</dst>
      <dst id="21">10728.4267</dst>
      <dst id="15">1087.7244</dst>
    </src>
    <src id="10">
      <dst id="12">11926.9867</dst>
      <dst id="19">3319.2356</dst>
      <dst id="8">195.0400</dst>
      <dst id="18">4278.0089</dst>
      <dst id="1">5150.9867</dst>
      <dst id="5">441.9111</dst>
      <dst id="3">5201.1111</dst>
      <dst id="22">2422.1689</dst>
      <dst id="7">43953.4667</dst>
      <dst id="2">10538.8889</dst>
      <dst id="16">2093.9644</dst>
      <dst id="14">1670.8444</dst>
      <dst id="20">2379.4044</dst>
      <dst id="11">8720.6133</dst>
      <dst id="9">568.8978</dst>
      <dst id="17">21478.7289</dst>
      <dst id="21">10069.8844</dst>
      <dst id="15">852.0622</dst>
    </src>
    <src id="22">
      <dst id="12">8294.4444</dst>
      <dst id="13">1061.3067</dst>
      <dst id="19">47.1733</dst>
      <dst id="23">7.3956</dst>
      <dst id="8">361.8044</dst>
      <dst id="18">635.7067</dst>
      <dst id="4">17770.5156</dst>
      <dst id="1">181.8400</dst>
      <dst id="5">1456.9511</dst>
      <dst id="3">138.1422</dst>
      <dst id="7">1038.6133</dst>
      <dst id="2">4168.0978</dst>
      <dst id="6">333.1556</dst>
      <dst id="16">1.5467</dst>
      <dst id="14">1.0311</dst>
      <dst id="11">865.9822</dst>
      <dst id="9">2884.4356</dst>
      <dst id="17">831.0044</dst>
      <dst id="21">187.0311</dst>
    </src>
    <src id="7">
      <dst id="12">2477.1200</dst>
      <dst id="13">97.6533</dst>
      <dst id="19">244.1689</dst>
      <dst id="23">155.8667</dst>
      <dst id="8">2.3733</dst>
      <dst id="18">263.3778</dst>
      <dst id="4">19395.8578</dst>
      <dst id="1">693.5111</dst>
      <dst id="5">858.5956</dst>
      <dst id="3">366.6844</dst>
      <dst id="22">4880.0978</dst>
      <dst id="7">828.8711</dst>
      <dst id="2">5957.6444</dst>
      <dst id="6">18.7289</dst>
      <dst id="16">586.5778</dst>
      <dst id="14">56.0178</dst>
      <dst id="20">203.9289</dst>
      <dst id="11">403.7511</dst>
      <dst id="9">668.6400</dst>
      <dst id="17">5279.4311</dst>
      <dst id="21">629.2178</dst>
      <dst id="15">70.0622</dst>
    </src>
    <src id="2">
      <dst id="12">59260.5156</dst>
      <dst id="13">509005.1822</dst>
      <dst id="19">150.7289</dst>
      <dst id="23">0.3556</dst>
      <dst id="8">125.5644</dst>
      <dst id="18">28760.2844</dst>
      <dst id="4">78586.5244</dst>
      <dst id="1">6892.0533</dst>
      <dst id="5">2503.9733</dst>
      <dst id="3">1152.7822</dst>
      <dst id="22">1699.8667</dst>
      <dst id="7">9925.2089</dst>
      <dst id="2">446.0622</dst>
      <dst id="6">5115.7333</dst>
      <dst id="16">1983.5822</dst>
      <dst id="14">5290.3733</dst>
      <dst id="20">131.0311</dst>
      <dst id="11">1296.4267</dst>
      <dst id="9">414.6400</dst>
      <dst id="17">25186.5333</dst>
      <dst id="21">2379.4756</dst>
      <dst id="15">53.7422</dst>
    </src>
    <src id="6">
      <dst id="12">6645.9911</dst>
      <dst id="13">3.5556</dst>
      <dst id="19">2.1600</dst>
      <dst id="18">0.3378</dst>
      <dst id="4">1233.7067</dst>
      <dst id="1">3.5644</dst>
      <dst id="22">3.3422</dst>
      <dst id="2">1648.4444</dst>
      <dst id="16">14.1778</dst>
      <dst id="14">36.6222</dst>
      <dst id="9">0.4978</dst>
      <dst id="17">866.8444</dst>
      <dst id="21">1.6356</dst>
    </src>
    <src id="16">
      <dst id="12">2410.2756</dst>
      <dst id="13">158.6400</dst>
      <dst id="19">3232.4000</dst>
      <dst id="23">3.1289</dst>
      <dst id="8">1470.0178</dst>
      <dst id="18">2.0000</dst>
      <dst id="4">5618.5333</dst>
      <dst id="1">12403.2800</dst>
      <dst id="5">814.9956</dst>
      <dst id="7">1179.3511</dst>
      <dst id="2">129.5289</dst>
      <dst id="6">1.4933</dst>
      <dst id="16">13.5822</dst>
      <dst id="14">295.6978</dst>
      <dst id="11">458.9600</dst>
      <dst id="9">3917.2533</dst>
      <dst id="17">1593.5911</dst>
      <dst id="21">2048.5156</dst>
    </src>
    <src id="14">
      <dst id="12">24560.2222</dst>
      <dst id="13">19.4133</dst>
      <dst id="19">6.8000</dst>
      <dst id="8">0.3911</dst>
      <dst id="18">8.1956</dst>
      <dst id="4">2539.0311</dst>
      <dst id="1">70.5422</dst>
      <dst id="5">14.9511</dst>
      <dst id="3">47.7511</dst>
      <dst id="22">5.4578</dst>
      <dst id="7">80.9511</dst>
      <dst id="2">4288.2400</dst>
      <dst id="16">2969.7422</dst>
      <dst id="11">27.9822</dst>
      <dst id="9">24.8711</dst>
      <dst id="17">5545.1111</dst>
      <dst id="21">58.8711</dst>
    </src>
    <src id="20">
      <dst id="12">4640.8356</dst>
      <dst id="13">1522.9600</dst>
      <dst id="19">4.8178</dst>
      <dst id="8">47.6711</dst>
      <dst id="18">2.6311</dst>
      <dst id="4">6359.5556</dst>
      <dst id="1">115.3067</dst>
      <dst id="5">287.3244</dst>
      <dst id="3">1169.3956</dst>
      <dst id="7">4901.7778</dst>
      <dst id="2">1092.5778</dst>
      <dst id="14">2.2133</dst>
      <dst id="11">263.9822</dst>
      <dst id="9">428.3822</dst>
      <dst id="17">624.6222</dst>
      <dst id="21">91.2533</dst>
    </src>
    <src id="11">
      <dst id="12">345665.3156</dst>
      <dst id="13">736.9422</dst>
      <dst id="19">12.1956</dst>
      <dst id="23">12.9422</dst>
      <dst id="8">254.4622</dst>
      <dst id="18">50.1333</dst>
      <dst id="4">10824.1778</dst>
      <dst id="1">750.1156</dst>
      <dst id="5">351.0933</dst>
      <dst id="3">291.9911</dst>
      <dst id="22">1118.2044</dst>
      <dst id="7">1294.7911</dst>
      <dst id="2">121555.8489</dst>
      <dst id="6">0.4267</dst>
      <dst id="16">91.4044</dst>
      <dst id="14">62.0444</dst>
      <dst id="20">99.0933</dst>
      <dst id="11">1375.4311</dst>
      <dst id="9">294.5956</dst>
      <dst id="17">128960.3289</dst>
      <dst id="21">574.4800</dst>
      <dst id="15">186.1778</dst>
    </src>
    <src id="9">
      <dst id="12">406707.6444</dst>
      <dst id="13">595.2178</dst>
      <dst id="19">8.9422</dst>
      <dst id="23">41.1378</dst>
      <dst id="8">116.0356</dst>
      <dst id="18">232.7022</dst>
      <dst id="4">9743.6711</dst>
      <dst id="1">1066.2222</dst>
      <dst id="5">1015.0667</dst>
      <dst id="3">5.3511</dst>
      <dst id="22">1250.6667</dst>
      <dst id="7">390.9511</dst>
      <dst id="2">131498.4800</dst>
      <dst id="16">218.7200</dst>
      <dst id="14">68.0889</dst>
      <dst id="20">1241.2267</dst>
      <dst id="11">266.6933</dst>
      <dst id="9">23.6622</dst>
      <dst id="17">138588.4800</dst>
      <dst id="21">75.9467</dst>
      <dst id="15">581.1467</dst>
    </src>
    <src id="17">
      <dst id="12">4392.2489</dst>
      <dst id="13">13983.6889</dst>
      <dst id="19">163.5467</dst>
      <dst id="23">17.9822</dst>
      <dst id="8">61048.2489</dst>
      <dst id="18">1895.5467</dst>
      <dst id="4">74301.2978</dst>
      <dst id="1">2767.5733</dst>
      <dst id="5">125390.8267</dst>
      <dst id="3">3376.5778</dst>
      <dst id="22">1775.6178</dst>
      <dst id="7">5364.8622</dst>
      <dst id="2">7713.1378</dst>
      <dst id="6">171.3511</dst>
      <dst id="16">3433.4844</dst>
      <dst id="14">11257.6889</dst>
      <dst id="20">1103.8400</dst>
      <dst id="11">65098.8978</dst>
      <dst id="9">111976.5778</dst>
      <dst id="17">1573.7511</dst>
      <dst id="21">5545.3867</dst>
      <dst id="15">22.2222</dst>
    </src>
    <src id="21">
      <dst id="12">14564.9333</dst>
      <dst id="13">3772.3556</dst>
      <dst id="19">53.1733</dst>
      <dst id="23">1.4578</dst>
      <dst id="8">168.6933</dst>
      <dst id="18">192.9778</dst>
      <dst id="4">18263.4222</dst>
      <dst id="1">2387.2356</dst>
      <dst id="5">274.3022</dst>
      <dst id="3">5570.9067</dst>
      <dst id="22">1287.7156</dst>
      <dst id="7">7264.1778</dst>
      <dst id="2">11064.4978</dst>
      <dst id="6">26.5244</dst>
      <dst id="16">75.7956</dst>
      <dst id="14">107.5200</dst>
      <dst id="20">1168.0800</dst>
      <dst id="11">355.6267</dst>
      <dst id="9">358.8444</dst>
      <dst id="17">3656.5956</dst>
      <dst id="21">320.5422</dst>
      <dst id="15">5.0222</dst>
    </src>
    <src id="15">
      <dst id="12">103.7422</dst>
      <dst id="13">45.4933</dst>
      <dst id="19">42.1244</dst>
      <dst id="8">40.7111</dst>
      <dst id="18">2.2756</dst>
      <dst id="4">3260.4000</dst>
      <dst id="1">1287.5111</dst>
      <dst id="5">124.4267</dst>
      <dst id="7">454.8978</dst>
      <dst id="2">3130.6400</dst>
      <dst id="14">0.9689</dst>
      <dst id="11">24.3467</dst>
      <dst id="9">345.0756</dst>
      <dst id="17">290.6311</dst>
      <dst id="21">66.6489</dst>
    </src>
  </IntraTM>
</TrafficMatrixFile>
