<?xml version="1.0" encoding="UTF-8" standalone="yes"?>
<TrafficMatrixFile xmlns:xsi="http://www.w3.org/2001/XMLSchema-instance" xsi:noNamespaceSchemaLocation="http://totem.run.montefiore.ulg.ac.be/Schema/TrafficMatrix-v1_2.xsd">
  <info>
    <title>Intradomain traffic matrix generated by geant-TM-all.pl</title>
    <date>2005-01-03T04:15:00</date>
    <duration>900</duration>
    <author>Steve Uhlig</author>
    <units>
        <unit type="bandwidth" value="kbps"/>
    </units>
  </info>
  <IntraTM ASID="20965">
    <src id="12">
      <dst id="12">251520.6311</dst>
      <dst id="13">27114.3111</dst>
      <dst id="19">4828.2222</dst>
      <dst id="23">6263.7956</dst>
      <dst id="8">1752.4622</dst>
      <dst id="18">1351.4844</dst>
      <dst id="4">119549.5200</dst>
      <dst id="1">8137.0844</dst>
      <dst id="5">3247.9111</dst>
      <dst id="3">2480.9333</dst>
      <dst id="22">15239.3778</dst>
      <dst id="7">3255.1200</dst>
      <dst id="2">88799.3333</dst>
      <dst id="6">81.4133</dst>
      <dst id="16">4666.3289</dst>
      <dst id="14">195.3244</dst>
      <dst id="20">6486.3200</dst>
      <dst id="11">4934.9067</dst>
      <dst id="9">8472.5778</dst>
      <dst id="17">100663.3778</dst>
      <dst id="21">11342.8444</dst>
      <dst id="15">742.4622</dst>
    </src>
    <src id="13">
      <dst id="12">86393.5378</dst>
      <dst id="19">34973.4933</dst>
      <dst id="23">1126.6311</dst>
      <dst id="8">3371.2178</dst>
      <dst id="18">7832.7733</dst>
      <dst id="1">6398.9867</dst>
      <dst id="5">15054.5689</dst>
      <dst id="3">7065.3867</dst>
      <dst id="22">21562.9778</dst>
      <dst id="7">12639.6178</dst>
      <dst id="2">113789.0400</dst>
      <dst id="6">110.6400</dst>
      <dst id="16">8047.6444</dst>
      <dst id="14">3081.6356</dst>
      <dst id="20">22083.9822</dst>
      <dst id="11">20601.1911</dst>
      <dst id="9">17478.7111</dst>
      <dst id="17">59421.1022</dst>
      <dst id="21">30649.1822</dst>
      <dst id="15">4947.0933</dst>
    </src>
    <src id="19">
      <dst id="12">12646.9422</dst>
      <dst id="13">1467.8578</dst>
      <dst id="23">13.3333</dst>
      <dst id="8">2214.5422</dst>
      <dst id="18">52.7022</dst>
      <dst id="4">25566.0089</dst>
      <dst id="1">410.1333</dst>
      <dst id="5">1.4844</dst>
      <dst id="3">1.4578</dst>
      <dst id="22">56.2578</dst>
      <dst id="7">3210.7200</dst>
      <dst id="2">2258.9156</dst>
      <dst id="6">42.7289</dst>
      <dst id="16">4936.1422</dst>
      <dst id="14">5.6800</dst>
      <dst id="20">1.6889</dst>
      <dst id="11">19.0489</dst>
      <dst id="9">174.8178</dst>
      <dst id="17">2379.6622</dst>
      <dst id="21">1554.8533</dst>
      <dst id="15">5173.2622</dst>
    </src>
    <src id="23">
      <dst id="12">385.8400</dst>
      <dst id="13">357.8044</dst>
      <dst id="19">108.5600</dst>
      <dst id="8">467.5556</dst>
      <dst id="18">104.4267</dst>
      <dst id="4">1867.2711</dst>
      <dst id="1">70.4356</dst>
      <dst id="5">23.3600</dst>
      <dst id="3">148.6844</dst>
      <dst id="22">264.1156</dst>
      <dst id="7">533.5467</dst>
      <dst id="2">100.2933</dst>
      <dst id="16">19.1733</dst>
      <dst id="14">1.4222</dst>
      <dst id="20">39.2622</dst>
      <dst id="11">33.7778</dst>
      <dst id="9">382.3644</dst>
      <dst id="17">179.5644</dst>
      <dst id="21">1256.4267</dst>
    </src>
    <src id="8">
      <dst id="12">353451.2089</dst>
      <dst id="13">440.6844</dst>
      <dst id="19">32.4267</dst>
      <dst id="23">1376.0711</dst>
      <dst id="18">216.6222</dst>
      <dst id="4">7779.5556</dst>
      <dst id="1">470.5867</dst>
      <dst id="5">1069.7156</dst>
      <dst id="3">153.2089</dst>
      <dst id="22">1842.8978</dst>
      <dst id="7">16.8000</dst>
      <dst id="2">159869.6800</dst>
      <dst id="16">669.7511</dst>
      <dst id="20">57.1378</dst>
      <dst id="11">202.7022</dst>
      <dst id="9">747.3511</dst>
      <dst id="17">137631.5200</dst>
      <dst id="21">230.1244</dst>
      <dst id="15">137.1200</dst>
    </src>
    <src id="18">
      <dst id="12">112153.1378</dst>
      <dst id="13">156.7022</dst>
      <dst id="19">462.9778</dst>
      <dst id="23">1.5111</dst>
      <dst id="8">90.5956</dst>
      <dst id="4">2788.2133</dst>
      <dst id="1">846.3111</dst>
      <dst id="5">518.3911</dst>
      <dst id="3">172.1600</dst>
      <dst id="22">532.5511</dst>
      <dst id="7">92.3378</dst>
      <dst id="2">47202.2311</dst>
      <dst id="16">14.4356</dst>
      <dst id="14">12.4444</dst>
      <dst id="20">42.7022</dst>
      <dst id="11">531.6622</dst>
      <dst id="9">385.6711</dst>
      <dst id="17">46979.1378</dst>
      <dst id="21">1082.2667</dst>
      <dst id="15">69.5467</dst>
    </src>
    <src id="4">
      <dst id="12">57141.3511</dst>
      <dst id="19">9330.6933</dst>
      <dst id="23">12.6222</dst>
      <dst id="8">1448.7378</dst>
      <dst id="18">2113.2356</dst>
      <dst id="1">21202.4267</dst>
      <dst id="5">1837.7778</dst>
      <dst id="3">2642.3911</dst>
      <dst id="22">5753.9644</dst>
      <dst id="7">60765.7511</dst>
      <dst id="2">93075.8933</dst>
      <dst id="6">258.0711</dst>
      <dst id="16">1576.4711</dst>
      <dst id="14">1128.1156</dst>
      <dst id="20">1078.9156</dst>
      <dst id="11">4222.6933</dst>
      <dst id="9">11784.1333</dst>
      <dst id="17">99455.6267</dst>
      <dst id="21">10297.1111</dst>
      <dst id="15">219.7511</dst>
    </src>
    <src id="1">
      <dst id="12">19506.9067</dst>
      <dst id="13">301.7244</dst>
      <dst id="19">73.2533</dst>
      <dst id="23">120.5067</dst>
      <dst id="8">145333.5467</dst>
      <dst id="18">14811.1200</dst>
      <dst id="4">23468.8267</dst>
      <dst id="1">67957.4044</dst>
      <dst id="5">224986.8533</dst>
      <dst id="3">399.9289</dst>
      <dst id="22">10289.0844</dst>
      <dst id="7">6211.1644</dst>
      <dst id="2">30109.4222</dst>
      <dst id="6">10421.0044</dst>
      <dst id="16">8253.6444</dst>
      <dst id="14">99.9644</dst>
      <dst id="20">162.6133</dst>
      <dst id="11">261.9911</dst>
      <dst id="9">224792.2667</dst>
      <dst id="17">4809.9733</dst>
      <dst id="21">4393.0756</dst>
      <dst id="15">149.1733</dst>
    </src>
    <src id="5">
      <dst id="12">313036.2844</dst>
      <dst id="13">1767.7689</dst>
      <dst id="19">40.0000</dst>
      <dst id="23">95.2711</dst>
      <dst id="8">3231.2533</dst>
      <dst id="18">1075.8667</dst>
      <dst id="4">9657.8400</dst>
      <dst id="1">1209.0844</dst>
      <dst id="3">2.1422</dst>
      <dst id="22">9359.6622</dst>
      <dst id="7">184.6667</dst>
      <dst id="2">132339.5200</dst>
      <dst id="6">21.1467</dst>
      <dst id="16">1630.1867</dst>
      <dst id="14">3.4933</dst>
      <dst id="20">1519.4489</dst>
      <dst id="11">1665.7422</dst>
      <dst id="9">10808.7733</dst>
      <dst id="17">124560.6400</dst>
      <dst id="21">400.1333</dst>
      <dst id="15">318.3022</dst>
    </src>
    <src id="3">
      <dst id="12">10729.7333</dst>
      <dst id="13">1732.5511</dst>
      <dst id="19">1203.2267</dst>
      <dst id="23">2458.2222</dst>
      <dst id="8">150.6756</dst>
      <dst id="18">131689.6622</dst>
      <dst id="4">67613.0844</dst>
      <dst id="1">29843.4311</dst>
      <dst id="5">747.1822</dst>
      <dst id="3">15334.0800</dst>
      <dst id="22">1893.9467</dst>
      <dst id="7">710.6311</dst>
      <dst id="2">8819.5111</dst>
      <dst id="6">4.5067</dst>
      <dst id="16">1008.0711</dst>
      <dst id="14">27201.8489</dst>
      <dst id="20">184.9867</dst>
      <dst id="11">158877.8578</dst>
      <dst id="9">765.2800</dst>
      <dst id="17">11060.3556</dst>
      <dst id="21">6433.6356</dst>
      <dst id="15">34.9156</dst>
    </src>
    <src id="10">
      <dst id="12">13974.8800</dst>
      <dst id="19">779.9822</dst>
      <dst id="8">1095.5022</dst>
      <dst id="18">13032.1067</dst>
      <dst id="1">931.1644</dst>
      <dst id="5">810.6489</dst>
      <dst id="3">10149.7156</dst>
      <dst id="22">6132.4800</dst>
      <dst id="7">15462.7289</dst>
      <dst id="2">31465.4044</dst>
      <dst id="6">14.1067</dst>
      <dst id="16">1628.1778</dst>
      <dst id="14">2534.2667</dst>
      <dst id="20">5049.3333</dst>
      <dst id="11">12350.1867</dst>
      <dst id="9">2331.9467</dst>
      <dst id="17">19792.3911</dst>
      <dst id="21">19295.4844</dst>
      <dst id="15">1386.7733</dst>
    </src>
    <src id="22">
      <dst id="12">11788.0622</dst>
      <dst id="13">5720.5867</dst>
      <dst id="19">120.4533</dst>
      <dst id="23">41.5733</dst>
      <dst id="8">616.0356</dst>
      <dst id="18">1828.6933</dst>
      <dst id="4">22567.7867</dst>
      <dst id="1">322.6222</dst>
      <dst id="5">4001.2800</dst>
      <dst id="3">677.4133</dst>
      <dst id="7">742.1156</dst>
      <dst id="2">2335.3511</dst>
      <dst id="6">68.9333</dst>
      <dst id="16">6.9156</dst>
      <dst id="14">16.4000</dst>
      <dst id="11">3013.2800</dst>
      <dst id="9">5616.4622</dst>
      <dst id="17">3787.8133</dst>
      <dst id="21">1345.4756</dst>
    </src>
    <src id="7">
      <dst id="12">22327.4489</dst>
      <dst id="13">1611.9200</dst>
      <dst id="19">1867.6533</dst>
      <dst id="23">275.8578</dst>
      <dst id="8">715.8311</dst>
      <dst id="18">985.8044</dst>
      <dst id="4">34674.1778</dst>
      <dst id="1">2609.3156</dst>
      <dst id="5">942.3022</dst>
      <dst id="3">2185.9111</dst>
      <dst id="22">3648.0444</dst>
      <dst id="7">791.8578</dst>
      <dst id="2">7630.8089</dst>
      <dst id="6">0.4978</dst>
      <dst id="16">763.6000</dst>
      <dst id="14">41.6622</dst>
      <dst id="20">488.0356</dst>
      <dst id="11">1351.4311</dst>
      <dst id="9">924.8267</dst>
      <dst id="17">16838.8444</dst>
      <dst id="21">8072.8800</dst>
      <dst id="15">283.0133</dst>
    </src>
    <src id="2">
      <dst id="12">103518.5778</dst>
      <dst id="13">518367.0044</dst>
      <dst id="19">426.2933</dst>
      <dst id="23">19.3689</dst>
      <dst id="8">2286.9867</dst>
      <dst id="18">95893.4756</dst>
      <dst id="4">146393.6622</dst>
      <dst id="1">6823.2000</dst>
      <dst id="5">1630.1511</dst>
      <dst id="3">127.3600</dst>
      <dst id="22">1521.2444</dst>
      <dst id="7">3152.3022</dst>
      <dst id="2">745.8133</dst>
      <dst id="6">9841.0667</dst>
      <dst id="16">3867.1289</dst>
      <dst id="14">97.5644</dst>
      <dst id="20">5745.4667</dst>
      <dst id="11">4505.3511</dst>
      <dst id="9">1684.7733</dst>
      <dst id="17">36266.9867</dst>
      <dst id="21">17087.0311</dst>
      <dst id="15">202.0711</dst>
    </src>
    <src id="6">
      <dst id="12">10263.1200</dst>
      <dst id="13">89.7156</dst>
      <dst id="19">4.1244</dst>
      <dst id="18">0.3556</dst>
      <dst id="4">37.2178</dst>
      <dst id="1">29.1467</dst>
      <dst id="5">0.5600</dst>
      <dst id="3">0.3556</dst>
      <dst id="22">22.0444</dst>
      <dst id="2">3105.7956</dst>
      <dst id="16">2.1333</dst>
      <dst id="20">4.1956</dst>
      <dst id="11">5.5733</dst>
      <dst id="9">0.6756</dst>
      <dst id="17">1793.6622</dst>
      <dst id="21">23.3778</dst>
    </src>
    <src id="16">
      <dst id="12">3678.6667</dst>
      <dst id="13">1213.1556</dst>
      <dst id="19">4359.8222</dst>
      <dst id="23">139.8044</dst>
      <dst id="8">4881.2889</dst>
      <dst id="18">283.0667</dst>
      <dst id="4">8727.1822</dst>
      <dst id="1">14848.9244</dst>
      <dst id="5">3915.3956</dst>
      <dst id="3">30.8000</dst>
      <dst id="7">5686.2133</dst>
      <dst id="2">1398.9511</dst>
      <dst id="6">31.5022</dst>
      <dst id="16">66.7911</dst>
      <dst id="14">253.9822</dst>
      <dst id="11">525.1644</dst>
      <dst id="9">4593.0044</dst>
      <dst id="17">2435.4578</dst>
      <dst id="21">791.1822</dst>
    </src>
    <src id="14">
      <dst id="12">15155.2356</dst>
      <dst id="13">68.6400</dst>
      <dst id="19">33.9911</dst>
      <dst id="23">27.6533</dst>
      <dst id="18">1.4578</dst>
      <dst id="4">3030.3644</dst>
      <dst id="1">87.3511</dst>
      <dst id="5">14.1511</dst>
      <dst id="3">45.2622</dst>
      <dst id="22">17.9733</dst>
      <dst id="7">83.7244</dst>
      <dst id="2">4781.7067</dst>
      <dst id="6">0.7556</dst>
      <dst id="16">3.4844</dst>
      <dst id="20">0.3911</dst>
      <dst id="11">51.7600</dst>
      <dst id="9">53.5022</dst>
      <dst id="17">5480.8178</dst>
      <dst id="21">100.4978</dst>
    </src>
    <src id="20">
      <dst id="12">10957.4400</dst>
      <dst id="13">7826.1778</dst>
      <dst id="19">0.7467</dst>
      <dst id="23">26.3111</dst>
      <dst id="8">264.7911</dst>
      <dst id="18">78.1067</dst>
      <dst id="4">11185.1289</dst>
      <dst id="1">69.8578</dst>
      <dst id="5">12099.6622</dst>
      <dst id="3">872.5333</dst>
      <dst id="22">0.3556</dst>
      <dst id="7">1492.9689</dst>
      <dst id="2">3936.6578</dst>
      <dst id="14">2.2489</dst>
      <dst id="11">1080.4356</dst>
      <dst id="9">21115.1111</dst>
      <dst id="17">3335.9467</dst>
      <dst id="21">1033.4667</dst>
    </src>
    <src id="11">
      <dst id="12">393369.0044</dst>
      <dst id="13">3873.8133</dst>
      <dst id="19">49.9111</dst>
      <dst id="23">9.5911</dst>
      <dst id="8">1684.9600</dst>
      <dst id="18">287.5822</dst>
      <dst id="4">16054.9422</dst>
      <dst id="1">640.9778</dst>
      <dst id="5">901.4133</dst>
      <dst id="3">1029.7778</dst>
      <dst id="22">2514.7911</dst>
      <dst id="7">943.9111</dst>
      <dst id="2">147152.4356</dst>
      <dst id="6">4.1867</dst>
      <dst id="16">563.2622</dst>
      <dst id="14">20.0356</dst>
      <dst id="20">2428.4267</dst>
      <dst id="11">909.7156</dst>
      <dst id="9">884.5244</dst>
      <dst id="17">144473.0222</dst>
      <dst id="21">631.3511</dst>
      <dst id="15">1145.9911</dst>
    </src>
    <src id="9">
      <dst id="12">432098.4356</dst>
      <dst id="13">8244.7556</dst>
      <dst id="19">48.0178</dst>
      <dst id="23">13.8311</dst>
      <dst id="8">1685.8667</dst>
      <dst id="18">199.5556</dst>
      <dst id="4">15015.7333</dst>
      <dst id="1">5610.4978</dst>
      <dst id="5">8573.8844</dst>
      <dst id="3">0.4622</dst>
      <dst id="22">8590.1600</dst>
      <dst id="7">3092.8089</dst>
      <dst id="2">158708.4533</dst>
      <dst id="6">0.4267</dst>
      <dst id="16">1734.2044</dst>
      <dst id="14">30.8444</dst>
      <dst id="20">3042.6044</dst>
      <dst id="11">1063.0311</dst>
      <dst id="9">886.6133</dst>
      <dst id="17">202428.6222</dst>
      <dst id="21">1990.1333</dst>
      <dst id="15">4496.0978</dst>
    </src>
    <src id="17">
      <dst id="12">17123.7689</dst>
      <dst id="13">2236.2489</dst>
      <dst id="19">546.9333</dst>
      <dst id="23">106.6222</dst>
      <dst id="8">165842.6756</dst>
      <dst id="18">1052.3733</dst>
      <dst id="4">151156.0356</dst>
      <dst id="1">1751.8044</dst>
      <dst id="5">232080.7733</dst>
      <dst id="3">7101.4044</dst>
      <dst id="22">14969.9111</dst>
      <dst id="7">3021.1911</dst>
      <dst id="2">31878.2311</dst>
      <dst id="6">134.5600</dst>
      <dst id="16">5992.7822</dst>
      <dst id="14">29277.9733</dst>
      <dst id="20">442.7733</dst>
      <dst id="11">137261.0933</dst>
      <dst id="9">181941.1200</dst>
      <dst id="17">1541.6089</dst>
      <dst id="21">8595.2800</dst>
      <dst id="15">222.5689</dst>
    </src>
    <src id="21">
      <dst id="12">19005.2978</dst>
      <dst id="13">2727.2622</dst>
      <dst id="19">173.2356</dst>
      <dst id="23">217.2800</dst>
      <dst id="8">113.5378</dst>
      <dst id="18">4081.0044</dst>
      <dst id="4">32467.0756</dst>
      <dst id="1">1085.7511</dst>
      <dst id="5">510.0889</dst>
      <dst id="3">970.2489</dst>
      <dst id="22">2368.0978</dst>
      <dst id="7">3282.8267</dst>
      <dst id="2">9439.8400</dst>
      <dst id="6">7.2711</dst>
      <dst id="16">216.9511</dst>
      <dst id="14">75.3067</dst>
      <dst id="20">4764.7556</dst>
      <dst id="11">1197.9111</dst>
      <dst id="9">765.3156</dst>
      <dst id="17">5005.4400</dst>
      <dst id="21">3304.4800</dst>
      <dst id="15">6.7822</dst>
    </src>
    <src id="15">
      <dst id="12">1192.8622</dst>
      <dst id="13">2197.3600</dst>
      <dst id="19">157.9022</dst>
      <dst id="23">0.3556</dst>
      <dst id="8">4.8267</dst>
      <dst id="18">15.7867</dst>
      <dst id="4">6939.6356</dst>
      <dst id="1">336.0356</dst>
      <dst id="5">447.9467</dst>
      <dst id="3">12.0800</dst>
      <dst id="7">79.0489</dst>
      <dst id="2">110.7644</dst>
      <dst id="6">0.3378</dst>
      <dst id="11">212.0889</dst>
      <dst id="9">4212.3111</dst>
      <dst id="17">209.1822</dst>
      <dst id="21">18.8533</dst>
    </src>
  </IntraTM>
</TrafficMatrixFile>
