<?xml version="1.0" encoding="UTF-8" standalone="yes"?>
<TrafficMatrixFile xmlns:xsi="http://www.w3.org/2001/XMLSchema-instance" xsi:noNamespaceSchemaLocation="http://totem.run.montefiore.ulg.ac.be/Schema/TrafficMatrix-v1_2.xsd">
  <info>
    <title>Intradomain traffic matrix generated by geant-TM-all.pl</title>
    <date>2005-01-05T09:30:00</date>
    <duration>900</duration>
    <author>Steve Uhlig</author>
    <units>
        <unit type="bandwidth" value="kbps"/>
    </units>
  </info>
  <IntraTM ASID="20965">
    <src id="12">
      <dst id="12">219738.9778</dst>
      <dst id="13">17090.0711</dst>
      <dst id="19">2189.3422</dst>
      <dst id="23">176.9422</dst>
      <dst id="8">1133.0400</dst>
      <dst id="18">1843.6178</dst>
      <dst id="4">83012.0978</dst>
      <dst id="1">15623.7511</dst>
      <dst id="5">118559.7778</dst>
      <dst id="3">2563.2356</dst>
      <dst id="22">7507.6978</dst>
      <dst id="7">5157.2711</dst>
      <dst id="2">95177.8400</dst>
      <dst id="6">73.9556</dst>
      <dst id="16">6183.2978</dst>
      <dst id="14">171.8578</dst>
      <dst id="20">5014.0978</dst>
      <dst id="11">3835.4578</dst>
      <dst id="9">2835.5378</dst>
      <dst id="17">62803.3689</dst>
      <dst id="21">3647.7156</dst>
      <dst id="15">2372.0533</dst>
    </src>
    <src id="13">
      <dst id="12">47733.1289</dst>
      <dst id="19">5323.8044</dst>
      <dst id="23">19.8489</dst>
      <dst id="8">1601.5111</dst>
      <dst id="18">5123.1467</dst>
      <dst id="4">1.0667</dst>
      <dst id="1">7358.8889</dst>
      <dst id="5">4106.1778</dst>
      <dst id="3">7169.4133</dst>
      <dst id="22">29832.4089</dst>
      <dst id="7">11081.7511</dst>
      <dst id="2">90772.5333</dst>
      <dst id="6">78.6667</dst>
      <dst id="16">6806.5422</dst>
      <dst id="14">1539.0933</dst>
      <dst id="20">9494.2578</dst>
      <dst id="11">10740.5778</dst>
      <dst id="9">12483.2000</dst>
      <dst id="17">38426.5600</dst>
      <dst id="21">10014.5778</dst>
      <dst id="15">1556.7022</dst>
    </src>
    <src id="19">
      <dst id="12">18166.4000</dst>
      <dst id="13">359.1111</dst>
      <dst id="23">0.3378</dst>
      <dst id="18">1.8489</dst>
      <dst id="4">25106.0000</dst>
      <dst id="1">819.9378</dst>
      <dst id="5">46.7556</dst>
      <dst id="3">2.7200</dst>
      <dst id="22">1670.2400</dst>
      <dst id="7">2532.9422</dst>
      <dst id="2">5016.6400</dst>
      <dst id="6">76.4622</dst>
      <dst id="16">6209.0756</dst>
      <dst id="20">1.5822</dst>
      <dst id="11">67.8756</dst>
      <dst id="9">134.1067</dst>
      <dst id="17">1416.0711</dst>
      <dst id="21">216.6933</dst>
      <dst id="15">1123.7689</dst>
    </src>
    <src id="23">
      <dst id="12">54.5778</dst>
      <dst id="13">172.2044</dst>
      <dst id="19">0.9956</dst>
      <dst id="18">1.1378</dst>
      <dst id="4">42.9067</dst>
      <dst id="1">93.6089</dst>
      <dst id="5">23.0400</dst>
      <dst id="3">201.8756</dst>
      <dst id="22">96.7556</dst>
      <dst id="7">55.4578</dst>
      <dst id="2">2.4267</dst>
      <dst id="16">3.6356</dst>
      <dst id="14">0.3556</dst>
      <dst id="20">0.7111</dst>
      <dst id="11">28.9244</dst>
      <dst id="9">6051.3156</dst>
      <dst id="17">75.6000</dst>
      <dst id="21">131.1378</dst>
    </src>
    <src id="8">
      <dst id="12">285496.3822</dst>
      <dst id="13">423.4311</dst>
      <dst id="19">0.4711</dst>
      <dst id="18">11.8489</dst>
      <dst id="4">11669.4489</dst>
      <dst id="1">1321.7067</dst>
      <dst id="5">526.7644</dst>
      <dst id="3">37.8667</dst>
      <dst id="22">986.1511</dst>
      <dst id="7">18.6933</dst>
      <dst id="2">101322.1867</dst>
      <dst id="16">643.2178</dst>
      <dst id="14">0.4267</dst>
      <dst id="20">24.7644</dst>
      <dst id="11">229.7600</dst>
      <dst id="9">5464.0978</dst>
      <dst id="17">111672.7644</dst>
      <dst id="21">193.0400</dst>
      <dst id="15">0.3556</dst>
    </src>
    <src id="18">
      <dst id="12">87783.0933</dst>
      <dst id="13">69.8400</dst>
      <dst id="19">7.7244</dst>
      <dst id="8">292.7111</dst>
      <dst id="4">2557.1467</dst>
      <dst id="1">1630.2578</dst>
      <dst id="5">235.9911</dst>
      <dst id="3">29.4578</dst>
      <dst id="22">344.5067</dst>
      <dst id="7">5.3156</dst>
      <dst id="2">29352.6933</dst>
      <dst id="16">6.7111</dst>
      <dst id="14">54.3644</dst>
      <dst id="20">13.6889</dst>
      <dst id="11">9.7956</dst>
      <dst id="9">74.3733</dst>
      <dst id="17">40459.5733</dst>
      <dst id="21">618.3733</dst>
      <dst id="15">10.5511</dst>
    </src>
    <src id="4">
      <dst id="12">12271.5733</dst>
      <dst id="19">16269.8133</dst>
      <dst id="8">1116.0444</dst>
      <dst id="18">479.8044</dst>
      <dst id="4">2.2400</dst>
      <dst id="1">165265.2000</dst>
      <dst id="5">1132.4711</dst>
      <dst id="3">119.5378</dst>
      <dst id="22">3279.8400</dst>
      <dst id="7">56774.1156</dst>
      <dst id="2">78609.9556</dst>
      <dst id="6">0.5156</dst>
      <dst id="16">1913.4933</dst>
      <dst id="14">1152.4889</dst>
      <dst id="20">835.2089</dst>
      <dst id="11">2678.6044</dst>
      <dst id="9">3299.9822</dst>
      <dst id="17">16512.2311</dst>
      <dst id="21">4816.8622</dst>
      <dst id="15">327.1378</dst>
    </src>
    <src id="1">
      <dst id="12">20214.0000</dst>
      <dst id="13">2135.8222</dst>
      <dst id="19">26.4356</dst>
      <dst id="23">100.7644</dst>
      <dst id="8">72357.9644</dst>
      <dst id="18">13848.4889</dst>
      <dst id="4">4137.3067</dst>
      <dst id="1">5699.0489</dst>
      <dst id="5">154678.3200</dst>
      <dst id="3">73.0756</dst>
      <dst id="22">1129.4756</dst>
      <dst id="7">1368.9156</dst>
      <dst id="2">22574.5244</dst>
      <dst id="6">10348.1956</dst>
      <dst id="16">11303.3511</dst>
      <dst id="14">54.2133</dst>
      <dst id="20">5543.5200</dst>
      <dst id="11">275.7511</dst>
      <dst id="9">146499.5022</dst>
      <dst id="17">17707.2089</dst>
      <dst id="21">1674.6489</dst>
      <dst id="15">199.2800</dst>
    </src>
    <src id="5">
      <dst id="12">242962.1244</dst>
      <dst id="13">811.5822</dst>
      <dst id="19">67.1111</dst>
      <dst id="23">14.1867</dst>
      <dst id="8">1474.1867</dst>
      <dst id="18">108.7644</dst>
      <dst id="4">7045.8933</dst>
      <dst id="1">250.5956</dst>
      <dst id="3">5.9644</dst>
      <dst id="22">3296.5511</dst>
      <dst id="7">1360.3911</dst>
      <dst id="2">115175.7511</dst>
      <dst id="6">1.0667</dst>
      <dst id="16">272.1511</dst>
      <dst id="14">10.6667</dst>
      <dst id="20">1665.8489</dst>
      <dst id="11">1004.5333</dst>
      <dst id="9">630.3556</dst>
      <dst id="17">97433.4222</dst>
      <dst id="21">146.1600</dst>
      <dst id="15">135.7778</dst>
    </src>
    <src id="3">
      <dst id="12">11378.7111</dst>
      <dst id="13">10204.3467</dst>
      <dst id="19">4094.4889</dst>
      <dst id="23">9049.9378</dst>
      <dst id="8">24.3467</dst>
      <dst id="18">52776.0978</dst>
      <dst id="4">27338.0800</dst>
      <dst id="1">11198.6311</dst>
      <dst id="5">700.5422</dst>
      <dst id="3">9469.9822</dst>
      <dst id="22">5514.7378</dst>
      <dst id="7">4953.4933</dst>
      <dst id="2">22194.0356</dst>
      <dst id="6">1.1378</dst>
      <dst id="16">277.3600</dst>
      <dst id="14">22729.0311</dst>
      <dst id="20">1725.1556</dst>
      <dst id="11">108355.5644</dst>
      <dst id="9">672.7111</dst>
      <dst id="17">9581.4133</dst>
      <dst id="21">14636.6578</dst>
      <dst id="15">2652.5600</dst>
    </src>
    <src id="10">
      <dst id="12">9327.8756</dst>
      <dst id="19">438.4978</dst>
      <dst id="8">451.4133</dst>
      <dst id="18">468.6578</dst>
      <dst id="1">2623.9733</dst>
      <dst id="5">1329.4311</dst>
      <dst id="3">705.0133</dst>
      <dst id="22">5737.0044</dst>
      <dst id="7">5673.8400</dst>
      <dst id="2">16231.2000</dst>
      <dst id="16">2077.4133</dst>
      <dst id="14">2513.2711</dst>
      <dst id="20">626.8000</dst>
      <dst id="11">5821.1111</dst>
      <dst id="9">1028.9689</dst>
      <dst id="17">18589.5911</dst>
      <dst id="21">5077.9289</dst>
      <dst id="15">321.8489</dst>
    </src>
    <src id="22">
      <dst id="12">3587.1467</dst>
      <dst id="13">2346.0089</dst>
      <dst id="19">552.6844</dst>
      <dst id="23">415.4844</dst>
      <dst id="8">1052.0444</dst>
      <dst id="18">254.3467</dst>
      <dst id="4">18911.3333</dst>
      <dst id="1">298.5333</dst>
      <dst id="5">2611.8756</dst>
      <dst id="3">401.1644</dst>
      <dst id="7">3010.0978</dst>
      <dst id="2">2751.5378</dst>
      <dst id="6">102.1600</dst>
      <dst id="16">41.2889</dst>
      <dst id="14">1.3511</dst>
      <dst id="11">1631.6622</dst>
      <dst id="9">3460.5422</dst>
      <dst id="17">3264.1689</dst>
      <dst id="21">2352.0622</dst>
    </src>
    <src id="7">
      <dst id="12">3346.6667</dst>
      <dst id="13">1788.5511</dst>
      <dst id="19">969.4311</dst>
      <dst id="23">18.7289</dst>
      <dst id="8">345.2089</dst>
      <dst id="18">113.9733</dst>
      <dst id="4">30122.9956</dst>
      <dst id="1">2491.1822</dst>
      <dst id="5">968.2844</dst>
      <dst id="3">129.2800</dst>
      <dst id="22">7962.4533</dst>
      <dst id="7">632.9600</dst>
      <dst id="2">10405.3778</dst>
      <dst id="6">4.0000</dst>
      <dst id="16">390.7644</dst>
      <dst id="14">60.5333</dst>
      <dst id="20">67.4133</dst>
      <dst id="11">3851.3511</dst>
      <dst id="9">407.3422</dst>
      <dst id="17">5020.5956</dst>
      <dst id="21">1017.7422</dst>
      <dst id="15">51.0311</dst>
    </src>
    <src id="2">
      <dst id="12">75799.8578</dst>
      <dst id="13">510842.1156</dst>
      <dst id="19">533.4844</dst>
      <dst id="23">25.2444</dst>
      <dst id="8">149.3067</dst>
      <dst id="18">51792.9156</dst>
      <dst id="4">84819.2178</dst>
      <dst id="1">9423.3422</dst>
      <dst id="5">881.5911</dst>
      <dst id="3">19.6533</dst>
      <dst id="22">2843.1289</dst>
      <dst id="7">8607.2533</dst>
      <dst id="2">519.2089</dst>
      <dst id="6">6136.4711</dst>
      <dst id="16">2238.2489</dst>
      <dst id="14">5474.9156</dst>
      <dst id="20">844.3378</dst>
      <dst id="11">1907.7867</dst>
      <dst id="9">4480.3644</dst>
      <dst id="17">37191.8222</dst>
      <dst id="21">7100.9067</dst>
      <dst id="15">36.9600</dst>
    </src>
    <src id="6">
      <dst id="12">7789.7778</dst>
      <dst id="13">1.4667</dst>
      <dst id="19">0.7111</dst>
      <dst id="18">0.3556</dst>
      <dst id="4">1079.7156</dst>
      <dst id="1">26.1689</dst>
      <dst id="5">42.3467</dst>
      <dst id="22">1.7422</dst>
      <dst id="7">1.1378</dst>
      <dst id="2">1569.4311</dst>
      <dst id="9">0.4978</dst>
      <dst id="17">1088.3022</dst>
      <dst id="21">35.4667</dst>
    </src>
    <src id="16">
      <dst id="12">2667.3600</dst>
      <dst id="13">341.1022</dst>
      <dst id="19">4049.7778</dst>
      <dst id="23">1.7867</dst>
      <dst id="8">1293.7422</dst>
      <dst id="18">3.0667</dst>
      <dst id="4">4259.0756</dst>
      <dst id="1">11936.9867</dst>
      <dst id="5">1732.0267</dst>
      <dst id="3">120.0000</dst>
      <dst id="7">1810.8978</dst>
      <dst id="2">1831.1289</dst>
      <dst id="6">0.3378</dst>
      <dst id="16">34.0356</dst>
      <dst id="14">349.2178</dst>
      <dst id="11">304.1689</dst>
      <dst id="9">2158.5956</dst>
      <dst id="17">1278.1067</dst>
      <dst id="21">1979.6356</dst>
    </src>
    <src id="14">
      <dst id="12">21745.2444</dst>
      <dst id="13">18.6044</dst>
      <dst id="19">7.4133</dst>
      <dst id="23">0.7467</dst>
      <dst id="18">1.2800</dst>
      <dst id="4">2211.6711</dst>
      <dst id="1">53.0133</dst>
      <dst id="5">2.6044</dst>
      <dst id="3">32.2667</dst>
      <dst id="22">64.1156</dst>
      <dst id="7">61.0578</dst>
      <dst id="2">7188.1511</dst>
      <dst id="16">7.0044</dst>
      <dst id="20">0.5956</dst>
      <dst id="11">27.8044</dst>
      <dst id="9">0.9422</dst>
      <dst id="17">9626.5244</dst>
      <dst id="21">54.3200</dst>
    </src>
    <src id="20">
      <dst id="12">953.5289</dst>
      <dst id="13">4315.1111</dst>
      <dst id="19">5.0667</dst>
      <dst id="8">1054.4533</dst>
      <dst id="18">15.1556</dst>
      <dst id="4">7174.9778</dst>
      <dst id="1">276.4800</dst>
      <dst id="5">1711.6356</dst>
      <dst id="3">532.8978</dst>
      <dst id="7">643.6533</dst>
      <dst id="2">1700.7733</dst>
      <dst id="14">13.3333</dst>
      <dst id="11">596.0889</dst>
      <dst id="9">1112.8800</dst>
      <dst id="17">511.3689</dst>
      <dst id="21">195.0489</dst>
    </src>
    <src id="11">
      <dst id="12">394615.7600</dst>
      <dst id="13">2431.5467</dst>
      <dst id="19">14.0178</dst>
      <dst id="23">23.5289</dst>
      <dst id="8">400.8267</dst>
      <dst id="18">43.5289</dst>
      <dst id="4">10585.8844</dst>
      <dst id="1">641.8933</dst>
      <dst id="5">1725.0667</dst>
      <dst id="3">660.2400</dst>
      <dst id="22">3169.1022</dst>
      <dst id="7">1086.4800</dst>
      <dst id="2">140941.2000</dst>
      <dst id="6">0.3378</dst>
      <dst id="16">49.9644</dst>
      <dst id="14">52.7911</dst>
      <dst id="20">40.7289</dst>
      <dst id="11">2165.4578</dst>
      <dst id="9">3213.6622</dst>
      <dst id="17">145560.6133</dst>
      <dst id="21">826.3111</dst>
      <dst id="15">849.7600</dst>
    </src>
    <src id="9">
      <dst id="12">447794.3200</dst>
      <dst id="13">1717.7511</dst>
      <dst id="19">2.0089</dst>
      <dst id="23">106.7378</dst>
      <dst id="8">226.5511</dst>
      <dst id="18">306.1511</dst>
      <dst id="4">9218.2756</dst>
      <dst id="1">664.2489</dst>
      <dst id="5">1525.8133</dst>
      <dst id="3">8.7733</dst>
      <dst id="22">6542.6311</dst>
      <dst id="7">240.5511</dst>
      <dst id="2">164855.0578</dst>
      <dst id="6">0.6933</dst>
      <dst id="16">199.4133</dst>
      <dst id="14">7.8044</dst>
      <dst id="20">3722.4889</dst>
      <dst id="11">915.2800</dst>
      <dst id="9">872.3378</dst>
      <dst id="17">164214.1600</dst>
      <dst id="21">501.7422</dst>
      <dst id="15">911.7422</dst>
    </src>
    <src id="17">
      <dst id="12">8131.2711</dst>
      <dst id="13">2608.7378</dst>
      <dst id="19">52.4089</dst>
      <dst id="23">862.7289</dst>
      <dst id="8">88962.5867</dst>
      <dst id="18">246.1333</dst>
      <dst id="4">58818.4978</dst>
      <dst id="1">3415.3067</dst>
      <dst id="5">148236.1422</dst>
      <dst id="3">4767.4133</dst>
      <dst id="22">1789.3867</dst>
      <dst id="7">1128.7644</dst>
      <dst id="2">9034.5778</dst>
      <dst id="6">1.7333</dst>
      <dst id="16">7801.0311</dst>
      <dst id="14">17340.7378</dst>
      <dst id="20">144.8089</dst>
      <dst id="11">83995.1200</dst>
      <dst id="9">153037.0667</dst>
      <dst id="17">1603.5644</dst>
      <dst id="21">8572.5956</dst>
      <dst id="15">103.7422</dst>
    </src>
    <src id="21">
      <dst id="12">14091.4489</dst>
      <dst id="13">1023.6622</dst>
      <dst id="19">248.6044</dst>
      <dst id="23">3.7511</dst>
      <dst id="8">16.7733</dst>
      <dst id="18">5992.6756</dst>
      <dst id="4">16866.4800</dst>
      <dst id="1">3479.7244</dst>
      <dst id="5">229.7333</dst>
      <dst id="3">5820.3022</dst>
      <dst id="22">2948.9067</dst>
      <dst id="7">5170.4622</dst>
      <dst id="2">17154.9956</dst>
      <dst id="6">70.4978</dst>
      <dst id="16">173.3600</dst>
      <dst id="14">106.0978</dst>
      <dst id="20">68.4178</dst>
      <dst id="11">2002.7289</dst>
      <dst id="9">841.4044</dst>
      <dst id="17">3271.8222</dst>
      <dst id="21">1270.3467</dst>
      <dst id="15">74.2133</dst>
    </src>
    <src id="15">
      <dst id="12">168.6667</dst>
      <dst id="13">394.4800</dst>
      <dst id="19">83.6622</dst>
      <dst id="8">58.2133</dst>
      <dst id="18">21.5822</dst>
      <dst id="4">3718.6222</dst>
      <dst id="1">824.3822</dst>
      <dst id="5">125.5556</dst>
      <dst id="7">540.7378</dst>
      <dst id="2">168.7022</dst>
      <dst id="14">0.4622</dst>
      <dst id="11">148.9867</dst>
      <dst id="9">1571.3156</dst>
      <dst id="17">83.0133</dst>
      <dst id="21">177.5200</dst>
    </src>
  </IntraTM>
</TrafficMatrixFile>
