<?xml version="1.0" encoding="UTF-8" standalone="yes"?>
<TrafficMatrixFile xmlns:xsi="http://www.w3.org/2001/XMLSchema-instance" xsi:noNamespaceSchemaLocation="http://totem.run.montefiore.ulg.ac.be/Schema/TrafficMatrix-v1_2.xsd">
  <info>
    <title>Intradomain traffic matrix generated by geant-TM-all.pl</title>
    <date>2005-01-05T16:00:00</date>
    <duration>900</duration>
    <author>Steve Uhlig</author>
    <units>
        <unit type="bandwidth" value="kbps"/>
    </units>
  </info>
  <IntraTM ASID="20965">
    <src id="12">
      <dst id="12">286556.5867</dst>
      <dst id="13">19537.0222</dst>
      <dst id="19">12960.4178</dst>
      <dst id="23">16867.5467</dst>
      <dst id="8">509.2533</dst>
      <dst id="18">88.5067</dst>
      <dst id="4">77501.3244</dst>
      <dst id="1">21552.4089</dst>
      <dst id="5">3212.1600</dst>
      <dst id="3">10350.0178</dst>
      <dst id="22">18499.6178</dst>
      <dst id="7">5378.5600</dst>
      <dst id="2">63104.9511</dst>
      <dst id="6">39.3156</dst>
      <dst id="16">10959.5644</dst>
      <dst id="14">434.2489</dst>
      <dst id="20">5386.6578</dst>
      <dst id="11">5085.4222</dst>
      <dst id="9">14439.1911</dst>
      <dst id="17">85999.2178</dst>
      <dst id="21">6518.8178</dst>
      <dst id="15">452.6044</dst>
    </src>
    <src id="13">
      <dst id="12">42206.9067</dst>
      <dst id="19">7735.9200</dst>
      <dst id="23">10.2756</dst>
      <dst id="8">4274.8178</dst>
      <dst id="18">1894.1067</dst>
      <dst id="1">4617.5556</dst>
      <dst id="5">8922.8978</dst>
      <dst id="3">7030.0356</dst>
      <dst id="22">21982.3111</dst>
      <dst id="7">14548.8356</dst>
      <dst id="2">43784.3467</dst>
      <dst id="6">450.8178</dst>
      <dst id="16">6325.5111</dst>
      <dst id="14">2431.9022</dst>
      <dst id="20">8904.3733</dst>
      <dst id="11">18760.4889</dst>
      <dst id="9">23324.8800</dst>
      <dst id="17">43764.5511</dst>
      <dst id="21">11280.5689</dst>
      <dst id="15">6338.6933</dst>
    </src>
    <src id="19">
      <dst id="12">23278.5244</dst>
      <dst id="13">844.7467</dst>
      <dst id="23">1.1733</dst>
      <dst id="8">24.8889</dst>
      <dst id="18">10.5422</dst>
      <dst id="4">17608.2400</dst>
      <dst id="1">1132.4622</dst>
      <dst id="5">2.1067</dst>
      <dst id="3">11.3244</dst>
      <dst id="22">1984.6044</dst>
      <dst id="7">4777.5644</dst>
      <dst id="2">534.8889</dst>
      <dst id="6">1403.3778</dst>
      <dst id="16">7594.9422</dst>
      <dst id="14">16.7289</dst>
      <dst id="20">3.2622</dst>
      <dst id="11">127.6178</dst>
      <dst id="9">17430.2400</dst>
      <dst id="17">2529.4756</dst>
      <dst id="21">240.0711</dst>
      <dst id="15">16.2578</dst>
    </src>
    <src id="23">
      <dst id="12">7975.1200</dst>
      <dst id="13">60.3733</dst>
      <dst id="19">14.1778</dst>
      <dst id="18">2.8978</dst>
      <dst id="4">110.6311</dst>
      <dst id="1">38.4889</dst>
      <dst id="5">27.7511</dst>
      <dst id="3">540.4356</dst>
      <dst id="22">485.6533</dst>
      <dst id="7">787.5644</dst>
      <dst id="2">1.4667</dst>
      <dst id="6">122.7911</dst>
      <dst id="16">88.3378</dst>
      <dst id="11">70.2933</dst>
      <dst id="9">972.1244</dst>
      <dst id="17">3349.3156</dst>
      <dst id="21">27.4578</dst>
      <dst id="15">42.2756</dst>
    </src>
    <src id="8">
      <dst id="12">256729.1467</dst>
      <dst id="13">494.9778</dst>
      <dst id="19">121.2978</dst>
      <dst id="18">7.0756</dst>
      <dst id="4">4642.8356</dst>
      <dst id="1">492.3467</dst>
      <dst id="5">363.1111</dst>
      <dst id="3">1.2444</dst>
      <dst id="22">5552.8533</dst>
      <dst id="7">94.6667</dst>
      <dst id="2">97315.5289</dst>
      <dst id="16">2054.5067</dst>
      <dst id="20">147.2622</dst>
      <dst id="11">2629.2622</dst>
      <dst id="9">452.1600</dst>
      <dst id="17">93011.1733</dst>
      <dst id="21">130.2756</dst>
      <dst id="15">352.2756</dst>
    </src>
    <src id="18">
      <dst id="12">93206.4089</dst>
      <dst id="13">43.4222</dst>
      <dst id="19">96.4000</dst>
      <dst id="23">0.4000</dst>
      <dst id="4">1628.1778</dst>
      <dst id="1">1320.9778</dst>
      <dst id="5">126.9600</dst>
      <dst id="3">38.1689</dst>
      <dst id="22">40.4978</dst>
      <dst id="7">71.4667</dst>
      <dst id="2">26991.9289</dst>
      <dst id="16">37.1911</dst>
      <dst id="14">30.8889</dst>
      <dst id="20">88.8711</dst>
      <dst id="11">3171.9644</dst>
      <dst id="9">70.0267</dst>
      <dst id="17">32788.8444</dst>
      <dst id="21">109.7778</dst>
      <dst id="15">14.1867</dst>
    </src>
    <src id="4">
      <dst id="12">13533.2356</dst>
      <dst id="19">16354.7467</dst>
      <dst id="8">1377.7689</dst>
      <dst id="18">180.3022</dst>
      <dst id="4">127.4133</dst>
      <dst id="1">130373.8133</dst>
      <dst id="5">2501.4311</dst>
      <dst id="3">195.1822</dst>
      <dst id="22">4528.1511</dst>
      <dst id="7">36592.1956</dst>
      <dst id="2">66731.8222</dst>
      <dst id="6">296.7467</dst>
      <dst id="16">1666.7911</dst>
      <dst id="14">1697.7778</dst>
      <dst id="20">1137.6711</dst>
      <dst id="11">3954.8978</dst>
      <dst id="9">5014.5333</dst>
      <dst id="17">24779.3244</dst>
      <dst id="21">3193.7689</dst>
      <dst id="15">2122.4444</dst>
    </src>
    <src id="1">
      <dst id="12">23242.2844</dst>
      <dst id="13">4785.0667</dst>
      <dst id="19">97.1467</dst>
      <dst id="23">33.0044</dst>
      <dst id="8">97866.2044</dst>
      <dst id="18">12668.8889</dst>
      <dst id="4">6577.5733</dst>
      <dst id="1">26826.9956</dst>
      <dst id="5">206456.1244</dst>
      <dst id="3">1628.5600</dst>
      <dst id="22">4819.5378</dst>
      <dst id="7">5585.8933</dst>
      <dst id="2">11352.1511</dst>
      <dst id="6">15223.6000</dst>
      <dst id="16">13347.0578</dst>
      <dst id="14">98.2400</dst>
      <dst id="20">1917.6889</dst>
      <dst id="11">825.2622</dst>
      <dst id="9">274536.9156</dst>
      <dst id="17">5650.6311</dst>
      <dst id="21">37730.4800</dst>
      <dst id="15">211.6711</dst>
    </src>
    <src id="5">
      <dst id="12">256453.3333</dst>
      <dst id="13">514.4711</dst>
      <dst id="19">15.5467</dst>
      <dst id="23">1.5289</dst>
      <dst id="8">820.3822</dst>
      <dst id="18">367.2889</dst>
      <dst id="4">7217.8667</dst>
      <dst id="1">558.3022</dst>
      <dst id="3">5.1200</dst>
      <dst id="22">3357.7778</dst>
      <dst id="7">78.7911</dst>
      <dst id="2">104518.3378</dst>
      <dst id="6">0.5511</dst>
      <dst id="16">496.1956</dst>
      <dst id="14">26.0800</dst>
      <dst id="20">1750.2222</dst>
      <dst id="11">570.6489</dst>
      <dst id="9">545.6533</dst>
      <dst id="17">97748.1956</dst>
      <dst id="21">158.8178</dst>
      <dst id="15">272.9600</dst>
    </src>
    <src id="3">
      <dst id="12">19885.2444</dst>
      <dst id="13">7147.5467</dst>
      <dst id="19">1303.3511</dst>
      <dst id="23">10816.6400</dst>
      <dst id="8">215.5733</dst>
      <dst id="18">36938.0533</dst>
      <dst id="4">20684.8356</dst>
      <dst id="1">5697.3156</dst>
      <dst id="5">237.0667</dst>
      <dst id="3">8002.9333</dst>
      <dst id="22">3227.1289</dst>
      <dst id="7">4867.4044</dst>
      <dst id="2">28542.0800</dst>
      <dst id="6">40.9333</dst>
      <dst id="16">6248.4178</dst>
      <dst id="14">38901.1378</dst>
      <dst id="20">979.4756</dst>
      <dst id="11">217802.8356</dst>
      <dst id="9">374.8178</dst>
      <dst id="17">12613.1822</dst>
      <dst id="21">21550.5778</dst>
      <dst id="15">803.9556</dst>
    </src>
    <src id="10">
      <dst id="12">26968.5333</dst>
      <dst id="19">1614.7289</dst>
      <dst id="8">5134.2311</dst>
      <dst id="18">816.5333</dst>
      <dst id="1">3210.5956</dst>
      <dst id="5">639.6622</dst>
      <dst id="3">4853.3600</dst>
      <dst id="22">5041.7600</dst>
      <dst id="7">58851.1556</dst>
      <dst id="2">17844.0978</dst>
      <dst id="6">54.8356</dst>
      <dst id="16">4281.4400</dst>
      <dst id="14">1639.4133</dst>
      <dst id="20">3588.1244</dst>
      <dst id="11">13176.2667</dst>
      <dst id="9">2024.6311</dst>
      <dst id="17">18835.3778</dst>
      <dst id="21">14155.6622</dst>
      <dst id="15">608.1067</dst>
    </src>
    <src id="22">
      <dst id="12">9906.1956</dst>
      <dst id="13">1683.6356</dst>
      <dst id="19">129.4578</dst>
      <dst id="23">15.0933</dst>
      <dst id="8">4766.1867</dst>
      <dst id="18">298.5156</dst>
      <dst id="4">18099.4667</dst>
      <dst id="1">3102.2311</dst>
      <dst id="5">2549.9822</dst>
      <dst id="3">3107.4578</dst>
      <dst id="7">1383.6000</dst>
      <dst id="2">3536.7467</dst>
      <dst id="6">34.2133</dst>
      <dst id="16">0.4089</dst>
      <dst id="14">30.6844</dst>
      <dst id="11">1399.7956</dst>
      <dst id="9">1656.7111</dst>
      <dst id="17">3881.3689</dst>
      <dst id="21">500.1689</dst>
    </src>
    <src id="7">
      <dst id="12">3599.1022</dst>
      <dst id="13">1819.6444</dst>
      <dst id="19">944.6311</dst>
      <dst id="23">42.1067</dst>
      <dst id="8">7.3067</dst>
      <dst id="18">71.3778</dst>
      <dst id="4">16977.0133</dst>
      <dst id="1">4419.1289</dst>
      <dst id="5">786.8533</dst>
      <dst id="3">6409.5467</dst>
      <dst id="22">3649.0933</dst>
      <dst id="7">1014.6844</dst>
      <dst id="2">2627.6533</dst>
      <dst id="6">93.3333</dst>
      <dst id="16">784.9067</dst>
      <dst id="14">145.1289</dst>
      <dst id="20">1192.7822</dst>
      <dst id="11">673.4489</dst>
      <dst id="9">1892.6489</dst>
      <dst id="17">6249.6533</dst>
      <dst id="21">698.3378</dst>
      <dst id="15">1164.4622</dst>
    </src>
    <src id="2">
      <dst id="12">112388.6756</dst>
      <dst id="13">516813.1111</dst>
      <dst id="19">2866.2844</dst>
      <dst id="8">4960.0089</dst>
      <dst id="18">42385.2267</dst>
      <dst id="4">67110.5778</dst>
      <dst id="1">10078.6933</dst>
      <dst id="5">2218.0889</dst>
      <dst id="3">256.5511</dst>
      <dst id="22">4056.3200</dst>
      <dst id="7">10516.5422</dst>
      <dst id="2">1302.1511</dst>
      <dst id="6">9887.2267</dst>
      <dst id="16">3757.6978</dst>
      <dst id="14">5248.7022</dst>
      <dst id="20">1438.2844</dst>
      <dst id="11">7285.3689</dst>
      <dst id="9">1385.6533</dst>
      <dst id="17">28709.9289</dst>
      <dst id="21">2117.9733</dst>
      <dst id="15">81.2889</dst>
    </src>
    <src id="6">
      <dst id="12">8847.2089</dst>
      <dst id="13">28.2311</dst>
      <dst id="19">38.3289</dst>
      <dst id="23">4.1778</dst>
      <dst id="4">1476.3733</dst>
      <dst id="1">1.8400</dst>
      <dst id="5">11.9111</dst>
      <dst id="3">11.9289</dst>
      <dst id="22">7.7422</dst>
      <dst id="7">17.6533</dst>
      <dst id="2">2000.2311</dst>
      <dst id="16">84.1956</dst>
      <dst id="20">0.8178</dst>
      <dst id="9">102.0089</dst>
      <dst id="17">1668.8800</dst>
      <dst id="21">2.7911</dst>
    </src>
    <src id="16">
      <dst id="12">2387.2356</dst>
      <dst id="13">263.2711</dst>
      <dst id="19">3735.1556</dst>
      <dst id="23">7.5200</dst>
      <dst id="8">3984.7911</dst>
      <dst id="18">89.8844</dst>
      <dst id="4">4542.4622</dst>
      <dst id="1">21358.4800</dst>
      <dst id="5">6279.2711</dst>
      <dst id="3">4.1244</dst>
      <dst id="7">153.6800</dst>
      <dst id="2">322.8444</dst>
      <dst id="6">33.2800</dst>
      <dst id="16">23.8578</dst>
      <dst id="14">349.6178</dst>
      <dst id="11">1005.8400</dst>
      <dst id="9">9169.2711</dst>
      <dst id="17">5060.2133</dst>
      <dst id="21">2563.4400</dst>
    </src>
    <src id="14">
      <dst id="12">18540.6222</dst>
      <dst id="13">8.6667</dst>
      <dst id="19">19.4133</dst>
      <dst id="8">0.9867</dst>
      <dst id="18">3.2000</dst>
      <dst id="4">2375.2444</dst>
      <dst id="1">144.2311</dst>
      <dst id="5">1.4756</dst>
      <dst id="3">98.6311</dst>
      <dst id="22">33.0756</dst>
      <dst id="7">125.1022</dst>
      <dst id="2">7752.5067</dst>
      <dst id="16">55.4933</dst>
      <dst id="11">52.3733</dst>
      <dst id="9">108.7644</dst>
      <dst id="17">10018.9244</dst>
      <dst id="21">61.2444</dst>
      <dst id="15">12.2933</dst>
    </src>
    <src id="20">
      <dst id="12">2348.3822</dst>
      <dst id="13">3266.0711</dst>
      <dst id="19">19.4044</dst>
      <dst id="23">0.9244</dst>
      <dst id="8">247.2356</dst>
      <dst id="18">1.7600</dst>
      <dst id="4">8896.2400</dst>
      <dst id="1">155.3333</dst>
      <dst id="5">916.2933</dst>
      <dst id="3">1639.5556</dst>
      <dst id="7">1752.2578</dst>
      <dst id="2">3917.0756</dst>
      <dst id="6">13.3333</dst>
      <dst id="14">0.7111</dst>
      <dst id="11">1327.1733</dst>
      <dst id="9">2045.4756</dst>
      <dst id="17">1940.7200</dst>
      <dst id="21">190.6667</dst>
    </src>
    <src id="11">
      <dst id="12">361893.9022</dst>
      <dst id="13">1482.8533</dst>
      <dst id="19">1264.3467</dst>
      <dst id="23">12.5067</dst>
      <dst id="8">2656.2756</dst>
      <dst id="18">114.5067</dst>
      <dst id="4">10988.5156</dst>
      <dst id="1">815.2356</dst>
      <dst id="5">574.9067</dst>
      <dst id="3">672.1156</dst>
      <dst id="22">2744.7111</dst>
      <dst id="7">896.2044</dst>
      <dst id="2">124664.5156</dst>
      <dst id="6">0.4267</dst>
      <dst id="16">1067.8933</dst>
      <dst id="14">28.9956</dst>
      <dst id="20">216.3200</dst>
      <dst id="11">1045.5200</dst>
      <dst id="9">321.3511</dst>
      <dst id="17">142087.7867</dst>
      <dst id="21">1012.9867</dst>
      <dst id="15">154.2667</dst>
    </src>
    <src id="9">
      <dst id="12">414081.3867</dst>
      <dst id="13">3226.6667</dst>
      <dst id="19">2754.0978</dst>
      <dst id="23">38.2756</dst>
      <dst id="8">548.6311</dst>
      <dst id="18">99.1200</dst>
      <dst id="4">11395.1733</dst>
      <dst id="1">1272.9689</dst>
      <dst id="5">1054.7289</dst>
      <dst id="3">40.9867</dst>
      <dst id="22">4193.1733</dst>
      <dst id="7">747.0222</dst>
      <dst id="2">130763.7067</dst>
      <dst id="6">7.8933</dst>
      <dst id="16">636.4622</dst>
      <dst id="14">42.5956</dst>
      <dst id="20">3721.8222</dst>
      <dst id="11">2034.1600</dst>
      <dst id="9">1012.9956</dst>
      <dst id="17">145504.0800</dst>
      <dst id="21">189.7600</dst>
      <dst id="15">2187.5822</dst>
    </src>
    <src id="17">
      <dst id="12">8426.1956</dst>
      <dst id="13">2108.0444</dst>
      <dst id="19">593.4222</dst>
      <dst id="23">64.0178</dst>
      <dst id="8">104780.0711</dst>
      <dst id="18">21.8667</dst>
      <dst id="4">69304.8089</dst>
      <dst id="1">6752.9867</dst>
      <dst id="5">188817.6267</dst>
      <dst id="3">8626.0800</dst>
      <dst id="22">1560.9778</dst>
      <dst id="7">5768.8800</dst>
      <dst id="2">11201.3689</dst>
      <dst id="6">400.7467</dst>
      <dst id="16">3593.9644</dst>
      <dst id="14">33473.5111</dst>
      <dst id="20">2166.6222</dst>
      <dst id="11">152778.4889</dst>
      <dst id="9">234877.4311</dst>
      <dst id="17">7380.9067</dst>
      <dst id="21">8295.3778</dst>
      <dst id="15">234.3467</dst>
    </src>
    <src id="21">
      <dst id="12">15800.1244</dst>
      <dst id="13">1956.2311</dst>
      <dst id="19">448.6044</dst>
      <dst id="23">0.8178</dst>
      <dst id="8">435.8222</dst>
      <dst id="18">281.0222</dst>
      <dst id="4">17970.0000</dst>
      <dst id="1">1958.2844</dst>
      <dst id="5">217.4311</dst>
      <dst id="3">6272.9600</dst>
      <dst id="22">3150.7822</dst>
      <dst id="7">4559.4400</dst>
      <dst id="2">30739.4400</dst>
      <dst id="6">13.0844</dst>
      <dst id="16">224.9956</dst>
      <dst id="14">226.3733</dst>
      <dst id="20">1223.9733</dst>
      <dst id="11">432.5333</dst>
      <dst id="9">379.7956</dst>
      <dst id="17">3974.2844</dst>
      <dst id="21">515.8844</dst>
      <dst id="15">19.1556</dst>
    </src>
    <src id="15">
      <dst id="12">401.2000</dst>
      <dst id="13">190.3022</dst>
      <dst id="19">67.2978</dst>
      <dst id="23">0.3556</dst>
      <dst id="8">54.7200</dst>
      <dst id="18">27.9467</dst>
      <dst id="4">1881.9644</dst>
      <dst id="1">1818.2489</dst>
      <dst id="5">60.4711</dst>
      <dst id="7">547.9289</dst>
      <dst id="2">77.1200</dst>
      <dst id="6">1.1378</dst>
      <dst id="11">379.8133</dst>
      <dst id="9">610.6667</dst>
      <dst id="17">7789.5733</dst>
      <dst id="21">68.5244</dst>
    </src>
  </IntraTM>
</TrafficMatrixFile>
