<?xml version="1.0" encoding="UTF-8" standalone="yes"?>
<TrafficMatrixFile xmlns:xsi="http://www.w3.org/2001/XMLSchema-instance" xsi:noNamespaceSchemaLocation="http://totem.run.montefiore.ulg.ac.be/Schema/TrafficMatrix-v1_2.xsd">
  <info>
    <title>Intradomain traffic matrix generated by geant-TM-all.pl</title>
    <date>2005-01-03T06:45:00</date>
    <duration>900</duration>
    <author>Steve Uhlig</author>
    <units>
        <unit type="bandwidth" value="kbps"/>
    </units>
  </info>
  <IntraTM ASID="20965">
    <src id="12">
      <dst id="12">231499.9733</dst>
      <dst id="13">27428.0889</dst>
      <dst id="19">4253.4578</dst>
      <dst id="23">6734.2044</dst>
      <dst id="8">5160.5511</dst>
      <dst id="18">3666.7022</dst>
      <dst id="4">116300.3911</dst>
      <dst id="1">11478.9956</dst>
      <dst id="5">2681.1733</dst>
      <dst id="3">4581.0311</dst>
      <dst id="22">11831.7422</dst>
      <dst id="7">8635.7333</dst>
      <dst id="2">103517.1467</dst>
      <dst id="6">2.9956</dst>
      <dst id="16">4471.8133</dst>
      <dst id="14">242.5956</dst>
      <dst id="20">9927.6178</dst>
      <dst id="11">8636.2756</dst>
      <dst id="9">7244.3022</dst>
      <dst id="17">69644.6044</dst>
      <dst id="21">10895.8756</dst>
      <dst id="15">976.6311</dst>
    </src>
    <src id="13">
      <dst id="12">57820.4533</dst>
      <dst id="19">28054.3200</dst>
      <dst id="23">28.4800</dst>
      <dst id="8">2109.5911</dst>
      <dst id="18">7768.9333</dst>
      <dst id="1">2286.6578</dst>
      <dst id="5">8554.7467</dst>
      <dst id="3">3854.7556</dst>
      <dst id="22">22877.6444</dst>
      <dst id="7">8880.9689</dst>
      <dst id="2">119831.1644</dst>
      <dst id="6">205.2889</dst>
      <dst id="16">8936.1689</dst>
      <dst id="14">1416.4178</dst>
      <dst id="20">13500.6933</dst>
      <dst id="11">15458.5511</dst>
      <dst id="9">11020.4267</dst>
      <dst id="17">91853.4667</dst>
      <dst id="21">24771.7867</dst>
      <dst id="15">3871.8222</dst>
    </src>
    <src id="19">
      <dst id="12">13753.5822</dst>
      <dst id="13">11060.0889</dst>
      <dst id="23">0.4978</dst>
      <dst id="8">0.4978</dst>
      <dst id="18">41.3333</dst>
      <dst id="4">22974.7022</dst>
      <dst id="1">741.4667</dst>
      <dst id="5">126.4089</dst>
      <dst id="3">48.9600</dst>
      <dst id="22">44.7289</dst>
      <dst id="7">2932.0889</dst>
      <dst id="2">231.8489</dst>
      <dst id="6">53.0578</dst>
      <dst id="16">7035.6978</dst>
      <dst id="14">0.4622</dst>
      <dst id="20">17.7156</dst>
      <dst id="11">63.6356</dst>
      <dst id="9">22.8089</dst>
      <dst id="17">6868.9511</dst>
      <dst id="21">253.2444</dst>
      <dst id="15">0.9156</dst>
    </src>
    <src id="23">
      <dst id="12">2264.5422</dst>
      <dst id="13">246.4978</dst>
      <dst id="19">1.9467</dst>
      <dst id="8">41.9911</dst>
      <dst id="4">116.1244</dst>
      <dst id="1">40.1333</dst>
      <dst id="5">54.4000</dst>
      <dst id="3">158.0089</dst>
      <dst id="22">198.9867</dst>
      <dst id="7">66.5067</dst>
      <dst id="2">50.5511</dst>
      <dst id="16">29.7600</dst>
      <dst id="14">9.5022</dst>
      <dst id="20">0.7111</dst>
      <dst id="11">1003.1556</dst>
      <dst id="9">540.7556</dst>
      <dst id="17">95.9467</dst>
      <dst id="21">155.3067</dst>
      <dst id="15">14.1689</dst>
    </src>
    <src id="8">
      <dst id="12">350240.4000</dst>
      <dst id="13">1198.7911</dst>
      <dst id="19">1.6889</dst>
      <dst id="23">2973.3333</dst>
      <dst id="18">16.1244</dst>
      <dst id="4">8053.5378</dst>
      <dst id="1">534.1333</dst>
      <dst id="5">1724.9244</dst>
      <dst id="3">14.0533</dst>
      <dst id="22">1765.0756</dst>
      <dst id="7">34.7911</dst>
      <dst id="2">147721.8578</dst>
      <dst id="6">0.4178</dst>
      <dst id="16">798.0800</dst>
      <dst id="20">148.4178</dst>
      <dst id="11">368.0000</dst>
      <dst id="9">478.9600</dst>
      <dst id="17">142917.2356</dst>
      <dst id="21">311.4844</dst>
      <dst id="15">66.8800</dst>
    </src>
    <src id="18">
      <dst id="12">117094.0978</dst>
      <dst id="13">224.0356</dst>
      <dst id="19">2.8978</dst>
      <dst id="23">7.0222</dst>
      <dst id="8">494.3644</dst>
      <dst id="4">1766.3200</dst>
      <dst id="1">557.8578</dst>
      <dst id="5">393.7867</dst>
      <dst id="3">62.2311</dst>
      <dst id="22">397.0311</dst>
      <dst id="7">65.8844</dst>
      <dst id="2">38565.3422</dst>
      <dst id="16">757.8578</dst>
      <dst id="14">39.6444</dst>
      <dst id="20">14.3911</dst>
      <dst id="11">112.3022</dst>
      <dst id="9">170.4000</dst>
      <dst id="17">41909.5644</dst>
      <dst id="21">753.1378</dst>
      <dst id="15">0.7111</dst>
    </src>
    <src id="4">
      <dst id="12">27385.1911</dst>
      <dst id="19">10391.3156</dst>
      <dst id="8">3792.5778</dst>
      <dst id="18">2129.2800</dst>
      <dst id="4">1.7244</dst>
      <dst id="1">52498.1156</dst>
      <dst id="5">2157.1200</dst>
      <dst id="3">208.8533</dst>
      <dst id="22">5927.8400</dst>
      <dst id="7">118085.6711</dst>
      <dst id="2">91146.0889</dst>
      <dst id="6">19.1289</dst>
      <dst id="16">2255.9644</dst>
      <dst id="14">2078.5333</dst>
      <dst id="20">683.4044</dst>
      <dst id="11">2731.4844</dst>
      <dst id="9">3052.0800</dst>
      <dst id="17">98864.5956</dst>
      <dst id="21">8398.3467</dst>
      <dst id="15">1326.7467</dst>
    </src>
    <src id="1">
      <dst id="12">19641.2444</dst>
      <dst id="13">280.3733</dst>
      <dst id="19">49.3422</dst>
      <dst id="23">6.4800</dst>
      <dst id="8">139782.9422</dst>
      <dst id="18">13347.7244</dst>
      <dst id="4">13126.8889</dst>
      <dst id="1">96858.3111</dst>
      <dst id="5">214805.8844</dst>
      <dst id="3">102.7022</dst>
      <dst id="22">2209.7244</dst>
      <dst id="7">1335.9200</dst>
      <dst id="2">8198.0267</dst>
      <dst id="6">8731.0933</dst>
      <dst id="16">13647.2089</dst>
      <dst id="14">194.5156</dst>
      <dst id="20">271.8933</dst>
      <dst id="11">202.2578</dst>
      <dst id="9">212857.4133</dst>
      <dst id="17">5249.0311</dst>
      <dst id="21">3388.6844</dst>
      <dst id="15">137.4667</dst>
    </src>
    <src id="5">
      <dst id="12">290606.1067</dst>
      <dst id="13">1068.7911</dst>
      <dst id="19">87.5556</dst>
      <dst id="23">10.8000</dst>
      <dst id="8">1270.8533</dst>
      <dst id="18">183.8044</dst>
      <dst id="4">5829.7156</dst>
      <dst id="1">1085.0044</dst>
      <dst id="3">2.4533</dst>
      <dst id="22">4812.5511</dst>
      <dst id="7">205.4133</dst>
      <dst id="2">139997.6089</dst>
      <dst id="6">5.7156</dst>
      <dst id="16">545.3600</dst>
      <dst id="14">2.8978</dst>
      <dst id="20">700.4267</dst>
      <dst id="11">2996.4889</dst>
      <dst id="9">1160.6311</dst>
      <dst id="17">106585.4844</dst>
      <dst id="21">183.0311</dst>
      <dst id="15">227.2533</dst>
    </src>
    <src id="3">
      <dst id="12">13460.4889</dst>
      <dst id="13">552.8267</dst>
      <dst id="19">2583.9467</dst>
      <dst id="23">5752.5511</dst>
      <dst id="8">109.0400</dst>
      <dst id="18">83224.3200</dst>
      <dst id="4">27494.3822</dst>
      <dst id="1">11978.2222</dst>
      <dst id="5">647.4933</dst>
      <dst id="3">10582.4178</dst>
      <dst id="22">1685.6178</dst>
      <dst id="7">2562.6044</dst>
      <dst id="2">6034.6667</dst>
      <dst id="6">1.4222</dst>
      <dst id="16">1216.8622</dst>
      <dst id="14">32405.7067</dst>
      <dst id="20">64.9422</dst>
      <dst id="11">138769.7778</dst>
      <dst id="9">39.3422</dst>
      <dst id="17">10958.8444</dst>
      <dst id="21">5651.5733</dst>
      <dst id="15">63.3511</dst>
    </src>
    <src id="10">
      <dst id="12">17964.4711</dst>
      <dst id="19">724.9511</dst>
      <dst id="8">1114.2933</dst>
      <dst id="18">1082.1867</dst>
      <dst id="1">667.9111</dst>
      <dst id="5">1364.3911</dst>
      <dst id="3">11156.7644</dst>
      <dst id="22">7080.1867</dst>
      <dst id="7">16966.8533</dst>
      <dst id="2">22270.5689</dst>
      <dst id="6">33.0756</dst>
      <dst id="16">2386.2489</dst>
      <dst id="14">503.9111</dst>
      <dst id="20">3940.7644</dst>
      <dst id="11">3991.3689</dst>
      <dst id="9">2198.0089</dst>
      <dst id="17">18139.9022</dst>
      <dst id="21">7979.4844</dst>
      <dst id="15">742.6667</dst>
    </src>
    <src id="22">
      <dst id="12">6658.2756</dst>
      <dst id="13">10122.1689</dst>
      <dst id="19">10.2400</dst>
      <dst id="23">430.5778</dst>
      <dst id="8">1364.3556</dst>
      <dst id="18">888.4267</dst>
      <dst id="4">20979.7956</dst>
      <dst id="1">163.5378</dst>
      <dst id="5">3903.1467</dst>
      <dst id="3">596.2133</dst>
      <dst id="7">428.6844</dst>
      <dst id="2">3241.1111</dst>
      <dst id="6">17.1467</dst>
      <dst id="16">9.5911</dst>
      <dst id="14">0.7111</dst>
      <dst id="11">5030.3556</dst>
      <dst id="9">3920.6667</dst>
      <dst id="17">4732.3111</dst>
      <dst id="21">1059.2800</dst>
    </src>
    <src id="7">
      <dst id="12">6245.6000</dst>
      <dst id="13">4533.1911</dst>
      <dst id="19">376.1867</dst>
      <dst id="23">25.6000</dst>
      <dst id="8">500.9778</dst>
      <dst id="18">804.2933</dst>
      <dst id="4">57258.3289</dst>
      <dst id="1">3113.6889</dst>
      <dst id="5">1115.1289</dst>
      <dst id="3">512.9156</dst>
      <dst id="22">4772.9333</dst>
      <dst id="7">745.0578</dst>
      <dst id="2">11118.2133</dst>
      <dst id="6">53.5556</dst>
      <dst id="16">1646.4978</dst>
      <dst id="14">389.8756</dst>
      <dst id="20">123.0756</dst>
      <dst id="11">1142.2844</dst>
      <dst id="9">1850.5067</dst>
      <dst id="17">10459.6089</dst>
      <dst id="21">3641.4400</dst>
      <dst id="15">22.7556</dst>
    </src>
    <src id="2">
      <dst id="12">82948.9956</dst>
      <dst id="13">519244.4356</dst>
      <dst id="19">197.1111</dst>
      <dst id="23">0.3556</dst>
      <dst id="8">1200.5956</dst>
      <dst id="18">94132.7200</dst>
      <dst id="4">117546.3822</dst>
      <dst id="1">8973.7067</dst>
      <dst id="5">982.7822</dst>
      <dst id="3">76.3733</dst>
      <dst id="22">2137.2711</dst>
      <dst id="7">2538.4533</dst>
      <dst id="2">727.0400</dst>
      <dst id="6">8194.0178</dst>
      <dst id="16">2871.2089</dst>
      <dst id="14">1261.7067</dst>
      <dst id="20">1802.7911</dst>
      <dst id="11">3455.9022</dst>
      <dst id="9">954.7556</dst>
      <dst id="17">49125.2978</dst>
      <dst id="21">5667.8133</dst>
      <dst id="15">2606.3289</dst>
    </src>
    <src id="6">
      <dst id="12">12109.8578</dst>
      <dst id="13">23.1911</dst>
      <dst id="19">2.3911</dst>
      <dst id="23">0.4978</dst>
      <dst id="4">174.3644</dst>
      <dst id="1">20.4444</dst>
      <dst id="5">1.0667</dst>
      <dst id="22">27.4222</dst>
      <dst id="7">2.5244</dst>
      <dst id="2">2806.3733</dst>
      <dst id="16">0.4622</dst>
      <dst id="11">90.2133</dst>
      <dst id="9">25.6978</dst>
      <dst id="17">1347.3422</dst>
      <dst id="21">25.5022</dst>
    </src>
    <src id="16">
      <dst id="12">3056.6844</dst>
      <dst id="13">572.9956</dst>
      <dst id="19">4265.7511</dst>
      <dst id="23">5.9378</dst>
      <dst id="8">5490.8533</dst>
      <dst id="18">51.1289</dst>
      <dst id="4">6645.7600</dst>
      <dst id="1">17460.9956</dst>
      <dst id="5">2323.4133</dst>
      <dst id="3">0.9067</dst>
      <dst id="7">5477.5022</dst>
      <dst id="2">891.4578</dst>
      <dst id="6">26.8800</dst>
      <dst id="16">44.3467</dst>
      <dst id="14">468.0889</dst>
      <dst id="11">91.9822</dst>
      <dst id="9">4069.0844</dst>
      <dst id="17">1729.0489</dst>
      <dst id="21">2450.2756</dst>
    </src>
    <src id="14">
      <dst id="12">16019.1467</dst>
      <dst id="13">32.3200</dst>
      <dst id="19">6.8444</dst>
      <dst id="23">2.9689</dst>
      <dst id="18">0.3556</dst>
      <dst id="4">2981.8667</dst>
      <dst id="1">89.5200</dst>
      <dst id="5">29.1556</dst>
      <dst id="3">109.4844</dst>
      <dst id="22">81.0044</dst>
      <dst id="7">50.3289</dst>
      <dst id="2">4849.9289</dst>
      <dst id="16">85.6089</dst>
      <dst id="20">2.8444</dst>
      <dst id="11">94.7200</dst>
      <dst id="9">17.0133</dst>
      <dst id="17">5408.1422</dst>
      <dst id="21">99.1289</dst>
    </src>
    <src id="20">
      <dst id="12">5522.6311</dst>
      <dst id="13">8133.1022</dst>
      <dst id="19">840.2667</dst>
      <dst id="23">3.6444</dst>
      <dst id="8">184.2489</dst>
      <dst id="18">292.2311</dst>
      <dst id="4">25210.0889</dst>
      <dst id="1">380.5422</dst>
      <dst id="5">2637.5911</dst>
      <dst id="3">186.0533</dst>
      <dst id="7">828.2756</dst>
      <dst id="2">5591.2533</dst>
      <dst id="14">0.8356</dst>
      <dst id="11">616.0622</dst>
      <dst id="9">2631.9111</dst>
      <dst id="17">818.4978</dst>
      <dst id="21">455.6889</dst>
    </src>
    <src id="11">
      <dst id="12">397588.6933</dst>
      <dst id="13">6049.8311</dst>
      <dst id="19">46.0000</dst>
      <dst id="23">32.5333</dst>
      <dst id="8">364.2578</dst>
      <dst id="18">145.5556</dst>
      <dst id="4">21258.9422</dst>
      <dst id="1">489.8667</dst>
      <dst id="5">824.6133</dst>
      <dst id="3">370.1156</dst>
      <dst id="22">2998.9333</dst>
      <dst id="7">418.2311</dst>
      <dst id="2">154621.7867</dst>
      <dst id="6">25.6000</dst>
      <dst id="16">342.0356</dst>
      <dst id="14">31.0756</dst>
      <dst id="20">345.7511</dst>
      <dst id="11">841.6000</dst>
      <dst id="9">2031.7333</dst>
      <dst id="17">157187.2444</dst>
      <dst id="21">463.3867</dst>
      <dst id="15">879.6089</dst>
    </src>
    <src id="9">
      <dst id="12">436080.0089</dst>
      <dst id="13">3595.9022</dst>
      <dst id="19">403.2178</dst>
      <dst id="23">17.8133</dst>
      <dst id="8">1252.0889</dst>
      <dst id="18">421.6089</dst>
      <dst id="4">16138.2756</dst>
      <dst id="1">923.2000</dst>
      <dst id="5">1625.6889</dst>
      <dst id="3">1.4667</dst>
      <dst id="22">1595.9378</dst>
      <dst id="7">1414.2133</dst>
      <dst id="2">158231.0133</dst>
      <dst id="6">5.3067</dst>
      <dst id="16">390.4533</dst>
      <dst id="14">1.9822</dst>
      <dst id="20">4160.2756</dst>
      <dst id="11">780.6578</dst>
      <dst id="9">4744.7733</dst>
      <dst id="17">172782.5422</dst>
      <dst id="21">530.0356</dst>
      <dst id="15">1011.4933</dst>
    </src>
    <src id="17">
      <dst id="12">10269.2622</dst>
      <dst id="13">10444.6489</dst>
      <dst id="19">321.8400</dst>
      <dst id="23">64.1244</dst>
      <dst id="8">159418.6933</dst>
      <dst id="18">241.4667</dst>
      <dst id="4">182985.9378</dst>
      <dst id="1">1426.1867</dst>
      <dst id="5">195305.1733</dst>
      <dst id="3">6229.6622</dst>
      <dst id="22">4505.6978</dst>
      <dst id="7">1491.8044</dst>
      <dst id="2">19875.6267</dst>
      <dst id="6">54.4000</dst>
      <dst id="16">8303.7333</dst>
      <dst id="14">24905.2444</dst>
      <dst id="20">299.1111</dst>
      <dst id="11">119676.8533</dst>
      <dst id="9">176944.0978</dst>
      <dst id="17">1838.2844</dst>
      <dst id="21">4781.8667</dst>
      <dst id="15">2687.4578</dst>
    </src>
    <src id="21">
      <dst id="12">21409.1200</dst>
      <dst id="13">991.6711</dst>
      <dst id="19">212.0533</dst>
      <dst id="23">3.9022</dst>
      <dst id="8">318.6222</dst>
      <dst id="18">642.0000</dst>
      <dst id="4">27838.8178</dst>
      <dst id="1">1157.7333</dst>
      <dst id="5">330.4089</dst>
      <dst id="3">584.9600</dst>
      <dst id="22">1882.7289</dst>
      <dst id="7">3052.8356</dst>
      <dst id="2">10594.0622</dst>
      <dst id="6">5.0400</dst>
      <dst id="16">185.4311</dst>
      <dst id="14">87.5022</dst>
      <dst id="20">193.4578</dst>
      <dst id="11">725.0844</dst>
      <dst id="9">835.3422</dst>
      <dst id="17">22261.9556</dst>
      <dst id="21">1428.4533</dst>
      <dst id="15">18.0800</dst>
    </src>
    <src id="15">
      <dst id="12">132.0178</dst>
      <dst id="13">369.3067</dst>
      <dst id="19">0.6756</dst>
      <dst id="23">0.3378</dst>
      <dst id="8">23.3422</dst>
      <dst id="18">1.0667</dst>
      <dst id="4">7802.1333</dst>
      <dst id="1">344.6489</dst>
      <dst id="5">292.2133</dst>
      <dst id="3">7.9378</dst>
      <dst id="7">137.4933</dst>
      <dst id="2">466.8533</dst>
      <dst id="14">6.5067</dst>
      <dst id="11">70.1156</dst>
      <dst id="9">673.5644</dst>
      <dst id="17">11313.0044</dst>
      <dst id="21">202.4533</dst>
    </src>
  </IntraTM>
</TrafficMatrixFile>
