<?xml version="1.0" encoding="UTF-8" standalone="yes"?>
<TrafficMatrixFile xmlns:xsi="http://www.w3.org/2001/XMLSchema-instance" xsi:noNamespaceSchemaLocation="http://totem.run.montefiore.ulg.ac.be/Schema/TrafficMatrix-v1_2.xsd">
  <info>
    <title>Intradomain traffic matrix generated by geant-TM-all.pl</title>
    <date>2005-01-05T13:15:00</date>
    <duration>900</duration>
    <author>Steve Uhlig</author>
    <units>
        <unit type="bandwidth" value="kbps"/>
    </units>
  </info>
  <IntraTM ASID="20965">
    <src id="12">
      <dst id="12">183179.5911</dst>
      <dst id="13">10026.5067</dst>
      <dst id="19">2599.7244</dst>
      <dst id="23">31.2089</dst>
      <dst id="8">977.7867</dst>
      <dst id="18">63.9733</dst>
      <dst id="4">81161.1378</dst>
      <dst id="1">14699.0133</dst>
      <dst id="5">1724.6844</dst>
      <dst id="3">788.3378</dst>
      <dst id="22">3792.2400</dst>
      <dst id="7">2065.3867</dst>
      <dst id="2">56187.7867</dst>
      <dst id="6">0.8533</dst>
      <dst id="16">3885.6356</dst>
      <dst id="14">91.3778</dst>
      <dst id="20">3314.0800</dst>
      <dst id="11">1150.8178</dst>
      <dst id="9">2126.0889</dst>
      <dst id="17">50970.0089</dst>
      <dst id="21">1046.7378</dst>
      <dst id="15">1623.7067</dst>
    </src>
    <src id="13">
      <dst id="12">30600.5156</dst>
      <dst id="19">3261.5022</dst>
      <dst id="23">32.5778</dst>
      <dst id="8">1865.5556</dst>
      <dst id="18">2739.3511</dst>
      <dst id="1">1595.1467</dst>
      <dst id="5">2664.4444</dst>
      <dst id="3">6920.9067</dst>
      <dst id="22">13624.1422</dst>
      <dst id="7">9542.2044</dst>
      <dst id="2">64821.3067</dst>
      <dst id="6">47.9556</dst>
      <dst id="16">3577.4756</dst>
      <dst id="14">1474.6489</dst>
      <dst id="20">9035.0756</dst>
      <dst id="11">4534.1511</dst>
      <dst id="9">13817.6444</dst>
      <dst id="17">28479.5111</dst>
      <dst id="21">9406.6933</dst>
      <dst id="15">486.6400</dst>
    </src>
    <src id="19">
      <dst id="12">12961.0133</dst>
      <dst id="13">72.8267</dst>
      <dst id="23">2.1511</dst>
      <dst id="18">64.2578</dst>
      <dst id="4">19448.0889</dst>
      <dst id="1">168.7822</dst>
      <dst id="5">5.6800</dst>
      <dst id="22">61.6356</dst>
      <dst id="7">3215.2622</dst>
      <dst id="2">89.2000</dst>
      <dst id="6">14.8178</dst>
      <dst id="16">7609.7333</dst>
      <dst id="20">1.0133</dst>
      <dst id="11">1.2089</dst>
      <dst id="9">772.3911</dst>
      <dst id="17">489.1289</dst>
      <dst id="21">167.9111</dst>
      <dst id="15">1.4222</dst>
    </src>
    <src id="23">
      <dst id="12">159.4222</dst>
      <dst id="13">69.6089</dst>
      <dst id="19">67.9467</dst>
      <dst id="8">0.3556</dst>
      <dst id="18">3.0400</dst>
      <dst id="4">56.4444</dst>
      <dst id="1">30.1778</dst>
      <dst id="5">205.7600</dst>
      <dst id="3">183.9467</dst>
      <dst id="22">47.4489</dst>
      <dst id="7">306.7467</dst>
      <dst id="2">1.8400</dst>
      <dst id="16">0.3378</dst>
      <dst id="11">47.0044</dst>
      <dst id="9">1146.4444</dst>
      <dst id="17">743.9200</dst>
      <dst id="21">61.4400</dst>
    </src>
    <src id="8">
      <dst id="12">250758.8089</dst>
      <dst id="13">330.0178</dst>
      <dst id="18">0.3200</dst>
      <dst id="4">3541.0489</dst>
      <dst id="1">456.0356</dst>
      <dst id="5">396.3911</dst>
      <dst id="3">6.2578</dst>
      <dst id="22">617.1911</dst>
      <dst id="2">87442.3467</dst>
      <dst id="16">144.2667</dst>
      <dst id="14">0.3556</dst>
      <dst id="20">68.0800</dst>
      <dst id="11">64.7822</dst>
      <dst id="9">377.7067</dst>
      <dst id="17">83148.4178</dst>
      <dst id="21">140.5511</dst>
      <dst id="15">0.7111</dst>
    </src>
    <src id="18">
      <dst id="12">89495.6889</dst>
      <dst id="13">157.7689</dst>
      <dst id="19">4.8444</dst>
      <dst id="8">44.5156</dst>
      <dst id="4">1806.3467</dst>
      <dst id="1">1217.5822</dst>
      <dst id="5">102.7378</dst>
      <dst id="3">2.2044</dst>
      <dst id="22">52.2844</dst>
      <dst id="7">42.0711</dst>
      <dst id="2">25082.0711</dst>
      <dst id="16">118.4800</dst>
      <dst id="14">14.7467</dst>
      <dst id="20">0.6222</dst>
      <dst id="11">61.9111</dst>
      <dst id="9">65.5467</dst>
      <dst id="17">35180.9778</dst>
      <dst id="21">20.8444</dst>
      <dst id="15">17.7689</dst>
    </src>
    <src id="4">
      <dst id="12">7642.3733</dst>
      <dst id="19">15452.3911</dst>
      <dst id="8">337.0311</dst>
      <dst id="18">166.0533</dst>
      <dst id="1">130010.4178</dst>
      <dst id="5">1040.9600</dst>
      <dst id="3">414.5778</dst>
      <dst id="22">2473.2622</dst>
      <dst id="7">32004.4978</dst>
      <dst id="2">60898.7822</dst>
      <dst id="6">2.5511</dst>
      <dst id="16">1180.3022</dst>
      <dst id="14">637.3956</dst>
      <dst id="20">291.1289</dst>
      <dst id="11">1544.6756</dst>
      <dst id="9">2703.9556</dst>
      <dst id="17">13500.8622</dst>
      <dst id="21">5058.5067</dst>
      <dst id="15">60.4711</dst>
    </src>
    <src id="1">
      <dst id="12">15564.7022</dst>
      <dst id="13">3063.7067</dst>
      <dst id="19">2.8089</dst>
      <dst id="23">50.4711</dst>
      <dst id="8">53424.4889</dst>
      <dst id="18">12627.8222</dst>
      <dst id="4">7423.4400</dst>
      <dst id="1">6425.0311</dst>
      <dst id="5">119975.0933</dst>
      <dst id="3">1212.5867</dst>
      <dst id="22">194.2578</dst>
      <dst id="7">1355.8844</dst>
      <dst id="2">13879.1733</dst>
      <dst id="6">3107.7778</dst>
      <dst id="16">12027.6178</dst>
      <dst id="14">40.2844</dst>
      <dst id="20">105.6622</dst>
      <dst id="11">1547.6889</dst>
      <dst id="9">113986.0711</dst>
      <dst id="17">4638.1689</dst>
      <dst id="21">17909.3333</dst>
      <dst id="15">1536.7289</dst>
    </src>
    <src id="5">
      <dst id="12">244907.8489</dst>
      <dst id="13">1120.4533</dst>
      <dst id="19">53.8489</dst>
      <dst id="23">3.9644</dst>
      <dst id="8">454.0000</dst>
      <dst id="18">620.7289</dst>
      <dst id="4">4938.5511</dst>
      <dst id="1">389.5644</dst>
      <dst id="3">4.4000</dst>
      <dst id="22">1957.7956</dst>
      <dst id="7">127.1556</dst>
      <dst id="2">85930.6844</dst>
      <dst id="6">25.8133</dst>
      <dst id="16">167.9289</dst>
      <dst id="14">65.8311</dst>
      <dst id="20">63.6978</dst>
      <dst id="11">285.8133</dst>
      <dst id="9">6256.3111</dst>
      <dst id="17">86572.1244</dst>
      <dst id="21">442.4000</dst>
      <dst id="15">148.2400</dst>
    </src>
    <src id="3">
      <dst id="12">9222.8000</dst>
      <dst id="13">9392.0178</dst>
      <dst id="19">1481.7422</dst>
      <dst id="23">8316.3289</dst>
      <dst id="8">7.4578</dst>
      <dst id="18">40916.5422</dst>
      <dst id="4">25106.9600</dst>
      <dst id="1">4815.9111</dst>
      <dst id="5">437.6356</dst>
      <dst id="3">5228.8267</dst>
      <dst id="22">3148.7822</dst>
      <dst id="7">2621.6444</dst>
      <dst id="2">17753.5556</dst>
      <dst id="16">1068.4000</dst>
      <dst id="14">13474.2667</dst>
      <dst id="20">4216.6311</dst>
      <dst id="11">81435.1644</dst>
      <dst id="9">132.9333</dst>
      <dst id="17">9192.3289</dst>
      <dst id="21">12882.5422</dst>
      <dst id="15">1144.4800</dst>
    </src>
    <src id="10">
      <dst id="12">6564.9956</dst>
      <dst id="19">6278.1156</dst>
      <dst id="8">302.8178</dst>
      <dst id="18">4218.6489</dst>
      <dst id="4">0.7111</dst>
      <dst id="1">3191.1556</dst>
      <dst id="5">371.7156</dst>
      <dst id="3">378.6311</dst>
      <dst id="22">3651.6444</dst>
      <dst id="7">29201.7689</dst>
      <dst id="2">15731.6889</dst>
      <dst id="16">2398.8356</dst>
      <dst id="14">1006.1422</dst>
      <dst id="20">1724.0267</dst>
      <dst id="11">4109.7867</dst>
      <dst id="9">749.8311</dst>
      <dst id="17">21081.4489</dst>
      <dst id="21">6913.5022</dst>
      <dst id="15">960.6667</dst>
    </src>
    <src id="22">
      <dst id="12">16925.8133</dst>
      <dst id="13">1058.8267</dst>
      <dst id="19">88.6311</dst>
      <dst id="23">22.8711</dst>
      <dst id="8">196.2844</dst>
      <dst id="18">113.2889</dst>
      <dst id="4">18130.6044</dst>
      <dst id="1">252.2311</dst>
      <dst id="5">1989.5289</dst>
      <dst id="3">724.7822</dst>
      <dst id="7">1589.1378</dst>
      <dst id="2">3535.9822</dst>
      <dst id="6">110.2578</dst>
      <dst id="16">3.9111</dst>
      <dst id="14">14.8978</dst>
      <dst id="11">980.5067</dst>
      <dst id="9">1162.4978</dst>
      <dst id="17">2787.8667</dst>
      <dst id="21">718.3733</dst>
    </src>
    <src id="7">
      <dst id="12">2050.1867</dst>
      <dst id="13">115.5289</dst>
      <dst id="19">113.0044</dst>
      <dst id="23">117.5644</dst>
      <dst id="8">13.7956</dst>
      <dst id="18">47.8311</dst>
      <dst id="4">13608.1867</dst>
      <dst id="1">1380.6844</dst>
      <dst id="5">456.5956</dst>
      <dst id="3">243.3867</dst>
      <dst id="22">5611.1911</dst>
      <dst id="7">805.6889</dst>
      <dst id="2">7352.0267</dst>
      <dst id="6">62.5422</dst>
      <dst id="16">684.1333</dst>
      <dst id="14">46.6044</dst>
      <dst id="20">196.4533</dst>
      <dst id="11">435.0844</dst>
      <dst id="9">344.4178</dst>
      <dst id="17">4043.4933</dst>
      <dst id="21">2020.4622</dst>
      <dst id="15">43.4400</dst>
    </src>
    <src id="2">
      <dst id="12">51103.6622</dst>
      <dst id="13">512249.7511</dst>
      <dst id="19">90.7022</dst>
      <dst id="8">91.4311</dst>
      <dst id="18">30784.2667</dst>
      <dst id="4">83757.8844</dst>
      <dst id="1">5661.5378</dst>
      <dst id="5">2483.2800</dst>
      <dst id="3">3.0222</dst>
      <dst id="22">1256.6044</dst>
      <dst id="7">13260.6400</dst>
      <dst id="2">521.3244</dst>
      <dst id="6">5885.7956</dst>
      <dst id="16">1988.6844</dst>
      <dst id="14">5342.5689</dst>
      <dst id="20">1326.5333</dst>
      <dst id="11">4148.3200</dst>
      <dst id="9">590.2756</dst>
      <dst id="17">41032.8622</dst>
      <dst id="21">1660.9600</dst>
      <dst id="15">3.1378</dst>
    </src>
    <src id="6">
      <dst id="12">6434.3111</dst>
      <dst id="13">4.3467</dst>
      <dst id="19">0.3556</dst>
      <dst id="4">1328.9422</dst>
      <dst id="1">1.2356</dst>
      <dst id="5">0.5333</dst>
      <dst id="22">0.8178</dst>
      <dst id="7">4.2489</dst>
      <dst id="2">1480.5511</dst>
      <dst id="9">1.2533</dst>
      <dst id="17">1070.3911</dst>
      <dst id="21">1.0667</dst>
    </src>
    <src id="16">
      <dst id="12">3486.5422</dst>
      <dst id="13">261.7067</dst>
      <dst id="19">4297.0489</dst>
      <dst id="23">1.3156</dst>
      <dst id="8">1055.2622</dst>
      <dst id="18">1.8844</dst>
      <dst id="4">3878.5956</dst>
      <dst id="1">23879.8489</dst>
      <dst id="5">749.9200</dst>
      <dst id="7">1297.9289</dst>
      <dst id="2">155.6356</dst>
      <dst id="16">19.6978</dst>
      <dst id="14">354.9600</dst>
      <dst id="11">632.6667</dst>
      <dst id="9">658.0533</dst>
      <dst id="17">1328.5422</dst>
      <dst id="21">1765.9556</dst>
    </src>
    <src id="14">
      <dst id="12">22064.9689</dst>
      <dst id="13">49.1733</dst>
      <dst id="19">4.0711</dst>
      <dst id="23">0.3556</dst>
      <dst id="8">11.9111</dst>
      <dst id="18">2.3111</dst>
      <dst id="4">1944.3378</dst>
      <dst id="1">52.7467</dst>
      <dst id="5">0.7111</dst>
      <dst id="3">34.7022</dst>
      <dst id="22">40.4000</dst>
      <dst id="7">61.4311</dst>
      <dst id="2">6024.7733</dst>
      <dst id="16">3147.3244</dst>
      <dst id="11">42.4000</dst>
      <dst id="9">2.4533</dst>
      <dst id="17">6784.1333</dst>
      <dst id="21">38.7733</dst>
    </src>
    <src id="20">
      <dst id="12">6923.2711</dst>
      <dst id="13">5260.4267</dst>
      <dst id="19">2.4089</dst>
      <dst id="8">49.7244</dst>
      <dst id="18">1.1111</dst>
      <dst id="4">6916.8622</dst>
      <dst id="1">36.1511</dst>
      <dst id="5">805.9111</dst>
      <dst id="3">1748.6756</dst>
      <dst id="7">3543.7067</dst>
      <dst id="2">4825.8222</dst>
      <dst id="14">1.1022</dst>
      <dst id="11">396.2667</dst>
      <dst id="9">437.7244</dst>
      <dst id="17">6985.9733</dst>
      <dst id="21">4700.0267</dst>
    </src>
    <src id="11">
      <dst id="12">370426.2133</dst>
      <dst id="13">1770.5156</dst>
      <dst id="19">7.7867</dst>
      <dst id="23">8.4444</dst>
      <dst id="8">183.3156</dst>
      <dst id="18">22.2222</dst>
      <dst id="4">9145.3422</dst>
      <dst id="1">750.9867</dst>
      <dst id="5">275.8578</dst>
      <dst id="3">1122.7911</dst>
      <dst id="22">5186.2667</dst>
      <dst id="7">117.2711</dst>
      <dst id="2">114397.4044</dst>
      <dst id="16">184.2756</dst>
      <dst id="14">109.2800</dst>
      <dst id="20">348.4889</dst>
      <dst id="11">1488.8089</dst>
      <dst id="9">330.1600</dst>
      <dst id="17">137716.1511</dst>
      <dst id="21">99.9467</dst>
      <dst id="15">203.5467</dst>
    </src>
    <src id="9">
      <dst id="12">411031.0311</dst>
      <dst id="13">770.8444</dst>
      <dst id="19">30.6133</dst>
      <dst id="23">37.9022</dst>
      <dst id="8">90.7911</dst>
      <dst id="18">192.1778</dst>
      <dst id="4">12285.0311</dst>
      <dst id="1">940.8356</dst>
      <dst id="5">520.4533</dst>
      <dst id="3">20.8800</dst>
      <dst id="22">577.5289</dst>
      <dst id="7">264.3467</dst>
      <dst id="2">131351.0133</dst>
      <dst id="6">1.6444</dst>
      <dst id="16">51.2889</dst>
      <dst id="14">63.6000</dst>
      <dst id="20">12390.2311</dst>
      <dst id="11">607.2178</dst>
      <dst id="9">22.2222</dst>
      <dst id="17">161533.8578</dst>
      <dst id="21">302.3111</dst>
      <dst id="15">638.0711</dst>
    </src>
    <src id="17">
      <dst id="12">3194.5956</dst>
      <dst id="13">12715.4489</dst>
      <dst id="19">70.0267</dst>
      <dst id="23">231.2622</dst>
      <dst id="8">76900.4533</dst>
      <dst id="18">711.0133</dst>
      <dst id="4">84274.1689</dst>
      <dst id="1">3149.7333</dst>
      <dst id="5">119790.2933</dst>
      <dst id="3">3970.5956</dst>
      <dst id="22">4118.6044</dst>
      <dst id="7">9022.6044</dst>
      <dst id="2">4352.9600</dst>
      <dst id="6">169.0311</dst>
      <dst id="16">2485.1111</dst>
      <dst id="14">11003.9556</dst>
      <dst id="20">236.4267</dst>
      <dst id="11">67705.1111</dst>
      <dst id="9">125966.4889</dst>
      <dst id="17">1398.1689</dst>
      <dst id="21">4264.6133</dst>
      <dst id="15">3.1378</dst>
    </src>
    <src id="21">
      <dst id="12">10733.6889</dst>
      <dst id="13">7287.3067</dst>
      <dst id="19">185.0756</dst>
      <dst id="23">3.1289</dst>
      <dst id="8">69.1111</dst>
      <dst id="18">213.4489</dst>
      <dst id="4">17278.0533</dst>
      <dst id="1">1898.7378</dst>
      <dst id="5">87.7600</dst>
      <dst id="3">7165.7244</dst>
      <dst id="22">1771.4756</dst>
      <dst id="7">4023.2444</dst>
      <dst id="2">15868.5156</dst>
      <dst id="6">9.7244</dst>
      <dst id="16">99.8311</dst>
      <dst id="14">62.2756</dst>
      <dst id="20">165.8667</dst>
      <dst id="11">340.9333</dst>
      <dst id="9">365.8667</dst>
      <dst id="17">4184.0444</dst>
      <dst id="21">1114.4711</dst>
      <dst id="15">36.2933</dst>
    </src>
    <src id="15">
      <dst id="12">139.1822</dst>
      <dst id="13">129.9200</dst>
      <dst id="19">47.9644</dst>
      <dst id="8">23.1467</dst>
      <dst id="18">20.6400</dst>
      <dst id="4">2651.3956</dst>
      <dst id="1">1290.5689</dst>
      <dst id="5">116.1867</dst>
      <dst id="7">15.5733</dst>
      <dst id="2">21.7956</dst>
      <dst id="14">0.4711</dst>
      <dst id="11">101.6356</dst>
      <dst id="9">485.5911</dst>
      <dst id="17">45.2800</dst>
      <dst id="21">72.1511</dst>
    </src>
  </IntraTM>
</TrafficMatrixFile>
