<?xml version="1.0" encoding="UTF-8" standalone="yes"?>
<TrafficMatrixFile xmlns:xsi="http://www.w3.org/2001/XMLSchema-instance" xsi:noNamespaceSchemaLocation="http://totem.run.montefiore.ulg.ac.be/Schema/TrafficMatrix-v1_2.xsd">
  <info>
    <title>Intradomain traffic matrix generated by geant-TM-all.pl</title>
    <date>2005-01-02T15:00:00</date>
    <duration>900</duration>
    <author>Steve Uhlig</author>
    <units>
        <unit type="bandwidth" value="kbps"/>
    </units>
  </info>
  <IntraTM ASID="20965">
    <src id="12">
      <dst id="12">212891.3156</dst>
      <dst id="13">12734.6133</dst>
      <dst id="19">2358.6756</dst>
      <dst id="23">68.1067</dst>
      <dst id="8">891.4400</dst>
      <dst id="18">746.4356</dst>
      <dst id="4">79419.7244</dst>
      <dst id="1">8002.5244</dst>
      <dst id="5">2049.4667</dst>
      <dst id="3">1202.5156</dst>
      <dst id="22">3246.5689</dst>
      <dst id="7">5391.1111</dst>
      <dst id="2">51527.0133</dst>
      <dst id="6">6.9511</dst>
      <dst id="16">4499.1467</dst>
      <dst id="14">119.4400</dst>
      <dst id="20">2901.3067</dst>
      <dst id="11">1679.9378</dst>
      <dst id="9">1534.6844</dst>
      <dst id="17">53036.7111</dst>
      <dst id="21">8436.3200</dst>
      <dst id="15">2692.0533</dst>
    </src>
    <src id="13">
      <dst id="12">39767.4222</dst>
      <dst id="19">3024.4800</dst>
      <dst id="23">5.2622</dst>
      <dst id="8">3580.0978</dst>
      <dst id="18">2688.6756</dst>
      <dst id="1">1778.6400</dst>
      <dst id="5">4592.4800</dst>
      <dst id="3">3549.6711</dst>
      <dst id="22">14601.5200</dst>
      <dst id="7">5694.7022</dst>
      <dst id="2">53241.2267</dst>
      <dst id="6">84.9600</dst>
      <dst id="16">4424.5511</dst>
      <dst id="14">1124.7556</dst>
      <dst id="20">14554.4089</dst>
      <dst id="11">10671.0756</dst>
      <dst id="9">13362.0889</dst>
      <dst id="17">31977.1822</dst>
      <dst id="21">11293.3689</dst>
      <dst id="15">1175.8667</dst>
    </src>
    <src id="19">
      <dst id="12">13426.9244</dst>
      <dst id="13">95.3422</dst>
      <dst id="8">11.5556</dst>
      <dst id="18">23.0311</dst>
      <dst id="4">17499.2000</dst>
      <dst id="1">185.8578</dst>
      <dst id="5">15.6444</dst>
      <dst id="3">4.5422</dst>
      <dst id="22">7.0222</dst>
      <dst id="7">2988.0800</dst>
      <dst id="2">1066.0889</dst>
      <dst id="6">10.8089</dst>
      <dst id="16">9005.2089</dst>
      <dst id="20">1.8311</dst>
      <dst id="11">96.6222</dst>
      <dst id="9">2628.2311</dst>
      <dst id="17">165.9022</dst>
      <dst id="21">290.5156</dst>
      <dst id="15">4.9067</dst>
    </src>
    <src id="23">
      <dst id="12">194.0267</dst>
      <dst id="13">6.3733</dst>
      <dst id="19">0.5244</dst>
      <dst id="8">54.8622</dst>
      <dst id="4">71.9467</dst>
      <dst id="1">19.6800</dst>
      <dst id="5">54.2933</dst>
      <dst id="3">37.5733</dst>
      <dst id="22">16.6844</dst>
      <dst id="7">63.4133</dst>
      <dst id="2">1.6444</dst>
      <dst id="6">0.9956</dst>
      <dst id="16">106.2400</dst>
      <dst id="14">1.0044</dst>
      <dst id="20">40.0000</dst>
      <dst id="11">26.7822</dst>
      <dst id="9">507.9022</dst>
      <dst id="17">123.2267</dst>
      <dst id="21">135.3156</dst>
      <dst id="15">10.2400</dst>
    </src>
    <src id="8">
      <dst id="12">242742.9156</dst>
      <dst id="13">189.2622</dst>
      <dst id="19">0.4711</dst>
      <dst id="23">128.2400</dst>
      <dst id="18">38.0978</dst>
      <dst id="4">5448.0444</dst>
      <dst id="1">100.5600</dst>
      <dst id="5">568.7556</dst>
      <dst id="22">507.9467</dst>
      <dst id="7">37.9022</dst>
      <dst id="2">72004.1956</dst>
      <dst id="16">93.0489</dst>
      <dst id="20">1296.1244</dst>
      <dst id="11">1160.5244</dst>
      <dst id="9">660.5422</dst>
      <dst id="17">84043.7333</dst>
      <dst id="21">249.4489</dst>
      <dst id="15">6.0089</dst>
    </src>
    <src id="18">
      <dst id="12">100693.5022</dst>
      <dst id="13">51.0844</dst>
      <dst id="19">1.1733</dst>
      <dst id="23">1.2089</dst>
      <dst id="8">1.5644</dst>
      <dst id="4">2804.3556</dst>
      <dst id="1">816.0889</dst>
      <dst id="5">114.4267</dst>
      <dst id="3">69.1111</dst>
      <dst id="22">189.9556</dst>
      <dst id="7">5.0133</dst>
      <dst id="2">31446.4089</dst>
      <dst id="16">57.6000</dst>
      <dst id="14">1.6089</dst>
      <dst id="20">118.5689</dst>
      <dst id="11">120.0533</dst>
      <dst id="9">206.3556</dst>
      <dst id="17">36688.2667</dst>
      <dst id="21">183.5378</dst>
      <dst id="15">1.8489</dst>
    </src>
    <src id="4">
      <dst id="12">11722.4356</dst>
      <dst id="19">4655.1644</dst>
      <dst id="8">1005.7778</dst>
      <dst id="18">1011.9111</dst>
      <dst id="4">0.3556</dst>
      <dst id="1">17699.2356</dst>
      <dst id="5">1955.6978</dst>
      <dst id="3">98.9778</dst>
      <dst id="22">3032.6222</dst>
      <dst id="7">45977.9733</dst>
      <dst id="2">46910.4267</dst>
      <dst id="16">1188.4356</dst>
      <dst id="14">925.4933</dst>
      <dst id="20">1663.8667</dst>
      <dst id="11">8178.3467</dst>
      <dst id="9">3367.3067</dst>
      <dst id="17">127261.1911</dst>
      <dst id="21">3972.0533</dst>
      <dst id="15">362.6667</dst>
    </src>
    <src id="1">
      <dst id="12">17338.6044</dst>
      <dst id="13">109.8311</dst>
      <dst id="19">51.2889</dst>
      <dst id="23">109.8667</dst>
      <dst id="8">59845.7867</dst>
      <dst id="18">13176.4089</dst>
      <dst id="4">8098.1067</dst>
      <dst id="1">20209.3333</dst>
      <dst id="5">169306.0889</dst>
      <dst id="3">134.2756</dst>
      <dst id="22">290.7822</dst>
      <dst id="7">1083.1022</dst>
      <dst id="2">1574.1867</dst>
      <dst id="6">8652.1867</dst>
      <dst id="16">15133.6622</dst>
      <dst id="14">100.7911</dst>
      <dst id="20">204.0267</dst>
      <dst id="11">99.9911</dst>
      <dst id="9">167336.1778</dst>
      <dst id="17">1701.4578</dst>
      <dst id="21">3141.9644</dst>
      <dst id="15">147.3778</dst>
    </src>
    <src id="5">
      <dst id="12">200758.1156</dst>
      <dst id="13">438.5333</dst>
      <dst id="19">18.7378</dst>
      <dst id="23">27.9467</dst>
      <dst id="8">628.1156</dst>
      <dst id="18">22.8089</dst>
      <dst id="4">4067.2356</dst>
      <dst id="1">303.1378</dst>
      <dst id="3">1.6444</dst>
      <dst id="22">1330.2222</dst>
      <dst id="7">21.4667</dst>
      <dst id="2">90469.5911</dst>
      <dst id="6">0.7822</dst>
      <dst id="16">456.0622</dst>
      <dst id="14">6.0267</dst>
      <dst id="20">2757.3156</dst>
      <dst id="11">564.1511</dst>
      <dst id="9">560.8089</dst>
      <dst id="17">77055.2089</dst>
      <dst id="21">524.0267</dst>
      <dst id="15">168.6133</dst>
    </src>
    <src id="3">
      <dst id="12">9844.0711</dst>
      <dst id="13">658.7378</dst>
      <dst id="19">577.3778</dst>
      <dst id="23">2.7822</dst>
      <dst id="8">44.5778</dst>
      <dst id="18">49905.3067</dst>
      <dst id="4">25576.6400</dst>
      <dst id="1">4707.6889</dst>
      <dst id="5">730.7378</dst>
      <dst id="3">6685.2444</dst>
      <dst id="22">355.1644</dst>
      <dst id="7">592.4889</dst>
      <dst id="2">2863.7333</dst>
      <dst id="16">897.7156</dst>
      <dst id="14">28332.1244</dst>
      <dst id="20">42.4800</dst>
      <dst id="11">110558.6222</dst>
      <dst id="9">189.5200</dst>
      <dst id="17">6138.5244</dst>
      <dst id="21">3034.8978</dst>
      <dst id="15">151.7156</dst>
    </src>
    <src id="10">
      <dst id="12">6676.3467</dst>
      <dst id="19">4815.0400</dst>
      <dst id="8">650.5956</dst>
      <dst id="18">826.7733</dst>
      <dst id="1">3800.0000</dst>
      <dst id="5">1145.7689</dst>
      <dst id="3">16435.9556</dst>
      <dst id="22">2210.8000</dst>
      <dst id="7">20138.3822</dst>
      <dst id="2">34048.3467</dst>
      <dst id="6">2.3644</dst>
      <dst id="16">3794.8622</dst>
      <dst id="14">209.2089</dst>
      <dst id="20">1556.9511</dst>
      <dst id="11">4456.5156</dst>
      <dst id="9">2107.7956</dst>
      <dst id="17">20579.0311</dst>
      <dst id="21">8164.6044</dst>
      <dst id="15">378.7289</dst>
    </src>
    <src id="22">
      <dst id="12">3050.3467</dst>
      <dst id="13">1331.3956</dst>
      <dst id="19">23.6000</dst>
      <dst id="23">10.9422</dst>
      <dst id="8">753.1556</dst>
      <dst id="18">720.8444</dst>
      <dst id="4">19863.2711</dst>
      <dst id="1">45.8933</dst>
      <dst id="5">3333.0133</dst>
      <dst id="3">1138.4711</dst>
      <dst id="7">261.1022</dst>
      <dst id="2">2110.7822</dst>
      <dst id="6">0.9333</dst>
      <dst id="16">1.1733</dst>
      <dst id="14">27.5556</dst>
      <dst id="11">3719.4311</dst>
      <dst id="9">973.1111</dst>
      <dst id="17">1606.2756</dst>
      <dst id="21">713.9644</dst>
    </src>
    <src id="7">
      <dst id="12">2018.5511</dst>
      <dst id="13">96.1511</dst>
      <dst id="19">80.1778</dst>
      <dst id="23">27.7333</dst>
      <dst id="8">355.7511</dst>
      <dst id="18">181.3511</dst>
      <dst id="4">24806.0089</dst>
      <dst id="1">2197.1467</dst>
      <dst id="5">615.8133</dst>
      <dst id="3">125.7511</dst>
      <dst id="22">3271.2533</dst>
      <dst id="7">807.1822</dst>
      <dst id="2">6428.5600</dst>
      <dst id="6">0.8800</dst>
      <dst id="16">761.3422</dst>
      <dst id="14">58.8711</dst>
      <dst id="20">111.6533</dst>
      <dst id="11">823.5822</dst>
      <dst id="9">230.5333</dst>
      <dst id="17">6145.3422</dst>
      <dst id="21">1667.2444</dst>
      <dst id="15">369.7244</dst>
    </src>
    <src id="2">
      <dst id="12">96021.6267</dst>
      <dst id="13">6075.0933</dst>
      <dst id="19">8270.5156</dst>
      <dst id="8">1388.2044</dst>
      <dst id="18">46154.1244</dst>
      <dst id="4">85588.6578</dst>
      <dst id="1">1401.0222</dst>
      <dst id="5">535.3422</dst>
      <dst id="3">9.3156</dst>
      <dst id="22">1518.0800</dst>
      <dst id="7">7423.9378</dst>
      <dst id="2">1158.5333</dst>
      <dst id="6">4431.2711</dst>
      <dst id="16">3779.9822</dst>
      <dst id="14">5390.2756</dst>
      <dst id="20">129.6800</dst>
      <dst id="11">2274.2844</dst>
      <dst id="9">684.5600</dst>
      <dst id="17">20467.1111</dst>
      <dst id="21">2650.5422</dst>
      <dst id="15">518.0444</dst>
    </src>
    <src id="6">
      <dst id="12">8453.8489</dst>
      <dst id="13">3.6356</dst>
      <dst id="19">4.0889</dst>
      <dst id="23">1.1378</dst>
      <dst id="18">0.3378</dst>
      <dst id="4">190.9689</dst>
      <dst id="1">12.3467</dst>
      <dst id="5">0.3556</dst>
      <dst id="22">0.8178</dst>
      <dst id="7">24.3200</dst>
      <dst id="2">1564.4800</dst>
      <dst id="16">2.3467</dst>
      <dst id="11">13.6889</dst>
      <dst id="9">0.3556</dst>
      <dst id="17">1437.1022</dst>
    </src>
    <src id="16">
      <dst id="12">8147.4400</dst>
      <dst id="13">146.0800</dst>
      <dst id="19">4219.9200</dst>
      <dst id="23">7.6178</dst>
      <dst id="8">1603.9822</dst>
      <dst id="18">1402.9511</dst>
      <dst id="4">6507.3244</dst>
      <dst id="1">14540.4622</dst>
      <dst id="5">4738.7200</dst>
      <dst id="3">3.0044</dst>
      <dst id="7">2220.0533</dst>
      <dst id="2">321.7511</dst>
      <dst id="6">14.8444</dst>
      <dst id="16">23.4933</dst>
      <dst id="14">246.4000</dst>
      <dst id="11">260.2489</dst>
      <dst id="9">6895.6622</dst>
      <dst id="17">1679.6800</dst>
      <dst id="21">63.4311</dst>
    </src>
    <src id="14">
      <dst id="12">13087.3867</dst>
      <dst id="13">12.7289</dst>
      <dst id="19">2.2400</dst>
      <dst id="23">0.3911</dst>
      <dst id="4">1837.4489</dst>
      <dst id="1">40.7378</dst>
      <dst id="5">0.8178</dst>
      <dst id="3">91.0044</dst>
      <dst id="22">3.5822</dst>
      <dst id="7">41.1289</dst>
      <dst id="2">4241.9022</dst>
      <dst id="16">125.6178</dst>
      <dst id="20">0.7822</dst>
      <dst id="11">35.5733</dst>
      <dst id="17">6221.7156</dst>
      <dst id="21">54.9956</dst>
    </src>
    <src id="20">
      <dst id="12">2483.0756</dst>
      <dst id="13">337.0489</dst>
      <dst id="19">6.9689</dst>
      <dst id="23">0.9244</dst>
      <dst id="8">833.0044</dst>
      <dst id="18">254.8622</dst>
      <dst id="4">14589.3333</dst>
      <dst id="1">44.8356</dst>
      <dst id="5">572.2044</dst>
      <dst id="3">147.5733</dst>
      <dst id="7">21.3067</dst>
      <dst id="2">2230.6044</dst>
      <dst id="14">0.6578</dst>
      <dst id="11">198.6044</dst>
      <dst id="9">3497.2889</dst>
      <dst id="17">422.5422</dst>
      <dst id="21">162.7644</dst>
    </src>
    <src id="11">
      <dst id="12">367027.2089</dst>
      <dst id="13">570.3822</dst>
      <dst id="19">79.0044</dst>
      <dst id="23">2.9600</dst>
      <dst id="8">431.2622</dst>
      <dst id="18">306.1156</dst>
      <dst id="4">14800.5156</dst>
      <dst id="1">713.6178</dst>
      <dst id="5">754.5244</dst>
      <dst id="3">354.6400</dst>
      <dst id="22">1456.7822</dst>
      <dst id="7">162.4622</dst>
      <dst id="2">132715.6089</dst>
      <dst id="6">69.1556</dst>
      <dst id="16">780.0000</dst>
      <dst id="14">58.3644</dst>
      <dst id="20">83.0756</dst>
      <dst id="11">1293.8311</dst>
      <dst id="9">1058.4800</dst>
      <dst id="17">123369.2889</dst>
      <dst id="21">635.5556</dst>
      <dst id="15">120.7467</dst>
    </src>
    <src id="9">
      <dst id="12">387202.4444</dst>
      <dst id="13">1237.0489</dst>
      <dst id="19">555.2622</dst>
      <dst id="23">20.4800</dst>
      <dst id="8">476.6844</dst>
      <dst id="18">240.9067</dst>
      <dst id="4">16337.3156</dst>
      <dst id="1">248.9956</dst>
      <dst id="5">1313.0489</dst>
      <dst id="3">48.3467</dst>
      <dst id="22">1530.5244</dst>
      <dst id="7">204.2222</dst>
      <dst id="2">129654.9778</dst>
      <dst id="16">565.6089</dst>
      <dst id="14">0.8444</dst>
      <dst id="20">3525.3244</dst>
      <dst id="11">672.2044</dst>
      <dst id="9">361.8311</dst>
      <dst id="17">135701.1289</dst>
      <dst id="21">226.2133</dst>
      <dst id="15">291.9467</dst>
    </src>
    <src id="17">
      <dst id="12">7038.9244</dst>
      <dst id="13">849.9022</dst>
      <dst id="19">140.6489</dst>
      <dst id="23">16.0178</dst>
      <dst id="8">73895.0667</dst>
      <dst id="18">263.1289</dst>
      <dst id="4">30870.8178</dst>
      <dst id="1">3153.7600</dst>
      <dst id="5">167828.9511</dst>
      <dst id="3">8438.7200</dst>
      <dst id="22">1379.7778</dst>
      <dst id="7">5051.4400</dst>
      <dst id="2">8737.8578</dst>
      <dst id="6">177.3778</dst>
      <dst id="16">673.2267</dst>
      <dst id="14">23233.3956</dst>
      <dst id="20">180.9867</dst>
      <dst id="11">103566.6311</dst>
      <dst id="9">166214.7200</dst>
      <dst id="17">911.8933</dst>
      <dst id="21">5460.7556</dst>
      <dst id="15">54.9778</dst>
    </src>
    <src id="21">
      <dst id="12">16390.3556</dst>
      <dst id="13">432.8800</dst>
      <dst id="19">36.7556</dst>
      <dst id="23">0.8178</dst>
      <dst id="8">471.0844</dst>
      <dst id="18">255.7156</dst>
      <dst id="4">18358.7822</dst>
      <dst id="1">604.0533</dst>
      <dst id="5">496.7644</dst>
      <dst id="3">572.5422</dst>
      <dst id="22">2469.8400</dst>
      <dst id="7">3569.4667</dst>
      <dst id="2">6551.0933</dst>
      <dst id="6">1.4667</dst>
      <dst id="16">117.3067</dst>
      <dst id="14">53.1911</dst>
      <dst id="20">33.2800</dst>
      <dst id="11">450.1956</dst>
      <dst id="9">374.9600</dst>
      <dst id="17">3200.0356</dst>
      <dst id="21">932.6222</dst>
      <dst id="15">121.5467</dst>
    </src>
    <src id="15">
      <dst id="12">1291.5822</dst>
      <dst id="13">21.2356</dst>
      <dst id="19">0.9956</dst>
      <dst id="23">2.5600</dst>
      <dst id="8">14.3467</dst>
      <dst id="18">0.8533</dst>
      <dst id="4">2341.9911</dst>
      <dst id="1">572.8711</dst>
      <dst id="5">112.7911</dst>
      <dst id="3">8.0533</dst>
      <dst id="7">12.0533</dst>
      <dst id="2">102.6933</dst>
      <dst id="16">0.3022</dst>
      <dst id="11">257.9644</dst>
      <dst id="9">240.9156</dst>
      <dst id="17">201.4667</dst>
      <dst id="21">5.7156</dst>
    </src>
  </IntraTM>
</TrafficMatrixFile>
