<?xml version="1.0" encoding="UTF-8" standalone="yes"?>
<TrafficMatrixFile xmlns:xsi="http://www.w3.org/2001/XMLSchema-instance" xsi:noNamespaceSchemaLocation="http://totem.run.montefiore.ulg.ac.be/Schema/TrafficMatrix-v1_2.xsd">
  <info>
    <title>Intradomain traffic matrix generated by geant-TM-all.pl</title>
    <date>2005-01-06T03:30:00</date>
    <duration>900</duration>
    <author>Steve Uhlig</author>
    <units>
        <unit type="bandwidth" value="kbps"/>
    </units>
  </info>
  <IntraTM ASID="20965">
    <src id="12">
      <dst id="12">306778.1422</dst>
      <dst id="13">40459.6089</dst>
      <dst id="19">5114.9156</dst>
      <dst id="23">336.3733</dst>
      <dst id="8">1283.4311</dst>
      <dst id="18">4639.8844</dst>
      <dst id="4">118303.6356</dst>
      <dst id="1">8229.9733</dst>
      <dst id="5">11337.9644</dst>
      <dst id="3">8392.4444</dst>
      <dst id="22">18868.0622</dst>
      <dst id="7">2574.6133</dst>
      <dst id="2">128173.4133</dst>
      <dst id="6">15.5556</dst>
      <dst id="16">6954.1511</dst>
      <dst id="14">155.8489</dst>
      <dst id="20">6667.9289</dst>
      <dst id="11">9517.1733</dst>
      <dst id="9">22422.8800</dst>
      <dst id="17">99677.7067</dst>
      <dst id="21">11338.9689</dst>
      <dst id="15">8453.4578</dst>
    </src>
    <src id="13">
      <dst id="12">90746.4711</dst>
      <dst id="19">11495.7244</dst>
      <dst id="23">364.2133</dst>
      <dst id="8">7701.7333</dst>
      <dst id="18">8379.9556</dst>
      <dst id="4">0.7111</dst>
      <dst id="1">17337.4222</dst>
      <dst id="5">8744.9689</dst>
      <dst id="3">12855.9022</dst>
      <dst id="22">25072.2311</dst>
      <dst id="7">38262.1689</dst>
      <dst id="2">146553.6444</dst>
      <dst id="6">33.4578</dst>
      <dst id="16">12257.6889</dst>
      <dst id="14">6458.7378</dst>
      <dst id="20">13150.7289</dst>
      <dst id="11">15156.3556</dst>
      <dst id="9">21232.2133</dst>
      <dst id="17">98070.1511</dst>
      <dst id="21">34249.5467</dst>
      <dst id="15">7494.5600</dst>
    </src>
    <src id="19">
      <dst id="12">20144.9244</dst>
      <dst id="13">975.6711</dst>
      <dst id="23">291.0400</dst>
      <dst id="8">82.6578</dst>
      <dst id="18">4178.5867</dst>
      <dst id="4">20592.7467</dst>
      <dst id="1">2174.1244</dst>
      <dst id="5">125.2800</dst>
      <dst id="3">242.9778</dst>
      <dst id="22">1110.8711</dst>
      <dst id="7">3958.1244</dst>
      <dst id="2">1241.6356</dst>
      <dst id="6">195.0756</dst>
      <dst id="16">5921.9822</dst>
      <dst id="14">0.4978</dst>
      <dst id="20">1672.5778</dst>
      <dst id="11">124.4356</dst>
      <dst id="9">7098.0711</dst>
      <dst id="17">9899.5644</dst>
      <dst id="21">5722.8356</dst>
      <dst id="15">1422.0444</dst>
    </src>
    <src id="23">
      <dst id="12">1056.6222</dst>
      <dst id="13">203.9911</dst>
      <dst id="19">114.1156</dst>
      <dst id="8">2.3378</dst>
      <dst id="18">18.7911</dst>
      <dst id="4">29.0044</dst>
      <dst id="1">73.8756</dst>
      <dst id="5">140.4444</dst>
      <dst id="3">327.3689</dst>
      <dst id="22">924.3378</dst>
      <dst id="7">155.4578</dst>
      <dst id="2">85.7422</dst>
      <dst id="16">187.9200</dst>
      <dst id="14">0.8178</dst>
      <dst id="20">272.2489</dst>
      <dst id="11">19.1022</dst>
      <dst id="9">596.8356</dst>
      <dst id="17">2281.1022</dst>
      <dst id="21">581.2089</dst>
      <dst id="15">412.4800</dst>
    </src>
    <src id="8">
      <dst id="12">345918.0356</dst>
      <dst id="13">1723.0667</dst>
      <dst id="19">149.3244</dst>
      <dst id="23">27.3778</dst>
      <dst id="18">108.3911</dst>
      <dst id="4">10849.2711</dst>
      <dst id="1">5206.3467</dst>
      <dst id="5">10835.9467</dst>
      <dst id="3">13.3333</dst>
      <dst id="22">2158.1067</dst>
      <dst id="7">216.1422</dst>
      <dst id="2">132554.8444</dst>
      <dst id="16">840.4089</dst>
      <dst id="20">2279.9733</dst>
      <dst id="11">2062.9778</dst>
      <dst id="9">1745.5378</dst>
      <dst id="17">135596.9956</dst>
      <dst id="21">326.5778</dst>
      <dst id="15">47.7689</dst>
    </src>
    <src id="18">
      <dst id="12">145537.9467</dst>
      <dst id="13">553.9467</dst>
      <dst id="19">642.2844</dst>
      <dst id="23">3.6089</dst>
      <dst id="8">117.3689</dst>
      <dst id="4">3518.6133</dst>
      <dst id="1">1214.2133</dst>
      <dst id="5">178.9156</dst>
      <dst id="3">38.2578</dst>
      <dst id="22">1917.7333</dst>
      <dst id="7">201.9111</dst>
      <dst id="2">45644.6133</dst>
      <dst id="16">13.6000</dst>
      <dst id="14">5.5556</dst>
      <dst id="20">2.8711</dst>
      <dst id="11">401.0400</dst>
      <dst id="9">464.2133</dst>
      <dst id="17">52945.8133</dst>
      <dst id="21">1253.7333</dst>
      <dst id="15">34.3733</dst>
    </src>
    <src id="4">
      <dst id="12">20413.0400</dst>
      <dst id="19">8037.4933</dst>
      <dst id="23">0.4622</dst>
      <dst id="8">4799.3067</dst>
      <dst id="18">1650.8978</dst>
      <dst id="4">4.8622</dst>
      <dst id="1">54520.2578</dst>
      <dst id="5">2203.8756</dst>
      <dst id="3">4983.9644</dst>
      <dst id="22">7192.4267</dst>
      <dst id="7">34944.7378</dst>
      <dst id="2">94954.7911</dst>
      <dst id="6">37.6000</dst>
      <dst id="16">4602.0267</dst>
      <dst id="14">4204.8889</dst>
      <dst id="20">6448.4000</dst>
      <dst id="11">3222.2489</dst>
      <dst id="9">7875.6444</dst>
      <dst id="17">34613.6356</dst>
      <dst id="21">13536.4889</dst>
      <dst id="15">1184.2489</dst>
    </src>
    <src id="1">
      <dst id="12">23517.1022</dst>
      <dst id="13">11193.6978</dst>
      <dst id="19">538.7111</dst>
      <dst id="23">119.7689</dst>
      <dst id="8">179377.5289</dst>
      <dst id="18">16210.4800</dst>
      <dst id="4">29002.7200</dst>
      <dst id="1">26336.6844</dst>
      <dst id="5">299997.4133</dst>
      <dst id="3">99.5022</dst>
      <dst id="22">5787.1556</dst>
      <dst id="7">26412.1244</dst>
      <dst id="2">29666.7644</dst>
      <dst id="6">14733.9733</dst>
      <dst id="16">9766.2400</dst>
      <dst id="14">28.5867</dst>
      <dst id="20">116.7644</dst>
      <dst id="11">238.2133</dst>
      <dst id="9">301276.2133</dst>
      <dst id="17">22739.8933</dst>
      <dst id="21">15789.1111</dst>
      <dst id="15">1088.3467</dst>
    </src>
    <src id="5">
      <dst id="12">414022.8178</dst>
      <dst id="13">19529.9467</dst>
      <dst id="19">292.0178</dst>
      <dst id="23">18.2400</dst>
      <dst id="8">17222.2489</dst>
      <dst id="18">252.7200</dst>
      <dst id="4">9372.6667</dst>
      <dst id="1">3286.6667</dst>
      <dst id="3">91.3689</dst>
      <dst id="22">8723.0311</dst>
      <dst id="7">276.0178</dst>
      <dst id="2">177387.1911</dst>
      <dst id="6">12.9067</dst>
      <dst id="16">1317.5733</dst>
      <dst id="14">60.4533</dst>
      <dst id="20">8113.6711</dst>
      <dst id="11">3084.5867</dst>
      <dst id="9">3957.1556</dst>
      <dst id="17">152115.6000</dst>
      <dst id="21">711.2978</dst>
      <dst id="15">303.9467</dst>
    </src>
    <src id="3">
      <dst id="12">16769.4933</dst>
      <dst id="13">5998.5511</dst>
      <dst id="19">1769.9378</dst>
      <dst id="23">47.7511</dst>
      <dst id="8">517.1289</dst>
      <dst id="18">162678.6756</dst>
      <dst id="4">77127.2622</dst>
      <dst id="1">8165.0667</dst>
      <dst id="5">849.7511</dst>
      <dst id="3">15874.5422</dst>
      <dst id="22">1658.7200</dst>
      <dst id="7">36859.9556</dst>
      <dst id="2">21818.9511</dst>
      <dst id="6">0.6933</dst>
      <dst id="16">1920.1778</dst>
      <dst id="14">46466.7111</dst>
      <dst id="20">526.6844</dst>
      <dst id="11">258005.8578</dst>
      <dst id="9">366.0622</dst>
      <dst id="17">41403.7689</dst>
      <dst id="21">18831.4044</dst>
      <dst id="15">1307.8044</dst>
    </src>
    <src id="10">
      <dst id="12">17682.8889</dst>
      <dst id="19">4794.8267</dst>
      <dst id="8">3610.2756</dst>
      <dst id="18">3446.2756</dst>
      <dst id="1">1756.9067</dst>
      <dst id="5">1109.3689</dst>
      <dst id="3">35733.1733</dst>
      <dst id="22">6551.7867</dst>
      <dst id="7">7556.1067</dst>
      <dst id="2">39666.0889</dst>
      <dst id="6">48.1689</dst>
      <dst id="16">3889.7689</dst>
      <dst id="14">1048.9867</dst>
      <dst id="20">2694.2933</dst>
      <dst id="11">3711.6356</dst>
      <dst id="9">2562.0800</dst>
      <dst id="17">33593.7600</dst>
      <dst id="21">14466.0444</dst>
      <dst id="15">355.6889</dst>
    </src>
    <src id="22">
      <dst id="12">6687.6800</dst>
      <dst id="13">5147.5911</dst>
      <dst id="19">192.8978</dst>
      <dst id="23">147.3156</dst>
      <dst id="8">2174.7111</dst>
      <dst id="18">635.0400</dst>
      <dst id="4">30782.1156</dst>
      <dst id="1">379.9556</dst>
      <dst id="5">5432.5511</dst>
      <dst id="3">677.4400</dst>
      <dst id="7">1419.1822</dst>
      <dst id="2">6702.9956</dst>
      <dst id="6">0.6578</dst>
      <dst id="16">0.4089</dst>
      <dst id="14">163.6978</dst>
      <dst id="11">6581.7333</dst>
      <dst id="9">6990.4000</dst>
      <dst id="17">10752.4889</dst>
      <dst id="21">3121.8133</dst>
    </src>
    <src id="7">
      <dst id="12">4197.4311</dst>
      <dst id="13">4236.3111</dst>
      <dst id="19">1684.7556</dst>
      <dst id="23">221.4933</dst>
      <dst id="8">642.5422</dst>
      <dst id="18">2369.6444</dst>
      <dst id="4">40060.8711</dst>
      <dst id="1">60224.8800</dst>
      <dst id="5">1404.7556</dst>
      <dst id="3">2793.3333</dst>
      <dst id="22">5888.7556</dst>
      <dst id="7">841.2089</dst>
      <dst id="2">20648.4000</dst>
      <dst id="6">81.2089</dst>
      <dst id="16">6811.9644</dst>
      <dst id="14">168.1778</dst>
      <dst id="20">2033.8311</dst>
      <dst id="11">3702.7911</dst>
      <dst id="9">1750.8089</dst>
      <dst id="17">10109.2711</dst>
      <dst id="21">16254.6844</dst>
      <dst id="15">1096.1956</dst>
    </src>
    <src id="2">
      <dst id="12">148541.8133</dst>
      <dst id="13">524685.0844</dst>
      <dst id="19">1996.1867</dst>
      <dst id="23">4.6933</dst>
      <dst id="8">2889.0756</dst>
      <dst id="18">125442.7911</dst>
      <dst id="4">138617.4222</dst>
      <dst id="1">9216.9689</dst>
      <dst id="5">1900.1600</dst>
      <dst id="3">4108.1422</dst>
      <dst id="22">4207.5822</dst>
      <dst id="7">10259.4489</dst>
      <dst id="2">1315.5022</dst>
      <dst id="6">9111.2978</dst>
      <dst id="16">3650.8089</dst>
      <dst id="14">2624.3911</dst>
      <dst id="20">8288.3822</dst>
      <dst id="11">5184.1422</dst>
      <dst id="9">2569.2178</dst>
      <dst id="17">33518.0889</dst>
      <dst id="21">10104.5956</dst>
      <dst id="15">2641.6889</dst>
    </src>
    <src id="6">
      <dst id="12">10737.2711</dst>
      <dst id="13">12.5689</dst>
      <dst id="19">16.8000</dst>
      <dst id="23">0.3378</dst>
      <dst id="8">26.0622</dst>
      <dst id="18">23.4667</dst>
      <dst id="4">157.6000</dst>
      <dst id="1">191.3511</dst>
      <dst id="5">0.8178</dst>
      <dst id="3">12.6222</dst>
      <dst id="22">18.7200</dst>
      <dst id="7">18.0356</dst>
      <dst id="2">2704.5689</dst>
      <dst id="16">39.5378</dst>
      <dst id="11">29.8222</dst>
      <dst id="9">13.0844</dst>
      <dst id="17">2085.8222</dst>
      <dst id="21">79.4222</dst>
      <dst id="15">0.3733</dst>
    </src>
    <src id="16">
      <dst id="12">6668.7733</dst>
      <dst id="13">772.6311</dst>
      <dst id="19">4057.5467</dst>
      <dst id="23">533.2000</dst>
      <dst id="8">7298.8356</dst>
      <dst id="18">48.4356</dst>
      <dst id="4">7962.1956</dst>
      <dst id="1">17139.8133</dst>
      <dst id="5">6991.3778</dst>
      <dst id="3">300.8444</dst>
      <dst id="7">5487.7600</dst>
      <dst id="2">2596.4800</dst>
      <dst id="6">3.0133</dst>
      <dst id="16">74.4622</dst>
      <dst id="14">378.0889</dst>
      <dst id="11">3467.2356</dst>
      <dst id="9">9314.3556</dst>
      <dst id="17">4588.0356</dst>
      <dst id="21">1349.0400</dst>
    </src>
    <src id="14">
      <dst id="12">23043.9911</dst>
      <dst id="13">129.1644</dst>
      <dst id="19">2.2400</dst>
      <dst id="23">25.6711</dst>
      <dst id="8">14.5422</dst>
      <dst id="18">31.4044</dst>
      <dst id="4">4740.4000</dst>
      <dst id="1">153.5289</dst>
      <dst id="5">0.4178</dst>
      <dst id="3">151.2267</dst>
      <dst id="22">29.6978</dst>
      <dst id="7">56.2311</dst>
      <dst id="2">6579.5556</dst>
      <dst id="16">7.1822</dst>
      <dst id="20">12.6222</dst>
      <dst id="11">35.6533</dst>
      <dst id="9">33.7778</dst>
      <dst id="17">10642.9956</dst>
      <dst id="21">70.7467</dst>
      <dst id="15">1.1111</dst>
    </src>
    <src id="20">
      <dst id="12">13102.8178</dst>
      <dst id="13">1960.4089</dst>
      <dst id="19">2201.7689</dst>
      <dst id="23">4.5333</dst>
      <dst id="8">2998.4800</dst>
      <dst id="18">25.4222</dst>
      <dst id="4">7922.2400</dst>
      <dst id="1">77.6444</dst>
      <dst id="5">6736.5333</dst>
      <dst id="3">8196.7200</dst>
      <dst id="7">843.1467</dst>
      <dst id="2">10958.3467</dst>
      <dst id="6">4.7111</dst>
      <dst id="14">1.8933</dst>
      <dst id="11">939.2889</dst>
      <dst id="9">6006.2844</dst>
      <dst id="17">5282.5689</dst>
      <dst id="21">1086.2933</dst>
    </src>
    <src id="11">
      <dst id="12">450555.8489</dst>
      <dst id="13">3474.5156</dst>
      <dst id="19">499.5022</dst>
      <dst id="23">170.6844</dst>
      <dst id="8">1372.5244</dst>
      <dst id="18">449.6622</dst>
      <dst id="4">15271.1911</dst>
      <dst id="1">3971.0756</dst>
      <dst id="5">1607.9467</dst>
      <dst id="3">2982.2578</dst>
      <dst id="22">2540.7733</dst>
      <dst id="7">1577.2089</dst>
      <dst id="2">192322.6578</dst>
      <dst id="6">852.9956</dst>
      <dst id="16">567.2000</dst>
      <dst id="14">27.4133</dst>
      <dst id="20">4579.0222</dst>
      <dst id="11">1916.4000</dst>
      <dst id="9">1076.3022</dst>
      <dst id="17">191575.2356</dst>
      <dst id="21">853.8756</dst>
      <dst id="15">190.6844</dst>
    </src>
    <src id="9">
      <dst id="12">519809.2178</dst>
      <dst id="13">4495.2178</dst>
      <dst id="19">221.9911</dst>
      <dst id="23">52.4978</dst>
      <dst id="8">353.1911</dst>
      <dst id="18">518.1422</dst>
      <dst id="4">21830.7200</dst>
      <dst id="1">5242.6667</dst>
      <dst id="5">1271.9644</dst>
      <dst id="3">6.3911</dst>
      <dst id="22">6221.2622</dst>
      <dst id="7">1796.5956</dst>
      <dst id="2">208803.4578</dst>
      <dst id="6">2.4356</dst>
      <dst id="16">999.2800</dst>
      <dst id="14">37.6356</dst>
      <dst id="20">20387.2178</dst>
      <dst id="11">2909.3778</dst>
      <dst id="9">1015.1556</dst>
      <dst id="17">202459.5111</dst>
      <dst id="21">1633.9911</dst>
      <dst id="15">2051.7600</dst>
    </src>
    <src id="17">
      <dst id="12">11164.2222</dst>
      <dst id="13">10232.2844</dst>
      <dst id="19">667.1822</dst>
      <dst id="23">484.3289</dst>
      <dst id="8">195621.9911</dst>
      <dst id="18">3300.7200</dst>
      <dst id="4">120445.4133</dst>
      <dst id="1">3427.9467</dst>
      <dst id="5">289304.3644</dst>
      <dst id="3">13797.7956</dst>
      <dst id="22">7056.7467</dst>
      <dst id="7">11747.4844</dst>
      <dst id="2">53356.3556</dst>
      <dst id="6">254.1600</dst>
      <dst id="16">12978.1067</dst>
      <dst id="14">49225.3600</dst>
      <dst id="20">14984.5956</dst>
      <dst id="11">197848.3556</dst>
      <dst id="9">246274.5156</dst>
      <dst id="17">1953.9200</dst>
      <dst id="21">22496.3644</dst>
      <dst id="15">370.8889</dst>
    </src>
    <src id="21">
      <dst id="12">26303.7511</dst>
      <dst id="13">3751.1644</dst>
      <dst id="19">715.6800</dst>
      <dst id="23">107.0578</dst>
      <dst id="8">94.3911</dst>
      <dst id="18">2950.6400</dst>
      <dst id="4">27173.7689</dst>
      <dst id="1">6662.9333</dst>
      <dst id="5">808.0000</dst>
      <dst id="3">20350.6933</dst>
      <dst id="22">1487.1644</dst>
      <dst id="7">2752.5156</dst>
      <dst id="2">20300.8178</dst>
      <dst id="6">15.6800</dst>
      <dst id="16">1227.4933</dst>
      <dst id="14">65.7156</dst>
      <dst id="20">1282.1156</dst>
      <dst id="11">1229.7689</dst>
      <dst id="9">7202.1867</dst>
      <dst id="17">7199.9111</dst>
      <dst id="21">4541.1733</dst>
      <dst id="15">439.0489</dst>
    </src>
    <src id="15">
      <dst id="12">2472.3911</dst>
      <dst id="13">471.0667</dst>
      <dst id="19">80.5067</dst>
      <dst id="23">8.2667</dst>
      <dst id="8">360.0089</dst>
      <dst id="18">35.8400</dst>
      <dst id="4">1433.6889</dst>
      <dst id="1">2724.6933</dst>
      <dst id="5">1520.8889</dst>
      <dst id="7">497.4578</dst>
      <dst id="2">926.5156</dst>
      <dst id="14">0.6489</dst>
      <dst id="11">46.4978</dst>
      <dst id="9">1422.3467</dst>
      <dst id="17">15869.4489</dst>
      <dst id="21">52.0444</dst>
    </src>
  </IntraTM>
</TrafficMatrixFile>
