<?xml version="1.0" encoding="UTF-8" standalone="yes"?>
<TrafficMatrixFile xmlns:xsi="http://www.w3.org/2001/XMLSchema-instance" xsi:noNamespaceSchemaLocation="http://totem.run.montefiore.ulg.ac.be/Schema/TrafficMatrix-v1_2.xsd">
  <info>
    <title>Intradomain traffic matrix generated by geant-TM-all.pl</title>
    <date>2005-01-02T12:15:00</date>
    <duration>900</duration>
    <author>Steve Uhlig</author>
    <units>
        <unit type="bandwidth" value="kbps"/>
    </units>
  </info>
  <IntraTM ASID="20965">
    <src id="12">
      <dst id="12">191948.0356</dst>
      <dst id="13">11073.4578</dst>
      <dst id="19">718.2578</dst>
      <dst id="23">94.0711</dst>
      <dst id="8">1192.7467</dst>
      <dst id="18">951.4311</dst>
      <dst id="4">82845.6178</dst>
      <dst id="1">7186.0622</dst>
      <dst id="5">1853.5911</dst>
      <dst id="3">5549.9467</dst>
      <dst id="22">5778.4089</dst>
      <dst id="7">4057.3956</dst>
      <dst id="2">68912.7911</dst>
      <dst id="6">13.3156</dst>
      <dst id="16">10664.6489</dst>
      <dst id="14">210.8178</dst>
      <dst id="20">8484.9422</dst>
      <dst id="11">4218.8267</dst>
      <dst id="9">6242.4533</dst>
      <dst id="17">54339.6622</dst>
      <dst id="21">8549.5467</dst>
      <dst id="15">237.0933</dst>
    </src>
    <src id="13">
      <dst id="12">34116.5956</dst>
      <dst id="19">3001.1911</dst>
      <dst id="23">103.7600</dst>
      <dst id="8">653.5733</dst>
      <dst id="18">4010.5333</dst>
      <dst id="1">2425.1822</dst>
      <dst id="5">5049.8311</dst>
      <dst id="3">3522.8711</dst>
      <dst id="22">19852.7378</dst>
      <dst id="7">5952.0089</dst>
      <dst id="2">78549.4667</dst>
      <dst id="6">131.1644</dst>
      <dst id="16">5393.8311</dst>
      <dst id="14">2169.9911</dst>
      <dst id="20">10031.2800</dst>
      <dst id="11">5518.3822</dst>
      <dst id="9">12840.4800</dst>
      <dst id="17">51057.8044</dst>
      <dst id="21">21067.5733</dst>
      <dst id="15">2163.6622</dst>
    </src>
    <src id="19">
      <dst id="12">8487.7244</dst>
      <dst id="13">143.5111</dst>
      <dst id="23">0.3378</dst>
      <dst id="8">0.4978</dst>
      <dst id="18">2.4356</dst>
      <dst id="4">19388.1333</dst>
      <dst id="1">135.6711</dst>
      <dst id="5">82.6222</dst>
      <dst id="3">0.5511</dst>
      <dst id="22">18.7644</dst>
      <dst id="7">2724.0089</dst>
      <dst id="2">412.4356</dst>
      <dst id="6">74.9511</dst>
      <dst id="16">9998.6667</dst>
      <dst id="14">0.4978</dst>
      <dst id="20">543.9467</dst>
      <dst id="11">27.1644</dst>
      <dst id="9">2880.9244</dst>
      <dst id="17">56.7822</dst>
      <dst id="21">589.2711</dst>
      <dst id="15">1.6000</dst>
    </src>
    <src id="23">
      <dst id="12">279.1022</dst>
      <dst id="13">30.4533</dst>
      <dst id="19">2.9333</dst>
      <dst id="8">71.1467</dst>
      <dst id="4">48.8267</dst>
      <dst id="1">39.1022</dst>
      <dst id="5">42.1867</dst>
      <dst id="3">67.2356</dst>
      <dst id="22">1843.0222</dst>
      <dst id="7">70.7733</dst>
      <dst id="2">29.1733</dst>
      <dst id="16">14.1867</dst>
      <dst id="20">13.3333</dst>
      <dst id="11">38.2222</dst>
      <dst id="9">277.9022</dst>
      <dst id="17">95.8933</dst>
      <dst id="21">624.3911</dst>
    </src>
    <src id="8">
      <dst id="12">266270.5956</dst>
      <dst id="13">225.1378</dst>
      <dst id="19">2.9156</dst>
      <dst id="23">89.4222</dst>
      <dst id="18">52.0622</dst>
      <dst id="4">4721.1467</dst>
      <dst id="1">121.5200</dst>
      <dst id="5">771.2267</dst>
      <dst id="3">27.0222</dst>
      <dst id="22">371.1111</dst>
      <dst id="7">92.4889</dst>
      <dst id="2">86962.8267</dst>
      <dst id="16">36.0533</dst>
      <dst id="20">94.6489</dst>
      <dst id="11">80.1689</dst>
      <dst id="9">281.1289</dst>
      <dst id="17">88457.5289</dst>
      <dst id="21">365.7956</dst>
      <dst id="15">37.5556</dst>
    </src>
    <src id="18">
      <dst id="12">96517.5733</dst>
      <dst id="13">120.8356</dst>
      <dst id="19">13.6889</dst>
      <dst id="8">1.4489</dst>
      <dst id="4">1852.6311</dst>
      <dst id="1">898.8267</dst>
      <dst id="5">127.6800</dst>
      <dst id="3">85.2089</dst>
      <dst id="22">261.0489</dst>
      <dst id="7">162.4800</dst>
      <dst id="2">28638.2756</dst>
      <dst id="16">16.7289</dst>
      <dst id="14">12.6756</dst>
      <dst id="20">42.6222</dst>
      <dst id="11">142.4089</dst>
      <dst id="9">224.3467</dst>
      <dst id="17">34219.2622</dst>
      <dst id="21">221.1022</dst>
      <dst id="15">1.2089</dst>
    </src>
    <src id="4">
      <dst id="12">8209.2089</dst>
      <dst id="19">5082.5156</dst>
      <dst id="8">693.4578</dst>
      <dst id="18">1379.3867</dst>
      <dst id="4">5.1111</dst>
      <dst id="1">10364.4000</dst>
      <dst id="5">907.9289</dst>
      <dst id="3">437.8400</dst>
      <dst id="22">3726.3200</dst>
      <dst id="7">31588.0178</dst>
      <dst id="2">54474.5600</dst>
      <dst id="6">1.7600</dst>
      <dst id="16">1081.0667</dst>
      <dst id="14">957.2978</dst>
      <dst id="20">60891.0222</dst>
      <dst id="11">6112.5422</dst>
      <dst id="9">3507.6800</dst>
      <dst id="17">118949.4044</dst>
      <dst id="21">5193.8667</dst>
      <dst id="15">292.9067</dst>
    </src>
    <src id="1">
      <dst id="12">13752.2311</dst>
      <dst id="13">206.9067</dst>
      <dst id="19">3.7511</dst>
      <dst id="23">33.1733</dst>
      <dst id="8">61340.4711</dst>
      <dst id="18">12528.1511</dst>
      <dst id="4">4677.1733</dst>
      <dst id="1">23236.6489</dst>
      <dst id="5">143904.6400</dst>
      <dst id="3">52.2578</dst>
      <dst id="22">294.8889</dst>
      <dst id="7">872.5333</dst>
      <dst id="2">2977.8933</dst>
      <dst id="6">9162.6311</dst>
      <dst id="16">15669.2267</dst>
      <dst id="14">296.4622</dst>
      <dst id="20">52.0178</dst>
      <dst id="11">198.8978</dst>
      <dst id="9">108860.3378</dst>
      <dst id="17">1870.4711</dst>
      <dst id="21">2086.5511</dst>
      <dst id="15">68.1333</dst>
    </src>
    <src id="5">
      <dst id="12">212905.9733</dst>
      <dst id="13">1632.4622</dst>
      <dst id="19">67.8133</dst>
      <dst id="23">94.1511</dst>
      <dst id="8">6495.6444</dst>
      <dst id="18">108.2756</dst>
      <dst id="4">6622.0000</dst>
      <dst id="1">293.8311</dst>
      <dst id="3">69.9200</dst>
      <dst id="22">9859.7600</dst>
      <dst id="7">189.1911</dst>
      <dst id="2">97100.9689</dst>
      <dst id="16">107.4578</dst>
      <dst id="14">1.2267</dst>
      <dst id="20">637.2444</dst>
      <dst id="11">656.9867</dst>
      <dst id="9">8657.5022</dst>
      <dst id="17">79885.4578</dst>
      <dst id="21">281.4756</dst>
      <dst id="15">54.9244</dst>
    </src>
    <src id="3">
      <dst id="12">7218.9511</dst>
      <dst id="13">519.1289</dst>
      <dst id="19">4749.7600</dst>
      <dst id="23">0.9600</dst>
      <dst id="8">120.4889</dst>
      <dst id="18">52834.2933</dst>
      <dst id="4">16533.5556</dst>
      <dst id="1">20105.5911</dst>
      <dst id="5">496.5867</dst>
      <dst id="3">10068.2133</dst>
      <dst id="22">400.2933</dst>
      <dst id="7">1479.0222</dst>
      <dst id="2">4891.1200</dst>
      <dst id="16">1016.0089</dst>
      <dst id="14">27144.6578</dst>
      <dst id="20">585.2978</dst>
      <dst id="11">99982.1689</dst>
      <dst id="9">88.3911</dst>
      <dst id="17">10119.9911</dst>
      <dst id="21">4668.2844</dst>
      <dst id="15">34.0444</dst>
    </src>
    <src id="10">
      <dst id="12">8664.9067</dst>
      <dst id="19">247.0222</dst>
      <dst id="8">494.3467</dst>
      <dst id="18">478.2933</dst>
      <dst id="1">443.0933</dst>
      <dst id="5">910.7822</dst>
      <dst id="3">10432.3200</dst>
      <dst id="22">8831.4133</dst>
      <dst id="7">11863.1289</dst>
      <dst id="2">24219.1111</dst>
      <dst id="6">1.1556</dst>
      <dst id="16">1491.9111</dst>
      <dst id="14">1622.9333</dst>
      <dst id="20">3212.8444</dst>
      <dst id="11">3435.1911</dst>
      <dst id="9">3259.3156</dst>
      <dst id="17">17450.8267</dst>
      <dst id="21">10509.0311</dst>
      <dst id="15">580.4889</dst>
    </src>
    <src id="22">
      <dst id="12">7028.5422</dst>
      <dst id="13">6785.9911</dst>
      <dst id="19">40.9333</dst>
      <dst id="23">62.0533</dst>
      <dst id="8">355.8489</dst>
      <dst id="18">1335.1556</dst>
      <dst id="4">16813.3333</dst>
      <dst id="1">38.2756</dst>
      <dst id="5">6848.6133</dst>
      <dst id="3">285.4578</dst>
      <dst id="7">511.8489</dst>
      <dst id="2">2122.1867</dst>
      <dst id="6">0.4178</dst>
      <dst id="16">0.5511</dst>
      <dst id="14">38.9067</dst>
      <dst id="11">2933.0222</dst>
      <dst id="9">3338.2222</dst>
      <dst id="17">1328.5067</dst>
      <dst id="21">545.4044</dst>
    </src>
    <src id="7">
      <dst id="12">2694.6400</dst>
      <dst id="13">75.4578</dst>
      <dst id="19">169.8044</dst>
      <dst id="23">31.0578</dst>
      <dst id="8">658.1778</dst>
      <dst id="18">507.9111</dst>
      <dst id="4">26064.6667</dst>
      <dst id="1">4211.0489</dst>
      <dst id="5">810.9422</dst>
      <dst id="3">300.2667</dst>
      <dst id="22">4958.6756</dst>
      <dst id="7">906.6311</dst>
      <dst id="2">6384.1956</dst>
      <dst id="6">13.8311</dst>
      <dst id="16">616.2489</dst>
      <dst id="14">67.9200</dst>
      <dst id="20">110.3289</dst>
      <dst id="11">1018.4889</dst>
      <dst id="9">366.5156</dst>
      <dst id="17">14987.9289</dst>
      <dst id="21">2114.0356</dst>
      <dst id="15">100.7289</dst>
    </src>
    <src id="2">
      <dst id="12">65058.8978</dst>
      <dst id="13">2392.7200</dst>
      <dst id="19">7925.6800</dst>
      <dst id="8">1070.4622</dst>
      <dst id="18">47872.8178</dst>
      <dst id="4">109808.2044</dst>
      <dst id="1">3322.6311</dst>
      <dst id="5">662.1067</dst>
      <dst id="3">48.1956</dst>
      <dst id="22">2248.9689</dst>
      <dst id="7">5492.0089</dst>
      <dst id="2">907.6000</dst>
      <dst id="6">4321.9111</dst>
      <dst id="16">2271.9200</dst>
      <dst id="14">5809.3244</dst>
      <dst id="20">134.9422</dst>
      <dst id="11">7398.6400</dst>
      <dst id="9">2122.4089</dst>
      <dst id="17">30834.2044</dst>
      <dst id="21">5106.2933</dst>
      <dst id="15">5.7156</dst>
    </src>
    <src id="6">
      <dst id="12">7198.3200</dst>
      <dst id="19">4.4000</dst>
      <dst id="4">25.6356</dst>
      <dst id="22">4.5422</dst>
      <dst id="7">1.2800</dst>
      <dst id="2">1387.3956</dst>
      <dst id="16">11.3778</dst>
      <dst id="20">0.4622</dst>
      <dst id="11">1.5289</dst>
      <dst id="9">1.0133</dst>
      <dst id="17">1066.5244</dst>
      <dst id="21">0.3556</dst>
    </src>
    <src id="16">
      <dst id="12">2640.7111</dst>
      <dst id="13">310.0800</dst>
      <dst id="19">5528.4267</dst>
      <dst id="23">15.2978</dst>
      <dst id="8">1015.9822</dst>
      <dst id="18">13.9022</dst>
      <dst id="4">5259.9200</dst>
      <dst id="1">21324.3289</dst>
      <dst id="5">631.6533</dst>
      <dst id="3">0.8178</dst>
      <dst id="7">2280.9689</dst>
      <dst id="2">1775.9822</dst>
      <dst id="16">17.9822</dst>
      <dst id="14">94.4800</dst>
      <dst id="11">168.6844</dst>
      <dst id="9">1176.1600</dst>
      <dst id="17">1083.0400</dst>
      <dst id="21">532.8622</dst>
    </src>
    <src id="14">
      <dst id="12">15388.6400</dst>
      <dst id="13">60.8800</dst>
      <dst id="19">11.0222</dst>
      <dst id="18">1.0133</dst>
      <dst id="4">2123.6000</dst>
      <dst id="1">68.8356</dst>
      <dst id="3">37.3511</dst>
      <dst id="22">6.5422</dst>
      <dst id="7">62.7644</dst>
      <dst id="2">4948.3822</dst>
      <dst id="16">7.0044</dst>
      <dst id="11">21.1556</dst>
      <dst id="9">4.7822</dst>
      <dst id="17">5649.2889</dst>
      <dst id="21">64.4978</dst>
    </src>
    <src id="20">
      <dst id="12">4069.4044</dst>
      <dst id="13">362.4356</dst>
      <dst id="19">1753.3689</dst>
      <dst id="23">2.5156</dst>
      <dst id="8">455.4133</dst>
      <dst id="18">115.1378</dst>
      <dst id="4">7245.2178</dst>
      <dst id="1">74.2133</dst>
      <dst id="5">7563.1111</dst>
      <dst id="3">117.5378</dst>
      <dst id="7">558.7200</dst>
      <dst id="2">1935.2356</dst>
      <dst id="14">0.8533</dst>
      <dst id="11">444.6578</dst>
      <dst id="9">1789.2089</dst>
      <dst id="17">308.8356</dst>
      <dst id="21">231.4222</dst>
    </src>
    <src id="11">
      <dst id="12">411791.5289</dst>
      <dst id="13">876.0000</dst>
      <dst id="19">398.6044</dst>
      <dst id="23">0.5689</dst>
      <dst id="8">112.4711</dst>
      <dst id="18">226.4533</dst>
      <dst id="4">16542.4267</dst>
      <dst id="1">449.7867</dst>
      <dst id="5">1351.2889</dst>
      <dst id="3">237.6711</dst>
      <dst id="22">1926.6844</dst>
      <dst id="7">142.7378</dst>
      <dst id="2">157425.9467</dst>
      <dst id="6">102.9333</dst>
      <dst id="16">971.4311</dst>
      <dst id="14">30.0622</dst>
      <dst id="20">1224.5867</dst>
      <dst id="11">846.4000</dst>
      <dst id="9">470.5956</dst>
      <dst id="17">129421.8044</dst>
      <dst id="21">853.4756</dst>
      <dst id="15">735.9733</dst>
    </src>
    <src id="9">
      <dst id="12">411050.4356</dst>
      <dst id="13">2110.1244</dst>
      <dst id="19">59.1378</dst>
      <dst id="23">11.2533</dst>
      <dst id="8">101.5200</dst>
      <dst id="18">280.9244</dst>
      <dst id="4">13052.8267</dst>
      <dst id="1">1413.6711</dst>
      <dst id="5">9850.1600</dst>
      <dst id="3">5.4756</dst>
      <dst id="22">7089.7600</dst>
      <dst id="7">164.8800</dst>
      <dst id="2">117064.5244</dst>
      <dst id="16">444.5244</dst>
      <dst id="14">0.6222</dst>
      <dst id="20">346.5067</dst>
      <dst id="11">668.6489</dst>
      <dst id="9">4024.9422</dst>
      <dst id="17">156842.3822</dst>
      <dst id="21">2127.9556</dst>
      <dst id="15">3933.1200</dst>
    </src>
    <src id="17">
      <dst id="12">4852.2311</dst>
      <dst id="13">16500.0089</dst>
      <dst id="19">214.3467</dst>
      <dst id="23">22.0267</dst>
      <dst id="8">92951.5467</dst>
      <dst id="18">4436.2667</dst>
      <dst id="4">129305.4133</dst>
      <dst id="1">2960.4356</dst>
      <dst id="5">136306.6222</dst>
      <dst id="3">28564.8711</dst>
      <dst id="22">8166.1244</dst>
      <dst id="7">1592.8178</dst>
      <dst id="2">8679.2089</dst>
      <dst id="6">19.9200</dst>
      <dst id="16">7778.7378</dst>
      <dst id="14">15838.0178</dst>
      <dst id="20">124.4000</dst>
      <dst id="11">80269.9822</dst>
      <dst id="9">107450.5689</dst>
      <dst id="17">1457.6267</dst>
      <dst id="21">4252.9156</dst>
      <dst id="15">12.8978</dst>
    </src>
    <src id="21">
      <dst id="12">19290.0889</dst>
      <dst id="13">584.5333</dst>
      <dst id="19">143.7244</dst>
      <dst id="23">1.2800</dst>
      <dst id="8">434.2489</dst>
      <dst id="18">6321.0400</dst>
      <dst id="4">26725.6089</dst>
      <dst id="1">639.0844</dst>
      <dst id="5">522.3556</dst>
      <dst id="3">823.7689</dst>
      <dst id="22">712.4178</dst>
      <dst id="7">5590.7556</dst>
      <dst id="2">9312.3733</dst>
      <dst id="6">50.1956</dst>
      <dst id="16">164.4711</dst>
      <dst id="14">97.9289</dst>
      <dst id="20">218.0178</dst>
      <dst id="11">777.7333</dst>
      <dst id="9">217.5111</dst>
      <dst id="17">2664.1422</dst>
      <dst id="21">912.0889</dst>
      <dst id="15">4.9600</dst>
    </src>
    <src id="15">
      <dst id="12">2171.1644</dst>
      <dst id="13">1063.7067</dst>
      <dst id="19">1.4222</dst>
      <dst id="8">1.9022</dst>
      <dst id="4">2650.8978</dst>
      <dst id="1">646.2844</dst>
      <dst id="5">978.9778</dst>
      <dst id="3">11.0044</dst>
      <dst id="7">19.1378</dst>
      <dst id="2">109.3600</dst>
      <dst id="11">73.1822</dst>
      <dst id="9">308.2222</dst>
      <dst id="17">129.2533</dst>
      <dst id="21">53.9467</dst>
    </src>
  </IntraTM>
</TrafficMatrixFile>
