<?xml version="1.0" encoding="UTF-8" standalone="yes"?>
<TrafficMatrixFile xmlns:xsi="http://www.w3.org/2001/XMLSchema-instance" xsi:noNamespaceSchemaLocation="http://totem.run.montefiore.ulg.ac.be/Schema/TrafficMatrix-v1_2.xsd">
  <info>
    <title>Intradomain traffic matrix generated by geant-TM-all.pl</title>
    <date>2005-01-05T05:00:00</date>
    <duration>900</duration>
    <author>Steve Uhlig</author>
    <units>
        <unit type="bandwidth" value="kbps"/>
    </units>
  </info>
  <IntraTM ASID="20965">
    <src id="12">
      <dst id="12">261308.3733</dst>
      <dst id="13">24403.5822</dst>
      <dst id="19">6245.7956</dst>
      <dst id="23">29.6889</dst>
      <dst id="8">6106.8711</dst>
      <dst id="18">3226.0356</dst>
      <dst id="4">92085.6622</dst>
      <dst id="1">21287.3244</dst>
      <dst id="5">6995.7156</dst>
      <dst id="3">1340.3911</dst>
      <dst id="22">15884.1778</dst>
      <dst id="7">1360.8533</dst>
      <dst id="2">100510.0444</dst>
      <dst id="6">1.2089</dst>
      <dst id="16">8231.2089</dst>
      <dst id="14">546.7022</dst>
      <dst id="20">3083.4844</dst>
      <dst id="11">3845.6178</dst>
      <dst id="9">10612.1422</dst>
      <dst id="17">72081.9378</dst>
      <dst id="21">1051.1822</dst>
      <dst id="15">2539.0044</dst>
    </src>
    <src id="13">
      <dst id="12">60800.4000</dst>
      <dst id="19">10441.7867</dst>
      <dst id="23">120.5600</dst>
      <dst id="8">2491.9111</dst>
      <dst id="18">2664.3733</dst>
      <dst id="1">1938.5956</dst>
      <dst id="5">8383.4044</dst>
      <dst id="3">7099.1200</dst>
      <dst id="22">23276.0622</dst>
      <dst id="7">17577.1644</dst>
      <dst id="2">98184.8178</dst>
      <dst id="6">200.4356</dst>
      <dst id="16">9296.5956</dst>
      <dst id="14">3735.5556</dst>
      <dst id="20">8819.9556</dst>
      <dst id="11">12219.9289</dst>
      <dst id="9">27063.0578</dst>
      <dst id="17">394295.8311</dst>
      <dst id="21">6372.1867</dst>
      <dst id="15">1328.4889</dst>
    </src>
    <src id="19">
      <dst id="12">15350.2222</dst>
      <dst id="13">411.6267</dst>
      <dst id="8">1.2711</dst>
      <dst id="18">2230.9956</dst>
      <dst id="4">17876.4622</dst>
      <dst id="1">445.0133</dst>
      <dst id="5">2.6133</dst>
      <dst id="22">327.8578</dst>
      <dst id="7">5448.8178</dst>
      <dst id="2">1117.1822</dst>
      <dst id="6">78.8267</dst>
      <dst id="16">3938.0267</dst>
      <dst id="20">735.4133</dst>
      <dst id="11">253.0578</dst>
      <dst id="9">52.2667</dst>
      <dst id="17">1566.3911</dst>
      <dst id="21">75.1289</dst>
      <dst id="15">1.4222</dst>
    </src>
    <src id="23">
      <dst id="12">116.9422</dst>
      <dst id="13">144.0178</dst>
      <dst id="19">26.6667</dst>
      <dst id="8">33.0844</dst>
      <dst id="18">1.5378</dst>
      <dst id="4">23.3067</dst>
      <dst id="1">54.2311</dst>
      <dst id="5">206.7911</dst>
      <dst id="3">217.9111</dst>
      <dst id="22">562.8978</dst>
      <dst id="7">290.9422</dst>
      <dst id="2">13.9822</dst>
      <dst id="6">25.7422</dst>
      <dst id="16">29.7511</dst>
      <dst id="14">1034.4533</dst>
      <dst id="20">581.4044</dst>
      <dst id="11">130.2400</dst>
      <dst id="9">1060.2844</dst>
      <dst id="17">212.5067</dst>
      <dst id="21">37.8667</dst>
      <dst id="15">26.6667</dst>
    </src>
    <src id="8">
      <dst id="12">341998.7378</dst>
      <dst id="13">834.3911</dst>
      <dst id="19">10.2844</dst>
      <dst id="23">0.7111</dst>
      <dst id="18">6.3289</dst>
      <dst id="4">5786.6133</dst>
      <dst id="1">469.4933</dst>
      <dst id="5">8621.9200</dst>
      <dst id="3">51.3244</dst>
      <dst id="22">1612.9156</dst>
      <dst id="7">7.4133</dst>
      <dst id="2">151320.1778</dst>
      <dst id="16">965.4578</dst>
      <dst id="20">120.9867</dst>
      <dst id="11">112.6578</dst>
      <dst id="9">246.7111</dst>
      <dst id="17">132936.3111</dst>
      <dst id="21">399.7511</dst>
      <dst id="15">0.7111</dst>
    </src>
    <src id="18">
      <dst id="12">98133.1200</dst>
      <dst id="13">1022.8089</dst>
      <dst id="19">101.0044</dst>
      <dst id="23">0.4622</dst>
      <dst id="8">83.5378</dst>
      <dst id="4">837.8844</dst>
      <dst id="1">588.4267</dst>
      <dst id="5">130.1778</dst>
      <dst id="3">30.9511</dst>
      <dst id="22">260.5867</dst>
      <dst id="7">25.2267</dst>
      <dst id="2">31700.5511</dst>
      <dst id="16">50.3467</dst>
      <dst id="14">0.4622</dst>
      <dst id="20">7.6978</dst>
      <dst id="11">91.2444</dst>
      <dst id="9">73.0756</dst>
      <dst id="17">39551.4489</dst>
      <dst id="21">1129.3156</dst>
      <dst id="15">0.9778</dst>
    </src>
    <src id="4">
      <dst id="12">17936.4978</dst>
      <dst id="19">14662.3378</dst>
      <dst id="23">0.4622</dst>
      <dst id="8">1333.7244</dst>
      <dst id="18">156.7022</dst>
      <dst id="4">30.5956</dst>
      <dst id="1">128035.0756</dst>
      <dst id="5">1775.0844</dst>
      <dst id="3">798.4622</dst>
      <dst id="22">5923.4133</dst>
      <dst id="7">33205.5378</dst>
      <dst id="2">110744.7822</dst>
      <dst id="6">28.0178</dst>
      <dst id="16">2929.5733</dst>
      <dst id="14">1338.7378</dst>
      <dst id="20">5118.7378</dst>
      <dst id="11">3749.0933</dst>
      <dst id="9">3705.6178</dst>
      <dst id="17">14504.8444</dst>
      <dst id="21">4821.1022</dst>
      <dst id="15">266.7556</dst>
    </src>
    <src id="1">
      <dst id="12">23350.5511</dst>
      <dst id="13">1794.7733</dst>
      <dst id="19">41.5022</dst>
      <dst id="23">1.8844</dst>
      <dst id="8">134376.4800</dst>
      <dst id="18">12904.6489</dst>
      <dst id="4">9008.8444</dst>
      <dst id="1">9392.6489</dst>
      <dst id="5">235695.8489</dst>
      <dst id="3">113.7422</dst>
      <dst id="22">2121.7422</dst>
      <dst id="7">7005.3778</dst>
      <dst id="2">22813.6533</dst>
      <dst id="6">8860.5067</dst>
      <dst id="16">7160.1067</dst>
      <dst id="14">371.2889</dst>
      <dst id="20">254.3111</dst>
      <dst id="11">284.4000</dst>
      <dst id="9">201736.6933</dst>
      <dst id="17">6374.9067</dst>
      <dst id="21">3644.4889</dst>
      <dst id="15">82.7022</dst>
    </src>
    <src id="5">
      <dst id="12">338290.1511</dst>
      <dst id="13">9092.8444</dst>
      <dst id="19">67.3333</dst>
      <dst id="23">4.8711</dst>
      <dst id="8">753.2356</dst>
      <dst id="18">732.0533</dst>
      <dst id="4">5728.0978</dst>
      <dst id="1">424.6578</dst>
      <dst id="3">0.4622</dst>
      <dst id="22">4577.1822</dst>
      <dst id="7">1400.7822</dst>
      <dst id="2">159262.1867</dst>
      <dst id="6">32.2133</dst>
      <dst id="16">1804.4089</dst>
      <dst id="14">15.2889</dst>
      <dst id="20">1093.0756</dst>
      <dst id="11">2722.5689</dst>
      <dst id="9">2491.7956</dst>
      <dst id="17">118350.5956</dst>
      <dst id="21">252.8267</dst>
      <dst id="15">181.6178</dst>
    </src>
    <src id="3">
      <dst id="12">10818.4533</dst>
      <dst id="13">6049.1911</dst>
      <dst id="19">951.9200</dst>
      <dst id="23">10885.9556</dst>
      <dst id="8">66.9778</dst>
      <dst id="18">52341.2444</dst>
      <dst id="4">26876.8000</dst>
      <dst id="1">6527.0311</dst>
      <dst id="5">240.6667</dst>
      <dst id="3">8574.7200</dst>
      <dst id="22">5474.8533</dst>
      <dst id="7">2304.1956</dst>
      <dst id="2">15489.3778</dst>
      <dst id="6">1.4133</dst>
      <dst id="16">992.2400</dst>
      <dst id="14">41233.6356</dst>
      <dst id="20">2985.1378</dst>
      <dst id="11">128809.1022</dst>
      <dst id="9">36.9156</dst>
      <dst id="17">5256.6756</dst>
      <dst id="21">14436.2311</dst>
      <dst id="15">128.9244</dst>
    </src>
    <src id="10">
      <dst id="12">13570.2756</dst>
      <dst id="19">5349.7689</dst>
      <dst id="8">522.8267</dst>
      <dst id="18">227.2444</dst>
      <dst id="1">2609.0311</dst>
      <dst id="5">2130.3200</dst>
      <dst id="3">3474.0178</dst>
      <dst id="22">2643.8933</dst>
      <dst id="7">9305.2356</dst>
      <dst id="2">21163.9911</dst>
      <dst id="6">10.8356</dst>
      <dst id="16">3430.4267</dst>
      <dst id="14">3842.3911</dst>
      <dst id="20">827.9022</dst>
      <dst id="11">4366.0356</dst>
      <dst id="9">1331.6978</dst>
      <dst id="17">12066.5156</dst>
      <dst id="21">6617.5556</dst>
      <dst id="15">17.2444</dst>
    </src>
    <src id="22">
      <dst id="12">10620.3467</dst>
      <dst id="13">4560.8533</dst>
      <dst id="19">286.7822</dst>
      <dst id="23">127.3156</dst>
      <dst id="8">304.4444</dst>
      <dst id="18">321.3689</dst>
      <dst id="4">18705.0400</dst>
      <dst id="1">243.3778</dst>
      <dst id="5">1955.0667</dst>
      <dst id="3">1005.6089</dst>
      <dst id="7">1246.9689</dst>
      <dst id="2">6272.0444</dst>
      <dst id="6">11.8044</dst>
      <dst id="16">0.3556</dst>
      <dst id="14">310.9867</dst>
      <dst id="11">3200.3911</dst>
      <dst id="9">2086.1956</dst>
      <dst id="17">2824.2489</dst>
      <dst id="21">475.6711</dst>
    </src>
    <src id="7">
      <dst id="12">3891.8044</dst>
      <dst id="13">4099.5378</dst>
      <dst id="19">1820.5689</dst>
      <dst id="23">93.4578</dst>
      <dst id="8">331.7511</dst>
      <dst id="18">264.5956</dst>
      <dst id="4">15621.1911</dst>
      <dst id="1">2873.9822</dst>
      <dst id="5">1497.9378</dst>
      <dst id="3">129.2444</dst>
      <dst id="22">3112.8800</dst>
      <dst id="7">584.3556</dst>
      <dst id="2">8082.1067</dst>
      <dst id="6">1.2889</dst>
      <dst id="16">1142.1511</dst>
      <dst id="14">230.0356</dst>
      <dst id="20">377.1022</dst>
      <dst id="11">801.0133</dst>
      <dst id="9">1928.9778</dst>
      <dst id="17">8921.4133</dst>
      <dst id="21">1801.5644</dst>
      <dst id="15">328.7911</dst>
    </src>
    <src id="2">
      <dst id="12">102742.8978</dst>
      <dst id="13">516236.1956</dst>
      <dst id="19">1976.0533</dst>
      <dst id="8">911.1911</dst>
      <dst id="18">44052.0000</dst>
      <dst id="4">99107.9200</dst>
      <dst id="1">3198.3111</dst>
      <dst id="5">2306.4000</dst>
      <dst id="3">141.4489</dst>
      <dst id="22">2031.8222</dst>
      <dst id="7">4688.8356</dst>
      <dst id="2">743.6533</dst>
      <dst id="6">9077.3689</dst>
      <dst id="16">2903.1378</dst>
      <dst id="14">1286.8444</dst>
      <dst id="20">2147.9200</dst>
      <dst id="11">1865.5289</dst>
      <dst id="9">538.3289</dst>
      <dst id="17">37920.9333</dst>
      <dst id="21">1867.8667</dst>
      <dst id="15">322.7111</dst>
    </src>
    <src id="6">
      <dst id="12">11311.6800</dst>
      <dst id="13">11.5644</dst>
      <dst id="19">1.7067</dst>
      <dst id="23">0.6756</dst>
      <dst id="8">0.4267</dst>
      <dst id="18">0.4978</dst>
      <dst id="4">1376.9511</dst>
      <dst id="1">1.5200</dst>
      <dst id="5">2.1333</dst>
      <dst id="22">2.0267</dst>
      <dst id="2">2446.9333</dst>
      <dst id="16">1.4933</dst>
      <dst id="20">11.3778</dst>
      <dst id="17">1338.6756</dst>
      <dst id="21">1.8489</dst>
      <dst id="15">0.4622</dst>
    </src>
    <src id="16">
      <dst id="12">1346.7733</dst>
      <dst id="13">486.2133</dst>
      <dst id="19">3893.6356</dst>
      <dst id="23">242.9778</dst>
      <dst id="8">5533.1556</dst>
      <dst id="18">41.6711</dst>
      <dst id="4">4000.1333</dst>
      <dst id="1">13790.7289</dst>
      <dst id="5">5145.3778</dst>
      <dst id="3">1.6622</dst>
      <dst id="7">2139.5022</dst>
      <dst id="2">642.7200</dst>
      <dst id="6">78.6933</dst>
      <dst id="16">72.5511</dst>
      <dst id="14">415.5022</dst>
      <dst id="11">96.8356</dst>
      <dst id="9">8810.0178</dst>
      <dst id="17">4469.8756</dst>
      <dst id="21">2062.7289</dst>
    </src>
    <src id="14">
      <dst id="12">20632.9867</dst>
      <dst id="13">167.1289</dst>
      <dst id="19">20.6933</dst>
      <dst id="23">23.1111</dst>
      <dst id="18">5.8489</dst>
      <dst id="4">1681.1111</dst>
      <dst id="1">66.8267</dst>
      <dst id="5">7.0044</dst>
      <dst id="3">40.4089</dst>
      <dst id="22">72.7022</dst>
      <dst id="7">90.8178</dst>
      <dst id="2">6211.3422</dst>
      <dst id="16">13.5556</dst>
      <dst id="20">2.3733</dst>
      <dst id="11">26.0622</dst>
      <dst id="9">114.1511</dst>
      <dst id="17">7769.4933</dst>
      <dst id="21">85.2800</dst>
    </src>
    <src id="20">
      <dst id="12">8510.0444</dst>
      <dst id="13">4486.5778</dst>
      <dst id="19">4771.9644</dst>
      <dst id="23">8.1778</dst>
      <dst id="8">56.2400</dst>
      <dst id="18">285.3244</dst>
      <dst id="4">7575.7511</dst>
      <dst id="1">290.7111</dst>
      <dst id="5">2214.7467</dst>
      <dst id="3">203.9911</dst>
      <dst id="7">1528.4089</dst>
      <dst id="2">2088.1422</dst>
      <dst id="6">41.5022</dst>
      <dst id="14">0.3556</dst>
      <dst id="11">698.5511</dst>
      <dst id="9">7773.0133</dst>
      <dst id="17">3157.0578</dst>
      <dst id="21">184.2578</dst>
    </src>
    <src id="11">
      <dst id="12">434423.2000</dst>
      <dst id="13">3945.3778</dst>
      <dst id="19">133.2800</dst>
      <dst id="23">13.7244</dst>
      <dst id="8">300.1689</dst>
      <dst id="18">123.6089</dst>
      <dst id="4">8879.4400</dst>
      <dst id="1">739.0933</dst>
      <dst id="5">1625.6800</dst>
      <dst id="3">236.4444</dst>
      <dst id="22">1063.6533</dst>
      <dst id="7">171.0756</dst>
      <dst id="2">167487.1467</dst>
      <dst id="16">502.2044</dst>
      <dst id="14">66.4622</dst>
      <dst id="20">35.8578</dst>
      <dst id="11">1395.5200</dst>
      <dst id="9">699.6889</dst>
      <dst id="17">161284.6222</dst>
      <dst id="21">352.5422</dst>
      <dst id="15">276.7022</dst>
    </src>
    <src id="9">
      <dst id="12">476549.0044</dst>
      <dst id="13">5185.0844</dst>
      <dst id="19">26.8178</dst>
      <dst id="23">70.3733</dst>
      <dst id="8">215.2889</dst>
      <dst id="18">99.1733</dst>
      <dst id="4">9236.1333</dst>
      <dst id="1">2160.8711</dst>
      <dst id="5">1533.8667</dst>
      <dst id="3">0.8356</dst>
      <dst id="22">823.7511</dst>
      <dst id="7">242.4800</dst>
      <dst id="2">174717.1289</dst>
      <dst id="6">0.7556</dst>
      <dst id="16">1854.7378</dst>
      <dst id="14">2.8356</dst>
      <dst id="20">1384.8089</dst>
      <dst id="11">240.2667</dst>
      <dst id="9">386.8267</dst>
      <dst id="17">173017.8578</dst>
      <dst id="21">132.0711</dst>
      <dst id="15">5766.7911</dst>
    </src>
    <src id="17">
      <dst id="12">3705.4222</dst>
      <dst id="13">14123.3600</dst>
      <dst id="19">920.3022</dst>
      <dst id="23">242.9511</dst>
      <dst id="8">136895.6356</dst>
      <dst id="18">63.4844</dst>
      <dst id="4">32671.3600</dst>
      <dst id="1">3257.8311</dst>
      <dst id="5">232733.6444</dst>
      <dst id="3">3896.7111</dst>
      <dst id="22">2553.1200</dst>
      <dst id="7">1770.7378</dst>
      <dst id="2">9603.8756</dst>
      <dst id="6">817.0044</dst>
      <dst id="16">6194.7289</dst>
      <dst id="14">38683.4489</dst>
      <dst id="20">553.8400</dst>
      <dst id="11">104462.6667</dst>
      <dst id="9">226134.6578</dst>
      <dst id="17">3094.0267</dst>
      <dst id="21">5725.0844</dst>
      <dst id="15">103.4756</dst>
    </src>
    <src id="21">
      <dst id="12">18573.2356</dst>
      <dst id="13">4907.4222</dst>
      <dst id="19">196.7022</dst>
      <dst id="23">72.2044</dst>
      <dst id="8">65.9644</dst>
      <dst id="18">296.8889</dst>
      <dst id="4">16739.1111</dst>
      <dst id="1">2820.3200</dst>
      <dst id="5">773.5111</dst>
      <dst id="3">3121.6000</dst>
      <dst id="22">2590.9333</dst>
      <dst id="7">4812.2489</dst>
      <dst id="2">11501.0933</dst>
      <dst id="6">28.6222</dst>
      <dst id="16">448.7022</dst>
      <dst id="14">138.5333</dst>
      <dst id="20">1645.2444</dst>
      <dst id="11">442.4800</dst>
      <dst id="9">438.8622</dst>
      <dst id="17">4900.7822</dst>
      <dst id="21">614.7644</dst>
      <dst id="15">1382.1689</dst>
    </src>
    <src id="15">
      <dst id="12">12882.7111</dst>
      <dst id="13">449.7600</dst>
      <dst id="19">51.5200</dst>
      <dst id="8">13.3333</dst>
      <dst id="18">15.4667</dst>
      <dst id="4">5776.4356</dst>
      <dst id="1">1094.6578</dst>
      <dst id="5">269.4667</dst>
      <dst id="3">10.8800</dst>
      <dst id="7">2.1244</dst>
      <dst id="2">352.6133</dst>
      <dst id="6">12.8178</dst>
      <dst id="14">0.4267</dst>
      <dst id="11">130.1067</dst>
      <dst id="9">442.5244</dst>
      <dst id="17">351.0311</dst>
      <dst id="21">117.0133</dst>
    </src>
  </IntraTM>
</TrafficMatrixFile>
