<?xml version="1.0" encoding="UTF-8" standalone="yes"?>
<TrafficMatrixFile xmlns:xsi="http://www.w3.org/2001/XMLSchema-instance" xsi:noNamespaceSchemaLocation="http://totem.run.montefiore.ulg.ac.be/Schema/TrafficMatrix-v1_2.xsd">
  <info>
    <title>Intradomain traffic matrix generated by geant-TM-all.pl</title>
    <date>2005-01-01T23:45:00</date>
    <duration>900</duration>
    <author>Steve Uhlig</author>
    <units>
        <unit type="bandwidth" value="kbps"/>
    </units>
  </info>
  <IntraTM ASID="20965">
    <src id="12">
      <dst id="12">336185.1111</dst>
      <dst id="13">37004.4178</dst>
      <dst id="19">4856.1778</dst>
      <dst id="23">5123.6444</dst>
      <dst id="8">3885.6178</dst>
      <dst id="18">2283.9911</dst>
      <dst id="4">116808.1689</dst>
      <dst id="1">12229.4222</dst>
      <dst id="5">3158.0356</dst>
      <dst id="3">17728.5422</dst>
      <dst id="22">69699.8222</dst>
      <dst id="7">13835.3244</dst>
      <dst id="2">91314.4356</dst>
      <dst id="6">13.1644</dst>
      <dst id="16">5333.2889</dst>
      <dst id="14">2335.0578</dst>
      <dst id="20">16056.7644</dst>
      <dst id="11">8709.0311</dst>
      <dst id="9">24367.1733</dst>
      <dst id="17">98054.9244</dst>
      <dst id="21">27654.9600</dst>
      <dst id="15">13371.2978</dst>
    </src>
    <src id="13">
      <dst id="12">90169.7600</dst>
      <dst id="19">10698.3556</dst>
      <dst id="23">4442.0356</dst>
      <dst id="8">17264.0178</dst>
      <dst id="18">14288.0356</dst>
      <dst id="1">3393.6978</dst>
      <dst id="5">17657.6000</dst>
      <dst id="3">31056.8711</dst>
      <dst id="22">24407.5911</dst>
      <dst id="7">14763.7867</dst>
      <dst id="2">152049.3067</dst>
      <dst id="6">433.8311</dst>
      <dst id="16">7313.5556</dst>
      <dst id="14">7931.6622</dst>
      <dst id="20">16383.3600</dst>
      <dst id="11">22481.4578</dst>
      <dst id="9">23369.6978</dst>
      <dst id="17">345840.1422</dst>
      <dst id="21">30397.5111</dst>
      <dst id="15">7112.2133</dst>
    </src>
    <src id="19">
      <dst id="12">21443.3778</dst>
      <dst id="13">3127.1022</dst>
      <dst id="23">219.9111</dst>
      <dst id="8">729.9644</dst>
      <dst id="18">1159.0667</dst>
      <dst id="4">19274.4178</dst>
      <dst id="1">76.9511</dst>
      <dst id="5">62.0711</dst>
      <dst id="3">1541.1289</dst>
      <dst id="22">1433.7333</dst>
      <dst id="7">5323.7067</dst>
      <dst id="2">1743.0667</dst>
      <dst id="6">88.4533</dst>
      <dst id="16">11730.6400</dst>
      <dst id="14">174.3467</dst>
      <dst id="20">2111.0844</dst>
      <dst id="11">163.8667</dst>
      <dst id="9">1198.5956</dst>
      <dst id="17">579.9378</dst>
      <dst id="21">2805.7067</dst>
      <dst id="15">18.4533</dst>
    </src>
    <src id="23">
      <dst id="12">1732.3200</dst>
      <dst id="13">1185.7600</dst>
      <dst id="19">7.1733</dst>
      <dst id="8">54.0444</dst>
      <dst id="18">212.8000</dst>
      <dst id="4">90.7911</dst>
      <dst id="1">85.0222</dst>
      <dst id="5">108.5511</dst>
      <dst id="3">1193.3689</dst>
      <dst id="22">515.5911</dst>
      <dst id="7">332.1511</dst>
      <dst id="2">79.1733</dst>
      <dst id="6">1.5644</dst>
      <dst id="16">417.2000</dst>
      <dst id="14">80.0533</dst>
      <dst id="20">1394.5422</dst>
      <dst id="11">295.0044</dst>
      <dst id="9">1742.8622</dst>
      <dst id="17">410.8444</dst>
      <dst id="21">792.0089</dst>
      <dst id="15">28.0978</dst>
    </src>
    <src id="8">
      <dst id="12">438274.3911</dst>
      <dst id="13">1629.6178</dst>
      <dst id="19">67.7333</dst>
      <dst id="23">66.6667</dst>
      <dst id="18">2009.6000</dst>
      <dst id="4">12411.9022</dst>
      <dst id="1">11.7689</dst>
      <dst id="5">7051.5822</dst>
      <dst id="3">1157.0044</dst>
      <dst id="22">1738.7200</dst>
      <dst id="7">48.7022</dst>
      <dst id="2">163185.6978</dst>
      <dst id="6">230.8178</dst>
      <dst id="16">614.3111</dst>
      <dst id="14">30.0444</dst>
      <dst id="20">1235.7956</dst>
      <dst id="11">1146.6933</dst>
      <dst id="9">3820.2222</dst>
      <dst id="17">93145.1111</dst>
      <dst id="21">516.6933</dst>
      <dst id="15">149.0578</dst>
    </src>
    <src id="18">
      <dst id="12">149282.9956</dst>
      <dst id="13">382.7378</dst>
      <dst id="19">933.4489</dst>
      <dst id="23">32.6222</dst>
      <dst id="8">514.8000</dst>
      <dst id="4">2274.5867</dst>
      <dst id="1">1009.5378</dst>
      <dst id="5">856.0267</dst>
      <dst id="3">226.0978</dst>
      <dst id="22">536.1689</dst>
      <dst id="7">62.0000</dst>
      <dst id="2">49945.4933</dst>
      <dst id="16">48.2578</dst>
      <dst id="14">1.6444</dst>
      <dst id="20">48.7556</dst>
      <dst id="11">2184.7022</dst>
      <dst id="9">193.2089</dst>
      <dst id="17">36827.8222</dst>
      <dst id="21">3183.4311</dst>
      <dst id="15">16.6044</dst>
    </src>
    <src id="4">
      <dst id="12">23262.5067</dst>
      <dst id="19">7283.4489</dst>
      <dst id="23">14.3289</dst>
      <dst id="8">5232.6133</dst>
      <dst id="18">1444.8089</dst>
      <dst id="4">2.0889</dst>
      <dst id="1">1394.8356</dst>
      <dst id="5">2436.1689</dst>
      <dst id="3">56441.7600</dst>
      <dst id="22">9502.6222</dst>
      <dst id="7">80303.1289</dst>
      <dst id="2">77175.3511</dst>
      <dst id="6">27.3600</dst>
      <dst id="16">2806.2133</dst>
      <dst id="14">2793.0133</dst>
      <dst id="20">4085.1378</dst>
      <dst id="11">10721.4222</dst>
      <dst id="9">6028.9244</dst>
      <dst id="17">67841.6089</dst>
      <dst id="21">15480.9956</dst>
      <dst id="15">1714.2578</dst>
    </src>
    <src id="1">
      <dst id="12">18999.8133</dst>
      <dst id="13">1427.4133</dst>
      <dst id="19">24.7911</dst>
      <dst id="23">313.7422</dst>
      <dst id="8">246536.8267</dst>
      <dst id="18">15823.3244</dst>
      <dst id="4">21094.7644</dst>
      <dst id="1">72.6844</dst>
      <dst id="5">296506.0978</dst>
      <dst id="3">103813.3067</dst>
      <dst id="22">10979.9200</dst>
      <dst id="7">25708.3556</dst>
      <dst id="2">14789.0489</dst>
      <dst id="6">10008.4444</dst>
      <dst id="16">12123.1556</dst>
      <dst id="14">446.8444</dst>
      <dst id="20">725.0133</dst>
      <dst id="11">882.4533</dst>
      <dst id="9">354590.0533</dst>
      <dst id="17">9137.4933</dst>
      <dst id="21">25406.7822</dst>
      <dst id="15">2061.2089</dst>
    </src>
    <src id="5">
      <dst id="12">381962.4711</dst>
      <dst id="13">6972.4444</dst>
      <dst id="19">257.6978</dst>
      <dst id="23">41.5289</dst>
      <dst id="8">8559.4578</dst>
      <dst id="18">312.1511</dst>
      <dst id="4">8926.1867</dst>
      <dst id="1">117.7778</dst>
      <dst id="3">1435.6000</dst>
      <dst id="22">4541.0933</dst>
      <dst id="7">613.9378</dst>
      <dst id="2">150137.8667</dst>
      <dst id="6">1.0667</dst>
      <dst id="16">1237.1378</dst>
      <dst id="14">63.3067</dst>
      <dst id="20">2525.0400</dst>
      <dst id="11">4459.7511</dst>
      <dst id="9">2480.5156</dst>
      <dst id="17">89652.3111</dst>
      <dst id="21">1174.3911</dst>
      <dst id="15">1614.9333</dst>
    </src>
    <src id="3">
      <dst id="12">19888.5689</dst>
      <dst id="13">2188.2933</dst>
      <dst id="19">2481.3244</dst>
      <dst id="23">94.4178</dst>
      <dst id="8">198.9511</dst>
      <dst id="18">215948.0089</dst>
      <dst id="4">34401.4844</dst>
      <dst id="1">5610.0356</dst>
      <dst id="5">1453.5644</dst>
      <dst id="3">20006.4444</dst>
      <dst id="22">3785.4578</dst>
      <dst id="7">3972.0889</dst>
      <dst id="2">16817.7067</dst>
      <dst id="6">29.0400</dst>
      <dst id="16">2652.5156</dst>
      <dst id="14">59240.5067</dst>
      <dst id="20">597.6178</dst>
      <dst id="11">242145.2356</dst>
      <dst id="9">706.5778</dst>
      <dst id="17">10025.0044</dst>
      <dst id="21">13761.2800</dst>
      <dst id="15">76.7022</dst>
    </src>
    <src id="10">
      <dst id="12">16646.2133</dst>
      <dst id="19">1703.1822</dst>
      <dst id="8">1796.7733</dst>
      <dst id="18">10305.4400</dst>
      <dst id="4">0.4622</dst>
      <dst id="1">1813.6267</dst>
      <dst id="5">1952.0889</dst>
      <dst id="3">23484.6133</dst>
      <dst id="22">8792.5689</dst>
      <dst id="7">9280.5956</dst>
      <dst id="2">50954.3022</dst>
      <dst id="6">15.6533</dst>
      <dst id="16">3671.6978</dst>
      <dst id="14">1289.4933</dst>
      <dst id="20">5086.4800</dst>
      <dst id="11">11604.4711</dst>
      <dst id="9">6667.1022</dst>
      <dst id="17">16055.6444</dst>
      <dst id="21">18264.6933</dst>
      <dst id="15">1633.7422</dst>
    </src>
    <src id="22">
      <dst id="12">19670.3911</dst>
      <dst id="13">11133.0400</dst>
      <dst id="19">1480.2667</dst>
      <dst id="23">1912.1244</dst>
      <dst id="8">2279.7956</dst>
      <dst id="18">829.9556</dst>
      <dst id="4">21609.6533</dst>
      <dst id="1">433.7867</dst>
      <dst id="5">5994.7022</dst>
      <dst id="3">2935.0311</dst>
      <dst id="7">1225.4311</dst>
      <dst id="2">2623.4400</dst>
      <dst id="6">18.1689</dst>
      <dst id="16">27.1556</dst>
      <dst id="14">69.8578</dst>
      <dst id="11">2795.4044</dst>
      <dst id="9">2822.3556</dst>
      <dst id="17">5149.2444</dst>
      <dst id="21">2593.9289</dst>
    </src>
    <src id="7">
      <dst id="12">13840.3022</dst>
      <dst id="13">7054.4444</dst>
      <dst id="19">456.3200</dst>
      <dst id="23">1373.2622</dst>
      <dst id="8">302.6489</dst>
      <dst id="18">762.2578</dst>
      <dst id="4">40005.4756</dst>
      <dst id="1">15309.6978</dst>
      <dst id="5">1008.5333</dst>
      <dst id="3">13872.4711</dst>
      <dst id="22">7650.9867</dst>
      <dst id="7">779.5200</dst>
      <dst id="2">10060.7022</dst>
      <dst id="6">371.4133</dst>
      <dst id="16">1168.2756</dst>
      <dst id="14">174.3556</dst>
      <dst id="20">2944.3822</dst>
      <dst id="11">3492.6044</dst>
      <dst id="9">2370.2667</dst>
      <dst id="17">3927.1911</dst>
      <dst id="21">11113.8667</dst>
      <dst id="15">406.5067</dst>
    </src>
    <src id="2">
      <dst id="12">145007.3067</dst>
      <dst id="13">6028.4356</dst>
      <dst id="19">17965.0756</dst>
      <dst id="23">2.6222</dst>
      <dst id="8">1925.4667</dst>
      <dst id="18">174571.7067</dst>
      <dst id="4">116657.2978</dst>
      <dst id="1">3855.4756</dst>
      <dst id="5">1377.3867</dst>
      <dst id="3">7811.3956</dst>
      <dst id="22">2081.5289</dst>
      <dst id="7">16172.8800</dst>
      <dst id="2">1669.1289</dst>
      <dst id="6">7824.6400</dst>
      <dst id="16">2508.1511</dst>
      <dst id="14">673.8667</dst>
      <dst id="20">8540.7733</dst>
      <dst id="11">9644.4178</dst>
      <dst id="9">10860.5422</dst>
      <dst id="17">24605.8667</dst>
      <dst id="21">13001.3422</dst>
      <dst id="15">432.5244</dst>
    </src>
    <src id="6">
      <dst id="12">11745.0933</dst>
      <dst id="13">54.4444</dst>
      <dst id="19">2.3200</dst>
      <dst id="23">58.0267</dst>
      <dst id="8">6.5778</dst>
      <dst id="18">104.5333</dst>
      <dst id="4">58.3644</dst>
      <dst id="1">25.1111</dst>
      <dst id="5">11.8933</dst>
      <dst id="3">172.6756</dst>
      <dst id="22">129.1022</dst>
      <dst id="7">30.5511</dst>
      <dst id="2">2298.4889</dst>
      <dst id="20">23.6444</dst>
      <dst id="11">40.2400</dst>
      <dst id="9">38.0889</dst>
      <dst id="17">1301.6711</dst>
      <dst id="21">86.8267</dst>
      <dst id="15">19.1289</dst>
    </src>
    <src id="16">
      <dst id="12">3790.6578</dst>
      <dst id="13">299.8933</dst>
      <dst id="19">5224.0356</dst>
      <dst id="23">88.5778</dst>
      <dst id="8">7415.7689</dst>
      <dst id="18">108.8622</dst>
      <dst id="4">4539.1822</dst>
      <dst id="1">21435.5733</dst>
      <dst id="5">7196.7556</dst>
      <dst id="3">1362.9689</dst>
      <dst id="7">2237.3244</dst>
      <dst id="2">1298.8533</dst>
      <dst id="6">13.6889</dst>
      <dst id="16">56.4711</dst>
      <dst id="14">354.9600</dst>
      <dst id="11">163.6178</dst>
      <dst id="9">11311.8756</dst>
      <dst id="17">2046.1156</dst>
      <dst id="21">542.1067</dst>
    </src>
    <src id="14">
      <dst id="12">32254.7556</dst>
      <dst id="13">133.6978</dst>
      <dst id="19">30.6133</dst>
      <dst id="23">1.8489</dst>
      <dst id="8">247.2978</dst>
      <dst id="18">101.3333</dst>
      <dst id="4">4285.4311</dst>
      <dst id="1">97.2533</dst>
      <dst id="5">2.6489</dst>
      <dst id="3">114.5689</dst>
      <dst id="22">9.8044</dst>
      <dst id="7">190.2489</dst>
      <dst id="2">7874.0978</dst>
      <dst id="16">74.4267</dst>
      <dst id="20">50.1067</dst>
      <dst id="11">70.1244</dst>
      <dst id="9">8.9511</dst>
      <dst id="17">6575.6800</dst>
      <dst id="21">486.8889</dst>
      <dst id="15">0.4622</dst>
    </src>
    <src id="20">
      <dst id="12">8421.3689</dst>
      <dst id="13">5192.0267</dst>
      <dst id="19">65.9289</dst>
      <dst id="23">2635.0311</dst>
      <dst id="8">211.4578</dst>
      <dst id="18">899.8311</dst>
      <dst id="4">9145.5644</dst>
      <dst id="1">167.2800</dst>
      <dst id="5">3745.9111</dst>
      <dst id="3">2708.3911</dst>
      <dst id="22">13.3333</dst>
      <dst id="7">504.2044</dst>
      <dst id="2">7311.9911</dst>
      <dst id="6">1.2444</dst>
      <dst id="14">32.5867</dst>
      <dst id="11">9095.7244</dst>
      <dst id="9">5644.3289</dst>
      <dst id="17">3441.1111</dst>
      <dst id="21">702.9067</dst>
    </src>
    <src id="11">
      <dst id="12">454923.7600</dst>
      <dst id="13">3877.2178</dst>
      <dst id="19">188.8800</dst>
      <dst id="23">604.0889</dst>
      <dst id="8">819.0578</dst>
      <dst id="18">739.9644</dst>
      <dst id="4">13423.6089</dst>
      <dst id="1">1675.9111</dst>
      <dst id="5">2164.0178</dst>
      <dst id="3">1625.0844</dst>
      <dst id="22">3314.5156</dst>
      <dst id="7">418.1156</dst>
      <dst id="2">165359.6444</dst>
      <dst id="6">8.9689</dst>
      <dst id="16">247.4222</dst>
      <dst id="14">143.6711</dst>
      <dst id="20">1781.2533</dst>
      <dst id="11">2633.7778</dst>
      <dst id="9">1144.9867</dst>
      <dst id="17">102486.0267</dst>
      <dst id="21">1626.7200</dst>
      <dst id="15">365.5200</dst>
    </src>
    <src id="9">
      <dst id="12">595515.6889</dst>
      <dst id="13">7127.6089</dst>
      <dst id="19">63.5644</dst>
      <dst id="23">23.6089</dst>
      <dst id="8">791.3511</dst>
      <dst id="18">1325.9556</dst>
      <dst id="4">10647.2356</dst>
      <dst id="1">419.8756</dst>
      <dst id="5">2142.4000</dst>
      <dst id="3">2688.1333</dst>
      <dst id="22">3775.3867</dst>
      <dst id="7">1368.7022</dst>
      <dst id="2">201920.8178</dst>
      <dst id="6">41.9911</dst>
      <dst id="16">886.1689</dst>
      <dst id="14">134.0444</dst>
      <dst id="20">7570.2667</dst>
      <dst id="11">685.7511</dst>
      <dst id="9">566.1511</dst>
      <dst id="17">138810.8533</dst>
      <dst id="21">1925.6267</dst>
      <dst id="15">56529.2622</dst>
    </src>
    <src id="17">
      <dst id="12">15333.0667</dst>
      <dst id="13">7198.6667</dst>
      <dst id="19">1628.2311</dst>
      <dst id="23">1123.9022</dst>
      <dst id="8">236694.4711</dst>
      <dst id="18">3634.1600</dst>
      <dst id="4">53724.6844</dst>
      <dst id="1">1468.0711</dst>
      <dst id="5">282203.5822</dst>
      <dst id="3">28557.5111</dst>
      <dst id="22">17639.7600</dst>
      <dst id="7">13098.4711</dst>
      <dst id="2">21288.4267</dst>
      <dst id="6">288.6400</dst>
      <dst id="16">3680.0444</dst>
      <dst id="14">42512.2044</dst>
      <dst id="20">3891.1556</dst>
      <dst id="11">181467.4311</dst>
      <dst id="9">342737.5467</dst>
      <dst id="17">2348.8178</dst>
      <dst id="21">28512.2578</dst>
      <dst id="15">912.4000</dst>
    </src>
    <src id="21">
      <dst id="12">20419.3956</dst>
      <dst id="13">666.6667</dst>
      <dst id="19">541.3778</dst>
      <dst id="23">500.8356</dst>
      <dst id="8">683.3511</dst>
      <dst id="18">7083.2089</dst>
      <dst id="4">37958.6667</dst>
      <dst id="1">4847.9200</dst>
      <dst id="5">606.3200</dst>
      <dst id="3">3006.3822</dst>
      <dst id="22">2283.7511</dst>
      <dst id="7">2466.9778</dst>
      <dst id="2">14338.4000</dst>
      <dst id="6">5.6089</dst>
      <dst id="16">598.8533</dst>
      <dst id="14">200.8178</dst>
      <dst id="20">1096.9600</dst>
      <dst id="11">1353.4844</dst>
      <dst id="9">2366.6578</dst>
      <dst id="17">4550.7289</dst>
      <dst id="21">3342.4978</dst>
      <dst id="15">808.0089</dst>
    </src>
    <src id="15">
      <dst id="12">3548.1956</dst>
      <dst id="13">2368.5067</dst>
      <dst id="19">0.4711</dst>
      <dst id="23">0.3556</dst>
      <dst id="8">543.5556</dst>
      <dst id="18">108.2400</dst>
      <dst id="4">2632.0267</dst>
      <dst id="1">117.4578</dst>
      <dst id="5">1010.2044</dst>
      <dst id="3">818.5511</dst>
      <dst id="7">42.9511</dst>
      <dst id="2">351.9200</dst>
      <dst id="6">0.3556</dst>
      <dst id="14">13.3333</dst>
      <dst id="11">1146.2400</dst>
      <dst id="9">5364.2044</dst>
      <dst id="17">342.8000</dst>
      <dst id="21">303.0489</dst>
    </src>
  </IntraTM>
</TrafficMatrixFile>
