<?xml version="1.0" encoding="UTF-8" standalone="yes"?>
<TrafficMatrixFile xmlns:xsi="http://www.w3.org/2001/XMLSchema-instance" xsi:noNamespaceSchemaLocation="http://totem.run.montefiore.ulg.ac.be/Schema/TrafficMatrix-v1_2.xsd">
  <info>
    <title>Intradomain traffic matrix generated by geant-TM-all.pl</title>
    <date>2005-01-01T22:45:00</date>
    <duration>900</duration>
    <author>Steve Uhlig</author>
    <units>
        <unit type="bandwidth" value="kbps"/>
    </units>
  </info>
  <IntraTM ASID="20965">
    <src id="12">
      <dst id="12">394871.9644</dst>
      <dst id="13">35327.5733</dst>
      <dst id="19">4114.1067</dst>
      <dst id="23">3379.6267</dst>
      <dst id="8">10750.3200</dst>
      <dst id="18">10961.5467</dst>
      <dst id="4">92964.8000</dst>
      <dst id="1">8482.1156</dst>
      <dst id="5">5948.1689</dst>
      <dst id="3">7914.0178</dst>
      <dst id="22">21888.6844</dst>
      <dst id="7">3387.9911</dst>
      <dst id="2">107196.3556</dst>
      <dst id="6">198.4800</dst>
      <dst id="16">10600.4889</dst>
      <dst id="14">1457.8667</dst>
      <dst id="20">13639.1822</dst>
      <dst id="11">7331.1467</dst>
      <dst id="9">24507.0489</dst>
      <dst id="17">70916.1600</dst>
      <dst id="21">21996.0622</dst>
      <dst id="15">5825.0844</dst>
    </src>
    <src id="13">
      <dst id="12">87198.4000</dst>
      <dst id="19">9060.7822</dst>
      <dst id="23">2852.1333</dst>
      <dst id="8">3772.9778</dst>
      <dst id="18">7084.6133</dst>
      <dst id="4">62.6311</dst>
      <dst id="1">3639.0044</dst>
      <dst id="5">20145.0133</dst>
      <dst id="3">44766.8356</dst>
      <dst id="22">35346.0889</dst>
      <dst id="7">11522.6400</dst>
      <dst id="2">135263.9644</dst>
      <dst id="6">664.7378</dst>
      <dst id="16">10166.4889</dst>
      <dst id="14">4938.9600</dst>
      <dst id="20">20097.3156</dst>
      <dst id="11">27484.1244</dst>
      <dst id="9">14536.0711</dst>
      <dst id="17">342289.8667</dst>
      <dst id="21">29331.5111</dst>
      <dst id="15">4103.1822</dst>
    </src>
    <src id="19">
      <dst id="12">16754.7111</dst>
      <dst id="13">3256.8089</dst>
      <dst id="23">27.1289</dst>
      <dst id="8">110.5422</dst>
      <dst id="18">384.3733</dst>
      <dst id="4">17074.7911</dst>
      <dst id="1">4247.8222</dst>
      <dst id="5">83.6889</dst>
      <dst id="3">4523.8044</dst>
      <dst id="22">972.3200</dst>
      <dst id="7">4962.9244</dst>
      <dst id="2">1156.4978</dst>
      <dst id="6">14.6933</dst>
      <dst id="16">6079.1911</dst>
      <dst id="14">1.0933</dst>
      <dst id="20">310.6933</dst>
      <dst id="11">197.4044</dst>
      <dst id="9">645.3067</dst>
      <dst id="17">317.9644</dst>
      <dst id="21">1442.5867</dst>
      <dst id="15">1617.8578</dst>
    </src>
    <src id="23">
      <dst id="12">509.9733</dst>
      <dst id="13">178.3644</dst>
      <dst id="19">27.9822</dst>
      <dst id="8">169.1022</dst>
      <dst id="18">2.1600</dst>
      <dst id="4">127.2889</dst>
      <dst id="1">198.3289</dst>
      <dst id="5">216.0356</dst>
      <dst id="3">174.2311</dst>
      <dst id="22">157.8489</dst>
      <dst id="7">58.6311</dst>
      <dst id="2">94.6400</dst>
      <dst id="6">2.3111</dst>
      <dst id="16">48.6489</dst>
      <dst id="14">44.0000</dst>
      <dst id="20">340.5422</dst>
      <dst id="11">164.4711</dst>
      <dst id="9">1133.6178</dst>
      <dst id="17">309.2889</dst>
      <dst id="21">713.6178</dst>
      <dst id="15">1.8578</dst>
    </src>
    <src id="8">
      <dst id="12">446438.0711</dst>
      <dst id="13">661.7689</dst>
      <dst id="19">80.5867</dst>
      <dst id="23">126.4267</dst>
      <dst id="18">1188.8889</dst>
      <dst id="4">8762.8356</dst>
      <dst id="1">413.8578</dst>
      <dst id="5">6437.2533</dst>
      <dst id="3">430.4000</dst>
      <dst id="22">2319.0222</dst>
      <dst id="7">209.1378</dst>
      <dst id="2">172608.1333</dst>
      <dst id="6">0.5333</dst>
      <dst id="16">531.1200</dst>
      <dst id="14">0.3556</dst>
      <dst id="20">385.0222</dst>
      <dst id="11">1764.6756</dst>
      <dst id="9">3411.5111</dst>
      <dst id="17">94669.3156</dst>
      <dst id="21">2308.4000</dst>
      <dst id="15">277.7333</dst>
    </src>
    <src id="18">
      <dst id="12">154767.1556</dst>
      <dst id="13">1409.0222</dst>
      <dst id="19">706.6667</dst>
      <dst id="23">23.4489</dst>
      <dst id="8">704.5956</dst>
      <dst id="4">2119.2000</dst>
      <dst id="1">938.9067</dst>
      <dst id="5">536.3111</dst>
      <dst id="3">299.4844</dst>
      <dst id="22">1501.0222</dst>
      <dst id="7">111.6000</dst>
      <dst id="2">46256.8800</dst>
      <dst id="16">12.5778</dst>
      <dst id="14">13.3067</dst>
      <dst id="20">91.9289</dst>
      <dst id="11">502.3822</dst>
      <dst id="9">223.0133</dst>
      <dst id="17">36130.8089</dst>
      <dst id="21">1514.5156</dst>
      <dst id="15">2.6667</dst>
    </src>
    <src id="4">
      <dst id="12">23169.2000</dst>
      <dst id="19">5390.9600</dst>
      <dst id="23">1.9733</dst>
      <dst id="8">2134.6400</dst>
      <dst id="18">1792.5778</dst>
      <dst id="4">44.1956</dst>
      <dst id="1">6572.2311</dst>
      <dst id="5">3022.8533</dst>
      <dst id="3">34166.6933</dst>
      <dst id="22">6789.2622</dst>
      <dst id="7">77033.6089</dst>
      <dst id="2">81149.0400</dst>
      <dst id="6">1.8044</dst>
      <dst id="16">3505.7067</dst>
      <dst id="14">2500.7111</dst>
      <dst id="20">4764.1067</dst>
      <dst id="11">11185.2711</dst>
      <dst id="9">6265.2356</dst>
      <dst id="17">89828.1956</dst>
      <dst id="21">10560.9156</dst>
      <dst id="15">2101.1378</dst>
    </src>
    <src id="1">
      <dst id="12">19115.3156</dst>
      <dst id="13">545.0756</dst>
      <dst id="19">271.8133</dst>
      <dst id="23">959.9289</dst>
      <dst id="8">244502.2311</dst>
      <dst id="18">14136.5689</dst>
      <dst id="4">10674.0889</dst>
      <dst id="1">53.4844</dst>
      <dst id="5">306059.9022</dst>
      <dst id="3">37832.0889</dst>
      <dst id="22">7974.2133</dst>
      <dst id="7">2672.0533</dst>
      <dst id="2">6649.9200</dst>
      <dst id="6">8161.2178</dst>
      <dst id="16">7933.1467</dst>
      <dst id="14">541.7778</dst>
      <dst id="20">682.9778</dst>
      <dst id="11">2603.1556</dst>
      <dst id="9">428541.4933</dst>
      <dst id="17">3090.7911</dst>
      <dst id="21">27881.3867</dst>
      <dst id="15">130.8622</dst>
    </src>
    <src id="5">
      <dst id="12">378554.8622</dst>
      <dst id="13">11516.3022</dst>
      <dst id="19">174.0889</dst>
      <dst id="23">195.3956</dst>
      <dst id="8">13486.0444</dst>
      <dst id="18">401.3956</dst>
      <dst id="4">9225.2622</dst>
      <dst id="1">187.9733</dst>
      <dst id="3">1305.5556</dst>
      <dst id="22">6946.3733</dst>
      <dst id="7">673.8756</dst>
      <dst id="2">148504.2667</dst>
      <dst id="6">6.2844</dst>
      <dst id="16">1030.3822</dst>
      <dst id="14">28.4267</dst>
      <dst id="20">1880.8089</dst>
      <dst id="11">2479.8933</dst>
      <dst id="9">3188.5511</dst>
      <dst id="17">91921.7956</dst>
      <dst id="21">693.1733</dst>
      <dst id="15">1424.3467</dst>
    </src>
    <src id="3">
      <dst id="12">18010.0444</dst>
      <dst id="13">7537.9289</dst>
      <dst id="19">2450.3467</dst>
      <dst id="23">23.4311</dst>
      <dst id="8">1047.4844</dst>
      <dst id="18">204479.5289</dst>
      <dst id="4">33199.7778</dst>
      <dst id="1">9993.8756</dst>
      <dst id="5">1271.9200</dst>
      <dst id="3">21610.4089</dst>
      <dst id="22">2699.6622</dst>
      <dst id="7">7729.6444</dst>
      <dst id="2">8269.6000</dst>
      <dst id="6">25.4933</dst>
      <dst id="16">3067.8311</dst>
      <dst id="14">63590.3378</dst>
      <dst id="20">4756.2933</dst>
      <dst id="11">275272.7822</dst>
      <dst id="9">2533.9378</dst>
      <dst id="17">14925.6000</dst>
      <dst id="21">11653.1200</dst>
      <dst id="15">105.1111</dst>
    </src>
    <src id="10">
      <dst id="12">20357.7867</dst>
      <dst id="19">1790.5867</dst>
      <dst id="8">4134.2133</dst>
      <dst id="18">4293.1911</dst>
      <dst id="4">17.5289</dst>
      <dst id="1">3925.8756</dst>
      <dst id="5">1544.7911</dst>
      <dst id="3">27832.7644</dst>
      <dst id="22">11634.3289</dst>
      <dst id="7">6649.5467</dst>
      <dst id="2">39971.9733</dst>
      <dst id="6">90.8000</dst>
      <dst id="16">1610.2667</dst>
      <dst id="14">2118.8711</dst>
      <dst id="20">7089.9289</dst>
      <dst id="11">9324.4622</dst>
      <dst id="9">7308.3644</dst>
      <dst id="17">16935.4933</dst>
      <dst id="21">33556.0000</dst>
      <dst id="15">3628.7022</dst>
    </src>
    <src id="22">
      <dst id="12">17083.3689</dst>
      <dst id="13">5590.8178</dst>
      <dst id="19">571.6978</dst>
      <dst id="23">48.4356</dst>
      <dst id="8">2899.1644</dst>
      <dst id="18">904.0889</dst>
      <dst id="4">16860.4000</dst>
      <dst id="1">462.1867</dst>
      <dst id="5">5895.2444</dst>
      <dst id="3">5145.0667</dst>
      <dst id="7">1601.5644</dst>
      <dst id="2">2828.2400</dst>
      <dst id="6">33.8756</dst>
      <dst id="16">0.8356</dst>
      <dst id="14">75.2444</dst>
      <dst id="11">4941.0844</dst>
      <dst id="9">2950.4356</dst>
      <dst id="17">2686.6756</dst>
      <dst id="21">3130.8089</dst>
    </src>
    <src id="7">
      <dst id="12">7923.1822</dst>
      <dst id="13">171.2089</dst>
      <dst id="19">410.0889</dst>
      <dst id="23">2746.7556</dst>
      <dst id="8">438.2044</dst>
      <dst id="18">722.0622</dst>
      <dst id="4">50028.1511</dst>
      <dst id="1">20375.0667</dst>
      <dst id="5">1854.2489</dst>
      <dst id="3">12280.3378</dst>
      <dst id="22">9544.7911</dst>
      <dst id="7">881.9556</dst>
      <dst id="2">10987.6356</dst>
      <dst id="6">224.3911</dst>
      <dst id="16">1769.5467</dst>
      <dst id="14">361.2000</dst>
      <dst id="20">1171.7956</dst>
      <dst id="11">2275.0667</dst>
      <dst id="9">1209.8489</dst>
      <dst id="17">4648.8711</dst>
      <dst id="21">7549.8578</dst>
      <dst id="15">796.0089</dst>
    </src>
    <src id="2">
      <dst id="12">183649.0400</dst>
      <dst id="13">8747.7778</dst>
      <dst id="19">1061.2622</dst>
      <dst id="23">1.2800</dst>
      <dst id="8">4048.4267</dst>
      <dst id="18">159761.2711</dst>
      <dst id="4">96204.2489</dst>
      <dst id="1">1550.4711</dst>
      <dst id="5">1798.9422</dst>
      <dst id="3">7730.7644</dst>
      <dst id="22">2330.7467</dst>
      <dst id="7">3863.7422</dst>
      <dst id="2">1822.8889</dst>
      <dst id="6">8045.5467</dst>
      <dst id="16">2574.9600</dst>
      <dst id="14">410.1333</dst>
      <dst id="20">2818.2044</dst>
      <dst id="11">10051.2800</dst>
      <dst id="9">1824.0356</dst>
      <dst id="17">37326.7200</dst>
      <dst id="21">12839.7244</dst>
      <dst id="15">2367.9467</dst>
    </src>
    <src id="6">
      <dst id="12">11762.4889</dst>
      <dst id="13">70.5067</dst>
      <dst id="19">15.0933</dst>
      <dst id="23">66.8000</dst>
      <dst id="8">5.1200</dst>
      <dst id="18">0.3378</dst>
      <dst id="4">194.2311</dst>
      <dst id="1">2.5600</dst>
      <dst id="5">0.9333</dst>
      <dst id="3">273.2267</dst>
      <dst id="22">29.1022</dst>
      <dst id="7">21.1200</dst>
      <dst id="2">2440.2933</dst>
      <dst id="16">21.8667</dst>
      <dst id="20">0.4089</dst>
      <dst id="11">174.5422</dst>
      <dst id="9">62.2311</dst>
      <dst id="17">1393.9556</dst>
      <dst id="21">46.7378</dst>
      <dst id="15">56.4178</dst>
    </src>
    <src id="16">
      <dst id="12">2504.8089</dst>
      <dst id="13">917.1289</dst>
      <dst id="19">4290.5244</dst>
      <dst id="23">67.9733</dst>
      <dst id="8">7943.0756</dst>
      <dst id="18">58.8889</dst>
      <dst id="4">4569.0311</dst>
      <dst id="1">19489.3511</dst>
      <dst id="5">8926.3733</dst>
      <dst id="3">2437.9467</dst>
      <dst id="22">2.5156</dst>
      <dst id="7">1590.0000</dst>
      <dst id="2">1819.3511</dst>
      <dst id="6">4.2578</dst>
      <dst id="16">47.5822</dst>
      <dst id="14">730.9956</dst>
      <dst id="11">420.5156</dst>
      <dst id="9">14043.3244</dst>
      <dst id="17">1913.3333</dst>
      <dst id="21">1162.8267</dst>
    </src>
    <src id="14">
      <dst id="12">28301.6267</dst>
      <dst id="13">154.0889</dst>
      <dst id="19">4.4800</dst>
      <dst id="23">5.7244</dst>
      <dst id="8">7.1733</dst>
      <dst id="18">0.4622</dst>
      <dst id="4">2772.2844</dst>
      <dst id="1">91.5200</dst>
      <dst id="5">2.2756</dst>
      <dst id="3">135.2711</dst>
      <dst id="22">30.2222</dst>
      <dst id="7">87.8311</dst>
      <dst id="2">8501.3244</dst>
      <dst id="16">31.6711</dst>
      <dst id="20">23.9822</dst>
      <dst id="11">151.8222</dst>
      <dst id="9">24.0711</dst>
      <dst id="17">6518.4000</dst>
      <dst id="21">383.3511</dst>
      <dst id="15">0.4622</dst>
    </src>
    <src id="20">
      <dst id="12">11026.7289</dst>
      <dst id="13">7443.9200</dst>
      <dst id="19">199.9289</dst>
      <dst id="23">4124.2400</dst>
      <dst id="8">151.1111</dst>
      <dst id="18">1381.5022</dst>
      <dst id="4">14074.8178</dst>
      <dst id="1">190.2044</dst>
      <dst id="5">2756.7200</dst>
      <dst id="3">2753.7067</dst>
      <dst id="7">104.9689</dst>
      <dst id="2">9635.1467</dst>
      <dst id="14">1565.9022</dst>
      <dst id="11">10020.0089</dst>
      <dst id="9">3546.8356</dst>
      <dst id="17">5763.5911</dst>
      <dst id="21">1700.5511</dst>
    </src>
    <src id="11">
      <dst id="12">483810.8267</dst>
      <dst id="13">6501.4578</dst>
      <dst id="19">198.4978</dst>
      <dst id="23">98.4978</dst>
      <dst id="8">3326.2933</dst>
      <dst id="18">999.1733</dst>
      <dst id="4">13208.9689</dst>
      <dst id="1">807.1022</dst>
      <dst id="5">2328.8889</dst>
      <dst id="3">2523.6889</dst>
      <dst id="22">4199.5111</dst>
      <dst id="7">586.7111</dst>
      <dst id="2">170239.4133</dst>
      <dst id="6">9.8578</dst>
      <dst id="16">475.9644</dst>
      <dst id="14">99.6178</dst>
      <dst id="20">1370.0267</dst>
      <dst id="11">2440.2667</dst>
      <dst id="9">2424.2844</dst>
      <dst id="17">112350.0800</dst>
      <dst id="21">2498.7200</dst>
      <dst id="15">446.6578</dst>
    </src>
    <src id="9">
      <dst id="12">602379.5911</dst>
      <dst id="13">8603.9378</dst>
      <dst id="19">939.2444</dst>
      <dst id="23">41.1556</dst>
      <dst id="8">1488.0533</dst>
      <dst id="18">147.5200</dst>
      <dst id="4">10516.4267</dst>
      <dst id="1">500.4000</dst>
      <dst id="5">3405.2089</dst>
      <dst id="3">5729.6711</dst>
      <dst id="22">2666.4711</dst>
      <dst id="7">940.7378</dst>
      <dst id="2">224581.3156</dst>
      <dst id="6">52.8800</dst>
      <dst id="16">1124.1333</dst>
      <dst id="14">68.2222</dst>
      <dst id="20">11543.9200</dst>
      <dst id="11">1066.1422</dst>
      <dst id="9">1911.1378</dst>
      <dst id="17">141166.8267</dst>
      <dst id="21">2601.6000</dst>
      <dst id="15">10043.9022</dst>
    </src>
    <src id="17">
      <dst id="12">18385.4933</dst>
      <dst id="13">9273.2889</dst>
      <dst id="19">1219.9289</dst>
      <dst id="23">1087.7867</dst>
      <dst id="8">249543.1022</dst>
      <dst id="18">1864.3556</dst>
      <dst id="4">49317.9911</dst>
      <dst id="1">1868.5867</dst>
      <dst id="5">283444.5156</dst>
      <dst id="3">28611.2800</dst>
      <dst id="22">14738.6578</dst>
      <dst id="7">16256.2756</dst>
      <dst id="2">13990.4978</dst>
      <dst id="6">113.5911</dst>
      <dst id="16">4059.0044</dst>
      <dst id="14">52810.5600</dst>
      <dst id="20">3602.9333</dst>
      <dst id="11">216011.2000</dst>
      <dst id="9">357426.2311</dst>
      <dst id="17">1957.5200</dst>
      <dst id="21">25853.7422</dst>
      <dst id="15">666.3733</dst>
    </src>
    <src id="21">
      <dst id="12">23464.3289</dst>
      <dst id="13">388.0711</dst>
      <dst id="19">648.6222</dst>
      <dst id="23">396.9333</dst>
      <dst id="8">613.9200</dst>
      <dst id="18">2709.5111</dst>
      <dst id="4">42431.3778</dst>
      <dst id="1">5880.7111</dst>
      <dst id="5">1255.1467</dst>
      <dst id="3">2190.4444</dst>
      <dst id="22">2963.4933</dst>
      <dst id="7">2879.3511</dst>
      <dst id="2">13450.0711</dst>
      <dst id="6">8.2133</dst>
      <dst id="16">528.4889</dst>
      <dst id="14">160.1156</dst>
      <dst id="20">554.7289</dst>
      <dst id="11">1879.1022</dst>
      <dst id="9">1133.8844</dst>
      <dst id="17">5128.5156</dst>
      <dst id="21">3553.6889</dst>
      <dst id="15">856.8622</dst>
    </src>
    <src id="15">
      <dst id="12">1783.8044</dst>
      <dst id="13">1142.4178</dst>
      <dst id="19">135.3600</dst>
      <dst id="23">19.9467</dst>
      <dst id="8">1345.6800</dst>
      <dst id="18">15.6444</dst>
      <dst id="4">1744.8889</dst>
      <dst id="1">192.0711</dst>
      <dst id="5">1201.3600</dst>
      <dst id="3">870.0978</dst>
      <dst id="7">32.8533</dst>
      <dst id="2">765.1200</dst>
      <dst id="6">3.5289</dst>
      <dst id="14">0.4267</dst>
      <dst id="11">1036.5511</dst>
      <dst id="9">1711.6089</dst>
      <dst id="17">963.1467</dst>
      <dst id="21">94.0444</dst>
    </src>
  </IntraTM>
</TrafficMatrixFile>
