<?xml version="1.0" encoding="UTF-8" standalone="yes"?>
<TrafficMatrixFile xmlns:xsi="http://www.w3.org/2001/XMLSchema-instance" xsi:noNamespaceSchemaLocation="http://totem.run.montefiore.ulg.ac.be/Schema/TrafficMatrix-v1_2.xsd">
  <info>
    <title>Intradomain traffic matrix generated by geant-TM-all.pl</title>
    <date>2005-01-04T23:45:00</date>
    <duration>900</duration>
    <author>Steve Uhlig</author>
    <units>
        <unit type="bandwidth" value="kbps"/>
    </units>
  </info>
  <IntraTM ASID="20965">
    <src id="12">
      <dst id="12">254886.3556</dst>
      <dst id="13">24590.2578</dst>
      <dst id="19">3903.5822</dst>
      <dst id="23">550.6400</dst>
      <dst id="8">5644.5689</dst>
      <dst id="18">548.0622</dst>
      <dst id="4">70870.3644</dst>
      <dst id="1">17370.5511</dst>
      <dst id="5">5482.4267</dst>
      <dst id="3">1006.2400</dst>
      <dst id="22">12696.0000</dst>
      <dst id="7">3461.2889</dst>
      <dst id="2">100248.2222</dst>
      <dst id="6">11.8933</dst>
      <dst id="16">10145.4311</dst>
      <dst id="14">2872.5778</dst>
      <dst id="20">5437.1111</dst>
      <dst id="11">7252.8356</dst>
      <dst id="9">2744.7822</dst>
      <dst id="17">98846.7022</dst>
      <dst id="21">3686.0356</dst>
      <dst id="15">4783.1022</dst>
    </src>
    <src id="13">
      <dst id="12">49446.8711</dst>
      <dst id="19">5932.6133</dst>
      <dst id="23">949.2356</dst>
      <dst id="8">2182.2044</dst>
      <dst id="18">1833.9022</dst>
      <dst id="1">7842.2400</dst>
      <dst id="5">4241.8933</dst>
      <dst id="3">7174.0089</dst>
      <dst id="22">19772.3200</dst>
      <dst id="7">11116.5156</dst>
      <dst id="2">87334.8978</dst>
      <dst id="6">267.2533</dst>
      <dst id="16">8806.7467</dst>
      <dst id="14">6785.6800</dst>
      <dst id="20">6734.2311</dst>
      <dst id="11">13360.4533</dst>
      <dst id="9">7684.2756</dst>
      <dst id="17">57610.9333</dst>
      <dst id="21">6647.3689</dst>
      <dst id="15">2657.4044</dst>
    </src>
    <src id="19">
      <dst id="12">16984.3911</dst>
      <dst id="13">234.9067</dst>
      <dst id="23">0.3556</dst>
      <dst id="8">1.4222</dst>
      <dst id="18">1322.5244</dst>
      <dst id="4">13933.6711</dst>
      <dst id="1">870.4444</dst>
      <dst id="5">135.6089</dst>
      <dst id="3">12.7467</dst>
      <dst id="22">91.0578</dst>
      <dst id="7">10541.7956</dst>
      <dst id="2">222.4711</dst>
      <dst id="6">34.8444</dst>
      <dst id="16">4441.8933</dst>
      <dst id="14">1.0756</dst>
      <dst id="20">25.1022</dst>
      <dst id="11">66.3556</dst>
      <dst id="9">51.6978</dst>
      <dst id="17">854.8267</dst>
      <dst id="21">433.0489</dst>
    </src>
    <src id="23">
      <dst id="12">542.8800</dst>
      <dst id="13">79.3511</dst>
      <dst id="19">81.6889</dst>
      <dst id="4">2.7733</dst>
      <dst id="1">117.1022</dst>
      <dst id="5">212.6222</dst>
      <dst id="3">183.7600</dst>
      <dst id="22">628.0089</dst>
      <dst id="7">65.5467</dst>
      <dst id="2">11.3778</dst>
      <dst id="6">26.8089</dst>
      <dst id="16">34.8622</dst>
      <dst id="14">65.2444</dst>
      <dst id="20">0.9244</dst>
      <dst id="11">27.4844</dst>
      <dst id="9">3457.3600</dst>
      <dst id="17">364.0533</dst>
      <dst id="21">126.6844</dst>
    </src>
    <src id="8">
      <dst id="12">336368.3467</dst>
      <dst id="13">418.1156</dst>
      <dst id="19">52.7644</dst>
      <dst id="23">3.3956</dst>
      <dst id="18">1.9822</dst>
      <dst id="4">9337.2889</dst>
      <dst id="1">340.8089</dst>
      <dst id="5">1425.9911</dst>
      <dst id="3">36.4178</dst>
      <dst id="22">766.7556</dst>
      <dst id="7">127.3956</dst>
      <dst id="2">125222.4889</dst>
      <dst id="16">818.3378</dst>
      <dst id="14">8.6311</dst>
      <dst id="20">3069.7333</dst>
      <dst id="11">95.7867</dst>
      <dst id="9">297.0756</dst>
      <dst id="17">128924.7111</dst>
      <dst id="21">193.4044</dst>
      <dst id="15">337.8400</dst>
    </src>
    <src id="18">
      <dst id="12">103112.4533</dst>
      <dst id="13">487.2000</dst>
      <dst id="19">46.3733</dst>
      <dst id="23">1.2444</dst>
      <dst id="8">70.2933</dst>
      <dst id="4">1304.2667</dst>
      <dst id="1">917.0578</dst>
      <dst id="5">253.9822</dst>
      <dst id="3">45.1556</dst>
      <dst id="22">129.8756</dst>
      <dst id="7">10.8089</dst>
      <dst id="2">31719.7956</dst>
      <dst id="16">23.4756</dst>
      <dst id="14">43.8933</dst>
      <dst id="20">4.9333</dst>
      <dst id="11">31.8933</dst>
      <dst id="9">16.3022</dst>
      <dst id="17">34967.1733</dst>
      <dst id="21">150.2667</dst>
      <dst id="15">0.3556</dst>
    </src>
    <src id="4">
      <dst id="12">12966.2667</dst>
      <dst id="19">14872.6844</dst>
      <dst id="8">2307.6089</dst>
      <dst id="18">453.5289</dst>
      <dst id="4">2.6222</dst>
      <dst id="1">37915.7867</dst>
      <dst id="5">2254.4533</dst>
      <dst id="3">255.5200</dst>
      <dst id="22">4703.6622</dst>
      <dst id="7">42329.2711</dst>
      <dst id="2">74246.6133</dst>
      <dst id="6">15.3333</dst>
      <dst id="16">1744.2933</dst>
      <dst id="14">4270.1689</dst>
      <dst id="20">1564.7289</dst>
      <dst id="11">3161.2622</dst>
      <dst id="9">2325.4756</dst>
      <dst id="17">37436.9244</dst>
      <dst id="21">3103.2533</dst>
      <dst id="15">125.1289</dst>
    </src>
    <src id="1">
      <dst id="12">22377.9467</dst>
      <dst id="13">570.6933</dst>
      <dst id="19">97.0222</dst>
      <dst id="23">25.6889</dst>
      <dst id="8">119535.3689</dst>
      <dst id="18">20076.1244</dst>
      <dst id="4">9205.0222</dst>
      <dst id="1">10557.3244</dst>
      <dst id="5">271263.3511</dst>
      <dst id="3">228.0356</dst>
      <dst id="22">1087.2000</dst>
      <dst id="7">1220.9156</dst>
      <dst id="2">2772.1689</dst>
      <dst id="6">8649.0400</dst>
      <dst id="16">8791.1467</dst>
      <dst id="14">314.1422</dst>
      <dst id="20">173.6978</dst>
      <dst id="11">226.0178</dst>
      <dst id="9">243362.3911</dst>
      <dst id="17">5781.8667</dst>
      <dst id="21">13895.2444</dst>
      <dst id="15">82.7111</dst>
    </src>
    <src id="5">
      <dst id="12">281865.7422</dst>
      <dst id="13">1428.7644</dst>
      <dst id="19">72.5244</dst>
      <dst id="23">4.1244</dst>
      <dst id="8">3364.3911</dst>
      <dst id="18">1451.8933</dst>
      <dst id="4">3889.9644</dst>
      <dst id="1">513.0222</dst>
      <dst id="3">7.4933</dst>
      <dst id="22">3115.4933</dst>
      <dst id="7">190.7111</dst>
      <dst id="2">141354.4978</dst>
      <dst id="6">28.9511</dst>
      <dst id="16">1048.5333</dst>
      <dst id="14">0.9867</dst>
      <dst id="20">828.4444</dst>
      <dst id="11">695.9822</dst>
      <dst id="9">3287.2711</dst>
      <dst id="17">119815.4133</dst>
      <dst id="21">53.9200</dst>
      <dst id="15">272.1867</dst>
    </src>
    <src id="3">
      <dst id="12">107131.7689</dst>
      <dst id="13">3401.7244</dst>
      <dst id="19">1276.0267</dst>
      <dst id="23">10304.2756</dst>
      <dst id="8">51.9733</dst>
      <dst id="18">52889.4756</dst>
      <dst id="4">20327.8400</dst>
      <dst id="1">3613.6000</dst>
      <dst id="5">533.6356</dst>
      <dst id="3">10450.3022</dst>
      <dst id="22">294.6667</dst>
      <dst id="7">549.3511</dst>
      <dst id="2">3865.9378</dst>
      <dst id="6">38.3733</dst>
      <dst id="16">1218.5422</dst>
      <dst id="14">62794.6400</dst>
      <dst id="20">161.5111</dst>
      <dst id="11">122682.8711</dst>
      <dst id="9">94.3911</dst>
      <dst id="17">8239.2089</dst>
      <dst id="21">5728.3822</dst>
      <dst id="15">40.1333</dst>
    </src>
    <src id="10">
      <dst id="12">15317.3867</dst>
      <dst id="19">2708.8267</dst>
      <dst id="8">2569.3333</dst>
      <dst id="18">4198.7733</dst>
      <dst id="1">5358.1156</dst>
      <dst id="5">3076.2844</dst>
      <dst id="3">2806.9333</dst>
      <dst id="22">6041.2800</dst>
      <dst id="7">11604.1244</dst>
      <dst id="2">24432.7556</dst>
      <dst id="16">3320.1689</dst>
      <dst id="14">5502.5422</dst>
      <dst id="20">2112.9867</dst>
      <dst id="11">5705.1111</dst>
      <dst id="9">7282.5778</dst>
      <dst id="17">16647.0133</dst>
      <dst id="21">7196.3467</dst>
      <dst id="15">481.3244</dst>
    </src>
    <src id="22">
      <dst id="12">9258.6222</dst>
      <dst id="13">2813.5111</dst>
      <dst id="19">510.7289</dst>
      <dst id="23">361.9644</dst>
      <dst id="8">925.9556</dst>
      <dst id="18">791.5911</dst>
      <dst id="4">13248.2133</dst>
      <dst id="1">1091.9467</dst>
      <dst id="5">3624.6311</dst>
      <dst id="3">823.2711</dst>
      <dst id="7">817.6178</dst>
      <dst id="2">3258.1600</dst>
      <dst id="6">0.5511</dst>
      <dst id="16">26.9689</dst>
      <dst id="14">149.6711</dst>
      <dst id="11">727.3244</dst>
      <dst id="9">2950.7467</dst>
      <dst id="17">5096.7200</dst>
      <dst id="21">323.4756</dst>
    </src>
    <src id="7">
      <dst id="12">4785.3244</dst>
      <dst id="13">1426.5244</dst>
      <dst id="19">4651.2889</dst>
      <dst id="23">184.9689</dst>
      <dst id="8">142.8356</dst>
      <dst id="18">61.7244</dst>
      <dst id="4">8732.2133</dst>
      <dst id="1">1142.0267</dst>
      <dst id="5">866.9333</dst>
      <dst id="3">180.2933</dst>
      <dst id="22">3064.3289</dst>
      <dst id="7">694.6489</dst>
      <dst id="2">5688.0800</dst>
      <dst id="6">49.8311</dst>
      <dst id="16">1791.6000</dst>
      <dst id="14">536.6133</dst>
      <dst id="20">450.5067</dst>
      <dst id="11">748.7733</dst>
      <dst id="9">484.6489</dst>
      <dst id="17">7618.5244</dst>
      <dst id="21">1175.2178</dst>
      <dst id="15">300.5333</dst>
    </src>
    <src id="2">
      <dst id="12">98745.5822</dst>
      <dst id="13">514754.7644</dst>
      <dst id="19">224.3911</dst>
      <dst id="23">30.3200</dst>
      <dst id="8">95.8844</dst>
      <dst id="18">52313.2978</dst>
      <dst id="4">75086.6578</dst>
      <dst id="1">4434.5778</dst>
      <dst id="5">1460.8444</dst>
      <dst id="3">723.0311</dst>
      <dst id="22">10441.3778</dst>
      <dst id="7">2933.4489</dst>
      <dst id="2">694.8711</dst>
      <dst id="6">8663.0489</dst>
      <dst id="16">3404.2489</dst>
      <dst id="14">5621.1378</dst>
      <dst id="20">501.5378</dst>
      <dst id="11">2282.4444</dst>
      <dst id="9">820.6578</dst>
      <dst id="17">47895.4222</dst>
      <dst id="21">1558.0000</dst>
      <dst id="15">1379.0400</dst>
    </src>
    <src id="6">
      <dst id="12">11120.8444</dst>
      <dst id="13">9.2800</dst>
      <dst id="19">2.3289</dst>
      <dst id="23">0.7111</dst>
      <dst id="4">1201.7956</dst>
      <dst id="1">2.5778</dst>
      <dst id="5">2.0267</dst>
      <dst id="22">12.9689</dst>
      <dst id="7">15.7422</dst>
      <dst id="2">3017.9022</dst>
      <dst id="16">11.8756</dst>
      <dst id="14">11.4667</dst>
      <dst id="20">0.7556</dst>
      <dst id="11">17.2622</dst>
      <dst id="9">25.6800</dst>
      <dst id="17">1282.7289</dst>
      <dst id="21">2.1689</dst>
      <dst id="15">1.1378</dst>
    </src>
    <src id="16">
      <dst id="12">3138.6933</dst>
      <dst id="13">399.8400</dst>
      <dst id="19">3356.3822</dst>
      <dst id="23">7.8222</dst>
      <dst id="8">10136.7733</dst>
      <dst id="18">25.9822</dst>
      <dst id="4">3829.6089</dst>
      <dst id="1">11922.0267</dst>
      <dst id="5">3787.3244</dst>
      <dst id="3">28.0889</dst>
      <dst id="7">2468.6933</dst>
      <dst id="2">614.0533</dst>
      <dst id="6">16.8889</dst>
      <dst id="16">44.6844</dst>
      <dst id="14">408.7733</dst>
      <dst id="11">195.1644</dst>
      <dst id="9">5786.7467</dst>
      <dst id="17">1728.1333</dst>
      <dst id="21">1871.7689</dst>
    </src>
    <src id="14">
      <dst id="12">20579.8933</dst>
      <dst id="13">217.3156</dst>
      <dst id="19">10.4000</dst>
      <dst id="23">13.3333</dst>
      <dst id="8">0.4267</dst>
      <dst id="18">1.3867</dst>
      <dst id="4">2452.4533</dst>
      <dst id="1">121.5822</dst>
      <dst id="5">2.0622</dst>
      <dst id="3">336.3644</dst>
      <dst id="22">7.7067</dst>
      <dst id="7">84.0267</dst>
      <dst id="2">7931.1111</dst>
      <dst id="16">12.6933</dst>
      <dst id="20">13.1111</dst>
      <dst id="11">139.8133</dst>
      <dst id="9">14.9067</dst>
      <dst id="17">14237.8489</dst>
      <dst id="21">68.6667</dst>
    </src>
    <src id="20">
      <dst id="12">3285.2000</dst>
      <dst id="13">9808.1422</dst>
      <dst id="19">17.3333</dst>
      <dst id="23">75.7333</dst>
      <dst id="8">153.6178</dst>
      <dst id="18">14.7556</dst>
      <dst id="4">8296.6756</dst>
      <dst id="1">109.8578</dst>
      <dst id="5">2626.4711</dst>
      <dst id="3">1670.3644</dst>
      <dst id="7">345.3867</dst>
      <dst id="2">8413.9556</dst>
      <dst id="6">0.6133</dst>
      <dst id="16">0.3022</dst>
      <dst id="14">260.6400</dst>
      <dst id="11">27.0578</dst>
      <dst id="9">3571.9378</dst>
      <dst id="17">4638.3289</dst>
      <dst id="21">139.0844</dst>
    </src>
    <src id="11">
      <dst id="12">368972.2578</dst>
      <dst id="13">4351.4133</dst>
      <dst id="19">118.7200</dst>
      <dst id="23">30.2578</dst>
      <dst id="8">143.8667</dst>
      <dst id="18">16.6844</dst>
      <dst id="4">9432.5422</dst>
      <dst id="1">460.7911</dst>
      <dst id="5">1153.7422</dst>
      <dst id="3">349.4933</dst>
      <dst id="22">1739.7689</dst>
      <dst id="7">130.7022</dst>
      <dst id="2">165032.9511</dst>
      <dst id="6">1.8578</dst>
      <dst id="16">109.7333</dst>
      <dst id="14">2005.3689</dst>
      <dst id="20">164.0533</dst>
      <dst id="11">1152.4089</dst>
      <dst id="9">2024.8622</dst>
      <dst id="17">162424.3822</dst>
      <dst id="21">362.8711</dst>
      <dst id="15">48.9422</dst>
    </src>
    <src id="9">
      <dst id="12">418437.8667</dst>
      <dst id="13">4903.0578</dst>
      <dst id="19">38.5067</dst>
      <dst id="23">273.3867</dst>
      <dst id="8">204.6844</dst>
      <dst id="18">3.7867</dst>
      <dst id="4">5650.6933</dst>
      <dst id="1">932.5156</dst>
      <dst id="5">745.7156</dst>
      <dst id="3">24.6933</dst>
      <dst id="22">2360.2756</dst>
      <dst id="7">161.8756</dst>
      <dst id="2">157297.8933</dst>
      <dst id="6">3.2711</dst>
      <dst id="16">839.0667</dst>
      <dst id="14">2.3822</dst>
      <dst id="20">745.9822</dst>
      <dst id="11">1376.4889</dst>
      <dst id="9">244.4889</dst>
      <dst id="17">152836.8622</dst>
      <dst id="21">129.4578</dst>
      <dst id="15">1036.6133</dst>
    </src>
    <src id="17">
      <dst id="12">9439.0400</dst>
      <dst id="13">2824.8356</dst>
      <dst id="19">213.7778</dst>
      <dst id="23">131.1822</dst>
      <dst id="8">131851.2978</dst>
      <dst id="18">481.4311</dst>
      <dst id="4">34897.9200</dst>
      <dst id="1">800.0267</dst>
      <dst id="5">230963.0400</dst>
      <dst id="3">5127.4222</dst>
      <dst id="22">6277.6356</dst>
      <dst id="7">1629.3778</dst>
      <dst id="2">30109.2533</dst>
      <dst id="6">804.8889</dst>
      <dst id="16">2826.2489</dst>
      <dst id="14">48055.7600</dst>
      <dst id="20">1188.5956</dst>
      <dst id="11">109616.7022</dst>
      <dst id="9">191067.7956</dst>
      <dst id="17">2198.1600</dst>
      <dst id="21">406.4533</dst>
      <dst id="15">192.5244</dst>
    </src>
    <src id="21">
      <dst id="12">4248.5778</dst>
      <dst id="13">474.9778</dst>
      <dst id="19">421.1556</dst>
      <dst id="23">12.3111</dst>
      <dst id="8">65.9733</dst>
      <dst id="18">1692.8711</dst>
      <dst id="4">14086.4533</dst>
      <dst id="1">1793.2178</dst>
      <dst id="5">236.5067</dst>
      <dst id="3">900.2133</dst>
      <dst id="22">2212.1422</dst>
      <dst id="7">1457.6267</dst>
      <dst id="2">5550.6400</dst>
      <dst id="6">62.6667</dst>
      <dst id="16">417.0667</dst>
      <dst id="14">218.7644</dst>
      <dst id="20">306.3200</dst>
      <dst id="11">2126.5156</dst>
      <dst id="9">322.8622</dst>
      <dst id="17">2551.4667</dst>
      <dst id="21">258.4356</dst>
      <dst id="15">5.8311</dst>
    </src>
    <src id="15">
      <dst id="12">4355.5556</dst>
      <dst id="13">503.6978</dst>
      <dst id="19">66.3111</dst>
      <dst id="23">0.6400</dst>
      <dst id="8">92.3911</dst>
      <dst id="18">0.8444</dst>
      <dst id="4">651.5822</dst>
      <dst id="1">742.2933</dst>
      <dst id="5">131.7778</dst>
      <dst id="3">35.1822</dst>
      <dst id="7">36.4622</dst>
      <dst id="2">1068.2489</dst>
      <dst id="14">0.4267</dst>
      <dst id="11">95.2800</dst>
      <dst id="9">235.6356</dst>
      <dst id="17">128.3289</dst>
      <dst id="21">51.5733</dst>
    </src>
  </IntraTM>
</TrafficMatrixFile>
