<?xml version="1.0" encoding="UTF-8" standalone="yes"?>
<TrafficMatrixFile xmlns:xsi="http://www.w3.org/2001/XMLSchema-instance" xsi:noNamespaceSchemaLocation="http://totem.run.montefiore.ulg.ac.be/Schema/TrafficMatrix-v1_2.xsd">
  <info>
    <title>Intradomain traffic matrix generated by geant-TM-all.pl</title>
    <date>2005-01-02T11:15:00</date>
    <duration>900</duration>
    <author>Steve Uhlig</author>
    <units>
        <unit type="bandwidth" value="kbps"/>
    </units>
  </info>
  <IntraTM ASID="20965">
    <src id="12">
      <dst id="12">186494.0711</dst>
      <dst id="13">13588.9422</dst>
      <dst id="19">703.6000</dst>
      <dst id="23">99.9911</dst>
      <dst id="8">1399.6444</dst>
      <dst id="18">2762.7467</dst>
      <dst id="4">92881.6089</dst>
      <dst id="1">6946.4711</dst>
      <dst id="5">3236.4089</dst>
      <dst id="3">6338.0800</dst>
      <dst id="22">7002.7289</dst>
      <dst id="7">879.1467</dst>
      <dst id="2">68455.1200</dst>
      <dst id="6">47.0044</dst>
      <dst id="16">3731.7689</dst>
      <dst id="14">192.6133</dst>
      <dst id="20">2676.0622</dst>
      <dst id="11">6537.1289</dst>
      <dst id="9">3262.3556</dst>
      <dst id="17">49300.4889</dst>
      <dst id="21">8089.0578</dst>
      <dst id="15">347.5556</dst>
    </src>
    <src id="13">
      <dst id="12">31202.6489</dst>
      <dst id="19">32402.5244</dst>
      <dst id="23">100.0089</dst>
      <dst id="8">1113.8311</dst>
      <dst id="18">2699.7511</dst>
      <dst id="1">3364.9867</dst>
      <dst id="5">4751.6267</dst>
      <dst id="3">4291.2622</dst>
      <dst id="22">23799.8311</dst>
      <dst id="7">7118.3644</dst>
      <dst id="2">86170.9956</dst>
      <dst id="6">50.7911</dst>
      <dst id="16">5482.1600</dst>
      <dst id="14">1462.5689</dst>
      <dst id="20">8978.4711</dst>
      <dst id="11">13605.8578</dst>
      <dst id="9">17501.5822</dst>
      <dst id="17">48904.3111</dst>
      <dst id="21">26006.2667</dst>
      <dst id="15">2910.1778</dst>
    </src>
    <src id="19">
      <dst id="12">9605.1733</dst>
      <dst id="13">534.6311</dst>
      <dst id="23">0.4267</dst>
      <dst id="8">12.0533</dst>
      <dst id="18">452.2667</dst>
      <dst id="4">18540.4800</dst>
      <dst id="1">302.5600</dst>
      <dst id="5">15.3067</dst>
      <dst id="22">2042.8267</dst>
      <dst id="7">2580.4178</dst>
      <dst id="2">435.0578</dst>
      <dst id="6">49.9556</dst>
      <dst id="16">8132.0178</dst>
      <dst id="14">0.4356</dst>
      <dst id="20">46.7022</dst>
      <dst id="11">4.4178</dst>
      <dst id="9">398.2756</dst>
      <dst id="17">67.4044</dst>
      <dst id="21">270.1778</dst>
      <dst id="15">1.6000</dst>
    </src>
    <src id="23">
      <dst id="12">174.1511</dst>
      <dst id="13">5.4311</dst>
      <dst id="8">44.1244</dst>
      <dst id="18">1.4578</dst>
      <dst id="4">2.3378</dst>
      <dst id="1">84.8711</dst>
      <dst id="3">41.4578</dst>
      <dst id="22">46.2667</dst>
      <dst id="7">367.8756</dst>
      <dst id="2">69.3956</dst>
      <dst id="16">2110.1956</dst>
      <dst id="14">133.6889</dst>
      <dst id="20">0.9156</dst>
      <dst id="11">12.6222</dst>
      <dst id="9">460.5689</dst>
      <dst id="17">7.4400</dst>
      <dst id="21">372.0711</dst>
    </src>
    <src id="8">
      <dst id="12">277775.2356</dst>
      <dst id="13">412.8444</dst>
      <dst id="19">2.1600</dst>
      <dst id="23">104.8889</dst>
      <dst id="18">66.8711</dst>
      <dst id="4">6585.8133</dst>
      <dst id="1">105.7511</dst>
      <dst id="5">1229.5556</dst>
      <dst id="3">23.7956</dst>
      <dst id="22">518.2311</dst>
      <dst id="7">45.4844</dst>
      <dst id="2">99816.4978</dst>
      <dst id="16">118.4622</dst>
      <dst id="20">96.3111</dst>
      <dst id="11">22.4533</dst>
      <dst id="9">497.5467</dst>
      <dst id="17">96025.6267</dst>
      <dst id="21">186.1600</dst>
      <dst id="15">61.1556</dst>
    </src>
    <src id="18">
      <dst id="12">98762.4533</dst>
      <dst id="13">229.7511</dst>
      <dst id="19">1317.9022</dst>
      <dst id="23">0.8533</dst>
      <dst id="8">4.3467</dst>
      <dst id="4">2248.5422</dst>
      <dst id="1">815.1556</dst>
      <dst id="5">122.0800</dst>
      <dst id="3">32.8356</dst>
      <dst id="22">679.8133</dst>
      <dst id="7">67.9911</dst>
      <dst id="2">28874.2844</dst>
      <dst id="16">37.2711</dst>
      <dst id="14">36.0533</dst>
      <dst id="20">6.5244</dst>
      <dst id="11">183.3689</dst>
      <dst id="9">306.8089</dst>
      <dst id="17">33156.9600</dst>
      <dst id="21">258.9333</dst>
      <dst id="15">1.9822</dst>
    </src>
    <src id="4">
      <dst id="12">9368.5244</dst>
      <dst id="19">5283.4844</dst>
      <dst id="23">0.4622</dst>
      <dst id="8">690.5511</dst>
      <dst id="18">2430.9067</dst>
      <dst id="4">2.3644</dst>
      <dst id="1">9754.7200</dst>
      <dst id="5">1783.0667</dst>
      <dst id="3">1274.9333</dst>
      <dst id="22">3074.5333</dst>
      <dst id="7">58249.2978</dst>
      <dst id="2">51208.7378</dst>
      <dst id="16">1243.1467</dst>
      <dst id="14">678.6756</dst>
      <dst id="20">46871.4933</dst>
      <dst id="11">7412.4533</dst>
      <dst id="9">1806.3733</dst>
      <dst id="17">75013.7867</dst>
      <dst id="21">4719.4400</dst>
      <dst id="15">270.3822</dst>
    </src>
    <src id="1">
      <dst id="12">13107.6711</dst>
      <dst id="13">213.9467</dst>
      <dst id="19">25.1733</dst>
      <dst id="23">71.7867</dst>
      <dst id="8">65200.4000</dst>
      <dst id="18">14911.9822</dst>
      <dst id="4">20200.5156</dst>
      <dst id="1">19640.0711</dst>
      <dst id="5">148669.8756</dst>
      <dst id="3">46.6044</dst>
      <dst id="22">158.0267</dst>
      <dst id="7">936.8000</dst>
      <dst id="2">3501.6711</dst>
      <dst id="6">3748.3733</dst>
      <dst id="16">14075.9111</dst>
      <dst id="14">119.2711</dst>
      <dst id="20">39.6178</dst>
      <dst id="11">117.7600</dst>
      <dst id="9">126370.5867</dst>
      <dst id="17">2639.8756</dst>
      <dst id="21">1729.3600</dst>
      <dst id="15">78.1867</dst>
    </src>
    <src id="5">
      <dst id="12">239964.1244</dst>
      <dst id="13">1069.2267</dst>
      <dst id="19">92.0356</dst>
      <dst id="8">2472.3556</dst>
      <dst id="18">113.0400</dst>
      <dst id="4">10251.7600</dst>
      <dst id="1">228.8444</dst>
      <dst id="3">14.6489</dst>
      <dst id="22">4564.8978</dst>
      <dst id="7">96.7378</dst>
      <dst id="2">106552.4089</dst>
      <dst id="16">138.7911</dst>
      <dst id="14">12.9067</dst>
      <dst id="20">4030.4000</dst>
      <dst id="11">703.5911</dst>
      <dst id="9">590.0267</dst>
      <dst id="17">90781.4667</dst>
      <dst id="21">341.3244</dst>
      <dst id="15">213.5644</dst>
    </src>
    <src id="3">
      <dst id="12">10982.6489</dst>
      <dst id="13">718.1067</dst>
      <dst id="19">4200.2311</dst>
      <dst id="23">2.4533</dst>
      <dst id="8">11.3156</dst>
      <dst id="18">64373.6533</dst>
      <dst id="4">30432.8800</dst>
      <dst id="1">3087.6356</dst>
      <dst id="5">428.5067</dst>
      <dst id="3">9814.9778</dst>
      <dst id="22">1745.5644</dst>
      <dst id="7">1466.3911</dst>
      <dst id="2">7793.1378</dst>
      <dst id="6">1.5733</dst>
      <dst id="16">1414.5778</dst>
      <dst id="14">23800.6844</dst>
      <dst id="20">63.3156</dst>
      <dst id="11">110061.9556</dst>
      <dst id="9">75.5556</dst>
      <dst id="17">11281.7867</dst>
      <dst id="21">3798.9067</dst>
      <dst id="15">130.3556</dst>
    </src>
    <src id="10">
      <dst id="12">10363.3244</dst>
      <dst id="19">1059.3689</dst>
      <dst id="8">469.4400</dst>
      <dst id="18">239.0933</dst>
      <dst id="1">376.1156</dst>
      <dst id="5">558.6133</dst>
      <dst id="3">17055.9289</dst>
      <dst id="22">5269.9378</dst>
      <dst id="7">15895.4133</dst>
      <dst id="2">28781.1556</dst>
      <dst id="16">1272.4622</dst>
      <dst id="14">3011.8311</dst>
      <dst id="20">5598.9778</dst>
      <dst id="11">4847.0844</dst>
      <dst id="9">2698.9778</dst>
      <dst id="17">25525.4933</dst>
      <dst id="21">13622.0178</dst>
      <dst id="15">537.7600</dst>
    </src>
    <src id="22">
      <dst id="12">6685.3778</dst>
      <dst id="13">3994.4089</dst>
      <dst id="19">123.1289</dst>
      <dst id="23">10.0622</dst>
      <dst id="8">754.0978</dst>
      <dst id="18">998.8978</dst>
      <dst id="4">14300.0889</dst>
      <dst id="1">85.4222</dst>
      <dst id="5">5031.6889</dst>
      <dst id="3">247.5467</dst>
      <dst id="7">2046.4711</dst>
      <dst id="2">1920.1067</dst>
      <dst id="6">35.2000</dst>
      <dst id="16">0.4089</dst>
      <dst id="14">5.4400</dst>
      <dst id="11">3426.5689</dst>
      <dst id="9">6543.2711</dst>
      <dst id="17">4031.0311</dst>
      <dst id="21">853.5289</dst>
    </src>
    <src id="7">
      <dst id="12">5700.4889</dst>
      <dst id="13">75.6889</dst>
      <dst id="19">98.2133</dst>
      <dst id="23">48.3822</dst>
      <dst id="8">494.9956</dst>
      <dst id="18">301.2356</dst>
      <dst id="4">28398.5422</dst>
      <dst id="1">2042.0533</dst>
      <dst id="5">1528.6667</dst>
      <dst id="3">139.4133</dst>
      <dst id="22">7704.7200</dst>
      <dst id="7">794.0978</dst>
      <dst id="2">6333.3422</dst>
      <dst id="6">71.5733</dst>
      <dst id="16">363.2711</dst>
      <dst id="14">85.9289</dst>
      <dst id="20">121.9022</dst>
      <dst id="11">1127.9111</dst>
      <dst id="9">285.3156</dst>
      <dst id="17">5252.4444</dst>
      <dst id="21">1224.8889</dst>
      <dst id="15">227.6267</dst>
    </src>
    <src id="2">
      <dst id="12">70150.8356</dst>
      <dst id="13">8225.9200</dst>
      <dst id="19">8235.3511</dst>
      <dst id="23">0.6756</dst>
      <dst id="8">965.4667</dst>
      <dst id="18">55091.5289</dst>
      <dst id="4">104943.8222</dst>
      <dst id="1">1818.4889</dst>
      <dst id="5">1090.8533</dst>
      <dst id="3">5.1022</dst>
      <dst id="22">2100.9778</dst>
      <dst id="7">3062.6222</dst>
      <dst id="2">851.0756</dst>
      <dst id="6">4801.3511</dst>
      <dst id="16">2519.4667</dst>
      <dst id="14">6107.2533</dst>
      <dst id="20">227.3778</dst>
      <dst id="11">3118.7556</dst>
      <dst id="9">1658.5156</dst>
      <dst id="17">56002.9156</dst>
      <dst id="21">2350.6311</dst>
      <dst id="15">73.9467</dst>
    </src>
    <src id="6">
      <dst id="12">8408.0978</dst>
      <dst id="13">3.1467</dst>
      <dst id="19">4.9244</dst>
      <dst id="18">0.3378</dst>
      <dst id="4">79.4756</dst>
      <dst id="1">29.3422</dst>
      <dst id="5">0.7111</dst>
      <dst id="22">1.4400</dst>
      <dst id="7">13.0667</dst>
      <dst id="2">1585.1556</dst>
      <dst id="16">24.3289</dst>
      <dst id="9">13.2889</dst>
      <dst id="17">834.6133</dst>
      <dst id="21">12.0267</dst>
    </src>
    <src id="16">
      <dst id="12">2403.5378</dst>
      <dst id="13">320.5867</dst>
      <dst id="19">4515.9733</dst>
      <dst id="23">47.2178</dst>
      <dst id="8">1377.9822</dst>
      <dst id="18">3.1111</dst>
      <dst id="4">5003.6889</dst>
      <dst id="1">20357.8311</dst>
      <dst id="5">584.6222</dst>
      <dst id="7">2107.0133</dst>
      <dst id="2">403.4133</dst>
      <dst id="6">0.8178</dst>
      <dst id="16">33.4400</dst>
      <dst id="14">180.7467</dst>
      <dst id="11">1694.6133</dst>
      <dst id="9">1494.0000</dst>
      <dst id="17">1184.6933</dst>
      <dst id="21">627.0844</dst>
    </src>
    <src id="14">
      <dst id="12">17787.5022</dst>
      <dst id="13">25.0933</dst>
      <dst id="19">7.0578</dst>
      <dst id="23">1.7778</dst>
      <dst id="18">0.9244</dst>
      <dst id="4">1666.9689</dst>
      <dst id="1">27.7333</dst>
      <dst id="5">0.7467</dst>
      <dst id="3">54.6222</dst>
      <dst id="22">17.8400</dst>
      <dst id="7">91.2622</dst>
      <dst id="2">4563.7600</dst>
      <dst id="16">6.5156</dst>
      <dst id="20">41.8667</dst>
      <dst id="11">81.2000</dst>
      <dst id="9">0.8889</dst>
      <dst id="17">5792.7289</dst>
      <dst id="21">162.7556</dst>
    </src>
    <src id="20">
      <dst id="12">3424.8356</dst>
      <dst id="13">373.6711</dst>
      <dst id="19">2339.0933</dst>
      <dst id="23">5.0578</dst>
      <dst id="8">869.4400</dst>
      <dst id="18">17.2356</dst>
      <dst id="4">12315.0756</dst>
      <dst id="1">52.2933</dst>
      <dst id="5">11515.3689</dst>
      <dst id="3">1349.4133</dst>
      <dst id="7">196.4356</dst>
      <dst id="2">3592.4711</dst>
      <dst id="14">0.3556</dst>
      <dst id="11">281.4222</dst>
      <dst id="9">4853.6711</dst>
      <dst id="17">4201.5822</dst>
      <dst id="21">74.2489</dst>
    </src>
    <src id="11">
      <dst id="12">410565.7333</dst>
      <dst id="13">1124.1689</dst>
      <dst id="19">3.6444</dst>
      <dst id="23">0.9244</dst>
      <dst id="8">125.0933</dst>
      <dst id="18">294.2489</dst>
      <dst id="4">11190.6844</dst>
      <dst id="1">467.5822</dst>
      <dst id="5">1259.5200</dst>
      <dst id="3">276.4889</dst>
      <dst id="22">2375.1289</dst>
      <dst id="7">294.0178</dst>
      <dst id="2">154385.4844</dst>
      <dst id="6">7.0222</dst>
      <dst id="16">738.6578</dst>
      <dst id="14">173.4933</dst>
      <dst id="20">1810.1333</dst>
      <dst id="11">869.3778</dst>
      <dst id="9">720.9067</dst>
      <dst id="17">134903.3689</dst>
      <dst id="21">1228.4800</dst>
      <dst id="15">616.6844</dst>
    </src>
    <src id="9">
      <dst id="12">404410.7111</dst>
      <dst id="13">4488.6311</dst>
      <dst id="19">12.6311</dst>
      <dst id="23">18.1511</dst>
      <dst id="8">62.4889</dst>
      <dst id="18">265.4578</dst>
      <dst id="4">15074.9600</dst>
      <dst id="1">1344.1600</dst>
      <dst id="5">4930.4444</dst>
      <dst id="3">25.6444</dst>
      <dst id="22">890.6311</dst>
      <dst id="7">97.9467</dst>
      <dst id="2">132681.7333</dst>
      <dst id="6">0.3378</dst>
      <dst id="16">93.0400</dst>
      <dst id="14">0.4622</dst>
      <dst id="20">9660.1156</dst>
      <dst id="11">913.3600</dst>
      <dst id="9">449.2000</dst>
      <dst id="17">180214.6133</dst>
      <dst id="21">1852.7467</dst>
      <dst id="15">2981.7511</dst>
    </src>
    <src id="17">
      <dst id="12">3427.4044</dst>
      <dst id="13">5135.8222</dst>
      <dst id="19">278.0711</dst>
      <dst id="23">1.9022</dst>
      <dst id="8">100612.3467</dst>
      <dst id="18">126.8800</dst>
      <dst id="4">161478.6756</dst>
      <dst id="1">2646.7556</dst>
      <dst id="5">161928.1511</dst>
      <dst id="3">14835.0933</dst>
      <dst id="22">9682.3822</dst>
      <dst id="7">6365.1378</dst>
      <dst id="2">12097.2533</dst>
      <dst id="6">2.4444</dst>
      <dst id="16">1857.3778</dst>
      <dst id="14">11308.1867</dst>
      <dst id="20">203.4844</dst>
      <dst id="11">91132.3467</dst>
      <dst id="9">137799.6089</dst>
      <dst id="17">1017.0044</dst>
      <dst id="21">5174.9511</dst>
      <dst id="15">7227.3600</dst>
    </src>
    <src id="21">
      <dst id="12">23846.0711</dst>
      <dst id="13">5200.1511</dst>
      <dst id="19">59.2622</dst>
      <dst id="23">0.6844</dst>
      <dst id="8">628.6311</dst>
      <dst id="18">549.9822</dst>
      <dst id="4">30776.7111</dst>
      <dst id="1">544.9067</dst>
      <dst id="5">503.1111</dst>
      <dst id="3">647.3867</dst>
      <dst id="22">1957.6622</dst>
      <dst id="7">3008.4800</dst>
      <dst id="2">8371.5289</dst>
      <dst id="16">148.4978</dst>
      <dst id="14">62.8800</dst>
      <dst id="20">47.0578</dst>
      <dst id="11">681.6533</dst>
      <dst id="9">356.4444</dst>
      <dst id="17">4105.3956</dst>
      <dst id="21">670.1244</dst>
      <dst id="15">6.8444</dst>
    </src>
    <src id="15">
      <dst id="12">1324.5778</dst>
      <dst id="13">77.2000</dst>
      <dst id="19">17.9200</dst>
      <dst id="8">157.9556</dst>
      <dst id="18">0.4267</dst>
      <dst id="4">2326.4711</dst>
      <dst id="1">582.8356</dst>
      <dst id="5">162.7200</dst>
      <dst id="3">16.5067</dst>
      <dst id="7">27.3244</dst>
      <dst id="2">295.1289</dst>
      <dst id="11">25.5733</dst>
      <dst id="9">336.7022</dst>
      <dst id="17">196.7378</dst>
      <dst id="21">144.1689</dst>
    </src>
  </IntraTM>
</TrafficMatrixFile>
