<?xml version="1.0" encoding="UTF-8" standalone="yes"?>
<TrafficMatrixFile xmlns:xsi="http://www.w3.org/2001/XMLSchema-instance" xsi:noNamespaceSchemaLocation="http://totem.run.montefiore.ulg.ac.be/Schema/TrafficMatrix-v1_2.xsd">
  <info>
    <title>Intradomain traffic matrix generated by geant-TM-all.pl</title>
    <date>2005-01-05T07:00:00</date>
    <duration>900</duration>
    <author>Steve Uhlig</author>
    <units>
        <unit type="bandwidth" value="kbps"/>
    </units>
  </info>
  <IntraTM ASID="20965">
    <src id="12">
      <dst id="12">260870.2667</dst>
      <dst id="13">24809.3244</dst>
      <dst id="19">3407.6267</dst>
      <dst id="23">301.4756</dst>
      <dst id="8">8827.5200</dst>
      <dst id="18">930.1333</dst>
      <dst id="4">96786.7022</dst>
      <dst id="1">20237.3333</dst>
      <dst id="5">138043.2000</dst>
      <dst id="3">4937.7422</dst>
      <dst id="22">16516.6844</dst>
      <dst id="7">1733.7956</dst>
      <dst id="2">84113.9022</dst>
      <dst id="6">28.8800</dst>
      <dst id="16">3731.3511</dst>
      <dst id="14">131.7956</dst>
      <dst id="20">25097.1467</dst>
      <dst id="11">2274.0978</dst>
      <dst id="9">10271.9822</dst>
      <dst id="17">98222.9867</dst>
      <dst id="21">831.7511</dst>
      <dst id="15">1387.2533</dst>
    </src>
    <src id="13">
      <dst id="12">55977.9733</dst>
      <dst id="19">21144.5422</dst>
      <dst id="23">50.6933</dst>
      <dst id="8">7489.2622</dst>
      <dst id="18">2479.6800</dst>
      <dst id="1">4805.0222</dst>
      <dst id="5">16339.4133</dst>
      <dst id="3">5692.0444</dst>
      <dst id="22">21449.7689</dst>
      <dst id="7">17865.8133</dst>
      <dst id="2">123230.0800</dst>
      <dst id="6">324.4178</dst>
      <dst id="16">10093.6533</dst>
      <dst id="14">3812.5511</dst>
      <dst id="20">18284.7822</dst>
      <dst id="11">11606.4622</dst>
      <dst id="9">22409.8933</dst>
      <dst id="17">62970.6933</dst>
      <dst id="21">7153.6444</dst>
      <dst id="15">4061.7156</dst>
    </src>
    <src id="19">
      <dst id="12">12373.0133</dst>
      <dst id="13">2098.5422</dst>
      <dst id="8">0.7556</dst>
      <dst id="18">2087.5378</dst>
      <dst id="4">18200.7733</dst>
      <dst id="1">410.3022</dst>
      <dst id="5">2.7733</dst>
      <dst id="3">11.8222</dst>
      <dst id="22">458.0622</dst>
      <dst id="7">2916.6400</dst>
      <dst id="2">301.4489</dst>
      <dst id="6">17.9289</dst>
      <dst id="16">5535.2889</dst>
      <dst id="14">0.9244</dst>
      <dst id="20">4.3022</dst>
      <dst id="11">133.2089</dst>
      <dst id="9">207.3778</dst>
      <dst id="17">616.1244</dst>
      <dst id="21">61.5467</dst>
      <dst id="15">0.9689</dst>
    </src>
    <src id="23">
      <dst id="12">270.3111</dst>
      <dst id="13">209.6178</dst>
      <dst id="19">0.4978</dst>
      <dst id="8">9.5289</dst>
      <dst id="4">20.6311</dst>
      <dst id="1">99.3156</dst>
      <dst id="3">230.8711</dst>
      <dst id="22">157.7956</dst>
      <dst id="7">74.0711</dst>
      <dst id="2">107.9111</dst>
      <dst id="16">103.6267</dst>
      <dst id="20">26.6667</dst>
      <dst id="11">3498.6756</dst>
      <dst id="9">2022.2044</dst>
      <dst id="17">123.8933</dst>
      <dst id="21">0.7911</dst>
      <dst id="15">10.5778</dst>
    </src>
    <src id="8">
      <dst id="12">318719.9022</dst>
      <dst id="13">866.2311</dst>
      <dst id="19">4.4267</dst>
      <dst id="23">186.6667</dst>
      <dst id="18">7.0133</dst>
      <dst id="4">10761.3244</dst>
      <dst id="1">1510.3556</dst>
      <dst id="5">12357.9022</dst>
      <dst id="3">0.4178</dst>
      <dst id="22">740.5778</dst>
      <dst id="7">3.8489</dst>
      <dst id="2">131953.8667</dst>
      <dst id="16">375.5111</dst>
      <dst id="14">1.0667</dst>
      <dst id="20">115.3422</dst>
      <dst id="11">74.6933</dst>
      <dst id="9">252.5244</dst>
      <dst id="17">133587.3156</dst>
      <dst id="21">245.3244</dst>
      <dst id="15">270.4622</dst>
    </src>
    <src id="18">
      <dst id="12">97778.0800</dst>
      <dst id="13">991.5822</dst>
      <dst id="19">44.7200</dst>
      <dst id="23">0.8178</dst>
      <dst id="8">186.8356</dst>
      <dst id="4">1221.3067</dst>
      <dst id="1">603.5733</dst>
      <dst id="5">264.4711</dst>
      <dst id="3">117.4311</dst>
      <dst id="22">593.2978</dst>
      <dst id="7">7.2533</dst>
      <dst id="2">27958.9422</dst>
      <dst id="16">21.9911</dst>
      <dst id="14">2.0444</dst>
      <dst id="20">28.2489</dst>
      <dst id="11">38.0356</dst>
      <dst id="9">11.5644</dst>
      <dst id="17">37007.6356</dst>
      <dst id="21">771.3956</dst>
      <dst id="15">1442.4356</dst>
    </src>
    <src id="4">
      <dst id="12">16833.1467</dst>
      <dst id="19">15796.6133</dst>
      <dst id="8">3551.8400</dst>
      <dst id="18">296.9689</dst>
      <dst id="4">1.0667</dst>
      <dst id="1">142002.5244</dst>
      <dst id="5">2314.9244</dst>
      <dst id="3">160.8000</dst>
      <dst id="22">4126.4889</dst>
      <dst id="7">33579.8578</dst>
      <dst id="2">105748.8000</dst>
      <dst id="6">73.2444</dst>
      <dst id="16">2124.1778</dst>
      <dst id="14">1001.0400</dst>
      <dst id="20">2081.5111</dst>
      <dst id="11">2598.3733</dst>
      <dst id="9">3244.7644</dst>
      <dst id="17">17938.2311</dst>
      <dst id="21">6974.1778</dst>
      <dst id="15">317.1644</dst>
    </src>
    <src id="1">
      <dst id="12">15679.8222</dst>
      <dst id="13">1912.6222</dst>
      <dst id="19">56.1511</dst>
      <dst id="23">81.9822</dst>
      <dst id="8">115662.2578</dst>
      <dst id="18">12096.2489</dst>
      <dst id="4">7955.2978</dst>
      <dst id="1">8102.9956</dst>
      <dst id="5">231751.0311</dst>
      <dst id="3">128.1511</dst>
      <dst id="22">354.7467</dst>
      <dst id="7">898.4089</dst>
      <dst id="2">18531.5022</dst>
      <dst id="6">6151.5289</dst>
      <dst id="16">9136.4622</dst>
      <dst id="14">174.5867</dst>
      <dst id="20">124.7378</dst>
      <dst id="11">556.5422</dst>
      <dst id="9">223616.7822</dst>
      <dst id="17">4663.2622</dst>
      <dst id="21">6414.5956</dst>
      <dst id="15">161.9111</dst>
    </src>
    <src id="5">
      <dst id="12">301243.1022</dst>
      <dst id="13">3124.8622</dst>
      <dst id="19">32.4889</dst>
      <dst id="23">26.6667</dst>
      <dst id="8">835.6800</dst>
      <dst id="18">166.4800</dst>
      <dst id="4">6178.0533</dst>
      <dst id="1">306.2578</dst>
      <dst id="3">17.2444</dst>
      <dst id="22">6130.8000</dst>
      <dst id="7">1481.9200</dst>
      <dst id="2">152068.4356</dst>
      <dst id="6">24.8267</dst>
      <dst id="16">607.6444</dst>
      <dst id="14">33.4222</dst>
      <dst id="20">2861.4933</dst>
      <dst id="11">1310.4889</dst>
      <dst id="9">1678.5422</dst>
      <dst id="17">106322.9778</dst>
      <dst id="21">167.0489</dst>
      <dst id="15">289.1644</dst>
    </src>
    <src id="3">
      <dst id="12">11091.5822</dst>
      <dst id="13">1950.2489</dst>
      <dst id="19">733.4222</dst>
      <dst id="23">8033.4756</dst>
      <dst id="8">83.4489</dst>
      <dst id="18">60151.9200</dst>
      <dst id="4">29698.2756</dst>
      <dst id="1">4378.7200</dst>
      <dst id="5">393.9733</dst>
      <dst id="3">7819.3778</dst>
      <dst id="22">2908.5511</dst>
      <dst id="7">6106.7733</dst>
      <dst id="2">15556.7200</dst>
      <dst id="16">798.8267</dst>
      <dst id="14">33796.0889</dst>
      <dst id="20">1759.9200</dst>
      <dst id="11">127516.5511</dst>
      <dst id="9">906.9422</dst>
      <dst id="17">7122.8978</dst>
      <dst id="21">10387.7689</dst>
      <dst id="15">417.3867</dst>
    </src>
    <src id="10">
      <dst id="12">13732.6667</dst>
      <dst id="19">1115.1022</dst>
      <dst id="8">849.6178</dst>
      <dst id="18">2050.8444</dst>
      <dst id="1">2683.3600</dst>
      <dst id="5">2229.3956</dst>
      <dst id="3">2287.4400</dst>
      <dst id="22">5263.2178</dst>
      <dst id="7">5811.5644</dst>
      <dst id="2">22259.9822</dst>
      <dst id="6">1.1467</dst>
      <dst id="16">2300.4000</dst>
      <dst id="14">2467.1200</dst>
      <dst id="20">433.8578</dst>
      <dst id="11">4066.7022</dst>
      <dst id="9">4514.3022</dst>
      <dst id="17">28254.0089</dst>
      <dst id="21">3170.0622</dst>
      <dst id="15">213.4756</dst>
    </src>
    <src id="22">
      <dst id="12">18153.7956</dst>
      <dst id="13">2701.0400</dst>
      <dst id="19">169.9200</dst>
      <dst id="23">164.5956</dst>
      <dst id="8">695.5200</dst>
      <dst id="18">746.9333</dst>
      <dst id="4">18082.1689</dst>
      <dst id="1">1047.1289</dst>
      <dst id="5">2075.5289</dst>
      <dst id="3">2200.5689</dst>
      <dst id="7">2836.6489</dst>
      <dst id="2">5502.9867</dst>
      <dst id="6">0.3911</dst>
      <dst id="16">0.9600</dst>
      <dst id="14">180.1511</dst>
      <dst id="11">3259.9289</dst>
      <dst id="9">1407.8844</dst>
      <dst id="17">6400.6844</dst>
      <dst id="21">963.5556</dst>
    </src>
    <src id="7">
      <dst id="12">3558.3022</dst>
      <dst id="13">1812.4000</dst>
      <dst id="19">1692.2400</dst>
      <dst id="23">71.7244</dst>
      <dst id="8">100.1156</dst>
      <dst id="18">96.4089</dst>
      <dst id="4">35563.6889</dst>
      <dst id="1">4073.1644</dst>
      <dst id="5">1400.4000</dst>
      <dst id="3">1547.5556</dst>
      <dst id="22">4707.8578</dst>
      <dst id="7">877.6178</dst>
      <dst id="2">11833.6978</dst>
      <dst id="6">1.5556</dst>
      <dst id="16">831.1289</dst>
      <dst id="14">242.1956</dst>
      <dst id="20">122.7733</dst>
      <dst id="11">530.7911</dst>
      <dst id="9">879.6000</dst>
      <dst id="17">8587.7333</dst>
      <dst id="21">866.4533</dst>
      <dst id="15">344.8444</dst>
    </src>
    <src id="2">
      <dst id="12">81182.6311</dst>
      <dst id="13">510457.5022</dst>
      <dst id="19">827.7156</dst>
      <dst id="23">66.5689</dst>
      <dst id="8">314.1956</dst>
      <dst id="18">38430.9244</dst>
      <dst id="4">81108.2578</dst>
      <dst id="1">5102.4978</dst>
      <dst id="5">6082.4178</dst>
      <dst id="3">1798.6044</dst>
      <dst id="22">2708.4444</dst>
      <dst id="7">8066.5244</dst>
      <dst id="2">681.6444</dst>
      <dst id="6">7551.9200</dst>
      <dst id="16">3596.7911</dst>
      <dst id="14">5550.1156</dst>
      <dst id="20">1210.8889</dst>
      <dst id="11">2475.5111</dst>
      <dst id="9">5179.2533</dst>
      <dst id="17">24380.4889</dst>
      <dst id="21">2992.1600</dst>
      <dst id="15">2653.0933</dst>
    </src>
    <src id="6">
      <dst id="12">9560.2667</dst>
      <dst id="13">37.6800</dst>
      <dst id="19">0.8178</dst>
      <dst id="23">0.4978</dst>
      <dst id="4">1456.1600</dst>
      <dst id="1">10.8889</dst>
      <dst id="5">12.5778</dst>
      <dst id="3">0.4178</dst>
      <dst id="22">11.8222</dst>
      <dst id="7">0.9778</dst>
      <dst id="2">2607.7067</dst>
      <dst id="16">38.4000</dst>
      <dst id="11">11.2889</dst>
      <dst id="17">1837.1733</dst>
      <dst id="21">1.9556</dst>
    </src>
    <src id="16">
      <dst id="12">1336.1956</dst>
      <dst id="13">742.3378</dst>
      <dst id="19">3052.7467</dst>
      <dst id="23">4.4622</dst>
      <dst id="8">3940.9067</dst>
      <dst id="18">164.2133</dst>
      <dst id="4">3704.9422</dst>
      <dst id="1">18900.1689</dst>
      <dst id="5">4845.4133</dst>
      <dst id="3">0.4622</dst>
      <dst id="7">2759.4044</dst>
      <dst id="2">937.9822</dst>
      <dst id="16">78.6667</dst>
      <dst id="14">338.8889</dst>
      <dst id="11">281.6800</dst>
      <dst id="9">5079.2622</dst>
      <dst id="17">3898.1333</dst>
      <dst id="21">2137.8222</dst>
    </src>
    <src id="14">
      <dst id="12">23029.8311</dst>
      <dst id="13">82.8178</dst>
      <dst id="19">7.4667</dst>
      <dst id="18">1.8311</dst>
      <dst id="4">1568.2756</dst>
      <dst id="1">95.4311</dst>
      <dst id="5">12.9778</dst>
      <dst id="3">25.6356</dst>
      <dst id="22">77.5022</dst>
      <dst id="7">49.8933</dst>
      <dst id="2">7142.1778</dst>
      <dst id="16">6.7911</dst>
      <dst id="20">29.9911</dst>
      <dst id="11">34.0622</dst>
      <dst id="9">192.0533</dst>
      <dst id="17">11456.1422</dst>
      <dst id="21">53.1022</dst>
    </src>
    <src id="20">
      <dst id="12">9558.9067</dst>
      <dst id="13">1871.7689</dst>
      <dst id="19">66.8622</dst>
      <dst id="23">14.1156</dst>
      <dst id="8">96.1778</dst>
      <dst id="18">2.2756</dst>
      <dst id="4">6150.9600</dst>
      <dst id="1">82.0889</dst>
      <dst id="5">2801.3778</dst>
      <dst id="3">527.9200</dst>
      <dst id="7">1406.9511</dst>
      <dst id="2">3055.2000</dst>
      <dst id="6">0.4622</dst>
      <dst id="14">895.8578</dst>
      <dst id="11">2516.4267</dst>
      <dst id="9">5713.2356</dst>
      <dst id="17">2382.0533</dst>
      <dst id="21">54.2667</dst>
    </src>
    <src id="11">
      <dst id="12">399923.5467</dst>
      <dst id="13">5137.8578</dst>
      <dst id="19">141.9911</dst>
      <dst id="23">119.6178</dst>
      <dst id="8">363.7067</dst>
      <dst id="18">21.8222</dst>
      <dst id="4">7504.2222</dst>
      <dst id="1">631.2267</dst>
      <dst id="5">2534.0000</dst>
      <dst id="3">315.2533</dst>
      <dst id="22">1773.3778</dst>
      <dst id="7">569.4044</dst>
      <dst id="2">157231.2622</dst>
      <dst id="6">9.6444</dst>
      <dst id="16">57.9733</dst>
      <dst id="14">38.8978</dst>
      <dst id="20">5097.4311</dst>
      <dst id="11">1670.2667</dst>
      <dst id="9">1277.0667</dst>
      <dst id="17">167567.2711</dst>
      <dst id="21">372.5511</dst>
      <dst id="15">561.5556</dst>
    </src>
    <src id="9">
      <dst id="12">500197.8133</dst>
      <dst id="13">6507.3778</dst>
      <dst id="19">30.5422</dst>
      <dst id="23">84.9156</dst>
      <dst id="8">255.1200</dst>
      <dst id="18">66.9867</dst>
      <dst id="4">8643.3600</dst>
      <dst id="1">1182.6133</dst>
      <dst id="5">11110.0089</dst>
      <dst id="3">9.4933</dst>
      <dst id="22">2669.9822</dst>
      <dst id="7">206.5067</dst>
      <dst id="2">173762.4622</dst>
      <dst id="16">854.6044</dst>
      <dst id="14">3.7156</dst>
      <dst id="20">5503.2978</dst>
      <dst id="11">619.4489</dst>
      <dst id="9">1529.3156</dst>
      <dst id="17">189399.9200</dst>
      <dst id="21">92.0978</dst>
      <dst id="15">1749.6711</dst>
    </src>
    <src id="17">
      <dst id="12">7433.9467</dst>
      <dst id="13">3261.6711</dst>
      <dst id="19">310.5156</dst>
      <dst id="23">103.6711</dst>
      <dst id="8">128313.9111</dst>
      <dst id="18">305.4489</dst>
      <dst id="4">87277.6889</dst>
      <dst id="1">2960.6844</dst>
      <dst id="5">217932.4267</dst>
      <dst id="3">7394.8711</dst>
      <dst id="22">4092.2489</dst>
      <dst id="7">1509.7600</dst>
      <dst id="2">12452.6667</dst>
      <dst id="6">478.1867</dst>
      <dst id="16">6011.1200</dst>
      <dst id="14">19455.5644</dst>
      <dst id="20">951.0756</dst>
      <dst id="11">96613.4844</dst>
      <dst id="9">220562.4267</dst>
      <dst id="17">2105.5911</dst>
      <dst id="21">4641.6800</dst>
      <dst id="15">302.5067</dst>
    </src>
    <src id="21">
      <dst id="12">16541.0578</dst>
      <dst id="13">4581.3778</dst>
      <dst id="19">154.1956</dst>
      <dst id="23">14.2578</dst>
      <dst id="8">76.6578</dst>
      <dst id="18">534.7822</dst>
      <dst id="4">15222.3911</dst>
      <dst id="1">2071.0133</dst>
      <dst id="5">277.4578</dst>
      <dst id="3">3611.9289</dst>
      <dst id="22">5331.2800</dst>
      <dst id="7">3322.3022</dst>
      <dst id="2">18204.9511</dst>
      <dst id="6">0.8178</dst>
      <dst id="16">456.8178</dst>
      <dst id="14">169.0133</dst>
      <dst id="20">313.8044</dst>
      <dst id="11">2863.8933</dst>
      <dst id="9">382.8356</dst>
      <dst id="17">3679.2800</dst>
      <dst id="21">639.7689</dst>
      <dst id="15">1995.7689</dst>
    </src>
    <src id="15">
      <dst id="12">922.7467</dst>
      <dst id="13">807.8311</dst>
      <dst id="19">1.2800</dst>
      <dst id="23">0.8178</dst>
      <dst id="8">221.5467</dst>
      <dst id="18">37.2444</dst>
      <dst id="4">767.8222</dst>
      <dst id="1">1445.1644</dst>
      <dst id="5">1553.3067</dst>
      <dst id="3">15.8756</dst>
      <dst id="7">68.5689</dst>
      <dst id="2">389.8400</dst>
      <dst id="11">186.9600</dst>
      <dst id="9">4090.4889</dst>
      <dst id="17">348.2933</dst>
      <dst id="21">125.4578</dst>
    </src>
  </IntraTM>
</TrafficMatrixFile>
