<?xml version="1.0" encoding="UTF-8" standalone="yes"?>
<TrafficMatrixFile xmlns:xsi="http://www.w3.org/2001/XMLSchema-instance" xsi:noNamespaceSchemaLocation="http://totem.run.montefiore.ulg.ac.be/Schema/TrafficMatrix-v1_2.xsd">
  <info>
    <title>Intradomain traffic matrix generated by geant-TM-all.pl</title>
    <date>2005-01-02T14:00:00</date>
    <duration>900</duration>
    <author>Steve Uhlig</author>
    <units>
        <unit type="bandwidth" value="kbps"/>
    </units>
  </info>
  <IntraTM ASID="20965">
    <src id="12">
      <dst id="12">170324.5600</dst>
      <dst id="13">12888.3467</dst>
      <dst id="19">2599.2800</dst>
      <dst id="23">6747.7067</dst>
      <dst id="8">850.8889</dst>
      <dst id="18">570.0089</dst>
      <dst id="4">82906.2489</dst>
      <dst id="1">7140.6311</dst>
      <dst id="5">1362.1244</dst>
      <dst id="3">1125.0222</dst>
      <dst id="22">4080.9067</dst>
      <dst id="7">11676.6133</dst>
      <dst id="2">48303.3067</dst>
      <dst id="6">1.9911</dst>
      <dst id="16">5417.5111</dst>
      <dst id="14">148.7022</dst>
      <dst id="20">581.2533</dst>
      <dst id="11">3377.6000</dst>
      <dst id="9">2356.5867</dst>
      <dst id="17">51529.4667</dst>
      <dst id="21">8401.4400</dst>
      <dst id="15">81.7867</dst>
    </src>
    <src id="13">
      <dst id="12">33435.9644</dst>
      <dst id="19">9203.4133</dst>
      <dst id="23">10.3733</dst>
      <dst id="8">758.2400</dst>
      <dst id="18">3393.4400</dst>
      <dst id="4">0.9600</dst>
      <dst id="1">1032.5156</dst>
      <dst id="5">2848.4267</dst>
      <dst id="3">3729.8400</dst>
      <dst id="22">24531.1200</dst>
      <dst id="7">9337.4400</dst>
      <dst id="2">62373.7333</dst>
      <dst id="6">17.0400</dst>
      <dst id="16">7188.6400</dst>
      <dst id="14">1403.7422</dst>
      <dst id="20">13933.6622</dst>
      <dst id="11">6904.2489</dst>
      <dst id="9">11523.0044</dst>
      <dst id="17">58639.5467</dst>
      <dst id="21">14629.7156</dst>
      <dst id="15">1289.7244</dst>
    </src>
    <src id="19">
      <dst id="12">12194.3911</dst>
      <dst id="13">180.7111</dst>
      <dst id="23">2.0533</dst>
      <dst id="18">802.1600</dst>
      <dst id="4">29668.4533</dst>
      <dst id="1">79.7333</dst>
      <dst id="5">3.5556</dst>
      <dst id="3">0.8889</dst>
      <dst id="22">3.7067</dst>
      <dst id="7">2605.4400</dst>
      <dst id="2">3703.8222</dst>
      <dst id="6">48.6933</dst>
      <dst id="16">7571.2089</dst>
      <dst id="14">1.0311</dst>
      <dst id="20">12.5867</dst>
      <dst id="11">4.5422</dst>
      <dst id="9">303.2711</dst>
      <dst id="17">51.0489</dst>
      <dst id="21">254.5067</dst>
    </src>
    <src id="23">
      <dst id="12">376.6578</dst>
      <dst id="13">14.8444</dst>
      <dst id="19">0.4711</dst>
      <dst id="8">15.6800</dst>
      <dst id="4">64.4444</dst>
      <dst id="1">83.1289</dst>
      <dst id="5">1.0667</dst>
      <dst id="3">14.4267</dst>
      <dst id="22">79.4222</dst>
      <dst id="7">33.9911</dst>
      <dst id="2">0.9156</dst>
      <dst id="6">0.3378</dst>
      <dst id="16">2.6311</dst>
      <dst id="14">1.7067</dst>
      <dst id="11">0.7111</dst>
      <dst id="9">355.8044</dst>
      <dst id="17">305.8578</dst>
      <dst id="21">561.8133</dst>
    </src>
    <src id="8">
      <dst id="12">252762.2489</dst>
      <dst id="13">192.3556</dst>
      <dst id="23">275.5022</dst>
      <dst id="18">40.0089</dst>
      <dst id="4">6359.2000</dst>
      <dst id="1">103.9644</dst>
      <dst id="5">391.4400</dst>
      <dst id="3">1.5022</dst>
      <dst id="22">310.0978</dst>
      <dst id="7">16.1244</dst>
      <dst id="2">79043.6356</dst>
      <dst id="16">254.3378</dst>
      <dst id="14">30.0800</dst>
      <dst id="20">212.1067</dst>
      <dst id="11">333.2622</dst>
      <dst id="9">647.3689</dst>
      <dst id="17">80962.6044</dst>
      <dst id="21">696.2667</dst>
      <dst id="15">17.2978</dst>
    </src>
    <src id="18">
      <dst id="12">99549.3600</dst>
      <dst id="13">73.2356</dst>
      <dst id="19">13.8044</dst>
      <dst id="23">0.3378</dst>
      <dst id="8">36.1600</dst>
      <dst id="4">2792.3556</dst>
      <dst id="1">1071.6000</dst>
      <dst id="5">118.8000</dst>
      <dst id="3">14.3200</dst>
      <dst id="22">100.6489</dst>
      <dst id="7">80.1333</dst>
      <dst id="2">33578.7467</dst>
      <dst id="16">8.9689</dst>
      <dst id="20">38.3733</dst>
      <dst id="11">71.3956</dst>
      <dst id="9">263.1733</dst>
      <dst id="17">38890.7200</dst>
      <dst id="21">236.9600</dst>
      <dst id="15">1.8756</dst>
    </src>
    <src id="4">
      <dst id="12">10720.7822</dst>
      <dst id="19">5709.3422</dst>
      <dst id="23">13.1822</dst>
      <dst id="8">430.0000</dst>
      <dst id="18">1035.9289</dst>
      <dst id="4">3.4933</dst>
      <dst id="1">16176.9600</dst>
      <dst id="5">1399.4400</dst>
      <dst id="3">25.1556</dst>
      <dst id="22">2562.1600</dst>
      <dst id="7">27439.9111</dst>
      <dst id="2">46775.6711</dst>
      <dst id="6">2.8089</dst>
      <dst id="16">932.4178</dst>
      <dst id="14">670.8356</dst>
      <dst id="20">887.5022</dst>
      <dst id="11">6639.6267</dst>
      <dst id="9">2968.0089</dst>
      <dst id="17">96039.6800</dst>
      <dst id="21">6886.0711</dst>
      <dst id="15">294.8889</dst>
    </src>
    <src id="1">
      <dst id="12">15445.6089</dst>
      <dst id="13">186.7822</dst>
      <dst id="19">43.0489</dst>
      <dst id="23">36.8356</dst>
      <dst id="8">55224.2578</dst>
      <dst id="18">12464.4622</dst>
      <dst id="4">4039.2711</dst>
      <dst id="1">23093.4933</dst>
      <dst id="5">137702.7022</dst>
      <dst id="3">37.1644</dst>
      <dst id="22">382.5333</dst>
      <dst id="7">1438.0800</dst>
      <dst id="2">2346.5244</dst>
      <dst id="6">8721.4756</dst>
      <dst id="16">13297.4933</dst>
      <dst id="14">80.1511</dst>
      <dst id="20">70.4356</dst>
      <dst id="11">213.3422</dst>
      <dst id="9">122566.3822</dst>
      <dst id="17">1240.5422</dst>
      <dst id="21">2955.3956</dst>
      <dst id="15">253.9022</dst>
    </src>
    <src id="5">
      <dst id="12">196939.2178</dst>
      <dst id="13">466.5422</dst>
      <dst id="19">58.3556</dst>
      <dst id="23">95.2178</dst>
      <dst id="8">387.1111</dst>
      <dst id="18">9.6267</dst>
      <dst id="4">3767.9822</dst>
      <dst id="1">420.8356</dst>
      <dst id="3">112.8889</dst>
      <dst id="22">2591.4756</dst>
      <dst id="7">81.1644</dst>
      <dst id="2">77192.8711</dst>
      <dst id="6">1.1556</dst>
      <dst id="16">110.6311</dst>
      <dst id="14">0.8800</dst>
      <dst id="20">457.0133</dst>
      <dst id="11">499.9200</dst>
      <dst id="9">4738.2133</dst>
      <dst id="17">71109.9111</dst>
      <dst id="21">363.5022</dst>
      <dst id="15">3176.4800</dst>
    </src>
    <src id="3">
      <dst id="12">6930.1422</dst>
      <dst id="13">1175.7867</dst>
      <dst id="19">682.8000</dst>
      <dst id="23">1.3333</dst>
      <dst id="8">47.9467</dst>
      <dst id="18">54732.4000</dst>
      <dst id="4">22994.5600</dst>
      <dst id="1">4111.7778</dst>
      <dst id="5">783.6889</dst>
      <dst id="3">7593.5556</dst>
      <dst id="22">621.5556</dst>
      <dst id="7">1326.1778</dst>
      <dst id="2">3294.4000</dst>
      <dst id="6">0.5422</dst>
      <dst id="16">664.8622</dst>
      <dst id="14">18768.3822</dst>
      <dst id="20">48.7200</dst>
      <dst id="11">98197.6889</dst>
      <dst id="9">318.5333</dst>
      <dst id="17">4481.9467</dst>
      <dst id="21">3490.1067</dst>
      <dst id="15">123.3067</dst>
    </src>
    <src id="10">
      <dst id="12">7545.9467</dst>
      <dst id="19">1860.6133</dst>
      <dst id="8">970.7200</dst>
      <dst id="18">4261.5556</dst>
      <dst id="1">1272.5156</dst>
      <dst id="5">927.0756</dst>
      <dst id="3">16482.0089</dst>
      <dst id="22">2620.8889</dst>
      <dst id="7">9118.6578</dst>
      <dst id="2">26151.7956</dst>
      <dst id="6">0.3200</dst>
      <dst id="16">2945.6533</dst>
      <dst id="14">241.5822</dst>
      <dst id="20">2215.8844</dst>
      <dst id="11">9811.3333</dst>
      <dst id="9">2370.8356</dst>
      <dst id="17">29745.1022</dst>
      <dst id="21">10282.0889</dst>
      <dst id="15">292.0889</dst>
    </src>
    <src id="22">
      <dst id="12">5941.6978</dst>
      <dst id="13">2251.1822</dst>
      <dst id="19">25.9111</dst>
      <dst id="23">10.0622</dst>
      <dst id="8">310.8889</dst>
      <dst id="18">1228.2933</dst>
      <dst id="4">19135.3511</dst>
      <dst id="1">106.8533</dst>
      <dst id="5">4537.9200</dst>
      <dst id="3">135.1022</dst>
      <dst id="7">160.3378</dst>
      <dst id="2">1539.7067</dst>
      <dst id="6">0.9244</dst>
      <dst id="16">1.2800</dst>
      <dst id="14">4.8622</dst>
      <dst id="11">2063.2356</dst>
      <dst id="9">4963.4044</dst>
      <dst id="17">3219.3422</dst>
      <dst id="21">990.9867</dst>
    </src>
    <src id="7">
      <dst id="12">2389.1289</dst>
      <dst id="13">66.6844</dst>
      <dst id="19">36.5867</dst>
      <dst id="23">10.6400</dst>
      <dst id="8">381.9644</dst>
      <dst id="18">192.2756</dst>
      <dst id="4">20859.2533</dst>
      <dst id="1">1746.9956</dst>
      <dst id="5">638.6578</dst>
      <dst id="3">143.9289</dst>
      <dst id="22">2807.5644</dst>
      <dst id="7">745.4933</dst>
      <dst id="2">7679.4844</dst>
      <dst id="6">1.4844</dst>
      <dst id="16">506.8889</dst>
      <dst id="14">57.2356</dst>
      <dst id="20">194.6667</dst>
      <dst id="11">676.6133</dst>
      <dst id="9">200.9067</dst>
      <dst id="17">3807.3600</dst>
      <dst id="21">1593.8933</dst>
      <dst id="15">398.0356</dst>
    </src>
    <src id="2">
      <dst id="12">55763.9911</dst>
      <dst id="13">1357.4222</dst>
      <dst id="19">7871.4311</dst>
      <dst id="23">0.6311</dst>
      <dst id="8">1649.3600</dst>
      <dst id="18">47197.1111</dst>
      <dst id="4">94790.9422</dst>
      <dst id="1">2675.3067</dst>
      <dst id="5">464.9333</dst>
      <dst id="3">23.4311</dst>
      <dst id="22">1738.7200</dst>
      <dst id="7">6030.9333</dst>
      <dst id="2">1042.8889</dst>
      <dst id="6">4691.2356</dst>
      <dst id="16">1906.9867</dst>
      <dst id="14">5137.0578</dst>
      <dst id="20">103.5200</dst>
      <dst id="11">3049.2533</dst>
      <dst id="9">1677.4844</dst>
      <dst id="17">11354.2933</dst>
      <dst id="21">2413.6267</dst>
      <dst id="15">24.0356</dst>
    </src>
    <src id="6">
      <dst id="12">7819.4222</dst>
      <dst id="13">7.2178</dst>
      <dst id="19">1.8311</dst>
      <dst id="4">122.5156</dst>
      <dst id="1">0.8622</dst>
      <dst id="5">0.3556</dst>
      <dst id="22">0.4178</dst>
      <dst id="7">0.3378</dst>
      <dst id="2">1320.1156</dst>
      <dst id="11">17.6622</dst>
      <dst id="17">1162.1422</dst>
    </src>
    <src id="16">
      <dst id="12">1723.1111</dst>
      <dst id="13">225.1467</dst>
      <dst id="19">4934.9422</dst>
      <dst id="23">1.7067</dst>
      <dst id="8">1038.3911</dst>
      <dst id="18">2.3111</dst>
      <dst id="4">6901.6356</dst>
      <dst id="1">16293.8133</dst>
      <dst id="5">1802.2133</dst>
      <dst id="3">0.8533</dst>
      <dst id="7">2678.1956</dst>
      <dst id="2">279.2533</dst>
      <dst id="6">0.8711</dst>
      <dst id="16">16.6400</dst>
      <dst id="14">229.9200</dst>
      <dst id="11">93.9200</dst>
      <dst id="9">2495.5022</dst>
      <dst id="17">1594.6222</dst>
      <dst id="21">651.1644</dst>
    </src>
    <src id="14">
      <dst id="12">15025.9556</dst>
      <dst id="13">28.1689</dst>
      <dst id="19">16.9600</dst>
      <dst id="8">1.1467</dst>
      <dst id="18">0.4622</dst>
      <dst id="4">3558.9689</dst>
      <dst id="1">33.1822</dst>
      <dst id="5">1.2267</dst>
      <dst id="3">52.9956</dst>
      <dst id="22">4.0978</dst>
      <dst id="7">88.3556</dst>
      <dst id="2">5218.7467</dst>
      <dst id="16">156.4178</dst>
      <dst id="11">48.8178</dst>
      <dst id="17">5995.8311</dst>
      <dst id="21">43.7511</dst>
      <dst id="15">13.3333</dst>
    </src>
    <src id="20">
      <dst id="12">7283.5289</dst>
      <dst id="13">1335.4578</dst>
      <dst id="19">3.6622</dst>
      <dst id="23">1.5289</dst>
      <dst id="8">450.8089</dst>
      <dst id="18">15.0489</dst>
      <dst id="4">11175.6178</dst>
      <dst id="1">59.5111</dst>
      <dst id="5">605.7867</dst>
      <dst id="3">471.8311</dst>
      <dst id="7">2362.1600</dst>
      <dst id="2">2118.9600</dst>
      <dst id="6">0.4267</dst>
      <dst id="16">0.3556</dst>
      <dst id="14">0.4622</dst>
      <dst id="11">222.4889</dst>
      <dst id="9">1532.2756</dst>
      <dst id="17">378.4711</dst>
      <dst id="21">197.6000</dst>
    </src>
    <src id="11">
      <dst id="12">376122.8800</dst>
      <dst id="13">1157.3067</dst>
      <dst id="19">3.1289</dst>
      <dst id="23">13.7956</dst>
      <dst id="8">405.4756</dst>
      <dst id="18">165.6800</dst>
      <dst id="4">16978.9956</dst>
      <dst id="1">526.1956</dst>
      <dst id="5">861.3956</dst>
      <dst id="3">411.9822</dst>
      <dst id="22">2003.2800</dst>
      <dst id="7">211.7244</dst>
      <dst id="2">138898.4000</dst>
      <dst id="6">101.6889</dst>
      <dst id="16">623.3511</dst>
      <dst id="14">52.4711</dst>
      <dst id="20">162.7822</dst>
      <dst id="11">1114.8800</dst>
      <dst id="9">882.2844</dst>
      <dst id="17">129103.1289</dst>
      <dst id="21">516.1422</dst>
      <dst id="15">373.5733</dst>
    </src>
    <src id="9">
      <dst id="12">379583.3244</dst>
      <dst id="13">1504.0889</dst>
      <dst id="19">7.7067</dst>
      <dst id="23">15.5378</dst>
      <dst id="8">26.1067</dst>
      <dst id="18">752.4711</dst>
      <dst id="4">16687.5467</dst>
      <dst id="1">543.3867</dst>
      <dst id="5">1474.1778</dst>
      <dst id="3">0.9156</dst>
      <dst id="22">1462.2222</dst>
      <dst id="7">359.8311</dst>
      <dst id="2">122447.9022</dst>
      <dst id="6">0.3289</dst>
      <dst id="16">187.6356</dst>
      <dst id="20">461.7867</dst>
      <dst id="11">359.9289</dst>
      <dst id="9">6826.0889</dst>
      <dst id="17">152269.8044</dst>
      <dst id="21">684.5422</dst>
      <dst id="15">136.1156</dst>
    </src>
    <src id="17">
      <dst id="12">3058.3200</dst>
      <dst id="13">26453.8311</dst>
      <dst id="19">94.5689</dst>
      <dst id="23">59.6533</dst>
      <dst id="8">85333.6089</dst>
      <dst id="18">205.6889</dst>
      <dst id="4">46683.2178</dst>
      <dst id="1">2917.3244</dst>
      <dst id="5">135362.4000</dst>
      <dst id="3">8802.0622</dst>
      <dst id="22">6967.5822</dst>
      <dst id="7">2666.2844</dst>
      <dst id="2">9982.4267</dst>
      <dst id="6">26.3556</dst>
      <dst id="16">6187.7244</dst>
      <dst id="14">14096.3911</dst>
      <dst id="20">288.4267</dst>
      <dst id="11">79499.9111</dst>
      <dst id="9">119912.2222</dst>
      <dst id="17">821.1111</dst>
      <dst id="21">4443.6000</dst>
      <dst id="15">66.4800</dst>
    </src>
    <src id="21">
      <dst id="12">16898.8711</dst>
      <dst id="13">670.6133</dst>
      <dst id="19">14.5956</dst>
      <dst id="23">1.7067</dst>
      <dst id="8">525.6444</dst>
      <dst id="18">192.1422</dst>
      <dst id="4">23050.1867</dst>
      <dst id="1">18640.9867</dst>
      <dst id="5">538.0178</dst>
      <dst id="3">768.1244</dst>
      <dst id="22">548.9244</dst>
      <dst id="7">2788.7467</dst>
      <dst id="2">6471.7867</dst>
      <dst id="6">0.3289</dst>
      <dst id="16">201.6356</dst>
      <dst id="14">75.6000</dst>
      <dst id="20">115.8400</dst>
      <dst id="11">425.1822</dst>
      <dst id="9">121.7067</dst>
      <dst id="17">2563.1467</dst>
      <dst id="21">1381.9111</dst>
      <dst id="15">37.0311</dst>
    </src>
    <src id="15">
      <dst id="12">1598.5244</dst>
      <dst id="13">90.4800</dst>
      <dst id="19">0.4622</dst>
      <dst id="8">18.7733</dst>
      <dst id="4">4780.8178</dst>
      <dst id="1">912.0978</dst>
      <dst id="5">434.4444</dst>
      <dst id="3">12.9422</dst>
      <dst id="7">33.2356</dst>
      <dst id="2">42.2133</dst>
      <dst id="6">0.4267</dst>
      <dst id="11">31.0489</dst>
      <dst id="9">547.3511</dst>
      <dst id="17">103.8489</dst>
      <dst id="21">118.3556</dst>
    </src>
  </IntraTM>
</TrafficMatrixFile>
