<?xml version="1.0" encoding="UTF-8" standalone="yes"?>
<TrafficMatrixFile xmlns:xsi="http://www.w3.org/2001/XMLSchema-instance" xsi:noNamespaceSchemaLocation="http://totem.run.montefiore.ulg.ac.be/Schema/TrafficMatrix-v1_2.xsd">
  <info>
    <title>Intradomain traffic matrix generated by geant-TM-all.pl</title>
    <date>2005-01-02T20:45:00</date>
    <duration>900</duration>
    <author>Steve Uhlig</author>
    <units>
        <unit type="bandwidth" value="kbps"/>
    </units>
  </info>
  <IntraTM ASID="20965">
    <src id="12">
      <dst id="12">321168.6756</dst>
      <dst id="13">38629.9200</dst>
      <dst id="19">4066.4178</dst>
      <dst id="23">3187.0044</dst>
      <dst id="8">8806.9867</dst>
      <dst id="18">9406.8800</dst>
      <dst id="4">68819.3333</dst>
      <dst id="1">7453.4667</dst>
      <dst id="5">2145.2533</dst>
      <dst id="3">21452.1689</dst>
      <dst id="22">33799.7333</dst>
      <dst id="7">3804.2489</dst>
      <dst id="2">108680.5333</dst>
      <dst id="6">12.9600</dst>
      <dst id="16">12719.2356</dst>
      <dst id="14">205.1733</dst>
      <dst id="20">8323.7333</dst>
      <dst id="11">5804.8533</dst>
      <dst id="9">19634.0800</dst>
      <dst id="17">102453.5556</dst>
      <dst id="21">32060.4711</dst>
      <dst id="15">5581.3867</dst>
    </src>
    <src id="13">
      <dst id="12">85642.5156</dst>
      <dst id="19">14175.6089</dst>
      <dst id="23">920.0000</dst>
      <dst id="8">4789.2533</dst>
      <dst id="18">8164.5244</dst>
      <dst id="1">10136.8000</dst>
      <dst id="5">8133.9289</dst>
      <dst id="3">40534.2311</dst>
      <dst id="22">43807.1022</dst>
      <dst id="7">29038.6667</dst>
      <dst id="2">130504.2844</dst>
      <dst id="6">256.9689</dst>
      <dst id="16">13343.8133</dst>
      <dst id="14">3762.4089</dst>
      <dst id="20">44884.8089</dst>
      <dst id="11">31667.9111</dst>
      <dst id="9">33402.5600</dst>
      <dst id="17">99070.0978</dst>
      <dst id="21">31478.4444</dst>
      <dst id="15">9665.3956</dst>
    </src>
    <src id="19">
      <dst id="12">17342.6933</dst>
      <dst id="13">11366.8356</dst>
      <dst id="23">84.8622</dst>
      <dst id="8">863.9467</dst>
      <dst id="18">590.1956</dst>
      <dst id="4">17795.8489</dst>
      <dst id="1">3574.6044</dst>
      <dst id="5">56.2667</dst>
      <dst id="3">72.0267</dst>
      <dst id="22">156.4889</dst>
      <dst id="7">7469.5644</dst>
      <dst id="2">19226.4267</dst>
      <dst id="6">52.2311</dst>
      <dst id="16">4608.4267</dst>
      <dst id="20">66.9778</dst>
      <dst id="11">1445.9200</dst>
      <dst id="9">136.9156</dst>
      <dst id="17">742.6044</dst>
      <dst id="21">4916.8978</dst>
      <dst id="15">79.5822</dst>
    </src>
    <src id="23">
      <dst id="12">1317.8756</dst>
      <dst id="13">303.2089</dst>
      <dst id="19">123.3067</dst>
      <dst id="8">3445.6889</dst>
      <dst id="18">304.4978</dst>
      <dst id="4">135.4933</dst>
      <dst id="1">58.2578</dst>
      <dst id="5">3.9644</dst>
      <dst id="3">935.2711</dst>
      <dst id="22">787.2711</dst>
      <dst id="7">218.2133</dst>
      <dst id="2">384.9511</dst>
      <dst id="16">28.2311</dst>
      <dst id="20">260.9867</dst>
      <dst id="11">327.6711</dst>
      <dst id="9">842.0889</dst>
      <dst id="17">2268.0711</dst>
      <dst id="21">1802.4978</dst>
      <dst id="15">93.3333</dst>
    </src>
    <src id="8">
      <dst id="12">396084.7200</dst>
      <dst id="13">1893.8222</dst>
      <dst id="19">431.5733</dst>
      <dst id="23">96.3556</dst>
      <dst id="18">1429.2089</dst>
      <dst id="4">3630.8000</dst>
      <dst id="1">250.7822</dst>
      <dst id="5">7608.0622</dst>
      <dst id="3">12.4800</dst>
      <dst id="22">5814.4444</dst>
      <dst id="7">150.4267</dst>
      <dst id="2">180929.5111</dst>
      <dst id="16">1362.7556</dst>
      <dst id="14">6.5778</dst>
      <dst id="20">14454.2044</dst>
      <dst id="11">1690.9956</dst>
      <dst id="9">2809.3511</dst>
      <dst id="17">141810.7467</dst>
      <dst id="21">1128.9689</dst>
      <dst id="15">979.2444</dst>
    </src>
    <src id="18">
      <dst id="12">118499.4133</dst>
      <dst id="13">275.6622</dst>
      <dst id="19">1146.6578</dst>
      <dst id="23">76.5422</dst>
      <dst id="8">921.2356</dst>
      <dst id="4">3334.0622</dst>
      <dst id="1">900.8978</dst>
      <dst id="5">617.9289</dst>
      <dst id="3">1991.2622</dst>
      <dst id="22">424.4178</dst>
      <dst id="7">279.7778</dst>
      <dst id="2">50369.0489</dst>
      <dst id="16">44.9600</dst>
      <dst id="14">18.1333</dst>
      <dst id="20">33.4400</dst>
      <dst id="11">300.3200</dst>
      <dst id="9">687.9822</dst>
      <dst id="17">38152.5867</dst>
      <dst id="21">1699.1467</dst>
      <dst id="15">275.1822</dst>
    </src>
    <src id="4">
      <dst id="12">23759.9822</dst>
      <dst id="19">6055.8311</dst>
      <dst id="23">15.3333</dst>
      <dst id="8">2426.2489</dst>
      <dst id="18">3988.3467</dst>
      <dst id="1">75660.7200</dst>
      <dst id="5">2297.7422</dst>
      <dst id="3">2856.0711</dst>
      <dst id="22">9583.7067</dst>
      <dst id="7">162890.6311</dst>
      <dst id="2">91109.2089</dst>
      <dst id="6">39.4400</dst>
      <dst id="16">3286.0889</dst>
      <dst id="14">922.7467</dst>
      <dst id="20">17350.1156</dst>
      <dst id="11">10166.1689</dst>
      <dst id="9">4366.4622</dst>
      <dst id="17">127579.0667</dst>
      <dst id="21">12198.0533</dst>
      <dst id="15">1188.3111</dst>
    </src>
    <src id="1">
      <dst id="12">28131.1644</dst>
      <dst id="13">2504.4356</dst>
      <dst id="19">1585.8044</dst>
      <dst id="23">112.2667</dst>
      <dst id="8">234659.3511</dst>
      <dst id="18">17977.4756</dst>
      <dst id="4">14592.2844</dst>
      <dst id="1">108219.1822</dst>
      <dst id="5">270686.8356</dst>
      <dst id="3">483.3156</dst>
      <dst id="22">7298.8978</dst>
      <dst id="7">24256.2844</dst>
      <dst id="2">38047.2444</dst>
      <dst id="6">11911.4222</dst>
      <dst id="16">8483.0578</dst>
      <dst id="14">118.3022</dst>
      <dst id="20">410.1244</dst>
      <dst id="11">1709.7778</dst>
      <dst id="9">361844.9156</dst>
      <dst id="17">12286.4711</dst>
      <dst id="21">12593.0844</dst>
      <dst id="15">180.8267</dst>
    </src>
    <src id="5">
      <dst id="12">288695.2356</dst>
      <dst id="13">1293.1111</dst>
      <dst id="19">104.8444</dst>
      <dst id="23">131.4756</dst>
      <dst id="8">8321.2000</dst>
      <dst id="18">34.0800</dst>
      <dst id="4">5479.9822</dst>
      <dst id="1">3349.9111</dst>
      <dst id="3">87.8933</dst>
      <dst id="22">9242.2044</dst>
      <dst id="7">365.3244</dst>
      <dst id="2">123628.0444</dst>
      <dst id="6">8.0711</dst>
      <dst id="16">1397.4844</dst>
      <dst id="14">34.4000</dst>
      <dst id="20">10567.3333</dst>
      <dst id="11">1395.9111</dst>
      <dst id="9">1108.8178</dst>
      <dst id="17">105099.2356</dst>
      <dst id="21">2319.9378</dst>
      <dst id="15">1397.1022</dst>
    </src>
    <src id="3">
      <dst id="12">9681.5733</dst>
      <dst id="13">2291.0756</dst>
      <dst id="19">3547.0311</dst>
      <dst id="23">154.9156</dst>
      <dst id="8">285.8489</dst>
      <dst id="18">192779.2356</dst>
      <dst id="4">42305.7244</dst>
      <dst id="1">8071.0844</dst>
      <dst id="5">788.1867</dst>
      <dst id="3">23464.6667</dst>
      <dst id="22">1266.1600</dst>
      <dst id="7">1268.2222</dst>
      <dst id="2">15341.5911</dst>
      <dst id="6">16.8356</dst>
      <dst id="16">3007.8311</dst>
      <dst id="14">43818.0000</dst>
      <dst id="20">374.9689</dst>
      <dst id="11">256720.3289</dst>
      <dst id="9">658.3644</dst>
      <dst id="17">15258.7289</dst>
      <dst id="21">11514.7289</dst>
      <dst id="15">138.5867</dst>
    </src>
    <src id="10">
      <dst id="12">24369.6978</dst>
      <dst id="19">1861.1822</dst>
      <dst id="8">4012.6400</dst>
      <dst id="18">7441.3156</dst>
      <dst id="1">2256.2578</dst>
      <dst id="5">2570.0267</dst>
      <dst id="3">19172.9244</dst>
      <dst id="22">16834.2756</dst>
      <dst id="7">143571.8578</dst>
      <dst id="2">48575.7778</dst>
      <dst id="6">6.7822</dst>
      <dst id="16">1580.3822</dst>
      <dst id="14">431.8756</dst>
      <dst id="20">2013.7422</dst>
      <dst id="11">12921.7422</dst>
      <dst id="9">3752.5422</dst>
      <dst id="17">30108.4267</dst>
      <dst id="21">13037.2178</dst>
      <dst id="15">1098.2489</dst>
    </src>
    <src id="22">
      <dst id="12">12766.3733</dst>
      <dst id="13">7938.8089</dst>
      <dst id="19">40.3378</dst>
      <dst id="23">292.2933</dst>
      <dst id="8">12132.4622</dst>
      <dst id="18">438.0711</dst>
      <dst id="4">17429.3244</dst>
      <dst id="1">2415.0133</dst>
      <dst id="5">6531.5911</dst>
      <dst id="3">1625.1911</dst>
      <dst id="7">4692.0267</dst>
      <dst id="2">8233.3156</dst>
      <dst id="6">63.1644</dst>
      <dst id="16">6.2044</dst>
      <dst id="14">73.2089</dst>
      <dst id="11">6249.4667</dst>
      <dst id="9">1828.2044</dst>
      <dst id="17">9000.5956</dst>
      <dst id="21">1620.4089</dst>
    </src>
    <src id="7">
      <dst id="12">6744.4622</dst>
      <dst id="13">949.7067</dst>
      <dst id="19">2142.7378</dst>
      <dst id="23">4451.6800</dst>
      <dst id="8">1907.7867</dst>
      <dst id="18">1687.4578</dst>
      <dst id="4">27116.5422</dst>
      <dst id="1">21238.6756</dst>
      <dst id="5">1705.3156</dst>
      <dst id="3">1996.2044</dst>
      <dst id="22">4950.7200</dst>
      <dst id="7">730.1689</dst>
      <dst id="2">12585.6889</dst>
      <dst id="6">23.4489</dst>
      <dst id="16">2508.9156</dst>
      <dst id="14">164.7111</dst>
      <dst id="20">2031.4400</dst>
      <dst id="11">3068.2044</dst>
      <dst id="9">2097.6178</dst>
      <dst id="17">16815.6622</dst>
      <dst id="21">15352.4444</dst>
      <dst id="15">599.4222</dst>
    </src>
    <src id="2">
      <dst id="12">191456.5156</dst>
      <dst id="13">7355.6267</dst>
      <dst id="19">1152.0711</dst>
      <dst id="23">127.7333</dst>
      <dst id="8">525.2356</dst>
      <dst id="18">161411.8844</dst>
      <dst id="4">96250.8533</dst>
      <dst id="1">9448.1156</dst>
      <dst id="5">2769.8222</dst>
      <dst id="3">524.9244</dst>
      <dst id="22">2654.6756</dst>
      <dst id="7">5080.3200</dst>
      <dst id="2">1101.5733</dst>
      <dst id="6">10359.5378</dst>
      <dst id="16">5909.8400</dst>
      <dst id="14">5463.1644</dst>
      <dst id="20">1829.9378</dst>
      <dst id="11">8227.8044</dst>
      <dst id="9">3389.3156</dst>
      <dst id="17">61034.1067</dst>
      <dst id="21">10307.6089</dst>
      <dst id="15">148.6756</dst>
    </src>
    <src id="6">
      <dst id="12">11525.9733</dst>
      <dst id="13">18.0089</dst>
      <dst id="19">85.3689</dst>
      <dst id="23">0.3378</dst>
      <dst id="8">2.6933</dst>
      <dst id="18">24.1333</dst>
      <dst id="4">22.1333</dst>
      <dst id="1">140.2311</dst>
      <dst id="5">26.7111</dst>
      <dst id="22">44.7378</dst>
      <dst id="7">56.4711</dst>
      <dst id="2">3216.0800</dst>
      <dst id="16">52.4978</dst>
      <dst id="11">46.7644</dst>
      <dst id="9">40.9600</dst>
      <dst id="17">1637.1822</dst>
      <dst id="21">89.9289</dst>
    </src>
    <src id="16">
      <dst id="12">4828.7644</dst>
      <dst id="13">508.0711</dst>
      <dst id="19">3325.8933</dst>
      <dst id="23">513.6711</dst>
      <dst id="8">7279.1822</dst>
      <dst id="18">422.0800</dst>
      <dst id="4">6598.2667</dst>
      <dst id="1">20270.2133</dst>
      <dst id="5">6732.6489</dst>
      <dst id="3">149.2889</dst>
      <dst id="7">3161.8133</dst>
      <dst id="2">3185.8489</dst>
      <dst id="6">1.7689</dst>
      <dst id="16">46.9689</dst>
      <dst id="14">454.0356</dst>
      <dst id="11">549.0933</dst>
      <dst id="9">10699.0844</dst>
      <dst id="17">12185.5644</dst>
      <dst id="21">1113.2267</dst>
    </src>
    <src id="14">
      <dst id="12">16422.3378</dst>
      <dst id="13">53.3778</dst>
      <dst id="19">5.2267</dst>
      <dst id="23">2.1511</dst>
      <dst id="18">235.8844</dst>
      <dst id="4">1174.1689</dst>
      <dst id="1">70.3911</dst>
      <dst id="5">13.6889</dst>
      <dst id="3">497.6889</dst>
      <dst id="22">312.7467</dst>
      <dst id="7">110.1422</dst>
      <dst id="2">4472.7822</dst>
      <dst id="16">29.6533</dst>
      <dst id="20">4.3467</dst>
      <dst id="11">25.0044</dst>
      <dst id="9">22.7911</dst>
      <dst id="17">6743.2000</dst>
      <dst id="21">115.7422</dst>
      <dst id="15">0.4978</dst>
    </src>
    <src id="20">
      <dst id="12">18215.9822</dst>
      <dst id="13">10253.3689</dst>
      <dst id="19">17.8133</dst>
      <dst id="23">77.5644</dst>
      <dst id="8">5325.1022</dst>
      <dst id="18">55.6533</dst>
      <dst id="4">7279.6356</dst>
      <dst id="1">150.3644</dst>
      <dst id="5">5480.4356</dst>
      <dst id="3">8221.4578</dst>
      <dst id="7">528.2578</dst>
      <dst id="2">26097.6622</dst>
      <dst id="14">5.2622</dst>
      <dst id="11">11025.1556</dst>
      <dst id="9">13934.6044</dst>
      <dst id="17">5923.2089</dst>
      <dst id="21">2631.4489</dst>
    </src>
    <src id="11">
      <dst id="12">400522.1689</dst>
      <dst id="13">5098.5244</dst>
      <dst id="19">125.2711</dst>
      <dst id="23">84.2133</dst>
      <dst id="8">1894.1156</dst>
      <dst id="18">1688.9333</dst>
      <dst id="4">13303.2622</dst>
      <dst id="1">681.8756</dst>
      <dst id="5">731.1733</dst>
      <dst id="3">4098.8889</dst>
      <dst id="22">3838.5867</dst>
      <dst id="7">478.5156</dst>
      <dst id="2">165300.0978</dst>
      <dst id="6">15.3778</dst>
      <dst id="16">585.4044</dst>
      <dst id="14">42.6311</dst>
      <dst id="20">2591.9644</dst>
      <dst id="11">6721.3422</dst>
      <dst id="9">2747.2978</dst>
      <dst id="17">153426.4711</dst>
      <dst id="21">1935.4844</dst>
      <dst id="15">2596.6400</dst>
    </src>
    <src id="9">
      <dst id="12">491256.1956</dst>
      <dst id="13">10617.9111</dst>
      <dst id="19">152.0000</dst>
      <dst id="23">482.2933</dst>
      <dst id="8">2989.6267</dst>
      <dst id="18">262.3467</dst>
      <dst id="4">8316.4711</dst>
      <dst id="1">4556.1778</dst>
      <dst id="5">2644.7022</dst>
      <dst id="3">48.1511</dst>
      <dst id="22">2326.3289</dst>
      <dst id="7">873.4133</dst>
      <dst id="2">179695.1111</dst>
      <dst id="6">0.3556</dst>
      <dst id="16">865.5467</dst>
      <dst id="14">14.3289</dst>
      <dst id="20">11066.0978</dst>
      <dst id="11">1521.4756</dst>
      <dst id="9">1456.2933</dst>
      <dst id="17">199732.6933</dst>
      <dst id="21">2258.4267</dst>
      <dst id="15">8186.6667</dst>
    </src>
    <src id="17">
      <dst id="12">29548.8000</dst>
      <dst id="13">13866.9067</dst>
      <dst id="19">703.7067</dst>
      <dst id="23">3379.3689</dst>
      <dst id="8">246146.6400</dst>
      <dst id="18">4421.3333</dst>
      <dst id="4">67238.2311</dst>
      <dst id="1">11467.5911</dst>
      <dst id="5">263656.3378</dst>
      <dst id="3">21673.8222</dst>
      <dst id="22">11141.0844</dst>
      <dst id="7">15571.8311</dst>
      <dst id="2">43840.7556</dst>
      <dst id="6">170.0978</dst>
      <dst id="16">4914.5867</dst>
      <dst id="14">29977.3244</dst>
      <dst id="20">7649.4578</dst>
      <dst id="11">208856.4444</dst>
      <dst id="9">349821.1911</dst>
      <dst id="17">1268.1067</dst>
      <dst id="21">16260.9956</dst>
      <dst id="15">366.6667</dst>
    </src>
    <src id="21">
      <dst id="12">19191.5111</dst>
      <dst id="13">3818.4000</dst>
      <dst id="19">666.9867</dst>
      <dst id="23">831.4311</dst>
      <dst id="8">850.3733</dst>
      <dst id="18">2013.9378</dst>
      <dst id="4">23241.9111</dst>
      <dst id="1">9861.0133</dst>
      <dst id="5">833.0756</dst>
      <dst id="3">7516.4267</dst>
      <dst id="22">2882.0178</dst>
      <dst id="7">3116.0711</dst>
      <dst id="2">14299.0667</dst>
      <dst id="6">11.8133</dst>
      <dst id="16">426.8978</dst>
      <dst id="14">163.9111</dst>
      <dst id="20">1079.8578</dst>
      <dst id="11">1775.8489</dst>
      <dst id="9">1210.3644</dst>
      <dst id="17">10081.1467</dst>
      <dst id="21">4276.3644</dst>
      <dst id="15">706.9244</dst>
    </src>
    <src id="15">
      <dst id="12">6074.7556</dst>
      <dst id="13">4914.2756</dst>
      <dst id="19">2362.3822</dst>
      <dst id="23">2.1511</dst>
      <dst id="8">2589.6267</dst>
      <dst id="18">7.0222</dst>
      <dst id="4">2537.2978</dst>
      <dst id="1">692.3556</dst>
      <dst id="5">3858.5422</dst>
      <dst id="3">8.9422</dst>
      <dst id="7">111.2800</dst>
      <dst id="2">648.9778</dst>
      <dst id="11">231.9378</dst>
      <dst id="9">6730.5689</dst>
      <dst id="17">515.9644</dst>
      <dst id="21">9788.0711</dst>
    </src>
  </IntraTM>
</TrafficMatrixFile>
