<?xml version="1.0" encoding="UTF-8" standalone="yes"?>
<TrafficMatrixFile xmlns:xsi="http://www.w3.org/2001/XMLSchema-instance" xsi:noNamespaceSchemaLocation="http://totem.run.montefiore.ulg.ac.be/Schema/TrafficMatrix-v1_2.xsd">
  <info>
    <title>Intradomain traffic matrix generated by geant-TM-all.pl</title>
    <date>2005-01-03T17:15:00</date>
    <duration>900</duration>
    <author>Steve Uhlig</author>
    <units>
        <unit type="bandwidth" value="kbps"/>
    </units>
  </info>
  <IntraTM ASID="20965">
    <src id="12">
      <dst id="12">214673.3067</dst>
      <dst id="13">24994.6222</dst>
      <dst id="19">3851.3333</dst>
      <dst id="23">28.7467</dst>
      <dst id="8">1937.1556</dst>
      <dst id="18">726.7733</dst>
      <dst id="4">79079.5111</dst>
      <dst id="1">10072.0178</dst>
      <dst id="5">1602.7733</dst>
      <dst id="3">3477.2178</dst>
      <dst id="22">6334.8800</dst>
      <dst id="7">1878.5333</dst>
      <dst id="2">60513.2711</dst>
      <dst id="6">41.6356</dst>
      <dst id="16">6135.7333</dst>
      <dst id="14">207.9378</dst>
      <dst id="20">942.6844</dst>
      <dst id="11">5377.5467</dst>
      <dst id="9">4528.2400</dst>
      <dst id="17">66382.0000</dst>
      <dst id="21">4113.1556</dst>
      <dst id="15">833.1822</dst>
    </src>
    <src id="13">
      <dst id="12">40783.5200</dst>
      <dst id="19">6390.0000</dst>
      <dst id="23">14.8000</dst>
      <dst id="8">2730.1511</dst>
      <dst id="18">1690.2489</dst>
      <dst id="1">2598.6489</dst>
      <dst id="5">7161.0844</dst>
      <dst id="3">8240.8000</dst>
      <dst id="22">11793.2800</dst>
      <dst id="7">10240.3022</dst>
      <dst id="2">62835.8756</dst>
      <dst id="6">58.2222</dst>
      <dst id="16">31055.2356</dst>
      <dst id="14">2160.4444</dst>
      <dst id="20">6037.0578</dst>
      <dst id="11">12207.5022</dst>
      <dst id="9">11057.8667</dst>
      <dst id="17">34228.1333</dst>
      <dst id="21">7748.1600</dst>
      <dst id="15">1517.1022</dst>
    </src>
    <src id="19">
      <dst id="12">14792.7467</dst>
      <dst id="13">80.4889</dst>
      <dst id="8">528.4267</dst>
      <dst id="18">2.4533</dst>
      <dst id="4">17030.3644</dst>
      <dst id="1">417.5911</dst>
      <dst id="5">0.4622</dst>
      <dst id="3">0.6933</dst>
      <dst id="22">33.5822</dst>
      <dst id="7">3006.2756</dst>
      <dst id="2">135.4311</dst>
      <dst id="6">54.3911</dst>
      <dst id="16">8155.7689</dst>
      <dst id="14">0.5867</dst>
      <dst id="20">3.1022</dst>
      <dst id="11">28.2844</dst>
      <dst id="9">141.8667</dst>
      <dst id="17">1057.8222</dst>
      <dst id="21">246.5156</dst>
      <dst id="15">0.9244</dst>
    </src>
    <src id="23">
      <dst id="12">446.1333</dst>
      <dst id="13">57.8667</dst>
      <dst id="19">1.3778</dst>
      <dst id="8">0.5333</dst>
      <dst id="4">41.2533</dst>
      <dst id="1">28.9244</dst>
      <dst id="5">50.0889</dst>
      <dst id="3">250.6933</dst>
      <dst id="22">146.4444</dst>
      <dst id="7">282.0889</dst>
      <dst id="2">1.8311</dst>
      <dst id="16">647.7244</dst>
      <dst id="14">1.7600</dst>
      <dst id="11">1189.9378</dst>
      <dst id="9">401.2444</dst>
      <dst id="17">106.8267</dst>
      <dst id="21">152.0444</dst>
    </src>
    <src id="8">
      <dst id="12">278939.4756</dst>
      <dst id="13">461.3067</dst>
      <dst id="19">16.5422</dst>
      <dst id="18">20.4622</dst>
      <dst id="4">3211.0667</dst>
      <dst id="1">47.6533</dst>
      <dst id="5">591.0400</dst>
      <dst id="3">5.2178</dst>
      <dst id="22">3348.3556</dst>
      <dst id="7">16.3467</dst>
      <dst id="2">105735.8578</dst>
      <dst id="6">10.4889</dst>
      <dst id="16">360.1422</dst>
      <dst id="14">1.3867</dst>
      <dst id="20">227.3867</dst>
      <dst id="11">308.7911</dst>
      <dst id="9">179.8311</dst>
      <dst id="17">91536.4000</dst>
      <dst id="21">205.5111</dst>
      <dst id="15">23.3600</dst>
    </src>
    <src id="18">
      <dst id="12">92874.7644</dst>
      <dst id="13">36.9867</dst>
      <dst id="19">1.9467</dst>
      <dst id="23">0.5600</dst>
      <dst id="8">73.9556</dst>
      <dst id="4">1168.4889</dst>
      <dst id="1">931.7333</dst>
      <dst id="5">240.8267</dst>
      <dst id="3">71.7511</dst>
      <dst id="22">147.6800</dst>
      <dst id="7">21.2356</dst>
      <dst id="2">25924.8178</dst>
      <dst id="16">19.7067</dst>
      <dst id="20">2.5600</dst>
      <dst id="11">16.9067</dst>
      <dst id="9">64.0000</dst>
      <dst id="17">31393.6800</dst>
      <dst id="21">132.1956</dst>
      <dst id="15">0.8178</dst>
    </src>
    <src id="4">
      <dst id="12">16110.0267</dst>
      <dst id="19">15429.4933</dst>
      <dst id="23">0.4622</dst>
      <dst id="8">546.6311</dst>
      <dst id="18">1520.0800</dst>
      <dst id="4">2.5244</dst>
      <dst id="1">23109.3778</dst>
      <dst id="5">1365.5733</dst>
      <dst id="3">210.6933</dst>
      <dst id="22">4396.0000</dst>
      <dst id="7">138055.4133</dst>
      <dst id="2">54593.3422</dst>
      <dst id="6">33.9733</dst>
      <dst id="16">2526.4356</dst>
      <dst id="14">1194.0800</dst>
      <dst id="20">796.9956</dst>
      <dst id="11">2334.5778</dst>
      <dst id="9">3503.3422</dst>
      <dst id="17">24951.3422</dst>
      <dst id="21">3140.6578</dst>
      <dst id="15">1938.2311</dst>
    </src>
    <src id="1">
      <dst id="12">18841.8044</dst>
      <dst id="13">715.4667</dst>
      <dst id="19">22.8889</dst>
      <dst id="23">12.3556</dst>
      <dst id="8">91554.9156</dst>
      <dst id="18">13405.1022</dst>
      <dst id="4">6320.0267</dst>
      <dst id="1">13856.8000</dst>
      <dst id="5">160420.4711</dst>
      <dst id="3">523.7422</dst>
      <dst id="22">2510.6222</dst>
      <dst id="7">1160.5067</dst>
      <dst id="2">1784.9422</dst>
      <dst id="6">8005.7867</dst>
      <dst id="16">12261.2356</dst>
      <dst id="14">64.0000</dst>
      <dst id="20">18.3111</dst>
      <dst id="11">191.5733</dst>
      <dst id="9">181499.8044</dst>
      <dst id="17">6468.3022</dst>
      <dst id="21">3628.0267</dst>
      <dst id="15">142.1333</dst>
    </src>
    <src id="5">
      <dst id="12">236921.6711</dst>
      <dst id="13">727.4756</dst>
      <dst id="19">18.2400</dst>
      <dst id="23">36.5244</dst>
      <dst id="8">4313.8756</dst>
      <dst id="18">68.8356</dst>
      <dst id="4">7251.0133</dst>
      <dst id="1">1365.4311</dst>
      <dst id="3">0.4178</dst>
      <dst id="22">2326.2667</dst>
      <dst id="7">1838.1867</dst>
      <dst id="2">89287.6533</dst>
      <dst id="6">35.8400</dst>
      <dst id="16">488.6311</dst>
      <dst id="14">1.9289</dst>
      <dst id="20">1299.2356</dst>
      <dst id="11">1229.3422</dst>
      <dst id="9">10522.2756</dst>
      <dst id="17">78025.7156</dst>
      <dst id="21">221.8400</dst>
      <dst id="15">17.1289</dst>
    </src>
    <src id="3">
      <dst id="12">8569.9467</dst>
      <dst id="13">993.8489</dst>
      <dst id="19">1461.6267</dst>
      <dst id="23">7295.8844</dst>
      <dst id="8">3.8133</dst>
      <dst id="18">47942.9422</dst>
      <dst id="4">18697.3778</dst>
      <dst id="1">17093.8044</dst>
      <dst id="5">1113.9733</dst>
      <dst id="3">10658.1511</dst>
      <dst id="22">445.7156</dst>
      <dst id="7">488.6133</dst>
      <dst id="2">3110.8533</dst>
      <dst id="6">5.5733</dst>
      <dst id="16">953.4222</dst>
      <dst id="14">23881.7956</dst>
      <dst id="20">51.7333</dst>
      <dst id="11">96111.4044</dst>
      <dst id="9">170.3378</dst>
      <dst id="17">14867.9022</dst>
      <dst id="21">10227.2711</dst>
      <dst id="15">1686.9600</dst>
    </src>
    <src id="10">
      <dst id="12">12833.9111</dst>
      <dst id="19">384.5600</dst>
      <dst id="8">798.9156</dst>
      <dst id="18">2005.9822</dst>
      <dst id="1">1736.7644</dst>
      <dst id="5">1279.8311</dst>
      <dst id="3">7330.7378</dst>
      <dst id="22">6723.8489</dst>
      <dst id="7">121399.3689</dst>
      <dst id="2">27037.0044</dst>
      <dst id="6">14.0089</dst>
      <dst id="16">1057.2711</dst>
      <dst id="14">1041.1200</dst>
      <dst id="20">1124.1867</dst>
      <dst id="11">5990.8622</dst>
      <dst id="9">2752.2133</dst>
      <dst id="17">21761.9822</dst>
      <dst id="21">10082.2756</dst>
      <dst id="15">811.2000</dst>
    </src>
    <src id="22">
      <dst id="12">7446.9244</dst>
      <dst id="13">2073.0667</dst>
      <dst id="19">7.7244</dst>
      <dst id="23">8.4978</dst>
      <dst id="8">699.3689</dst>
      <dst id="18">397.9467</dst>
      <dst id="4">19152.5600</dst>
      <dst id="1">102.5956</dst>
      <dst id="5">2103.3067</dst>
      <dst id="3">210.5689</dst>
      <dst id="7">1283.0222</dst>
      <dst id="2">4202.3556</dst>
      <dst id="6">26.6667</dst>
      <dst id="16">3.4133</dst>
      <dst id="14">14.6489</dst>
      <dst id="11">2544.4356</dst>
      <dst id="9">3425.8756</dst>
      <dst id="17">1285.5378</dst>
      <dst id="21">1048.0356</dst>
    </src>
    <src id="7">
      <dst id="12">1673.8844</dst>
      <dst id="13">3069.0133</dst>
      <dst id="19">200.9156</dst>
      <dst id="23">81.9822</dst>
      <dst id="8">205.4044</dst>
      <dst id="18">179.0489</dst>
      <dst id="4">23681.3600</dst>
      <dst id="1">1564.9244</dst>
      <dst id="5">1149.1644</dst>
      <dst id="3">323.3956</dst>
      <dst id="22">3447.0133</dst>
      <dst id="7">781.7600</dst>
      <dst id="2">3165.5378</dst>
      <dst id="6">15.0756</dst>
      <dst id="16">158.8889</dst>
      <dst id="14">26.7289</dst>
      <dst id="20">1014.1956</dst>
      <dst id="11">2894.8089</dst>
      <dst id="9">295.7156</dst>
      <dst id="17">4699.7067</dst>
      <dst id="21">966.0000</dst>
      <dst id="15">44.7200</dst>
    </src>
    <src id="2">
      <dst id="12">83453.5111</dst>
      <dst id="13">514966.4622</dst>
      <dst id="19">383.0222</dst>
      <dst id="8">781.4044</dst>
      <dst id="18">49194.4356</dst>
      <dst id="4">48389.7956</dst>
      <dst id="1">7886.0178</dst>
      <dst id="5">654.8356</dst>
      <dst id="3">87.3689</dst>
      <dst id="22">1161.6267</dst>
      <dst id="7">3466.3022</dst>
      <dst id="2">740.5778</dst>
      <dst id="6">8782.5778</dst>
      <dst id="16">3906.2222</dst>
      <dst id="14">5515.3511</dst>
      <dst id="20">10841.1378</dst>
      <dst id="11">1194.6044</dst>
      <dst id="9">653.2533</dst>
      <dst id="17">26700.1778</dst>
      <dst id="21">829.1467</dst>
      <dst id="15">29.0133</dst>
    </src>
    <src id="6">
      <dst id="12">9651.5733</dst>
      <dst id="13">2.2844</dst>
      <dst id="19">2.0000</dst>
      <dst id="8">0.8533</dst>
      <dst id="18">1.0489</dst>
      <dst id="4">999.9022</dst>
      <dst id="1">7.9467</dst>
      <dst id="5">48.8178</dst>
      <dst id="22">25.8578</dst>
      <dst id="7">25.0133</dst>
      <dst id="2">2061.9289</dst>
      <dst id="16">36.6578</dst>
      <dst id="20">3.1289</dst>
      <dst id="11">13.3511</dst>
      <dst id="9">4.3911</dst>
      <dst id="17">1433.2178</dst>
      <dst id="21">1.2889</dst>
    </src>
    <src id="16">
      <dst id="12">3951.6978</dst>
      <dst id="13">139.5467</dst>
      <dst id="19">4203.2000</dst>
      <dst id="23">13.9022</dst>
      <dst id="8">2444.5778</dst>
      <dst id="18">94.2044</dst>
      <dst id="4">5254.2667</dst>
      <dst id="1">25106.9067</dst>
      <dst id="5">3029.3511</dst>
      <dst id="3">201.9556</dst>
      <dst id="7">1845.9378</dst>
      <dst id="2">345.7156</dst>
      <dst id="6">1.1911</dst>
      <dst id="16">33.8933</dst>
      <dst id="14">0.4444</dst>
      <dst id="11">127.4756</dst>
      <dst id="9">5997.8667</dst>
      <dst id="17">4821.6889</dst>
      <dst id="21">1983.2267</dst>
    </src>
    <src id="14">
      <dst id="12">15858.7733</dst>
      <dst id="13">16.8533</dst>
      <dst id="19">9.2089</dst>
      <dst id="4">2433.6533</dst>
      <dst id="1">50.4267</dst>
      <dst id="3">96.6489</dst>
      <dst id="22">2.7378</dst>
      <dst id="7">41.9644</dst>
      <dst id="2">3969.2356</dst>
      <dst id="16">1.0578</dst>
      <dst id="20">2.0711</dst>
      <dst id="11">17.3333</dst>
      <dst id="17">4778.3378</dst>
      <dst id="21">51.4044</dst>
    </src>
    <src id="20">
      <dst id="12">849.5378</dst>
      <dst id="13">447.2978</dst>
      <dst id="19">10.3200</dst>
      <dst id="23">0.9956</dst>
      <dst id="8">556.3644</dst>
      <dst id="18">51.9378</dst>
      <dst id="4">8070.4356</dst>
      <dst id="1">48.4711</dst>
      <dst id="5">342.6400</dst>
      <dst id="3">1634.9867</dst>
      <dst id="7">330.0444</dst>
      <dst id="2">604.1067</dst>
      <dst id="6">92.8356</dst>
      <dst id="14">93.6889</dst>
      <dst id="11">57.7244</dst>
      <dst id="9">3197.9911</dst>
      <dst id="17">394.3644</dst>
      <dst id="21">57.7156</dst>
    </src>
    <src id="11">
      <dst id="12">325353.4667</dst>
      <dst id="13">3232.8089</dst>
      <dst id="19">6.4178</dst>
      <dst id="23">7.8844</dst>
      <dst id="8">1614.3556</dst>
      <dst id="18">209.7956</dst>
      <dst id="4">6579.0489</dst>
      <dst id="1">512.6933</dst>
      <dst id="5">819.9733</dst>
      <dst id="3">1402.7289</dst>
      <dst id="22">1081.9556</dst>
      <dst id="7">395.4489</dst>
      <dst id="2">123413.4933</dst>
      <dst id="6">51.6978</dst>
      <dst id="16">464.0889</dst>
      <dst id="14">42.4800</dst>
      <dst id="20">297.0311</dst>
      <dst id="11">3794.5244</dst>
      <dst id="9">778.5778</dst>
      <dst id="17">106726.4889</dst>
      <dst id="21">412.2844</dst>
      <dst id="15">360.5689</dst>
    </src>
    <src id="9">
      <dst id="12">359199.5022</dst>
      <dst id="13">2878.3022</dst>
      <dst id="19">60.4267</dst>
      <dst id="23">23.9911</dst>
      <dst id="8">253.4222</dst>
      <dst id="18">148.6756</dst>
      <dst id="4">10904.4533</dst>
      <dst id="1">512.7556</dst>
      <dst id="5">1037.2356</dst>
      <dst id="3">180.3378</dst>
      <dst id="22">4892.3733</dst>
      <dst id="7">239.5111</dst>
      <dst id="2">122695.8044</dst>
      <dst id="6">3.6711</dst>
      <dst id="16">533.3778</dst>
      <dst id="14">3.4933</dst>
      <dst id="20">5730.5244</dst>
      <dst id="11">793.0044</dst>
      <dst id="9">693.9467</dst>
      <dst id="17">141366.4533</dst>
      <dst id="21">460.4356</dst>
      <dst id="15">96.4000</dst>
    </src>
    <src id="17">
      <dst id="12">5912.6044</dst>
      <dst id="13">519.8489</dst>
      <dst id="19">139.1022</dst>
      <dst id="23">15.9467</dst>
      <dst id="8">109410.1333</dst>
      <dst id="18">474.7911</dst>
      <dst id="4">46247.8489</dst>
      <dst id="1">1756.3378</dst>
      <dst id="5">150933.8222</dst>
      <dst id="3">7306.1600</dst>
      <dst id="22">3756.8622</dst>
      <dst id="7">611.2178</dst>
      <dst id="2">15368.7911</dst>
      <dst id="6">20.2933</dst>
      <dst id="16">5673.4756</dst>
      <dst id="14">16379.4844</dst>
      <dst id="20">197.7244</dst>
      <dst id="11">72974.4533</dst>
      <dst id="9">161591.9822</dst>
      <dst id="17">1599.7956</dst>
      <dst id="21">7796.5333</dst>
      <dst id="15">61.1378</dst>
    </src>
    <src id="21">
      <dst id="12">16189.2978</dst>
      <dst id="13">1079.7511</dst>
      <dst id="19">50.8889</dst>
      <dst id="23">4.3911</dst>
      <dst id="8">54.7911</dst>
      <dst id="18">289.1111</dst>
      <dst id="4">15359.9200</dst>
      <dst id="1">814.5956</dst>
      <dst id="5">670.9867</dst>
      <dst id="3">1050.7289</dst>
      <dst id="22">791.3333</dst>
      <dst id="7">1762.2844</dst>
      <dst id="2">6223.7244</dst>
      <dst id="6">5.2711</dst>
      <dst id="16">180.1333</dst>
      <dst id="14">97.4133</dst>
      <dst id="20">119.1022</dst>
      <dst id="11">424.2222</dst>
      <dst id="9">600.3289</dst>
      <dst id="17">4364.6844</dst>
      <dst id="21">405.3067</dst>
      <dst id="15">11.5733</dst>
    </src>
    <src id="15">
      <dst id="12">2126.4622</dst>
      <dst id="13">59.4578</dst>
      <dst id="23">0.3378</dst>
      <dst id="8">37.3689</dst>
      <dst id="18">1.2089</dst>
      <dst id="4">2971.2444</dst>
      <dst id="1">649.1111</dst>
      <dst id="5">192.1600</dst>
      <dst id="3">6.5867</dst>
      <dst id="7">75.1378</dst>
      <dst id="2">57.9200</dst>
      <dst id="16">0.3022</dst>
      <dst id="14">0.4267</dst>
      <dst id="11">22.5422</dst>
      <dst id="9">754.8356</dst>
      <dst id="17">100.7644</dst>
      <dst id="21">71.7600</dst>
    </src>
  </IntraTM>
</TrafficMatrixFile>
