<?xml version="1.0" encoding="UTF-8" standalone="yes"?>
<TrafficMatrixFile xmlns:xsi="http://www.w3.org/2001/XMLSchema-instance" xsi:noNamespaceSchemaLocation="http://totem.run.montefiore.ulg.ac.be/Schema/TrafficMatrix-v1_2.xsd">
  <info>
    <title>Intradomain traffic matrix generated by geant-TM-all.pl</title>
    <date>2005-01-05T19:45:00</date>
    <duration>900</duration>
    <author>Steve Uhlig</author>
    <units>
        <unit type="bandwidth" value="kbps"/>
    </units>
  </info>
  <IntraTM ASID="20965">
    <src id="12">
      <dst id="12">347979.9289</dst>
      <dst id="13">52960.4889</dst>
      <dst id="19">10200.9067</dst>
      <dst id="23">817.4667</dst>
      <dst id="8">7238.5600</dst>
      <dst id="18">13944.7822</dst>
      <dst id="4">78531.9556</dst>
      <dst id="1">15919.5733</dst>
      <dst id="5">8942.0178</dst>
      <dst id="3">11099.9111</dst>
      <dst id="22">18728.8889</dst>
      <dst id="7">12274.7111</dst>
      <dst id="2">116279.2622</dst>
      <dst id="6">911.1644</dst>
      <dst id="16">20631.8844</dst>
      <dst id="14">2787.2178</dst>
      <dst id="20">13737.7067</dst>
      <dst id="11">9375.2000</dst>
      <dst id="9">20719.7244</dst>
      <dst id="17">144306.6933</dst>
      <dst id="21">32088.2133</dst>
      <dst id="15">1920.5333</dst>
    </src>
    <src id="13">
      <dst id="12">83685.5022</dst>
      <dst id="19">23435.4133</dst>
      <dst id="23">227.5733</dst>
      <dst id="8">11632.7822</dst>
      <dst id="18">5353.3778</dst>
      <dst id="1">13761.0667</dst>
      <dst id="5">17816.5511</dst>
      <dst id="3">43932.4889</dst>
      <dst id="22">35432.0711</dst>
      <dst id="7">35172.7022</dst>
      <dst id="2">123900.3733</dst>
      <dst id="6">371.9822</dst>
      <dst id="16">9455.8044</dst>
      <dst id="14">4695.5822</dst>
      <dst id="20">16954.6400</dst>
      <dst id="11">32691.1022</dst>
      <dst id="9">24789.2178</dst>
      <dst id="17">181146.5067</dst>
      <dst id="21">36006.1244</dst>
      <dst id="15">20467.6978</dst>
    </src>
    <src id="19">
      <dst id="12">21776.9867</dst>
      <dst id="13">2690.3644</dst>
      <dst id="23">319.9467</dst>
      <dst id="8">460.9689</dst>
      <dst id="18">388.8622</dst>
      <dst id="4">20511.3244</dst>
      <dst id="1">13573.3689</dst>
      <dst id="5">142.8622</dst>
      <dst id="3">52.9156</dst>
      <dst id="22">2664.8267</dst>
      <dst id="7">9185.6089</dst>
      <dst id="2">13668.3644</dst>
      <dst id="6">205.1822</dst>
      <dst id="16">7392.1867</dst>
      <dst id="14">43.1556</dst>
      <dst id="20">277.7956</dst>
      <dst id="11">251.8844</dst>
      <dst id="9">1776.8889</dst>
      <dst id="17">6799.6089</dst>
      <dst id="21">8904.5600</dst>
      <dst id="15">83.1644</dst>
    </src>
    <src id="23">
      <dst id="12">7107.7778</dst>
      <dst id="13">196.1244</dst>
      <dst id="19">6502.7200</dst>
      <dst id="8">30.2489</dst>
      <dst id="18">466.5333</dst>
      <dst id="4">253.6178</dst>
      <dst id="1">143.4133</dst>
      <dst id="5">93.3333</dst>
      <dst id="3">436.8622</dst>
      <dst id="22">1355.5644</dst>
      <dst id="7">1113.0933</dst>
      <dst id="2">141.5467</dst>
      <dst id="6">14.5422</dst>
      <dst id="16">828.3822</dst>
      <dst id="14">159.6444</dst>
      <dst id="20">271.3689</dst>
      <dst id="11">282.9689</dst>
      <dst id="9">1367.8133</dst>
      <dst id="17">670.0533</dst>
      <dst id="21">1593.6533</dst>
      <dst id="15">413.3333</dst>
    </src>
    <src id="8">
      <dst id="12">289653.2711</dst>
      <dst id="13">3114.0533</dst>
      <dst id="19">256.9156</dst>
      <dst id="23">1.0667</dst>
      <dst id="18">78.0800</dst>
      <dst id="4">7505.8222</dst>
      <dst id="1">770.1956</dst>
      <dst id="5">1486.0533</dst>
      <dst id="3">455.0311</dst>
      <dst id="22">801.5200</dst>
      <dst id="7">1680.5511</dst>
      <dst id="2">127378.0178</dst>
      <dst id="6">0.7111</dst>
      <dst id="16">721.5378</dst>
      <dst id="14">1.3067</dst>
      <dst id="20">302.6133</dst>
      <dst id="11">922.7022</dst>
      <dst id="9">775.5822</dst>
      <dst id="17">119258.6400</dst>
      <dst id="21">201.9822</dst>
      <dst id="15">2301.4933</dst>
    </src>
    <src id="18">
      <dst id="12">125923.2000</dst>
      <dst id="13">771.4756</dst>
      <dst id="19">73.8044</dst>
      <dst id="23">33.3156</dst>
      <dst id="8">92.4711</dst>
      <dst id="4">1776.3911</dst>
      <dst id="1">1385.6178</dst>
      <dst id="5">82.3289</dst>
      <dst id="3">398.8089</dst>
      <dst id="22">476.6133</dst>
      <dst id="7">623.4222</dst>
      <dst id="2">36705.2089</dst>
      <dst id="16">215.4400</dst>
      <dst id="14">90.4089</dst>
      <dst id="20">46.9778</dst>
      <dst id="11">557.1911</dst>
      <dst id="9">59.5644</dst>
      <dst id="17">50880.0089</dst>
      <dst id="21">1268.4089</dst>
      <dst id="15">64.4178</dst>
    </src>
    <src id="4">
      <dst id="12">25876.3644</dst>
      <dst id="19">13350.6400</dst>
      <dst id="23">4.3111</dst>
      <dst id="8">1447.6889</dst>
      <dst id="18">1043.5111</dst>
      <dst id="4">1.7778</dst>
      <dst id="1">272340.5867</dst>
      <dst id="5">2978.9867</dst>
      <dst id="3">1710.6933</dst>
      <dst id="22">7672.3289</dst>
      <dst id="7">36874.0533</dst>
      <dst id="2">104006.5778</dst>
      <dst id="6">781.5378</dst>
      <dst id="16">6784.8267</dst>
      <dst id="14">2883.2622</dst>
      <dst id="20">2957.8222</dst>
      <dst id="11">7348.1333</dst>
      <dst id="9">7234.0978</dst>
      <dst id="17">54924.5422</dst>
      <dst id="21">11705.5644</dst>
      <dst id="15">518.4444</dst>
    </src>
    <src id="1">
      <dst id="12">32858.6489</dst>
      <dst id="13">7073.4667</dst>
      <dst id="19">3511.4489</dst>
      <dst id="23">189.7600</dst>
      <dst id="8">207718.2756</dst>
      <dst id="18">15535.8489</dst>
      <dst id="4">18952.0178</dst>
      <dst id="1">48310.9600</dst>
      <dst id="5">293098.4889</dst>
      <dst id="3">14688.1956</dst>
      <dst id="22">22432.8089</dst>
      <dst id="7">43825.1467</dst>
      <dst id="2">22302.0889</dst>
      <dst id="6">18842.8000</dst>
      <dst id="16">11014.6133</dst>
      <dst id="14">781.4933</dst>
      <dst id="20">11518.3911</dst>
      <dst id="11">2770.5867</dst>
      <dst id="9">421279.8222</dst>
      <dst id="17">17393.1733</dst>
      <dst id="21">11659.0222</dst>
      <dst id="15">279.2089</dst>
    </src>
    <src id="5">
      <dst id="12">301191.6444</dst>
      <dst id="13">2413.4844</dst>
      <dst id="19">89.4222</dst>
      <dst id="23">0.7111</dst>
      <dst id="8">4268.5156</dst>
      <dst id="18">523.1733</dst>
      <dst id="4">6543.5378</dst>
      <dst id="1">2401.3511</dst>
      <dst id="3">56.6133</dst>
      <dst id="22">4709.0311</dst>
      <dst id="7">765.5111</dst>
      <dst id="2">136975.1200</dst>
      <dst id="6">0.4178</dst>
      <dst id="16">2389.4756</dst>
      <dst id="14">28.1156</dst>
      <dst id="20">5442.5600</dst>
      <dst id="11">2220.5422</dst>
      <dst id="9">2089.0400</dst>
      <dst id="17">116088.1333</dst>
      <dst id="21">321.2267</dst>
      <dst id="15">11678.4622</dst>
    </src>
    <src id="3">
      <dst id="12">21506.6756</dst>
      <dst id="13">11629.3422</dst>
      <dst id="19">2189.6711</dst>
      <dst id="23">6528.9600</dst>
      <dst id="8">547.8933</dst>
      <dst id="18">216617.3156</dst>
      <dst id="4">25498.6844</dst>
      <dst id="1">33404.1244</dst>
      <dst id="5">1566.6489</dst>
      <dst id="3">22929.8756</dst>
      <dst id="22">8660.5867</dst>
      <dst id="7">11978.4000</dst>
      <dst id="2">18387.9911</dst>
      <dst id="6">7.8578</dst>
      <dst id="16">4919.7156</dst>
      <dst id="14">55423.3067</dst>
      <dst id="20">5767.9200</dst>
      <dst id="11">421198.7022</dst>
      <dst id="9">11303.4400</dst>
      <dst id="17">28378.2844</dst>
      <dst id="21">23945.1022</dst>
      <dst id="15">43.4311</dst>
    </src>
    <src id="10">
      <dst id="12">25921.8667</dst>
      <dst id="19">12624.3378</dst>
      <dst id="8">3705.0311</dst>
      <dst id="18">11211.3956</dst>
      <dst id="1">5236.0978</dst>
      <dst id="5">2439.1644</dst>
      <dst id="3">16925.4489</dst>
      <dst id="22">7284.1867</dst>
      <dst id="7">20519.0222</dst>
      <dst id="2">59312.7111</dst>
      <dst id="6">26.9867</dst>
      <dst id="16">6729.5467</dst>
      <dst id="14">3172.5600</dst>
      <dst id="20">10107.5911</dst>
      <dst id="11">11336.7556</dst>
      <dst id="9">3116.5333</dst>
      <dst id="17">48731.6711</dst>
      <dst id="21">15904.4356</dst>
      <dst id="15">524.4711</dst>
    </src>
    <src id="22">
      <dst id="12">8387.5378</dst>
      <dst id="13">5093.5022</dst>
      <dst id="19">3291.8133</dst>
      <dst id="23">49.1644</dst>
      <dst id="8">2956.8178</dst>
      <dst id="18">288.0622</dst>
      <dst id="4">17923.6000</dst>
      <dst id="1">1358.0178</dst>
      <dst id="5">4591.2000</dst>
      <dst id="3">4102.2222</dst>
      <dst id="7">4751.6267</dst>
      <dst id="2">2698.3467</dst>
      <dst id="6">49.4133</dst>
      <dst id="16">0.5511</dst>
      <dst id="14">176.4622</dst>
      <dst id="11">4143.8311</dst>
      <dst id="9">5040.8178</dst>
      <dst id="17">11478.1778</dst>
      <dst id="21">4298.6844</dst>
    </src>
    <src id="7">
      <dst id="12">4616.3556</dst>
      <dst id="13">4379.7511</dst>
      <dst id="19">8637.8400</dst>
      <dst id="23">397.6978</dst>
      <dst id="8">590.2578</dst>
      <dst id="18">5005.1911</dst>
      <dst id="4">15178.3822</dst>
      <dst id="1">38258.9956</dst>
      <dst id="5">1459.9556</dst>
      <dst id="3">13721.2978</dst>
      <dst id="22">4874.1333</dst>
      <dst id="7">857.2800</dst>
      <dst id="2">6295.0222</dst>
      <dst id="6">65.5200</dst>
      <dst id="16">7109.7156</dst>
      <dst id="14">1591.3867</dst>
      <dst id="20">2579.6267</dst>
      <dst id="11">2126.6044</dst>
      <dst id="9">1891.1733</dst>
      <dst id="17">17112.3022</dst>
      <dst id="21">9442.3733</dst>
      <dst id="15">337.2089</dst>
    </src>
    <src id="2">
      <dst id="12">152526.1067</dst>
      <dst id="13">536942.1600</dst>
      <dst id="19">9024.9333</dst>
      <dst id="23">50.1956</dst>
      <dst id="8">2708.8622</dst>
      <dst id="18">172355.6889</dst>
      <dst id="4">93846.1956</dst>
      <dst id="1">9933.2444</dst>
      <dst id="5">2278.2844</dst>
      <dst id="3">966.3200</dst>
      <dst id="22">4823.4133</dst>
      <dst id="7">34656.2133</dst>
      <dst id="2">2573.5467</dst>
      <dst id="6">13852.5956</dst>
      <dst id="16">1466.3111</dst>
      <dst id="14">5584.8978</dst>
      <dst id="20">1636.8444</dst>
      <dst id="11">7328.9689</dst>
      <dst id="9">2731.7244</dst>
      <dst id="17">57371.5733</dst>
      <dst id="21">12814.7644</dst>
      <dst id="15">141.3778</dst>
    </src>
    <src id="6">
      <dst id="12">11501.2089</dst>
      <dst id="13">30.1333</dst>
      <dst id="19">71.4400</dst>
      <dst id="23">23.2711</dst>
      <dst id="8">37.8667</dst>
      <dst id="18">27.8400</dst>
      <dst id="4">1326.5067</dst>
      <dst id="1">87.2444</dst>
      <dst id="5">4.9511</dst>
      <dst id="3">12.3022</dst>
      <dst id="22">126.2933</dst>
      <dst id="7">171.4667</dst>
      <dst id="2">3614.3556</dst>
      <dst id="16">129.9644</dst>
      <dst id="20">158.6489</dst>
      <dst id="11">121.0311</dst>
      <dst id="9">78.3111</dst>
      <dst id="17">1910.8444</dst>
      <dst id="21">72.1244</dst>
    </src>
    <src id="16">
      <dst id="12">4496.0000</dst>
      <dst id="13">686.6667</dst>
      <dst id="19">4432.1778</dst>
      <dst id="23">79.7333</dst>
      <dst id="8">7055.6978</dst>
      <dst id="18">77.6267</dst>
      <dst id="4">7147.4044</dst>
      <dst id="1">24992.5689</dst>
      <dst id="5">8826.6667</dst>
      <dst id="3">533.4400</dst>
      <dst id="7">4364.3733</dst>
      <dst id="2">3117.8044</dst>
      <dst id="6">124.0978</dst>
      <dst id="16">50.7022</dst>
      <dst id="14">417.5022</dst>
      <dst id="11">3400.1333</dst>
      <dst id="9">14140.8711</dst>
      <dst id="17">9996.0000</dst>
      <dst id="21">2057.6356</dst>
    </src>
    <src id="14">
      <dst id="12">25652.6133</dst>
      <dst id="13">50.7111</dst>
      <dst id="19">18.2044</dst>
      <dst id="23">2.0089</dst>
      <dst id="18">445.7422</dst>
      <dst id="4">3415.2000</dst>
      <dst id="1">1695.2000</dst>
      <dst id="5">0.3556</dst>
      <dst id="3">310.8533</dst>
      <dst id="22">8.5511</dst>
      <dst id="7">211.8756</dst>
      <dst id="2">8760.2489</dst>
      <dst id="6">6.0444</dst>
      <dst id="16">38.0800</dst>
      <dst id="20">89.7778</dst>
      <dst id="11">265.5556</dst>
      <dst id="9">120.2756</dst>
      <dst id="17">11119.8933</dst>
      <dst id="21">246.8444</dst>
      <dst id="15">9.8133</dst>
    </src>
    <src id="20">
      <dst id="12">24113.4667</dst>
      <dst id="13">31396.7556</dst>
      <dst id="19">119.7333</dst>
      <dst id="23">4.7644</dst>
      <dst id="8">1189.2356</dst>
      <dst id="18">163.1200</dst>
      <dst id="4">9855.4133</dst>
      <dst id="1">2762.2133</dst>
      <dst id="5">7369.9822</dst>
      <dst id="3">2562.6311</dst>
      <dst id="7">4288.1422</dst>
      <dst id="2">4709.9289</dst>
      <dst id="6">1782.1067</dst>
      <dst id="14">2.8089</dst>
      <dst id="11">2371.8400</dst>
      <dst id="9">4016.4089</dst>
      <dst id="17">3463.5822</dst>
      <dst id="21">2920.7822</dst>
    </src>
    <src id="11">
      <dst id="12">456510.7022</dst>
      <dst id="13">12601.1022</dst>
      <dst id="19">272.3556</dst>
      <dst id="23">15.8400</dst>
      <dst id="8">3747.1289</dst>
      <dst id="18">2816.0533</dst>
      <dst id="4">14757.7956</dst>
      <dst id="1">1101.5556</dst>
      <dst id="5">1357.2622</dst>
      <dst id="3">4099.2444</dst>
      <dst id="22">5386.2044</dst>
      <dst id="7">3040.8267</dst>
      <dst id="2">179455.4489</dst>
      <dst id="6">469.1822</dst>
      <dst id="16">603.0489</dst>
      <dst id="14">30.4889</dst>
      <dst id="20">832.7467</dst>
      <dst id="11">3397.4133</dst>
      <dst id="9">2420.6044</dst>
      <dst id="17">186532.7022</dst>
      <dst id="21">850.7111</dst>
      <dst id="15">265.8400</dst>
    </src>
    <src id="9">
      <dst id="12">516983.2889</dst>
      <dst id="13">9246.1600</dst>
      <dst id="19">637.5289</dst>
      <dst id="23">68.7556</dst>
      <dst id="8">6400.6844</dst>
      <dst id="18">194.6933</dst>
      <dst id="4">10465.7600</dst>
      <dst id="1">5055.8222</dst>
      <dst id="5">2692.6756</dst>
      <dst id="3">38.4800</dst>
      <dst id="22">3439.5733</dst>
      <dst id="7">2639.7511</dst>
      <dst id="2">200519.0489</dst>
      <dst id="6">6.4089</dst>
      <dst id="16">1438.1600</dst>
      <dst id="14">3.5911</dst>
      <dst id="20">5622.1067</dst>
      <dst id="11">1006.5778</dst>
      <dst id="9">9312.7022</dst>
      <dst id="17">201380.0800</dst>
      <dst id="21">2094.8356</dst>
      <dst id="15">824.6489</dst>
    </src>
    <src id="17">
      <dst id="12">19245.7511</dst>
      <dst id="13">20240.1778</dst>
      <dst id="19">1957.3067</dst>
      <dst id="23">371.8044</dst>
      <dst id="8">214203.7244</dst>
      <dst id="18">1819.9911</dst>
      <dst id="4">151699.0667</dst>
      <dst id="1">12781.3156</dst>
      <dst id="5">279841.1378</dst>
      <dst id="3">14659.6533</dst>
      <dst id="22">15508.5600</dst>
      <dst id="7">15794.5333</dst>
      <dst id="2">28146.0444</dst>
      <dst id="6">106.5244</dst>
      <dst id="16">19990.6133</dst>
      <dst id="14">57230.7378</dst>
      <dst id="20">2225.0844</dst>
      <dst id="11">288213.2178</dst>
      <dst id="9">352734.5067</dst>
      <dst id="17">1467.3778</dst>
      <dst id="21">20535.6800</dst>
      <dst id="15">3000.0889</dst>
    </src>
    <src id="21">
      <dst id="12">24981.1822</dst>
      <dst id="13">21098.8444</dst>
      <dst id="19">1147.3244</dst>
      <dst id="23">287.6800</dst>
      <dst id="8">252.2222</dst>
      <dst id="18">1792.5333</dst>
      <dst id="4">15591.4489</dst>
      <dst id="1">15502.4978</dst>
      <dst id="5">327.6089</dst>
      <dst id="3">12498.1600</dst>
      <dst id="22">3530.5067</dst>
      <dst id="7">10166.4889</dst>
      <dst id="2">13240.3467</dst>
      <dst id="6">23.5733</dst>
      <dst id="16">392.8889</dst>
      <dst id="14">157.6622</dst>
      <dst id="20">2902.9244</dst>
      <dst id="11">2124.8889</dst>
      <dst id="9">4143.6533</dst>
      <dst id="17">9724.6400</dst>
      <dst id="21">3118.9156</dst>
      <dst id="15">3029.6000</dst>
    </src>
    <src id="15">
      <dst id="12">1334.6400</dst>
      <dst id="13">7184.8267</dst>
      <dst id="19">4041.8044</dst>
      <dst id="23">9.6711</dst>
      <dst id="8">1882.8178</dst>
      <dst id="18">61.0133</dst>
      <dst id="4">2339.1733</dst>
      <dst id="1">925.0311</dst>
      <dst id="5">1732.8978</dst>
      <dst id="3">26.7733</dst>
      <dst id="7">1691.9378</dst>
      <dst id="2">837.6978</dst>
      <dst id="6">0.4267</dst>
      <dst id="14">561.6356</dst>
      <dst id="11">543.3600</dst>
      <dst id="9">1235.5644</dst>
      <dst id="17">3149.3156</dst>
      <dst id="21">4846.2489</dst>
    </src>
  </IntraTM>
</TrafficMatrixFile>
