<?xml version="1.0" encoding="UTF-8" standalone="yes"?>
<TrafficMatrixFile xmlns:xsi="http://www.w3.org/2001/XMLSchema-instance" xsi:noNamespaceSchemaLocation="http://totem.run.montefiore.ulg.ac.be/Schema/TrafficMatrix-v1_2.xsd">
  <info>
    <title>Intradomain traffic matrix generated by geant-TM-all.pl</title>
    <date>2005-01-03T10:45:00</date>
    <duration>900</duration>
    <author>Steve Uhlig</author>
    <units>
        <unit type="bandwidth" value="kbps"/>
    </units>
  </info>
  <IntraTM ASID="20965">
    <src id="12">
      <dst id="12">197987.5644</dst>
      <dst id="13">17443.0044</dst>
      <dst id="19">1526.8889</dst>
      <dst id="23">38.5422</dst>
      <dst id="8">668.0000</dst>
      <dst id="18">3025.7867</dst>
      <dst id="4">69170.4978</dst>
      <dst id="1">7405.1644</dst>
      <dst id="5">4227.1556</dst>
      <dst id="3">4508.5689</dst>
      <dst id="22">4700.6756</dst>
      <dst id="7">6097.3778</dst>
      <dst id="2">76993.6622</dst>
      <dst id="6">3.7067</dst>
      <dst id="16">3639.8756</dst>
      <dst id="14">308.7644</dst>
      <dst id="20">2681.5289</dst>
      <dst id="11">3753.4489</dst>
      <dst id="9">3151.7511</dst>
      <dst id="17">71283.9822</dst>
      <dst id="21">10328.3911</dst>
      <dst id="15">261.5200</dst>
    </src>
    <src id="13">
      <dst id="12">41719.2000</dst>
      <dst id="19">46634.0622</dst>
      <dst id="23">11.0133</dst>
      <dst id="8">1329.6444</dst>
      <dst id="18">1552.5067</dst>
      <dst id="1">3112.1511</dst>
      <dst id="5">5749.9733</dst>
      <dst id="3">4323.2800</dst>
      <dst id="22">18516.2133</dst>
      <dst id="7">5676.2489</dst>
      <dst id="2">115479.8489</dst>
      <dst id="6">44.4978</dst>
      <dst id="16">5526.5156</dst>
      <dst id="14">1180.1867</dst>
      <dst id="20">26253.6267</dst>
      <dst id="11">13755.9111</dst>
      <dst id="9">12247.2089</dst>
      <dst id="17">54299.4044</dst>
      <dst id="21">21970.9689</dst>
      <dst id="15">820.6133</dst>
    </src>
    <src id="19">
      <dst id="12">13797.9289</dst>
      <dst id="13">311.2178</dst>
      <dst id="23">2.5778</dst>
      <dst id="8">27.1644</dst>
      <dst id="18">1084.6933</dst>
      <dst id="4">21506.4800</dst>
      <dst id="1">423.8844</dst>
      <dst id="5">27.7244</dst>
      <dst id="3">0.4622</dst>
      <dst id="22">371.5022</dst>
      <dst id="7">2783.4933</dst>
      <dst id="2">188.6933</dst>
      <dst id="6">61.6178</dst>
      <dst id="16">7228.9156</dst>
      <dst id="20">6.5244</dst>
      <dst id="11">4.0711</dst>
      <dst id="9">738.4889</dst>
      <dst id="17">130.1600</dst>
      <dst id="21">418.8444</dst>
      <dst id="15">0.4267</dst>
    </src>
    <src id="23">
      <dst id="12">1542.6133</dst>
      <dst id="13">112.3022</dst>
      <dst id="19">12.6222</dst>
      <dst id="8">0.3556</dst>
      <dst id="18">2511.3244</dst>
      <dst id="4">88.9600</dst>
      <dst id="1">75.8400</dst>
      <dst id="3">219.1911</dst>
      <dst id="22">46.6133</dst>
      <dst id="7">8536.5600</dst>
      <dst id="2">445.3422</dst>
      <dst id="6">0.9956</dst>
      <dst id="16">2.0000</dst>
      <dst id="14">28.2222</dst>
      <dst id="20">0.3556</dst>
      <dst id="11">66.1956</dst>
      <dst id="9">410.5244</dst>
      <dst id="17">88.1067</dst>
      <dst id="21">74.5956</dst>
    </src>
    <src id="8">
      <dst id="12">305125.2444</dst>
      <dst id="13">118.0267</dst>
      <dst id="19">1.7600</dst>
      <dst id="18">1.4667</dst>
      <dst id="4">7090.6933</dst>
      <dst id="1">440.9956</dst>
      <dst id="5">974.1156</dst>
      <dst id="3">80.7111</dst>
      <dst id="22">3476.3467</dst>
      <dst id="7">4.5511</dst>
      <dst id="2">121484.3733</dst>
      <dst id="6">1.0044</dst>
      <dst id="16">122.7378</dst>
      <dst id="20">44.4000</dst>
      <dst id="11">1288.6578</dst>
      <dst id="9">668.0267</dst>
      <dst id="17">100967.5911</dst>
      <dst id="21">83.1911</dst>
      <dst id="15">114.1867</dst>
    </src>
    <src id="18">
      <dst id="12">97887.4400</dst>
      <dst id="13">300.9689</dst>
      <dst id="19">39.7156</dst>
      <dst id="23">75.7156</dst>
      <dst id="8">29.6000</dst>
      <dst id="4">1617.9733</dst>
      <dst id="1">710.8622</dst>
      <dst id="5">1086.0356</dst>
      <dst id="3">84.5422</dst>
      <dst id="22">190.4622</dst>
      <dst id="7">20.2222</dst>
      <dst id="2">35852.9244</dst>
      <dst id="16">29.8400</dst>
      <dst id="14">0.8444</dst>
      <dst id="20">0.5600</dst>
      <dst id="11">208.0267</dst>
      <dst id="9">55.5111</dst>
      <dst id="17">38496.8622</dst>
      <dst id="21">406.8089</dst>
      <dst id="15">3.8400</dst>
    </src>
    <src id="4">
      <dst id="12">10490.0356</dst>
      <dst id="19">9115.8222</dst>
      <dst id="23">0.4622</dst>
      <dst id="8">2927.5911</dst>
      <dst id="18">3557.6267</dst>
      <dst id="4">1.1289</dst>
      <dst id="1">55468.6933</dst>
      <dst id="5">1963.2356</dst>
      <dst id="3">135.8311</dst>
      <dst id="22">4579.7333</dst>
      <dst id="7">101680.9511</dst>
      <dst id="2">61291.2533</dst>
      <dst id="6">47.3778</dst>
      <dst id="16">947.4489</dst>
      <dst id="14">949.3067</dst>
      <dst id="20">362.0089</dst>
      <dst id="11">2357.8489</dst>
      <dst id="9">2776.3467</dst>
      <dst id="17">73755.3511</dst>
      <dst id="21">6725.7067</dst>
      <dst id="15">269.2089</dst>
    </src>
    <src id="1">
      <dst id="12">19408.8800</dst>
      <dst id="13">293.3333</dst>
      <dst id="19">8.0711</dst>
      <dst id="23">60.4889</dst>
      <dst id="8">95192.7644</dst>
      <dst id="18">12398.2400</dst>
      <dst id="4">7323.8756</dst>
      <dst id="1">10763.0667</dst>
      <dst id="5">135807.8311</dst>
      <dst id="3">236.5600</dst>
      <dst id="22">2778.2578</dst>
      <dst id="7">564.8444</dst>
      <dst id="2">1487.5733</dst>
      <dst id="6">5902.9511</dst>
      <dst id="16">15333.6978</dst>
      <dst id="14">57.9644</dst>
      <dst id="20">62.5244</dst>
      <dst id="11">174.1600</dst>
      <dst id="9">150638.8444</dst>
      <dst id="17">8675.1111</dst>
      <dst id="21">2936.3111</dst>
      <dst id="15">105.6622</dst>
    </src>
    <src id="5">
      <dst id="12">259136.6489</dst>
      <dst id="13">11092.6489</dst>
      <dst id="19">12.7644</dst>
      <dst id="8">3433.6533</dst>
      <dst id="18">373.6889</dst>
      <dst id="4">4375.4489</dst>
      <dst id="1">3943.2533</dst>
      <dst id="3">35.9111</dst>
      <dst id="22">3473.7956</dst>
      <dst id="7">148.1778</dst>
      <dst id="2">95978.7822</dst>
      <dst id="6">14.0533</dst>
      <dst id="16">307.4667</dst>
      <dst id="14">1.0667</dst>
      <dst id="20">12449.6622</dst>
      <dst id="11">881.1822</dst>
      <dst id="9">9574.9778</dst>
      <dst id="17">98282.9778</dst>
      <dst id="21">233.1111</dst>
      <dst id="15">5.0844</dst>
    </src>
    <src id="3">
      <dst id="12">15939.3511</dst>
      <dst id="13">1616.7556</dst>
      <dst id="19">2088.9422</dst>
      <dst id="23">6781.3422</dst>
      <dst id="8">166.4978</dst>
      <dst id="18">63097.5644</dst>
      <dst id="4">25425.8667</dst>
      <dst id="1">21088.7733</dst>
      <dst id="5">429.4756</dst>
      <dst id="3">9623.7422</dst>
      <dst id="22">488.8622</dst>
      <dst id="7">4053.2533</dst>
      <dst id="2">4460.6667</dst>
      <dst id="6">2.2489</dst>
      <dst id="16">1135.9467</dst>
      <dst id="14">20591.1556</dst>
      <dst id="20">24.1244</dst>
      <dst id="11">117933.4400</dst>
      <dst id="9">71.7244</dst>
      <dst id="17">14250.0356</dst>
      <dst id="21">3058.7289</dst>
      <dst id="15">334.3556</dst>
    </src>
    <src id="10">
      <dst id="12">9290.1333</dst>
      <dst id="19">4598.5689</dst>
      <dst id="8">914.5600</dst>
      <dst id="18">716.0000</dst>
      <dst id="1">905.1022</dst>
      <dst id="5">898.3911</dst>
      <dst id="3">3387.5022</dst>
      <dst id="22">6343.5644</dst>
      <dst id="7">31307.7867</dst>
      <dst id="2">20817.1822</dst>
      <dst id="6">22.7911</dst>
      <dst id="16">470.8622</dst>
      <dst id="14">2510.0711</dst>
      <dst id="20">2570.6578</dst>
      <dst id="11">6300.8178</dst>
      <dst id="9">2489.2622</dst>
      <dst id="17">31195.5822</dst>
      <dst id="21">12536.2933</dst>
      <dst id="15">180.4267</dst>
    </src>
    <src id="22">
      <dst id="12">6268.1156</dst>
      <dst id="13">3714.0089</dst>
      <dst id="19">105.7422</dst>
      <dst id="23">813.7600</dst>
      <dst id="8">545.7244</dst>
      <dst id="18">875.1644</dst>
      <dst id="4">16061.2711</dst>
      <dst id="1">253.5378</dst>
      <dst id="5">2253.3422</dst>
      <dst id="3">654.1600</dst>
      <dst id="7">538.1778</dst>
      <dst id="2">3299.9556</dst>
      <dst id="6">73.2978</dst>
      <dst id="16">0.7111</dst>
      <dst id="14">25.0044</dst>
      <dst id="11">2608.8889</dst>
      <dst id="9">3004.4800</dst>
      <dst id="17">3946.5156</dst>
      <dst id="21">1512.3289</dst>
    </src>
    <src id="7">
      <dst id="12">5600.3733</dst>
      <dst id="13">230.0089</dst>
      <dst id="19">143.0844</dst>
      <dst id="23">244.3022</dst>
      <dst id="8">428.0178</dst>
      <dst id="18">380.1244</dst>
      <dst id="4">13407.9378</dst>
      <dst id="1">1434.6044</dst>
      <dst id="5">744.6044</dst>
      <dst id="3">315.5022</dst>
      <dst id="22">4312.4178</dst>
      <dst id="7">537.2444</dst>
      <dst id="2">21689.2089</dst>
      <dst id="6">94.8622</dst>
      <dst id="16">229.7067</dst>
      <dst id="14">95.0756</dst>
      <dst id="20">546.7733</dst>
      <dst id="11">960.6844</dst>
      <dst id="9">876.7822</dst>
      <dst id="17">11657.5111</dst>
      <dst id="21">2164.0444</dst>
      <dst id="15">54.4089</dst>
    </src>
    <src id="2">
      <dst id="12">65297.7156</dst>
      <dst id="13">512808.9244</dst>
      <dst id="19">146.7200</dst>
      <dst id="23">8.9956</dst>
      <dst id="8">1227.4844</dst>
      <dst id="18">58669.5556</dst>
      <dst id="4">85897.7867</dst>
      <dst id="1">14102.0889</dst>
      <dst id="5">1017.2711</dst>
      <dst id="3">29.3867</dst>
      <dst id="22">843.5467</dst>
      <dst id="7">3201.1378</dst>
      <dst id="2">1197.2978</dst>
      <dst id="6">7794.2133</dst>
      <dst id="16">2275.6089</dst>
      <dst id="14">5326.1511</dst>
      <dst id="20">375.0044</dst>
      <dst id="11">1710.6400</dst>
      <dst id="9">458.0711</dst>
      <dst id="17">40091.1911</dst>
      <dst id="21">5751.9467</dst>
      <dst id="15">47.1111</dst>
    </src>
    <src id="6">
      <dst id="12">8402.8178</dst>
      <dst id="13">1.4756</dst>
      <dst id="19">1.0667</dst>
      <dst id="18">0.7111</dst>
      <dst id="4">1021.8133</dst>
      <dst id="5">0.9067</dst>
      <dst id="22">3.5289</dst>
      <dst id="7">49.0489</dst>
      <dst id="2">1539.4933</dst>
      <dst id="16">12.9956</dst>
      <dst id="11">77.8844</dst>
      <dst id="9">0.3289</dst>
      <dst id="17">1164.9511</dst>
      <dst id="21">16.2400</dst>
    </src>
    <src id="16">
      <dst id="12">3414.2311</dst>
      <dst id="13">186.3022</dst>
      <dst id="19">4713.2622</dst>
      <dst id="23">1.2622</dst>
      <dst id="8">1189.1644</dst>
      <dst id="18">17.7867</dst>
      <dst id="4">4284.7289</dst>
      <dst id="1">23469.3956</dst>
      <dst id="5">850.9156</dst>
      <dst id="3">2.3911</dst>
      <dst id="7">3153.7422</dst>
      <dst id="2">901.0133</dst>
      <dst id="6">2.0444</dst>
      <dst id="16">29.2533</dst>
      <dst id="14">242.2489</dst>
      <dst id="11">292.1333</dst>
      <dst id="9">1009.3333</dst>
      <dst id="17">470.8444</dst>
      <dst id="21">2656.4889</dst>
    </src>
    <src id="14">
      <dst id="12">13248.3111</dst>
      <dst id="13">25.6800</dst>
      <dst id="19">7.9822</dst>
      <dst id="23">5.0667</dst>
      <dst id="4">1570.2756</dst>
      <dst id="1">56.8178</dst>
      <dst id="5">4.2844</dst>
      <dst id="3">55.1111</dst>
      <dst id="22">2.0711</dst>
      <dst id="7">119.7867</dst>
      <dst id="2">5051.3511</dst>
      <dst id="16">7.7156</dst>
      <dst id="11">30.2933</dst>
      <dst id="9">13.3333</dst>
      <dst id="17">4860.6578</dst>
      <dst id="21">139.7333</dst>
    </src>
    <src id="20">
      <dst id="12">1563.0311</dst>
      <dst id="13">16774.8889</dst>
      <dst id="19">376.3022</dst>
      <dst id="8">153.7156</dst>
      <dst id="18">0.8622</dst>
      <dst id="4">10252.0800</dst>
      <dst id="1">9.3333</dst>
      <dst id="5">18493.3867</dst>
      <dst id="3">82.6133</dst>
      <dst id="7">413.6356</dst>
      <dst id="2">466.4533</dst>
      <dst id="11">824.3111</dst>
      <dst id="9">10469.1378</dst>
      <dst id="17">7285.8133</dst>
      <dst id="21">127.3156</dst>
    </src>
    <src id="11">
      <dst id="12">370486.8978</dst>
      <dst id="13">2677.4844</dst>
      <dst id="19">46.4533</dst>
      <dst id="23">3.6000</dst>
      <dst id="8">183.4133</dst>
      <dst id="18">342.0444</dst>
      <dst id="4">10442.2044</dst>
      <dst id="1">509.6089</dst>
      <dst id="5">899.7422</dst>
      <dst id="3">254.2933</dst>
      <dst id="22">2412.2844</dst>
      <dst id="7">215.4844</dst>
      <dst id="2">130969.1111</dst>
      <dst id="6">64.7822</dst>
      <dst id="16">311.7511</dst>
      <dst id="14">37.1467</dst>
      <dst id="20">1098.4800</dst>
      <dst id="11">522.1067</dst>
      <dst id="9">1752.5333</dst>
      <dst id="17">156000.7733</dst>
      <dst id="21">1751.9644</dst>
      <dst id="15">111.5022</dst>
    </src>
    <src id="9">
      <dst id="12">353977.8489</dst>
      <dst id="13">1180.8622</dst>
      <dst id="19">29.6533</dst>
      <dst id="23">18.8800</dst>
      <dst id="8">616.9778</dst>
      <dst id="18">478.3822</dst>
      <dst id="4">9717.8311</dst>
      <dst id="1">1225.1378</dst>
      <dst id="5">25866.4622</dst>
      <dst id="22">1557.1200</dst>
      <dst id="7">3669.7333</dst>
      <dst id="2">123952.3911</dst>
      <dst id="16">565.8222</dst>
      <dst id="14">0.4622</dst>
      <dst id="20">4851.5733</dst>
      <dst id="11">655.3778</dst>
      <dst id="9">52.8622</dst>
      <dst id="17">188064.8000</dst>
      <dst id="21">827.0311</dst>
      <dst id="15">594.7911</dst>
    </src>
    <src id="17">
      <dst id="12">5185.0311</dst>
      <dst id="13">4605.3156</dst>
      <dst id="19">517.7956</dst>
      <dst id="23">175.2711</dst>
      <dst id="8">110744.9600</dst>
      <dst id="18">956.6133</dst>
      <dst id="4">161759.8489</dst>
      <dst id="1">2278.9778</dst>
      <dst id="5">183276.2578</dst>
      <dst id="3">8721.1022</dst>
      <dst id="22">5904.4089</dst>
      <dst id="7">11571.5111</dst>
      <dst id="2">32211.7244</dst>
      <dst id="6">122.6133</dst>
      <dst id="16">3938.1778</dst>
      <dst id="14">15852.3644</dst>
      <dst id="20">406.5511</dst>
      <dst id="11">94868.4978</dst>
      <dst id="9">146587.7956</dst>
      <dst id="17">1922.8800</dst>
      <dst id="21">4923.6533</dst>
      <dst id="15">40.7467</dst>
    </src>
    <src id="21">
      <dst id="12">24242.6667</dst>
      <dst id="13">1701.8044</dst>
      <dst id="19">89.8578</dst>
      <dst id="23">17.4933</dst>
      <dst id="8">1700.7556</dst>
      <dst id="18">611.9556</dst>
      <dst id="4">20619.3067</dst>
      <dst id="1">1107.1378</dst>
      <dst id="5">493.0578</dst>
      <dst id="3">606.1689</dst>
      <dst id="22">2240.1333</dst>
      <dst id="7">5218.4622</dst>
      <dst id="2">15712.2222</dst>
      <dst id="6">87.4044</dst>
      <dst id="16">356.2667</dst>
      <dst id="14">938.6756</dst>
      <dst id="20">213.0578</dst>
      <dst id="11">862.2400</dst>
      <dst id="9">1261.8044</dst>
      <dst id="17">5033.3422</dst>
      <dst id="21">1671.8222</dst>
      <dst id="15">65.9111</dst>
    </src>
    <src id="15">
      <dst id="12">368.6044</dst>
      <dst id="13">136.6400</dst>
      <dst id="19">0.3556</dst>
      <dst id="23">1.2089</dst>
      <dst id="8">142.2311</dst>
      <dst id="18">14.8089</dst>
      <dst id="4">4769.0667</dst>
      <dst id="1">452.7556</dst>
      <dst id="5">128.5867</dst>
      <dst id="3">6.2844</dst>
      <dst id="7">90.6489</dst>
      <dst id="2">156.7289</dst>
      <dst id="14">1.5378</dst>
      <dst id="11">26.0178</dst>
      <dst id="9">795.3778</dst>
      <dst id="17">394.0889</dst>
      <dst id="21">151.3600</dst>
    </src>
  </IntraTM>
</TrafficMatrixFile>
