<?xml version="1.0" encoding="UTF-8" standalone="yes"?>
<TrafficMatrixFile xmlns:xsi="http://www.w3.org/2001/XMLSchema-instance" xsi:noNamespaceSchemaLocation="http://totem.run.montefiore.ulg.ac.be/Schema/TrafficMatrix-v1_2.xsd">
  <info>
    <title>Intradomain traffic matrix generated by geant-TM-all.pl</title>
    <date>2005-01-02T22:45:00</date>
    <duration>900</duration>
    <author>Steve Uhlig</author>
    <units>
        <unit type="bandwidth" value="kbps"/>
    </units>
  </info>
  <IntraTM ASID="20965">
    <src id="12">
      <dst id="12">314349.9644</dst>
      <dst id="13">22276.9867</dst>
      <dst id="19">5974.8711</dst>
      <dst id="23">334.8356</dst>
      <dst id="8">3263.3956</dst>
      <dst id="18">4027.9022</dst>
      <dst id="4">83609.1200</dst>
      <dst id="1">8332.2489</dst>
      <dst id="5">4663.2178</dst>
      <dst id="3">17338.5067</dst>
      <dst id="22">27427.0222</dst>
      <dst id="7">13729.6622</dst>
      <dst id="2">100419.1289</dst>
      <dst id="6">24.1778</dst>
      <dst id="16">6901.6533</dst>
      <dst id="14">447.9644</dst>
      <dst id="20">18728.4444</dst>
      <dst id="11">12152.5422</dst>
      <dst id="9">16346.1333</dst>
      <dst id="17">141210.6133</dst>
      <dst id="21">24682.4622</dst>
      <dst id="15">8388.3200</dst>
    </src>
    <src id="13">
      <dst id="12">91911.5911</dst>
      <dst id="19">8186.1511</dst>
      <dst id="23">2006.1333</dst>
      <dst id="8">7252.5333</dst>
      <dst id="18">9928.2311</dst>
      <dst id="1">8927.3689</dst>
      <dst id="5">7380.5511</dst>
      <dst id="3">22646.6489</dst>
      <dst id="22">29742.6400</dst>
      <dst id="7">18380.9867</dst>
      <dst id="2">118776.1333</dst>
      <dst id="6">595.2178</dst>
      <dst id="16">14760.4978</dst>
      <dst id="14">1710.1067</dst>
      <dst id="20">14636.5067</dst>
      <dst id="11">32494.9867</dst>
      <dst id="9">27294.5600</dst>
      <dst id="17">84448.9156</dst>
      <dst id="21">21184.6400</dst>
      <dst id="15">5576.0978</dst>
    </src>
    <src id="19">
      <dst id="12">15161.6178</dst>
      <dst id="13">5290.5422</dst>
      <dst id="23">216.2222</dst>
      <dst id="8">15.4844</dst>
      <dst id="18">62.8089</dst>
      <dst id="4">19636.7111</dst>
      <dst id="1">6054.1778</dst>
      <dst id="5">13077.8578</dst>
      <dst id="3">15.3422</dst>
      <dst id="22">287.7689</dst>
      <dst id="7">7341.6622</dst>
      <dst id="2">6616.8533</dst>
      <dst id="6">483.8578</dst>
      <dst id="16">5772.2311</dst>
      <dst id="14">0.4622</dst>
      <dst id="20">41.5111</dst>
      <dst id="11">4651.7067</dst>
      <dst id="9">1799.6800</dst>
      <dst id="17">43851.4578</dst>
      <dst id="21">2755.1822</dst>
      <dst id="15">42.1511</dst>
    </src>
    <src id="23">
      <dst id="12">1917.6711</dst>
      <dst id="13">353.3511</dst>
      <dst id="19">157.8933</dst>
      <dst id="8">110.7289</dst>
      <dst id="18">59.7867</dst>
      <dst id="4">0.4622</dst>
      <dst id="1">364.4000</dst>
      <dst id="5">1840.1956</dst>
      <dst id="3">814.4622</dst>
      <dst id="22">340.5689</dst>
      <dst id="7">1097.4933</dst>
      <dst id="2">225.0222</dst>
      <dst id="16">80.9956</dst>
      <dst id="14">10.6400</dst>
      <dst id="20">60.7733</dst>
      <dst id="11">182.9156</dst>
      <dst id="9">300.8622</dst>
      <dst id="17">1090.6222</dst>
      <dst id="21">571.5022</dst>
      <dst id="15">0.6133</dst>
    </src>
    <src id="8">
      <dst id="12">387881.9911</dst>
      <dst id="13">1083.1644</dst>
      <dst id="19">215.4133</dst>
      <dst id="23">3.1111</dst>
      <dst id="18">109.3067</dst>
      <dst id="4">7296.9156</dst>
      <dst id="1">9604.7556</dst>
      <dst id="5">1982.3644</dst>
      <dst id="3">1.3956</dst>
      <dst id="22">8285.2089</dst>
      <dst id="7">78.0000</dst>
      <dst id="2">166352.3289</dst>
      <dst id="16">611.6267</dst>
      <dst id="14">0.3556</dst>
      <dst id="20">1212.5244</dst>
      <dst id="11">1473.4933</dst>
      <dst id="9">2278.3644</dst>
      <dst id="17">140148.5067</dst>
      <dst id="21">788.9067</dst>
      <dst id="15">505.1022</dst>
    </src>
    <src id="18">
      <dst id="12">135505.0222</dst>
      <dst id="13">537.6889</dst>
      <dst id="19">462.8533</dst>
      <dst id="23">1516.9067</dst>
      <dst id="8">441.5911</dst>
      <dst id="4">2038.6222</dst>
      <dst id="1">1014.4800</dst>
      <dst id="5">672.6133</dst>
      <dst id="3">4515.0222</dst>
      <dst id="22">267.8044</dst>
      <dst id="7">461.5289</dst>
      <dst id="2">49118.1156</dst>
      <dst id="16">109.7867</dst>
      <dst id="14">14.1067</dst>
      <dst id="20">178.5956</dst>
      <dst id="11">195.6089</dst>
      <dst id="9">696.6133</dst>
      <dst id="17">42752.7822</dst>
      <dst id="21">2877.6444</dst>
      <dst id="15">269.6000</dst>
    </src>
    <src id="4">
      <dst id="12">34021.0844</dst>
      <dst id="19">6516.5156</dst>
      <dst id="23">0.6400</dst>
      <dst id="8">2146.2578</dst>
      <dst id="18">3621.7956</dst>
      <dst id="4">1.0222</dst>
      <dst id="1">58114.7644</dst>
      <dst id="5">1971.0222</dst>
      <dst id="3">4216.0533</dst>
      <dst id="22">7615.2444</dst>
      <dst id="7">164197.3422</dst>
      <dst id="2">105918.8089</dst>
      <dst id="6">27.6178</dst>
      <dst id="16">5575.2622</dst>
      <dst id="14">1319.6178</dst>
      <dst id="20">2265.5467</dst>
      <dst id="11">11506.3556</dst>
      <dst id="9">4347.5289</dst>
      <dst id="17">129304.2844</dst>
      <dst id="21">9368.9956</dst>
      <dst id="15">1089.3422</dst>
    </src>
    <src id="1">
      <dst id="12">26704.7644</dst>
      <dst id="13">1498.8089</dst>
      <dst id="19">1586.8267</dst>
      <dst id="23">143.0578</dst>
      <dst id="8">238001.8133</dst>
      <dst id="18">15507.6622</dst>
      <dst id="4">16678.5511</dst>
      <dst id="1">107831.3867</dst>
      <dst id="5">268896.4444</dst>
      <dst id="3">3460.0000</dst>
      <dst id="22">2935.1556</dst>
      <dst id="7">4893.5467</dst>
      <dst id="2">35646.8800</dst>
      <dst id="6">13124.7911</dst>
      <dst id="16">8247.8667</dst>
      <dst id="14">152.4889</dst>
      <dst id="20">507.6889</dst>
      <dst id="11">4245.7422</dst>
      <dst id="9">344671.6089</dst>
      <dst id="17">19578.1689</dst>
      <dst id="21">4869.3600</dst>
      <dst id="15">277.0222</dst>
    </src>
    <src id="5">
      <dst id="12">304425.2000</dst>
      <dst id="13">3391.6089</dst>
      <dst id="19">388.3289</dst>
      <dst id="23">119.9733</dst>
      <dst id="8">18927.7511</dst>
      <dst id="18">236.1156</dst>
      <dst id="4">7105.8578</dst>
      <dst id="1">560.4622</dst>
      <dst id="3">69.2978</dst>
      <dst id="22">7916.5956</dst>
      <dst id="7">623.8044</dst>
      <dst id="2">124413.1733</dst>
      <dst id="6">6.9867</dst>
      <dst id="16">1615.6978</dst>
      <dst id="14">49.0667</dst>
      <dst id="20">4603.4844</dst>
      <dst id="11">3007.9378</dst>
      <dst id="9">955.5911</dst>
      <dst id="17">102873.6711</dst>
      <dst id="21">512.4444</dst>
      <dst id="15">193.5911</dst>
    </src>
    <src id="3">
      <dst id="12">13268.7911</dst>
      <dst id="13">695.7689</dst>
      <dst id="19">3250.6400</dst>
      <dst id="23">329.0578</dst>
      <dst id="8">314.1422</dst>
      <dst id="18">192835.5467</dst>
      <dst id="4">30447.9733</dst>
      <dst id="1">18647.1644</dst>
      <dst id="5">488.5867</dst>
      <dst id="3">20443.9378</dst>
      <dst id="22">1508.5867</dst>
      <dst id="7">3418.4444</dst>
      <dst id="2">6930.0800</dst>
      <dst id="6">13.3600</dst>
      <dst id="16">5811.0311</dst>
      <dst id="14">44552.1689</dst>
      <dst id="20">551.7333</dst>
      <dst id="11">252861.4489</dst>
      <dst id="9">1159.9822</dst>
      <dst id="17">13109.3956</dst>
      <dst id="21">7477.6978</dst>
      <dst id="15">342.5956</dst>
    </src>
    <src id="10">
      <dst id="12">24519.6622</dst>
      <dst id="19">2334.0978</dst>
      <dst id="8">1847.6178</dst>
      <dst id="18">2224.4089</dst>
      <dst id="1">3522.7733</dst>
      <dst id="5">1220.0089</dst>
      <dst id="3">22837.3422</dst>
      <dst id="22">7211.0133</dst>
      <dst id="7">118649.6178</dst>
      <dst id="2">50979.0311</dst>
      <dst id="6">78.2311</dst>
      <dst id="16">4286.0267</dst>
      <dst id="14">2003.0933</dst>
      <dst id="20">1683.5556</dst>
      <dst id="11">10423.5378</dst>
      <dst id="9">5551.2089</dst>
      <dst id="17">24073.2267</dst>
      <dst id="21">14594.3467</dst>
      <dst id="15">723.1378</dst>
    </src>
    <src id="22">
      <dst id="12">13291.5111</dst>
      <dst id="13">7528.8444</dst>
      <dst id="19">87.7867</dst>
      <dst id="23">194.3022</dst>
      <dst id="8">1315.4489</dst>
      <dst id="18">1314.7200</dst>
      <dst id="4">16992.2844</dst>
      <dst id="1">4992.2756</dst>
      <dst id="5">4859.7600</dst>
      <dst id="3">1782.2044</dst>
      <dst id="7">5160.5600</dst>
      <dst id="2">4114.6578</dst>
      <dst id="6">6.8800</dst>
      <dst id="16">1.9022</dst>
      <dst id="14">155.2267</dst>
      <dst id="11">5366.1689</dst>
      <dst id="9">4532.5867</dst>
      <dst id="17">8786.0622</dst>
      <dst id="21">1413.8400</dst>
    </src>
    <src id="7">
      <dst id="12">10052.9600</dst>
      <dst id="13">209.1911</dst>
      <dst id="19">2367.2089</dst>
      <dst id="23">2991.0844</dst>
      <dst id="8">2584.3467</dst>
      <dst id="18">1754.8178</dst>
      <dst id="4">50200.6489</dst>
      <dst id="1">33717.8578</dst>
      <dst id="5">1456.5956</dst>
      <dst id="3">729.5022</dst>
      <dst id="22">3857.6178</dst>
      <dst id="7">858.0267</dst>
      <dst id="2">16617.3778</dst>
      <dst id="6">166.4800</dst>
      <dst id="16">1193.4044</dst>
      <dst id="14">93.0844</dst>
      <dst id="20">2842.4800</dst>
      <dst id="11">1497.7511</dst>
      <dst id="9">1176.3556</dst>
      <dst id="17">19872.8356</dst>
      <dst id="21">11141.0311</dst>
      <dst id="15">324.0711</dst>
    </src>
    <src id="2">
      <dst id="12">164652.8711</dst>
      <dst id="13">378380.5422</dst>
      <dst id="19">1462.4089</dst>
      <dst id="23">103.8756</dst>
      <dst id="8">1640.4444</dst>
      <dst id="18">156213.0044</dst>
      <dst id="4">90748.6844</dst>
      <dst id="1">6302.9778</dst>
      <dst id="5">3897.0044</dst>
      <dst id="3">929.6178</dst>
      <dst id="22">3309.0133</dst>
      <dst id="7">8453.9111</dst>
      <dst id="2">980.6667</dst>
      <dst id="6">13574.3289</dst>
      <dst id="16">1720.8800</dst>
      <dst id="14">5860.4356</dst>
      <dst id="20">10065.0133</dst>
      <dst id="11">11562.0356</dst>
      <dst id="9">3426.4000</dst>
      <dst id="17">95018.1156</dst>
      <dst id="21">10198.7022</dst>
      <dst id="15">715.1467</dst>
    </src>
    <src id="6">
      <dst id="12">11689.9378</dst>
      <dst id="13">20.3733</dst>
      <dst id="19">17.8844</dst>
      <dst id="23">22.9333</dst>
      <dst id="8">25.2089</dst>
      <dst id="18">0.7644</dst>
      <dst id="4">126.4711</dst>
      <dst id="1">137.0489</dst>
      <dst id="5">55.8044</dst>
      <dst id="3">11.8222</dst>
      <dst id="22">11.8222</dst>
      <dst id="7">170.6133</dst>
      <dst id="2">3647.9111</dst>
      <dst id="16">25.8222</dst>
      <dst id="20">31.1644</dst>
      <dst id="11">11.4667</dst>
      <dst id="9">42.4089</dst>
      <dst id="17">2355.8844</dst>
      <dst id="21">59.8044</dst>
      <dst id="15">15.2711</dst>
    </src>
    <src id="16">
      <dst id="12">4364.1156</dst>
      <dst id="13">987.2533</dst>
      <dst id="19">3186.3644</dst>
      <dst id="23">15.9911</dst>
      <dst id="8">6624.0889</dst>
      <dst id="18">250.7111</dst>
      <dst id="4">8016.5600</dst>
      <dst id="1">21738.1244</dst>
      <dst id="5">11104.8978</dst>
      <dst id="3">55.5200</dst>
      <dst id="7">3746.7467</dst>
      <dst id="2">1634.8444</dst>
      <dst id="6">21.0578</dst>
      <dst id="16">58.3022</dst>
      <dst id="14">165.0489</dst>
      <dst id="11">753.5644</dst>
      <dst id="9">7973.5467</dst>
      <dst id="17">6320.8178</dst>
      <dst id="21">662.0711</dst>
    </src>
    <src id="14">
      <dst id="12">19305.9911</dst>
      <dst id="13">277.0756</dst>
      <dst id="19">2.1422</dst>
      <dst id="23">58.8444</dst>
      <dst id="8">13.3333</dst>
      <dst id="18">27.2711</dst>
      <dst id="4">2946.5156</dst>
      <dst id="1">249.2533</dst>
      <dst id="5">17.6711</dst>
      <dst id="3">109.9911</dst>
      <dst id="22">1748.7200</dst>
      <dst id="7">79.4933</dst>
      <dst id="2">6096.0711</dst>
      <dst id="16">8.0711</dst>
      <dst id="20">37.4844</dst>
      <dst id="11">157.1378</dst>
      <dst id="9">0.4622</dst>
      <dst id="17">6217.4844</dst>
      <dst id="21">123.1022</dst>
    </src>
    <src id="20">
      <dst id="12">13378.4356</dst>
      <dst id="13">1339.8578</dst>
      <dst id="19">26.2578</dst>
      <dst id="23">93.6889</dst>
      <dst id="8">859.3511</dst>
      <dst id="18">264.1956</dst>
      <dst id="4">6778.2400</dst>
      <dst id="1">6617.9644</dst>
      <dst id="5">4518.9333</dst>
      <dst id="3">2751.5378</dst>
      <dst id="7">3027.9289</dst>
      <dst id="2">3120.9511</dst>
      <dst id="6">18.6578</dst>
      <dst id="14">10.4533</dst>
      <dst id="11">4732.8800</dst>
      <dst id="9">4927.8133</dst>
      <dst id="17">3633.6800</dst>
      <dst id="21">3055.1467</dst>
    </src>
    <src id="11">
      <dst id="12">456681.7867</dst>
      <dst id="13">3927.5289</dst>
      <dst id="19">198.4444</dst>
      <dst id="23">77.4844</dst>
      <dst id="8">1971.8400</dst>
      <dst id="18">486.0356</dst>
      <dst id="4">15763.0667</dst>
      <dst id="1">645.1289</dst>
      <dst id="5">5638.5689</dst>
      <dst id="3">2224.8444</dst>
      <dst id="22">2834.2044</dst>
      <dst id="7">673.0222</dst>
      <dst id="2">176979.2444</dst>
      <dst id="6">1.6356</dst>
      <dst id="16">478.1778</dst>
      <dst id="14">53.7689</dst>
      <dst id="20">777.9289</dst>
      <dst id="11">2518.0889</dst>
      <dst id="9">1199.2711</dst>
      <dst id="17">164324.2844</dst>
      <dst id="21">5087.9289</dst>
      <dst id="15">229.2089</dst>
    </src>
    <src id="9">
      <dst id="12">471427.6356</dst>
      <dst id="13">1893.4044</dst>
      <dst id="19">97.4311</dst>
      <dst id="23">10.1778</dst>
      <dst id="8">3681.7867</dst>
      <dst id="18">466.7644</dst>
      <dst id="4">10085.3244</dst>
      <dst id="1">1719.2089</dst>
      <dst id="5">1103.0489</dst>
      <dst id="3">44.3911</dst>
      <dst id="22">1657.6178</dst>
      <dst id="7">941.0667</dst>
      <dst id="2">178298.7733</dst>
      <dst id="6">8.8444</dst>
      <dst id="16">1525.8489</dst>
      <dst id="14">0.8800</dst>
      <dst id="20">8716.6044</dst>
      <dst id="11">1662.3644</dst>
      <dst id="9">2876.4889</dst>
      <dst id="17">178878.3733</dst>
      <dst id="21">770.2756</dst>
      <dst id="15">7074.4089</dst>
    </src>
    <src id="17">
      <dst id="12">22764.3200</dst>
      <dst id="13">30252.1067</dst>
      <dst id="19">1828.6044</dst>
      <dst id="23">1109.5111</dst>
      <dst id="8">243318.9956</dst>
      <dst id="18">4987.0044</dst>
      <dst id="4">61964.1156</dst>
      <dst id="1">7002.1156</dst>
      <dst id="5">240990.7556</dst>
      <dst id="3">35432.4889</dst>
      <dst id="22">24892.1511</dst>
      <dst id="7">20287.3156</dst>
      <dst id="2">43301.0311</dst>
      <dst id="6">565.2000</dst>
      <dst id="16">14200.9333</dst>
      <dst id="14">40997.4133</dst>
      <dst id="20">2278.1333</dst>
      <dst id="11">199390.6489</dst>
      <dst id="9">289860.9689</dst>
      <dst id="17">1763.0578</dst>
      <dst id="21">16835.6978</dst>
      <dst id="15">422.3467</dst>
    </src>
    <src id="21">
      <dst id="12">18901.8578</dst>
      <dst id="13">1673.4756</dst>
      <dst id="19">7566.9511</dst>
      <dst id="23">206.9689</dst>
      <dst id="8">626.6489</dst>
      <dst id="18">2961.1200</dst>
      <dst id="4">23010.3644</dst>
      <dst id="1">8715.0844</dst>
      <dst id="5">472.4178</dst>
      <dst id="3">4291.7156</dst>
      <dst id="22">1890.0622</dst>
      <dst id="7">2556.2756</dst>
      <dst id="2">15062.8444</dst>
      <dst id="6">67.7689</dst>
      <dst id="16">356.0711</dst>
      <dst id="14">44.3378</dst>
      <dst id="20">488.4622</dst>
      <dst id="11">2571.4044</dst>
      <dst id="9">678.9333</dst>
      <dst id="17">6776.9511</dst>
      <dst id="21">2229.7600</dst>
      <dst id="15">152.4444</dst>
    </src>
    <src id="15">
      <dst id="12">1503.6622</dst>
      <dst id="13">530.3556</dst>
      <dst id="19">641.4222</dst>
      <dst id="8">178.1333</dst>
      <dst id="18">322.2400</dst>
      <dst id="4">2318.5956</dst>
      <dst id="1">995.2356</dst>
      <dst id="5">163.7067</dst>
      <dst id="3">8.3467</dst>
      <dst id="7">435.1378</dst>
      <dst id="2">270.8800</dst>
      <dst id="6">1.0667</dst>
      <dst id="14">0.4267</dst>
      <dst id="11">194.8267</dst>
      <dst id="9">1908.6044</dst>
      <dst id="17">297.9556</dst>
      <dst id="21">120.8622</dst>
    </src>
  </IntraTM>
</TrafficMatrixFile>
