<?xml version="1.0" encoding="UTF-8" standalone="yes"?>
<TrafficMatrixFile xmlns:xsi="http://www.w3.org/2001/XMLSchema-instance" xsi:noNamespaceSchemaLocation="http://totem.run.montefiore.ulg.ac.be/Schema/TrafficMatrix-v1_2.xsd">
  <info>
    <title>Intradomain traffic matrix generated by geant-TM-all.pl</title>
    <date>2005-01-01T11:00:00</date>
    <duration>900</duration>
    <author>Steve Uhlig</author>
    <units>
        <unit type="bandwidth" value="kbps"/>
    </units>
  </info>
  <IntraTM ASID="20965">
    <src id="12">
      <dst id="12">227572.6400</dst>
      <dst id="13">14685.7511</dst>
      <dst id="19">3287.4578</dst>
      <dst id="23">191.9911</dst>
      <dst id="8">1957.8311</dst>
      <dst id="18">586.9956</dst>
      <dst id="4">99642.4444</dst>
      <dst id="1">7633.5911</dst>
      <dst id="5">16807.3511</dst>
      <dst id="3">5477.6178</dst>
      <dst id="22">9791.3689</dst>
      <dst id="7">1901.8133</dst>
      <dst id="2">64156.8000</dst>
      <dst id="6">1.6711</dst>
      <dst id="16">5283.2178</dst>
      <dst id="14">1337.2000</dst>
      <dst id="20">10628.7556</dst>
      <dst id="11">1472.1067</dst>
      <dst id="9">7898.8267</dst>
      <dst id="17">58832.1422</dst>
      <dst id="21">8501.9911</dst>
      <dst id="15">927.0044</dst>
    </src>
    <src id="13">
      <dst id="12">51253.0311</dst>
      <dst id="19">30487.9022</dst>
      <dst id="23">74.2311</dst>
      <dst id="8">1825.0489</dst>
      <dst id="18">4079.2711</dst>
      <dst id="1">1922.4711</dst>
      <dst id="5">8603.5378</dst>
      <dst id="3">7834.5067</dst>
      <dst id="22">21066.6044</dst>
      <dst id="7">5779.6889</dst>
      <dst id="2">85189.5911</dst>
      <dst id="6">123.4489</dst>
      <dst id="16">7020.0889</dst>
      <dst id="14">1816.4089</dst>
      <dst id="20">4713.1467</dst>
      <dst id="11">10838.0711</dst>
      <dst id="9">10188.6400</dst>
      <dst id="17">71672.6400</dst>
      <dst id="21">13521.6622</dst>
      <dst id="15">1307.4222</dst>
    </src>
    <src id="19">
      <dst id="12">13449.7867</dst>
      <dst id="13">8188.4533</dst>
      <dst id="23">0.8356</dst>
      <dst id="8">0.9956</dst>
      <dst id="18">471.9822</dst>
      <dst id="4">20267.4222</dst>
      <dst id="1">85.4400</dst>
      <dst id="5">0.7822</dst>
      <dst id="3">370.6933</dst>
      <dst id="22">30.0178</dst>
      <dst id="7">2839.2978</dst>
      <dst id="2">750.7556</dst>
      <dst id="6">85.6178</dst>
      <dst id="16">9053.3067</dst>
      <dst id="14">1.3511</dst>
      <dst id="20">50.8444</dst>
      <dst id="11">27.3689</dst>
      <dst id="9">53.3600</dst>
      <dst id="17">243.8844</dst>
      <dst id="21">549.6533</dst>
      <dst id="15">1.9467</dst>
    </src>
    <src id="23">
      <dst id="12">111.6089</dst>
      <dst id="13">245.2089</dst>
      <dst id="19">1.2000</dst>
      <dst id="8">0.9244</dst>
      <dst id="18">54.3467</dst>
      <dst id="4">123.2178</dst>
      <dst id="1">42.0267</dst>
      <dst id="5">2.2844</dst>
      <dst id="3">14.7911</dst>
      <dst id="22">28.0889</dst>
      <dst id="7">110.8267</dst>
      <dst id="2">34.3644</dst>
      <dst id="16">1754.1422</dst>
      <dst id="14">15.2444</dst>
      <dst id="11">33.8311</dst>
      <dst id="9">403.8044</dst>
      <dst id="17">3302.0089</dst>
      <dst id="21">1479.5378</dst>
    </src>
    <src id="8">
      <dst id="12">296711.5733</dst>
      <dst id="13">525.5644</dst>
      <dst id="19">0.7200</dst>
      <dst id="23">107.7333</dst>
      <dst id="18">58.2133</dst>
      <dst id="4">8712.7556</dst>
      <dst id="1">118.5067</dst>
      <dst id="5">810.0356</dst>
      <dst id="3">16.3111</dst>
      <dst id="22">1917.6267</dst>
      <dst id="7">24.0622</dst>
      <dst id="2">86872.7200</dst>
      <dst id="6">1.7333</dst>
      <dst id="16">329.6533</dst>
      <dst id="20">408.5600</dst>
      <dst id="11">175.4756</dst>
      <dst id="9">180.5511</dst>
      <dst id="17">56554.7022</dst>
      <dst id="21">187.7244</dst>
      <dst id="15">103.1556</dst>
    </src>
    <src id="18">
      <dst id="12">120727.0044</dst>
      <dst id="13">1432.8622</dst>
      <dst id="19">18.7733</dst>
      <dst id="23">0.4622</dst>
      <dst id="8">1.0667</dst>
      <dst id="4">3696.0267</dst>
      <dst id="1">1236.4711</dst>
      <dst id="5">287.5289</dst>
      <dst id="3">159.1289</dst>
      <dst id="22">292.1067</dst>
      <dst id="7">109.9111</dst>
      <dst id="2">32203.9556</dst>
      <dst id="16">12.2933</dst>
      <dst id="20">30.1956</dst>
      <dst id="11">153.0133</dst>
      <dst id="9">182.9422</dst>
      <dst id="17">29149.6800</dst>
      <dst id="21">517.3333</dst>
      <dst id="15">5.8667</dst>
    </src>
    <src id="4">
      <dst id="12">46699.5111</dst>
      <dst id="19">9440.0800</dst>
      <dst id="8">822.4089</dst>
      <dst id="18">1177.7422</dst>
      <dst id="4">1.1822</dst>
      <dst id="1">1101.7778</dst>
      <dst id="5">822.0000</dst>
      <dst id="3">10742.0800</dst>
      <dst id="22">3461.5289</dst>
      <dst id="7">33166.2756</dst>
      <dst id="2">32881.1200</dst>
      <dst id="6">94.8267</dst>
      <dst id="16">986.2667</dst>
      <dst id="14">1165.4489</dst>
      <dst id="20">481.7067</dst>
      <dst id="11">4394.3644</dst>
      <dst id="9">2082.8267</dst>
      <dst id="17">100399.7156</dst>
      <dst id="21">6369.1467</dst>
      <dst id="15">2095.8044</dst>
    </src>
    <src id="1">
      <dst id="12">19377.0578</dst>
      <dst id="13">410.8800</dst>
      <dst id="19">3818.4178</dst>
      <dst id="23">82.2044</dst>
      <dst id="8">67351.0044</dst>
      <dst id="18">11045.0222</dst>
      <dst id="4">7269.5111</dst>
      <dst id="1">74.6044</dst>
      <dst id="5">134658.2844</dst>
      <dst id="3">18007.6533</dst>
      <dst id="22">1102.9511</dst>
      <dst id="7">2402.9600</dst>
      <dst id="2">2186.1244</dst>
      <dst id="6">3362.3289</dst>
      <dst id="16">15484.7022</dst>
      <dst id="14">22.9689</dst>
      <dst id="20">115.9289</dst>
      <dst id="11">112.0356</dst>
      <dst id="9">139352.7467</dst>
      <dst id="17">3934.3733</dst>
      <dst id="21">3306.8444</dst>
      <dst id="15">131.2267</dst>
    </src>
    <src id="5">
      <dst id="12">301288.8800</dst>
      <dst id="13">2048.9778</dst>
      <dst id="19">80.4356</dst>
      <dst id="23">133.3333</dst>
      <dst id="8">542.8533</dst>
      <dst id="18">158.8711</dst>
      <dst id="4">5927.9111</dst>
      <dst id="1">469.5644</dst>
      <dst id="3">334.6756</dst>
      <dst id="22">3549.9556</dst>
      <dst id="7">400.4089</dst>
      <dst id="2">117915.7067</dst>
      <dst id="6">15.8667</dst>
      <dst id="16">1075.9911</dst>
      <dst id="14">90.3467</dst>
      <dst id="20">174.9956</dst>
      <dst id="11">1342.8444</dst>
      <dst id="9">707.8044</dst>
      <dst id="17">64875.0933</dst>
      <dst id="21">291.1200</dst>
      <dst id="15">381.7156</dst>
    </src>
    <src id="3">
      <dst id="12">22816.0356</dst>
      <dst id="13">289.7067</dst>
      <dst id="19">4549.3422</dst>
      <dst id="23">0.9244</dst>
      <dst id="8">43.9022</dst>
      <dst id="18">75965.5644</dst>
      <dst id="4">40356.3911</dst>
      <dst id="1">10381.5022</dst>
      <dst id="5">104.9422</dst>
      <dst id="3">11120.5333</dst>
      <dst id="22">399.7244</dst>
      <dst id="7">2198.4533</dst>
      <dst id="2">3392.3911</dst>
      <dst id="16">1066.1422</dst>
      <dst id="14">23152.4089</dst>
      <dst id="20">317.7600</dst>
      <dst id="11">102578.3911</dst>
      <dst id="9">62.0267</dst>
      <dst id="17">4296.4000</dst>
      <dst id="21">7995.2356</dst>
      <dst id="15">39.2089</dst>
    </src>
    <src id="10">
      <dst id="12">8307.3689</dst>
      <dst id="19">3079.8400</dst>
      <dst id="8">781.8400</dst>
      <dst id="18">895.3689</dst>
      <dst id="1">787.5556</dst>
      <dst id="5">732.5600</dst>
      <dst id="3">9540.4267</dst>
      <dst id="22">5030.1600</dst>
      <dst id="7">4245.2267</dst>
      <dst id="2">21233.0044</dst>
      <dst id="6">13.6178</dst>
      <dst id="16">3658.1778</dst>
      <dst id="14">1766.7733</dst>
      <dst id="20">2250.1867</dst>
      <dst id="11">3767.2356</dst>
      <dst id="9">1473.5822</dst>
      <dst id="17">31006.6667</dst>
      <dst id="21">11742.2400</dst>
      <dst id="15">762.3022</dst>
    </src>
    <src id="22">
      <dst id="12">4949.1289</dst>
      <dst id="13">1908.0356</dst>
      <dst id="19">43.4667</dst>
      <dst id="23">0.4622</dst>
      <dst id="8">553.2267</dst>
      <dst id="18">728.9422</dst>
      <dst id="4">19600.8889</dst>
      <dst id="1">39.7956</dst>
      <dst id="5">4099.6533</dst>
      <dst id="3">127.0578</dst>
      <dst id="7">1460.3556</dst>
      <dst id="2">1820.2844</dst>
      <dst id="6">28.4711</dst>
      <dst id="14">190.1333</dst>
      <dst id="11">3815.6800</dst>
      <dst id="9">1213.3333</dst>
      <dst id="17">2115.4756</dst>
      <dst id="21">545.9911</dst>
    </src>
    <src id="7">
      <dst id="12">2620.7822</dst>
      <dst id="13">275.4222</dst>
      <dst id="19">185.9200</dst>
      <dst id="23">70.3289</dst>
      <dst id="8">491.1822</dst>
      <dst id="18">898.5689</dst>
      <dst id="4">66813.9644</dst>
      <dst id="1">1180.6311</dst>
      <dst id="5">1269.0844</dst>
      <dst id="3">3297.5289</dst>
      <dst id="22">5219.7244</dst>
      <dst id="7">744.0000</dst>
      <dst id="2">6441.5644</dst>
      <dst id="6">12.5600</dst>
      <dst id="16">248.8889</dst>
      <dst id="14">74.4444</dst>
      <dst id="20">38.7733</dst>
      <dst id="11">442.3289</dst>
      <dst id="9">629.9200</dst>
      <dst id="17">8189.1378</dst>
      <dst id="21">3996.6844</dst>
      <dst id="15">29.8667</dst>
    </src>
    <src id="2">
      <dst id="12">58801.4311</dst>
      <dst id="13">3572.8622</dst>
      <dst id="19">469.6178</dst>
      <dst id="8">31.7956</dst>
      <dst id="18">57271.6622</dst>
      <dst id="4">113742.2756</dst>
      <dst id="1">2582.4622</dst>
      <dst id="5">532.6933</dst>
      <dst id="3">667.0400</dst>
      <dst id="22">2543.6978</dst>
      <dst id="7">9278.1422</dst>
      <dst id="2">350.0978</dst>
      <dst id="6">4775.7511</dst>
      <dst id="16">3986.5244</dst>
      <dst id="14">128.6667</dst>
      <dst id="20">315.9378</dst>
      <dst id="11">5049.5556</dst>
      <dst id="9">382.4089</dst>
      <dst id="17">31938.8356</dst>
      <dst id="21">3379.0489</dst>
      <dst id="15">16.6756</dst>
    </src>
    <src id="6">
      <dst id="12">6858.2133</dst>
      <dst id="13">1.9822</dst>
      <dst id="19">0.7111</dst>
      <dst id="23">0.3378</dst>
      <dst id="8">11.7333</dst>
      <dst id="18">1.1378</dst>
      <dst id="4">22.6222</dst>
      <dst id="1">0.7556</dst>
      <dst id="5">34.0800</dst>
      <dst id="22">1.1733</dst>
      <dst id="7">0.3378</dst>
      <dst id="2">2084.4889</dst>
      <dst id="20">0.4622</dst>
      <dst id="17">891.6267</dst>
      <dst id="21">1.6622</dst>
    </src>
    <src id="16">
      <dst id="12">2389.1467</dst>
      <dst id="13">643.4667</dst>
      <dst id="19">4210.6667</dst>
      <dst id="23">40.6044</dst>
      <dst id="8">2495.5111</dst>
      <dst id="18">44.2400</dst>
      <dst id="4">7681.3422</dst>
      <dst id="1">21656.8800</dst>
      <dst id="5">1331.5111</dst>
      <dst id="3">1080.8267</dst>
      <dst id="7">1790.6400</dst>
      <dst id="2">675.6444</dst>
      <dst id="6">1.6089</dst>
      <dst id="16">17.2178</dst>
      <dst id="14">18.3200</dst>
      <dst id="11">80.9244</dst>
      <dst id="9">11165.4844</dst>
      <dst id="17">2310.6222</dst>
      <dst id="21">203.8400</dst>
    </src>
    <src id="14">
      <dst id="12">21475.0311</dst>
      <dst id="13">31.7867</dst>
      <dst id="19">51.7867</dst>
      <dst id="18">13.9911</dst>
      <dst id="4">1950.8178</dst>
      <dst id="1">33.9911</dst>
      <dst id="5">27.6444</dst>
      <dst id="3">79.7244</dst>
      <dst id="22">90.0622</dst>
      <dst id="7">59.8133</dst>
      <dst id="2">6708.5156</dst>
      <dst id="16">1.9200</dst>
      <dst id="20">0.4622</dst>
      <dst id="11">45.6978</dst>
      <dst id="9">2.5422</dst>
      <dst id="17">4943.8578</dst>
      <dst id="21">92.2667</dst>
    </src>
    <src id="20">
      <dst id="12">3870.3733</dst>
      <dst id="13">3440.1067</dst>
      <dst id="19">92.9244</dst>
      <dst id="8">71.2711</dst>
      <dst id="18">810.0800</dst>
      <dst id="4">14467.4667</dst>
      <dst id="1">39.2889</dst>
      <dst id="5">208.0089</dst>
      <dst id="3">84.7467</dst>
      <dst id="7">321.4133</dst>
      <dst id="2">5403.8489</dst>
      <dst id="6">0.4800</dst>
      <dst id="14">11.9111</dst>
      <dst id="11">1719.6089</dst>
      <dst id="9">2038.9511</dst>
      <dst id="17">375.7067</dst>
      <dst id="21">409.5733</dst>
    </src>
    <src id="11">
      <dst id="12">423708.6578</dst>
      <dst id="13">1198.1600</dst>
      <dst id="19">43.8933</dst>
      <dst id="23">15.9733</dst>
      <dst id="8">126.4711</dst>
      <dst id="18">228.8444</dst>
      <dst id="4">12357.9289</dst>
      <dst id="1">285.8933</dst>
      <dst id="5">850.4711</dst>
      <dst id="3">4275.2533</dst>
      <dst id="22">5127.8933</dst>
      <dst id="7">348.7200</dst>
      <dst id="2">149071.2000</dst>
      <dst id="6">3.4133</dst>
      <dst id="16">177.9911</dst>
      <dst id="14">158.6489</dst>
      <dst id="20">477.3600</dst>
      <dst id="11">880.2222</dst>
      <dst id="9">706.9511</dst>
      <dst id="17">81690.6489</dst>
      <dst id="21">1485.7600</dst>
      <dst id="15">158.1867</dst>
    </src>
    <src id="9">
      <dst id="12">493782.4622</dst>
      <dst id="13">7404.2044</dst>
      <dst id="19">3200.7822</dst>
      <dst id="23">18.2756</dst>
      <dst id="8">74.4178</dst>
      <dst id="18">4181.3778</dst>
      <dst id="4">14992.5333</dst>
      <dst id="1">114.9156</dst>
      <dst id="5">545.8844</dst>
      <dst id="3">184.8356</dst>
      <dst id="22">6070.5600</dst>
      <dst id="7">251.0667</dst>
      <dst id="2">147461.3600</dst>
      <dst id="6">0.8356</dst>
      <dst id="16">503.8667</dst>
      <dst id="14">2.0267</dst>
      <dst id="20">2275.9911</dst>
      <dst id="11">270.9244</dst>
      <dst id="9">248.7200</dst>
      <dst id="17">119814.1333</dst>
      <dst id="21">357.9022</dst>
      <dst id="15">280.7022</dst>
    </src>
    <src id="17">
      <dst id="12">9224.8356</dst>
      <dst id="13">21639.7689</dst>
      <dst id="19">8748.8889</dst>
      <dst id="23">68.9422</dst>
      <dst id="8">85224.3556</dst>
      <dst id="18">923.6533</dst>
      <dst id="4">153752.5689</dst>
      <dst id="1">866.4711</dst>
      <dst id="5">145623.2978</dst>
      <dst id="3">16194.9511</dst>
      <dst id="22">2679.4311</dst>
      <dst id="7">18570.3467</dst>
      <dst id="2">18392.3644</dst>
      <dst id="6">29.3689</dst>
      <dst id="16">14125.1200</dst>
      <dst id="14">12966.3378</dst>
      <dst id="20">578.9156</dst>
      <dst id="11">81841.0756</dst>
      <dst id="9">143696.5867</dst>
      <dst id="17">3129.0044</dst>
      <dst id="21">10298.4444</dst>
      <dst id="15">138.2133</dst>
    </src>
    <src id="21">
      <dst id="12">22122.5778</dst>
      <dst id="13">2462.3378</dst>
      <dst id="19">1017.4489</dst>
      <dst id="23">14.2578</dst>
      <dst id="8">40.9511</dst>
      <dst id="18">1690.0267</dst>
      <dst id="4">27999.4933</dst>
      <dst id="1">1984.0889</dst>
      <dst id="5">631.9556</dst>
      <dst id="3">938.6044</dst>
      <dst id="22">1462.3200</dst>
      <dst id="7">633.6267</dst>
      <dst id="2">9096.7022</dst>
      <dst id="6">1.1378</dst>
      <dst id="16">153.3244</dst>
      <dst id="14">63.1378</dst>
      <dst id="20">73.7156</dst>
      <dst id="11">811.8489</dst>
      <dst id="9">672.7022</dst>
      <dst id="17">4410.6489</dst>
      <dst id="21">1647.8133</dst>
      <dst id="15">249.7244</dst>
    </src>
    <src id="15">
      <dst id="12">363.3778</dst>
      <dst id="13">1038.0000</dst>
      <dst id="19">0.4711</dst>
      <dst id="8">108.0178</dst>
      <dst id="18">29.2800</dst>
      <dst id="4">11488.8089</dst>
      <dst id="1">60.1778</dst>
      <dst id="5">1725.2978</dst>
      <dst id="3">508.5156</dst>
      <dst id="7">39.6178</dst>
      <dst id="2">84.8711</dst>
      <dst id="11">98.9600</dst>
      <dst id="9">1273.5556</dst>
      <dst id="17">1248.6933</dst>
      <dst id="21">141.9733</dst>
    </src>
  </IntraTM>
</TrafficMatrixFile>
