<?xml version="1.0" encoding="UTF-8" standalone="yes"?>
<TrafficMatrixFile xmlns:xsi="http://www.w3.org/2001/XMLSchema-instance" xsi:noNamespaceSchemaLocation="http://totem.run.montefiore.ulg.ac.be/Schema/TrafficMatrix-v1_2.xsd">
  <info>
    <title>Intradomain traffic matrix generated by geant-TM-all.pl</title>
    <date>2005-01-05T12:45:00</date>
    <duration>900</duration>
    <author>Steve Uhlig</author>
    <units>
        <unit type="bandwidth" value="kbps"/>
    </units>
  </info>
  <IntraTM ASID="20965">
    <src id="12">
      <dst id="12">191826.5156</dst>
      <dst id="13">10073.6711</dst>
      <dst id="19">1063.0400</dst>
      <dst id="23">71.1289</dst>
      <dst id="8">714.9689</dst>
      <dst id="18">1511.2000</dst>
      <dst id="4">124489.6533</dst>
      <dst id="1">17853.3333</dst>
      <dst id="5">1368.5067</dst>
      <dst id="3">529.5467</dst>
      <dst id="22">4515.2089</dst>
      <dst id="7">1137.6089</dst>
      <dst id="2">59541.0756</dst>
      <dst id="6">1.2356</dst>
      <dst id="16">4272.0978</dst>
      <dst id="14">127.1467</dst>
      <dst id="20">3599.4756</dst>
      <dst id="11">1199.5378</dst>
      <dst id="9">3008.6400</dst>
      <dst id="17">47561.5822</dst>
      <dst id="21">752.7289</dst>
      <dst id="15">981.0222</dst>
    </src>
    <src id="13">
      <dst id="12">28207.4578</dst>
      <dst id="19">3827.6356</dst>
      <dst id="23">28.7378</dst>
      <dst id="8">1741.0756</dst>
      <dst id="18">3150.3556</dst>
      <dst id="4">1.4222</dst>
      <dst id="1">1490.6133</dst>
      <dst id="5">2948.9867</dst>
      <dst id="3">6319.9200</dst>
      <dst id="22">15132.9422</dst>
      <dst id="7">9718.6489</dst>
      <dst id="2">68687.9200</dst>
      <dst id="6">56.6756</dst>
      <dst id="16">4627.7067</dst>
      <dst id="14">1706.3911</dst>
      <dst id="20">11928.3733</dst>
      <dst id="11">4486.1422</dst>
      <dst id="9">18387.8844</dst>
      <dst id="17">30255.4222</dst>
      <dst id="21">9032.6578</dst>
      <dst id="15">567.5022</dst>
    </src>
    <src id="19">
      <dst id="12">13834.8267</dst>
      <dst id="13">228.8000</dst>
      <dst id="23">0.4622</dst>
      <dst id="8">0.9956</dst>
      <dst id="18">1807.9289</dst>
      <dst id="4">17051.9822</dst>
      <dst id="1">756.1333</dst>
      <dst id="5">27.7333</dst>
      <dst id="22">27.6711</dst>
      <dst id="7">3188.8356</dst>
      <dst id="2">411.6178</dst>
      <dst id="6">26.6667</dst>
      <dst id="16">10181.8489</dst>
      <dst id="20">2.7200</dst>
      <dst id="11">0.6489</dst>
      <dst id="9">96.5333</dst>
      <dst id="17">1882.6044</dst>
      <dst id="21">327.0933</dst>
      <dst id="15">1.0667</dst>
    </src>
    <src id="23">
      <dst id="12">318.5511</dst>
      <dst id="13">42.3733</dst>
      <dst id="19">0.7467</dst>
      <dst id="8">25.2444</dst>
      <dst id="18">132.2844</dst>
      <dst id="4">22.7556</dst>
      <dst id="1">88.0444</dst>
      <dst id="5">118.2489</dst>
      <dst id="3">319.2089</dst>
      <dst id="22">37.7689</dst>
      <dst id="7">113.6444</dst>
      <dst id="2">39.0578</dst>
      <dst id="6">0.8622</dst>
      <dst id="16">6.0711</dst>
      <dst id="14">40.8889</dst>
      <dst id="20">13.3333</dst>
      <dst id="11">118.0800</dst>
      <dst id="9">1022.6844</dst>
      <dst id="17">88.3911</dst>
      <dst id="21">51.9111</dst>
      <dst id="15">0.8000</dst>
    </src>
    <src id="8">
      <dst id="12">267045.6000</dst>
      <dst id="13">692.9867</dst>
      <dst id="19">0.4711</dst>
      <dst id="18">71.6533</dst>
      <dst id="4">3492.3022</dst>
      <dst id="1">278.8711</dst>
      <dst id="5">198.3556</dst>
      <dst id="3">0.7733</dst>
      <dst id="22">451.6711</dst>
      <dst id="7">2.4267</dst>
      <dst id="2">94785.9822</dst>
      <dst id="16">91.2978</dst>
      <dst id="14">0.3556</dst>
      <dst id="20">43.9378</dst>
      <dst id="11">845.5644</dst>
      <dst id="9">443.8400</dst>
      <dst id="17">95651.6267</dst>
      <dst id="21">314.8356</dst>
      <dst id="15">0.7111</dst>
    </src>
    <src id="18">
      <dst id="12">89390.5511</dst>
      <dst id="13">104.8444</dst>
      <dst id="19">44.8356</dst>
      <dst id="23">6.5333</dst>
      <dst id="8">1.3689</dst>
      <dst id="4">3835.7333</dst>
      <dst id="1">886.0800</dst>
      <dst id="5">170.8356</dst>
      <dst id="3">10.5689</dst>
      <dst id="22">111.1378</dst>
      <dst id="7">75.1911</dst>
      <dst id="2">25644.8356</dst>
      <dst id="16">17.1644</dst>
      <dst id="14">27.2800</dst>
      <dst id="20">2.3911</dst>
      <dst id="11">34.6044</dst>
      <dst id="9">23.7600</dst>
      <dst id="17">35063.3867</dst>
      <dst id="21">15.2711</dst>
      <dst id="15">5.8933</dst>
    </src>
    <src id="4">
      <dst id="12">8585.7156</dst>
      <dst id="19">14991.2889</dst>
      <dst id="8">157.5289</dst>
      <dst id="18">68.8711</dst>
      <dst id="1">44036.0978</dst>
      <dst id="5">954.7467</dst>
      <dst id="3">593.2000</dst>
      <dst id="22">2257.8044</dst>
      <dst id="7">32276.7022</dst>
      <dst id="2">44970.9422</dst>
      <dst id="6">16.6311</dst>
      <dst id="16">676.4089</dst>
      <dst id="14">681.7067</dst>
      <dst id="20">429.6178</dst>
      <dst id="11">1769.8844</dst>
      <dst id="9">3860.4267</dst>
      <dst id="17">16607.1200</dst>
      <dst id="21">6472.1689</dst>
      <dst id="15">50.4622</dst>
    </src>
    <src id="1">
      <dst id="12">16421.9733</dst>
      <dst id="13">1182.2933</dst>
      <dst id="19">1.9556</dst>
      <dst id="23">33.5200</dst>
      <dst id="8">57503.2800</dst>
      <dst id="18">13763.3778</dst>
      <dst id="4">8627.7422</dst>
      <dst id="1">5313.3422</dst>
      <dst id="5">122372.0622</dst>
      <dst id="3">562.4711</dst>
      <dst id="22">210.9867</dst>
      <dst id="7">1248.3911</dst>
      <dst id="2">13235.1644</dst>
      <dst id="6">3259.2089</dst>
      <dst id="16">13893.6444</dst>
      <dst id="14">87.0400</dst>
      <dst id="20">1256.7822</dst>
      <dst id="11">486.9156</dst>
      <dst id="9">98313.7689</dst>
      <dst id="17">3961.4222</dst>
      <dst id="21">9978.8267</dst>
      <dst id="15">152.3289</dst>
    </src>
    <src id="5">
      <dst id="12">227950.8533</dst>
      <dst id="13">1369.6178</dst>
      <dst id="19">29.1200</dst>
      <dst id="23">3.6622</dst>
      <dst id="8">492.7467</dst>
      <dst id="18">325.9378</dst>
      <dst id="4">4589.7511</dst>
      <dst id="1">257.2533</dst>
      <dst id="3">18.2222</dst>
      <dst id="22">1889.4844</dst>
      <dst id="7">49.9467</dst>
      <dst id="2">92815.0933</dst>
      <dst id="16">227.7511</dst>
      <dst id="14">108.7111</dst>
      <dst id="20">484.2756</dst>
      <dst id="11">274.1244</dst>
      <dst id="9">238.9511</dst>
      <dst id="17">77435.0489</dst>
      <dst id="21">225.1111</dst>
      <dst id="15">203.9733</dst>
    </src>
    <src id="3">
      <dst id="12">13415.6444</dst>
      <dst id="13">3659.7156</dst>
      <dst id="19">1660.9956</dst>
      <dst id="23">12241.3333</dst>
      <dst id="8">5.6178</dst>
      <dst id="18">43672.8889</dst>
      <dst id="4">36583.5911</dst>
      <dst id="1">4528.1067</dst>
      <dst id="5">464.7378</dst>
      <dst id="3">7654.8622</dst>
      <dst id="22">3287.5644</dst>
      <dst id="7">4166.5333</dst>
      <dst id="2">15182.7378</dst>
      <dst id="16">1363.8489</dst>
      <dst id="14">14788.6844</dst>
      <dst id="20">59.4844</dst>
      <dst id="11">75978.5867</dst>
      <dst id="9">207.9733</dst>
      <dst id="17">8317.0044</dst>
      <dst id="21">11301.0844</dst>
      <dst id="15">66.1956</dst>
    </src>
    <src id="10">
      <dst id="12">10434.6844</dst>
      <dst id="19">5273.2533</dst>
      <dst id="8">316.6667</dst>
      <dst id="18">546.5600</dst>
      <dst id="1">3586.3289</dst>
      <dst id="5">530.4711</dst>
      <dst id="3">667.3689</dst>
      <dst id="22">2277.2800</dst>
      <dst id="7">88550.8622</dst>
      <dst id="2">20371.2178</dst>
      <dst id="16">2646.1422</dst>
      <dst id="14">277.8044</dst>
      <dst id="20">559.5289</dst>
      <dst id="11">3725.2800</dst>
      <dst id="9">618.8356</dst>
      <dst id="17">18977.8933</dst>
      <dst id="21">2421.8756</dst>
      <dst id="15">399.6800</dst>
    </src>
    <src id="22">
      <dst id="12">2310.6133</dst>
      <dst id="13">1224.8800</dst>
      <dst id="19">102.4622</dst>
      <dst id="23">10.7467</dst>
      <dst id="8">219.1644</dst>
      <dst id="18">1011.4756</dst>
      <dst id="4">20893.1822</dst>
      <dst id="1">202.1511</dst>
      <dst id="5">1647.2889</dst>
      <dst id="3">1051.8489</dst>
      <dst id="7">2183.6889</dst>
      <dst id="2">4701.7689</dst>
      <dst id="6">14.9333</dst>
      <dst id="16">11.2978</dst>
      <dst id="14">4.0800</dst>
      <dst id="11">1143.2267</dst>
      <dst id="9">1272.8533</dst>
      <dst id="17">1895.4222</dst>
      <dst id="21">964.7556</dst>
    </src>
    <src id="7">
      <dst id="12">1737.8844</dst>
      <dst id="13">124.7022</dst>
      <dst id="19">110.0622</dst>
      <dst id="23">53.5378</dst>
      <dst id="8">8.8622</dst>
      <dst id="18">95.9467</dst>
      <dst id="4">16429.9911</dst>
      <dst id="1">832.2489</dst>
      <dst id="5">827.6267</dst>
      <dst id="3">100.7289</dst>
      <dst id="22">5270.4267</dst>
      <dst id="7">632.2133</dst>
      <dst id="2">3834.3022</dst>
      <dst id="6">26.1689</dst>
      <dst id="16">723.4578</dst>
      <dst id="14">48.2844</dst>
      <dst id="20">105.7067</dst>
      <dst id="11">536.7289</dst>
      <dst id="9">160.1422</dst>
      <dst id="17">4473.5111</dst>
      <dst id="21">2519.2267</dst>
      <dst id="15">29.2178</dst>
    </src>
    <src id="2">
      <dst id="12">56525.2978</dst>
      <dst id="13">502490.3644</dst>
      <dst id="19">161.6622</dst>
      <dst id="8">152.8800</dst>
      <dst id="18">30143.0489</dst>
      <dst id="4">89005.7333</dst>
      <dst id="1">10789.1200</dst>
      <dst id="5">3578.0089</dst>
      <dst id="3">16.4000</dst>
      <dst id="22">966.1778</dst>
      <dst id="7">9500.1689</dst>
      <dst id="2">7687.2089</dst>
      <dst id="6">5964.4089</dst>
      <dst id="16">1336.4267</dst>
      <dst id="14">5057.5911</dst>
      <dst id="20">214.0978</dst>
      <dst id="11">7351.8489</dst>
      <dst id="9">582.7467</dst>
      <dst id="17">38087.5022</dst>
      <dst id="21">2872.7911</dst>
      <dst id="15">11.9378</dst>
    </src>
    <src id="6">
      <dst id="12">7178.3378</dst>
      <dst id="13">1.0222</dst>
      <dst id="19">0.3556</dst>
      <dst id="23">0.4978</dst>
      <dst id="4">1169.3689</dst>
      <dst id="1">3.7778</dst>
      <dst id="5">9.9822</dst>
      <dst id="22">11.9289</dst>
      <dst id="7">0.3378</dst>
      <dst id="2">1312.0444</dst>
      <dst id="16">2.1333</dst>
      <dst id="20">13.3333</dst>
      <dst id="11">1.1733</dst>
      <dst id="17">1282.4356</dst>
      <dst id="21">1.2889</dst>
    </src>
    <src id="16">
      <dst id="12">1905.1822</dst>
      <dst id="13">135.3778</dst>
      <dst id="19">4513.4578</dst>
      <dst id="23">67.0222</dst>
      <dst id="8">1422.7644</dst>
      <dst id="18">5.2444</dst>
      <dst id="4">4273.4933</dst>
      <dst id="1">20778.3644</dst>
      <dst id="5">1229.3867</dst>
      <dst id="3">3.4133</dst>
      <dst id="7">2184.3822</dst>
      <dst id="2">135.3244</dst>
      <dst id="6">58.6933</dst>
      <dst id="16">25.7867</dst>
      <dst id="14">229.9022</dst>
      <dst id="11">165.3600</dst>
      <dst id="9">1236.3911</dst>
      <dst id="17">6105.0489</dst>
      <dst id="21">3138.0178</dst>
    </src>
    <src id="14">
      <dst id="12">20288.3911</dst>
      <dst id="13">11.5911</dst>
      <dst id="19">17.8489</dst>
      <dst id="23">1.8489</dst>
      <dst id="8">0.3556</dst>
      <dst id="18">6.1867</dst>
      <dst id="4">2020.8622</dst>
      <dst id="1">46.9511</dst>
      <dst id="5">2.0978</dst>
      <dst id="3">31.6000</dst>
      <dst id="22">3.2178</dst>
      <dst id="7">49.8578</dst>
      <dst id="2">3982.7022</dst>
      <dst id="16">4.3733</dst>
      <dst id="20">0.3556</dst>
      <dst id="11">30.5867</dst>
      <dst id="9">0.7111</dst>
      <dst id="17">6968.8800</dst>
      <dst id="21">85.4311</dst>
    </src>
    <src id="20">
      <dst id="12">5881.4222</dst>
      <dst id="13">1518.8978</dst>
      <dst id="19">2.0800</dst>
      <dst id="8">23.5022</dst>
      <dst id="18">2.1600</dst>
      <dst id="4">10706.4889</dst>
      <dst id="1">79.2800</dst>
      <dst id="5">514.9067</dst>
      <dst id="3">560.1600</dst>
      <dst id="7">3255.9911</dst>
      <dst id="2">9396.6133</dst>
      <dst id="14">1.9733</dst>
      <dst id="11">270.6578</dst>
      <dst id="9">763.7156</dst>
      <dst id="17">550.1867</dst>
      <dst id="21">5876.0711</dst>
    </src>
    <src id="11">
      <dst id="12">381508.9778</dst>
      <dst id="13">1186.6400</dst>
      <dst id="19">2.7111</dst>
      <dst id="23">10.1867</dst>
      <dst id="8">221.7067</dst>
      <dst id="18">52.6311</dst>
      <dst id="4">11736.5600</dst>
      <dst id="1">642.8533</dst>
      <dst id="5">592.3200</dst>
      <dst id="3">684.0267</dst>
      <dst id="22">1009.1289</dst>
      <dst id="7">580.2133</dst>
      <dst id="2">122664.2133</dst>
      <dst id="6">35.9733</dst>
      <dst id="16">132.0622</dst>
      <dst id="14">30.5067</dst>
      <dst id="20">87.2711</dst>
      <dst id="11">1004.4978</dst>
      <dst id="9">439.4044</dst>
      <dst id="17">135259.7778</dst>
      <dst id="21">132.3911</dst>
      <dst id="15">123.9644</dst>
    </src>
    <src id="9">
      <dst id="12">412186.3378</dst>
      <dst id="13">1460.7822</dst>
      <dst id="19">12.8267</dst>
      <dst id="23">41.8844</dst>
      <dst id="8">71.4756</dst>
      <dst id="18">240.5778</dst>
      <dst id="4">22335.5911</dst>
      <dst id="1">607.4844</dst>
      <dst id="5">1643.9644</dst>
      <dst id="3">1.4222</dst>
      <dst id="22">743.2178</dst>
      <dst id="7">115.2533</dst>
      <dst id="2">126779.9022</dst>
      <dst id="6">1.9911</dst>
      <dst id="16">62.3822</dst>
      <dst id="14">80.1422</dst>
      <dst id="20">832.9333</dst>
      <dst id="11">497.6267</dst>
      <dst id="9">1902.8267</dst>
      <dst id="17">142352.3733</dst>
      <dst id="21">93.9911</dst>
      <dst id="15">740.2667</dst>
    </src>
    <src id="17">
      <dst id="12">3820.0978</dst>
      <dst id="13">13859.4044</dst>
      <dst id="19">256.4889</dst>
      <dst id="23">314.0178</dst>
      <dst id="8">81818.3911</dst>
      <dst id="18">133.9644</dst>
      <dst id="4">132893.1911</dst>
      <dst id="1">3318.0711</dst>
      <dst id="5">117181.5644</dst>
      <dst id="3">3565.6444</dst>
      <dst id="22">3261.6711</dst>
      <dst id="7">5853.3778</dst>
      <dst id="2">8950.7022</dst>
      <dst id="6">194.9244</dst>
      <dst id="16">7948.3467</dst>
      <dst id="14">12326.6489</dst>
      <dst id="20">5127.1733</dst>
      <dst id="11">70946.5867</dst>
      <dst id="9">111960.5600</dst>
      <dst id="17">1330.3733</dst>
      <dst id="21">4631.8756</dst>
      <dst id="15">12.1244</dst>
    </src>
    <src id="21">
      <dst id="12">11029.7689</dst>
      <dst id="13">3085.0578</dst>
      <dst id="19">170.3467</dst>
      <dst id="23">1.3867</dst>
      <dst id="8">363.5644</dst>
      <dst id="18">275.0667</dst>
      <dst id="4">18171.6622</dst>
      <dst id="1">1526.0089</dst>
      <dst id="5">241.5022</dst>
      <dst id="3">12259.8756</dst>
      <dst id="22">4424.2044</dst>
      <dst id="7">5375.8311</dst>
      <dst id="2">10324.2933</dst>
      <dst id="6">1.4933</dst>
      <dst id="16">313.4489</dst>
      <dst id="14">158.2667</dst>
      <dst id="20">1170.5600</dst>
      <dst id="11">1282.5511</dst>
      <dst id="9">321.9556</dst>
      <dst id="17">3736.9778</dst>
      <dst id="21">1451.2356</dst>
      <dst id="15">1735.7244</dst>
    </src>
    <src id="15">
      <dst id="12">82.6400</dst>
      <dst id="13">92.7911</dst>
      <dst id="19">36.5244</dst>
      <dst id="23">0.8533</dst>
      <dst id="8">160.8000</dst>
      <dst id="18">21.4044</dst>
      <dst id="4">2468.1689</dst>
      <dst id="1">1350.5067</dst>
      <dst id="5">138.1156</dst>
      <dst id="3">0.3556</dst>
      <dst id="7">534.8978</dst>
      <dst id="2">431.5556</dst>
      <dst id="6">0.9244</dst>
      <dst id="14">0.3556</dst>
      <dst id="11">87.8400</dst>
      <dst id="9">7973.6533</dst>
      <dst id="17">502.9600</dst>
      <dst id="21">94.7822</dst>
    </src>
  </IntraTM>
</TrafficMatrixFile>
