<?xml version="1.0" encoding="UTF-8" standalone="yes"?>
<TrafficMatrixFile xmlns:xsi="http://www.w3.org/2001/XMLSchema-instance" xsi:noNamespaceSchemaLocation="http://totem.run.montefiore.ulg.ac.be/Schema/TrafficMatrix-v1_2.xsd">
  <info>
    <title>Intradomain traffic matrix generated by geant-TM-all.pl</title>
    <date>2005-01-03T21:00:00</date>
    <duration>900</duration>
    <author>Steve Uhlig</author>
    <units>
        <unit type="bandwidth" value="kbps"/>
    </units>
  </info>
  <IntraTM ASID="20965">
    <src id="12">
      <dst id="12">264726.0711</dst>
      <dst id="13">23265.9556</dst>
      <dst id="19">1873.7956</dst>
      <dst id="23">216.1778</dst>
      <dst id="8">6189.4667</dst>
      <dst id="18">754.1956</dst>
      <dst id="4">63802.6133</dst>
      <dst id="1">6605.2444</dst>
      <dst id="5">3776.6578</dst>
      <dst id="3">5876.1867</dst>
      <dst id="22">6156.2400</dst>
      <dst id="7">10298.4533</dst>
      <dst id="2">89457.9556</dst>
      <dst id="6">2.1422</dst>
      <dst id="16">7307.1378</dst>
      <dst id="14">1592.7022</dst>
      <dst id="20">3567.3422</dst>
      <dst id="11">6167.9378</dst>
      <dst id="9">5422.3911</dst>
      <dst id="17">105959.5556</dst>
      <dst id="21">3082.2933</dst>
      <dst id="15">2653.9022</dst>
    </src>
    <src id="13">
      <dst id="12">68186.1600</dst>
      <dst id="19">5937.7067</dst>
      <dst id="23">79.7956</dst>
      <dst id="8">2313.5911</dst>
      <dst id="18">2507.2889</dst>
      <dst id="1">3537.1022</dst>
      <dst id="5">12377.8133</dst>
      <dst id="3">6625.8400</dst>
      <dst id="22">23375.2444</dst>
      <dst id="7">7940.2756</dst>
      <dst id="2">73503.6178</dst>
      <dst id="6">175.5467</dst>
      <dst id="16">31290.8178</dst>
      <dst id="14">2499.7867</dst>
      <dst id="20">6694.3111</dst>
      <dst id="11">11525.3511</dst>
      <dst id="9">30594.9867</dst>
      <dst id="17">45479.0578</dst>
      <dst id="21">16643.6889</dst>
      <dst id="15">6586.4889</dst>
    </src>
    <src id="19">
      <dst id="12">14527.2267</dst>
      <dst id="13">2986.1067</dst>
      <dst id="23">113.9200</dst>
      <dst id="8">0.8356</dst>
      <dst id="18">0.3378</dst>
      <dst id="4">17877.8489</dst>
      <dst id="1">940.9867</dst>
      <dst id="5">64.1422</dst>
      <dst id="3">94.5067</dst>
      <dst id="22">190.3467</dst>
      <dst id="7">2814.6578</dst>
      <dst id="2">201.5289</dst>
      <dst id="6">46.3556</dst>
      <dst id="16">7074.6222</dst>
      <dst id="14">0.6222</dst>
      <dst id="20">624.4267</dst>
      <dst id="11">2.0889</dst>
      <dst id="9">299.5200</dst>
      <dst id="17">517.5289</dst>
      <dst id="21">314.6933</dst>
      <dst id="15">0.3556</dst>
    </src>
    <src id="23">
      <dst id="12">425.1289</dst>
      <dst id="13">45.7778</dst>
      <dst id="19">3.2533</dst>
      <dst id="8">2.1244</dst>
      <dst id="18">15.0756</dst>
      <dst id="4">13.4400</dst>
      <dst id="1">47.2178</dst>
      <dst id="5">27.1289</dst>
      <dst id="3">229.4489</dst>
      <dst id="22">428.0978</dst>
      <dst id="7">142.9778</dst>
      <dst id="2">16.0622</dst>
      <dst id="16">283.5556</dst>
      <dst id="14">1.2444</dst>
      <dst id="20">25.7511</dst>
      <dst id="11">115.4844</dst>
      <dst id="9">1073.3156</dst>
      <dst id="17">98.1422</dst>
      <dst id="21">52.3733</dst>
    </src>
    <src id="8">
      <dst id="12">294882.3556</dst>
      <dst id="13">686.0978</dst>
      <dst id="19">0.4711</dst>
      <dst id="18">36.0889</dst>
      <dst id="4">3529.1822</dst>
      <dst id="1">197.8133</dst>
      <dst id="5">1626.7289</dst>
      <dst id="3">24.2133</dst>
      <dst id="22">3032.8800</dst>
      <dst id="7">28.8178</dst>
      <dst id="2">119526.0800</dst>
      <dst id="6">0.8356</dst>
      <dst id="16">843.6178</dst>
      <dst id="20">35.4222</dst>
      <dst id="11">2580.5422</dst>
      <dst id="9">2333.4578</dst>
      <dst id="17">106440.2844</dst>
      <dst id="21">86.2756</dst>
      <dst id="15">281.9289</dst>
    </src>
    <src id="18">
      <dst id="12">97642.8267</dst>
      <dst id="13">87.8222</dst>
      <dst id="19">1.7333</dst>
      <dst id="23">2.2844</dst>
      <dst id="4">877.1022</dst>
      <dst id="1">1033.4756</dst>
      <dst id="5">114.7911</dst>
      <dst id="3">109.6978</dst>
      <dst id="22">823.4311</dst>
      <dst id="7">19.5467</dst>
      <dst id="2">29519.4311</dst>
      <dst id="16">34.5778</dst>
      <dst id="20">1.8222</dst>
      <dst id="11">220.8711</dst>
      <dst id="9">8.2844</dst>
      <dst id="17">35086.2667</dst>
      <dst id="21">311.4044</dst>
      <dst id="15">1.1022</dst>
    </src>
    <src id="4">
      <dst id="12">18477.1022</dst>
      <dst id="19">15734.7022</dst>
      <dst id="8">2650.7556</dst>
      <dst id="18">660.5422</dst>
      <dst id="4">4.0800</dst>
      <dst id="1">151461.5733</dst>
      <dst id="5">1326.1333</dst>
      <dst id="3">1022.3911</dst>
      <dst id="22">8325.6267</dst>
      <dst id="7">143668.4356</dst>
      <dst id="2">76950.6756</dst>
      <dst id="6">7.8667</dst>
      <dst id="16">1527.9733</dst>
      <dst id="14">1093.3867</dst>
      <dst id="20">2885.4578</dst>
      <dst id="11">8308.0622</dst>
      <dst id="9">3115.2000</dst>
      <dst id="17">74160.4356</dst>
      <dst id="21">7368.6667</dst>
      <dst id="15">415.7422</dst>
    </src>
    <src id="1">
      <dst id="12">16467.5644</dst>
      <dst id="13">727.3333</dst>
      <dst id="19">48.8889</dst>
      <dst id="23">37.6533</dst>
      <dst id="8">115793.6889</dst>
      <dst id="18">15557.8933</dst>
      <dst id="4">2645.5467</dst>
      <dst id="1">11107.2711</dst>
      <dst id="5">206709.7867</dst>
      <dst id="3">152.8089</dst>
      <dst id="22">3650.1689</dst>
      <dst id="7">3385.4400</dst>
      <dst id="2">1648.5422</dst>
      <dst id="6">9665.1822</dst>
      <dst id="16">10856.5422</dst>
      <dst id="14">72.2844</dst>
      <dst id="20">59.9644</dst>
      <dst id="11">2395.6444</dst>
      <dst id="9">211633.1733</dst>
      <dst id="17">1076.6400</dst>
      <dst id="21">9177.9378</dst>
      <dst id="15">292.5867</dst>
    </src>
    <src id="5">
      <dst id="12">305606.4889</dst>
      <dst id="13">1628.4356</dst>
      <dst id="19">20.1867</dst>
      <dst id="23">0.8178</dst>
      <dst id="8">1466.5511</dst>
      <dst id="18">235.0133</dst>
      <dst id="4">8427.5556</dst>
      <dst id="1">1842.3822</dst>
      <dst id="3">1.6267</dst>
      <dst id="22">11080.5778</dst>
      <dst id="7">297.4844</dst>
      <dst id="2">144426.2667</dst>
      <dst id="6">3.6533</dst>
      <dst id="16">1358.5156</dst>
      <dst id="14">49.0222</dst>
      <dst id="20">9867.7156</dst>
      <dst id="11">3021.6711</dst>
      <dst id="9">8487.8489</dst>
      <dst id="17">113988.0889</dst>
      <dst id="21">223.6089</dst>
      <dst id="15">179.0756</dst>
    </src>
    <src id="3">
      <dst id="12">11935.6800</dst>
      <dst id="13">493.6978</dst>
      <dst id="19">1341.4222</dst>
      <dst id="23">8959.1111</dst>
      <dst id="8">44.4000</dst>
      <dst id="18">66808.3822</dst>
      <dst id="4">12204.1956</dst>
      <dst id="1">10449.2889</dst>
      <dst id="5">432.6400</dst>
      <dst id="3">15872.6756</dst>
      <dst id="22">559.5822</dst>
      <dst id="7">1712.7378</dst>
      <dst id="2">4073.8578</dst>
      <dst id="6">1.3600</dst>
      <dst id="16">691.6000</dst>
      <dst id="14">29901.2267</dst>
      <dst id="20">10.2133</dst>
      <dst id="11">143728.9422</dst>
      <dst id="9">328.6044</dst>
      <dst id="17">9467.7778</dst>
      <dst id="21">15337.8844</dst>
      <dst id="15">162.6667</dst>
    </src>
    <src id="10">
      <dst id="12">12985.4667</dst>
      <dst id="19">322.9511</dst>
      <dst id="8">543.5467</dst>
      <dst id="18">2459.9022</dst>
      <dst id="1">2012.3200</dst>
      <dst id="5">850.9689</dst>
      <dst id="3">6556.3644</dst>
      <dst id="22">9621.1378</dst>
      <dst id="7">7753.5289</dst>
      <dst id="2">20961.0311</dst>
      <dst id="6">14.4533</dst>
      <dst id="16">7305.1111</dst>
      <dst id="14">936.9867</dst>
      <dst id="20">3594.9956</dst>
      <dst id="11">5549.9289</dst>
      <dst id="9">1658.2311</dst>
      <dst id="17">20597.3600</dst>
      <dst id="21">7476.4711</dst>
      <dst id="15">507.3422</dst>
    </src>
    <src id="22">
      <dst id="12">8292.1956</dst>
      <dst id="13">3993.5378</dst>
      <dst id="19">253.6889</dst>
      <dst id="23">103.2178</dst>
      <dst id="8">959.8222</dst>
      <dst id="18">152.6756</dst>
      <dst id="4">14511.0400</dst>
      <dst id="1">143.7778</dst>
      <dst id="5">4351.8667</dst>
      <dst id="3">825.3600</dst>
      <dst id="7">849.5911</dst>
      <dst id="2">3851.5200</dst>
      <dst id="6">1.4311</dst>
      <dst id="16">11.0222</dst>
      <dst id="14">169.1556</dst>
      <dst id="11">1117.2000</dst>
      <dst id="9">3403.3689</dst>
      <dst id="17">5574.0089</dst>
      <dst id="21">950.7111</dst>
    </src>
    <src id="7">
      <dst id="12">8211.8578</dst>
      <dst id="13">190.9244</dst>
      <dst id="19">432.2222</dst>
      <dst id="23">74.6756</dst>
      <dst id="8">72.3911</dst>
      <dst id="18">326.3111</dst>
      <dst id="4">19752.4444</dst>
      <dst id="1">5236.3111</dst>
      <dst id="5">839.1378</dst>
      <dst id="3">807.4489</dst>
      <dst id="22">3960.2578</dst>
      <dst id="7">544.3556</dst>
      <dst id="2">7864.3200</dst>
      <dst id="6">29.0311</dst>
      <dst id="16">506.2400</dst>
      <dst id="14">35.7778</dst>
      <dst id="20">1161.8400</dst>
      <dst id="11">1617.2533</dst>
      <dst id="9">797.5822</dst>
      <dst id="17">16194.4356</dst>
      <dst id="21">3708.7289</dst>
      <dst id="15">890.3467</dst>
    </src>
    <src id="2">
      <dst id="12">142725.8844</dst>
      <dst id="13">509909.5822</dst>
      <dst id="19">518.5333</dst>
      <dst id="23">34.2933</dst>
      <dst id="8">931.7333</dst>
      <dst id="18">61412.2133</dst>
      <dst id="4">55898.5689</dst>
      <dst id="1">6285.0933</dst>
      <dst id="5">2129.1022</dst>
      <dst id="3">56.9956</dst>
      <dst id="22">4229.8667</dst>
      <dst id="7">4602.9067</dst>
      <dst id="2">1637.8844</dst>
      <dst id="6">8577.8222</dst>
      <dst id="16">3976.4800</dst>
      <dst id="14">5511.9822</dst>
      <dst id="20">9034.0178</dst>
      <dst id="11">8400.6844</dst>
      <dst id="9">1229.9733</dst>
      <dst id="17">19645.3689</dst>
      <dst id="21">1941.8133</dst>
      <dst id="15">79.1111</dst>
    </src>
    <src id="6">
      <dst id="12">10971.5200</dst>
      <dst id="13">20.8622</dst>
      <dst id="19">2.4267</dst>
      <dst id="23">0.3378</dst>
      <dst id="18">0.3378</dst>
      <dst id="4">1060.7911</dst>
      <dst id="1">5.4311</dst>
      <dst id="5">1.1289</dst>
      <dst id="22">11.9289</dst>
      <dst id="7">3.6622</dst>
      <dst id="2">2626.7644</dst>
      <dst id="20">0.7111</dst>
      <dst id="11">11.4667</dst>
      <dst id="9">0.9600</dst>
      <dst id="17">1348.5422</dst>
      <dst id="21">14.9778</dst>
    </src>
    <src id="16">
      <dst id="12">4088.7200</dst>
      <dst id="13">889.8400</dst>
      <dst id="19">4103.6711</dst>
      <dst id="23">17.2178</dst>
      <dst id="8">4082.8889</dst>
      <dst id="18">17.4044</dst>
      <dst id="4">4242.0000</dst>
      <dst id="1">14980.3200</dst>
      <dst id="5">5011.5644</dst>
      <dst id="3">214.8178</dst>
      <dst id="7">239.7156</dst>
      <dst id="2">1020.0711</dst>
      <dst id="6">0.3556</dst>
      <dst id="16">44.6933</dst>
      <dst id="14">76.0889</dst>
      <dst id="11">293.8756</dst>
      <dst id="9">5750.0800</dst>
      <dst id="17">2106.9778</dst>
      <dst id="21">2687.4578</dst>
    </src>
    <src id="14">
      <dst id="12">17441.4133</dst>
      <dst id="13">371.1822</dst>
      <dst id="19">4.4444</dst>
      <dst id="4">1977.1911</dst>
      <dst id="1">73.4578</dst>
      <dst id="5">17.0756</dst>
      <dst id="3">66.6489</dst>
      <dst id="22">6.1956</dst>
      <dst id="7">73.2978</dst>
      <dst id="2">5745.8311</dst>
      <dst id="16">3.3244</dst>
      <dst id="20">23.1111</dst>
      <dst id="11">77.4578</dst>
      <dst id="9">38.9689</dst>
      <dst id="17">8458.6400</dst>
      <dst id="21">69.7511</dst>
      <dst id="15">1.0667</dst>
    </src>
    <src id="20">
      <dst id="12">6261.7511</dst>
      <dst id="13">974.7022</dst>
      <dst id="19">18.8267</dst>
      <dst id="23">54.8978</dst>
      <dst id="8">87.1378</dst>
      <dst id="18">11.6267</dst>
      <dst id="4">4827.8667</dst>
      <dst id="1">203.3333</dst>
      <dst id="5">2610.6667</dst>
      <dst id="3">252.6844</dst>
      <dst id="7">714.4356</dst>
      <dst id="2">3038.4444</dst>
      <dst id="6">0.8889</dst>
      <dst id="14">1776.2311</dst>
      <dst id="11">874.8622</dst>
      <dst id="9">4351.3422</dst>
      <dst id="17">1144.9333</dst>
      <dst id="21">1260.0444</dst>
    </src>
    <src id="11">
      <dst id="12">375671.1467</dst>
      <dst id="13">2628.0178</dst>
      <dst id="19">24.3378</dst>
      <dst id="23">2.3111</dst>
      <dst id="8">528.5333</dst>
      <dst id="18">1138.8178</dst>
      <dst id="4">8296.2489</dst>
      <dst id="1">923.3867</dst>
      <dst id="5">1543.0844</dst>
      <dst id="3">448.7111</dst>
      <dst id="22">2535.4667</dst>
      <dst id="7">670.4978</dst>
      <dst id="2">161640.6044</dst>
      <dst id="6">0.3556</dst>
      <dst id="16">194.9244</dst>
      <dst id="14">38.4267</dst>
      <dst id="20">1126.4267</dst>
      <dst id="11">2565.4044</dst>
      <dst id="9">1162.8622</dst>
      <dst id="17">148896.2489</dst>
      <dst id="21">9541.8489</dst>
      <dst id="15">18.5867</dst>
    </src>
    <src id="9">
      <dst id="12">395529.2356</dst>
      <dst id="13">3035.1200</dst>
      <dst id="19">126.5156</dst>
      <dst id="23">26.8889</dst>
      <dst id="8">3761.9200</dst>
      <dst id="18">283.6178</dst>
      <dst id="4">6994.5244</dst>
      <dst id="1">937.5111</dst>
      <dst id="5">25915.8756</dst>
      <dst id="3">1.3156</dst>
      <dst id="22">8004.4533</dst>
      <dst id="7">240.8356</dst>
      <dst id="2">141181.3156</dst>
      <dst id="6">0.7556</dst>
      <dst id="16">910.4800</dst>
      <dst id="14">3.8756</dst>
      <dst id="20">3098.8533</dst>
      <dst id="11">1084.8622</dst>
      <dst id="9">91.3244</dst>
      <dst id="17">197672.5778</dst>
      <dst id="21">4455.3689</dst>
      <dst id="15">1326.2044</dst>
    </src>
    <src id="17">
      <dst id="12">9866.4444</dst>
      <dst id="13">1272.8978</dst>
      <dst id="19">210.2578</dst>
      <dst id="23">52.6044</dst>
      <dst id="8">129009.1467</dst>
      <dst id="18">163.5111</dst>
      <dst id="4">40269.1378</dst>
      <dst id="1">835.4044</dst>
      <dst id="5">244355.2356</dst>
      <dst id="3">8719.3600</dst>
      <dst id="22">12740.5956</dst>
      <dst id="7">2224.0711</dst>
      <dst id="2">21796.1956</dst>
      <dst id="6">68.8000</dst>
      <dst id="16">6156.2400</dst>
      <dst id="14">24855.1200</dst>
      <dst id="20">1195.7244</dst>
      <dst id="11">109880.0533</dst>
      <dst id="9">215776.4533</dst>
      <dst id="17">1505.4844</dst>
      <dst id="21">12264.4800</dst>
      <dst id="15">57.3689</dst>
    </src>
    <src id="21">
      <dst id="12">24051.9644</dst>
      <dst id="13">342.8711</dst>
      <dst id="19">378.1956</dst>
      <dst id="23">22.6400</dst>
      <dst id="8">68.1511</dst>
      <dst id="18">1057.3156</dst>
      <dst id="4">12523.8489</dst>
      <dst id="1">1130.6667</dst>
      <dst id="5">911.4311</dst>
      <dst id="3">612.4000</dst>
      <dst id="22">2559.9378</dst>
      <dst id="7">476.7467</dst>
      <dst id="2">12750.6133</dst>
      <dst id="6">16.1778</dst>
      <dst id="16">344.6311</dst>
      <dst id="14">54.8622</dst>
      <dst id="20">299.0489</dst>
      <dst id="11">858.4178</dst>
      <dst id="9">1514.0533</dst>
      <dst id="17">5009.3867</dst>
      <dst id="21">897.3867</dst>
      <dst id="15">5.3511</dst>
    </src>
    <src id="15">
      <dst id="12">175.2889</dst>
      <dst id="13">324.4089</dst>
      <dst id="8">8.3556</dst>
      <dst id="18">2.8711</dst>
      <dst id="4">2539.6089</dst>
      <dst id="1">701.7244</dst>
      <dst id="5">44.3111</dst>
      <dst id="3">6.3200</dst>
      <dst id="7">44.2489</dst>
      <dst id="2">72.8978</dst>
      <dst id="6">0.3556</dst>
      <dst id="16">0.5333</dst>
      <dst id="14">89.5289</dst>
      <dst id="11">83.9556</dst>
      <dst id="9">208.6756</dst>
      <dst id="17">796.3911</dst>
      <dst id="21">43.5556</dst>
    </src>
  </IntraTM>
</TrafficMatrixFile>
