<?xml version="1.0" encoding="UTF-8" standalone="yes"?>
<TrafficMatrixFile xmlns:xsi="http://www.w3.org/2001/XMLSchema-instance" xsi:noNamespaceSchemaLocation="http://totem.run.montefiore.ulg.ac.be/Schema/TrafficMatrix-v1_2.xsd">
  <info>
    <title>Intradomain traffic matrix generated by geant-TM-all.pl</title>
    <date>2005-01-01T10:30:00</date>
    <duration>900</duration>
    <author>Steve Uhlig</author>
    <units>
        <unit type="bandwidth" value="kbps"/>
    </units>
  </info>
  <IntraTM ASID="20965">
    <src id="12">
      <dst id="12">233285.9556</dst>
      <dst id="13">11690.7733</dst>
      <dst id="19">4460.2756</dst>
      <dst id="23">129.8311</dst>
      <dst id="8">2066.2489</dst>
      <dst id="18">683.1378</dst>
      <dst id="4">94630.9956</dst>
      <dst id="1">7774.6844</dst>
      <dst id="5">4106.8533</dst>
      <dst id="3">2946.2489</dst>
      <dst id="22">21109.9556</dst>
      <dst id="7">8729.9111</dst>
      <dst id="2">77762.9600</dst>
      <dst id="6">34.8622</dst>
      <dst id="16">6144.6756</dst>
      <dst id="14">1059.9556</dst>
      <dst id="20">15870.1689</dst>
      <dst id="11">1843.5911</dst>
      <dst id="9">5024.1778</dst>
      <dst id="17">63167.4933</dst>
      <dst id="21">8414.8444</dst>
      <dst id="15">5223.4844</dst>
    </src>
    <src id="13">
      <dst id="12">46568.6844</dst>
      <dst id="19">19828.5778</dst>
      <dst id="23">148.9422</dst>
      <dst id="8">1910.9333</dst>
      <dst id="18">3100.0178</dst>
      <dst id="4">0.7111</dst>
      <dst id="1">2619.8311</dst>
      <dst id="5">6981.7511</dst>
      <dst id="3">5890.8356</dst>
      <dst id="22">18998.6311</dst>
      <dst id="7">7507.2533</dst>
      <dst id="2">93836.1333</dst>
      <dst id="6">92.9956</dst>
      <dst id="16">8498.3467</dst>
      <dst id="14">2397.6356</dst>
      <dst id="20">5846.5511</dst>
      <dst id="11">15263.7600</dst>
      <dst id="9">6506.4711</dst>
      <dst id="17">67946.5511</dst>
      <dst id="21">19134.9778</dst>
      <dst id="15">2383.6978</dst>
    </src>
    <src id="19">
      <dst id="12">12074.3111</dst>
      <dst id="13">3574.3200</dst>
      <dst id="23">0.8356</dst>
      <dst id="8">3.6356</dst>
      <dst id="18">1.8400</dst>
      <dst id="4">21246.6133</dst>
      <dst id="1">171.8489</dst>
      <dst id="5">47.6444</dst>
      <dst id="3">561.8578</dst>
      <dst id="22">850.3911</dst>
      <dst id="7">2965.7067</dst>
      <dst id="2">629.2089</dst>
      <dst id="6">36.5333</dst>
      <dst id="16">11852.8622</dst>
      <dst id="14">4.4089</dst>
      <dst id="20">14.1867</dst>
      <dst id="11">282.4444</dst>
      <dst id="9">31.6178</dst>
      <dst id="17">656.8356</dst>
      <dst id="21">337.1200</dst>
      <dst id="15">67.0222</dst>
    </src>
    <src id="23">
      <dst id="12">197.0133</dst>
      <dst id="13">106.1511</dst>
      <dst id="19">0.4711</dst>
      <dst id="8">26.6667</dst>
      <dst id="18">76.8533</dst>
      <dst id="4">28.0178</dst>
      <dst id="1">100.2311</dst>
      <dst id="5">17.3956</dst>
      <dst id="3">37.8667</dst>
      <dst id="22">0.4622</dst>
      <dst id="7">241.8489</dst>
      <dst id="2">116.7822</dst>
      <dst id="16">2.6311</dst>
      <dst id="11">79.0578</dst>
      <dst id="9">512.7022</dst>
      <dst id="17">1805.9556</dst>
      <dst id="21">1464.6756</dst>
    </src>
    <src id="8">
      <dst id="12">304152.0000</dst>
      <dst id="13">484.6222</dst>
      <dst id="19">181.2889</dst>
      <dst id="18">43.3422</dst>
      <dst id="4">6623.8756</dst>
      <dst id="1">106.8178</dst>
      <dst id="5">868.5422</dst>
      <dst id="3">16.6400</dst>
      <dst id="22">819.9378</dst>
      <dst id="7">40.9067</dst>
      <dst id="2">93851.6000</dst>
      <dst id="6">27.0578</dst>
      <dst id="16">282.5600</dst>
      <dst id="20">330.2400</dst>
      <dst id="11">391.4133</dst>
      <dst id="9">367.6622</dst>
      <dst id="17">58805.1289</dst>
      <dst id="21">173.2178</dst>
      <dst id="15">2460.1333</dst>
    </src>
    <src id="18">
      <dst id="12">124022.5956</dst>
      <dst id="13">954.3556</dst>
      <dst id="23">1.9378</dst>
      <dst id="8">2.7467</dst>
      <dst id="4">4138.0178</dst>
      <dst id="1">628.7111</dst>
      <dst id="5">211.4489</dst>
      <dst id="3">55.9289</dst>
      <dst id="22">132.6311</dst>
      <dst id="7">25.5911</dst>
      <dst id="2">34070.7289</dst>
      <dst id="16">6.9778</dst>
      <dst id="14">1.7956</dst>
      <dst id="20">29.4489</dst>
      <dst id="11">140.6844</dst>
      <dst id="9">151.4489</dst>
      <dst id="17">29001.6444</dst>
      <dst id="21">295.4844</dst>
      <dst id="15">6.4889</dst>
    </src>
    <src id="4">
      <dst id="12">60394.3378</dst>
      <dst id="19">8690.2933</dst>
      <dst id="8">3036.0711</dst>
      <dst id="18">799.7422</dst>
      <dst id="4">1.8311</dst>
      <dst id="1">797.6444</dst>
      <dst id="5">4652.5067</dst>
      <dst id="3">8417.9022</dst>
      <dst id="22">4483.8044</dst>
      <dst id="7">60619.1556</dst>
      <dst id="2">36181.4311</dst>
      <dst id="6">0.3556</dst>
      <dst id="16">1586.2578</dst>
      <dst id="14">705.7156</dst>
      <dst id="20">437.9200</dst>
      <dst id="11">4425.6800</dst>
      <dst id="9">2635.5289</dst>
      <dst id="17">42081.3778</dst>
      <dst id="21">4041.3956</dst>
      <dst id="15">2533.9200</dst>
    </src>
    <src id="1">
      <dst id="12">15812.1600</dst>
      <dst id="13">490.3022</dst>
      <dst id="19">3473.4933</dst>
      <dst id="23">49.0222</dst>
      <dst id="8">68287.4133</dst>
      <dst id="18">11497.5200</dst>
      <dst id="4">5799.0133</dst>
      <dst id="1">56.1067</dst>
      <dst id="5">138801.9822</dst>
      <dst id="3">39144.1956</dst>
      <dst id="22">1021.8044</dst>
      <dst id="7">12595.9200</dst>
      <dst id="2">2107.1022</dst>
      <dst id="6">7130.5778</dst>
      <dst id="16">17407.3956</dst>
      <dst id="14">91.4489</dst>
      <dst id="20">101.8489</dst>
      <dst id="11">181.6178</dst>
      <dst id="9">151720.0622</dst>
      <dst id="17">3239.1022</dst>
      <dst id="21">7969.1822</dst>
      <dst id="15">121.6889</dst>
    </src>
    <src id="5">
      <dst id="12">302482.7644</dst>
      <dst id="13">1374.0889</dst>
      <dst id="19">1.5022</dst>
      <dst id="23">121.5289</dst>
      <dst id="8">967.2444</dst>
      <dst id="18">167.1467</dst>
      <dst id="4">5212.5689</dst>
      <dst id="1">217.0222</dst>
      <dst id="3">128.6311</dst>
      <dst id="22">3105.8933</dst>
      <dst id="7">100.4800</dst>
      <dst id="2">109806.8178</dst>
      <dst id="16">461.8044</dst>
      <dst id="14">109.0222</dst>
      <dst id="20">250.9778</dst>
      <dst id="11">1216.1067</dst>
      <dst id="9">816.8444</dst>
      <dst id="17">60574.0711</dst>
      <dst id="21">317.2711</dst>
      <dst id="15">494.5244</dst>
    </src>
    <src id="3">
      <dst id="12">22025.5467</dst>
      <dst id="13">721.0400</dst>
      <dst id="19">4181.4222</dst>
      <dst id="23">1.1378</dst>
      <dst id="8">69.4756</dst>
      <dst id="18">76603.4667</dst>
      <dst id="4">69180.1422</dst>
      <dst id="1">9154.9422</dst>
      <dst id="5">143.0667</dst>
      <dst id="3">12004.3200</dst>
      <dst id="22">275.6000</dst>
      <dst id="7">2174.0978</dst>
      <dst id="2">3662.1689</dst>
      <dst id="6">0.7111</dst>
      <dst id="16">772.1956</dst>
      <dst id="14">25826.6133</dst>
      <dst id="20">363.7156</dst>
      <dst id="11">104115.8933</dst>
      <dst id="9">79.4489</dst>
      <dst id="17">8512.8622</dst>
      <dst id="21">8051.3333</dst>
      <dst id="15">34.7644</dst>
    </src>
    <src id="10">
      <dst id="12">10397.0133</dst>
      <dst id="19">2484.9422</dst>
      <dst id="8">1086.3644</dst>
      <dst id="18">842.8533</dst>
      <dst id="1">473.0756</dst>
      <dst id="5">754.0711</dst>
      <dst id="3">9292.3200</dst>
      <dst id="22">6403.1911</dst>
      <dst id="7">5525.2000</dst>
      <dst id="2">23171.8578</dst>
      <dst id="6">13.3422</dst>
      <dst id="16">4562.6933</dst>
      <dst id="14">4246.7644</dst>
      <dst id="20">2157.0933</dst>
      <dst id="11">3143.4844</dst>
      <dst id="9">2284.2311</dst>
      <dst id="17">20249.0222</dst>
      <dst id="21">14677.3422</dst>
      <dst id="15">801.5644</dst>
    </src>
    <src id="22">
      <dst id="12">10488.9600</dst>
      <dst id="13">2220.7111</dst>
      <dst id="19">160.0356</dst>
      <dst id="23">6.1156</dst>
      <dst id="8">2094.9333</dst>
      <dst id="18">613.0844</dst>
      <dst id="4">24825.2978</dst>
      <dst id="1">88.0800</dst>
      <dst id="5">2959.8044</dst>
      <dst id="3">146.2933</dst>
      <dst id="7">1525.5200</dst>
      <dst id="2">1882.1067</dst>
      <dst id="6">0.9867</dst>
      <dst id="16">0.8178</dst>
      <dst id="14">132.0267</dst>
      <dst id="11">3771.0044</dst>
      <dst id="9">3780.3556</dst>
      <dst id="17">4263.3956</dst>
      <dst id="21">726.0800</dst>
    </src>
    <src id="7">
      <dst id="12">2844.6133</dst>
      <dst id="13">205.2178</dst>
      <dst id="19">155.6800</dst>
      <dst id="23">121.2978</dst>
      <dst id="8">724.5956</dst>
      <dst id="18">1238.5244</dst>
      <dst id="4">51350.7911</dst>
      <dst id="1">938.5333</dst>
      <dst id="5">1371.7778</dst>
      <dst id="3">4287.3511</dst>
      <dst id="22">5877.9022</dst>
      <dst id="7">890.5600</dst>
      <dst id="2">8622.5156</dst>
      <dst id="6">1.0489</dst>
      <dst id="16">288.8267</dst>
      <dst id="14">140.1156</dst>
      <dst id="20">66.6933</dst>
      <dst id="11">505.9200</dst>
      <dst id="9">496.0089</dst>
      <dst id="17">7199.1111</dst>
      <dst id="21">3536.3556</dst>
      <dst id="15">11221.6889</dst>
    </src>
    <src id="2">
      <dst id="12">65775.9378</dst>
      <dst id="13">12242.4978</dst>
      <dst id="19">223.7333</dst>
      <dst id="23">25.2444</dst>
      <dst id="8">168.9511</dst>
      <dst id="18">67116.8356</dst>
      <dst id="4">116374.1778</dst>
      <dst id="1">2410.4889</dst>
      <dst id="5">782.6044</dst>
      <dst id="3">1239.5911</dst>
      <dst id="22">2587.3244</dst>
      <dst id="7">10622.6933</dst>
      <dst id="2">478.4800</dst>
      <dst id="6">4771.2711</dst>
      <dst id="16">3501.4844</dst>
      <dst id="14">229.1822</dst>
      <dst id="20">416.6489</dst>
      <dst id="11">3904.9422</dst>
      <dst id="9">416.3644</dst>
      <dst id="17">24481.4044</dst>
      <dst id="21">2931.9111</dst>
      <dst id="15">25.7156</dst>
    </src>
    <src id="6">
      <dst id="12">7671.6711</dst>
      <dst id="13">28.2133</dst>
      <dst id="19">1.2444</dst>
      <dst id="8">26.6667</dst>
      <dst id="4">11.2978</dst>
      <dst id="1">12.6044</dst>
      <dst id="3">11.1467</dst>
      <dst id="22">26.6667</dst>
      <dst id="7">0.6311</dst>
      <dst id="2">1709.3689</dst>
      <dst id="11">0.8622</dst>
      <dst id="17">940.2044</dst>
      <dst id="21">1.6800</dst>
    </src>
    <src id="16">
      <dst id="12">2999.9733</dst>
      <dst id="13">755.1644</dst>
      <dst id="19">4505.0133</dst>
      <dst id="23">1.8489</dst>
      <dst id="8">1803.0222</dst>
      <dst id="18">7.5378</dst>
      <dst id="4">8542.9778</dst>
      <dst id="1">22203.1378</dst>
      <dst id="5">540.9067</dst>
      <dst id="3">1567.3511</dst>
      <dst id="7">2242.0711</dst>
      <dst id="2">964.6578</dst>
      <dst id="16">15.4133</dst>
      <dst id="14">0.3556</dst>
      <dst id="11">400.3911</dst>
      <dst id="9">3625.2711</dst>
      <dst id="17">2190.0622</dst>
      <dst id="21">115.2711</dst>
    </src>
    <src id="14">
      <dst id="12">17372.2844</dst>
      <dst id="13">19.8667</dst>
      <dst id="19">60.0533</dst>
      <dst id="18">0.4622</dst>
      <dst id="4">2224.8000</dst>
      <dst id="1">60.9511</dst>
      <dst id="5">28.7467</dst>
      <dst id="3">50.7378</dst>
      <dst id="22">31.2889</dst>
      <dst id="7">49.6444</dst>
      <dst id="2">5762.5689</dst>
      <dst id="16">1.8400</dst>
      <dst id="20">0.3556</dst>
      <dst id="11">26.0356</dst>
      <dst id="9">0.4622</dst>
      <dst id="17">4542.9422</dst>
      <dst id="21">57.5822</dst>
      <dst id="15">5.8044</dst>
    </src>
    <src id="20">
      <dst id="12">12553.0844</dst>
      <dst id="13">4266.8711</dst>
      <dst id="19">2.6489</dst>
      <dst id="8">95.5644</dst>
      <dst id="18">712.9778</dst>
      <dst id="4">14824.9956</dst>
      <dst id="1">33.6800</dst>
      <dst id="5">1515.8667</dst>
      <dst id="3">32.6667</dst>
      <dst id="7">137.8578</dst>
      <dst id="2">6941.7689</dst>
      <dst id="14">0.4267</dst>
      <dst id="11">1354.4089</dst>
      <dst id="9">854.2222</dst>
      <dst id="17">2180.4711</dst>
      <dst id="21">530.1689</dst>
    </src>
    <src id="11">
      <dst id="12">369770.8356</dst>
      <dst id="13">854.9778</dst>
      <dst id="19">42.6844</dst>
      <dst id="23">14.1689</dst>
      <dst id="8">2984.7733</dst>
      <dst id="18">264.5600</dst>
      <dst id="4">10485.7867</dst>
      <dst id="1">369.8933</dst>
      <dst id="5">485.1644</dst>
      <dst id="3">2648.0089</dst>
      <dst id="22">4412.0889</dst>
      <dst id="7">330.7556</dst>
      <dst id="2">134734.1511</dst>
      <dst id="16">540.3289</dst>
      <dst id="14">37.1467</dst>
      <dst id="20">2806.2489</dst>
      <dst id="11">722.4356</dst>
      <dst id="9">217.5022</dst>
      <dst id="17">74997.4133</dst>
      <dst id="21">1913.3156</dst>
      <dst id="15">75.8311</dst>
    </src>
    <src id="9">
      <dst id="12">510969.6089</dst>
      <dst id="13">7952.3200</dst>
      <dst id="19">1.5467</dst>
      <dst id="23">17.2800</dst>
      <dst id="8">69.1822</dst>
      <dst id="18">4017.9556</dst>
      <dst id="4">13534.5956</dst>
      <dst id="1">2252.8533</dst>
      <dst id="5">703.4756</dst>
      <dst id="3">136.4000</dst>
      <dst id="22">6673.0933</dst>
      <dst id="7">226.2844</dst>
      <dst id="2">141972.2933</dst>
      <dst id="6">0.8267</dst>
      <dst id="16">188.0089</dst>
      <dst id="14">43.4667</dst>
      <dst id="20">726.0444</dst>
      <dst id="11">305.2889</dst>
      <dst id="9">400.6222</dst>
      <dst id="17">120978.2667</dst>
      <dst id="21">435.3422</dst>
      <dst id="15">203.1733</dst>
    </src>
    <src id="17">
      <dst id="12">13211.2267</dst>
      <dst id="13">12760.7111</dst>
      <dst id="19">14342.2578</dst>
      <dst id="23">19.3778</dst>
      <dst id="8">92051.3778</dst>
      <dst id="18">851.0133</dst>
      <dst id="4">156970.7022</dst>
      <dst id="1">868.8267</dst>
      <dst id="5">161076.3467</dst>
      <dst id="3">10669.6178</dst>
      <dst id="22">4906.8889</dst>
      <dst id="7">12331.2800</dst>
      <dst id="2">18589.8578</dst>
      <dst id="6">11.9911</dst>
      <dst id="16">7279.5822</dst>
      <dst id="14">13044.2844</dst>
      <dst id="20">240.3467</dst>
      <dst id="11">84899.7600</dst>
      <dst id="9">152284.3378</dst>
      <dst id="17">6633.3067</dst>
      <dst id="21">10655.6800</dst>
      <dst id="15">57.2889</dst>
    </src>
    <src id="21">
      <dst id="12">22116.9778</dst>
      <dst id="13">1837.2800</dst>
      <dst id="19">287.7244</dst>
      <dst id="23">59.9644</dst>
      <dst id="8">23.0844</dst>
      <dst id="18">1113.9111</dst>
      <dst id="4">31150.0000</dst>
      <dst id="1">1353.4756</dst>
      <dst id="5">705.6267</dst>
      <dst id="3">1412.5778</dst>
      <dst id="22">1012.0178</dst>
      <dst id="7">635.7778</dst>
      <dst id="2">10857.6356</dst>
      <dst id="6">2.3822</dst>
      <dst id="16">111.6711</dst>
      <dst id="14">59.1378</dst>
      <dst id="20">272.2400</dst>
      <dst id="11">3470.9778</dst>
      <dst id="9">578.4622</dst>
      <dst id="17">4815.0756</dst>
      <dst id="21">1528.0533</dst>
      <dst id="15">6.0444</dst>
    </src>
    <src id="15">
      <dst id="12">2785.6089</dst>
      <dst id="13">314.9511</dst>
      <dst id="19">2.5956</dst>
      <dst id="23">12.6222</dst>
      <dst id="8">294.4889</dst>
      <dst id="18">5.3333</dst>
      <dst id="4">10986.3378</dst>
      <dst id="1">61.8667</dst>
      <dst id="5">8212.3289</dst>
      <dst id="3">392.1867</dst>
      <dst id="7">251.1200</dst>
      <dst id="2">97.7600</dst>
      <dst id="11">188.0089</dst>
      <dst id="9">626.4533</dst>
      <dst id="17">488.2844</dst>
      <dst id="21">74.9244</dst>
    </src>
  </IntraTM>
</TrafficMatrixFile>
