<?xml version="1.0" encoding="UTF-8" standalone="yes"?>
<TrafficMatrixFile xmlns:xsi="http://www.w3.org/2001/XMLSchema-instance" xsi:noNamespaceSchemaLocation="http://totem.run.montefiore.ulg.ac.be/Schema/TrafficMatrix-v1_2.xsd">
  <info>
    <title>Intradomain traffic matrix generated by geant-TM-all.pl</title>
    <date>2005-01-02T02:15:00</date>
    <duration>900</duration>
    <author>Steve Uhlig</author>
    <units>
        <unit type="bandwidth" value="kbps"/>
    </units>
  </info>
  <IntraTM ASID="20965">
    <src id="12">
      <dst id="12">309794.6933</dst>
      <dst id="13">23524.8978</dst>
      <dst id="19">5319.8667</dst>
      <dst id="23">405.9200</dst>
      <dst id="8">8998.5956</dst>
      <dst id="18">2288.4711</dst>
      <dst id="4">129580.1511</dst>
      <dst id="1">10569.9644</dst>
      <dst id="5">6337.6533</dst>
      <dst id="3">18761.3156</dst>
      <dst id="22">21907.9644</dst>
      <dst id="7">25268.1244</dst>
      <dst id="2">117961.7333</dst>
      <dst id="6">8.0978</dst>
      <dst id="16">6002.5244</dst>
      <dst id="14">2084.9778</dst>
      <dst id="20">32666.9956</dst>
      <dst id="11">15266.9778</dst>
      <dst id="9">20605.2267</dst>
      <dst id="17">84209.4933</dst>
      <dst id="21">19532.3200</dst>
      <dst id="15">5566.9778</dst>
    </src>
    <src id="13">
      <dst id="12">69139.1911</dst>
      <dst id="19">6147.9822</dst>
      <dst id="23">353.4044</dst>
      <dst id="8">12925.3511</dst>
      <dst id="18">7931.8400</dst>
      <dst id="4">0.6756</dst>
      <dst id="1">5536.8800</dst>
      <dst id="5">26369.7067</dst>
      <dst id="3">18346.6667</dst>
      <dst id="22">32426.6222</dst>
      <dst id="7">12362.0178</dst>
      <dst id="2">142223.6267</dst>
      <dst id="6">120.4267</dst>
      <dst id="16">8544.4089</dst>
      <dst id="14">5012.2400</dst>
      <dst id="20">40730.8000</dst>
      <dst id="11">16669.7156</dst>
      <dst id="9">17952.0000</dst>
      <dst id="17">71384.7289</dst>
      <dst id="21">43110.3022</dst>
      <dst id="15">3493.8844</dst>
    </src>
    <src id="19">
      <dst id="12">13664.4267</dst>
      <dst id="13">1041.8667</dst>
      <dst id="23">177.0311</dst>
      <dst id="8">65.7600</dst>
      <dst id="18">672.0356</dst>
      <dst id="4">23271.9022</dst>
      <dst id="1">104.2933</dst>
      <dst id="5">125.1378</dst>
      <dst id="3">1083.6800</dst>
      <dst id="22">766.5333</dst>
      <dst id="7">4120.1867</dst>
      <dst id="2">1360.8711</dst>
      <dst id="6">102.6933</dst>
      <dst id="16">5998.8800</dst>
      <dst id="14">1.7511</dst>
      <dst id="20">518.7111</dst>
      <dst id="11">207.8933</dst>
      <dst id="9">992.8711</dst>
      <dst id="17">2107.2800</dst>
      <dst id="21">574.5067</dst>
      <dst id="15">37.8578</dst>
    </src>
    <src id="23">
      <dst id="12">442.3289</dst>
      <dst id="13">133.5733</dst>
      <dst id="19">30.5956</dst>
      <dst id="8">57.3511</dst>
      <dst id="18">16.6933</dst>
      <dst id="4">261.8133</dst>
      <dst id="1">87.2533</dst>
      <dst id="5">40.3733</dst>
      <dst id="3">583.8044</dst>
      <dst id="22">500.4000</dst>
      <dst id="7">70.0889</dst>
      <dst id="2">85.9467</dst>
      <dst id="6">2.3111</dst>
      <dst id="16">11.5378</dst>
      <dst id="14">4.7022</dst>
      <dst id="20">104.4800</dst>
      <dst id="11">24.6667</dst>
      <dst id="9">96.6222</dst>
      <dst id="17">305.8133</dst>
      <dst id="21">628.9422</dst>
    </src>
    <src id="8">
      <dst id="12">386717.3244</dst>
      <dst id="13">1702.6578</dst>
      <dst id="19">323.3156</dst>
      <dst id="23">65.6000</dst>
      <dst id="18">320.3733</dst>
      <dst id="4">6680.0089</dst>
      <dst id="1">24.5244</dst>
      <dst id="5">2554.4978</dst>
      <dst id="3">70.1956</dst>
      <dst id="22">2577.8756</dst>
      <dst id="7">39.1111</dst>
      <dst id="2">153010.0889</dst>
      <dst id="16">553.4133</dst>
      <dst id="20">2099.6800</dst>
      <dst id="11">371.3422</dst>
      <dst id="9">2053.9200</dst>
      <dst id="17">108241.5022</dst>
      <dst id="21">407.6978</dst>
      <dst id="15">42.3111</dst>
    </src>
    <src id="18">
      <dst id="12">127136.8178</dst>
      <dst id="13">138.9156</dst>
      <dst id="19">14.0889</dst>
      <dst id="23">3.2089</dst>
      <dst id="8">193.0311</dst>
      <dst id="4">1600.0889</dst>
      <dst id="1">1079.2089</dst>
      <dst id="5">438.8444</dst>
      <dst id="3">69.7778</dst>
      <dst id="22">439.6178</dst>
      <dst id="7">285.1378</dst>
      <dst id="2">37639.4222</dst>
      <dst id="16">24.3111</dst>
      <dst id="14">1.7422</dst>
      <dst id="20">65.5111</dst>
      <dst id="11">163.6800</dst>
      <dst id="9">202.3111</dst>
      <dst id="17">34865.2978</dst>
      <dst id="21">1429.3244</dst>
      <dst id="15">3.7244</dst>
    </src>
    <src id="4">
      <dst id="12">20764.1511</dst>
      <dst id="19">10349.6178</dst>
      <dst id="23">7.9644</dst>
      <dst id="8">2034.2311</dst>
      <dst id="18">3491.3422</dst>
      <dst id="4">13.6533</dst>
      <dst id="1">2435.9289</dst>
      <dst id="5">2599.7422</dst>
      <dst id="3">19306.7911</dst>
      <dst id="22">5835.7867</dst>
      <dst id="7">97209.7156</dst>
      <dst id="2">61038.6133</dst>
      <dst id="6">56.5956</dst>
      <dst id="16">1850.1778</dst>
      <dst id="14">5357.3511</dst>
      <dst id="20">5991.3422</dst>
      <dst id="11">13807.8133</dst>
      <dst id="9">2988.5333</dst>
      <dst id="17">30733.3689</dst>
      <dst id="21">18274.1778</dst>
      <dst id="15">2933.2178</dst>
    </src>
    <src id="1">
      <dst id="12">14705.0844</dst>
      <dst id="13">1516.1867</dst>
      <dst id="19">57.1644</dst>
      <dst id="23">96.5689</dst>
      <dst id="8">180746.2311</dst>
      <dst id="18">14389.7689</dst>
      <dst id="4">16630.7200</dst>
      <dst id="1">104.9244</dst>
      <dst id="5">283657.0133</dst>
      <dst id="3">83337.5022</dst>
      <dst id="22">8281.1022</dst>
      <dst id="7">1958.3556</dst>
      <dst id="2">14798.7111</dst>
      <dst id="6">9028.8533</dst>
      <dst id="16">11275.2089</dst>
      <dst id="14">364.2756</dst>
      <dst id="20">516.5156</dst>
      <dst id="11">397.8933</dst>
      <dst id="9">291721.1556</dst>
      <dst id="17">7911.3333</dst>
      <dst id="21">6881.7689</dst>
      <dst id="15">205.7067</dst>
    </src>
    <src id="5">
      <dst id="12">412101.3511</dst>
      <dst id="13">2863.6889</dst>
      <dst id="19">228.1156</dst>
      <dst id="23">390.9244</dst>
      <dst id="8">4267.2978</dst>
      <dst id="18">249.6533</dst>
      <dst id="4">5492.3556</dst>
      <dst id="1">95.1200</dst>
      <dst id="3">1062.3289</dst>
      <dst id="22">8545.4133</dst>
      <dst id="7">338.9244</dst>
      <dst id="2">168843.4578</dst>
      <dst id="6">27.7422</dst>
      <dst id="16">1871.7867</dst>
      <dst id="14">83.6711</dst>
      <dst id="20">5631.0667</dst>
      <dst id="11">1588.3911</dst>
      <dst id="9">3265.7956</dst>
      <dst id="17">102950.8800</dst>
      <dst id="21">594.3289</dst>
      <dst id="15">252.0356</dst>
    </src>
    <src id="3">
      <dst id="12">12057.9556</dst>
      <dst id="13">1053.1644</dst>
      <dst id="19">2813.9822</dst>
      <dst id="23">146.4622</dst>
      <dst id="8">10.7289</dst>
      <dst id="18">165190.7911</dst>
      <dst id="4">26897.7956</dst>
      <dst id="1">13341.8400</dst>
      <dst id="5">655.4400</dst>
      <dst id="3">19688.7200</dst>
      <dst id="22">4778.6311</dst>
      <dst id="7">6809.5289</dst>
      <dst id="2">12142.7289</dst>
      <dst id="6">9.1822</dst>
      <dst id="16">1752.4444</dst>
      <dst id="14">46223.1911</dst>
      <dst id="20">396.7733</dst>
      <dst id="11">195150.1956</dst>
      <dst id="9">508.1422</dst>
      <dst id="17">12425.7778</dst>
      <dst id="21">9911.0667</dst>
      <dst id="15">60.6044</dst>
    </src>
    <src id="10">
      <dst id="12">14678.0000</dst>
      <dst id="19">1429.7244</dst>
      <dst id="23">0.8533</dst>
      <dst id="8">1074.0089</dst>
      <dst id="18">11028.0800</dst>
      <dst id="1">862.0533</dst>
      <dst id="5">2397.7689</dst>
      <dst id="3">21163.7867</dst>
      <dst id="22">10892.4356</dst>
      <dst id="7">5913.9111</dst>
      <dst id="2">62729.3511</dst>
      <dst id="6">13.1289</dst>
      <dst id="16">3948.9067</dst>
      <dst id="14">1022.9422</dst>
      <dst id="20">6700.3733</dst>
      <dst id="11">4194.4711</dst>
      <dst id="9">5744.1867</dst>
      <dst id="17">34609.4933</dst>
      <dst id="21">19508.6933</dst>
      <dst id="15">1732.9067</dst>
    </src>
    <src id="22">
      <dst id="12">12806.7289</dst>
      <dst id="13">6152.6311</dst>
      <dst id="19">296.4356</dst>
      <dst id="23">730.0444</dst>
      <dst id="8">2458.9778</dst>
      <dst id="18">1942.0622</dst>
      <dst id="4">25095.4133</dst>
      <dst id="1">294.0711</dst>
      <dst id="5">3988.0356</dst>
      <dst id="3">665.7689</dst>
      <dst id="7">1301.7244</dst>
      <dst id="2">2860.7289</dst>
      <dst id="6">4.0089</dst>
      <dst id="16">5.2178</dst>
      <dst id="14">155.4044</dst>
      <dst id="11">4740.6222</dst>
      <dst id="9">1793.0222</dst>
      <dst id="17">8613.3333</dst>
      <dst id="21">3361.3778</dst>
    </src>
    <src id="7">
      <dst id="12">13438.9689</dst>
      <dst id="13">315.0933</dst>
      <dst id="19">854.1333</dst>
      <dst id="23">484.1511</dst>
      <dst id="8">464.3733</dst>
      <dst id="18">2187.4578</dst>
      <dst id="4">58976.3022</dst>
      <dst id="1">20329.3778</dst>
      <dst id="5">2848.5067</dst>
      <dst id="3">5731.5200</dst>
      <dst id="22">4713.9556</dst>
      <dst id="7">720.0711</dst>
      <dst id="2">20934.7111</dst>
      <dst id="6">0.8178</dst>
      <dst id="16">2545.7422</dst>
      <dst id="14">293.0578</dst>
      <dst id="20">1055.2444</dst>
      <dst id="11">2697.6267</dst>
      <dst id="9">482.5600</dst>
      <dst id="17">5809.9111</dst>
      <dst id="21">6908.7378</dst>
      <dst id="15">582.6400</dst>
    </src>
    <src id="2">
      <dst id="12">137872.5422</dst>
      <dst id="13">5103.8933</dst>
      <dst id="19">16688.7022</dst>
      <dst id="23">14.2578</dst>
      <dst id="8">1304.3644</dst>
      <dst id="18">134798.0889</dst>
      <dst id="4">131887.6622</dst>
      <dst id="1">4876.4000</dst>
      <dst id="5">2135.6711</dst>
      <dst id="3">4245.4311</dst>
      <dst id="22">1673.4400</dst>
      <dst id="7">4797.7867</dst>
      <dst id="2">1082.8800</dst>
      <dst id="6">8440.7378</dst>
      <dst id="16">2949.4222</dst>
      <dst id="14">234.4089</dst>
      <dst id="20">5214.8444</dst>
      <dst id="11">3477.9733</dst>
      <dst id="9">8123.0667</dst>
      <dst id="17">23899.0044</dst>
      <dst id="21">16702.4444</dst>
      <dst id="15">357.6978</dst>
    </src>
    <src id="6">
      <dst id="12">10384.2044</dst>
      <dst id="13">12.2933</dst>
      <dst id="19">1.3867</dst>
      <dst id="23">64.1422</dst>
      <dst id="18">39.8756</dst>
      <dst id="4">130.8711</dst>
      <dst id="1">0.8533</dst>
      <dst id="5">24.6933</dst>
      <dst id="3">48.4356</dst>
      <dst id="22">2.2578</dst>
      <dst id="7">1.6889</dst>
      <dst id="2">2840.6756</dst>
      <dst id="16">34.4000</dst>
      <dst id="20">0.4978</dst>
      <dst id="11">34.4000</dst>
      <dst id="9">42.6844</dst>
      <dst id="17">1287.1200</dst>
      <dst id="21">15.6711</dst>
    </src>
    <src id="16">
      <dst id="12">6940.6222</dst>
      <dst id="13">641.7689</dst>
      <dst id="19">4424.9511</dst>
      <dst id="23">32.8622</dst>
      <dst id="8">9775.9289</dst>
      <dst id="18">122.8178</dst>
      <dst id="4">6193.9822</dst>
      <dst id="1">22643.8133</dst>
      <dst id="5">5635.3244</dst>
      <dst id="3">2803.1467</dst>
      <dst id="7">4059.2978</dst>
      <dst id="2">840.0089</dst>
      <dst id="16">60.5867</dst>
      <dst id="14">430.9511</dst>
      <dst id="11">427.6711</dst>
      <dst id="9">8802.5956</dst>
      <dst id="17">2358.0267</dst>
      <dst id="21">892.7467</dst>
    </src>
    <src id="14">
      <dst id="12">23454.4800</dst>
      <dst id="13">176.7911</dst>
      <dst id="19">9.2978</dst>
      <dst id="8">0.3556</dst>
      <dst id="18">13.8133</dst>
      <dst id="4">3393.8311</dst>
      <dst id="1">65.2267</dst>
      <dst id="5">368.9600</dst>
      <dst id="3">76.6756</dst>
      <dst id="22">9.0222</dst>
      <dst id="7">75.4933</dst>
      <dst id="2">9019.8667</dst>
      <dst id="16">11.4844</dst>
      <dst id="20">108.6311</dst>
      <dst id="11">794.5689</dst>
      <dst id="9">1.7067</dst>
      <dst id="17">7237.4222</dst>
      <dst id="21">148.8444</dst>
      <dst id="15">32.0000</dst>
    </src>
    <src id="20">
      <dst id="12">13474.8978</dst>
      <dst id="13">12627.7778</dst>
      <dst id="19">253.7600</dst>
      <dst id="23">1.5644</dst>
      <dst id="8">501.4667</dst>
      <dst id="18">273.3600</dst>
      <dst id="4">14941.6533</dst>
      <dst id="1">193.2622</dst>
      <dst id="5">3565.6978</dst>
      <dst id="3">759.1022</dst>
      <dst id="7">216.8178</dst>
      <dst id="2">6749.3956</dst>
      <dst id="6">0.8178</dst>
      <dst id="14">1.0667</dst>
      <dst id="11">2664.2578</dst>
      <dst id="9">4349.8667</dst>
      <dst id="17">1641.2089</dst>
      <dst id="21">2674.3111</dst>
    </src>
    <src id="11">
      <dst id="12">447102.3556</dst>
      <dst id="13">3231.4044</dst>
      <dst id="19">471.2533</dst>
      <dst id="23">111.6711</dst>
      <dst id="8">3554.1067</dst>
      <dst id="18">407.0400</dst>
      <dst id="4">13947.1289</dst>
      <dst id="1">588.0356</dst>
      <dst id="5">1239.5733</dst>
      <dst id="3">1348.5956</dst>
      <dst id="22">3053.8133</dst>
      <dst id="7">157.3333</dst>
      <dst id="2">163480.5156</dst>
      <dst id="6">0.3556</dst>
      <dst id="16">865.5289</dst>
      <dst id="14">97.1556</dst>
      <dst id="20">2914.4533</dst>
      <dst id="11">2455.3778</dst>
      <dst id="9">2294.3822</dst>
      <dst id="17">115550.9867</dst>
      <dst id="21">1973.1022</dst>
      <dst id="15">127.9911</dst>
    </src>
    <src id="9">
      <dst id="12">572748.9511</dst>
      <dst id="13">7986.8444</dst>
      <dst id="19">1701.0222</dst>
      <dst id="23">53.8844</dst>
      <dst id="8">1593.2622</dst>
      <dst id="18">252.9067</dst>
      <dst id="4">11780.7467</dst>
      <dst id="1">8425.3689</dst>
      <dst id="5">4890.4622</dst>
      <dst id="3">541.6889</dst>
      <dst id="22">3182.0000</dst>
      <dst id="7">600.2044</dst>
      <dst id="2">196016.0622</dst>
      <dst id="6">42.7644</dst>
      <dst id="16">5823.7067</dst>
      <dst id="14">14.6844</dst>
      <dst id="20">1481.0222</dst>
      <dst id="11">1062.0000</dst>
      <dst id="9">965.0133</dst>
      <dst id="17">149019.7511</dst>
      <dst id="21">3302.2311</dst>
      <dst id="15">10426.8622</dst>
    </src>
    <src id="17">
      <dst id="12">15216.1511</dst>
      <dst id="13">4608.7556</dst>
      <dst id="19">1066.2578</dst>
      <dst id="23">266.1333</dst>
      <dst id="8">182020.8800</dst>
      <dst id="18">998.0089</dst>
      <dst id="4">59490.4978</dst>
      <dst id="1">18051.8489</dst>
      <dst id="5">294802.4356</dst>
      <dst id="3">15808.7822</dst>
      <dst id="22">5949.0489</dst>
      <dst id="7">22472.4356</dst>
      <dst id="2">20450.6222</dst>
      <dst id="6">98.2667</dst>
      <dst id="16">3464.6844</dst>
      <dst id="14">41969.7422</dst>
      <dst id="20">1986.1333</dst>
      <dst id="11">165481.5111</dst>
      <dst id="9">320475.0578</dst>
      <dst id="17">2046.3289</dst>
      <dst id="21">23614.1333</dst>
      <dst id="15">98.2044</dst>
    </src>
    <src id="21">
      <dst id="12">21297.5556</dst>
      <dst id="13">1771.5733</dst>
      <dst id="19">306.1689</dst>
      <dst id="23">95.7156</dst>
      <dst id="8">272.2311</dst>
      <dst id="18">4441.0489</dst>
      <dst id="4">64852.8000</dst>
      <dst id="1">2428.9600</dst>
      <dst id="5">694.2044</dst>
      <dst id="3">2455.6622</dst>
      <dst id="22">2850.9778</dst>
      <dst id="7">5507.0044</dst>
      <dst id="2">9974.6578</dst>
      <dst id="6">25.0667</dst>
      <dst id="16">449.9378</dst>
      <dst id="14">268.4889</dst>
      <dst id="20">1845.1289</dst>
      <dst id="11">995.8756</dst>
      <dst id="9">1652.9333</dst>
      <dst id="17">6598.5956</dst>
      <dst id="21">2908.4356</dst>
      <dst id="15">163.0933</dst>
    </src>
    <src id="15">
      <dst id="12">2042.7911</dst>
      <dst id="13">2400.4267</dst>
      <dst id="19">330.4889</dst>
      <dst id="23">0.4622</dst>
      <dst id="8">28.5156</dst>
      <dst id="18">89.7333</dst>
      <dst id="4">6390.5689</dst>
      <dst id="1">364.6578</dst>
      <dst id="5">206.3289</dst>
      <dst id="3">986.6756</dst>
      <dst id="7">78.2578</dst>
      <dst id="2">827.0844</dst>
      <dst id="6">0.4978</dst>
      <dst id="11">271.0311</dst>
      <dst id="9">1095.2533</dst>
      <dst id="17">217.0844</dst>
      <dst id="21">267.6800</dst>
    </src>
  </IntraTM>
</TrafficMatrixFile>
