<?xml version="1.0" encoding="UTF-8" standalone="yes"?>
<TrafficMatrixFile xmlns:xsi="http://www.w3.org/2001/XMLSchema-instance" xsi:noNamespaceSchemaLocation="http://totem.run.montefiore.ulg.ac.be/Schema/TrafficMatrix-v1_2.xsd">
  <info>
    <title>Intradomain traffic matrix generated by geant-TM-all.pl</title>
    <date>2005-01-02T22:15:00</date>
    <duration>900</duration>
    <author>Steve Uhlig</author>
    <units>
        <unit type="bandwidth" value="kbps"/>
    </units>
  </info>
  <IntraTM ASID="20965">
    <src id="12">
      <dst id="12">314194.1600</dst>
      <dst id="13">24394.5244</dst>
      <dst id="19">4186.1956</dst>
      <dst id="23">2488.5600</dst>
      <dst id="8">4264.8978</dst>
      <dst id="18">1485.0222</dst>
      <dst id="4">80781.9289</dst>
      <dst id="1">10269.9467</dst>
      <dst id="5">3718.2578</dst>
      <dst id="3">8817.4756</dst>
      <dst id="22">25592.4178</dst>
      <dst id="7">12341.4489</dst>
      <dst id="2">101425.7600</dst>
      <dst id="6">18.6489</dst>
      <dst id="16">7110.5778</dst>
      <dst id="14">288.5600</dst>
      <dst id="20">12818.1778</dst>
      <dst id="11">12778.7822</dst>
      <dst id="9">18748.3911</dst>
      <dst id="17">106654.6667</dst>
      <dst id="21">22830.3467</dst>
      <dst id="15">21033.4578</dst>
    </src>
    <src id="13">
      <dst id="12">75578.3378</dst>
      <dst id="19">7295.1467</dst>
      <dst id="23">416.5689</dst>
      <dst id="8">6879.2000</dst>
      <dst id="18">12948.8089</dst>
      <dst id="1">11351.8222</dst>
      <dst id="5">7420.8444</dst>
      <dst id="3">24016.9867</dst>
      <dst id="22">35631.4844</dst>
      <dst id="7">22591.2356</dst>
      <dst id="2">124561.2622</dst>
      <dst id="6">148.5956</dst>
      <dst id="16">18144.2311</dst>
      <dst id="14">2423.6000</dst>
      <dst id="20">15285.2889</dst>
      <dst id="11">37987.7778</dst>
      <dst id="9">36541.3422</dst>
      <dst id="17">84181.7867</dst>
      <dst id="21">33826.7378</dst>
      <dst id="15">6606.7289</dst>
    </src>
    <src id="19">
      <dst id="12">16292.5867</dst>
      <dst id="13">3961.9822</dst>
      <dst id="23">170.0444</dst>
      <dst id="8">19.9289</dst>
      <dst id="18">121.9644</dst>
      <dst id="4">16691.5467</dst>
      <dst id="1">2610.3111</dst>
      <dst id="5">11340.1600</dst>
      <dst id="3">70.5600</dst>
      <dst id="22">3363.9289</dst>
      <dst id="7">5060.5867</dst>
      <dst id="2">1250.4089</dst>
      <dst id="6">121.4222</dst>
      <dst id="16">5159.1911</dst>
      <dst id="14">5.0844</dst>
      <dst id="20">7285.0844</dst>
      <dst id="11">1054.1778</dst>
      <dst id="9">647.1822</dst>
      <dst id="17">40630.6844</dst>
      <dst id="21">4251.2800</dst>
      <dst id="15">0.4800</dst>
    </src>
    <src id="23">
      <dst id="12">657.6356</dst>
      <dst id="13">250.2489</dst>
      <dst id="19">1.4222</dst>
      <dst id="8">80.0267</dst>
      <dst id="18">65.1022</dst>
      <dst id="4">40.8889</dst>
      <dst id="1">117.8844</dst>
      <dst id="5">94.3022</dst>
      <dst id="3">4089.1111</dst>
      <dst id="22">913.4044</dst>
      <dst id="7">464.1156</dst>
      <dst id="2">374.0444</dst>
      <dst id="6">0.3378</dst>
      <dst id="16">240.9067</dst>
      <dst id="20">234.8800</dst>
      <dst id="11">723.6444</dst>
      <dst id="9">517.9022</dst>
      <dst id="17">941.1378</dst>
      <dst id="21">1109.7956</dst>
      <dst id="15">58.4444</dst>
    </src>
    <src id="8">
      <dst id="12">389262.5867</dst>
      <dst id="13">8297.8311</dst>
      <dst id="19">253.7600</dst>
      <dst id="23">0.7111</dst>
      <dst id="18">204.7911</dst>
      <dst id="4">3934.5867</dst>
      <dst id="1">91.3156</dst>
      <dst id="5">1640.5333</dst>
      <dst id="3">17.5733</dst>
      <dst id="22">2263.7244</dst>
      <dst id="7">123.2889</dst>
      <dst id="2">177138.1067</dst>
      <dst id="6">0.7111</dst>
      <dst id="16">1118.3022</dst>
      <dst id="14">0.3556</dst>
      <dst id="20">893.3778</dst>
      <dst id="11">2939.0933</dst>
      <dst id="9">1188.9244</dst>
      <dst id="17">143046.3911</dst>
      <dst id="21">743.3244</dst>
      <dst id="15">388.5511</dst>
    </src>
    <src id="18">
      <dst id="12">130908.9067</dst>
      <dst id="13">396.2044</dst>
      <dst id="19">608.9244</dst>
      <dst id="23">3421.3867</dst>
      <dst id="8">122.2400</dst>
      <dst id="4">3968.0267</dst>
      <dst id="1">1211.7067</dst>
      <dst id="5">205.5289</dst>
      <dst id="3">325.2267</dst>
      <dst id="22">124.9511</dst>
      <dst id="7">340.4356</dst>
      <dst id="2">50104.3378</dst>
      <dst id="16">9.9733</dst>
      <dst id="14">1.2711</dst>
      <dst id="20">28.9156</dst>
      <dst id="11">390.4178</dst>
      <dst id="9">360.7467</dst>
      <dst id="17">42137.1733</dst>
      <dst id="21">3391.5200</dst>
      <dst id="15">121.5467</dst>
    </src>
    <src id="4">
      <dst id="12">36814.8533</dst>
      <dst id="19">5252.1956</dst>
      <dst id="8">3144.7556</dst>
      <dst id="18">4069.2089</dst>
      <dst id="4">2.4089</dst>
      <dst id="1">24127.5200</dst>
      <dst id="5">1586.5067</dst>
      <dst id="3">2978.5867</dst>
      <dst id="22">8641.1733</dst>
      <dst id="7">156775.5467</dst>
      <dst id="2">103388.3733</dst>
      <dst id="6">29.4222</dst>
      <dst id="16">3746.9867</dst>
      <dst id="14">1281.6800</dst>
      <dst id="20">2510.4000</dst>
      <dst id="11">8708.3644</dst>
      <dst id="9">5315.4667</dst>
      <dst id="17">104048.7467</dst>
      <dst id="21">9872.4444</dst>
      <dst id="15">2890.7822</dst>
    </src>
    <src id="1">
      <dst id="12">23089.0311</dst>
      <dst id="13">2485.1644</dst>
      <dst id="19">1048.4800</dst>
      <dst id="23">116.2133</dst>
      <dst id="8">263246.0356</dst>
      <dst id="18">15137.7422</dst>
      <dst id="4">15092.2400</dst>
      <dst id="1">70741.2889</dst>
      <dst id="5">248922.8978</dst>
      <dst id="3">871.7156</dst>
      <dst id="22">11398.8356</dst>
      <dst id="7">7328.5422</dst>
      <dst id="2">34142.6756</dst>
      <dst id="6">18065.3244</dst>
      <dst id="16">11965.1467</dst>
      <dst id="14">156.9511</dst>
      <dst id="20">402.4178</dst>
      <dst id="11">1486.3911</dst>
      <dst id="9">366786.4978</dst>
      <dst id="17">16473.4844</dst>
      <dst id="21">9147.8311</dst>
      <dst id="15">588.5422</dst>
    </src>
    <src id="5">
      <dst id="12">286913.8400</dst>
      <dst id="13">1613.7156</dst>
      <dst id="19">360.8444</dst>
      <dst id="23">120.4622</dst>
      <dst id="8">1683.1467</dst>
      <dst id="18">295.3511</dst>
      <dst id="4">5529.3067</dst>
      <dst id="1">567.0933</dst>
      <dst id="3">176.8178</dst>
      <dst id="22">9651.6978</dst>
      <dst id="7">528.3733</dst>
      <dst id="2">119755.6533</dst>
      <dst id="16">1503.2444</dst>
      <dst id="14">14.9422</dst>
      <dst id="20">3347.0044</dst>
      <dst id="11">1053.3156</dst>
      <dst id="9">2136.0622</dst>
      <dst id="17">98033.2267</dst>
      <dst id="21">338.1600</dst>
      <dst id="15">1749.9733</dst>
    </src>
    <src id="3">
      <dst id="12">12614.0178</dst>
      <dst id="13">1160.8622</dst>
      <dst id="19">1854.4444</dst>
      <dst id="23">174.8622</dst>
      <dst id="8">123.7511</dst>
      <dst id="18">165506.0267</dst>
      <dst id="4">21672.9156</dst>
      <dst id="1">12199.7333</dst>
      <dst id="5">778.0089</dst>
      <dst id="3">21400.9422</dst>
      <dst id="22">1328.3200</dst>
      <dst id="7">4143.8844</dst>
      <dst id="2">6952.4267</dst>
      <dst id="6">7.0844</dst>
      <dst id="16">3950.1244</dst>
      <dst id="14">43831.7867</dst>
      <dst id="20">914.9244</dst>
      <dst id="11">258001.1111</dst>
      <dst id="9">427.8311</dst>
      <dst id="17">22534.3911</dst>
      <dst id="21">7922.3022</dst>
      <dst id="15">115.5822</dst>
    </src>
    <src id="10">
      <dst id="12">34112.2311</dst>
      <dst id="19">2564.2044</dst>
      <dst id="8">1802.2667</dst>
      <dst id="18">1494.8978</dst>
      <dst id="1">2669.8311</dst>
      <dst id="5">1248.6400</dst>
      <dst id="3">20342.7467</dst>
      <dst id="22">10961.7333</dst>
      <dst id="7">78830.9422</dst>
      <dst id="2">53932.7467</dst>
      <dst id="6">75.0844</dst>
      <dst id="16">4167.6178</dst>
      <dst id="14">2503.9022</dst>
      <dst id="20">2040.8978</dst>
      <dst id="11">10348.0000</dst>
      <dst id="9">5653.4756</dst>
      <dst id="17">31424.0089</dst>
      <dst id="21">12239.7422</dst>
      <dst id="15">4304.0444</dst>
    </src>
    <src id="22">
      <dst id="12">21193.1644</dst>
      <dst id="13">4498.7467</dst>
      <dst id="19">244.2044</dst>
      <dst id="23">285.5111</dst>
      <dst id="8">1303.0400</dst>
      <dst id="18">522.5067</dst>
      <dst id="4">15911.0756</dst>
      <dst id="1">6091.4933</dst>
      <dst id="5">6089.8844</dst>
      <dst id="3">1933.9289</dst>
      <dst id="7">3980.8711</dst>
      <dst id="2">10036.6400</dst>
      <dst id="6">0.8533</dst>
      <dst id="16">1.8311</dst>
      <dst id="14">136.4444</dst>
      <dst id="11">4561.4756</dst>
      <dst id="9">3357.8489</dst>
      <dst id="17">7914.7733</dst>
      <dst id="21">4549.9556</dst>
    </src>
    <src id="7">
      <dst id="12">9338.6844</dst>
      <dst id="13">935.6267</dst>
      <dst id="19">3246.3467</dst>
      <dst id="23">133.1556</dst>
      <dst id="8">945.3511</dst>
      <dst id="18">1737.3422</dst>
      <dst id="4">45753.3689</dst>
      <dst id="1">30128.5689</dst>
      <dst id="5">1247.2711</dst>
      <dst id="3">1798.3467</dst>
      <dst id="22">4581.6444</dst>
      <dst id="7">622.8622</dst>
      <dst id="2">13381.1022</dst>
      <dst id="6">243.8400</dst>
      <dst id="16">1464.0622</dst>
      <dst id="14">87.3600</dst>
      <dst id="20">3312.7111</dst>
      <dst id="11">3010.4356</dst>
      <dst id="9">1927.0489</dst>
      <dst id="17">19071.9467</dst>
      <dst id="21">15248.8356</dst>
      <dst id="15">641.4933</dst>
    </src>
    <src id="2">
      <dst id="12">171422.5244</dst>
      <dst id="13">367169.0133</dst>
      <dst id="19">2104.3289</dst>
      <dst id="23">42.9511</dst>
      <dst id="8">1287.2267</dst>
      <dst id="18">153641.2356</dst>
      <dst id="4">83967.8400</dst>
      <dst id="1">7565.9644</dst>
      <dst id="5">3794.3378</dst>
      <dst id="3">1050.5778</dst>
      <dst id="22">3563.7689</dst>
      <dst id="7">6106.4267</dst>
      <dst id="2">944.2044</dst>
      <dst id="6">11198.3911</dst>
      <dst id="16">1898.7022</dst>
      <dst id="14">5550.8622</dst>
      <dst id="20">7133.7511</dst>
      <dst id="11">11104.2311</dst>
      <dst id="9">2594.1067</dst>
      <dst id="17">86711.1911</dst>
      <dst id="21">9376.3378</dst>
      <dst id="15">632.8800</dst>
    </src>
    <src id="6">
      <dst id="12">12131.0667</dst>
      <dst id="13">23.7244</dst>
      <dst id="19">15.2978</dst>
      <dst id="23">1.2533</dst>
      <dst id="18">1.5467</dst>
      <dst id="4">29.6533</dst>
      <dst id="1">314.5867</dst>
      <dst id="5">2.0444</dst>
      <dst id="22">20.0356</dst>
      <dst id="7">96.4267</dst>
      <dst id="2">2799.6622</dst>
      <dst id="16">1.6800</dst>
      <dst id="20">14.3467</dst>
      <dst id="11">43.6178</dst>
      <dst id="9">40.3556</dst>
      <dst id="17">2324.0089</dst>
      <dst id="21">27.1644</dst>
      <dst id="15">7.1022</dst>
    </src>
    <src id="16">
      <dst id="12">3246.3733</dst>
      <dst id="13">443.4933</dst>
      <dst id="19">3640.6400</dst>
      <dst id="23">484.4889</dst>
      <dst id="8">6487.0489</dst>
      <dst id="18">76.7644</dst>
      <dst id="4">8064.8356</dst>
      <dst id="1">20487.2978</dst>
      <dst id="5">9707.5556</dst>
      <dst id="3">299.1467</dst>
      <dst id="22">12.6222</dst>
      <dst id="7">2085.2178</dst>
      <dst id="2">1427.0844</dst>
      <dst id="6">1.3956</dst>
      <dst id="16">62.8178</dst>
      <dst id="14">308.6578</dst>
      <dst id="11">574.9156</dst>
      <dst id="9">11415.9556</dst>
      <dst id="17">9682.0711</dst>
      <dst id="21">1607.5822</dst>
    </src>
    <src id="14">
      <dst id="12">16021.0133</dst>
      <dst id="13">76.7911</dst>
      <dst id="19">14.8622</dst>
      <dst id="23">12.9778</dst>
      <dst id="18">11.8933</dst>
      <dst id="4">1367.9733</dst>
      <dst id="1">85.5733</dst>
      <dst id="5">16.0089</dst>
      <dst id="3">99.5911</dst>
      <dst id="22">87.2533</dst>
      <dst id="7">300.4800</dst>
      <dst id="2">5011.1467</dst>
      <dst id="16">14.3911</dst>
      <dst id="20">0.7111</dst>
      <dst id="11">144.6933</dst>
      <dst id="17">8407.9022</dst>
      <dst id="21">96.7289</dst>
    </src>
    <src id="20">
      <dst id="12">14811.7778</dst>
      <dst id="13">1185.5289</dst>
      <dst id="19">462.6133</dst>
      <dst id="23">440.7556</dst>
      <dst id="8">4176.5067</dst>
      <dst id="18">321.6267</dst>
      <dst id="4">9846.3733</dst>
      <dst id="1">1551.9822</dst>
      <dst id="5">6046.5600</dst>
      <dst id="3">3376.4622</dst>
      <dst id="7">961.3422</dst>
      <dst id="2">2963.3156</dst>
      <dst id="6">0.4711</dst>
      <dst id="14">8.3467</dst>
      <dst id="11">4884.4267</dst>
      <dst id="9">9726.9333</dst>
      <dst id="17">9490.4000</dst>
      <dst id="21">1436.9244</dst>
    </src>
    <src id="11">
      <dst id="12">439163.0844</dst>
      <dst id="13">6050.7556</dst>
      <dst id="19">590.7644</dst>
      <dst id="23">86.9333</dst>
      <dst id="8">3016.8000</dst>
      <dst id="18">535.4044</dst>
      <dst id="4">12455.0756</dst>
      <dst id="1">698.2222</dst>
      <dst id="5">3265.5822</dst>
      <dst id="3">2001.6178</dst>
      <dst id="22">2455.2444</dst>
      <dst id="7">2068.2844</dst>
      <dst id="2">171679.3778</dst>
      <dst id="6">15.7778</dst>
      <dst id="16">275.3156</dst>
      <dst id="14">28.0267</dst>
      <dst id="20">1918.0356</dst>
      <dst id="11">4472.7556</dst>
      <dst id="9">1556.0978</dst>
      <dst id="17">157831.9289</dst>
      <dst id="21">2206.0711</dst>
      <dst id="15">451.7867</dst>
    </src>
    <src id="9">
      <dst id="12">501663.3956</dst>
      <dst id="13">2223.6711</dst>
      <dst id="19">33.8400</dst>
      <dst id="23">13.2444</dst>
      <dst id="8">3604.6933</dst>
      <dst id="18">132.8978</dst>
      <dst id="4">9586.6311</dst>
      <dst id="1">1405.2622</dst>
      <dst id="5">2058.5244</dst>
      <dst id="3">30.5867</dst>
      <dst id="22">6269.7156</dst>
      <dst id="7">1056.1156</dst>
      <dst id="2">179075.0844</dst>
      <dst id="6">1.2267</dst>
      <dst id="16">2138.2489</dst>
      <dst id="14">1.2089</dst>
      <dst id="20">4394.2667</dst>
      <dst id="11">1473.3867</dst>
      <dst id="9">7279.7956</dst>
      <dst id="17">191162.1511</dst>
      <dst id="21">1190.6222</dst>
      <dst id="15">14177.1289</dst>
    </src>
    <src id="17">
      <dst id="12">18384.0178</dst>
      <dst id="13">15138.6133</dst>
      <dst id="19">881.1378</dst>
      <dst id="23">268.6667</dst>
      <dst id="8">246405.7689</dst>
      <dst id="18">873.8400</dst>
      <dst id="4">64857.2356</dst>
      <dst id="1">5679.7689</dst>
      <dst id="5">249837.0222</dst>
      <dst id="3">28866.4622</dst>
      <dst id="22">16458.1511</dst>
      <dst id="7">21324.6756</dst>
      <dst id="2">28300.4178</dst>
      <dst id="6">78.2400</dst>
      <dst id="16">22553.9022</dst>
      <dst id="14">35939.6800</dst>
      <dst id="20">3864.8533</dst>
      <dst id="11">224275.3778</dst>
      <dst id="9">291656.0356</dst>
      <dst id="17">1676.9600</dst>
      <dst id="21">17920.9067</dst>
      <dst id="15">1681.4044</dst>
    </src>
    <src id="21">
      <dst id="12">19165.7600</dst>
      <dst id="13">2866.6578</dst>
      <dst id="19">585.2089</dst>
      <dst id="23">118.3733</dst>
      <dst id="8">1161.9022</dst>
      <dst id="18">3773.3156</dst>
      <dst id="4">20614.2756</dst>
      <dst id="1">6298.7289</dst>
      <dst id="5">590.1689</dst>
      <dst id="3">3551.1644</dst>
      <dst id="22">1909.8667</dst>
      <dst id="7">3271.5289</dst>
      <dst id="2">14175.4933</dst>
      <dst id="6">15.9022</dst>
      <dst id="16">1045.8578</dst>
      <dst id="14">57.1200</dst>
      <dst id="20">434.9156</dst>
      <dst id="11">2798.1422</dst>
      <dst id="9">797.2978</dst>
      <dst id="17">6197.2089</dst>
      <dst id="21">3166.2222</dst>
      <dst id="15">126.9067</dst>
    </src>
    <src id="15">
      <dst id="12">3541.3689</dst>
      <dst id="13">8015.3956</dst>
      <dst id="23">2.5600</dst>
      <dst id="8">517.7689</dst>
      <dst id="18">50.8444</dst>
      <dst id="4">2791.0311</dst>
      <dst id="1">952.0000</dst>
      <dst id="5">244.7111</dst>
      <dst id="3">18.0711</dst>
      <dst id="7">113.2267</dst>
      <dst id="2">811.7156</dst>
      <dst id="14">1.1378</dst>
      <dst id="11">249.8933</dst>
      <dst id="9">12196.1689</dst>
      <dst id="17">6016.3467</dst>
      <dst id="21">1705.0933</dst>
    </src>
  </IntraTM>
</TrafficMatrixFile>
