<?xml version="1.0" encoding="UTF-8" standalone="yes"?>
<TrafficMatrixFile xmlns:xsi="http://www.w3.org/2001/XMLSchema-instance" xsi:noNamespaceSchemaLocation="http://totem.run.montefiore.ulg.ac.be/Schema/TrafficMatrix-v1_2.xsd">
  <info>
    <title>Intradomain traffic matrix generated by geant-TM-all.pl</title>
    <date>2005-01-06T02:00:00</date>
    <duration>900</duration>
    <author>Steve Uhlig</author>
    <units>
        <unit type="bandwidth" value="kbps"/>
    </units>
  </info>
  <IntraTM ASID="20965">
    <src id="12">
      <dst id="12">313086.6133</dst>
      <dst id="13">24310.9689</dst>
      <dst id="19">8452.9600</dst>
      <dst id="23">394.0622</dst>
      <dst id="8">4320.0444</dst>
      <dst id="18">5470.7200</dst>
      <dst id="4">102081.9644</dst>
      <dst id="1">8146.4622</dst>
      <dst id="5">6946.9600</dst>
      <dst id="3">16546.2044</dst>
      <dst id="22">13116.1333</dst>
      <dst id="7">16723.4311</dst>
      <dst id="2">119216.0267</dst>
      <dst id="6">193.7956</dst>
      <dst id="16">8669.9289</dst>
      <dst id="14">252.8178</dst>
      <dst id="20">8166.1244</dst>
      <dst id="11">8756.0267</dst>
      <dst id="9">8542.6311</dst>
      <dst id="17">113429.8400</dst>
      <dst id="21">15702.3111</dst>
      <dst id="15">1312.6933</dst>
    </src>
    <src id="13">
      <dst id="12">104211.4133</dst>
      <dst id="19">12136.6578</dst>
      <dst id="23">306.1956</dst>
      <dst id="8">5978.5244</dst>
      <dst id="18">16575.7600</dst>
      <dst id="1">14503.4489</dst>
      <dst id="5">11853.7600</dst>
      <dst id="3">23745.8489</dst>
      <dst id="22">24706.0178</dst>
      <dst id="7">50343.9378</dst>
      <dst id="2">145184.5244</dst>
      <dst id="6">321.2356</dst>
      <dst id="16">11110.2400</dst>
      <dst id="14">5297.4311</dst>
      <dst id="20">25773.2533</dst>
      <dst id="11">21014.6400</dst>
      <dst id="9">17404.4356</dst>
      <dst id="17">100434.9778</dst>
      <dst id="21">45874.8711</dst>
      <dst id="15">7609.2711</dst>
    </src>
    <src id="19">
      <dst id="12">22050.6844</dst>
      <dst id="13">4556.1689</dst>
      <dst id="23">215.2000</dst>
      <dst id="8">129.2089</dst>
      <dst id="18">5729.3067</dst>
      <dst id="4">21304.2044</dst>
      <dst id="1">4640.9778</dst>
      <dst id="5">387.0667</dst>
      <dst id="3">34.8089</dst>
      <dst id="22">1873.0044</dst>
      <dst id="7">8734.8711</dst>
      <dst id="2">1124.2311</dst>
      <dst id="6">787.0044</dst>
      <dst id="16">3409.7511</dst>
      <dst id="14">17.8400</dst>
      <dst id="20">37.2533</dst>
      <dst id="11">241.7689</dst>
      <dst id="9">1387.2356</dst>
      <dst id="17">6977.0311</dst>
      <dst id="21">2354.6311</dst>
      <dst id="15">45.9822</dst>
    </src>
    <src id="23">
      <dst id="12">90.0978</dst>
      <dst id="13">117.8756</dst>
      <dst id="19">402.4533</dst>
      <dst id="8">9.4578</dst>
      <dst id="18">1.4222</dst>
      <dst id="4">129.4044</dst>
      <dst id="1">89.4578</dst>
      <dst id="5">0.8178</dst>
      <dst id="3">202.7022</dst>
      <dst id="22">122.6578</dst>
      <dst id="7">141.0222</dst>
      <dst id="2">115.1111</dst>
      <dst id="6">0.3378</dst>
      <dst id="16">666.1956</dst>
      <dst id="14">4.0978</dst>
      <dst id="20">83.5378</dst>
      <dst id="11">60.2667</dst>
      <dst id="9">502.3467</dst>
      <dst id="17">1666.9778</dst>
      <dst id="21">2213.1200</dst>
      <dst id="15">13.3333</dst>
    </src>
    <src id="8">
      <dst id="12">354703.6533</dst>
      <dst id="13">1037.4222</dst>
      <dst id="19">612.6400</dst>
      <dst id="23">1.1378</dst>
      <dst id="18">310.9511</dst>
      <dst id="4">6372.1600</dst>
      <dst id="1">1845.7156</dst>
      <dst id="5">9452.0711</dst>
      <dst id="3">16.0622</dst>
      <dst id="22">1865.0222</dst>
      <dst id="7">78.7644</dst>
      <dst id="2">155391.8044</dst>
      <dst id="6">12.0889</dst>
      <dst id="16">1956.5600</dst>
      <dst id="20">361.5556</dst>
      <dst id="11">707.6889</dst>
      <dst id="9">598.4711</dst>
      <dst id="17">148819.2356</dst>
      <dst id="21">514.5511</dst>
      <dst id="15">1575.5200</dst>
    </src>
    <src id="18">
      <dst id="12">147984.9600</dst>
      <dst id="13">385.6889</dst>
      <dst id="19">132.4533</dst>
      <dst id="23">56.7822</dst>
      <dst id="8">1606.5067</dst>
      <dst id="4">2165.8489</dst>
      <dst id="1">6490.1067</dst>
      <dst id="5">1527.2444</dst>
      <dst id="3">243.2978</dst>
      <dst id="22">496.6756</dst>
      <dst id="7">178.5867</dst>
      <dst id="2">53294.8444</dst>
      <dst id="16">281.6978</dst>
      <dst id="14">2.3289</dst>
      <dst id="20">161.7600</dst>
      <dst id="11">494.6222</dst>
      <dst id="9">347.7511</dst>
      <dst id="17">59803.1467</dst>
      <dst id="21">1615.1378</dst>
      <dst id="15">25.8844</dst>
    </src>
    <src id="4">
      <dst id="12">23179.4489</dst>
      <dst id="19">7233.8400</dst>
      <dst id="23">16.5333</dst>
      <dst id="8">5926.6844</dst>
      <dst id="18">7460.3733</dst>
      <dst id="4">3.6622</dst>
      <dst id="1">54973.9822</dst>
      <dst id="5">2786.3111</dst>
      <dst id="3">4396.8444</dst>
      <dst id="22">10436.8978</dst>
      <dst id="7">46952.7733</dst>
      <dst id="2">98268.2578</dst>
      <dst id="6">46.0978</dst>
      <dst id="16">3543.0933</dst>
      <dst id="14">1623.2889</dst>
      <dst id="20">3050.7467</dst>
      <dst id="11">4910.0889</dst>
      <dst id="9">6205.8489</dst>
      <dst id="17">43626.9333</dst>
      <dst id="21">21790.3289</dst>
      <dst id="15">1392.7467</dst>
    </src>
    <src id="1">
      <dst id="12">34218.8178</dst>
      <dst id="13">11769.7956</dst>
      <dst id="19">4726.9600</dst>
      <dst id="23">147.3956</dst>
      <dst id="8">206651.7511</dst>
      <dst id="18">16034.2933</dst>
      <dst id="4">27814.8889</dst>
      <dst id="1">24043.8844</dst>
      <dst id="5">304740.3644</dst>
      <dst id="3">3105.8578</dst>
      <dst id="22">5026.4711</dst>
      <dst id="7">71396.7644</dst>
      <dst id="2">28549.1822</dst>
      <dst id="6">12198.0978</dst>
      <dst id="16">7059.5378</dst>
      <dst id="14">947.2978</dst>
      <dst id="20">14556.0533</dst>
      <dst id="11">848.1867</dst>
      <dst id="9">337461.6711</dst>
      <dst id="17">32793.4578</dst>
      <dst id="21">20606.9956</dst>
      <dst id="15">487.1733</dst>
    </src>
    <src id="5">
      <dst id="12">393548.2844</dst>
      <dst id="13">4154.5156</dst>
      <dst id="19">359.1378</dst>
      <dst id="23">25.2444</dst>
      <dst id="8">21075.0933</dst>
      <dst id="18">1853.5822</dst>
      <dst id="4">9056.7733</dst>
      <dst id="1">1343.1378</dst>
      <dst id="3">69.7156</dst>
      <dst id="22">7008.6489</dst>
      <dst id="7">754.0711</dst>
      <dst id="2">166689.9289</dst>
      <dst id="6">13.3867</dst>
      <dst id="16">2724.7200</dst>
      <dst id="14">59.4400</dst>
      <dst id="20">11686.5511</dst>
      <dst id="11">5149.6978</dst>
      <dst id="9">3633.5822</dst>
      <dst id="17">154915.0933</dst>
      <dst id="21">821.5822</dst>
      <dst id="15">2899.0578</dst>
    </src>
    <src id="3">
      <dst id="12">16739.7689</dst>
      <dst id="13">13468.3556</dst>
      <dst id="19">1360.1511</dst>
      <dst id="23">1431.7244</dst>
      <dst id="8">1867.6622</dst>
      <dst id="18">211375.1911</dst>
      <dst id="4">70976.0622</dst>
      <dst id="1">6126.6578</dst>
      <dst id="5">580.0267</dst>
      <dst id="3">18111.8756</dst>
      <dst id="22">2268.0533</dst>
      <dst id="7">43125.9733</dst>
      <dst id="2">29626.8356</dst>
      <dst id="6">2.2400</dst>
      <dst id="16">1045.2978</dst>
      <dst id="14">53790.5778</dst>
      <dst id="20">1893.2444</dst>
      <dst id="11">282033.0311</dst>
      <dst id="9">974.4000</dst>
      <dst id="17">12239.1467</dst>
      <dst id="21">16037.2000</dst>
      <dst id="15">1251.3956</dst>
    </src>
    <src id="10">
      <dst id="12">15753.7778</dst>
      <dst id="19">4999.0222</dst>
      <dst id="8">2059.8844</dst>
      <dst id="18">8403.5556</dst>
      <dst id="1">4435.6711</dst>
      <dst id="5">3090.8889</dst>
      <dst id="3">9572.5867</dst>
      <dst id="22">5377.5911</dst>
      <dst id="7">16688.2133</dst>
      <dst id="2">56862.0178</dst>
      <dst id="6">20.9600</dst>
      <dst id="16">3815.0933</dst>
      <dst id="14">1668.6400</dst>
      <dst id="20">2675.3778</dst>
      <dst id="11">7446.0178</dst>
      <dst id="9">3843.3156</dst>
      <dst id="17">30631.9200</dst>
      <dst id="21">23920.4889</dst>
      <dst id="15">429.8400</dst>
    </src>
    <src id="22">
      <dst id="12">8887.6444</dst>
      <dst id="13">10104.8178</dst>
      <dst id="19">430.6844</dst>
      <dst id="23">366.6933</dst>
      <dst id="8">1565.1378</dst>
      <dst id="18">1527.8489</dst>
      <dst id="4">25370.9600</dst>
      <dst id="1">6307.4844</dst>
      <dst id="5">4370.3644</dst>
      <dst id="3">2439.3600</dst>
      <dst id="7">2070.7822</dst>
      <dst id="2">6371.7156</dst>
      <dst id="6">15.0578</dst>
      <dst id="16">25.3511</dst>
      <dst id="14">111.2978</dst>
      <dst id="11">5400.4267</dst>
      <dst id="9">2848.0978</dst>
      <dst id="17">8829.1556</dst>
      <dst id="21">3190.0800</dst>
    </src>
    <src id="7">
      <dst id="12">6477.5289</dst>
      <dst id="13">6265.0844</dst>
      <dst id="19">2518.8978</dst>
      <dst id="23">548.9511</dst>
      <dst id="8">721.7956</dst>
      <dst id="18">799.9289</dst>
      <dst id="4">37270.7111</dst>
      <dst id="1">24934.6756</dst>
      <dst id="5">1144.2044</dst>
      <dst id="3">3646.8533</dst>
      <dst id="22">6430.7556</dst>
      <dst id="7">735.7600</dst>
      <dst id="2">20306.3556</dst>
      <dst id="6">3.3956</dst>
      <dst id="16">3713.1822</dst>
      <dst id="14">176.9956</dst>
      <dst id="20">4627.1911</dst>
      <dst id="11">5778.5778</dst>
      <dst id="9">2375.6711</dst>
      <dst id="17">19358.9867</dst>
      <dst id="21">7550.1333</dst>
      <dst id="15">1153.1111</dst>
    </src>
    <src id="2">
      <dst id="12">168718.2311</dst>
      <dst id="13">518396.1867</dst>
      <dst id="19">4185.8844</dst>
      <dst id="23">35.0311</dst>
      <dst id="8">2175.4844</dst>
      <dst id="18">169840.8356</dst>
      <dst id="4">137939.3156</dst>
      <dst id="1">7825.1911</dst>
      <dst id="5">2273.9911</dst>
      <dst id="3">2090.3378</dst>
      <dst id="22">5188.0000</dst>
      <dst id="7">9383.8667</dst>
      <dst id="2">1214.8889</dst>
      <dst id="6">10877.5911</dst>
      <dst id="16">7783.2267</dst>
      <dst id="14">3445.7600</dst>
      <dst id="20">2474.1333</dst>
      <dst id="11">5565.2178</dst>
      <dst id="9">1762.4622</dst>
      <dst id="17">37869.8667</dst>
      <dst id="21">11299.4222</dst>
      <dst id="15">144.1067</dst>
    </src>
    <src id="6">
      <dst id="12">11386.1689</dst>
      <dst id="13">24.5511</dst>
      <dst id="19">38.2489</dst>
      <dst id="8">1.3778</dst>
      <dst id="18">47.2533</dst>
      <dst id="4">94.6222</dst>
      <dst id="1">44.2756</dst>
      <dst id="5">12.2489</dst>
      <dst id="22">2.2667</dst>
      <dst id="7">165.9644</dst>
      <dst id="2">3035.1200</dst>
      <dst id="16">13.8133</dst>
      <dst id="20">47.2356</dst>
      <dst id="11">129.4044</dst>
      <dst id="9">0.9156</dst>
      <dst id="17">1774.1956</dst>
      <dst id="21">83.5556</dst>
      <dst id="15">0.9956</dst>
    </src>
    <src id="16">
      <dst id="12">3189.8667</dst>
      <dst id="13">2022.6222</dst>
      <dst id="19">2023.4578</dst>
      <dst id="23">606.4800</dst>
      <dst id="8">11818.4622</dst>
      <dst id="18">171.2089</dst>
      <dst id="4">7247.8844</dst>
      <dst id="1">17124.1867</dst>
      <dst id="5">6432.1511</dst>
      <dst id="3">396.2489</dst>
      <dst id="7">6113.3067</dst>
      <dst id="2">2441.4400</dst>
      <dst id="6">2.4178</dst>
      <dst id="16">65.5200</dst>
      <dst id="14">360.8089</dst>
      <dst id="11">545.8578</dst>
      <dst id="9">9387.1556</dst>
      <dst id="17">4910.5067</dst>
      <dst id="21">1054.5511</dst>
    </src>
    <src id="14">
      <dst id="12">22828.8000</dst>
      <dst id="13">94.8000</dst>
      <dst id="19">27.8844</dst>
      <dst id="23">13.7422</dst>
      <dst id="18">0.4622</dst>
      <dst id="4">3524.9244</dst>
      <dst id="1">113.3511</dst>
      <dst id="5">3.6711</dst>
      <dst id="3">211.7156</dst>
      <dst id="22">68.0711</dst>
      <dst id="7">100.9067</dst>
      <dst id="2">7240.8356</dst>
      <dst id="16">22.9867</dst>
      <dst id="20">1.9911</dst>
      <dst id="11">194.1333</dst>
      <dst id="9">83.4578</dst>
      <dst id="17">10792.2400</dst>
      <dst id="21">209.1200</dst>
    </src>
    <src id="20">
      <dst id="12">3575.1911</dst>
      <dst id="13">25631.6800</dst>
      <dst id="19">363.2089</dst>
      <dst id="23">2504.3378</dst>
      <dst id="8">3005.8844</dst>
      <dst id="18">858.8889</dst>
      <dst id="4">16155.2178</dst>
      <dst id="1">1067.7244</dst>
      <dst id="5">1754.0000</dst>
      <dst id="3">1561.0133</dst>
      <dst id="7">1648.2578</dst>
      <dst id="2">20582.6756</dst>
      <dst id="6">9.2178</dst>
      <dst id="14">38.5778</dst>
      <dst id="11">1412.2844</dst>
      <dst id="9">6684.7911</dst>
      <dst id="17">7701.9733</dst>
      <dst id="21">2867.0044</dst>
    </src>
    <src id="11">
      <dst id="12">468515.3600</dst>
      <dst id="13">3170.1422</dst>
      <dst id="19">219.7333</dst>
      <dst id="23">66.5956</dst>
      <dst id="8">2743.5822</dst>
      <dst id="18">758.6933</dst>
      <dst id="4">12803.1467</dst>
      <dst id="1">3276.9778</dst>
      <dst id="5">2143.1733</dst>
      <dst id="3">4070.4267</dst>
      <dst id="22">3045.2356</dst>
      <dst id="7">584.3289</dst>
      <dst id="2">200836.8356</dst>
      <dst id="6">604.8000</dst>
      <dst id="16">227.2356</dst>
      <dst id="14">53.8756</dst>
      <dst id="20">2910.6400</dst>
      <dst id="11">6437.0578</dst>
      <dst id="9">2230.0000</dst>
      <dst id="17">197971.7867</dst>
      <dst id="21">1380.6400</dst>
      <dst id="15">973.8400</dst>
    </src>
    <src id="9">
      <dst id="12">499019.5467</dst>
      <dst id="13">5359.6533</dst>
      <dst id="19">123.7156</dst>
      <dst id="23">12.3378</dst>
      <dst id="8">1964.8622</dst>
      <dst id="18">2471.0489</dst>
      <dst id="4">15101.3956</dst>
      <dst id="1">2086.6667</dst>
      <dst id="5">2118.3733</dst>
      <dst id="3">581.9022</dst>
      <dst id="22">5386.9511</dst>
      <dst id="7">1481.8667</dst>
      <dst id="2">218219.1644</dst>
      <dst id="6">4.7111</dst>
      <dst id="16">2579.5022</dst>
      <dst id="14">4.7644</dst>
      <dst id="20">18977.2711</dst>
      <dst id="11">888.1689</dst>
      <dst id="9">6540.8711</dst>
      <dst id="17">209252.0800</dst>
      <dst id="21">1222.3733</dst>
      <dst id="15">15071.3511</dst>
    </src>
    <src id="17">
      <dst id="12">6866.5600</dst>
      <dst id="13">10407.1378</dst>
      <dst id="19">648.6489</dst>
      <dst id="23">1965.9200</dst>
      <dst id="8">225907.7600</dst>
      <dst id="18">3514.8978</dst>
      <dst id="4">161150.2844</dst>
      <dst id="1">5867.5289</dst>
      <dst id="5">287196.7378</dst>
      <dst id="3">16849.9822</dst>
      <dst id="22">18864.4533</dst>
      <dst id="7">10051.2356</dst>
      <dst id="2">16254.5422</dst>
      <dst id="6">113.6178</dst>
      <dst id="16">19301.2356</dst>
      <dst id="14">46614.0000</dst>
      <dst id="20">3666.4889</dst>
      <dst id="11">234083.7778</dst>
      <dst id="9">286515.8489</dst>
      <dst id="17">3573.6889</dst>
      <dst id="21">22065.5378</dst>
      <dst id="15">977.1111</dst>
    </src>
    <src id="21">
      <dst id="12">28152.7378</dst>
      <dst id="13">1458.0267</dst>
      <dst id="19">656.9067</dst>
      <dst id="23">106.7378</dst>
      <dst id="8">136.2844</dst>
      <dst id="18">9143.2444</dst>
      <dst id="4">36953.2089</dst>
      <dst id="1">6959.5378</dst>
      <dst id="5">990.3911</dst>
      <dst id="3">20852.6222</dst>
      <dst id="22">1358.4356</dst>
      <dst id="7">3789.1556</dst>
      <dst id="2">22530.9689</dst>
      <dst id="6">7.8756</dst>
      <dst id="16">1075.9911</dst>
      <dst id="14">82.9244</dst>
      <dst id="20">248.6844</dst>
      <dst id="11">991.6267</dst>
      <dst id="9">2335.7333</dst>
      <dst id="17">10269.2533</dst>
      <dst id="21">4942.7111</dst>
      <dst id="15">701.5911</dst>
    </src>
    <src id="15">
      <dst id="12">2424.1600</dst>
      <dst id="13">837.0578</dst>
      <dst id="19">76.2933</dst>
      <dst id="8">740.4889</dst>
      <dst id="18">38.0356</dst>
      <dst id="4">1261.8311</dst>
      <dst id="1">1409.8489</dst>
      <dst id="5">714.3467</dst>
      <dst id="3">16.3111</dst>
      <dst id="7">121.7689</dst>
      <dst id="2">164.3822</dst>
      <dst id="6">0.4267</dst>
      <dst id="14">0.9244</dst>
      <dst id="11">2795.0400</dst>
      <dst id="9">1497.5111</dst>
      <dst id="17">2554.9511</dst>
      <dst id="21">2614.5689</dst>
    </src>
  </IntraTM>
</TrafficMatrixFile>
