<?xml version="1.0" encoding="UTF-8" standalone="yes"?>
<TrafficMatrixFile xmlns:xsi="http://www.w3.org/2001/XMLSchema-instance" xsi:noNamespaceSchemaLocation="http://totem.run.montefiore.ulg.ac.be/Schema/TrafficMatrix-v1_2.xsd">
  <info>
    <title>Intradomain traffic matrix generated by geant-TM-all.pl</title>
    <date>2005-01-04T15:30:00</date>
    <duration>900</duration>
    <author>Steve Uhlig</author>
    <units>
        <unit type="bandwidth" value="kbps"/>
    </units>
  </info>
  <IntraTM ASID="20965">
    <src id="12">
      <dst id="12">161193.6089</dst>
      <dst id="13">14376.5956</dst>
      <dst id="19">4356.7556</dst>
      <dst id="23">97.8400</dst>
      <dst id="8">370.1422</dst>
      <dst id="18">414.1422</dst>
      <dst id="4">56076.5778</dst>
      <dst id="1">9888.3644</dst>
      <dst id="5">20300.1511</dst>
      <dst id="3">2544.6667</dst>
      <dst id="22">1880.6844</dst>
      <dst id="7">18738.3556</dst>
      <dst id="2">72743.5111</dst>
      <dst id="6">10.5511</dst>
      <dst id="16">5104.5067</dst>
      <dst id="14">160.1956</dst>
      <dst id="20">6991.4578</dst>
      <dst id="11">3571.1822</dst>
      <dst id="9">2549.5467</dst>
      <dst id="17">60017.1467</dst>
      <dst id="21">3031.4222</dst>
      <dst id="15">448.9244</dst>
    </src>
    <src id="13">
      <dst id="12">33589.6533</dst>
      <dst id="19">4145.9556</dst>
      <dst id="23">12.5511</dst>
      <dst id="8">2041.2356</dst>
      <dst id="18">3377.4311</dst>
      <dst id="1">1131.4400</dst>
      <dst id="5">3374.1778</dst>
      <dst id="3">7620.7822</dst>
      <dst id="22">15885.4311</dst>
      <dst id="7">8076.0533</dst>
      <dst id="2">50481.1289</dst>
      <dst id="6">68.7378</dst>
      <dst id="16">5318.1956</dst>
      <dst id="14">2854.8178</dst>
      <dst id="20">3771.1556</dst>
      <dst id="11">3941.6889</dst>
      <dst id="9">6836.9600</dst>
      <dst id="17">25356.3822</dst>
      <dst id="21">10291.3333</dst>
      <dst id="15">699.7156</dst>
    </src>
    <src id="19">
      <dst id="12">15043.9200</dst>
      <dst id="13">29.2711</dst>
      <dst id="8">1.7600</dst>
      <dst id="18">2.1333</dst>
      <dst id="4">21086.0800</dst>
      <dst id="1">418.0356</dst>
      <dst id="5">23.4844</dst>
      <dst id="3">0.3556</dst>
      <dst id="22">96.2400</dst>
      <dst id="7">3210.2222</dst>
      <dst id="2">28.3022</dst>
      <dst id="6">103.6889</dst>
      <dst id="16">10508.1156</dst>
      <dst id="14">4.4711</dst>
      <dst id="20">1.7600</dst>
      <dst id="11">1.5822</dst>
      <dst id="17">57.2444</dst>
      <dst id="21">149.1644</dst>
      <dst id="15">0.3556</dst>
    </src>
    <src id="23">
      <dst id="12">61.2978</dst>
      <dst id="13">13.8667</dst>
      <dst id="19">0.4711</dst>
      <dst id="8">6.2933</dst>
      <dst id="18">0.8978</dst>
      <dst id="4">10.3022</dst>
      <dst id="1">39.7956</dst>
      <dst id="5">12.6222</dst>
      <dst id="3">223.6800</dst>
      <dst id="22">64.4267</dst>
      <dst id="7">1.7600</dst>
      <dst id="2">14.9867</dst>
      <dst id="16">3.4400</dst>
      <dst id="14">1.4844</dst>
      <dst id="11">13.3422</dst>
      <dst id="9">1247.7511</dst>
      <dst id="17">134.2489</dst>
      <dst id="21">305.1378</dst>
    </src>
    <src id="8">
      <dst id="12">242567.2000</dst>
      <dst id="13">500.7111</dst>
      <dst id="18">11.5556</dst>
      <dst id="4">7001.6711</dst>
      <dst id="1">1829.8667</dst>
      <dst id="5">280.1778</dst>
      <dst id="3">13.3511</dst>
      <dst id="22">598.2578</dst>
      <dst id="7">801.2622</dst>
      <dst id="2">84051.7244</dst>
      <dst id="16">144.1778</dst>
      <dst id="20">11.6444</dst>
      <dst id="11">55.2889</dst>
      <dst id="9">185.6533</dst>
      <dst id="17">87749.5733</dst>
      <dst id="21">736.2844</dst>
      <dst id="15">153.2533</dst>
    </src>
    <src id="18">
      <dst id="12">88570.2133</dst>
      <dst id="13">60.1600</dst>
      <dst id="19">3.0933</dst>
      <dst id="8">25.3778</dst>
      <dst id="4">1473.1733</dst>
      <dst id="1">1262.9422</dst>
      <dst id="5">83.5822</dst>
      <dst id="3">57.3067</dst>
      <dst id="22">137.1111</dst>
      <dst id="7">29.1556</dst>
      <dst id="2">21527.8844</dst>
      <dst id="16">17.4311</dst>
      <dst id="20">1.8756</dst>
      <dst id="11">49.4044</dst>
      <dst id="9">29.8044</dst>
      <dst id="17">32702.2133</dst>
      <dst id="21">161.0578</dst>
      <dst id="15">2.3911</dst>
    </src>
    <src id="4">
      <dst id="12">5739.0844</dst>
      <dst id="19">15346.4800</dst>
      <dst id="8">2403.0489</dst>
      <dst id="18">1677.3511</dst>
      <dst id="4">2.5867</dst>
      <dst id="1">19692.6844</dst>
      <dst id="5">1783.4133</dst>
      <dst id="3">17.8222</dst>
      <dst id="22">2324.9156</dst>
      <dst id="7">128286.5244</dst>
      <dst id="2">84414.9511</dst>
      <dst id="6">7.6800</dst>
      <dst id="16">667.9556</dst>
      <dst id="14">1181.3867</dst>
      <dst id="20">104.3644</dst>
      <dst id="11">1727.0933</dst>
      <dst id="9">2472.8267</dst>
      <dst id="17">19044.5867</dst>
      <dst id="21">3930.0267</dst>
      <dst id="15">158.0533</dst>
    </src>
    <src id="1">
      <dst id="12">15411.7333</dst>
      <dst id="13">324.2400</dst>
      <dst id="19">99.7511</dst>
      <dst id="23">16.2044</dst>
      <dst id="8">47775.8933</dst>
      <dst id="18">11629.1022</dst>
      <dst id="4">9664.5778</dst>
      <dst id="1">19475.1289</dst>
      <dst id="5">112002.0444</dst>
      <dst id="3">17.7867</dst>
      <dst id="22">609.4222</dst>
      <dst id="7">896.9778</dst>
      <dst id="2">2228.4000</dst>
      <dst id="6">4711.8844</dst>
      <dst id="16">17011.8489</dst>
      <dst id="14">41.6444</dst>
      <dst id="20">40.3200</dst>
      <dst id="11">137.5911</dst>
      <dst id="9">112586.1333</dst>
      <dst id="17">3339.3156</dst>
      <dst id="21">1947.1111</dst>
      <dst id="15">106.8356</dst>
    </src>
    <src id="5">
      <dst id="12">209469.9378</dst>
      <dst id="13">196.4978</dst>
      <dst id="8">51.6000</dst>
      <dst id="18">1087.9733</dst>
      <dst id="4">5120.2756</dst>
      <dst id="1">390.4533</dst>
      <dst id="3">17.2089</dst>
      <dst id="22">1456.0000</dst>
      <dst id="7">139.3689</dst>
      <dst id="2">75176.7289</dst>
      <dst id="6">0.4267</dst>
      <dst id="16">92.8622</dst>
      <dst id="14">27.0222</dst>
      <dst id="20">161.2178</dst>
      <dst id="11">260.3644</dst>
      <dst id="9">292.8711</dst>
      <dst id="17">77737.7511</dst>
      <dst id="21">241.4044</dst>
      <dst id="15">149.1200</dst>
    </src>
    <src id="3">
      <dst id="12">5555.5289</dst>
      <dst id="13">226.0622</dst>
      <dst id="19">904.0089</dst>
      <dst id="23">7571.9911</dst>
      <dst id="8">55.2622</dst>
      <dst id="18">47175.3422</dst>
      <dst id="4">34006.2133</dst>
      <dst id="1">8687.5378</dst>
      <dst id="5">215.6889</dst>
      <dst id="3">6403.6178</dst>
      <dst id="22">1347.6089</dst>
      <dst id="7">1718.7111</dst>
      <dst id="2">3814.0889</dst>
      <dst id="6">6.2933</dst>
      <dst id="16">914.8978</dst>
      <dst id="14">45690.0444</dst>
      <dst id="20">6.8089</dst>
      <dst id="11">89973.1289</dst>
      <dst id="9">242.9689</dst>
      <dst id="17">6318.3378</dst>
      <dst id="21">4700.4622</dst>
      <dst id="15">53.0578</dst>
    </src>
    <src id="10">
      <dst id="12">7468.6400</dst>
      <dst id="19">5701.8844</dst>
      <dst id="8">224.3911</dst>
      <dst id="18">749.9556</dst>
      <dst id="1">2342.5956</dst>
      <dst id="5">360.7822</dst>
      <dst id="3">3141.0133</dst>
      <dst id="22">9545.5289</dst>
      <dst id="7">49319.8933</dst>
      <dst id="2">25959.6711</dst>
      <dst id="6">0.4533</dst>
      <dst id="16">79.3600</dst>
      <dst id="14">931.6800</dst>
      <dst id="20">4149.2089</dst>
      <dst id="11">1956.7733</dst>
      <dst id="9">4289.0667</dst>
      <dst id="17">9074.1956</dst>
      <dst id="21">13407.2000</dst>
      <dst id="15">66.8800</dst>
    </src>
    <src id="22">
      <dst id="12">13102.2222</dst>
      <dst id="13">1009.6711</dst>
      <dst id="19">36.0356</dst>
      <dst id="23">7.6978</dst>
      <dst id="8">396.0533</dst>
      <dst id="18">140.3378</dst>
      <dst id="4">14296.0356</dst>
      <dst id="1">198.5244</dst>
      <dst id="5">1382.4178</dst>
      <dst id="3">540.6400</dst>
      <dst id="7">296.4889</dst>
      <dst id="2">4279.6622</dst>
      <dst id="6">39.7156</dst>
      <dst id="16">1.2000</dst>
      <dst id="14">56.8356</dst>
      <dst id="11">1147.0489</dst>
      <dst id="9">932.4978</dst>
      <dst id="17">1084.8622</dst>
      <dst id="21">667.8311</dst>
    </src>
    <src id="7">
      <dst id="12">2326.6222</dst>
      <dst id="13">70.4267</dst>
      <dst id="19">74.6311</dst>
      <dst id="23">6.7111</dst>
      <dst id="8">63.6889</dst>
      <dst id="18">5.8044</dst>
      <dst id="4">27796.3556</dst>
      <dst id="1">1905.1467</dst>
      <dst id="5">1036.3733</dst>
      <dst id="3">370.3289</dst>
      <dst id="22">2693.7867</dst>
      <dst id="7">668.4800</dst>
      <dst id="2">5028.7911</dst>
      <dst id="6">13.3333</dst>
      <dst id="16">283.6622</dst>
      <dst id="14">95.3333</dst>
      <dst id="20">408.8889</dst>
      <dst id="11">401.3867</dst>
      <dst id="9">52.9956</dst>
      <dst id="17">3030.2667</dst>
      <dst id="21">794.0622</dst>
      <dst id="15">175.4667</dst>
    </src>
    <src id="2">
      <dst id="12">51228.5511</dst>
      <dst id="13">509299.2889</dst>
      <dst id="19">33.9556</dst>
      <dst id="8">235.0311</dst>
      <dst id="18">30359.9467</dst>
      <dst id="4">65879.9644</dst>
      <dst id="1">1417.0756</dst>
      <dst id="5">1214.6222</dst>
      <dst id="3">186.6756</dst>
      <dst id="22">413.3600</dst>
      <dst id="7">1773.7600</dst>
      <dst id="2">738.2667</dst>
      <dst id="6">6232.5778</dst>
      <dst id="16">7064.0356</dst>
      <dst id="14">5440.7111</dst>
      <dst id="20">324.5956</dst>
      <dst id="11">858.6133</dst>
      <dst id="9">302.4089</dst>
      <dst id="17">27555.2356</dst>
      <dst id="21">3968.3200</dst>
      <dst id="15">109.9822</dst>
    </src>
    <src id="6">
      <dst id="12">7522.1689</dst>
      <dst id="13">2.6756</dst>
      <dst id="19">8.8533</dst>
      <dst id="18">38.7467</dst>
      <dst id="4">1353.5556</dst>
      <dst id="1">1.7422</dst>
      <dst id="5">0.5156</dst>
      <dst id="3">11.4667</dst>
      <dst id="22">79.2622</dst>
      <dst id="7">1.7422</dst>
      <dst id="2">1549.2889</dst>
      <dst id="20">0.3556</dst>
      <dst id="9">1.1378</dst>
      <dst id="17">1230.0978</dst>
    </src>
    <src id="16">
      <dst id="12">1398.1689</dst>
      <dst id="13">127.2622</dst>
      <dst id="19">3904.1689</dst>
      <dst id="23">1.3156</dst>
      <dst id="8">706.0978</dst>
      <dst id="18">3.6178</dst>
      <dst id="4">2373.1200</dst>
      <dst id="1">24257.5022</dst>
      <dst id="5">883.0578</dst>
      <dst id="3">1.6089</dst>
      <dst id="7">776.4533</dst>
      <dst id="2">469.2889</dst>
      <dst id="6">12.8000</dst>
      <dst id="16">15.8489</dst>
      <dst id="14">493.3333</dst>
      <dst id="11">104.9511</dst>
      <dst id="9">5581.7156</dst>
      <dst id="17">743.8222</dst>
      <dst id="21">2037.4667</dst>
    </src>
    <src id="14">
      <dst id="12">23796.0800</dst>
      <dst id="13">34.3200</dst>
      <dst id="19">7.9289</dst>
      <dst id="23">1.8933</dst>
      <dst id="18">0.4622</dst>
      <dst id="4">1462.9156</dst>
      <dst id="1">233.3778</dst>
      <dst id="5">5.0667</dst>
      <dst id="3">86.0978</dst>
      <dst id="22">3.2889</dst>
      <dst id="7">47.7422</dst>
      <dst id="2">8218.9867</dst>
      <dst id="16">9.7867</dst>
      <dst id="20">0.4622</dst>
      <dst id="11">17.5289</dst>
      <dst id="17">6136.4978</dst>
      <dst id="21">55.8933</dst>
    </src>
    <src id="20">
      <dst id="12">1965.3067</dst>
      <dst id="13">665.6800</dst>
      <dst id="19">3.9822</dst>
      <dst id="8">81.3689</dst>
      <dst id="18">1.4400</dst>
      <dst id="4">6266.8356</dst>
      <dst id="1">38.7556</dst>
      <dst id="5">269.2444</dst>
      <dst id="3">29.9733</dst>
      <dst id="7">200.0889</dst>
      <dst id="2">2940.8089</dst>
      <dst id="6">12.8178</dst>
      <dst id="14">0.7911</dst>
      <dst id="11">50.4711</dst>
      <dst id="9">420.5156</dst>
      <dst id="17">510.7911</dst>
      <dst id="21">473.0311</dst>
    </src>
    <src id="11">
      <dst id="12">345418.5689</dst>
      <dst id="13">1826.1422</dst>
      <dst id="19">4.2933</dst>
      <dst id="23">0.4267</dst>
      <dst id="8">99.2356</dst>
      <dst id="18">89.4578</dst>
      <dst id="4">9313.6089</dst>
      <dst id="1">3159.2178</dst>
      <dst id="5">1396.6933</dst>
      <dst id="3">426.8711</dst>
      <dst id="22">1452.4444</dst>
      <dst id="7">288.7556</dst>
      <dst id="2">110845.5378</dst>
      <dst id="16">27.1289</dst>
      <dst id="14">124.3556</dst>
      <dst id="20">394.8711</dst>
      <dst id="11">984.9689</dst>
      <dst id="9">540.5511</dst>
      <dst id="17">127154.2844</dst>
      <dst id="21">774.6222</dst>
      <dst id="15">57.2267</dst>
    </src>
    <src id="9">
      <dst id="12">363987.0400</dst>
      <dst id="13">618.4889</dst>
      <dst id="19">1.2089</dst>
      <dst id="23">32.3200</dst>
      <dst id="8">56.3022</dst>
      <dst id="18">69.6267</dst>
      <dst id="4">9366.7911</dst>
      <dst id="1">1192.3289</dst>
      <dst id="5">272.8089</dst>
      <dst id="3">4.0356</dst>
      <dst id="22">872.7644</dst>
      <dst id="7">3.5111</dst>
      <dst id="2">98461.8933</dst>
      <dst id="16">413.6444</dst>
      <dst id="14">4.7733</dst>
      <dst id="20">586.5333</dst>
      <dst id="11">127.4578</dst>
      <dst id="9">383.9289</dst>
      <dst id="17">119856.6844</dst>
      <dst id="21">174.1511</dst>
      <dst id="15">116.0978</dst>
    </src>
    <src id="17">
      <dst id="12">5331.2800</dst>
      <dst id="13">16661.2267</dst>
      <dst id="19">122.1600</dst>
      <dst id="23">90.0622</dst>
      <dst id="8">67296.3644</dst>
      <dst id="18">6153.6178</dst>
      <dst id="4">31407.0933</dst>
      <dst id="1">336.2667</dst>
      <dst id="5">106391.3422</dst>
      <dst id="3">2895.6800</dst>
      <dst id="22">2163.9911</dst>
      <dst id="7">924.8444</dst>
      <dst id="2">5213.5644</dst>
      <dst id="6">48.9689</dst>
      <dst id="16">1748.7200</dst>
      <dst id="14">30146.7911</dst>
      <dst id="20">151.0756</dst>
      <dst id="11">62464.6311</dst>
      <dst id="9">87738.1778</dst>
      <dst id="17">695.1200</dst>
      <dst id="21">3094.2844</dst>
      <dst id="15">171.7156</dst>
    </src>
    <src id="21">
      <dst id="12">14000.8178</dst>
      <dst id="13">183.9378</dst>
      <dst id="19">11.5200</dst>
      <dst id="23">8.1333</dst>
      <dst id="8">22.2400</dst>
      <dst id="18">299.4756</dst>
      <dst id="4">9300.6222</dst>
      <dst id="1">4565.3867</dst>
      <dst id="5">244.6222</dst>
      <dst id="3">1461.1022</dst>
      <dst id="22">506.7022</dst>
      <dst id="7">976.0978</dst>
      <dst id="2">5558.5600</dst>
      <dst id="6">15.3333</dst>
      <dst id="16">168.1867</dst>
      <dst id="14">61.2800</dst>
      <dst id="20">54.9156</dst>
      <dst id="11">212.3822</dst>
      <dst id="9">224.9422</dst>
      <dst id="17">2693.9022</dst>
      <dst id="21">477.4222</dst>
      <dst id="15">620.4000</dst>
    </src>
    <src id="15">
      <dst id="12">273.4933</dst>
      <dst id="13">51.5822</dst>
      <dst id="8">42.9956</dst>
      <dst id="4">3074.8267</dst>
      <dst id="1">758.6400</dst>
      <dst id="5">46.2756</dst>
      <dst id="3">8.4267</dst>
      <dst id="7">6.3822</dst>
      <dst id="2">81.9556</dst>
      <dst id="6">0.3378</dst>
      <dst id="16">0.8356</dst>
      <dst id="11">10.8089</dst>
      <dst id="9">82.9956</dst>
      <dst id="17">101.9111</dst>
      <dst id="21">116.8622</dst>
    </src>
  </IntraTM>
</TrafficMatrixFile>
