<?xml version="1.0" encoding="UTF-8" standalone="yes"?>
<TrafficMatrixFile xmlns:xsi="http://www.w3.org/2001/XMLSchema-instance" xsi:noNamespaceSchemaLocation="http://totem.run.montefiore.ulg.ac.be/Schema/TrafficMatrix-v1_2.xsd">
  <info>
    <title>Intradomain traffic matrix generated by geant-TM-all.pl</title>
    <date>2005-01-02T04:00:00</date>
    <duration>900</duration>
    <author>Steve Uhlig</author>
    <units>
        <unit type="bandwidth" value="kbps"/>
    </units>
  </info>
  <IntraTM ASID="20965">
    <src id="12">
      <dst id="12">309288.0089</dst>
      <dst id="13">16053.6711</dst>
      <dst id="19">6269.4044</dst>
      <dst id="23">1261.7867</dst>
      <dst id="8">3365.4044</dst>
      <dst id="18">7451.5644</dst>
      <dst id="4">138598.5689</dst>
      <dst id="1">10627.1556</dst>
      <dst id="5">4082.7200</dst>
      <dst id="3">3449.3333</dst>
      <dst id="22">17680.7467</dst>
      <dst id="7">2789.3156</dst>
      <dst id="2">92770.8533</dst>
      <dst id="6">4.7200</dst>
      <dst id="16">4246.4356</dst>
      <dst id="14">391.6089</dst>
      <dst id="20">1591.5556</dst>
      <dst id="11">10182.2133</dst>
      <dst id="9">17161.6267</dst>
      <dst id="17">84018.0978</dst>
      <dst id="21">20547.6444</dst>
      <dst id="15">4486.3733</dst>
    </src>
    <src id="13">
      <dst id="12">170763.1289</dst>
      <dst id="19">9015.6089</dst>
      <dst id="23">411.3422</dst>
      <dst id="8">3575.9378</dst>
      <dst id="18">11345.2533</dst>
      <dst id="1">4643.1022</dst>
      <dst id="5">19387.2533</dst>
      <dst id="3">11969.5733</dst>
      <dst id="22">23346.9422</dst>
      <dst id="7">17116.7911</dst>
      <dst id="2">159965.3067</dst>
      <dst id="6">104.7289</dst>
      <dst id="16">8576.0267</dst>
      <dst id="14">2075.5556</dst>
      <dst id="20">24494.3200</dst>
      <dst id="11">15727.8400</dst>
      <dst id="9">17533.7600</dst>
      <dst id="17">83240.5689</dst>
      <dst id="21">24971.4933</dst>
      <dst id="15">3563.8489</dst>
    </src>
    <src id="19">
      <dst id="12">15503.8844</dst>
      <dst id="13">5175.8311</dst>
      <dst id="23">27.4489</dst>
      <dst id="8">43.8400</dst>
      <dst id="18">993.3244</dst>
      <dst id="4">21669.9911</dst>
      <dst id="1">2616.5511</dst>
      <dst id="5">85.4311</dst>
      <dst id="3">14.1511</dst>
      <dst id="22">1465.3600</dst>
      <dst id="7">5084.6489</dst>
      <dst id="2">1045.8844</dst>
      <dst id="6">38.8622</dst>
      <dst id="16">5442.6133</dst>
      <dst id="14">25.2444</dst>
      <dst id="20">148.2933</dst>
      <dst id="11">8971.8400</dst>
      <dst id="9">438.8800</dst>
      <dst id="17">2375.9378</dst>
      <dst id="21">751.6533</dst>
      <dst id="15">14.8267</dst>
    </src>
    <src id="23">
      <dst id="12">679.1022</dst>
      <dst id="13">689.7156</dst>
      <dst id="19">28.9422</dst>
      <dst id="8">183.2356</dst>
      <dst id="18">15.6622</dst>
      <dst id="4">575.3244</dst>
      <dst id="1">3958.2222</dst>
      <dst id="5">66.0889</dst>
      <dst id="3">70.0800</dst>
      <dst id="22">258.8978</dst>
      <dst id="7">187.9467</dst>
      <dst id="2">6.6044</dst>
      <dst id="6">0.4622</dst>
      <dst id="16">53.3600</dst>
      <dst id="14">5.9111</dst>
      <dst id="20">41.2711</dst>
      <dst id="11">123.0933</dst>
      <dst id="9">81.8844</dst>
      <dst id="17">65.6089</dst>
      <dst id="21">650.8711</dst>
      <dst id="15">910.3289</dst>
    </src>
    <src id="8">
      <dst id="12">311331.5556</dst>
      <dst id="13">442.1511</dst>
      <dst id="19">121.0667</dst>
      <dst id="23">285.8844</dst>
      <dst id="18">316.8622</dst>
      <dst id="4">9650.4089</dst>
      <dst id="1">628.6133</dst>
      <dst id="5">5158.6578</dst>
      <dst id="3">25.8311</dst>
      <dst id="22">1022.4622</dst>
      <dst id="7">5.3778</dst>
      <dst id="2">124145.4844</dst>
      <dst id="16">537.7689</dst>
      <dst id="14">13.2978</dst>
      <dst id="20">255.8400</dst>
      <dst id="11">1802.7289</dst>
      <dst id="9">1745.3422</dst>
      <dst id="17">117639.0311</dst>
      <dst id="21">864.6133</dst>
      <dst id="15">2976.2844</dst>
    </src>
    <src id="18">
      <dst id="12">108472.1600</dst>
      <dst id="13">200.3733</dst>
      <dst id="19">906.1244</dst>
      <dst id="23">4.4889</dst>
      <dst id="8">65.6356</dst>
      <dst id="4">2230.1689</dst>
      <dst id="1">906.8622</dst>
      <dst id="5">448.3911</dst>
      <dst id="3">58.7111</dst>
      <dst id="22">786.7022</dst>
      <dst id="7">69.9911</dst>
      <dst id="2">39192.3111</dst>
      <dst id="16">18.4711</dst>
      <dst id="14">1.0311</dst>
      <dst id="20">419.1022</dst>
      <dst id="11">680.8444</dst>
      <dst id="9">414.9956</dst>
      <dst id="17">39947.3333</dst>
      <dst id="21">1628.4889</dst>
      <dst id="15">33.6000</dst>
    </src>
    <src id="4">
      <dst id="12">21187.0844</dst>
      <dst id="19">10020.8000</dst>
      <dst id="23">5.6000</dst>
      <dst id="8">1672.2400</dst>
      <dst id="18">1690.3467</dst>
      <dst id="4">1.7689</dst>
      <dst id="1">56688.0622</dst>
      <dst id="5">1793.6800</dst>
      <dst id="3">328.0444</dst>
      <dst id="22">7202.9778</dst>
      <dst id="7">90545.9467</dst>
      <dst id="2">57103.3689</dst>
      <dst id="6">60.6400</dst>
      <dst id="16">2042.4800</dst>
      <dst id="14">4737.1556</dst>
      <dst id="20">5525.7778</dst>
      <dst id="11">13911.4311</dst>
      <dst id="9">3794.7111</dst>
      <dst id="17">26927.0222</dst>
      <dst id="21">9201.4400</dst>
      <dst id="15">659.2178</dst>
    </src>
    <src id="1">
      <dst id="12">17329.8311</dst>
      <dst id="13">1188.4444</dst>
      <dst id="19">132.8356</dst>
      <dst id="23">94.4267</dst>
      <dst id="8">164083.9022</dst>
      <dst id="18">15299.7244</dst>
      <dst id="4">25863.4933</dst>
      <dst id="1">74199.7511</dst>
      <dst id="5">282183.9467</dst>
      <dst id="3">141.6978</dst>
      <dst id="22">3943.8844</dst>
      <dst id="7">1943.7689</dst>
      <dst id="2">3452.8533</dst>
      <dst id="6">9436.5689</dst>
      <dst id="16">8687.7689</dst>
      <dst id="14">135.5022</dst>
      <dst id="20">339.6356</dst>
      <dst id="11">254.7378</dst>
      <dst id="9">259239.2622</dst>
      <dst id="17">4620.2578</dst>
      <dst id="21">8014.2933</dst>
      <dst id="15">173.5644</dst>
    </src>
    <src id="5">
      <dst id="12">335426.0089</dst>
      <dst id="13">1841.1467</dst>
      <dst id="19">107.6356</dst>
      <dst id="23">5.2533</dst>
      <dst id="8">4272.9333</dst>
      <dst id="18">189.8489</dst>
      <dst id="4">7289.3244</dst>
      <dst id="1">781.0578</dst>
      <dst id="3">90.0178</dst>
      <dst id="22">9988.4800</dst>
      <dst id="7">186.5778</dst>
      <dst id="2">161715.9289</dst>
      <dst id="6">0.3556</dst>
      <dst id="16">978.9244</dst>
      <dst id="14">76.4978</dst>
      <dst id="20">4588.5511</dst>
      <dst id="11">1963.2178</dst>
      <dst id="9">1437.9022</dst>
      <dst id="17">138981.3067</dst>
      <dst id="21">499.8933</dst>
      <dst id="15">61.0400</dst>
    </src>
    <src id="3">
      <dst id="12">10433.9111</dst>
      <dst id="13">1871.9467</dst>
      <dst id="19">1239.0844</dst>
      <dst id="23">148.6756</dst>
      <dst id="8">284.4533</dst>
      <dst id="18">126588.0978</dst>
      <dst id="4">46745.4578</dst>
      <dst id="1">15183.2889</dst>
      <dst id="5">3454.5244</dst>
      <dst id="3">18937.9289</dst>
      <dst id="22">2622.7467</dst>
      <dst id="7">8130.8889</dst>
      <dst id="2">8189.7067</dst>
      <dst id="6">0.5689</dst>
      <dst id="16">1816.3733</dst>
      <dst id="14">45359.4044</dst>
      <dst id="20">160.5956</dst>
      <dst id="11">188851.2267</dst>
      <dst id="9">1894.5156</dst>
      <dst id="17">17054.7467</dst>
      <dst id="21">7914.1511</dst>
      <dst id="15">179.3600</dst>
    </src>
    <src id="10">
      <dst id="12">12539.7422</dst>
      <dst id="19">1053.5911</dst>
      <dst id="8">1330.3911</dst>
      <dst id="18">2353.3956</dst>
      <dst id="1">1680.9511</dst>
      <dst id="5">1383.4044</dst>
      <dst id="3">18025.9200</dst>
      <dst id="22">5656.5600</dst>
      <dst id="7">11166.4444</dst>
      <dst id="2">38680.0178</dst>
      <dst id="6">18.0089</dst>
      <dst id="16">3032.7733</dst>
      <dst id="14">2238.2667</dst>
      <dst id="20">1805.5822</dst>
      <dst id="11">2600.1422</dst>
      <dst id="9">3494.1333</dst>
      <dst id="17">22741.1911</dst>
      <dst id="21">14926.1244</dst>
      <dst id="15">849.1111</dst>
    </src>
    <src id="22">
      <dst id="12">8786.1244</dst>
      <dst id="13">3584.2756</dst>
      <dst id="19">228.0356</dst>
      <dst id="23">414.7022</dst>
      <dst id="8">2701.4133</dst>
      <dst id="18">4601.7867</dst>
      <dst id="4">17740.1689</dst>
      <dst id="1">3607.8400</dst>
      <dst id="5">7350.8000</dst>
      <dst id="3">1058.3822</dst>
      <dst id="7">687.4933</dst>
      <dst id="2">2472.7289</dst>
      <dst id="6">28.4267</dst>
      <dst id="16">0.3556</dst>
      <dst id="14">66.1689</dst>
      <dst id="11">4346.0000</dst>
      <dst id="9">3872.7289</dst>
      <dst id="17">13862.0978</dst>
      <dst id="21">1321.5200</dst>
    </src>
    <src id="7">
      <dst id="12">4135.7156</dst>
      <dst id="13">243.7689</dst>
      <dst id="19">806.0978</dst>
      <dst id="23">1681.0933</dst>
      <dst id="8">294.4978</dst>
      <dst id="18">364.6044</dst>
      <dst id="4">73277.0222</dst>
      <dst id="1">17138.9956</dst>
      <dst id="5">2097.4400</dst>
      <dst id="3">339.3956</dst>
      <dst id="22">3822.3200</dst>
      <dst id="7">782.5067</dst>
      <dst id="2">9761.7600</dst>
      <dst id="6">6.9600</dst>
      <dst id="16">569.6178</dst>
      <dst id="14">134.1511</dst>
      <dst id="20">937.4578</dst>
      <dst id="11">2418.1156</dst>
      <dst id="9">1300.5244</dst>
      <dst id="17">10602.7378</dst>
      <dst id="21">16307.9467</dst>
      <dst id="15">469.4222</dst>
    </src>
    <src id="2">
      <dst id="12">140869.7156</dst>
      <dst id="13">11734.1333</dst>
      <dst id="19">8273.8489</dst>
      <dst id="23">14.5511</dst>
      <dst id="8">1808.9244</dst>
      <dst id="18">112079.7156</dst>
      <dst id="4">126217.7600</dst>
      <dst id="1">6243.8133</dst>
      <dst id="5">1515.7067</dst>
      <dst id="3">324.6933</dst>
      <dst id="22">3666.9778</dst>
      <dst id="7">31195.6356</dst>
      <dst id="2">1071.7511</dst>
      <dst id="6">7003.6178</dst>
      <dst id="16">3049.3156</dst>
      <dst id="14">484.5156</dst>
      <dst id="20">4427.0489</dst>
      <dst id="11">3723.7067</dst>
      <dst id="9">2438.0267</dst>
      <dst id="17">26824.8000</dst>
      <dst id="21">7712.2933</dst>
      <dst id="15">199.6533</dst>
    </src>
    <src id="6">
      <dst id="12">12671.4222</dst>
      <dst id="13">3.6711</dst>
      <dst id="19">1.7778</dst>
      <dst id="8">11.4667</dst>
      <dst id="4">125.3067</dst>
      <dst id="1">14.6667</dst>
      <dst id="5">0.9156</dst>
      <dst id="3">83.7600</dst>
      <dst id="22">1.9556</dst>
      <dst id="7">13.6356</dst>
      <dst id="2">2345.1289</dst>
      <dst id="16">0.7111</dst>
      <dst id="20">13.1111</dst>
      <dst id="11">3.6622</dst>
      <dst id="9">15.6267</dst>
      <dst id="17">1306.5511</dst>
      <dst id="21">13.3778</dst>
    </src>
    <src id="16">
      <dst id="12">3229.3333</dst>
      <dst id="13">740.8356</dst>
      <dst id="19">3660.6311</dst>
      <dst id="23">183.6444</dst>
      <dst id="8">10446.1156</dst>
      <dst id="18">85.4222</dst>
      <dst id="4">8833.9111</dst>
      <dst id="1">14154.7822</dst>
      <dst id="5">9664.9600</dst>
      <dst id="3">1.3067</dst>
      <dst id="7">3372.9422</dst>
      <dst id="2">1113.5644</dst>
      <dst id="16">70.9778</dst>
      <dst id="14">606.1956</dst>
      <dst id="11">182.1956</dst>
      <dst id="9">6746.3556</dst>
      <dst id="17">1533.1556</dst>
      <dst id="21">852.8622</dst>
    </src>
    <src id="14">
      <dst id="12">17640.5067</dst>
      <dst id="13">115.6267</dst>
      <dst id="19">6.4356</dst>
      <dst id="23">0.9244</dst>
      <dst id="8">33.8222</dst>
      <dst id="18">13.6000</dst>
      <dst id="4">3640.1333</dst>
      <dst id="1">71.2089</dst>
      <dst id="5">15.6444</dst>
      <dst id="3">108.4800</dst>
      <dst id="22">28.8267</dst>
      <dst id="7">105.9111</dst>
      <dst id="2">6825.4667</dst>
      <dst id="16">40.1156</dst>
      <dst id="20">0.7111</dst>
      <dst id="11">34.7111</dst>
      <dst id="9">0.4622</dst>
      <dst id="17">10372.9156</dst>
      <dst id="21">112.4889</dst>
      <dst id="15">3.3600</dst>
    </src>
    <src id="20">
      <dst id="12">7340.3644</dst>
      <dst id="13">2222.2400</dst>
      <dst id="19">57.1911</dst>
      <dst id="23">55.9022</dst>
      <dst id="8">152.6667</dst>
      <dst id="18">163.4489</dst>
      <dst id="4">12793.3511</dst>
      <dst id="1">205.4044</dst>
      <dst id="5">7342.5244</dst>
      <dst id="3">1146.6400</dst>
      <dst id="7">915.0489</dst>
      <dst id="2">2549.1467</dst>
      <dst id="6">0.4444</dst>
      <dst id="14">51.1200</dst>
      <dst id="11">661.5200</dst>
      <dst id="9">35578.6578</dst>
      <dst id="17">1207.6800</dst>
      <dst id="21">568.7022</dst>
    </src>
    <src id="11">
      <dst id="12">437562.9422</dst>
      <dst id="13">1680.4178</dst>
      <dst id="19">287.7956</dst>
      <dst id="23">259.8133</dst>
      <dst id="8">517.4044</dst>
      <dst id="18">581.7867</dst>
      <dst id="4">19497.3600</dst>
      <dst id="1">499.5289</dst>
      <dst id="5">1041.1556</dst>
      <dst id="3">535.2178</dst>
      <dst id="22">3218.7644</dst>
      <dst id="7">1054.9156</dst>
      <dst id="2">178081.8311</dst>
      <dst id="6">92.1956</dst>
      <dst id="16">1057.8844</dst>
      <dst id="14">81.7156</dst>
      <dst id="20">998.3289</dst>
      <dst id="11">1670.1689</dst>
      <dst id="9">7056.4000</dst>
      <dst id="17">166996.8444</dst>
      <dst id="21">3850.4356</dst>
      <dst id="15">181.9822</dst>
    </src>
    <src id="9">
      <dst id="12">538454.0622</dst>
      <dst id="13">8514.5600</dst>
      <dst id="19">188.2400</dst>
      <dst id="23">5.5822</dst>
      <dst id="8">1660.0889</dst>
      <dst id="18">562.8622</dst>
      <dst id="4">30559.0311</dst>
      <dst id="1">10721.2800</dst>
      <dst id="5">1593.8044</dst>
      <dst id="3">44.1422</dst>
      <dst id="22">2590.5067</dst>
      <dst id="7">199.3600</dst>
      <dst id="2">207601.2622</dst>
      <dst id="6">19.6622</dst>
      <dst id="16">3377.1022</dst>
      <dst id="14">0.4622</dst>
      <dst id="20">1786.9067</dst>
      <dst id="11">934.7378</dst>
      <dst id="9">277.5556</dst>
      <dst id="17">210059.5022</dst>
      <dst id="21">1303.0044</dst>
      <dst id="15">566.1867</dst>
    </src>
    <src id="17">
      <dst id="12">13582.2578</dst>
      <dst id="13">5835.2178</dst>
      <dst id="19">409.4756</dst>
      <dst id="23">69.0756</dst>
      <dst id="8">168531.7156</dst>
      <dst id="18">8125.5378</dst>
      <dst id="4">60620.7644</dst>
      <dst id="1">5500.1511</dst>
      <dst id="5">283710.1778</dst>
      <dst id="3">13769.6622</dst>
      <dst id="22">15885.7067</dst>
      <dst id="7">25008.6133</dst>
      <dst id="2">11250.4711</dst>
      <dst id="6">38.5867</dst>
      <dst id="16">9457.6978</dst>
      <dst id="14">54119.6711</dst>
      <dst id="20">2075.6444</dst>
      <dst id="11">146500.6756</dst>
      <dst id="9">235338.2311</dst>
      <dst id="17">1555.9733</dst>
      <dst id="21">26057.3244</dst>
      <dst id="15">164.2578</dst>
    </src>
    <src id="21">
      <dst id="12">22717.5733</dst>
      <dst id="13">664.5244</dst>
      <dst id="19">73.9556</dst>
      <dst id="23">40.6667</dst>
      <dst id="8">401.3778</dst>
      <dst id="18">4868.4267</dst>
      <dst id="4">51846.4711</dst>
      <dst id="1">1334.5956</dst>
      <dst id="5">489.7422</dst>
      <dst id="3">2228.3200</dst>
      <dst id="22">1763.9733</dst>
      <dst id="7">3829.0933</dst>
      <dst id="2">11482.9244</dst>
      <dst id="6">1.8133</dst>
      <dst id="16">433.2978</dst>
      <dst id="14">100.7200</dst>
      <dst id="20">154.0533</dst>
      <dst id="11">3177.1289</dst>
      <dst id="9">2970.3911</dst>
      <dst id="17">14226.4444</dst>
      <dst id="21">3166.7733</dst>
      <dst id="15">76.6133</dst>
    </src>
    <src id="15">
      <dst id="12">8687.4044</dst>
      <dst id="13">2052.3822</dst>
      <dst id="19">17.1467</dst>
      <dst id="23">142.3644</dst>
      <dst id="8">78.8978</dst>
      <dst id="18">18.6222</dst>
      <dst id="4">5824.7200</dst>
      <dst id="1">657.8489</dst>
      <dst id="5">160.8000</dst>
      <dst id="3">8.9333</dst>
      <dst id="7">26.3733</dst>
      <dst id="2">2051.8489</dst>
      <dst id="16">0.3022</dst>
      <dst id="14">37.5733</dst>
      <dst id="11">100.4800</dst>
      <dst id="9">893.4133</dst>
      <dst id="17">165.1822</dst>
      <dst id="21">33.9378</dst>
    </src>
  </IntraTM>
</TrafficMatrixFile>
