<?xml version="1.0" encoding="UTF-8" standalone="yes"?>
<TrafficMatrixFile xmlns:xsi="http://www.w3.org/2001/XMLSchema-instance" xsi:noNamespaceSchemaLocation="http://totem.run.montefiore.ulg.ac.be/Schema/TrafficMatrix-v1_2.xsd">
  <info>
    <title>Intradomain traffic matrix generated by geant-TM-all.pl</title>
    <date>2005-01-05T19:15:00</date>
    <duration>900</duration>
    <author>Steve Uhlig</author>
    <units>
        <unit type="bandwidth" value="kbps"/>
    </units>
  </info>
  <IntraTM ASID="20965">
    <src id="12">
      <dst id="12">334049.9556</dst>
      <dst id="13">46929.3333</dst>
      <dst id="19">8829.7422</dst>
      <dst id="23">910.0711</dst>
      <dst id="8">10780.1333</dst>
      <dst id="18">2976.0533</dst>
      <dst id="4">75927.1644</dst>
      <dst id="1">20382.9600</dst>
      <dst id="5">8136.0889</dst>
      <dst id="3">15886.7644</dst>
      <dst id="22">17831.9111</dst>
      <dst id="7">12837.2800</dst>
      <dst id="2">103595.2356</dst>
      <dst id="6">214.5511</dst>
      <dst id="16">16236.0622</dst>
      <dst id="14">891.4933</dst>
      <dst id="20">5499.6000</dst>
      <dst id="11">5254.6844</dst>
      <dst id="9">7374.4267</dst>
      <dst id="17">133513.6800</dst>
      <dst id="21">23858.0267</dst>
      <dst id="15">4225.0222</dst>
    </src>
    <src id="13">
      <dst id="12">92662.2133</dst>
      <dst id="19">22861.7244</dst>
      <dst id="23">194.6489</dst>
      <dst id="8">15601.5556</dst>
      <dst id="18">9578.4356</dst>
      <dst id="1">15192.0089</dst>
      <dst id="5">12204.7378</dst>
      <dst id="3">38832.1244</dst>
      <dst id="22">25252.6933</dst>
      <dst id="7">42872.3467</dst>
      <dst id="2">100566.4533</dst>
      <dst id="6">630.3822</dst>
      <dst id="16">11074.0711</dst>
      <dst id="14">5923.5733</dst>
      <dst id="20">13485.8222</dst>
      <dst id="11">26122.4000</dst>
      <dst id="9">21180.6311</dst>
      <dst id="17">235398.6578</dst>
      <dst id="21">39095.4489</dst>
      <dst id="15">22713.7067</dst>
    </src>
    <src id="19">
      <dst id="12">14048.0711</dst>
      <dst id="13">2036.0800</dst>
      <dst id="23">412.8000</dst>
      <dst id="8">43.0222</dst>
      <dst id="18">261.1822</dst>
      <dst id="4">22884.1600</dst>
      <dst id="1">4452.8978</dst>
      <dst id="5">123.5111</dst>
      <dst id="3">281.1911</dst>
      <dst id="22">2597.4667</dst>
      <dst id="7">12981.7156</dst>
      <dst id="2">4978.7556</dst>
      <dst id="6">333.0400</dst>
      <dst id="16">5226.4000</dst>
      <dst id="20">81.5556</dst>
      <dst id="11">894.8800</dst>
      <dst id="9">82.4356</dst>
      <dst id="17">13619.1644</dst>
      <dst id="21">1731.6978</dst>
      <dst id="15">143.9467</dst>
    </src>
    <src id="23">
      <dst id="12">1710.0978</dst>
      <dst id="13">937.6178</dst>
      <dst id="19">86.5067</dst>
      <dst id="8">0.3911</dst>
      <dst id="18">1245.2089</dst>
      <dst id="4">209.1022</dst>
      <dst id="1">525.2178</dst>
      <dst id="5">40.8178</dst>
      <dst id="3">1466.2400</dst>
      <dst id="22">428.4000</dst>
      <dst id="7">786.2756</dst>
      <dst id="2">323.9644</dst>
      <dst id="6">0.4622</dst>
      <dst id="16">272.6489</dst>
      <dst id="14">55.1289</dst>
      <dst id="20">97.0667</dst>
      <dst id="11">175.9556</dst>
      <dst id="9">1302.3911</dst>
      <dst id="17">2525.4133</dst>
      <dst id="21">876.3111</dst>
      <dst id="15">333.3333</dst>
    </src>
    <src id="8">
      <dst id="12">327641.4222</dst>
      <dst id="13">2794.5600</dst>
      <dst id="19">61.3600</dst>
      <dst id="18">163.7600</dst>
      <dst id="4">6591.2000</dst>
      <dst id="1">644.7822</dst>
      <dst id="5">3607.3067</dst>
      <dst id="3">1.3511</dst>
      <dst id="22">1652.6311</dst>
      <dst id="7">122.0178</dst>
      <dst id="2">124102.4444</dst>
      <dst id="6">4.7644</dst>
      <dst id="16">1310.1600</dst>
      <dst id="14">0.8178</dst>
      <dst id="20">919.9467</dst>
      <dst id="11">6060.6756</dst>
      <dst id="9">1198.4978</dst>
      <dst id="17">114654.6044</dst>
      <dst id="21">226.8978</dst>
      <dst id="15">89.0756</dst>
    </src>
    <src id="18">
      <dst id="12">121574.5156</dst>
      <dst id="13">818.3200</dst>
      <dst id="19">139.2178</dst>
      <dst id="23">31.2889</dst>
      <dst id="8">63.9289</dst>
      <dst id="4">2065.9378</dst>
      <dst id="1">1203.6622</dst>
      <dst id="5">522.9422</dst>
      <dst id="3">413.1111</dst>
      <dst id="22">380.6044</dst>
      <dst id="7">339.4133</dst>
      <dst id="2">39745.9467</dst>
      <dst id="16">29.0756</dst>
      <dst id="14">34.4356</dst>
      <dst id="20">62.0533</dst>
      <dst id="11">299.0222</dst>
      <dst id="9">116.3467</dst>
      <dst id="17">47591.0489</dst>
      <dst id="21">2200.0267</dst>
      <dst id="15">43.0578</dst>
    </src>
    <src id="4">
      <dst id="12">30006.8800</dst>
      <dst id="19">17940.5511</dst>
      <dst id="23">0.9244</dst>
      <dst id="8">1680.3556</dst>
      <dst id="18">1350.5778</dst>
      <dst id="4">1.0400</dst>
      <dst id="1">325112.6044</dst>
      <dst id="5">4454.1244</dst>
      <dst id="3">1083.9200</dst>
      <dst id="22">7010.2489</dst>
      <dst id="7">149016.4800</dst>
      <dst id="2">101136.8000</dst>
      <dst id="6">53.2978</dst>
      <dst id="16">3641.6800</dst>
      <dst id="14">3811.7956</dst>
      <dst id="20">2641.3156</dst>
      <dst id="11">6028.7644</dst>
      <dst id="9">6598.3822</dst>
      <dst id="17">53586.0356</dst>
      <dst id="21">9878.0089</dst>
      <dst id="15">479.0311</dst>
    </src>
    <src id="1">
      <dst id="12">19397.2711</dst>
      <dst id="13">5659.4489</dst>
      <dst id="19">4275.8844</dst>
      <dst id="23">1607.6711</dst>
      <dst id="8">217060.8533</dst>
      <dst id="18">14979.4133</dst>
      <dst id="4">21408.2133</dst>
      <dst id="1">61216.0533</dst>
      <dst id="5">284636.9067</dst>
      <dst id="3">13046.6489</dst>
      <dst id="22">25432.2133</dst>
      <dst id="7">48590.6400</dst>
      <dst id="2">16198.7556</dst>
      <dst id="6">26014.5600</dst>
      <dst id="16">10777.9556</dst>
      <dst id="14">798.3733</dst>
      <dst id="20">12028.6578</dst>
      <dst id="11">3541.1733</dst>
      <dst id="9">427387.1378</dst>
      <dst id="17">13405.9467</dst>
      <dst id="21">19071.5200</dst>
      <dst id="15">1513.3689</dst>
    </src>
    <src id="5">
      <dst id="12">321258.2756</dst>
      <dst id="13">1622.4622</dst>
      <dst id="19">91.1200</dst>
      <dst id="23">1.6356</dst>
      <dst id="8">2202.4889</dst>
      <dst id="18">569.9378</dst>
      <dst id="4">7613.6000</dst>
      <dst id="1">3094.2311</dst>
      <dst id="3">17.6356</dst>
      <dst id="22">9395.6711</dst>
      <dst id="7">639.3067</dst>
      <dst id="2">130634.1244</dst>
      <dst id="6">1.1289</dst>
      <dst id="16">1925.8400</dst>
      <dst id="14">1.2267</dst>
      <dst id="20">2503.3067</dst>
      <dst id="11">4018.4000</dst>
      <dst id="9">1845.0844</dst>
      <dst id="17">110654.9511</dst>
      <dst id="21">770.3022</dst>
      <dst id="15">8666.2933</dst>
    </src>
    <src id="3">
      <dst id="12">17678.7111</dst>
      <dst id="13">11999.3244</dst>
      <dst id="19">2034.4711</dst>
      <dst id="23">8691.6267</dst>
      <dst id="8">460.5156</dst>
      <dst id="18">189759.1467</dst>
      <dst id="4">27063.4311</dst>
      <dst id="1">24218.6044</dst>
      <dst id="5">1648.9956</dst>
      <dst id="3">18977.1733</dst>
      <dst id="22">3787.6089</dst>
      <dst id="7">13387.7956</dst>
      <dst id="2">18224.3467</dst>
      <dst id="6">26.6133</dst>
      <dst id="16">4674.5956</dst>
      <dst id="14">64002.5689</dst>
      <dst id="20">4422.2933</dst>
      <dst id="11">387781.3511</dst>
      <dst id="9">1301.7689</dst>
      <dst id="17">26040.3022</dst>
      <dst id="21">17806.7289</dst>
      <dst id="15">1096.6667</dst>
    </src>
    <src id="10">
      <dst id="12">38795.7778</dst>
      <dst id="19">18391.2889</dst>
      <dst id="8">4381.0667</dst>
      <dst id="18">8629.8489</dst>
      <dst id="1">4324.1333</dst>
      <dst id="5">2880.4356</dst>
      <dst id="3">18074.3200</dst>
      <dst id="22">6705.9022</dst>
      <dst id="7">16073.1111</dst>
      <dst id="2">50497.8844</dst>
      <dst id="6">52.0889</dst>
      <dst id="16">8157.1467</dst>
      <dst id="14">2269.7511</dst>
      <dst id="20">6000.0178</dst>
      <dst id="11">9015.0667</dst>
      <dst id="9">3401.5378</dst>
      <dst id="17">41088.0622</dst>
      <dst id="21">15865.5111</dst>
      <dst id="15">3152.0356</dst>
    </src>
    <src id="22">
      <dst id="12">22278.4533</dst>
      <dst id="13">5891.2267</dst>
      <dst id="19">2791.5022</dst>
      <dst id="23">47.1467</dst>
      <dst id="8">3485.9022</dst>
      <dst id="18">494.4800</dst>
      <dst id="4">19330.3733</dst>
      <dst id="1">689.3067</dst>
      <dst id="5">3597.1111</dst>
      <dst id="3">5630.6933</dst>
      <dst id="7">2443.1378</dst>
      <dst id="2">10511.2978</dst>
      <dst id="6">137.1111</dst>
      <dst id="16">0.7644</dst>
      <dst id="14">84.7822</dst>
      <dst id="11">2411.0400</dst>
      <dst id="9">5465.0756</dst>
      <dst id="17">12241.3778</dst>
      <dst id="21">1507.3867</dst>
    </src>
    <src id="7">
      <dst id="12">4762.0089</dst>
      <dst id="13">1645.7333</dst>
      <dst id="19">4185.1556</dst>
      <dst id="23">469.9644</dst>
      <dst id="8">671.8489</dst>
      <dst id="18">5281.2356</dst>
      <dst id="4">17413.3867</dst>
      <dst id="1">12176.7289</dst>
      <dst id="5">552.8533</dst>
      <dst id="3">29753.2889</dst>
      <dst id="22">3922.0267</dst>
      <dst id="7">777.3867</dst>
      <dst id="2">8548.6222</dst>
      <dst id="6">155.5022</dst>
      <dst id="16">18991.5822</dst>
      <dst id="14">413.5378</dst>
      <dst id="20">1196.9244</dst>
      <dst id="11">1795.2800</dst>
      <dst id="9">2307.4756</dst>
      <dst id="17">11174.6400</dst>
      <dst id="21">13130.9956</dst>
      <dst id="15">897.3333</dst>
    </src>
    <src id="2">
      <dst id="12">153418.8978</dst>
      <dst id="13">526842.8533</dst>
      <dst id="19">7716.1156</dst>
      <dst id="23">45.3422</dst>
      <dst id="8">1034.9422</dst>
      <dst id="18">174384.9600</dst>
      <dst id="4">87842.6400</dst>
      <dst id="1">9862.1422</dst>
      <dst id="5">3309.2800</dst>
      <dst id="3">5443.5378</dst>
      <dst id="22">5108.7911</dst>
      <dst id="7">24701.9911</dst>
      <dst id="2">2136.5778</dst>
      <dst id="6">16216.4978</dst>
      <dst id="16">3227.3422</dst>
      <dst id="14">6563.1378</dst>
      <dst id="20">3193.5556</dst>
      <dst id="11">6728.1244</dst>
      <dst id="9">2116.5422</dst>
      <dst id="17">61399.8133</dst>
      <dst id="21">12145.7422</dst>
      <dst id="15">503.8578</dst>
    </src>
    <src id="6">
      <dst id="12">12904.5600</dst>
      <dst id="13">39.1022</dst>
      <dst id="19">88.0622</dst>
      <dst id="23">11.4667</dst>
      <dst id="18">65.7778</dst>
      <dst id="4">1230.7200</dst>
      <dst id="1">202.1956</dst>
      <dst id="5">0.3556</dst>
      <dst id="3">12.2489</dst>
      <dst id="22">118.1067</dst>
      <dst id="7">340.8622</dst>
      <dst id="2">3378.0178</dst>
      <dst id="16">107.6889</dst>
      <dst id="14">45.8667</dst>
      <dst id="20">24.8889</dst>
      <dst id="11">111.0933</dst>
      <dst id="9">14.8622</dst>
      <dst id="17">2438.1067</dst>
      <dst id="21">110.2044</dst>
      <dst id="15">0.3378</dst>
    </src>
    <src id="16">
      <dst id="12">4221.5644</dst>
      <dst id="13">795.7689</dst>
      <dst id="19">4616.3556</dst>
      <dst id="23">56.3022</dst>
      <dst id="8">8769.8578</dst>
      <dst id="18">24.6222</dst>
      <dst id="4">6121.7244</dst>
      <dst id="1">26166.6400</dst>
      <dst id="5">7637.6533</dst>
      <dst id="3">415.1467</dst>
      <dst id="7">4935.7956</dst>
      <dst id="2">3706.7644</dst>
      <dst id="6">94.1156</dst>
      <dst id="16">35.6356</dst>
      <dst id="14">498.2578</dst>
      <dst id="11">1572.0089</dst>
      <dst id="9">14260.7733</dst>
      <dst id="17">6862.1511</dst>
      <dst id="21">4545.3511</dst>
    </src>
    <src id="14">
      <dst id="12">22873.7778</dst>
      <dst id="13">63.9111</dst>
      <dst id="19">5.3867</dst>
      <dst id="23">13.3333</dst>
      <dst id="8">2.2489</dst>
      <dst id="18">7.8133</dst>
      <dst id="4">2209.1378</dst>
      <dst id="1">101.4667</dst>
      <dst id="5">0.7822</dst>
      <dst id="3">255.7778</dst>
      <dst id="22">21.3067</dst>
      <dst id="7">336.7733</dst>
      <dst id="2">8800.9422</dst>
      <dst id="6">13.1911</dst>
      <dst id="16">123.6444</dst>
      <dst id="20">19.9822</dst>
      <dst id="11">62.2756</dst>
      <dst id="9">30.9244</dst>
      <dst id="17">13319.1022</dst>
      <dst id="21">156.7111</dst>
      <dst id="15">9.6533</dst>
    </src>
    <src id="20">
      <dst id="12">5688.7378</dst>
      <dst id="13">6658.0978</dst>
      <dst id="19">269.6889</dst>
      <dst id="23">32.0889</dst>
      <dst id="8">646.6400</dst>
      <dst id="18">323.9200</dst>
      <dst id="4">10354.3556</dst>
      <dst id="1">812.2044</dst>
      <dst id="5">5738.5422</dst>
      <dst id="3">1769.4222</dst>
      <dst id="7">2273.6356</dst>
      <dst id="2">2133.0756</dst>
      <dst id="6">13.6889</dst>
      <dst id="14">0.4267</dst>
      <dst id="11">1872.1956</dst>
      <dst id="9">6418.3111</dst>
      <dst id="17">10066.0000</dst>
      <dst id="21">6126.3111</dst>
    </src>
    <src id="11">
      <dst id="12">478154.6578</dst>
      <dst id="13">6439.1467</dst>
      <dst id="19">220.6844</dst>
      <dst id="23">299.6178</dst>
      <dst id="8">2078.8356</dst>
      <dst id="18">2813.5644</dst>
      <dst id="4">12562.1778</dst>
      <dst id="1">912.4533</dst>
      <dst id="5">3354.7733</dst>
      <dst id="3">6781.6089</dst>
      <dst id="22">4288.9422</dst>
      <dst id="7">1274.4356</dst>
      <dst id="2">182624.9244</dst>
      <dst id="6">437.2267</dst>
      <dst id="16">698.9422</dst>
      <dst id="14">312.5244</dst>
      <dst id="20">2061.4489</dst>
      <dst id="11">4412.2578</dst>
      <dst id="9">3100.6578</dst>
      <dst id="17">190161.3600</dst>
      <dst id="21">812.0800</dst>
      <dst id="15">298.3022</dst>
    </src>
    <src id="9">
      <dst id="12">494562.4178</dst>
      <dst id="13">7359.6000</dst>
      <dst id="19">134.0000</dst>
      <dst id="23">32.6133</dst>
      <dst id="8">8427.7956</dst>
      <dst id="18">426.2222</dst>
      <dst id="4">10793.4933</dst>
      <dst id="1">5690.5956</dst>
      <dst id="5">2362.9244</dst>
      <dst id="3">660.6222</dst>
      <dst id="22">4882.4800</dst>
      <dst id="7">1258.4711</dst>
      <dst id="2">189970.7822</dst>
      <dst id="6">14.2489</dst>
      <dst id="16">1190.0889</dst>
      <dst id="14">30.7733</dst>
      <dst id="20">4662.1156</dst>
      <dst id="11">1256.9333</dst>
      <dst id="9">1742.0000</dst>
      <dst id="17">200975.3156</dst>
      <dst id="21">1354.0978</dst>
      <dst id="15">1771.9822</dst>
    </src>
    <src id="17">
      <dst id="12">20586.6667</dst>
      <dst id="13">24244.7822</dst>
      <dst id="19">1834.8178</dst>
      <dst id="23">284.7200</dst>
      <dst id="8">230343.9556</dst>
      <dst id="18">1053.4400</dst>
      <dst id="4">101003.9289</dst>
      <dst id="1">7998.5156</dst>
      <dst id="5">264602.0889</dst>
      <dst id="3">16294.1867</dst>
      <dst id="22">23442.8533</dst>
      <dst id="7">17326.2044</dst>
      <dst id="2">28032.1067</dst>
      <dst id="6">548.0267</dst>
      <dst id="16">16807.7511</dst>
      <dst id="14">45426.1511</dst>
      <dst id="20">2401.0667</dst>
      <dst id="11">262551.7778</dst>
      <dst id="9">347004.4000</dst>
      <dst id="17">1546.3111</dst>
      <dst id="21">30419.4756</dst>
      <dst id="15">2665.5556</dst>
    </src>
    <src id="21">
      <dst id="12">20221.0489</dst>
      <dst id="13">4117.9467</dst>
      <dst id="19">13835.6178</dst>
      <dst id="23">2320.0444</dst>
      <dst id="8">673.0667</dst>
      <dst id="18">1264.1156</dst>
      <dst id="4">17226.3467</dst>
      <dst id="1">9095.6711</dst>
      <dst id="5">402.7556</dst>
      <dst id="3">11411.9289</dst>
      <dst id="22">2705.3778</dst>
      <dst id="7">16411.7867</dst>
      <dst id="2">15684.5511</dst>
      <dst id="6">17.4222</dst>
      <dst id="16">2933.8400</dst>
      <dst id="14">110.5867</dst>
      <dst id="20">3494.3111</dst>
      <dst id="11">1404.0622</dst>
      <dst id="9">797.1822</dst>
      <dst id="17">10074.8000</dst>
      <dst id="21">3189.0133</dst>
      <dst id="15">1112.8622</dst>
    </src>
    <src id="15">
      <dst id="12">2300.2133</dst>
      <dst id="13">10960.1867</dst>
      <dst id="19">10595.4044</dst>
      <dst id="23">26.9511</dst>
      <dst id="8">233.4222</dst>
      <dst id="18">17.2267</dst>
      <dst id="4">3655.5200</dst>
      <dst id="1">802.9156</dst>
      <dst id="5">813.7867</dst>
      <dst id="3">0.4267</dst>
      <dst id="7">651.0578</dst>
      <dst id="2">256.1867</dst>
      <dst id="6">0.8533</dst>
      <dst id="14">321.8844</dst>
      <dst id="11">134.7911</dst>
      <dst id="9">9555.3156</dst>
      <dst id="17">491.4311</dst>
      <dst id="21">339.3422</dst>
    </src>
  </IntraTM>
</TrafficMatrixFile>
