<?xml version="1.0" encoding="UTF-8" standalone="yes"?>
<TrafficMatrixFile xmlns:xsi="http://www.w3.org/2001/XMLSchema-instance" xsi:noNamespaceSchemaLocation="http://totem.run.montefiore.ulg.ac.be/Schema/TrafficMatrix-v1_2.xsd">
  <info>
    <title>Intradomain traffic matrix generated by geant-TM-all.pl</title>
    <date>2005-01-05T15:30:00</date>
    <duration>900</duration>
    <author>Steve Uhlig</author>
    <units>
        <unit type="bandwidth" value="kbps"/>
    </units>
  </info>
  <IntraTM ASID="20965">
    <src id="12">
      <dst id="12">253414.3556</dst>
      <dst id="13">19194.7378</dst>
      <dst id="19">9929.8844</dst>
      <dst id="23">9.3156</dst>
      <dst id="8">197.1733</dst>
      <dst id="18">116.2400</dst>
      <dst id="4">72251.0578</dst>
      <dst id="1">18142.0267</dst>
      <dst id="5">3034.8089</dst>
      <dst id="3">3006.5956</dst>
      <dst id="22">4189.8044</dst>
      <dst id="7">5900.6844</dst>
      <dst id="2">69554.3378</dst>
      <dst id="6">39.7600</dst>
      <dst id="16">8858.3111</dst>
      <dst id="14">416.1067</dst>
      <dst id="20">16731.3867</dst>
      <dst id="11">3250.3111</dst>
      <dst id="9">20624.3644</dst>
      <dst id="17">67688.1422</dst>
      <dst id="21">1328.3911</dst>
      <dst id="15">1109.5911</dst>
    </src>
    <src id="13">
      <dst id="12">38661.0756</dst>
      <dst id="19">4653.5733</dst>
      <dst id="23">4401.1733</dst>
      <dst id="8">3291.0044</dst>
      <dst id="18">2490.5867</dst>
      <dst id="1">2329.0578</dst>
      <dst id="5">4268.2133</dst>
      <dst id="3">5208.2756</dst>
      <dst id="22">16704.2133</dst>
      <dst id="7">15407.7156</dst>
      <dst id="2">48152.8533</dst>
      <dst id="6">197.5556</dst>
      <dst id="16">5908.9600</dst>
      <dst id="14">2160.7200</dst>
      <dst id="20">4911.6800</dst>
      <dst id="11">18668.3467</dst>
      <dst id="9">11306.4889</dst>
      <dst id="17">38032.1511</dst>
      <dst id="21">9123.7067</dst>
      <dst id="15">3472.1956</dst>
    </src>
    <src id="19">
      <dst id="12">14720.4000</dst>
      <dst id="13">99.6089</dst>
      <dst id="23">0.4622</dst>
      <dst id="8">29.7244</dst>
      <dst id="18">0.4622</dst>
      <dst id="4">20157.3867</dst>
      <dst id="1">1092.1244</dst>
      <dst id="5">7.4311</dst>
      <dst id="3">1.5378</dst>
      <dst id="22">89.8844</dst>
      <dst id="7">3543.8667</dst>
      <dst id="2">191.3867</dst>
      <dst id="6">95.5289</dst>
      <dst id="16">10386.4889</dst>
      <dst id="14">1.3600</dst>
      <dst id="20">150.0711</dst>
      <dst id="11">250.8800</dst>
      <dst id="9">87.9644</dst>
      <dst id="17">5588.4000</dst>
      <dst id="21">221.8667</dst>
      <dst id="15">2.0711</dst>
    </src>
    <src id="23">
      <dst id="12">135.4489</dst>
      <dst id="13">193.9200</dst>
      <dst id="19">28.7911</dst>
      <dst id="18">0.6756</dst>
      <dst id="4">57.4133</dst>
      <dst id="1">121.4489</dst>
      <dst id="5">61.2978</dst>
      <dst id="3">251.8756</dst>
      <dst id="22">177.7778</dst>
      <dst id="7">42.5511</dst>
      <dst id="2">1.6800</dst>
      <dst id="16">736.8978</dst>
      <dst id="14">0.8178</dst>
      <dst id="20">27.9467</dst>
      <dst id="11">107.5644</dst>
      <dst id="9">1133.9556</dst>
      <dst id="17">264.6578</dst>
      <dst id="21">66.1333</dst>
      <dst id="15">26.6667</dst>
    </src>
    <src id="8">
      <dst id="12">255270.0889</dst>
      <dst id="13">459.8222</dst>
      <dst id="19">2.7822</dst>
      <dst id="23">0.3556</dst>
      <dst id="18">1.7778</dst>
      <dst id="4">5815.0400</dst>
      <dst id="1">867.4756</dst>
      <dst id="5">249.9111</dst>
      <dst id="3">0.8356</dst>
      <dst id="22">353.5644</dst>
      <dst id="7">14.6044</dst>
      <dst id="2">89941.8578</dst>
      <dst id="16">3970.7644</dst>
      <dst id="14">6.4711</dst>
      <dst id="20">1134.6489</dst>
      <dst id="11">270.4889</dst>
      <dst id="9">178.2933</dst>
      <dst id="17">89933.5111</dst>
      <dst id="21">144.6311</dst>
      <dst id="15">310.5333</dst>
    </src>
    <src id="18">
      <dst id="12">97285.3689</dst>
      <dst id="13">40.6400</dst>
      <dst id="19">0.3556</dst>
      <dst id="23">1.5733</dst>
      <dst id="8">5.1200</dst>
      <dst id="4">1668.5511</dst>
      <dst id="1">1271.2800</dst>
      <dst id="5">169.1111</dst>
      <dst id="3">15.1022</dst>
      <dst id="22">69.6533</dst>
      <dst id="7">11.6533</dst>
      <dst id="2">25840.5689</dst>
      <dst id="16">10.0622</dst>
      <dst id="14">14.4711</dst>
      <dst id="20">72.2489</dst>
      <dst id="11">3586.2578</dst>
      <dst id="9">192.0267</dst>
      <dst id="17">32717.8133</dst>
      <dst id="21">102.3644</dst>
      <dst id="15">4.5867</dst>
    </src>
    <src id="4">
      <dst id="12">12620.6667</dst>
      <dst id="19">16403.1822</dst>
      <dst id="8">592.0622</dst>
      <dst id="18">236.5689</dst>
      <dst id="4">433.6000</dst>
      <dst id="1">42914.7467</dst>
      <dst id="5">1802.5867</dst>
      <dst id="3">467.7867</dst>
      <dst id="22">3384.5689</dst>
      <dst id="7">26949.1378</dst>
      <dst id="2">42978.3733</dst>
      <dst id="6">34.2044</dst>
      <dst id="16">1152.8711</dst>
      <dst id="14">1183.2800</dst>
      <dst id="20">741.0933</dst>
      <dst id="11">2748.2044</dst>
      <dst id="9">3922.4089</dst>
      <dst id="17">21131.4133</dst>
      <dst id="21">4685.5022</dst>
      <dst id="15">223.7956</dst>
    </src>
    <src id="1">
      <dst id="12">22263.0578</dst>
      <dst id="13">5218.9422</dst>
      <dst id="19">85.4933</dst>
      <dst id="23">63.0044</dst>
      <dst id="8">61812.2756</dst>
      <dst id="18">13828.3111</dst>
      <dst id="4">7068.6578</dst>
      <dst id="1">6696.5511</dst>
      <dst id="5">165247.5467</dst>
      <dst id="3">134.5067</dst>
      <dst id="22">1268.0889</dst>
      <dst id="7">1688.6756</dst>
      <dst id="2">3581.5289</dst>
      <dst id="6">7201.3244</dst>
      <dst id="16">18101.2533</dst>
      <dst id="14">325.8844</dst>
      <dst id="20">407.7244</dst>
      <dst id="11">277.6622</dst>
      <dst id="9">224387.9911</dst>
      <dst id="17">4969.7956</dst>
      <dst id="21">7968.9333</dst>
      <dst id="15">288.7378</dst>
    </src>
    <src id="5">
      <dst id="12">280598.9156</dst>
      <dst id="13">750.5600</dst>
      <dst id="19">57.6889</dst>
      <dst id="23">1.5289</dst>
      <dst id="8">444.6044</dst>
      <dst id="18">677.3156</dst>
      <dst id="4">9542.0000</dst>
      <dst id="1">841.4222</dst>
      <dst id="3">0.3556</dst>
      <dst id="22">2772.3467</dst>
      <dst id="7">157.9200</dst>
      <dst id="2">91078.9867</dst>
      <dst id="6">1.3778</dst>
      <dst id="16">627.7422</dst>
      <dst id="14">13.5022</dst>
      <dst id="20">1771.7600</dst>
      <dst id="11">1207.9111</dst>
      <dst id="9">1446.6844</dst>
      <dst id="17">99353.9022</dst>
      <dst id="21">122.6489</dst>
      <dst id="15">145.5022</dst>
    </src>
    <src id="3">
      <dst id="12">10209.4222</dst>
      <dst id="13">4845.6178</dst>
      <dst id="19">1058.9156</dst>
      <dst id="23">9104.4178</dst>
      <dst id="8">92.0444</dst>
      <dst id="18">33019.6533</dst>
      <dst id="4">43864.8889</dst>
      <dst id="1">6724.4533</dst>
      <dst id="5">917.6533</dst>
      <dst id="3">6360.4089</dst>
      <dst id="22">1705.6356</dst>
      <dst id="7">6515.9200</dst>
      <dst id="2">10269.5378</dst>
      <dst id="6">0.9422</dst>
      <dst id="16">1373.1822</dst>
      <dst id="14">39017.8133</dst>
      <dst id="20">1635.2267</dst>
      <dst id="11">168892.4356</dst>
      <dst id="9">273.3067</dst>
      <dst id="17">8168.6400</dst>
      <dst id="21">13758.9333</dst>
      <dst id="15">1519.9911</dst>
    </src>
    <src id="10">
      <dst id="12">11437.5822</dst>
      <dst id="19">1659.7156</dst>
      <dst id="8">303.4578</dst>
      <dst id="18">483.2533</dst>
      <dst id="1">3181.8844</dst>
      <dst id="5">652.6133</dst>
      <dst id="3">3931.4400</dst>
      <dst id="22">3336.2933</dst>
      <dst id="7">52447.5733</dst>
      <dst id="2">17561.9111</dst>
      <dst id="6">13.7244</dst>
      <dst id="16">3213.0311</dst>
      <dst id="14">3807.1200</dst>
      <dst id="20">599.0133</dst>
      <dst id="11">6848.6400</dst>
      <dst id="9">2021.4400</dst>
      <dst id="17">14536.4978</dst>
      <dst id="21">12511.2444</dst>
      <dst id="15">3956.6311</dst>
    </src>
    <src id="22">
      <dst id="12">7611.5289</dst>
      <dst id="13">2575.4489</dst>
      <dst id="19">14.6844</dst>
      <dst id="23">22.3644</dst>
      <dst id="8">194.3289</dst>
      <dst id="18">164.8978</dst>
      <dst id="4">22973.4222</dst>
      <dst id="1">1052.3200</dst>
      <dst id="5">1667.6267</dst>
      <dst id="3">444.3022</dst>
      <dst id="7">2239.3511</dst>
      <dst id="2">2571.5200</dst>
      <dst id="6">113.6000</dst>
      <dst id="16">14.7556</dst>
      <dst id="14">166.7200</dst>
      <dst id="11">2387.3511</dst>
      <dst id="9">2512.1956</dst>
      <dst id="17">1871.9289</dst>
      <dst id="21">396.8089</dst>
    </src>
    <src id="7">
      <dst id="12">2211.4578</dst>
      <dst id="13">159.7778</dst>
      <dst id="19">218.3467</dst>
      <dst id="23">20.3022</dst>
      <dst id="8">15.0311</dst>
      <dst id="18">36.2756</dst>
      <dst id="4">11314.5067</dst>
      <dst id="1">2173.1467</dst>
      <dst id="5">671.9911</dst>
      <dst id="3">61.9733</dst>
      <dst id="22">3916.8000</dst>
      <dst id="7">893.8578</dst>
      <dst id="2">2466.6222</dst>
      <dst id="6">46.9600</dst>
      <dst id="16">2366.6578</dst>
      <dst id="14">84.1600</dst>
      <dst id="20">546.0622</dst>
      <dst id="11">453.9822</dst>
      <dst id="9">483.6444</dst>
      <dst id="17">8691.0311</dst>
      <dst id="21">568.2222</dst>
      <dst id="15">1825.0311</dst>
    </src>
    <src id="2">
      <dst id="12">94774.2933</dst>
      <dst id="13">511998.7289</dst>
      <dst id="19">181.5733</dst>
      <dst id="23">0.3556</dst>
      <dst id="8">125.5467</dst>
      <dst id="18">30739.3778</dst>
      <dst id="4">82489.1200</dst>
      <dst id="1">9044.0089</dst>
      <dst id="5">2666.9156</dst>
      <dst id="3">5.1556</dst>
      <dst id="22">1870.3733</dst>
      <dst id="7">11722.5511</dst>
      <dst id="2">1090.4533</dst>
      <dst id="6">7564.4978</dst>
      <dst id="16">5671.9822</dst>
      <dst id="14">5666.2667</dst>
      <dst id="20">818.3556</dst>
      <dst id="11">2578.3644</dst>
      <dst id="9">542.4622</dst>
      <dst id="17">21416.5689</dst>
      <dst id="21">993.6089</dst>
      <dst id="15">26.1156</dst>
    </src>
    <src id="6">
      <dst id="12">7332.2667</dst>
      <dst id="13">14.4000</dst>
      <dst id="19">1.9111</dst>
      <dst id="23">2.9156</dst>
      <dst id="4">1344.9689</dst>
      <dst id="1">1.5644</dst>
      <dst id="5">0.5333</dst>
      <dst id="22">4.3733</dst>
      <dst id="7">4.0267</dst>
      <dst id="2">1414.9689</dst>
      <dst id="16">49.7778</dst>
      <dst id="20">0.8000</dst>
      <dst id="11">0.3556</dst>
      <dst id="9">2.8889</dst>
      <dst id="17">1343.1556</dst>
      <dst id="21">0.4622</dst>
      <dst id="15">5.1911</dst>
    </src>
    <src id="16">
      <dst id="12">1757.2267</dst>
      <dst id="13">184.9244</dst>
      <dst id="19">4964.0889</dst>
      <dst id="23">14.3200</dst>
      <dst id="8">4183.4222</dst>
      <dst id="18">23.1911</dst>
      <dst id="4">4529.7511</dst>
      <dst id="1">27215.7333</dst>
      <dst id="5">5388.8178</dst>
      <dst id="3">1.3511</dst>
      <dst id="7">403.4133</dst>
      <dst id="2">866.5333</dst>
      <dst id="6">42.3733</dst>
      <dst id="16">20.7911</dst>
      <dst id="14">268.9867</dst>
      <dst id="11">715.8756</dst>
      <dst id="9">10332.0089</dst>
      <dst id="17">6183.6178</dst>
      <dst id="21">2360.7733</dst>
    </src>
    <src id="14">
      <dst id="12">17401.0578</dst>
      <dst id="13">34.6489</dst>
      <dst id="19">15.2711</dst>
      <dst id="23">13.7600</dst>
      <dst id="8">0.4622</dst>
      <dst id="18">4.5867</dst>
      <dst id="4">2655.2889</dst>
      <dst id="1">95.4400</dst>
      <dst id="5">42.1156</dst>
      <dst id="3">39.8756</dst>
      <dst id="22">21.7333</dst>
      <dst id="7">79.2000</dst>
      <dst id="2">6081.0667</dst>
      <dst id="16">9.6178</dst>
      <dst id="20">0.5689</dst>
      <dst id="11">32.1244</dst>
      <dst id="9">187.7778</dst>
      <dst id="17">6486.4711</dst>
      <dst id="21">44.6667</dst>
      <dst id="15">3.2711</dst>
    </src>
    <src id="20">
      <dst id="12">5962.6756</dst>
      <dst id="13">3848.4800</dst>
      <dst id="19">6992.2222</dst>
      <dst id="8">47.6533</dst>
      <dst id="18">1.0933</dst>
      <dst id="4">5546.6311</dst>
      <dst id="1">114.3378</dst>
      <dst id="5">1046.0978</dst>
      <dst id="3">1232.2844</dst>
      <dst id="7">1920.8356</dst>
      <dst id="2">1914.4267</dst>
      <dst id="6">30.6578</dst>
      <dst id="14">0.4622</dst>
      <dst id="11">1098.9956</dst>
      <dst id="9">444.6667</dst>
      <dst id="17">1400.5067</dst>
      <dst id="21">274.5422</dst>
    </src>
    <src id="11">
      <dst id="12">344980.1156</dst>
      <dst id="13">4823.6444</dst>
      <dst id="19">15.4044</dst>
      <dst id="23">14.6400</dst>
      <dst id="8">429.8844</dst>
      <dst id="18">169.2444</dst>
      <dst id="4">12145.7511</dst>
      <dst id="1">824.7289</dst>
      <dst id="5">866.2933</dst>
      <dst id="3">824.4267</dst>
      <dst id="22">4221.3956</dst>
      <dst id="7">196.4978</dst>
      <dst id="2">115191.2178</dst>
      <dst id="6">5.8667</dst>
      <dst id="16">682.9511</dst>
      <dst id="14">30.5422</dst>
      <dst id="20">989.0311</dst>
      <dst id="11">1692.6044</dst>
      <dst id="9">556.1333</dst>
      <dst id="17">136747.4844</dst>
      <dst id="21">679.1556</dst>
      <dst id="15">150.5244</dst>
    </src>
    <src id="9">
      <dst id="12">385872.4178</dst>
      <dst id="13">1287.7956</dst>
      <dst id="19">18138.0089</dst>
      <dst id="23">41.3511</dst>
      <dst id="8">232.3556</dst>
      <dst id="18">96.8978</dst>
      <dst id="4">10078.1689</dst>
      <dst id="1">1063.3689</dst>
      <dst id="5">498.8267</dst>
      <dst id="3">0.4622</dst>
      <dst id="22">339.5644</dst>
      <dst id="7">211.9644</dst>
      <dst id="2">109801.4578</dst>
      <dst id="6">5.2267</dst>
      <dst id="16">573.8933</dst>
      <dst id="14">3.1289</dst>
      <dst id="20">2005.0578</dst>
      <dst id="11">881.5911</dst>
      <dst id="9">207.6889</dst>
      <dst id="17">121397.8756</dst>
      <dst id="21">116.1956</dst>
      <dst id="15">2840.0889</dst>
    </src>
    <src id="17">
      <dst id="12">5258.7556</dst>
      <dst id="13">5087.1200</dst>
      <dst id="19">319.0756</dst>
      <dst id="23">19.8400</dst>
      <dst id="8">69204.7378</dst>
      <dst id="18">8138.0800</dst>
      <dst id="4">79369.7689</dst>
      <dst id="1">4142.7200</dst>
      <dst id="5">157837.6622</dst>
      <dst id="3">3821.4044</dst>
      <dst id="22">2815.4578</dst>
      <dst id="7">2414.3111</dst>
      <dst id="2">7561.9911</dst>
      <dst id="6">267.3067</dst>
      <dst id="16">12871.4578</dst>
      <dst id="14">27629.5644</dst>
      <dst id="20">1038.4356</dst>
      <dst id="11">111147.3689</dst>
      <dst id="9">207744.8622</dst>
      <dst id="17">2019.4578</dst>
      <dst id="21">3689.5200</dst>
      <dst id="15">103.2889</dst>
    </src>
    <src id="21">
      <dst id="12">13369.2889</dst>
      <dst id="13">3467.0667</dst>
      <dst id="19">417.8400</dst>
      <dst id="23">3.9822</dst>
      <dst id="8">483.6800</dst>
      <dst id="18">344.6489</dst>
      <dst id="4">17069.6000</dst>
      <dst id="1">2889.1289</dst>
      <dst id="5">216.1244</dst>
      <dst id="3">4820.6400</dst>
      <dst id="22">4156.1422</dst>
      <dst id="7">5445.9289</dst>
      <dst id="2">17669.0844</dst>
      <dst id="6">0.8711</dst>
      <dst id="16">286.6044</dst>
      <dst id="14">100.1422</dst>
      <dst id="20">3164.3111</dst>
      <dst id="11">2739.5378</dst>
      <dst id="9">501.0044</dst>
      <dst id="17">2827.9200</dst>
      <dst id="21">276.6844</dst>
      <dst id="15">4.0800</dst>
    </src>
    <src id="15">
      <dst id="12">485.9111</dst>
      <dst id="13">107.9556</dst>
      <dst id="19">5.4844</dst>
      <dst id="23">1.0489</dst>
      <dst id="8">28.0889</dst>
      <dst id="18">41.6978</dst>
      <dst id="4">2139.7778</dst>
      <dst id="1">1086.4800</dst>
      <dst id="5">147.2089</dst>
      <dst id="3">5.2356</dst>
      <dst id="7">567.9911</dst>
      <dst id="2">117.1556</dst>
      <dst id="6">2.5689</dst>
      <dst id="14">14.7200</dst>
      <dst id="11">144.0889</dst>
      <dst id="9">488.6933</dst>
      <dst id="17">348.2667</dst>
      <dst id="21">5.5467</dst>
    </src>
  </IntraTM>
</TrafficMatrixFile>
