<?xml version="1.0" encoding="UTF-8" standalone="yes"?>
<TrafficMatrixFile xmlns:xsi="http://www.w3.org/2001/XMLSchema-instance" xsi:noNamespaceSchemaLocation="http://totem.run.montefiore.ulg.ac.be/Schema/TrafficMatrix-v1_2.xsd">
  <info>
    <title>Intradomain traffic matrix generated by geant-TM-all.pl</title>
    <date>2005-01-02T06:15:00</date>
    <duration>900</duration>
    <author>Steve Uhlig</author>
    <units>
        <unit type="bandwidth" value="kbps"/>
    </units>
  </info>
  <IntraTM ASID="20965">
    <src id="12">
      <dst id="12">261255.0667</dst>
      <dst id="13">18296.4267</dst>
      <dst id="19">7303.4933</dst>
      <dst id="23">91.0667</dst>
      <dst id="8">7223.7244</dst>
      <dst id="18">561.5822</dst>
      <dst id="4">138987.3689</dst>
      <dst id="1">11853.6089</dst>
      <dst id="5">5374.6933</dst>
      <dst id="3">3727.5733</dst>
      <dst id="22">6694.7644</dst>
      <dst id="7">10816.0978</dst>
      <dst id="2">109888.9600</dst>
      <dst id="6">15.4044</dst>
      <dst id="16">5815.0489</dst>
      <dst id="14">204.9511</dst>
      <dst id="20">30517.1200</dst>
      <dst id="11">3949.1467</dst>
      <dst id="9">19411.0489</dst>
      <dst id="17">71642.4533</dst>
      <dst id="21">11424.1422</dst>
      <dst id="15">916.9511</dst>
    </src>
    <src id="13">
      <dst id="12">168085.6089</dst>
      <dst id="19">10468.3822</dst>
      <dst id="23">66.4978</dst>
      <dst id="8">3244.3467</dst>
      <dst id="18">10050.7467</dst>
      <dst id="4">0.7111</dst>
      <dst id="1">3685.1467</dst>
      <dst id="5">7468.5511</dst>
      <dst id="3">18207.8311</dst>
      <dst id="22">23094.3556</dst>
      <dst id="7">13123.9733</dst>
      <dst id="2">121841.3600</dst>
      <dst id="6">56.0267</dst>
      <dst id="16">9864.7378</dst>
      <dst id="14">1618.3467</dst>
      <dst id="20">19614.8178</dst>
      <dst id="11">18202.7644</dst>
      <dst id="9">14334.2489</dst>
      <dst id="17">293090.6400</dst>
      <dst id="21">21248.4444</dst>
      <dst id="15">3819.2800</dst>
    </src>
    <src id="19">
      <dst id="12">14293.2711</dst>
      <dst id="13">10070.7378</dst>
      <dst id="8">32.5244</dst>
      <dst id="18">2.0889</dst>
      <dst id="4">24543.1822</dst>
      <dst id="1">577.6000</dst>
      <dst id="5">1.8844</dst>
      <dst id="3">20.0889</dst>
      <dst id="22">1087.5556</dst>
      <dst id="7">3640.1778</dst>
      <dst id="2">613.8222</dst>
      <dst id="6">113.6444</dst>
      <dst id="16">6960.7289</dst>
      <dst id="14">38.4978</dst>
      <dst id="20">480.7200</dst>
      <dst id="11">51.8222</dst>
      <dst id="9">514.4978</dst>
      <dst id="17">2478.7289</dst>
      <dst id="21">1310.4711</dst>
      <dst id="15">58.5600</dst>
    </src>
    <src id="23">
      <dst id="12">269.8756</dst>
      <dst id="13">233.5289</dst>
      <dst id="19">0.4622</dst>
      <dst id="8">70.7911</dst>
      <dst id="18">67.0222</dst>
      <dst id="4">777.4044</dst>
      <dst id="1">46.9333</dst>
      <dst id="5">103.6800</dst>
      <dst id="3">16.7022</dst>
      <dst id="22">220.3911</dst>
      <dst id="7">1440.1778</dst>
      <dst id="2">149.9200</dst>
      <dst id="16">5.1200</dst>
      <dst id="14">39.1467</dst>
      <dst id="20">5.0400</dst>
      <dst id="11">487.0489</dst>
      <dst id="9">1512.7378</dst>
      <dst id="17">169.4667</dst>
      <dst id="21">635.7244</dst>
    </src>
    <src id="8">
      <dst id="12">301410.4711</dst>
      <dst id="13">370.1156</dst>
      <dst id="19">91.1822</dst>
      <dst id="23">63.8222</dst>
      <dst id="18">98.5333</dst>
      <dst id="4">7185.3956</dst>
      <dst id="1">889.4756</dst>
      <dst id="5">4113.7689</dst>
      <dst id="3">39.2533</dst>
      <dst id="22">6123.5822</dst>
      <dst id="7">2573.2178</dst>
      <dst id="2">127310.1244</dst>
      <dst id="6">0.3556</dst>
      <dst id="16">1301.0933</dst>
      <dst id="14">0.4178</dst>
      <dst id="20">229.1467</dst>
      <dst id="11">5354.2400</dst>
      <dst id="9">3479.9733</dst>
      <dst id="17">114355.5733</dst>
      <dst id="21">300.6844</dst>
      <dst id="15">1052.2489</dst>
    </src>
    <src id="18">
      <dst id="12">101480.2844</dst>
      <dst id="13">603.7333</dst>
      <dst id="19">13.6000</dst>
      <dst id="23">3.3689</dst>
      <dst id="8">440.2578</dst>
      <dst id="4">4461.7956</dst>
      <dst id="1">683.8578</dst>
      <dst id="5">766.5689</dst>
      <dst id="3">75.0933</dst>
      <dst id="22">637.4489</dst>
      <dst id="7">45.0756</dst>
      <dst id="2">38582.7556</dst>
      <dst id="16">20.6933</dst>
      <dst id="20">2.4889</dst>
      <dst id="11">652.8800</dst>
      <dst id="9">1215.8311</dst>
      <dst id="17">47594.9067</dst>
      <dst id="21">1085.0578</dst>
      <dst id="15">40.4800</dst>
    </src>
    <src id="4">
      <dst id="12">18028.4711</dst>
      <dst id="19">5227.4756</dst>
      <dst id="8">1357.4844</dst>
      <dst id="18">1625.3867</dst>
      <dst id="4">120.0000</dst>
      <dst id="1">11510.3200</dst>
      <dst id="5">1893.7067</dst>
      <dst id="3">123.0844</dst>
      <dst id="22">6284.2578</dst>
      <dst id="7">31173.7956</dst>
      <dst id="2">49245.8133</dst>
      <dst id="6">1.6000</dst>
      <dst id="16">2438.2933</dst>
      <dst id="14">1489.6889</dst>
      <dst id="20">3164.1689</dst>
      <dst id="11">5187.9911</dst>
      <dst id="9">2850.0889</dst>
      <dst id="17">39453.4222</dst>
      <dst id="21">7269.6089</dst>
      <dst id="15">3672.2578</dst>
    </src>
    <src id="1">
      <dst id="12">16362.5333</dst>
      <dst id="13">1667.1911</dst>
      <dst id="19">81.3156</dst>
      <dst id="23">66.4089</dst>
      <dst id="8">171925.4222</dst>
      <dst id="18">12356.7200</dst>
      <dst id="4">22566.8267</dst>
      <dst id="1">19014.3911</dst>
      <dst id="5">250843.4489</dst>
      <dst id="3">46.7911</dst>
      <dst id="22">6876.8000</dst>
      <dst id="7">2332.3644</dst>
      <dst id="2">6419.4044</dst>
      <dst id="6">8493.7511</dst>
      <dst id="16">10619.2889</dst>
      <dst id="14">87.0489</dst>
      <dst id="20">115.6533</dst>
      <dst id="11">378.9956</dst>
      <dst id="9">231077.5111</dst>
      <dst id="17">8085.2267</dst>
      <dst id="21">3857.7956</dst>
      <dst id="15">117.1200</dst>
    </src>
    <src id="5">
      <dst id="12">349764.3733</dst>
      <dst id="13">1302.4800</dst>
      <dst id="19">70.1867</dst>
      <dst id="23">82.0622</dst>
      <dst id="8">1163.0222</dst>
      <dst id="18">145.8311</dst>
      <dst id="4">8938.2400</dst>
      <dst id="1">20716.5600</dst>
      <dst id="3">382.7200</dst>
      <dst id="22">8354.6578</dst>
      <dst id="7">83.1467</dst>
      <dst id="2">162024.7378</dst>
      <dst id="6">43.6267</dst>
      <dst id="16">963.6622</dst>
      <dst id="14">27.2267</dst>
      <dst id="20">3039.1644</dst>
      <dst id="11">551.8489</dst>
      <dst id="9">1657.1200</dst>
      <dst id="17">123121.3600</dst>
      <dst id="21">757.3778</dst>
      <dst id="15">155.1733</dst>
    </src>
    <src id="3">
      <dst id="12">10559.0133</dst>
      <dst id="13">680.1333</dst>
      <dst id="19">938.7644</dst>
      <dst id="23">0.4622</dst>
      <dst id="8">223.8756</dst>
      <dst id="18">91255.7956</dst>
      <dst id="4">32504.2844</dst>
      <dst id="1">6375.5822</dst>
      <dst id="5">551.2444</dst>
      <dst id="3">12479.4933</dst>
      <dst id="22">958.6044</dst>
      <dst id="7">1236.8978</dst>
      <dst id="2">7903.7511</dst>
      <dst id="6">0.5156</dst>
      <dst id="16">2032.1511</dst>
      <dst id="14">41989.1022</dst>
      <dst id="20">1248.9244</dst>
      <dst id="11">167814.5511</dst>
      <dst id="9">218.3556</dst>
      <dst id="17">16987.9644</dst>
      <dst id="21">6651.0844</dst>
      <dst id="15">144.4444</dst>
    </src>
    <src id="10">
      <dst id="12">10675.6267</dst>
      <dst id="19">1085.6089</dst>
      <dst id="8">789.7333</dst>
      <dst id="18">3052.5689</dst>
      <dst id="1">2615.5644</dst>
      <dst id="5">2416.4000</dst>
      <dst id="3">13740.1422</dst>
      <dst id="22">5773.1822</dst>
      <dst id="7">22254.5067</dst>
      <dst id="2">31835.5644</dst>
      <dst id="6">144.7111</dst>
      <dst id="16">2769.9200</dst>
      <dst id="14">1885.4311</dst>
      <dst id="20">2219.7244</dst>
      <dst id="11">2479.7600</dst>
      <dst id="9">3572.7022</dst>
      <dst id="17">10473.6267</dst>
      <dst id="21">20467.6000</dst>
      <dst id="15">5307.1289</dst>
    </src>
    <src id="22">
      <dst id="12">226.3822</dst>
      <dst id="13">28.7644</dst>
      <dst id="19">2.4889</dst>
      <dst id="8">35.4844</dst>
      <dst id="4">877.3867</dst>
      <dst id="1">8.5333</dst>
      <dst id="5">149.9733</dst>
      <dst id="3">28.0533</dst>
      <dst id="7">40.8178</dst>
      <dst id="2">251.2000</dst>
      <dst id="11">195.9289</dst>
      <dst id="9">21.8578</dst>
      <dst id="17">207.0044</dst>
      <dst id="21">214.4000</dst>
    </src>
    <src id="7">
      <dst id="12">4699.3244</dst>
      <dst id="13">395.1200</dst>
      <dst id="19">1541.7422</dst>
      <dst id="23">54.3733</dst>
      <dst id="8">717.1644</dst>
      <dst id="18">411.5022</dst>
      <dst id="4">50719.5733</dst>
      <dst id="1">1879.5911</dst>
      <dst id="5">1448.6400</dst>
      <dst id="3">2316.2400</dst>
      <dst id="22">4633.7867</dst>
      <dst id="7">721.5644</dst>
      <dst id="2">7730.0533</dst>
      <dst id="6">1.4489</dst>
      <dst id="16">817.4756</dst>
      <dst id="14">226.0711</dst>
      <dst id="20">1479.4222</dst>
      <dst id="11">1817.2356</dst>
      <dst id="9">1183.5378</dst>
      <dst id="17">7512.5689</dst>
      <dst id="21">11753.4667</dst>
      <dst id="15">350.6756</dst>
    </src>
    <src id="2">
      <dst id="12">136014.8178</dst>
      <dst id="13">14434.6400</dst>
      <dst id="19">9005.4578</dst>
      <dst id="23">4.5867</dst>
      <dst id="8">1263.7600</dst>
      <dst id="18">89048.3289</dst>
      <dst id="4">122066.6133</dst>
      <dst id="1">6113.4578</dst>
      <dst id="5">1596.7822</dst>
      <dst id="3">93.1022</dst>
      <dst id="22">2227.3067</dst>
      <dst id="7">5571.3244</dst>
      <dst id="2">1273.7244</dst>
      <dst id="6">7098.4533</dst>
      <dst id="16">3272.0622</dst>
      <dst id="14">988.3644</dst>
      <dst id="20">713.9467</dst>
      <dst id="11">3509.4578</dst>
      <dst id="9">1406.2044</dst>
      <dst id="17">47487.0044</dst>
      <dst id="21">4535.6622</dst>
      <dst id="15">133.0400</dst>
    </src>
    <src id="6">
      <dst id="12">10255.6622</dst>
      <dst id="13">2.0622</dst>
      <dst id="19">0.3556</dst>
      <dst id="23">0.3378</dst>
      <dst id="18">2.8711</dst>
      <dst id="4">173.0933</dst>
      <dst id="1">45.2711</dst>
      <dst id="5">1.7778</dst>
      <dst id="22">0.9422</dst>
      <dst id="7">0.3556</dst>
      <dst id="2">2094.9867</dst>
      <dst id="16">25.4133</dst>
      <dst id="20">1.5822</dst>
      <dst id="11">12.9778</dst>
      <dst id="9">27.6444</dst>
      <dst id="17">1681.1289</dst>
      <dst id="21">1.7156</dst>
    </src>
    <src id="16">
      <dst id="12">6788.7911</dst>
      <dst id="13">783.0133</dst>
      <dst id="19">3617.2356</dst>
      <dst id="23">15.4756</dst>
      <dst id="8">4925.8133</dst>
      <dst id="18">30.6578</dst>
      <dst id="4">8040.2400</dst>
      <dst id="1">22220.5244</dst>
      <dst id="5">3827.6267</dst>
      <dst id="3">2.7022</dst>
      <dst id="7">3261.5556</dst>
      <dst id="2">1080.4622</dst>
      <dst id="6">0.3556</dst>
      <dst id="16">49.1822</dst>
      <dst id="14">406.9333</dst>
      <dst id="11">333.2622</dst>
      <dst id="9">11988.6489</dst>
      <dst id="17">1997.8933</dst>
      <dst id="21">609.9911</dst>
    </src>
    <src id="14">
      <dst id="12">18782.1333</dst>
      <dst id="13">233.4756</dst>
      <dst id="19">12.4444</dst>
      <dst id="23">0.4622</dst>
      <dst id="18">0.6044</dst>
      <dst id="4">3900.4000</dst>
      <dst id="1">24.8267</dst>
      <dst id="5">134.1689</dst>
      <dst id="3">32.2400</dst>
      <dst id="22">0.8533</dst>
      <dst id="7">99.9644</dst>
      <dst id="2">8013.3511</dst>
      <dst id="16">6.2933</dst>
      <dst id="20">4.2578</dst>
      <dst id="11">173.5733</dst>
      <dst id="9">5.8311</dst>
      <dst id="17">8500.1689</dst>
      <dst id="21">84.3022</dst>
    </src>
    <src id="20">
      <dst id="12">22736.6667</dst>
      <dst id="13">11170.0889</dst>
      <dst id="19">308.3200</dst>
      <dst id="23">67.6444</dst>
      <dst id="8">530.3022</dst>
      <dst id="18">3.0933</dst>
      <dst id="4">15143.2267</dst>
      <dst id="1">209.0667</dst>
      <dst id="5">10321.6444</dst>
      <dst id="3">2953.5911</dst>
      <dst id="7">154.5067</dst>
      <dst id="2">2024.8978</dst>
      <dst id="6">0.4267</dst>
      <dst id="14">0.8978</dst>
      <dst id="11">1273.3333</dst>
      <dst id="9">7437.4489</dst>
      <dst id="17">4329.6178</dst>
      <dst id="21">764.0711</dst>
    </src>
    <src id="11">
      <dst id="12">483606.4978</dst>
      <dst id="13">2032.0711</dst>
      <dst id="19">166.2756</dst>
      <dst id="23">26.1867</dst>
      <dst id="8">2203.9644</dst>
      <dst id="18">567.6800</dst>
      <dst id="4">16285.6267</dst>
      <dst id="1">509.0578</dst>
      <dst id="5">1238.3467</dst>
      <dst id="3">235.4667</dst>
      <dst id="22">2620.5600</dst>
      <dst id="7">179.6178</dst>
      <dst id="2">181719.0400</dst>
      <dst id="6">25.0311</dst>
      <dst id="16">395.9289</dst>
      <dst id="14">32.6756</dst>
      <dst id="20">2374.9867</dst>
      <dst id="11">1450.4267</dst>
      <dst id="9">1494.8000</dst>
      <dst id="17">162128.8800</dst>
      <dst id="21">795.1289</dst>
      <dst id="15">389.0133</dst>
    </src>
    <src id="9">
      <dst id="12">507879.7867</dst>
      <dst id="13">33172.9511</dst>
      <dst id="19">33.0667</dst>
      <dst id="23">33.6622</dst>
      <dst id="8">632.9689</dst>
      <dst id="18">731.5111</dst>
      <dst id="4">15691.6178</dst>
      <dst id="1">1458.4000</dst>
      <dst id="5">21527.8844</dst>
      <dst id="3">3.4756</dst>
      <dst id="22">4904.9778</dst>
      <dst id="7">94.3111</dst>
      <dst id="2">176657.0133</dst>
      <dst id="6">25.3956</dst>
      <dst id="16">775.2178</dst>
      <dst id="14">1.8844</dst>
      <dst id="20">10870.2400</dst>
      <dst id="11">2893.1022</dst>
      <dst id="9">819.6622</dst>
      <dst id="17">198633.3511</dst>
      <dst id="21">457.1289</dst>
      <dst id="15">660.0356</dst>
    </src>
    <src id="17">
      <dst id="12">14360.0267</dst>
      <dst id="13">10736.3111</dst>
      <dst id="19">194.1600</dst>
      <dst id="23">40.7111</dst>
      <dst id="8">166755.1556</dst>
      <dst id="18">13242.3911</dst>
      <dst id="4">166764.0533</dst>
      <dst id="1">3318.2133</dst>
      <dst id="5">268185.7778</dst>
      <dst id="3">13959.7689</dst>
      <dst id="22">22287.6800</dst>
      <dst id="7">6572.7111</dst>
      <dst id="2">22561.9467</dst>
      <dst id="6">61.8400</dst>
      <dst id="16">2180.7378</dst>
      <dst id="14">34620.9511</dst>
      <dst id="20">2971.2089</dst>
      <dst id="11">119624.0622</dst>
      <dst id="9">223231.8667</dst>
      <dst id="17">2107.9111</dst>
      <dst id="21">19667.6000</dst>
      <dst id="15">375.2178</dst>
    </src>
    <src id="21">
      <dst id="12">17940.8178</dst>
      <dst id="13">1152.1422</dst>
      <dst id="19">115.8578</dst>
      <dst id="23">3.3422</dst>
      <dst id="8">406.0089</dst>
      <dst id="18">1720.4533</dst>
      <dst id="4">37632.0889</dst>
      <dst id="1">4931.1911</dst>
      <dst id="5">842.8978</dst>
      <dst id="3">811.2622</dst>
      <dst id="22">3187.7778</dst>
      <dst id="7">3667.2800</dst>
      <dst id="2">10673.7600</dst>
      <dst id="6">13.2800</dst>
      <dst id="16">230.7911</dst>
      <dst id="14">72.0444</dst>
      <dst id="20">929.6089</dst>
      <dst id="11">928.7644</dst>
      <dst id="9">688.4711</dst>
      <dst id="17">13651.3600</dst>
      <dst id="21">2243.3689</dst>
      <dst id="15">245.2000</dst>
    </src>
    <src id="15">
      <dst id="12">2355.0222</dst>
      <dst id="13">397.4400</dst>
      <dst id="19">2948.1600</dst>
      <dst id="8">7006.6222</dst>
      <dst id="18">98.0356</dst>
      <dst id="4">12741.1911</dst>
      <dst id="1">910.1778</dst>
      <dst id="5">258.1867</dst>
      <dst id="3">42.8089</dst>
      <dst id="7">23.3244</dst>
      <dst id="2">96.6044</dst>
      <dst id="14">0.4178</dst>
      <dst id="11">87.4756</dst>
      <dst id="9">809.2622</dst>
      <dst id="17">10217.2889</dst>
      <dst id="21">374.9156</dst>
    </src>
  </IntraTM>
</TrafficMatrixFile>
