<?xml version="1.0" encoding="UTF-8" standalone="yes"?>
<TrafficMatrixFile xmlns:xsi="http://www.w3.org/2001/XMLSchema-instance" xsi:noNamespaceSchemaLocation="http://totem.run.montefiore.ulg.ac.be/Schema/TrafficMatrix-v1_2.xsd">
  <info>
    <title>Intradomain traffic matrix generated by geant-TM-all.pl</title>
    <date>2005-01-05T09:45:00</date>
    <duration>900</duration>
    <author>Steve Uhlig</author>
    <units>
        <unit type="bandwidth" value="kbps"/>
    </units>
  </info>
  <IntraTM ASID="20965">
    <src id="12">
      <dst id="12">219146.8444</dst>
      <dst id="13">17261.2356</dst>
      <dst id="19">2846.1156</dst>
      <dst id="23">3875.3600</dst>
      <dst id="8">707.0489</dst>
      <dst id="18">4346.3289</dst>
      <dst id="4">85103.3689</dst>
      <dst id="1">16171.4311</dst>
      <dst id="5">121836.4533</dst>
      <dst id="3">2067.8844</dst>
      <dst id="22">8258.8978</dst>
      <dst id="7">10672.9689</dst>
      <dst id="2">83166.5422</dst>
      <dst id="6">19.9022</dst>
      <dst id="16">5803.0756</dst>
      <dst id="14">200.7911</dst>
      <dst id="20">8481.9111</dst>
      <dst id="11">4534.2311</dst>
      <dst id="9">8662.4089</dst>
      <dst id="17">70742.9956</dst>
      <dst id="21">1910.6933</dst>
      <dst id="15">1952.4267</dst>
    </src>
    <src id="13">
      <dst id="12">42918.2222</dst>
      <dst id="19">5060.4622</dst>
      <dst id="23">46.0089</dst>
      <dst id="8">1977.1644</dst>
      <dst id="18">4025.8844</dst>
      <dst id="1">6201.0133</dst>
      <dst id="5">4975.8844</dst>
      <dst id="3">6912.9244</dst>
      <dst id="22">17351.3511</dst>
      <dst id="7">10907.3156</dst>
      <dst id="2">83887.0222</dst>
      <dst id="6">94.6933</dst>
      <dst id="16">7019.5911</dst>
      <dst id="14">1311.6622</dst>
      <dst id="20">5364.9422</dst>
      <dst id="11">9777.2889</dst>
      <dst id="9">12950.7022</dst>
      <dst id="17">47678.8000</dst>
      <dst id="21">9676.1867</dst>
      <dst id="15">1017.0578</dst>
    </src>
    <src id="19">
      <dst id="12">15739.4844</dst>
      <dst id="13">1128.9156</dst>
      <dst id="23">1.1733</dst>
      <dst id="18">0.7022</dst>
      <dst id="4">24592.7289</dst>
      <dst id="1">1711.9289</dst>
      <dst id="5">0.3556</dst>
      <dst id="3">0.8178</dst>
      <dst id="22">882.7200</dst>
      <dst id="7">3688.7378</dst>
      <dst id="2">2729.8578</dst>
      <dst id="6">11.1644</dst>
      <dst id="16">6350.9778</dst>
      <dst id="20">9.6622</dst>
      <dst id="11">306.9156</dst>
      <dst id="9">33.6711</dst>
      <dst id="17">1113.6622</dst>
      <dst id="21">124.9867</dst>
      <dst id="15">0.3556</dst>
    </src>
    <src id="23">
      <dst id="12">327.1467</dst>
      <dst id="13">25.2356</dst>
      <dst id="19">13.3333</dst>
      <dst id="18">0.7467</dst>
      <dst id="4">3.6000</dst>
      <dst id="1">50.4000</dst>
      <dst id="5">0.3556</dst>
      <dst id="3">205.6089</dst>
      <dst id="22">126.4889</dst>
      <dst id="7">13022.1422</dst>
      <dst id="2">55.2800</dst>
      <dst id="6">2.6133</dst>
      <dst id="16">5.8933</dst>
      <dst id="20">120.0000</dst>
      <dst id="11">40.1244</dst>
      <dst id="9">6238.8622</dst>
      <dst id="17">81.0311</dst>
      <dst id="21">66.4533</dst>
      <dst id="15">8.2311</dst>
    </src>
    <src id="8">
      <dst id="12">278670.2667</dst>
      <dst id="13">516.7733</dst>
      <dst id="19">0.4267</dst>
      <dst id="23">0.3556</dst>
      <dst id="18">7.6889</dst>
      <dst id="4">11007.3600</dst>
      <dst id="1">1724.1156</dst>
      <dst id="5">649.8133</dst>
      <dst id="3">0.8356</dst>
      <dst id="22">1168.5422</dst>
      <dst id="7">58.9156</dst>
      <dst id="2">101829.9911</dst>
      <dst id="16">607.9289</dst>
      <dst id="20">37.0133</dst>
      <dst id="11">161.9200</dst>
      <dst id="9">5308.3644</dst>
      <dst id="17">106283.3422</dst>
      <dst id="21">2865.2089</dst>
      <dst id="15">194.4000</dst>
    </src>
    <src id="18">
      <dst id="12">89348.3911</dst>
      <dst id="13">176.5067</dst>
      <dst id="19">46.2311</dst>
      <dst id="8">616.0178</dst>
      <dst id="4">2775.7156</dst>
      <dst id="1">858.9333</dst>
      <dst id="5">81.6178</dst>
      <dst id="3">8.1244</dst>
      <dst id="22">978.9689</dst>
      <dst id="7">3.0222</dst>
      <dst id="2">30199.2889</dst>
      <dst id="16">60.2222</dst>
      <dst id="14">27.1289</dst>
      <dst id="20">8.8444</dst>
      <dst id="11">25.7333</dst>
      <dst id="9">66.9956</dst>
      <dst id="17">39875.9022</dst>
      <dst id="21">582.7289</dst>
      <dst id="15">25.0844</dst>
    </src>
    <src id="4">
      <dst id="12">12111.0133</dst>
      <dst id="19">15110.7200</dst>
      <dst id="23">1.7422</dst>
      <dst id="8">464.8533</dst>
      <dst id="18">528.1956</dst>
      <dst id="1">123387.1111</dst>
      <dst id="5">1168.4089</dst>
      <dst id="3">63.9644</dst>
      <dst id="22">4197.0578</dst>
      <dst id="7">61399.8311</dst>
      <dst id="2">86655.2889</dst>
      <dst id="6">0.4533</dst>
      <dst id="16">1240.2044</dst>
      <dst id="14">1136.1867</dst>
      <dst id="20">678.0444</dst>
      <dst id="11">2333.9911</dst>
      <dst id="9">3312.7289</dst>
      <dst id="17">23420.3378</dst>
      <dst id="21">4534.6311</dst>
      <dst id="15">312.2044</dst>
    </src>
    <src id="1">
      <dst id="12">20534.8178</dst>
      <dst id="13">5186.0711</dst>
      <dst id="19">19.5822</dst>
      <dst id="23">48.6400</dst>
      <dst id="8">72603.9733</dst>
      <dst id="18">12943.3600</dst>
      <dst id="4">5554.3378</dst>
      <dst id="1">6266.0444</dst>
      <dst id="5">148663.8756</dst>
      <dst id="3">1575.1556</dst>
      <dst id="22">1363.0667</dst>
      <dst id="7">1170.4089</dst>
      <dst id="2">14249.1467</dst>
      <dst id="6">8873.2267</dst>
      <dst id="16">9337.2089</dst>
      <dst id="14">93.5644</dst>
      <dst id="20">138.8978</dst>
      <dst id="11">303.3600</dst>
      <dst id="9">132526.7467</dst>
      <dst id="17">12110.8622</dst>
      <dst id="21">4074.2044</dst>
      <dst id="15">466.9956</dst>
    </src>
    <src id="5">
      <dst id="12">236573.2800</dst>
      <dst id="13">809.3333</dst>
      <dst id="19">1.1022</dst>
      <dst id="23">26.6667</dst>
      <dst id="8">2249.5378</dst>
      <dst id="18">141.8844</dst>
      <dst id="4">5518.6044</dst>
      <dst id="1">414.6400</dst>
      <dst id="3">7.8578</dst>
      <dst id="22">2350.8356</dst>
      <dst id="7">1104.0000</dst>
      <dst id="2">111467.4578</dst>
      <dst id="6">2.2222</dst>
      <dst id="16">1743.4311</dst>
      <dst id="14">1.5556</dst>
      <dst id="20">3221.6000</dst>
      <dst id="11">451.8667</dst>
      <dst id="9">408.6133</dst>
      <dst id="17">101238.8267</dst>
      <dst id="21">127.9467</dst>
      <dst id="15">421.9911</dst>
    </src>
    <src id="3">
      <dst id="12">21282.1156</dst>
      <dst id="13">8151.5022</dst>
      <dst id="19">3659.7156</dst>
      <dst id="23">9304.1156</dst>
      <dst id="8">28.5511</dst>
      <dst id="18">52553.5822</dst>
      <dst id="4">19551.4489</dst>
      <dst id="1">5660.0800</dst>
      <dst id="5">914.4533</dst>
      <dst id="3">9766.0178</dst>
      <dst id="22">5536.5689</dst>
      <dst id="7">2750.6311</dst>
      <dst id="2">17780.3556</dst>
      <dst id="6">0.4622</dst>
      <dst id="16">715.1200</dst>
      <dst id="14">18612.3378</dst>
      <dst id="20">1425.3511</dst>
      <dst id="11">110460.2133</dst>
      <dst id="9">680.6400</dst>
      <dst id="17">3885.4044</dst>
      <dst id="21">16083.6178</dst>
      <dst id="15">1538.8000</dst>
    </src>
    <src id="10">
      <dst id="12">11404.0267</dst>
      <dst id="19">1908.4444</dst>
      <dst id="8">604.0267</dst>
      <dst id="18">374.8267</dst>
      <dst id="1">3119.0844</dst>
      <dst id="5">3596.9333</dst>
      <dst id="3">2175.2356</dst>
      <dst id="22">5684.5778</dst>
      <dst id="7">10962.5244</dst>
      <dst id="2">24569.5822</dst>
      <dst id="16">2071.7333</dst>
      <dst id="14">2506.1511</dst>
      <dst id="20">272.3467</dst>
      <dst id="11">4070.3111</dst>
      <dst id="9">1214.5778</dst>
      <dst id="17">22206.8356</dst>
      <dst id="21">6206.9867</dst>
      <dst id="15">347.5467</dst>
    </src>
    <src id="22">
      <dst id="12">5798.2844</dst>
      <dst id="13">1667.5556</dst>
      <dst id="19">366.2044</dst>
      <dst id="23">261.2622</dst>
      <dst id="8">939.9822</dst>
      <dst id="18">1159.7689</dst>
      <dst id="4">19429.1911</dst>
      <dst id="1">243.0133</dst>
      <dst id="5">1954.4622</dst>
      <dst id="3">907.1378</dst>
      <dst id="7">3319.2178</dst>
      <dst id="2">2279.3067</dst>
      <dst id="6">13.5022</dst>
      <dst id="16">21.7778</dst>
      <dst id="14">3.6444</dst>
      <dst id="11">2942.6133</dst>
      <dst id="9">949.7422</dst>
      <dst id="17">4314.1244</dst>
      <dst id="21">767.9289</dst>
    </src>
    <src id="7">
      <dst id="12">3383.6622</dst>
      <dst id="13">454.9956</dst>
      <dst id="19">242.6933</dst>
      <dst id="23">284.3822</dst>
      <dst id="8">19.7600</dst>
      <dst id="18">187.0933</dst>
      <dst id="4">11939.1644</dst>
      <dst id="1">2096.1956</dst>
      <dst id="5">1029.4133</dst>
      <dst id="3">1513.3689</dst>
      <dst id="22">5727.6356</dst>
      <dst id="7">682.0267</dst>
      <dst id="2">9000.7022</dst>
      <dst id="6">5.3600</dst>
      <dst id="16">463.9822</dst>
      <dst id="14">86.5244</dst>
      <dst id="20">185.8667</dst>
      <dst id="11">3797.2444</dst>
      <dst id="9">199.1378</dst>
      <dst id="17">5196.5422</dst>
      <dst id="21">716.6222</dst>
      <dst id="15">143.3511</dst>
    </src>
    <src id="2">
      <dst id="12">75363.3867</dst>
      <dst id="13">508149.7156</dst>
      <dst id="19">953.4844</dst>
      <dst id="23">12.6222</dst>
      <dst id="8">80.6933</dst>
      <dst id="18">45993.4133</dst>
      <dst id="4">83966.2489</dst>
      <dst id="1">18879.0667</dst>
      <dst id="5">748.9333</dst>
      <dst id="3">20.2400</dst>
      <dst id="22">3024.7289</dst>
      <dst id="7">9662.5422</dst>
      <dst id="2">367.7422</dst>
      <dst id="6">5874.2667</dst>
      <dst id="16">2582.6489</dst>
      <dst id="14">5443.4222</dst>
      <dst id="20">2406.3200</dst>
      <dst id="11">1642.0889</dst>
      <dst id="9">4646.7911</dst>
      <dst id="17">47886.4533</dst>
      <dst id="21">3321.2000</dst>
      <dst id="15">56.5778</dst>
    </src>
    <src id="6">
      <dst id="12">7570.7467</dst>
      <dst id="13">2.2844</dst>
      <dst id="19">23.1111</dst>
      <dst id="8">0.3556</dst>
      <dst id="18">0.3556</dst>
      <dst id="4">1166.3556</dst>
      <dst id="1">0.6756</dst>
      <dst id="5">41.9022</dst>
      <dst id="22">25.3333</dst>
      <dst id="7">1.3511</dst>
      <dst id="2">1405.4311</dst>
      <dst id="16">0.6756</dst>
      <dst id="20">0.3556</dst>
      <dst id="11">0.5600</dst>
      <dst id="9">0.3378</dst>
      <dst id="17">1363.9556</dst>
      <dst id="21">33.6089</dst>
    </src>
    <src id="16">
      <dst id="12">1546.5867</dst>
      <dst id="13">1662.2667</dst>
      <dst id="19">4035.7867</dst>
      <dst id="23">1.7778</dst>
      <dst id="8">1536.7200</dst>
      <dst id="18">1.7333</dst>
      <dst id="4">3735.3067</dst>
      <dst id="1">19953.8844</dst>
      <dst id="5">1679.5378</dst>
      <dst id="3">0.4178</dst>
      <dst id="7">1765.5022</dst>
      <dst id="2">903.7778</dst>
      <dst id="6">0.4267</dst>
      <dst id="16">26.0800</dst>
      <dst id="14">254.4000</dst>
      <dst id="11">278.4178</dst>
      <dst id="9">2359.6000</dst>
      <dst id="17">1583.1289</dst>
      <dst id="21">2046.5956</dst>
    </src>
    <src id="14">
      <dst id="12">19952.4089</dst>
      <dst id="13">34.3467</dst>
      <dst id="19">6.7022</dst>
      <dst id="18">1.8844</dst>
      <dst id="4">2402.0889</dst>
      <dst id="1">60.6311</dst>
      <dst id="5">55.3778</dst>
      <dst id="3">56.6489</dst>
      <dst id="22">13.8667</dst>
      <dst id="7">44.1867</dst>
      <dst id="2">6505.9556</dst>
      <dst id="16">6.4444</dst>
      <dst id="20">1.2533</dst>
      <dst id="11">44.3644</dst>
      <dst id="9">16.1067</dst>
      <dst id="17">9711.4133</dst>
      <dst id="21">31.3156</dst>
      <dst id="15">0.3556</dst>
    </src>
    <src id="20">
      <dst id="12">1693.5289</dst>
      <dst id="13">7521.6356</dst>
      <dst id="19">709.6178</dst>
      <dst id="23">2.7733</dst>
      <dst id="8">1358.4267</dst>
      <dst id="18">16.3200</dst>
      <dst id="4">6186.8444</dst>
      <dst id="1">95.1467</dst>
      <dst id="5">635.5378</dst>
      <dst id="3">377.3244</dst>
      <dst id="7">2380.4711</dst>
      <dst id="2">2707.4667</dst>
      <dst id="6">79.5733</dst>
      <dst id="14">0.7111</dst>
      <dst id="11">329.9822</dst>
      <dst id="9">3752.3822</dst>
      <dst id="17">513.1022</dst>
      <dst id="21">75.7511</dst>
    </src>
    <src id="11">
      <dst id="12">402042.9600</dst>
      <dst id="13">1756.9244</dst>
      <dst id="19">8.9067</dst>
      <dst id="23">14.4533</dst>
      <dst id="8">304.3733</dst>
      <dst id="18">97.7600</dst>
      <dst id="4">7293.8933</dst>
      <dst id="1">687.7244</dst>
      <dst id="5">1045.0844</dst>
      <dst id="3">636.4978</dst>
      <dst id="22">2549.9467</dst>
      <dst id="7">1179.2533</dst>
      <dst id="2">136529.0756</dst>
      <dst id="16">48.8000</dst>
      <dst id="14">112.8622</dst>
      <dst id="20">153.5111</dst>
      <dst id="11">1776.6044</dst>
      <dst id="9">1606.7644</dst>
      <dst id="17">137765.6711</dst>
      <dst id="21">437.5822</dst>
      <dst id="15">901.5378</dst>
    </src>
    <src id="9">
      <dst id="12">452102.6400</dst>
      <dst id="13">5214.7822</dst>
      <dst id="19">17.0400</dst>
      <dst id="23">113.6178</dst>
      <dst id="8">172.7644</dst>
      <dst id="18">84.3111</dst>
      <dst id="4">12314.8711</dst>
      <dst id="1">780.4533</dst>
      <dst id="5">1803.4400</dst>
      <dst id="3">18.4178</dst>
      <dst id="22">834.5600</dst>
      <dst id="7">219.4044</dst>
      <dst id="2">154437.6267</dst>
      <dst id="6">0.3378</dst>
      <dst id="16">235.4489</dst>
      <dst id="14">480.8178</dst>
      <dst id="20">3847.0844</dst>
      <dst id="11">412.6133</dst>
      <dst id="9">5103.5378</dst>
      <dst id="17">156511.8933</dst>
      <dst id="21">327.8844</dst>
      <dst id="15">1252.4800</dst>
    </src>
    <src id="17">
      <dst id="12">10408.6756</dst>
      <dst id="13">13232.8444</dst>
      <dst id="19">496.9067</dst>
      <dst id="23">5.3511</dst>
      <dst id="8">89044.5244</dst>
      <dst id="18">450.9778</dst>
      <dst id="4">59670.9600</dst>
      <dst id="1">3288.7822</dst>
      <dst id="5">139699.6089</dst>
      <dst id="3">3344.1333</dst>
      <dst id="22">1978.6400</dst>
      <dst id="7">5110.2756</dst>
      <dst id="2">8051.7778</dst>
      <dst id="6">28.3467</dst>
      <dst id="16">13043.8667</dst>
      <dst id="14">17374.7022</dst>
      <dst id="20">1555.1022</dst>
      <dst id="11">78021.1111</dst>
      <dst id="9">140996.4533</dst>
      <dst id="17">1646.9956</dst>
      <dst id="21">6182.3111</dst>
      <dst id="15">143.9378</dst>
    </src>
    <src id="21">
      <dst id="12">11906.4889</dst>
      <dst id="13">2807.7333</dst>
      <dst id="19">277.1289</dst>
      <dst id="23">4.1422</dst>
      <dst id="8">57.1022</dst>
      <dst id="18">4725.2800</dst>
      <dst id="4">18191.0844</dst>
      <dst id="1">1941.8756</dst>
      <dst id="5">191.3778</dst>
      <dst id="3">4985.6178</dst>
      <dst id="22">1554.7022</dst>
      <dst id="7">4650.1422</dst>
      <dst id="2">13740.6400</dst>
      <dst id="6">37.8667</dst>
      <dst id="16">97.7422</dst>
      <dst id="14">170.0622</dst>
      <dst id="20">753.8756</dst>
      <dst id="11">340.7111</dst>
      <dst id="9">570.3289</dst>
      <dst id="17">4463.8489</dst>
      <dst id="21">1209.1289</dst>
      <dst id="15">1200.3022</dst>
    </src>
    <src id="15">
      <dst id="12">1046.1244</dst>
      <dst id="13">810.9778</dst>
      <dst id="19">18.7289</dst>
      <dst id="23">3.7689</dst>
      <dst id="8">18.7911</dst>
      <dst id="18">5.4756</dst>
      <dst id="4">3824.0267</dst>
      <dst id="1">664.5156</dst>
      <dst id="5">88.7378</dst>
      <dst id="7">1323.9556</dst>
      <dst id="2">30.3822</dst>
      <dst id="14">0.3556</dst>
      <dst id="11">131.2978</dst>
      <dst id="9">1655.1911</dst>
      <dst id="17">189.8489</dst>
      <dst id="21">100.1689</dst>
    </src>
  </IntraTM>
</TrafficMatrixFile>
