<?xml version="1.0" encoding="UTF-8" standalone="yes"?>
<TrafficMatrixFile xmlns:xsi="http://www.w3.org/2001/XMLSchema-instance" xsi:noNamespaceSchemaLocation="http://totem.run.montefiore.ulg.ac.be/Schema/TrafficMatrix-v1_2.xsd">
  <info>
    <title>Intradomain traffic matrix generated by geant-TM-all.pl</title>
    <date>2005-01-05T22:45:00</date>
    <duration>900</duration>
    <author>Steve Uhlig</author>
    <units>
        <unit type="bandwidth" value="kbps"/>
    </units>
  </info>
  <IntraTM ASID="20965">
    <src id="12">
      <dst id="12">355080.1600</dst>
      <dst id="13">29915.6000</dst>
      <dst id="19">5946.1156</dst>
      <dst id="23">911.7689</dst>
      <dst id="8">8064.4000</dst>
      <dst id="18">12960.3644</dst>
      <dst id="4">82124.3111</dst>
      <dst id="1">10498.7822</dst>
      <dst id="5">6470.0356</dst>
      <dst id="3">13645.6978</dst>
      <dst id="22">19956.5244</dst>
      <dst id="7">14244.0444</dst>
      <dst id="2">149861.8667</dst>
      <dst id="6">1106.3289</dst>
      <dst id="16">10312.2933</dst>
      <dst id="14">1297.2000</dst>
      <dst id="20">29470.8533</dst>
      <dst id="11">19215.3511</dst>
      <dst id="9">18158.6311</dst>
      <dst id="17">133200.0178</dst>
      <dst id="21">11958.2311</dst>
      <dst id="15">2372.4444</dst>
    </src>
    <src id="13">
      <dst id="12">74953.0667</dst>
      <dst id="19">27498.9867</dst>
      <dst id="23">420.3022</dst>
      <dst id="8">14338.7378</dst>
      <dst id="18">9282.4267</dst>
      <dst id="4">0.3556</dst>
      <dst id="1">13044.0089</dst>
      <dst id="5">13641.8400</dst>
      <dst id="3">33545.3067</dst>
      <dst id="22">30283.6444</dst>
      <dst id="7">38476.0889</dst>
      <dst id="2">147352.1422</dst>
      <dst id="6">272.9422</dst>
      <dst id="16">12638.5778</dst>
      <dst id="14">8833.3244</dst>
      <dst id="20">38036.1956</dst>
      <dst id="11">24699.6000</dst>
      <dst id="9">41550.7378</dst>
      <dst id="17">125146.8356</dst>
      <dst id="21">30807.7689</dst>
      <dst id="15">27795.3156</dst>
    </src>
    <src id="19">
      <dst id="12">19828.6044</dst>
      <dst id="13">5910.6933</dst>
      <dst id="23">268.0800</dst>
      <dst id="8">74.5956</dst>
      <dst id="18">479.0667</dst>
      <dst id="4">19136.7911</dst>
      <dst id="1">2236.3644</dst>
      <dst id="5">175.1111</dst>
      <dst id="3">70.6844</dst>
      <dst id="22">885.1289</dst>
      <dst id="7">9668.3556</dst>
      <dst id="2">1775.0667</dst>
      <dst id="6">345.0844</dst>
      <dst id="16">12241.3778</dst>
      <dst id="14">125.8311</dst>
      <dst id="20">3294.0444</dst>
      <dst id="11">2696.3022</dst>
      <dst id="9">12341.0489</dst>
      <dst id="17">4012.4533</dst>
      <dst id="21">2217.2356</dst>
      <dst id="15">46.5778</dst>
    </src>
    <src id="23">
      <dst id="12">631.9467</dst>
      <dst id="13">888.3556</dst>
      <dst id="19">185.2178</dst>
      <dst id="8">26.6667</dst>
      <dst id="18">506.4622</dst>
      <dst id="4">8.1956</dst>
      <dst id="1">56.2222</dst>
      <dst id="5">31.8933</dst>
      <dst id="3">613.3422</dst>
      <dst id="22">316.4978</dst>
      <dst id="7">683.6444</dst>
      <dst id="2">353.6800</dst>
      <dst id="6">83.4578</dst>
      <dst id="16">234.4089</dst>
      <dst id="14">326.4089</dst>
      <dst id="20">479.2889</dst>
      <dst id="11">83.9289</dst>
      <dst id="9">1752.7822</dst>
      <dst id="17">3107.9111</dst>
      <dst id="21">2217.0578</dst>
      <dst id="15">399.2889</dst>
    </src>
    <src id="8">
      <dst id="12">363083.5556</dst>
      <dst id="13">912.3289</dst>
      <dst id="19">128.8711</dst>
      <dst id="23">26.6667</dst>
      <dst id="18">540.4711</dst>
      <dst id="4">5738.0889</dst>
      <dst id="1">790.6222</dst>
      <dst id="5">6503.6000</dst>
      <dst id="3">58.2133</dst>
      <dst id="22">2363.8400</dst>
      <dst id="7">1095.3244</dst>
      <dst id="2">147703.8044</dst>
      <dst id="6">0.4178</dst>
      <dst id="16">1319.8311</dst>
      <dst id="14">13.7600</dst>
      <dst id="20">2364.8178</dst>
      <dst id="11">1515.1378</dst>
      <dst id="9">1334.0267</dst>
      <dst id="17">141729.2978</dst>
      <dst id="21">3743.6533</dst>
      <dst id="15">519.5733</dst>
    </src>
    <src id="18">
      <dst id="12">125744.4267</dst>
      <dst id="13">2201.5733</dst>
      <dst id="19">38.0622</dst>
      <dst id="23">9.4756</dst>
      <dst id="8">2505.6622</dst>
      <dst id="4">2214.4622</dst>
      <dst id="1">1450.3644</dst>
      <dst id="5">1199.9556</dst>
      <dst id="3">334.6311</dst>
      <dst id="22">479.9200</dst>
      <dst id="7">371.9733</dst>
      <dst id="2">51014.6400</dst>
      <dst id="16">244.2133</dst>
      <dst id="14">52.5511</dst>
      <dst id="20">73.2089</dst>
      <dst id="11">209.8844</dst>
      <dst id="9">76.0444</dst>
      <dst id="17">44857.7156</dst>
      <dst id="21">862.0356</dst>
      <dst id="15">120.0711</dst>
    </src>
    <src id="4">
      <dst id="12">26252.0000</dst>
      <dst id="19">15341.7244</dst>
      <dst id="23">1.1822</dst>
      <dst id="8">2833.8222</dst>
      <dst id="18">3024.3467</dst>
      <dst id="4">2.9067</dst>
      <dst id="1">247341.4133</dst>
      <dst id="5">3358.1689</dst>
      <dst id="3">1574.0089</dst>
      <dst id="22">11057.9022</dst>
      <dst id="7">96464.9333</dst>
      <dst id="2">108597.3067</dst>
      <dst id="6">1037.5467</dst>
      <dst id="16">6260.9156</dst>
      <dst id="14">2814.4533</dst>
      <dst id="20">5917.6089</dst>
      <dst id="11">6519.1911</dst>
      <dst id="9">6028.3644</dst>
      <dst id="17">47066.5511</dst>
      <dst id="21">11827.5911</dst>
      <dst id="15">380.0711</dst>
    </src>
    <src id="1">
      <dst id="12">27882.8178</dst>
      <dst id="13">8380.5689</dst>
      <dst id="19">4273.3422</dst>
      <dst id="23">213.5022</dst>
      <dst id="8">241363.3600</dst>
      <dst id="18">14493.6800</dst>
      <dst id="4">15598.3289</dst>
      <dst id="1">36548.3289</dst>
      <dst id="5">317154.3911</dst>
      <dst id="3">658.9067</dst>
      <dst id="22">38543.4489</dst>
      <dst id="7">57929.1022</dst>
      <dst id="2">16293.7867</dst>
      <dst id="6">20117.4489</dst>
      <dst id="16">15240.5867</dst>
      <dst id="14">4314.7200</dst>
      <dst id="20">5563.0311</dst>
      <dst id="11">7770.2400</dst>
      <dst id="9">426038.4889</dst>
      <dst id="17">52143.8489</dst>
      <dst id="21">11889.0844</dst>
      <dst id="15">7604.1600</dst>
    </src>
    <src id="5">
      <dst id="12">319184.5422</dst>
      <dst id="13">15561.9200</dst>
      <dst id="19">309.1556</dst>
      <dst id="23">3.1733</dst>
      <dst id="8">53306.5956</dst>
      <dst id="18">390.4533</dst>
      <dst id="4">13130.7111</dst>
      <dst id="1">5700.8978</dst>
      <dst id="3">21.8133</dst>
      <dst id="22">6011.8044</dst>
      <dst id="7">1560.3556</dst>
      <dst id="2">144739.9289</dst>
      <dst id="6">27.1556</dst>
      <dst id="16">1985.2267</dst>
      <dst id="14">69.9111</dst>
      <dst id="20">8369.2178</dst>
      <dst id="11">4240.5422</dst>
      <dst id="9">12200.2400</dst>
      <dst id="17">126441.5378</dst>
      <dst id="21">1015.9822</dst>
      <dst id="15">446.6400</dst>
    </src>
    <src id="3">
      <dst id="12">16015.9911</dst>
      <dst id="13">9071.6000</dst>
      <dst id="19">1738.0622</dst>
      <dst id="23">4052.8978</dst>
      <dst id="8">1530.4089</dst>
      <dst id="18">214986.9333</dst>
      <dst id="4">28103.3778</dst>
      <dst id="1">9242.7111</dst>
      <dst id="5">862.0889</dst>
      <dst id="3">16929.3422</dst>
      <dst id="22">4106.0089</dst>
      <dst id="7">65621.3244</dst>
      <dst id="2">20947.8933</dst>
      <dst id="6">30.3378</dst>
      <dst id="16">2150.5422</dst>
      <dst id="14">70930.2489</dst>
      <dst id="20">2419.7333</dst>
      <dst id="11">360772.4089</dst>
      <dst id="9">888.9689</dst>
      <dst id="17">21269.1200</dst>
      <dst id="21">21252.7467</dst>
      <dst id="15">186.6933</dst>
    </src>
    <src id="10">
      <dst id="12">34732.2222</dst>
      <dst id="19">7666.0178</dst>
      <dst id="23">0.4267</dst>
      <dst id="8">2973.0133</dst>
      <dst id="18">3213.8933</dst>
      <dst id="1">9280.6667</dst>
      <dst id="5">1763.3422</dst>
      <dst id="3">14879.5911</dst>
      <dst id="22">4993.6000</dst>
      <dst id="7">20306.7289</dst>
      <dst id="2">56073.2000</dst>
      <dst id="6">63.1911</dst>
      <dst id="16">10912.5511</dst>
      <dst id="14">1598.5956</dst>
      <dst id="20">1749.9644</dst>
      <dst id="11">10199.5644</dst>
      <dst id="9">4104.2044</dst>
      <dst id="17">59227.5556</dst>
      <dst id="21">20215.8222</dst>
      <dst id="15">396.4356</dst>
    </src>
    <src id="22">
      <dst id="12">6988.4889</dst>
      <dst id="13">4463.2444</dst>
      <dst id="19">872.3111</dst>
      <dst id="23">12.6489</dst>
      <dst id="8">3200.6489</dst>
      <dst id="18">536.6844</dst>
      <dst id="4">18502.6489</dst>
      <dst id="1">4052.1422</dst>
      <dst id="5">13715.8489</dst>
      <dst id="3">1776.9600</dst>
      <dst id="7">4238.9422</dst>
      <dst id="2">5848.2489</dst>
      <dst id="6">30.7111</dst>
      <dst id="16">0.7644</dst>
      <dst id="14">31.7511</dst>
      <dst id="11">4232.7733</dst>
      <dst id="9">2923.0400</dst>
      <dst id="17">13739.6711</dst>
      <dst id="21">2421.1467</dst>
    </src>
    <src id="7">
      <dst id="12">6250.4444</dst>
      <dst id="13">3048.9067</dst>
      <dst id="19">4704.5956</dst>
      <dst id="23">308.1156</dst>
      <dst id="8">576.8089</dst>
      <dst id="18">641.5822</dst>
      <dst id="4">48670.7911</dst>
      <dst id="1">23083.9289</dst>
      <dst id="5">1280.0711</dst>
      <dst id="3">4275.0044</dst>
      <dst id="22">4733.0044</dst>
      <dst id="7">852.0533</dst>
      <dst id="2">36649.9200</dst>
      <dst id="6">324.5156</dst>
      <dst id="16">3331.2178</dst>
      <dst id="14">200.4889</dst>
      <dst id="20">1912.2222</dst>
      <dst id="11">1967.7244</dst>
      <dst id="9">3705.5200</dst>
      <dst id="17">17026.1067</dst>
      <dst id="21">10473.7156</dst>
      <dst id="15">12033.2356</dst>
    </src>
    <src id="2">
      <dst id="12">164196.8356</dst>
      <dst id="13">520510.6578</dst>
      <dst id="19">2583.8044</dst>
      <dst id="23">40.8089</dst>
      <dst id="8">1394.4267</dst>
      <dst id="18">155799.4844</dst>
      <dst id="4">94135.4578</dst>
      <dst id="1">16891.6978</dst>
      <dst id="5">1810.5956</dst>
      <dst id="3">1029.0400</dst>
      <dst id="22">3456.0267</dst>
      <dst id="7">26775.3333</dst>
      <dst id="2">1237.2089</dst>
      <dst id="6">16790.5600</dst>
      <dst id="16">3081.8222</dst>
      <dst id="14">5380.8356</dst>
      <dst id="20">2160.6667</dst>
      <dst id="11">14168.8533</dst>
      <dst id="9">4294.5067</dst>
      <dst id="17">35561.5822</dst>
      <dst id="21">15143.8756</dst>
      <dst id="15">4331.7333</dst>
    </src>
    <src id="6">
      <dst id="12">12945.3511</dst>
      <dst id="13">174.3111</dst>
      <dst id="19">59.6800</dst>
      <dst id="23">1.8667</dst>
      <dst id="8">14.5778</dst>
      <dst id="18">0.5333</dst>
      <dst id="4">1218.5333</dst>
      <dst id="1">115.5378</dst>
      <dst id="5">36.9778</dst>
      <dst id="3">28.4444</dst>
      <dst id="22">58.4711</dst>
      <dst id="7">249.6622</dst>
      <dst id="2">3320.7022</dst>
      <dst id="16">7.8400</dst>
      <dst id="20">75.0133</dst>
      <dst id="11">124.8356</dst>
      <dst id="9">58.1511</dst>
      <dst id="17">5548.3022</dst>
      <dst id="21">59.3422</dst>
    </src>
    <src id="16">
      <dst id="12">3408.2933</dst>
      <dst id="13">1068.1600</dst>
      <dst id="19">4796.3111</dst>
      <dst id="23">230.7556</dst>
      <dst id="8">9469.8311</dst>
      <dst id="18">329.6622</dst>
      <dst id="4">7511.5022</dst>
      <dst id="1">25402.3022</dst>
      <dst id="5">11106.0711</dst>
      <dst id="3">602.7378</dst>
      <dst id="7">6692.7200</dst>
      <dst id="2">2078.1156</dst>
      <dst id="6">140.9156</dst>
      <dst id="16">56.3911</dst>
      <dst id="14">624.1156</dst>
      <dst id="11">1309.8933</dst>
      <dst id="9">14424.7378</dst>
      <dst id="17">12515.5111</dst>
      <dst id="21">860.6222</dst>
    </src>
    <src id="14">
      <dst id="12">23616.1867</dst>
      <dst id="13">244.8267</dst>
      <dst id="19">25.1111</dst>
      <dst id="23">62.6400</dst>
      <dst id="18">3.3244</dst>
      <dst id="4">4034.9867</dst>
      <dst id="1">993.1111</dst>
      <dst id="5">8.7289</dst>
      <dst id="3">344.6311</dst>
      <dst id="22">29.0222</dst>
      <dst id="7">376.5067</dst>
      <dst id="2">7964.4444</dst>
      <dst id="16">20.8711</dst>
      <dst id="20">43.2622</dst>
      <dst id="11">66.4356</dst>
      <dst id="9">60.3111</dst>
      <dst id="17">9789.4933</dst>
      <dst id="21">130.7200</dst>
    </src>
    <src id="20">
      <dst id="12">14405.3244</dst>
      <dst id="13">5865.5733</dst>
      <dst id="19">2890.5333</dst>
      <dst id="23">16.6400</dst>
      <dst id="8">790.5956</dst>
      <dst id="18">1408.7556</dst>
      <dst id="4">11306.5511</dst>
      <dst id="1">1211.1911</dst>
      <dst id="5">7206.1600</dst>
      <dst id="3">3758.0089</dst>
      <dst id="22">1.2711</dst>
      <dst id="7">1133.6178</dst>
      <dst id="2">4989.5644</dst>
      <dst id="6">2498.0711</dst>
      <dst id="14">59.1200</dst>
      <dst id="11">4008.6222</dst>
      <dst id="9">4784.5156</dst>
      <dst id="17">6054.3200</dst>
      <dst id="21">487.4489</dst>
    </src>
    <src id="11">
      <dst id="12">480717.9733</dst>
      <dst id="13">7275.7600</dst>
      <dst id="19">647.1289</dst>
      <dst id="23">48.7911</dst>
      <dst id="8">1275.1556</dst>
      <dst id="18">643.8489</dst>
      <dst id="4">12380.8089</dst>
      <dst id="1">1938.9244</dst>
      <dst id="5">2303.1289</dst>
      <dst id="3">2886.0089</dst>
      <dst id="22">6371.6178</dst>
      <dst id="7">3285.0756</dst>
      <dst id="2">202385.8667</dst>
      <dst id="6">649.1733</dst>
      <dst id="16">510.9156</dst>
      <dst id="14">822.0711</dst>
      <dst id="20">3462.6844</dst>
      <dst id="11">3155.9556</dst>
      <dst id="9">4007.3600</dst>
      <dst id="17">206762.7822</dst>
      <dst id="21">1110.0178</dst>
      <dst id="15">263.0133</dst>
    </src>
    <src id="9">
      <dst id="12">501685.9467</dst>
      <dst id="13">13515.6089</dst>
      <dst id="19">413.7778</dst>
      <dst id="23">47.6889</dst>
      <dst id="8">4591.6711</dst>
      <dst id="18">203.8133</dst>
      <dst id="4">9437.3689</dst>
      <dst id="1">8884.5333</dst>
      <dst id="5">2736.3556</dst>
      <dst id="3">1086.9867</dst>
      <dst id="22">8150.3822</dst>
      <dst id="7">3060.6311</dst>
      <dst id="2">212531.6889</dst>
      <dst id="6">2.0267</dst>
      <dst id="16">1614.9333</dst>
      <dst id="14">56.9422</dst>
      <dst id="20">11605.1733</dst>
      <dst id="11">4497.6356</dst>
      <dst id="9">1353.2889</dst>
      <dst id="17">214075.8133</dst>
      <dst id="21">6391.9556</dst>
      <dst id="15">8107.0933</dst>
    </src>
    <src id="17">
      <dst id="12">17995.1111</dst>
      <dst id="13">11524.7200</dst>
      <dst id="19">12213.0489</dst>
      <dst id="23">1643.4044</dst>
      <dst id="8">251482.0267</dst>
      <dst id="18">899.5644</dst>
      <dst id="4">145391.7867</dst>
      <dst id="1">9280.7467</dst>
      <dst id="5">302140.0800</dst>
      <dst id="3">26727.4578</dst>
      <dst id="22">17666.3289</dst>
      <dst id="7">24103.2000</dst>
      <dst id="2">26057.4756</dst>
      <dst id="6">678.1067</dst>
      <dst id="16">14864.9778</dst>
      <dst id="14">43726.2400</dst>
      <dst id="20">8684.3822</dst>
      <dst id="11">276575.1378</dst>
      <dst id="9">371136.1422</dst>
      <dst id="17">2484.9333</dst>
      <dst id="21">37015.1111</dst>
      <dst id="15">1258.2400</dst>
    </src>
    <src id="21">
      <dst id="12">23186.7911</dst>
      <dst id="13">9141.2089</dst>
      <dst id="19">1646.1244</dst>
      <dst id="23">53.6444</dst>
      <dst id="8">1175.1022</dst>
      <dst id="18">3485.5111</dst>
      <dst id="4">24825.5644</dst>
      <dst id="1">26748.2400</dst>
      <dst id="5">8477.9467</dst>
      <dst id="3">32003.3689</dst>
      <dst id="22">3175.2800</dst>
      <dst id="7">11472.7733</dst>
      <dst id="2">24253.4933</dst>
      <dst id="6">98.2044</dst>
      <dst id="16">3445.1644</dst>
      <dst id="14">431.8222</dst>
      <dst id="20">6411.3689</dst>
      <dst id="11">2757.3511</dst>
      <dst id="9">1447.2356</dst>
      <dst id="17">8590.5156</dst>
      <dst id="21">2587.1111</dst>
      <dst id="15">3917.6800</dst>
    </src>
    <src id="15">
      <dst id="12">5734.2578</dst>
      <dst id="13">1387.4044</dst>
      <dst id="19">81.8844</dst>
      <dst id="23">14.6489</dst>
      <dst id="8">599.7778</dst>
      <dst id="18">358.1867</dst>
      <dst id="4">1703.6444</dst>
      <dst id="1">2800.4178</dst>
      <dst id="5">1993.1556</dst>
      <dst id="3">18.1778</dst>
      <dst id="7">301.8667</dst>
      <dst id="2">277.6800</dst>
      <dst id="11">1973.1733</dst>
      <dst id="9">3565.9378</dst>
      <dst id="17">1012.1956</dst>
      <dst id="21">344.4356</dst>
    </src>
  </IntraTM>
</TrafficMatrixFile>
