<?xml version="1.0" encoding="UTF-8" standalone="yes"?>
<TrafficMatrixFile xmlns:xsi="http://www.w3.org/2001/XMLSchema-instance" xsi:noNamespaceSchemaLocation="http://totem.run.montefiore.ulg.ac.be/Schema/TrafficMatrix-v1_2.xsd">
  <info>
    <title>Intradomain traffic matrix generated by geant-TM-all.pl</title>
    <date>2005-01-01T21:15:00</date>
    <duration>900</duration>
    <author>Steve Uhlig</author>
    <units>
        <unit type="bandwidth" value="kbps"/>
    </units>
  </info>
  <IntraTM ASID="20965">
    <src id="12">
      <dst id="12">381524.1956</dst>
      <dst id="13">30045.8222</dst>
      <dst id="19">5439.4578</dst>
      <dst id="23">3041.4844</dst>
      <dst id="8">4940.0889</dst>
      <dst id="18">1932.3200</dst>
      <dst id="4">82557.8489</dst>
      <dst id="1">7433.3867</dst>
      <dst id="5">9296.1067</dst>
      <dst id="3">14605.6711</dst>
      <dst id="22">42850.1333</dst>
      <dst id="7">6717.9022</dst>
      <dst id="2">111279.8133</dst>
      <dst id="6">8.8089</dst>
      <dst id="16">9502.7733</dst>
      <dst id="14">2595.7422</dst>
      <dst id="20">16749.1911</dst>
      <dst id="11">8108.7378</dst>
      <dst id="9">45189.7956</dst>
      <dst id="17">89931.8044</dst>
      <dst id="21">25882.7467</dst>
      <dst id="15">4065.7244</dst>
    </src>
    <src id="13">
      <dst id="12">75769.0578</dst>
      <dst id="19">7288.4800</dst>
      <dst id="23">245.4844</dst>
      <dst id="8">3682.7378</dst>
      <dst id="18">5317.5289</dst>
      <dst id="4">0.3556</dst>
      <dst id="1">5382.0533</dst>
      <dst id="5">23063.3244</dst>
      <dst id="3">29711.7333</dst>
      <dst id="22">40947.3867</dst>
      <dst id="7">21418.7111</dst>
      <dst id="2">150818.4000</dst>
      <dst id="6">96.3111</dst>
      <dst id="16">8270.4711</dst>
      <dst id="14">4433.9822</dst>
      <dst id="20">22390.5511</dst>
      <dst id="11">23860.5956</dst>
      <dst id="9">22639.8311</dst>
      <dst id="17">56726.2933</dst>
      <dst id="21">29802.4000</dst>
      <dst id="15">8242.2756</dst>
    </src>
    <src id="19">
      <dst id="12">18825.8578</dst>
      <dst id="13">3030.8267</dst>
      <dst id="23">114.8000</dst>
      <dst id="8">122.0444</dst>
      <dst id="18">123.1644</dst>
      <dst id="4">18142.8356</dst>
      <dst id="1">65.0222</dst>
      <dst id="5">34.2933</dst>
      <dst id="3">6407.0044</dst>
      <dst id="22">2451.5289</dst>
      <dst id="7">4163.2089</dst>
      <dst id="2">1579.0667</dst>
      <dst id="6">50.8089</dst>
      <dst id="16">10713.4844</dst>
      <dst id="14">17.0489</dst>
      <dst id="20">95.3600</dst>
      <dst id="11">1928.6044</dst>
      <dst id="9">4580.0178</dst>
      <dst id="17">1325.7422</dst>
      <dst id="21">2373.0400</dst>
      <dst id="15">8.0356</dst>
    </src>
    <src id="23">
      <dst id="12">842.2133</dst>
      <dst id="13">2754.9600</dst>
      <dst id="19">21.8756</dst>
      <dst id="8">118.1156</dst>
      <dst id="18">1.7778</dst>
      <dst id="4">30.6400</dst>
      <dst id="1">42.5244</dst>
      <dst id="5">1.0667</dst>
      <dst id="3">77.6711</dst>
      <dst id="22">2071.2444</dst>
      <dst id="7">116.6133</dst>
      <dst id="2">56.3111</dst>
      <dst id="6">26.1689</dst>
      <dst id="16">40.6844</dst>
      <dst id="14">979.0222</dst>
      <dst id="20">129.7689</dst>
      <dst id="11">271.9289</dst>
      <dst id="9">461.0133</dst>
      <dst id="17">247.5289</dst>
      <dst id="21">3490.1422</dst>
    </src>
    <src id="8">
      <dst id="12">459904.0178</dst>
      <dst id="13">1236.9600</dst>
      <dst id="19">3.8311</dst>
      <dst id="23">878.6222</dst>
      <dst id="18">259.9822</dst>
      <dst id="4">8966.0444</dst>
      <dst id="1">52.9956</dst>
      <dst id="5">15041.8578</dst>
      <dst id="3">7337.1200</dst>
      <dst id="22">2205.1022</dst>
      <dst id="7">163.2444</dst>
      <dst id="2">162775.9644</dst>
      <dst id="6">0.8178</dst>
      <dst id="16">524.1956</dst>
      <dst id="14">13.6089</dst>
      <dst id="20">1471.7511</dst>
      <dst id="11">653.9378</dst>
      <dst id="9">2665.6089</dst>
      <dst id="17">99181.5022</dst>
      <dst id="21">3450.7467</dst>
      <dst id="15">2745.3333</dst>
    </src>
    <src id="18">
      <dst id="12">161939.8400</dst>
      <dst id="13">390.6844</dst>
      <dst id="19">1183.3778</dst>
      <dst id="23">73.7067</dst>
      <dst id="8">719.9467</dst>
      <dst id="4">1676.0533</dst>
      <dst id="1">898.2756</dst>
      <dst id="5">504.1511</dst>
      <dst id="3">297.9467</dst>
      <dst id="22">400.6311</dst>
      <dst id="7">173.7067</dst>
      <dst id="2">49787.8756</dst>
      <dst id="16">14.7644</dst>
      <dst id="14">0.4622</dst>
      <dst id="20">17.1911</dst>
      <dst id="11">563.3689</dst>
      <dst id="9">1411.4933</dst>
      <dst id="17">34647.8578</dst>
      <dst id="21">1613.6889</dst>
      <dst id="15">156.2756</dst>
    </src>
    <src id="4">
      <dst id="12">19162.1778</dst>
      <dst id="19">10952.4533</dst>
      <dst id="8">2617.0044</dst>
      <dst id="18">1474.1867</dst>
      <dst id="4">1.2267</dst>
      <dst id="1">12563.5911</dst>
      <dst id="5">3100.1067</dst>
      <dst id="3">68626.4444</dst>
      <dst id="22">7495.8311</dst>
      <dst id="7">52111.8311</dst>
      <dst id="2">79790.7111</dst>
      <dst id="6">2.2044</dst>
      <dst id="16">2582.7200</dst>
      <dst id="14">4396.3644</dst>
      <dst id="20">3400.5511</dst>
      <dst id="11">8843.6089</dst>
      <dst id="9">9657.1822</dst>
      <dst id="17">25838.0533</dst>
      <dst id="21">14980.6756</dst>
      <dst id="15">1261.2889</dst>
    </src>
    <src id="1">
      <dst id="12">19231.3778</dst>
      <dst id="13">686.2489</dst>
      <dst id="19">47.4311</dst>
      <dst id="23">130.1067</dst>
      <dst id="8">241277.7156</dst>
      <dst id="18">14150.8089</dst>
      <dst id="4">6051.0844</dst>
      <dst id="1">41.1111</dst>
      <dst id="5">302014.7911</dst>
      <dst id="3">28418.6311</dst>
      <dst id="22">16413.3422</dst>
      <dst id="7">1947.0222</dst>
      <dst id="2">12582.2667</dst>
      <dst id="6">8280.3111</dst>
      <dst id="16">16188.0178</dst>
      <dst id="14">459.9022</dst>
      <dst id="20">570.1511</dst>
      <dst id="11">3093.1378</dst>
      <dst id="9">436149.4133</dst>
      <dst id="17">2940.9867</dst>
      <dst id="21">25600.4444</dst>
      <dst id="15">295.0222</dst>
    </src>
    <src id="5">
      <dst id="12">386383.5733</dst>
      <dst id="13">3017.0667</dst>
      <dst id="19">133.0044</dst>
      <dst id="23">69.3867</dst>
      <dst id="8">11662.6489</dst>
      <dst id="18">994.1778</dst>
      <dst id="4">7675.7156</dst>
      <dst id="1">61.0400</dst>
      <dst id="3">1136.4178</dst>
      <dst id="22">6266.4800</dst>
      <dst id="7">458.6044</dst>
      <dst id="2">166075.4222</dst>
      <dst id="6">1.1644</dst>
      <dst id="16">1560.4356</dst>
      <dst id="14">2.4533</dst>
      <dst id="20">2140.0533</dst>
      <dst id="11">4002.9156</dst>
      <dst id="9">3187.5733</dst>
      <dst id="17">92932.3911</dst>
      <dst id="21">895.2267</dst>
      <dst id="15">1342.9778</dst>
    </src>
    <src id="3">
      <dst id="12">15906.2222</dst>
      <dst id="13">527.7333</dst>
      <dst id="19">2734.6133</dst>
      <dst id="23">19.9289</dst>
      <dst id="8">486.0978</dst>
      <dst id="18">197574.7733</dst>
      <dst id="4">28992.8711</dst>
      <dst id="1">5222.9689</dst>
      <dst id="5">2328.0978</dst>
      <dst id="3">30341.6444</dst>
      <dst id="22">3404.5689</dst>
      <dst id="7">1613.1289</dst>
      <dst id="2">5706.6400</dst>
      <dst id="6">27.2889</dst>
      <dst id="16">2637.5200</dst>
      <dst id="14">64586.0711</dst>
      <dst id="20">3985.5911</dst>
      <dst id="11">300929.1022</dst>
      <dst id="9">1815.9644</dst>
      <dst id="17">19353.8311</dst>
      <dst id="21">12199.6178</dst>
      <dst id="15">351.0933</dst>
    </src>
    <src id="10">
      <dst id="12">17689.3778</dst>
      <dst id="19">1846.8356</dst>
      <dst id="8">2084.3644</dst>
      <dst id="18">4237.7867</dst>
      <dst id="1">2758.2489</dst>
      <dst id="5">2207.3333</dst>
      <dst id="3">24618.9956</dst>
      <dst id="22">11369.3156</dst>
      <dst id="7">5444.6222</dst>
      <dst id="2">50189.3067</dst>
      <dst id="6">40.0000</dst>
      <dst id="16">2201.3600</dst>
      <dst id="14">5129.3244</dst>
      <dst id="20">1941.6800</dst>
      <dst id="11">6857.4044</dst>
      <dst id="9">4041.3778</dst>
      <dst id="17">18336.9067</dst>
      <dst id="21">15525.6178</dst>
      <dst id="15">3866.0978</dst>
    </src>
    <src id="22">
      <dst id="12">13894.8444</dst>
      <dst id="13">20181.4044</dst>
      <dst id="19">263.2444</dst>
      <dst id="23">134.6489</dst>
      <dst id="8">8599.8133</dst>
      <dst id="18">768.9600</dst>
      <dst id="4">16630.8533</dst>
      <dst id="1">547.1022</dst>
      <dst id="5">10390.9511</dst>
      <dst id="3">1721.5467</dst>
      <dst id="7">1727.0400</dst>
      <dst id="2">2777.6622</dst>
      <dst id="6">3.2089</dst>
      <dst id="16">5.9200</dst>
      <dst id="14">5.6267</dst>
      <dst id="11">6674.7911</dst>
      <dst id="9">5784.3289</dst>
      <dst id="17">3450.1600</dst>
      <dst id="21">3667.1467</dst>
    </src>
    <src id="7">
      <dst id="12">8203.3956</dst>
      <dst id="13">747.0489</dst>
      <dst id="19">906.0889</dst>
      <dst id="23">421.9111</dst>
      <dst id="8">447.3156</dst>
      <dst id="18">3343.7689</dst>
      <dst id="4">29616.8000</dst>
      <dst id="1">2729.4667</dst>
      <dst id="5">1767.7689</dst>
      <dst id="3">7303.9733</dst>
      <dst id="22">9884.3022</dst>
      <dst id="7">783.2533</dst>
      <dst id="2">9277.3156</dst>
      <dst id="6">2.7378</dst>
      <dst id="16">2286.8533</dst>
      <dst id="14">225.2800</dst>
      <dst id="20">619.4400</dst>
      <dst id="11">2598.0978</dst>
      <dst id="9">1240.7200</dst>
      <dst id="17">9606.2756</dst>
      <dst id="21">8231.8400</dst>
      <dst id="15">14656.3378</dst>
    </src>
    <src id="2">
      <dst id="12">179511.2889</dst>
      <dst id="13">11896.1511</dst>
      <dst id="19">1219.5644</dst>
      <dst id="23">13.3333</dst>
      <dst id="8">1431.2356</dst>
      <dst id="18">157734.9067</dst>
      <dst id="4">87111.6089</dst>
      <dst id="1">1569.0667</dst>
      <dst id="5">1494.8000</dst>
      <dst id="3">4617.1467</dst>
      <dst id="22">4655.7956</dst>
      <dst id="7">6586.3911</dst>
      <dst id="2">1178.4356</dst>
      <dst id="6">9314.1156</dst>
      <dst id="16">2126.8444</dst>
      <dst id="14">534.7378</dst>
      <dst id="20">1911.2444</dst>
      <dst id="11">7374.7467</dst>
      <dst id="9">3971.0933</dst>
      <dst id="17">38514.2222</dst>
      <dst id="21">19576.1600</dst>
      <dst id="15">1000.3911</dst>
    </src>
    <src id="6">
      <dst id="12">10236.2133</dst>
      <dst id="13">1.9644</dst>
      <dst id="19">2.5511</dst>
      <dst id="23">23.6444</dst>
      <dst id="8">16.8178</dst>
      <dst id="18">12.3911</dst>
      <dst id="4">104.4889</dst>
      <dst id="5">0.4267</dst>
      <dst id="3">276.5689</dst>
      <dst id="22">53.8133</dst>
      <dst id="7">1.7244</dst>
      <dst id="2">2329.5022</dst>
      <dst id="16">40.0000</dst>
      <dst id="20">1.6000</dst>
      <dst id="11">60.1867</dst>
      <dst id="9">58.1956</dst>
      <dst id="17">1074.8089</dst>
      <dst id="21">97.5289</dst>
      <dst id="15">0.3378</dst>
    </src>
    <src id="16">
      <dst id="12">4477.5644</dst>
      <dst id="13">984.9422</dst>
      <dst id="19">5705.6889</dst>
      <dst id="23">21.0844</dst>
      <dst id="8">11216.2844</dst>
      <dst id="18">32.2667</dst>
      <dst id="4">3519.6178</dst>
      <dst id="1">18695.2356</dst>
      <dst id="5">8205.4133</dst>
      <dst id="3">2580.5244</dst>
      <dst id="7">1671.9200</dst>
      <dst id="2">1268.3289</dst>
      <dst id="6">1.3156</dst>
      <dst id="16">35.7333</dst>
      <dst id="14">213.4844</dst>
      <dst id="11">594.0800</dst>
      <dst id="9">15279.8933</dst>
      <dst id="17">2812.5422</dst>
      <dst id="21">2666.2578</dst>
    </src>
    <src id="14">
      <dst id="12">25914.8622</dst>
      <dst id="13">274.4444</dst>
      <dst id="19">10.7378</dst>
      <dst id="23">15.9911</dst>
      <dst id="8">5.4133</dst>
      <dst id="18">27.8400</dst>
      <dst id="4">2242.5156</dst>
      <dst id="1">106.1422</dst>
      <dst id="5">1.0667</dst>
      <dst id="3">329.2622</dst>
      <dst id="22">4.2044</dst>
      <dst id="7">90.7111</dst>
      <dst id="2">9274.1067</dst>
      <dst id="16">8.3200</dst>
      <dst id="14">114.6400</dst>
      <dst id="20">1.5022</dst>
      <dst id="11">331.4489</dst>
      <dst id="9">7.4311</dst>
      <dst id="17">5019.0489</dst>
      <dst id="21">423.2000</dst>
      <dst id="15">13.3333</dst>
    </src>
    <src id="20">
      <dst id="12">11925.9289</dst>
      <dst id="13">4250.8622</dst>
      <dst id="19">20.2578</dst>
      <dst id="23">228.6311</dst>
      <dst id="8">1019.4756</dst>
      <dst id="18">61.3956</dst>
      <dst id="4">6965.0667</dst>
      <dst id="1">189.5644</dst>
      <dst id="5">5514.1867</dst>
      <dst id="3">4433.1378</dst>
      <dst id="22">0.8444</dst>
      <dst id="7">229.6000</dst>
      <dst id="2">13994.4533</dst>
      <dst id="6">1.3067</dst>
      <dst id="14">14.3556</dst>
      <dst id="11">716.0444</dst>
      <dst id="9">4851.0756</dst>
      <dst id="17">16020.2044</dst>
      <dst id="21">2535.5822</dst>
    </src>
    <src id="11">
      <dst id="12">480088.0356</dst>
      <dst id="13">3819.2089</dst>
      <dst id="19">276.6400</dst>
      <dst id="23">48.2844</dst>
      <dst id="8">973.1111</dst>
      <dst id="18">743.7600</dst>
      <dst id="4">12653.0756</dst>
      <dst id="1">655.5733</dst>
      <dst id="5">2318.9511</dst>
      <dst id="3">2199.6800</dst>
      <dst id="22">4829.2622</dst>
      <dst id="7">438.4444</dst>
      <dst id="2">183793.6711</dst>
      <dst id="6">8.2044</dst>
      <dst id="16">191.8489</dst>
      <dst id="14">1393.5111</dst>
      <dst id="20">1718.5244</dst>
      <dst id="11">2191.7244</dst>
      <dst id="9">5868.0178</dst>
      <dst id="17">106120.9422</dst>
      <dst id="21">4845.1733</dst>
      <dst id="15">568.0000</dst>
    </src>
    <src id="9">
      <dst id="12">616266.2222</dst>
      <dst id="13">6525.1200</dst>
      <dst id="19">118.9867</dst>
      <dst id="23">27.5467</dst>
      <dst id="8">1228.4178</dst>
      <dst id="18">125.9911</dst>
      <dst id="4">10558.2311</dst>
      <dst id="1">290.4889</dst>
      <dst id="5">2889.3956</dst>
      <dst id="3">7257.0311</dst>
      <dst id="22">3822.9689</dst>
      <dst id="7">1064.4711</dst>
      <dst id="2">205758.3289</dst>
      <dst id="6">6.6400</dst>
      <dst id="16">822.0089</dst>
      <dst id="14">2.7200</dst>
      <dst id="20">5750.0267</dst>
      <dst id="11">6907.9111</dst>
      <dst id="9">3252.3467</dst>
      <dst id="17">156894.2933</dst>
      <dst id="21">5622.5956</dst>
      <dst id="15">12648.6756</dst>
    </src>
    <src id="17">
      <dst id="12">16782.2311</dst>
      <dst id="13">21751.3511</dst>
      <dst id="19">2509.7956</dst>
      <dst id="23">1200.5422</dst>
      <dst id="8">244329.7600</dst>
      <dst id="18">1119.1911</dst>
      <dst id="4">36300.1867</dst>
      <dst id="1">3604.5778</dst>
      <dst id="5">293791.1822</dst>
      <dst id="3">24566.6667</dst>
      <dst id="22">13553.2978</dst>
      <dst id="7">12836.4533</dst>
      <dst id="2">14471.2178</dst>
      <dst id="6">45.7156</dst>
      <dst id="16">3266.8978</dst>
      <dst id="14">47131.4044</dst>
      <dst id="20">39326.8622</dst>
      <dst id="11">235559.0756</dst>
      <dst id="9">394371.2000</dst>
      <dst id="17">1039.9644</dst>
      <dst id="21">16111.3156</dst>
      <dst id="15">2461.7156</dst>
    </src>
    <src id="21">
      <dst id="12">20616.9333</dst>
      <dst id="13">825.9289</dst>
      <dst id="19">1358.7822</dst>
      <dst id="23">199.5644</dst>
      <dst id="8">1012.1067</dst>
      <dst id="18">4941.0844</dst>
      <dst id="4">32977.8133</dst>
      <dst id="1">2327.9378</dst>
      <dst id="5">1007.6089</dst>
      <dst id="3">3818.6667</dst>
      <dst id="22">2328.8089</dst>
      <dst id="7">16086.3733</dst>
      <dst id="2">8914.8178</dst>
      <dst id="6">56.6667</dst>
      <dst id="16">360.2844</dst>
      <dst id="14">102.9689</dst>
      <dst id="20">695.9200</dst>
      <dst id="11">1111.3422</dst>
      <dst id="9">1052.2133</dst>
      <dst id="17">7133.9467</dst>
      <dst id="21">2882.0711</dst>
      <dst id="15">391.7333</dst>
    </src>
    <src id="15">
      <dst id="12">828.3200</dst>
      <dst id="13">2256.8000</dst>
      <dst id="19">385.9200</dst>
      <dst id="23">26.6667</dst>
      <dst id="8">17283.8933</dst>
      <dst id="18">161.8400</dst>
      <dst id="4">2586.5333</dst>
      <dst id="1">2526.2756</dst>
      <dst id="5">5063.9733</dst>
      <dst id="3">585.2711</dst>
      <dst id="7">1939.2978</dst>
      <dst id="2">900.5422</dst>
      <dst id="11">1952.0356</dst>
      <dst id="9">10082.7200</dst>
      <dst id="17">1403.8222</dst>
      <dst id="21">257.3333</dst>
    </src>
  </IntraTM>
</TrafficMatrixFile>
