<?xml version="1.0" encoding="UTF-8" standalone="yes"?>
<TrafficMatrixFile xmlns:xsi="http://www.w3.org/2001/XMLSchema-instance" xsi:noNamespaceSchemaLocation="http://totem.run.montefiore.ulg.ac.be/Schema/TrafficMatrix-v1_2.xsd">
  <info>
    <title>Intradomain traffic matrix generated by geant-TM-all.pl</title>
    <date>2005-01-04T13:30:00</date>
    <duration>900</duration>
    <author>Steve Uhlig</author>
    <units>
        <unit type="bandwidth" value="kbps"/>
    </units>
  </info>
  <IntraTM ASID="20965">
    <src id="12">
      <dst id="12">176709.7867</dst>
      <dst id="13">12218.3911</dst>
      <dst id="19">2604.9422</dst>
      <dst id="23">52.9333</dst>
      <dst id="8">880.8000</dst>
      <dst id="18">403.6000</dst>
      <dst id="4">64807.8667</dst>
      <dst id="1">7905.8578</dst>
      <dst id="5">1209.1022</dst>
      <dst id="3">2957.0667</dst>
      <dst id="22">4503.6356</dst>
      <dst id="7">4330.1244</dst>
      <dst id="2">60440.9156</dst>
      <dst id="6">17.1644</dst>
      <dst id="16">5118.8622</dst>
      <dst id="14">174.9511</dst>
      <dst id="20">3485.6267</dst>
      <dst id="11">5401.9911</dst>
      <dst id="9">5851.9911</dst>
      <dst id="17">52716.9600</dst>
      <dst id="21">4886.8356</dst>
      <dst id="15">2665.5022</dst>
    </src>
    <src id="13">
      <dst id="12">34915.6356</dst>
      <dst id="19">12154.8000</dst>
      <dst id="23">24.1511</dst>
      <dst id="8">1060.0267</dst>
      <dst id="18">2420.3289</dst>
      <dst id="4">0.3556</dst>
      <dst id="1">1533.7156</dst>
      <dst id="5">3900.0267</dst>
      <dst id="3">4108.3289</dst>
      <dst id="22">12690.0622</dst>
      <dst id="7">4630.0533</dst>
      <dst id="2">79655.7956</dst>
      <dst id="6">84.1333</dst>
      <dst id="16">10785.2267</dst>
      <dst id="14">5133.6533</dst>
      <dst id="20">2400.3733</dst>
      <dst id="11">5465.9822</dst>
      <dst id="9">10698.0711</dst>
      <dst id="17">35923.9111</dst>
      <dst id="21">9982.6756</dst>
      <dst id="15">458.9600</dst>
    </src>
    <src id="19">
      <dst id="12">11655.1822</dst>
      <dst id="13">131.2711</dst>
      <dst id="18">89.8489</dst>
      <dst id="4">21194.9156</dst>
      <dst id="1">384.4178</dst>
      <dst id="5">28.3378</dst>
      <dst id="22">102.4356</dst>
      <dst id="7">3756.9867</dst>
      <dst id="2">8.8089</dst>
      <dst id="6">28.3289</dst>
      <dst id="16">11138.6222</dst>
      <dst id="14">1.5289</dst>
      <dst id="11">7.3867</dst>
      <dst id="9">5589.8311</dst>
      <dst id="17">149.8044</dst>
      <dst id="21">118.5778</dst>
    </src>
    <src id="23">
      <dst id="12">341.3156</dst>
      <dst id="13">2.1511</dst>
      <dst id="19">15.5200</dst>
      <dst id="8">0.4978</dst>
      <dst id="18">14.0444</dst>
      <dst id="4">45.0489</dst>
      <dst id="1">41.7422</dst>
      <dst id="5">37.8667</dst>
      <dst id="3">258.5689</dst>
      <dst id="22">482.4178</dst>
      <dst id="7">17.3956</dst>
      <dst id="2">14.3467</dst>
      <dst id="16">0.9244</dst>
      <dst id="11">14.1867</dst>
      <dst id="9">413.3778</dst>
      <dst id="17">87.5022</dst>
      <dst id="21">124.1867</dst>
      <dst id="15">0.3556</dst>
    </src>
    <src id="8">
      <dst id="12">274315.7244</dst>
      <dst id="13">558.1244</dst>
      <dst id="18">22.4533</dst>
      <dst id="4">4475.0133</dst>
      <dst id="1">1198.6400</dst>
      <dst id="5">463.6978</dst>
      <dst id="3">12.6222</dst>
      <dst id="22">727.9111</dst>
      <dst id="7">1115.4933</dst>
      <dst id="2">79582.0444</dst>
      <dst id="16">65.1733</dst>
      <dst id="14">0.4622</dst>
      <dst id="20">19.7244</dst>
      <dst id="11">33.6000</dst>
      <dst id="9">488.9867</dst>
      <dst id="17">88194.2756</dst>
      <dst id="21">355.1200</dst>
      <dst id="15">22.0444</dst>
    </src>
    <src id="18">
      <dst id="12">89201.1644</dst>
      <dst id="13">77.3244</dst>
      <dst id="19">13.4044</dst>
      <dst id="23">0.5333</dst>
      <dst id="8">1.8844</dst>
      <dst id="4">1737.1200</dst>
      <dst id="1">1251.3244</dst>
      <dst id="5">174.7111</dst>
      <dst id="3">15.0489</dst>
      <dst id="22">59.9111</dst>
      <dst id="7">69.3067</dst>
      <dst id="2">23951.2178</dst>
      <dst id="16">13.3511</dst>
      <dst id="20">1.8489</dst>
      <dst id="11">57.2711</dst>
      <dst id="9">552.7733</dst>
      <dst id="17">33495.3689</dst>
      <dst id="21">47.0844</dst>
      <dst id="15">0.3200</dst>
    </src>
    <src id="4">
      <dst id="12">7435.5556</dst>
      <dst id="19">15444.0267</dst>
      <dst id="8">2730.1511</dst>
      <dst id="18">1708.2844</dst>
      <dst id="4">1.0400</dst>
      <dst id="1">45607.0133</dst>
      <dst id="5">1062.9422</dst>
      <dst id="3">309.0311</dst>
      <dst id="22">1333.3778</dst>
      <dst id="7">126775.0489</dst>
      <dst id="2">70687.9911</dst>
      <dst id="6">126.6489</dst>
      <dst id="16">789.6089</dst>
      <dst id="14">635.6356</dst>
      <dst id="20">156.0000</dst>
      <dst id="11">2561.0933</dst>
      <dst id="9">2141.5822</dst>
      <dst id="17">16289.5911</dst>
      <dst id="21">2178.1956</dst>
      <dst id="15">185.5111</dst>
    </src>
    <src id="1">
      <dst id="12">13571.6178</dst>
      <dst id="13">287.8844</dst>
      <dst id="19">187.6178</dst>
      <dst id="23">38.5867</dst>
      <dst id="8">50548.3378</dst>
      <dst id="18">12885.5733</dst>
      <dst id="4">14600.7733</dst>
      <dst id="1">57313.8667</dst>
      <dst id="5">112096.5511</dst>
      <dst id="3">75.6089</dst>
      <dst id="22">729.1378</dst>
      <dst id="7">1027.8933</dst>
      <dst id="2">1045.8400</dst>
      <dst id="6">4916.8000</dst>
      <dst id="16">16763.2089</dst>
      <dst id="14">15.9644</dst>
      <dst id="20">70.6578</dst>
      <dst id="11">237.3778</dst>
      <dst id="9">110813.0489</dst>
      <dst id="17">2009.4489</dst>
      <dst id="21">2118.0622</dst>
      <dst id="15">108.1956</dst>
    </src>
    <src id="5">
      <dst id="12">219957.3511</dst>
      <dst id="13">1029.4844</dst>
      <dst id="19">4.4356</dst>
      <dst id="23">0.8356</dst>
      <dst id="8">126.1244</dst>
      <dst id="18">563.5289</dst>
      <dst id="4">6438.4267</dst>
      <dst id="1">262.7022</dst>
      <dst id="3">64.5333</dst>
      <dst id="22">3693.8489</dst>
      <dst id="7">143.3156</dst>
      <dst id="2">77920.3467</dst>
      <dst id="6">38.4000</dst>
      <dst id="16">261.7422</dst>
      <dst id="14">13.2178</dst>
      <dst id="20">431.2622</dst>
      <dst id="11">1635.9822</dst>
      <dst id="9">1009.8400</dst>
      <dst id="17">84723.9822</dst>
      <dst id="21">414.1689</dst>
      <dst id="15">153.4933</dst>
    </src>
    <src id="3">
      <dst id="12">12700.6844</dst>
      <dst id="13">470.2311</dst>
      <dst id="19">386.4889</dst>
      <dst id="23">8216.4889</dst>
      <dst id="8">20.8711</dst>
      <dst id="18">48210.4800</dst>
      <dst id="4">55758.9689</dst>
      <dst id="1">3894.5244</dst>
      <dst id="5">143.6444</dst>
      <dst id="3">6008.8089</dst>
      <dst id="22">977.2000</dst>
      <dst id="7">1287.4222</dst>
      <dst id="2">5870.7733</dst>
      <dst id="6">4.1956</dst>
      <dst id="16">440.5333</dst>
      <dst id="14">19598.8800</dst>
      <dst id="20">5.0667</dst>
      <dst id="11">81426.8711</dst>
      <dst id="9">314.5778</dst>
      <dst id="17">12665.0756</dst>
      <dst id="21">3925.3422</dst>
      <dst id="15">55.2711</dst>
    </src>
    <src id="10">
      <dst id="12">9157.3689</dst>
      <dst id="19">7495.7244</dst>
      <dst id="8">248.9600</dst>
      <dst id="18">3885.2267</dst>
      <dst id="1">2776.1600</dst>
      <dst id="5">326.0622</dst>
      <dst id="3">2117.4667</dst>
      <dst id="22">7146.8267</dst>
      <dst id="7">62525.1200</dst>
      <dst id="2">15747.6089</dst>
      <dst id="6">0.8000</dst>
      <dst id="16">266.3378</dst>
      <dst id="14">913.3867</dst>
      <dst id="20">5202.2933</dst>
      <dst id="11">4477.2000</dst>
      <dst id="9">4234.5333</dst>
      <dst id="17">23462.7556</dst>
      <dst id="21">17155.3956</dst>
      <dst id="15">39.2356</dst>
    </src>
    <src id="22">
      <dst id="12">1946.4978</dst>
      <dst id="13">1374.0978</dst>
      <dst id="19">176.6044</dst>
      <dst id="23">12.6933</dst>
      <dst id="8">445.8667</dst>
      <dst id="18">202.1333</dst>
      <dst id="4">14609.4311</dst>
      <dst id="1">77.4667</dst>
      <dst id="5">4189.2089</dst>
      <dst id="3">325.6711</dst>
      <dst id="7">261.6800</dst>
      <dst id="2">3379.5733</dst>
      <dst id="6">0.5511</dst>
      <dst id="14">16.5511</dst>
      <dst id="11">1104.4356</dst>
      <dst id="9">3107.1644</dst>
      <dst id="17">1481.3956</dst>
      <dst id="21">428.9956</dst>
    </src>
    <src id="7">
      <dst id="12">2436.6400</dst>
      <dst id="13">415.3867</dst>
      <dst id="19">52.2844</dst>
      <dst id="23">30.8178</dst>
      <dst id="8">104.2933</dst>
      <dst id="18">107.6533</dst>
      <dst id="4">14493.6178</dst>
      <dst id="1">2438.2222</dst>
      <dst id="5">859.8933</dst>
      <dst id="3">337.8578</dst>
      <dst id="22">3987.6533</dst>
      <dst id="7">730.9156</dst>
      <dst id="2">7439.6000</dst>
      <dst id="6">0.5156</dst>
      <dst id="16">858.6311</dst>
      <dst id="14">57.8222</dst>
      <dst id="20">489.6533</dst>
      <dst id="11">448.1244</dst>
      <dst id="9">591.1822</dst>
      <dst id="17">2843.1822</dst>
      <dst id="21">1007.6444</dst>
      <dst id="15">117.5111</dst>
    </src>
    <src id="2">
      <dst id="12">49311.5111</dst>
      <dst id="13">511582.3733</dst>
      <dst id="19">8.6044</dst>
      <dst id="23">0.4622</dst>
      <dst id="8">16.3822</dst>
      <dst id="18">40463.3333</dst>
      <dst id="4">94503.9911</dst>
      <dst id="1">1309.0400</dst>
      <dst id="5">2977.4311</dst>
      <dst id="3">6.6311</dst>
      <dst id="22">1144.9689</dst>
      <dst id="7">1861.6000</dst>
      <dst id="2">436.0178</dst>
      <dst id="6">6057.6978</dst>
      <dst id="16">4512.3467</dst>
      <dst id="14">5248.5244</dst>
      <dst id="20">135.3956</dst>
      <dst id="11">1895.4489</dst>
      <dst id="9">479.7867</dst>
      <dst id="17">50152.2400</dst>
      <dst id="21">6014.3644</dst>
      <dst id="15">14.7289</dst>
    </src>
    <src id="6">
      <dst id="12">7913.6978</dst>
      <dst id="13">2.5422</dst>
      <dst id="19">1.1644</dst>
      <dst id="8">0.5511</dst>
      <dst id="4">1324.0978</dst>
      <dst id="1">0.4533</dst>
      <dst id="5">3.8667</dst>
      <dst id="22">1.5822</dst>
      <dst id="7">0.3556</dst>
      <dst id="2">2134.0533</dst>
      <dst id="16">1.9378</dst>
      <dst id="17">996.4089</dst>
    </src>
    <src id="16">
      <dst id="12">2615.5111</dst>
      <dst id="13">206.3733</dst>
      <dst id="19">6262.6133</dst>
      <dst id="23">2.0978</dst>
      <dst id="8">728.0978</dst>
      <dst id="18">3.1467</dst>
      <dst id="4">6230.1778</dst>
      <dst id="1">23203.6444</dst>
      <dst id="5">447.6533</dst>
      <dst id="3">0.3556</dst>
      <dst id="7">829.1022</dst>
      <dst id="2">453.0756</dst>
      <dst id="6">0.7111</dst>
      <dst id="16">19.2444</dst>
      <dst id="11">146.1778</dst>
      <dst id="9">690.3733</dst>
      <dst id="17">1153.9022</dst>
      <dst id="21">1764.6133</dst>
    </src>
    <src id="14">
      <dst id="12">17449.7067</dst>
      <dst id="13">13.3333</dst>
      <dst id="19">14.6844</dst>
      <dst id="18">0.6578</dst>
      <dst id="4">1686.8889</dst>
      <dst id="1">40.6311</dst>
      <dst id="5">85.8311</dst>
      <dst id="3">47.1467</dst>
      <dst id="22">0.8889</dst>
      <dst id="7">51.4222</dst>
      <dst id="2">4779.4756</dst>
      <dst id="11">27.3867</dst>
      <dst id="9">17.2622</dst>
      <dst id="17">5559.9733</dst>
      <dst id="21">183.2978</dst>
    </src>
    <src id="20">
      <dst id="12">5769.1467</dst>
      <dst id="13">548.6667</dst>
      <dst id="19">1.6889</dst>
      <dst id="8">160.7289</dst>
      <dst id="18">1.1022</dst>
      <dst id="4">6897.3511</dst>
      <dst id="1">68.2667</dst>
      <dst id="5">804.0533</dst>
      <dst id="3">2.2933</dst>
      <dst id="7">16162.6133</dst>
      <dst id="2">1466.9333</dst>
      <dst id="11">144.8622</dst>
      <dst id="9">1838.2756</dst>
      <dst id="17">392.1778</dst>
      <dst id="21">466.3822</dst>
    </src>
    <src id="11">
      <dst id="12">355394.8978</dst>
      <dst id="13">2396.8089</dst>
      <dst id="19">20.6311</dst>
      <dst id="23">1.8756</dst>
      <dst id="8">180.2667</dst>
      <dst id="18">210.5600</dst>
      <dst id="4">12585.9911</dst>
      <dst id="1">607.3067</dst>
      <dst id="5">698.4356</dst>
      <dst id="3">239.9200</dst>
      <dst id="22">1144.5067</dst>
      <dst id="7">279.8044</dst>
      <dst id="2">121095.2356</dst>
      <dst id="16">178.6044</dst>
      <dst id="14">68.6578</dst>
      <dst id="20">249.5022</dst>
      <dst id="11">1319.4756</dst>
      <dst id="9">958.6044</dst>
      <dst id="17">130267.5733</dst>
      <dst id="21">437.9111</dst>
      <dst id="15">52.1867</dst>
    </src>
    <src id="9">
      <dst id="12">381339.4044</dst>
      <dst id="13">850.8444</dst>
      <dst id="19">244.0889</dst>
      <dst id="23">16.8711</dst>
      <dst id="8">190.5333</dst>
      <dst id="18">61.5111</dst>
      <dst id="4">12449.0578</dst>
      <dst id="1">1068.8356</dst>
      <dst id="5">9942.0089</dst>
      <dst id="3">45.4844</dst>
      <dst id="22">1801.9467</dst>
      <dst id="7">52.0622</dst>
      <dst id="2">116850.3022</dst>
      <dst id="16">101.7689</dst>
      <dst id="14">1.0044</dst>
      <dst id="20">4304.4800</dst>
      <dst id="11">1375.6000</dst>
      <dst id="9">5943.8667</dst>
      <dst id="17">133378.3022</dst>
      <dst id="21">33.5289</dst>
      <dst id="15">116.2756</dst>
    </src>
    <src id="17">
      <dst id="12">5683.8667</dst>
      <dst id="13">20111.3333</dst>
      <dst id="19">75.2711</dst>
      <dst id="23">11.1556</dst>
      <dst id="8">72491.5556</dst>
      <dst id="18">85.4756</dst>
      <dst id="4">37544.1244</dst>
      <dst id="1">421.7422</dst>
      <dst id="5">108194.8000</dst>
      <dst id="3">2018.7644</dst>
      <dst id="22">4305.3422</dst>
      <dst id="7">6150.1689</dst>
      <dst id="2">5517.9911</dst>
      <dst id="6">2.6044</dst>
      <dst id="16">2553.0578</dst>
      <dst id="14">9271.1556</dst>
      <dst id="20">1460.4800</dst>
      <dst id="11">65432.8800</dst>
      <dst id="9">98950.6222</dst>
      <dst id="17">1025.3067</dst>
      <dst id="21">4155.6978</dst>
      <dst id="15">7.0489</dst>
    </src>
    <src id="21">
      <dst id="12">14090.8267</dst>
      <dst id="13">103.8844</dst>
      <dst id="19">30.1244</dst>
      <dst id="23">6.8889</dst>
      <dst id="8">50.2933</dst>
      <dst id="18">350.2933</dst>
      <dst id="4">8166.0356</dst>
      <dst id="1">2875.8044</dst>
      <dst id="5">240.2400</dst>
      <dst id="3">690.1156</dst>
      <dst id="22">379.2356</dst>
      <dst id="7">1555.8311</dst>
      <dst id="2">6573.9467</dst>
      <dst id="16">130.0622</dst>
      <dst id="14">185.4133</dst>
      <dst id="20">36.7200</dst>
      <dst id="11">2577.6622</dst>
      <dst id="9">123.0400</dst>
      <dst id="17">2953.5111</dst>
      <dst id="21">574.2933</dst>
      <dst id="15">15.2000</dst>
    </src>
    <src id="15">
      <dst id="12">1697.6444</dst>
      <dst id="13">128.8267</dst>
      <dst id="23">1.5644</dst>
      <dst id="8">0.3111</dst>
      <dst id="18">3.6533</dst>
      <dst id="4">1905.7244</dst>
      <dst id="1">694.3022</dst>
      <dst id="5">98.8444</dst>
      <dst id="3">13.2089</dst>
      <dst id="7">13.6889</dst>
      <dst id="2">79.5644</dst>
      <dst id="11">210.7378</dst>
      <dst id="9">70.3733</dst>
      <dst id="17">157.1378</dst>
      <dst id="21">51.8044</dst>
    </src>
  </IntraTM>
</TrafficMatrixFile>
