<?xml version="1.0" encoding="UTF-8" standalone="yes"?>
<TrafficMatrixFile xmlns:xsi="http://www.w3.org/2001/XMLSchema-instance" xsi:noNamespaceSchemaLocation="http://totem.run.montefiore.ulg.ac.be/Schema/TrafficMatrix-v1_2.xsd">
  <info>
    <title>Intradomain traffic matrix generated by geant-TM-all.pl</title>
    <date>2005-01-02T11:45:00</date>
    <duration>900</duration>
    <author>Steve Uhlig</author>
    <units>
        <unit type="bandwidth" value="kbps"/>
    </units>
  </info>
  <IntraTM ASID="20965">
    <src id="12">
      <dst id="12">169423.2889</dst>
      <dst id="13">10376.3111</dst>
      <dst id="19">907.0756</dst>
      <dst id="23">2392.2933</dst>
      <dst id="8">1239.0311</dst>
      <dst id="18">482.8000</dst>
      <dst id="4">82516.0622</dst>
      <dst id="1">7148.3556</dst>
      <dst id="5">2272.2844</dst>
      <dst id="3">4932.3378</dst>
      <dst id="22">6705.0133</dst>
      <dst id="7">2776.5689</dst>
      <dst id="2">58107.5467</dst>
      <dst id="6">118.0533</dst>
      <dst id="16">3292.9689</dst>
      <dst id="14">285.8044</dst>
      <dst id="20">2849.4133</dst>
      <dst id="11">3455.3511</dst>
      <dst id="9">2442.6489</dst>
      <dst id="17">47326.9956</dst>
      <dst id="21">10554.7733</dst>
      <dst id="15">156.6044</dst>
    </src>
    <src id="13">
      <dst id="12">35563.7244</dst>
      <dst id="19">31286.1511</dst>
      <dst id="23">49.6800</dst>
      <dst id="8">1151.8489</dst>
      <dst id="18">4197.9467</dst>
      <dst id="1">4176.8533</dst>
      <dst id="5">4138.1778</dst>
      <dst id="3">4759.2533</dst>
      <dst id="22">24928.8267</dst>
      <dst id="7">6355.1467</dst>
      <dst id="2">81716.0089</dst>
      <dst id="6">46.4444</dst>
      <dst id="16">10422.3822</dst>
      <dst id="14">1830.2311</dst>
      <dst id="20">14975.8844</dst>
      <dst id="11">7481.4844</dst>
      <dst id="9">18942.7289</dst>
      <dst id="17">46777.6089</dst>
      <dst id="21">25700.8800</dst>
      <dst id="15">3102.9956</dst>
    </src>
    <src id="19">
      <dst id="12">13568.0444</dst>
      <dst id="13">754.9067</dst>
      <dst id="23">53.0133</dst>
      <dst id="8">13.8311</dst>
      <dst id="18">149.1200</dst>
      <dst id="4">18668.0533</dst>
      <dst id="1">231.6267</dst>
      <dst id="5">157.5378</dst>
      <dst id="22">35.6178</dst>
      <dst id="7">3122.5156</dst>
      <dst id="2">516.6933</dst>
      <dst id="6">14.2756</dst>
      <dst id="16">4904.6222</dst>
      <dst id="14">1.7067</dst>
      <dst id="20">175.8222</dst>
      <dst id="11">784.5333</dst>
      <dst id="9">7592.6044</dst>
      <dst id="17">144.7378</dst>
      <dst id="21">468.8267</dst>
      <dst id="15">4.0533</dst>
    </src>
    <src id="23">
      <dst id="12">807.2267</dst>
      <dst id="13">204.2756</dst>
      <dst id="19">135.0578</dst>
      <dst id="8">58.1689</dst>
      <dst id="4">5.0933</dst>
      <dst id="1">365.8400</dst>
      <dst id="5">54.1956</dst>
      <dst id="3">402.9511</dst>
      <dst id="22">317.1644</dst>
      <dst id="7">739.7422</dst>
      <dst id="2">16.8267</dst>
      <dst id="16">248.3556</dst>
      <dst id="14">50.4889</dst>
      <dst id="20">390.5600</dst>
      <dst id="11">39.2889</dst>
      <dst id="9">453.3333</dst>
      <dst id="17">911.5911</dst>
      <dst id="21">828.7467</dst>
      <dst id="15">13.3333</dst>
    </src>
    <src id="8">
      <dst id="12">270243.3333</dst>
      <dst id="13">174.6667</dst>
      <dst id="19">1.8756</dst>
      <dst id="23">130.8000</dst>
      <dst id="18">4.9067</dst>
      <dst id="4">8762.1156</dst>
      <dst id="1">55.0222</dst>
      <dst id="5">1142.5422</dst>
      <dst id="3">11.7422</dst>
      <dst id="22">385.1822</dst>
      <dst id="7">80.1689</dst>
      <dst id="2">86142.4178</dst>
      <dst id="6">6.0800</dst>
      <dst id="16">89.0400</dst>
      <dst id="20">84.1422</dst>
      <dst id="11">52.9422</dst>
      <dst id="9">246.5778</dst>
      <dst id="17">91117.1733</dst>
      <dst id="21">131.3156</dst>
      <dst id="15">43.5556</dst>
    </src>
    <src id="18">
      <dst id="12">101181.4489</dst>
      <dst id="13">105.3422</dst>
      <dst id="19">1040.3911</dst>
      <dst id="23">1.0756</dst>
      <dst id="8">1.0667</dst>
      <dst id="4">3392.6844</dst>
      <dst id="1">745.8489</dst>
      <dst id="5">396.1600</dst>
      <dst id="3">17.4933</dst>
      <dst id="22">702.4711</dst>
      <dst id="7">85.1822</dst>
      <dst id="2">29766.2667</dst>
      <dst id="16">42.9956</dst>
      <dst id="14">25.1022</dst>
      <dst id="20">1.4578</dst>
      <dst id="11">50.5867</dst>
      <dst id="9">178.1600</dst>
      <dst id="17">32096.8889</dst>
      <dst id="21">527.9467</dst>
      <dst id="15">1.8489</dst>
    </src>
    <src id="4">
      <dst id="12">13215.1733</dst>
      <dst id="19">5274.0089</dst>
      <dst id="8">756.3111</dst>
      <dst id="18">1642.3556</dst>
      <dst id="4">0.3556</dst>
      <dst id="1">10892.2489</dst>
      <dst id="5">1603.8044</dst>
      <dst id="3">676.2222</dst>
      <dst id="22">2884.8000</dst>
      <dst id="7">47258.0000</dst>
      <dst id="2">56532.4267</dst>
      <dst id="6">26.9600</dst>
      <dst id="16">1019.5911</dst>
      <dst id="14">894.2578</dst>
      <dst id="20">58074.6222</dst>
      <dst id="11">8143.8756</dst>
      <dst id="9">1684.3467</dst>
      <dst id="17">96611.9733</dst>
      <dst id="21">6142.1867</dst>
      <dst id="15">410.9867</dst>
    </src>
    <src id="1">
      <dst id="12">18148.6489</dst>
      <dst id="13">231.4133</dst>
      <dst id="19">3.3333</dst>
      <dst id="23">99.2978</dst>
      <dst id="8">62234.9156</dst>
      <dst id="18">13552.7200</dst>
      <dst id="4">10609.1644</dst>
      <dst id="1">26398.2578</dst>
      <dst id="5">145303.2533</dst>
      <dst id="3">1326.9244</dst>
      <dst id="22">2191.0667</dst>
      <dst id="7">1884.1778</dst>
      <dst id="2">12714.2756</dst>
      <dst id="6">5562.3556</dst>
      <dst id="16">8559.1733</dst>
      <dst id="14">120.4444</dst>
      <dst id="20">32.7200</dst>
      <dst id="11">424.2933</dst>
      <dst id="9">102125.5022</dst>
      <dst id="17">3477.9644</dst>
      <dst id="21">1734.1511</dst>
      <dst id="15">121.2711</dst>
    </src>
    <src id="5">
      <dst id="12">221667.9467</dst>
      <dst id="13">1557.6000</dst>
      <dst id="19">27.3778</dst>
      <dst id="23">97.4044</dst>
      <dst id="8">517.1556</dst>
      <dst id="18">53.2089</dst>
      <dst id="4">7894.9600</dst>
      <dst id="1">158.8711</dst>
      <dst id="3">1.0667</dst>
      <dst id="22">2342.4622</dst>
      <dst id="7">266.9689</dst>
      <dst id="2">96166.8533</dst>
      <dst id="16">217.1111</dst>
      <dst id="14">0.9244</dst>
      <dst id="20">1578.8533</dst>
      <dst id="11">704.3822</dst>
      <dst id="9">637.5200</dst>
      <dst id="17">72692.0000</dst>
      <dst id="21">405.8578</dst>
      <dst id="15">181.6533</dst>
    </src>
    <src id="3">
      <dst id="12">23178.1511</dst>
      <dst id="13">346.4444</dst>
      <dst id="19">4103.6267</dst>
      <dst id="23">11.2000</dst>
      <dst id="8">189.7067</dst>
      <dst id="18">56853.7156</dst>
      <dst id="4">20302.6133</dst>
      <dst id="1">8713.2178</dst>
      <dst id="5">404.1600</dst>
      <dst id="3">9682.9689</dst>
      <dst id="22">494.3911</dst>
      <dst id="7">1350.5778</dst>
      <dst id="2">6249.2622</dst>
      <dst id="6">1.1289</dst>
      <dst id="16">1020.5689</dst>
      <dst id="14">23243.3511</dst>
      <dst id="20">28.5156</dst>
      <dst id="11">107756.8711</dst>
      <dst id="9">143.8756</dst>
      <dst id="17">2791.8667</dst>
      <dst id="21">3865.8222</dst>
      <dst id="15">39.8844</dst>
    </src>
    <src id="10">
      <dst id="12">10853.9911</dst>
      <dst id="19">1054.8089</dst>
      <dst id="8">413.5022</dst>
      <dst id="18">323.6000</dst>
      <dst id="1">510.4089</dst>
      <dst id="5">1012.5156</dst>
      <dst id="3">17761.5644</dst>
      <dst id="22">10137.6711</dst>
      <dst id="7">13257.2089</dst>
      <dst id="2">28202.2667</dst>
      <dst id="16">1454.2222</dst>
      <dst id="14">1597.5467</dst>
      <dst id="20">7258.9333</dst>
      <dst id="11">3608.4444</dst>
      <dst id="9">3089.6533</dst>
      <dst id="17">20419.1467</dst>
      <dst id="21">12022.6667</dst>
      <dst id="15">540.7644</dst>
    </src>
    <src id="22">
      <dst id="12">3537.8844</dst>
      <dst id="13">4613.2178</dst>
      <dst id="19">62.4267</dst>
      <dst id="23">14.0089</dst>
      <dst id="8">333.1644</dst>
      <dst id="18">1078.3378</dst>
      <dst id="4">15833.9200</dst>
      <dst id="1">587.4756</dst>
      <dst id="5">4217.7956</dst>
      <dst id="3">511.2089</dst>
      <dst id="7">719.8756</dst>
      <dst id="2">1033.3511</dst>
      <dst id="6">2.0000</dst>
      <dst id="16">1.6889</dst>
      <dst id="14">18.8178</dst>
      <dst id="11">3019.6000</dst>
      <dst id="9">6347.6711</dst>
      <dst id="17">2537.1200</dst>
      <dst id="21">1104.9778</dst>
    </src>
    <src id="7">
      <dst id="12">4808.4000</dst>
      <dst id="13">218.5244</dst>
      <dst id="19">72.8978</dst>
      <dst id="23">142.5511</dst>
      <dst id="8">412.5511</dst>
      <dst id="18">289.7600</dst>
      <dst id="4">31112.1956</dst>
      <dst id="1">3130.9511</dst>
      <dst id="5">955.0222</dst>
      <dst id="3">138.3022</dst>
      <dst id="22">4324.1778</dst>
      <dst id="7">907.3778</dst>
      <dst id="2">5041.0489</dst>
      <dst id="16">358.0000</dst>
      <dst id="14">43.9111</dst>
      <dst id="20">147.9556</dst>
      <dst id="11">658.9422</dst>
      <dst id="9">123.1289</dst>
      <dst id="17">13316.2578</dst>
      <dst id="21">2016.1156</dst>
      <dst id="15">132.7822</dst>
    </src>
    <src id="2">
      <dst id="12">65152.0889</dst>
      <dst id="13">2958.8711</dst>
      <dst id="19">8051.1467</dst>
      <dst id="23">8.7467</dst>
      <dst id="8">779.7778</dst>
      <dst id="18">53465.0578</dst>
      <dst id="4">113098.1956</dst>
      <dst id="1">4936.4000</dst>
      <dst id="5">808.9244</dst>
      <dst id="3">6.8800</dst>
      <dst id="22">2420.7378</dst>
      <dst id="7">6612.5511</dst>
      <dst id="2">1073.8044</dst>
      <dst id="6">5439.7333</dst>
      <dst id="16">2261.6978</dst>
      <dst id="14">5577.8933</dst>
      <dst id="20">372.6844</dst>
      <dst id="11">7087.1822</dst>
      <dst id="9">1868.0444</dst>
      <dst id="17">36537.0667</dst>
      <dst id="21">3428.4267</dst>
      <dst id="15">114.2044</dst>
    </src>
    <src id="6">
      <dst id="12">8345.0667</dst>
      <dst id="13">1.9911</dst>
      <dst id="19">2.0622</dst>
      <dst id="23">0.3378</dst>
      <dst id="4">191.2800</dst>
      <dst id="1">1.0311</dst>
      <dst id="22">1.2622</dst>
      <dst id="7">2.7644</dst>
      <dst id="2">1530.6311</dst>
      <dst id="16">2.5600</dst>
      <dst id="11">0.9244</dst>
      <dst id="9">1.6800</dst>
      <dst id="17">944.4267</dst>
      <dst id="21">1.2000</dst>
    </src>
    <src id="16">
      <dst id="12">1998.7644</dst>
      <dst id="13">303.5289</dst>
      <dst id="19">3715.3689</dst>
      <dst id="23">6.5422</dst>
      <dst id="8">789.8400</dst>
      <dst id="18">7.9644</dst>
      <dst id="4">5272.5511</dst>
      <dst id="1">21973.4311</dst>
      <dst id="5">615.2978</dst>
      <dst id="3">0.3644</dst>
      <dst id="7">2124.1244</dst>
      <dst id="2">913.3600</dst>
      <dst id="6">0.8889</dst>
      <dst id="16">17.6622</dst>
      <dst id="14">153.2178</dst>
      <dst id="11">107.6711</dst>
      <dst id="9">3909.8667</dst>
      <dst id="17">1236.4178</dst>
      <dst id="21">707.2267</dst>
    </src>
    <src id="14">
      <dst id="12">16423.8756</dst>
      <dst id="13">52.0889</dst>
      <dst id="19">7.0578</dst>
      <dst id="23">1.4933</dst>
      <dst id="18">0.4622</dst>
      <dst id="4">1769.3422</dst>
      <dst id="1">86.5600</dst>
      <dst id="5">0.7378</dst>
      <dst id="3">66.1156</dst>
      <dst id="22">7.9822</dst>
      <dst id="7">105.4489</dst>
      <dst id="2">4824.0978</dst>
      <dst id="16">3.5556</dst>
      <dst id="11">26.7556</dst>
      <dst id="9">1.4133</dst>
      <dst id="17">4971.1289</dst>
      <dst id="21">82.3111</dst>
    </src>
    <src id="20">
      <dst id="12">2326.0000</dst>
      <dst id="13">7450.0978</dst>
      <dst id="19">2073.5644</dst>
      <dst id="23">10.2222</dst>
      <dst id="8">185.1467</dst>
      <dst id="18">28.6311</dst>
      <dst id="4">10531.9733</dst>
      <dst id="1">97.4667</dst>
      <dst id="5">5476.8267</dst>
      <dst id="3">313.6000</dst>
      <dst id="7">134.0178</dst>
      <dst id="2">2045.2444</dst>
      <dst id="14">1.1556</dst>
      <dst id="11">822.7822</dst>
      <dst id="9">4281.6178</dst>
      <dst id="17">380.6578</dst>
      <dst id="21">310.4089</dst>
    </src>
    <src id="11">
      <dst id="12">411713.5200</dst>
      <dst id="13">1116.5422</dst>
      <dst id="19">637.9200</dst>
      <dst id="23">1.3867</dst>
      <dst id="8">42.2311</dst>
      <dst id="18">234.4889</dst>
      <dst id="4">12445.4400</dst>
      <dst id="1">566.4089</dst>
      <dst id="5">1138.6667</dst>
      <dst id="3">4816.5333</dst>
      <dst id="22">2401.1911</dst>
      <dst id="7">186.7111</dst>
      <dst id="2">171198.0444</dst>
      <dst id="6">1.1822</dst>
      <dst id="16">376.1600</dst>
      <dst id="14">30.5333</dst>
      <dst id="20">1521.2800</dst>
      <dst id="11">755.6889</dst>
      <dst id="9">333.3067</dst>
      <dst id="17">143080.1333</dst>
      <dst id="21">1816.7822</dst>
      <dst id="15">808.2400</dst>
    </src>
    <src id="9">
      <dst id="12">361924.8978</dst>
      <dst id="13">2108.4444</dst>
      <dst id="19">286.4978</dst>
      <dst id="23">12.6578</dst>
      <dst id="8">119.0222</dst>
      <dst id="18">718.4800</dst>
      <dst id="4">11394.7467</dst>
      <dst id="1">1237.6711</dst>
      <dst id="5">5062.0978</dst>
      <dst id="3">26.0978</dst>
      <dst id="22">744.8000</dst>
      <dst id="7">61.4578</dst>
      <dst id="2">115742.5156</dst>
      <dst id="6">34.2044</dst>
      <dst id="16">147.6000</dst>
      <dst id="14">0.4622</dst>
      <dst id="20">414.9067</dst>
      <dst id="11">751.0933</dst>
      <dst id="9">102.7911</dst>
      <dst id="17">154318.4622</dst>
      <dst id="21">2299.3689</dst>
      <dst id="15">3065.8133</dst>
    </src>
    <src id="17">
      <dst id="12">6650.6933</dst>
      <dst id="13">12923.3422</dst>
      <dst id="19">459.0578</dst>
      <dst id="23">112.3111</dst>
      <dst id="8">96499.8133</dst>
      <dst id="18">299.1289</dst>
      <dst id="4">142732.1689</dst>
      <dst id="1">2856.1422</dst>
      <dst id="5">152160.8444</dst>
      <dst id="3">11704.6133</dst>
      <dst id="22">14693.6711</dst>
      <dst id="7">2203.5733</dst>
      <dst id="2">9723.9378</dst>
      <dst id="6">56.6133</dst>
      <dst id="16">2831.6622</dst>
      <dst id="14">9567.5022</dst>
      <dst id="20">332.4800</dst>
      <dst id="11">90910.4178</dst>
      <dst id="9">131960.3733</dst>
      <dst id="17">1589.9911</dst>
      <dst id="21">6431.6178</dst>
      <dst id="15">192.1067</dst>
    </src>
    <src id="21">
      <dst id="12">20884.5422</dst>
      <dst id="13">596.2578</dst>
      <dst id="19">130.3289</dst>
      <dst id="23">12.9956</dst>
      <dst id="8">278.1422</dst>
      <dst id="18">4120.8800</dst>
      <dst id="4">28743.1822</dst>
      <dst id="1">596.4267</dst>
      <dst id="5">320.8000</dst>
      <dst id="3">890.3644</dst>
      <dst id="22">1138.4444</dst>
      <dst id="7">4227.2533</dst>
      <dst id="2">8950.6311</dst>
      <dst id="6">9.2444</dst>
      <dst id="16">278.8444</dst>
      <dst id="14">91.6089</dst>
      <dst id="20">117.3067</dst>
      <dst id="11">737.9378</dst>
      <dst id="9">271.3778</dst>
      <dst id="17">3119.9911</dst>
      <dst id="21">585.4844</dst>
      <dst id="15">67.0933</dst>
    </src>
    <src id="15">
      <dst id="12">1634.5422</dst>
      <dst id="13">143.5911</dst>
      <dst id="19">0.4622</dst>
      <dst id="8">2.9511</dst>
      <dst id="18">1.2089</dst>
      <dst id="4">2312.6489</dst>
      <dst id="1">545.8489</dst>
      <dst id="5">818.8267</dst>
      <dst id="3">10.1333</dst>
      <dst id="7">11.6000</dst>
      <dst id="2">169.1378</dst>
      <dst id="11">72.0089</dst>
      <dst id="9">334.0889</dst>
      <dst id="17">314.2578</dst>
      <dst id="21">110.8978</dst>
    </src>
  </IntraTM>
</TrafficMatrixFile>
