<?xml version="1.0" encoding="UTF-8" standalone="yes"?>
<TrafficMatrixFile xmlns:xsi="http://www.w3.org/2001/XMLSchema-instance" xsi:noNamespaceSchemaLocation="http://totem.run.montefiore.ulg.ac.be/Schema/TrafficMatrix-v1_2.xsd">
  <info>
    <title>Intradomain traffic matrix generated by geant-TM-all.pl</title>
    <date>2005-01-03T10:15:00</date>
    <duration>900</duration>
    <author>Steve Uhlig</author>
    <units>
        <unit type="bandwidth" value="kbps"/>
    </units>
  </info>
  <IntraTM ASID="20965">
    <src id="12">
      <dst id="12">192515.1644</dst>
      <dst id="13">23832.6400</dst>
      <dst id="19">1069.5378</dst>
      <dst id="23">7945.5467</dst>
      <dst id="8">1303.9111</dst>
      <dst id="18">3219.6000</dst>
      <dst id="4">73164.8178</dst>
      <dst id="1">7235.3511</dst>
      <dst id="5">2170.2222</dst>
      <dst id="3">2449.4933</dst>
      <dst id="22">20561.3956</dst>
      <dst id="7">6607.5733</dst>
      <dst id="2">74646.0000</dst>
      <dst id="6">0.4267</dst>
      <dst id="16">2845.2089</dst>
      <dst id="14">2189.6533</dst>
      <dst id="20">18392.3378</dst>
      <dst id="11">3116.5333</dst>
      <dst id="9">2890.9422</dst>
      <dst id="17">63592.6844</dst>
      <dst id="21">10300.2311</dst>
      <dst id="15">215.6444</dst>
    </src>
    <src id="13">
      <dst id="12">34767.8044</dst>
      <dst id="19">28587.4667</dst>
      <dst id="23">17.0667</dst>
      <dst id="8">1874.0000</dst>
      <dst id="18">1944.3378</dst>
      <dst id="1">3757.5378</dst>
      <dst id="5">9031.0578</dst>
      <dst id="3">6689.0133</dst>
      <dst id="22">15863.2889</dst>
      <dst id="7">4503.9911</dst>
      <dst id="2">110135.3422</dst>
      <dst id="6">72.2311</dst>
      <dst id="16">6329.5733</dst>
      <dst id="14">1423.4133</dst>
      <dst id="20">10696.2489</dst>
      <dst id="11">9388.2756</dst>
      <dst id="9">10472.5778</dst>
      <dst id="17">41698.2756</dst>
      <dst id="21">20356.1156</dst>
      <dst id="15">1469.9822</dst>
    </src>
    <src id="19">
      <dst id="12">11250.1867</dst>
      <dst id="13">104.1778</dst>
      <dst id="23">0.3378</dst>
      <dst id="8">0.9244</dst>
      <dst id="18">0.6222</dst>
      <dst id="4">21296.6044</dst>
      <dst id="1">546.6400</dst>
      <dst id="5">40.0000</dst>
      <dst id="22">384.7911</dst>
      <dst id="7">3071.6622</dst>
      <dst id="2">339.9733</dst>
      <dst id="6">80.7111</dst>
      <dst id="16">4742.5956</dst>
      <dst id="14">2.0000</dst>
      <dst id="20">81.8489</dst>
      <dst id="11">116.6133</dst>
      <dst id="9">226.8444</dst>
      <dst id="17">65.4222</dst>
      <dst id="21">488.0178</dst>
      <dst id="15">0.3378</dst>
    </src>
    <src id="23">
      <dst id="12">176.9956</dst>
      <dst id="13">23.0844</dst>
      <dst id="19">0.4711</dst>
      <dst id="8">0.6222</dst>
      <dst id="18">575.1467</dst>
      <dst id="4">295.9289</dst>
      <dst id="1">90.2044</dst>
      <dst id="5">0.4000</dst>
      <dst id="3">185.7156</dst>
      <dst id="22">51.5378</dst>
      <dst id="7">4172.3289</dst>
      <dst id="2">374.3200</dst>
      <dst id="16">9.4133</dst>
      <dst id="11">15.0311</dst>
      <dst id="9">362.7556</dst>
      <dst id="17">2496.4267</dst>
      <dst id="21">92.0178</dst>
    </src>
    <src id="8">
      <dst id="12">320924.7822</dst>
      <dst id="13">2137.6444</dst>
      <dst id="19">0.9333</dst>
      <dst id="4">6663.1733</dst>
      <dst id="1">410.1689</dst>
      <dst id="5">1033.4578</dst>
      <dst id="3">1.3067</dst>
      <dst id="22">1850.7200</dst>
      <dst id="7">17.7067</dst>
      <dst id="2">125314.3022</dst>
      <dst id="16">367.7956</dst>
      <dst id="14">0.5511</dst>
      <dst id="20">65.0756</dst>
      <dst id="11">168.0444</dst>
      <dst id="9">847.5733</dst>
      <dst id="17">108245.7067</dst>
      <dst id="21">9612.9689</dst>
      <dst id="15">43.5200</dst>
    </src>
    <src id="18">
      <dst id="12">96980.5244</dst>
      <dst id="13">298.8444</dst>
      <dst id="19">2.0267</dst>
      <dst id="23">9.7778</dst>
      <dst id="8">10.7200</dst>
      <dst id="4">2039.8044</dst>
      <dst id="1">659.9200</dst>
      <dst id="5">534.6756</dst>
      <dst id="3">153.2800</dst>
      <dst id="22">106.2133</dst>
      <dst id="7">13.6533</dst>
      <dst id="2">36485.3333</dst>
      <dst id="16">26.1867</dst>
      <dst id="20">0.7111</dst>
      <dst id="11">87.4756</dst>
      <dst id="9">41.5911</dst>
      <dst id="17">37772.9511</dst>
      <dst id="21">293.1289</dst>
    </src>
    <src id="4">
      <dst id="12">9318.6489</dst>
      <dst id="19">8494.1156</dst>
      <dst id="8">3043.6622</dst>
      <dst id="18">3645.9378</dst>
      <dst id="1">16161.3600</dst>
      <dst id="5">2001.0756</dst>
      <dst id="3">33.1556</dst>
      <dst id="22">3777.4756</dst>
      <dst id="7">140311.0578</dst>
      <dst id="2">77703.4489</dst>
      <dst id="6">143.5111</dst>
      <dst id="16">1074.8800</dst>
      <dst id="14">1241.5200</dst>
      <dst id="20">107.9289</dst>
      <dst id="11">2391.1467</dst>
      <dst id="9">2850.9689</dst>
      <dst id="17">104128.8978</dst>
      <dst id="21">4556.9600</dst>
      <dst id="15">468.5067</dst>
    </src>
    <src id="1">
      <dst id="12">15866.7289</dst>
      <dst id="13">240.2756</dst>
      <dst id="19">18.3467</dst>
      <dst id="23">60.1067</dst>
      <dst id="8">102775.5822</dst>
      <dst id="18">12764.2222</dst>
      <dst id="4">5113.3600</dst>
      <dst id="1">11903.4933</dst>
      <dst id="5">157241.3778</dst>
      <dst id="3">198.4267</dst>
      <dst id="22">1514.5244</dst>
      <dst id="7">783.6978</dst>
      <dst id="2">1034.3911</dst>
      <dst id="6">10743.9200</dst>
      <dst id="16">9920.8711</dst>
      <dst id="14">46.4178</dst>
      <dst id="20">6.9867</dst>
      <dst id="11">186.2756</dst>
      <dst id="9">153390.0978</dst>
      <dst id="17">2999.2444</dst>
      <dst id="21">4448.6222</dst>
      <dst id="15">918.5689</dst>
    </src>
    <src id="5">
      <dst id="12">251889.1733</dst>
      <dst id="13">1076.3378</dst>
      <dst id="19">1.0311</dst>
      <dst id="23">0.4622</dst>
      <dst id="8">1017.5733</dst>
      <dst id="18">678.6400</dst>
      <dst id="4">4762.0889</dst>
      <dst id="1">3936.7111</dst>
      <dst id="3">13.1556</dst>
      <dst id="22">1761.6444</dst>
      <dst id="7">85.0311</dst>
      <dst id="2">97917.6178</dst>
      <dst id="6">0.8978</dst>
      <dst id="16">207.2356</dst>
      <dst id="20">433.2889</dst>
      <dst id="11">1325.7956</dst>
      <dst id="9">2288.4889</dst>
      <dst id="17">104321.5733</dst>
      <dst id="21">320.1956</dst>
      <dst id="15">14.9689</dst>
    </src>
    <src id="3">
      <dst id="12">7596.2400</dst>
      <dst id="13">509.5644</dst>
      <dst id="19">5090.0978</dst>
      <dst id="23">8608.1511</dst>
      <dst id="8">177.6533</dst>
      <dst id="18">67973.2444</dst>
      <dst id="4">24667.1556</dst>
      <dst id="1">7200.5067</dst>
      <dst id="5">565.4400</dst>
      <dst id="3">9356.8889</dst>
      <dst id="22">662.7644</dst>
      <dst id="7">392.6756</dst>
      <dst id="2">4129.0133</dst>
      <dst id="6">17.0489</dst>
      <dst id="16">1066.5244</dst>
      <dst id="14">20558.5244</dst>
      <dst id="20">11.5911</dst>
      <dst id="11">129491.8756</dst>
      <dst id="9">72.0800</dst>
      <dst id="17">14116.2133</dst>
      <dst id="21">3918.1867</dst>
      <dst id="15">98.6489</dst>
    </src>
    <src id="10">
      <dst id="12">15274.9511</dst>
      <dst id="19">3391.8578</dst>
      <dst id="8">552.5511</dst>
      <dst id="18">2542.2756</dst>
      <dst id="1">1046.1244</dst>
      <dst id="5">503.6711</dst>
      <dst id="3">2148.6400</dst>
      <dst id="22">3875.0667</dst>
      <dst id="7">5003.2800</dst>
      <dst id="2">32364.2844</dst>
      <dst id="6">0.7733</dst>
      <dst id="16">643.5467</dst>
      <dst id="14">3155.3244</dst>
      <dst id="20">3873.2356</dst>
      <dst id="11">5426.7556</dst>
      <dst id="9">3427.8489</dst>
      <dst id="17">34922.7289</dst>
      <dst id="21">9927.8756</dst>
      <dst id="15">58.4178</dst>
    </src>
    <src id="22">
      <dst id="12">3682.3733</dst>
      <dst id="13">2498.7556</dst>
      <dst id="19">16.7022</dst>
      <dst id="23">1111.3244</dst>
      <dst id="8">814.6578</dst>
      <dst id="18">660.8622</dst>
      <dst id="4">18058.5600</dst>
      <dst id="1">136.3111</dst>
      <dst id="5">2930.1956</dst>
      <dst id="3">173.6978</dst>
      <dst id="7">247.1822</dst>
      <dst id="2">3994.4711</dst>
      <dst id="6">0.4622</dst>
      <dst id="14">14.8000</dst>
      <dst id="11">2054.7644</dst>
      <dst id="9">3686.8800</dst>
      <dst id="17">2915.3956</dst>
      <dst id="21">1637.0578</dst>
    </src>
    <src id="7">
      <dst id="12">6466.8089</dst>
      <dst id="13">128.2222</dst>
      <dst id="19">23.0222</dst>
      <dst id="23">139.2267</dst>
      <dst id="8">445.3333</dst>
      <dst id="18">334.5333</dst>
      <dst id="4">27399.8133</dst>
      <dst id="1">1001.4933</dst>
      <dst id="5">1005.3333</dst>
      <dst id="3">440.3733</dst>
      <dst id="22">4680.9067</dst>
      <dst id="7">605.2978</dst>
      <dst id="2">9460.6667</dst>
      <dst id="6">27.0222</dst>
      <dst id="16">232.9778</dst>
      <dst id="14">85.0133</dst>
      <dst id="20">448.5600</dst>
      <dst id="11">1051.8844</dst>
      <dst id="9">945.4044</dst>
      <dst id="17">11727.7511</dst>
      <dst id="21">1868.4267</dst>
      <dst id="15">288.8800</dst>
    </src>
    <src id="2">
      <dst id="12">66778.3378</dst>
      <dst id="13">513671.7689</dst>
      <dst id="19">55.8311</dst>
      <dst id="23">9.7067</dst>
      <dst id="8">1422.9511</dst>
      <dst id="18">57370.3733</dst>
      <dst id="4">96956.1689</dst>
      <dst id="1">11775.7244</dst>
      <dst id="5">1056.4444</dst>
      <dst id="3">59.2089</dst>
      <dst id="22">1009.2000</dst>
      <dst id="7">2456.8889</dst>
      <dst id="2">812.5511</dst>
      <dst id="6">6583.1644</dst>
      <dst id="16">2403.4844</dst>
      <dst id="14">5356.3200</dst>
      <dst id="20">719.7600</dst>
      <dst id="11">1925.5111</dst>
      <dst id="9">665.7867</dst>
      <dst id="17">19368.7644</dst>
      <dst id="21">5936.7733</dst>
      <dst id="15">126.3733</dst>
    </src>
    <src id="6">
      <dst id="12">9264.5689</dst>
      <dst id="13">95.9022</dst>
      <dst id="19">2.2044</dst>
      <dst id="23">1.1378</dst>
      <dst id="18">0.3556</dst>
      <dst id="4">1159.9733</dst>
      <dst id="1">3.7333</dst>
      <dst id="22">8.7200</dst>
      <dst id="7">2.8444</dst>
      <dst id="2">1521.9022</dst>
      <dst id="16">0.4622</dst>
      <dst id="11">1.0756</dst>
      <dst id="9">24.8978</dst>
      <dst id="17">1539.6800</dst>
      <dst id="21">47.5378</dst>
    </src>
    <src id="16">
      <dst id="12">2227.3689</dst>
      <dst id="13">124.2044</dst>
      <dst id="19">2784.0978</dst>
      <dst id="23">2.6756</dst>
      <dst id="8">1460.5689</dst>
      <dst id="18">31.8933</dst>
      <dst id="4">5464.4622</dst>
      <dst id="1">25269.0133</dst>
      <dst id="5">1079.6978</dst>
      <dst id="3">0.7822</dst>
      <dst id="7">3230.4444</dst>
      <dst id="2">833.3867</dst>
      <dst id="6">0.3556</dst>
      <dst id="16">26.8711</dst>
      <dst id="14">240.8000</dst>
      <dst id="11">195.0756</dst>
      <dst id="9">1756.6044</dst>
      <dst id="17">900.7822</dst>
      <dst id="21">2732.1422</dst>
    </src>
    <src id="14">
      <dst id="12">14001.5911</dst>
      <dst id="13">10.7733</dst>
      <dst id="19">5.6889</dst>
      <dst id="23">0.3556</dst>
      <dst id="8">0.9689</dst>
      <dst id="4">1714.5689</dst>
      <dst id="1">61.8667</dst>
      <dst id="5">71.9289</dst>
      <dst id="3">2747.5467</dst>
      <dst id="22">49.4222</dst>
      <dst id="7">65.6089</dst>
      <dst id="2">3825.7244</dst>
      <dst id="16">8.5867</dst>
      <dst id="11">32.1689</dst>
      <dst id="17">3582.4533</dst>
      <dst id="21">147.5556</dst>
    </src>
    <src id="20">
      <dst id="12">7640.9956</dst>
      <dst id="13">5703.7067</dst>
      <dst id="19">108.0533</dst>
      <dst id="8">229.7156</dst>
      <dst id="18">86.2756</dst>
      <dst id="4">9908.2756</dst>
      <dst id="1">93.2089</dst>
      <dst id="5">610.1067</dst>
      <dst id="3">94.5689</dst>
      <dst id="7">503.6622</dst>
      <dst id="2">2308.3556</dst>
      <dst id="11">1012.3200</dst>
      <dst id="9">2468.2933</dst>
      <dst id="17">6315.6622</dst>
      <dst id="21">980.2489</dst>
    </src>
    <src id="11">
      <dst id="12">383291.9911</dst>
      <dst id="13">2916.6044</dst>
      <dst id="19">6.7556</dst>
      <dst id="23">1.2800</dst>
      <dst id="8">226.4178</dst>
      <dst id="18">38.4000</dst>
      <dst id="4">10055.8133</dst>
      <dst id="1">601.9467</dst>
      <dst id="5">1308.4000</dst>
      <dst id="3">257.3511</dst>
      <dst id="22">2079.5289</dst>
      <dst id="7">152.3467</dst>
      <dst id="2">138350.1422</dst>
      <dst id="6">135.6444</dst>
      <dst id="16">150.4533</dst>
      <dst id="14">36.8889</dst>
      <dst id="20">1060.7644</dst>
      <dst id="11">534.6222</dst>
      <dst id="9">1801.8933</dst>
      <dst id="17">150639.2267</dst>
      <dst id="21">2222.0533</dst>
      <dst id="15">130.6756</dst>
    </src>
    <src id="9">
      <dst id="12">355022.5244</dst>
      <dst id="13">2781.2533</dst>
      <dst id="19">128.8178</dst>
      <dst id="23">18.7111</dst>
      <dst id="8">2263.2800</dst>
      <dst id="18">832.1511</dst>
      <dst id="4">9830.9067</dst>
      <dst id="1">848.5600</dst>
      <dst id="5">1140.9778</dst>
      <dst id="3">0.4267</dst>
      <dst id="22">6109.2533</dst>
      <dst id="7">19.4489</dst>
      <dst id="2">126905.8133</dst>
      <dst id="6">2.5689</dst>
      <dst id="16">1100.2133</dst>
      <dst id="14">0.9689</dst>
      <dst id="20">612.8711</dst>
      <dst id="11">503.2000</dst>
      <dst id="9">69.1644</dst>
      <dst id="17">178486.2133</dst>
      <dst id="21">1028.3022</dst>
      <dst id="15">311.8933</dst>
    </src>
    <src id="17">
      <dst id="12">6150.4978</dst>
      <dst id="13">6801.9822</dst>
      <dst id="19">246.6044</dst>
      <dst id="23">116.4444</dst>
      <dst id="8">118531.4222</dst>
      <dst id="18">1641.0044</dst>
      <dst id="4">170082.9511</dst>
      <dst id="1">1924.9333</dst>
      <dst id="5">146796.6844</dst>
      <dst id="3">5176.2400</dst>
      <dst id="22">9040.6222</dst>
      <dst id="7">1270.1600</dst>
      <dst id="2">22255.9556</dst>
      <dst id="6">23.4933</dst>
      <dst id="16">4357.7956</dst>
      <dst id="14">14916.2133</dst>
      <dst id="20">2702.6578</dst>
      <dst id="11">93155.0578</dst>
      <dst id="9">124539.0667</dst>
      <dst id="17">1792.3556</dst>
      <dst id="21">5637.3156</dst>
      <dst id="15">120.3556</dst>
    </src>
    <src id="21">
      <dst id="12">20463.1556</dst>
      <dst id="13">331.9289</dst>
      <dst id="19">538.9956</dst>
      <dst id="23">9.3333</dst>
      <dst id="8">2146.6311</dst>
      <dst id="18">133.3867</dst>
      <dst id="4">20231.5733</dst>
      <dst id="1">806.8889</dst>
      <dst id="5">186.5333</dst>
      <dst id="3">801.8489</dst>
      <dst id="22">954.9333</dst>
      <dst id="7">2577.0933</dst>
      <dst id="2">13502.1156</dst>
      <dst id="6">17.7333</dst>
      <dst id="16">196.5867</dst>
      <dst id="14">77.3600</dst>
      <dst id="20">236.2311</dst>
      <dst id="11">317.5556</dst>
      <dst id="9">970.4356</dst>
      <dst id="17">4426.9689</dst>
      <dst id="21">2079.3067</dst>
      <dst id="15">12.0000</dst>
    </src>
    <src id="15">
      <dst id="12">254.9600</dst>
      <dst id="13">124.1600</dst>
      <dst id="8">171.2000</dst>
      <dst id="4">2914.5778</dst>
      <dst id="1">598.7022</dst>
      <dst id="5">127.3511</dst>
      <dst id="3">15.4933</dst>
      <dst id="7">200.7822</dst>
      <dst id="2">165.4933</dst>
      <dst id="11">65.0044</dst>
      <dst id="9">1595.0756</dst>
      <dst id="17">3955.9111</dst>
      <dst id="21">191.8133</dst>
    </src>
  </IntraTM>
</TrafficMatrixFile>
