<?xml version="1.0" encoding="UTF-8" standalone="yes"?>
<TrafficMatrixFile xmlns:xsi="http://www.w3.org/2001/XMLSchema-instance" xsi:noNamespaceSchemaLocation="http://totem.run.montefiore.ulg.ac.be/Schema/TrafficMatrix-v1_2.xsd">
  <info>
    <title>Intradomain traffic matrix generated by geant-TM-all.pl</title>
    <date>2005-01-01T15:30:00</date>
    <duration>900</duration>
    <author>Steve Uhlig</author>
    <units>
        <unit type="bandwidth" value="kbps"/>
    </units>
  </info>
  <IntraTM ASID="20965">
    <src id="12">
      <dst id="12">269783.3244</dst>
      <dst id="13">18431.4844</dst>
      <dst id="19">4817.4133</dst>
      <dst id="23">10.0711</dst>
      <dst id="8">426.0622</dst>
      <dst id="18">153.9200</dst>
      <dst id="4">89371.0222</dst>
      <dst id="1">8898.5067</dst>
      <dst id="5">2951.0489</dst>
      <dst id="3">886.7556</dst>
      <dst id="22">3524.5244</dst>
      <dst id="7">1586.7822</dst>
      <dst id="2">75933.1644</dst>
      <dst id="6">2.9689</dst>
      <dst id="16">6017.3867</dst>
      <dst id="14">1321.1378</dst>
      <dst id="20">6265.4933</dst>
      <dst id="11">2294.7022</dst>
      <dst id="9">12565.6978</dst>
      <dst id="17">45774.9156</dst>
      <dst id="21">9077.9200</dst>
      <dst id="15">1486.8889</dst>
    </src>
    <src id="13">
      <dst id="12">45063.6978</dst>
      <dst id="19">4197.0400</dst>
      <dst id="23">28.9156</dst>
      <dst id="8">1456.4000</dst>
      <dst id="18">3092.6222</dst>
      <dst id="1">2106.4356</dst>
      <dst id="5">6286.3644</dst>
      <dst id="3">11536.3378</dst>
      <dst id="22">14604.0800</dst>
      <dst id="7">9383.6356</dst>
      <dst id="2">50607.3600</dst>
      <dst id="6">104.3378</dst>
      <dst id="16">3834.2489</dst>
      <dst id="14">3226.6844</dst>
      <dst id="20">6170.9422</dst>
      <dst id="11">10535.6089</dst>
      <dst id="9">10588.8089</dst>
      <dst id="17">60837.9556</dst>
      <dst id="21">13340.4267</dst>
      <dst id="15">3593.2533</dst>
    </src>
    <src id="19">
      <dst id="12">13894.9778</dst>
      <dst id="13">139.7867</dst>
      <dst id="23">1.3867</dst>
      <dst id="8">33.2089</dst>
      <dst id="18">0.9244</dst>
      <dst id="4">20505.4756</dst>
      <dst id="1">22.9956</dst>
      <dst id="5">69.4756</dst>
      <dst id="3">291.2889</dst>
      <dst id="22">56.9778</dst>
      <dst id="7">3499.7778</dst>
      <dst id="2">84.4178</dst>
      <dst id="6">73.1200</dst>
      <dst id="16">11425.4222</dst>
      <dst id="14">0.3556</dst>
      <dst id="20">11.1556</dst>
      <dst id="11">1151.9467</dst>
      <dst id="9">63.4044</dst>
      <dst id="17">226.3822</dst>
      <dst id="21">97.9911</dst>
      <dst id="15">0.9956</dst>
    </src>
    <src id="23">
      <dst id="12">242.8000</dst>
      <dst id="13">256.2578</dst>
      <dst id="19">12.6222</dst>
      <dst id="8">80.9244</dst>
      <dst id="4">6.3822</dst>
      <dst id="1">49.2000</dst>
      <dst id="5">26.6667</dst>
      <dst id="3">214.0800</dst>
      <dst id="22">574.3289</dst>
      <dst id="7">15.6267</dst>
      <dst id="2">14.7733</dst>
      <dst id="16">2.9867</dst>
      <dst id="20">0.3556</dst>
      <dst id="11">156.7467</dst>
      <dst id="9">17.4844</dst>
      <dst id="17">0.9956</dst>
      <dst id="21">269.4311</dst>
      <dst id="15">13.8311</dst>
    </src>
    <src id="8">
      <dst id="12">294515.0311</dst>
      <dst id="13">405.8756</dst>
      <dst id="19">160.4267</dst>
      <dst id="23">0.7644</dst>
      <dst id="18">61.8222</dst>
      <dst id="4">4017.6622</dst>
      <dst id="1">34.5067</dst>
      <dst id="5">469.3867</dst>
      <dst id="3">18.8089</dst>
      <dst id="22">1037.9200</dst>
      <dst id="7">20.3289</dst>
      <dst id="2">88135.7422</dst>
      <dst id="6">0.5956</dst>
      <dst id="16">301.1467</dst>
      <dst id="14">37.8311</dst>
      <dst id="20">2332.8267</dst>
      <dst id="11">80.8444</dst>
      <dst id="9">400.3022</dst>
      <dst id="17">63869.9200</dst>
      <dst id="21">294.5511</dst>
      <dst id="15">1.5022</dst>
    </src>
    <src id="18">
      <dst id="12">105632.8000</dst>
      <dst id="13">99.2089</dst>
      <dst id="19">1.5911</dst>
      <dst id="8">4.2133</dst>
      <dst id="4">2252.3022</dst>
      <dst id="1">647.2089</dst>
      <dst id="5">410.6311</dst>
      <dst id="3">102.6578</dst>
      <dst id="22">367.2178</dst>
      <dst id="7">319.9467</dst>
      <dst id="2">25135.6800</dst>
      <dst id="16">14.5067</dst>
      <dst id="14">41.8311</dst>
      <dst id="20">12.6400</dst>
      <dst id="11">3024.7556</dst>
      <dst id="9">263.7067</dst>
      <dst id="17">26751.0222</dst>
      <dst id="21">219.4222</dst>
      <dst id="15">14.2844</dst>
    </src>
    <src id="4">
      <dst id="12">12658.0178</dst>
      <dst id="19">15485.2622</dst>
      <dst id="8">1298.9956</dst>
      <dst id="18">538.8622</dst>
      <dst id="4">2.8711</dst>
      <dst id="1">1142.3644</dst>
      <dst id="5">1180.6933</dst>
      <dst id="3">5859.2800</dst>
      <dst id="22">3843.6267</dst>
      <dst id="7">28582.1422</dst>
      <dst id="2">54803.8844</dst>
      <dst id="6">1.6533</dst>
      <dst id="16">688.6044</dst>
      <dst id="14">8842.7556</dst>
      <dst id="20">1318.5867</dst>
      <dst id="11">5729.5644</dst>
      <dst id="9">2443.5467</dst>
      <dst id="17">15486.8444</dst>
      <dst id="21">4821.2267</dst>
      <dst id="15">1053.5200</dst>
    </src>
    <src id="1">
      <dst id="12">24637.7600</dst>
      <dst id="13">318.8711</dst>
      <dst id="19">20.8444</dst>
      <dst id="23">28.2756</dst>
      <dst id="8">78537.7067</dst>
      <dst id="18">12058.9600</dst>
      <dst id="4">7380.3644</dst>
      <dst id="1">72.0000</dst>
      <dst id="5">181212.4622</dst>
      <dst id="3">18307.6444</dst>
      <dst id="22">3667.6533</dst>
      <dst id="7">16096.6489</dst>
      <dst id="2">1296.7733</dst>
      <dst id="6">3141.0844</dst>
      <dst id="16">17117.5556</dst>
      <dst id="14">138.6844</dst>
      <dst id="20">183.3422</dst>
      <dst id="11">14755.2533</dst>
      <dst id="9">238109.8489</dst>
      <dst id="17">3711.3689</dst>
      <dst id="21">2121.9111</dst>
      <dst id="15">130.2933</dst>
    </src>
    <src id="5">
      <dst id="12">281883.8933</dst>
      <dst id="13">859.6356</dst>
      <dst id="19">83.8133</dst>
      <dst id="23">1.7956</dst>
      <dst id="8">6017.6444</dst>
      <dst id="18">670.1600</dst>
      <dst id="4">6331.9911</dst>
      <dst id="1">106.5778</dst>
      <dst id="3">210.4889</dst>
      <dst id="22">3759.8222</dst>
      <dst id="7">387.4578</dst>
      <dst id="2">105239.5644</dst>
      <dst id="16">859.7422</dst>
      <dst id="14">13.9289</dst>
      <dst id="20">1065.4133</dst>
      <dst id="11">6556.3556</dst>
      <dst id="9">1095.6622</dst>
      <dst id="17">63638.1422</dst>
      <dst id="21">401.5733</dst>
      <dst id="15">265.3333</dst>
    </src>
    <src id="3">
      <dst id="12">8970.1067</dst>
      <dst id="13">510.7556</dst>
      <dst id="19">1267.5644</dst>
      <dst id="23">15.9467</dst>
      <dst id="8">66.9511</dst>
      <dst id="18">56370.6400</dst>
      <dst id="4">47114.1867</dst>
      <dst id="1">2583.2800</dst>
      <dst id="5">247.5022</dst>
      <dst id="3">9952.4889</dst>
      <dst id="22">1099.6711</dst>
      <dst id="7">1630.8533</dst>
      <dst id="2">4156.1956</dst>
      <dst id="6">2.5422</dst>
      <dst id="16">1440.0356</dst>
      <dst id="14">43825.6800</dst>
      <dst id="20">24.3111</dst>
      <dst id="11">128269.8311</dst>
      <dst id="9">229.8667</dst>
      <dst id="17">5204.9956</dst>
      <dst id="21">4704.8889</dst>
      <dst id="15">106.0622</dst>
    </src>
    <src id="10">
      <dst id="12">10606.0356</dst>
      <dst id="19">3941.9644</dst>
      <dst id="8">1118.0267</dst>
      <dst id="18">11959.2978</dst>
      <dst id="1">1286.2311</dst>
      <dst id="5">1237.9467</dst>
      <dst id="3">12858.8533</dst>
      <dst id="22">4778.5244</dst>
      <dst id="7">4835.5556</dst>
      <dst id="2">21496.3378</dst>
      <dst id="6">25.7778</dst>
      <dst id="16">427.2000</dst>
      <dst id="14">2708.2222</dst>
      <dst id="20">3643.6356</dst>
      <dst id="11">3614.9156</dst>
      <dst id="9">1737.2889</dst>
      <dst id="17">8582.1867</dst>
      <dst id="21">10811.1644</dst>
      <dst id="15">684.9956</dst>
    </src>
    <src id="22">
      <dst id="12">4974.9600</dst>
      <dst id="13">1170.9689</dst>
      <dst id="19">24.3200</dst>
      <dst id="23">9.3067</dst>
      <dst id="8">417.6000</dst>
      <dst id="18">785.8222</dst>
      <dst id="4">22680.6933</dst>
      <dst id="1">51.7422</dst>
      <dst id="5">2724.4178</dst>
      <dst id="3">385.0400</dst>
      <dst id="7">1591.1911</dst>
      <dst id="2">1028.2578</dst>
      <dst id="6">2.4711</dst>
      <dst id="16">6.4178</dst>
      <dst id="14">46.5956</dst>
      <dst id="11">1131.5111</dst>
      <dst id="9">3475.5733</dst>
      <dst id="17">1669.4667</dst>
      <dst id="21">575.1644</dst>
    </src>
    <src id="7">
      <dst id="12">3873.9111</dst>
      <dst id="13">163.5111</dst>
      <dst id="19">352.8533</dst>
      <dst id="23">2.7022</dst>
      <dst id="8">432.3378</dst>
      <dst id="18">535.3244</dst>
      <dst id="4">44515.2089</dst>
      <dst id="1">936.8800</dst>
      <dst id="5">1246.3911</dst>
      <dst id="3">3416.7111</dst>
      <dst id="22">4785.5378</dst>
      <dst id="7">756.3378</dst>
      <dst id="2">4404.6311</dst>
      <dst id="6">65.5733</dst>
      <dst id="16">361.4311</dst>
      <dst id="14">132.7289</dst>
      <dst id="20">159.5911</dst>
      <dst id="11">1069.7422</dst>
      <dst id="9">1835.2889</dst>
      <dst id="17">4969.8933</dst>
      <dst id="21">3593.8311</dst>
      <dst id="15">218.9689</dst>
    </src>
    <src id="2">
      <dst id="12">117502.8089</dst>
      <dst id="13">1049.6089</dst>
      <dst id="19">90.1422</dst>
      <dst id="23">1.4489</dst>
      <dst id="8">75.1911</dst>
      <dst id="18">45354.9689</dst>
      <dst id="4">99787.1289</dst>
      <dst id="1">1421.0756</dst>
      <dst id="5">1097.2978</dst>
      <dst id="3">2867.3778</dst>
      <dst id="22">2546.1067</dst>
      <dst id="7">3548.1867</dst>
      <dst id="2">1130.8089</dst>
      <dst id="6">4279.7867</dst>
      <dst id="16">4523.1200</dst>
      <dst id="14">284.4444</dst>
      <dst id="20">291.6800</dst>
      <dst id="11">5161.0311</dst>
      <dst id="9">459.0044</dst>
      <dst id="17">13065.5378</dst>
      <dst id="21">2525.5200</dst>
      <dst id="15">1184.6844</dst>
    </src>
    <src id="6">
      <dst id="12">7013.9822</dst>
      <dst id="13">5.7244</dst>
      <dst id="19">1.4222</dst>
      <dst id="8">0.4622</dst>
      <dst id="4">72.9956</dst>
      <dst id="3">31.3956</dst>
      <dst id="22">26.0089</dst>
      <dst id="7">4.7822</dst>
      <dst id="2">1240.3733</dst>
      <dst id="14">2.0622</dst>
      <dst id="11">48.4622</dst>
      <dst id="9">47.4667</dst>
      <dst id="17">835.9644</dst>
      <dst id="21">13.9467</dst>
      <dst id="15">12.6222</dst>
    </src>
    <src id="16">
      <dst id="12">3495.6889</dst>
      <dst id="13">253.9911</dst>
      <dst id="19">5110.5067</dst>
      <dst id="23">1.7778</dst>
      <dst id="8">3756.7378</dst>
      <dst id="18">14.1511</dst>
      <dst id="4">5155.4489</dst>
      <dst id="1">22872.1778</dst>
      <dst id="5">4407.6711</dst>
      <dst id="3">1323.4400</dst>
      <dst id="7">1473.0400</dst>
      <dst id="2">457.3956</dst>
      <dst id="6">2.5422</dst>
      <dst id="16">17.4844</dst>
      <dst id="14">324.1511</dst>
      <dst id="11">1220.3022</dst>
      <dst id="9">8695.7422</dst>
      <dst id="17">1717.1556</dst>
      <dst id="21">35.6889</dst>
    </src>
    <src id="14">
      <dst id="12">16749.3067</dst>
      <dst id="13">18.2667</dst>
      <dst id="19">10.3733</dst>
      <dst id="8">13.7511</dst>
      <dst id="18">1.5467</dst>
      <dst id="4">4254.7644</dst>
      <dst id="1">51.7422</dst>
      <dst id="5">2.9156</dst>
      <dst id="3">51.0222</dst>
      <dst id="22">2.3289</dst>
      <dst id="7">78.0356</dst>
      <dst id="2">5874.0089</dst>
      <dst id="6">5.3689</dst>
      <dst id="16">129.5289</dst>
      <dst id="20">13.0844</dst>
      <dst id="11">93.4133</dst>
      <dst id="9">6.9778</dst>
      <dst id="17">5198.2578</dst>
      <dst id="21">155.3956</dst>
    </src>
    <src id="20">
      <dst id="12">2727.0400</dst>
      <dst id="13">1792.7378</dst>
      <dst id="19">67.9022</dst>
      <dst id="8">137.0044</dst>
      <dst id="18">822.6044</dst>
      <dst id="4">9048.3289</dst>
      <dst id="1">53.1733</dst>
      <dst id="5">1188.2667</dst>
      <dst id="3">92.0356</dst>
      <dst id="7">4686.3200</dst>
      <dst id="2">6937.3244</dst>
      <dst id="14">1.7867</dst>
      <dst id="11">2651.6267</dst>
      <dst id="9">189.0489</dst>
      <dst id="17">9048.3556</dst>
      <dst id="21">73.8044</dst>
    </src>
    <src id="11">
      <dst id="12">377293.2356</dst>
      <dst id="13">368.8622</dst>
      <dst id="19">36.0444</dst>
      <dst id="23">168.9422</dst>
      <dst id="8">40.0800</dst>
      <dst id="18">769.0222</dst>
      <dst id="4">18879.3333</dst>
      <dst id="1">718.7200</dst>
      <dst id="5">636.8000</dst>
      <dst id="3">1008.6844</dst>
      <dst id="22">1725.2267</dst>
      <dst id="7">387.2444</dst>
      <dst id="2">139053.6356</dst>
      <dst id="6">1.6711</dst>
      <dst id="16">85.0844</dst>
      <dst id="14">116.9333</dst>
      <dst id="20">571.9822</dst>
      <dst id="11">2326.1156</dst>
      <dst id="9">678.8178</dst>
      <dst id="17">84113.5556</dst>
      <dst id="21">1578.3200</dst>
      <dst id="15">529.4933</dst>
    </src>
    <src id="9">
      <dst id="12">473689.7422</dst>
      <dst id="13">3822.7200</dst>
      <dst id="19">21.9733</dst>
      <dst id="23">15.4044</dst>
      <dst id="8">93.7511</dst>
      <dst id="18">3172.9511</dst>
      <dst id="4">12327.7867</dst>
      <dst id="1">170.4800</dst>
      <dst id="5">7930.6933</dst>
      <dst id="3">83.1822</dst>
      <dst id="22">360.8444</dst>
      <dst id="7">77.9733</dst>
      <dst id="2">137458.2578</dst>
      <dst id="6">0.7111</dst>
      <dst id="16">499.2978</dst>
      <dst id="14">39.1822</dst>
      <dst id="20">1744.2311</dst>
      <dst id="11">295.3600</dst>
      <dst id="9">238.7200</dst>
      <dst id="17">104800.0533</dst>
      <dst id="21">542.3911</dst>
      <dst id="15">309.2178</dst>
    </src>
    <src id="17">
      <dst id="12">7216.9422</dst>
      <dst id="13">1534.5422</dst>
      <dst id="19">7924.5422</dst>
      <dst id="8">89620.5067</dst>
      <dst id="18">135.8311</dst>
      <dst id="4">137596.8444</dst>
      <dst id="1">528.2844</dst>
      <dst id="5">173042.4444</dst>
      <dst id="3">12858.4800</dst>
      <dst id="22">3070.2400</dst>
      <dst id="7">16768.7822</dst>
      <dst id="2">12579.4933</dst>
      <dst id="6">11.0933</dst>
      <dst id="16">1265.1733</dst>
      <dst id="14">33819.6800</dst>
      <dst id="20">2096.6222</dst>
      <dst id="11">98870.0267</dst>
      <dst id="9">174484.1689</dst>
      <dst id="17">1041.4667</dst>
      <dst id="21">9101.1022</dst>
      <dst id="15">2735.2889</dst>
    </src>
    <src id="21">
      <dst id="12">18364.5067</dst>
      <dst id="13">411.1911</dst>
      <dst id="19">181.7600</dst>
      <dst id="23">88.1244</dst>
      <dst id="8">162.4978</dst>
      <dst id="18">335.6978</dst>
      <dst id="4">20037.1822</dst>
      <dst id="1">2001.5733</dst>
      <dst id="5">618.2756</dst>
      <dst id="3">524.5689</dst>
      <dst id="22">1227.0489</dst>
      <dst id="7">808.6844</dst>
      <dst id="2">8744.2578</dst>
      <dst id="6">0.9956</dst>
      <dst id="16">41.5467</dst>
      <dst id="14">131.4933</dst>
      <dst id="20">50.2667</dst>
      <dst id="11">1247.2267</dst>
      <dst id="9">447.3422</dst>
      <dst id="17">3495.2089</dst>
      <dst id="21">2349.0222</dst>
      <dst id="15">12.3556</dst>
    </src>
    <src id="15">
      <dst id="12">380.1422</dst>
      <dst id="13">244.5333</dst>
      <dst id="19">0.8267</dst>
      <dst id="8">67.0578</dst>
      <dst id="18">21.3867</dst>
      <dst id="4">5596.3556</dst>
      <dst id="1">43.1556</dst>
      <dst id="5">331.0044</dst>
      <dst id="3">714.6311</dst>
      <dst id="7">65.6356</dst>
      <dst id="2">80.6222</dst>
      <dst id="16">0.8533</dst>
      <dst id="14">25.9556</dst>
      <dst id="11">13798.7200</dst>
      <dst id="9">282.3733</dst>
      <dst id="17">129.6267</dst>
      <dst id="21">54.1244</dst>
    </src>
  </IntraTM>
</TrafficMatrixFile>
