<?xml version="1.0" encoding="UTF-8" standalone="yes"?>
<TrafficMatrixFile xmlns:xsi="http://www.w3.org/2001/XMLSchema-instance" xsi:noNamespaceSchemaLocation="http://totem.run.montefiore.ulg.ac.be/Schema/TrafficMatrix-v1_2.xsd">
  <info>
    <title>Intradomain traffic matrix generated by geant-TM-all.pl</title>
    <date>2005-01-02T17:15:00</date>
    <duration>900</duration>
    <author>Steve Uhlig</author>
    <units>
        <unit type="bandwidth" value="kbps"/>
    </units>
  </info>
  <IntraTM ASID="20965">
    <src id="12">
      <dst id="12">314561.6711</dst>
      <dst id="13">14902.4533</dst>
      <dst id="19">2147.7067</dst>
      <dst id="23">6746.4267</dst>
      <dst id="8">5276.4978</dst>
      <dst id="18">1326.7378</dst>
      <dst id="4">87850.8178</dst>
      <dst id="1">8306.5067</dst>
      <dst id="5">6612.8533</dst>
      <dst id="3">19561.0133</dst>
      <dst id="22">19937.4400</dst>
      <dst id="7">4604.2400</dst>
      <dst id="2">75316.1156</dst>
      <dst id="6">2.0267</dst>
      <dst id="16">5683.5644</dst>
      <dst id="14">286.5422</dst>
      <dst id="20">6711.4489</dst>
      <dst id="11">7809.0044</dst>
      <dst id="9">8589.6622</dst>
      <dst id="17">89152.7822</dst>
      <dst id="21">16141.3956</dst>
      <dst id="15">14913.0933</dst>
    </src>
    <src id="13">
      <dst id="12">48788.3822</dst>
      <dst id="19">7535.8844</dst>
      <dst id="23">685.5822</dst>
      <dst id="8">2930.4533</dst>
      <dst id="18">8782.6044</dst>
      <dst id="1">9202.1867</dst>
      <dst id="5">6151.2711</dst>
      <dst id="3">19586.6933</dst>
      <dst id="22">32516.6044</dst>
      <dst id="7">18150.2311</dst>
      <dst id="2">67350.5422</dst>
      <dst id="6">128.5867</dst>
      <dst id="16">8979.8578</dst>
      <dst id="14">2179.0400</dst>
      <dst id="20">17648.6489</dst>
      <dst id="11">17943.5822</dst>
      <dst id="9">20175.1200</dst>
      <dst id="17">59160.3822</dst>
      <dst id="21">18841.4844</dst>
      <dst id="15">7257.7600</dst>
    </src>
    <src id="19">
      <dst id="12">13004.8978</dst>
      <dst id="13">303.9022</dst>
      <dst id="23">6.3822</dst>
      <dst id="8">0.4711</dst>
      <dst id="18">73.3956</dst>
      <dst id="4">17854.2400</dst>
      <dst id="1">10545.9644</dst>
      <dst id="5">58.0978</dst>
      <dst id="3">80.6222</dst>
      <dst id="22">192.1778</dst>
      <dst id="7">4932.4978</dst>
      <dst id="2">1742.8800</dst>
      <dst id="6">319.3333</dst>
      <dst id="16">7617.7689</dst>
      <dst id="20">78.7200</dst>
      <dst id="11">556.3644</dst>
      <dst id="9">3012.2222</dst>
      <dst id="17">6794.7289</dst>
      <dst id="21">1285.4311</dst>
      <dst id="15">573.2978</dst>
    </src>
    <src id="23">
      <dst id="12">690.7022</dst>
      <dst id="13">175.9111</dst>
      <dst id="19">522.6311</dst>
      <dst id="8">133.7333</dst>
      <dst id="18">12.6222</dst>
      <dst id="4">15.6800</dst>
      <dst id="1">33.4222</dst>
      <dst id="5">12.9778</dst>
      <dst id="3">3254.9333</dst>
      <dst id="22">1430.9422</dst>
      <dst id="7">193.7244</dst>
      <dst id="2">51.2533</dst>
      <dst id="6">1.1378</dst>
      <dst id="16">4.4000</dst>
      <dst id="20">232.3556</dst>
      <dst id="11">28.3911</dst>
      <dst id="9">372.7467</dst>
      <dst id="17">656.7200</dst>
      <dst id="21">307.6178</dst>
      <dst id="15">14.1156</dst>
    </src>
    <src id="8">
      <dst id="12">275745.7511</dst>
      <dst id="13">198.5511</dst>
      <dst id="19">0.3556</dst>
      <dst id="23">55.1822</dst>
      <dst id="18">53.4133</dst>
      <dst id="4">7384.8533</dst>
      <dst id="1">203.7511</dst>
      <dst id="5">738.8622</dst>
      <dst id="3">85.5111</dst>
      <dst id="22">1136.6578</dst>
      <dst id="7">27.5289</dst>
      <dst id="2">101330.0622</dst>
      <dst id="6">48.8889</dst>
      <dst id="16">353.1644</dst>
      <dst id="20">879.9378</dst>
      <dst id="11">2786.4178</dst>
      <dst id="9">3801.4044</dst>
      <dst id="17">102919.0222</dst>
      <dst id="21">350.3111</dst>
      <dst id="15">444.3289</dst>
    </src>
    <src id="18">
      <dst id="12">91227.4489</dst>
      <dst id="13">132.6489</dst>
      <dst id="19">1664.0622</dst>
      <dst id="23">1.4756</dst>
      <dst id="8">115.9467</dst>
      <dst id="4">1435.7244</dst>
      <dst id="1">925.7156</dst>
      <dst id="5">249.7244</dst>
      <dst id="3">110.4711</dst>
      <dst id="22">307.2356</dst>
      <dst id="7">30.6044</dst>
      <dst id="2">29537.8933</dst>
      <dst id="16">64.7289</dst>
      <dst id="20">10.2844</dst>
      <dst id="11">79.7422</dst>
      <dst id="9">347.9467</dst>
      <dst id="17">33227.4844</dst>
      <dst id="21">400.9422</dst>
      <dst id="15">14.4889</dst>
    </src>
    <src id="4">
      <dst id="12">15527.7867</dst>
      <dst id="19">5581.9378</dst>
      <dst id="8">873.6267</dst>
      <dst id="18">2120.1778</dst>
      <dst id="4">2.2489</dst>
      <dst id="1">98610.0978</dst>
      <dst id="5">2505.1733</dst>
      <dst id="3">416.0622</dst>
      <dst id="22">6934.1778</dst>
      <dst id="7">27261.8222</dst>
      <dst id="2">59051.3067</dst>
      <dst id="6">27.8400</dst>
      <dst id="16">1905.3244</dst>
      <dst id="14">1164.6489</dst>
      <dst id="20">1964.0889</dst>
      <dst id="11">9272.5600</dst>
      <dst id="9">4338.7733</dst>
      <dst id="17">137628.4533</dst>
      <dst id="21">6488.9956</dst>
      <dst id="15">5380.9422</dst>
    </src>
    <src id="1">
      <dst id="12">17155.0578</dst>
      <dst id="13">517.5111</dst>
      <dst id="19">3977.3867</dst>
      <dst id="23">75.4311</dst>
      <dst id="8">140566.6756</dst>
      <dst id="18">12398.0356</dst>
      <dst id="4">18648.1689</dst>
      <dst id="1">34005.9822</dst>
      <dst id="5">238432.5600</dst>
      <dst id="3">339.3867</dst>
      <dst id="22">3647.3422</dst>
      <dst id="7">3380.4000</dst>
      <dst id="2">2081.5822</dst>
      <dst id="6">8018.2578</dst>
      <dst id="16">11088.2578</dst>
      <dst id="14">142.5956</dst>
      <dst id="20">3894.9778</dst>
      <dst id="11">1384.2489</dst>
      <dst id="9">341647.2711</dst>
      <dst id="17">12382.9244</dst>
      <dst id="21">23308.7911</dst>
      <dst id="15">202.1778</dst>
    </src>
    <src id="5">
      <dst id="12">254221.3422</dst>
      <dst id="13">2756.3911</dst>
      <dst id="19">38.0000</dst>
      <dst id="23">11.0400</dst>
      <dst id="8">2000.4178</dst>
      <dst id="18">1055.7867</dst>
      <dst id="4">7054.7644</dst>
      <dst id="1">370.1867</dst>
      <dst id="3">444.2400</dst>
      <dst id="22">4471.3244</dst>
      <dst id="7">810.3200</dst>
      <dst id="2">105540.3822</dst>
      <dst id="6">13.7244</dst>
      <dst id="16">568.7111</dst>
      <dst id="14">21.6711</dst>
      <dst id="20">5595.2533</dst>
      <dst id="11">1518.1244</dst>
      <dst id="9">4849.2889</dst>
      <dst id="17">89451.0044</dst>
      <dst id="21">464.4622</dst>
      <dst id="15">119.5822</dst>
    </src>
    <src id="3">
      <dst id="12">15009.2089</dst>
      <dst id="13">671.9111</dst>
      <dst id="19">3208.0978</dst>
      <dst id="23">69.1111</dst>
      <dst id="8">207.1644</dst>
      <dst id="18">76113.5822</dst>
      <dst id="4">26943.4222</dst>
      <dst id="1">8778.4356</dst>
      <dst id="5">1079.8489</dst>
      <dst id="3">15175.0578</dst>
      <dst id="22">1976.1867</dst>
      <dst id="7">977.5200</dst>
      <dst id="2">3882.7467</dst>
      <dst id="6">6.2933</dst>
      <dst id="16">1331.0489</dst>
      <dst id="14">32610.1067</dst>
      <dst id="20">9042.0267</dst>
      <dst id="11">203098.9511</dst>
      <dst id="9">358.2133</dst>
      <dst id="17">12911.7867</dst>
      <dst id="21">5969.9822</dst>
      <dst id="15">149.8933</dst>
    </src>
    <src id="10">
      <dst id="12">15035.2800</dst>
      <dst id="19">1933.7778</dst>
      <dst id="8">909.8667</dst>
      <dst id="18">934.9156</dst>
      <dst id="1">2362.3556</dst>
      <dst id="5">2051.3689</dst>
      <dst id="3">26191.2000</dst>
      <dst id="22">8641.9378</dst>
      <dst id="7">10405.9378</dst>
      <dst id="2">27036.5778</dst>
      <dst id="6">27.1467</dst>
      <dst id="16">1272.8622</dst>
      <dst id="14">621.9733</dst>
      <dst id="20">2723.5111</dst>
      <dst id="11">8083.4667</dst>
      <dst id="9">3174.3289</dst>
      <dst id="17">29328.6489</dst>
      <dst id="21">14121.0133</dst>
      <dst id="15">2169.0756</dst>
    </src>
    <src id="22">
      <dst id="12">11938.0711</dst>
      <dst id="13">3891.0933</dst>
      <dst id="19">67.9378</dst>
      <dst id="23">50.6400</dst>
      <dst id="8">1243.2444</dst>
      <dst id="18">230.2400</dst>
      <dst id="4">24974.5067</dst>
      <dst id="1">381.3689</dst>
      <dst id="5">5152.7200</dst>
      <dst id="3">3402.1156</dst>
      <dst id="7">697.4489</dst>
      <dst id="2">3604.5511</dst>
      <dst id="6">2.4889</dst>
      <dst id="16">1.5822</dst>
      <dst id="14">4.4889</dst>
      <dst id="11">5991.4311</dst>
      <dst id="9">1429.6711</dst>
      <dst id="17">2459.2000</dst>
      <dst id="21">2684.1422</dst>
    </src>
    <src id="7">
      <dst id="12">4380.8622</dst>
      <dst id="13">248.6400</dst>
      <dst id="19">2524.9067</dst>
      <dst id="23">83.4311</dst>
      <dst id="8">478.9956</dst>
      <dst id="18">83.1111</dst>
      <dst id="4">65014.0089</dst>
      <dst id="1">14148.2933</dst>
      <dst id="5">1080.3556</dst>
      <dst id="3">1155.0400</dst>
      <dst id="22">4727.8933</dst>
      <dst id="7">622.8622</dst>
      <dst id="2">5590.0889</dst>
      <dst id="6">34.8356</dst>
      <dst id="16">1065.2444</dst>
      <dst id="14">101.4222</dst>
      <dst id="20">387.0222</dst>
      <dst id="11">1173.7689</dst>
      <dst id="9">2272.7378</dst>
      <dst id="17">10805.4044</dst>
      <dst id="21">3667.3600</dst>
      <dst id="15">493.9822</dst>
    </src>
    <src id="2">
      <dst id="12">198373.2533</dst>
      <dst id="13">15250.0178</dst>
      <dst id="19">492.8178</dst>
      <dst id="23">81.2356</dst>
      <dst id="8">3477.0400</dst>
      <dst id="18">65471.8222</dst>
      <dst id="4">81206.6933</dst>
      <dst id="1">5036.8800</dst>
      <dst id="5">2602.0978</dst>
      <dst id="3">278.6578</dst>
      <dst id="22">1941.8933</dst>
      <dst id="7">5881.1289</dst>
      <dst id="2">1196.5422</dst>
      <dst id="6">7399.3244</dst>
      <dst id="16">2397.3244</dst>
      <dst id="14">5377.7244</dst>
      <dst id="20">772.3733</dst>
      <dst id="11">3609.1022</dst>
      <dst id="9">6665.6089</dst>
      <dst id="17">16027.5200</dst>
      <dst id="21">5259.1022</dst>
      <dst id="15">96.8356</dst>
    </src>
    <src id="6">
      <dst id="12">10135.0844</dst>
      <dst id="13">76.9244</dst>
      <dst id="19">20.4089</dst>
      <dst id="8">23.1022</dst>
      <dst id="4">52.4622</dst>
      <dst id="1">31.2533</dst>
      <dst id="5">1.5556</dst>
      <dst id="3">24.4800</dst>
      <dst id="22">98.1778</dst>
      <dst id="7">51.3244</dst>
      <dst id="2">1864.1067</dst>
      <dst id="16">48.9511</dst>
      <dst id="20">22.4800</dst>
      <dst id="11">31.7422</dst>
      <dst id="9">13.6267</dst>
      <dst id="17">1522.9956</dst>
      <dst id="21">27.9200</dst>
    </src>
    <src id="16">
      <dst id="12">2606.0267</dst>
      <dst id="13">736.5867</dst>
      <dst id="19">4632.0089</dst>
      <dst id="23">14.2578</dst>
      <dst id="8">6460.2667</dst>
      <dst id="18">20.9333</dst>
      <dst id="4">16110.7111</dst>
      <dst id="1">20942.4267</dst>
      <dst id="5">11085.4489</dst>
      <dst id="3">236.6311</dst>
      <dst id="7">2405.7333</dst>
      <dst id="2">513.8933</dst>
      <dst id="6">4.7644</dst>
      <dst id="16">39.5378</dst>
      <dst id="14">257.7600</dst>
      <dst id="11">215.7867</dst>
      <dst id="9">15828.3378</dst>
      <dst id="17">6195.4489</dst>
      <dst id="21">335.0489</dst>
    </src>
    <src id="14">
      <dst id="12">13188.4533</dst>
      <dst id="13">17.7333</dst>
      <dst id="19">10.8356</dst>
      <dst id="23">1.3956</dst>
      <dst id="18">0.7467</dst>
      <dst id="4">2764.2933</dst>
      <dst id="1">154.4533</dst>
      <dst id="5">51.8844</dst>
      <dst id="3">46.4978</dst>
      <dst id="22">34.1511</dst>
      <dst id="7">58.7733</dst>
      <dst id="2">4548.0889</dst>
      <dst id="16">99.1200</dst>
      <dst id="20">1.2089</dst>
      <dst id="11">51.7244</dst>
      <dst id="9">72.2756</dst>
      <dst id="17">5762.2844</dst>
      <dst id="21">123.2178</dst>
      <dst id="15">13.3333</dst>
    </src>
    <src id="20">
      <dst id="12">5901.6533</dst>
      <dst id="13">1672.7200</dst>
      <dst id="19">1559.4222</dst>
      <dst id="23">32.3644</dst>
      <dst id="8">682.9689</dst>
      <dst id="18">385.6622</dst>
      <dst id="4">12848.8711</dst>
      <dst id="1">1823.8933</dst>
      <dst id="5">2359.8756</dst>
      <dst id="3">7634.0889</dst>
      <dst id="7">178.0356</dst>
      <dst id="2">3953.4578</dst>
      <dst id="6">54.3644</dst>
      <dst id="14">0.4622</dst>
      <dst id="11">1354.5778</dst>
      <dst id="9">6348.4800</dst>
      <dst id="17">3105.9911</dst>
      <dst id="21">12151.6178</dst>
    </src>
    <src id="11">
      <dst id="12">386339.9467</dst>
      <dst id="13">2418.2756</dst>
      <dst id="19">160.6756</dst>
      <dst id="23">17.6622</dst>
      <dst id="8">2483.0044</dst>
      <dst id="18">166.7200</dst>
      <dst id="4">15327.5822</dst>
      <dst id="1">1503.5467</dst>
      <dst id="5">1698.7911</dst>
      <dst id="3">3306.6756</dst>
      <dst id="22">2553.5556</dst>
      <dst id="7">551.9733</dst>
      <dst id="2">154576.7289</dst>
      <dst id="6">8.2311</dst>
      <dst id="16">488.8178</dst>
      <dst id="14">102.4622</dst>
      <dst id="20">4034.1244</dst>
      <dst id="11">951.7067</dst>
      <dst id="9">1584.1956</dst>
      <dst id="17">126286.0267</dst>
      <dst id="21">699.9200</dst>
      <dst id="15">222.3200</dst>
    </src>
    <src id="9">
      <dst id="12">472232.3822</dst>
      <dst id="13">2290.3911</dst>
      <dst id="19">195.4667</dst>
      <dst id="23">40.8178</dst>
      <dst id="8">3002.8356</dst>
      <dst id="18">419.6000</dst>
      <dst id="4">15555.6267</dst>
      <dst id="1">841.1911</dst>
      <dst id="5">1465.3956</dst>
      <dst id="3">211.4400</dst>
      <dst id="22">1898.0000</dst>
      <dst id="7">1658.9422</dst>
      <dst id="2">162011.8044</dst>
      <dst id="6">0.4267</dst>
      <dst id="16">1465.7244</dst>
      <dst id="14">56.2667</dst>
      <dst id="20">13092.9600</dst>
      <dst id="11">3973.5289</dst>
      <dst id="9">17486.7200</dst>
      <dst id="17">157550.2044</dst>
      <dst id="21">2074.4000</dst>
      <dst id="15">7646.6400</dst>
    </src>
    <src id="17">
      <dst id="12">12962.1067</dst>
      <dst id="13">36837.7689</dst>
      <dst id="19">2214.0356</dst>
      <dst id="23">142.1956</dst>
      <dst id="8">170393.5378</dst>
      <dst id="18">165.4844</dst>
      <dst id="4">46605.5111</dst>
      <dst id="1">13603.3778</dst>
      <dst id="5">227568.3200</dst>
      <dst id="3">25457.3422</dst>
      <dst id="22">10822.7022</dst>
      <dst id="7">6176.1689</dst>
      <dst id="2">9293.9733</dst>
      <dst id="6">68.9956</dst>
      <dst id="16">4295.2178</dst>
      <dst id="14">24573.9200</dst>
      <dst id="20">7489.5111</dst>
      <dst id="11">145704.5067</dst>
      <dst id="9">300051.7422</dst>
      <dst id="17">1835.5111</dst>
      <dst id="21">15923.7333</dst>
      <dst id="15">302.7822</dst>
    </src>
    <src id="21">
      <dst id="12">18052.0089</dst>
      <dst id="13">4536.3733</dst>
      <dst id="19">161.9733</dst>
      <dst id="23">16.8000</dst>
      <dst id="8">171.7867</dst>
      <dst id="18">310.9689</dst>
      <dst id="4">22520.8178</dst>
      <dst id="1">1512.6400</dst>
      <dst id="5">551.8756</dst>
      <dst id="3">1830.1067</dst>
      <dst id="22">2662.0000</dst>
      <dst id="7">4751.2089</dst>
      <dst id="2">7999.1822</dst>
      <dst id="6">47.1911</dst>
      <dst id="16">479.2267</dst>
      <dst id="14">64.2222</dst>
      <dst id="20">1781.3956</dst>
      <dst id="11">1053.2089</dst>
      <dst id="9">515.0133</dst>
      <dst id="17">7820.7822</dst>
      <dst id="21">2351.7156</dst>
      <dst id="15">104.2400</dst>
    </src>
    <src id="15">
      <dst id="12">1427.6978</dst>
      <dst id="13">144.8267</dst>
      <dst id="19">8.9333</dst>
      <dst id="23">1.2444</dst>
      <dst id="8">450.7556</dst>
      <dst id="18">76.6578</dst>
      <dst id="4">7376.9244</dst>
      <dst id="1">814.5333</dst>
      <dst id="5">113.8667</dst>
      <dst id="3">1622.8978</dst>
      <dst id="7">25.2444</dst>
      <dst id="2">176.7200</dst>
      <dst id="6">1.7067</dst>
      <dst id="14">1.0667</dst>
      <dst id="11">413.2267</dst>
      <dst id="9">3517.2267</dst>
      <dst id="17">180.2756</dst>
      <dst id="21">113.1644</dst>
    </src>
  </IntraTM>
</TrafficMatrixFile>
