<?xml version="1.0" encoding="UTF-8" standalone="yes"?>
<TrafficMatrixFile xmlns:xsi="http://www.w3.org/2001/XMLSchema-instance" xsi:noNamespaceSchemaLocation="http://totem.run.montefiore.ulg.ac.be/Schema/TrafficMatrix-v1_2.xsd">
  <info>
    <title>Intradomain traffic matrix generated by geant-TM-all.pl</title>
    <date>2005-01-01T12:15:00</date>
    <duration>900</duration>
    <author>Steve Uhlig</author>
    <units>
        <unit type="bandwidth" value="kbps"/>
    </units>
  </info>
  <IntraTM ASID="20965">
    <src id="12">
      <dst id="12">220125.9022</dst>
      <dst id="13">12501.4311</dst>
      <dst id="19">2989.7956</dst>
      <dst id="23">596.1156</dst>
      <dst id="8">1316.7556</dst>
      <dst id="18">3030.3022</dst>
      <dst id="4">109545.3511</dst>
      <dst id="1">7471.0133</dst>
      <dst id="5">3215.5556</dst>
      <dst id="3">5624.3200</dst>
      <dst id="22">3220.9422</dst>
      <dst id="7">1951.4311</dst>
      <dst id="2">73877.1200</dst>
      <dst id="6">1.3067</dst>
      <dst id="16">7619.4222</dst>
      <dst id="14">1398.3556</dst>
      <dst id="20">5873.0311</dst>
      <dst id="11">1186.7467</dst>
      <dst id="9">7361.3422</dst>
      <dst id="17">47225.6889</dst>
      <dst id="21">8433.0311</dst>
      <dst id="15">6009.6444</dst>
    </src>
    <src id="13">
      <dst id="12">47649.4044</dst>
      <dst id="19">5200.8533</dst>
      <dst id="23">112.7644</dst>
      <dst id="8">2879.6622</dst>
      <dst id="18">3967.5911</dst>
      <dst id="4">2.2044</dst>
      <dst id="1">2371.5111</dst>
      <dst id="5">6388.7556</dst>
      <dst id="3">6313.7333</dst>
      <dst id="22">18895.6089</dst>
      <dst id="7">8592.4444</dst>
      <dst id="2">70937.3600</dst>
      <dst id="6">63.1467</dst>
      <dst id="16">6128.9244</dst>
      <dst id="14">1705.2711</dst>
      <dst id="20">15638.0978</dst>
      <dst id="11">5580.9956</dst>
      <dst id="9">8503.6089</dst>
      <dst id="17">74829.0222</dst>
      <dst id="21">8645.4578</dst>
      <dst id="15">714.9511</dst>
    </src>
    <src id="19">
      <dst id="12">8728.2489</dst>
      <dst id="13">7144.9333</dst>
      <dst id="18">0.4178</dst>
      <dst id="4">23982.2133</dst>
      <dst id="1">483.1644</dst>
      <dst id="5">1.4578</dst>
      <dst id="3">739.7156</dst>
      <dst id="22">113.0311</dst>
      <dst id="7">3272.8178</dst>
      <dst id="2">142.3644</dst>
      <dst id="6">38.1067</dst>
      <dst id="16">10214.9600</dst>
      <dst id="20">0.9956</dst>
      <dst id="11">2.2044</dst>
      <dst id="9">17.3689</dst>
      <dst id="17">265.4133</dst>
      <dst id="21">1120.0978</dst>
    </src>
    <src id="23">
      <dst id="12">112.5511</dst>
      <dst id="13">34.5156</dst>
      <dst id="19">13.3333</dst>
      <dst id="18">1.1378</dst>
      <dst id="4">33.0756</dst>
      <dst id="1">27.8756</dst>
      <dst id="5">1.4222</dst>
      <dst id="3">79.7422</dst>
      <dst id="22">2939.5378</dst>
      <dst id="7">109.6978</dst>
      <dst id="2">193.0311</dst>
      <dst id="6">0.4978</dst>
      <dst id="16">3.9911</dst>
      <dst id="14">12.6222</dst>
      <dst id="11">31.0933</dst>
      <dst id="9">374.2311</dst>
      <dst id="17">0.4622</dst>
      <dst id="21">181.1733</dst>
      <dst id="15">0.3378</dst>
    </src>
    <src id="8">
      <dst id="12">281473.6178</dst>
      <dst id="13">277.3067</dst>
      <dst id="19">1.3689</dst>
      <dst id="18">16.3822</dst>
      <dst id="4">5044.5600</dst>
      <dst id="1">29.8044</dst>
      <dst id="5">384.2222</dst>
      <dst id="3">60.4000</dst>
      <dst id="22">1520.7200</dst>
      <dst id="7">35.2000</dst>
      <dst id="2">82824.4800</dst>
      <dst id="6">27.5733</dst>
      <dst id="16">79.9556</dst>
      <dst id="20">138.6933</dst>
      <dst id="11">76.1156</dst>
      <dst id="9">176.4622</dst>
      <dst id="17">56854.0356</dst>
      <dst id="21">50.7378</dst>
      <dst id="15">107.3956</dst>
    </src>
    <src id="18">
      <dst id="12">116697.0756</dst>
      <dst id="13">239.2889</dst>
      <dst id="19">3.1200</dst>
      <dst id="23">1.4044</dst>
      <dst id="8">15.4311</dst>
      <dst id="4">1881.9467</dst>
      <dst id="1">1538.1867</dst>
      <dst id="5">313.7511</dst>
      <dst id="3">13.9022</dst>
      <dst id="22">103.3244</dst>
      <dst id="7">117.3956</dst>
      <dst id="2">30666.5067</dst>
      <dst id="16">7.7600</dst>
      <dst id="14">0.7467</dst>
      <dst id="20">19.1111</dst>
      <dst id="11">93.0489</dst>
      <dst id="9">113.4133</dst>
      <dst id="17">28767.5200</dst>
      <dst id="21">211.6356</dst>
      <dst id="15">112.4978</dst>
    </src>
    <src id="4">
      <dst id="12">15023.7067</dst>
      <dst id="19">9066.8800</dst>
      <dst id="8">1434.7111</dst>
      <dst id="18">1162.7022</dst>
      <dst id="4">2.0711</dst>
      <dst id="1">1403.3333</dst>
      <dst id="5">1526.2756</dst>
      <dst id="3">5775.0222</dst>
      <dst id="22">3265.7244</dst>
      <dst id="7">70866.0711</dst>
      <dst id="2">30561.4489</dst>
      <dst id="6">26.5244</dst>
      <dst id="16">2940.3289</dst>
      <dst id="14">1020.1156</dst>
      <dst id="20">679.0933</dst>
      <dst id="11">5980.6400</dst>
      <dst id="9">2075.5200</dst>
      <dst id="17">69659.8756</dst>
      <dst id="21">6188.3644</dst>
      <dst id="15">190.7467</dst>
    </src>
    <src id="1">
      <dst id="12">12498.0978</dst>
      <dst id="13">327.5289</dst>
      <dst id="19">3896.6578</dst>
      <dst id="23">48.2400</dst>
      <dst id="8">57886.5600</dst>
      <dst id="18">12720.0444</dst>
      <dst id="4">5859.8933</dst>
      <dst id="1">97.5644</dst>
      <dst id="5">128699.1733</dst>
      <dst id="3">27029.0756</dst>
      <dst id="22">1297.5289</dst>
      <dst id="7">11961.2444</dst>
      <dst id="2">1654.1511</dst>
      <dst id="6">3548.5156</dst>
      <dst id="16">15797.6356</dst>
      <dst id="14">39.4933</dst>
      <dst id="20">101.4133</dst>
      <dst id="11">140.9511</dst>
      <dst id="9">128405.9467</dst>
      <dst id="17">1692.6933</dst>
      <dst id="21">3284.9511</dst>
      <dst id="15">120.8800</dst>
    </src>
    <src id="5">
      <dst id="12">297379.8844</dst>
      <dst id="13">1008.7911</dst>
      <dst id="19">2.6667</dst>
      <dst id="23">147.9111</dst>
      <dst id="8">293.3067</dst>
      <dst id="18">147.9733</dst>
      <dst id="4">6665.2622</dst>
      <dst id="1">44.6400</dst>
      <dst id="3">200.4444</dst>
      <dst id="22">2601.2267</dst>
      <dst id="7">56.1333</dst>
      <dst id="2">116941.8756</dst>
      <dst id="6">1.3689</dst>
      <dst id="16">685.1822</dst>
      <dst id="14">74.3111</dst>
      <dst id="20">278.2400</dst>
      <dst id="11">1984.2133</dst>
      <dst id="9">1920.9244</dst>
      <dst id="17">65112.9867</dst>
      <dst id="21">217.4133</dst>
      <dst id="15">363.5644</dst>
    </src>
    <src id="3">
      <dst id="12">14304.0889</dst>
      <dst id="13">389.3867</dst>
      <dst id="19">4893.5200</dst>
      <dst id="23">5.7778</dst>
      <dst id="8">49.3067</dst>
      <dst id="18">73211.3867</dst>
      <dst id="4">69694.4800</dst>
      <dst id="1">1990.9333</dst>
      <dst id="5">165.2800</dst>
      <dst id="3">8884.8267</dst>
      <dst id="22">217.7778</dst>
      <dst id="7">2203.7244</dst>
      <dst id="2">3454.8889</dst>
      <dst id="6">0.8711</dst>
      <dst id="16">1191.5200</dst>
      <dst id="14">21208.6667</dst>
      <dst id="20">265.6711</dst>
      <dst id="11">100871.0844</dst>
      <dst id="9">250.7911</dst>
      <dst id="17">8266.7467</dst>
      <dst id="21">7504.3822</dst>
      <dst id="15">45.5644</dst>
    </src>
    <src id="10">
      <dst id="12">9620.8000</dst>
      <dst id="19">1722.0178</dst>
      <dst id="8">1111.6178</dst>
      <dst id="18">399.5822</dst>
      <dst id="1">3966.8267</dst>
      <dst id="5">834.1689</dst>
      <dst id="3">9497.1644</dst>
      <dst id="22">5445.7333</dst>
      <dst id="7">2638.5689</dst>
      <dst id="2">18755.4489</dst>
      <dst id="6">14.2756</dst>
      <dst id="16">2955.4578</dst>
      <dst id="14">1922.3644</dst>
      <dst id="20">4182.7556</dst>
      <dst id="11">1456.5067</dst>
      <dst id="9">2697.9911</dst>
      <dst id="17">10666.8889</dst>
      <dst id="21">5371.2889</dst>
      <dst id="15">525.2889</dst>
    </src>
    <src id="22">
      <dst id="12">3913.4222</dst>
      <dst id="13">1571.5733</dst>
      <dst id="19">52.5778</dst>
      <dst id="23">52.0800</dst>
      <dst id="8">365.1200</dst>
      <dst id="18">734.3200</dst>
      <dst id="4">18600.3733</dst>
      <dst id="1">1851.2800</dst>
      <dst id="5">4101.2089</dst>
      <dst id="3">123.6978</dst>
      <dst id="7">1742.5422</dst>
      <dst id="2">1094.5333</dst>
      <dst id="6">27.9111</dst>
      <dst id="16">0.4089</dst>
      <dst id="14">46.5867</dst>
      <dst id="11">3996.1778</dst>
      <dst id="9">1434.4711</dst>
      <dst id="17">2561.6800</dst>
      <dst id="21">943.4667</dst>
    </src>
    <src id="7">
      <dst id="12">3095.5911</dst>
      <dst id="13">46.9333</dst>
      <dst id="19">155.3600</dst>
      <dst id="23">98.8089</dst>
      <dst id="8">891.7956</dst>
      <dst id="18">377.9911</dst>
      <dst id="4">42011.2178</dst>
      <dst id="1">739.8133</dst>
      <dst id="5">1252.6667</dst>
      <dst id="3">799.0933</dst>
      <dst id="22">5446.3200</dst>
      <dst id="7">757.0844</dst>
      <dst id="2">4502.4533</dst>
      <dst id="16">1075.7956</dst>
      <dst id="14">72.5244</dst>
      <dst id="20">131.8578</dst>
      <dst id="11">504.4889</dst>
      <dst id="9">442.8800</dst>
      <dst id="17">11110.6578</dst>
      <dst id="21">4870.6400</dst>
      <dst id="15">232.3111</dst>
    </src>
    <src id="2">
      <dst id="12">56403.4667</dst>
      <dst id="13">2869.9022</dst>
      <dst id="19">636.1689</dst>
      <dst id="8">98.1867</dst>
      <dst id="18">58665.6267</dst>
      <dst id="4">106504.8000</dst>
      <dst id="1">3497.9111</dst>
      <dst id="5">719.3156</dst>
      <dst id="3">1533.1733</dst>
      <dst id="22">1211.7956</dst>
      <dst id="7">10271.1822</dst>
      <dst id="2">576.3467</dst>
      <dst id="6">4594.1333</dst>
      <dst id="16">10544.5244</dst>
      <dst id="14">126.2667</dst>
      <dst id="20">661.4400</dst>
      <dst id="11">5556.6311</dst>
      <dst id="9">509.5911</dst>
      <dst id="17">35812.7822</dst>
      <dst id="21">3379.7333</dst>
      <dst id="15">18.6844</dst>
    </src>
    <src id="6">
      <dst id="12">7702.1422</dst>
      <dst id="13">0.3556</dst>
      <dst id="19">1.7778</dst>
      <dst id="23">1.1378</dst>
      <dst id="8">0.3556</dst>
      <dst id="4">16.3822</dst>
      <dst id="5">12.8000</dst>
      <dst id="3">1.6000</dst>
      <dst id="22">86.0533</dst>
      <dst id="2">1363.6622</dst>
      <dst id="11">16.6133</dst>
      <dst id="17">801.3156</dst>
      <dst id="21">13.3333</dst>
      <dst id="15">0.3378</dst>
    </src>
    <src id="16">
      <dst id="12">2066.9067</dst>
      <dst id="13">124.6311</dst>
      <dst id="19">4263.1200</dst>
      <dst id="23">0.8533</dst>
      <dst id="8">2111.1733</dst>
      <dst id="18">12.9689</dst>
      <dst id="4">7126.2489</dst>
      <dst id="1">19881.0222</dst>
      <dst id="5">654.6311</dst>
      <dst id="3">1006.5333</dst>
      <dst id="7">1520.6400</dst>
      <dst id="2">1034.0178</dst>
      <dst id="6">2.6489</dst>
      <dst id="16">14.8267</dst>
      <dst id="14">0.7111</dst>
      <dst id="11">16.1778</dst>
      <dst id="9">1639.2267</dst>
      <dst id="17">2445.3244</dst>
      <dst id="21">79.3422</dst>
    </src>
    <src id="14">
      <dst id="12">17568.7911</dst>
      <dst id="13">32.6400</dst>
      <dst id="19">5.2267</dst>
      <dst id="23">1.8489</dst>
      <dst id="18">0.5689</dst>
      <dst id="4">2178.0089</dst>
      <dst id="1">45.8667</dst>
      <dst id="5">1.8844</dst>
      <dst id="3">24.8711</dst>
      <dst id="22">2.5244</dst>
      <dst id="7">30.2578</dst>
      <dst id="2">5537.5022</dst>
      <dst id="16">1.5467</dst>
      <dst id="20">9.6533</dst>
      <dst id="11">110.7644</dst>
      <dst id="9">0.3556</dst>
      <dst id="17">3973.9733</dst>
      <dst id="21">61.4933</dst>
      <dst id="15">0.4622</dst>
    </src>
    <src id="20">
      <dst id="12">5248.3200</dst>
      <dst id="13">1362.8800</dst>
      <dst id="19">0.3556</dst>
      <dst id="8">127.6267</dst>
      <dst id="18">884.3022</dst>
      <dst id="4">15782.2044</dst>
      <dst id="1">242.6222</dst>
      <dst id="5">86.9244</dst>
      <dst id="3">27.8133</dst>
      <dst id="7">423.6800</dst>
      <dst id="2">3467.1556</dst>
      <dst id="11">788.2578</dst>
      <dst id="9">364.6133</dst>
      <dst id="17">91.7778</dst>
      <dst id="21">286.1244</dst>
    </src>
    <src id="11">
      <dst id="12">404455.1289</dst>
      <dst id="13">1471.9467</dst>
      <dst id="19">43.1289</dst>
      <dst id="23">8.3200</dst>
      <dst id="8">128.9156</dst>
      <dst id="18">405.5911</dst>
      <dst id="4">12974.3822</dst>
      <dst id="1">478.7289</dst>
      <dst id="5">1989.0400</dst>
      <dst id="3">3747.5467</dst>
      <dst id="22">4047.0222</dst>
      <dst id="7">133.2889</dst>
      <dst id="2">134604.4089</dst>
      <dst id="16">410.7822</dst>
      <dst id="14">73.9111</dst>
      <dst id="20">86.4089</dst>
      <dst id="11">1344.1244</dst>
      <dst id="9">193.5467</dst>
      <dst id="17">86672.5156</dst>
      <dst id="21">1427.4756</dst>
      <dst id="15">55.7600</dst>
    </src>
    <src id="9">
      <dst id="12">465971.9911</dst>
      <dst id="13">508.4711</dst>
      <dst id="19">80.0000</dst>
      <dst id="23">33.2800</dst>
      <dst id="8">33.3333</dst>
      <dst id="18">1121.4578</dst>
      <dst id="4">14350.1689</dst>
      <dst id="1">87.1111</dst>
      <dst id="5">927.0578</dst>
      <dst id="3">703.3600</dst>
      <dst id="22">1136.3289</dst>
      <dst id="7">178.4267</dst>
      <dst id="2">150527.6711</dst>
      <dst id="6">0.6044</dst>
      <dst id="16">120.6489</dst>
      <dst id="14">14.5956</dst>
      <dst id="20">4630.6044</dst>
      <dst id="11">605.4222</dst>
      <dst id="9">149.6800</dst>
      <dst id="17">116830.9689</dst>
      <dst id="21">633.8667</dst>
      <dst id="15">382.6667</dst>
    </src>
    <src id="17">
      <dst id="12">18522.7911</dst>
      <dst id="13">21698.0889</dst>
      <dst id="19">6720.0978</dst>
      <dst id="23">22.6222</dst>
      <dst id="8">77450.4711</dst>
      <dst id="18">6943.7067</dst>
      <dst id="4">161136.0978</dst>
      <dst id="1">599.5822</dst>
      <dst id="5">121680.2756</dst>
      <dst id="3">10543.4044</dst>
      <dst id="22">1887.7689</dst>
      <dst id="7">20397.0311</dst>
      <dst id="2">11775.0667</dst>
      <dst id="6">4.1778</dst>
      <dst id="16">10639.4311</dst>
      <dst id="14">11281.7956</dst>
      <dst id="20">90.7822</dst>
      <dst id="11">73585.6444</dst>
      <dst id="9">118807.8756</dst>
      <dst id="17">1187.8222</dst>
      <dst id="21">9563.2622</dst>
      <dst id="15">29.5911</dst>
    </src>
    <src id="21">
      <dst id="12">23089.6356</dst>
      <dst id="13">1562.1244</dst>
      <dst id="19">248.1333</dst>
      <dst id="23">9.4756</dst>
      <dst id="8">78.1689</dst>
      <dst id="18">1431.5911</dst>
      <dst id="4">24511.7244</dst>
      <dst id="1">1916.4711</dst>
      <dst id="5">936.7733</dst>
      <dst id="3">669.6711</dst>
      <dst id="22">1539.3067</dst>
      <dst id="7">3044.0711</dst>
      <dst id="2">8962.3733</dst>
      <dst id="6">1.0222</dst>
      <dst id="16">139.4844</dst>
      <dst id="14">73.6889</dst>
      <dst id="20">126.3111</dst>
      <dst id="11">649.6000</dst>
      <dst id="9">448.5689</dst>
      <dst id="17">4070.1600</dst>
      <dst id="21">1365.1200</dst>
      <dst id="15">4.4800</dst>
    </src>
    <src id="15">
      <dst id="12">2158.6489</dst>
      <dst id="13">437.9111</dst>
      <dst id="19">0.3378</dst>
      <dst id="23">1.2267</dst>
      <dst id="8">1724.3378</dst>
      <dst id="18">15.3067</dst>
      <dst id="4">2349.1022</dst>
      <dst id="1">74.3200</dst>
      <dst id="5">235.6356</dst>
      <dst id="3">464.1333</dst>
      <dst id="7">6.7822</dst>
      <dst id="2">38.1333</dst>
      <dst id="11">251.8222</dst>
      <dst id="9">631.5111</dst>
      <dst id="17">437.4756</dst>
      <dst id="21">101.4400</dst>
    </src>
  </IntraTM>
</TrafficMatrixFile>
