<?xml version="1.0" encoding="UTF-8" standalone="yes"?>
<TrafficMatrixFile xmlns:xsi="http://www.w3.org/2001/XMLSchema-instance" xsi:noNamespaceSchemaLocation="http://totem.run.montefiore.ulg.ac.be/Schema/TrafficMatrix-v1_2.xsd">
  <info>
    <title>Intradomain traffic matrix generated by geant-TM-all.pl</title>
    <date>2005-01-03T05:00:00</date>
    <duration>900</duration>
    <author>Steve Uhlig</author>
    <units>
        <unit type="bandwidth" value="kbps"/>
    </units>
  </info>
  <IntraTM ASID="20965">
    <src id="12">
      <dst id="12">238809.5200</dst>
      <dst id="13">25376.3289</dst>
      <dst id="19">5948.5600</dst>
      <dst id="23">6687.9911</dst>
      <dst id="8">1918.0444</dst>
      <dst id="18">704.0889</dst>
      <dst id="4">115611.2800</dst>
      <dst id="1">8289.4933</dst>
      <dst id="5">4199.6800</dst>
      <dst id="3">1628.1422</dst>
      <dst id="22">24790.5600</dst>
      <dst id="7">3167.0756</dst>
      <dst id="2">80568.3467</dst>
      <dst id="6">76.6933</dst>
      <dst id="16">9689.1022</dst>
      <dst id="14">260.7556</dst>
      <dst id="20">17503.5467</dst>
      <dst id="11">4316.0711</dst>
      <dst id="9">7506.5600</dst>
      <dst id="17">77589.6711</dst>
      <dst id="21">8873.2444</dst>
      <dst id="15">891.0400</dst>
    </src>
    <src id="13">
      <dst id="12">56577.7689</dst>
      <dst id="19">36360.9778</dst>
      <dst id="23">261.3867</dst>
      <dst id="8">15052.3822</dst>
      <dst id="18">5822.8800</dst>
      <dst id="1">4866.9244</dst>
      <dst id="5">13814.6756</dst>
      <dst id="3">7892.0533</dst>
      <dst id="22">23802.8444</dst>
      <dst id="7">15018.5244</dst>
      <dst id="2">128288.6133</dst>
      <dst id="6">32.6133</dst>
      <dst id="16">6360.8178</dst>
      <dst id="14">3204.8889</dst>
      <dst id="20">16349.5022</dst>
      <dst id="11">10866.3022</dst>
      <dst id="9">24185.3067</dst>
      <dst id="17">69573.0311</dst>
      <dst id="21">21655.6267</dst>
      <dst id="15">12597.1111</dst>
    </src>
    <src id="19">
      <dst id="12">15889.1111</dst>
      <dst id="13">3727.6622</dst>
      <dst id="23">13.7956</dst>
      <dst id="8">2213.0578</dst>
      <dst id="18">106.9244</dst>
      <dst id="4">23795.9289</dst>
      <dst id="1">811.3867</dst>
      <dst id="5">45.6889</dst>
      <dst id="3">53.8044</dst>
      <dst id="22">113.5467</dst>
      <dst id="7">5585.0667</dst>
      <dst id="2">195.6267</dst>
      <dst id="6">85.0844</dst>
      <dst id="16">4908.9511</dst>
      <dst id="14">31.8756</dst>
      <dst id="20">16.7822</dst>
      <dst id="11">52.9778</dst>
      <dst id="9">99.3333</dst>
      <dst id="17">1867.4844</dst>
      <dst id="21">228.9511</dst>
      <dst id="15">789.5467</dst>
    </src>
    <src id="23">
      <dst id="12">844.3733</dst>
      <dst id="13">193.0844</dst>
      <dst id="19">40.4711</dst>
      <dst id="8">54.8978</dst>
      <dst id="18">0.4622</dst>
      <dst id="4">496.2933</dst>
      <dst id="1">64.1956</dst>
      <dst id="5">68.9067</dst>
      <dst id="3">183.0578</dst>
      <dst id="22">1594.8267</dst>
      <dst id="7">26.8800</dst>
      <dst id="2">75.6178</dst>
      <dst id="16">567.4933</dst>
      <dst id="20">0.7111</dst>
      <dst id="11">138.7822</dst>
      <dst id="9">194.2133</dst>
      <dst id="17">467.1556</dst>
      <dst id="21">58.8356</dst>
    </src>
    <src id="8">
      <dst id="12">360135.8044</dst>
      <dst id="13">685.1644</dst>
      <dst id="19">36.6578</dst>
      <dst id="23">0.3556</dst>
      <dst id="18">173.3689</dst>
      <dst id="4">10764.6844</dst>
      <dst id="1">713.5556</dst>
      <dst id="5">2281.9556</dst>
      <dst id="3">153.7778</dst>
      <dst id="22">1158.0533</dst>
      <dst id="7">16.2667</dst>
      <dst id="2">149038.0622</dst>
      <dst id="16">738.0444</dst>
      <dst id="20">51.3689</dst>
      <dst id="11">1252.3733</dst>
      <dst id="9">1020.6222</dst>
      <dst id="17">138596.1511</dst>
      <dst id="21">242.1333</dst>
      <dst id="15">95.8489</dst>
    </src>
    <src id="18">
      <dst id="12">117121.3244</dst>
      <dst id="13">152.3556</dst>
      <dst id="19">931.0489</dst>
      <dst id="23">1.5289</dst>
      <dst id="8">173.7778</dst>
      <dst id="4">1586.7289</dst>
      <dst id="1">1273.6178</dst>
      <dst id="5">216.8178</dst>
      <dst id="3">60.2933</dst>
      <dst id="22">224.2222</dst>
      <dst id="7">102.0089</dst>
      <dst id="2">41925.2711</dst>
      <dst id="16">14.0800</dst>
      <dst id="14">24.8889</dst>
      <dst id="20">14.9067</dst>
      <dst id="11">539.1022</dst>
      <dst id="9">326.4800</dst>
      <dst id="17">43121.4311</dst>
      <dst id="21">897.1644</dst>
      <dst id="15">27.7333</dst>
    </src>
    <src id="4">
      <dst id="12">34693.0578</dst>
      <dst id="19">6106.1333</dst>
      <dst id="23">0.5244</dst>
      <dst id="8">1510.5600</dst>
      <dst id="18">2128.2044</dst>
      <dst id="4">5.0578</dst>
      <dst id="1">59883.6711</dst>
      <dst id="5">2408.9778</dst>
      <dst id="3">2025.3067</dst>
      <dst id="22">4767.6089</dst>
      <dst id="7">144046.7822</dst>
      <dst id="2">115285.5467</dst>
      <dst id="6">41.8133</dst>
      <dst id="16">2320.8089</dst>
      <dst id="14">1104.0889</dst>
      <dst id="20">1344.4444</dst>
      <dst id="11">4329.2533</dst>
      <dst id="9">4622.7644</dst>
      <dst id="17">97017.4489</dst>
      <dst id="21">12344.1333</dst>
      <dst id="15">279.3956</dst>
    </src>
    <src id="1">
      <dst id="12">18748.6133</dst>
      <dst id="13">314.1511</dst>
      <dst id="19">80.7911</dst>
      <dst id="23">33.2000</dst>
      <dst id="8">151307.5111</dst>
      <dst id="18">12930.8444</dst>
      <dst id="4">21074.5244</dst>
      <dst id="1">33909.6444</dst>
      <dst id="5">222984.2044</dst>
      <dst id="3">333.5111</dst>
      <dst id="22">5570.0622</dst>
      <dst id="7">1130.2667</dst>
      <dst id="2">19354.1867</dst>
      <dst id="6">9532.2578</dst>
      <dst id="16">8849.9200</dst>
      <dst id="14">119.0044</dst>
      <dst id="20">1172.4711</dst>
      <dst id="11">2468.3467</dst>
      <dst id="9">218396.7467</dst>
      <dst id="17">7429.0667</dst>
      <dst id="21">4932.3022</dst>
      <dst id="15">102.1422</dst>
    </src>
    <src id="5">
      <dst id="12">300063.4133</dst>
      <dst id="13">5535.5911</dst>
      <dst id="19">123.9733</dst>
      <dst id="23">162.2578</dst>
      <dst id="8">923.2711</dst>
      <dst id="18">719.1644</dst>
      <dst id="4">8668.4622</dst>
      <dst id="1">506.7111</dst>
      <dst id="3">13.8667</dst>
      <dst id="22">9609.1467</dst>
      <dst id="7">273.4933</dst>
      <dst id="2">148633.4400</dst>
      <dst id="6">13.1556</dst>
      <dst id="16">1266.5511</dst>
      <dst id="14">59.3422</dst>
      <dst id="20">661.6356</dst>
      <dst id="11">2406.8444</dst>
      <dst id="9">836.7556</dst>
      <dst id="17">106671.8667</dst>
      <dst id="21">508.0267</dst>
      <dst id="15">177.0044</dst>
    </src>
    <src id="3">
      <dst id="12">10239.7778</dst>
      <dst id="13">2115.8311</dst>
      <dst id="19">938.7911</dst>
      <dst id="23">7300.3733</dst>
      <dst id="8">120.1244</dst>
      <dst id="18">96971.6089</dst>
      <dst id="4">65326.0000</dst>
      <dst id="1">37881.9644</dst>
      <dst id="5">865.5911</dst>
      <dst id="3">22518.1511</dst>
      <dst id="22">7268.5600</dst>
      <dst id="7">732.7289</dst>
      <dst id="2">6974.2844</dst>
      <dst id="6">44.0533</dst>
      <dst id="16">1406.0533</dst>
      <dst id="14">27920.3733</dst>
      <dst id="20">32.6933</dst>
      <dst id="11">145777.4133</dst>
      <dst id="9">162.4267</dst>
      <dst id="17">12570.8800</dst>
      <dst id="21">5612.8533</dst>
      <dst id="15">40.6667</dst>
    </src>
    <src id="10">
      <dst id="12">15433.0844</dst>
      <dst id="19">1064.8978</dst>
      <dst id="8">577.6089</dst>
      <dst id="18">2414.3733</dst>
      <dst id="1">901.9911</dst>
      <dst id="5">1121.3156</dst>
      <dst id="3">7943.1911</dst>
      <dst id="22">4094.7911</dst>
      <dst id="7">12161.0133</dst>
      <dst id="2">25210.2756</dst>
      <dst id="6">15.8933</dst>
      <dst id="16">2665.7689</dst>
      <dst id="14">565.7067</dst>
      <dst id="20">5296.7644</dst>
      <dst id="11">3809.4400</dst>
      <dst id="9">4320.4089</dst>
      <dst id="17">18236.5689</dst>
      <dst id="21">10243.2356</dst>
      <dst id="15">2523.0400</dst>
    </src>
    <src id="22">
      <dst id="12">13909.7600</dst>
      <dst id="13">17474.8622</dst>
      <dst id="19">313.2800</dst>
      <dst id="23">42.2400</dst>
      <dst id="8">736.0533</dst>
      <dst id="18">1626.6489</dst>
      <dst id="4">26001.5733</dst>
      <dst id="1">206.8800</dst>
      <dst id="5">4377.5733</dst>
      <dst id="3">346.4178</dst>
      <dst id="7">1119.0044</dst>
      <dst id="2">1966.9511</dst>
      <dst id="6">3.4578</dst>
      <dst id="16">4.1956</dst>
      <dst id="14">124.6667</dst>
      <dst id="11">4108.1333</dst>
      <dst id="9">7015.6800</dst>
      <dst id="17">3985.0756</dst>
      <dst id="21">1298.0089</dst>
    </src>
    <src id="7">
      <dst id="12">11055.8044</dst>
      <dst id="13">705.8844</dst>
      <dst id="19">616.6933</dst>
      <dst id="23">427.7867</dst>
      <dst id="8">1254.9244</dst>
      <dst id="18">2340.1689</dst>
      <dst id="4">54093.3956</dst>
      <dst id="1">3498.2311</dst>
      <dst id="5">1474.0089</dst>
      <dst id="3">754.5689</dst>
      <dst id="22">5574.6222</dst>
      <dst id="7">915.9822</dst>
      <dst id="2">16910.6133</dst>
      <dst id="6">0.3556</dst>
      <dst id="16">902.0356</dst>
      <dst id="14">45.2444</dst>
      <dst id="20">898.7378</dst>
      <dst id="11">2109.3778</dst>
      <dst id="9">1248.7467</dst>
      <dst id="17">15056.7822</dst>
      <dst id="21">6909.5378</dst>
      <dst id="15">417.0311</dst>
    </src>
    <src id="2">
      <dst id="12">118083.1556</dst>
      <dst id="13">521174.4444</dst>
      <dst id="19">1164.0356</dst>
      <dst id="23">22.3822</dst>
      <dst id="8">1869.3867</dst>
      <dst id="18">89497.3600</dst>
      <dst id="4">133389.7600</dst>
      <dst id="1">10786.5956</dst>
      <dst id="5">1718.6844</dst>
      <dst id="3">33.6711</dst>
      <dst id="22">2002.2844</dst>
      <dst id="7">3335.9289</dst>
      <dst id="2">821.3867</dst>
      <dst id="6">9097.1022</dst>
      <dst id="16">2987.1467</dst>
      <dst id="14">177.5022</dst>
      <dst id="20">1696.6044</dst>
      <dst id="11">3548.3822</dst>
      <dst id="9">1466.2756</dst>
      <dst id="17">56177.6267</dst>
      <dst id="21">6078.6578</dst>
      <dst id="15">282.4711</dst>
    </src>
    <src id="6">
      <dst id="12">11194.3556</dst>
      <dst id="13">52.1778</dst>
      <dst id="19">17.9022</dst>
      <dst id="23">0.3378</dst>
      <dst id="8">53.3333</dst>
      <dst id="4">71.2711</dst>
      <dst id="1">46.2400</dst>
      <dst id="5">2.9067</dst>
      <dst id="3">0.7111</dst>
      <dst id="22">0.8889</dst>
      <dst id="2">2477.3422</dst>
      <dst id="16">6.0089</dst>
      <dst id="11">1.0756</dst>
      <dst id="9">12.5422</dst>
      <dst id="17">1230.9244</dst>
      <dst id="21">7.4489</dst>
    </src>
    <src id="16">
      <dst id="12">3518.0533</dst>
      <dst id="13">1170.4800</dst>
      <dst id="19">2087.0756</dst>
      <dst id="23">50.7556</dst>
      <dst id="8">6503.0756</dst>
      <dst id="18">4.9867</dst>
      <dst id="4">8657.7067</dst>
      <dst id="1">13811.8222</dst>
      <dst id="5">3727.5200</dst>
      <dst id="3">5.2889</dst>
      <dst id="7">5664.7378</dst>
      <dst id="2">779.7156</dst>
      <dst id="6">15.5644</dst>
      <dst id="16">63.3156</dst>
      <dst id="14">604.4178</dst>
      <dst id="11">337.8844</dst>
      <dst id="9">5784.0533</dst>
      <dst id="17">2358.9156</dst>
      <dst id="21">767.0489</dst>
    </src>
    <src id="14">
      <dst id="12">16866.2933</dst>
      <dst id="13">76.5689</dst>
      <dst id="19">7.5911</dst>
      <dst id="23">15.4756</dst>
      <dst id="8">1.1733</dst>
      <dst id="18">1.2089</dst>
      <dst id="4">3510.4178</dst>
      <dst id="1">93.7689</dst>
      <dst id="5">53.2800</dst>
      <dst id="3">42.2044</dst>
      <dst id="22">27.4844</dst>
      <dst id="7">60.7378</dst>
      <dst id="2">5821.0044</dst>
      <dst id="16">11.0222</dst>
      <dst id="20">162.8800</dst>
      <dst id="11">52.5778</dst>
      <dst id="9">59.0489</dst>
      <dst id="17">7475.0578</dst>
      <dst id="21">105.4044</dst>
    </src>
    <src id="20">
      <dst id="12">4834.7467</dst>
      <dst id="13">3661.2267</dst>
      <dst id="19">0.7022</dst>
      <dst id="23">16.8889</dst>
      <dst id="8">36.2400</dst>
      <dst id="18">1.3156</dst>
      <dst id="4">18570.4000</dst>
      <dst id="1">179.5200</dst>
      <dst id="5">1123.4756</dst>
      <dst id="3">776.4800</dst>
      <dst id="22">1.0667</dst>
      <dst id="7">81.5289</dst>
      <dst id="2">8885.9733</dst>
      <dst id="6">12.8000</dst>
      <dst id="16">1.5111</dst>
      <dst id="14">55.4311</dst>
      <dst id="11">119.6533</dst>
      <dst id="9">19771.8578</dst>
      <dst id="17">1467.1378</dst>
      <dst id="21">225.0933</dst>
    </src>
    <src id="11">
      <dst id="12">385734.8622</dst>
      <dst id="13">4083.0578</dst>
      <dst id="19">369.5022</dst>
      <dst id="23">13.9111</dst>
      <dst id="8">3855.1556</dst>
      <dst id="18">333.4133</dst>
      <dst id="4">16350.8889</dst>
      <dst id="1">426.1156</dst>
      <dst id="5">1024.1156</dst>
      <dst id="3">930.1689</dst>
      <dst id="22">2053.2622</dst>
      <dst id="7">392.3289</dst>
      <dst id="2">151596.4089</dst>
      <dst id="6">13.2622</dst>
      <dst id="16">294.2311</dst>
      <dst id="14">160.7733</dst>
      <dst id="20">689.8844</dst>
      <dst id="11">688.0711</dst>
      <dst id="9">1820.3822</dst>
      <dst id="17">142724.4356</dst>
      <dst id="21">411.3511</dst>
      <dst id="15">2473.1556</dst>
    </src>
    <src id="9">
      <dst id="12">450586.8356</dst>
      <dst id="13">5790.4533</dst>
      <dst id="19">131.0489</dst>
      <dst id="23">11.2533</dst>
      <dst id="8">1336.4089</dst>
      <dst id="18">441.7422</dst>
      <dst id="4">11795.8489</dst>
      <dst id="1">910.1511</dst>
      <dst id="5">5198.9600</dst>
      <dst id="3">75.8044</dst>
      <dst id="22">3595.9822</dst>
      <dst id="7">1599.0844</dst>
      <dst id="2">157011.6267</dst>
      <dst id="6">1.4756</dst>
      <dst id="16">3260.8356</dst>
      <dst id="14">24.1067</dst>
      <dst id="20">1462.4000</dst>
      <dst id="11">1233.1289</dst>
      <dst id="9">5036.3644</dst>
      <dst id="17">157603.9911</dst>
      <dst id="21">780.1156</dst>
      <dst id="15">3748.9067</dst>
    </src>
    <src id="17">
      <dst id="12">11598.3378</dst>
      <dst id="13">2395.1556</dst>
      <dst id="19">554.0622</dst>
      <dst id="23">367.2978</dst>
      <dst id="8">175382.8533</dst>
      <dst id="18">207.3422</dst>
      <dst id="4">171732.4356</dst>
      <dst id="1">1788.8444</dst>
      <dst id="5">230422.3644</dst>
      <dst id="3">8622.4800</dst>
      <dst id="22">13283.4222</dst>
      <dst id="7">2545.9556</dst>
      <dst id="2">37257.9822</dst>
      <dst id="6">47.6533</dst>
      <dst id="16">5390.7911</dst>
      <dst id="14">28943.9289</dst>
      <dst id="20">3694.0978</dst>
      <dst id="11">135837.9289</dst>
      <dst id="9">178367.2089</dst>
      <dst id="17">1505.0844</dst>
      <dst id="21">8648.3289</dst>
      <dst id="15">1907.0756</dst>
    </src>
    <src id="21">
      <dst id="12">21532.2756</dst>
      <dst id="13">612.7556</dst>
      <dst id="19">326.7289</dst>
      <dst id="23">1466.5511</dst>
      <dst id="8">112.7200</dst>
      <dst id="18">3852.5511</dst>
      <dst id="4">37586.0800</dst>
      <dst id="1">1545.0133</dst>
      <dst id="5">362.3022</dst>
      <dst id="3">670.1067</dst>
      <dst id="22">1930.7556</dst>
      <dst id="7">2865.5111</dst>
      <dst id="2">9772.4000</dst>
      <dst id="6">5.0489</dst>
      <dst id="16">278.2578</dst>
      <dst id="14">159.8311</dst>
      <dst id="20">229.2889</dst>
      <dst id="11">631.8044</dst>
      <dst id="9">1220.4000</dst>
      <dst id="17">5005.9467</dst>
      <dst id="21">2621.4667</dst>
      <dst id="15">24.5333</dst>
    </src>
    <src id="15">
      <dst id="12">3721.5644</dst>
      <dst id="13">13032.9333</dst>
      <dst id="19">6135.5378</dst>
      <dst id="8">18.0622</dst>
      <dst id="18">15.6533</dst>
      <dst id="4">7660.0356</dst>
      <dst id="1">387.8667</dst>
      <dst id="5">1284.5600</dst>
      <dst id="3">248.0444</dst>
      <dst id="7">120.8889</dst>
      <dst id="2">234.5156</dst>
      <dst id="16">5.1200</dst>
      <dst id="11">201.5111</dst>
      <dst id="9">685.1644</dst>
      <dst id="17">528.7289</dst>
      <dst id="21">46.2667</dst>
    </src>
  </IntraTM>
</TrafficMatrixFile>
