<?xml version="1.0" encoding="UTF-8" standalone="yes"?>
<TrafficMatrixFile xmlns:xsi="http://www.w3.org/2001/XMLSchema-instance" xsi:noNamespaceSchemaLocation="http://totem.run.montefiore.ulg.ac.be/Schema/TrafficMatrix-v1_2.xsd">
  <info>
    <title>Intradomain traffic matrix generated by geant-TM-all.pl</title>
    <date>2005-01-05T07:15:00</date>
    <duration>900</duration>
    <author>Steve Uhlig</author>
    <units>
        <unit type="bandwidth" value="kbps"/>
    </units>
  </info>
  <IntraTM ASID="20965">
    <src id="12">
      <dst id="12">251258.2044</dst>
      <dst id="13">35814.4622</dst>
      <dst id="19">2898.7822</dst>
      <dst id="23">403.4844</dst>
      <dst id="8">7473.2178</dst>
      <dst id="18">833.0133</dst>
      <dst id="4">94472.7556</dst>
      <dst id="1">15588.7200</dst>
      <dst id="5">98627.6444</dst>
      <dst id="3">5661.5467</dst>
      <dst id="22">13493.1822</dst>
      <dst id="7">1269.5733</dst>
      <dst id="2">85209.7333</dst>
      <dst id="6">28.9156</dst>
      <dst id="16">3922.5600</dst>
      <dst id="14">186.0711</dst>
      <dst id="20">4007.9911</dst>
      <dst id="11">2187.6622</dst>
      <dst id="9">10182.8356</dst>
      <dst id="17">92292.4533</dst>
      <dst id="21">2703.8489</dst>
      <dst id="15">2065.4222</dst>
    </src>
    <src id="13">
      <dst id="12">49727.6178</dst>
      <dst id="19">11831.7333</dst>
      <dst id="23">47.3333</dst>
      <dst id="8">4689.9644</dst>
      <dst id="18">1895.5644</dst>
      <dst id="1">4302.4533</dst>
      <dst id="5">15309.1822</dst>
      <dst id="3">5581.5556</dst>
      <dst id="22">23698.0178</dst>
      <dst id="7">14109.6178</dst>
      <dst id="2">113753.3156</dst>
      <dst id="6">92.0267</dst>
      <dst id="16">7101.4400</dst>
      <dst id="14">8890.8622</dst>
      <dst id="20">16642.2400</dst>
      <dst id="11">10348.9778</dst>
      <dst id="9">20696.4356</dst>
      <dst id="17">58144.4267</dst>
      <dst id="21">9205.2622</dst>
      <dst id="15">6085.2356</dst>
    </src>
    <src id="19">
      <dst id="12">10584.2578</dst>
      <dst id="13">4045.0489</dst>
      <dst id="8">40.3556</dst>
      <dst id="18">2711.0756</dst>
      <dst id="4">20256.4267</dst>
      <dst id="1">395.4133</dst>
      <dst id="5">66.1067</dst>
      <dst id="3">0.3556</dst>
      <dst id="22">181.3333</dst>
      <dst id="7">2527.2978</dst>
      <dst id="2">247.4400</dst>
      <dst id="16">5159.9378</dst>
      <dst id="20">19.6000</dst>
      <dst id="11">257.5200</dst>
      <dst id="9">84.3467</dst>
      <dst id="17">433.8489</dst>
      <dst id="21">33.8400</dst>
      <dst id="15">2.8533</dst>
    </src>
    <src id="23">
      <dst id="12">272.8889</dst>
      <dst id="13">264.4444</dst>
      <dst id="19">24.8889</dst>
      <dst id="8">13.3333</dst>
      <dst id="4">20.5244</dst>
      <dst id="1">54.2756</dst>
      <dst id="5">13.3333</dst>
      <dst id="3">222.5600</dst>
      <dst id="22">246.3111</dst>
      <dst id="7">153.2089</dst>
      <dst id="2">87.3422</dst>
      <dst id="16">140.1600</dst>
      <dst id="14">1.7156</dst>
      <dst id="20">61.0400</dst>
      <dst id="11">73.0667</dst>
      <dst id="9">1903.2889</dst>
      <dst id="17">596.2844</dst>
      <dst id="21">153.5644</dst>
      <dst id="15">25.3422</dst>
    </src>
    <src id="8">
      <dst id="12">301812.5067</dst>
      <dst id="13">644.9778</dst>
      <dst id="19">2.0000</dst>
      <dst id="23">0.3556</dst>
      <dst id="18">29.0667</dst>
      <dst id="4">11125.5911</dst>
      <dst id="1">1362.6222</dst>
      <dst id="5">2666.2489</dst>
      <dst id="3">0.4178</dst>
      <dst id="22">415.7333</dst>
      <dst id="7">56.0622</dst>
      <dst id="2">120650.9511</dst>
      <dst id="16">463.8756</dst>
      <dst id="20">25.4933</dst>
      <dst id="11">115.3422</dst>
      <dst id="9">312.7111</dst>
      <dst id="17">133417.5111</dst>
      <dst id="21">186.7556</dst>
      <dst id="15">61.9289</dst>
    </src>
    <src id="18">
      <dst id="12">104711.6178</dst>
      <dst id="13">661.9733</dst>
      <dst id="19">55.7422</dst>
      <dst id="23">0.3556</dst>
      <dst id="8">385.6089</dst>
      <dst id="4">620.9956</dst>
      <dst id="1">1041.7422</dst>
      <dst id="5">543.4044</dst>
      <dst id="3">1250.7378</dst>
      <dst id="22">484.6222</dst>
      <dst id="7">55.8756</dst>
      <dst id="2">28451.6978</dst>
      <dst id="16">27.5822</dst>
      <dst id="14">13.3333</dst>
      <dst id="20">14.8089</dst>
      <dst id="11">64.1422</dst>
      <dst id="9">25.8489</dst>
      <dst id="17">37755.1111</dst>
      <dst id="21">180.8000</dst>
      <dst id="15">1.2089</dst>
    </src>
    <src id="4">
      <dst id="12">12649.0489</dst>
      <dst id="19">16371.7600</dst>
      <dst id="23">0.4622</dst>
      <dst id="8">3188.6756</dst>
      <dst id="18">318.9333</dst>
      <dst id="1">110950.1422</dst>
      <dst id="5">2035.6444</dst>
      <dst id="3">28.0889</dst>
      <dst id="22">3202.9600</dst>
      <dst id="7">41290.3200</dst>
      <dst id="2">90029.1733</dst>
      <dst id="6">33.5911</dst>
      <dst id="16">2396.8622</dst>
      <dst id="14">1303.3067</dst>
      <dst id="20">4725.7689</dst>
      <dst id="11">2704.8800</dst>
      <dst id="9">2955.2089</dst>
      <dst id="17">16684.6311</dst>
      <dst id="21">5687.4400</dst>
      <dst id="15">539.8756</dst>
    </src>
    <src id="1">
      <dst id="12">16744.9600</dst>
      <dst id="13">484.5422</dst>
      <dst id="19">120.3556</dst>
      <dst id="23">75.8667</dst>
      <dst id="8">114690.4444</dst>
      <dst id="18">12583.9822</dst>
      <dst id="4">8601.9644</dst>
      <dst id="1">9894.7911</dst>
      <dst id="5">223141.8756</dst>
      <dst id="3">208.9778</dst>
      <dst id="22">3961.4933</dst>
      <dst id="7">856.2222</dst>
      <dst id="2">24577.1111</dst>
      <dst id="6">11470.5511</dst>
      <dst id="16">9825.1911</dst>
      <dst id="14">15.5378</dst>
      <dst id="20">442.1867</dst>
      <dst id="11">1171.0933</dst>
      <dst id="9">239073.8133</dst>
      <dst id="17">7631.6178</dst>
      <dst id="21">7895.2444</dst>
      <dst id="15">151.8044</dst>
    </src>
    <src id="5">
      <dst id="12">300173.0400</dst>
      <dst id="13">1117.2889</dst>
      <dst id="19">13.7511</dst>
      <dst id="23">2.0800</dst>
      <dst id="8">818.4444</dst>
      <dst id="18">430.7111</dst>
      <dst id="4">8166.2311</dst>
      <dst id="1">332.3733</dst>
      <dst id="3">19.1822</dst>
      <dst id="22">7040.2400</dst>
      <dst id="7">1224.9422</dst>
      <dst id="2">135333.2178</dst>
      <dst id="6">24.8889</dst>
      <dst id="16">646.2489</dst>
      <dst id="14">18.0356</dst>
      <dst id="20">2527.6444</dst>
      <dst id="11">2135.9911</dst>
      <dst id="9">960.9067</dst>
      <dst id="17">103722.4711</dst>
      <dst id="21">178.8444</dst>
      <dst id="15">205.0667</dst>
    </src>
    <src id="3">
      <dst id="12">13327.8400</dst>
      <dst id="13">4454.2844</dst>
      <dst id="19">462.8089</dst>
      <dst id="23">7956.0089</dst>
      <dst id="8">96.9511</dst>
      <dst id="18">50613.9022</dst>
      <dst id="4">36091.1378</dst>
      <dst id="1">3098.5067</dst>
      <dst id="5">384.3289</dst>
      <dst id="3">9737.6889</dst>
      <dst id="22">6549.9911</dst>
      <dst id="7">5919.0667</dst>
      <dst id="2">26637.4400</dst>
      <dst id="6">14.7733</dst>
      <dst id="16">645.2444</dst>
      <dst id="14">34209.0933</dst>
      <dst id="20">2508.4978</dst>
      <dst id="11">128327.7067</dst>
      <dst id="9">874.0178</dst>
      <dst id="17">17215.6267</dst>
      <dst id="21">12278.6311</dst>
      <dst id="15">2523.1733</dst>
    </src>
    <src id="10">
      <dst id="12">13045.2889</dst>
      <dst id="19">1744.6578</dst>
      <dst id="8">876.7556</dst>
      <dst id="18">4164.4889</dst>
      <dst id="4">0.3556</dst>
      <dst id="1">2414.2667</dst>
      <dst id="5">1408.8178</dst>
      <dst id="3">1547.0756</dst>
      <dst id="22">4767.6267</dst>
      <dst id="7">9267.1289</dst>
      <dst id="2">22309.1822</dst>
      <dst id="16">2542.7289</dst>
      <dst id="14">2564.1156</dst>
      <dst id="20">2226.8800</dst>
      <dst id="11">5412.6311</dst>
      <dst id="9">5241.6622</dst>
      <dst id="17">30513.1911</dst>
      <dst id="21">4732.7111</dst>
      <dst id="15">170.0978</dst>
    </src>
    <src id="22">
      <dst id="12">16471.0133</dst>
      <dst id="13">3222.1600</dst>
      <dst id="19">151.9378</dst>
      <dst id="23">120.5511</dst>
      <dst id="8">1267.7333</dst>
      <dst id="18">524.1067</dst>
      <dst id="4">19582.7911</dst>
      <dst id="1">177.5644</dst>
      <dst id="5">4768.3822</dst>
      <dst id="3">1605.6978</dst>
      <dst id="7">2074.3556</dst>
      <dst id="2">1754.6489</dst>
      <dst id="6">51.6622</dst>
      <dst id="16">0.8711</dst>
      <dst id="14">142.0889</dst>
      <dst id="11">3666.9511</dst>
      <dst id="9">2659.4311</dst>
      <dst id="17">5221.1378</dst>
      <dst id="21">563.2800</dst>
    </src>
    <src id="7">
      <dst id="12">3551.9289</dst>
      <dst id="13">353.9022</dst>
      <dst id="19">1502.8089</dst>
      <dst id="23">28.6667</dst>
      <dst id="8">434.4089</dst>
      <dst id="18">304.8178</dst>
      <dst id="4">17312.1867</dst>
      <dst id="1">2308.7111</dst>
      <dst id="5">1763.1911</dst>
      <dst id="3">1120.7822</dst>
      <dst id="22">4069.5644</dst>
      <dst id="7">789.8756</dst>
      <dst id="2">12078.1867</dst>
      <dst id="6">5.4578</dst>
      <dst id="16">814.5422</dst>
      <dst id="14">288.6578</dst>
      <dst id="20">208.1422</dst>
      <dst id="11">516.0089</dst>
      <dst id="9">1202.4444</dst>
      <dst id="17">6978.7556</dst>
      <dst id="21">736.6311</dst>
      <dst id="15">161.0489</dst>
    </src>
    <src id="2">
      <dst id="12">88280.7644</dst>
      <dst id="13">524268.2933</dst>
      <dst id="19">664.0444</dst>
      <dst id="23">142.3200</dst>
      <dst id="8">206.6933</dst>
      <dst id="18">37064.1956</dst>
      <dst id="4">80344.2311</dst>
      <dst id="1">15739.5822</dst>
      <dst id="5">6710.3467</dst>
      <dst id="3">112.5511</dst>
      <dst id="22">1904.4267</dst>
      <dst id="7">8090.2044</dst>
      <dst id="2">696.5956</dst>
      <dst id="6">6548.9600</dst>
      <dst id="16">3862.3822</dst>
      <dst id="14">5341.1644</dst>
      <dst id="20">1164.7556</dst>
      <dst id="11">2436.8800</dst>
      <dst id="9">5451.4311</dst>
      <dst id="17">41738.5067</dst>
      <dst id="21">3167.3511</dst>
      <dst id="15">2763.1556</dst>
    </src>
    <src id="6">
      <dst id="12">8612.9778</dst>
      <dst id="13">31.9289</dst>
      <dst id="23">0.3378</dst>
      <dst id="4">1409.3422</dst>
      <dst id="1">1.7244</dst>
      <dst id="5">15.4578</dst>
      <dst id="3">0.7111</dst>
      <dst id="22">17.6622</dst>
      <dst id="7">10.0000</dst>
      <dst id="2">2259.0400</dst>
      <dst id="20">0.8178</dst>
      <dst id="11">1.4933</dst>
      <dst id="9">1.1378</dst>
      <dst id="17">1339.0222</dst>
      <dst id="21">0.3556</dst>
      <dst id="15">1.1378</dst>
    </src>
    <src id="16">
      <dst id="12">1436.4711</dst>
      <dst id="13">589.9111</dst>
      <dst id="19">3703.9911</dst>
      <dst id="23">3.1111</dst>
      <dst id="8">4413.7867</dst>
      <dst id="18">187.5822</dst>
      <dst id="4">3708.1778</dst>
      <dst id="1">16945.6978</dst>
      <dst id="5">3179.3422</dst>
      <dst id="3">0.4178</dst>
      <dst id="7">2830.4978</dst>
      <dst id="2">808.4000</dst>
      <dst id="16">42.7644</dst>
      <dst id="14">372.9156</dst>
      <dst id="11">297.4400</dst>
      <dst id="9">5933.5022</dst>
      <dst id="17">3716.2844</dst>
      <dst id="21">1815.1378</dst>
    </src>
    <src id="14">
      <dst id="12">21497.6267</dst>
      <dst id="13">155.9022</dst>
      <dst id="19">5.9733</dst>
      <dst id="18">11.7956</dst>
      <dst id="4">1704.5156</dst>
      <dst id="1">27.7956</dst>
      <dst id="5">35.5289</dst>
      <dst id="3">67.1911</dst>
      <dst id="22">13.6178</dst>
      <dst id="7">51.4044</dst>
      <dst id="2">9164.8444</dst>
      <dst id="16">8.3200</dst>
      <dst id="20">14.3289</dst>
      <dst id="11">52.9600</dst>
      <dst id="9">15.5733</dst>
      <dst id="17">8567.5911</dst>
      <dst id="21">56.8356</dst>
    </src>
    <src id="20">
      <dst id="12">9468.7378</dst>
      <dst id="13">1448.8178</dst>
      <dst id="19">42.8711</dst>
      <dst id="23">78.1156</dst>
      <dst id="8">174.5422</dst>
      <dst id="18">17.9378</dst>
      <dst id="4">4957.7689</dst>
      <dst id="1">123.3600</dst>
      <dst id="5">761.3778</dst>
      <dst id="3">936.2222</dst>
      <dst id="7">1571.2800</dst>
      <dst id="2">2452.7467</dst>
      <dst id="6">30.6578</dst>
      <dst id="14">927.3867</dst>
      <dst id="11">1872.8978</dst>
      <dst id="9">3747.6178</dst>
      <dst id="17">1659.6711</dst>
      <dst id="21">236.4711</dst>
    </src>
    <src id="11">
      <dst id="12">402193.4400</dst>
      <dst id="13">4914.4444</dst>
      <dst id="19">52.7378</dst>
      <dst id="23">27.2178</dst>
      <dst id="8">160.8711</dst>
      <dst id="18">34.6667</dst>
      <dst id="4">6904.8622</dst>
      <dst id="1">767.7422</dst>
      <dst id="5">2786.8889</dst>
      <dst id="3">665.5378</dst>
      <dst id="22">2579.0400</dst>
      <dst id="7">648.7644</dst>
      <dst id="2">157408.3289</dst>
      <dst id="6">28.2222</dst>
      <dst id="16">111.9733</dst>
      <dst id="14">67.9733</dst>
      <dst id="20">1604.5244</dst>
      <dst id="11">1566.1333</dst>
      <dst id="9">989.4756</dst>
      <dst id="17">167074.0267</dst>
      <dst id="21">284.2400</dst>
      <dst id="15">86.5511</dst>
    </src>
    <src id="9">
      <dst id="12">517260.0444</dst>
      <dst id="13">5936.0533</dst>
      <dst id="19">25.6356</dst>
      <dst id="23">82.4533</dst>
      <dst id="8">119.3244</dst>
      <dst id="18">16.0178</dst>
      <dst id="4">7445.1644</dst>
      <dst id="1">1417.7244</dst>
      <dst id="5">6319.0578</dst>
      <dst id="3">26.4356</dst>
      <dst id="22">1804.9244</dst>
      <dst id="7">181.6000</dst>
      <dst id="2">178203.8044</dst>
      <dst id="16">803.3511</dst>
      <dst id="14">2.8622</dst>
      <dst id="20">10119.3600</dst>
      <dst id="11">398.2578</dst>
      <dst id="9">71.5822</dst>
      <dst id="17">184453.7867</dst>
      <dst id="21">268.3200</dst>
      <dst id="15">1212.8622</dst>
    </src>
    <src id="17">
      <dst id="12">4380.0089</dst>
      <dst id="13">2394.6044</dst>
      <dst id="19">6388.0889</dst>
      <dst id="23">76.9778</dst>
      <dst id="8">122499.2711</dst>
      <dst id="18">115.7067</dst>
      <dst id="4">71788.8089</dst>
      <dst id="1">3517.2978</dst>
      <dst id="5">208829.2089</dst>
      <dst id="3">7958.0533</dst>
      <dst id="22">4461.2444</dst>
      <dst id="7">804.2489</dst>
      <dst id="2">9864.2044</dst>
      <dst id="6">686.3111</dst>
      <dst id="16">5499.0578</dst>
      <dst id="14">20900.7644</dst>
      <dst id="20">669.7511</dst>
      <dst id="11">93324.7111</dst>
      <dst id="9">201888.9422</dst>
      <dst id="17">1630.6044</dst>
      <dst id="21">4188.1333</dst>
      <dst id="15">1164.4356</dst>
    </src>
    <src id="21">
      <dst id="12">15664.7111</dst>
      <dst id="13">6870.7644</dst>
      <dst id="19">47.2089</dst>
      <dst id="23">0.4622</dst>
      <dst id="8">17.2533</dst>
      <dst id="18">208.0356</dst>
      <dst id="4">19195.4933</dst>
      <dst id="1">1259.8933</dst>
      <dst id="5">219.9822</dst>
      <dst id="3">5920.8000</dst>
      <dst id="22">2195.2444</dst>
      <dst id="7">5917.6800</dst>
      <dst id="2">25797.2711</dst>
      <dst id="6">16.2489</dst>
      <dst id="16">481.3778</dst>
      <dst id="14">523.5467</dst>
      <dst id="20">1196.7200</dst>
      <dst id="11">1387.0489</dst>
      <dst id="9">553.3689</dst>
      <dst id="17">3206.1689</dst>
      <dst id="21">721.9289</dst>
      <dst id="15">649.3867</dst>
    </src>
    <src id="15">
      <dst id="12">1331.5822</dst>
      <dst id="13">1660.0444</dst>
      <dst id="19">69.1378</dst>
      <dst id="23">28.5867</dst>
      <dst id="8">339.4933</dst>
      <dst id="18">0.6222</dst>
      <dst id="4">748.9067</dst>
      <dst id="1">1006.7644</dst>
      <dst id="5">844.9333</dst>
      <dst id="3">25.0489</dst>
      <dst id="7">68.0800</dst>
      <dst id="2">414.6222</dst>
      <dst id="11">222.7378</dst>
      <dst id="9">1812.7467</dst>
      <dst id="17">391.2978</dst>
      <dst id="21">150.0178</dst>
    </src>
  </IntraTM>
</TrafficMatrixFile>
