<?xml version="1.0" encoding="UTF-8" standalone="yes"?>
<TrafficMatrixFile xmlns:xsi="http://www.w3.org/2001/XMLSchema-instance" xsi:noNamespaceSchemaLocation="http://totem.run.montefiore.ulg.ac.be/Schema/TrafficMatrix-v1_2.xsd">
  <info>
    <title>Intradomain traffic matrix generated by geant-TM-all.pl</title>
    <date>2005-01-05T06:15:00</date>
    <duration>900</duration>
    <author>Steve Uhlig</author>
    <units>
        <unit type="bandwidth" value="kbps"/>
    </units>
  </info>
  <IntraTM ASID="20965">
    <src id="12">
      <dst id="12">252434.2756</dst>
      <dst id="13">31779.3333</dst>
      <dst id="19">3625.6978</dst>
      <dst id="23">882.1422</dst>
      <dst id="8">7901.9733</dst>
      <dst id="18">1270.6044</dst>
      <dst id="4">97978.2578</dst>
      <dst id="1">8656.8267</dst>
      <dst id="5">4093.6711</dst>
      <dst id="3">1521.9556</dst>
      <dst id="22">9149.6978</dst>
      <dst id="7">13728.3378</dst>
      <dst id="2">101893.2978</dst>
      <dst id="6">37.4667</dst>
      <dst id="16">6115.2089</dst>
      <dst id="14">230.9333</dst>
      <dst id="20">20948.8889</dst>
      <dst id="11">5560.1689</dst>
      <dst id="9">10886.9778</dst>
      <dst id="17">77918.5333</dst>
      <dst id="21">1169.3244</dst>
      <dst id="15">2723.7956</dst>
    </src>
    <src id="13">
      <dst id="12">47788.4444</dst>
      <dst id="19">14057.9644</dst>
      <dst id="23">67.9022</dst>
      <dst id="8">6873.7956</dst>
      <dst id="18">4042.4711</dst>
      <dst id="1">4498.2133</dst>
      <dst id="5">6928.3467</dst>
      <dst id="3">5440.6844</dst>
      <dst id="22">19784.4000</dst>
      <dst id="7">13676.1511</dst>
      <dst id="2">115463.3067</dst>
      <dst id="6">229.8311</dst>
      <dst id="16">9386.1778</dst>
      <dst id="14">3033.9111</dst>
      <dst id="20">6750.0800</dst>
      <dst id="11">15846.1511</dst>
      <dst id="9">14307.1556</dst>
      <dst id="17">53255.6356</dst>
      <dst id="21">4932.3467</dst>
      <dst id="15">2054.4978</dst>
    </src>
    <src id="19">
      <dst id="12">13185.0222</dst>
      <dst id="13">4346.3644</dst>
      <dst id="23">1.0311</dst>
      <dst id="8">1.0667</dst>
      <dst id="18">2335.6267</dst>
      <dst id="4">20456.5156</dst>
      <dst id="1">851.9467</dst>
      <dst id="5">1.1733</dst>
      <dst id="3">4.9244</dst>
      <dst id="22">140.2844</dst>
      <dst id="7">3315.8311</dst>
      <dst id="2">181.2267</dst>
      <dst id="6">12.8889</dst>
      <dst id="16">7124.8978</dst>
      <dst id="14">1.1822</dst>
      <dst id="20">135.4667</dst>
      <dst id="11">271.7067</dst>
      <dst id="9">34.3378</dst>
      <dst id="17">373.7778</dst>
      <dst id="21">166.1956</dst>
      <dst id="15">31.2533</dst>
    </src>
    <src id="23">
      <dst id="12">590.2311</dst>
      <dst id="13">779.6533</dst>
      <dst id="19">51.1644</dst>
      <dst id="8">66.6667</dst>
      <dst id="4">26.8800</dst>
      <dst id="1">18.2756</dst>
      <dst id="5">230.9333</dst>
      <dst id="3">248.5867</dst>
      <dst id="22">236.3378</dst>
      <dst id="7">37.1022</dst>
      <dst id="2">17.1911</dst>
      <dst id="16">4.5689</dst>
      <dst id="14">50.4889</dst>
      <dst id="20">112.9600</dst>
      <dst id="11">85.7600</dst>
      <dst id="9">2355.4489</dst>
      <dst id="17">224.1956</dst>
      <dst id="21">52.2489</dst>
      <dst id="15">10.9511</dst>
    </src>
    <src id="8">
      <dst id="12">361805.2178</dst>
      <dst id="13">633.2533</dst>
      <dst id="19">4.1956</dst>
      <dst id="23">1.4222</dst>
      <dst id="18">43.3867</dst>
      <dst id="4">6379.9289</dst>
      <dst id="1">699.9556</dst>
      <dst id="5">13536.7911</dst>
      <dst id="3">63.1111</dst>
      <dst id="22">5514.1867</dst>
      <dst id="7">31.4044</dst>
      <dst id="2">118029.9111</dst>
      <dst id="16">1447.5022</dst>
      <dst id="20">438.3022</dst>
      <dst id="11">236.4800</dst>
      <dst id="9">4389.2800</dst>
      <dst id="17">139054.5244</dst>
      <dst id="21">419.1644</dst>
      <dst id="15">279.3600</dst>
    </src>
    <src id="18">
      <dst id="12">100433.7244</dst>
      <dst id="13">906.5333</dst>
      <dst id="19">47.9289</dst>
      <dst id="23">0.9422</dst>
      <dst id="8">236.3111</dst>
      <dst id="4">1521.5733</dst>
      <dst id="1">701.1644</dst>
      <dst id="5">269.9644</dst>
      <dst id="3">41.0222</dst>
      <dst id="22">452.3911</dst>
      <dst id="7">316.8000</dst>
      <dst id="2">28741.4400</dst>
      <dst id="16">28.2133</dst>
      <dst id="14">2.4889</dst>
      <dst id="20">1.3689</dst>
      <dst id="11">73.1467</dst>
      <dst id="9">23.2000</dst>
      <dst id="17">37763.5022</dst>
      <dst id="21">293.8578</dst>
      <dst id="15">5.6622</dst>
    </src>
    <src id="4">
      <dst id="12">18490.4356</dst>
      <dst id="19">17308.7911</dst>
      <dst id="23">1.0667</dst>
      <dst id="8">1490.3378</dst>
      <dst id="18">239.3778</dst>
      <dst id="1">15182.1778</dst>
      <dst id="5">2705.3600</dst>
      <dst id="3">270.8889</dst>
      <dst id="22">5474.8000</dst>
      <dst id="7">26961.3956</dst>
      <dst id="2">104256.2844</dst>
      <dst id="6">1.1467</dst>
      <dst id="16">2286.4178</dst>
      <dst id="14">1077.8400</dst>
      <dst id="20">2811.3511</dst>
      <dst id="11">2899.9822</dst>
      <dst id="9">4300.4267</dst>
      <dst id="17">12935.9111</dst>
      <dst id="21">4719.5200</dst>
      <dst id="15">752.5867</dst>
    </src>
    <src id="1">
      <dst id="12">15223.1022</dst>
      <dst id="13">3649.6267</dst>
      <dst id="19">76.7822</dst>
      <dst id="23">18.9600</dst>
      <dst id="8">124531.0222</dst>
      <dst id="18">12959.3956</dst>
      <dst id="4">11291.1733</dst>
      <dst id="1">9402.4800</dst>
      <dst id="5">262266.4978</dst>
      <dst id="3">229.3778</dst>
      <dst id="22">1827.9289</dst>
      <dst id="7">1115.5556</dst>
      <dst id="2">15089.4756</dst>
      <dst id="6">7595.8844</dst>
      <dst id="16">12032.4622</dst>
      <dst id="14">1044.1511</dst>
      <dst id="20">1703.1289</dst>
      <dst id="11">1882.3822</dst>
      <dst id="9">220229.6800</dst>
      <dst id="17">6368.5867</dst>
      <dst id="21">2449.7867</dst>
      <dst id="15">1432.3200</dst>
    </src>
    <src id="5">
      <dst id="12">323128.1067</dst>
      <dst id="13">4355.2622</dst>
      <dst id="19">15.7244</dst>
      <dst id="23">209.5911</dst>
      <dst id="8">9797.0578</dst>
      <dst id="18">720.8533</dst>
      <dst id="4">5047.7778</dst>
      <dst id="1">447.0133</dst>
      <dst id="3">7.6444</dst>
      <dst id="22">3806.8356</dst>
      <dst id="7">1555.7511</dst>
      <dst id="2">151332.6311</dst>
      <dst id="6">23.4311</dst>
      <dst id="16">652.3733</dst>
      <dst id="14">2.5422</dst>
      <dst id="20">3819.8222</dst>
      <dst id="11">984.5778</dst>
      <dst id="9">13729.5467</dst>
      <dst id="17">108331.6444</dst>
      <dst id="21">76.7822</dst>
      <dst id="15">334.0889</dst>
    </src>
    <src id="3">
      <dst id="12">14692.0267</dst>
      <dst id="13">7044.6311</dst>
      <dst id="19">1098.4800</dst>
      <dst id="23">8536.7200</dst>
      <dst id="8">23.6000</dst>
      <dst id="18">47690.8533</dst>
      <dst id="4">38602.6844</dst>
      <dst id="1">9789.9022</dst>
      <dst id="5">418.4267</dst>
      <dst id="3">8002.2667</dst>
      <dst id="22">3804.4978</dst>
      <dst id="7">4766.6044</dst>
      <dst id="2">15043.7244</dst>
      <dst id="6">13.1911</dst>
      <dst id="16">1278.7022</dst>
      <dst id="14">36349.1911</dst>
      <dst id="20">4664.2222</dst>
      <dst id="11">122171.2356</dst>
      <dst id="9">655.9111</dst>
      <dst id="17">18842.4889</dst>
      <dst id="21">15796.0711</dst>
      <dst id="15">34.3822</dst>
    </src>
    <src id="10">
      <dst id="12">11939.7067</dst>
      <dst id="19">1937.4578</dst>
      <dst id="8">784.2489</dst>
      <dst id="18">1132.2311</dst>
      <dst id="1">2532.8889</dst>
      <dst id="5">1426.6400</dst>
      <dst id="3">2633.0133</dst>
      <dst id="22">3584.0711</dst>
      <dst id="7">4624.0444</dst>
      <dst id="2">20507.8222</dst>
      <dst id="6">1.1467</dst>
      <dst id="16">2474.9067</dst>
      <dst id="14">2791.1733</dst>
      <dst id="20">5597.1378</dst>
      <dst id="11">4873.0933</dst>
      <dst id="9">5234.3289</dst>
      <dst id="17">16229.3778</dst>
      <dst id="21">3013.6622</dst>
      <dst id="15">289.2711</dst>
    </src>
    <src id="22">
      <dst id="12">11413.4667</dst>
      <dst id="13">2839.0133</dst>
      <dst id="19">320.2933</dst>
      <dst id="23">342.1156</dst>
      <dst id="8">1188.2578</dst>
      <dst id="18">442.4889</dst>
      <dst id="4">18090.5689</dst>
      <dst id="1">135.6800</dst>
      <dst id="5">3378.0889</dst>
      <dst id="3">1172.8622</dst>
      <dst id="7">1970.2667</dst>
      <dst id="2">3320.1244</dst>
      <dst id="6">145.1289</dst>
      <dst id="16">1.2889</dst>
      <dst id="14">12.7733</dst>
      <dst id="11">4819.5022</dst>
      <dst id="9">4807.2711</dst>
      <dst id="17">5101.5556</dst>
      <dst id="21">851.4400</dst>
    </src>
    <src id="7">
      <dst id="12">3734.2578</dst>
      <dst id="13">365.7244</dst>
      <dst id="19">1435.2000</dst>
      <dst id="23">121.0400</dst>
      <dst id="8">204.4267</dst>
      <dst id="18">395.6978</dst>
      <dst id="4">31341.5644</dst>
      <dst id="1">4890.7911</dst>
      <dst id="5">1748.2844</dst>
      <dst id="3">208.8178</dst>
      <dst id="22">3718.9600</dst>
      <dst id="7">841.2089</dst>
      <dst id="2">11178.8178</dst>
      <dst id="6">34.1067</dst>
      <dst id="16">667.6711</dst>
      <dst id="14">189.6711</dst>
      <dst id="20">468.7289</dst>
      <dst id="11">698.3911</dst>
      <dst id="9">1010.3822</dst>
      <dst id="17">7649.9378</dst>
      <dst id="21">3573.0311</dst>
      <dst id="15">541.6089</dst>
    </src>
    <src id="2">
      <dst id="12">85167.9911</dst>
      <dst id="13">523545.3867</dst>
      <dst id="19">1635.4933</dst>
      <dst id="23">18.2578</dst>
      <dst id="8">1946.4267</dst>
      <dst id="18">45221.2000</dst>
      <dst id="4">86005.3333</dst>
      <dst id="1">6385.3867</dst>
      <dst id="5">1948.6133</dst>
      <dst id="3">198.2756</dst>
      <dst id="22">3349.5022</dst>
      <dst id="7">9963.6711</dst>
      <dst id="2">845.1200</dst>
      <dst id="6">8129.3333</dst>
      <dst id="16">2250.4978</dst>
      <dst id="14">151.7244</dst>
      <dst id="20">2985.9200</dst>
      <dst id="11">1635.6000</dst>
      <dst id="9">5337.1111</dst>
      <dst id="17">28577.5111</dst>
      <dst id="21">4816.3200</dst>
      <dst id="15">202.8978</dst>
    </src>
    <src id="6">
      <dst id="12">10743.3867</dst>
      <dst id="13">20.3022</dst>
      <dst id="19">3.6000</dst>
      <dst id="23">0.6756</dst>
      <dst id="4">1270.4889</dst>
      <dst id="1">0.5244</dst>
      <dst id="5">2.3378</dst>
      <dst id="22">45.6711</dst>
      <dst id="7">0.3556</dst>
      <dst id="2">3148.5067</dst>
      <dst id="16">0.4267</dst>
      <dst id="20">0.8178</dst>
      <dst id="11">9.7956</dst>
      <dst id="17">1646.5778</dst>
      <dst id="21">22.9333</dst>
      <dst id="15">0.4622</dst>
    </src>
    <src id="16">
      <dst id="12">1880.3644</dst>
      <dst id="13">848.0178</dst>
      <dst id="19">3975.9467</dst>
      <dst id="23">14.9778</dst>
      <dst id="8">4964.8089</dst>
      <dst id="18">151.5911</dst>
      <dst id="4">4079.5022</dst>
      <dst id="1">15851.9111</dst>
      <dst id="5">4460.6489</dst>
      <dst id="3">1.7067</dst>
      <dst id="7">2700.1333</dst>
      <dst id="2">1698.3556</dst>
      <dst id="6">32.0889</dst>
      <dst id="16">78.7467</dst>
      <dst id="14">487.5467</dst>
      <dst id="11">117.3956</dst>
      <dst id="9">6624.2222</dst>
      <dst id="17">3966.8533</dst>
      <dst id="21">2014.1333</dst>
    </src>
    <src id="14">
      <dst id="12">27984.9778</dst>
      <dst id="13">215.9289</dst>
      <dst id="19">5.5733</dst>
      <dst id="23">3.3422</dst>
      <dst id="18">5.7244</dst>
      <dst id="4">1732.5156</dst>
      <dst id="1">95.3333</dst>
      <dst id="5">44.2489</dst>
      <dst id="3">55.4756</dst>
      <dst id="22">149.4756</dst>
      <dst id="7">88.2756</dst>
      <dst id="2">6306.2400</dst>
      <dst id="6">1.3067</dst>
      <dst id="16">13.4044</dst>
      <dst id="20">10.6133</dst>
      <dst id="11">47.0578</dst>
      <dst id="9">14.9600</dst>
      <dst id="17">13533.6711</dst>
      <dst id="21">97.0400</dst>
      <dst id="15">0.6667</dst>
    </src>
    <src id="20">
      <dst id="12">25670.1333</dst>
      <dst id="13">1202.0533</dst>
      <dst id="19">358.0000</dst>
      <dst id="23">30.2400</dst>
      <dst id="8">202.4533</dst>
      <dst id="18">0.4622</dst>
      <dst id="4">6306.8978</dst>
      <dst id="1">225.5733</dst>
      <dst id="5">1281.1911</dst>
      <dst id="3">1068.6667</dst>
      <dst id="7">1603.0667</dst>
      <dst id="2">3611.3333</dst>
      <dst id="6">2.6400</dst>
      <dst id="14">633.3333</dst>
      <dst id="11">1654.7289</dst>
      <dst id="9">8555.3156</dst>
      <dst id="17">2429.1289</dst>
      <dst id="21">201.2000</dst>
    </src>
    <src id="11">
      <dst id="12">406438.6311</dst>
      <dst id="13">3325.2444</dst>
      <dst id="19">81.3156</dst>
      <dst id="23">13.6533</dst>
      <dst id="8">361.6000</dst>
      <dst id="18">142.5422</dst>
      <dst id="4">13458.7467</dst>
      <dst id="1">591.4578</dst>
      <dst id="5">1976.6311</dst>
      <dst id="3">241.6444</dst>
      <dst id="22">1232.0711</dst>
      <dst id="7">1314.4622</dst>
      <dst id="2">156001.9200</dst>
      <dst id="16">429.2000</dst>
      <dst id="14">46.8800</dst>
      <dst id="20">4394.0356</dst>
      <dst id="11">1486.8622</dst>
      <dst id="9">604.2044</dst>
      <dst id="17">158675.4933</dst>
      <dst id="21">369.7422</dst>
      <dst id="15">161.4756</dst>
    </src>
    <src id="9">
      <dst id="12">475727.7956</dst>
      <dst id="13">7939.1911</dst>
      <dst id="19">982.6400</dst>
      <dst id="23">98.3022</dst>
      <dst id="8">340.3822</dst>
      <dst id="18">93.0400</dst>
      <dst id="4">9596.5956</dst>
      <dst id="1">6195.3422</dst>
      <dst id="5">10337.6800</dst>
      <dst id="3">11.4489</dst>
      <dst id="22">4617.8400</dst>
      <dst id="7">775.7689</dst>
      <dst id="2">166773.3422</dst>
      <dst id="6">0.4267</dst>
      <dst id="16">1291.2356</dst>
      <dst id="14">14.8178</dst>
      <dst id="20">6280.2844</dst>
      <dst id="11">144.8978</dst>
      <dst id="9">25145.2533</dst>
      <dst id="17">178029.9467</dst>
      <dst id="21">278.6844</dst>
      <dst id="15">1546.9156</dst>
    </src>
    <src id="17">
      <dst id="12">16554.5333</dst>
      <dst id="13">3012.8356</dst>
      <dst id="19">595.1911</dst>
      <dst id="23">69.0933</dst>
      <dst id="8">137057.8756</dst>
      <dst id="18">364.9600</dst>
      <dst id="4">29285.0578</dst>
      <dst id="1">3406.3556</dst>
      <dst id="5">225464.2756</dst>
      <dst id="3">4990.1778</dst>
      <dst id="22">6251.3600</dst>
      <dst id="7">2867.9111</dst>
      <dst id="2">16890.7378</dst>
      <dst id="6">67.3689</dst>
      <dst id="16">7780.2756</dst>
      <dst id="14">27246.5778</dst>
      <dst id="20">1079.5644</dst>
      <dst id="11">99441.1556</dst>
      <dst id="9">202589.6178</dst>
      <dst id="17">1910.7378</dst>
      <dst id="21">7312.2222</dst>
      <dst id="15">249.6622</dst>
    </src>
    <src id="21">
      <dst id="12">16993.5467</dst>
      <dst id="13">5462.2489</dst>
      <dst id="19">82.5333</dst>
      <dst id="23">38.4978</dst>
      <dst id="8">9.9022</dst>
      <dst id="18">163.6978</dst>
      <dst id="4">13892.0889</dst>
      <dst id="1">4005.1467</dst>
      <dst id="5">257.2356</dst>
      <dst id="3">3690.2933</dst>
      <dst id="22">2633.5200</dst>
      <dst id="7">8031.8844</dst>
      <dst id="2">16650.3111</dst>
      <dst id="16">434.1956</dst>
      <dst id="14">140.8711</dst>
      <dst id="20">1552.8089</dst>
      <dst id="11">342.9067</dst>
      <dst id="9">986.3733</dst>
      <dst id="17">3559.8400</dst>
      <dst id="21">552.0178</dst>
      <dst id="15">1543.0933</dst>
    </src>
    <src id="15">
      <dst id="12">7768.2044</dst>
      <dst id="13">255.9733</dst>
      <dst id="19">1854.7556</dst>
      <dst id="23">0.9600</dst>
      <dst id="8">113.6533</dst>
      <dst id="18">14.3111</dst>
      <dst id="4">6307.2267</dst>
      <dst id="1">424.5422</dst>
      <dst id="5">148.3022</dst>
      <dst id="3">13.7333</dst>
      <dst id="7">532.5511</dst>
      <dst id="2">3986.2756</dst>
      <dst id="14">2.1956</dst>
      <dst id="11">258.3111</dst>
      <dst id="9">471.9111</dst>
      <dst id="17">336.3378</dst>
      <dst id="21">61.8311</dst>
    </src>
  </IntraTM>
</TrafficMatrixFile>
