<?xml version="1.0" encoding="UTF-8" standalone="yes"?>
<TrafficMatrixFile xmlns:xsi="http://www.w3.org/2001/XMLSchema-instance" xsi:noNamespaceSchemaLocation="http://totem.run.montefiore.ulg.ac.be/Schema/TrafficMatrix-v1_2.xsd">
  <info>
    <title>Intradomain traffic matrix generated by geant-TM-all.pl</title>
    <date>2005-01-04T00:30:00</date>
    <duration>900</duration>
    <author>Steve Uhlig</author>
    <units>
        <unit type="bandwidth" value="kbps"/>
    </units>
  </info>
  <IntraTM ASID="20965">
    <src id="12">
      <dst id="12">259871.3333</dst>
      <dst id="13">35299.4489</dst>
      <dst id="19">1419.1378</dst>
      <dst id="23">456.5333</dst>
      <dst id="8">1790.9422</dst>
      <dst id="18">2744.9689</dst>
      <dst id="4">63060.5067</dst>
      <dst id="1">7799.2711</dst>
      <dst id="5">4011.0933</dst>
      <dst id="3">3936.4978</dst>
      <dst id="22">15151.8311</dst>
      <dst id="7">6721.8667</dst>
      <dst id="2">88712.1867</dst>
      <dst id="6">71.8578</dst>
      <dst id="16">10988.9422</dst>
      <dst id="14">869.5111</dst>
      <dst id="20">2998.5422</dst>
      <dst id="11">4990.8622</dst>
      <dst id="9">5498.8622</dst>
      <dst id="17">95805.1822</dst>
      <dst id="21">1537.0400</dst>
      <dst id="15">10280.4889</dst>
    </src>
    <src id="13">
      <dst id="12">60502.7289</dst>
      <dst id="19">18837.4311</dst>
      <dst id="23">814.4889</dst>
      <dst id="8">3392.7822</dst>
      <dst id="18">3082.6311</dst>
      <dst id="1">4781.8044</dst>
      <dst id="5">22153.2089</dst>
      <dst id="3">9217.0222</dst>
      <dst id="22">20402.6933</dst>
      <dst id="7">6857.4756</dst>
      <dst id="2">81775.9644</dst>
      <dst id="6">125.5644</dst>
      <dst id="16">12356.5511</dst>
      <dst id="14">1385.0133</dst>
      <dst id="20">8277.8400</dst>
      <dst id="11">21574.5511</dst>
      <dst id="9">17831.2622</dst>
      <dst id="17">62612.1867</dst>
      <dst id="21">13160.1156</dst>
      <dst id="15">16382.0889</dst>
    </src>
    <src id="19">
      <dst id="12">17725.6267</dst>
      <dst id="13">1002.0356</dst>
      <dst id="23">125.6356</dst>
      <dst id="18">3722.9333</dst>
      <dst id="4">17138.9244</dst>
      <dst id="1">2176.9067</dst>
      <dst id="5">181.4044</dst>
      <dst id="3">20.3111</dst>
      <dst id="22">78.8000</dst>
      <dst id="7">4957.9644</dst>
      <dst id="2">2199.3333</dst>
      <dst id="6">53.2444</dst>
      <dst id="16">7857.9822</dst>
      <dst id="14">12.6222</dst>
      <dst id="20">64.8800</dst>
      <dst id="11">27.0311</dst>
      <dst id="9">122.0000</dst>
      <dst id="17">9245.6800</dst>
      <dst id="21">438.3644</dst>
    </src>
    <src id="23">
      <dst id="12">276.4444</dst>
      <dst id="13">96.2933</dst>
      <dst id="19">2.2756</dst>
      <dst id="18">108.0533</dst>
      <dst id="4">0.7467</dst>
      <dst id="1">56.6933</dst>
      <dst id="5">18.2044</dst>
      <dst id="3">232.5333</dst>
      <dst id="22">331.4489</dst>
      <dst id="7">135.0756</dst>
      <dst id="2">67.8756</dst>
      <dst id="16">245.1644</dst>
      <dst id="14">13.0844</dst>
      <dst id="20">27.3244</dst>
      <dst id="11">121.3600</dst>
      <dst id="9">557.9022</dst>
      <dst id="17">192.1511</dst>
      <dst id="21">92.7022</dst>
      <dst id="15">13.7511</dst>
    </src>
    <src id="8">
      <dst id="12">320613.7600</dst>
      <dst id="13">1439.3778</dst>
      <dst id="19">1.0844</dst>
      <dst id="23">7.3956</dst>
      <dst id="18">40.3378</dst>
      <dst id="4">2587.3778</dst>
      <dst id="1">351.6089</dst>
      <dst id="5">4855.4400</dst>
      <dst id="3">76.5067</dst>
      <dst id="22">775.3156</dst>
      <dst id="7">727.8844</dst>
      <dst id="2">132382.5156</dst>
      <dst id="16">455.5822</dst>
      <dst id="14">0.4622</dst>
      <dst id="20">147.2089</dst>
      <dst id="11">583.1556</dst>
      <dst id="9">1820.8889</dst>
      <dst id="17">117442.1778</dst>
      <dst id="21">66.2133</dst>
      <dst id="15">21.9022</dst>
    </src>
    <src id="18">
      <dst id="12">90725.2444</dst>
      <dst id="13">258.1956</dst>
      <dst id="19">49.3956</dst>
      <dst id="23">16.7467</dst>
      <dst id="8">27.2000</dst>
      <dst id="4">1469.0311</dst>
      <dst id="1">961.6267</dst>
      <dst id="5">203.6800</dst>
      <dst id="3">60.5511</dst>
      <dst id="22">43.6978</dst>
      <dst id="7">923.1644</dst>
      <dst id="2">31063.7689</dst>
      <dst id="16">108.3911</dst>
      <dst id="14">2.5867</dst>
      <dst id="20">177.7867</dst>
      <dst id="11">168.4978</dst>
      <dst id="9">194.7378</dst>
      <dst id="17">39429.0311</dst>
      <dst id="21">245.4933</dst>
      <dst id="15">1.7422</dst>
    </src>
    <src id="4">
      <dst id="12">52478.4622</dst>
      <dst id="19">15374.0444</dst>
      <dst id="8">1002.1867</dst>
      <dst id="18">767.0133</dst>
      <dst id="4">1.1378</dst>
      <dst id="1">11480.8978</dst>
      <dst id="5">1484.2844</dst>
      <dst id="3">190.1600</dst>
      <dst id="22">6195.3156</dst>
      <dst id="7">132901.6178</dst>
      <dst id="2">49144.6400</dst>
      <dst id="6">3.6800</dst>
      <dst id="16">2763.7244</dst>
      <dst id="14">1836.7556</dst>
      <dst id="20">2064.8978</dst>
      <dst id="11">7615.3511</dst>
      <dst id="9">2417.4756</dst>
      <dst id="17">125001.0044</dst>
      <dst id="21">4193.8044</dst>
      <dst id="15">820.3733</dst>
    </src>
    <src id="1">
      <dst id="12">17546.1600</dst>
      <dst id="13">661.7511</dst>
      <dst id="19">74.3644</dst>
      <dst id="23">36.7289</dst>
      <dst id="8">114581.4400</dst>
      <dst id="18">14703.0844</dst>
      <dst id="4">3586.7022</dst>
      <dst id="1">11638.6311</dst>
      <dst id="5">219647.7689</dst>
      <dst id="3">274.4444</dst>
      <dst id="22">2552.3644</dst>
      <dst id="7">1632.4089</dst>
      <dst id="2">2791.0044</dst>
      <dst id="6">9676.0000</dst>
      <dst id="16">12182.0444</dst>
      <dst id="14">49.2089</dst>
      <dst id="20">20.9511</dst>
      <dst id="11">841.6711</dst>
      <dst id="9">203079.0756</dst>
      <dst id="17">2955.2800</dst>
      <dst id="21">2466.7111</dst>
      <dst id="15">226.9867</dst>
    </src>
    <src id="5">
      <dst id="12">320622.7733</dst>
      <dst id="13">5183.7422</dst>
      <dst id="19">7642.6667</dst>
      <dst id="8">908.1067</dst>
      <dst id="18">104.7289</dst>
      <dst id="4">9556.3111</dst>
      <dst id="1">392.1511</dst>
      <dst id="3">13.0400</dst>
      <dst id="22">18234.7467</dst>
      <dst id="7">389.0311</dst>
      <dst id="2">138295.3600</dst>
      <dst id="6">3.1200</dst>
      <dst id="16">799.8667</dst>
      <dst id="14">14.4000</dst>
      <dst id="20">9668.7822</dst>
      <dst id="11">1418.4444</dst>
      <dst id="9">3444.9600</dst>
      <dst id="17">128174.7022</dst>
      <dst id="21">598.0711</dst>
      <dst id="15">211.1289</dst>
    </src>
    <src id="3">
      <dst id="12">12309.2889</dst>
      <dst id="13">1066.4444</dst>
      <dst id="19">1172.6311</dst>
      <dst id="23">7240.3733</dst>
      <dst id="8">137.6533</dst>
      <dst id="18">81714.8800</dst>
      <dst id="4">10158.7644</dst>
      <dst id="1">12553.0756</dst>
      <dst id="5">455.3956</dst>
      <dst id="3">20926.3022</dst>
      <dst id="22">2615.9467</dst>
      <dst id="7">1953.3244</dst>
      <dst id="2">4859.2800</dst>
      <dst id="6">1.9378</dst>
      <dst id="16">1419.0844</dst>
      <dst id="14">36344.4978</dst>
      <dst id="20">1580.7378</dst>
      <dst id="11">168080.2222</dst>
      <dst id="9">270.8711</dst>
      <dst id="17">4338.0711</dst>
      <dst id="21">15521.3511</dst>
      <dst id="15">272.9067</dst>
    </src>
    <src id="10">
      <dst id="12">15294.8089</dst>
      <dst id="19">1019.7067</dst>
      <dst id="8">1844.3822</dst>
      <dst id="18">7902.8800</dst>
      <dst id="1">1966.3467</dst>
      <dst id="5">856.0711</dst>
      <dst id="3">2521.1911</dst>
      <dst id="22">11581.0578</dst>
      <dst id="7">8183.3333</dst>
      <dst id="2">23645.8667</dst>
      <dst id="6">145.7600</dst>
      <dst id="16">4943.7689</dst>
      <dst id="14">924.5422</dst>
      <dst id="20">3392.1156</dst>
      <dst id="11">7843.9378</dst>
      <dst id="9">2044.1867</dst>
      <dst id="17">16245.3333</dst>
      <dst id="21">6636.3911</dst>
      <dst id="15">1515.4667</dst>
    </src>
    <src id="22">
      <dst id="12">6806.7822</dst>
      <dst id="13">3681.9378</dst>
      <dst id="19">84.8356</dst>
      <dst id="23">92.7111</dst>
      <dst id="8">571.9289</dst>
      <dst id="18">502.5689</dst>
      <dst id="4">13904.4178</dst>
      <dst id="1">890.7378</dst>
      <dst id="5">5323.8933</dst>
      <dst id="3">3456.3644</dst>
      <dst id="7">508.1956</dst>
      <dst id="2">2833.4133</dst>
      <dst id="6">28.5511</dst>
      <dst id="16">13.7422</dst>
      <dst id="14">190.8622</dst>
      <dst id="11">2709.7511</dst>
      <dst id="9">9529.1822</dst>
      <dst id="17">2576.2400</dst>
      <dst id="21">1178.0800</dst>
    </src>
    <src id="7">
      <dst id="12">9275.5644</dst>
      <dst id="13">430.5867</dst>
      <dst id="19">241.9556</dst>
      <dst id="23">700.7911</dst>
      <dst id="8">553.6356</dst>
      <dst id="18">249.1378</dst>
      <dst id="4">17558.8800</dst>
      <dst id="1">2564.9244</dst>
      <dst id="5">1915.0489</dst>
      <dst id="3">11421.7244</dst>
      <dst id="22">2969.0311</dst>
      <dst id="7">812.2489</dst>
      <dst id="2">6279.1556</dst>
      <dst id="6">40.6133</dst>
      <dst id="16">1229.4133</dst>
      <dst id="14">104.9333</dst>
      <dst id="20">1209.8844</dst>
      <dst id="11">1101.5289</dst>
      <dst id="9">1091.7422</dst>
      <dst id="17">8748.3289</dst>
      <dst id="21">3774.0978</dst>
      <dst id="15">651.8133</dst>
    </src>
    <src id="2">
      <dst id="12">108285.3333</dst>
      <dst id="13">510758.2044</dst>
      <dst id="19">2263.8133</dst>
      <dst id="23">1.3156</dst>
      <dst id="8">690.3111</dst>
      <dst id="18">60932.3289</dst>
      <dst id="4">75929.3422</dst>
      <dst id="1">7576.1778</dst>
      <dst id="5">1386.0444</dst>
      <dst id="3">79.8578</dst>
      <dst id="22">14459.0489</dst>
      <dst id="7">2345.2444</dst>
      <dst id="2">754.8444</dst>
      <dst id="6">9463.3778</dst>
      <dst id="16">2004.4889</dst>
      <dst id="14">6230.6311</dst>
      <dst id="20">722.9333</dst>
      <dst id="11">6614.8444</dst>
      <dst id="9">1034.6133</dst>
      <dst id="17">27503.2089</dst>
      <dst id="21">2042.3022</dst>
      <dst id="15">971.9378</dst>
    </src>
    <src id="6">
      <dst id="12">12040.1511</dst>
      <dst id="13">19.0400</dst>
      <dst id="19">13.9644</dst>
      <dst id="18">0.5244</dst>
      <dst id="4">1176.2222</dst>
      <dst id="1">46.9778</dst>
      <dst id="5">1.4222</dst>
      <dst id="22">74.2400</dst>
      <dst id="7">3.9644</dst>
      <dst id="2">2741.2533</dst>
      <dst id="16">15.1289</dst>
      <dst id="20">0.4622</dst>
      <dst id="11">0.3644</dst>
      <dst id="9">13.9200</dst>
      <dst id="17">1877.8400</dst>
      <dst id="21">1.4222</dst>
    </src>
    <src id="16">
      <dst id="12">1871.2444</dst>
      <dst id="13">1898.3022</dst>
      <dst id="19">4604.7644</dst>
      <dst id="23">88.0800</dst>
      <dst id="8">3608.8356</dst>
      <dst id="18">109.7956</dst>
      <dst id="4">4205.0756</dst>
      <dst id="1">20456.7111</dst>
      <dst id="5">3283.7511</dst>
      <dst id="3">0.4622</dst>
      <dst id="7">167.0222</dst>
      <dst id="2">339.5467</dst>
      <dst id="6">2.5156</dst>
      <dst id="16">47.5822</dst>
      <dst id="14">688.5333</dst>
      <dst id="11">315.8844</dst>
      <dst id="9">5339.5733</dst>
      <dst id="17">1797.9733</dst>
      <dst id="21">1941.1378</dst>
    </src>
    <src id="14">
      <dst id="12">18536.8089</dst>
      <dst id="13">216.8800</dst>
      <dst id="19">12.9867</dst>
      <dst id="23">0.4622</dst>
      <dst id="18">1.0667</dst>
      <dst id="4">1622.4089</dst>
      <dst id="1">109.3244</dst>
      <dst id="5">55.6711</dst>
      <dst id="3">69.6711</dst>
      <dst id="22">14.5867</dst>
      <dst id="7">127.7244</dst>
      <dst id="2">5644.1778</dst>
      <dst id="16">46.3289</dst>
      <dst id="20">3.5556</dst>
      <dst id="11">49.1822</dst>
      <dst id="9">56.4800</dst>
      <dst id="17">7987.4133</dst>
      <dst id="21">82.3022</dst>
    </src>
    <src id="20">
      <dst id="12">1931.7778</dst>
      <dst id="13">8172.7733</dst>
      <dst id="19">1601.9733</dst>
      <dst id="23">40.3556</dst>
      <dst id="8">488.2222</dst>
      <dst id="18">47.2000</dst>
      <dst id="4">5089.7600</dst>
      <dst id="1">32.8089</dst>
      <dst id="5">1116.2578</dst>
      <dst id="3">1460.1956</dst>
      <dst id="7">2545.6444</dst>
      <dst id="2">1325.5556</dst>
      <dst id="6">13.2622</dst>
      <dst id="14">228.1778</dst>
      <dst id="11">2602.9244</dst>
      <dst id="9">2659.8756</dst>
      <dst id="17">785.2800</dst>
      <dst id="21">3390.8978</dst>
    </src>
    <src id="11">
      <dst id="12">412092.8000</dst>
      <dst id="13">2118.4356</dst>
      <dst id="19">76.4533</dst>
      <dst id="23">15.3244</dst>
      <dst id="8">1078.9600</dst>
      <dst id="18">86.7022</dst>
      <dst id="4">8892.4267</dst>
      <dst id="1">393.7867</dst>
      <dst id="5">787.8756</dst>
      <dst id="3">537.7156</dst>
      <dst id="22">3326.1956</dst>
      <dst id="7">724.3556</dst>
      <dst id="2">157679.8933</dst>
      <dst id="6">27.1733</dst>
      <dst id="16">219.5289</dst>
      <dst id="14">36.7289</dst>
      <dst id="20">217.0489</dst>
      <dst id="11">2623.4933</dst>
      <dst id="9">1962.2844</dst>
      <dst id="17">177981.7867</dst>
      <dst id="21">598.6311</dst>
      <dst id="15">440.7111</dst>
    </src>
    <src id="9">
      <dst id="12">396973.1822</dst>
      <dst id="13">31201.0489</dst>
      <dst id="19">2790.7111</dst>
      <dst id="23">15.6089</dst>
      <dst id="8">1462.5689</dst>
      <dst id="18">285.1556</dst>
      <dst id="4">8496.4267</dst>
      <dst id="1">3328.5067</dst>
      <dst id="5">1086.2222</dst>
      <dst id="3">3.3156</dst>
      <dst id="22">6683.1378</dst>
      <dst id="7">750.0889</dst>
      <dst id="2">169767.1644</dst>
      <dst id="6">0.7822</dst>
      <dst id="16">1625.2889</dst>
      <dst id="14">36.9689</dst>
      <dst id="20">10929.8667</dst>
      <dst id="11">1747.7156</dst>
      <dst id="9">411.1111</dst>
      <dst id="17">208532.2844</dst>
      <dst id="21">3119.1200</dst>
      <dst id="15">716.7289</dst>
    </src>
    <src id="17">
      <dst id="12">8076.2489</dst>
      <dst id="13">3579.6000</dst>
      <dst id="19">297.2978</dst>
      <dst id="23">119.0844</dst>
      <dst id="8">126971.6800</dst>
      <dst id="18">209.8222</dst>
      <dst id="4">33527.4311</dst>
      <dst id="1">1261.5200</dst>
      <dst id="5">206624.2756</dst>
      <dst id="3">5233.6000</dst>
      <dst id="22">4757.8933</dst>
      <dst id="7">2973.0311</dst>
      <dst id="2">22134.2578</dst>
      <dst id="6">474.0178</dst>
      <dst id="16">3078.4178</dst>
      <dst id="14">27753.2267</dst>
      <dst id="20">592.7378</dst>
      <dst id="11">135898.8800</dst>
      <dst id="9">200901.9111</dst>
      <dst id="17">1571.5467</dst>
      <dst id="21">14676.1689</dst>
      <dst id="15">164.6578</dst>
    </src>
    <src id="21">
      <dst id="12">18695.4400</dst>
      <dst id="13">2446.7289</dst>
      <dst id="19">662.0356</dst>
      <dst id="23">18.9422</dst>
      <dst id="8">149.7867</dst>
      <dst id="18">535.2089</dst>
      <dst id="4">14646.0356</dst>
      <dst id="1">2207.9467</dst>
      <dst id="5">754.2044</dst>
      <dst id="3">5306.5333</dst>
      <dst id="22">1263.3600</dst>
      <dst id="7">858.9778</dst>
      <dst id="2">11027.8578</dst>
      <dst id="6">76.3289</dst>
      <dst id="16">120.6311</dst>
      <dst id="14">157.6178</dst>
      <dst id="20">318.2400</dst>
      <dst id="11">606.1422</dst>
      <dst id="9">371.9733</dst>
      <dst id="17">5989.5378</dst>
      <dst id="21">1211.2533</dst>
      <dst id="15">142.9956</dst>
    </src>
    <src id="15">
      <dst id="12">2200.6667</dst>
      <dst id="13">826.4000</dst>
      <dst id="19">1.0044</dst>
      <dst id="23">0.7111</dst>
      <dst id="8">68.9778</dst>
      <dst id="18">2.6222</dst>
      <dst id="4">1909.6711</dst>
      <dst id="1">591.2178</dst>
      <dst id="5">9.4489</dst>
      <dst id="3">12.8000</dst>
      <dst id="7">42.7911</dst>
      <dst id="2">67.9644</dst>
      <dst id="11">483.1733</dst>
      <dst id="9">78.8800</dst>
      <dst id="17">1064.5333</dst>
      <dst id="21">251.6978</dst>
    </src>
  </IntraTM>
</TrafficMatrixFile>
