<?xml version="1.0" encoding="UTF-8" standalone="yes"?>
<TrafficMatrixFile xmlns:xsi="http://www.w3.org/2001/XMLSchema-instance" xsi:noNamespaceSchemaLocation="http://totem.run.montefiore.ulg.ac.be/Schema/TrafficMatrix-v1_2.xsd">
  <info>
    <title>Intradomain traffic matrix generated by geant-TM-all.pl</title>
    <date>2005-01-05T00:15:00</date>
    <duration>900</duration>
    <author>Steve Uhlig</author>
    <units>
        <unit type="bandwidth" value="kbps"/>
    </units>
  </info>
  <IntraTM ASID="20965">
    <src id="12">
      <dst id="12">265110.5067</dst>
      <dst id="13">28640.3644</dst>
      <dst id="19">5630.0889</dst>
      <dst id="23">135.5022</dst>
      <dst id="8">5923.2978</dst>
      <dst id="18">1049.8844</dst>
      <dst id="4">67872.7733</dst>
      <dst id="1">19707.8578</dst>
      <dst id="5">7393.9378</dst>
      <dst id="3">3221.6711</dst>
      <dst id="22">21295.5467</dst>
      <dst id="7">4476.7289</dst>
      <dst id="2">96025.0667</dst>
      <dst id="6">14.4711</dst>
      <dst id="16">9308.2844</dst>
      <dst id="14">9859.4844</dst>
      <dst id="20">14556.0089</dst>
      <dst id="11">8916.3733</dst>
      <dst id="9">8016.4444</dst>
      <dst id="17">89320.2400</dst>
      <dst id="21">2397.7422</dst>
      <dst id="15">2459.8222</dst>
    </src>
    <src id="13">
      <dst id="12">41686.1600</dst>
      <dst id="19">6243.6444</dst>
      <dst id="23">1601.7778</dst>
      <dst id="8">6034.7911</dst>
      <dst id="18">3425.5467</dst>
      <dst id="4">0.7111</dst>
      <dst id="1">3060.9689</dst>
      <dst id="5">19313.4578</dst>
      <dst id="3">12706.7733</dst>
      <dst id="22">22271.6889</dst>
      <dst id="7">9185.4578</dst>
      <dst id="2">92503.8933</dst>
      <dst id="6">458.4178</dst>
      <dst id="16">7519.3600</dst>
      <dst id="14">3347.7600</dst>
      <dst id="20">5799.1644</dst>
      <dst id="11">12278.7111</dst>
      <dst id="9">10467.9111</dst>
      <dst id="17">60073.8044</dst>
      <dst id="21">6730.7200</dst>
      <dst id="15">8069.9200</dst>
    </src>
    <src id="19">
      <dst id="12">15676.9333</dst>
      <dst id="13">1232.2044</dst>
      <dst id="23">5.0400</dst>
      <dst id="8">15.2889</dst>
      <dst id="18">2069.9644</dst>
      <dst id="4">14430.8356</dst>
      <dst id="1">1747.3956</dst>
      <dst id="5">208.4267</dst>
      <dst id="3">0.4978</dst>
      <dst id="22">72.9422</dst>
      <dst id="7">16710.2667</dst>
      <dst id="2">756.9156</dst>
      <dst id="6">66.8356</dst>
      <dst id="16">4346.2400</dst>
      <dst id="14">2.2044</dst>
      <dst id="20">160.0178</dst>
      <dst id="11">64.2756</dst>
      <dst id="9">120.8800</dst>
      <dst id="17">782.2489</dst>
      <dst id="21">692.8622</dst>
      <dst id="15">1.0222</dst>
    </src>
    <src id="23">
      <dst id="12">259.9733</dst>
      <dst id="13">293.1111</dst>
      <dst id="19">14.1867</dst>
      <dst id="18">0.3556</dst>
      <dst id="4">4.9778</dst>
      <dst id="1">1.8578</dst>
      <dst id="5">131.1644</dst>
      <dst id="3">266.4356</dst>
      <dst id="22">126.0356</dst>
      <dst id="7">28.4978</dst>
      <dst id="2">41.6444</dst>
      <dst id="6">92.5867</dst>
      <dst id="16">845.6622</dst>
      <dst id="11">52.9600</dst>
      <dst id="9">3612.5156</dst>
      <dst id="17">375.1467</dst>
      <dst id="21">210.0622</dst>
    </src>
    <src id="8">
      <dst id="12">353776.1778</dst>
      <dst id="13">723.4311</dst>
      <dst id="19">20.1956</dst>
      <dst id="23">0.7111</dst>
      <dst id="18">79.8578</dst>
      <dst id="4">8525.8133</dst>
      <dst id="1">350.0267</dst>
      <dst id="5">2404.8889</dst>
      <dst id="3">38.1956</dst>
      <dst id="22">617.9467</dst>
      <dst id="7">32.9156</dst>
      <dst id="2">131033.0489</dst>
      <dst id="6">0.7111</dst>
      <dst id="16">1401.9022</dst>
      <dst id="20">998.7022</dst>
      <dst id="11">58.2400</dst>
      <dst id="9">326.5600</dst>
      <dst id="17">130304.8267</dst>
      <dst id="21">348.0178</dst>
      <dst id="15">52.0089</dst>
    </src>
    <src id="18">
      <dst id="12">96226.1333</dst>
      <dst id="13">397.2533</dst>
      <dst id="19">35.5556</dst>
      <dst id="23">1.2000</dst>
      <dst id="8">15.3244</dst>
      <dst id="4">1435.5022</dst>
      <dst id="1">1277.2622</dst>
      <dst id="5">89.7067</dst>
      <dst id="3">1.7067</dst>
      <dst id="22">144.0711</dst>
      <dst id="7">17.5111</dst>
      <dst id="2">31661.5467</dst>
      <dst id="16">21.8044</dst>
      <dst id="14">16.1333</dst>
      <dst id="20">21.8578</dst>
      <dst id="11">81.1733</dst>
      <dst id="9">55.0667</dst>
      <dst id="17">35744.3644</dst>
      <dst id="21">108.7022</dst>
    </src>
    <src id="4">
      <dst id="12">15376.2933</dst>
      <dst id="19">16228.3733</dst>
      <dst id="8">693.9822</dst>
      <dst id="18">942.6756</dst>
      <dst id="4">3.3956</dst>
      <dst id="1">110561.6444</dst>
      <dst id="5">2601.0044</dst>
      <dst id="3">134.5067</dst>
      <dst id="22">4661.5733</dst>
      <dst id="7">32005.7333</dst>
      <dst id="2">86668.9778</dst>
      <dst id="6">14.1067</dst>
      <dst id="16">1721.7333</dst>
      <dst id="14">1982.0622</dst>
      <dst id="20">746.0178</dst>
      <dst id="11">4192.8711</dst>
      <dst id="9">2507.0578</dst>
      <dst id="17">40318.4444</dst>
      <dst id="21">2853.3689</dst>
      <dst id="15">165.0756</dst>
    </src>
    <src id="1">
      <dst id="12">19391.8222</dst>
      <dst id="13">489.9644</dst>
      <dst id="19">31.1644</dst>
      <dst id="23">30.3556</dst>
      <dst id="8">120034.6311</dst>
      <dst id="18">16088.4178</dst>
      <dst id="4">19646.9333</dst>
      <dst id="1">6661.3600</dst>
      <dst id="5">240526.9422</dst>
      <dst id="3">105.6622</dst>
      <dst id="22">1259.1289</dst>
      <dst id="7">1388.6756</dst>
      <dst id="2">6053.5022</dst>
      <dst id="6">8989.3511</dst>
      <dst id="16">7441.1022</dst>
      <dst id="14">128.7467</dst>
      <dst id="20">465.9022</dst>
      <dst id="11">561.7067</dst>
      <dst id="9">229254.2844</dst>
      <dst id="17">5570.4000</dst>
      <dst id="21">13049.7778</dst>
      <dst id="15">96.3467</dst>
    </src>
    <src id="5">
      <dst id="12">335041.4400</dst>
      <dst id="13">1540.1244</dst>
      <dst id="19">58.4356</dst>
      <dst id="23">15.1822</dst>
      <dst id="8">7954.5689</dst>
      <dst id="18">1171.7067</dst>
      <dst id="4">4679.2800</dst>
      <dst id="1">841.5467</dst>
      <dst id="3">2.1600</dst>
      <dst id="22">5368.7378</dst>
      <dst id="7">120.4356</dst>
      <dst id="2">159498.7644</dst>
      <dst id="6">1.1111</dst>
      <dst id="16">687.0222</dst>
      <dst id="14">11.3511</dst>
      <dst id="20">153.3689</dst>
      <dst id="11">1058.7022</dst>
      <dst id="9">965.8933</dst>
      <dst id="17">128470.8178</dst>
      <dst id="21">64.7911</dst>
      <dst id="15">6996.0000</dst>
    </src>
    <src id="3">
      <dst id="12">101561.0756</dst>
      <dst id="13">2735.0933</dst>
      <dst id="19">1176.9778</dst>
      <dst id="23">9057.0044</dst>
      <dst id="8">50.3289</dst>
      <dst id="18">59739.5289</dst>
      <dst id="4">19692.2578</dst>
      <dst id="1">5509.6889</dst>
      <dst id="5">277.7600</dst>
      <dst id="3">9639.7689</dst>
      <dst id="22">544.7733</dst>
      <dst id="7">654.8444</dst>
      <dst id="2">3867.6267</dst>
      <dst id="6">1.3689</dst>
      <dst id="16">975.2533</dst>
      <dst id="14">56431.7511</dst>
      <dst id="20">191.4311</dst>
      <dst id="11">130989.4489</dst>
      <dst id="9">145.6622</dst>
      <dst id="17">14450.5867</dst>
      <dst id="21">11989.5200</dst>
      <dst id="15">52.1956</dst>
    </src>
    <src id="10">
      <dst id="12">11764.0889</dst>
      <dst id="19">4669.5644</dst>
      <dst id="8">2816.6667</dst>
      <dst id="18">807.2356</dst>
      <dst id="1">2021.6267</dst>
      <dst id="5">2122.5422</dst>
      <dst id="3">2108.3111</dst>
      <dst id="22">6642.1333</dst>
      <dst id="7">10297.4044</dst>
      <dst id="2">23436.9422</dst>
      <dst id="6">1.5822</dst>
      <dst id="16">3234.1956</dst>
      <dst id="14">5306.1511</dst>
      <dst id="20">2039.8222</dst>
      <dst id="11">7334.8622</dst>
      <dst id="9">5805.0844</dst>
      <dst id="17">13181.5822</dst>
      <dst id="21">7134.0622</dst>
      <dst id="15">241.1911</dst>
    </src>
    <src id="22">
      <dst id="12">11042.2222</dst>
      <dst id="13">3497.9556</dst>
      <dst id="19">418.9600</dst>
      <dst id="23">246.7289</dst>
      <dst id="8">281.0400</dst>
      <dst id="18">878.4089</dst>
      <dst id="4">15286.1156</dst>
      <dst id="1">148.6844</dst>
      <dst id="5">2907.8933</dst>
      <dst id="3">991.9467</dst>
      <dst id="7">271.9289</dst>
      <dst id="2">3223.5556</dst>
      <dst id="6">28.1600</dst>
      <dst id="16">2.7556</dst>
      <dst id="14">317.7600</dst>
      <dst id="11">2088.2578</dst>
      <dst id="9">1902.4444</dst>
      <dst id="17">2529.3956</dst>
      <dst id="21">294.7822</dst>
    </src>
    <src id="7">
      <dst id="12">10482.5956</dst>
      <dst id="13">515.1378</dst>
      <dst id="19">4940.1778</dst>
      <dst id="23">123.0311</dst>
      <dst id="8">546.4267</dst>
      <dst id="18">204.8178</dst>
      <dst id="4">10427.5822</dst>
      <dst id="1">993.9822</dst>
      <dst id="5">1022.2044</dst>
      <dst id="3">274.0889</dst>
      <dst id="22">3101.2089</dst>
      <dst id="7">483.4133</dst>
      <dst id="2">5746.8267</dst>
      <dst id="6">28.8444</dst>
      <dst id="16">1746.6844</dst>
      <dst id="14">226.8711</dst>
      <dst id="20">659.7422</dst>
      <dst id="11">694.1422</dst>
      <dst id="9">1036.3733</dst>
      <dst id="17">9419.0578</dst>
      <dst id="21">1092.1333</dst>
      <dst id="15">302.5867</dst>
    </src>
    <src id="2">
      <dst id="12">87151.0756</dst>
      <dst id="13">518210.4889</dst>
      <dst id="19">453.2267</dst>
      <dst id="23">38.3289</dst>
      <dst id="8">449.7956</dst>
      <dst id="18">52398.9778</dst>
      <dst id="4">79427.1556</dst>
      <dst id="1">4115.4311</dst>
      <dst id="5">1369.7511</dst>
      <dst id="3">101.2089</dst>
      <dst id="22">12318.3200</dst>
      <dst id="7">16422.7822</dst>
      <dst id="2">615.6711</dst>
      <dst id="6">8521.5022</dst>
      <dst id="16">1931.6978</dst>
      <dst id="14">3683.8489</dst>
      <dst id="20">348.0267</dst>
      <dst id="11">3297.4489</dst>
      <dst id="9">902.4978</dst>
      <dst id="17">41697.5111</dst>
      <dst id="21">1921.6089</dst>
      <dst id="15">762.2844</dst>
    </src>
    <src id="6">
      <dst id="12">12142.7911</dst>
      <dst id="13">12.0889</dst>
      <dst id="19">2.5600</dst>
      <dst id="23">3.8578</dst>
      <dst id="8">10.2400</dst>
      <dst id="18">0.3378</dst>
      <dst id="4">1058.4000</dst>
      <dst id="1">5.3244</dst>
      <dst id="5">14.2400</dst>
      <dst id="22">73.4489</dst>
      <dst id="7">1.4756</dst>
      <dst id="2">2723.4489</dst>
      <dst id="16">16.1689</dst>
      <dst id="20">0.4622</dst>
      <dst id="9">19.6533</dst>
      <dst id="17">1375.6800</dst>
      <dst id="21">3.6711</dst>
      <dst id="15">0.3556</dst>
    </src>
    <src id="16">
      <dst id="12">2940.1244</dst>
      <dst id="13">350.5244</dst>
      <dst id="19">3865.5733</dst>
      <dst id="23">193.1022</dst>
      <dst id="8">11014.5600</dst>
      <dst id="18">9.4044</dst>
      <dst id="4">4170.1422</dst>
      <dst id="1">13037.2000</dst>
      <dst id="5">3307.7156</dst>
      <dst id="3">1.5289</dst>
      <dst id="7">2517.7689</dst>
      <dst id="2">620.3911</dst>
      <dst id="6">24.7644</dst>
      <dst id="16">62.3733</dst>
      <dst id="14">507.0844</dst>
      <dst id="11">389.2000</dst>
      <dst id="9">6347.8844</dst>
      <dst id="17">2033.8222</dst>
      <dst id="21">3646.8267</dst>
    </src>
    <src id="14">
      <dst id="12">20441.9822</dst>
      <dst id="13">34.1156</dst>
      <dst id="19">98.7467</dst>
      <dst id="23">13.3333</dst>
      <dst id="8">11.5556</dst>
      <dst id="18">1.6444</dst>
      <dst id="4">2235.5289</dst>
      <dst id="1">130.9244</dst>
      <dst id="5">0.3556</dst>
      <dst id="3">84.0267</dst>
      <dst id="22">83.5556</dst>
      <dst id="7">45.8756</dst>
      <dst id="2">7037.6178</dst>
      <dst id="6">0.4622</dst>
      <dst id="16">20.0889</dst>
      <dst id="20">1.6711</dst>
      <dst id="11">33.7511</dst>
      <dst id="9">142.1422</dst>
      <dst id="17">9300.3911</dst>
      <dst id="21">57.0933</dst>
      <dst id="15">15.1733</dst>
    </src>
    <src id="20">
      <dst id="12">3422.7467</dst>
      <dst id="13">4120.3822</dst>
      <dst id="19">65.0844</dst>
      <dst id="23">42.3111</dst>
      <dst id="8">252.0444</dst>
      <dst id="18">111.5911</dst>
      <dst id="4">12514.5422</dst>
      <dst id="1">480.0978</dst>
      <dst id="5">248.1333</dst>
      <dst id="3">1587.9022</dst>
      <dst id="7">211.3956</dst>
      <dst id="2">9210.5156</dst>
      <dst id="14">0.4267</dst>
      <dst id="11">1877.7333</dst>
      <dst id="9">2698.6044</dst>
      <dst id="17">16271.6178</dst>
      <dst id="21">203.8133</dst>
    </src>
    <src id="11">
      <dst id="12">374352.2756</dst>
      <dst id="13">3750.2756</dst>
      <dst id="19">117.9467</dst>
      <dst id="23">1.2444</dst>
      <dst id="8">87.1644</dst>
      <dst id="18">173.8044</dst>
      <dst id="4">9749.9289</dst>
      <dst id="1">541.7422</dst>
      <dst id="5">1391.7778</dst>
      <dst id="3">243.9822</dst>
      <dst id="22">1647.4222</dst>
      <dst id="7">165.2533</dst>
      <dst id="2">168910.3644</dst>
      <dst id="6">25.6267</dst>
      <dst id="16">336.7200</dst>
      <dst id="14">34.0089</dst>
      <dst id="20">2280.9867</dst>
      <dst id="11">1071.8489</dst>
      <dst id="9">1554.0978</dst>
      <dst id="17">155592.1867</dst>
      <dst id="21">358.5156</dst>
      <dst id="15">62.8356</dst>
    </src>
    <src id="9">
      <dst id="12">454525.0756</dst>
      <dst id="13">2009.7867</dst>
      <dst id="19">458.9600</dst>
      <dst id="23">194.6667</dst>
      <dst id="8">148.6933</dst>
      <dst id="18">44.6222</dst>
      <dst id="4">6067.0400</dst>
      <dst id="1">3547.8844</dst>
      <dst id="5">840.0800</dst>
      <dst id="3">130.7378</dst>
      <dst id="22">4802.6311</dst>
      <dst id="7">285.3067</dst>
      <dst id="2">166968.8267</dst>
      <dst id="6">1.1733</dst>
      <dst id="16">837.1733</dst>
      <dst id="14">55.7244</dst>
      <dst id="20">964.3556</dst>
      <dst id="11">1036.0711</dst>
      <dst id="9">146.2133</dst>
      <dst id="17">156091.5467</dst>
      <dst id="21">138.5600</dst>
      <dst id="15">3710.1689</dst>
    </src>
    <src id="17">
      <dst id="12">9081.9911</dst>
      <dst id="13">5648.8800</dst>
      <dst id="19">217.6356</dst>
      <dst id="23">2914.4533</dst>
      <dst id="8">138865.2889</dst>
      <dst id="18">297.5911</dst>
      <dst id="4">29704.0622</dst>
      <dst id="1">1662.6489</dst>
      <dst id="5">218831.0578</dst>
      <dst id="3">5391.4133</dst>
      <dst id="22">5598.4533</dst>
      <dst id="7">2370.6222</dst>
      <dst id="2">17913.7067</dst>
      <dst id="6">1031.6622</dst>
      <dst id="16">4327.8311</dst>
      <dst id="14">43955.2711</dst>
      <dst id="20">1235.5644</dst>
      <dst id="11">112732.5511</dst>
      <dst id="9">184256.9956</dst>
      <dst id="17">1988.2133</dst>
      <dst id="21">16880.3911</dst>
      <dst id="15">185.4844</dst>
    </src>
    <src id="21">
      <dst id="12">15611.0756</dst>
      <dst id="13">1659.7778</dst>
      <dst id="19">219.7422</dst>
      <dst id="23">19.4044</dst>
      <dst id="8">30.8711</dst>
      <dst id="18">73.3600</dst>
      <dst id="4">13244.1689</dst>
      <dst id="1">1958.0356</dst>
      <dst id="5">322.6222</dst>
      <dst id="3">885.1467</dst>
      <dst id="22">1060.1689</dst>
      <dst id="7">667.4844</dst>
      <dst id="2">12143.2889</dst>
      <dst id="6">30.2667</dst>
      <dst id="16">262.9511</dst>
      <dst id="14">1334.9956</dst>
      <dst id="20">428.8356</dst>
      <dst id="11">316.9333</dst>
      <dst id="9">359.6800</dst>
      <dst id="17">4563.7956</dst>
      <dst id="21">244.5244</dst>
      <dst id="15">76.4622</dst>
    </src>
    <src id="15">
      <dst id="12">2964.0444</dst>
      <dst id="13">1037.8844</dst>
      <dst id="19">57.7067</dst>
      <dst id="23">1.1378</dst>
      <dst id="8">227.8044</dst>
      <dst id="4">1078.7022</dst>
      <dst id="1">419.0400</dst>
      <dst id="5">175.4756</dst>
      <dst id="3">13.9733</dst>
      <dst id="7">14.9689</dst>
      <dst id="2">88.4000</dst>
      <dst id="6">0.3556</dst>
      <dst id="16">0.3556</dst>
      <dst id="14">2.2756</dst>
      <dst id="11">188.8178</dst>
      <dst id="9">316.9422</dst>
      <dst id="17">212.8000</dst>
      <dst id="21">132.6311</dst>
    </src>
  </IntraTM>
</TrafficMatrixFile>
