<?xml version="1.0" encoding="UTF-8" standalone="yes"?>
<TrafficMatrixFile xmlns:xsi="http://www.w3.org/2001/XMLSchema-instance" xsi:noNamespaceSchemaLocation="http://totem.run.montefiore.ulg.ac.be/Schema/TrafficMatrix-v1_2.xsd">
  <info>
    <title>Intradomain traffic matrix generated by geant-TM-all.pl</title>
    <date>2005-01-04T13:00:00</date>
    <duration>900</duration>
    <author>Steve Uhlig</author>
    <units>
        <unit type="bandwidth" value="kbps"/>
    </units>
  </info>
  <IntraTM ASID="20965">
    <src id="12">
      <dst id="12">168455.3156</dst>
      <dst id="13">13083.6089</dst>
      <dst id="19">2407.1111</dst>
      <dst id="23">46.3378</dst>
      <dst id="8">1942.1956</dst>
      <dst id="18">313.6889</dst>
      <dst id="4">68057.7511</dst>
      <dst id="1">12330.7644</dst>
      <dst id="5">1142.1333</dst>
      <dst id="3">3423.2089</dst>
      <dst id="22">12481.9289</dst>
      <dst id="7">888.2133</dst>
      <dst id="2">59464.5333</dst>
      <dst id="6">3.8667</dst>
      <dst id="16">4249.9911</dst>
      <dst id="14">142.0711</dst>
      <dst id="20">3787.4489</dst>
      <dst id="11">6582.0356</dst>
      <dst id="9">2967.6978</dst>
      <dst id="17">58109.5467</dst>
      <dst id="21">3799.8400</dst>
      <dst id="15">399.5822</dst>
    </src>
    <src id="13">
      <dst id="12">34224.4533</dst>
      <dst id="19">4833.6444</dst>
      <dst id="23">15.4311</dst>
      <dst id="8">800.1511</dst>
      <dst id="18">2638.7289</dst>
      <dst id="1">1058.0000</dst>
      <dst id="5">5128.3378</dst>
      <dst id="3">4399.5022</dst>
      <dst id="22">13856.1244</dst>
      <dst id="7">7285.1467</dst>
      <dst id="2">72570.7822</dst>
      <dst id="6">85.5022</dst>
      <dst id="16">12046.1244</dst>
      <dst id="14">5274.2844</dst>
      <dst id="20">4596.5511</dst>
      <dst id="11">7294.1067</dst>
      <dst id="9">9387.4933</dst>
      <dst id="17">34893.3689</dst>
      <dst id="21">7991.0489</dst>
      <dst id="15">470.5778</dst>
    </src>
    <src id="19">
      <dst id="12">11467.1556</dst>
      <dst id="13">183.8400</dst>
      <dst id="18">4.4978</dst>
      <dst id="4">21228.5867</dst>
      <dst id="1">291.6622</dst>
      <dst id="5">13.6978</dst>
      <dst id="22">99.3600</dst>
      <dst id="7">2517.9200</dst>
      <dst id="2">156.8533</dst>
      <dst id="6">24.8356</dst>
      <dst id="16">22665.5200</dst>
      <dst id="20">1.2178</dst>
      <dst id="11">15.0756</dst>
      <dst id="9">4145.8311</dst>
      <dst id="17">99.3956</dst>
      <dst id="21">131.1289</dst>
      <dst id="15">0.4978</dst>
    </src>
    <src id="23">
      <dst id="12">140.4978</dst>
      <dst id="13">42.6933</dst>
      <dst id="19">0.5244</dst>
      <dst id="4">58.2756</dst>
      <dst id="1">89.7689</dst>
      <dst id="3">182.7200</dst>
      <dst id="22">18.0800</dst>
      <dst id="7">28.8622</dst>
      <dst id="2">0.4889</dst>
      <dst id="16">33.3067</dst>
      <dst id="20">13.3333</dst>
      <dst id="11">12.6222</dst>
      <dst id="9">293.1911</dst>
      <dst id="17">106.3200</dst>
      <dst id="21">116.1689</dst>
      <dst id="15">0.4978</dst>
    </src>
    <src id="8">
      <dst id="12">244440.6756</dst>
      <dst id="13">446.0000</dst>
      <dst id="19">143.5733</dst>
      <dst id="18">0.7111</dst>
      <dst id="4">8858.6844</dst>
      <dst id="1">38.5689</dst>
      <dst id="5">442.7111</dst>
      <dst id="3">12.6222</dst>
      <dst id="22">582.4444</dst>
      <dst id="7">1009.6089</dst>
      <dst id="2">84868.8711</dst>
      <dst id="16">113.1200</dst>
      <dst id="14">0.3556</dst>
      <dst id="20">16.9244</dst>
      <dst id="11">23.3778</dst>
      <dst id="9">579.9200</dst>
      <dst id="17">94725.1822</dst>
      <dst id="21">224.3289</dst>
      <dst id="15">113.9556</dst>
    </src>
    <src id="18">
      <dst id="12">88954.7911</dst>
      <dst id="13">85.0044</dst>
      <dst id="19">0.9156</dst>
      <dst id="23">0.3556</dst>
      <dst id="8">10.7289</dst>
      <dst id="4">1631.9022</dst>
      <dst id="1">1101.9378</dst>
      <dst id="5">266.0000</dst>
      <dst id="3">17.1467</dst>
      <dst id="22">88.9156</dst>
      <dst id="7">83.2444</dst>
      <dst id="2">22822.0000</dst>
      <dst id="16">10.2756</dst>
      <dst id="11">20.5511</dst>
      <dst id="9">284.8800</dst>
      <dst id="17">31952.5244</dst>
      <dst id="21">74.8711</dst>
      <dst id="15">0.4622</dst>
    </src>
    <src id="4">
      <dst id="12">7500.7911</dst>
      <dst id="19">15464.7733</dst>
      <dst id="23">0.4622</dst>
      <dst id="8">3254.0089</dst>
      <dst id="18">1798.9689</dst>
      <dst id="4">1.0667</dst>
      <dst id="1">133348.7289</dst>
      <dst id="5">1253.0933</dst>
      <dst id="3">349.8578</dst>
      <dst id="22">1948.0622</dst>
      <dst id="7">136777.9200</dst>
      <dst id="2">69643.7778</dst>
      <dst id="6">114.0533</dst>
      <dst id="16">717.0222</dst>
      <dst id="14">605.4844</dst>
      <dst id="20">110.9156</dst>
      <dst id="11">2477.3333</dst>
      <dst id="9">1573.0844</dst>
      <dst id="17">17055.9111</dst>
      <dst id="21">3306.7556</dst>
      <dst id="15">149.2356</dst>
    </src>
    <src id="1">
      <dst id="12">14463.2978</dst>
      <dst id="13">322.2756</dst>
      <dst id="19">227.5556</dst>
      <dst id="23">35.1822</dst>
      <dst id="8">55797.8578</dst>
      <dst id="18">12884.9867</dst>
      <dst id="4">8717.9822</dst>
      <dst id="1">3282.2756</dst>
      <dst id="5">111938.8267</dst>
      <dst id="3">85.2356</dst>
      <dst id="22">704.1511</dst>
      <dst id="7">1144.4622</dst>
      <dst id="2">1911.4044</dst>
      <dst id="6">4146.9333</dst>
      <dst id="16">13095.7244</dst>
      <dst id="14">215.4933</dst>
      <dst id="20">99.7333</dst>
      <dst id="11">198.6756</dst>
      <dst id="9">111793.0400</dst>
      <dst id="17">1692.0622</dst>
      <dst id="21">1683.1733</dst>
      <dst id="15">132.5956</dst>
    </src>
    <src id="5">
      <dst id="12">212483.8578</dst>
      <dst id="13">2047.1822</dst>
      <dst id="19">1.1378</dst>
      <dst id="23">1.3422</dst>
      <dst id="8">115.8133</dst>
      <dst id="18">547.1467</dst>
      <dst id="4">5304.5067</dst>
      <dst id="1">360.9067</dst>
      <dst id="3">52.9778</dst>
      <dst id="22">3441.5022</dst>
      <dst id="7">48.6844</dst>
      <dst id="2">80925.5378</dst>
      <dst id="6">15.0667</dst>
      <dst id="16">129.7333</dst>
      <dst id="14">1.1022</dst>
      <dst id="20">369.1911</dst>
      <dst id="11">2029.9378</dst>
      <dst id="9">1943.1289</dst>
      <dst id="17">73971.3422</dst>
      <dst id="21">215.4933</dst>
      <dst id="15">215.2533</dst>
    </src>
    <src id="3">
      <dst id="12">14611.0933</dst>
      <dst id="13">344.3733</dst>
      <dst id="19">415.8489</dst>
      <dst id="23">9176.9422</dst>
      <dst id="8">6.8089</dst>
      <dst id="18">47153.8311</dst>
      <dst id="4">21001.4044</dst>
      <dst id="1">6397.8311</dst>
      <dst id="5">301.7600</dst>
      <dst id="3">6015.0133</dst>
      <dst id="22">633.8578</dst>
      <dst id="7">1330.6044</dst>
      <dst id="2">3555.6711</dst>
      <dst id="6">0.8356</dst>
      <dst id="16">385.0933</dst>
      <dst id="14">13630.7911</dst>
      <dst id="20">4.0267</dst>
      <dst id="11">88846.9689</dst>
      <dst id="9">74.9867</dst>
      <dst id="17">6425.1911</dst>
      <dst id="21">4439.1022</dst>
      <dst id="15">41.0578</dst>
    </src>
    <src id="10">
      <dst id="12">7443.6622</dst>
      <dst id="19">8400.4178</dst>
      <dst id="8">296.2756</dst>
      <dst id="18">1910.1156</dst>
      <dst id="1">2509.1822</dst>
      <dst id="5">549.8578</dst>
      <dst id="3">3537.8489</dst>
      <dst id="22">6950.2311</dst>
      <dst id="7">86213.5644</dst>
      <dst id="2">17003.2889</dst>
      <dst id="6">0.9067</dst>
      <dst id="16">700.8800</dst>
      <dst id="14">710.1244</dst>
      <dst id="20">4640.3378</dst>
      <dst id="11">1639.1733</dst>
      <dst id="9">3845.8044</dst>
      <dst id="17">24373.5733</dst>
      <dst id="21">9043.9022</dst>
      <dst id="15">35.7511</dst>
    </src>
    <src id="22">
      <dst id="12">11795.4667</dst>
      <dst id="13">2140.0800</dst>
      <dst id="19">12.6489</dst>
      <dst id="23">8.0978</dst>
      <dst id="8">352.9067</dst>
      <dst id="18">280.5867</dst>
      <dst id="4">14783.8933</dst>
      <dst id="1">103.4222</dst>
      <dst id="5">1468.4711</dst>
      <dst id="3">219.3867</dst>
      <dst id="7">150.4533</dst>
      <dst id="2">1198.8889</dst>
      <dst id="6">82.8711</dst>
      <dst id="16">2.9422</dst>
      <dst id="14">38.1156</dst>
      <dst id="11">963.4489</dst>
      <dst id="9">4386.4711</dst>
      <dst id="17">1855.9644</dst>
      <dst id="21">651.2000</dst>
    </src>
    <src id="7">
      <dst id="12">2600.6133</dst>
      <dst id="13">409.4667</dst>
      <dst id="19">132.7556</dst>
      <dst id="23">18.3289</dst>
      <dst id="8">56.7822</dst>
      <dst id="18">334.7289</dst>
      <dst id="4">28462.9867</dst>
      <dst id="1">2240.9067</dst>
      <dst id="5">860.8444</dst>
      <dst id="3">356.3467</dst>
      <dst id="22">3551.9467</dst>
      <dst id="7">927.5733</dst>
      <dst id="2">6413.4400</dst>
      <dst id="6">1.1378</dst>
      <dst id="16">931.1556</dst>
      <dst id="14">43.2533</dst>
      <dst id="20">395.0222</dst>
      <dst id="11">364.3911</dst>
      <dst id="9">514.7022</dst>
      <dst id="17">4972.4178</dst>
      <dst id="21">1129.8489</dst>
      <dst id="15">124.4800</dst>
    </src>
    <src id="2">
      <dst id="12">49318.8533</dst>
      <dst id="13">499843.8133</dst>
      <dst id="19">62.4711</dst>
      <dst id="8">229.5022</dst>
      <dst id="18">37657.0756</dst>
      <dst id="4">91670.2133</dst>
      <dst id="1">3492.8978</dst>
      <dst id="5">2994.2667</dst>
      <dst id="3">31.2889</dst>
      <dst id="22">1792.5156</dst>
      <dst id="7">3527.3956</dst>
      <dst id="2">4536.1600</dst>
      <dst id="6">5913.7244</dst>
      <dst id="16">3573.2889</dst>
      <dst id="14">5228.0089</dst>
      <dst id="20">237.6711</dst>
      <dst id="11">11134.8711</dst>
      <dst id="9">525.7600</dst>
      <dst id="17">43963.0844</dst>
      <dst id="21">1206.8533</dst>
      <dst id="15">22.9956</dst>
    </src>
    <src id="6">
      <dst id="12">8020.0000</dst>
      <dst id="13">29.0756</dst>
      <dst id="4">1225.1200</dst>
      <dst id="1">0.4978</dst>
      <dst id="5">6.4622</dst>
      <dst id="22">35.3600</dst>
      <dst id="7">0.3378</dst>
      <dst id="2">1735.9556</dst>
      <dst id="16">9.7067</dst>
      <dst id="20">0.4533</dst>
      <dst id="11">1.1733</dst>
      <dst id="9">1.0133</dst>
      <dst id="17">913.9467</dst>
      <dst id="21">3.3600</dst>
      <dst id="15">0.4267</dst>
    </src>
    <src id="16">
      <dst id="12">2388.2933</dst>
      <dst id="13">227.7333</dst>
      <dst id="19">4562.0800</dst>
      <dst id="23">1.4311</dst>
      <dst id="8">773.5733</dst>
      <dst id="18">3.9822</dst>
      <dst id="4">7470.1867</dst>
      <dst id="1">21423.5733</dst>
      <dst id="5">563.7778</dst>
      <dst id="7">714.2222</dst>
      <dst id="2">313.7511</dst>
      <dst id="6">0.7111</dst>
      <dst id="16">18.4533</dst>
      <dst id="14">1.0756</dst>
      <dst id="11">137.5467</dst>
      <dst id="9">431.3867</dst>
      <dst id="17">1391.3244</dst>
      <dst id="21">1956.1333</dst>
    </src>
    <src id="14">
      <dst id="12">15541.4222</dst>
      <dst id="13">44.2222</dst>
      <dst id="19">2.2400</dst>
      <dst id="4">2312.8711</dst>
      <dst id="1">124.9600</dst>
      <dst id="5">54.7111</dst>
      <dst id="3">66.4533</dst>
      <dst id="22">6.1689</dst>
      <dst id="7">38.3378</dst>
      <dst id="2">6084.8356</dst>
      <dst id="16">0.4622</dst>
      <dst id="11">48.9422</dst>
      <dst id="17">3764.9244</dst>
      <dst id="21">60.9422</dst>
    </src>
    <src id="20">
      <dst id="12">654.4622</dst>
      <dst id="13">921.8489</dst>
      <dst id="8">273.4933</dst>
      <dst id="18">0.7556</dst>
      <dst id="4">7021.4756</dst>
      <dst id="1">58.3467</dst>
      <dst id="5">329.3600</dst>
      <dst id="3">98.9689</dst>
      <dst id="7">16317.9467</dst>
      <dst id="2">1744.9867</dst>
      <dst id="11">255.0756</dst>
      <dst id="9">11089.8400</dst>
      <dst id="17">399.2000</dst>
      <dst id="21">4377.6178</dst>
    </src>
    <src id="11">
      <dst id="12">366266.9956</dst>
      <dst id="13">1955.7956</dst>
      <dst id="19">11.1289</dst>
      <dst id="23">4.5511</dst>
      <dst id="8">160.6400</dst>
      <dst id="18">203.3956</dst>
      <dst id="4">10454.6044</dst>
      <dst id="1">292.3733</dst>
      <dst id="5">754.8178</dst>
      <dst id="3">205.9556</dst>
      <dst id="22">1742.0089</dst>
      <dst id="7">354.4622</dst>
      <dst id="2">125226.6044</dst>
      <dst id="16">331.2978</dst>
      <dst id="14">52.6756</dst>
      <dst id="20">211.4933</dst>
      <dst id="11">1163.8756</dst>
      <dst id="9">939.2533</dst>
      <dst id="17">126470.1422</dst>
      <dst id="21">252.7378</dst>
      <dst id="15">146.4978</dst>
    </src>
    <src id="9">
      <dst id="12">369877.2800</dst>
      <dst id="13">730.6489</dst>
      <dst id="19">1129.8667</dst>
      <dst id="23">12.5511</dst>
      <dst id="8">123.2356</dst>
      <dst id="18">177.7333</dst>
      <dst id="4">9843.8844</dst>
      <dst id="1">1659.1200</dst>
      <dst id="5">1506.4622</dst>
      <dst id="3">27.9911</dst>
      <dst id="22">1659.2000</dst>
      <dst id="7">39.6800</dst>
      <dst id="2">128026.1067</dst>
      <dst id="16">19.2711</dst>
      <dst id="14">13.8222</dst>
      <dst id="20">950.3911</dst>
      <dst id="11">393.2711</dst>
      <dst id="9">221.9733</dst>
      <dst id="17">140401.6889</dst>
      <dst id="21">89.8400</dst>
      <dst id="15">163.1200</dst>
    </src>
    <src id="17">
      <dst id="12">11465.2089</dst>
      <dst id="13">13158.2667</dst>
      <dst id="19">254.1156</dst>
      <dst id="23">43.0578</dst>
      <dst id="8">76919.1556</dst>
      <dst id="18">548.6756</dst>
      <dst id="4">48800.2044</dst>
      <dst id="1">472.4178</dst>
      <dst id="5">105338.8444</dst>
      <dst id="3">13723.0933</dst>
      <dst id="22">4189.8133</dst>
      <dst id="7">909.7600</dst>
      <dst id="2">5379.5378</dst>
      <dst id="6">121.6267</dst>
      <dst id="16">1436.5778</dst>
      <dst id="14">8389.7867</dst>
      <dst id="20">15828.4533</dst>
      <dst id="11">91580.6044</dst>
      <dst id="9">89261.0133</dst>
      <dst id="17">1345.1822</dst>
      <dst id="21">7259.3156</dst>
      <dst id="15">25.8133</dst>
    </src>
    <src id="21">
      <dst id="12">14014.6311</dst>
      <dst id="13">272.8356</dst>
      <dst id="19">26.9067</dst>
      <dst id="23">10.4711</dst>
      <dst id="8">74.5511</dst>
      <dst id="18">232.7200</dst>
      <dst id="4">9114.0267</dst>
      <dst id="1">2512.7289</dst>
      <dst id="5">339.2533</dst>
      <dst id="3">496.5778</dst>
      <dst id="22">808.9956</dst>
      <dst id="7">2132.1956</dst>
      <dst id="2">6973.2444</dst>
      <dst id="6">1.1200</dst>
      <dst id="16">73.8844</dst>
      <dst id="14">51.7156</dst>
      <dst id="20">186.7111</dst>
      <dst id="11">1609.0489</dst>
      <dst id="9">189.4311</dst>
      <dst id="17">3499.1644</dst>
      <dst id="21">557.0400</dst>
      <dst id="15">153.4400</dst>
    </src>
    <src id="15">
      <dst id="12">53.4044</dst>
      <dst id="13">156.0444</dst>
      <dst id="19">28.0978</dst>
      <dst id="8">19.4044</dst>
      <dst id="18">11.1644</dst>
      <dst id="4">2014.7733</dst>
      <dst id="1">584.4533</dst>
      <dst id="5">94.7378</dst>
      <dst id="3">12.5422</dst>
      <dst id="7">28.9600</dst>
      <dst id="2">31.2444</dst>
      <dst id="6">0.4178</dst>
      <dst id="14">0.4267</dst>
      <dst id="11">92.3556</dst>
      <dst id="9">76.1422</dst>
      <dst id="17">71.8400</dst>
      <dst id="21">141.5556</dst>
    </src>
  </IntraTM>
</TrafficMatrixFile>
