<?xml version="1.0" encoding="UTF-8" standalone="yes"?>
<TrafficMatrixFile xmlns:xsi="http://www.w3.org/2001/XMLSchema-instance" xsi:noNamespaceSchemaLocation="http://totem.run.montefiore.ulg.ac.be/Schema/TrafficMatrix-v1_2.xsd">
  <info>
    <title>Intradomain traffic matrix generated by geant-TM-all.pl</title>
    <date>2005-01-01T18:30:00</date>
    <duration>900</duration>
    <author>Steve Uhlig</author>
    <units>
        <unit type="bandwidth" value="kbps"/>
    </units>
  </info>
  <IntraTM ASID="20965">
    <src id="12">
      <dst id="12">385577.9111</dst>
      <dst id="13">22568.5156</dst>
      <dst id="19">3986.4089</dst>
      <dst id="23">2989.9644</dst>
      <dst id="8">12920.7822</dst>
      <dst id="18">2915.3067</dst>
      <dst id="4">84198.8711</dst>
      <dst id="1">7404.9600</dst>
      <dst id="5">3747.3778</dst>
      <dst id="3">19892.5244</dst>
      <dst id="22">11987.8222</dst>
      <dst id="7">2456.9778</dst>
      <dst id="2">82804.6756</dst>
      <dst id="6">6.8978</dst>
      <dst id="16">5878.6311</dst>
      <dst id="14">4510.9156</dst>
      <dst id="20">9949.4133</dst>
      <dst id="11">11470.3911</dst>
      <dst id="9">62081.2711</dst>
      <dst id="17">76330.1333</dst>
      <dst id="21">35821.2000</dst>
      <dst id="15">5967.9200</dst>
    </src>
    <src id="13">
      <dst id="12">80490.6222</dst>
      <dst id="19">7171.4044</dst>
      <dst id="23">355.5022</dst>
      <dst id="8">3833.2089</dst>
      <dst id="18">9372.1244</dst>
      <dst id="1">8855.1111</dst>
      <dst id="5">14044.2489</dst>
      <dst id="3">49713.8044</dst>
      <dst id="22">31398.7289</dst>
      <dst id="7">10643.9556</dst>
      <dst id="2">108353.0578</dst>
      <dst id="6">119.5111</dst>
      <dst id="16">9578.3911</dst>
      <dst id="14">5621.0578</dst>
      <dst id="20">22535.9111</dst>
      <dst id="11">25328.2667</dst>
      <dst id="9">18004.4089</dst>
      <dst id="17">69601.3600</dst>
      <dst id="21">24192.1867</dst>
      <dst id="15">15827.1289</dst>
    </src>
    <src id="19">
      <dst id="12">16647.6356</dst>
      <dst id="13">745.7422</dst>
      <dst id="23">12.1333</dst>
      <dst id="8">1340.5156</dst>
      <dst id="18">47.5467</dst>
      <dst id="4">17363.1556</dst>
      <dst id="1">82.8267</dst>
      <dst id="5">71.0756</dst>
      <dst id="3">3191.0222</dst>
      <dst id="22">2425.9111</dst>
      <dst id="7">6798.5689</dst>
      <dst id="2">516.8089</dst>
      <dst id="6">262.7733</dst>
      <dst id="16">8882.5156</dst>
      <dst id="14">5.7422</dst>
      <dst id="20">193.3422</dst>
      <dst id="11">165.2800</dst>
      <dst id="9">7625.7867</dst>
      <dst id="17">2014.3822</dst>
      <dst id="21">6833.6889</dst>
    </src>
    <src id="23">
      <dst id="12">305.5822</dst>
      <dst id="13">67.8222</dst>
      <dst id="19">15.6444</dst>
      <dst id="8">101.2622</dst>
      <dst id="18">1109.4044</dst>
      <dst id="4">39.5644</dst>
      <dst id="1">54.8356</dst>
      <dst id="5">233.3511</dst>
      <dst id="3">11713.7244</dst>
      <dst id="22">525.4400</dst>
      <dst id="7">90.8622</dst>
      <dst id="2">112.8889</dst>
      <dst id="6">1.2267</dst>
      <dst id="16">57.0489</dst>
      <dst id="14">50.4889</dst>
      <dst id="20">95.9911</dst>
      <dst id="11">316.7644</dst>
      <dst id="9">72.0889</dst>
      <dst id="17">166.2844</dst>
      <dst id="21">491.7244</dst>
      <dst id="15">187.4844</dst>
    </src>
    <src id="8">
      <dst id="12">409480.0356</dst>
      <dst id="13">305.7244</dst>
      <dst id="19">32.2756</dst>
      <dst id="23">191.7600</dst>
      <dst id="18">242.2400</dst>
      <dst id="4">8106.6044</dst>
      <dst id="1">137.7689</dst>
      <dst id="5">6882.0444</dst>
      <dst id="3">1435.3333</dst>
      <dst id="22">2412.2044</dst>
      <dst id="7">53.6711</dst>
      <dst id="2">137378.7733</dst>
      <dst id="16">3171.4133</dst>
      <dst id="14">38.2222</dst>
      <dst id="20">5059.7511</dst>
      <dst id="11">3037.0400</dst>
      <dst id="9">1549.3778</dst>
      <dst id="17">83976.0000</dst>
      <dst id="21">730.3911</dst>
      <dst id="15">743.9467</dst>
    </src>
    <src id="18">
      <dst id="12">142813.7867</dst>
      <dst id="13">179.6000</dst>
      <dst id="19">845.9733</dst>
      <dst id="23">33.5378</dst>
      <dst id="8">371.7600</dst>
      <dst id="4">1658.4356</dst>
      <dst id="1">1139.6800</dst>
      <dst id="5">221.3956</dst>
      <dst id="3">461.1289</dst>
      <dst id="22">1148.4533</dst>
      <dst id="7">140.0267</dst>
      <dst id="2">40841.4844</dst>
      <dst id="16">37.4933</dst>
      <dst id="20">32.0622</dst>
      <dst id="11">1290.9244</dst>
      <dst id="9">14.6667</dst>
      <dst id="17">31987.6978</dst>
      <dst id="21">534.6933</dst>
      <dst id="15">955.7600</dst>
    </src>
    <src id="4">
      <dst id="12">20035.2800</dst>
      <dst id="19">16662.9867</dst>
      <dst id="23">1.5289</dst>
      <dst id="8">3972.0622</dst>
      <dst id="18">1792.3022</dst>
      <dst id="4">1.3333</dst>
      <dst id="1">2317.8311</dst>
      <dst id="5">3220.3289</dst>
      <dst id="3">19757.1111</dst>
      <dst id="22">10678.7911</dst>
      <dst id="7">9265.8933</dst>
      <dst id="2">71620.1422</dst>
      <dst id="6">458.8356</dst>
      <dst id="16">2480.2667</dst>
      <dst id="14">20127.9644</dst>
      <dst id="20">5773.5022</dst>
      <dst id="11">10735.5022</dst>
      <dst id="9">5727.5644</dst>
      <dst id="17">16519.2178</dst>
      <dst id="21">7077.1111</dst>
      <dst id="15">1777.5200</dst>
    </src>
    <src id="1">
      <dst id="12">22075.3956</dst>
      <dst id="13">508.6844</dst>
      <dst id="19">138.3200</dst>
      <dst id="23">44.8000</dst>
      <dst id="8">236776.0711</dst>
      <dst id="18">11991.2978</dst>
      <dst id="4">5684.6133</dst>
      <dst id="1">75.7156</dst>
      <dst id="5">278596.5689</dst>
      <dst id="3">70349.4133</dst>
      <dst id="22">8305.6444</dst>
      <dst id="7">11977.7511</dst>
      <dst id="2">2784.8267</dst>
      <dst id="6">12871.2356</dst>
      <dst id="16">14246.3644</dst>
      <dst id="14">445.9733</dst>
      <dst id="20">2179.8667</dst>
      <dst id="11">4306.0089</dst>
      <dst id="9">399879.9022</dst>
      <dst id="17">2451.1911</dst>
      <dst id="21">24393.6711</dst>
      <dst id="15">549.8222</dst>
    </src>
    <src id="5">
      <dst id="12">343622.7289</dst>
      <dst id="13">1411.8844</dst>
      <dst id="19">157.3333</dst>
      <dst id="23">290.4889</dst>
      <dst id="8">59304.4711</dst>
      <dst id="18">865.6000</dst>
      <dst id="4">10830.7378</dst>
      <dst id="1">40.9778</dst>
      <dst id="3">1543.4489</dst>
      <dst id="22">2764.5511</dst>
      <dst id="7">1345.3600</dst>
      <dst id="2">168456.5333</dst>
      <dst id="6">0.4267</dst>
      <dst id="16">1799.3600</dst>
      <dst id="14">54.3289</dst>
      <dst id="20">12938.5689</dst>
      <dst id="11">3065.5022</dst>
      <dst id="9">1301.8311</dst>
      <dst id="17">91854.7822</dst>
      <dst id="21">512.4889</dst>
      <dst id="15">341.3689</dst>
    </src>
    <src id="3">
      <dst id="12">13940.7911</dst>
      <dst id="13">3228.0444</dst>
      <dst id="19">4253.8044</dst>
      <dst id="23">266.9511</dst>
      <dst id="8">403.3511</dst>
      <dst id="18">158754.4800</dst>
      <dst id="4">50421.0133</dst>
      <dst id="1">14199.7156</dst>
      <dst id="5">1154.3733</dst>
      <dst id="3">19473.7067</dst>
      <dst id="22">1541.3156</dst>
      <dst id="7">2888.9867</dst>
      <dst id="2">6812.4800</dst>
      <dst id="6">18.3022</dst>
      <dst id="16">3894.9689</dst>
      <dst id="14">59446.5511</dst>
      <dst id="20">5131.6178</dst>
      <dst id="11">248511.3156</dst>
      <dst id="9">457.8400</dst>
      <dst id="17">15373.2800</dst>
      <dst id="21">13844.2311</dst>
      <dst id="15">125.2089</dst>
    </src>
    <src id="10">
      <dst id="12">15813.5289</dst>
      <dst id="19">1610.8444</dst>
      <dst id="8">1791.3067</dst>
      <dst id="18">7222.7467</dst>
      <dst id="1">1404.4089</dst>
      <dst id="5">1466.1422</dst>
      <dst id="3">25697.8933</dst>
      <dst id="22">9807.1378</dst>
      <dst id="7">1739.9911</dst>
      <dst id="2">36098.7556</dst>
      <dst id="6">4.5600</dst>
      <dst id="16">2472.3733</dst>
      <dst id="14">2942.6578</dst>
      <dst id="20">6439.2178</dst>
      <dst id="11">9889.9111</dst>
      <dst id="9">2587.5733</dst>
      <dst id="17">20431.5289</dst>
      <dst id="21">16633.0844</dst>
      <dst id="15">1705.6800</dst>
    </src>
    <src id="22">
      <dst id="12">20786.9600</dst>
      <dst id="13">5188.1156</dst>
      <dst id="19">182.7644</dst>
      <dst id="23">129.5822</dst>
      <dst id="8">4211.8756</dst>
      <dst id="18">3123.0222</dst>
      <dst id="4">19512.6222</dst>
      <dst id="1">253.2622</dst>
      <dst id="5">4285.1200</dst>
      <dst id="3">542.7111</dst>
      <dst id="7">936.2400</dst>
      <dst id="2">3370.7289</dst>
      <dst id="6">31.4133</dst>
      <dst id="16">25.1200</dst>
      <dst id="14">42.5778</dst>
      <dst id="11">4955.5644</dst>
      <dst id="9">4714.9067</dst>
      <dst id="17">8539.5022</dst>
      <dst id="21">2082.1333</dst>
    </src>
    <src id="7">
      <dst id="12">7326.7111</dst>
      <dst id="13">76.2044</dst>
      <dst id="19">771.1111</dst>
      <dst id="23">361.2800</dst>
      <dst id="8">235.1289</dst>
      <dst id="18">881.6178</dst>
      <dst id="4">88645.1733</dst>
      <dst id="1">1708.3556</dst>
      <dst id="5">1905.5200</dst>
      <dst id="3">8121.3867</dst>
      <dst id="22">8633.3600</dst>
      <dst id="7">772.4089</dst>
      <dst id="2">17951.5378</dst>
      <dst id="6">6.4267</dst>
      <dst id="16">2038.6222</dst>
      <dst id="14">521.6356</dst>
      <dst id="20">4056.3733</dst>
      <dst id="11">1183.1733</dst>
      <dst id="9">1959.8311</dst>
      <dst id="17">5151.6178</dst>
      <dst id="21">15086.4178</dst>
      <dst id="15">115.5200</dst>
    </src>
    <src id="2">
      <dst id="12">195690.7822</dst>
      <dst id="13">5258.5689</dst>
      <dst id="19">675.3156</dst>
      <dst id="23">43.5911</dst>
      <dst id="8">1395.2356</dst>
      <dst id="18">122416.3644</dst>
      <dst id="4">88009.6089</dst>
      <dst id="1">3606.9956</dst>
      <dst id="5">1337.0489</dst>
      <dst id="3">7402.2578</dst>
      <dst id="22">5137.2089</dst>
      <dst id="7">2944.5333</dst>
      <dst id="2">1106.8178</dst>
      <dst id="6">7785.4044</dst>
      <dst id="16">1511.2622</dst>
      <dst id="14">352.6222</dst>
      <dst id="20">1572.7022</dst>
      <dst id="11">10904.9956</dst>
      <dst id="9">1473.6800</dst>
      <dst id="17">31257.8311</dst>
      <dst id="21">16511.7422</dst>
      <dst id="15">651.1733</dst>
    </src>
    <src id="6">
      <dst id="12">9719.4933</dst>
      <dst id="13">1.1556</dst>
      <dst id="19">26.4711</dst>
      <dst id="23">13.4133</dst>
      <dst id="8">1.3067</dst>
      <dst id="18">39.4222</dst>
      <dst id="4">50.3111</dst>
      <dst id="1">2.1333</dst>
      <dst id="5">0.8178</dst>
      <dst id="3">141.7689</dst>
      <dst id="22">62.9867</dst>
      <dst id="7">0.3556</dst>
      <dst id="2">2712.7556</dst>
      <dst id="16">9.4578</dst>
      <dst id="14">0.5689</dst>
      <dst id="20">18.4089</dst>
      <dst id="11">121.8844</dst>
      <dst id="9">63.1467</dst>
      <dst id="17">1126.4711</dst>
      <dst id="21">210.6400</dst>
    </src>
    <src id="16">
      <dst id="12">5022.4533</dst>
      <dst id="13">260.3022</dst>
      <dst id="19">4531.7156</dst>
      <dst id="23">34.0889</dst>
      <dst id="8">7848.9867</dst>
      <dst id="18">51.0756</dst>
      <dst id="4">3655.0044</dst>
      <dst id="1">21517.1822</dst>
      <dst id="5">11183.6622</dst>
      <dst id="3">4299.0133</dst>
      <dst id="7">1807.8667</dst>
      <dst id="2">540.2222</dst>
      <dst id="6">2.1244</dst>
      <dst id="16">36.6756</dst>
      <dst id="14">484.0267</dst>
      <dst id="11">380.5156</dst>
      <dst id="9">12386.8622</dst>
      <dst id="17">2517.8667</dst>
      <dst id="21">918.0711</dst>
    </src>
    <src id="14">
      <dst id="12">28644.7644</dst>
      <dst id="13">77.5378</dst>
      <dst id="19">5.9022</dst>
      <dst id="8">25.8844</dst>
      <dst id="4">2464.3822</dst>
      <dst id="1">95.5911</dst>
      <dst id="5">13.3333</dst>
      <dst id="3">238.2489</dst>
      <dst id="22">15.7511</dst>
      <dst id="7">88.1244</dst>
      <dst id="2">10076.2667</dst>
      <dst id="6">0.4622</dst>
      <dst id="16">15.5822</dst>
      <dst id="20">12.6222</dst>
      <dst id="11">358.9422</dst>
      <dst id="9">16.2844</dst>
      <dst id="17">6621.5644</dst>
      <dst id="21">221.0400</dst>
    </src>
    <src id="20">
      <dst id="12">15276.8356</dst>
      <dst id="13">9756.2044</dst>
      <dst id="19">39.8844</dst>
      <dst id="23">143.0222</dst>
      <dst id="8">2795.8933</dst>
      <dst id="18">654.6311</dst>
      <dst id="4">14229.0222</dst>
      <dst id="1">180.4356</dst>
      <dst id="5">3903.7422</dst>
      <dst id="3">5992.1956</dst>
      <dst id="7">3213.6711</dst>
      <dst id="2">2183.9644</dst>
      <dst id="6">0.4622</dst>
      <dst id="16">4.6756</dst>
      <dst id="14">39.7244</dst>
      <dst id="11">590.9156</dst>
      <dst id="9">13372.0711</dst>
      <dst id="17">21469.2711</dst>
      <dst id="21">2479.5289</dst>
    </src>
    <src id="11">
      <dst id="12">439825.0044</dst>
      <dst id="13">1213.1200</dst>
      <dst id="19">66.3556</dst>
      <dst id="23">24.4889</dst>
      <dst id="8">670.0533</dst>
      <dst id="18">690.4267</dst>
      <dst id="4">14653.0044</dst>
      <dst id="1">603.6978</dst>
      <dst id="5">1880.6667</dst>
      <dst id="3">1778.8000</dst>
      <dst id="22">1967.2533</dst>
      <dst id="7">448.8711</dst>
      <dst id="2">177371.8311</dst>
      <dst id="6">414.6044</dst>
      <dst id="16">203.9911</dst>
      <dst id="14">146.8178</dst>
      <dst id="20">2094.5956</dst>
      <dst id="11">1907.6711</dst>
      <dst id="9">1622.2222</dst>
      <dst id="17">86976.3822</dst>
      <dst id="21">2546.6044</dst>
      <dst id="15">1020.2667</dst>
    </src>
    <src id="9">
      <dst id="12">588023.3689</dst>
      <dst id="13">4921.2444</dst>
      <dst id="19">223.9822</dst>
      <dst id="23">3.6978</dst>
      <dst id="8">1973.0933</dst>
      <dst id="18">92.4267</dst>
      <dst id="4">22250.1244</dst>
      <dst id="1">1509.2889</dst>
      <dst id="5">5886.3556</dst>
      <dst id="3">3418.1156</dst>
      <dst id="22">9905.1200</dst>
      <dst id="7">321.7333</dst>
      <dst id="2">184347.4044</dst>
      <dst id="6">10.9422</dst>
      <dst id="16">876.0978</dst>
      <dst id="14">192.1778</dst>
      <dst id="20">24196.0356</dst>
      <dst id="11">2366.5511</dst>
      <dst id="9">919.8489</dst>
      <dst id="17">138057.0222</dst>
      <dst id="21">1177.8133</dst>
      <dst id="15">12777.5556</dst>
    </src>
    <src id="17">
      <dst id="12">9103.2978</dst>
      <dst id="13">6819.5378</dst>
      <dst id="19">11318.2489</dst>
      <dst id="23">181.6178</dst>
      <dst id="8">209547.2622</dst>
      <dst id="18">2419.7156</dst>
      <dst id="4">83899.8222</dst>
      <dst id="1">1309.6889</dst>
      <dst id="5">258320.4800</dst>
      <dst id="3">23671.6089</dst>
      <dst id="22">22563.3956</dst>
      <dst id="7">12138.9244</dst>
      <dst id="2">10274.3467</dst>
      <dst id="6">88.9422</dst>
      <dst id="16">3372.1511</dst>
      <dst id="14">45437.2711</dst>
      <dst id="20">7886.3200</dst>
      <dst id="11">166320.5511</dst>
      <dst id="9">364371.2622</dst>
      <dst id="17">1632.3111</dst>
      <dst id="21">22461.7778</dst>
      <dst id="15">2459.5556</dst>
    </src>
    <src id="21">
      <dst id="12">21420.6489</dst>
      <dst id="13">801.8400</dst>
      <dst id="19">455.9733</dst>
      <dst id="23">185.4222</dst>
      <dst id="8">528.6578</dst>
      <dst id="18">846.5600</dst>
      <dst id="4">24811.7600</dst>
      <dst id="1">2187.8756</dst>
      <dst id="5">851.8311</dst>
      <dst id="3">4805.8933</dst>
      <dst id="22">2825.7333</dst>
      <dst id="7">1627.1733</dst>
      <dst id="2">12440.1156</dst>
      <dst id="6">59.0222</dst>
      <dst id="16">993.9822</dst>
      <dst id="14">161.7244</dst>
      <dst id="20">1131.9467</dst>
      <dst id="11">2750.4533</dst>
      <dst id="9">902.8800</dst>
      <dst id="17">7376.9689</dst>
      <dst id="21">3877.8133</dst>
      <dst id="15">844.9244</dst>
    </src>
    <src id="15">
      <dst id="12">2372.0178</dst>
      <dst id="13">350.5244</dst>
      <dst id="23">18.0444</dst>
      <dst id="8">359.4400</dst>
      <dst id="18">41.9556</dst>
      <dst id="4">3317.4578</dst>
      <dst id="1">231.2089</dst>
      <dst id="5">541.5200</dst>
      <dst id="3">828.0089</dst>
      <dst id="7">57.7067</dst>
      <dst id="2">101.7244</dst>
      <dst id="6">0.8178</dst>
      <dst id="11">542.0711</dst>
      <dst id="9">5124.8622</dst>
      <dst id="17">468.9689</dst>
      <dst id="21">281.0400</dst>
    </src>
  </IntraTM>
</TrafficMatrixFile>
