<?xml version="1.0" encoding="UTF-8" standalone="yes"?>
<TrafficMatrixFile xmlns:xsi="http://www.w3.org/2001/XMLSchema-instance" xsi:noNamespaceSchemaLocation="http://totem.run.montefiore.ulg.ac.be/Schema/TrafficMatrix-v1_2.xsd">
  <info>
    <title>Intradomain traffic matrix generated by geant-TM-all.pl</title>
    <date>2005-01-05T23:45:00</date>
    <duration>900</duration>
    <author>Steve Uhlig</author>
    <units>
        <unit type="bandwidth" value="kbps"/>
    </units>
  </info>
  <IntraTM ASID="20965">
    <src id="12">
      <dst id="12">327038.5244</dst>
      <dst id="13">45887.2267</dst>
      <dst id="19">11012.2044</dst>
      <dst id="23">3277.8756</dst>
      <dst id="8">8507.7422</dst>
      <dst id="18">7973.7067</dst>
      <dst id="4">90059.6533</dst>
      <dst id="1">26945.3333</dst>
      <dst id="5">6011.0044</dst>
      <dst id="3">21918.2400</dst>
      <dst id="22">17710.8356</dst>
      <dst id="7">15833.9378</dst>
      <dst id="2">107420.2133</dst>
      <dst id="6">59.8222</dst>
      <dst id="16">9834.3289</dst>
      <dst id="14">549.6178</dst>
      <dst id="20">21444.7644</dst>
      <dst id="11">14096.3733</dst>
      <dst id="9">10171.3867</dst>
      <dst id="17">131521.7600</dst>
      <dst id="21">25808.5778</dst>
      <dst id="15">5678.5333</dst>
    </src>
    <src id="13">
      <dst id="12">84050.2489</dst>
      <dst id="19">31762.4889</dst>
      <dst id="23">2042.1600</dst>
      <dst id="8">9272.9422</dst>
      <dst id="18">9611.4667</dst>
      <dst id="1">13057.8222</dst>
      <dst id="5">19566.2311</dst>
      <dst id="3">30870.1600</dst>
      <dst id="22">27339.2444</dst>
      <dst id="7">48094.1600</dst>
      <dst id="2">157115.0933</dst>
      <dst id="6">249.2267</dst>
      <dst id="16">17840.8711</dst>
      <dst id="14">5314.1156</dst>
      <dst id="20">20493.3689</dst>
      <dst id="11">26696.2756</dst>
      <dst id="9">27732.3200</dst>
      <dst id="17">131366.8711</dst>
      <dst id="21">48719.7689</dst>
      <dst id="15">6402.3022</dst>
    </src>
    <src id="19">
      <dst id="12">24107.8489</dst>
      <dst id="13">3570.4889</dst>
      <dst id="23">142.8000</dst>
      <dst id="8">60.8978</dst>
      <dst id="18">276.2756</dst>
      <dst id="4">20782.0533</dst>
      <dst id="1">2549.0044</dst>
      <dst id="5">333.7422</dst>
      <dst id="3">359.7867</dst>
      <dst id="22">2013.4222</dst>
      <dst id="7">17899.9289</dst>
      <dst id="2">3130.0800</dst>
      <dst id="6">74.5333</dst>
      <dst id="16">4476.2222</dst>
      <dst id="14">1241.8489</dst>
      <dst id="20">45.4222</dst>
      <dst id="11">779.8044</dst>
      <dst id="9">310.8356</dst>
      <dst id="17">46196.5511</dst>
      <dst id="21">1780.8533</dst>
      <dst id="15">55.8400</dst>
    </src>
    <src id="23">
      <dst id="12">768.0178</dst>
      <dst id="13">725.5378</dst>
      <dst id="19">79.5111</dst>
      <dst id="8">26.6667</dst>
      <dst id="18">379.4933</dst>
      <dst id="4">129.9289</dst>
      <dst id="1">240.7467</dst>
      <dst id="5">15.0311</dst>
      <dst id="3">889.9378</dst>
      <dst id="22">2046.6044</dst>
      <dst id="7">2436.4622</dst>
      <dst id="2">154.7644</dst>
      <dst id="6">1.5644</dst>
      <dst id="16">779.4578</dst>
      <dst id="14">5.7156</dst>
      <dst id="20">247.7511</dst>
      <dst id="11">355.1378</dst>
      <dst id="9">904.7733</dst>
      <dst id="17">3117.5822</dst>
      <dst id="21">1569.1556</dst>
      <dst id="15">330.9867</dst>
    </src>
    <src id="8">
      <dst id="12">371103.6711</dst>
      <dst id="13">3580.6133</dst>
      <dst id="19">95.4133</dst>
      <dst id="23">0.3556</dst>
      <dst id="18">684.1956</dst>
      <dst id="4">5016.1600</dst>
      <dst id="1">1086.5067</dst>
      <dst id="5">15029.5111</dst>
      <dst id="3">153.4844</dst>
      <dst id="22">2269.0044</dst>
      <dst id="7">1179.0400</dst>
      <dst id="2">152801.9378</dst>
      <dst id="6">1.2533</dst>
      <dst id="16">2170.6933</dst>
      <dst id="14">45.2533</dst>
      <dst id="20">3093.9644</dst>
      <dst id="11">675.7778</dst>
      <dst id="9">559.4578</dst>
      <dst id="17">148724.2222</dst>
      <dst id="21">1513.5289</dst>
      <dst id="15">2377.8489</dst>
    </src>
    <src id="18">
      <dst id="12">135770.7911</dst>
      <dst id="13">841.5111</dst>
      <dst id="19">81.8133</dst>
      <dst id="23">16.0711</dst>
      <dst id="8">399.8844</dst>
      <dst id="4">3112.1511</dst>
      <dst id="1">988.1956</dst>
      <dst id="5">470.0711</dst>
      <dst id="3">191.7956</dst>
      <dst id="22">461.5022</dst>
      <dst id="7">263.2711</dst>
      <dst id="2">47706.8178</dst>
      <dst id="16">137.8578</dst>
      <dst id="14">0.4622</dst>
      <dst id="20">42.2844</dst>
      <dst id="11">419.2622</dst>
      <dst id="9">1005.3244</dst>
      <dst id="17">60089.6000</dst>
      <dst id="21">1681.4400</dst>
      <dst id="15">168.7111</dst>
    </src>
    <src id="4">
      <dst id="12">31391.6000</dst>
      <dst id="19">13503.3511</dst>
      <dst id="23">90.5600</dst>
      <dst id="8">2802.4978</dst>
      <dst id="18">1623.5733</dst>
      <dst id="4">2.5511</dst>
      <dst id="1">91340.5689</dst>
      <dst id="5">2944.3378</dst>
      <dst id="3">2089.0222</dst>
      <dst id="22">13760.7556</dst>
      <dst id="7">48595.9556</dst>
      <dst id="2">114583.4667</dst>
      <dst id="6">54.8089</dst>
      <dst id="16">5474.1600</dst>
      <dst id="14">4321.8667</dst>
      <dst id="20">3304.3644</dst>
      <dst id="11">6624.7467</dst>
      <dst id="9">4835.5289</dst>
      <dst id="17">51689.6800</dst>
      <dst id="21">12738.1156</dst>
      <dst id="15">399.5378</dst>
    </src>
    <src id="1">
      <dst id="12">27194.9333</dst>
      <dst id="13">12445.0044</dst>
      <dst id="19">3090.5244</dst>
      <dst id="23">232.3733</dst>
      <dst id="8">208381.2000</dst>
      <dst id="18">19705.7867</dst>
      <dst id="4">26170.7289</dst>
      <dst id="1">30850.2133</dst>
      <dst id="5">303981.4578</dst>
      <dst id="3">1008.2489</dst>
      <dst id="22">11577.3422</dst>
      <dst id="7">58016.8889</dst>
      <dst id="2">33470.3733</dst>
      <dst id="6">20383.3867</dst>
      <dst id="16">9274.9778</dst>
      <dst id="14">902.2489</dst>
      <dst id="20">3046.0978</dst>
      <dst id="11">4291.0400</dst>
      <dst id="9">388655.4933</dst>
      <dst id="17">43403.1289</dst>
      <dst id="21">22337.9733</dst>
      <dst id="15">1672.1422</dst>
    </src>
    <src id="5">
      <dst id="12">335914.9067</dst>
      <dst id="13">1525.6000</dst>
      <dst id="19">637.8222</dst>
      <dst id="23">16.8000</dst>
      <dst id="8">9469.7067</dst>
      <dst id="18">564.9956</dst>
      <dst id="4">14069.0133</dst>
      <dst id="1">3717.6533</dst>
      <dst id="3">251.5111</dst>
      <dst id="22">6540.3911</dst>
      <dst id="7">1857.8489</dst>
      <dst id="2">176889.7067</dst>
      <dst id="6">117.7333</dst>
      <dst id="16">1318.1689</dst>
      <dst id="14">18.0356</dst>
      <dst id="20">8661.9378</dst>
      <dst id="11">5511.1822</dst>
      <dst id="9">7590.0533</dst>
      <dst id="17">132147.1289</dst>
      <dst id="21">560.0267</dst>
      <dst id="15">456.1156</dst>
    </src>
    <src id="3">
      <dst id="12">12322.6844</dst>
      <dst id="13">9122.2133</dst>
      <dst id="19">1077.2178</dst>
      <dst id="23">5947.3689</dst>
      <dst id="8">2158.1778</dst>
      <dst id="18">247432.0444</dst>
      <dst id="4">40060.5778</dst>
      <dst id="1">49194.2489</dst>
      <dst id="5">1392.9867</dst>
      <dst id="3">17706.9422</dst>
      <dst id="22">968.9156</dst>
      <dst id="7">62069.2889</dst>
      <dst id="2">18638.2844</dst>
      <dst id="6">21.3956</dst>
      <dst id="16">2267.3333</dst>
      <dst id="14">63075.6533</dst>
      <dst id="20">1898.3644</dst>
      <dst id="11">342758.7644</dst>
      <dst id="9">1291.2267</dst>
      <dst id="17">21290.0000</dst>
      <dst id="21">20601.8133</dst>
      <dst id="15">1793.4400</dst>
    </src>
    <src id="10">
      <dst id="12">20636.7289</dst>
      <dst id="19">16738.9867</dst>
      <dst id="8">2422.0444</dst>
      <dst id="18">5017.5911</dst>
      <dst id="1">3008.4356</dst>
      <dst id="5">2755.6356</dst>
      <dst id="3">13949.3156</dst>
      <dst id="22">5704.2133</dst>
      <dst id="7">20571.8933</dst>
      <dst id="2">59602.1956</dst>
      <dst id="6">52.2667</dst>
      <dst id="16">10517.7511</dst>
      <dst id="14">2402.4978</dst>
      <dst id="20">2222.7200</dst>
      <dst id="11">9482.4000</dst>
      <dst id="9">3527.5467</dst>
      <dst id="17">36037.2711</dst>
      <dst id="21">12330.1689</dst>
      <dst id="15">556.0267</dst>
    </src>
    <src id="22">
      <dst id="12">11426.5067</dst>
      <dst id="13">6234.4800</dst>
      <dst id="19">2216.2756</dst>
      <dst id="23">91.1467</dst>
      <dst id="8">910.4978</dst>
      <dst id="18">781.9022</dst>
      <dst id="4">21372.3822</dst>
      <dst id="1">3243.2711</dst>
      <dst id="5">4670.1067</dst>
      <dst id="3">1847.6889</dst>
      <dst id="7">4620.2578</dst>
      <dst id="2">4474.8800</dst>
      <dst id="6">153.3867</dst>
      <dst id="16">0.8711</dst>
      <dst id="14">1.4489</dst>
      <dst id="11">5227.9111</dst>
      <dst id="9">2089.9733</dst>
      <dst id="17">8714.6133</dst>
      <dst id="21">2711.0222</dst>
    </src>
    <src id="7">
      <dst id="12">7820.5956</dst>
      <dst id="13">5448.1244</dst>
      <dst id="19">6244.6933</dst>
      <dst id="23">554.4622</dst>
      <dst id="8">1154.6667</dst>
      <dst id="18">1182.5156</dst>
      <dst id="4">60987.0133</dst>
      <dst id="1">15114.8533</dst>
      <dst id="5">1437.8044</dst>
      <dst id="3">7062.1333</dst>
      <dst id="22">5948.0178</dst>
      <dst id="7">581.2178</dst>
      <dst id="2">25991.5200</dst>
      <dst id="6">278.0000</dst>
      <dst id="16">3454.1067</dst>
      <dst id="14">1319.5911</dst>
      <dst id="20">1562.8622</dst>
      <dst id="11">3378.0178</dst>
      <dst id="9">2584.3556</dst>
      <dst id="17">24493.6000</dst>
      <dst id="21">11905.2711</dst>
      <dst id="15">1550.6844</dst>
    </src>
    <src id="2">
      <dst id="12">173104.9867</dst>
      <dst id="13">544407.8844</dst>
      <dst id="19">15425.5911</dst>
      <dst id="23">77.3156</dst>
      <dst id="8">4529.8044</dst>
      <dst id="18">176816.8267</dst>
      <dst id="4">96367.0311</dst>
      <dst id="1">27595.7956</dst>
      <dst id="5">2694.5689</dst>
      <dst id="3">2084.7644</dst>
      <dst id="22">3251.3156</dst>
      <dst id="7">34126.4889</dst>
      <dst id="2">1179.3422</dst>
      <dst id="6">13495.9911</dst>
      <dst id="16">4350.2844</dst>
      <dst id="14">5747.9467</dst>
      <dst id="20">3182.3733</dst>
      <dst id="11">7948.2489</dst>
      <dst id="9">3193.2978</dst>
      <dst id="17">41393.5556</dst>
      <dst id="21">16632.5956</dst>
      <dst id="15">523.1733</dst>
    </src>
    <src id="6">
      <dst id="12">13089.4667</dst>
      <dst id="13">90.6578</dst>
      <dst id="19">147.7689</dst>
      <dst id="23">23.2711</dst>
      <dst id="18">12.0000</dst>
      <dst id="4">1433.5378</dst>
      <dst id="1">372.8178</dst>
      <dst id="5">27.9467</dst>
      <dst id="3">2.0533</dst>
      <dst id="22">4.6844</dst>
      <dst id="7">197.6444</dst>
      <dst id="2">2601.5378</dst>
      <dst id="16">9.5111</dst>
      <dst id="11">60.0444</dst>
      <dst id="9">60.4178</dst>
      <dst id="17">2058.2933</dst>
      <dst id="21">69.3689</dst>
      <dst id="15">1.8489</dst>
    </src>
    <src id="16">
      <dst id="12">3328.9244</dst>
      <dst id="13">916.4622</dst>
      <dst id="19">4627.8844</dst>
      <dst id="23">218.7467</dst>
      <dst id="8">9804.6578</dst>
      <dst id="18">275.6444</dst>
      <dst id="4">8369.9556</dst>
      <dst id="1">26113.6356</dst>
      <dst id="5">8393.0400</dst>
      <dst id="3">418.5867</dst>
      <dst id="7">7060.4889</dst>
      <dst id="2">2442.0622</dst>
      <dst id="6">30.7822</dst>
      <dst id="16">64.9689</dst>
      <dst id="14">240.8089</dst>
      <dst id="11">665.4489</dst>
      <dst id="9">16197.6178</dst>
      <dst id="17">7846.3111</dst>
      <dst id="21">870.9156</dst>
    </src>
    <src id="14">
      <dst id="12">25036.6222</dst>
      <dst id="13">101.8667</dst>
      <dst id="19">134.2222</dst>
      <dst id="23">31.1200</dst>
      <dst id="8">2.5333</dst>
      <dst id="18">0.4089</dst>
      <dst id="4">3630.1333</dst>
      <dst id="1">527.0844</dst>
      <dst id="5">42.9778</dst>
      <dst id="3">609.4667</dst>
      <dst id="22">7.7689</dst>
      <dst id="7">332.8711</dst>
      <dst id="2">8251.1378</dst>
      <dst id="16">11.7156</dst>
      <dst id="20">26.2044</dst>
      <dst id="11">230.3200</dst>
      <dst id="9">50.9244</dst>
      <dst id="17">9011.9467</dst>
      <dst id="21">195.5733</dst>
    </src>
    <src id="20">
      <dst id="12">16652.9511</dst>
      <dst id="13">8884.6311</dst>
      <dst id="19">1058.2489</dst>
      <dst id="23">63.4756</dst>
      <dst id="8">530.0356</dst>
      <dst id="18">6.0800</dst>
      <dst id="4">8114.7200</dst>
      <dst id="1">290.0444</dst>
      <dst id="5">3168.1244</dst>
      <dst id="3">2794.1244</dst>
      <dst id="7">2039.5111</dst>
      <dst id="2">13210.7111</dst>
      <dst id="14">3.6800</dst>
      <dst id="11">629.1644</dst>
      <dst id="9">16497.4311</dst>
      <dst id="17">8339.7867</dst>
      <dst id="21">565.0044</dst>
    </src>
    <src id="11">
      <dst id="12">494087.5289</dst>
      <dst id="13">3113.0400</dst>
      <dst id="19">1004.0800</dst>
      <dst id="23">5868.4800</dst>
      <dst id="8">1962.0000</dst>
      <dst id="18">2744.9422</dst>
      <dst id="4">12754.7911</dst>
      <dst id="1">1629.2889</dst>
      <dst id="5">1939.5467</dst>
      <dst id="3">3709.5022</dst>
      <dst id="22">6829.1200</dst>
      <dst id="7">6659.9111</dst>
      <dst id="2">206344.6222</dst>
      <dst id="6">646.8356</dst>
      <dst id="16">943.0400</dst>
      <dst id="14">5884.0444</dst>
      <dst id="20">13943.7867</dst>
      <dst id="11">3181.1200</dst>
      <dst id="9">2563.2089</dst>
      <dst id="17">199235.1289</dst>
      <dst id="21">2417.4933</dst>
      <dst id="15">207.4400</dst>
    </src>
    <src id="9">
      <dst id="12">505086.5333</dst>
      <dst id="13">7280.9600</dst>
      <dst id="19">364.1956</dst>
      <dst id="23">38.6133</dst>
      <dst id="8">849.8311</dst>
      <dst id="18">3337.2889</dst>
      <dst id="4">11952.6667</dst>
      <dst id="1">14005.0311</dst>
      <dst id="5">3333.9556</dst>
      <dst id="3">3.6889</dst>
      <dst id="22">1778.4533</dst>
      <dst id="7">1974.9956</dst>
      <dst id="2">202930.9600</dst>
      <dst id="6">1.5289</dst>
      <dst id="16">2379.1467</dst>
      <dst id="14">7.6711</dst>
      <dst id="20">3868.1867</dst>
      <dst id="11">4597.0756</dst>
      <dst id="9">3874.8889</dst>
      <dst id="17">258980.5244</dst>
      <dst id="21">3084.1511</dst>
      <dst id="15">2905.1467</dst>
    </src>
    <src id="17">
      <dst id="12">12293.3067</dst>
      <dst id="13">19600.1511</dst>
      <dst id="19">3081.7067</dst>
      <dst id="23">555.2978</dst>
      <dst id="8">227282.2667</dst>
      <dst id="18">3474.9244</dst>
      <dst id="4">166024.2756</dst>
      <dst id="1">8327.0311</dst>
      <dst id="5">290842.0889</dst>
      <dst id="3">31351.3067</dst>
      <dst id="22">8983.2267</dst>
      <dst id="7">13193.9644</dst>
      <dst id="2">19649.3244</dst>
      <dst id="6">230.3733</dst>
      <dst id="16">15063.5644</dst>
      <dst id="14">45685.1111</dst>
      <dst id="20">3328.1778</dst>
      <dst id="11">263671.6000</dst>
      <dst id="9">338414.4444</dst>
      <dst id="17">2283.7333</dst>
      <dst id="21">27054.8444</dst>
      <dst id="15">8014.8000</dst>
    </src>
    <src id="21">
      <dst id="12">21315.9733</dst>
      <dst id="13">2383.9556</dst>
      <dst id="19">1395.4133</dst>
      <dst id="23">284.4533</dst>
      <dst id="8">718.4000</dst>
      <dst id="18">19769.0489</dst>
      <dst id="4">30569.1556</dst>
      <dst id="1">176225.0578</dst>
      <dst id="5">5018.7822</dst>
      <dst id="3">23297.6800</dst>
      <dst id="22">2342.4533</dst>
      <dst id="7">9129.9467</dst>
      <dst id="2">26087.4489</dst>
      <dst id="6">63.3422</dst>
      <dst id="16">531.5200</dst>
      <dst id="14">178.6578</dst>
      <dst id="20">2249.4311</dst>
      <dst id="11">4656.6222</dst>
      <dst id="9">1779.1556</dst>
      <dst id="17">9931.2356</dst>
      <dst id="21">3195.3778</dst>
      <dst id="15">1114.5956</dst>
    </src>
    <src id="15">
      <dst id="12">4017.6889</dst>
      <dst id="13">993.1733</dst>
      <dst id="19">64.9244</dst>
      <dst id="23">11.1289</dst>
      <dst id="8">1244.1956</dst>
      <dst id="18">46.2578</dst>
      <dst id="4">2284.1956</dst>
      <dst id="1">1353.7067</dst>
      <dst id="5">1118.6756</dst>
      <dst id="3">3.2267</dst>
      <dst id="7">870.8089</dst>
      <dst id="2">426.1867</dst>
      <dst id="11">1938.7200</dst>
      <dst id="9">6640.1689</dst>
      <dst id="17">917.9022</dst>
      <dst id="21">393.8578</dst>
    </src>
  </IntraTM>
</TrafficMatrixFile>
