<?xml version="1.0" encoding="UTF-8" standalone="yes"?>
<TrafficMatrixFile xmlns:xsi="http://www.w3.org/2001/XMLSchema-instance" xsi:noNamespaceSchemaLocation="http://totem.run.montefiore.ulg.ac.be/Schema/TrafficMatrix-v1_2.xsd">
  <info>
    <title>Intradomain traffic matrix generated by geant-TM-all.pl</title>
    <date>2005-01-03T21:15:00</date>
    <duration>900</duration>
    <author>Steve Uhlig</author>
    <units>
        <unit type="bandwidth" value="kbps"/>
    </units>
  </info>
  <IntraTM ASID="20965">
    <src id="12">
      <dst id="12">274316.3200</dst>
      <dst id="13">31570.7556</dst>
      <dst id="19">2424.4622</dst>
      <dst id="23">41.4578</dst>
      <dst id="8">3854.8978</dst>
      <dst id="18">339.3244</dst>
      <dst id="4">56262.0356</dst>
      <dst id="1">6494.9689</dst>
      <dst id="5">4091.3600</dst>
      <dst id="3">5131.1022</dst>
      <dst id="22">12025.1467</dst>
      <dst id="7">5194.2133</dst>
      <dst id="2">97351.9644</dst>
      <dst id="6">25.6889</dst>
      <dst id="16">8503.4044</dst>
      <dst id="14">607.4933</dst>
      <dst id="20">5380.1956</dst>
      <dst id="11">6617.1556</dst>
      <dst id="9">7148.5778</dst>
      <dst id="17">89480.8089</dst>
      <dst id="21">5027.6267</dst>
      <dst id="15">3184.5778</dst>
    </src>
    <src id="13">
      <dst id="12">57552.7200</dst>
      <dst id="19">6011.7422</dst>
      <dst id="23">113.8311</dst>
      <dst id="8">2273.1111</dst>
      <dst id="18">2431.0844</dst>
      <dst id="1">3631.5733</dst>
      <dst id="5">13618.4889</dst>
      <dst id="3">9603.2533</dst>
      <dst id="22">18703.0400</dst>
      <dst id="7">8813.9378</dst>
      <dst id="2">89282.0889</dst>
      <dst id="6">120.7022</dst>
      <dst id="16">30586.6578</dst>
      <dst id="14">1520.3467</dst>
      <dst id="20">9943.7511</dst>
      <dst id="11">11464.4089</dst>
      <dst id="9">14405.6267</dst>
      <dst id="17">52864.8000</dst>
      <dst id="21">20732.1422</dst>
      <dst id="15">1820.1778</dst>
    </src>
    <src id="19">
      <dst id="12">13685.9022</dst>
      <dst id="13">6022.3111</dst>
      <dst id="23">169.2444</dst>
      <dst id="8">0.8356</dst>
      <dst id="18">2.4356</dst>
      <dst id="4">16078.7733</dst>
      <dst id="1">846.2578</dst>
      <dst id="5">9.2444</dst>
      <dst id="3">27.0222</dst>
      <dst id="22">229.2889</dst>
      <dst id="7">2662.1156</dst>
      <dst id="2">360.8978</dst>
      <dst id="6">37.5378</dst>
      <dst id="16">7997.7333</dst>
      <dst id="14">1.4133</dst>
      <dst id="20">1686.3733</dst>
      <dst id="11">30.2489</dst>
      <dst id="9">289.8933</dst>
      <dst id="17">199.7511</dst>
      <dst id="21">438.6756</dst>
    </src>
    <src id="23">
      <dst id="12">354.4978</dst>
      <dst id="13">118.9067</dst>
      <dst id="19">2.8444</dst>
      <dst id="8">0.3556</dst>
      <dst id="18">1.4044</dst>
      <dst id="4">1.4933</dst>
      <dst id="1">28.5067</dst>
      <dst id="5">0.3556</dst>
      <dst id="3">235.4311</dst>
      <dst id="22">620.4711</dst>
      <dst id="7">50.8622</dst>
      <dst id="2">31.9022</dst>
      <dst id="16">353.0578</dst>
      <dst id="14">0.5689</dst>
      <dst id="20">377.2444</dst>
      <dst id="11">40.2844</dst>
      <dst id="9">1823.0933</dst>
      <dst id="17">1045.4844</dst>
      <dst id="21">123.2978</dst>
      <dst id="15">62.6133</dst>
    </src>
    <src id="8">
      <dst id="12">291890.7822</dst>
      <dst id="13">572.6756</dst>
      <dst id="19">0.9511</dst>
      <dst id="18">29.1556</dst>
      <dst id="4">2986.3911</dst>
      <dst id="1">58.9867</dst>
      <dst id="5">2127.7244</dst>
      <dst id="3">66.1689</dst>
      <dst id="22">2795.1289</dst>
      <dst id="7">1.4756</dst>
      <dst id="2">118446.1067</dst>
      <dst id="6">0.8444</dst>
      <dst id="16">556.4000</dst>
      <dst id="14">1.2889</dst>
      <dst id="20">145.0933</dst>
      <dst id="11">2894.9511</dst>
      <dst id="9">1553.8133</dst>
      <dst id="17">114848.5778</dst>
      <dst id="21">186.6222</dst>
      <dst id="15">2759.9822</dst>
    </src>
    <src id="18">
      <dst id="12">104212.2400</dst>
      <dst id="13">236.5244</dst>
      <dst id="19">0.7289</dst>
      <dst id="23">1.1644</dst>
      <dst id="8">2.0089</dst>
      <dst id="4">1200.3467</dst>
      <dst id="1">935.9467</dst>
      <dst id="5">109.1733</dst>
      <dst id="3">37.6089</dst>
      <dst id="22">298.9422</dst>
      <dst id="7">82.4622</dst>
      <dst id="2">31256.8711</dst>
      <dst id="16">23.8044</dst>
      <dst id="14">25.9022</dst>
      <dst id="20">59.8578</dst>
      <dst id="11">69.4222</dst>
      <dst id="9">28.8444</dst>
      <dst id="17">33826.7556</dst>
      <dst id="21">765.0311</dst>
      <dst id="15">1.2089</dst>
    </src>
    <src id="4">
      <dst id="12">19532.9333</dst>
      <dst id="19">15781.5822</dst>
      <dst id="8">1466.2578</dst>
      <dst id="18">587.2622</dst>
      <dst id="1">128564.0711</dst>
      <dst id="5">1872.6400</dst>
      <dst id="3">2176.5511</dst>
      <dst id="22">6859.0756</dst>
      <dst id="7">149170.6933</dst>
      <dst id="2">76367.8133</dst>
      <dst id="6">14.3022</dst>
      <dst id="16">1528.0000</dst>
      <dst id="14">919.4311</dst>
      <dst id="20">1034.6667</dst>
      <dst id="11">8907.8578</dst>
      <dst id="9">2036.8889</dst>
      <dst id="17">99558.2400</dst>
      <dst id="21">7178.6756</dst>
      <dst id="15">664.6667</dst>
    </src>
    <src id="1">
      <dst id="12">15532.5511</dst>
      <dst id="13">2150.8622</dst>
      <dst id="19">45.4489</dst>
      <dst id="23">150.1333</dst>
      <dst id="8">110837.5467</dst>
      <dst id="18">14708.6044</dst>
      <dst id="4">3301.7600</dst>
      <dst id="1">14832.8089</dst>
      <dst id="5">206603.5289</dst>
      <dst id="3">231.3689</dst>
      <dst id="22">2766.3022</dst>
      <dst id="7">3481.5822</dst>
      <dst id="2">8091.2533</dst>
      <dst id="6">8463.2800</dst>
      <dst id="16">13254.1156</dst>
      <dst id="14">17.8933</dst>
      <dst id="20">23.2089</dst>
      <dst id="11">453.6533</dst>
      <dst id="9">215857.0400</dst>
      <dst id="17">1091.1822</dst>
      <dst id="21">2590.1422</dst>
      <dst id="15">159.6978</dst>
    </src>
    <src id="5">
      <dst id="12">315583.4400</dst>
      <dst id="13">36848.2489</dst>
      <dst id="19">82.3822</dst>
      <dst id="23">14.7556</dst>
      <dst id="8">2213.9822</dst>
      <dst id="18">121.4044</dst>
      <dst id="4">8493.3956</dst>
      <dst id="1">228.3200</dst>
      <dst id="3">36.6222</dst>
      <dst id="22">8429.3511</dst>
      <dst id="7">399.4489</dst>
      <dst id="2">131194.4356</dst>
      <dst id="6">13.1556</dst>
      <dst id="16">771.5467</dst>
      <dst id="14">30.9689</dst>
      <dst id="20">13525.3778</dst>
      <dst id="11">3026.8356</dst>
      <dst id="9">2792.2667</dst>
      <dst id="17">124240.0356</dst>
      <dst id="21">406.5956</dst>
      <dst id="15">125.9022</dst>
    </src>
    <src id="3">
      <dst id="12">12528.3022</dst>
      <dst id="13">407.6533</dst>
      <dst id="19">1005.7600</dst>
      <dst id="23">9665.9200</dst>
      <dst id="8">1215.8667</dst>
      <dst id="18">67613.6533</dst>
      <dst id="4">12934.8533</dst>
      <dst id="1">9624.6222</dst>
      <dst id="5">357.2000</dst>
      <dst id="3">15012.1333</dst>
      <dst id="22">1796.0533</dst>
      <dst id="7">3053.7778</dst>
      <dst id="2">5712.0356</dst>
      <dst id="6">27.2089</dst>
      <dst id="16">887.8756</dst>
      <dst id="14">30144.5867</dst>
      <dst id="20">47.2889</dst>
      <dst id="11">134491.8133</dst>
      <dst id="9">1745.5022</dst>
      <dst id="17">8533.3600</dst>
      <dst id="21">13848.0978</dst>
      <dst id="15">52.7289</dst>
    </src>
    <src id="10">
      <dst id="12">14168.4089</dst>
      <dst id="19">706.4444</dst>
      <dst id="8">1208.7022</dst>
      <dst id="18">2152.3733</dst>
      <dst id="1">2064.1333</dst>
      <dst id="5">907.3333</dst>
      <dst id="3">6465.9022</dst>
      <dst id="22">10322.4800</dst>
      <dst id="7">6614.2400</dst>
      <dst id="2">19222.5422</dst>
      <dst id="6">4.0889</dst>
      <dst id="16">2526.1156</dst>
      <dst id="14">1082.3644</dst>
      <dst id="20">8450.9333</dst>
      <dst id="11">7125.3689</dst>
      <dst id="9">1811.1822</dst>
      <dst id="17">17880.0711</dst>
      <dst id="21">5690.0000</dst>
      <dst id="15">171.2267</dst>
    </src>
    <src id="22">
      <dst id="12">7422.2756</dst>
      <dst id="13">3556.3467</dst>
      <dst id="19">286.6933</dst>
      <dst id="23">1661.8844</dst>
      <dst id="8">447.7333</dst>
      <dst id="18">111.3689</dst>
      <dst id="4">16090.3911</dst>
      <dst id="1">252.3467</dst>
      <dst id="5">5178.6756</dst>
      <dst id="3">842.6133</dst>
      <dst id="7">662.7556</dst>
      <dst id="2">3159.5733</dst>
      <dst id="6">29.3778</dst>
      <dst id="16">8.7467</dst>
      <dst id="14">120.7556</dst>
      <dst id="11">1162.7289</dst>
      <dst id="9">6325.0044</dst>
      <dst id="17">4905.5467</dst>
      <dst id="21">627.6622</dst>
    </src>
    <src id="7">
      <dst id="12">8009.2533</dst>
      <dst id="13">1769.4400</dst>
      <dst id="19">219.8933</dst>
      <dst id="23">89.2444</dst>
      <dst id="8">96.0978</dst>
      <dst id="18">139.7244</dst>
      <dst id="4">19194.4800</dst>
      <dst id="1">5581.2889</dst>
      <dst id="5">1186.2756</dst>
      <dst id="3">1260.0533</dst>
      <dst id="22">3992.5333</dst>
      <dst id="7">870.3644</dst>
      <dst id="2">8421.0311</dst>
      <dst id="6">53.6089</dst>
      <dst id="16">504.1956</dst>
      <dst id="14">59.7244</dst>
      <dst id="20">1105.2533</dst>
      <dst id="11">1049.5733</dst>
      <dst id="9">730.2400</dst>
      <dst id="17">16118.1956</dst>
      <dst id="21">3122.0267</dst>
      <dst id="15">1092.0533</dst>
    </src>
    <src id="2">
      <dst id="12">127683.7956</dst>
      <dst id="13">526217.2978</dst>
      <dst id="19">187.0400</dst>
      <dst id="23">14.5689</dst>
      <dst id="8">673.9289</dst>
      <dst id="18">58756.3378</dst>
      <dst id="4">62114.2133</dst>
      <dst id="1">5717.5022</dst>
      <dst id="5">2125.2089</dst>
      <dst id="3">44.9778</dst>
      <dst id="22">4222.7644</dst>
      <dst id="7">2755.0044</dst>
      <dst id="2">1377.0756</dst>
      <dst id="6">9051.2533</dst>
      <dst id="16">3746.2667</dst>
      <dst id="14">5207.0400</dst>
      <dst id="20">892.4267</dst>
      <dst id="11">5295.4489</dst>
      <dst id="9">346.0000</dst>
      <dst id="17">38253.4400</dst>
      <dst id="21">4406.9867</dst>
      <dst id="15">1876.0444</dst>
    </src>
    <src id="6">
      <dst id="12">11884.7378</dst>
      <dst id="13">7.9556</dst>
      <dst id="19">4.5689</dst>
      <dst id="23">0.3378</dst>
      <dst id="18">1.9644</dst>
      <dst id="4">1085.1556</dst>
      <dst id="1">18.1067</dst>
      <dst id="5">0.7111</dst>
      <dst id="3">11.4667</dst>
      <dst id="22">1.7600</dst>
      <dst id="7">1.1911</dst>
      <dst id="2">2434.4889</dst>
      <dst id="16">26.8089</dst>
      <dst id="11">5.5289</dst>
      <dst id="17">1699.2267</dst>
      <dst id="21">5.7333</dst>
    </src>
    <src id="16">
      <dst id="12">4214.0533</dst>
      <dst id="13">1095.2622</dst>
      <dst id="19">5217.5022</dst>
      <dst id="23">15.2089</dst>
      <dst id="8">3512.4800</dst>
      <dst id="18">59.1822</dst>
      <dst id="4">3758.3822</dst>
      <dst id="1">22485.9733</dst>
      <dst id="5">3979.1289</dst>
      <dst id="3">293.7867</dst>
      <dst id="7">186.1778</dst>
      <dst id="2">797.8489</dst>
      <dst id="6">0.8178</dst>
      <dst id="16">54.1333</dst>
      <dst id="14">392.7733</dst>
      <dst id="11">715.2800</dst>
      <dst id="9">4858.0622</dst>
      <dst id="17">1335.8400</dst>
      <dst id="21">2727.5289</dst>
    </src>
    <src id="14">
      <dst id="12">16293.8756</dst>
      <dst id="13">66.8089</dst>
      <dst id="19">13.5111</dst>
      <dst id="23">0.9244</dst>
      <dst id="8">13.0844</dst>
      <dst id="18">0.3556</dst>
      <dst id="4">1689.4044</dst>
      <dst id="1">299.8311</dst>
      <dst id="5">23.2000</dst>
      <dst id="3">53.7156</dst>
      <dst id="22">8.8089</dst>
      <dst id="7">40.2844</dst>
      <dst id="2">5493.6800</dst>
      <dst id="6">0.5867</dst>
      <dst id="16">7.1111</dst>
      <dst id="20">10.2667</dst>
      <dst id="11">49.8400</dst>
      <dst id="9">63.5022</dst>
      <dst id="17">5995.7333</dst>
      <dst id="21">34.9689</dst>
      <dst id="15">1.7778</dst>
    </src>
    <src id="20">
      <dst id="12">6023.3600</dst>
      <dst id="13">3777.9644</dst>
      <dst id="19">336.8800</dst>
      <dst id="23">11.2089</dst>
      <dst id="8">279.9289</dst>
      <dst id="18">50.2044</dst>
      <dst id="4">3930.6667</dst>
      <dst id="1">86.8711</dst>
      <dst id="5">1522.0889</dst>
      <dst id="3">94.2044</dst>
      <dst id="7">1225.6889</dst>
      <dst id="2">2097.2622</dst>
      <dst id="14">602.7556</dst>
      <dst id="11">946.2133</dst>
      <dst id="9">2437.6622</dst>
      <dst id="17">1572.2400</dst>
      <dst id="21">126.2489</dst>
    </src>
    <src id="11">
      <dst id="12">370300.5333</dst>
      <dst id="13">3994.5422</dst>
      <dst id="19">27.3600</dst>
      <dst id="23">0.8178</dst>
      <dst id="8">537.5289</dst>
      <dst id="18">82.4444</dst>
      <dst id="4">7757.8489</dst>
      <dst id="1">663.4933</dst>
      <dst id="5">1509.7867</dst>
      <dst id="3">376.3556</dst>
      <dst id="22">3547.5467</dst>
      <dst id="7">740.4622</dst>
      <dst id="2">153790.7022</dst>
      <dst id="6">2.6578</dst>
      <dst id="16">324.4711</dst>
      <dst id="14">155.9556</dst>
      <dst id="20">1173.4311</dst>
      <dst id="11">1959.5911</dst>
      <dst id="9">1102.3022</dst>
      <dst id="17">157571.7956</dst>
      <dst id="21">9072.6400</dst>
      <dst id="15">109.2444</dst>
    </src>
    <src id="9">
      <dst id="12">398072.0711</dst>
      <dst id="13">4339.1378</dst>
      <dst id="19">149.3156</dst>
      <dst id="23">172.2311</dst>
      <dst id="8">2376.7378</dst>
      <dst id="18">106.5333</dst>
      <dst id="4">6304.2044</dst>
      <dst id="1">1240.6578</dst>
      <dst id="5">5373.2889</dst>
      <dst id="3">2.0178</dst>
      <dst id="22">5234.6578</dst>
      <dst id="7">568.2756</dst>
      <dst id="2">142067.7333</dst>
      <dst id="16">695.5378</dst>
      <dst id="14">7.1911</dst>
      <dst id="20">541.4489</dst>
      <dst id="11">1744.7467</dst>
      <dst id="9">192.5422</dst>
      <dst id="17">189551.1911</dst>
      <dst id="21">4667.2889</dst>
      <dst id="15">1115.4756</dst>
    </src>
    <src id="17">
      <dst id="12">6715.6889</dst>
      <dst id="13">1381.1200</dst>
      <dst id="19">107.7600</dst>
      <dst id="23">96.7289</dst>
      <dst id="8">137678.0800</dst>
      <dst id="18">258.3200</dst>
      <dst id="4">39428.6756</dst>
      <dst id="1">1116.3200</dst>
      <dst id="5">220806.9244</dst>
      <dst id="3">9649.7422</dst>
      <dst id="22">14118.1600</dst>
      <dst id="7">1322.7467</dst>
      <dst id="2">19757.2800</dst>
      <dst id="6">147.0844</dst>
      <dst id="16">6539.5022</dst>
      <dst id="14">23440.0444</dst>
      <dst id="20">3587.3867</dst>
      <dst id="11">105229.9289</dst>
      <dst id="9">204702.5067</dst>
      <dst id="17">2083.0222</dst>
      <dst id="21">13226.9689</dst>
      <dst id="15">92.7289</dst>
    </src>
    <src id="21">
      <dst id="12">24395.5911</dst>
      <dst id="13">528.4622</dst>
      <dst id="19">198.6667</dst>
      <dst id="23">66.9156</dst>
      <dst id="8">147.7422</dst>
      <dst id="18">2986.0533</dst>
      <dst id="4">11929.5111</dst>
      <dst id="1">1114.6311</dst>
      <dst id="5">821.7600</dst>
      <dst id="3">1149.3333</dst>
      <dst id="22">2874.1244</dst>
      <dst id="7">723.3156</dst>
      <dst id="2">13755.9644</dst>
      <dst id="6">40.0533</dst>
      <dst id="16">325.1111</dst>
      <dst id="14">90.2222</dst>
      <dst id="20">226.3733</dst>
      <dst id="11">3898.4356</dst>
      <dst id="9">868.9244</dst>
      <dst id="17">5216.7467</dst>
      <dst id="21">807.6178</dst>
      <dst id="15">33.9822</dst>
    </src>
    <src id="15">
      <dst id="12">316.2044</dst>
      <dst id="13">565.3422</dst>
      <dst id="23">1.3867</dst>
      <dst id="8">48.5778</dst>
      <dst id="18">3.4400</dst>
      <dst id="4">1897.6444</dst>
      <dst id="1">550.5689</dst>
      <dst id="5">35.5111</dst>
      <dst id="3">11.0667</dst>
      <dst id="7">102.7467</dst>
      <dst id="2">150.2311</dst>
      <dst id="6">0.7111</dst>
      <dst id="16">2.0978</dst>
      <dst id="14">37.7956</dst>
      <dst id="11">22.5778</dst>
      <dst id="9">389.3244</dst>
      <dst id="17">800.8000</dst>
      <dst id="21">22.4000</dst>
    </src>
  </IntraTM>
</TrafficMatrixFile>
