<?xml version="1.0" encoding="UTF-8" standalone="yes"?>
<TrafficMatrixFile xmlns:xsi="http://www.w3.org/2001/XMLSchema-instance" xsi:noNamespaceSchemaLocation="http://totem.run.montefiore.ulg.ac.be/Schema/TrafficMatrix-v1_2.xsd">
  <info>
    <title>Intradomain traffic matrix generated by geant-TM-all.pl</title>
    <date>2005-01-01T01:30:00</date>
    <duration>900</duration>
    <author>Steve Uhlig</author>
    <units>
        <unit type="bandwidth" value="kbps"/>
    </units>
  </info>
  <IntraTM ASID="20965">
    <src id="12">
      <dst id="12">320159.4933</dst>
      <dst id="13">50818.0000</dst>
      <dst id="19">6173.0222</dst>
      <dst id="23">1556.5333</dst>
      <dst id="8">5453.6000</dst>
      <dst id="18">2749.4933</dst>
      <dst id="4">122505.7333</dst>
      <dst id="1">6687.3511</dst>
      <dst id="5">17763.6267</dst>
      <dst id="3">14645.1378</dst>
      <dst id="22">25369.7067</dst>
      <dst id="7">6496.8178</dst>
      <dst id="2">108224.9600</dst>
      <dst id="6">59.6800</dst>
      <dst id="16">11997.2711</dst>
      <dst id="14">746.8267</dst>
      <dst id="20">28970.0800</dst>
      <dst id="11">3425.9822</dst>
      <dst id="9">15555.6000</dst>
      <dst id="17">107189.3067</dst>
      <dst id="21">26664.8000</dst>
      <dst id="15">6011.2178</dst>
    </src>
    <src id="13">
      <dst id="12">67514.0533</dst>
      <dst id="19">49528.1867</dst>
      <dst id="23">943.7067</dst>
      <dst id="8">4759.1022</dst>
      <dst id="18">20766.9333</dst>
      <dst id="1">7502.4978</dst>
      <dst id="5">17958.9422</dst>
      <dst id="3">31717.7778</dst>
      <dst id="22">31826.5689</dst>
      <dst id="7">39564.0356</dst>
      <dst id="2">148118.1333</dst>
      <dst id="6">139.4222</dst>
      <dst id="16">18443.0756</dst>
      <dst id="14">3472.2311</dst>
      <dst id="20">17715.6622</dst>
      <dst id="11">16334.0889</dst>
      <dst id="9">26358.8711</dst>
      <dst id="17">126956.4000</dst>
      <dst id="21">39732.5689</dst>
      <dst id="15">9148.6844</dst>
    </src>
    <src id="19">
      <dst id="12">15212.1156</dst>
      <dst id="13">2865.4578</dst>
      <dst id="23">290.7556</dst>
      <dst id="8">665.2889</dst>
      <dst id="18">459.8933</dst>
      <dst id="4">22425.3422</dst>
      <dst id="1">113.9467</dst>
      <dst id="5">42.7822</dst>
      <dst id="3">1343.9556</dst>
      <dst id="22">140.5956</dst>
      <dst id="7">5178.6311</dst>
      <dst id="2">2965.0133</dst>
      <dst id="6">449.3689</dst>
      <dst id="16">7754.9422</dst>
      <dst id="14">14.6133</dst>
      <dst id="20">931.6444</dst>
      <dst id="11">221.3244</dst>
      <dst id="9">224.0800</dst>
      <dst id="17">6838.3467</dst>
      <dst id="21">1597.2444</dst>
      <dst id="15">52.3556</dst>
    </src>
    <src id="23">
      <dst id="12">835.2356</dst>
      <dst id="13">717.0578</dst>
      <dst id="19">78.3200</dst>
      <dst id="18">1179.5556</dst>
      <dst id="4">77.8667</dst>
      <dst id="1">74.9956</dst>
      <dst id="5">269.1467</dst>
      <dst id="3">455.5467</dst>
      <dst id="22">827.2178</dst>
      <dst id="7">205.0222</dst>
      <dst id="2">9.9644</dst>
      <dst id="6">2.0622</dst>
      <dst id="16">58.5689</dst>
      <dst id="20">175.1467</dst>
      <dst id="11">143.5467</dst>
      <dst id="9">958.4533</dst>
      <dst id="17">758.8978</dst>
      <dst id="21">763.5378</dst>
      <dst id="15">67.4489</dst>
    </src>
    <src id="8">
      <dst id="12">404029.4578</dst>
      <dst id="13">797.2800</dst>
      <dst id="19">128.1867</dst>
      <dst id="23">0.3556</dst>
      <dst id="18">1353.6978</dst>
      <dst id="4">8417.3067</dst>
      <dst id="1">944.9778</dst>
      <dst id="5">15395.4133</dst>
      <dst id="3">1705.8222</dst>
      <dst id="22">2610.2578</dst>
      <dst id="7">576.4622</dst>
      <dst id="2">155352.2489</dst>
      <dst id="16">574.1422</dst>
      <dst id="14">27.4667</dst>
      <dst id="20">5243.5289</dst>
      <dst id="11">1937.5022</dst>
      <dst id="9">280.2222</dst>
      <dst id="17">94777.3333</dst>
      <dst id="21">480.6400</dst>
      <dst id="15">347.0578</dst>
    </src>
    <src id="18">
      <dst id="12">147601.5467</dst>
      <dst id="13">1620.1067</dst>
      <dst id="19">904.5244</dst>
      <dst id="23">59.8489</dst>
      <dst id="8">157.1022</dst>
      <dst id="4">4073.1378</dst>
      <dst id="1">1139.2178</dst>
      <dst id="5">366.1689</dst>
      <dst id="3">267.4756</dst>
      <dst id="22">842.4889</dst>
      <dst id="7">53.7956</dst>
      <dst id="2">47737.1022</dst>
      <dst id="16">541.2889</dst>
      <dst id="14">15.2622</dst>
      <dst id="20">66.4622</dst>
      <dst id="11">574.2311</dst>
      <dst id="9">292.0711</dst>
      <dst id="17">35159.4844</dst>
      <dst id="21">4479.6444</dst>
      <dst id="15">30.0978</dst>
    </src>
    <src id="4">
      <dst id="12">32836.5689</dst>
      <dst id="19">11777.4489</dst>
      <dst id="23">3.9467</dst>
      <dst id="8">854.7911</dst>
      <dst id="18">3223.7156</dst>
      <dst id="4">2.4978</dst>
      <dst id="1">5201.3067</dst>
      <dst id="5">4893.5289</dst>
      <dst id="3">133513.9467</dst>
      <dst id="22">7497.2000</dst>
      <dst id="7">48249.3333</dst>
      <dst id="2">76874.2489</dst>
      <dst id="6">77.5467</dst>
      <dst id="16">3848.9600</dst>
      <dst id="14">3164.9244</dst>
      <dst id="20">3966.8000</dst>
      <dst id="11">10559.6533</dst>
      <dst id="9">11007.2444</dst>
      <dst id="17">108570.6844</dst>
      <dst id="21">17183.8311</dst>
      <dst id="15">843.3067</dst>
    </src>
    <src id="1">
      <dst id="12">17851.5200</dst>
      <dst id="13">1957.5644</dst>
      <dst id="19">329.5733</dst>
      <dst id="23">132.2489</dst>
      <dst id="8">174344.0800</dst>
      <dst id="18">17946.5067</dst>
      <dst id="4">27762.3911</dst>
      <dst id="1">70.3022</dst>
      <dst id="5">297451.9378</dst>
      <dst id="3">59640.5244</dst>
      <dst id="22">3398.6311</dst>
      <dst id="7">7836.8622</dst>
      <dst id="2">10583.6000</dst>
      <dst id="6">9275.0400</dst>
      <dst id="16">12355.5733</dst>
      <dst id="14">1592.2578</dst>
      <dst id="20">411.3067</dst>
      <dst id="11">5539.5733</dst>
      <dst id="9">337112.0889</dst>
      <dst id="17">12629.2267</dst>
      <dst id="21">41706.4356</dst>
      <dst id="15">2862.8533</dst>
    </src>
    <src id="5">
      <dst id="12">457034.7200</dst>
      <dst id="13">15262.7111</dst>
      <dst id="19">132.5867</dst>
      <dst id="23">307.3689</dst>
      <dst id="8">12089.9822</dst>
      <dst id="18">800.3644</dst>
      <dst id="4">11405.1378</dst>
      <dst id="1">106.1067</dst>
      <dst id="3">3521.6089</dst>
      <dst id="22">6087.4489</dst>
      <dst id="7">478.6578</dst>
      <dst id="2">197578.7200</dst>
      <dst id="6">0.8444</dst>
      <dst id="16">1304.3733</dst>
      <dst id="14">26.1956</dst>
      <dst id="20">6316.7911</dst>
      <dst id="11">3725.1822</dst>
      <dst id="9">3179.9289</dst>
      <dst id="17">93904.0000</dst>
      <dst id="21">1358.0444</dst>
      <dst id="15">1673.4400</dst>
    </src>
    <src id="3">
      <dst id="12">12782.9778</dst>
      <dst id="13">2751.7067</dst>
      <dst id="19">2817.6089</dst>
      <dst id="23">71.4844</dst>
      <dst id="8">140.0444</dst>
      <dst id="18">200654.4711</dst>
      <dst id="4">54649.1733</dst>
      <dst id="1">27476.6578</dst>
      <dst id="5">889.4311</dst>
      <dst id="3">21967.9289</dst>
      <dst id="22">905.9911</dst>
      <dst id="7">2264.0267</dst>
      <dst id="2">7425.0311</dst>
      <dst id="6">2.8978</dst>
      <dst id="16">2007.6711</dst>
      <dst id="14">55341.1378</dst>
      <dst id="20">649.2356</dst>
      <dst id="11">196005.6622</dst>
      <dst id="9">1396.1067</dst>
      <dst id="17">16740.0889</dst>
      <dst id="21">15971.3244</dst>
      <dst id="15">59.2533</dst>
    </src>
    <src id="10">
      <dst id="12">25768.0356</dst>
      <dst id="19">5761.5289</dst>
      <dst id="8">1510.0089</dst>
      <dst id="18">8454.3022</dst>
      <dst id="4">0.9244</dst>
      <dst id="1">3131.2978</dst>
      <dst id="5">3262.5956</dst>
      <dst id="3">13748.2756</dst>
      <dst id="22">11323.3333</dst>
      <dst id="7">16651.2533</dst>
      <dst id="2">50419.4222</dst>
      <dst id="6">255.8400</dst>
      <dst id="16">2639.6711</dst>
      <dst id="14">2698.1244</dst>
      <dst id="20">14048.4267</dst>
      <dst id="11">5088.2044</dst>
      <dst id="9">6036.5956</dst>
      <dst id="17">29502.0978</dst>
      <dst id="21">42116.3822</dst>
      <dst id="15">804.0444</dst>
    </src>
    <src id="22">
      <dst id="12">8803.0044</dst>
      <dst id="13">4036.0444</dst>
      <dst id="19">198.8622</dst>
      <dst id="23">32.1244</dst>
      <dst id="8">5216.7200</dst>
      <dst id="18">466.6667</dst>
      <dst id="4">21891.1733</dst>
      <dst id="1">303.5644</dst>
      <dst id="5">3699.0933</dst>
      <dst id="3">1318.4889</dst>
      <dst id="7">1736.4356</dst>
      <dst id="2">3811.0044</dst>
      <dst id="6">37.3333</dst>
      <dst id="16">0.4622</dst>
      <dst id="14">18.3022</dst>
      <dst id="11">1862.4444</dst>
      <dst id="9">2901.9289</dst>
      <dst id="17">7636.3644</dst>
      <dst id="21">1516.4178</dst>
    </src>
    <src id="7">
      <dst id="12">12339.0133</dst>
      <dst id="13">1095.1200</dst>
      <dst id="19">2217.9289</dst>
      <dst id="23">521.6978</dst>
      <dst id="8">833.0489</dst>
      <dst id="18">587.5200</dst>
      <dst id="4">48693.3422</dst>
      <dst id="1">7578.7022</dst>
      <dst id="5">750.6933</dst>
      <dst id="3">12242.8444</dst>
      <dst id="22">3904.0444</dst>
      <dst id="7">770.2400</dst>
      <dst id="2">14110.7733</dst>
      <dst id="6">92.7556</dst>
      <dst id="16">1229.6089</dst>
      <dst id="14">2908.4711</dst>
      <dst id="20">967.6267</dst>
      <dst id="11">4066.7200</dst>
      <dst id="9">953.3867</dst>
      <dst id="17">17044.8089</dst>
      <dst id="21">20697.5378</dst>
      <dst id="15">187.5200</dst>
    </src>
    <src id="2">
      <dst id="12">186581.9022</dst>
      <dst id="13">7456.9244</dst>
      <dst id="19">1341.7600</dst>
      <dst id="23">43.0844</dst>
      <dst id="8">1553.8400</dst>
      <dst id="18">158425.7156</dst>
      <dst id="4">139756.8533</dst>
      <dst id="1">10357.2267</dst>
      <dst id="5">3242.0356</dst>
      <dst id="3">6579.9289</dst>
      <dst id="22">2975.2356</dst>
      <dst id="7">6826.5600</dst>
      <dst id="2">1208.1689</dst>
      <dst id="6">9870.6222</dst>
      <dst id="16">12235.4044</dst>
      <dst id="14">2795.4222</dst>
      <dst id="20">1199.5289</dst>
      <dst id="11">6537.2622</dst>
      <dst id="9">1577.9022</dst>
      <dst id="17">35323.0667</dst>
      <dst id="21">10066.3556</dst>
      <dst id="15">816.4800</dst>
    </src>
    <src id="6">
      <dst id="12">13080.1956</dst>
      <dst id="13">15.3511</dst>
      <dst id="19">25.5378</dst>
      <dst id="23">11.4667</dst>
      <dst id="8">15.0933</dst>
      <dst id="18">57.5822</dst>
      <dst id="4">201.3244</dst>
      <dst id="1">19.1200</dst>
      <dst id="3">73.9022</dst>
      <dst id="22">49.4667</dst>
      <dst id="7">84.3467</dst>
      <dst id="2">2684.7022</dst>
      <dst id="16">23.9200</dst>
      <dst id="20">63.8311</dst>
      <dst id="11">3.3422</dst>
      <dst id="9">1.7422</dst>
      <dst id="17">1647.4400</dst>
      <dst id="21">144.0267</dst>
    </src>
    <src id="16">
      <dst id="12">6341.4311</dst>
      <dst id="13">694.0089</dst>
      <dst id="19">4182.0622</dst>
      <dst id="23">149.6711</dst>
      <dst id="8">5450.3111</dst>
      <dst id="18">787.0222</dst>
      <dst id="4">7189.1022</dst>
      <dst id="1">16959.1022</dst>
      <dst id="5">5301.5644</dst>
      <dst id="3">1852.8800</dst>
      <dst id="7">568.4089</dst>
      <dst id="2">1059.2444</dst>
      <dst id="6">17.6889</dst>
      <dst id="16">146.8089</dst>
      <dst id="14">171.4667</dst>
      <dst id="11">616.8978</dst>
      <dst id="9">10083.9644</dst>
      <dst id="17">6410.0444</dst>
      <dst id="21">825.3956</dst>
    </src>
    <src id="14">
      <dst id="12">24361.9200</dst>
      <dst id="13">408.2133</dst>
      <dst id="19">12.2667</dst>
      <dst id="8">2.2667</dst>
      <dst id="18">85.2889</dst>
      <dst id="4">3578.1422</dst>
      <dst id="1">301.9200</dst>
      <dst id="5">2.4889</dst>
      <dst id="3">805.1644</dst>
      <dst id="22">91.8933</dst>
      <dst id="7">474.4889</dst>
      <dst id="2">7205.9022</dst>
      <dst id="16">8.0711</dst>
      <dst id="20">2.4000</dst>
      <dst id="11">23.5111</dst>
      <dst id="9">19.6267</dst>
      <dst id="17">6925.3067</dst>
      <dst id="21">226.2400</dst>
      <dst id="15">2.2578</dst>
    </src>
    <src id="20">
      <dst id="12">16523.6800</dst>
      <dst id="13">23864.6311</dst>
      <dst id="19">237.3778</dst>
      <dst id="23">93.8667</dst>
      <dst id="8">1478.9600</dst>
      <dst id="18">106.1067</dst>
      <dst id="4">19495.1200</dst>
      <dst id="1">106.3200</dst>
      <dst id="5">4190.7822</dst>
      <dst id="3">729.3600</dst>
      <dst id="7">1275.7689</dst>
      <dst id="2">8168.9511</dst>
      <dst id="6">15.1467</dst>
      <dst id="16">0.5511</dst>
      <dst id="14">5.1111</dst>
      <dst id="11">2444.6044</dst>
      <dst id="9">4200.3378</dst>
      <dst id="17">13462.5333</dst>
      <dst id="21">2906.5867</dst>
    </src>
    <src id="11">
      <dst id="12">435899.6978</dst>
      <dst id="13">2424.9067</dst>
      <dst id="19">2198.6933</dst>
      <dst id="23">483.7067</dst>
      <dst id="8">238.3289</dst>
      <dst id="18">759.0400</dst>
      <dst id="4">11350.3911</dst>
      <dst id="1">5619.8133</dst>
      <dst id="5">1204.1778</dst>
      <dst id="3">2202.3556</dst>
      <dst id="22">4186.6311</dst>
      <dst id="7">838.4622</dst>
      <dst id="2">167370.4711</dst>
      <dst id="6">28.8356</dst>
      <dst id="16">577.4133</dst>
      <dst id="14">272.5956</dst>
      <dst id="20">769.2622</dst>
      <dst id="11">3135.1289</dst>
      <dst id="9">3561.1467</dst>
      <dst id="17">109731.6444</dst>
      <dst id="21">6564.8444</dst>
      <dst id="15">224.3733</dst>
    </src>
    <src id="9">
      <dst id="12">513542.3644</dst>
      <dst id="13">11502.8889</dst>
      <dst id="19">585.0044</dst>
      <dst id="23">25.7867</dst>
      <dst id="8">309.9111</dst>
      <dst id="18">939.2533</dst>
      <dst id="4">13009.5911</dst>
      <dst id="1">1294.2667</dst>
      <dst id="5">13432.4978</dst>
      <dst id="3">12591.4933</dst>
      <dst id="22">4195.7867</dst>
      <dst id="7">3877.2267</dst>
      <dst id="2">195965.6178</dst>
      <dst id="6">111.4933</dst>
      <dst id="16">1116.8978</dst>
      <dst id="14">7.2533</dst>
      <dst id="20">2108.6933</dst>
      <dst id="11">3122.4978</dst>
      <dst id="9">3534.0533</dst>
      <dst id="17">118909.4933</dst>
      <dst id="21">2442.0889</dst>
      <dst id="15">2041.7333</dst>
    </src>
    <src id="17">
      <dst id="12">14886.2044</dst>
      <dst id="13">9518.4622</dst>
      <dst id="19">15031.8400</dst>
      <dst id="23">713.0578</dst>
      <dst id="8">179995.6622</dst>
      <dst id="18">1984.6400</dst>
      <dst id="4">85819.3422</dst>
      <dst id="1">3058.6844</dst>
      <dst id="5">280278.9867</dst>
      <dst id="3">35462.4178</dst>
      <dst id="22">8359.7422</dst>
      <dst id="7">7318.4711</dst>
      <dst id="2">118449.5644</dst>
      <dst id="6">553.6444</dst>
      <dst id="16">9566.7556</dst>
      <dst id="14">39164.6311</dst>
      <dst id="20">4728.3822</dst>
      <dst id="11">156555.5289</dst>
      <dst id="9">288088.5956</dst>
      <dst id="17">1168.8178</dst>
      <dst id="21">41864.5244</dst>
      <dst id="15">2940.2844</dst>
    </src>
    <src id="21">
      <dst id="12">22554.3378</dst>
      <dst id="13">1781.7422</dst>
      <dst id="19">598.0800</dst>
      <dst id="23">145.8222</dst>
      <dst id="8">2441.7067</dst>
      <dst id="18">1977.3333</dst>
      <dst id="4">35210.4444</dst>
      <dst id="1">2715.8844</dst>
      <dst id="5">755.4578</dst>
      <dst id="3">3481.7511</dst>
      <dst id="22">1908.2133</dst>
      <dst id="7">2348.7467</dst>
      <dst id="2">13922.7644</dst>
      <dst id="6">7.9378</dst>
      <dst id="16">493.1022</dst>
      <dst id="14">75.0844</dst>
      <dst id="20">789.2444</dst>
      <dst id="11">1442.0622</dst>
      <dst id="9">1231.3422</dst>
      <dst id="17">7589.2000</dst>
      <dst id="21">4876.4978</dst>
      <dst id="15">237.8844</dst>
    </src>
    <src id="15">
      <dst id="12">2068.1778</dst>
      <dst id="13">2253.7156</dst>
      <dst id="19">67.9822</dst>
      <dst id="23">2.3111</dst>
      <dst id="8">2182.6222</dst>
      <dst id="18">42.0267</dst>
      <dst id="4">5485.3067</dst>
      <dst id="1">497.3422</dst>
      <dst id="5">738.2933</dst>
      <dst id="3">767.3511</dst>
      <dst id="7">133.2178</dst>
      <dst id="2">575.7956</dst>
      <dst id="6">0.8533</dst>
      <dst id="14">0.9956</dst>
      <dst id="11">267.8222</dst>
      <dst id="9">1142.7200</dst>
      <dst id="17">453.7867</dst>
      <dst id="21">238.1600</dst>
    </src>
  </IntraTM>
</TrafficMatrixFile>
