<?xml version="1.0" encoding="UTF-8" standalone="yes"?>
<TrafficMatrixFile xmlns:xsi="http://www.w3.org/2001/XMLSchema-instance" xsi:noNamespaceSchemaLocation="http://totem.run.montefiore.ulg.ac.be/Schema/TrafficMatrix-v1_2.xsd">
  <info>
    <title>Intradomain traffic matrix generated by geant-TM-all.pl</title>
    <date>2005-01-01T05:00:00</date>
    <duration>900</duration>
    <author>Steve Uhlig</author>
    <units>
        <unit type="bandwidth" value="kbps"/>
    </units>
  </info>
  <IntraTM ASID="20965">
    <src id="12">
      <dst id="12">302691.3422</dst>
      <dst id="13">30623.7689</dst>
      <dst id="19">9156.3289</dst>
      <dst id="23">2726.5867</dst>
      <dst id="8">5659.2267</dst>
      <dst id="18">4138.5511</dst>
      <dst id="4">152568.9067</dst>
      <dst id="1">8988.0622</dst>
      <dst id="5">4168.9600</dst>
      <dst id="3">15538.8000</dst>
      <dst id="22">17130.4267</dst>
      <dst id="7">2514.1689</dst>
      <dst id="2">101214.7556</dst>
      <dst id="6">18.0089</dst>
      <dst id="16">8901.9911</dst>
      <dst id="14">434.1511</dst>
      <dst id="20">10964.5867</dst>
      <dst id="11">4511.0489</dst>
      <dst id="9">4441.8667</dst>
      <dst id="17">86795.6356</dst>
      <dst id="21">13459.1644</dst>
      <dst id="15">3841.1556</dst>
    </src>
    <src id="13">
      <dst id="12">38265.5200</dst>
      <dst id="19">1123.7867</dst>
      <dst id="23">1853.6978</dst>
      <dst id="8">1180.6133</dst>
      <dst id="18">2083.3333</dst>
      <dst id="1">365.7156</dst>
      <dst id="5">3984.7733</dst>
      <dst id="3">444.7022</dst>
      <dst id="22">9737.7956</dst>
      <dst id="7">15057.9289</dst>
      <dst id="2">24524.0267</dst>
      <dst id="6">0.6578</dst>
      <dst id="16">6573.2889</dst>
      <dst id="14">106.9244</dst>
      <dst id="20">43295.9289</dst>
      <dst id="11">2914.5867</dst>
      <dst id="9">6654.2667</dst>
      <dst id="17">21587.6267</dst>
      <dst id="21">2151.4756</dst>
      <dst id="15">4660.0356</dst>
    </src>
    <src id="19">
      <dst id="12">16913.8756</dst>
      <dst id="13">8463.4933</dst>
      <dst id="23">29.6356</dst>
      <dst id="8">19.6711</dst>
      <dst id="18">28.1422</dst>
      <dst id="4">22770.4533</dst>
      <dst id="1">58.4089</dst>
      <dst id="5">11.5644</dst>
      <dst id="3">424.4178</dst>
      <dst id="22">191.8044</dst>
      <dst id="7">6628.5333</dst>
      <dst id="2">756.0356</dst>
      <dst id="6">56.9511</dst>
      <dst id="16">5897.7156</dst>
      <dst id="20">50.8267</dst>
      <dst id="11">492.4622</dst>
      <dst id="9">4591.1911</dst>
      <dst id="17">650.2756</dst>
      <dst id="21">1073.2978</dst>
      <dst id="15">0.7289</dst>
    </src>
    <src id="23">
      <dst id="12">750.8267</dst>
      <dst id="13">88.8711</dst>
      <dst id="19">3.6444</dst>
      <dst id="8">39.2178</dst>
      <dst id="18">26.0267</dst>
      <dst id="4">238.5778</dst>
      <dst id="1">84.9156</dst>
      <dst id="5">65.4133</dst>
      <dst id="3">15.8311</dst>
      <dst id="22">19.5822</dst>
      <dst id="7">96.1333</dst>
      <dst id="2">14.4356</dst>
      <dst id="16">5.4133</dst>
      <dst id="20">118.9956</dst>
      <dst id="11">20.3111</dst>
      <dst id="9">631.6444</dst>
      <dst id="17">329.5467</dst>
      <dst id="21">680.6933</dst>
      <dst id="15">134.4711</dst>
    </src>
    <src id="8">
      <dst id="12">358924.1689</dst>
      <dst id="13">754.9244</dst>
      <dst id="19">207.4933</dst>
      <dst id="23">877.9022</dst>
      <dst id="18">32.7289</dst>
      <dst id="4">7530.0889</dst>
      <dst id="1">276.4444</dst>
      <dst id="5">4359.9733</dst>
      <dst id="3">144.4622</dst>
      <dst id="22">1187.8844</dst>
      <dst id="7">110.1244</dst>
      <dst id="2">152406.4089</dst>
      <dst id="6">1.5289</dst>
      <dst id="16">508.5156</dst>
      <dst id="14">1.6978</dst>
      <dst id="20">1542.9156</dst>
      <dst id="11">547.7156</dst>
      <dst id="9">67.2356</dst>
      <dst id="17">80610.4711</dst>
      <dst id="21">376.1244</dst>
      <dst id="15">86.9067</dst>
    </src>
    <src id="18">
      <dst id="12">145434.2311</dst>
      <dst id="13">944.4978</dst>
      <dst id="19">14.7289</dst>
      <dst id="23">0.4622</dst>
      <dst id="8">17.0933</dst>
      <dst id="4">2078.1333</dst>
      <dst id="1">762.4178</dst>
      <dst id="5">467.2178</dst>
      <dst id="3">70.6311</dst>
      <dst id="22">2300.6667</dst>
      <dst id="7">134.0978</dst>
      <dst id="2">44335.9378</dst>
      <dst id="16">109.9644</dst>
      <dst id="20">590.1511</dst>
      <dst id="11">116.0000</dst>
      <dst id="9">1023.7156</dst>
      <dst id="17">35845.4311</dst>
      <dst id="21">1168.7644</dst>
      <dst id="15">41.8756</dst>
    </src>
    <src id="4">
      <dst id="12">82699.3511</dst>
      <dst id="13">3738.3022</dst>
      <dst id="19">19731.2444</dst>
      <dst id="8">6353.2800</dst>
      <dst id="18">4678.0444</dst>
      <dst id="4">2.8267</dst>
      <dst id="1">4523.5822</dst>
      <dst id="5">8318.7111</dst>
      <dst id="3">22060.6400</dst>
      <dst id="22">33854.4178</dst>
      <dst id="7">79558.7111</dst>
      <dst id="2">187926.3467</dst>
      <dst id="6">128.1778</dst>
      <dst id="16">20040.8444</dst>
      <dst id="14">7346.9956</dst>
      <dst id="20">64703.5556</dst>
      <dst id="11">17425.2267</dst>
      <dst id="9">19763.7511</dst>
      <dst id="17">163024.8089</dst>
      <dst id="21">34501.5111</dst>
      <dst id="15">2357.4489</dst>
    </src>
    <src id="1">
      <dst id="12">22130.4978</dst>
      <dst id="13">351.6444</dst>
      <dst id="19">2957.7511</dst>
      <dst id="23">83.2889</dst>
      <dst id="8">139035.9822</dst>
      <dst id="18">13592.5511</dst>
      <dst id="4">15781.4044</dst>
      <dst id="1">41.0756</dst>
      <dst id="5">252376.1067</dst>
      <dst id="3">43019.4667</dst>
      <dst id="22">5396.9600</dst>
      <dst id="7">13908.7556</dst>
      <dst id="2">17691.4044</dst>
      <dst id="6">6775.3511</dst>
      <dst id="16">10071.7689</dst>
      <dst id="14">86.7022</dst>
      <dst id="20">135.1200</dst>
      <dst id="11">329.4756</dst>
      <dst id="9">236908.6667</dst>
      <dst id="17">6802.6578</dst>
      <dst id="21">27424.2578</dst>
      <dst id="15">975.6978</dst>
    </src>
    <src id="5">
      <dst id="12">397681.4222</dst>
      <dst id="13">1952.4800</dst>
      <dst id="19">308.7644</dst>
      <dst id="23">201.7778</dst>
      <dst id="8">27993.3867</dst>
      <dst id="18">911.7867</dst>
      <dst id="4">16519.1822</dst>
      <dst id="1">79.5022</dst>
      <dst id="3">389.3511</dst>
      <dst id="22">7333.4667</dst>
      <dst id="7">313.5911</dst>
      <dst id="2">194200.0711</dst>
      <dst id="16">973.5467</dst>
      <dst id="14">225.4311</dst>
      <dst id="20">944.4444</dst>
      <dst id="11">4205.8667</dst>
      <dst id="9">1722.7556</dst>
      <dst id="17">93048.9244</dst>
      <dst id="21">931.3600</dst>
      <dst id="15">961.5911</dst>
    </src>
    <src id="3">
      <dst id="12">11786.6489</dst>
      <dst id="13">3235.8222</dst>
      <dst id="19">972.5156</dst>
      <dst id="23">200.8178</dst>
      <dst id="8">310.7556</dst>
      <dst id="18">109721.7867</dst>
      <dst id="4">66450.0533</dst>
      <dst id="1">18818.6222</dst>
      <dst id="5">473.8578</dst>
      <dst id="3">15288.3022</dst>
      <dst id="22">770.3911</dst>
      <dst id="7">1370.7644</dst>
      <dst id="2">5943.8489</dst>
      <dst id="6">2.4444</dst>
      <dst id="16">738.4711</dst>
      <dst id="14">42315.7600</dst>
      <dst id="20">183.2889</dst>
      <dst id="11">156451.6089</dst>
      <dst id="9">2097.9911</dst>
      <dst id="17">5821.6267</dst>
      <dst id="21">12757.7689</dst>
      <dst id="15">47.3333</dst>
    </src>
    <src id="10">
      <dst id="12">27159.6178</dst>
      <dst id="19">3554.3644</dst>
      <dst id="8">2361.1467</dst>
      <dst id="18">2079.1022</dst>
      <dst id="4">0.3556</dst>
      <dst id="1">1789.3689</dst>
      <dst id="5">1840.7733</dst>
      <dst id="3">5518.7022</dst>
      <dst id="22">9723.5556</dst>
      <dst id="7">6042.5778</dst>
      <dst id="2">36137.2622</dst>
      <dst id="6">11.5822</dst>
      <dst id="16">1608.2222</dst>
      <dst id="14">1590.5956</dst>
      <dst id="20">4160.7022</dst>
      <dst id="11">7079.5378</dst>
      <dst id="9">3396.4622</dst>
      <dst id="17">17925.1111</dst>
      <dst id="21">23174.2133</dst>
      <dst id="15">852.1867</dst>
    </src>
    <src id="22">
      <dst id="12">9753.8489</dst>
      <dst id="13">4309.7600</dst>
      <dst id="19">90.2133</dst>
      <dst id="23">16.8533</dst>
      <dst id="8">2450.3111</dst>
      <dst id="18">1340.6311</dst>
      <dst id="4">26346.1511</dst>
      <dst id="1">177.9644</dst>
      <dst id="5">4496.5778</dst>
      <dst id="3">885.6444</dst>
      <dst id="7">994.9956</dst>
      <dst id="2">1652.7111</dst>
      <dst id="6">27.8222</dst>
      <dst id="16">24.2311</dst>
      <dst id="14">156.4444</dst>
      <dst id="11">4085.4844</dst>
      <dst id="9">4304.6756</dst>
      <dst id="17">5232.6311</dst>
      <dst id="21">2567.9556</dst>
    </src>
    <src id="7">
      <dst id="12">9200.8711</dst>
      <dst id="13">2175.2533</dst>
      <dst id="19">791.9289</dst>
      <dst id="23">770.2933</dst>
      <dst id="8">1620.8622</dst>
      <dst id="18">1141.7244</dst>
      <dst id="4">24855.1200</dst>
      <dst id="1">1740.6222</dst>
      <dst id="5">1269.5556</dst>
      <dst id="3">5422.0622</dst>
      <dst id="22">2582.4178</dst>
      <dst id="7">905.1378</dst>
      <dst id="2">8928.2311</dst>
      <dst id="6">119.7600</dst>
      <dst id="16">2140.6044</dst>
      <dst id="14">315.1200</dst>
      <dst id="20">2205.5022</dst>
      <dst id="11">1720.6933</dst>
      <dst id="9">1658.6756</dst>
      <dst id="17">13671.9289</dst>
      <dst id="21">6952.9244</dst>
      <dst id="15">1113.4044</dst>
    </src>
    <src id="2">
      <dst id="12">133554.1333</dst>
      <dst id="13">13774.4533</dst>
      <dst id="19">4076.9956</dst>
      <dst id="23">2.5333</dst>
      <dst id="8">224.3378</dst>
      <dst id="18">87633.8044</dst>
      <dst id="4">130158.4178</dst>
      <dst id="1">1770.9422</dst>
      <dst id="5">1437.5644</dst>
      <dst id="3">2070.1511</dst>
      <dst id="22">6183.1289</dst>
      <dst id="7">3040.2667</dst>
      <dst id="2">1736.9956</dst>
      <dst id="6">6703.9111</dst>
      <dst id="16">11038.7467</dst>
      <dst id="14">172.1956</dst>
      <dst id="20">2644.7022</dst>
      <dst id="11">3145.3333</dst>
      <dst id="9">1793.7422</dst>
      <dst id="17">58693.4311</dst>
      <dst id="21">5765.9378</dst>
      <dst id="15">206.2044</dst>
    </src>
    <src id="6">
      <dst id="12">9782.4267</dst>
      <dst id="13">5.0578</dst>
      <dst id="19">2.7289</dst>
      <dst id="8">35.3067</dst>
      <dst id="18">64.1422</dst>
      <dst id="4">132.3822</dst>
      <dst id="1">24.1244</dst>
      <dst id="5">1.2533</dst>
      <dst id="3">26.6667</dst>
      <dst id="22">0.3556</dst>
      <dst id="7">0.3556</dst>
      <dst id="2">2766.5867</dst>
      <dst id="16">0.5511</dst>
      <dst id="20">23.8222</dst>
      <dst id="9">36.8622</dst>
      <dst id="17">1194.0533</dst>
      <dst id="21">25.5111</dst>
      <dst id="15">0.3378</dst>
    </src>
    <src id="16">
      <dst id="12">1967.6889</dst>
      <dst id="13">749.3067</dst>
      <dst id="19">3700.6133</dst>
      <dst id="23">1.8400</dst>
      <dst id="8">6102.0978</dst>
      <dst id="18">47.9644</dst>
      <dst id="4">7930.6311</dst>
      <dst id="1">12076.7378</dst>
      <dst id="5">5705.9733</dst>
      <dst id="3">597.5733</dst>
      <dst id="7">1831.1289</dst>
      <dst id="2">1521.4222</dst>
      <dst id="6">13.1556</dst>
      <dst id="16">61.0933</dst>
      <dst id="11">136.1067</dst>
      <dst id="9">8054.8533</dst>
      <dst id="17">6789.3511</dst>
      <dst id="21">672.8622</dst>
    </src>
    <src id="14">
      <dst id="12">21382.1778</dst>
      <dst id="13">125.1378</dst>
      <dst id="19">9.7067</dst>
      <dst id="8">13.4844</dst>
      <dst id="18">0.5689</dst>
      <dst id="4">2847.0222</dst>
      <dst id="1">183.4933</dst>
      <dst id="5">34.6578</dst>
      <dst id="3">28.5244</dst>
      <dst id="22">79.2444</dst>
      <dst id="7">64.9422</dst>
      <dst id="2">5290.6578</dst>
      <dst id="16">13.6978</dst>
      <dst id="20">18.4533</dst>
      <dst id="11">21.6089</dst>
      <dst id="9">15.3778</dst>
      <dst id="17">6719.1022</dst>
      <dst id="21">143.8489</dst>
    </src>
    <src id="20">
      <dst id="12">15555.0222</dst>
      <dst id="13">6233.3867</dst>
      <dst id="19">13.4933</dst>
      <dst id="23">14.0444</dst>
      <dst id="8">1680.1600</dst>
      <dst id="18">127.5111</dst>
      <dst id="4">18499.1911</dst>
      <dst id="1">283.2444</dst>
      <dst id="5">2607.7333</dst>
      <dst id="3">223.6089</dst>
      <dst id="7">135.0222</dst>
      <dst id="2">8614.2044</dst>
      <dst id="6">1.2089</dst>
      <dst id="14">19.7867</dst>
      <dst id="11">1631.4667</dst>
      <dst id="9">5761.2711</dst>
      <dst id="17">6801.8844</dst>
      <dst id="21">2801.3600</dst>
    </src>
    <src id="11">
      <dst id="12">407122.8089</dst>
      <dst id="13">5629.6000</dst>
      <dst id="19">182.3556</dst>
      <dst id="23">25.9556</dst>
      <dst id="8">417.0133</dst>
      <dst id="18">261.3689</dst>
      <dst id="4">16157.4311</dst>
      <dst id="1">578.4711</dst>
      <dst id="5">1903.8489</dst>
      <dst id="3">2328.3911</dst>
      <dst id="22">4689.9467</dst>
      <dst id="7">763.4133</dst>
      <dst id="2">169279.3778</dst>
      <dst id="16">647.8311</dst>
      <dst id="14">49.7422</dst>
      <dst id="20">1683.7956</dst>
      <dst id="11">1940.2578</dst>
      <dst id="9">2215.6444</dst>
      <dst id="17">99665.5111</dst>
      <dst id="21">1225.1644</dst>
      <dst id="15">376.6756</dst>
    </src>
    <src id="9">
      <dst id="12">444773.0844</dst>
      <dst id="13">4341.3422</dst>
      <dst id="19">104.0000</dst>
      <dst id="23">24.8267</dst>
      <dst id="8">206.0533</dst>
      <dst id="18">475.3511</dst>
      <dst id="4">13629.4044</dst>
      <dst id="1">112.8889</dst>
      <dst id="5">1720.9511</dst>
      <dst id="3">313.1289</dst>
      <dst id="22">4854.8000</dst>
      <dst id="7">966.2044</dst>
      <dst id="2">184519.1911</dst>
      <dst id="6">0.3556</dst>
      <dst id="16">1072.4356</dst>
      <dst id="14">0.3556</dst>
      <dst id="20">5633.3778</dst>
      <dst id="11">366.9689</dst>
      <dst id="9">427.2178</dst>
      <dst id="17">147101.6356</dst>
      <dst id="21">232.4622</dst>
      <dst id="15">248.0089</dst>
    </src>
    <src id="17">
      <dst id="12">14747.5022</dst>
      <dst id="13">5147.0578</dst>
      <dst id="19">14304.4711</dst>
      <dst id="23">227.2889</dst>
      <dst id="8">150847.3778</dst>
      <dst id="18">7627.5289</dst>
      <dst id="4">88223.4400</dst>
      <dst id="1">2322.0889</dst>
      <dst id="5">260395.4489</dst>
      <dst id="3">35285.1822</dst>
      <dst id="22">8648.1511</dst>
      <dst id="7">19602.4178</dst>
      <dst id="2">15687.2711</dst>
      <dst id="6">45.7778</dst>
      <dst id="16">8526.2578</dst>
      <dst id="14">33805.3511</dst>
      <dst id="20">897.5822</dst>
      <dst id="11">118678.6578</dst>
      <dst id="9">224228.8267</dst>
      <dst id="17">1370.6222</dst>
      <dst id="21">14736.4000</dst>
      <dst id="15">1373.2711</dst>
    </src>
    <src id="21">
      <dst id="12">22346.5689</dst>
      <dst id="13">1009.2356</dst>
      <dst id="19">181.2711</dst>
      <dst id="23">164.8533</dst>
      <dst id="8">88.3022</dst>
      <dst id="18">970.7644</dst>
      <dst id="4">24463.1556</dst>
      <dst id="1">5536.4444</dst>
      <dst id="5">723.2089</dst>
      <dst id="3">1584.4978</dst>
      <dst id="22">2533.7244</dst>
      <dst id="7">3112.4000</dst>
      <dst id="2">14110.4800</dst>
      <dst id="6">4.5689</dst>
      <dst id="16">378.4178</dst>
      <dst id="14">176.4622</dst>
      <dst id="20">447.8311</dst>
      <dst id="11">521.2978</dst>
      <dst id="9">1177.1822</dst>
      <dst id="17">4475.4311</dst>
      <dst id="21">2537.6889</dst>
      <dst id="15">251.1289</dst>
    </src>
    <src id="15">
      <dst id="12">883.1556</dst>
      <dst id="13">6565.0489</dst>
      <dst id="19">15.8222</dst>
      <dst id="23">2.1333</dst>
      <dst id="8">140.3911</dst>
      <dst id="18">35.0578</dst>
      <dst id="4">4377.1644</dst>
      <dst id="1">4364.0178</dst>
      <dst id="5">312.0978</dst>
      <dst id="3">587.9911</dst>
      <dst id="7">40.2311</dst>
      <dst id="2">119.3511</dst>
      <dst id="14">0.6044</dst>
      <dst id="11">278.4444</dst>
      <dst id="9">3225.0311</dst>
      <dst id="17">730.0178</dst>
      <dst id="21">78.6133</dst>
    </src>
  </IntraTM>
</TrafficMatrixFile>
