<?xml version="1.0" encoding="UTF-8" standalone="yes"?>
<TrafficMatrixFile xmlns:xsi="http://www.w3.org/2001/XMLSchema-instance" xsi:noNamespaceSchemaLocation="http://totem.run.montefiore.ulg.ac.be/Schema/TrafficMatrix-v1_2.xsd">
  <info>
    <title>Intradomain traffic matrix generated by geant-TM-all.pl</title>
    <date>2005-01-03T00:45:00</date>
    <duration>900</duration>
    <author>Steve Uhlig</author>
    <units>
        <unit type="bandwidth" value="kbps"/>
    </units>
  </info>
  <IntraTM ASID="20965">
    <src id="12">
      <dst id="12">264952.8800</dst>
      <dst id="13">25573.3600</dst>
      <dst id="19">8912.2222</dst>
      <dst id="23">2191.9822</dst>
      <dst id="8">6858.8444</dst>
      <dst id="18">2936.5956</dst>
      <dst id="4">111221.2356</dst>
      <dst id="1">9784.1867</dst>
      <dst id="5">2880.7556</dst>
      <dst id="3">15016.7289</dst>
      <dst id="22">19176.7911</dst>
      <dst id="7">12566.5067</dst>
      <dst id="2">100923.7511</dst>
      <dst id="6">21.1822</dst>
      <dst id="16">6977.8667</dst>
      <dst id="14">144.8978</dst>
      <dst id="20">7120.9689</dst>
      <dst id="11">7643.7867</dst>
      <dst id="9">13279.1733</dst>
      <dst id="17">82588.9956</dst>
      <dst id="21">27220.7911</dst>
      <dst id="15">5557.2000</dst>
    </src>
    <src id="13">
      <dst id="12">63578.3111</dst>
      <dst id="19">35154.5778</dst>
      <dst id="23">339.7067</dst>
      <dst id="8">4460.9511</dst>
      <dst id="18">9918.9067</dst>
      <dst id="1">11106.9067</dst>
      <dst id="5">6690.1511</dst>
      <dst id="3">22640.7644</dst>
      <dst id="22">36601.6711</dst>
      <dst id="7">22762.0000</dst>
      <dst id="2">139854.4267</dst>
      <dst id="6">65.7600</dst>
      <dst id="16">13495.2356</dst>
      <dst id="14">5779.9822</dst>
      <dst id="20">16509.0400</dst>
      <dst id="11">22455.6711</dst>
      <dst id="9">14135.7067</dst>
      <dst id="17">88493.7867</dst>
      <dst id="21">29316.7111</dst>
      <dst id="15">8560.8533</dst>
    </src>
    <src id="19">
      <dst id="12">26374.8356</dst>
      <dst id="13">568.7911</dst>
      <dst id="23">137.2089</dst>
      <dst id="8">2.6311</dst>
      <dst id="18">981.7244</dst>
      <dst id="4">24865.4844</dst>
      <dst id="1">2938.7911</dst>
      <dst id="5">20.8533</dst>
      <dst id="3">212.3378</dst>
      <dst id="22">44.7556</dst>
      <dst id="7">6657.4489</dst>
      <dst id="2">2798.1778</dst>
      <dst id="6">74.4711</dst>
      <dst id="16">6537.6267</dst>
      <dst id="20">101.4044</dst>
      <dst id="11">414.1778</dst>
      <dst id="9">461.2178</dst>
      <dst id="17">21258.8533</dst>
      <dst id="21">16865.1644</dst>
      <dst id="15">14.1333</dst>
    </src>
    <src id="23">
      <dst id="12">4106.2489</dst>
      <dst id="13">425.1289</dst>
      <dst id="19">47.8667</dst>
      <dst id="8">16.9244</dst>
      <dst id="18">519.8400</dst>
      <dst id="4">66.1244</dst>
      <dst id="1">80.6933</dst>
      <dst id="5">83.4311</dst>
      <dst id="3">3938.7733</dst>
      <dst id="22">124.4444</dst>
      <dst id="7">373.5378</dst>
      <dst id="2">194.2667</dst>
      <dst id="16">371.4578</dst>
      <dst id="14">30.4889</dst>
      <dst id="20">151.5022</dst>
      <dst id="11">2031.7333</dst>
      <dst id="9">376.0533</dst>
      <dst id="17">491.0933</dst>
      <dst id="21">777.5467</dst>
      <dst id="15">146.6667</dst>
    </src>
    <src id="8">
      <dst id="12">392690.0622</dst>
      <dst id="13">1550.4533</dst>
      <dst id="19">0.8533</dst>
      <dst id="23">187.3778</dst>
      <dst id="18">215.8667</dst>
      <dst id="4">5825.8489</dst>
      <dst id="1">1574.6311</dst>
      <dst id="5">3414.3378</dst>
      <dst id="3">54.2489</dst>
      <dst id="22">3661.3422</dst>
      <dst id="7">483.5644</dst>
      <dst id="2">160333.3156</dst>
      <dst id="6">13.2978</dst>
      <dst id="16">798.7289</dst>
      <dst id="14">273.9467</dst>
      <dst id="20">3295.3778</dst>
      <dst id="11">610.8000</dst>
      <dst id="9">931.9289</dst>
      <dst id="17">145266.2044</dst>
      <dst id="21">543.2533</dst>
      <dst id="15">73.9822</dst>
    </src>
    <src id="18">
      <dst id="12">135272.4711</dst>
      <dst id="13">416.4267</dst>
      <dst id="19">98.5778</dst>
      <dst id="23">18.8889</dst>
      <dst id="8">2559.8311</dst>
      <dst id="4">2089.1733</dst>
      <dst id="1">808.2222</dst>
      <dst id="5">604.2489</dst>
      <dst id="3">153.2444</dst>
      <dst id="22">443.4756</dst>
      <dst id="7">304.2489</dst>
      <dst id="2">59150.2667</dst>
      <dst id="16">33.3600</dst>
      <dst id="14">9.3244</dst>
      <dst id="20">43.0222</dst>
      <dst id="11">867.4400</dst>
      <dst id="9">305.5733</dst>
      <dst id="17">46821.5467</dst>
      <dst id="21">728.6311</dst>
      <dst id="15">12.4711</dst>
    </src>
    <src id="4">
      <dst id="12">51795.6800</dst>
      <dst id="19">7288.6222</dst>
      <dst id="23">7.0489</dst>
      <dst id="8">1025.2622</dst>
      <dst id="18">1656.4800</dst>
      <dst id="4">2.0711</dst>
      <dst id="1">137926.1867</dst>
      <dst id="5">1523.7689</dst>
      <dst id="3">2394.1422</dst>
      <dst id="22">10215.0400</dst>
      <dst id="7">123748.3200</dst>
      <dst id="2">85435.8044</dst>
      <dst id="6">191.6444</dst>
      <dst id="16">2523.4311</dst>
      <dst id="14">1747.6889</dst>
      <dst id="20">2819.4311</dst>
      <dst id="11">5606.6311</dst>
      <dst id="9">5056.1067</dst>
      <dst id="17">109573.6444</dst>
      <dst id="21">10758.6044</dst>
      <dst id="15">391.3778</dst>
    </src>
    <src id="1">
      <dst id="12">17934.8356</dst>
      <dst id="13">334.0889</dst>
      <dst id="19">1676.0889</dst>
      <dst id="23">82.3644</dst>
      <dst id="8">200417.9556</dst>
      <dst id="18">16340.5956</dst>
      <dst id="4">24727.3956</dst>
      <dst id="1">27904.3111</dst>
      <dst id="5">246711.9111</dst>
      <dst id="3">7741.1467</dst>
      <dst id="22">5725.5200</dst>
      <dst id="7">4831.2089</dst>
      <dst id="2">74857.7156</dst>
      <dst id="6">12972.2311</dst>
      <dst id="16">10626.8267</dst>
      <dst id="14">29.5111</dst>
      <dst id="20">258.3556</dst>
      <dst id="11">1248.9511</dst>
      <dst id="9">290258.8533</dst>
      <dst id="17">6100.6933</dst>
      <dst id="21">6383.9911</dst>
      <dst id="15">116.2578</dst>
    </src>
    <src id="5">
      <dst id="12">284405.4578</dst>
      <dst id="13">9714.4444</dst>
      <dst id="19">97.0578</dst>
      <dst id="23">50.9156</dst>
      <dst id="8">4330.8356</dst>
      <dst id="18">218.6400</dst>
      <dst id="4">7943.8222</dst>
      <dst id="1">399.8933</dst>
      <dst id="3">2.3644</dst>
      <dst id="22">6562.7556</dst>
      <dst id="7">325.3422</dst>
      <dst id="2">125050.4267</dst>
      <dst id="6">30.7733</dst>
      <dst id="16">1547.5556</dst>
      <dst id="14">6.8978</dst>
      <dst id="20">4442.6578</dst>
      <dst id="11">1465.2622</dst>
      <dst id="9">5217.1111</dst>
      <dst id="17">111540.5600</dst>
      <dst id="21">429.3867</dst>
      <dst id="15">2065.1644</dst>
    </src>
    <src id="3">
      <dst id="12">14361.4933</dst>
      <dst id="13">807.4756</dst>
      <dst id="19">3305.7156</dst>
      <dst id="23">170.3556</dst>
      <dst id="8">2152.3556</dst>
      <dst id="18">248240.7822</dst>
      <dst id="4">64644.7644</dst>
      <dst id="1">7841.1911</dst>
      <dst id="5">429.7244</dst>
      <dst id="3">21259.2356</dst>
      <dst id="22">511.2267</dst>
      <dst id="7">3772.6133</dst>
      <dst id="2">6806.0622</dst>
      <dst id="6">0.8178</dst>
      <dst id="16">4409.2000</dst>
      <dst id="14">40724.8533</dst>
      <dst id="20">146.3289</dst>
      <dst id="11">229036.9422</dst>
      <dst id="9">973.6978</dst>
      <dst id="17">17254.8889</dst>
      <dst id="21">11828.2667</dst>
      <dst id="15">243.9822</dst>
    </src>
    <src id="10">
      <dst id="12">16381.4400</dst>
      <dst id="19">1793.0933</dst>
      <dst id="23">0.4267</dst>
      <dst id="8">1847.5378</dst>
      <dst id="18">4780.8800</dst>
      <dst id="1">8875.8400</dst>
      <dst id="5">1262.7111</dst>
      <dst id="3">27079.7867</dst>
      <dst id="22">7662.3022</dst>
      <dst id="7">15925.5733</dst>
      <dst id="2">48071.4756</dst>
      <dst id="6">26.4000</dst>
      <dst id="16">2120.9778</dst>
      <dst id="14">4839.6889</dst>
      <dst id="20">2680.0622</dst>
      <dst id="11">12089.1644</dst>
      <dst id="9">1500.2578</dst>
      <dst id="17">15220.5422</dst>
      <dst id="21">15341.7778</dst>
      <dst id="15">2795.1556</dst>
    </src>
    <src id="22">
      <dst id="12">15202.1689</dst>
      <dst id="13">11804.0444</dst>
      <dst id="19">369.0400</dst>
      <dst id="23">103.8756</dst>
      <dst id="8">1573.9289</dst>
      <dst id="18">2966.3556</dst>
      <dst id="4">22511.0667</dst>
      <dst id="1">3275.2089</dst>
      <dst id="5">6725.3156</dst>
      <dst id="3">1458.3467</dst>
      <dst id="7">1395.3244</dst>
      <dst id="2">5882.1511</dst>
      <dst id="6">27.0133</dst>
      <dst id="14">121.8400</dst>
      <dst id="11">5283.5200</dst>
      <dst id="9">3796.4178</dst>
      <dst id="17">16155.3689</dst>
      <dst id="21">3041.4756</dst>
    </src>
    <src id="7">
      <dst id="12">6319.6089</dst>
      <dst id="13">516.1067</dst>
      <dst id="19">676.1333</dst>
      <dst id="23">438.4622</dst>
      <dst id="8">544.1156</dst>
      <dst id="18">1480.9511</dst>
      <dst id="4">43926.9689</dst>
      <dst id="1">9091.1200</dst>
      <dst id="5">1207.0844</dst>
      <dst id="3">1341.6711</dst>
      <dst id="22">3729.5111</dst>
      <dst id="7">977.6711</dst>
      <dst id="2">9879.7067</dst>
      <dst id="6">140.5156</dst>
      <dst id="16">1594.9333</dst>
      <dst id="14">102.3378</dst>
      <dst id="20">2299.9911</dst>
      <dst id="11">5997.9289</dst>
      <dst id="9">3031.6089</dst>
      <dst id="17">21112.0444</dst>
      <dst id="21">11585.2000</dst>
      <dst id="15">681.3689</dst>
    </src>
    <src id="2">
      <dst id="12">137761.9467</dst>
      <dst id="13">471776.1244</dst>
      <dst id="19">6112.8711</dst>
      <dst id="23">147.6978</dst>
      <dst id="8">993.8222</dst>
      <dst id="18">171055.6622</dst>
      <dst id="4">146044.2133</dst>
      <dst id="1">15605.3511</dst>
      <dst id="5">2668.3022</dst>
      <dst id="3">311.4578</dst>
      <dst id="22">3056.1867</dst>
      <dst id="7">6409.4222</dst>
      <dst id="2">1442.3822</dst>
      <dst id="6">10505.9200</dst>
      <dst id="16">4976.5689</dst>
      <dst id="14">3559.2000</dst>
      <dst id="20">4458.9778</dst>
      <dst id="11">5065.4311</dst>
      <dst id="9">1278.9778</dst>
      <dst id="17">76995.5644</dst>
      <dst id="21">10792.7556</dst>
      <dst id="15">405.9289</dst>
    </src>
    <src id="6">
      <dst id="12">12521.1022</dst>
      <dst id="13">70.1422</dst>
      <dst id="19">12.8889</dst>
      <dst id="18">105.8667</dst>
      <dst id="4">66.6044</dst>
      <dst id="1">26.1156</dst>
      <dst id="5">1.3511</dst>
      <dst id="22">152.5244</dst>
      <dst id="7">44.6667</dst>
      <dst id="2">3134.2044</dst>
      <dst id="16">17.0578</dst>
      <dst id="20">13.3333</dst>
      <dst id="11">12.4533</dst>
      <dst id="9">12.7289</dst>
      <dst id="17">2226.9689</dst>
      <dst id="21">64.6756</dst>
      <dst id="15">84.0000</dst>
    </src>
    <src id="16">
      <dst id="12">4983.6889</dst>
      <dst id="13">1129.7600</dst>
      <dst id="19">3659.1822</dst>
      <dst id="23">48.9600</dst>
      <dst id="8">4880.6844</dst>
      <dst id="18">84.4267</dst>
      <dst id="4">9608.9156</dst>
      <dst id="1">19608.1778</dst>
      <dst id="5">4766.6311</dst>
      <dst id="3">261.4756</dst>
      <dst id="7">5702.2222</dst>
      <dst id="2">1755.3600</dst>
      <dst id="6">41.5733</dst>
      <dst id="16">49.1111</dst>
      <dst id="14">311.2444</dst>
      <dst id="11">552.7022</dst>
      <dst id="9">8375.0044</dst>
      <dst id="17">4998.9422</dst>
      <dst id="21">1381.5822</dst>
    </src>
    <src id="14">
      <dst id="12">20132.7467</dst>
      <dst id="13">19.8844</dst>
      <dst id="19">17.1467</dst>
      <dst id="23">67.5556</dst>
      <dst id="8">617.7244</dst>
      <dst id="18">16.9422</dst>
      <dst id="4">3795.9467</dst>
      <dst id="1">61.6000</dst>
      <dst id="5">0.9778</dst>
      <dst id="3">173.0311</dst>
      <dst id="22">34.2044</dst>
      <dst id="7">98.4622</dst>
      <dst id="2">4537.4578</dst>
      <dst id="16">29.6533</dst>
      <dst id="20">94.6489</dst>
      <dst id="11">124.2400</dst>
      <dst id="9">31.7511</dst>
      <dst id="17">6850.9067</dst>
      <dst id="21">143.1733</dst>
      <dst id="15">0.7111</dst>
    </src>
    <src id="20">
      <dst id="12">18445.1733</dst>
      <dst id="13">2448.8800</dst>
      <dst id="19">469.2089</dst>
      <dst id="23">3821.2267</dst>
      <dst id="8">1023.8933</dst>
      <dst id="18">529.6533</dst>
      <dst id="4">20979.8222</dst>
      <dst id="1">721.5467</dst>
      <dst id="5">4294.0711</dst>
      <dst id="3">285.6356</dst>
      <dst id="7">162.7644</dst>
      <dst id="2">4293.2356</dst>
      <dst id="16">0.3556</dst>
      <dst id="14">4.4711</dst>
      <dst id="11">3781.3422</dst>
      <dst id="9">2933.3867</dst>
      <dst id="17">12669.9111</dst>
      <dst id="21">3421.1289</dst>
    </src>
    <src id="11">
      <dst id="12">453070.3378</dst>
      <dst id="13">5139.1111</dst>
      <dst id="19">149.5200</dst>
      <dst id="23">154.0889</dst>
      <dst id="8">1304.3289</dst>
      <dst id="18">950.5333</dst>
      <dst id="4">15347.5200</dst>
      <dst id="1">503.4133</dst>
      <dst id="5">1168.8267</dst>
      <dst id="3">1088.2133</dst>
      <dst id="22">2200.5600</dst>
      <dst id="7">1278.5333</dst>
      <dst id="2">170590.4800</dst>
      <dst id="6">0.8178</dst>
      <dst id="16">433.1289</dst>
      <dst id="14">65.5467</dst>
      <dst id="20">390.5867</dst>
      <dst id="11">3085.0667</dst>
      <dst id="9">6555.0933</dst>
      <dst id="17">159760.7289</dst>
      <dst id="21">1673.6800</dst>
      <dst id="15">397.0311</dst>
    </src>
    <src id="9">
      <dst id="12">428329.5022</dst>
      <dst id="13">1443.3689</dst>
      <dst id="19">630.2222</dst>
      <dst id="23">23.5733</dst>
      <dst id="8">4186.5067</dst>
      <dst id="18">5047.3867</dst>
      <dst id="4">12610.6667</dst>
      <dst id="1">2273.8044</dst>
      <dst id="5">1828.0889</dst>
      <dst id="3">15.2889</dst>
      <dst id="22">2607.5644</dst>
      <dst id="7">1088.3556</dst>
      <dst id="2">162280.5778</dst>
      <dst id="6">6.4889</dst>
      <dst id="16">2254.4800</dst>
      <dst id="14">25.6711</dst>
      <dst id="20">1042.4089</dst>
      <dst id="11">3267.1556</dst>
      <dst id="9">1549.8044</dst>
      <dst id="17">180986.8089</dst>
      <dst id="21">5008.8978</dst>
      <dst id="15">3118.1778</dst>
    </src>
    <src id="17">
      <dst id="12">20343.6356</dst>
      <dst id="13">9876.3556</dst>
      <dst id="19">3641.3778</dst>
      <dst id="23">2040.9156</dst>
      <dst id="8">204701.4756</dst>
      <dst id="18">8461.7333</dst>
      <dst id="4">79306.2311</dst>
      <dst id="1">6765.9378</dst>
      <dst id="5">227294.1778</dst>
      <dst id="3">24904.5778</dst>
      <dst id="22">14175.3867</dst>
      <dst id="7">19626.5333</dst>
      <dst id="2">116442.6578</dst>
      <dst id="6">111.7511</dst>
      <dst id="16">11488.3822</dst>
      <dst id="14">22142.2667</dst>
      <dst id="20">5473.3600</dst>
      <dst id="11">166687.3600</dst>
      <dst id="9">268451.7600</dst>
      <dst id="17">1762.5244</dst>
      <dst id="21">21434.3467</dst>
      <dst id="15">119.5733</dst>
    </src>
    <src id="21">
      <dst id="12">21108.6844</dst>
      <dst id="13">1487.7600</dst>
      <dst id="19">698.7111</dst>
      <dst id="23">134.3022</dst>
      <dst id="8">303.7511</dst>
      <dst id="18">1688.9867</dst>
      <dst id="4">34601.2978</dst>
      <dst id="1">4742.4267</dst>
      <dst id="5">665.5733</dst>
      <dst id="3">3676.5511</dst>
      <dst id="22">1989.0933</dst>
      <dst id="7">3047.1733</dst>
      <dst id="2">14203.4933</dst>
      <dst id="6">8.3378</dst>
      <dst id="16">1100.6133</dst>
      <dst id="14">106.0356</dst>
      <dst id="20">8339.7333</dst>
      <dst id="11">4054.6311</dst>
      <dst id="9">946.1067</dst>
      <dst id="17">10071.2089</dst>
      <dst id="21">3558.1156</dst>
      <dst id="15">677.5644</dst>
    </src>
    <src id="15">
      <dst id="12">4805.1822</dst>
      <dst id="13">948.6489</dst>
      <dst id="19">27.9467</dst>
      <dst id="23">16.8889</dst>
      <dst id="8">2009.1200</dst>
      <dst id="18">6.3911</dst>
      <dst id="4">5234.5422</dst>
      <dst id="1">425.8578</dst>
      <dst id="5">255.8844</dst>
      <dst id="3">45.0933</dst>
      <dst id="7">40.7022</dst>
      <dst id="2">321.1200</dst>
      <dst id="6">0.4622</dst>
      <dst id="16">0.3556</dst>
      <dst id="14">37.3333</dst>
      <dst id="11">308.4889</dst>
      <dst id="9">627.6267</dst>
      <dst id="17">2869.5556</dst>
      <dst id="21">230.3022</dst>
    </src>
  </IntraTM>
</TrafficMatrixFile>
