<?xml version="1.0" encoding="UTF-8" standalone="yes"?>
<TrafficMatrixFile xmlns:xsi="http://www.w3.org/2001/XMLSchema-instance" xsi:noNamespaceSchemaLocation="http://totem.run.montefiore.ulg.ac.be/Schema/TrafficMatrix-v1_2.xsd">
  <info>
    <title>Intradomain traffic matrix generated by geant-TM-all.pl</title>
    <date>2005-01-02T05:45:00</date>
    <duration>900</duration>
    <author>Steve Uhlig</author>
    <units>
        <unit type="bandwidth" value="kbps"/>
    </units>
  </info>
  <IntraTM ASID="20965">
    <src id="12">
      <dst id="12">263589.3244</dst>
      <dst id="13">17453.5733</dst>
      <dst id="19">7873.8400</dst>
      <dst id="23">2185.0489</dst>
      <dst id="8">4162.9867</dst>
      <dst id="18">745.1733</dst>
      <dst id="4">135825.3422</dst>
      <dst id="1">9524.9156</dst>
      <dst id="5">5603.1378</dst>
      <dst id="3">3453.9378</dst>
      <dst id="22">10876.0444</dst>
      <dst id="7">2550.9867</dst>
      <dst id="2">108451.1733</dst>
      <dst id="6">186.3644</dst>
      <dst id="16">5440.7556</dst>
      <dst id="14">139.1911</dst>
      <dst id="20">18543.4844</dst>
      <dst id="11">5784.4800</dst>
      <dst id="9">10817.2267</dst>
      <dst id="17">79907.5200</dst>
      <dst id="21">11528.0533</dst>
      <dst id="15">6953.3156</dst>
    </src>
    <src id="13">
      <dst id="12">160265.0489</dst>
      <dst id="19">8312.6311</dst>
      <dst id="23">139.1111</dst>
      <dst id="8">3030.6311</dst>
      <dst id="18">5014.6133</dst>
      <dst id="4">13.3333</dst>
      <dst id="1">3211.8311</dst>
      <dst id="5">8925.4756</dst>
      <dst id="3">9402.4711</dst>
      <dst id="22">24777.3244</dst>
      <dst id="7">7745.1911</dst>
      <dst id="2">142931.2178</dst>
      <dst id="6">63.6089</dst>
      <dst id="16">10458.0711</dst>
      <dst id="14">1511.9289</dst>
      <dst id="20">22812.1511</dst>
      <dst id="11">16154.1422</dst>
      <dst id="9">47096.0978</dst>
      <dst id="17">209739.4400</dst>
      <dst id="21">23859.1822</dst>
      <dst id="15">2449.1111</dst>
    </src>
    <src id="19">
      <dst id="12">15454.9067</dst>
      <dst id="13">3505.7067</dst>
      <dst id="8">24.5333</dst>
      <dst id="18">3.9378</dst>
      <dst id="4">24833.9467</dst>
      <dst id="1">459.9733</dst>
      <dst id="5">16.9956</dst>
      <dst id="22">821.8222</dst>
      <dst id="7">3293.3422</dst>
      <dst id="2">623.3689</dst>
      <dst id="6">67.3333</dst>
      <dst id="16">5705.7422</dst>
      <dst id="14">40.4089</dst>
      <dst id="20">40.8444</dst>
      <dst id="11">37.6444</dst>
      <dst id="9">351.8044</dst>
      <dst id="17">1131.6178</dst>
      <dst id="21">1146.9422</dst>
      <dst id="15">4.7200</dst>
    </src>
    <src id="23">
      <dst id="12">351.5644</dst>
      <dst id="13">1876.3556</dst>
      <dst id="19">0.3378</dst>
      <dst id="8">119.2533</dst>
      <dst id="18">40.0000</dst>
      <dst id="4">451.5556</dst>
      <dst id="1">115.9644</dst>
      <dst id="5">28.4711</dst>
      <dst id="3">13.4400</dst>
      <dst id="22">201.6356</dst>
      <dst id="7">32.5067</dst>
      <dst id="2">22.7644</dst>
      <dst id="6">0.3378</dst>
      <dst id="20">760.3556</dst>
      <dst id="11">83.8933</dst>
      <dst id="9">467.8044</dst>
      <dst id="17">19.3689</dst>
      <dst id="21">696.7467</dst>
      <dst id="15">0.3378</dst>
    </src>
    <src id="8">
      <dst id="12">335402.4356</dst>
      <dst id="13">163.1822</dst>
      <dst id="19">55.3956</dst>
      <dst id="23">27.5111</dst>
      <dst id="18">199.8933</dst>
      <dst id="4">6969.7778</dst>
      <dst id="1">8447.4222</dst>
      <dst id="5">7911.5467</dst>
      <dst id="3">13.9022</dst>
      <dst id="22">3735.6356</dst>
      <dst id="7">20.6756</dst>
      <dst id="2">128046.4356</dst>
      <dst id="16">730.3556</dst>
      <dst id="14">0.4178</dst>
      <dst id="20">7444.1244</dst>
      <dst id="11">423.9467</dst>
      <dst id="9">6360.5156</dst>
      <dst id="17">122961.6622</dst>
      <dst id="21">2910.6578</dst>
      <dst id="15">10792.4711</dst>
    </src>
    <src id="18">
      <dst id="12">102851.5111</dst>
      <dst id="13">256.0533</dst>
      <dst id="19">15.1911</dst>
      <dst id="23">2.7111</dst>
      <dst id="8">942.7733</dst>
      <dst id="4">2835.3244</dst>
      <dst id="1">1271.4578</dst>
      <dst id="5">639.6889</dst>
      <dst id="3">67.7867</dst>
      <dst id="22">544.1422</dst>
      <dst id="7">1454.6844</dst>
      <dst id="2">42784.0978</dst>
      <dst id="16">46.9778</dst>
      <dst id="14">24.9956</dst>
      <dst id="20">148.6578</dst>
      <dst id="11">3914.6756</dst>
      <dst id="9">257.3422</dst>
      <dst id="17">45645.2089</dst>
      <dst id="21">5741.7067</dst>
      <dst id="15">77.5733</dst>
    </src>
    <src id="4">
      <dst id="12">18855.2444</dst>
      <dst id="19">5765.2178</dst>
      <dst id="23">3.0578</dst>
      <dst id="8">3614.3911</dst>
      <dst id="18">2268.0444</dst>
      <dst id="4">1.3244</dst>
      <dst id="1">12704.6489</dst>
      <dst id="5">2544.4000</dst>
      <dst id="3">145.3244</dst>
      <dst id="22">7008.2489</dst>
      <dst id="7">37839.0044</dst>
      <dst id="2">47581.7067</dst>
      <dst id="6">3.8578</dst>
      <dst id="16">2024.8533</dst>
      <dst id="14">2513.9022</dst>
      <dst id="20">5848.3644</dst>
      <dst id="11">10552.1689</dst>
      <dst id="9">5209.0222</dst>
      <dst id="17">21262.6844</dst>
      <dst id="21">7648.1600</dst>
      <dst id="15">1322.7822</dst>
    </src>
    <src id="1">
      <dst id="12">17647.0133</dst>
      <dst id="13">1185.0044</dst>
      <dst id="19">363.7422</dst>
      <dst id="23">93.6444</dst>
      <dst id="8">151994.6311</dst>
      <dst id="18">12613.1733</dst>
      <dst id="4">33441.2178</dst>
      <dst id="1">26991.3956</dst>
      <dst id="5">256891.7689</dst>
      <dst id="3">30.4178</dst>
      <dst id="22">5138.6667</dst>
      <dst id="7">1141.0844</dst>
      <dst id="2">12555.8044</dst>
      <dst id="6">8061.7867</dst>
      <dst id="16">9367.7067</dst>
      <dst id="14">2527.4933</dst>
      <dst id="20">4514.7022</dst>
      <dst id="11">473.7867</dst>
      <dst id="9">230619.2089</dst>
      <dst id="17">7067.3778</dst>
      <dst id="21">3118.5156</dst>
      <dst id="15">515.6089</dst>
    </src>
    <src id="5">
      <dst id="12">347911.8222</dst>
      <dst id="13">798.0533</dst>
      <dst id="19">138.2311</dst>
      <dst id="23">133.6889</dst>
      <dst id="8">2098.7378</dst>
      <dst id="18">254.2133</dst>
      <dst id="4">9769.5467</dst>
      <dst id="1">1392.6667</dst>
      <dst id="3">347.9911</dst>
      <dst id="22">5431.1556</dst>
      <dst id="7">330.4889</dst>
      <dst id="2">154470.4711</dst>
      <dst id="6">10.5600</dst>
      <dst id="16">1047.1200</dst>
      <dst id="14">44.3733</dst>
      <dst id="20">461.2800</dst>
      <dst id="11">1268.7200</dst>
      <dst id="9">1537.0489</dst>
      <dst id="17">117610.1600</dst>
      <dst id="21">622.6756</dst>
      <dst id="15">50.4533</dst>
    </src>
    <src id="3">
      <dst id="12">9509.2622</dst>
      <dst id="13">700.2489</dst>
      <dst id="19">1440.1778</dst>
      <dst id="8">183.9644</dst>
      <dst id="18">104054.7556</dst>
      <dst id="4">30984.1067</dst>
      <dst id="1">31346.3378</dst>
      <dst id="5">950.6400</dst>
      <dst id="3">14650.9689</dst>
      <dst id="22">1179.8400</dst>
      <dst id="7">1506.9689</dst>
      <dst id="2">10303.5378</dst>
      <dst id="6">1.8933</dst>
      <dst id="16">1303.6444</dst>
      <dst id="14">48274.3911</dst>
      <dst id="20">408.4267</dst>
      <dst id="11">164279.0578</dst>
      <dst id="9">424.1244</dst>
      <dst id="17">5941.6178</dst>
      <dst id="21">7198.8978</dst>
      <dst id="15">140.7911</dst>
    </src>
    <src id="10">
      <dst id="12">13727.1822</dst>
      <dst id="19">1472.0089</dst>
      <dst id="8">1494.4711</dst>
      <dst id="18">2918.6667</dst>
      <dst id="1">1642.9867</dst>
      <dst id="5">1256.0444</dst>
      <dst id="3">14894.0800</dst>
      <dst id="22">5339.5556</dst>
      <dst id="7">28049.7067</dst>
      <dst id="2">25066.8089</dst>
      <dst id="6">18.1422</dst>
      <dst id="16">1441.7689</dst>
      <dst id="14">1579.2622</dst>
      <dst id="20">1337.8667</dst>
      <dst id="11">2767.4044</dst>
      <dst id="9">2994.4533</dst>
      <dst id="17">14485.5378</dst>
      <dst id="21">23640.7733</dst>
      <dst id="15">1070.8711</dst>
    </src>
    <src id="22">
      <dst id="12">10739.6889</dst>
      <dst id="13">4754.8267</dst>
      <dst id="19">84.8178</dst>
      <dst id="23">341.5200</dst>
      <dst id="8">1046.6933</dst>
      <dst id="18">4089.8844</dst>
      <dst id="4">16188.0978</dst>
      <dst id="1">193.0933</dst>
      <dst id="5">8372.9778</dst>
      <dst id="3">471.2444</dst>
      <dst id="7">1133.2622</dst>
      <dst id="2">4232.6578</dst>
      <dst id="6">53.8222</dst>
      <dst id="16">11.8400</dst>
      <dst id="14">102.0800</dst>
      <dst id="11">3544.8622</dst>
      <dst id="9">3176.3378</dst>
      <dst id="17">7895.0400</dst>
      <dst id="21">1156.6489</dst>
    </src>
    <src id="7">
      <dst id="12">5542.9689</dst>
      <dst id="13">174.0800</dst>
      <dst id="19">631.2356</dst>
      <dst id="23">345.7600</dst>
      <dst id="8">468.3200</dst>
      <dst id="18">238.1600</dst>
      <dst id="4">38465.8133</dst>
      <dst id="1">2379.7778</dst>
      <dst id="5">2232.7911</dst>
      <dst id="3">424.1511</dst>
      <dst id="22">3767.0844</dst>
      <dst id="7">561.1733</dst>
      <dst id="2">7910.6311</dst>
      <dst id="6">49.1022</dst>
      <dst id="16">491.3689</dst>
      <dst id="14">299.7244</dst>
      <dst id="20">1712.4000</dst>
      <dst id="11">2129.1644</dst>
      <dst id="9">1322.4533</dst>
      <dst id="17">8279.7867</dst>
      <dst id="21">13161.6711</dst>
      <dst id="15">282.8178</dst>
    </src>
    <src id="2">
      <dst id="12">114329.0844</dst>
      <dst id="13">15921.6000</dst>
      <dst id="19">9089.2711</dst>
      <dst id="23">0.4622</dst>
      <dst id="8">2597.3956</dst>
      <dst id="18">94766.5511</dst>
      <dst id="4">127586.4267</dst>
      <dst id="1">6912.8267</dst>
      <dst id="5">2084.5956</dst>
      <dst id="3">104.6222</dst>
      <dst id="22">2306.4533</dst>
      <dst id="7">10749.4133</dst>
      <dst id="2">1696.0089</dst>
      <dst id="6">7170.8444</dst>
      <dst id="16">3020.8089</dst>
      <dst id="14">956.3378</dst>
      <dst id="20">619.0311</dst>
      <dst id="11">3012.7733</dst>
      <dst id="9">1698.5778</dst>
      <dst id="17">42110.2222</dst>
      <dst id="21">4474.9511</dst>
      <dst id="15">177.3422</dst>
    </src>
    <src id="6">
      <dst id="12">9878.1600</dst>
      <dst id="13">17.0222</dst>
      <dst id="19">22.6489</dst>
      <dst id="4">101.2622</dst>
      <dst id="1">52.4533</dst>
      <dst id="5">0.3556</dst>
      <dst id="22">91.4489</dst>
      <dst id="7">0.3556</dst>
      <dst id="2">2543.7422</dst>
      <dst id="16">33.2444</dst>
      <dst id="20">1.4044</dst>
      <dst id="11">0.5600</dst>
      <dst id="9">2.7467</dst>
      <dst id="17">1276.5333</dst>
      <dst id="21">25.1200</dst>
    </src>
    <src id="16">
      <dst id="12">6026.3911</dst>
      <dst id="13">1112.0889</dst>
      <dst id="19">3584.0444</dst>
      <dst id="23">94.2133</dst>
      <dst id="8">6231.4933</dst>
      <dst id="18">6.5600</dst>
      <dst id="4">7500.2667</dst>
      <dst id="1">15875.6267</dst>
      <dst id="5">6904.3911</dst>
      <dst id="3">2.4978</dst>
      <dst id="7">3787.5378</dst>
      <dst id="2">1874.2578</dst>
      <dst id="6">0.5333</dst>
      <dst id="16">52.8800</dst>
      <dst id="14">385.7689</dst>
      <dst id="11">228.0178</dst>
      <dst id="9">7230.6133</dst>
      <dst id="17">1635.8311</dst>
      <dst id="21">534.6489</dst>
    </src>
    <src id="14">
      <dst id="12">21113.9378</dst>
      <dst id="13">125.1911</dst>
      <dst id="19">5.5822</dst>
      <dst id="23">5.2089</dst>
      <dst id="8">0.3556</dst>
      <dst id="18">0.9244</dst>
      <dst id="4">2428.4178</dst>
      <dst id="1">163.8933</dst>
      <dst id="5">354.5689</dst>
      <dst id="3">75.6267</dst>
      <dst id="22">7.0311</dst>
      <dst id="7">86.3733</dst>
      <dst id="2">7382.2756</dst>
      <dst id="16">29.0578</dst>
      <dst id="11">45.4133</dst>
      <dst id="9">20.7467</dst>
      <dst id="17">7428.2667</dst>
      <dst id="21">63.9111</dst>
      <dst id="15">0.5600</dst>
    </src>
    <src id="20">
      <dst id="12">5844.9511</dst>
      <dst id="13">7238.4889</dst>
      <dst id="19">260.4356</dst>
      <dst id="23">44.7111</dst>
      <dst id="8">565.9289</dst>
      <dst id="18">85.5378</dst>
      <dst id="4">16013.9022</dst>
      <dst id="1">298.1422</dst>
      <dst id="5">2447.1289</dst>
      <dst id="3">14238.0178</dst>
      <dst id="7">116.1689</dst>
      <dst id="2">3968.3644</dst>
      <dst id="6">0.3556</dst>
      <dst id="14">13.0667</dst>
      <dst id="11">700.9067</dst>
      <dst id="9">23958.8444</dst>
      <dst id="17">4009.8667</dst>
      <dst id="21">765.2178</dst>
    </src>
    <src id="11">
      <dst id="12">450859.1467</dst>
      <dst id="13">2877.9200</dst>
      <dst id="19">135.2356</dst>
      <dst id="23">62.8711</dst>
      <dst id="8">1930.3911</dst>
      <dst id="18">692.4267</dst>
      <dst id="4">17056.5689</dst>
      <dst id="1">740.4978</dst>
      <dst id="5">1374.9156</dst>
      <dst id="3">740.7911</dst>
      <dst id="22">2302.2756</dst>
      <dst id="7">189.0311</dst>
      <dst id="2">163437.7600</dst>
      <dst id="6">14.6133</dst>
      <dst id="16">498.0000</dst>
      <dst id="14">71.0667</dst>
      <dst id="20">1283.8933</dst>
      <dst id="11">1855.5111</dst>
      <dst id="9">1207.4667</dst>
      <dst id="17">157414.2044</dst>
      <dst id="21">1142.4089</dst>
      <dst id="15">266.0000</dst>
    </src>
    <src id="9">
      <dst id="12">501572.9333</dst>
      <dst id="13">11140.9956</dst>
      <dst id="19">135.5111</dst>
      <dst id="23">53.2622</dst>
      <dst id="8">1460.1867</dst>
      <dst id="18">658.2222</dst>
      <dst id="4">19182.6933</dst>
      <dst id="1">1199.3689</dst>
      <dst id="5">15066.0000</dst>
      <dst id="3">23.1378</dst>
      <dst id="22">2780.1067</dst>
      <dst id="7">242.1511</dst>
      <dst id="2">185285.2711</dst>
      <dst id="6">1.4044</dst>
      <dst id="16">722.9778</dst>
      <dst id="14">5.7600</dst>
      <dst id="20">7201.1111</dst>
      <dst id="11">3224.4444</dst>
      <dst id="9">328.2133</dst>
      <dst id="17">206308.0622</dst>
      <dst id="21">4613.7867</dst>
      <dst id="15">20543.2178</dst>
    </src>
    <src id="17">
      <dst id="12">13962.3467</dst>
      <dst id="13">8296.7111</dst>
      <dst id="19">2092.1422</dst>
      <dst id="23">82.6133</dst>
      <dst id="8">167627.2356</dst>
      <dst id="18">14679.0400</dst>
      <dst id="4">165749.8489</dst>
      <dst id="1">3218.6756</dst>
      <dst id="5">251865.8933</dst>
      <dst id="3">10332.4356</dst>
      <dst id="22">8419.9822</dst>
      <dst id="7">10230.9422</dst>
      <dst id="2">18242.6844</dst>
      <dst id="6">93.8756</dst>
      <dst id="16">2716.4978</dst>
      <dst id="14">43126.6933</dst>
      <dst id="20">4005.9467</dst>
      <dst id="11">119191.2622</dst>
      <dst id="9">228342.1600</dst>
      <dst id="17">1887.2000</dst>
      <dst id="21">19905.2711</dst>
      <dst id="15">1992.7733</dst>
    </src>
    <src id="21">
      <dst id="12">21690.7467</dst>
      <dst id="13">498.6222</dst>
      <dst id="19">179.7689</dst>
      <dst id="23">391.3600</dst>
      <dst id="8">591.8578</dst>
      <dst id="18">2771.2444</dst>
      <dst id="4">34735.8311</dst>
      <dst id="1">1191.7867</dst>
      <dst id="5">2543.7600</dst>
      <dst id="3">728.7378</dst>
      <dst id="22">3189.2000</dst>
      <dst id="7">3206.6844</dst>
      <dst id="2">9549.4933</dst>
      <dst id="6">1.3333</dst>
      <dst id="16">190.7467</dst>
      <dst id="14">65.0756</dst>
      <dst id="20">191.4578</dst>
      <dst id="11">727.0400</dst>
      <dst id="9">2504.2222</dst>
      <dst id="17">13453.4489</dst>
      <dst id="21">2777.6000</dst>
      <dst id="15">51.4400</dst>
    </src>
    <src id="15">
      <dst id="12">4707.2178</dst>
      <dst id="13">299.1644</dst>
      <dst id="19">22.7733</dst>
      <dst id="8">119.0933</dst>
      <dst id="18">19.4667</dst>
      <dst id="4">11412.3644</dst>
      <dst id="1">593.4667</dst>
      <dst id="5">668.6844</dst>
      <dst id="3">4.6933</dst>
      <dst id="7">15.7333</dst>
      <dst id="2">59.1911</dst>
      <dst id="14">1.0756</dst>
      <dst id="11">42.5600</dst>
      <dst id="9">964.2400</dst>
      <dst id="17">284.8178</dst>
      <dst id="21">55.9911</dst>
    </src>
  </IntraTM>
</TrafficMatrixFile>
