<?xml version="1.0" encoding="UTF-8" standalone="yes"?>
<TrafficMatrixFile xmlns:xsi="http://www.w3.org/2001/XMLSchema-instance" xsi:noNamespaceSchemaLocation="http://totem.run.montefiore.ulg.ac.be/Schema/TrafficMatrix-v1_2.xsd">
  <info>
    <title>Intradomain traffic matrix generated by geant-TM-all.pl</title>
    <date>2005-01-01T05:45:00</date>
    <duration>900</duration>
    <author>Steve Uhlig</author>
    <units>
        <unit type="bandwidth" value="kbps"/>
    </units>
  </info>
  <IntraTM ASID="20965">
    <src id="12">
      <dst id="12">289104.2756</dst>
      <dst id="13">26832.4889</dst>
      <dst id="19">3783.7422</dst>
      <dst id="23">2972.3556</dst>
      <dst id="8">5236.6044</dst>
      <dst id="18">1349.7956</dst>
      <dst id="4">146438.4889</dst>
      <dst id="1">9507.3867</dst>
      <dst id="5">6709.1200</dst>
      <dst id="3">4321.5467</dst>
      <dst id="22">24034.3911</dst>
      <dst id="7">3199.3600</dst>
      <dst id="2">98575.5200</dst>
      <dst id="6">156.6044</dst>
      <dst id="16">14624.5244</dst>
      <dst id="14">316.0444</dst>
      <dst id="20">19061.0756</dst>
      <dst id="11">6845.3600</dst>
      <dst id="9">5196.6667</dst>
      <dst id="17">87849.8578</dst>
      <dst id="21">14711.0756</dst>
      <dst id="15">3137.6533</dst>
    </src>
    <src id="13">
      <dst id="12">29582.2933</dst>
      <dst id="19">9923.1733</dst>
      <dst id="23">61.6178</dst>
      <dst id="8">1103.4133</dst>
      <dst id="18">3193.0311</dst>
      <dst id="1">784.8000</dst>
      <dst id="5">2061.0667</dst>
      <dst id="3">1428.6844</dst>
      <dst id="22">10935.4578</dst>
      <dst id="7">3033.1644</dst>
      <dst id="2">55889.8489</dst>
      <dst id="6">28.0711</dst>
      <dst id="16">8862.4889</dst>
      <dst id="14">260.4800</dst>
      <dst id="20">2742.7911</dst>
      <dst id="11">4726.9956</dst>
      <dst id="9">6048.9422</dst>
      <dst id="17">28163.0400</dst>
      <dst id="21">8962.4089</dst>
      <dst id="15">749.7156</dst>
    </src>
    <src id="19">
      <dst id="12">17739.8222</dst>
      <dst id="13">5911.7689</dst>
      <dst id="23">313.7156</dst>
      <dst id="8">15.8844</dst>
      <dst id="18">36.9689</dst>
      <dst id="4">25562.4356</dst>
      <dst id="1">57.2089</dst>
      <dst id="5">214.4622</dst>
      <dst id="3">355.5111</dst>
      <dst id="22">216.0889</dst>
      <dst id="7">2726.1778</dst>
      <dst id="2">1220.5867</dst>
      <dst id="6">52.1778</dst>
      <dst id="16">10167.6533</dst>
      <dst id="14">2.1689</dst>
      <dst id="20">118.4533</dst>
      <dst id="11">285.3156</dst>
      <dst id="9">4223.5822</dst>
      <dst id="17">781.2889</dst>
      <dst id="21">722.6222</dst>
      <dst id="15">13.3333</dst>
    </src>
    <src id="23">
      <dst id="12">1118.6933</dst>
      <dst id="13">21.2533</dst>
      <dst id="19">77.0933</dst>
      <dst id="8">0.4267</dst>
      <dst id="18">114.9511</dst>
      <dst id="4">588.9778</dst>
      <dst id="1">72.0889</dst>
      <dst id="5">62.3644</dst>
      <dst id="3">104.3200</dst>
      <dst id="22">188.9778</dst>
      <dst id="7">48.6489</dst>
      <dst id="2">99.1022</dst>
      <dst id="6">0.3378</dst>
      <dst id="16">1166.8889</dst>
      <dst id="14">50.4889</dst>
      <dst id="11">73.1733</dst>
      <dst id="9">418.2400</dst>
      <dst id="17">483.7600</dst>
      <dst id="21">673.6711</dst>
    </src>
    <src id="8">
      <dst id="12">384694.2667</dst>
      <dst id="13">1932.1422</dst>
      <dst id="19">136.0978</dst>
      <dst id="23">3.7511</dst>
      <dst id="18">4.9867</dst>
      <dst id="4">7730.8978</dst>
      <dst id="1">17858.2044</dst>
      <dst id="5">11350.9244</dst>
      <dst id="3">11538.4533</dst>
      <dst id="22">3481.7600</dst>
      <dst id="7">183.0667</dst>
      <dst id="2">136869.6444</dst>
      <dst id="6">26.2400</dst>
      <dst id="16">760.4444</dst>
      <dst id="14">1.1644</dst>
      <dst id="20">7379.6889</dst>
      <dst id="11">424.3022</dst>
      <dst id="9">5251.3956</dst>
      <dst id="17">81248.5778</dst>
      <dst id="21">12932.2222</dst>
      <dst id="15">11563.6267</dst>
    </src>
    <src id="18">
      <dst id="12">148493.0311</dst>
      <dst id="13">134.8533</dst>
      <dst id="19">21.4756</dst>
      <dst id="23">3.2978</dst>
      <dst id="8">3.7067</dst>
      <dst id="4">4393.2800</dst>
      <dst id="1">804.2133</dst>
      <dst id="5">714.8533</dst>
      <dst id="3">100.5956</dst>
      <dst id="22">4725.7689</dst>
      <dst id="7">39.3600</dst>
      <dst id="2">47107.8489</dst>
      <dst id="16">22.8444</dst>
      <dst id="14">14.3200</dst>
      <dst id="20">32.4711</dst>
      <dst id="11">78.6756</dst>
      <dst id="9">335.4756</dst>
      <dst id="17">33625.9111</dst>
      <dst id="21">1414.2222</dst>
      <dst id="15">16.5689</dst>
    </src>
    <src id="4">
      <dst id="12">65688.9956</dst>
      <dst id="13">4105.7511</dst>
      <dst id="19">13867.6800</dst>
      <dst id="8">2640.4978</dst>
      <dst id="18">6815.9644</dst>
      <dst id="4">1.0756</dst>
      <dst id="1">5848.2756</dst>
      <dst id="5">7949.0667</dst>
      <dst id="3">24245.8578</dst>
      <dst id="22">30571.7867</dst>
      <dst id="7">71615.9556</dst>
      <dst id="2">157992.8267</dst>
      <dst id="6">254.9867</dst>
      <dst id="16">17776.3289</dst>
      <dst id="14">4319.2622</dst>
      <dst id="20">85657.7422</dst>
      <dst id="11">26494.4178</dst>
      <dst id="9">17007.7511</dst>
      <dst id="17">138628.0444</dst>
      <dst id="21">24937.6889</dst>
      <dst id="15">2619.0933</dst>
    </src>
    <src id="1">
      <dst id="12">18423.5022</dst>
      <dst id="13">2138.7200</dst>
      <dst id="19">2580.9333</dst>
      <dst id="23">74.0533</dst>
      <dst id="8">138620.1511</dst>
      <dst id="18">13445.5556</dst>
      <dst id="4">25185.0933</dst>
      <dst id="1">39.6444</dst>
      <dst id="5">244668.6400</dst>
      <dst id="3">32519.9022</dst>
      <dst id="22">4630.0622</dst>
      <dst id="7">1581.8489</dst>
      <dst id="2">3700.6311</dst>
      <dst id="6">5805.7067</dst>
      <dst id="16">14403.2622</dst>
      <dst id="14">55.4844</dst>
      <dst id="20">188.3111</dst>
      <dst id="11">1525.1467</dst>
      <dst id="9">241229.7778</dst>
      <dst id="17">5477.8044</dst>
      <dst id="21">19961.3333</dst>
      <dst id="15">763.9644</dst>
    </src>
    <src id="5">
      <dst id="12">381875.1822</dst>
      <dst id="13">3329.1378</dst>
      <dst id="19">57.6711</dst>
      <dst id="23">17.1111</dst>
      <dst id="8">12897.7067</dst>
      <dst id="18">155.0489</dst>
      <dst id="4">11000.7822</dst>
      <dst id="1">819.6533</dst>
      <dst id="3">241.1200</dst>
      <dst id="22">5319.8844</dst>
      <dst id="7">359.3067</dst>
      <dst id="2">170198.2400</dst>
      <dst id="6">0.3556</dst>
      <dst id="16">1238.8889</dst>
      <dst id="14">31.9911</dst>
      <dst id="20">6034.8267</dst>
      <dst id="11">4262.8444</dst>
      <dst id="9">7047.7689</dst>
      <dst id="17">95444.6489</dst>
      <dst id="21">1159.9200</dst>
      <dst id="15">514.0622</dst>
    </src>
    <src id="3">
      <dst id="12">12216.0711</dst>
      <dst id="13">345.9378</dst>
      <dst id="19">1132.2756</dst>
      <dst id="23">2.2756</dst>
      <dst id="8">400.7467</dst>
      <dst id="18">106768.9333</dst>
      <dst id="4">56178.4178</dst>
      <dst id="1">18736.6400</dst>
      <dst id="5">261.7422</dst>
      <dst id="3">13068.3644</dst>
      <dst id="22">797.2889</dst>
      <dst id="7">1263.7778</dst>
      <dst id="2">10720.1689</dst>
      <dst id="6">0.8533</dst>
      <dst id="16">1104.7556</dst>
      <dst id="14">38926.4622</dst>
      <dst id="20">3787.8400</dst>
      <dst id="11">160243.7600</dst>
      <dst id="9">230.6222</dst>
      <dst id="17">14436.2400</dst>
      <dst id="21">10963.8933</dst>
      <dst id="15">23.6000</dst>
    </src>
    <src id="10">
      <dst id="12">20909.3244</dst>
      <dst id="19">3745.6267</dst>
      <dst id="8">2066.5333</dst>
      <dst id="18">1727.8844</dst>
      <dst id="1">1018.8533</dst>
      <dst id="5">2211.2800</dst>
      <dst id="3">2936.7111</dst>
      <dst id="22">7086.1244</dst>
      <dst id="7">14317.9200</dst>
      <dst id="2">35864.8444</dst>
      <dst id="6">21.7333</dst>
      <dst id="16">4316.5867</dst>
      <dst id="14">1933.7422</dst>
      <dst id="20">1855.2000</dst>
      <dst id="11">7477.4044</dst>
      <dst id="9">2630.1867</dst>
      <dst id="17">29057.9822</dst>
      <dst id="21">37579.1022</dst>
      <dst id="15">980.7111</dst>
    </src>
    <src id="22">
      <dst id="12">13240.4178</dst>
      <dst id="13">5936.8267</dst>
      <dst id="19">61.7689</dst>
      <dst id="23">18.0622</dst>
      <dst id="8">1958.6667</dst>
      <dst id="18">1942.9689</dst>
      <dst id="4">27207.4756</dst>
      <dst id="1">214.0711</dst>
      <dst id="5">3995.1733</dst>
      <dst id="3">864.0889</dst>
      <dst id="7">1102.5867</dst>
      <dst id="2">2362.2489</dst>
      <dst id="6">15.3333</dst>
      <dst id="16">1.1911</dst>
      <dst id="14">182.3111</dst>
      <dst id="11">2379.3867</dst>
      <dst id="9">4521.3511</dst>
      <dst id="17">6601.6356</dst>
      <dst id="21">812.2667</dst>
    </src>
    <src id="7">
      <dst id="12">8647.0311</dst>
      <dst id="13">2164.0356</dst>
      <dst id="19">1253.0133</dst>
      <dst id="23">267.4489</dst>
      <dst id="8">1391.3600</dst>
      <dst id="18">1224.3467</dst>
      <dst id="4">47835.5733</dst>
      <dst id="1">14543.7333</dst>
      <dst id="5">1802.8444</dst>
      <dst id="3">2965.4578</dst>
      <dst id="22">3579.9733</dst>
      <dst id="7">782.5067</dst>
      <dst id="2">7802.7378</dst>
      <dst id="6">78.3911</dst>
      <dst id="16">663.8311</dst>
      <dst id="14">259.6800</dst>
      <dst id="20">2273.5822</dst>
      <dst id="11">1452.8444</dst>
      <dst id="9">1688.9244</dst>
      <dst id="17">11815.4756</dst>
      <dst id="21">5388.8889</dst>
      <dst id="15">1548.8978</dst>
    </src>
    <src id="2">
      <dst id="12">123311.9289</dst>
      <dst id="13">13885.6978</dst>
      <dst id="19">3741.1822</dst>
      <dst id="23">0.4622</dst>
      <dst id="8">684.7733</dst>
      <dst id="18">88600.7378</dst>
      <dst id="4">141391.8044</dst>
      <dst id="1">1036.4711</dst>
      <dst id="5">1596.8533</dst>
      <dst id="3">4781.2711</dst>
      <dst id="22">2781.4400</dst>
      <dst id="7">9064.1867</dst>
      <dst id="2">1970.4800</dst>
      <dst id="6">8367.8222</dst>
      <dst id="16">8840.2489</dst>
      <dst id="14">255.7422</dst>
      <dst id="20">989.6444</dst>
      <dst id="11">5191.4400</dst>
      <dst id="9">1294.2222</dst>
      <dst id="17">60420.3111</dst>
      <dst id="21">3968.2311</dst>
      <dst id="15">227.0756</dst>
    </src>
    <src id="6">
      <dst id="12">10881.2711</dst>
      <dst id="13">3.9733</dst>
      <dst id="19">16.4622</dst>
      <dst id="23">0.7822</dst>
      <dst id="18">12.6222</dst>
      <dst id="4">106.4000</dst>
      <dst id="22">1.5289</dst>
      <dst id="7">36.7289</dst>
      <dst id="2">2437.1556</dst>
      <dst id="16">1.2356</dst>
      <dst id="14">12.9244</dst>
      <dst id="20">26.6667</dst>
      <dst id="11">5.9111</dst>
      <dst id="9">11.8933</dst>
      <dst id="17">1335.3778</dst>
      <dst id="21">14.4800</dst>
    </src>
    <src id="16">
      <dst id="12">3338.2400</dst>
      <dst id="13">1399.9200</dst>
      <dst id="19">3882.1689</dst>
      <dst id="23">29.4756</dst>
      <dst id="8">6374.8356</dst>
      <dst id="18">18.7644</dst>
      <dst id="4">8645.6533</dst>
      <dst id="1">16030.9067</dst>
      <dst id="5">4628.2578</dst>
      <dst id="3">863.5022</dst>
      <dst id="7">2255.8844</dst>
      <dst id="2">1557.1378</dst>
      <dst id="6">5.8489</dst>
      <dst id="16">58.9244</dst>
      <dst id="14">18.1600</dst>
      <dst id="11">630.8267</dst>
      <dst id="9">8760.2489</dst>
      <dst id="17">2654.9511</dst>
      <dst id="21">219.5378</dst>
    </src>
    <src id="14">
      <dst id="12">21127.3867</dst>
      <dst id="13">29.0667</dst>
      <dst id="19">9.6356</dst>
      <dst id="23">0.4622</dst>
      <dst id="18">4.8089</dst>
      <dst id="4">3039.1200</dst>
      <dst id="1">79.2800</dst>
      <dst id="5">7.3600</dst>
      <dst id="3">133.4667</dst>
      <dst id="22">23.0756</dst>
      <dst id="7">95.5111</dst>
      <dst id="2">7210.2667</dst>
      <dst id="16">27.9556</dst>
      <dst id="20">35.2356</dst>
      <dst id="11">64.3022</dst>
      <dst id="9">40.3911</dst>
      <dst id="17">5272.9689</dst>
      <dst id="21">146.6844</dst>
    </src>
    <src id="20">
      <dst id="12">8819.6267</dst>
      <dst id="13">9794.2489</dst>
      <dst id="19">277.0133</dst>
      <dst id="23">0.3556</dst>
      <dst id="8">2091.1733</dst>
      <dst id="18">116.1422</dst>
      <dst id="4">15873.5644</dst>
      <dst id="1">148.4889</dst>
      <dst id="5">2389.2622</dst>
      <dst id="3">387.5822</dst>
      <dst id="7">182.8178</dst>
      <dst id="2">8103.6000</dst>
      <dst id="14">36.6933</dst>
      <dst id="11">748.4978</dst>
      <dst id="9">4067.3244</dst>
      <dst id="17">6010.8267</dst>
      <dst id="21">301.5822</dst>
    </src>
    <src id="11">
      <dst id="12">417383.8044</dst>
      <dst id="13">11167.2178</dst>
      <dst id="19">321.5556</dst>
      <dst id="23">5.8667</dst>
      <dst id="8">561.4667</dst>
      <dst id="18">146.0178</dst>
      <dst id="4">15462.5333</dst>
      <dst id="1">615.6800</dst>
      <dst id="5">851.5644</dst>
      <dst id="3">1814.6222</dst>
      <dst id="22">5424.6133</dst>
      <dst id="7">477.1378</dst>
      <dst id="2">175781.8044</dst>
      <dst id="6">0.3378</dst>
      <dst id="16">943.9733</dst>
      <dst id="14">99.1644</dst>
      <dst id="20">215.3422</dst>
      <dst id="11">1931.5733</dst>
      <dst id="9">2844.3644</dst>
      <dst id="17">98238.1244</dst>
      <dst id="21">1492.4089</dst>
      <dst id="15">389.7956</dst>
    </src>
    <src id="9">
      <dst id="12">451673.6800</dst>
      <dst id="13">5899.6089</dst>
      <dst id="19">107.7244</dst>
      <dst id="23">69.4311</dst>
      <dst id="8">1254.7467</dst>
      <dst id="18">474.8089</dst>
      <dst id="4">16745.0667</dst>
      <dst id="1">489.0667</dst>
      <dst id="5">4043.6089</dst>
      <dst id="3">772.1956</dst>
      <dst id="22">5964.0533</dst>
      <dst id="7">721.2533</dst>
      <dst id="2">184096.6222</dst>
      <dst id="6">1.5378</dst>
      <dst id="16">891.5644</dst>
      <dst id="14">16.4267</dst>
      <dst id="20">4749.6978</dst>
      <dst id="11">284.3200</dst>
      <dst id="9">6264.0000</dst>
      <dst id="17">115936.3911</dst>
      <dst id="21">7157.8222</dst>
      <dst id="15">4008.4800</dst>
    </src>
    <src id="17">
      <dst id="12">8838.5689</dst>
      <dst id="13">10769.1733</dst>
      <dst id="19">13990.8622</dst>
      <dst id="23">148.8444</dst>
      <dst id="8">151823.5200</dst>
      <dst id="18">3354.5867</dst>
      <dst id="4">94708.7467</dst>
      <dst id="1">2142.6933</dst>
      <dst id="5">251551.6800</dst>
      <dst id="3">37667.9644</dst>
      <dst id="22">9301.4844</dst>
      <dst id="7">18531.6178</dst>
      <dst id="2">11278.0622</dst>
      <dst id="6">4.0267</dst>
      <dst id="16">14742.0267</dst>
      <dst id="14">32771.9733</dst>
      <dst id="20">1244.5422</dst>
      <dst id="11">114672.8444</dst>
      <dst id="9">221442.6044</dst>
      <dst id="17">1170.9422</dst>
      <dst id="21">9037.8933</dst>
      <dst id="15">378.0000</dst>
    </src>
    <src id="21">
      <dst id="12">22408.7111</dst>
      <dst id="13">1516.2044</dst>
      <dst id="19">298.0089</dst>
      <dst id="23">270.5333</dst>
      <dst id="8">258.0089</dst>
      <dst id="18">2127.2800</dst>
      <dst id="4">19330.7556</dst>
      <dst id="1">5638.9689</dst>
      <dst id="5">673.8400</dst>
      <dst id="3">864.9244</dst>
      <dst id="22">1746.5156</dst>
      <dst id="7">1408.8178</dst>
      <dst id="2">15875.6000</dst>
      <dst id="6">3.0489</dst>
      <dst id="16">486.0978</dst>
      <dst id="14">93.1200</dst>
      <dst id="20">305.0133</dst>
      <dst id="11">667.8400</dst>
      <dst id="9">607.5467</dst>
      <dst id="17">4382.8267</dst>
      <dst id="21">2818.9244</dst>
      <dst id="15">415.1111</dst>
    </src>
    <src id="15">
      <dst id="12">268.9956</dst>
      <dst id="13">2206.0978</dst>
      <dst id="19">2.0089</dst>
      <dst id="23">1.4756</dst>
      <dst id="8">17318.9511</dst>
      <dst id="18">27.5200</dst>
      <dst id="4">5160.1867</dst>
      <dst id="1">410.0356</dst>
      <dst id="5">471.3600</dst>
      <dst id="3">559.1467</dst>
      <dst id="7">44.3289</dst>
      <dst id="2">199.6533</dst>
      <dst id="11">40.1867</dst>
      <dst id="9">1533.4311</dst>
      <dst id="17">2675.4489</dst>
      <dst id="21">193.5111</dst>
    </src>
  </IntraTM>
</TrafficMatrixFile>
