<?xml version="1.0" encoding="UTF-8" standalone="yes"?>
<TrafficMatrixFile xmlns:xsi="http://www.w3.org/2001/XMLSchema-instance" xsi:noNamespaceSchemaLocation="http://totem.run.montefiore.ulg.ac.be/Schema/TrafficMatrix-v1_2.xsd">
  <info>
    <title>Intradomain traffic matrix generated by geant-TM-all.pl</title>
    <date>2005-01-01T09:45:00</date>
    <duration>900</duration>
    <author>Steve Uhlig</author>
    <units>
        <unit type="bandwidth" value="kbps"/>
    </units>
  </info>
  <IntraTM ASID="20965">
    <src id="12">
      <dst id="12">233646.5422</dst>
      <dst id="13">24124.9778</dst>
      <dst id="19">3552.3644</dst>
      <dst id="23">106.0000</dst>
      <dst id="8">2977.5556</dst>
      <dst id="18">72.9600</dst>
      <dst id="4">112810.8089</dst>
      <dst id="1">10346.0178</dst>
      <dst id="5">10355.7600</dst>
      <dst id="3">3204.6222</dst>
      <dst id="22">28693.6978</dst>
      <dst id="7">8579.0222</dst>
      <dst id="2">72441.0844</dst>
      <dst id="6">434.5867</dst>
      <dst id="16">7564.5956</dst>
      <dst id="14">903.5733</dst>
      <dst id="20">6705.4489</dst>
      <dst id="11">3256.2133</dst>
      <dst id="9">6675.3244</dst>
      <dst id="17">84060.9778</dst>
      <dst id="21">9314.4711</dst>
      <dst id="15">2025.6089</dst>
    </src>
    <src id="13">
      <dst id="12">50910.8889</dst>
      <dst id="19">7688.2489</dst>
      <dst id="23">51.6267</dst>
      <dst id="8">3645.4667</dst>
      <dst id="18">2782.4178</dst>
      <dst id="1">4790.2667</dst>
      <dst id="5">9339.3067</dst>
      <dst id="3">7306.4356</dst>
      <dst id="22">28238.7733</dst>
      <dst id="7">13833.8756</dst>
      <dst id="2">99463.7067</dst>
      <dst id="6">60.9600</dst>
      <dst id="16">9367.4489</dst>
      <dst id="14">1986.9778</dst>
      <dst id="20">8320.8889</dst>
      <dst id="11">8820.2489</dst>
      <dst id="9">12256.1422</dst>
      <dst id="17">73709.1378</dst>
      <dst id="21">25052.8622</dst>
      <dst id="15">3049.6978</dst>
    </src>
    <src id="19">
      <dst id="12">14190.4711</dst>
      <dst id="13">241.5822</dst>
      <dst id="23">14.0800</dst>
      <dst id="8">3.3778</dst>
      <dst id="18">80.0000</dst>
      <dst id="4">19830.1511</dst>
      <dst id="1">82.0000</dst>
      <dst id="5">35.2356</dst>
      <dst id="3">389.1022</dst>
      <dst id="22">3054.4889</dst>
      <dst id="7">5039.9467</dst>
      <dst id="2">2479.1200</dst>
      <dst id="6">45.7600</dst>
      <dst id="16">11279.1556</dst>
      <dst id="14">0.3556</dst>
      <dst id="20">26.0889</dst>
      <dst id="11">738.4533</dst>
      <dst id="9">0.3556</dst>
      <dst id="17">490.6133</dst>
      <dst id="21">164.4622</dst>
      <dst id="15">0.3556</dst>
    </src>
    <src id="23">
      <dst id="12">416.8356</dst>
      <dst id="13">4.2044</dst>
      <dst id="19">15.6533</dst>
      <dst id="8">0.9244</dst>
      <dst id="18">13.6889</dst>
      <dst id="4">68.7644</dst>
      <dst id="1">60.1422</dst>
      <dst id="5">17.0311</dst>
      <dst id="3">25.0222</dst>
      <dst id="22">14.4356</dst>
      <dst id="7">11963.7067</dst>
      <dst id="2">4.8800</dst>
      <dst id="6">0.3556</dst>
      <dst id="16">14.8800</dst>
      <dst id="14">12.6222</dst>
      <dst id="20">0.5422</dst>
      <dst id="11">50.0800</dst>
      <dst id="9">373.1911</dst>
      <dst id="17">95.5289</dst>
      <dst id="21">1215.1822</dst>
    </src>
    <src id="8">
      <dst id="12">283183.3689</dst>
      <dst id="13">817.8933</dst>
      <dst id="19">97.2178</dst>
      <dst id="23">108.0622</dst>
      <dst id="18">1.8489</dst>
      <dst id="4">6892.7911</dst>
      <dst id="1">10.9867</dst>
      <dst id="5">1430.2222</dst>
      <dst id="3">115.6444</dst>
      <dst id="22">550.3289</dst>
      <dst id="7">71.8756</dst>
      <dst id="2">99686.2044</dst>
      <dst id="16">548.1511</dst>
      <dst id="20">416.9422</dst>
      <dst id="11">482.1511</dst>
      <dst id="9">401.8222</dst>
      <dst id="17">57429.9556</dst>
      <dst id="21">271.5378</dst>
      <dst id="15">3325.4489</dst>
    </src>
    <src id="18">
      <dst id="12">126372.5778</dst>
      <dst id="13">965.2889</dst>
      <dst id="19">2.8089</dst>
      <dst id="8">8.0533</dst>
      <dst id="4">1854.9422</dst>
      <dst id="1">527.5822</dst>
      <dst id="5">774.4267</dst>
      <dst id="3">168.6400</dst>
      <dst id="22">307.4578</dst>
      <dst id="7">56.9156</dst>
      <dst id="2">31716.2933</dst>
      <dst id="16">10.1244</dst>
      <dst id="14">1.2178</dst>
      <dst id="20">8.1778</dst>
      <dst id="11">158.7022</dst>
      <dst id="9">263.7333</dst>
      <dst id="17">28661.5911</dst>
      <dst id="21">497.4756</dst>
      <dst id="15">51.8844</dst>
    </src>
    <src id="4">
      <dst id="12">71514.8356</dst>
      <dst id="19">8759.8044</dst>
      <dst id="8">431.2978</dst>
      <dst id="18">4282.3644</dst>
      <dst id="4">3.1644</dst>
      <dst id="1">1020.2489</dst>
      <dst id="5">1098.0267</dst>
      <dst id="3">8076.8089</dst>
      <dst id="22">4131.8667</dst>
      <dst id="7">5284.4178</dst>
      <dst id="2">45393.6622</dst>
      <dst id="6">1.6889</dst>
      <dst id="16">1200.7378</dst>
      <dst id="14">865.8756</dst>
      <dst id="20">391.9289</dst>
      <dst id="11">5600.9778</dst>
      <dst id="9">1884.1778</dst>
      <dst id="17">83316.2933</dst>
      <dst id="21">5555.3778</dst>
      <dst id="15">1806.5156</dst>
    </src>
    <src id="1">
      <dst id="12">20191.8222</dst>
      <dst id="13">1660.3911</dst>
      <dst id="19">3115.3422</dst>
      <dst id="23">72.4444</dst>
      <dst id="8">70064.3556</dst>
      <dst id="18">11666.8978</dst>
      <dst id="4">6942.0978</dst>
      <dst id="1">59.1644</dst>
      <dst id="5">142321.5200</dst>
      <dst id="3">19181.5289</dst>
      <dst id="22">1638.6933</dst>
      <dst id="7">16728.0711</dst>
      <dst id="2">3650.7289</dst>
      <dst id="6">7941.4844</dst>
      <dst id="16">16836.4889</dst>
      <dst id="14">120.7378</dst>
      <dst id="20">97.6444</dst>
      <dst id="11">948.0444</dst>
      <dst id="9">164704.0444</dst>
      <dst id="17">4128.0267</dst>
      <dst id="21">8722.3200</dst>
      <dst id="15">71.4667</dst>
    </src>
    <src id="5">
      <dst id="12">318905.7067</dst>
      <dst id="13">648.4978</dst>
      <dst id="19">14.7556</dst>
      <dst id="23">133.4400</dst>
      <dst id="8">10684.8978</dst>
      <dst id="18">112.5244</dst>
      <dst id="4">8422.0178</dst>
      <dst id="1">352.1244</dst>
      <dst id="3">239.4756</dst>
      <dst id="22">5941.5022</dst>
      <dst id="7">51.1733</dst>
      <dst id="2">117962.2311</dst>
      <dst id="16">512.1867</dst>
      <dst id="14">101.3689</dst>
      <dst id="20">1513.0400</dst>
      <dst id="11">2267.0667</dst>
      <dst id="9">4676.2933</dst>
      <dst id="17">63682.2578</dst>
      <dst id="21">312.1867</dst>
      <dst id="15">403.1289</dst>
    </src>
    <src id="3">
      <dst id="12">10092.0178</dst>
      <dst id="13">1611.2800</dst>
      <dst id="19">4217.2356</dst>
      <dst id="23">16.5956</dst>
      <dst id="8">71.9644</dst>
      <dst id="18">80431.2178</dst>
      <dst id="4">47400.1333</dst>
      <dst id="1">17612.2578</dst>
      <dst id="5">374.4178</dst>
      <dst id="3">11940.6311</dst>
      <dst id="22">620.7022</dst>
      <dst id="7">2684.4533</dst>
      <dst id="2">6817.0578</dst>
      <dst id="6">1.7422</dst>
      <dst id="16">811.0400</dst>
      <dst id="14">28356.0000</dst>
      <dst id="20">493.8044</dst>
      <dst id="11">103504.8444</dst>
      <dst id="9">314.8622</dst>
      <dst id="17">4555.7156</dst>
      <dst id="21">7683.3244</dst>
      <dst id="15">168.4800</dst>
    </src>
    <src id="10">
      <dst id="12">11203.1556</dst>
      <dst id="19">1746.7733</dst>
      <dst id="8">1596.8533</dst>
      <dst id="18">955.4044</dst>
      <dst id="1">1306.6933</dst>
      <dst id="5">648.2400</dst>
      <dst id="3">9889.9289</dst>
      <dst id="22">7198.2578</dst>
      <dst id="7">6805.5111</dst>
      <dst id="2">27170.9244</dst>
      <dst id="6">0.9067</dst>
      <dst id="16">7717.1822</dst>
      <dst id="14">4204.9867</dst>
      <dst id="20">2878.0356</dst>
      <dst id="11">4006.1333</dst>
      <dst id="9">3913.7422</dst>
      <dst id="17">17658.7289</dst>
      <dst id="21">12175.9733</dst>
      <dst id="15">939.4222</dst>
    </src>
    <src id="22">
      <dst id="12">5278.7378</dst>
      <dst id="13">3542.1156</dst>
      <dst id="19">130.7378</dst>
      <dst id="23">0.9244</dst>
      <dst id="8">961.6622</dst>
      <dst id="18">1470.2311</dst>
      <dst id="4">21635.9467</dst>
      <dst id="1">439.1378</dst>
      <dst id="5">3226.5689</dst>
      <dst id="3">1267.3956</dst>
      <dst id="7">968.0978</dst>
      <dst id="2">1564.4000</dst>
      <dst id="6">5.2444</dst>
      <dst id="14">292.0444</dst>
      <dst id="11">6064.9600</dst>
      <dst id="9">1296.8889</dst>
      <dst id="17">2594.9689</dst>
      <dst id="21">875.4756</dst>
    </src>
    <src id="7">
      <dst id="12">3339.0756</dst>
      <dst id="13">412.4889</dst>
      <dst id="19">936.3111</dst>
      <dst id="23">347.2089</dst>
      <dst id="8">570.5333</dst>
      <dst id="18">1241.7689</dst>
      <dst id="4">57283.7511</dst>
      <dst id="1">1231.6356</dst>
      <dst id="5">2142.4622</dst>
      <dst id="3">3556.9956</dst>
      <dst id="22">6700.8622</dst>
      <dst id="7">937.5556</dst>
      <dst id="2">7555.0844</dst>
      <dst id="6">145.1200</dst>
      <dst id="16">269.8489</dst>
      <dst id="14">80.8978</dst>
      <dst id="20">1348.4356</dst>
      <dst id="11">874.1156</dst>
      <dst id="9">632.7733</dst>
      <dst id="17">10588.0711</dst>
      <dst id="21">4045.0578</dst>
      <dst id="15">5191.0756</dst>
    </src>
    <src id="2">
      <dst id="12">72980.5244</dst>
      <dst id="13">5070.4533</dst>
      <dst id="19">472.5156</dst>
      <dst id="8">423.1022</dst>
      <dst id="18">68586.7556</dst>
      <dst id="4">119642.7911</dst>
      <dst id="1">16130.9956</dst>
      <dst id="5">5931.7511</dst>
      <dst id="3">3955.4133</dst>
      <dst id="22">1590.7378</dst>
      <dst id="7">11315.0222</dst>
      <dst id="2">295.5733</dst>
      <dst id="6">5055.3778</dst>
      <dst id="16">3034.7111</dst>
      <dst id="14">174.8444</dst>
      <dst id="20">528.0533</dst>
      <dst id="11">4246.0444</dst>
      <dst id="9">1331.9822</dst>
      <dst id="17">38986.2400</dst>
      <dst id="21">5442.4089</dst>
      <dst id="15">93.9733</dst>
    </src>
    <src id="6">
      <dst id="12">7234.0800</dst>
      <dst id="13">11.7244</dst>
      <dst id="19">1.6000</dst>
      <dst id="4">20.7289</dst>
      <dst id="1">2.8889</dst>
      <dst id="3">44.7111</dst>
      <dst id="22">131.3422</dst>
      <dst id="7">1.1467</dst>
      <dst id="2">1590.0178</dst>
      <dst id="16">0.8178</dst>
      <dst id="11">57.3333</dst>
      <dst id="17">819.9911</dst>
    </src>
    <src id="16">
      <dst id="12">2584.4000</dst>
      <dst id="13">1718.9956</dst>
      <dst id="19">4936.9067</dst>
      <dst id="23">14.0978</dst>
      <dst id="8">1829.4756</dst>
      <dst id="18">34.8000</dst>
      <dst id="4">7442.6400</dst>
      <dst id="1">10247.5822</dst>
      <dst id="5">681.5733</dst>
      <dst id="3">1954.3911</dst>
      <dst id="22">8.7378</dst>
      <dst id="7">3518.3022</dst>
      <dst id="2">1317.3867</dst>
      <dst id="6">24.3556</dst>
      <dst id="16">29.2267</dst>
      <dst id="14">0.3911</dst>
      <dst id="11">327.6000</dst>
      <dst id="9">3080.0000</dst>
      <dst id="17">2740.9867</dst>
      <dst id="21">213.1822</dst>
    </src>
    <src id="14">
      <dst id="12">18608.5333</dst>
      <dst id="13">32.9600</dst>
      <dst id="19">4.3022</dst>
      <dst id="18">1.0311</dst>
      <dst id="4">2566.2044</dst>
      <dst id="1">45.7156</dst>
      <dst id="5">2.4444</dst>
      <dst id="3">157.0311</dst>
      <dst id="22">12.0978</dst>
      <dst id="7">67.9378</dst>
      <dst id="2">6044.7911</dst>
      <dst id="16">10.8356</dst>
      <dst id="20">0.4000</dst>
      <dst id="11">41.3600</dst>
      <dst id="9">49.7156</dst>
      <dst id="17">3241.1467</dst>
      <dst id="21">75.5911</dst>
      <dst id="15">1.6089</dst>
    </src>
    <src id="20">
      <dst id="12">4505.5822</dst>
      <dst id="13">24093.6444</dst>
      <dst id="19">43.0044</dst>
      <dst id="8">108.9600</dst>
      <dst id="18">338.4533</dst>
      <dst id="4">12717.3511</dst>
      <dst id="1">89.4844</dst>
      <dst id="5">526.7644</dst>
      <dst id="3">56.1333</dst>
      <dst id="7">272.5689</dst>
      <dst id="2">6235.5378</dst>
      <dst id="14">13.3333</dst>
      <dst id="11">1462.9778</dst>
      <dst id="9">3542.2578</dst>
      <dst id="17">6461.3511</dst>
      <dst id="21">504.4711</dst>
    </src>
    <src id="11">
      <dst id="12">416921.3511</dst>
      <dst id="13">1125.1822</dst>
      <dst id="19">72.5156</dst>
      <dst id="23">774.2044</dst>
      <dst id="8">80.3644</dst>
      <dst id="18">250.0711</dst>
      <dst id="4">13759.9111</dst>
      <dst id="1">1138.8267</dst>
      <dst id="5">1040.4889</dst>
      <dst id="3">2255.6089</dst>
      <dst id="22">5872.4267</dst>
      <dst id="7">413.8933</dst>
      <dst id="2">151552.3644</dst>
      <dst id="6">3.2622</dst>
      <dst id="16">192.2400</dst>
      <dst id="14">35.8400</dst>
      <dst id="20">1025.8844</dst>
      <dst id="11">853.7156</dst>
      <dst id="9">3040.0178</dst>
      <dst id="17">91514.7644</dst>
      <dst id="21">1844.8089</dst>
      <dst id="15">114.1867</dst>
    </src>
    <src id="9">
      <dst id="12">500620.6400</dst>
      <dst id="13">2422.0533</dst>
      <dst id="19">1.3778</dst>
      <dst id="23">13.8311</dst>
      <dst id="8">388.6311</dst>
      <dst id="18">939.9556</dst>
      <dst id="4">11864.2400</dst>
      <dst id="1">9245.5467</dst>
      <dst id="5">1724.5867</dst>
      <dst id="3">317.3689</dst>
      <dst id="22">8061.3244</dst>
      <dst id="7">2138.7556</dst>
      <dst id="2">150894.0889</dst>
      <dst id="6">1.2800</dst>
      <dst id="16">174.8711</dst>
      <dst id="14">29.0489</dst>
      <dst id="20">1163.6711</dst>
      <dst id="11">780.9156</dst>
      <dst id="9">744.5511</dst>
      <dst id="17">117872.2400</dst>
      <dst id="21">944.6844</dst>
      <dst id="15">497.7600</dst>
    </src>
    <src id="17">
      <dst id="12">7998.1244</dst>
      <dst id="13">9319.0844</dst>
      <dst id="19">15438.5067</dst>
      <dst id="23">83.9200</dst>
      <dst id="8">94443.0044</dst>
      <dst id="18">1101.2178</dst>
      <dst id="4">106978.7200</dst>
      <dst id="1">817.6267</dst>
      <dst id="5">155201.8933</dst>
      <dst id="3">13124.1689</dst>
      <dst id="22">7807.6356</dst>
      <dst id="7">21457.2533</dst>
      <dst id="2">8383.8400</dst>
      <dst id="6">12.8000</dst>
      <dst id="16">8151.9733</dst>
      <dst id="14">16498.7822</dst>
      <dst id="20">637.4044</dst>
      <dst id="11">86985.6978</dst>
      <dst id="9">166633.6622</dst>
      <dst id="17">1604.1689</dst>
      <dst id="21">13480.2933</dst>
      <dst id="15">31.6889</dst>
    </src>
    <src id="21">
      <dst id="12">23856.3733</dst>
      <dst id="13">2290.8533</dst>
      <dst id="19">150.7022</dst>
      <dst id="23">71.6533</dst>
      <dst id="8">1077.3778</dst>
      <dst id="18">1961.4400</dst>
      <dst id="4">30532.4356</dst>
      <dst id="1">2571.2533</dst>
      <dst id="5">739.4844</dst>
      <dst id="3">1934.7733</dst>
      <dst id="22">1766.9867</dst>
      <dst id="7">944.1689</dst>
      <dst id="2">12572.7467</dst>
      <dst id="6">2.5244</dst>
      <dst id="16">175.3422</dst>
      <dst id="14">57.7156</dst>
      <dst id="20">398.8533</dst>
      <dst id="11">4980.4089</dst>
      <dst id="9">1038.6667</dst>
      <dst id="17">4772.3289</dst>
      <dst id="21">1522.4978</dst>
      <dst id="15">75.8756</dst>
    </src>
    <src id="15">
      <dst id="12">557.5911</dst>
      <dst id="13">50.1067</dst>
      <dst id="19">1.5200</dst>
      <dst id="8">608.8178</dst>
      <dst id="18">93.7333</dst>
      <dst id="4">11567.0667</dst>
      <dst id="1">46.3467</dst>
      <dst id="5">4188.2133</dst>
      <dst id="3">485.3867</dst>
      <dst id="7">123.4756</dst>
      <dst id="2">100.7467</dst>
      <dst id="14">0.7111</dst>
      <dst id="11">125.3244</dst>
      <dst id="9">528.9778</dst>
      <dst id="17">501.2356</dst>
      <dst id="21">134.7111</dst>
    </src>
  </IntraTM>
</TrafficMatrixFile>
