<?xml version="1.0" encoding="UTF-8" standalone="yes"?>
<TrafficMatrixFile xmlns:xsi="http://www.w3.org/2001/XMLSchema-instance" xsi:noNamespaceSchemaLocation="http://totem.run.montefiore.ulg.ac.be/Schema/TrafficMatrix-v1_2.xsd">
  <info>
    <title>Intradomain traffic matrix generated by geant-TM-all.pl</title>
    <date>2005-01-05T10:15:00</date>
    <duration>900</duration>
    <author>Steve Uhlig</author>
    <units>
        <unit type="bandwidth" value="kbps"/>
    </units>
  </info>
  <IntraTM ASID="20965">
    <src id="12">
      <dst id="12">214797.9467</dst>
      <dst id="13">19591.5911</dst>
      <dst id="19">852.5333</dst>
      <dst id="23">16598.1689</dst>
      <dst id="8">2139.1556</dst>
      <dst id="18">604.1867</dst>
      <dst id="4">83882.2311</dst>
      <dst id="1">15504.6756</dst>
      <dst id="5">2362.9333</dst>
      <dst id="3">2974.5067</dst>
      <dst id="22">10185.3511</dst>
      <dst id="7">9529.9022</dst>
      <dst id="2">89909.4667</dst>
      <dst id="6">0.3556</dst>
      <dst id="16">6241.3511</dst>
      <dst id="14">213.2533</dst>
      <dst id="20">14469.9644</dst>
      <dst id="11">729.6711</dst>
      <dst id="9">2909.2978</dst>
      <dst id="17">61398.0267</dst>
      <dst id="21">2122.0889</dst>
      <dst id="15">1587.8044</dst>
    </src>
    <src id="13">
      <dst id="12">51267.9111</dst>
      <dst id="19">4361.9022</dst>
      <dst id="23">32.4356</dst>
      <dst id="8">2273.6622</dst>
      <dst id="18">3771.6356</dst>
      <dst id="1">5387.6533</dst>
      <dst id="5">5055.8844</dst>
      <dst id="3">4809.6089</dst>
      <dst id="22">20051.7511</dst>
      <dst id="7">12071.4844</dst>
      <dst id="2">81386.6133</dst>
      <dst id="6">99.3156</dst>
      <dst id="16">7655.4489</dst>
      <dst id="14">1344.9333</dst>
      <dst id="20">22516.0444</dst>
      <dst id="11">10138.0978</dst>
      <dst id="9">14931.9111</dst>
      <dst id="17">43223.1200</dst>
      <dst id="21">7716.9244</dst>
      <dst id="15">932.8978</dst>
    </src>
    <src id="19">
      <dst id="12">15935.8044</dst>
      <dst id="13">42.7289</dst>
      <dst id="8">0.3200</dst>
      <dst id="18">0.3556</dst>
      <dst id="4">20132.8533</dst>
      <dst id="1">1322.1778</dst>
      <dst id="5">34.0356</dst>
      <dst id="3">1.2000</dst>
      <dst id="22">125.4489</dst>
      <dst id="7">2493.5822</dst>
      <dst id="2">82.0178</dst>
      <dst id="6">26.0800</dst>
      <dst id="16">7771.1289</dst>
      <dst id="14">1.1644</dst>
      <dst id="20">2.2400</dst>
      <dst id="11">58.4533</dst>
      <dst id="9">39.6978</dst>
      <dst id="17">1373.0222</dst>
      <dst id="21">41.2533</dst>
      <dst id="15">0.4267</dst>
    </src>
    <src id="23">
      <dst id="12">344.3378</dst>
      <dst id="13">94.3644</dst>
      <dst id="4">45.4044</dst>
      <dst id="1">95.3511</dst>
      <dst id="3">224.5333</dst>
      <dst id="22">35.5111</dst>
      <dst id="7">9735.1200</dst>
      <dst id="2">13.4044</dst>
      <dst id="6">44.6222</dst>
      <dst id="16">4.0000</dst>
      <dst id="14">0.7111</dst>
      <dst id="11">55.8400</dst>
      <dst id="9">3900.5156</dst>
      <dst id="17">70.0800</dst>
      <dst id="21">188.2400</dst>
      <dst id="15">12.7556</dst>
    </src>
    <src id="8">
      <dst id="12">287200.2400</dst>
      <dst id="13">687.2267</dst>
      <dst id="18">21.5378</dst>
      <dst id="4">10571.7244</dst>
      <dst id="1">2084.1333</dst>
      <dst id="5">379.4222</dst>
      <dst id="3">25.7600</dst>
      <dst id="22">1664.4000</dst>
      <dst id="7">122.7200</dst>
      <dst id="2">98427.9467</dst>
      <dst id="6">2.9511</dst>
      <dst id="16">589.0400</dst>
      <dst id="20">114.6222</dst>
      <dst id="11">149.7156</dst>
      <dst id="9">375.7689</dst>
      <dst id="17">98260.4089</dst>
      <dst id="21">814.8089</dst>
      <dst id="15">276.3022</dst>
    </src>
    <src id="18">
      <dst id="12">88459.9378</dst>
      <dst id="13">52.3911</dst>
      <dst id="8">433.7422</dst>
      <dst id="4">2641.4311</dst>
      <dst id="1">887.2533</dst>
      <dst id="5">260.3289</dst>
      <dst id="3">21.3511</dst>
      <dst id="22">507.5822</dst>
      <dst id="7">74.7022</dst>
      <dst id="2">28868.2489</dst>
      <dst id="16">11.7689</dst>
      <dst id="14">15.9289</dst>
      <dst id="20">0.7644</dst>
      <dst id="11">4.6667</dst>
      <dst id="9">24.3289</dst>
      <dst id="17">39403.1111</dst>
      <dst id="21">22.9067</dst>
      <dst id="15">1.8756</dst>
    </src>
    <src id="4">
      <dst id="12">12669.1111</dst>
      <dst id="19">17232.1511</dst>
      <dst id="23">0.5867</dst>
      <dst id="8">563.2089</dst>
      <dst id="18">404.4178</dst>
      <dst id="1">11498.7822</dst>
      <dst id="5">1197.7778</dst>
      <dst id="3">48.1067</dst>
      <dst id="22">3645.6267</dst>
      <dst id="7">61299.6356</dst>
      <dst id="2">55162.3467</dst>
      <dst id="6">0.7822</dst>
      <dst id="16">828.8444</dst>
      <dst id="14">1329.2178</dst>
      <dst id="20">634.6311</dst>
      <dst id="11">1644.0711</dst>
      <dst id="9">3216.6400</dst>
      <dst id="17">17929.9733</dst>
      <dst id="21">4111.5200</dst>
      <dst id="15">106.5067</dst>
    </src>
    <src id="1">
      <dst id="12">20216.2756</dst>
      <dst id="13">416.9422</dst>
      <dst id="19">4.9867</dst>
      <dst id="23">8.5778</dst>
      <dst id="8">64838.5867</dst>
      <dst id="18">13778.8444</dst>
      <dst id="4">4254.2311</dst>
      <dst id="1">6122.9067</dst>
      <dst id="5">149236.1067</dst>
      <dst id="3">119.4311</dst>
      <dst id="22">895.5467</dst>
      <dst id="7">655.2889</dst>
      <dst id="2">15029.8222</dst>
      <dst id="6">3844.9689</dst>
      <dst id="16">12376.8533</dst>
      <dst id="14">96.8889</dst>
      <dst id="20">163.7867</dst>
      <dst id="11">144.9778</dst>
      <dst id="9">129172.5689</dst>
      <dst id="17">5625.5911</dst>
      <dst id="21">1584.3289</dst>
      <dst id="15">135.7067</dst>
    </src>
    <src id="5">
      <dst id="12">266494.3111</dst>
      <dst id="13">650.9689</dst>
      <dst id="19">36.8711</dst>
      <dst id="8">1449.4667</dst>
      <dst id="18">32.4889</dst>
      <dst id="4">8041.5467</dst>
      <dst id="1">591.9822</dst>
      <dst id="3">5.8222</dst>
      <dst id="22">10372.0444</dst>
      <dst id="7">81.3689</dst>
      <dst id="2">109870.4622</dst>
      <dst id="6">0.3556</dst>
      <dst id="16">549.5111</dst>
      <dst id="14">83.2178</dst>
      <dst id="20">479.8489</dst>
      <dst id="11">369.0311</dst>
      <dst id="9">2147.7333</dst>
      <dst id="17">101760.0267</dst>
      <dst id="21">21.4400</dst>
      <dst id="15">260.2222</dst>
    </src>
    <src id="3">
      <dst id="12">16546.4889</dst>
      <dst id="13">2581.6622</dst>
      <dst id="19">3870.9778</dst>
      <dst id="23">10059.2889</dst>
      <dst id="8">37.1289</dst>
      <dst id="18">46886.6844</dst>
      <dst id="4">16241.7689</dst>
      <dst id="1">4741.6533</dst>
      <dst id="5">488.9867</dst>
      <dst id="3">9555.6267</dst>
      <dst id="22">943.1289</dst>
      <dst id="7">3322.4000</dst>
      <dst id="2">22578.7733</dst>
      <dst id="6">0.3644</dst>
      <dst id="16">604.8000</dst>
      <dst id="14">20765.7244</dst>
      <dst id="20">55.0489</dst>
      <dst id="11">106170.2489</dst>
      <dst id="9">195.0133</dst>
      <dst id="17">13711.2089</dst>
      <dst id="21">4919.6356</dst>
      <dst id="15">48.1511</dst>
    </src>
    <src id="10">
      <dst id="12">10538.7467</dst>
      <dst id="19">3827.3067</dst>
      <dst id="8">451.0311</dst>
      <dst id="18">407.5378</dst>
      <dst id="4">1.5289</dst>
      <dst id="1">2628.1600</dst>
      <dst id="5">1961.6711</dst>
      <dst id="3">1505.2622</dst>
      <dst id="22">2845.7867</dst>
      <dst id="7">11399.8756</dst>
      <dst id="2">26601.4489</dst>
      <dst id="16">2638.3289</dst>
      <dst id="14">3441.5289</dst>
      <dst id="20">576.8622</dst>
      <dst id="11">3436.4267</dst>
      <dst id="9">860.7467</dst>
      <dst id="17">19857.8844</dst>
      <dst id="21">5694.4800</dst>
      <dst id="15">651.8667</dst>
    </src>
    <src id="22">
      <dst id="12">4796.9422</dst>
      <dst id="13">1632.3022</dst>
      <dst id="19">136.6489</dst>
      <dst id="23">73.2267</dst>
      <dst id="8">1149.6178</dst>
      <dst id="18">364.6222</dst>
      <dst id="4">17836.7022</dst>
      <dst id="1">114.0978</dst>
      <dst id="5">2463.1556</dst>
      <dst id="3">580.3111</dst>
      <dst id="7">4978.3467</dst>
      <dst id="2">6518.5067</dst>
      <dst id="6">36.4444</dst>
      <dst id="16">12.5867</dst>
      <dst id="14">1.9556</dst>
      <dst id="11">1168.9156</dst>
      <dst id="9">1622.9244</dst>
      <dst id="17">1751.8933</dst>
      <dst id="21">645.3067</dst>
    </src>
    <src id="7">
      <dst id="12">3410.7200</dst>
      <dst id="13">466.0622</dst>
      <dst id="19">154.4533</dst>
      <dst id="23">228.5778</dst>
      <dst id="8">96.4000</dst>
      <dst id="18">106.5956</dst>
      <dst id="4">16657.1111</dst>
      <dst id="1">1338.4000</dst>
      <dst id="5">828.6222</dst>
      <dst id="3">66.0267</dst>
      <dst id="22">5941.3244</dst>
      <dst id="7">509.4578</dst>
      <dst id="2">12806.6222</dst>
      <dst id="6">15.8133</dst>
      <dst id="16">432.1778</dst>
      <dst id="14">62.4978</dst>
      <dst id="20">99.3778</dst>
      <dst id="11">3352.0089</dst>
      <dst id="9">163.0133</dst>
      <dst id="17">3252.1244</dst>
      <dst id="21">701.4311</dst>
      <dst id="15">246.8978</dst>
    </src>
    <src id="2">
      <dst id="12">62808.6844</dst>
      <dst id="13">509663.1022</dst>
      <dst id="19">192.4089</dst>
      <dst id="23">1.2267</dst>
      <dst id="8">208.0089</dst>
      <dst id="18">40961.5911</dst>
      <dst id="4">91443.4933</dst>
      <dst id="1">8252.5422</dst>
      <dst id="5">573.2978</dst>
      <dst id="3">553.7244</dst>
      <dst id="22">1830.5333</dst>
      <dst id="7">16699.0489</dst>
      <dst id="2">407.1378</dst>
      <dst id="6">5262.9156</dst>
      <dst id="16">2347.6267</dst>
      <dst id="14">5144.6222</dst>
      <dst id="20">351.0044</dst>
      <dst id="11">1195.4222</dst>
      <dst id="9">1691.9556</dst>
      <dst id="17">24404.5600</dst>
      <dst id="21">2729.4311</dst>
      <dst id="15">143.8133</dst>
    </src>
    <src id="6">
      <dst id="12">6993.6533</dst>
      <dst id="13">1.9022</dst>
      <dst id="19">0.3556</dst>
      <dst id="23">1.4044</dst>
      <dst id="8">42.3200</dst>
      <dst id="4">1303.0133</dst>
      <dst id="1">0.3378</dst>
      <dst id="5">0.4622</dst>
      <dst id="22">3.2089</dst>
      <dst id="7">25.3689</dst>
      <dst id="2">1570.1422</dst>
      <dst id="20">1.1733</dst>
      <dst id="17">2474.3733</dst>
      <dst id="21">0.5600</dst>
    </src>
    <src id="16">
      <dst id="12">1125.8222</dst>
      <dst id="13">771.0044</dst>
      <dst id="19">5019.5022</dst>
      <dst id="23">0.8533</dst>
      <dst id="8">714.3378</dst>
      <dst id="18">21.6444</dst>
      <dst id="4">3738.3911</dst>
      <dst id="1">25361.5467</dst>
      <dst id="5">1579.7156</dst>
      <dst id="3">4.6222</dst>
      <dst id="7">1435.9111</dst>
      <dst id="2">307.4844</dst>
      <dst id="16">29.0578</dst>
      <dst id="14">201.0844</dst>
      <dst id="11">49.2267</dst>
      <dst id="9">1403.7244</dst>
      <dst id="17">2039.4311</dst>
      <dst id="21">1439.9556</dst>
    </src>
    <src id="14">
      <dst id="12">19162.5689</dst>
      <dst id="13">21.4311</dst>
      <dst id="19">4.1067</dst>
      <dst id="18">6.7911</dst>
      <dst id="4">1763.5467</dst>
      <dst id="1">34.3378</dst>
      <dst id="5">3.5644</dst>
      <dst id="3">43.6800</dst>
      <dst id="22">12.4800</dst>
      <dst id="7">56.6400</dst>
      <dst id="2">6193.4933</dst>
      <dst id="16">5.9022</dst>
      <dst id="11">26.2578</dst>
      <dst id="9">17.6711</dst>
      <dst id="17">9616.5422</dst>
      <dst id="21">40.1244</dst>
    </src>
    <src id="20">
      <dst id="12">8579.5467</dst>
      <dst id="13">9867.8044</dst>
      <dst id="19">414.0889</dst>
      <dst id="23">0.4622</dst>
      <dst id="8">863.9378</dst>
      <dst id="18">1.8044</dst>
      <dst id="4">7560.2756</dst>
      <dst id="1">46.0889</dst>
      <dst id="5">460.0267</dst>
      <dst id="3">511.1289</dst>
      <dst id="7">2304.8889</dst>
      <dst id="2">845.3600</dst>
      <dst id="6">13.2622</dst>
      <dst id="14">1.8133</dst>
      <dst id="11">3003.5378</dst>
      <dst id="9">7179.4489</dst>
      <dst id="17">3234.0000</dst>
      <dst id="21">84.5333</dst>
    </src>
    <src id="11">
      <dst id="12">403508.5422</dst>
      <dst id="13">1259.7778</dst>
      <dst id="19">6.8978</dst>
      <dst id="23">14.0978</dst>
      <dst id="8">239.1111</dst>
      <dst id="18">38.0978</dst>
      <dst id="4">7633.9022</dst>
      <dst id="1">780.2044</dst>
      <dst id="5">658.9156</dst>
      <dst id="3">1220.8089</dst>
      <dst id="22">2632.3111</dst>
      <dst id="7">198.8356</dst>
      <dst id="2">141581.0311</dst>
      <dst id="6">2.1333</dst>
      <dst id="16">64.5867</dst>
      <dst id="14">27.9822</dst>
      <dst id="20">203.9733</dst>
      <dst id="11">1309.0844</dst>
      <dst id="9">374.9867</dst>
      <dst id="17">142834.8978</dst>
      <dst id="21">369.2356</dst>
      <dst id="15">2155.3689</dst>
    </src>
    <src id="9">
      <dst id="12">458204.7644</dst>
      <dst id="13">1976.5867</dst>
      <dst id="19">2.8800</dst>
      <dst id="23">80.4800</dst>
      <dst id="8">169.4933</dst>
      <dst id="18">81.4756</dst>
      <dst id="4">9282.2400</dst>
      <dst id="1">576.2222</dst>
      <dst id="5">1153.0933</dst>
      <dst id="3">69.1467</dst>
      <dst id="22">7475.9733</dst>
      <dst id="7">65.4489</dst>
      <dst id="2">145945.4311</dst>
      <dst id="6">1.1378</dst>
      <dst id="16">122.6578</dst>
      <dst id="14">855.2889</dst>
      <dst id="20">5922.2222</dst>
      <dst id="11">457.9556</dst>
      <dst id="9">738.1067</dst>
      <dst id="17">150680.0978</dst>
      <dst id="21">108.2756</dst>
      <dst id="15">1055.4667</dst>
    </src>
    <src id="17">
      <dst id="12">4408.2756</dst>
      <dst id="13">19340.1689</dst>
      <dst id="19">86.7022</dst>
      <dst id="23">169.7333</dst>
      <dst id="8">72161.8667</dst>
      <dst id="18">526.8622</dst>
      <dst id="4">76915.0756</dst>
      <dst id="1">3278.2311</dst>
      <dst id="5">149094.4267</dst>
      <dst id="3">4833.8667</dst>
      <dst id="22">4879.8756</dst>
      <dst id="7">1687.1733</dst>
      <dst id="2">7546.1689</dst>
      <dst id="6">1.3867</dst>
      <dst id="16">5918.4267</dst>
      <dst id="14">14951.1644</dst>
      <dst id="20">5069.8489</dst>
      <dst id="11">76529.8667</dst>
      <dst id="9">131422.2933</dst>
      <dst id="17">1641.6000</dst>
      <dst id="21">3931.1644</dst>
      <dst id="15">989.6800</dst>
    </src>
    <src id="21">
      <dst id="12">11934.1956</dst>
      <dst id="13">466.9422</dst>
      <dst id="19">502.7289</dst>
      <dst id="23">15.1644</dst>
      <dst id="8">45.5556</dst>
      <dst id="18">969.1467</dst>
      <dst id="4">16481.8667</dst>
      <dst id="1">1470.8978</dst>
      <dst id="5">223.0311</dst>
      <dst id="3">6024.0711</dst>
      <dst id="22">2769.4667</dst>
      <dst id="7">5963.4756</dst>
      <dst id="2">10367.1911</dst>
      <dst id="6">1.3778</dst>
      <dst id="16">141.6800</dst>
      <dst id="14">126.0178</dst>
      <dst id="20">2762.5956</dst>
      <dst id="11">341.4578</dst>
      <dst id="9">427.7600</dst>
      <dst id="17">2307.4311</dst>
      <dst id="21">1039.0756</dst>
      <dst id="15">1097.3422</dst>
    </src>
    <src id="15">
      <dst id="12">904.9333</dst>
      <dst id="13">68.0267</dst>
      <dst id="19">3.5200</dst>
      <dst id="23">2.7733</dst>
      <dst id="8">20.4356</dst>
      <dst id="18">13.7956</dst>
      <dst id="4">4043.2711</dst>
      <dst id="1">775.5289</dst>
      <dst id="5">35.0311</dst>
      <dst id="7">679.9733</dst>
      <dst id="2">403.4667</dst>
      <dst id="14">0.4267</dst>
      <dst id="11">116.9244</dst>
      <dst id="9">1335.2356</dst>
      <dst id="17">170.2756</dst>
      <dst id="21">168.5689</dst>
    </src>
  </IntraTM>
</TrafficMatrixFile>
