<?xml version="1.0" encoding="UTF-8" standalone="yes"?>
<TrafficMatrixFile xmlns:xsi="http://www.w3.org/2001/XMLSchema-instance" xsi:noNamespaceSchemaLocation="http://totem.run.montefiore.ulg.ac.be/Schema/TrafficMatrix-v1_2.xsd">
  <info>
    <title>Intradomain traffic matrix generated by geant-TM-all.pl</title>
    <date>2005-01-02T10:30:00</date>
    <duration>900</duration>
    <author>Steve Uhlig</author>
    <units>
        <unit type="bandwidth" value="kbps"/>
    </units>
  </info>
  <IntraTM ASID="20965">
    <src id="12">
      <dst id="12">211808.7200</dst>
      <dst id="13">16634.5244</dst>
      <dst id="19">920.9867</dst>
      <dst id="23">90.7378</dst>
      <dst id="8">1038.9511</dst>
      <dst id="18">1713.8400</dst>
      <dst id="4">85790.9867</dst>
      <dst id="1">6689.6089</dst>
      <dst id="5">2811.9911</dst>
      <dst id="3">4300.6667</dst>
      <dst id="22">7209.8578</dst>
      <dst id="7">809.3067</dst>
      <dst id="2">85098.0711</dst>
      <dst id="6">28.9156</dst>
      <dst id="16">5371.3778</dst>
      <dst id="14">355.8133</dst>
      <dst id="20">8153.4044</dst>
      <dst id="11">4445.9111</dst>
      <dst id="9">3680.0178</dst>
      <dst id="17">65634.9511</dst>
      <dst id="21">9633.0933</dst>
      <dst id="15">554.4800</dst>
    </src>
    <src id="13">
      <dst id="12">80858.4000</dst>
      <dst id="19">16853.0222</dst>
      <dst id="23">68.0889</dst>
      <dst id="8">1134.7022</dst>
      <dst id="18">3669.9911</dst>
      <dst id="1">4123.7867</dst>
      <dst id="5">5859.7422</dst>
      <dst id="3">3156.0356</dst>
      <dst id="22">20289.5022</dst>
      <dst id="7">10168.0444</dst>
      <dst id="2">99533.5911</dst>
      <dst id="6">232.6844</dst>
      <dst id="16">7856.7733</dst>
      <dst id="14">1802.1956</dst>
      <dst id="20">11080.9333</dst>
      <dst id="11">16817.5111</dst>
      <dst id="9">14464.8533</dst>
      <dst id="17">55037.7244</dst>
      <dst id="21">26346.6489</dst>
      <dst id="15">3505.0044</dst>
    </src>
    <src id="19">
      <dst id="12">13790.6222</dst>
      <dst id="13">208.2844</dst>
      <dst id="23">17.8667</dst>
      <dst id="8">25.2089</dst>
      <dst id="18">45.2089</dst>
      <dst id="4">20079.6889</dst>
      <dst id="1">319.8667</dst>
      <dst id="5">41.6356</dst>
      <dst id="3">0.8267</dst>
      <dst id="22">282.9600</dst>
      <dst id="7">3162.7200</dst>
      <dst id="2">6414.0444</dst>
      <dst id="6">76.3911</dst>
      <dst id="16">9533.6978</dst>
      <dst id="14">0.3556</dst>
      <dst id="20">48.3733</dst>
      <dst id="11">1.5911</dst>
      <dst id="9">353.4222</dst>
      <dst id="17">576.7822</dst>
      <dst id="21">729.7156</dst>
      <dst id="15">9.8133</dst>
    </src>
    <src id="23">
      <dst id="12">347.2089</dst>
      <dst id="13">103.2356</dst>
      <dst id="8">19.9822</dst>
      <dst id="18">89.0933</dst>
      <dst id="1">43.2444</dst>
      <dst id="5">15.0756</dst>
      <dst id="22">263.2533</dst>
      <dst id="7">122.8622</dst>
      <dst id="2">17.4222</dst>
      <dst id="16">1.7867</dst>
      <dst id="11">4.8622</dst>
      <dst id="9">407.9911</dst>
      <dst id="17">1195.7422</dst>
      <dst id="21">444.3111</dst>
      <dst id="15">0.4267</dst>
    </src>
    <src id="8">
      <dst id="12">292464.6667</dst>
      <dst id="13">363.5378</dst>
      <dst id="19">96.6578</dst>
      <dst id="23">12.2667</dst>
      <dst id="18">69.3244</dst>
      <dst id="4">9340.7556</dst>
      <dst id="1">7.6356</dst>
      <dst id="5">1758.9156</dst>
      <dst id="3">12.6222</dst>
      <dst id="22">474.4800</dst>
      <dst id="7">45.1200</dst>
      <dst id="2">104304.7733</dst>
      <dst id="16">196.7467</dst>
      <dst id="20">127.4311</dst>
      <dst id="11">18.3467</dst>
      <dst id="9">491.6178</dst>
      <dst id="17">106674.0889</dst>
      <dst id="21">170.0267</dst>
      <dst id="15">24.6044</dst>
    </src>
    <src id="18">
      <dst id="12">100727.7422</dst>
      <dst id="13">467.0133</dst>
      <dst id="19">944.1511</dst>
      <dst id="23">3.5911</dst>
      <dst id="8">24.5867</dst>
      <dst id="4">2200.0444</dst>
      <dst id="1">789.5378</dst>
      <dst id="5">114.5333</dst>
      <dst id="3">55.7867</dst>
      <dst id="22">4101.9644</dst>
      <dst id="7">37.9111</dst>
      <dst id="2">28802.7467</dst>
      <dst id="16">4.4978</dst>
      <dst id="14">1.1200</dst>
      <dst id="20">14.3467</dst>
      <dst id="11">150.9511</dst>
      <dst id="9">235.8222</dst>
      <dst id="17">34114.6044</dst>
      <dst id="21">392.7467</dst>
      <dst id="15">0.5333</dst>
    </src>
    <src id="4">
      <dst id="12">13342.1244</dst>
      <dst id="19">5653.9200</dst>
      <dst id="8">1254.2933</dst>
      <dst id="18">1316.5778</dst>
      <dst id="1">6481.5911</dst>
      <dst id="5">1260.8889</dst>
      <dst id="3">1019.9911</dst>
      <dst id="22">2833.2178</dst>
      <dst id="7">47203.2178</dst>
      <dst id="2">54547.4844</dst>
      <dst id="6">0.7733</dst>
      <dst id="16">1285.9556</dst>
      <dst id="14">729.9200</dst>
      <dst id="20">688.2044</dst>
      <dst id="11">11081.7600</dst>
      <dst id="9">1659.0667</dst>
      <dst id="17">89269.2178</dst>
      <dst id="21">4320.8533</dst>
      <dst id="15">296.4444</dst>
    </src>
    <src id="1">
      <dst id="12">17936.3556</dst>
      <dst id="13">137.9022</dst>
      <dst id="19">14.0178</dst>
      <dst id="23">64.3644</dst>
      <dst id="8">71281.2711</dst>
      <dst id="18">13308.7644</dst>
      <dst id="4">7970.6222</dst>
      <dst id="1">21133.3689</dst>
      <dst id="5">157167.8844</dst>
      <dst id="3">13.5378</dst>
      <dst id="22">217.6533</dst>
      <dst id="7">1068.6844</dst>
      <dst id="2">3027.6622</dst>
      <dst id="6">5208.9778</dst>
      <dst id="16">17663.1200</dst>
      <dst id="14">93.7600</dst>
      <dst id="20">113.4756</dst>
      <dst id="11">181.2533</dst>
      <dst id="9">138511.0844</dst>
      <dst id="17">2629.4400</dst>
      <dst id="21">1905.0489</dst>
      <dst id="15">148.8622</dst>
    </src>
    <src id="5">
      <dst id="12">252227.4578</dst>
      <dst id="13">680.7378</dst>
      <dst id="19">157.3333</dst>
      <dst id="23">54.3644</dst>
      <dst id="8">3005.8044</dst>
      <dst id="18">71.0489</dst>
      <dst id="4">8552.4444</dst>
      <dst id="1">514.5511</dst>
      <dst id="3">0.7733</dst>
      <dst id="22">4908.4978</dst>
      <dst id="7">102.4267</dst>
      <dst id="2">113271.5733</dst>
      <dst id="6">0.7111</dst>
      <dst id="16">357.8044</dst>
      <dst id="14">31.5911</dst>
      <dst id="20">632.5600</dst>
      <dst id="11">682.7556</dst>
      <dst id="9">806.7111</dst>
      <dst id="17">92075.7244</dst>
      <dst id="21">245.0400</dst>
      <dst id="15">81.0933</dst>
    </src>
    <src id="3">
      <dst id="12">22411.0222</dst>
      <dst id="13">505.3689</dst>
      <dst id="19">5130.2222</dst>
      <dst id="23">2.2222</dst>
      <dst id="8">42.6489</dst>
      <dst id="18">74296.2489</dst>
      <dst id="4">32416.8889</dst>
      <dst id="1">5142.3111</dst>
      <dst id="5">5432.4622</dst>
      <dst id="3">8705.5911</dst>
      <dst id="22">1860.7378</dst>
      <dst id="7">1565.5733</dst>
      <dst id="2">3138.6667</dst>
      <dst id="6">1.0311</dst>
      <dst id="16">1125.6444</dst>
      <dst id="14">27957.4133</dst>
      <dst id="20">80.5689</dst>
      <dst id="11">135310.1067</dst>
      <dst id="9">103.6889</dst>
      <dst id="17">31806.7289</dst>
      <dst id="21">3978.8089</dst>
      <dst id="15">76.4000</dst>
    </src>
    <src id="10">
      <dst id="12">8671.6889</dst>
      <dst id="19">1844.0000</dst>
      <dst id="8">308.3467</dst>
      <dst id="18">1349.2800</dst>
      <dst id="1">529.9200</dst>
      <dst id="5">695.9911</dst>
      <dst id="3">15357.3067</dst>
      <dst id="22">7144.1867</dst>
      <dst id="7">19184.4711</dst>
      <dst id="2">20397.3156</dst>
      <dst id="6">48.6578</dst>
      <dst id="16">1969.3956</dst>
      <dst id="14">2527.8578</dst>
      <dst id="20">5799.9556</dst>
      <dst id="11">5222.0000</dst>
      <dst id="9">2917.7689</dst>
      <dst id="17">20594.2133</dst>
      <dst id="21">11233.2800</dst>
      <dst id="15">490.1067</dst>
    </src>
    <src id="22">
      <dst id="12">3688.3911</dst>
      <dst id="13">5156.2578</dst>
      <dst id="19">600.6489</dst>
      <dst id="23">13.3067</dst>
      <dst id="8">495.8489</dst>
      <dst id="18">1347.9467</dst>
      <dst id="4">14376.9156</dst>
      <dst id="1">26.1511</dst>
      <dst id="5">3132.7289</dst>
      <dst id="3">229.9022</dst>
      <dst id="7">419.5022</dst>
      <dst id="2">4357.2622</dst>
      <dst id="6">27.0133</dst>
      <dst id="16">1.1733</dst>
      <dst id="14">42.7022</dst>
      <dst id="11">3844.4000</dst>
      <dst id="9">4531.2089</dst>
      <dst id="17">5225.9733</dst>
      <dst id="21">822.6933</dst>
    </src>
    <src id="7">
      <dst id="12">5751.8578</dst>
      <dst id="13">42.9778</dst>
      <dst id="19">164.1511</dst>
      <dst id="23">16.7200</dst>
      <dst id="8">341.0311</dst>
      <dst id="18">125.6622</dst>
      <dst id="4">24990.9067</dst>
      <dst id="1">3148.7200</dst>
      <dst id="5">872.5333</dst>
      <dst id="3">36.3022</dst>
      <dst id="22">4762.4000</dst>
      <dst id="7">706.2400</dst>
      <dst id="2">5390.0533</dst>
      <dst id="6">14.9333</dst>
      <dst id="16">412.5956</dst>
      <dst id="14">33.1111</dst>
      <dst id="20">147.1733</dst>
      <dst id="11">1109.4400</dst>
      <dst id="9">822.2311</dst>
      <dst id="17">5066.9511</dst>
      <dst id="21">2200.0800</dst>
      <dst id="15">249.8756</dst>
    </src>
    <src id="2">
      <dst id="12">77111.1022</dst>
      <dst id="13">6802.2133</dst>
      <dst id="19">8327.8933</dst>
      <dst id="23">16.3556</dst>
      <dst id="8">1342.2222</dst>
      <dst id="18">57725.1022</dst>
      <dst id="4">105986.3289</dst>
      <dst id="1">4194.4533</dst>
      <dst id="5">1026.0711</dst>
      <dst id="3">30.3911</dst>
      <dst id="22">2250.0089</dst>
      <dst id="7">5315.8933</dst>
      <dst id="2">1264.7289</dst>
      <dst id="6">5427.2444</dst>
      <dst id="16">2025.7511</dst>
      <dst id="14">5861.1378</dst>
      <dst id="20">1130.2489</dst>
      <dst id="11">3556.8267</dst>
      <dst id="9">1026.4356</dst>
      <dst id="17">40175.9289</dst>
      <dst id="21">9153.8578</dst>
      <dst id="15">144.1244</dst>
    </src>
    <src id="6">
      <dst id="12">8009.3333</dst>
      <dst id="13">58.2044</dst>
      <dst id="23">0.4178</dst>
      <dst id="18">0.7467</dst>
      <dst id="4">51.9911</dst>
      <dst id="1">0.3289</dst>
      <dst id="5">0.6756</dst>
      <dst id="22">12.9956</dst>
      <dst id="7">0.8800</dst>
      <dst id="2">1717.7244</dst>
      <dst id="16">3.4489</dst>
      <dst id="11">4.4089</dst>
      <dst id="9">37.5733</dst>
      <dst id="17">1043.3067</dst>
      <dst id="21">12.4444</dst>
      <dst id="15">0.3378</dst>
    </src>
    <src id="16">
      <dst id="12">2968.7111</dst>
      <dst id="13">261.6444</dst>
      <dst id="19">4329.3956</dst>
      <dst id="23">2.0444</dst>
      <dst id="8">1843.7156</dst>
      <dst id="18">13.3689</dst>
      <dst id="4">7811.2089</dst>
      <dst id="1">24094.0978</dst>
      <dst id="5">870.8533</dst>
      <dst id="3">1.0756</dst>
      <dst id="7">2209.6267</dst>
      <dst id="2">421.7511</dst>
      <dst id="6">113.8311</dst>
      <dst id="16">13.8311</dst>
      <dst id="14">248.1778</dst>
      <dst id="11">538.2222</dst>
      <dst id="9">1836.3289</dst>
      <dst id="17">1597.9911</dst>
      <dst id="21">517.8933</dst>
    </src>
    <src id="14">
      <dst id="12">16620.2756</dst>
      <dst id="13">146.4622</dst>
      <dst id="19">4.8178</dst>
      <dst id="18">19.3778</dst>
      <dst id="4">1713.6356</dst>
      <dst id="1">28.1422</dst>
      <dst id="5">13.6889</dst>
      <dst id="3">46.3911</dst>
      <dst id="22">25.9644</dst>
      <dst id="7">29.2267</dst>
      <dst id="2">5995.6356</dst>
      <dst id="16">8.5600</dst>
      <dst id="11">11.5200</dst>
      <dst id="9">0.4622</dst>
      <dst id="17">6270.2844</dst>
      <dst id="21">78.3378</dst>
    </src>
    <src id="20">
      <dst id="12">8187.2444</dst>
      <dst id="13">2847.0489</dst>
      <dst id="19">2093.9111</dst>
      <dst id="8">1118.1067</dst>
      <dst id="18">1.2267</dst>
      <dst id="4">11963.0578</dst>
      <dst id="1">89.6800</dst>
      <dst id="5">893.1911</dst>
      <dst id="3">635.3156</dst>
      <dst id="7">64.3200</dst>
      <dst id="2">5401.6000</dst>
      <dst id="14">0.3556</dst>
      <dst id="11">4503.4311</dst>
      <dst id="9">3808.4622</dst>
      <dst id="17">231.6000</dst>
      <dst id="21">867.1822</dst>
    </src>
    <src id="11">
      <dst id="12">412124.2756</dst>
      <dst id="13">1452.3022</dst>
      <dst id="19">37.1644</dst>
      <dst id="23">143.7422</dst>
      <dst id="8">21.1644</dst>
      <dst id="18">389.5733</dst>
      <dst id="4">12365.4578</dst>
      <dst id="1">493.2889</dst>
      <dst id="5">1067.7867</dst>
      <dst id="3">267.7244</dst>
      <dst id="22">3119.1200</dst>
      <dst id="7">132.4356</dst>
      <dst id="2">157678.8889</dst>
      <dst id="6">172.4356</dst>
      <dst id="16">719.0844</dst>
      <dst id="14">68.8444</dst>
      <dst id="20">1375.7156</dst>
      <dst id="11">924.7733</dst>
      <dst id="9">588.4889</dst>
      <dst id="17">147930.0978</dst>
      <dst id="21">1430.2222</dst>
      <dst id="15">273.9200</dst>
    </src>
    <src id="9">
      <dst id="12">446932.2578</dst>
      <dst id="13">4881.0044</dst>
      <dst id="19">8.4533</dst>
      <dst id="23">15.6800</dst>
      <dst id="8">281.8489</dst>
      <dst id="18">272.3289</dst>
      <dst id="4">19266.3378</dst>
      <dst id="1">1264.0622</dst>
      <dst id="5">2404.4444</dst>
      <dst id="3">0.7111</dst>
      <dst id="22">5365.8311</dst>
      <dst id="7">188.2844</dst>
      <dst id="2">144811.7600</dst>
      <dst id="6">1.8489</dst>
      <dst id="16">195.1644</dst>
      <dst id="14">2.8178</dst>
      <dst id="20">1428.1600</dst>
      <dst id="11">1058.4089</dst>
      <dst id="9">1465.9200</dst>
      <dst id="17">166419.8133</dst>
      <dst id="21">2314.2400</dst>
      <dst id="15">303.5911</dst>
    </src>
    <src id="17">
      <dst id="12">4422.1956</dst>
      <dst id="13">15534.3911</dst>
      <dst id="19">212.1333</dst>
      <dst id="23">79.3956</dst>
      <dst id="8">104071.4756</dst>
      <dst id="18">29.8578</dst>
      <dst id="4">172690.1156</dst>
      <dst id="1">3592.3733</dst>
      <dst id="5">155053.2622</dst>
      <dst id="3">15041.6711</dst>
      <dst id="22">10204.9333</dst>
      <dst id="7">2607.5111</dst>
      <dst id="2">12685.8489</dst>
      <dst id="6">0.7733</dst>
      <dst id="16">4416.9244</dst>
      <dst id="14">12120.1333</dst>
      <dst id="20">66.8356</dst>
      <dst id="11">96083.2089</dst>
      <dst id="9">167105.5733</dst>
      <dst id="17">6620.6044</dst>
      <dst id="21">8290.7911</dst>
      <dst id="15">7046.4889</dst>
    </src>
    <src id="21">
      <dst id="12">21860.3644</dst>
      <dst id="13">381.0044</dst>
      <dst id="19">375.3067</dst>
      <dst id="23">4.0889</dst>
      <dst id="8">1035.8222</dst>
      <dst id="18">116.8089</dst>
      <dst id="4">28509.4133</dst>
      <dst id="1">501.2089</dst>
      <dst id="5">509.0400</dst>
      <dst id="3">1037.7244</dst>
      <dst id="22">1791.0667</dst>
      <dst id="7">2866.5156</dst>
      <dst id="2">9964.8533</dst>
      <dst id="16">119.3422</dst>
      <dst id="14">45.7156</dst>
      <dst id="20">81.7333</dst>
      <dst id="11">547.8489</dst>
      <dst id="9">869.5111</dst>
      <dst id="17">6132.2756</dst>
      <dst id="21">1008.1778</dst>
      <dst id="15">2.8889</dst>
    </src>
    <src id="15">
      <dst id="12">9394.8089</dst>
      <dst id="13">10425.4578</dst>
      <dst id="19">18.7378</dst>
      <dst id="23">1.5289</dst>
      <dst id="8">2.7022</dst>
      <dst id="4">6543.8311</dst>
      <dst id="1">617.4578</dst>
      <dst id="5">199.5556</dst>
      <dst id="3">11.7422</dst>
      <dst id="7">32.7911</dst>
      <dst id="2">182.8000</dst>
      <dst id="11">61.6356</dst>
      <dst id="9">201.3244</dst>
      <dst id="17">381.2267</dst>
      <dst id="21">152.2489</dst>
    </src>
  </IntraTM>
</TrafficMatrixFile>
