<?xml version="1.0" encoding="UTF-8" standalone="yes"?>
<TrafficMatrixFile xmlns:xsi="http://www.w3.org/2001/XMLSchema-instance" xsi:noNamespaceSchemaLocation="http://totem.run.montefiore.ulg.ac.be/Schema/TrafficMatrix-v1_2.xsd">
  <info>
    <title>Intradomain traffic matrix generated by geant-TM-all.pl</title>
    <date>2005-01-04T06:45:00</date>
    <duration>900</duration>
    <author>Steve Uhlig</author>
    <units>
        <unit type="bandwidth" value="kbps"/>
    </units>
  </info>
  <IntraTM ASID="20965">
    <src id="12">
      <dst id="12">226843.7511</dst>
      <dst id="13">23193.9822</dst>
      <dst id="19">1269.6711</dst>
      <dst id="23">56.7111</dst>
      <dst id="8">584.6844</dst>
      <dst id="18">808.9778</dst>
      <dst id="4">86098.8000</dst>
      <dst id="1">13759.8311</dst>
      <dst id="5">25452.5244</dst>
      <dst id="3">8406.0978</dst>
      <dst id="22">9032.4533</dst>
      <dst id="7">1112.3022</dst>
      <dst id="2">73491.8489</dst>
      <dst id="6">11.8667</dst>
      <dst id="16">5351.9022</dst>
      <dst id="14">415.3600</dst>
      <dst id="20">9964.4267</dst>
      <dst id="11">6901.0489</dst>
      <dst id="9">5576.3289</dst>
      <dst id="17">88319.8844</dst>
      <dst id="21">3245.1911</dst>
      <dst id="15">6308.5156</dst>
    </src>
    <src id="13">
      <dst id="12">54425.1556</dst>
      <dst id="19">5740.4444</dst>
      <dst id="23">24.5689</dst>
      <dst id="8">2427.7422</dst>
      <dst id="18">3042.4889</dst>
      <dst id="1">2110.4622</dst>
      <dst id="5">20355.8044</dst>
      <dst id="3">2868.0444</dst>
      <dst id="22">18474.9156</dst>
      <dst id="7">7079.1467</dst>
      <dst id="2">102831.6889</dst>
      <dst id="6">147.5822</dst>
      <dst id="16">9768.7467</dst>
      <dst id="14">2917.5200</dst>
      <dst id="20">12557.9644</dst>
      <dst id="11">9834.1067</dst>
      <dst id="9">12921.5022</dst>
      <dst id="17">51843.0844</dst>
      <dst id="21">9610.5867</dst>
      <dst id="15">1561.4044</dst>
    </src>
    <src id="19">
      <dst id="12">14713.8756</dst>
      <dst id="13">5030.4000</dst>
      <dst id="8">120.4178</dst>
      <dst id="18">32.4444</dst>
      <dst id="4">21553.3778</dst>
      <dst id="1">188.8622</dst>
      <dst id="5">0.9689</dst>
      <dst id="22">160.0089</dst>
      <dst id="7">3049.8489</dst>
      <dst id="2">2190.4800</dst>
      <dst id="6">65.4311</dst>
      <dst id="16">10138.6222</dst>
      <dst id="20">391.6089</dst>
      <dst id="11">49.1911</dst>
      <dst id="9">191.4489</dst>
      <dst id="17">418.5333</dst>
      <dst id="21">197.6978</dst>
      <dst id="15">135.3244</dst>
    </src>
    <src id="23">
      <dst id="12">579.9111</dst>
      <dst id="13">79.7778</dst>
      <dst id="19">0.9422</dst>
      <dst id="8">79.6444</dst>
      <dst id="18">26.6667</dst>
      <dst id="4">0.9689</dst>
      <dst id="1">36.2844</dst>
      <dst id="3">184.8267</dst>
      <dst id="22">321.6711</dst>
      <dst id="7">45.2356</dst>
      <dst id="2">46.6222</dst>
      <dst id="16">42.9956</dst>
      <dst id="14">7.1822</dst>
      <dst id="11">3113.3511</dst>
      <dst id="9">593.7867</dst>
      <dst id="17">193.2978</dst>
      <dst id="21">80.1778</dst>
    </src>
    <src id="8">
      <dst id="12">369030.1867</dst>
      <dst id="13">1015.8578</dst>
      <dst id="19">0.9244</dst>
      <dst id="23">1.7778</dst>
      <dst id="18">38.3467</dst>
      <dst id="4">5540.5778</dst>
      <dst id="1">111.7244</dst>
      <dst id="5">1382.0178</dst>
      <dst id="22">1080.8356</dst>
      <dst id="7">1320.5867</dst>
      <dst id="2">139271.4311</dst>
      <dst id="16">921.0133</dst>
      <dst id="14">7.1556</dst>
      <dst id="20">63.9289</dst>
      <dst id="11">265.1111</dst>
      <dst id="9">319.2622</dst>
      <dst id="17">128628.2222</dst>
      <dst id="21">132.2667</dst>
      <dst id="15">290.8000</dst>
    </src>
    <src id="18">
      <dst id="12">98604.7289</dst>
      <dst id="13">64.0889</dst>
      <dst id="19">27.8044</dst>
      <dst id="23">0.8000</dst>
      <dst id="8">37.3778</dst>
      <dst id="4">1674.3556</dst>
      <dst id="1">926.7911</dst>
      <dst id="5">457.1556</dst>
      <dst id="3">227.1200</dst>
      <dst id="22">147.1200</dst>
      <dst id="7">157.8844</dst>
      <dst id="2">28338.6400</dst>
      <dst id="16">39.2533</dst>
      <dst id="14">52.4978</dst>
      <dst id="20">1.8933</dst>
      <dst id="11">44.8267</dst>
      <dst id="9">14.4356</dst>
      <dst id="17">38245.7600</dst>
      <dst id="21">192.2933</dst>
    </src>
    <src id="4">
      <dst id="12">15884.4178</dst>
      <dst id="19">18306.6222</dst>
      <dst id="8">849.9911</dst>
      <dst id="18">649.8133</dst>
      <dst id="4">0.3556</dst>
      <dst id="1">40412.0622</dst>
      <dst id="5">3622.9156</dst>
      <dst id="3">525.9733</dst>
      <dst id="22">9637.7511</dst>
      <dst id="7">126369.3689</dst>
      <dst id="2">119588.6933</dst>
      <dst id="6">28.1778</dst>
      <dst id="16">1356.4533</dst>
      <dst id="14">1256.3911</dst>
      <dst id="20">2548.9067</dst>
      <dst id="11">3427.2444</dst>
      <dst id="9">2896.0800</dst>
      <dst id="17">33674.3022</dst>
      <dst id="21">4019.4667</dst>
      <dst id="15">484.1956</dst>
    </src>
    <src id="1">
      <dst id="12">16778.8178</dst>
      <dst id="13">451.2533</dst>
      <dst id="19">234.2667</dst>
      <dst id="23">15.4133</dst>
      <dst id="8">107284.9778</dst>
      <dst id="18">12320.1333</dst>
      <dst id="4">10713.3511</dst>
      <dst id="1">5052.2933</dst>
      <dst id="5">188167.8044</dst>
      <dst id="3">112.5778</dst>
      <dst id="22">4589.6622</dst>
      <dst id="7">1057.1200</dst>
      <dst id="2">1650.7733</dst>
      <dst id="6">10104.7822</dst>
      <dst id="16">16247.2889</dst>
      <dst id="14">92.2933</dst>
      <dst id="20">403.0400</dst>
      <dst id="11">208.1511</dst>
      <dst id="9">184209.1200</dst>
      <dst id="17">3298.5333</dst>
      <dst id="21">2021.4844</dst>
      <dst id="15">121.6978</dst>
    </src>
    <src id="5">
      <dst id="12">283529.0400</dst>
      <dst id="13">3552.8800</dst>
      <dst id="19">16.5067</dst>
      <dst id="8">300.3289</dst>
      <dst id="18">126.4267</dst>
      <dst id="4">3833.5289</dst>
      <dst id="1">254.9689</dst>
      <dst id="3">49.5289</dst>
      <dst id="22">3407.4578</dst>
      <dst id="7">1023.7956</dst>
      <dst id="2">121653.3067</dst>
      <dst id="6">15.8844</dst>
      <dst id="16">443.2267</dst>
      <dst id="14">59.4667</dst>
      <dst id="20">2028.0622</dst>
      <dst id="11">2573.7689</dst>
      <dst id="9">2242.5244</dst>
      <dst id="17">117226.1689</dst>
      <dst id="21">395.8400</dst>
      <dst id="15">609.2178</dst>
    </src>
    <src id="3">
      <dst id="12">8278.3733</dst>
      <dst id="13">345.5911</dst>
      <dst id="19">966.8622</dst>
      <dst id="23">8270.3556</dst>
      <dst id="8">52.9778</dst>
      <dst id="18">55076.0800</dst>
      <dst id="4">13492.9244</dst>
      <dst id="1">9553.3067</dst>
      <dst id="5">364.1956</dst>
      <dst id="3">10600.8533</dst>
      <dst id="22">1562.8178</dst>
      <dst id="7">1846.9333</dst>
      <dst id="2">7368.0533</dst>
      <dst id="6">6.7022</dst>
      <dst id="16">724.3378</dst>
      <dst id="14">40812.1333</dst>
      <dst id="20">238.8089</dst>
      <dst id="11">152183.1111</dst>
      <dst id="9">615.0756</dst>
      <dst id="17">6591.8133</dst>
      <dst id="21">9148.1956</dst>
      <dst id="15">32.1333</dst>
    </src>
    <src id="10">
      <dst id="12">15036.4533</dst>
      <dst id="19">652.7022</dst>
      <dst id="8">579.8667</dst>
      <dst id="18">2463.8756</dst>
      <dst id="1">2027.4489</dst>
      <dst id="5">790.0089</dst>
      <dst id="3">2890.2311</dst>
      <dst id="22">7342.8444</dst>
      <dst id="7">14289.2178</dst>
      <dst id="2">23972.6667</dst>
      <dst id="6">3.4222</dst>
      <dst id="16">971.9644</dst>
      <dst id="14">514.3467</dst>
      <dst id="20">3562.7644</dst>
      <dst id="11">5456.2844</dst>
      <dst id="9">4712.2756</dst>
      <dst id="17">13409.5733</dst>
      <dst id="21">6217.7956</dst>
      <dst id="15">688.9778</dst>
    </src>
    <src id="22">
      <dst id="12">10889.3333</dst>
      <dst id="13">5814.2222</dst>
      <dst id="19">57.9111</dst>
      <dst id="23">15.9644</dst>
      <dst id="8">533.7422</dst>
      <dst id="18">928.5778</dst>
      <dst id="4">23860.5067</dst>
      <dst id="1">165.9289</dst>
      <dst id="5">3175.5111</dst>
      <dst id="3">537.6978</dst>
      <dst id="7">473.4933</dst>
      <dst id="2">4915.6000</dst>
      <dst id="6">143.2000</dst>
      <dst id="16">0.6578</dst>
      <dst id="14">6.2222</dst>
      <dst id="11">2643.7244</dst>
      <dst id="9">4350.7289</dst>
      <dst id="17">7190.8533</dst>
      <dst id="21">417.6800</dst>
    </src>
    <src id="7">
      <dst id="12">4310.1600</dst>
      <dst id="13">119.5378</dst>
      <dst id="19">113.4933</dst>
      <dst id="23">3.5822</dst>
      <dst id="8">187.9822</dst>
      <dst id="18">230.9956</dst>
      <dst id="4">28225.5467</dst>
      <dst id="1">2799.3333</dst>
      <dst id="5">1446.7111</dst>
      <dst id="3">14717.8044</dst>
      <dst id="22">2905.7689</dst>
      <dst id="7">829.6178</dst>
      <dst id="2">6375.2444</dst>
      <dst id="6">1.6711</dst>
      <dst id="16">534.9422</dst>
      <dst id="14">359.5289</dst>
      <dst id="20">1325.3778</dst>
      <dst id="11">1647.4756</dst>
      <dst id="9">886.8267</dst>
      <dst id="17">16456.3556</dst>
      <dst id="21">1136.4711</dst>
      <dst id="15">341.2267</dst>
    </src>
    <src id="2">
      <dst id="12">78579.2000</dst>
      <dst id="13">515439.7067</dst>
      <dst id="19">148.3822</dst>
      <dst id="23">3.1289</dst>
      <dst id="8">522.9956</dst>
      <dst id="18">50972.1067</dst>
      <dst id="4">96523.0489</dst>
      <dst id="1">3218.9422</dst>
      <dst id="5">2816.0178</dst>
      <dst id="3">178.6311</dst>
      <dst id="22">5118.9067</dst>
      <dst id="7">4354.3378</dst>
      <dst id="2">739.5911</dst>
      <dst id="6">8077.5200</dst>
      <dst id="16">3632.8178</dst>
      <dst id="14">525.0400</dst>
      <dst id="20">887.6533</dst>
      <dst id="11">2133.8667</dst>
      <dst id="9">6713.0844</dst>
      <dst id="17">52164.1067</dst>
      <dst id="21">1098.3644</dst>
      <dst id="15">668.5244</dst>
    </src>
    <src id="6">
      <dst id="12">11324.2578</dst>
      <dst id="13">8.1067</dst>
      <dst id="19">1.8844</dst>
      <dst id="4">1218.0622</dst>
      <dst id="1">12.3911</dst>
      <dst id="5">2.3378</dst>
      <dst id="22">151.8489</dst>
      <dst id="7">2.5333</dst>
      <dst id="2">2153.4400</dst>
      <dst id="16">11.8933</dst>
      <dst id="20">0.3733</dst>
      <dst id="11">1.2178</dst>
      <dst id="9">1.9200</dst>
      <dst id="17">1276.6400</dst>
      <dst id="21">57.5200</dst>
      <dst id="15">0.7111</dst>
    </src>
    <src id="16">
      <dst id="12">4002.3733</dst>
      <dst id="13">521.9467</dst>
      <dst id="19">5211.7067</dst>
      <dst id="23">2.5422</dst>
      <dst id="8">3920.8800</dst>
      <dst id="18">11.0667</dst>
      <dst id="4">3043.4133</dst>
      <dst id="1">21869.7422</dst>
      <dst id="5">3078.9600</dst>
      <dst id="3">0.4622</dst>
      <dst id="7">732.1156</dst>
      <dst id="2">949.4578</dst>
      <dst id="6">1.0311</dst>
      <dst id="16">44.4267</dst>
      <dst id="14">63.9822</dst>
      <dst id="11">225.8756</dst>
      <dst id="9">4316.4978</dst>
      <dst id="17">2668.3200</dst>
      <dst id="21">2042.3556</dst>
    </src>
    <src id="14">
      <dst id="12">17556.2933</dst>
      <dst id="13">38.5067</dst>
      <dst id="19">9.6800</dst>
      <dst id="23">2.9511</dst>
      <dst id="8">12.3111</dst>
      <dst id="18">0.7111</dst>
      <dst id="4">1576.4178</dst>
      <dst id="1">190.8267</dst>
      <dst id="5">18.0000</dst>
      <dst id="3">55.8044</dst>
      <dst id="22">2.6400</dst>
      <dst id="7">97.0222</dst>
      <dst id="2">4657.4578</dst>
      <dst id="16">1.0311</dst>
      <dst id="20">4.1867</dst>
      <dst id="11">54.6133</dst>
      <dst id="9">114.4267</dst>
      <dst id="17">8279.8311</dst>
      <dst id="21">80.5244</dst>
    </src>
    <src id="20">
      <dst id="12">1398.2933</dst>
      <dst id="13">1776.9156</dst>
      <dst id="19">65.9111</dst>
      <dst id="23">1.1378</dst>
      <dst id="8">545.8756</dst>
      <dst id="18">2.5778</dst>
      <dst id="4">9505.8844</dst>
      <dst id="1">216.0178</dst>
      <dst id="5">1731.6356</dst>
      <dst id="3">5734.9244</dst>
      <dst id="7">5672.3822</dst>
      <dst id="2">6759.0933</dst>
      <dst id="6">0.4178</dst>
      <dst id="14">15.2800</dst>
      <dst id="11">374.3822</dst>
      <dst id="9">8388.9422</dst>
      <dst id="17">4985.1911</dst>
      <dst id="21">118.2222</dst>
    </src>
    <src id="11">
      <dst id="12">436758.9689</dst>
      <dst id="13">1841.8756</dst>
      <dst id="19">174.2311</dst>
      <dst id="23">60.8978</dst>
      <dst id="8">357.9911</dst>
      <dst id="18">39.1022</dst>
      <dst id="4">9964.0978</dst>
      <dst id="1">417.3422</dst>
      <dst id="5">982.1867</dst>
      <dst id="3">300.7733</dst>
      <dst id="22">3068.2222</dst>
      <dst id="7">1014.6756</dst>
      <dst id="2">186188.2756</dst>
      <dst id="6">0.7111</dst>
      <dst id="16">1356.4889</dst>
      <dst id="14">51.8844</dst>
      <dst id="20">5749.9378</dst>
      <dst id="11">1303.7511</dst>
      <dst id="9">1010.8889</dst>
      <dst id="17">159142.9156</dst>
      <dst id="21">764.2756</dst>
      <dst id="15">107.6711</dst>
    </src>
    <src id="9">
      <dst id="12">483481.6267</dst>
      <dst id="13">3108.1422</dst>
      <dst id="19">2852.9778</dst>
      <dst id="23">136.1422</dst>
      <dst id="8">417.7067</dst>
      <dst id="18">393.3156</dst>
      <dst id="4">10045.0933</dst>
      <dst id="1">587.1556</dst>
      <dst id="5">2418.9600</dst>
      <dst id="3">6.4000</dst>
      <dst id="22">964.7289</dst>
      <dst id="7">138.3733</dst>
      <dst id="2">160040.4711</dst>
      <dst id="6">0.5333</dst>
      <dst id="16">682.0356</dst>
      <dst id="14">11.7333</dst>
      <dst id="20">1263.4044</dst>
      <dst id="11">261.8311</dst>
      <dst id="9">664.4000</dst>
      <dst id="17">172267.5111</dst>
      <dst id="21">391.2533</dst>
      <dst id="15">1357.8756</dst>
    </src>
    <src id="17">
      <dst id="12">6806.2311</dst>
      <dst id="13">17005.1644</dst>
      <dst id="19">588.7200</dst>
      <dst id="23">138.7556</dst>
      <dst id="8">128609.1556</dst>
      <dst id="18">180.5244</dst>
      <dst id="4">193540.9244</dst>
      <dst id="1">529.2267</dst>
      <dst id="5">183966.7022</dst>
      <dst id="3">3923.0489</dst>
      <dst id="22">4946.8178</dst>
      <dst id="7">1558.8711</dst>
      <dst id="2">20107.0400</dst>
      <dst id="6">35.6800</dst>
      <dst id="16">3564.7378</dst>
      <dst id="14">20669.3778</dst>
      <dst id="20">536.2489</dst>
      <dst id="11">111729.0133</dst>
      <dst id="9">155489.5378</dst>
      <dst id="17">2001.6267</dst>
      <dst id="21">4375.2356</dst>
      <dst id="15">102.5778</dst>
    </src>
    <src id="21">
      <dst id="12">23895.9822</dst>
      <dst id="13">2056.8267</dst>
      <dst id="19">221.0133</dst>
      <dst id="23">295.0667</dst>
      <dst id="8">106.0267</dst>
      <dst id="18">224.6844</dst>
      <dst id="4">12122.9422</dst>
      <dst id="1">1701.2889</dst>
      <dst id="5">324.5511</dst>
      <dst id="3">1124.6756</dst>
      <dst id="22">1516.2222</dst>
      <dst id="7">545.4044</dst>
      <dst id="2">9294.9689</dst>
      <dst id="6">6.4889</dst>
      <dst id="16">336.4178</dst>
      <dst id="14">90.2489</dst>
      <dst id="20">108.8178</dst>
      <dst id="11">517.6444</dst>
      <dst id="9">290.2222</dst>
      <dst id="17">6076.4711</dst>
      <dst id="21">568.2400</dst>
      <dst id="15">47.3422</dst>
    </src>
    <src id="15">
      <dst id="12">301.7956</dst>
      <dst id="13">816.0533</dst>
      <dst id="19">6645.2800</dst>
      <dst id="8">82.9600</dst>
      <dst id="18">2.0356</dst>
      <dst id="4">2694.0978</dst>
      <dst id="1">735.0756</dst>
      <dst id="5">47.1822</dst>
      <dst id="3">13.3156</dst>
      <dst id="7">36.1511</dst>
      <dst id="2">138.2400</dst>
      <dst id="6">42.1600</dst>
      <dst id="14">0.7289</dst>
      <dst id="11">112.9600</dst>
      <dst id="9">394.6044</dst>
      <dst id="17">405.9911</dst>
      <dst id="21">65.5111</dst>
    </src>
  </IntraTM>
</TrafficMatrixFile>
