<?xml version="1.0" encoding="UTF-8" standalone="yes"?>
<TrafficMatrixFile xmlns:xsi="http://www.w3.org/2001/XMLSchema-instance" xsi:noNamespaceSchemaLocation="http://totem.run.montefiore.ulg.ac.be/Schema/TrafficMatrix-v1_2.xsd">
  <info>
    <title>Intradomain traffic matrix generated by geant-TM-all.pl</title>
    <date>2005-01-01T06:45:00</date>
    <duration>900</duration>
    <author>Steve Uhlig</author>
    <units>
        <unit type="bandwidth" value="kbps"/>
    </units>
  </info>
  <IntraTM ASID="20965">
    <src id="12">
      <dst id="12">294303.6089</dst>
      <dst id="13">27668.5511</dst>
      <dst id="19">4006.3467</dst>
      <dst id="23">707.5822</dst>
      <dst id="8">4153.3067</dst>
      <dst id="18">901.2889</dst>
      <dst id="4">140932.2311</dst>
      <dst id="1">8825.5200</dst>
      <dst id="5">7039.8044</dst>
      <dst id="3">7584.0711</dst>
      <dst id="22">32539.7333</dst>
      <dst id="7">17954.5244</dst>
      <dst id="2">102780.8889</dst>
      <dst id="6">73.9822</dst>
      <dst id="16">16162.4978</dst>
      <dst id="14">601.6356</dst>
      <dst id="20">6962.7733</dst>
      <dst id="11">5931.1822</dst>
      <dst id="9">12610.7022</dst>
      <dst id="17">89205.0222</dst>
      <dst id="21">13389.3867</dst>
      <dst id="15">4604.1511</dst>
    </src>
    <src id="13">
      <dst id="12">68059.8311</dst>
      <dst id="19">8665.5022</dst>
      <dst id="23">253.2800</dst>
      <dst id="8">2570.0978</dst>
      <dst id="18">8918.5333</dst>
      <dst id="4">27.7333</dst>
      <dst id="1">2166.6667</dst>
      <dst id="5">8103.7422</dst>
      <dst id="3">9649.7600</dst>
      <dst id="22">30018.0622</dst>
      <dst id="7">10791.7956</dst>
      <dst id="2">143326.9422</dst>
      <dst id="6">147.6267</dst>
      <dst id="16">11274.8444</dst>
      <dst id="14">1912.7556</dst>
      <dst id="20">24893.8578</dst>
      <dst id="11">33849.0578</dst>
      <dst id="9">23151.9822</dst>
      <dst id="17">84428.7111</dst>
      <dst id="21">15599.0044</dst>
      <dst id="15">6731.6889</dst>
    </src>
    <src id="19">
      <dst id="12">16383.7956</dst>
      <dst id="13">8424.6400</dst>
      <dst id="23">0.6756</dst>
      <dst id="18">65.5022</dst>
      <dst id="4">22067.2800</dst>
      <dst id="1">84.5511</dst>
      <dst id="5">59.7422</dst>
      <dst id="3">381.9200</dst>
      <dst id="22">106.3467</dst>
      <dst id="7">3477.4667</dst>
      <dst id="2">1581.8311</dst>
      <dst id="6">37.5644</dst>
      <dst id="16">6297.8311</dst>
      <dst id="20">72.8711</dst>
      <dst id="11">832.8356</dst>
      <dst id="9">616.4622</dst>
      <dst id="17">580.9067</dst>
      <dst id="21">3588.3556</dst>
      <dst id="15">32.6933</dst>
    </src>
    <src id="23">
      <dst id="12">489.0400</dst>
      <dst id="13">176.7467</dst>
      <dst id="8">120.0000</dst>
      <dst id="18">13.4400</dst>
      <dst id="4">41.7778</dst>
      <dst id="1">24.3111</dst>
      <dst id="5">34.6400</dst>
      <dst id="3">12.6222</dst>
      <dst id="22">210.7111</dst>
      <dst id="7">191.3244</dst>
      <dst id="2">97.3333</dst>
      <dst id="16">962.5156</dst>
      <dst id="14">0.4622</dst>
      <dst id="20">13.3333</dst>
      <dst id="11">41.9378</dst>
      <dst id="9">371.5467</dst>
      <dst id="17">42.0267</dst>
      <dst id="21">521.7511</dst>
      <dst id="15">0.3378</dst>
    </src>
    <src id="8">
      <dst id="12">363502.8178</dst>
      <dst id="13">1778.2578</dst>
      <dst id="23">23.1822</dst>
      <dst id="18">160.0800</dst>
      <dst id="4">7598.9067</dst>
      <dst id="1">64.7378</dst>
      <dst id="5">6313.2356</dst>
      <dst id="3">48.6400</dst>
      <dst id="22">1686.4889</dst>
      <dst id="7">88.1156</dst>
      <dst id="2">138350.8800</dst>
      <dst id="16">615.5644</dst>
      <dst id="20">233.5022</dst>
      <dst id="11">90.9156</dst>
      <dst id="9">219.8933</dst>
      <dst id="17">75188.1333</dst>
      <dst id="21">206.1333</dst>
      <dst id="15">35.1289</dst>
    </src>
    <src id="18">
      <dst id="12">139358.6489</dst>
      <dst id="13">496.2311</dst>
      <dst id="19">18.1067</dst>
      <dst id="23">0.7111</dst>
      <dst id="8">23.7600</dst>
      <dst id="4">2120.7022</dst>
      <dst id="1">706.4800</dst>
      <dst id="5">973.5022</dst>
      <dst id="3">200.1156</dst>
      <dst id="22">1338.8711</dst>
      <dst id="7">37.2711</dst>
      <dst id="2">46083.2800</dst>
      <dst id="16">92.6311</dst>
      <dst id="14">15.4489</dst>
      <dst id="20">2.5422</dst>
      <dst id="11">150.8178</dst>
      <dst id="9">202.1244</dst>
      <dst id="17">31199.6889</dst>
      <dst id="21">582.9956</dst>
      <dst id="15">4.6400</dst>
    </src>
    <src id="4">
      <dst id="12">24884.3200</dst>
      <dst id="19">9773.0756</dst>
      <dst id="8">2121.8489</dst>
      <dst id="18">2301.7867</dst>
      <dst id="4">5.3689</dst>
      <dst id="1">1516.8089</dst>
      <dst id="5">1742.8000</dst>
      <dst id="3">12092.2933</dst>
      <dst id="22">9718.2489</dst>
      <dst id="7">14355.4756</dst>
      <dst id="2">61474.5867</dst>
      <dst id="6">26.7378</dst>
      <dst id="16">1567.4489</dst>
      <dst id="14">2050.6044</dst>
      <dst id="20">3518.1956</dst>
      <dst id="11">7199.6000</dst>
      <dst id="9">2092.3467</dst>
      <dst id="17">63894.9689</dst>
      <dst id="21">6708.1244</dst>
      <dst id="15">2374.3022</dst>
    </src>
    <src id="1">
      <dst id="12">19158.3289</dst>
      <dst id="13">320.3200</dst>
      <dst id="19">2520.8622</dst>
      <dst id="23">73.4400</dst>
      <dst id="8">133768.1422</dst>
      <dst id="18">20157.7422</dst>
      <dst id="4">13657.9733</dst>
      <dst id="1">60.3378</dst>
      <dst id="5">229421.2178</dst>
      <dst id="3">17693.9111</dst>
      <dst id="22">4811.8756</dst>
      <dst id="7">17696.7911</dst>
      <dst id="2">2021.7156</dst>
      <dst id="6">6551.2000</dst>
      <dst id="16">10219.8044</dst>
      <dst id="14">52.6311</dst>
      <dst id="20">230.2578</dst>
      <dst id="11">1120.8444</dst>
      <dst id="9">239805.0400</dst>
      <dst id="17">5205.7689</dst>
      <dst id="21">16733.8844</dst>
      <dst id="15">152.2578</dst>
    </src>
    <src id="5">
      <dst id="12">370125.4222</dst>
      <dst id="13">1394.6400</dst>
      <dst id="19">40.1867</dst>
      <dst id="23">95.3244</dst>
      <dst id="8">5494.9244</dst>
      <dst id="18">243.1022</dst>
      <dst id="4">6317.5022</dst>
      <dst id="1">123.6444</dst>
      <dst id="3">439.9911</dst>
      <dst id="22">12581.8311</dst>
      <dst id="7">323.6267</dst>
      <dst id="2">178197.6089</dst>
      <dst id="6">1.3067</dst>
      <dst id="16">744.1067</dst>
      <dst id="14">24.8178</dst>
      <dst id="20">6040.0178</dst>
      <dst id="11">1380.7644</dst>
      <dst id="9">6589.0133</dst>
      <dst id="17">98276.7111</dst>
      <dst id="21">594.8978</dst>
      <dst id="15">520.1689</dst>
    </src>
    <src id="3">
      <dst id="12">9949.0844</dst>
      <dst id="13">594.9600</dst>
      <dst id="19">2042.4178</dst>
      <dst id="23">13.0133</dst>
      <dst id="8">108.9689</dst>
      <dst id="18">96015.1378</dst>
      <dst id="4">56171.0489</dst>
      <dst id="1">19154.7733</dst>
      <dst id="5">471.6978</dst>
      <dst id="3">14777.3778</dst>
      <dst id="22">771.7867</dst>
      <dst id="7">2640.5067</dst>
      <dst id="2">4883.8044</dst>
      <dst id="6">13.8667</dst>
      <dst id="16">1842.2844</dst>
      <dst id="14">35003.9289</dst>
      <dst id="20">4616.8889</dst>
      <dst id="11">192079.5822</dst>
      <dst id="9">171.9289</dst>
      <dst id="17">8062.1867</dst>
      <dst id="21">10586.7467</dst>
      <dst id="15">59.4222</dst>
    </src>
    <src id="10">
      <dst id="12">18123.5378</dst>
      <dst id="19">1415.6267</dst>
      <dst id="8">2209.4933</dst>
      <dst id="18">2510.3200</dst>
      <dst id="4">1.0667</dst>
      <dst id="1">974.2578</dst>
      <dst id="5">1275.7422</dst>
      <dst id="3">3035.2800</dst>
      <dst id="22">8199.6444</dst>
      <dst id="7">12571.5822</dst>
      <dst id="2">26210.9956</dst>
      <dst id="6">1.1378</dst>
      <dst id="16">10521.8844</dst>
      <dst id="14">816.1600</dst>
      <dst id="20">3765.6622</dst>
      <dst id="11">7202.6133</dst>
      <dst id="9">5641.6978</dst>
      <dst id="17">23077.4044</dst>
      <dst id="21">35306.9689</dst>
      <dst id="15">1359.3067</dst>
    </src>
    <src id="22">
      <dst id="12">12354.0000</dst>
      <dst id="13">5499.2978</dst>
      <dst id="19">160.0178</dst>
      <dst id="23">42.4178</dst>
      <dst id="8">1301.0667</dst>
      <dst id="18">1029.0400</dst>
      <dst id="4">24499.6889</dst>
      <dst id="1">504.0533</dst>
      <dst id="5">11536.3911</dst>
      <dst id="3">1308.0356</dst>
      <dst id="7">1657.7244</dst>
      <dst id="2">2020.0978</dst>
      <dst id="6">1.0933</dst>
      <dst id="16">25.0844</dst>
      <dst id="14">134.2667</dst>
      <dst id="11">2948.8622</dst>
      <dst id="9">3938.6222</dst>
      <dst id="17">4766.9867</dst>
      <dst id="21">855.3156</dst>
    </src>
    <src id="7">
      <dst id="12">5010.7200</dst>
      <dst id="13">906.9156</dst>
      <dst id="19">565.2978</dst>
      <dst id="23">170.9689</dst>
      <dst id="8">1956.9333</dst>
      <dst id="18">2800.8444</dst>
      <dst id="4">47697.0133</dst>
      <dst id="1">2985.0400</dst>
      <dst id="5">1062.7733</dst>
      <dst id="3">2510.6400</dst>
      <dst id="22">6014.2222</dst>
      <dst id="7">671.4667</dst>
      <dst id="2">7741.1644</dst>
      <dst id="6">82.0089</dst>
      <dst id="16">1150.4444</dst>
      <dst id="14">276.5511</dst>
      <dst id="20">1112.3200</dst>
      <dst id="11">919.3067</dst>
      <dst id="9">1969.0133</dst>
      <dst id="17">9787.7422</dst>
      <dst id="21">6109.6533</dst>
      <dst id="15">155.3156</dst>
    </src>
    <src id="2">
      <dst id="12">111765.8844</dst>
      <dst id="13">7128.5511</dst>
      <dst id="19">2493.2978</dst>
      <dst id="23">40.0000</dst>
      <dst id="8">303.6711</dst>
      <dst id="18">84267.8756</dst>
      <dst id="4">125594.6933</dst>
      <dst id="1">866.7822</dst>
      <dst id="5">1174.7822</dst>
      <dst id="3">1089.7867</dst>
      <dst id="22">2979.1822</dst>
      <dst id="7">5084.1156</dst>
      <dst id="2">408.3378</dst>
      <dst id="6">6758.2044</dst>
      <dst id="16">10485.3778</dst>
      <dst id="14">194.7022</dst>
      <dst id="20">1151.6533</dst>
      <dst id="11">4011.1289</dst>
      <dst id="9">892.7911</dst>
      <dst id="17">36372.8622</dst>
      <dst id="21">3764.3111</dst>
      <dst id="15">240.4622</dst>
    </src>
    <src id="6">
      <dst id="12">11248.7111</dst>
      <dst id="13">4.2222</dst>
      <dst id="19">13.6711</dst>
      <dst id="23">0.3378</dst>
      <dst id="18">0.5778</dst>
      <dst id="4">207.8489</dst>
      <dst id="5">0.4267</dst>
      <dst id="3">1.3600</dst>
      <dst id="22">2.4889</dst>
      <dst id="7">4.0178</dst>
      <dst id="2">2317.6267</dst>
      <dst id="16">27.6178</dst>
      <dst id="17">1328.5422</dst>
      <dst id="21">12.4622</dst>
    </src>
    <src id="16">
      <dst id="12">4494.7289</dst>
      <dst id="13">542.6044</dst>
      <dst id="19">4026.5956</dst>
      <dst id="23">43.7067</dst>
      <dst id="8">5492.3556</dst>
      <dst id="18">7.2356</dst>
      <dst id="4">9346.3467</dst>
      <dst id="1">19776.4800</dst>
      <dst id="5">4660.9511</dst>
      <dst id="3">671.7600</dst>
      <dst id="7">1920.2667</dst>
      <dst id="2">1344.5244</dst>
      <dst id="6">1.5289</dst>
      <dst id="16">49.8044</dst>
      <dst id="14">4.7911</dst>
      <dst id="11">584.4533</dst>
      <dst id="9">6948.4444</dst>
      <dst id="17">2444.3644</dst>
      <dst id="21">326.1067</dst>
    </src>
    <src id="14">
      <dst id="12">27280.7378</dst>
      <dst id="13">76.6578</dst>
      <dst id="19">8.7911</dst>
      <dst id="23">15.5022</dst>
      <dst id="8">13.6978</dst>
      <dst id="4">2225.2533</dst>
      <dst id="1">53.0400</dst>
      <dst id="5">0.8889</dst>
      <dst id="3">61.5111</dst>
      <dst id="22">65.3244</dst>
      <dst id="7">78.4356</dst>
      <dst id="2">6351.3422</dst>
      <dst id="16">0.8178</dst>
      <dst id="20">29.0400</dst>
      <dst id="11">30.2311</dst>
      <dst id="9">68.4356</dst>
      <dst id="17">3647.8400</dst>
      <dst id="21">102.7911</dst>
    </src>
    <src id="20">
      <dst id="12">17048.1244</dst>
      <dst id="13">9303.5733</dst>
      <dst id="19">79.4933</dst>
      <dst id="8">33.5467</dst>
      <dst id="18">61.8933</dst>
      <dst id="4">11497.1111</dst>
      <dst id="1">241.9289</dst>
      <dst id="5">22687.5467</dst>
      <dst id="3">138.8267</dst>
      <dst id="7">524.5600</dst>
      <dst id="2">9511.8933</dst>
      <dst id="6">12.8178</dst>
      <dst id="14">0.3556</dst>
      <dst id="11">563.7778</dst>
      <dst id="9">6691.9822</dst>
      <dst id="17">4922.8356</dst>
      <dst id="21">1287.2978</dst>
    </src>
    <src id="11">
      <dst id="12">421095.1467</dst>
      <dst id="13">4826.3378</dst>
      <dst id="19">74.3556</dst>
      <dst id="23">12.0800</dst>
      <dst id="8">180.0089</dst>
      <dst id="18">57.7156</dst>
      <dst id="4">17851.2444</dst>
      <dst id="1">340.8444</dst>
      <dst id="5">911.4844</dst>
      <dst id="3">2202.8711</dst>
      <dst id="22">6220.5689</dst>
      <dst id="7">307.3067</dst>
      <dst id="2">181974.4089</dst>
      <dst id="6">0.3556</dst>
      <dst id="16">1181.8222</dst>
      <dst id="14">46.1511</dst>
      <dst id="20">858.4622</dst>
      <dst id="11">2289.9733</dst>
      <dst id="9">1386.3111</dst>
      <dst id="17">98616.6667</dst>
      <dst id="21">1173.3867</dst>
      <dst id="15">288.6400</dst>
    </src>
    <src id="9">
      <dst id="12">506408.0533</dst>
      <dst id="13">15728.7467</dst>
      <dst id="19">826.3378</dst>
      <dst id="23">44.7378</dst>
      <dst id="8">891.4222</dst>
      <dst id="18">182.6222</dst>
      <dst id="4">13023.4844</dst>
      <dst id="1">115.8756</dst>
      <dst id="5">1842.9244</dst>
      <dst id="3">78.7111</dst>
      <dst id="22">3952.2578</dst>
      <dst id="7">212.6489</dst>
      <dst id="2">177189.1467</dst>
      <dst id="16">983.0133</dst>
      <dst id="14">16.0267</dst>
      <dst id="20">8033.4844</dst>
      <dst id="11">1131.0044</dst>
      <dst id="9">4893.1200</dst>
      <dst id="17">121401.5467</dst>
      <dst id="21">363.6889</dst>
      <dst id="15">422.6400</dst>
    </src>
    <src id="17">
      <dst id="12">8459.9289</dst>
      <dst id="13">9771.8667</dst>
      <dst id="19">14435.4578</dst>
      <dst id="23">193.1644</dst>
      <dst id="8">153489.7689</dst>
      <dst id="18">846.3822</dst>
      <dst id="4">94096.5867</dst>
      <dst id="1">2805.6889</dst>
      <dst id="5">237049.9911</dst>
      <dst id="3">20515.5644</dst>
      <dst id="22">8716.1422</dst>
      <dst id="7">15282.6667</dst>
      <dst id="2">11542.8711</dst>
      <dst id="6">10.2400</dst>
      <dst id="16">7734.6222</dst>
      <dst id="14">36838.1511</dst>
      <dst id="20">1914.0178</dst>
      <dst id="11">173122.4089</dst>
      <dst id="9">226520.8711</dst>
      <dst id="17">1538.5867</dst>
      <dst id="21">7711.6978</dst>
      <dst id="15">2423.6533</dst>
    </src>
    <src id="21">
      <dst id="12">22811.9289</dst>
      <dst id="13">1553.4400</dst>
      <dst id="19">226.4711</dst>
      <dst id="23">83.2533</dst>
      <dst id="8">56.6133</dst>
      <dst id="18">1741.9556</dst>
      <dst id="4">20675.1200</dst>
      <dst id="1">1936.1956</dst>
      <dst id="5">491.4311</dst>
      <dst id="3">806.7911</dst>
      <dst id="22">1390.3111</dst>
      <dst id="7">919.8756</dst>
      <dst id="2">11775.4222</dst>
      <dst id="6">4.1956</dst>
      <dst id="16">479.0044</dst>
      <dst id="14">313.4044</dst>
      <dst id="20">442.6133</dst>
      <dst id="11">546.1156</dst>
      <dst id="9">280.6400</dst>
      <dst id="17">3895.3778</dst>
      <dst id="21">3391.8489</dst>
      <dst id="15">255.4844</dst>
    </src>
    <src id="15">
      <dst id="12">875.6711</dst>
      <dst id="13">393.2800</dst>
      <dst id="19">1348.2667</dst>
      <dst id="8">6.0444</dst>
      <dst id="18">86.8800</dst>
      <dst id="4">4793.6800</dst>
      <dst id="1">1108.1600</dst>
      <dst id="5">155.4311</dst>
      <dst id="3">503.0578</dst>
      <dst id="7">242.4533</dst>
      <dst id="2">463.7689</dst>
      <dst id="6">0.4978</dst>
      <dst id="14">0.6667</dst>
      <dst id="11">73.7689</dst>
      <dst id="9">2247.9733</dst>
      <dst id="17">2968.4000</dst>
      <dst id="21">239.8489</dst>
    </src>
  </IntraTM>
</TrafficMatrixFile>
