<?xml version="1.0" encoding="UTF-8" standalone="yes"?>
<TrafficMatrixFile xmlns:xsi="http://www.w3.org/2001/XMLSchema-instance" xsi:noNamespaceSchemaLocation="http://totem.run.montefiore.ulg.ac.be/Schema/TrafficMatrix-v1_2.xsd">
  <info>
    <title>Intradomain traffic matrix generated by geant-TM-all.pl</title>
    <date>2005-01-03T23:30:00</date>
    <duration>900</duration>
    <author>Steve Uhlig</author>
    <units>
        <unit type="bandwidth" value="kbps"/>
    </units>
  </info>
  <IntraTM ASID="20965">
    <src id="12">
      <dst id="12">254688.5778</dst>
      <dst id="13">39425.3333</dst>
      <dst id="19">2718.3822</dst>
      <dst id="23">204.5778</dst>
      <dst id="8">1749.6711</dst>
      <dst id="18">1845.0400</dst>
      <dst id="4">58735.1822</dst>
      <dst id="1">7668.9511</dst>
      <dst id="5">3904.8711</dst>
      <dst id="3">3340.4089</dst>
      <dst id="22">11502.4178</dst>
      <dst id="7">1913.2800</dst>
      <dst id="2">92658.7822</dst>
      <dst id="6">3.3067</dst>
      <dst id="16">9641.9289</dst>
      <dst id="14">989.6533</dst>
      <dst id="20">1659.0222</dst>
      <dst id="11">6386.6578</dst>
      <dst id="9">4209.2889</dst>
      <dst id="17">89991.9644</dst>
      <dst id="21">4631.9022</dst>
      <dst id="15">9940.8533</dst>
    </src>
    <src id="13">
      <dst id="12">62475.8933</dst>
      <dst id="19">8136.3378</dst>
      <dst id="23">159.7333</dst>
      <dst id="8">3469.7600</dst>
      <dst id="18">4931.5733</dst>
      <dst id="1">5128.5956</dst>
      <dst id="5">18094.2222</dst>
      <dst id="3">8398.3200</dst>
      <dst id="22">20326.7378</dst>
      <dst id="7">10666.3911</dst>
      <dst id="2">96911.3333</dst>
      <dst id="6">446.2400</dst>
      <dst id="16">8615.9467</dst>
      <dst id="14">1365.7067</dst>
      <dst id="20">9152.9244</dst>
      <dst id="11">22801.6622</dst>
      <dst id="9">7900.0800</dst>
      <dst id="17">384018.6400</dst>
      <dst id="21">11142.4622</dst>
      <dst id="15">1807.0578</dst>
    </src>
    <src id="19">
      <dst id="12">15168.7467</dst>
      <dst id="13">445.5467</dst>
      <dst id="23">94.3644</dst>
      <dst id="8">0.4178</dst>
      <dst id="18">2429.3689</dst>
      <dst id="4">17667.2178</dst>
      <dst id="1">1130.6578</dst>
      <dst id="5">79.1733</dst>
      <dst id="3">2.2756</dst>
      <dst id="22">181.5378</dst>
      <dst id="7">4126.8267</dst>
      <dst id="2">1407.8311</dst>
      <dst id="6">122.7289</dst>
      <dst id="16">7423.6800</dst>
      <dst id="14">1.1733</dst>
      <dst id="20">76.5600</dst>
      <dst id="11">126.1511</dst>
      <dst id="9">78.9244</dst>
      <dst id="17">208.5689</dst>
      <dst id="21">724.5689</dst>
    </src>
    <src id="23">
      <dst id="12">90.2578</dst>
      <dst id="13">364.2400</dst>
      <dst id="19">17.9200</dst>
      <dst id="8">13.3333</dst>
      <dst id="18">11.2533</dst>
      <dst id="4">12.6222</dst>
      <dst id="1">73.3778</dst>
      <dst id="5">27.4489</dst>
      <dst id="3">219.0400</dst>
      <dst id="22">130.0356</dst>
      <dst id="7">43.8578</dst>
      <dst id="2">137.0667</dst>
      <dst id="6">0.4978</dst>
      <dst id="16">1513.1289</dst>
      <dst id="14">14.1067</dst>
      <dst id="20">14.4000</dst>
      <dst id="11">376.1067</dst>
      <dst id="9">361.1911</dst>
      <dst id="17">138.2400</dst>
      <dst id="21">119.0844</dst>
      <dst id="15">147.5644</dst>
    </src>
    <src id="8">
      <dst id="12">332507.9111</dst>
      <dst id="13">1241.6533</dst>
      <dst id="19">0.4711</dst>
      <dst id="23">26.6667</dst>
      <dst id="18">12.9867</dst>
      <dst id="4">2138.0889</dst>
      <dst id="1">281.6444</dst>
      <dst id="5">1301.7067</dst>
      <dst id="3">14.6667</dst>
      <dst id="22">3651.4578</dst>
      <dst id="7">154.4800</dst>
      <dst id="2">128119.2267</dst>
      <dst id="16">490.3111</dst>
      <dst id="14">12.6222</dst>
      <dst id="20">72.3022</dst>
      <dst id="11">1836.6133</dst>
      <dst id="9">2578.4089</dst>
      <dst id="17">121993.6533</dst>
      <dst id="21">36.5689</dst>
      <dst id="15">3.5289</dst>
    </src>
    <src id="18">
      <dst id="12">91245.2622</dst>
      <dst id="13">322.8622</dst>
      <dst id="19">33.5556</dst>
      <dst id="23">11.4400</dst>
      <dst id="8">1.1200</dst>
      <dst id="4">1465.1022</dst>
      <dst id="1">1417.2533</dst>
      <dst id="5">215.3778</dst>
      <dst id="3">33.2889</dst>
      <dst id="22">432.4356</dst>
      <dst id="7">7.7600</dst>
      <dst id="2">32460.1600</dst>
      <dst id="16">59.6267</dst>
      <dst id="20">17.3244</dst>
      <dst id="11">39.0489</dst>
      <dst id="9">42.4178</dst>
      <dst id="17">36866.5867</dst>
      <dst id="21">391.1378</dst>
      <dst id="15">1.7778</dst>
    </src>
    <src id="4">
      <dst id="12">14338.1778</dst>
      <dst id="19">15871.3689</dst>
      <dst id="8">1211.1556</dst>
      <dst id="18">907.3067</dst>
      <dst id="4">3.6978</dst>
      <dst id="1">12376.4978</dst>
      <dst id="5">2687.3244</dst>
      <dst id="3">1185.5467</dst>
      <dst id="22">4682.0711</dst>
      <dst id="7">136140.4889</dst>
      <dst id="2">45201.0933</dst>
      <dst id="6">596.7556</dst>
      <dst id="16">2038.9600</dst>
      <dst id="14">1674.3111</dst>
      <dst id="20">2861.9378</dst>
      <dst id="11">4309.2089</dst>
      <dst id="9">2173.3422</dst>
      <dst id="17">67241.3067</dst>
      <dst id="21">4179.9733</dst>
      <dst id="15">1099.8667</dst>
    </src>
    <src id="1">
      <dst id="12">11683.9289</dst>
      <dst id="13">553.5378</dst>
      <dst id="19">34.1689</dst>
      <dst id="23">67.9200</dst>
      <dst id="8">115591.5022</dst>
      <dst id="18">14597.6978</dst>
      <dst id="4">3693.7422</dst>
      <dst id="1">17632.9422</dst>
      <dst id="5">241676.0622</dst>
      <dst id="3">202.2133</dst>
      <dst id="22">7178.3289</dst>
      <dst id="7">1670.2667</dst>
      <dst id="2">2255.3244</dst>
      <dst id="6">7899.9111</dst>
      <dst id="16">11392.7733</dst>
      <dst id="14">60.0089</dst>
      <dst id="20">78.8889</dst>
      <dst id="11">2294.9956</dst>
      <dst id="9">212787.1111</dst>
      <dst id="17">6336.4622</dst>
      <dst id="21">2078.0267</dst>
      <dst id="15">142.9067</dst>
    </src>
    <src id="5">
      <dst id="12">329622.9067</dst>
      <dst id="13">18177.6533</dst>
      <dst id="19">40.5333</dst>
      <dst id="23">15.2889</dst>
      <dst id="8">594.2489</dst>
      <dst id="18">108.8711</dst>
      <dst id="4">7801.3244</dst>
      <dst id="1">523.8222</dst>
      <dst id="3">15.1822</dst>
      <dst id="22">12945.5644</dst>
      <dst id="7">519.3867</dst>
      <dst id="2">131487.9111</dst>
      <dst id="16">960.7644</dst>
      <dst id="14">3.3511</dst>
      <dst id="20">14287.6800</dst>
      <dst id="11">2615.2089</dst>
      <dst id="9">4488.8711</dst>
      <dst id="17">117627.9022</dst>
      <dst id="21">359.1822</dst>
      <dst id="15">1073.1289</dst>
    </src>
    <src id="3">
      <dst id="12">11546.3289</dst>
      <dst id="13">228.1067</dst>
      <dst id="19">1543.9200</dst>
      <dst id="23">9289.7156</dst>
      <dst id="8">177.6267</dst>
      <dst id="18">71885.4311</dst>
      <dst id="4">42389.9644</dst>
      <dst id="1">6603.2800</dst>
      <dst id="5">598.5333</dst>
      <dst id="3">15283.1911</dst>
      <dst id="22">576.8800</dst>
      <dst id="7">1861.8933</dst>
      <dst id="2">4673.2178</dst>
      <dst id="6">12.8000</dst>
      <dst id="16">1822.0533</dst>
      <dst id="14">30963.6267</dst>
      <dst id="20">133.7867</dst>
      <dst id="11">155738.4711</dst>
      <dst id="9">213.2356</dst>
      <dst id="17">3487.6978</dst>
      <dst id="21">15476.2578</dst>
      <dst id="15">1494.0800</dst>
    </src>
    <src id="10">
      <dst id="12">15370.0533</dst>
      <dst id="19">683.1022</dst>
      <dst id="8">481.7156</dst>
      <dst id="18">1358.2756</dst>
      <dst id="1">2281.7333</dst>
      <dst id="5">1169.0400</dst>
      <dst id="3">3473.2889</dst>
      <dst id="22">9067.1022</dst>
      <dst id="7">4233.6622</dst>
      <dst id="2">19747.7867</dst>
      <dst id="6">13.1556</dst>
      <dst id="16">658.9511</dst>
      <dst id="14">1332.5067</dst>
      <dst id="20">4605.3244</dst>
      <dst id="11">8968.0267</dst>
      <dst id="9">2093.4311</dst>
      <dst id="17">13669.7156</dst>
      <dst id="21">5885.8667</dst>
      <dst id="15">148.7378</dst>
    </src>
    <src id="22">
      <dst id="12">11596.1778</dst>
      <dst id="13">9047.7333</dst>
      <dst id="19">316.5422</dst>
      <dst id="23">771.9378</dst>
      <dst id="8">626.1600</dst>
      <dst id="18">377.7778</dst>
      <dst id="4">13746.2933</dst>
      <dst id="1">1210.6933</dst>
      <dst id="5">5984.1156</dst>
      <dst id="3">1392.0444</dst>
      <dst id="7">686.8444</dst>
      <dst id="2">3015.6178</dst>
      <dst id="6">15.0844</dst>
      <dst id="16">91.6800</dst>
      <dst id="14">211.9467</dst>
      <dst id="11">4121.1022</dst>
      <dst id="9">6667.8756</dst>
      <dst id="17">3831.8400</dst>
      <dst id="21">1192.0711</dst>
    </src>
    <src id="7">
      <dst id="12">6646.0089</dst>
      <dst id="13">486.0800</dst>
      <dst id="19">146.6667</dst>
      <dst id="23">324.4356</dst>
      <dst id="8">238.8000</dst>
      <dst id="18">150.5244</dst>
      <dst id="4">14266.4089</dst>
      <dst id="1">3097.7689</dst>
      <dst id="5">1273.3778</dst>
      <dst id="3">1046.1867</dst>
      <dst id="22">2437.6267</dst>
      <dst id="7">643.0578</dst>
      <dst id="2">8292.6933</dst>
      <dst id="6">22.0800</dst>
      <dst id="16">1197.0489</dst>
      <dst id="14">71.9556</dst>
      <dst id="20">1182.9956</dst>
      <dst id="11">3225.8578</dst>
      <dst id="9">695.8667</dst>
      <dst id="17">7374.2578</dst>
      <dst id="21">3500.2400</dst>
      <dst id="15">631.7067</dst>
    </src>
    <src id="2">
      <dst id="12">124349.9200</dst>
      <dst id="13">509313.5289</dst>
      <dst id="19">449.6978</dst>
      <dst id="23">1.0311</dst>
      <dst id="8">343.7956</dst>
      <dst id="18">52153.5111</dst>
      <dst id="4">59596.2222</dst>
      <dst id="1">5596.1244</dst>
      <dst id="5">2706.9956</dst>
      <dst id="3">96.3822</dst>
      <dst id="22">2135.9556</dst>
      <dst id="7">2445.1911</dst>
      <dst id="2">895.6178</dst>
      <dst id="6">9792.4444</dst>
      <dst id="16">2076.7822</dst>
      <dst id="14">6127.4844</dst>
      <dst id="20">6692.5244</dst>
      <dst id="11">9331.6711</dst>
      <dst id="9">705.9378</dst>
      <dst id="17">19227.6800</dst>
      <dst id="21">1793.5644</dst>
      <dst id="15">237.1289</dst>
    </src>
    <src id="6">
      <dst id="12">11079.6711</dst>
      <dst id="13">3.5022</dst>
      <dst id="19">3.2622</dst>
      <dst id="23">14.8889</dst>
      <dst id="4">1059.5644</dst>
      <dst id="1">16.6311</dst>
      <dst id="5">0.3556</dst>
      <dst id="22">13.5911</dst>
      <dst id="7">1.8400</dst>
      <dst id="2">3251.6356</dst>
      <dst id="16">0.7111</dst>
      <dst id="20">4.6311</dst>
      <dst id="11">0.8889</dst>
      <dst id="9">12.5333</dst>
      <dst id="17">1513.9822</dst>
      <dst id="21">0.8978</dst>
      <dst id="15">0.7111</dst>
    </src>
    <src id="16">
      <dst id="12">2690.9333</dst>
      <dst id="13">1190.3911</dst>
      <dst id="19">4821.8222</dst>
      <dst id="23">41.0844</dst>
      <dst id="8">3491.6178</dst>
      <dst id="18">69.8933</dst>
      <dst id="4">2942.2400</dst>
      <dst id="1">19631.4756</dst>
      <dst id="5">4672.6311</dst>
      <dst id="3">77.1911</dst>
      <dst id="7">162.9956</dst>
      <dst id="2">280.9244</dst>
      <dst id="6">11.4844</dst>
      <dst id="16">62.1600</dst>
      <dst id="14">263.9289</dst>
      <dst id="11">634.3111</dst>
      <dst id="9">6018.5511</dst>
      <dst id="17">1445.1111</dst>
      <dst id="21">1390.5511</dst>
    </src>
    <src id="14">
      <dst id="12">18395.0222</dst>
      <dst id="13">74.5689</dst>
      <dst id="19">6.4356</dst>
      <dst id="8">2.9956</dst>
      <dst id="4">1133.7333</dst>
      <dst id="1">83.7156</dst>
      <dst id="5">40.8889</dst>
      <dst id="3">82.4444</dst>
      <dst id="22">15.5644</dst>
      <dst id="7">54.9600</dst>
      <dst id="2">5112.4089</dst>
      <dst id="16">20.2311</dst>
      <dst id="20">13.1200</dst>
      <dst id="11">100.4622</dst>
      <dst id="9">30.6667</dst>
      <dst id="17">8633.7156</dst>
      <dst id="21">71.5289</dst>
    </src>
    <src id="20">
      <dst id="12">13015.3867</dst>
      <dst id="13">5866.4978</dst>
      <dst id="19">184.3467</dst>
      <dst id="23">13.3333</dst>
      <dst id="8">164.4178</dst>
      <dst id="18">55.7600</dst>
      <dst id="4">3603.0667</dst>
      <dst id="1">145.2356</dst>
      <dst id="5">1779.3600</dst>
      <dst id="3">4459.8222</dst>
      <dst id="7">1399.1733</dst>
      <dst id="2">760.3467</dst>
      <dst id="6">4.5333</dst>
      <dst id="16">0.3022</dst>
      <dst id="14">0.4622</dst>
      <dst id="11">2129.3867</dst>
      <dst id="9">2107.7333</dst>
      <dst id="17">1004.2044</dst>
      <dst id="21">100.3378</dst>
    </src>
    <src id="11">
      <dst id="12">382698.7556</dst>
      <dst id="13">5713.5467</dst>
      <dst id="19">249.0756</dst>
      <dst id="23">20.6222</dst>
      <dst id="8">850.0622</dst>
      <dst id="18">561.9111</dst>
      <dst id="4">9230.2222</dst>
      <dst id="1">521.4933</dst>
      <dst id="5">1278.2400</dst>
      <dst id="3">347.6889</dst>
      <dst id="22">1924.3200</dst>
      <dst id="7">727.7511</dst>
      <dst id="2">151685.1733</dst>
      <dst id="6">1.4222</dst>
      <dst id="16">252.3733</dst>
      <dst id="14">30.8533</dst>
      <dst id="20">194.3378</dst>
      <dst id="11">2357.7956</dst>
      <dst id="9">2707.4311</dst>
      <dst id="17">158208.5333</dst>
      <dst id="21">578.3822</dst>
      <dst id="15">542.5511</dst>
    </src>
    <src id="9">
      <dst id="12">419135.3867</dst>
      <dst id="13">8837.6533</dst>
      <dst id="19">392.6222</dst>
      <dst id="23">31.4489</dst>
      <dst id="8">4369.2711</dst>
      <dst id="18">137.8311</dst>
      <dst id="4">12614.5689</dst>
      <dst id="1">1655.5022</dst>
      <dst id="5">15277.3067</dst>
      <dst id="3">0.4622</dst>
      <dst id="22">2923.0489</dst>
      <dst id="7">302.1778</dst>
      <dst id="2">157533.1378</dst>
      <dst id="6">2.3822</dst>
      <dst id="16">1418.6222</dst>
      <dst id="14">13.7956</dst>
      <dst id="20">17925.5644</dst>
      <dst id="11">1232.3822</dst>
      <dst id="9">677.2978</dst>
      <dst id="17">192783.8667</dst>
      <dst id="21">3793.8844</dst>
      <dst id="15">2361.1111</dst>
    </src>
    <src id="17">
      <dst id="12">5908.2667</dst>
      <dst id="13">11248.5244</dst>
      <dst id="19">220.4800</dst>
      <dst id="23">285.1467</dst>
      <dst id="8">122768.3200</dst>
      <dst id="18">144.2933</dst>
      <dst id="4">31844.3644</dst>
      <dst id="1">1022.3733</dst>
      <dst id="5">214932.1689</dst>
      <dst id="3">8781.4133</dst>
      <dst id="22">7270.2933</dst>
      <dst id="7">1637.4400</dst>
      <dst id="2">19603.6889</dst>
      <dst id="6">47.6889</dst>
      <dst id="16">5028.3111</dst>
      <dst id="14">22499.6089</dst>
      <dst id="20">319.9644</dst>
      <dst id="11">133771.0756</dst>
      <dst id="9">191333.3778</dst>
      <dst id="17">1715.6533</dst>
      <dst id="21">13699.9911</dst>
      <dst id="15">239.9644</dst>
    </src>
    <src id="21">
      <dst id="12">21646.0800</dst>
      <dst id="13">290.5867</dst>
      <dst id="19">869.2711</dst>
      <dst id="23">38.6489</dst>
      <dst id="8">72.1244</dst>
      <dst id="18">433.4222</dst>
      <dst id="4">16758.8711</dst>
      <dst id="1">1004.3289</dst>
      <dst id="5">640.8356</dst>
      <dst id="3">1012.1956</dst>
      <dst id="22">2020.3733</dst>
      <dst id="7">696.0711</dst>
      <dst id="2">10503.9022</dst>
      <dst id="6">4.9956</dst>
      <dst id="16">192.1333</dst>
      <dst id="14">84.4889</dst>
      <dst id="20">91.7778</dst>
      <dst id="11">522.3022</dst>
      <dst id="9">1159.6356</dst>
      <dst id="17">5507.4222</dst>
      <dst id="21">1159.8311</dst>
      <dst id="15">14.2133</dst>
    </src>
    <src id="15">
      <dst id="12">4312.7022</dst>
      <dst id="13">856.1778</dst>
      <dst id="19">1.4044</dst>
      <dst id="23">9.3333</dst>
      <dst id="8">1.0667</dst>
      <dst id="18">26.6667</dst>
      <dst id="4">1934.6844</dst>
      <dst id="1">808.6222</dst>
      <dst id="5">65.4578</dst>
      <dst id="3">2.2844</dst>
      <dst id="7">22.3200</dst>
      <dst id="2">487.3867</dst>
      <dst id="6">8.4889</dst>
      <dst id="11">457.9111</dst>
      <dst id="9">430.8178</dst>
      <dst id="17">10827.7600</dst>
      <dst id="21">117.8933</dst>
    </src>
  </IntraTM>
</TrafficMatrixFile>
