<?xml version="1.0" encoding="UTF-8" standalone="yes"?>
<TrafficMatrixFile xmlns:xsi="http://www.w3.org/2001/XMLSchema-instance" xsi:noNamespaceSchemaLocation="http://totem.run.montefiore.ulg.ac.be/Schema/TrafficMatrix-v1_2.xsd">
  <info>
    <title>Intradomain traffic matrix generated by geant-TM-all.pl</title>
    <date>2005-01-06T00:45:00</date>
    <duration>900</duration>
    <author>Steve Uhlig</author>
    <units>
        <unit type="bandwidth" value="kbps"/>
    </units>
  </info>
  <IntraTM ASID="20965">
    <src id="12">
      <dst id="12">325496.0711</dst>
      <dst id="13">30201.2978</dst>
      <dst id="19">7531.8667</dst>
      <dst id="23">2055.2356</dst>
      <dst id="8">8802.9156</dst>
      <dst id="18">5961.4133</dst>
      <dst id="4">105358.5778</dst>
      <dst id="1">9848.6222</dst>
      <dst id="5">16162.5600</dst>
      <dst id="3">7740.1067</dst>
      <dst id="22">26768.4000</dst>
      <dst id="7">6403.5644</dst>
      <dst id="2">119792.6044</dst>
      <dst id="6">8.8444</dst>
      <dst id="16">11276.3556</dst>
      <dst id="14">568.5600</dst>
      <dst id="20">23037.4400</dst>
      <dst id="11">7906.4711</dst>
      <dst id="9">11372.6222</dst>
      <dst id="17">120265.2267</dst>
      <dst id="21">18515.3244</dst>
      <dst id="15">8614.0000</dst>
    </src>
    <src id="13">
      <dst id="12">96732.6489</dst>
      <dst id="19">28594.9511</dst>
      <dst id="23">380.2044</dst>
      <dst id="8">8609.5289</dst>
      <dst id="18">10786.2578</dst>
      <dst id="4">0.3556</dst>
      <dst id="1">15772.4089</dst>
      <dst id="5">16475.3867</dst>
      <dst id="3">36498.1333</dst>
      <dst id="22">24220.9422</dst>
      <dst id="7">46464.0800</dst>
      <dst id="2">152846.4533</dst>
      <dst id="6">135.1111</dst>
      <dst id="16">15960.6133</dst>
      <dst id="14">5891.8133</dst>
      <dst id="20">25957.2622</dst>
      <dst id="11">26907.6889</dst>
      <dst id="9">15114.7200</dst>
      <dst id="17">113507.0133</dst>
      <dst id="21">47038.6489</dst>
      <dst id="15">4852.2578</dst>
    </src>
    <src id="19">
      <dst id="12">22706.1600</dst>
      <dst id="13">2031.7600</dst>
      <dst id="23">394.3467</dst>
      <dst id="8">109.6622</dst>
      <dst id="18">1904.9244</dst>
      <dst id="4">16911.9289</dst>
      <dst id="1">5139.9378</dst>
      <dst id="5">226.6133</dst>
      <dst id="3">73.6089</dst>
      <dst id="22">1574.9244</dst>
      <dst id="7">9930.7200</dst>
      <dst id="2">2462.3467</dst>
      <dst id="6">1270.8978</dst>
      <dst id="16">6140.6133</dst>
      <dst id="14">6.1689</dst>
      <dst id="20">181.5467</dst>
      <dst id="11">929.5200</dst>
      <dst id="9">778.1600</dst>
      <dst id="17">24878.3911</dst>
      <dst id="21">1347.7778</dst>
      <dst id="15">74.3733</dst>
    </src>
    <src id="23">
      <dst id="12">738.6489</dst>
      <dst id="13">1296.0089</dst>
      <dst id="19">94.7911</dst>
      <dst id="8">52.1956</dst>
      <dst id="18">178.1867</dst>
      <dst id="4">18.7911</dst>
      <dst id="1">107.9289</dst>
      <dst id="5">42.6133</dst>
      <dst id="3">1246.5067</dst>
      <dst id="22">247.6533</dst>
      <dst id="7">272.0711</dst>
      <dst id="2">907.8133</dst>
      <dst id="6">1.5289</dst>
      <dst id="16">458.2222</dst>
      <dst id="14">14.4089</dst>
      <dst id="20">151.1111</dst>
      <dst id="11">618.7556</dst>
      <dst id="9">1661.0578</dst>
      <dst id="17">2474.3467</dst>
      <dst id="21">977.8133</dst>
      <dst id="15">1.4933</dst>
    </src>
    <src id="8">
      <dst id="12">353116.6400</dst>
      <dst id="13">1184.8267</dst>
      <dst id="19">2947.3867</dst>
      <dst id="23">26.5956</dst>
      <dst id="18">549.2978</dst>
      <dst id="4">5304.4711</dst>
      <dst id="1">1680.6756</dst>
      <dst id="5">3219.3244</dst>
      <dst id="3">0.5600</dst>
      <dst id="22">2310.1244</dst>
      <dst id="7">332.7111</dst>
      <dst id="2">138220.9067</dst>
      <dst id="6">1.6444</dst>
      <dst id="16">3192.2311</dst>
      <dst id="14">25.2444</dst>
      <dst id="20">3196.0089</dst>
      <dst id="11">1496.8711</dst>
      <dst id="9">609.4133</dst>
      <dst id="17">153669.1822</dst>
      <dst id="21">390.3733</dst>
      <dst id="15">3278.9422</dst>
    </src>
    <src id="18">
      <dst id="12">138582.2044</dst>
      <dst id="13">491.3333</dst>
      <dst id="19">98.8089</dst>
      <dst id="23">8.2578</dst>
      <dst id="8">361.8133</dst>
      <dst id="4">3004.4356</dst>
      <dst id="1">1523.0222</dst>
      <dst id="5">474.5867</dst>
      <dst id="3">464.3644</dst>
      <dst id="22">325.0667</dst>
      <dst id="7">296.5067</dst>
      <dst id="2">45367.1822</dst>
      <dst id="16">764.2578</dst>
      <dst id="20">157.6178</dst>
      <dst id="11">1106.3822</dst>
      <dst id="9">334.2133</dst>
      <dst id="17">57554.3378</dst>
      <dst id="21">2236.5244</dst>
      <dst id="15">60.9244</dst>
    </src>
    <src id="4">
      <dst id="12">21829.6356</dst>
      <dst id="19">11410.5511</dst>
      <dst id="23">55.8578</dst>
      <dst id="8">4524.7733</dst>
      <dst id="18">2049.2178</dst>
      <dst id="4">2.9333</dst>
      <dst id="1">159447.9644</dst>
      <dst id="5">4540.0711</dst>
      <dst id="3">1690.5956</dst>
      <dst id="22">7589.7422</dst>
      <dst id="7">52102.9422</dst>
      <dst id="2">88064.8800</dst>
      <dst id="6">209.3600</dst>
      <dst id="16">2284.5689</dst>
      <dst id="14">3819.1200</dst>
      <dst id="20">5515.9467</dst>
      <dst id="11">6868.6133</dst>
      <dst id="9">6120.6222</dst>
      <dst id="17">45531.7689</dst>
      <dst id="21">15193.4667</dst>
      <dst id="15">292.3200</dst>
    </src>
    <src id="1">
      <dst id="12">24039.2267</dst>
      <dst id="13">5500.7378</dst>
      <dst id="19">1555.7956</dst>
      <dst id="23">166.8533</dst>
      <dst id="8">194673.4933</dst>
      <dst id="18">20207.2089</dst>
      <dst id="4">19091.0400</dst>
      <dst id="1">29052.2578</dst>
      <dst id="5">295597.5111</dst>
      <dst id="3">1311.7067</dst>
      <dst id="22">12515.3333</dst>
      <dst id="7">42480.2756</dst>
      <dst id="2">21215.0756</dst>
      <dst id="6">14733.0756</dst>
      <dst id="16">10918.0622</dst>
      <dst id="14">1129.2889</dst>
      <dst id="20">12178.8000</dst>
      <dst id="11">4958.3200</dst>
      <dst id="9">367367.8044</dst>
      <dst id="17">40687.2356</dst>
      <dst id="21">26646.6400</dst>
      <dst id="15">104.8267</dst>
    </src>
    <src id="5">
      <dst id="12">378053.4400</dst>
      <dst id="13">1422.8089</dst>
      <dst id="19">505.4044</dst>
      <dst id="23">173.7244</dst>
      <dst id="8">15185.0578</dst>
      <dst id="18">1013.3778</dst>
      <dst id="4">10413.1022</dst>
      <dst id="1">1866.7289</dst>
      <dst id="3">587.8578</dst>
      <dst id="22">5865.3867</dst>
      <dst id="7">1169.6000</dst>
      <dst id="2">174046.6933</dst>
      <dst id="6">15.2978</dst>
      <dst id="16">2104.1778</dst>
      <dst id="14">14.3644</dst>
      <dst id="20">12475.5733</dst>
      <dst id="11">3202.0267</dst>
      <dst id="9">2078.9156</dst>
      <dst id="17">146405.8756</dst>
      <dst id="21">818.3911</dst>
      <dst id="15">294.2400</dst>
    </src>
    <src id="3">
      <dst id="12">13181.4933</dst>
      <dst id="13">11021.5289</dst>
      <dst id="19">2312.5956</dst>
      <dst id="23">8279.5822</dst>
      <dst id="8">2238.6222</dst>
      <dst id="18">260885.0311</dst>
      <dst id="4">45666.9422</dst>
      <dst id="1">7394.5600</dst>
      <dst id="5">1051.2356</dst>
      <dst id="3">22070.0444</dst>
      <dst id="22">3821.7156</dst>
      <dst id="7">32260.0000</dst>
      <dst id="2">8998.7733</dst>
      <dst id="6">30.8800</dst>
      <dst id="16">2514.0356</dst>
      <dst id="14">70211.2533</dst>
      <dst id="20">3628.3289</dst>
      <dst id="11">339091.3422</dst>
      <dst id="9">728.0622</dst>
      <dst id="17">16013.8222</dst>
      <dst id="21">15180.5956</dst>
      <dst id="15">2108.0000</dst>
    </src>
    <src id="10">
      <dst id="12">20961.9378</dst>
      <dst id="19">7174.9689</dst>
      <dst id="8">2951.9822</dst>
      <dst id="18">5558.8444</dst>
      <dst id="1">7828.7911</dst>
      <dst id="5">1710.8978</dst>
      <dst id="3">13373.9022</dst>
      <dst id="22">5004.4622</dst>
      <dst id="7">18960.9422</dst>
      <dst id="2">57112.0000</dst>
      <dst id="6">56.2133</dst>
      <dst id="16">5496.0711</dst>
      <dst id="14">2848.5333</dst>
      <dst id="20">3901.2978</dst>
      <dst id="11">3990.9244</dst>
      <dst id="9">4167.3156</dst>
      <dst id="17">33120.6222</dst>
      <dst id="21">18119.9289</dst>
      <dst id="15">211.0756</dst>
    </src>
    <src id="22">
      <dst id="12">13204.9156</dst>
      <dst id="13">5067.8489</dst>
      <dst id="19">1398.6133</dst>
      <dst id="23">319.5467</dst>
      <dst id="8">1380.3733</dst>
      <dst id="18">1249.5111</dst>
      <dst id="4">20316.2489</dst>
      <dst id="1">3302.0178</dst>
      <dst id="5">4244.3378</dst>
      <dst id="3">1430.2933</dst>
      <dst id="7">3829.7067</dst>
      <dst id="2">9808.0089</dst>
      <dst id="6">4.2133</dst>
      <dst id="16">7.6800</dst>
      <dst id="14">171.5022</dst>
      <dst id="11">5052.7644</dst>
      <dst id="9">3040.4978</dst>
      <dst id="17">8394.9600</dst>
      <dst id="21">2637.7956</dst>
    </src>
    <src id="7">
      <dst id="12">3277.9289</dst>
      <dst id="13">10021.8044</dst>
      <dst id="19">3090.2400</dst>
      <dst id="23">246.9600</dst>
      <dst id="8">536.7822</dst>
      <dst id="18">750.4800</dst>
      <dst id="4">95011.7956</dst>
      <dst id="1">23930.0089</dst>
      <dst id="5">1814.3556</dst>
      <dst id="3">7147.4578</dst>
      <dst id="22">7054.9689</dst>
      <dst id="7">683.0578</dst>
      <dst id="2">13557.5200</dst>
      <dst id="6">157.3156</dst>
      <dst id="16">7177.8044</dst>
      <dst id="14">206.3022</dst>
      <dst id="20">3496.6578</dst>
      <dst id="11">6333.0133</dst>
      <dst id="9">2856.0089</dst>
      <dst id="17">24429.6267</dst>
      <dst id="21">9604.3644</dst>
      <dst id="15">907.0489</dst>
    </src>
    <src id="2">
      <dst id="12">157569.4311</dst>
      <dst id="13">518172.8889</dst>
      <dst id="19">4937.1911</dst>
      <dst id="23">46.9422</dst>
      <dst id="8">3098.6756</dst>
      <dst id="18">184159.9467</dst>
      <dst id="4">106145.6356</dst>
      <dst id="1">18186.3111</dst>
      <dst id="5">1774.9333</dst>
      <dst id="3">2968.4533</dst>
      <dst id="22">4066.2844</dst>
      <dst id="7">13828.1156</dst>
      <dst id="2">1460.2667</dst>
      <dst id="6">10104.9867</dst>
      <dst id="16">4282.4000</dst>
      <dst id="14">3852.9600</dst>
      <dst id="20">2357.4222</dst>
      <dst id="11">10546.6044</dst>
      <dst id="9">9915.1289</dst>
      <dst id="17">47254.1156</dst>
      <dst id="21">7007.4311</dst>
      <dst id="15">147.0756</dst>
    </src>
    <src id="6">
      <dst id="12">11778.4089</dst>
      <dst id="13">80.3022</dst>
      <dst id="19">106.7467</dst>
      <dst id="23">25.3511</dst>
      <dst id="8">23.2889</dst>
      <dst id="18">25.1556</dst>
      <dst id="4">171.4311</dst>
      <dst id="1">139.7422</dst>
      <dst id="5">55.1556</dst>
      <dst id="3">17.9733</dst>
      <dst id="22">5.2267</dst>
      <dst id="7">244.7467</dst>
      <dst id="2">2916.8000</dst>
      <dst id="16">18.4267</dst>
      <dst id="20">14.8533</dst>
      <dst id="11">42.6400</dst>
      <dst id="9">14.9956</dst>
      <dst id="17">2274.7378</dst>
      <dst id="21">52.8622</dst>
    </src>
    <src id="16">
      <dst id="12">3976.3289</dst>
      <dst id="13">1376.1867</dst>
      <dst id="19">3944.6756</dst>
      <dst id="23">83.6800</dst>
      <dst id="8">7660.2844</dst>
      <dst id="18">680.6578</dst>
      <dst id="4">9436.7911</dst>
      <dst id="1">17337.6267</dst>
      <dst id="5">7557.9289</dst>
      <dst id="3">265.2622</dst>
      <dst id="7">6772.7556</dst>
      <dst id="2">2126.4533</dst>
      <dst id="6">91.6533</dst>
      <dst id="16">179.8489</dst>
      <dst id="14">495.2356</dst>
      <dst id="11">606.5600</dst>
      <dst id="9">11124.5867</dst>
      <dst id="17">7905.3956</dst>
      <dst id="21">3952.5867</dst>
    </src>
    <src id="14">
      <dst id="12">24079.5022</dst>
      <dst id="13">49.8044</dst>
      <dst id="19">10.1422</dst>
      <dst id="23">0.3556</dst>
      <dst id="4">2667.5822</dst>
      <dst id="1">154.8000</dst>
      <dst id="5">13.7600</dst>
      <dst id="3">255.6000</dst>
      <dst id="22">45.6444</dst>
      <dst id="7">301.2178</dst>
      <dst id="2">8065.7067</dst>
      <dst id="16">24.1067</dst>
      <dst id="11">42.4889</dst>
      <dst id="9">14.7022</dst>
      <dst id="17">11799.1556</dst>
      <dst id="21">177.2978</dst>
    </src>
    <src id="20">
      <dst id="12">11625.2089</dst>
      <dst id="13">11216.7733</dst>
      <dst id="19">2750.6222</dst>
      <dst id="23">130.4978</dst>
      <dst id="8">922.9156</dst>
      <dst id="18">392.1244</dst>
      <dst id="4">15539.3156</dst>
      <dst id="1">1014.6489</dst>
      <dst id="5">5090.9867</dst>
      <dst id="3">3268.4889</dst>
      <dst id="7">3572.9689</dst>
      <dst id="2">3538.1333</dst>
      <dst id="6">42.4533</dst>
      <dst id="14">6.4444</dst>
      <dst id="11">496.2756</dst>
      <dst id="9">5696.7022</dst>
      <dst id="17">7643.6000</dst>
      <dst id="21">623.8400</dst>
    </src>
    <src id="11">
      <dst id="12">496157.2356</dst>
      <dst id="13">6325.4667</dst>
      <dst id="19">312.3378</dst>
      <dst id="23">11843.0933</dst>
      <dst id="8">962.4000</dst>
      <dst id="18">1533.4756</dst>
      <dst id="4">12761.3422</dst>
      <dst id="1">1167.8667</dst>
      <dst id="5">2317.5022</dst>
      <dst id="3">2589.2711</dst>
      <dst id="22">6089.9022</dst>
      <dst id="7">3840.8889</dst>
      <dst id="2">209644.7733</dst>
      <dst id="6">632.7022</dst>
      <dst id="16">688.1867</dst>
      <dst id="14">677.0133</dst>
      <dst id="20">5559.2889</dst>
      <dst id="11">3064.0089</dst>
      <dst id="9">3969.2889</dst>
      <dst id="17">202978.1689</dst>
      <dst id="21">1450.0267</dst>
      <dst id="15">69.3333</dst>
    </src>
    <src id="9">
      <dst id="12">500990.6667</dst>
      <dst id="13">9743.2356</dst>
      <dst id="19">625.1378</dst>
      <dst id="23">404.8444</dst>
      <dst id="8">2112.5511</dst>
      <dst id="18">741.1644</dst>
      <dst id="4">18713.3422</dst>
      <dst id="1">5887.7600</dst>
      <dst id="5">3029.7689</dst>
      <dst id="3">60.1778</dst>
      <dst id="22">7748.5067</dst>
      <dst id="7">4047.5733</dst>
      <dst id="2">207658.2933</dst>
      <dst id="6">11.2711</dst>
      <dst id="16">1431.7778</dst>
      <dst id="14">25.6800</dst>
      <dst id="20">1390.2756</dst>
      <dst id="11">2686.7467</dst>
      <dst id="9">868.5422</dst>
      <dst id="17">245807.4489</dst>
      <dst id="21">2993.8844</dst>
      <dst id="15">1075.0222</dst>
    </src>
    <src id="17">
      <dst id="12">14446.2933</dst>
      <dst id="13">12552.0711</dst>
      <dst id="19">2421.4933</dst>
      <dst id="23">376.4089</dst>
      <dst id="8">213632.8089</dst>
      <dst id="18">2894.5956</dst>
      <dst id="4">109963.3422</dst>
      <dst id="1">9752.2222</dst>
      <dst id="5">285145.9733</dst>
      <dst id="3">37607.8044</dst>
      <dst id="22">20245.9467</dst>
      <dst id="7">14479.7689</dst>
      <dst id="2">24010.6400</dst>
      <dst id="6">203.7867</dst>
      <dst id="16">20450.0711</dst>
      <dst id="14">45469.5111</dst>
      <dst id="20">15686.3022</dst>
      <dst id="11">256636.3644</dst>
      <dst id="9">307444.0622</dst>
      <dst id="17">2757.6178</dst>
      <dst id="21">28866.1689</dst>
      <dst id="15">271.7067</dst>
    </src>
    <src id="21">
      <dst id="12">23120.3200</dst>
      <dst id="13">8034.0089</dst>
      <dst id="19">885.6267</dst>
      <dst id="23">53.5467</dst>
      <dst id="8">70.6489</dst>
      <dst id="18">6007.4756</dst>
      <dst id="4">26810.4444</dst>
      <dst id="1">25302.1956</dst>
      <dst id="5">673.2356</dst>
      <dst id="3">22856.3111</dst>
      <dst id="22">1314.3022</dst>
      <dst id="7">5157.5111</dst>
      <dst id="2">47166.3289</dst>
      <dst id="6">42.1244</dst>
      <dst id="16">1895.6533</dst>
      <dst id="14">77.3156</dst>
      <dst id="20">5704.8711</dst>
      <dst id="11">708.3644</dst>
      <dst id="9">1363.5378</dst>
      <dst id="17">9395.3778</dst>
      <dst id="21">3697.2978</dst>
      <dst id="15">1053.9733</dst>
    </src>
    <src id="15">
      <dst id="12">2875.4222</dst>
      <dst id="13">928.0622</dst>
      <dst id="19">1381.2622</dst>
      <dst id="23">0.6400</dst>
      <dst id="8">635.7600</dst>
      <dst id="18">126.7911</dst>
      <dst id="4">2014.1600</dst>
      <dst id="1">1620.6222</dst>
      <dst id="5">177.6178</dst>
      <dst id="3">2.7289</dst>
      <dst id="7">586.5511</dst>
      <dst id="2">456.8267</dst>
      <dst id="6">2.2667</dst>
      <dst id="14">3.4133</dst>
      <dst id="11">212.4000</dst>
      <dst id="9">1760.7644</dst>
      <dst id="17">2412.5422</dst>
      <dst id="21">2696.5244</dst>
    </src>
  </IntraTM>
</TrafficMatrixFile>
