<?xml version="1.0" encoding="UTF-8" standalone="yes"?>
<TrafficMatrixFile xmlns:xsi="http://www.w3.org/2001/XMLSchema-instance" xsi:noNamespaceSchemaLocation="http://totem.run.montefiore.ulg.ac.be/Schema/TrafficMatrix-v1_2.xsd">
  <info>
    <title>Intradomain traffic matrix generated by geant-TM-all.pl</title>
    <date>2005-01-01T13:15:00</date>
    <duration>900</duration>
    <author>Steve Uhlig</author>
    <units>
        <unit type="bandwidth" value="kbps"/>
    </units>
  </info>
  <IntraTM ASID="20965">
    <src id="12">
      <dst id="12">209781.3422</dst>
      <dst id="13">17884.1511</dst>
      <dst id="19">5653.7511</dst>
      <dst id="23">8.1333</dst>
      <dst id="8">1914.8533</dst>
      <dst id="18">4112.0533</dst>
      <dst id="4">92745.7956</dst>
      <dst id="1">7330.1511</dst>
      <dst id="5">1130.1422</dst>
      <dst id="3">1177.1467</dst>
      <dst id="22">1845.6000</dst>
      <dst id="7">1568.1511</dst>
      <dst id="2">64448.0000</dst>
      <dst id="6">64.9333</dst>
      <dst id="16">5745.3156</dst>
      <dst id="14">1226.9600</dst>
      <dst id="20">9255.8844</dst>
      <dst id="11">1189.5911</dst>
      <dst id="9">7040.4533</dst>
      <dst id="17">39184.5600</dst>
      <dst id="21">7421.6178</dst>
      <dst id="15">2407.5822</dst>
    </src>
    <src id="13">
      <dst id="12">46488.8711</dst>
      <dst id="19">5304.1689</dst>
      <dst id="23">4.2578</dst>
      <dst id="8">1048.8711</dst>
      <dst id="18">2216.7200</dst>
      <dst id="4">0.3556</dst>
      <dst id="1">1298.1244</dst>
      <dst id="5">5169.8133</dst>
      <dst id="3">5951.5733</dst>
      <dst id="22">18931.2978</dst>
      <dst id="7">7281.5022</dst>
      <dst id="2">68257.0756</dst>
      <dst id="6">8.5333</dst>
      <dst id="16">4611.3867</dst>
      <dst id="14">1485.8844</dst>
      <dst id="20">8215.4400</dst>
      <dst id="11">5548.2311</dst>
      <dst id="9">9268.8711</dst>
      <dst id="17">50569.2444</dst>
      <dst id="21">11282.3467</dst>
      <dst id="15">6271.3689</dst>
    </src>
    <src id="19">
      <dst id="12">10227.0844</dst>
      <dst id="13">5524.2311</dst>
      <dst id="23">1.3867</dst>
      <dst id="8">44.6222</dst>
      <dst id="18">50.4000</dst>
      <dst id="4">18199.7600</dst>
      <dst id="1">62.3822</dst>
      <dst id="5">1.7778</dst>
      <dst id="3">268.5867</dst>
      <dst id="22">30.5956</dst>
      <dst id="7">3040.8800</dst>
      <dst id="2">134.6400</dst>
      <dst id="6">14.7644</dst>
      <dst id="16">11983.8756</dst>
      <dst id="20">1.7778</dst>
      <dst id="11">3.6000</dst>
      <dst id="9">0.4978</dst>
      <dst id="17">1651.4756</dst>
      <dst id="21">620.6489</dst>
    </src>
    <src id="23">
      <dst id="12">81.2711</dst>
      <dst id="13">28.3822</dst>
      <dst id="19">59.6978</dst>
      <dst id="18">2.8356</dst>
      <dst id="4">4.6667</dst>
      <dst id="1">36.1778</dst>
      <dst id="5">22.0800</dst>
      <dst id="3">26.2133</dst>
      <dst id="22">30.0978</dst>
      <dst id="7">175.3156</dst>
      <dst id="2">40.6933</dst>
      <dst id="16">6.4800</dst>
      <dst id="14">12.6222</dst>
      <dst id="20">0.6756</dst>
      <dst id="11">151.3244</dst>
      <dst id="9">238.5244</dst>
      <dst id="17">29.1911</dst>
      <dst id="21">88.8178</dst>
      <dst id="15">1.4756</dst>
    </src>
    <src id="8">
      <dst id="12">271079.6444</dst>
      <dst id="13">237.7422</dst>
      <dst id="19">185.7511</dst>
      <dst id="23">25.9556</dst>
      <dst id="18">14.0089</dst>
      <dst id="4">6232.4533</dst>
      <dst id="1">68.3289</dst>
      <dst id="5">438.3644</dst>
      <dst id="3">30.8800</dst>
      <dst id="22">563.7244</dst>
      <dst id="7">9.5111</dst>
      <dst id="2">82476.7911</dst>
      <dst id="16">148.2667</dst>
      <dst id="14">222.3200</dst>
      <dst id="20">12.5511</dst>
      <dst id="11">116.3911</dst>
      <dst id="9">68.8178</dst>
      <dst id="17">54720.6578</dst>
      <dst id="21">49.3956</dst>
      <dst id="15">210.9156</dst>
    </src>
    <src id="18">
      <dst id="12">117320.7200</dst>
      <dst id="13">342.4622</dst>
      <dst id="19">9.8400</dst>
      <dst id="8">13.3333</dst>
      <dst id="4">1387.3600</dst>
      <dst id="1">1615.2800</dst>
      <dst id="5">305.4400</dst>
      <dst id="3">135.6889</dst>
      <dst id="22">61.6444</dst>
      <dst id="7">173.5644</dst>
      <dst id="2">29208.5600</dst>
      <dst id="16">12.6400</dst>
      <dst id="14">0.4622</dst>
      <dst id="20">10.0267</dst>
      <dst id="11">59.0400</dst>
      <dst id="9">179.0222</dst>
      <dst id="17">24740.9333</dst>
      <dst id="21">210.8889</dst>
      <dst id="15">159.9644</dst>
    </src>
    <src id="4">
      <dst id="12">11406.0800</dst>
      <dst id="19">15657.4133</dst>
      <dst id="8">597.6089</dst>
      <dst id="18">533.4933</dst>
      <dst id="1">4546.5867</dst>
      <dst id="5">1797.8756</dst>
      <dst id="3">30453.7244</dst>
      <dst id="22">2691.6178</dst>
      <dst id="7">27934.5778</dst>
      <dst id="2">78347.1111</dst>
      <dst id="6">0.4978</dst>
      <dst id="16">622.9956</dst>
      <dst id="14">1688.7378</dst>
      <dst id="20">795.1911</dst>
      <dst id="11">7051.5467</dst>
      <dst id="9">2730.7911</dst>
      <dst id="17">36165.8933</dst>
      <dst id="21">7689.9556</dst>
      <dst id="15">244.9422</dst>
    </src>
    <src id="1">
      <dst id="12">14681.5822</dst>
      <dst id="13">331.7956</dst>
      <dst id="19">3152.8356</dst>
      <dst id="23">53.1111</dst>
      <dst id="8">53657.7778</dst>
      <dst id="18">11697.9556</dst>
      <dst id="4">7121.2178</dst>
      <dst id="1">53.1911</dst>
      <dst id="5">127743.4133</dst>
      <dst id="3">36630.4000</dst>
      <dst id="22">307.2267</dst>
      <dst id="7">15757.8844</dst>
      <dst id="2">1909.9733</dst>
      <dst id="6">3881.9911</dst>
      <dst id="16">18583.4400</dst>
      <dst id="14">34.1422</dst>
      <dst id="20">78.4000</dst>
      <dst id="11">384.6044</dst>
      <dst id="9">123568.5600</dst>
      <dst id="17">3658.1333</dst>
      <dst id="21">3311.4578</dst>
      <dst id="15">109.4756</dst>
    </src>
    <src id="5">
      <dst id="12">277188.6400</dst>
      <dst id="13">557.9022</dst>
      <dst id="19">18.4178</dst>
      <dst id="23">420.1422</dst>
      <dst id="8">329.1644</dst>
      <dst id="18">382.8356</dst>
      <dst id="4">8186.5511</dst>
      <dst id="1">37.5022</dst>
      <dst id="3">266.6578</dst>
      <dst id="22">3470.5422</dst>
      <dst id="7">56.7822</dst>
      <dst id="2">102373.1111</dst>
      <dst id="6">0.3556</dst>
      <dst id="16">838.3200</dst>
      <dst id="14">25.5289</dst>
      <dst id="20">2153.7244</dst>
      <dst id="11">1353.0133</dst>
      <dst id="9">1618.2311</dst>
      <dst id="17">73577.2711</dst>
      <dst id="21">337.6356</dst>
      <dst id="15">213.8756</dst>
    </src>
    <src id="3">
      <dst id="12">11887.2889</dst>
      <dst id="13">951.0756</dst>
      <dst id="19">4589.2089</dst>
      <dst id="23">2.9689</dst>
      <dst id="8">63.6267</dst>
      <dst id="18">63891.3422</dst>
      <dst id="4">42895.4222</dst>
      <dst id="1">1921.8667</dst>
      <dst id="5">352.5689</dst>
      <dst id="3">7874.9156</dst>
      <dst id="22">330.3378</dst>
      <dst id="7">1764.6044</dst>
      <dst id="2">3970.3911</dst>
      <dst id="6">1.1378</dst>
      <dst id="16">1055.5822</dst>
      <dst id="14">16889.4222</dst>
      <dst id="20">179.7778</dst>
      <dst id="11">94442.5067</dst>
      <dst id="9">137.5111</dst>
      <dst id="17">16480.8889</dst>
      <dst id="21">6636.4267</dst>
      <dst id="15">29.9111</dst>
    </src>
    <src id="10">
      <dst id="12">16108.5867</dst>
      <dst id="19">3141.5644</dst>
      <dst id="8">1055.7511</dst>
      <dst id="18">15034.7733</dst>
      <dst id="4">5.3333</dst>
      <dst id="1">972.2311</dst>
      <dst id="5">500.6933</dst>
      <dst id="3">7778.2489</dst>
      <dst id="22">7330.6311</dst>
      <dst id="7">4022.6489</dst>
      <dst id="2">20885.6622</dst>
      <dst id="6">14.5778</dst>
      <dst id="16">304.4267</dst>
      <dst id="14">3244.4622</dst>
      <dst id="20">3333.3511</dst>
      <dst id="11">2633.6178</dst>
      <dst id="9">2336.6222</dst>
      <dst id="17">44210.7822</dst>
      <dst id="21">6330.4267</dst>
      <dst id="15">440.2578</dst>
    </src>
    <src id="22">
      <dst id="12">9847.9556</dst>
      <dst id="13">1241.6356</dst>
      <dst id="19">4.9422</dst>
      <dst id="23">107.9289</dst>
      <dst id="8">458.1511</dst>
      <dst id="18">636.8089</dst>
      <dst id="4">16882.9067</dst>
      <dst id="1">76.6044</dst>
      <dst id="5">7531.5556</dst>
      <dst id="3">358.0711</dst>
      <dst id="7">3161.9289</dst>
      <dst id="2">696.6044</dst>
      <dst id="6">1.1733</dst>
      <dst id="14">182.7378</dst>
      <dst id="11">4160.9511</dst>
      <dst id="9">2716.1956</dst>
      <dst id="17">4172.9422</dst>
      <dst id="21">3208.6844</dst>
    </src>
    <src id="7">
      <dst id="12">2724.4978</dst>
      <dst id="13">44.4533</dst>
      <dst id="19">231.3511</dst>
      <dst id="23">32.5156</dst>
      <dst id="8">287.5022</dst>
      <dst id="18">351.6622</dst>
      <dst id="4">63868.5156</dst>
      <dst id="1">1488.3289</dst>
      <dst id="5">1331.9111</dst>
      <dst id="3">799.8400</dst>
      <dst id="22">5567.2533</dst>
      <dst id="7">734.6489</dst>
      <dst id="2">3397.9022</dst>
      <dst id="6">0.4978</dst>
      <dst id="16">444.4889</dst>
      <dst id="14">90.8622</dst>
      <dst id="20">8.7022</dst>
      <dst id="11">678.0000</dst>
      <dst id="9">197.4844</dst>
      <dst id="17">7024.1422</dst>
      <dst id="21">5394.1333</dst>
      <dst id="15">114.4089</dst>
    </src>
    <src id="2">
      <dst id="12">53675.4311</dst>
      <dst id="13">1845.3244</dst>
      <dst id="19">610.2844</dst>
      <dst id="8">85.4222</dst>
      <dst id="18">49296.7289</dst>
      <dst id="4">106343.4044</dst>
      <dst id="1">1865.1644</dst>
      <dst id="5">481.7778</dst>
      <dst id="3">5422.8267</dst>
      <dst id="22">891.2533</dst>
      <dst id="7">6321.9289</dst>
      <dst id="2">288.8089</dst>
      <dst id="6">5500.3822</dst>
      <dst id="16">3065.0400</dst>
      <dst id="14">115.8578</dst>
      <dst id="20">333.9822</dst>
      <dst id="11">2618.8800</dst>
      <dst id="9">219.6889</dst>
      <dst id="17">30070.7911</dst>
      <dst id="21">3615.9378</dst>
      <dst id="15">18.4533</dst>
    </src>
    <src id="6">
      <dst id="12">7982.4000</dst>
      <dst id="13">3.2889</dst>
      <dst id="19">2.4444</dst>
      <dst id="23">0.4978</dst>
      <dst id="8">0.7111</dst>
      <dst id="4">9.4933</dst>
      <dst id="1">0.3378</dst>
      <dst id="22">1.3067</dst>
      <dst id="2">1478.4444</dst>
      <dst id="9">1.1378</dst>
      <dst id="17">873.8400</dst>
      <dst id="21">0.6756</dst>
    </src>
    <src id="16">
      <dst id="12">4362.5778</dst>
      <dst id="13">211.7067</dst>
      <dst id="19">5319.3956</dst>
      <dst id="23">0.8533</dst>
      <dst id="8">1493.6622</dst>
      <dst id="18">8.7200</dst>
      <dst id="4">5350.2133</dst>
      <dst id="1">20148.4267</dst>
      <dst id="5">597.9733</dst>
      <dst id="3">739.0044</dst>
      <dst id="7">1579.5822</dst>
      <dst id="2">297.4222</dst>
      <dst id="16">9.8222</dst>
      <dst id="11">77.7067</dst>
      <dst id="9">1434.8800</dst>
      <dst id="17">1948.5244</dst>
      <dst id="21">366.2489</dst>
    </src>
    <src id="14">
      <dst id="12">18792.7467</dst>
      <dst id="13">62.2400</dst>
      <dst id="19">2.2400</dst>
      <dst id="8">4.6222</dst>
      <dst id="18">2.8000</dst>
      <dst id="4">2172.4089</dst>
      <dst id="1">44.3644</dst>
      <dst id="5">1.2089</dst>
      <dst id="3">48.3822</dst>
      <dst id="22">7.5822</dst>
      <dst id="7">30.0978</dst>
      <dst id="2">5052.1156</dst>
      <dst id="11">37.0222</dst>
      <dst id="9">23.5733</dst>
      <dst id="17">3529.8844</dst>
      <dst id="21">32.2489</dst>
    </src>
    <src id="20">
      <dst id="12">3317.3689</dst>
      <dst id="13">1154.3911</dst>
      <dst id="19">9.7600</dst>
      <dst id="8">74.5867</dst>
      <dst id="18">480.9156</dst>
      <dst id="4">9832.8533</dst>
      <dst id="1">35.7156</dst>
      <dst id="5">459.9378</dst>
      <dst id="3">45.8578</dst>
      <dst id="7">170.6844</dst>
      <dst id="2">3359.1911</dst>
      <dst id="16">2.9867</dst>
      <dst id="14">26.6667</dst>
      <dst id="11">691.5644</dst>
      <dst id="9">79.5289</dst>
      <dst id="17">387.7511</dst>
      <dst id="21">561.1644</dst>
    </src>
    <src id="11">
      <dst id="12">388413.8578</dst>
      <dst id="13">392.7022</dst>
      <dst id="19">82.3822</dst>
      <dst id="23">129.9556</dst>
      <dst id="8">110.0267</dst>
      <dst id="18">278.7644</dst>
      <dst id="4">16554.6044</dst>
      <dst id="1">467.0222</dst>
      <dst id="5">2142.1689</dst>
      <dst id="3">556.5067</dst>
      <dst id="22">4569.9022</dst>
      <dst id="7">351.0044</dst>
      <dst id="2">135114.3467</dst>
      <dst id="6">0.3556</dst>
      <dst id="16">104.7111</dst>
      <dst id="14">82.9867</dst>
      <dst id="20">163.7689</dst>
      <dst id="11">1401.2889</dst>
      <dst id="9">262.2667</dst>
      <dst id="17">82006.4622</dst>
      <dst id="21">1722.5867</dst>
      <dst id="15">90.5956</dst>
    </src>
    <src id="9">
      <dst id="12">441723.0844</dst>
      <dst id="13">1741.1822</dst>
      <dst id="19">9.3956</dst>
      <dst id="23">10.7200</dst>
      <dst id="8">21.0044</dst>
      <dst id="18">3006.3556</dst>
      <dst id="4">11728.0711</dst>
      <dst id="1">89.6533</dst>
      <dst id="5">317.0400</dst>
      <dst id="3">348.0711</dst>
      <dst id="22">700.5778</dst>
      <dst id="7">107.1022</dst>
      <dst id="2">126684.3556</dst>
      <dst id="6">1.7422</dst>
      <dst id="16">88.5600</dst>
      <dst id="14">39.9289</dst>
      <dst id="20">532.4089</dst>
      <dst id="11">104.7911</dst>
      <dst id="9">510.6044</dst>
      <dst id="17">109948.5689</dst>
      <dst id="21">288.2489</dst>
      <dst id="15">293.3867</dst>
    </src>
    <src id="17">
      <dst id="12">14290.7378</dst>
      <dst id="13">13784.7911</dst>
      <dst id="19">12003.6178</dst>
      <dst id="23">13.7956</dst>
      <dst id="8">71243.1644</dst>
      <dst id="18">89.7689</dst>
      <dst id="4">155924.3111</dst>
      <dst id="1">431.4844</dst>
      <dst id="5">125327.9467</dst>
      <dst id="3">9382.9422</dst>
      <dst id="22">1723.6267</dst>
      <dst id="7">22617.5022</dst>
      <dst id="2">10021.4311</dst>
      <dst id="6">46.5867</dst>
      <dst id="16">2635.4578</dst>
      <dst id="14">10481.0311</dst>
      <dst id="20">105.3867</dst>
      <dst id="11">85429.6533</dst>
      <dst id="9">104172.9333</dst>
      <dst id="17">1702.3644</dst>
      <dst id="21">14751.1644</dst>
      <dst id="15">53.2533</dst>
    </src>
    <src id="21">
      <dst id="12">19039.5111</dst>
      <dst id="13">1199.6178</dst>
      <dst id="19">282.5511</dst>
      <dst id="23">88.9689</dst>
      <dst id="8">3.2444</dst>
      <dst id="18">1616.3378</dst>
      <dst id="4">24798.2578</dst>
      <dst id="1">1887.8222</dst>
      <dst id="5">488.7733</dst>
      <dst id="3">968.1600</dst>
      <dst id="22">1513.3600</dst>
      <dst id="7">2543.0400</dst>
      <dst id="2">8679.1644</dst>
      <dst id="6">0.8889</dst>
      <dst id="16">119.7422</dst>
      <dst id="14">73.5733</dst>
      <dst id="20">41.2444</dst>
      <dst id="11">685.9022</dst>
      <dst id="9">107.8222</dst>
      <dst id="17">3307.3156</dst>
      <dst id="21">2344.5244</dst>
      <dst id="15">117.5378</dst>
    </src>
    <src id="15">
      <dst id="12">278.2933</dst>
      <dst id="13">253.8044</dst>
      <dst id="8">52.7111</dst>
      <dst id="18">16.4622</dst>
      <dst id="4">2323.8222</dst>
      <dst id="1">63.7511</dst>
      <dst id="5">371.0933</dst>
      <dst id="3">571.4844</dst>
      <dst id="7">123.7067</dst>
      <dst id="2">24.7644</dst>
      <dst id="11">176.2667</dst>
      <dst id="9">742.8889</dst>
      <dst id="17">230.4533</dst>
      <dst id="21">99.5289</dst>
    </src>
  </IntraTM>
</TrafficMatrixFile>
