<?xml version="1.0" encoding="UTF-8" standalone="yes"?>
<TrafficMatrixFile xmlns:xsi="http://www.w3.org/2001/XMLSchema-instance" xsi:noNamespaceSchemaLocation="http://totem.run.montefiore.ulg.ac.be/Schema/TrafficMatrix-v1_2.xsd">
  <info>
    <title>Intradomain traffic matrix generated by geant-TM-all.pl</title>
    <date>2005-01-03T19:00:00</date>
    <duration>900</duration>
    <author>Steve Uhlig</author>
    <units>
        <unit type="bandwidth" value="kbps"/>
    </units>
  </info>
  <IntraTM ASID="20965">
    <src id="12">
      <dst id="12">239048.3911</dst>
      <dst id="13">30295.9022</dst>
      <dst id="19">1901.2622</dst>
      <dst id="23">25.9644</dst>
      <dst id="8">5159.7511</dst>
      <dst id="18">422.7822</dst>
      <dst id="4">69684.7289</dst>
      <dst id="1">6255.9911</dst>
      <dst id="5">5689.5556</dst>
      <dst id="3">2690.6311</dst>
      <dst id="22">8022.9956</dst>
      <dst id="7">1663.0044</dst>
      <dst id="2">76045.8311</dst>
      <dst id="6">3.5822</dst>
      <dst id="16">3990.8000</dst>
      <dst id="14">338.6489</dst>
      <dst id="20">3072.8711</dst>
      <dst id="11">2683.3422</dst>
      <dst id="9">3275.1733</dst>
      <dst id="17">87454.9689</dst>
      <dst id="21">4347.4311</dst>
      <dst id="15">2585.9200</dst>
    </src>
    <src id="13">
      <dst id="12">50867.6444</dst>
      <dst id="19">16104.7378</dst>
      <dst id="23">32.8889</dst>
      <dst id="8">2815.0133</dst>
      <dst id="18">946.4089</dst>
      <dst id="1">2699.9911</dst>
      <dst id="5">10056.8622</dst>
      <dst id="3">10279.4578</dst>
      <dst id="22">23744.6756</dst>
      <dst id="7">14499.3156</dst>
      <dst id="2">66642.5422</dst>
      <dst id="6">191.0844</dst>
      <dst id="16">33925.6978</dst>
      <dst id="14">1644.5511</dst>
      <dst id="20">4025.2711</dst>
      <dst id="11">11129.1289</dst>
      <dst id="9">63090.3822</dst>
      <dst id="17">56040.3378</dst>
      <dst id="21">6667.1822</dst>
      <dst id="15">8740.8533</dst>
    </src>
    <src id="19">
      <dst id="12">13849.4133</dst>
      <dst id="13">826.2489</dst>
      <dst id="23">2.3733</dst>
      <dst id="8">1.2800</dst>
      <dst id="18">269.3511</dst>
      <dst id="4">16867.0489</dst>
      <dst id="1">680.5956</dst>
      <dst id="5">22.7200</dst>
      <dst id="3">30.2222</dst>
      <dst id="22">274.2400</dst>
      <dst id="7">3305.3422</dst>
      <dst id="2">4967.3067</dst>
      <dst id="6">168.9867</dst>
      <dst id="16">6795.6444</dst>
      <dst id="14">4.1244</dst>
      <dst id="20">29.8222</dst>
      <dst id="11">53.8933</dst>
      <dst id="9">2862.8711</dst>
      <dst id="17">1940.7911</dst>
      <dst id="21">488.3822</dst>
      <dst id="15">0.4267</dst>
    </src>
    <src id="23">
      <dst id="12">270.2667</dst>
      <dst id="13">356.9867</dst>
      <dst id="19">12.6222</dst>
      <dst id="8">26.6667</dst>
      <dst id="18">1.1378</dst>
      <dst id="4">72.6400</dst>
      <dst id="1">89.3156</dst>
      <dst id="3">376.2844</dst>
      <dst id="22">79.7333</dst>
      <dst id="7">103.1111</dst>
      <dst id="2">82.8711</dst>
      <dst id="6">13.7422</dst>
      <dst id="16">523.1467</dst>
      <dst id="14">12.6222</dst>
      <dst id="11">159.7867</dst>
      <dst id="9">421.6533</dst>
      <dst id="17">48.0000</dst>
      <dst id="21">79.5556</dst>
      <dst id="15">1.7156</dst>
    </src>
    <src id="8">
      <dst id="12">290310.2933</dst>
      <dst id="13">496.4356</dst>
      <dst id="19">1.0044</dst>
      <dst id="23">2.0978</dst>
      <dst id="18">41.1467</dst>
      <dst id="4">4549.0044</dst>
      <dst id="1">25.7333</dst>
      <dst id="5">1692.4267</dst>
      <dst id="3">12.9778</dst>
      <dst id="22">1220.8089</dst>
      <dst id="7">167.5022</dst>
      <dst id="2">110696.4622</dst>
      <dst id="16">351.1111</dst>
      <dst id="20">103.9378</dst>
      <dst id="11">421.5822</dst>
      <dst id="9">519.3244</dst>
      <dst id="17">109550.9867</dst>
      <dst id="21">60.1867</dst>
      <dst id="15">323.5733</dst>
    </src>
    <src id="18">
      <dst id="12">86068.2489</dst>
      <dst id="13">159.3600</dst>
      <dst id="19">7.2800</dst>
      <dst id="8">21.1911</dst>
      <dst id="4">723.9289</dst>
      <dst id="1">908.5333</dst>
      <dst id="5">92.7733</dst>
      <dst id="3">85.5556</dst>
      <dst id="22">88.2133</dst>
      <dst id="7">41.4311</dst>
      <dst id="2">28450.0978</dst>
      <dst id="16">23.8222</dst>
      <dst id="20">18.8178</dst>
      <dst id="11">118.1333</dst>
      <dst id="9">29.2711</dst>
      <dst id="17">31445.6711</dst>
      <dst id="21">289.3067</dst>
      <dst id="15">0.4978</dst>
    </src>
    <src id="4">
      <dst id="12">16744.5244</dst>
      <dst id="19">15212.2667</dst>
      <dst id="8">2480.3911</dst>
      <dst id="18">1696.8089</dst>
      <dst id="4">7.3244</dst>
      <dst id="1">118857.5644</dst>
      <dst id="5">1808.3822</dst>
      <dst id="3">709.7244</dst>
      <dst id="22">6727.0667</dst>
      <dst id="7">132036.0267</dst>
      <dst id="2">36130.4800</dst>
      <dst id="6">16.6933</dst>
      <dst id="16">1249.6178</dst>
      <dst id="14">1477.7067</dst>
      <dst id="20">443.9733</dst>
      <dst id="11">6135.5289</dst>
      <dst id="9">3481.7956</dst>
      <dst id="17">24825.2356</dst>
      <dst id="21">8277.9556</dst>
      <dst id="15">693.0133</dst>
    </src>
    <src id="1">
      <dst id="12">14547.2978</dst>
      <dst id="13">433.3511</dst>
      <dst id="19">130.3822</dst>
      <dst id="23">6.9867</dst>
      <dst id="8">114717.3689</dst>
      <dst id="18">14973.4933</dst>
      <dst id="4">3516.5956</dst>
      <dst id="1">96312.7644</dst>
      <dst id="5">206269.6000</dst>
      <dst id="3">83.9733</dst>
      <dst id="22">3886.8889</dst>
      <dst id="7">15215.9467</dst>
      <dst id="2">1230.3111</dst>
      <dst id="6">7791.7067</dst>
      <dst id="16">10892.3289</dst>
      <dst id="14">65.6267</dst>
      <dst id="20">286.1778</dst>
      <dst id="11">258.3467</dst>
      <dst id="9">231010.2222</dst>
      <dst id="17">1299.5200</dst>
      <dst id="21">3973.6089</dst>
      <dst id="15">163.5022</dst>
    </src>
    <src id="5">
      <dst id="12">277030.5600</dst>
      <dst id="13">1520.4089</dst>
      <dst id="19">6.9689</dst>
      <dst id="23">1.3867</dst>
      <dst id="8">4215.6356</dst>
      <dst id="18">101.5200</dst>
      <dst id="4">5329.8844</dst>
      <dst id="1">320.2756</dst>
      <dst id="3">1.7600</dst>
      <dst id="22">4371.5911</dst>
      <dst id="7">1669.0133</dst>
      <dst id="2">113638.0089</dst>
      <dst id="6">40.8533</dst>
      <dst id="16">693.5556</dst>
      <dst id="14">48.9333</dst>
      <dst id="20">5539.3511</dst>
      <dst id="11">2124.5778</dst>
      <dst id="9">1831.9111</dst>
      <dst id="17">95934.4978</dst>
      <dst id="21">300.2222</dst>
      <dst id="15">241.0311</dst>
    </src>
    <src id="3">
      <dst id="12">9000.8444</dst>
      <dst id="13">273.3333</dst>
      <dst id="19">3817.1467</dst>
      <dst id="23">11630.9867</dst>
      <dst id="8">130.1600</dst>
      <dst id="18">58998.2400</dst>
      <dst id="4">15939.9200</dst>
      <dst id="1">9052.4533</dst>
      <dst id="5">460.1333</dst>
      <dst id="3">12648.6667</dst>
      <dst id="22">658.1067</dst>
      <dst id="7">1460.2756</dst>
      <dst id="2">10632.4444</dst>
      <dst id="6">1.4222</dst>
      <dst id="16">1385.8844</dst>
      <dst id="14">31692.6044</dst>
      <dst id="20">31.6800</dst>
      <dst id="11">123712.6044</dst>
      <dst id="9">702.1778</dst>
      <dst id="17">3800.7911</dst>
      <dst id="21">14173.6267</dst>
      <dst id="15">35.7156</dst>
    </src>
    <src id="10">
      <dst id="12">14271.3689</dst>
      <dst id="19">692.4622</dst>
      <dst id="8">1254.2844</dst>
      <dst id="18">2646.4089</dst>
      <dst id="1">2286.9067</dst>
      <dst id="5">434.0711</dst>
      <dst id="3">5100.3822</dst>
      <dst id="22">6912.9244</dst>
      <dst id="7">11175.6622</dst>
      <dst id="2">18925.4667</dst>
      <dst id="6">101.7333</dst>
      <dst id="16">774.0711</dst>
      <dst id="14">856.1067</dst>
      <dst id="20">2322.6222</dst>
      <dst id="11">5439.2000</dst>
      <dst id="9">1711.2356</dst>
      <dst id="17">18315.0667</dst>
      <dst id="21">6881.3778</dst>
      <dst id="15">610.3111</dst>
    </src>
    <src id="22">
      <dst id="12">6394.4089</dst>
      <dst id="13">13802.6044</dst>
      <dst id="19">174.2578</dst>
      <dst id="23">93.0222</dst>
      <dst id="8">582.8356</dst>
      <dst id="18">435.8844</dst>
      <dst id="4">15371.1556</dst>
      <dst id="1">154.3733</dst>
      <dst id="5">3552.2400</dst>
      <dst id="3">321.9111</dst>
      <dst id="7">1983.7778</dst>
      <dst id="2">3671.0311</dst>
      <dst id="6">12.0000</dst>
      <dst id="16">25.2622</dst>
      <dst id="14">128.4267</dst>
      <dst id="11">1508.9422</dst>
      <dst id="9">1923.5911</dst>
      <dst id="17">5071.0667</dst>
      <dst id="21">1091.0222</dst>
    </src>
    <src id="7">
      <dst id="12">4705.8222</dst>
      <dst id="13">191.7333</dst>
      <dst id="19">183.2178</dst>
      <dst id="23">56.7644</dst>
      <dst id="8">4042.3378</dst>
      <dst id="18">209.3067</dst>
      <dst id="4">21140.5956</dst>
      <dst id="1">1907.1556</dst>
      <dst id="5">1145.7778</dst>
      <dst id="3">639.2000</dst>
      <dst id="22">4895.9200</dst>
      <dst id="7">921.8222</dst>
      <dst id="2">3244.4444</dst>
      <dst id="6">53.2622</dst>
      <dst id="16">1289.5022</dst>
      <dst id="14">46.0356</dst>
      <dst id="20">1015.3778</dst>
      <dst id="11">4132.0800</dst>
      <dst id="9">824.6933</dst>
      <dst id="17">20134.5511</dst>
      <dst id="21">2276.0800</dst>
      <dst id="15">146.1244</dst>
    </src>
    <src id="2">
      <dst id="12">137664.1244</dst>
      <dst id="13">516083.6000</dst>
      <dst id="19">575.2089</dst>
      <dst id="23">1.8311</dst>
      <dst id="8">141.2889</dst>
      <dst id="18">54877.3600</dst>
      <dst id="4">60940.9956</dst>
      <dst id="1">17313.7778</dst>
      <dst id="5">1136.8000</dst>
      <dst id="3">156.0089</dst>
      <dst id="22">1941.4133</dst>
      <dst id="7">3312.3022</dst>
      <dst id="2">1042.1244</dst>
      <dst id="6">8190.3644</dst>
      <dst id="16">4376.4711</dst>
      <dst id="14">5237.5556</dst>
      <dst id="20">587.6089</dst>
      <dst id="11">10413.3511</dst>
      <dst id="9">949.8133</dst>
      <dst id="17">19149.1644</dst>
      <dst id="21">1197.0044</dst>
      <dst id="15">1109.8489</dst>
    </src>
    <src id="6">
      <dst id="12">9032.9067</dst>
      <dst id="13">2.4711</dst>
      <dst id="19">3.9911</dst>
      <dst id="8">1.3244</dst>
      <dst id="4">1230.0267</dst>
      <dst id="1">1.5733</dst>
      <dst id="5">1.8578</dst>
      <dst id="22">1.1733</dst>
      <dst id="7">1.6178</dst>
      <dst id="2">2507.0578</dst>
      <dst id="16">3.9556</dst>
      <dst id="11">3.2622</dst>
      <dst id="9">5.9822</dst>
      <dst id="17">2212.3822</dst>
      <dst id="21">1.3867</dst>
    </src>
    <src id="16">
      <dst id="12">3865.1911</dst>
      <dst id="13">265.0578</dst>
      <dst id="19">3314.1244</dst>
      <dst id="23">13.5733</dst>
      <dst id="8">2830.3467</dst>
      <dst id="18">11.6533</dst>
      <dst id="4">3941.1022</dst>
      <dst id="1">19158.6844</dst>
      <dst id="5">4516.8267</dst>
      <dst id="3">8.0178</dst>
      <dst id="22">0.3644</dst>
      <dst id="7">2139.3600</dst>
      <dst id="2">241.1378</dst>
      <dst id="6">14.0800</dst>
      <dst id="16">55.7600</dst>
      <dst id="14">14.2933</dst>
      <dst id="11">113.2178</dst>
      <dst id="9">7301.3333</dst>
      <dst id="17">1260.3111</dst>
      <dst id="21">2645.4844</dst>
    </src>
    <src id="14">
      <dst id="12">17032.8711</dst>
      <dst id="13">48.6756</dst>
      <dst id="19">7.7067</dst>
      <dst id="23">0.4978</dst>
      <dst id="4">2136.6933</dst>
      <dst id="1">40.7733</dst>
      <dst id="5">31.9467</dst>
      <dst id="3">75.3511</dst>
      <dst id="22">7.2267</dst>
      <dst id="7">55.1289</dst>
      <dst id="2">3957.3511</dst>
      <dst id="6">0.3556</dst>
      <dst id="16">1.6711</dst>
      <dst id="20">1.2444</dst>
      <dst id="11">41.4667</dst>
      <dst id="9">1.8044</dst>
      <dst id="17">5627.9556</dst>
      <dst id="21">85.7422</dst>
    </src>
    <src id="20">
      <dst id="12">4372.8978</dst>
      <dst id="13">742.3822</dst>
      <dst id="19">44.3111</dst>
      <dst id="8">151.4400</dst>
      <dst id="18">1.0044</dst>
      <dst id="4">12512.5778</dst>
      <dst id="1">74.6844</dst>
      <dst id="5">1918.4267</dst>
      <dst id="3">933.5378</dst>
      <dst id="7">187.3867</dst>
      <dst id="2">8813.7956</dst>
      <dst id="6">0.5422</dst>
      <dst id="14">0.3556</dst>
      <dst id="11">344.2933</dst>
      <dst id="9">1891.9467</dst>
      <dst id="17">2127.9289</dst>
      <dst id="21">109.2089</dst>
    </src>
    <src id="11">
      <dst id="12">340332.1067</dst>
      <dst id="13">1285.9467</dst>
      <dst id="19">14.7022</dst>
      <dst id="23">8.3733</dst>
      <dst id="8">1589.0756</dst>
      <dst id="18">287.7333</dst>
      <dst id="4">8570.4622</dst>
      <dst id="1">300.6044</dst>
      <dst id="5">675.1289</dst>
      <dst id="3">2361.8133</dst>
      <dst id="22">2084.4889</dst>
      <dst id="7">457.0044</dst>
      <dst id="2">147579.3511</dst>
      <dst id="6">0.4267</dst>
      <dst id="16">100.5867</dst>
      <dst id="14">38.9956</dst>
      <dst id="20">2676.4978</dst>
      <dst id="11">815.8400</dst>
      <dst id="9">3074.9600</dst>
      <dst id="17">135967.3778</dst>
      <dst id="21">607.2622</dst>
      <dst id="15">943.4489</dst>
    </src>
    <src id="9">
      <dst id="12">398631.0933</dst>
      <dst id="13">11249.5911</dst>
      <dst id="19">90.0444</dst>
      <dst id="23">31.1822</dst>
      <dst id="8">665.8133</dst>
      <dst id="18">65.1200</dst>
      <dst id="4">8035.7867</dst>
      <dst id="1">1042.8089</dst>
      <dst id="5">1366.6311</dst>
      <dst id="3">203.9467</dst>
      <dst id="22">3073.4311</dst>
      <dst id="7">211.5111</dst>
      <dst id="2">129150.4089</dst>
      <dst id="6">4.9067</dst>
      <dst id="16">1477.9022</dst>
      <dst id="20">7673.4578</dst>
      <dst id="11">1247.6711</dst>
      <dst id="9">5115.4756</dst>
      <dst id="17">176307.8133</dst>
      <dst id="21">622.4178</dst>
      <dst id="15">2962.4711</dst>
    </src>
    <src id="17">
      <dst id="12">7928.7022</dst>
      <dst id="13">7139.8400</dst>
      <dst id="19">513.0222</dst>
      <dst id="23">86.0711</dst>
      <dst id="8">136240.0800</dst>
      <dst id="18">154.4089</dst>
      <dst id="4">46415.0844</dst>
      <dst id="1">4810.3378</dst>
      <dst id="5">187016.3822</dst>
      <dst id="3">7195.6356</dst>
      <dst id="22">7873.6711</dst>
      <dst id="7">1388.9511</dst>
      <dst id="2">13274.9689</dst>
      <dst id="6">173.3422</dst>
      <dst id="16">4006.0978</dst>
      <dst id="14">18731.0400</dst>
      <dst id="20">356.8533</dst>
      <dst id="11">102407.3689</dst>
      <dst id="9">201309.8222</dst>
      <dst id="17">1142.0978</dst>
      <dst id="21">10728.6844</dst>
      <dst id="15">115.3244</dst>
    </src>
    <src id="21">
      <dst id="12">15344.4444</dst>
      <dst id="13">415.4311</dst>
      <dst id="19">286.9956</dst>
      <dst id="23">115.0222</dst>
      <dst id="8">76.5244</dst>
      <dst id="18">1554.7022</dst>
      <dst id="4">14104.7289</dst>
      <dst id="1">1070.7289</dst>
      <dst id="5">539.9111</dst>
      <dst id="3">1506.9511</dst>
      <dst id="22">1764.1956</dst>
      <dst id="7">1015.4933</dst>
      <dst id="2">6778.1956</dst>
      <dst id="6">2.0800</dst>
      <dst id="16">211.3867</dst>
      <dst id="14">146.5867</dst>
      <dst id="20">107.4844</dst>
      <dst id="11">338.3556</dst>
      <dst id="9">801.8933</dst>
      <dst id="17">6047.5289</dst>
      <dst id="21">1015.7244</dst>
      <dst id="15">735.5733</dst>
    </src>
    <src id="15">
      <dst id="12">892.3556</dst>
      <dst id="13">636.9511</dst>
      <dst id="19">25.1378</dst>
      <dst id="23">28.7289</dst>
      <dst id="8">50.7644</dst>
      <dst id="18">0.8711</dst>
      <dst id="4">6818.7467</dst>
      <dst id="1">594.4267</dst>
      <dst id="5">54.1156</dst>
      <dst id="3">37.5289</dst>
      <dst id="7">178.6844</dst>
      <dst id="2">496.6400</dst>
      <dst id="6">3.5911</dst>
      <dst id="14">39.5022</dst>
      <dst id="11">132.0711</dst>
      <dst id="9">1320.8267</dst>
      <dst id="17">3255.8844</dst>
      <dst id="21">192.3378</dst>
    </src>
  </IntraTM>
</TrafficMatrixFile>
