<?xml version="1.0" encoding="UTF-8" standalone="yes"?>
<TrafficMatrixFile xmlns:xsi="http://www.w3.org/2001/XMLSchema-instance" xsi:noNamespaceSchemaLocation="http://totem.run.montefiore.ulg.ac.be/Schema/TrafficMatrix-v1_2.xsd">
  <info>
    <title>Intradomain traffic matrix generated by geant-TM-all.pl</title>
    <date>2005-01-02T04:45:00</date>
    <duration>900</duration>
    <author>Steve Uhlig</author>
    <units>
        <unit type="bandwidth" value="kbps"/>
    </units>
  </info>
  <IntraTM ASID="20965">
    <src id="12">
      <dst id="12">311481.0489</dst>
      <dst id="13">16025.9289</dst>
      <dst id="19">4963.6178</dst>
      <dst id="23">1324.7911</dst>
      <dst id="8">6737.2533</dst>
      <dst id="18">2651.4578</dst>
      <dst id="4">143381.5911</dst>
      <dst id="1">10418.0178</dst>
      <dst id="5">7315.8489</dst>
      <dst id="3">2375.0044</dst>
      <dst id="22">9111.0756</dst>
      <dst id="7">1308.8000</dst>
      <dst id="2">102274.0267</dst>
      <dst id="6">4.1778</dst>
      <dst id="16">4966.0178</dst>
      <dst id="14">189.1200</dst>
      <dst id="20">6554.5689</dst>
      <dst id="11">4405.2800</dst>
      <dst id="9">15304.3111</dst>
      <dst id="17">86192.8356</dst>
      <dst id="21">17305.4756</dst>
      <dst id="15">4173.7511</dst>
    </src>
    <src id="13">
      <dst id="12">177177.7244</dst>
      <dst id="19">7532.9244</dst>
      <dst id="23">197.8044</dst>
      <dst id="8">2868.7644</dst>
      <dst id="18">5373.2800</dst>
      <dst id="4">0.7111</dst>
      <dst id="1">3935.5556</dst>
      <dst id="5">21523.2533</dst>
      <dst id="3">11906.3644</dst>
      <dst id="22">22827.7600</dst>
      <dst id="7">13692.3022</dst>
      <dst id="2">116778.4356</dst>
      <dst id="6">101.8133</dst>
      <dst id="16">9485.6444</dst>
      <dst id="14">1527.3956</dst>
      <dst id="20">21731.5911</dst>
      <dst id="11">11659.7867</dst>
      <dst id="9">13653.9378</dst>
      <dst id="17">74279.2356</dst>
      <dst id="21">24687.2444</dst>
      <dst id="15">4738.9156</dst>
    </src>
    <src id="19">
      <dst id="12">14046.9244</dst>
      <dst id="13">3777.3156</dst>
      <dst id="23">135.2533</dst>
      <dst id="8">81.8489</dst>
      <dst id="18">162.2133</dst>
      <dst id="4">27506.3289</dst>
      <dst id="1">578.6133</dst>
      <dst id="5">284.6578</dst>
      <dst id="3">0.8978</dst>
      <dst id="22">686.6933</dst>
      <dst id="7">3450.2933</dst>
      <dst id="2">759.9911</dst>
      <dst id="6">27.2889</dst>
      <dst id="16">5777.4133</dst>
      <dst id="14">0.3556</dst>
      <dst id="20">59.8489</dst>
      <dst id="11">75.7689</dst>
      <dst id="9">295.1200</dst>
      <dst id="17">3380.9422</dst>
      <dst id="21">1076.6133</dst>
      <dst id="15">90.7733</dst>
    </src>
    <src id="23">
      <dst id="12">873.3422</dst>
      <dst id="13">226.2311</dst>
      <dst id="19">4.6311</dst>
      <dst id="8">98.1689</dst>
      <dst id="18">65.0311</dst>
      <dst id="4">616.2133</dst>
      <dst id="1">402.2044</dst>
      <dst id="5">93.6889</dst>
      <dst id="3">79.2267</dst>
      <dst id="22">352.4889</dst>
      <dst id="7">110.9600</dst>
      <dst id="2">3501.6178</dst>
      <dst id="16">9.6000</dst>
      <dst id="14">1.0667</dst>
      <dst id="20">950.0000</dst>
      <dst id="11">27.5733</dst>
      <dst id="9">483.1822</dst>
      <dst id="17">71.2622</dst>
      <dst id="21">302.6667</dst>
      <dst id="15">1.2267</dst>
    </src>
    <src id="8">
      <dst id="12">291074.0533</dst>
      <dst id="13">637.1289</dst>
      <dst id="19">107.8489</dst>
      <dst id="23">16.8533</dst>
      <dst id="18">236.3733</dst>
      <dst id="4">6847.8578</dst>
      <dst id="1">383.2533</dst>
      <dst id="5">1484.5778</dst>
      <dst id="3">8.1867</dst>
      <dst id="22">886.1422</dst>
      <dst id="7">81.2533</dst>
      <dst id="2">134079.5378</dst>
      <dst id="16">478.9333</dst>
      <dst id="14">12.3289</dst>
      <dst id="20">96.7467</dst>
      <dst id="11">390.5956</dst>
      <dst id="9">1478.3378</dst>
      <dst id="17">119032.9422</dst>
      <dst id="21">812.3822</dst>
      <dst id="15">232.4533</dst>
    </src>
    <src id="18">
      <dst id="12">106041.2000</dst>
      <dst id="13">331.0222</dst>
      <dst id="19">686.2133</dst>
      <dst id="23">1.8489</dst>
      <dst id="8">494.0889</dst>
      <dst id="4">2081.1822</dst>
      <dst id="1">906.4356</dst>
      <dst id="5">438.8800</dst>
      <dst id="3">217.7156</dst>
      <dst id="22">387.1378</dst>
      <dst id="7">247.9378</dst>
      <dst id="2">37769.4844</dst>
      <dst id="16">31.7333</dst>
      <dst id="14">1.1911</dst>
      <dst id="20">69.9200</dst>
      <dst id="11">645.8578</dst>
      <dst id="9">175.1378</dst>
      <dst id="17">43144.7200</dst>
      <dst id="21">1603.6800</dst>
      <dst id="15">31.6622</dst>
    </src>
    <src id="4">
      <dst id="12">20256.1067</dst>
      <dst id="19">6823.1200</dst>
      <dst id="23">0.4622</dst>
      <dst id="8">2531.1378</dst>
      <dst id="18">2386.5778</dst>
      <dst id="1">12331.0844</dst>
      <dst id="5">2149.0311</dst>
      <dst id="3">168.2400</dst>
      <dst id="22">5459.1378</dst>
      <dst id="7">23132.5333</dst>
      <dst id="2">59666.0089</dst>
      <dst id="6">52.6222</dst>
      <dst id="16">2928.6222</dst>
      <dst id="14">2712.6489</dst>
      <dst id="20">3874.4889</dst>
      <dst id="11">15165.5378</dst>
      <dst id="9">2883.8222</dst>
      <dst id="17">18504.2756</dst>
      <dst id="21">10236.9333</dst>
      <dst id="15">429.3511</dst>
    </src>
    <src id="1">
      <dst id="12">16332.6489</dst>
      <dst id="13">1459.7511</dst>
      <dst id="19">137.0400</dst>
      <dst id="23">56.4622</dst>
      <dst id="8">159463.6978</dst>
      <dst id="18">13910.8356</dst>
      <dst id="4">24543.9911</dst>
      <dst id="1">29138.7289</dst>
      <dst id="5">270606.5689</dst>
      <dst id="3">161.4133</dst>
      <dst id="22">4382.4000</dst>
      <dst id="7">787.2800</dst>
      <dst id="2">2469.7689</dst>
      <dst id="6">7447.0756</dst>
      <dst id="16">11019.0756</dst>
      <dst id="14">84.0178</dst>
      <dst id="20">306.7022</dst>
      <dst id="11">160.6044</dst>
      <dst id="9">241969.4578</dst>
      <dst id="17">9795.4933</dst>
      <dst id="21">4916.0000</dst>
      <dst id="15">4240.5600</dst>
    </src>
    <src id="5">
      <dst id="12">361818.5778</dst>
      <dst id="13">7136.1244</dst>
      <dst id="19">56.8889</dst>
      <dst id="23">21.7244</dst>
      <dst id="8">963.9467</dst>
      <dst id="18">218.5778</dst>
      <dst id="4">6514.6489</dst>
      <dst id="1">720.7111</dst>
      <dst id="3">284.7378</dst>
      <dst id="22">10979.3778</dst>
      <dst id="7">330.7911</dst>
      <dst id="2">156616.8178</dst>
      <dst id="6">0.8178</dst>
      <dst id="16">1508.4711</dst>
      <dst id="14">43.8844</dst>
      <dst id="20">5778.6489</dst>
      <dst id="11">1509.0133</dst>
      <dst id="9">8755.3067</dst>
      <dst id="17">117282.4356</dst>
      <dst id="21">797.1111</dst>
      <dst id="15">192.5156</dst>
    </src>
    <src id="3">
      <dst id="12">9637.9556</dst>
      <dst id="13">2340.6756</dst>
      <dst id="19">1947.3511</dst>
      <dst id="23">6.3111</dst>
      <dst id="8">146.9244</dst>
      <dst id="18">103115.9556</dst>
      <dst id="4">24399.6444</dst>
      <dst id="1">6880.3822</dst>
      <dst id="5">633.7511</dst>
      <dst id="3">15262.6489</dst>
      <dst id="22">2468.9867</dst>
      <dst id="7">5565.0667</dst>
      <dst id="2">4523.8044</dst>
      <dst id="6">12.1600</dst>
      <dst id="16">1994.4267</dst>
      <dst id="14">36515.3956</dst>
      <dst id="20">233.1644</dst>
      <dst id="11">175545.0756</dst>
      <dst id="9">145.1289</dst>
      <dst id="17">14593.3244</dst>
      <dst id="21">7133.8933</dst>
      <dst id="15">103.1111</dst>
    </src>
    <src id="10">
      <dst id="12">14234.6400</dst>
      <dst id="19">1096.3911</dst>
      <dst id="8">1025.8667</dst>
      <dst id="18">2666.8711</dst>
      <dst id="4">0.3556</dst>
      <dst id="1">1612.7644</dst>
      <dst id="5">1833.5822</dst>
      <dst id="3">14535.3778</dst>
      <dst id="22">5377.2089</dst>
      <dst id="7">17909.2000</dst>
      <dst id="2">26953.0044</dst>
      <dst id="6">0.5600</dst>
      <dst id="16">2675.4933</dst>
      <dst id="14">3976.7822</dst>
      <dst id="20">1196.6222</dst>
      <dst id="11">2599.7600</dst>
      <dst id="9">1653.9022</dst>
      <dst id="17">9427.6711</dst>
      <dst id="21">24463.4756</dst>
      <dst id="15">1216.7111</dst>
    </src>
    <src id="22">
      <dst id="12">7818.2844</dst>
      <dst id="13">3283.1556</dst>
      <dst id="19">68.8711</dst>
      <dst id="23">181.7067</dst>
      <dst id="8">2577.2000</dst>
      <dst id="18">3699.1556</dst>
      <dst id="4">18427.2267</dst>
      <dst id="1">194.0000</dst>
      <dst id="5">6391.0933</dst>
      <dst id="3">623.1822</dst>
      <dst id="7">1540.4000</dst>
      <dst id="2">3102.0889</dst>
      <dst id="6">53.3333</dst>
      <dst id="16">31.1111</dst>
      <dst id="14">27.1378</dst>
      <dst id="11">5203.8222</dst>
      <dst id="9">3032.6933</dst>
      <dst id="17">8804.8267</dst>
      <dst id="21">2076.3289</dst>
    </src>
    <src id="7">
      <dst id="12">3726.3378</dst>
      <dst id="13">516.5600</dst>
      <dst id="19">854.7467</dst>
      <dst id="23">501.3244</dst>
      <dst id="8">323.0400</dst>
      <dst id="18">332.7467</dst>
      <dst id="4">62383.6178</dst>
      <dst id="1">4244.5956</dst>
      <dst id="5">1716.0622</dst>
      <dst id="3">260.0711</dst>
      <dst id="22">4741.6533</dst>
      <dst id="7">683.0578</dst>
      <dst id="2">8443.7511</dst>
      <dst id="6">12.8000</dst>
      <dst id="16">624.8444</dst>
      <dst id="14">100.0889</dst>
      <dst id="20">1814.0089</dst>
      <dst id="11">2164.6044</dst>
      <dst id="9">1718.6400</dst>
      <dst id="17">8834.4889</dst>
      <dst id="21">19266.1422</dst>
      <dst id="15">408.8267</dst>
    </src>
    <src id="2">
      <dst id="12">151731.0933</dst>
      <dst id="13">8613.1644</dst>
      <dst id="19">8661.3956</dst>
      <dst id="23">0.4622</dst>
      <dst id="8">1771.0133</dst>
      <dst id="18">99289.2711</dst>
      <dst id="4">123129.4489</dst>
      <dst id="1">4915.5911</dst>
      <dst id="5">1770.3556</dst>
      <dst id="3">71.9644</dst>
      <dst id="22">2270.1778</dst>
      <dst id="7">18792.2400</dst>
      <dst id="2">1095.2444</dst>
      <dst id="6">7370.5511</dst>
      <dst id="16">3322.1244</dst>
      <dst id="14">434.2667</dst>
      <dst id="20">1162.9244</dst>
      <dst id="11">2451.5467</dst>
      <dst id="9">1610.0533</dst>
      <dst id="17">41476.1600</dst>
      <dst id="21">5652.7822</dst>
      <dst id="15">888.2933</dst>
    </src>
    <src id="6">
      <dst id="12">12055.6356</dst>
      <dst id="13">4.1422</dst>
      <dst id="19">2.3911</dst>
      <dst id="8">1.6356</dst>
      <dst id="4">190.7378</dst>
      <dst id="1">83.8844</dst>
      <dst id="2">2698.5956</dst>
      <dst id="16">0.3556</dst>
      <dst id="11">13.0933</dst>
      <dst id="9">51.1733</dst>
      <dst id="17">1734.8533</dst>
      <dst id="21">28.6667</dst>
      <dst id="15">0.3378</dst>
    </src>
    <src id="16">
      <dst id="12">4316.2133</dst>
      <dst id="13">652.1689</dst>
      <dst id="19">3621.6444</dst>
      <dst id="23">20.2044</dst>
      <dst id="8">11966.0800</dst>
      <dst id="18">5.8667</dst>
      <dst id="4">7295.2622</dst>
      <dst id="1">19438.6044</dst>
      <dst id="5">8238.3378</dst>
      <dst id="3">0.5689</dst>
      <dst id="7">3558.4978</dst>
      <dst id="2">2276.2578</dst>
      <dst id="16">77.5822</dst>
      <dst id="14">397.8756</dst>
      <dst id="11">1239.1467</dst>
      <dst id="9">15968.2133</dst>
      <dst id="17">1434.3378</dst>
      <dst id="21">879.6444</dst>
    </src>
    <src id="14">
      <dst id="12">19382.1511</dst>
      <dst id="13">34.6933</dst>
      <dst id="19">5.1467</dst>
      <dst id="23">93.2533</dst>
      <dst id="8">2.8000</dst>
      <dst id="18">13.9200</dst>
      <dst id="4">2812.2756</dst>
      <dst id="1">109.7244</dst>
      <dst id="5">137.6711</dst>
      <dst id="3">57.2267</dst>
      <dst id="22">5.3511</dst>
      <dst id="7">183.2444</dst>
      <dst id="2">7177.4756</dst>
      <dst id="16">36.5689</dst>
      <dst id="20">1.6267</dst>
      <dst id="11">64.8978</dst>
      <dst id="9">51.3422</dst>
      <dst id="17">8095.0667</dst>
      <dst id="21">74.3822</dst>
    </src>
    <src id="20">
      <dst id="12">8787.6267</dst>
      <dst id="13">5510.5067</dst>
      <dst id="19">253.4222</dst>
      <dst id="23">97.0489</dst>
      <dst id="8">328.5956</dst>
      <dst id="18">242.8444</dst>
      <dst id="4">17548.1422</dst>
      <dst id="1">221.4489</dst>
      <dst id="5">6491.2533</dst>
      <dst id="3">1266.5956</dst>
      <dst id="7">7920.1067</dst>
      <dst id="2">5222.3111</dst>
      <dst id="6">0.5511</dst>
      <dst id="14">33.5378</dst>
      <dst id="11">744.7378</dst>
      <dst id="9">9480.0178</dst>
      <dst id="17">513.0311</dst>
      <dst id="21">162.5244</dst>
    </src>
    <src id="11">
      <dst id="12">456033.8578</dst>
      <dst id="13">1901.8578</dst>
      <dst id="19">90.0089</dst>
      <dst id="23">69.3867</dst>
      <dst id="8">3070.9956</dst>
      <dst id="18">466.3111</dst>
      <dst id="4">16825.4578</dst>
      <dst id="1">241.3956</dst>
      <dst id="5">1745.1733</dst>
      <dst id="3">428.4622</dst>
      <dst id="22">3409.3067</dst>
      <dst id="7">123.8311</dst>
      <dst id="2">179861.5378</dst>
      <dst id="6">2.7200</dst>
      <dst id="16">1005.8311</dst>
      <dst id="14">271.2711</dst>
      <dst id="20">1338.6844</dst>
      <dst id="11">2349.0933</dst>
      <dst id="9">1316.5956</dst>
      <dst id="17">156530.4800</dst>
      <dst id="21">477.3689</dst>
      <dst id="15">356.9867</dst>
    </src>
    <src id="9">
      <dst id="12">482868.4711</dst>
      <dst id="13">12297.3156</dst>
      <dst id="19">28.2222</dst>
      <dst id="23">119.4667</dst>
      <dst id="8">1693.1289</dst>
      <dst id="18">350.3822</dst>
      <dst id="4">16003.5733</dst>
      <dst id="1">6776.8178</dst>
      <dst id="5">1754.1244</dst>
      <dst id="3">19.2444</dst>
      <dst id="22">2565.6800</dst>
      <dst id="7">3155.0489</dst>
      <dst id="2">190272.6311</dst>
      <dst id="6">16.2756</dst>
      <dst id="16">805.4311</dst>
      <dst id="14">8.8444</dst>
      <dst id="20">7590.6578</dst>
      <dst id="11">6081.7156</dst>
      <dst id="9">665.6800</dst>
      <dst id="17">191423.9111</dst>
      <dst id="21">737.5200</dst>
      <dst id="15">5966.8800</dst>
    </src>
    <src id="17">
      <dst id="12">23368.0356</dst>
      <dst id="13">21161.0667</dst>
      <dst id="19">1235.6800</dst>
      <dst id="23">402.0800</dst>
      <dst id="8">164233.7333</dst>
      <dst id="18">15446.7644</dst>
      <dst id="4">151314.3111</dst>
      <dst id="1">4965.4133</dst>
      <dst id="5">275911.5378</dst>
      <dst id="3">15829.5022</dst>
      <dst id="22">16214.9956</dst>
      <dst id="7">8139.1022</dst>
      <dst id="2">12233.5289</dst>
      <dst id="6">244.4178</dst>
      <dst id="16">4041.2711</dst>
      <dst id="14">46171.0222</dst>
      <dst id="20">1456.2578</dst>
      <dst id="11">129751.6178</dst>
      <dst id="9">223468.4089</dst>
      <dst id="17">1576.0267</dst>
      <dst id="21">22835.3956</dst>
      <dst id="15">144.3467</dst>
    </src>
    <src id="21">
      <dst id="12">24661.6356</dst>
      <dst id="13">380.2844</dst>
      <dst id="19">164.8000</dst>
      <dst id="23">308.3556</dst>
      <dst id="8">501.3067</dst>
      <dst id="18">2864.1600</dst>
      <dst id="4">55626.3556</dst>
      <dst id="1">1350.9511</dst>
      <dst id="5">1008.3378</dst>
      <dst id="3">1425.8400</dst>
      <dst id="22">1695.5289</dst>
      <dst id="7">4350.1511</dst>
      <dst id="2">11435.8311</dst>
      <dst id="6">2.7111</dst>
      <dst id="16">287.5733</dst>
      <dst id="14">57.2089</dst>
      <dst id="20">108.5511</dst>
      <dst id="11">2577.4933</dst>
      <dst id="9">399.4133</dst>
      <dst id="17">14906.4800</dst>
      <dst id="21">2902.6044</dst>
      <dst id="15">39.0578</dst>
    </src>
    <src id="15">
      <dst id="12">4111.1644</dst>
      <dst id="13">1788.2578</dst>
      <dst id="19">78.6311</dst>
      <dst id="23">0.6400</dst>
      <dst id="8">171.8933</dst>
      <dst id="18">39.4311</dst>
      <dst id="4">9542.4978</dst>
      <dst id="1">628.8978</dst>
      <dst id="5">460.4889</dst>
      <dst id="3">16.2400</dst>
      <dst id="7">202.4356</dst>
      <dst id="2">216.0533</dst>
      <dst id="14">0.8533</dst>
      <dst id="11">178.0800</dst>
      <dst id="9">706.3644</dst>
      <dst id="17">245.6444</dst>
      <dst id="21">92.4444</dst>
    </src>
  </IntraTM>
</TrafficMatrixFile>
