<?xml version="1.0" encoding="UTF-8" standalone="yes"?>
<TrafficMatrixFile xmlns:xsi="http://www.w3.org/2001/XMLSchema-instance" xsi:noNamespaceSchemaLocation="http://totem.run.montefiore.ulg.ac.be/Schema/TrafficMatrix-v1_2.xsd">
  <info>
    <title>Intradomain traffic matrix generated by geant-TM-all.pl</title>
    <date>2005-01-05T15:00:00</date>
    <duration>900</duration>
    <author>Steve Uhlig</author>
    <units>
        <unit type="bandwidth" value="kbps"/>
    </units>
  </info>
  <IntraTM ASID="20965">
    <src id="12">
      <dst id="12">252424.9867</dst>
      <dst id="13">16783.1467</dst>
      <dst id="19">7273.4222</dst>
      <dst id="23">15.9111</dst>
      <dst id="8">371.1467</dst>
      <dst id="18">2828.5689</dst>
      <dst id="4">67207.1022</dst>
      <dst id="1">15012.8267</dst>
      <dst id="5">27277.1556</dst>
      <dst id="3">1527.6000</dst>
      <dst id="22">23313.6889</dst>
      <dst id="7">6344.1511</dst>
      <dst id="2">54817.2889</dst>
      <dst id="6">4.1867</dst>
      <dst id="16">6279.8844</dst>
      <dst id="14">254.3911</dst>
      <dst id="20">19171.1289</dst>
      <dst id="11">8121.0489</dst>
      <dst id="9">8844.6222</dst>
      <dst id="17">64646.0622</dst>
      <dst id="21">828.7467</dst>
      <dst id="15">678.1244</dst>
    </src>
    <src id="13">
      <dst id="12">38411.6178</dst>
      <dst id="19">3645.4400</dst>
      <dst id="23">312.8089</dst>
      <dst id="8">1688.0178</dst>
      <dst id="18">2470.0000</dst>
      <dst id="1">1720.0978</dst>
      <dst id="5">3987.3333</dst>
      <dst id="3">24345.3689</dst>
      <dst id="22">20536.1956</dst>
      <dst id="7">14597.2711</dst>
      <dst id="2">51333.1378</dst>
      <dst id="6">100.5867</dst>
      <dst id="16">5992.8178</dst>
      <dst id="14">1751.9644</dst>
      <dst id="20">11633.3333</dst>
      <dst id="11">15507.6622</dst>
      <dst id="9">11304.2667</dst>
      <dst id="17">33817.9556</dst>
      <dst id="21">8514.9511</dst>
      <dst id="15">1070.7378</dst>
    </src>
    <src id="19">
      <dst id="12">12075.1200</dst>
      <dst id="13">118.7022</dst>
      <dst id="23">12.6222</dst>
      <dst id="18">0.8178</dst>
      <dst id="4">18090.5778</dst>
      <dst id="1">284.7378</dst>
      <dst id="5">74.0978</dst>
      <dst id="3">1.8133</dst>
      <dst id="22">331.4844</dst>
      <dst id="7">3844.7644</dst>
      <dst id="2">3121.4311</dst>
      <dst id="6">47.7867</dst>
      <dst id="16">8077.6356</dst>
      <dst id="14">4.4178</dst>
      <dst id="20">171.0311</dst>
      <dst id="11">124.4178</dst>
      <dst id="9">2657.3511</dst>
      <dst id="17">170.4444</dst>
      <dst id="21">288.3378</dst>
      <dst id="15">2.1333</dst>
    </src>
    <src id="23">
      <dst id="12">156.0444</dst>
      <dst id="13">30.9156</dst>
      <dst id="18">0.7111</dst>
      <dst id="4">59.7067</dst>
      <dst id="1">29.5644</dst>
      <dst id="5">14.2578</dst>
      <dst id="3">228.2756</dst>
      <dst id="22">63.0756</dst>
      <dst id="7">109.2178</dst>
      <dst id="2">130.1778</dst>
      <dst id="6">13.1556</dst>
      <dst id="16">1215.3333</dst>
      <dst id="14">3.4133</dst>
      <dst id="20">39.9467</dst>
      <dst id="11">41.2978</dst>
      <dst id="9">1308.0000</dst>
      <dst id="17">271.8044</dst>
      <dst id="21">78.4356</dst>
      <dst id="15">0.4622</dst>
    </src>
    <src id="8">
      <dst id="12">238983.0844</dst>
      <dst id="13">313.7067</dst>
      <dst id="19">0.3556</dst>
      <dst id="18">4.7111</dst>
      <dst id="4">4354.7556</dst>
      <dst id="1">527.9822</dst>
      <dst id="5">288.8889</dst>
      <dst id="22">370.4711</dst>
      <dst id="7">4.4178</dst>
      <dst id="2">86491.3156</dst>
      <dst id="16">4587.7067</dst>
      <dst id="20">239.4133</dst>
      <dst id="11">126.8444</dst>
      <dst id="9">50.8356</dst>
      <dst id="17">84911.5822</dst>
      <dst id="21">102.5511</dst>
      <dst id="15">192.6222</dst>
    </src>
    <src id="18">
      <dst id="12">95347.9289</dst>
      <dst id="13">61.7867</dst>
      <dst id="23">0.3556</dst>
      <dst id="8">27.1822</dst>
      <dst id="4">747.5467</dst>
      <dst id="1">1133.0933</dst>
      <dst id="5">98.6844</dst>
      <dst id="3">22.8711</dst>
      <dst id="22">135.7067</dst>
      <dst id="7">20.7733</dst>
      <dst id="2">25717.3867</dst>
      <dst id="16">72.5333</dst>
      <dst id="14">2.5956</dst>
      <dst id="20">80.0000</dst>
      <dst id="11">901.1022</dst>
      <dst id="9">27.8489</dst>
      <dst id="17">33682.5600</dst>
      <dst id="21">95.4578</dst>
      <dst id="15">32.3822</dst>
    </src>
    <src id="4">
      <dst id="12">12271.3244</dst>
      <dst id="19">14960.9067</dst>
      <dst id="8">433.2711</dst>
      <dst id="18">577.0844</dst>
      <dst id="1">142350.2756</dst>
      <dst id="5">1115.6800</dst>
      <dst id="3">729.7778</dst>
      <dst id="22">2337.6444</dst>
      <dst id="7">26958.5422</dst>
      <dst id="2">42370.0889</dst>
      <dst id="16">639.4756</dst>
      <dst id="14">1666.3289</dst>
      <dst id="20">341.9289</dst>
      <dst id="11">1796.0000</dst>
      <dst id="9">2109.1911</dst>
      <dst id="17">12676.6044</dst>
      <dst id="21">5121.0400</dst>
      <dst id="15">147.4667</dst>
    </src>
    <src id="1">
      <dst id="12">19504.0000</dst>
      <dst id="13">8912.5156</dst>
      <dst id="19">143.9556</dst>
      <dst id="23">67.1822</dst>
      <dst id="8">55101.7244</dst>
      <dst id="18">13586.2844</dst>
      <dst id="4">5592.7289</dst>
      <dst id="1">8032.4178</dst>
      <dst id="5">150951.5556</dst>
      <dst id="3">1322.8800</dst>
      <dst id="22">1534.3733</dst>
      <dst id="7">1251.1467</dst>
      <dst id="2">4709.2978</dst>
      <dst id="6">6088.5244</dst>
      <dst id="16">13439.0311</dst>
      <dst id="14">39.9644</dst>
      <dst id="20">1696.0978</dst>
      <dst id="11">116.9689</dst>
      <dst id="9">178256.6578</dst>
      <dst id="17">2667.5022</dst>
      <dst id="21">5406.5778</dst>
      <dst id="15">121.5467</dst>
    </src>
    <src id="5">
      <dst id="12">236372.1244</dst>
      <dst id="13">530.0178</dst>
      <dst id="19">75.9111</dst>
      <dst id="8">300.0178</dst>
      <dst id="18">473.6000</dst>
      <dst id="4">6264.3556</dst>
      <dst id="1">9879.4400</dst>
      <dst id="3">8.6667</dst>
      <dst id="22">4542.4178</dst>
      <dst id="7">157.9644</dst>
      <dst id="2">85391.8933</dst>
      <dst id="16">329.6444</dst>
      <dst id="14">51.7333</dst>
      <dst id="20">219.1822</dst>
      <dst id="11">545.7867</dst>
      <dst id="9">815.8489</dst>
      <dst id="17">90777.9200</dst>
      <dst id="21">78.9244</dst>
      <dst id="15">118.2400</dst>
    </src>
    <src id="3">
      <dst id="12">8613.8489</dst>
      <dst id="13">8945.6800</dst>
      <dst id="19">1375.2267</dst>
      <dst id="23">7253.5289</dst>
      <dst id="8">3.6356</dst>
      <dst id="18">33271.6000</dst>
      <dst id="4">32228.0444</dst>
      <dst id="1">5137.9822</dst>
      <dst id="5">715.5911</dst>
      <dst id="3">6722.0978</dst>
      <dst id="22">1863.3600</dst>
      <dst id="7">4525.9733</dst>
      <dst id="2">8395.2178</dst>
      <dst id="6">2.6933</dst>
      <dst id="16">1671.9911</dst>
      <dst id="14">37967.9822</dst>
      <dst id="20">3962.0978</dst>
      <dst id="11">164656.3111</dst>
      <dst id="9">250.3200</dst>
      <dst id="17">6259.2800</dst>
      <dst id="21">10795.3067</dst>
      <dst id="15">1290.5067</dst>
    </src>
    <src id="10">
      <dst id="12">9766.5778</dst>
      <dst id="19">6217.7600</dst>
      <dst id="8">232.3644</dst>
      <dst id="18">592.0622</dst>
      <dst id="4">1.0667</dst>
      <dst id="1">988.3644</dst>
      <dst id="5">495.9733</dst>
      <dst id="3">2627.6089</dst>
      <dst id="22">2370.7022</dst>
      <dst id="7">57686.6844</dst>
      <dst id="2">13266.7822</dst>
      <dst id="6">39.3600</dst>
      <dst id="16">2914.1244</dst>
      <dst id="14">2116.3733</dst>
      <dst id="20">3589.8933</dst>
      <dst id="11">6431.0756</dst>
      <dst id="9">1279.4133</dst>
      <dst id="17">15115.4578</dst>
      <dst id="21">7771.6267</dst>
      <dst id="15">566.6756</dst>
    </src>
    <src id="22">
      <dst id="12">11703.9378</dst>
      <dst id="13">12237.3600</dst>
      <dst id="19">24.9867</dst>
      <dst id="23">10.1689</dst>
      <dst id="8">21.0133</dst>
      <dst id="18">169.7600</dst>
      <dst id="4">22546.9422</dst>
      <dst id="1">75.1911</dst>
      <dst id="5">1775.9733</dst>
      <dst id="3">1278.4444</dst>
      <dst id="7">2085.8756</dst>
      <dst id="2">3891.4756</dst>
      <dst id="6">28.6222</dst>
      <dst id="16">1.5378</dst>
      <dst id="14">114.2756</dst>
      <dst id="11">16347.4311</dst>
      <dst id="9">769.6267</dst>
      <dst id="17">1888.4889</dst>
      <dst id="21">527.5644</dst>
    </src>
    <src id="7">
      <dst id="12">2623.0133</dst>
      <dst id="13">168.2400</dst>
      <dst id="19">116.6044</dst>
      <dst id="23">32.3733</dst>
      <dst id="8">142.2400</dst>
      <dst id="18">96.4267</dst>
      <dst id="4">15362.2489</dst>
      <dst id="1">1019.2089</dst>
      <dst id="5">728.5511</dst>
      <dst id="3">155.6267</dst>
      <dst id="22">4635.2089</dst>
      <dst id="7">653.0400</dst>
      <dst id="2">4835.0044</dst>
      <dst id="6">89.7333</dst>
      <dst id="16">753.7867</dst>
      <dst id="14">138.2844</dst>
      <dst id="20">241.7511</dst>
      <dst id="11">381.8400</dst>
      <dst id="9">1998.8978</dst>
      <dst id="17">14326.7644</dst>
      <dst id="21">2070.3289</dst>
      <dst id="15">49.2267</dst>
    </src>
    <src id="2">
      <dst id="12">87614.8622</dst>
      <dst id="13">504706.0178</dst>
      <dst id="19">285.8400</dst>
      <dst id="8">115.2356</dst>
      <dst id="18">25020.3822</dst>
      <dst id="4">75994.0356</dst>
      <dst id="1">9206.3556</dst>
      <dst id="5">3000.4444</dst>
      <dst id="3">48.1067</dst>
      <dst id="22">5876.8533</dst>
      <dst id="7">10431.3511</dst>
      <dst id="2">1029.2533</dst>
      <dst id="6">6491.2178</dst>
      <dst id="16">2018.3911</dst>
      <dst id="14">5518.9156</dst>
      <dst id="20">3369.6889</dst>
      <dst id="11">2003.3689</dst>
      <dst id="9">697.5022</dst>
      <dst id="17">17439.6089</dst>
      <dst id="21">2438.6844</dst>
      <dst id="15">12.8356</dst>
    </src>
    <src id="6">
      <dst id="12">7929.5733</dst>
      <dst id="13">7.4400</dst>
      <dst id="19">2.4533</dst>
      <dst id="23">0.3378</dst>
      <dst id="4">1301.3778</dst>
      <dst id="1">1.4222</dst>
      <dst id="22">31.2267</dst>
      <dst id="7">4.3556</dst>
      <dst id="2">1699.4844</dst>
      <dst id="16">40.6044</dst>
      <dst id="14">1.3156</dst>
      <dst id="11">11.8933</dst>
      <dst id="9">0.4622</dst>
      <dst id="17">881.9378</dst>
      <dst id="21">0.3556</dst>
    </src>
    <src id="16">
      <dst id="12">1534.8711</dst>
      <dst id="13">314.4978</dst>
      <dst id="19">1976.8356</dst>
      <dst id="23">42.9689</dst>
      <dst id="8">2478.7644</dst>
      <dst id="18">1262.9067</dst>
      <dst id="4">5087.1644</dst>
      <dst id="1">11984.0800</dst>
      <dst id="5">4607.6622</dst>
      <dst id="3">0.8089</dst>
      <dst id="7">1054.4267</dst>
      <dst id="2">164.5600</dst>
      <dst id="6">51.5733</dst>
      <dst id="16">23.0222</dst>
      <dst id="14">333.3333</dst>
      <dst id="11">743.2089</dst>
      <dst id="9">7667.6711</dst>
      <dst id="17">3495.6978</dst>
      <dst id="21">2413.3156</dst>
    </src>
    <src id="14">
      <dst id="12">18034.9689</dst>
      <dst id="13">25.8933</dst>
      <dst id="19">7.7600</dst>
      <dst id="8">0.6044</dst>
      <dst id="18">2.0622</dst>
      <dst id="4">1879.1733</dst>
      <dst id="1">165.2444</dst>
      <dst id="5">4.6578</dst>
      <dst id="3">40.6667</dst>
      <dst id="22">8.8267</dst>
      <dst id="7">66.7200</dst>
      <dst id="2">5607.0667</dst>
      <dst id="16">17.2978</dst>
      <dst id="20">0.4267</dst>
      <dst id="11">52.3022</dst>
      <dst id="9">0.4267</dst>
      <dst id="17">6555.5556</dst>
      <dst id="21">65.8933</dst>
      <dst id="15">0.4622</dst>
    </src>
    <src id="20">
      <dst id="12">25642.4267</dst>
      <dst id="13">17816.7733</dst>
      <dst id="19">13271.0578</dst>
      <dst id="23">1.1733</dst>
      <dst id="8">14.9956</dst>
      <dst id="18">1.3156</dst>
      <dst id="4">5012.0978</dst>
      <dst id="1">134.4000</dst>
      <dst id="5">461.0578</dst>
      <dst id="3">1015.5378</dst>
      <dst id="7">1245.7156</dst>
      <dst id="2">482.0711</dst>
      <dst id="6">0.4978</dst>
      <dst id="11">4841.7156</dst>
      <dst id="9">14874.3378</dst>
      <dst id="17">14356.5511</dst>
      <dst id="21">356.3733</dst>
    </src>
    <src id="11">
      <dst id="12">336326.1511</dst>
      <dst id="13">6502.7378</dst>
      <dst id="19">11.6711</dst>
      <dst id="23">5.5378</dst>
      <dst id="8">1817.9822</dst>
      <dst id="18">85.9022</dst>
      <dst id="4">10369.5822</dst>
      <dst id="1">829.9556</dst>
      <dst id="5">1527.4044</dst>
      <dst id="3">1051.1644</dst>
      <dst id="22">26385.8667</dst>
      <dst id="7">635.3333</dst>
      <dst id="2">119041.0311</dst>
      <dst id="6">0.4622</dst>
      <dst id="16">97.9467</dst>
      <dst id="14">60.5778</dst>
      <dst id="20">238.1778</dst>
      <dst id="11">2683.7067</dst>
      <dst id="9">504.1156</dst>
      <dst id="17">139387.7422</dst>
      <dst id="21">762.1956</dst>
      <dst id="15">228.6044</dst>
    </src>
    <src id="9">
      <dst id="12">418878.9778</dst>
      <dst id="13">4487.1022</dst>
      <dst id="19">1506.2578</dst>
      <dst id="23">31.2000</dst>
      <dst id="8">124.9156</dst>
      <dst id="18">54.7822</dst>
      <dst id="4">11735.0400</dst>
      <dst id="1">4306.3733</dst>
      <dst id="5">532.6489</dst>
      <dst id="22">3631.5378</dst>
      <dst id="7">155.2978</dst>
      <dst id="2">155570.2311</dst>
      <dst id="16">562.3111</dst>
      <dst id="14">1.2444</dst>
      <dst id="20">2972.1956</dst>
      <dst id="11">2710.8356</dst>
      <dst id="9">162.5778</dst>
      <dst id="17">149313.7333</dst>
      <dst id="21">265.1378</dst>
      <dst id="15">668.7200</dst>
    </src>
    <src id="17">
      <dst id="12">2494.4000</dst>
      <dst id="13">712.2933</dst>
      <dst id="19">107.2444</dst>
      <dst id="23">10.1511</dst>
      <dst id="8">58937.4844</dst>
      <dst id="18">158.8800</dst>
      <dst id="4">84877.5556</dst>
      <dst id="1">6923.3689</dst>
      <dst id="5">136341.3600</dst>
      <dst id="3">2888.8622</dst>
      <dst id="22">3841.5022</dst>
      <dst id="7">4501.4400</dst>
      <dst id="2">6502.3378</dst>
      <dst id="6">163.3067</dst>
      <dst id="16">3360.9422</dst>
      <dst id="14">23549.7511</dst>
      <dst id="20">797.6800</dst>
      <dst id="11">92931.3956</dst>
      <dst id="9">170037.6356</dst>
      <dst id="17">1040.5333</dst>
      <dst id="21">4129.8933</dst>
      <dst id="15">20.9956</dst>
    </src>
    <src id="21">
      <dst id="12">17503.6889</dst>
      <dst id="13">5391.2800</dst>
      <dst id="19">182.2222</dst>
      <dst id="23">4.4178</dst>
      <dst id="8">135.4667</dst>
      <dst id="18">133.1822</dst>
      <dst id="4">14389.4133</dst>
      <dst id="1">2737.9733</dst>
      <dst id="5">198.3467</dst>
      <dst id="3">7124.6489</dst>
      <dst id="22">3308.1244</dst>
      <dst id="7">5628.7822</dst>
      <dst id="2">11464.5422</dst>
      <dst id="6">1.8044</dst>
      <dst id="16">192.5156</dst>
      <dst id="14">71.4044</dst>
      <dst id="20">2566.2311</dst>
      <dst id="11">1636.8178</dst>
      <dst id="9">529.2978</dst>
      <dst id="17">2557.2444</dst>
      <dst id="21">254.2044</dst>
      <dst id="15">1415.5378</dst>
    </src>
    <src id="15">
      <dst id="12">9318.2222</dst>
      <dst id="13">1398.1422</dst>
      <dst id="19">66.7200</dst>
      <dst id="23">0.6933</dst>
      <dst id="8">14.4622</dst>
      <dst id="18">12.8356</dst>
      <dst id="4">2624.7022</dst>
      <dst id="1">1630.3022</dst>
      <dst id="5">108.4711</dst>
      <dst id="7">113.5644</dst>
      <dst id="2">53.3956</dst>
      <dst id="11">63.1378</dst>
      <dst id="9">353.9556</dst>
      <dst id="17">182.6311</dst>
      <dst id="21">132.9511</dst>
    </src>
  </IntraTM>
</TrafficMatrixFile>
