<?xml version="1.0" encoding="UTF-8" standalone="yes"?>
<TrafficMatrixFile xmlns:xsi="http://www.w3.org/2001/XMLSchema-instance" xsi:noNamespaceSchemaLocation="http://totem.run.montefiore.ulg.ac.be/Schema/TrafficMatrix-v1_2.xsd">
  <info>
    <title>Intradomain traffic matrix generated by geant-TM-all.pl</title>
    <date>2005-01-04T00:45:00</date>
    <duration>900</duration>
    <author>Steve Uhlig</author>
    <units>
        <unit type="bandwidth" value="kbps"/>
    </units>
  </info>
  <IntraTM ASID="20965">
    <src id="12">
      <dst id="12">248679.6889</dst>
      <dst id="13">30317.6978</dst>
      <dst id="19">3156.5156</dst>
      <dst id="23">1896.9511</dst>
      <dst id="8">1739.9378</dst>
      <dst id="18">5310.4267</dst>
      <dst id="4">65873.9111</dst>
      <dst id="1">6814.8978</dst>
      <dst id="5">3086.5956</dst>
      <dst id="3">3524.2133</dst>
      <dst id="22">12802.2933</dst>
      <dst id="7">8860.9244</dst>
      <dst id="2">84365.1556</dst>
      <dst id="6">2.2578</dst>
      <dst id="16">13078.0622</dst>
      <dst id="14">1429.8844</dst>
      <dst id="20">2252.5778</dst>
      <dst id="11">18894.5422</dst>
      <dst id="9">4173.8756</dst>
      <dst id="17">95812.7822</dst>
      <dst id="21">1264.6489</dst>
      <dst id="15">9715.5289</dst>
    </src>
    <src id="13">
      <dst id="12">56025.9022</dst>
      <dst id="19">22639.3244</dst>
      <dst id="23">605.2178</dst>
      <dst id="8">2096.1067</dst>
      <dst id="18">2664.4356</dst>
      <dst id="1">5914.9244</dst>
      <dst id="5">9593.7067</dst>
      <dst id="3">8220.6044</dst>
      <dst id="22">19725.7778</dst>
      <dst id="7">10373.2089</dst>
      <dst id="2">92165.5644</dst>
      <dst id="6">56.3378</dst>
      <dst id="16">10721.3956</dst>
      <dst id="14">1767.3778</dst>
      <dst id="20">9840.9422</dst>
      <dst id="11">16047.6800</dst>
      <dst id="9">16517.5467</dst>
      <dst id="17">47387.4133</dst>
      <dst id="21">14988.0622</dst>
      <dst id="15">7599.0222</dst>
    </src>
    <src id="19">
      <dst id="12">17973.0667</dst>
      <dst id="13">1756.9511</dst>
      <dst id="23">42.2044</dst>
      <dst id="8">0.4178</dst>
      <dst id="18">2777.4667</dst>
      <dst id="4">16848.8178</dst>
      <dst id="1">1437.1644</dst>
      <dst id="5">125.8311</dst>
      <dst id="3">14.0444</dst>
      <dst id="22">492.0000</dst>
      <dst id="7">4040.6400</dst>
      <dst id="2">822.6311</dst>
      <dst id="6">77.8400</dst>
      <dst id="16">6882.8178</dst>
      <dst id="14">1.7244</dst>
      <dst id="20">121.8311</dst>
      <dst id="11">31.5111</dst>
      <dst id="9">74.4711</dst>
      <dst id="17">11101.6622</dst>
      <dst id="21">477.5111</dst>
      <dst id="15">1.3956</dst>
    </src>
    <src id="23">
      <dst id="12">602.9244</dst>
      <dst id="13">122.1867</dst>
      <dst id="19">12.9778</dst>
      <dst id="8">13.3333</dst>
      <dst id="18">0.3378</dst>
      <dst id="4">0.4622</dst>
      <dst id="1">90.7378</dst>
      <dst id="5">53.3333</dst>
      <dst id="3">216.6933</dst>
      <dst id="22">1229.4756</dst>
      <dst id="7">65.6444</dst>
      <dst id="2">30.9600</dst>
      <dst id="6">51.2000</dst>
      <dst id="16">125.9111</dst>
      <dst id="14">0.4622</dst>
      <dst id="20">0.4356</dst>
      <dst id="11">95.3600</dst>
      <dst id="9">357.2978</dst>
      <dst id="17">81.5644</dst>
      <dst id="21">89.9556</dst>
      <dst id="15">0.4267</dst>
    </src>
    <src id="8">
      <dst id="12">325932.6933</dst>
      <dst id="13">883.0578</dst>
      <dst id="19">2.0178</dst>
      <dst id="18">45.2000</dst>
      <dst id="4">2909.3156</dst>
      <dst id="1">425.2800</dst>
      <dst id="5">6892.4622</dst>
      <dst id="3">49.3956</dst>
      <dst id="22">787.5022</dst>
      <dst id="7">927.3689</dst>
      <dst id="2">143085.4844</dst>
      <dst id="16">1105.6000</dst>
      <dst id="20">99.8044</dst>
      <dst id="11">596.3822</dst>
      <dst id="9">628.2844</dst>
      <dst id="17">120558.5600</dst>
      <dst id="21">169.9733</dst>
      <dst id="15">298.3644</dst>
    </src>
    <src id="18">
      <dst id="12">89551.5467</dst>
      <dst id="13">211.0489</dst>
      <dst id="19">69.2800</dst>
      <dst id="23">1.8489</dst>
      <dst id="8">36.3200</dst>
      <dst id="4">1172.9956</dst>
      <dst id="1">719.0489</dst>
      <dst id="5">417.3067</dst>
      <dst id="3">27.5733</dst>
      <dst id="22">13.1467</dst>
      <dst id="7">314.1422</dst>
      <dst id="2">32230.3289</dst>
      <dst id="16">88.8711</dst>
      <dst id="14">0.3556</dst>
      <dst id="20">231.2533</dst>
      <dst id="11">311.9200</dst>
      <dst id="9">126.7022</dst>
      <dst id="17">38531.8044</dst>
      <dst id="21">317.4222</dst>
      <dst id="15">2.9511</dst>
    </src>
    <src id="4">
      <dst id="12">55349.2444</dst>
      <dst id="19">15275.6889</dst>
      <dst id="8">1712.0889</dst>
      <dst id="18">854.6133</dst>
      <dst id="4">3.9911</dst>
      <dst id="1">40998.5422</dst>
      <dst id="5">1410.6489</dst>
      <dst id="3">256.5244</dst>
      <dst id="22">6107.0044</dst>
      <dst id="7">129890.7911</dst>
      <dst id="2">44414.6133</dst>
      <dst id="6">15.5467</dst>
      <dst id="16">2447.3244</dst>
      <dst id="14">1963.4400</dst>
      <dst id="20">1185.8667</dst>
      <dst id="11">5166.4356</dst>
      <dst id="9">2215.8400</dst>
      <dst id="17">84350.1600</dst>
      <dst id="21">3351.6533</dst>
      <dst id="15">807.4844</dst>
    </src>
    <src id="1">
      <dst id="12">18509.1111</dst>
      <dst id="13">644.9067</dst>
      <dst id="19">27.4578</dst>
      <dst id="23">212.2133</dst>
      <dst id="8">104664.8978</dst>
      <dst id="18">14466.7378</dst>
      <dst id="4">4460.6578</dst>
      <dst id="1">8775.7333</dst>
      <dst id="5">198122.3556</dst>
      <dst id="3">127.9289</dst>
      <dst id="22">2300.9333</dst>
      <dst id="7">1465.8489</dst>
      <dst id="2">3457.0489</dst>
      <dst id="6">10129.6533</dst>
      <dst id="16">12422.4711</dst>
      <dst id="14">163.8400</dst>
      <dst id="20">43.3778</dst>
      <dst id="11">522.6933</dst>
      <dst id="9">217769.1822</dst>
      <dst id="17">2397.6622</dst>
      <dst id="21">2328.7289</dst>
      <dst id="15">232.6222</dst>
    </src>
    <src id="5">
      <dst id="12">314625.6267</dst>
      <dst id="13">5593.9378</dst>
      <dst id="19">7390.5511</dst>
      <dst id="23">1.3511</dst>
      <dst id="8">1059.9022</dst>
      <dst id="18">76.7911</dst>
      <dst id="4">9809.2356</dst>
      <dst id="1">392.1778</dst>
      <dst id="3">73.7778</dst>
      <dst id="22">15401.0311</dst>
      <dst id="7">476.5511</dst>
      <dst id="2">127558.1244</dst>
      <dst id="6">4.5156</dst>
      <dst id="16">1052.3289</dst>
      <dst id="14">47.8222</dst>
      <dst id="20">14463.3600</dst>
      <dst id="11">2502.2133</dst>
      <dst id="9">2936.8356</dst>
      <dst id="17">128595.0756</dst>
      <dst id="21">388.5778</dst>
      <dst id="15">297.6178</dst>
    </src>
    <src id="3">
      <dst id="12">13847.7867</dst>
      <dst id="13">3065.4489</dst>
      <dst id="19">1228.3289</dst>
      <dst id="23">7756.0089</dst>
      <dst id="8">118.3378</dst>
      <dst id="18">85905.7956</dst>
      <dst id="4">13114.5422</dst>
      <dst id="1">5009.2089</dst>
      <dst id="5">445.0400</dst>
      <dst id="3">17388.2044</dst>
      <dst id="22">3205.5022</dst>
      <dst id="7">1889.4311</dst>
      <dst id="2">5859.2356</dst>
      <dst id="6">1.1733</dst>
      <dst id="16">1106.8800</dst>
      <dst id="14">36069.8311</dst>
      <dst id="20">2785.1822</dst>
      <dst id="11">169188.2400</dst>
      <dst id="9">210.8000</dst>
      <dst id="17">10073.9911</dst>
      <dst id="21">14866.0800</dst>
      <dst id="15">255.2978</dst>
    </src>
    <src id="10">
      <dst id="12">17432.3022</dst>
      <dst id="19">1534.0978</dst>
      <dst id="8">1931.9111</dst>
      <dst id="18">6422.3022</dst>
      <dst id="1">2715.5911</dst>
      <dst id="5">622.1422</dst>
      <dst id="3">1470.7556</dst>
      <dst id="22">13612.2667</dst>
      <dst id="7">8450.5867</dst>
      <dst id="2">24939.2444</dst>
      <dst id="6">13.6889</dst>
      <dst id="16">5098.5244</dst>
      <dst id="14">990.4889</dst>
      <dst id="20">3185.7867</dst>
      <dst id="11">5425.0311</dst>
      <dst id="9">2167.3156</dst>
      <dst id="17">16028.7022</dst>
      <dst id="21">8319.0756</dst>
      <dst id="15">1001.9733</dst>
    </src>
    <src id="22">
      <dst id="12">9010.8622</dst>
      <dst id="13">4257.7600</dst>
      <dst id="19">24.2489</dst>
      <dst id="23">463.1378</dst>
      <dst id="8">490.5422</dst>
      <dst id="18">451.9644</dst>
      <dst id="4">13086.5067</dst>
      <dst id="1">411.7511</dst>
      <dst id="5">3605.5467</dst>
      <dst id="3">3274.5333</dst>
      <dst id="7">837.5111</dst>
      <dst id="2">1807.9022</dst>
      <dst id="6">1.4400</dst>
      <dst id="16">1.6889</dst>
      <dst id="14">220.8533</dst>
      <dst id="11">2238.4089</dst>
      <dst id="9">9267.5556</dst>
      <dst id="17">5052.6933</dst>
      <dst id="21">1692.7556</dst>
    </src>
    <src id="7">
      <dst id="12">8166.5156</dst>
      <dst id="13">855.7333</dst>
      <dst id="19">410.4178</dst>
      <dst id="23">293.1911</dst>
      <dst id="8">176.7200</dst>
      <dst id="18">321.8489</dst>
      <dst id="4">15551.9111</dst>
      <dst id="1">1153.8400</dst>
      <dst id="5">1479.6267</dst>
      <dst id="3">12513.1644</dst>
      <dst id="22">2386.3733</dst>
      <dst id="7">729.9467</dst>
      <dst id="2">5669.4578</dst>
      <dst id="6">76.9600</dst>
      <dst id="16">958.4533</dst>
      <dst id="14">128.7111</dst>
      <dst id="20">1520.3467</dst>
      <dst id="11">1183.6533</dst>
      <dst id="9">891.6800</dst>
      <dst id="17">16688.6933</dst>
      <dst id="21">2888.4978</dst>
      <dst id="15">649.8844</dst>
    </src>
    <src id="2">
      <dst id="12">116672.5067</dst>
      <dst id="13">509218.9689</dst>
      <dst id="19">3028.8444</dst>
      <dst id="23">18.5067</dst>
      <dst id="8">719.4311</dst>
      <dst id="18">56412.7822</dst>
      <dst id="4">73415.6978</dst>
      <dst id="1">6324.0800</dst>
      <dst id="5">1475.7244</dst>
      <dst id="3">134.2133</dst>
      <dst id="22">10880.5422</dst>
      <dst id="7">5076.1422</dst>
      <dst id="2">768.1333</dst>
      <dst id="6">10222.7022</dst>
      <dst id="16">1951.9289</dst>
      <dst id="14">6466.8533</dst>
      <dst id="20">1447.6533</dst>
      <dst id="11">6826.7556</dst>
      <dst id="9">1122.1156</dst>
      <dst id="17">33764.0178</dst>
      <dst id="21">1925.0844</dst>
      <dst id="15">48.4267</dst>
    </src>
    <src id="6">
      <dst id="12">10412.6044</dst>
      <dst id="13">63.4933</dst>
      <dst id="19">1.4844</dst>
      <dst id="23">0.3556</dst>
      <dst id="18">11.4667</dst>
      <dst id="4">1067.4578</dst>
      <dst id="1">84.9600</dst>
      <dst id="22">56.8178</dst>
      <dst id="7">8.1244</dst>
      <dst id="2">2928.6133</dst>
      <dst id="16">3.4844</dst>
      <dst id="11">0.7111</dst>
      <dst id="9">0.3556</dst>
      <dst id="17">1668.5156</dst>
      <dst id="21">2.1956</dst>
    </src>
    <src id="16">
      <dst id="12">3017.2978</dst>
      <dst id="13">1865.0222</dst>
      <dst id="19">6747.4933</dst>
      <dst id="23">41.8222</dst>
      <dst id="8">3506.7911</dst>
      <dst id="18">88.2667</dst>
      <dst id="4">3424.4267</dst>
      <dst id="1">23360.2667</dst>
      <dst id="5">2972.9600</dst>
      <dst id="3">1.8400</dst>
      <dst id="7">125.3778</dst>
      <dst id="2">517.3956</dst>
      <dst id="6">48.5067</dst>
      <dst id="16">44.1867</dst>
      <dst id="14">413.6889</dst>
      <dst id="11">321.8578</dst>
      <dst id="9">5785.8489</dst>
      <dst id="17">1892.7644</dst>
      <dst id="21">2151.3333</dst>
    </src>
    <src id="14">
      <dst id="12">20287.4400</dst>
      <dst id="13">109.0044</dst>
      <dst id="19">6.0978</dst>
      <dst id="23">0.4622</dst>
      <dst id="4">1472.8800</dst>
      <dst id="1">24.6578</dst>
      <dst id="5">27.4489</dst>
      <dst id="3">40.3822</dst>
      <dst id="22">23.1022</dst>
      <dst id="7">145.0844</dst>
      <dst id="2">6846.3822</dst>
      <dst id="6">23.6089</dst>
      <dst id="16">59.8756</dst>
      <dst id="20">4.3022</dst>
      <dst id="11">120.5422</dst>
      <dst id="9">12.8267</dst>
      <dst id="17">6294.6933</dst>
      <dst id="21">113.3067</dst>
      <dst id="15">120.9156</dst>
    </src>
    <src id="20">
      <dst id="12">1981.8400</dst>
      <dst id="13">4032.5778</dst>
      <dst id="19">572.8889</dst>
      <dst id="23">13.3333</dst>
      <dst id="8">320.5067</dst>
      <dst id="18">14.8178</dst>
      <dst id="4">6529.6889</dst>
      <dst id="1">167.5378</dst>
      <dst id="5">1846.1333</dst>
      <dst id="3">617.2089</dst>
      <dst id="7">2108.2311</dst>
      <dst id="2">4881.4489</dst>
      <dst id="14">255.8667</dst>
      <dst id="11">2042.2489</dst>
      <dst id="9">898.0978</dst>
      <dst id="17">8447.6889</dst>
      <dst id="21">7930.9156</dst>
    </src>
    <src id="11">
      <dst id="12">417552.3822</dst>
      <dst id="13">1939.7333</dst>
      <dst id="19">22.9778</dst>
      <dst id="23">128.3289</dst>
      <dst id="8">503.4222</dst>
      <dst id="18">68.6311</dst>
      <dst id="4">8261.9378</dst>
      <dst id="1">541.5822</dst>
      <dst id="5">725.0844</dst>
      <dst id="3">379.3333</dst>
      <dst id="22">2739.6178</dst>
      <dst id="7">584.2933</dst>
      <dst id="2">162609.8756</dst>
      <dst id="6">18.5422</dst>
      <dst id="16">123.4844</dst>
      <dst id="14">35.9556</dst>
      <dst id="20">196.7111</dst>
      <dst id="11">3201.8311</dst>
      <dst id="9">2476.8800</dst>
      <dst id="17">174060.1244</dst>
      <dst id="21">511.2356</dst>
      <dst id="15">165.4489</dst>
    </src>
    <src id="9">
      <dst id="12">389334.3644</dst>
      <dst id="13">31255.8667</dst>
      <dst id="19">775.5200</dst>
      <dst id="23">67.5022</dst>
      <dst id="8">429.4400</dst>
      <dst id="18">349.2089</dst>
      <dst id="4">7437.3333</dst>
      <dst id="1">5923.8222</dst>
      <dst id="5">1858.5867</dst>
      <dst id="3">13.6889</dst>
      <dst id="22">5274.6222</dst>
      <dst id="7">503.1111</dst>
      <dst id="2">162484.4000</dst>
      <dst id="16">3413.9911</dst>
      <dst id="14">12.3733</dst>
      <dst id="20">2788.2133</dst>
      <dst id="11">2160.3200</dst>
      <dst id="9">325.6978</dst>
      <dst id="17">197952.0444</dst>
      <dst id="21">3869.5644</dst>
      <dst id="15">569.8933</dst>
    </src>
    <src id="17">
      <dst id="12">11501.7778</dst>
      <dst id="13">7593.1022</dst>
      <dst id="19">720.4800</dst>
      <dst id="23">465.3778</dst>
      <dst id="8">124957.0844</dst>
      <dst id="18">178.2044</dst>
      <dst id="4">34581.1733</dst>
      <dst id="1">1834.6933</dst>
      <dst id="5">214087.8311</dst>
      <dst id="3">5135.2178</dst>
      <dst id="22">4967.8933</dst>
      <dst id="7">4683.0933</dst>
      <dst id="2">22788.4889</dst>
      <dst id="6">81.9022</dst>
      <dst id="16">7632.4356</dst>
      <dst id="14">33645.0578</dst>
      <dst id="20">1282.6133</dst>
      <dst id="11">126836.6933</dst>
      <dst id="9">204494.9422</dst>
      <dst id="17">1474.2489</dst>
      <dst id="21">13802.8533</dst>
      <dst id="15">182.9511</dst>
    </src>
    <src id="21">
      <dst id="12">16953.5467</dst>
      <dst id="13">492.7378</dst>
      <dst id="19">624.2400</dst>
      <dst id="23">9.6267</dst>
      <dst id="8">106.2844</dst>
      <dst id="18">558.6044</dst>
      <dst id="4">14759.0400</dst>
      <dst id="1">1787.6000</dst>
      <dst id="5">922.3911</dst>
      <dst id="3">1012.0711</dst>
      <dst id="22">1402.0356</dst>
      <dst id="7">897.5644</dst>
      <dst id="2">13092.6667</dst>
      <dst id="6">3.2356</dst>
      <dst id="16">713.0489</dst>
      <dst id="14">85.0667</dst>
      <dst id="20">183.5911</dst>
      <dst id="11">544.5867</dst>
      <dst id="9">624.2400</dst>
      <dst id="17">4748.8089</dst>
      <dst id="21">2785.6889</dst>
      <dst id="15">1442.7644</dst>
    </src>
    <src id="15">
      <dst id="12">1652.8622</dst>
      <dst id="13">529.1111</dst>
      <dst id="19">1.1378</dst>
      <dst id="23">1.5556</dst>
      <dst id="8">141.8400</dst>
      <dst id="4">2131.8578</dst>
      <dst id="1">597.3956</dst>
      <dst id="5">38.0267</dst>
      <dst id="3">22.3467</dst>
      <dst id="7">41.9200</dst>
      <dst id="2">152.3022</dst>
      <dst id="14">5.5111</dst>
      <dst id="11">383.0756</dst>
      <dst id="9">77.9556</dst>
      <dst id="17">931.4044</dst>
      <dst id="21">157.7956</dst>
    </src>
  </IntraTM>
</TrafficMatrixFile>
