<?xml version="1.0" encoding="UTF-8" standalone="yes"?>
<TrafficMatrixFile xmlns:xsi="http://www.w3.org/2001/XMLSchema-instance" xsi:noNamespaceSchemaLocation="http://totem.run.montefiore.ulg.ac.be/Schema/TrafficMatrix-v1_2.xsd">
  <info>
    <title>Intradomain traffic matrix generated by geant-TM-all.pl</title>
    <date>2005-01-02T01:45:00</date>
    <duration>900</duration>
    <author>Steve Uhlig</author>
    <units>
        <unit type="bandwidth" value="kbps"/>
    </units>
  </info>
  <IntraTM ASID="20965">
    <src id="12">
      <dst id="12">338675.5200</dst>
      <dst id="13">36229.6178</dst>
      <dst id="19">5131.8933</dst>
      <dst id="23">1174.4800</dst>
      <dst id="8">4394.8089</dst>
      <dst id="18">3998.8622</dst>
      <dst id="4">110943.6444</dst>
      <dst id="1">12986.8000</dst>
      <dst id="5">6525.6711</dst>
      <dst id="3">5880.8356</dst>
      <dst id="22">20236.5067</dst>
      <dst id="7">7183.3511</dst>
      <dst id="2">164867.8489</dst>
      <dst id="6">127.2978</dst>
      <dst id="16">7203.9556</dst>
      <dst id="14">2498.7289</dst>
      <dst id="20">4658.4178</dst>
      <dst id="11">12786.1511</dst>
      <dst id="9">18438.5244</dst>
      <dst id="17">97691.4844</dst>
      <dst id="21">23750.1422</dst>
      <dst id="15">3981.0489</dst>
    </src>
    <src id="13">
      <dst id="12">74255.0133</dst>
      <dst id="19">5157.4222</dst>
      <dst id="23">426.3378</dst>
      <dst id="8">13769.7867</dst>
      <dst id="18">5693.8400</dst>
      <dst id="4">1.6711</dst>
      <dst id="1">4802.5067</dst>
      <dst id="5">19685.2711</dst>
      <dst id="3">18157.6622</dst>
      <dst id="22">31156.1600</dst>
      <dst id="7">11034.6311</dst>
      <dst id="2">173183.7422</dst>
      <dst id="6">106.9067</dst>
      <dst id="16">10912.4622</dst>
      <dst id="14">3443.2800</dst>
      <dst id="20">28430.3911</dst>
      <dst id="11">13265.0133</dst>
      <dst id="9">15443.6533</dst>
      <dst id="17">70998.1778</dst>
      <dst id="21">47923.7956</dst>
      <dst id="15">3485.1733</dst>
    </src>
    <src id="19">
      <dst id="12">22094.2667</dst>
      <dst id="13">6765.9822</dst>
      <dst id="23">116.1422</dst>
      <dst id="8">11.6178</dst>
      <dst id="18">919.1911</dst>
      <dst id="4">25948.0089</dst>
      <dst id="1">245.9111</dst>
      <dst id="5">9.1733</dst>
      <dst id="3">1566.2667</dst>
      <dst id="22">10531.7422</dst>
      <dst id="7">5755.0400</dst>
      <dst id="2">1451.7156</dst>
      <dst id="6">269.6711</dst>
      <dst id="16">6253.2089</dst>
      <dst id="14">0.3556</dst>
      <dst id="20">1608.6311</dst>
      <dst id="11">131.2178</dst>
      <dst id="9">568.8533</dst>
      <dst id="17">253.9111</dst>
      <dst id="21">1410.4356</dst>
      <dst id="15">1879.9467</dst>
    </src>
    <src id="23">
      <dst id="12">3142.4356</dst>
      <dst id="13">153.0400</dst>
      <dst id="19">2.6667</dst>
      <dst id="8">38.1867</dst>
      <dst id="18">259.0578</dst>
      <dst id="4">919.5733</dst>
      <dst id="1">133.1289</dst>
      <dst id="5">67.5289</dst>
      <dst id="3">268.0000</dst>
      <dst id="22">220.6667</dst>
      <dst id="7">118.8444</dst>
      <dst id="2">45.1289</dst>
      <dst id="6">1.4933</dst>
      <dst id="16">14.4444</dst>
      <dst id="14">39.2889</dst>
      <dst id="20">97.9022</dst>
      <dst id="11">38.9867</dst>
      <dst id="9">357.4044</dst>
      <dst id="17">396.5956</dst>
      <dst id="21">869.7422</dst>
      <dst id="15">14.2933</dst>
    </src>
    <src id="8">
      <dst id="12">372214.4000</dst>
      <dst id="13">1030.7556</dst>
      <dst id="19">19.8667</dst>
      <dst id="23">50.8800</dst>
      <dst id="18">334.9422</dst>
      <dst id="4">8624.5600</dst>
      <dst id="1">51.8133</dst>
      <dst id="5">1851.2356</dst>
      <dst id="3">400.2400</dst>
      <dst id="22">1736.0356</dst>
      <dst id="7">23.4222</dst>
      <dst id="2">148979.6000</dst>
      <dst id="6">0.3556</dst>
      <dst id="16">571.9822</dst>
      <dst id="14">38.6222</dst>
      <dst id="20">117.6711</dst>
      <dst id="11">1226.3022</dst>
      <dst id="9">2013.3333</dst>
      <dst id="17">107435.9556</dst>
      <dst id="21">712.2311</dst>
      <dst id="15">771.6356</dst>
    </src>
    <src id="18">
      <dst id="12">136194.0178</dst>
      <dst id="13">325.1733</dst>
      <dst id="19">29.3778</dst>
      <dst id="23">6.5778</dst>
      <dst id="8">132.4000</dst>
      <dst id="4">2049.7867</dst>
      <dst id="1">1049.5200</dst>
      <dst id="5">1074.0711</dst>
      <dst id="3">234.1778</dst>
      <dst id="22">331.4578</dst>
      <dst id="7">132.8178</dst>
      <dst id="2">36251.8222</dst>
      <dst id="16">34.3644</dst>
      <dst id="14">0.8178</dst>
      <dst id="20">791.2178</dst>
      <dst id="11">258.7644</dst>
      <dst id="9">160.9867</dst>
      <dst id="17">34769.6000</dst>
      <dst id="21">1245.8400</dst>
      <dst id="15">4.2667</dst>
    </src>
    <src id="4">
      <dst id="12">19769.5644</dst>
      <dst id="19">10332.8800</dst>
      <dst id="23">0.3556</dst>
      <dst id="8">1470.0178</dst>
      <dst id="18">4683.1556</dst>
      <dst id="1">1589.7689</dst>
      <dst id="5">2804.7467</dst>
      <dst id="3">127548.0000</dst>
      <dst id="22">7230.0978</dst>
      <dst id="7">73816.7200</dst>
      <dst id="2">76429.0311</dst>
      <dst id="6">17.8578</dst>
      <dst id="16">2055.2978</dst>
      <dst id="14">2704.1511</dst>
      <dst id="20">4409.2622</dst>
      <dst id="11">14728.7467</dst>
      <dst id="9">3150.4089</dst>
      <dst id="17">21556.6044</dst>
      <dst id="21">15211.8222</dst>
      <dst id="15">1310.8178</dst>
    </src>
    <src id="1">
      <dst id="12">18862.7733</dst>
      <dst id="13">2466.6222</dst>
      <dst id="19">103.4756</dst>
      <dst id="23">113.3778</dst>
      <dst id="8">175566.5511</dst>
      <dst id="18">15547.4400</dst>
      <dst id="4">12283.0311</dst>
      <dst id="1">58.0800</dst>
      <dst id="5">296494.5067</dst>
      <dst id="3">81125.4044</dst>
      <dst id="22">3891.4222</dst>
      <dst id="7">15668.8889</dst>
      <dst id="2">21440.9422</dst>
      <dst id="6">9424.4356</dst>
      <dst id="16">11645.3333</dst>
      <dst id="14">2575.1733</dst>
      <dst id="20">443.7600</dst>
      <dst id="11">552.4356</dst>
      <dst id="9">313694.2667</dst>
      <dst id="17">2631.5467</dst>
      <dst id="21">7903.1911</dst>
      <dst id="15">2322.9156</dst>
    </src>
    <src id="5">
      <dst id="12">408413.4933</dst>
      <dst id="13">14152.5778</dst>
      <dst id="19">153.3867</dst>
      <dst id="23">111.1111</dst>
      <dst id="8">3881.7333</dst>
      <dst id="18">446.0089</dst>
      <dst id="4">6989.3333</dst>
      <dst id="1">133.3244</dst>
      <dst id="3">1388.4889</dst>
      <dst id="22">11652.8444</dst>
      <dst id="7">244.3022</dst>
      <dst id="2">171625.2978</dst>
      <dst id="16">1125.1022</dst>
      <dst id="14">100.8711</dst>
      <dst id="20">3445.5467</dst>
      <dst id="11">1376.3556</dst>
      <dst id="9">2873.9022</dst>
      <dst id="17">90480.2844</dst>
      <dst id="21">917.3867</dst>
      <dst id="15">349.7600</dst>
    </src>
    <src id="3">
      <dst id="12">13006.0622</dst>
      <dst id="13">1392.4000</dst>
      <dst id="19">2985.1200</dst>
      <dst id="23">67.6356</dst>
      <dst id="8">97.5289</dst>
      <dst id="18">180652.9333</dst>
      <dst id="4">46750.1156</dst>
      <dst id="1">6848.3733</dst>
      <dst id="5">792.6578</dst>
      <dst id="3">20947.4222</dst>
      <dst id="22">2699.0844</dst>
      <dst id="7">6556.6044</dst>
      <dst id="2">12152.7467</dst>
      <dst id="6">8.9778</dst>
      <dst id="16">3526.7911</dst>
      <dst id="14">50423.5911</dst>
      <dst id="20">2404.6756</dst>
      <dst id="11">206120.1689</dst>
      <dst id="9">138.8711</dst>
      <dst id="17">17303.5911</dst>
      <dst id="21">11057.7156</dst>
      <dst id="15">113.4933</dst>
    </src>
    <src id="10">
      <dst id="12">15284.2489</dst>
      <dst id="19">1291.7511</dst>
      <dst id="23">0.4267</dst>
      <dst id="8">2787.0311</dst>
      <dst id="18">15016.1511</dst>
      <dst id="1">3359.6800</dst>
      <dst id="5">2336.4178</dst>
      <dst id="3">32696.5867</dst>
      <dst id="22">16486.5244</dst>
      <dst id="7">4170.8000</dst>
      <dst id="2">59120.3733</dst>
      <dst id="6">16.5333</dst>
      <dst id="16">1364.5422</dst>
      <dst id="14">1482.0267</dst>
      <dst id="20">7732.0800</dst>
      <dst id="11">6361.8933</dst>
      <dst id="9">5694.9956</dst>
      <dst id="17">26064.2133</dst>
      <dst id="21">20979.5111</dst>
      <dst id="15">1569.5022</dst>
    </src>
    <src id="22">
      <dst id="12">15889.9644</dst>
      <dst id="13">5269.0400</dst>
      <dst id="19">411.5733</dst>
      <dst id="23">136.5867</dst>
      <dst id="8">945.9022</dst>
      <dst id="18">1830.6933</dst>
      <dst id="4">27171.7156</dst>
      <dst id="1">306.0711</dst>
      <dst id="5">6034.5333</dst>
      <dst id="3">739.0400</dst>
      <dst id="7">1026.3822</dst>
      <dst id="2">3090.6489</dst>
      <dst id="6">1.3067</dst>
      <dst id="16">3.6978</dst>
      <dst id="14">74.6667</dst>
      <dst id="11">3963.8222</dst>
      <dst id="9">2223.7244</dst>
      <dst id="17">6089.5467</dst>
      <dst id="21">2416.4444</dst>
    </src>
    <src id="7">
      <dst id="12">17401.7778</dst>
      <dst id="13">6045.5733</dst>
      <dst id="19">1470.5244</dst>
      <dst id="23">339.5644</dst>
      <dst id="8">835.4222</dst>
      <dst id="18">1348.4889</dst>
      <dst id="4">83157.7511</dst>
      <dst id="1">18715.2089</dst>
      <dst id="5">3318.1689</dst>
      <dst id="3">18243.1467</dst>
      <dst id="22">5854.0889</dst>
      <dst id="7">674.6756</dst>
      <dst id="2">26038.6222</dst>
      <dst id="6">23.8044</dst>
      <dst id="16">1563.7956</dst>
      <dst id="14">109.5022</dst>
      <dst id="20">613.2267</dst>
      <dst id="11">1159.6711</dst>
      <dst id="9">1163.9111</dst>
      <dst id="17">6157.4044</dst>
      <dst id="21">8538.7911</dst>
      <dst id="15">443.8222</dst>
    </src>
    <src id="2">
      <dst id="12">146177.5378</dst>
      <dst id="13">5582.4089</dst>
      <dst id="19">17290.9600</dst>
      <dst id="23">26.6222</dst>
      <dst id="8">927.1200</dst>
      <dst id="18">147648.6133</dst>
      <dst id="4">139953.5111</dst>
      <dst id="1">3461.1378</dst>
      <dst id="5">1272.2667</dst>
      <dst id="3">10686.4000</dst>
      <dst id="22">3840.0089</dst>
      <dst id="7">5290.3822</dst>
      <dst id="2">1094.9156</dst>
      <dst id="6">7884.8444</dst>
      <dst id="16">2924.1511</dst>
      <dst id="14">300.6844</dst>
      <dst id="20">2532.0533</dst>
      <dst id="11">11087.6889</dst>
      <dst id="9">1614.6311</dst>
      <dst id="17">18174.0889</dst>
      <dst id="21">16477.5911</dst>
      <dst id="15">517.0400</dst>
    </src>
    <src id="6">
      <dst id="12">10450.5422</dst>
      <dst id="13">3.5822</dst>
      <dst id="19">5.0578</dst>
      <dst id="23">0.8356</dst>
      <dst id="8">3.3956</dst>
      <dst id="18">0.8000</dst>
      <dst id="4">74.3378</dst>
      <dst id="1">0.3378</dst>
      <dst id="5">11.4667</dst>
      <dst id="3">28.5511</dst>
      <dst id="22">12.6044</dst>
      <dst id="7">27.1822</dst>
      <dst id="2">2036.0356</dst>
      <dst id="16">24.1867</dst>
      <dst id="11">1169.7156</dst>
      <dst id="9">10.5778</dst>
      <dst id="17">1901.0489</dst>
      <dst id="21">0.3556</dst>
      <dst id="15">0.6756</dst>
    </src>
    <src id="16">
      <dst id="12">6344.6400</dst>
      <dst id="13">902.3378</dst>
      <dst id="19">5260.0000</dst>
      <dst id="23">48.0800</dst>
      <dst id="8">6249.7600</dst>
      <dst id="18">30.0444</dst>
      <dst id="4">6394.2044</dst>
      <dst id="1">15236.7733</dst>
      <dst id="5">8741.1289</dst>
      <dst id="3">2686.1600</dst>
      <dst id="7">1200.3200</dst>
      <dst id="2">1981.6089</dst>
      <dst id="6">14.7378</dst>
      <dst id="16">53.6267</dst>
      <dst id="14">357.0756</dst>
      <dst id="11">459.0044</dst>
      <dst id="9">8604.1956</dst>
      <dst id="17">2965.4844</dst>
      <dst id="21">1077.1911</dst>
    </src>
    <src id="14">
      <dst id="12">23823.9022</dst>
      <dst id="13">90.4356</dst>
      <dst id="19">34.5244</dst>
      <dst id="23">25.8400</dst>
      <dst id="8">17.1200</dst>
      <dst id="18">40.5244</dst>
      <dst id="4">3226.5511</dst>
      <dst id="1">96.4000</dst>
      <dst id="5">75.5911</dst>
      <dst id="3">105.5644</dst>
      <dst id="22">9.0222</dst>
      <dst id="7">106.7556</dst>
      <dst id="2">8302.9956</dst>
      <dst id="16">139.2622</dst>
      <dst id="20">72.8711</dst>
      <dst id="11">50.9956</dst>
      <dst id="9">26.1689</dst>
      <dst id="17">5338.6400</dst>
      <dst id="21">134.9067</dst>
      <dst id="15">1.2089</dst>
    </src>
    <src id="20">
      <dst id="12">10949.9644</dst>
      <dst id="13">3803.7244</dst>
      <dst id="19">332.9689</dst>
      <dst id="23">2.9156</dst>
      <dst id="8">859.1644</dst>
      <dst id="18">193.0400</dst>
      <dst id="4">17913.2178</dst>
      <dst id="1">303.9022</dst>
      <dst id="5">6099.3511</dst>
      <dst id="3">1023.0400</dst>
      <dst id="22">1.4933</dst>
      <dst id="7">378.1511</dst>
      <dst id="2">5618.1156</dst>
      <dst id="6">40.7111</dst>
      <dst id="14">68.5333</dst>
      <dst id="11">1074.3822</dst>
      <dst id="9">5926.4978</dst>
      <dst id="17">2242.0356</dst>
      <dst id="21">5537.2800</dst>
    </src>
    <src id="11">
      <dst id="12">468041.6622</dst>
      <dst id="13">1136.3111</dst>
      <dst id="19">44.4178</dst>
      <dst id="23">136.1867</dst>
      <dst id="8">4633.7511</dst>
      <dst id="18">522.5422</dst>
      <dst id="4">18443.7244</dst>
      <dst id="1">697.3778</dst>
      <dst id="5">2554.4622</dst>
      <dst id="3">1190.8978</dst>
      <dst id="22">3369.5822</dst>
      <dst id="7">260.0978</dst>
      <dst id="2">174717.6711</dst>
      <dst id="6">52.1600</dst>
      <dst id="16">710.1867</dst>
      <dst id="14">49.5733</dst>
      <dst id="20">2144.9422</dst>
      <dst id="11">2761.1911</dst>
      <dst id="9">1097.0044</dst>
      <dst id="17">111310.9600</dst>
      <dst id="21">1973.4578</dst>
      <dst id="15">417.7156</dst>
    </src>
    <src id="9">
      <dst id="12">569192.9600</dst>
      <dst id="13">11620.3556</dst>
      <dst id="19">1506.7467</dst>
      <dst id="23">18.7467</dst>
      <dst id="8">363.2978</dst>
      <dst id="18">362.9244</dst>
      <dst id="4">15729.7067</dst>
      <dst id="1">11090.2756</dst>
      <dst id="5">1476.0444</dst>
      <dst id="3">469.2800</dst>
      <dst id="22">2922.0711</dst>
      <dst id="7">1743.1200</dst>
      <dst id="2">182898.1156</dst>
      <dst id="6">14.5422</dst>
      <dst id="16">1893.3422</dst>
      <dst id="14">22.6222</dst>
      <dst id="20">3278.5600</dst>
      <dst id="11">728.7556</dst>
      <dst id="9">1031.8667</dst>
      <dst id="17">134925.5733</dst>
      <dst id="21">2238.4622</dst>
      <dst id="15">3838.5956</dst>
    </src>
    <src id="17">
      <dst id="12">14650.2667</dst>
      <dst id="13">6735.4667</dst>
      <dst id="19">876.4533</dst>
      <dst id="23">573.5644</dst>
      <dst id="8">195264.4089</dst>
      <dst id="18">4750.2933</dst>
      <dst id="4">60693.5644</dst>
      <dst id="1">21865.7511</dst>
      <dst id="5">293418.2311</dst>
      <dst id="3">20801.1289</dst>
      <dst id="22">9292.2400</dst>
      <dst id="7">17329.9022</dst>
      <dst id="2">18713.5200</dst>
      <dst id="6">98.4800</dst>
      <dst id="16">2755.4756</dst>
      <dst id="14">54200.1067</dst>
      <dst id="20">1554.9778</dst>
      <dst id="11">173415.8578</dst>
      <dst id="9">310181.2889</dst>
      <dst id="17">1630.7911</dst>
      <dst id="21">22218.7644</dst>
      <dst id="15">86.2667</dst>
    </src>
    <src id="21">
      <dst id="12">25185.9733</dst>
      <dst id="13">2243.6622</dst>
      <dst id="19">538.3378</dst>
      <dst id="23">458.5956</dst>
      <dst id="8">794.6578</dst>
      <dst id="18">4888.6044</dst>
      <dst id="4">45651.1289</dst>
      <dst id="1">26943.2533</dst>
      <dst id="5">736.7733</dst>
      <dst id="3">4196.6133</dst>
      <dst id="22">2315.5644</dst>
      <dst id="7">2790.7911</dst>
      <dst id="2">15112.9956</dst>
      <dst id="6">52.8711</dst>
      <dst id="16">296.2844</dst>
      <dst id="14">190.3022</dst>
      <dst id="20">398.9422</dst>
      <dst id="11">1988.3644</dst>
      <dst id="9">1299.5378</dst>
      <dst id="17">6350.4444</dst>
      <dst id="21">3331.3511</dst>
      <dst id="15">900.0978</dst>
    </src>
    <src id="15">
      <dst id="12">2599.8311</dst>
      <dst id="13">1952.7556</dst>
      <dst id="19">75.2889</dst>
      <dst id="23">1.7244</dst>
      <dst id="8">323.5911</dst>
      <dst id="18">84.3378</dst>
      <dst id="4">5017.8222</dst>
      <dst id="1">410.0533</dst>
      <dst id="5">400.7644</dst>
      <dst id="3">1307.5733</dst>
      <dst id="7">82.4711</dst>
      <dst id="2">687.7689</dst>
      <dst id="14">39.1467</dst>
      <dst id="11">106.0711</dst>
      <dst id="9">11172.8089</dst>
      <dst id="17">237.1111</dst>
      <dst id="21">76.4800</dst>
    </src>
  </IntraTM>
</TrafficMatrixFile>
