<?xml version="1.0" encoding="UTF-8" standalone="yes"?>
<TrafficMatrixFile xmlns:xsi="http://www.w3.org/2001/XMLSchema-instance" xsi:noNamespaceSchemaLocation="http://totem.run.montefiore.ulg.ac.be/Schema/TrafficMatrix-v1_2.xsd">
  <info>
    <title>Intradomain traffic matrix generated by geant-TM-all.pl</title>
    <date>2005-01-03T20:00:00</date>
    <duration>900</duration>
    <author>Steve Uhlig</author>
    <units>
        <unit type="bandwidth" value="kbps"/>
    </units>
  </info>
  <IntraTM ASID="20965">
    <src id="12">
      <dst id="12">259734.7911</dst>
      <dst id="13">15842.3733</dst>
      <dst id="19">2464.3644</dst>
      <dst id="23">110.4622</dst>
      <dst id="8">9361.8311</dst>
      <dst id="18">287.0578</dst>
      <dst id="4">60767.1111</dst>
      <dst id="1">7239.2978</dst>
      <dst id="5">4015.3778</dst>
      <dst id="3">3345.2533</dst>
      <dst id="22">13132.6933</dst>
      <dst id="7">6384.0000</dst>
      <dst id="2">73038.8089</dst>
      <dst id="6">2.5867</dst>
      <dst id="16">5788.9956</dst>
      <dst id="14">136.8089</dst>
      <dst id="20">11505.9022</dst>
      <dst id="11">9931.6356</dst>
      <dst id="9">2551.4222</dst>
      <dst id="17">78919.0667</dst>
      <dst id="21">9797.2000</dst>
      <dst id="15">16273.7511</dst>
    </src>
    <src id="13">
      <dst id="12">60445.4311</dst>
      <dst id="19">7636.6311</dst>
      <dst id="23">31.7511</dst>
      <dst id="8">1688.8444</dst>
      <dst id="18">1414.3911</dst>
      <dst id="1">2460.1511</dst>
      <dst id="5">12834.2400</dst>
      <dst id="3">7903.0133</dst>
      <dst id="22">26377.1022</dst>
      <dst id="7">13580.9867</dst>
      <dst id="2">70712.8622</dst>
      <dst id="6">74.3022</dst>
      <dst id="16">33263.7956</dst>
      <dst id="14">2193.5111</dst>
      <dst id="20">4595.1022</dst>
      <dst id="11">15441.9822</dst>
      <dst id="9">20957.6444</dst>
      <dst id="17">353434.8533</dst>
      <dst id="21">8309.6800</dst>
      <dst id="15">6247.0311</dst>
    </src>
    <src id="19">
      <dst id="12">14853.6178</dst>
      <dst id="13">134.1156</dst>
      <dst id="23">16.1067</dst>
      <dst id="8">0.7733</dst>
      <dst id="18">1935.8667</dst>
      <dst id="4">16265.1022</dst>
      <dst id="1">857.4489</dst>
      <dst id="5">2.9067</dst>
      <dst id="3">40.7733</dst>
      <dst id="22">230.1244</dst>
      <dst id="7">3092.8533</dst>
      <dst id="2">614.4267</dst>
      <dst id="6">95.0489</dst>
      <dst id="16">9076.1956</dst>
      <dst id="14">25.9556</dst>
      <dst id="20">15.1378</dst>
      <dst id="11">34.0889</dst>
      <dst id="9">154.0533</dst>
      <dst id="17">4400.4089</dst>
      <dst id="21">396.2756</dst>
    </src>
    <src id="23">
      <dst id="12">489.2000</dst>
      <dst id="13">127.7244</dst>
      <dst id="19">5.5289</dst>
      <dst id="8">103.0044</dst>
      <dst id="18">16.1067</dst>
      <dst id="4">61.7156</dst>
      <dst id="1">21.1911</dst>
      <dst id="5">26.6667</dst>
      <dst id="3">212.1511</dst>
      <dst id="22">519.2444</dst>
      <dst id="7">441.7333</dst>
      <dst id="2">98.0978</dst>
      <dst id="16">52.2578</dst>
      <dst id="14">25.3867</dst>
      <dst id="20">14.3644</dst>
      <dst id="11">148.2489</dst>
      <dst id="9">1348.1422</dst>
      <dst id="17">506.3822</dst>
      <dst id="21">123.0400</dst>
      <dst id="15">1.0133</dst>
    </src>
    <src id="8">
      <dst id="12">286475.1822</dst>
      <dst id="13">1448.7467</dst>
      <dst id="23">6307.3778</dst>
      <dst id="18">225.9911</dst>
      <dst id="4">4003.0311</dst>
      <dst id="1">262.5778</dst>
      <dst id="5">4711.3600</dst>
      <dst id="3">25.2178</dst>
      <dst id="22">2068.9956</dst>
      <dst id="7">20.0889</dst>
      <dst id="2">106494.7822</dst>
      <dst id="16">430.3022</dst>
      <dst id="14">66.6667</dst>
      <dst id="20">59.4933</dst>
      <dst id="11">684.7822</dst>
      <dst id="9">1820.0267</dst>
      <dst id="17">105612.4978</dst>
      <dst id="21">60.9244</dst>
      <dst id="15">237.1556</dst>
    </src>
    <src id="18">
      <dst id="12">89685.5911</dst>
      <dst id="13">153.6178</dst>
      <dst id="19">52.0089</dst>
      <dst id="23">1.7422</dst>
      <dst id="8">11.3333</dst>
      <dst id="4">1297.3156</dst>
      <dst id="1">983.7600</dst>
      <dst id="5">43.1200</dst>
      <dst id="3">83.1378</dst>
      <dst id="22">124.2311</dst>
      <dst id="7">15.8578</dst>
      <dst id="2">34337.6089</dst>
      <dst id="16">12.1511</dst>
      <dst id="11">66.4711</dst>
      <dst id="9">49.9289</dst>
      <dst id="17">33429.6800</dst>
      <dst id="21">263.4756</dst>
      <dst id="15">0.6400</dst>
    </src>
    <src id="4">
      <dst id="12">15673.3422</dst>
      <dst id="19">14538.7822</dst>
      <dst id="23">12.1511</dst>
      <dst id="8">3088.6044</dst>
      <dst id="18">1606.0267</dst>
      <dst id="4">0.9244</dst>
      <dst id="1">15694.9156</dst>
      <dst id="5">2626.6489</dst>
      <dst id="3">393.8489</dst>
      <dst id="22">8204.7289</dst>
      <dst id="7">135274.8444</dst>
      <dst id="2">35385.2622</dst>
      <dst id="6">15.1289</dst>
      <dst id="16">1732.1778</dst>
      <dst id="14">1595.6089</dst>
      <dst id="20">2268.6489</dst>
      <dst id="11">7081.0489</dst>
      <dst id="9">2753.8222</dst>
      <dst id="17">55212.9067</dst>
      <dst id="21">53645.4311</dst>
      <dst id="15">296.8622</dst>
    </src>
    <src id="1">
      <dst id="12">15714.9867</dst>
      <dst id="13">431.1289</dst>
      <dst id="19">137.4933</dst>
      <dst id="23">65.7956</dst>
      <dst id="8">121811.2622</dst>
      <dst id="18">17888.8444</dst>
      <dst id="4">2487.1111</dst>
      <dst id="1">102722.2667</dst>
      <dst id="5">212346.3289</dst>
      <dst id="3">162.7644</dst>
      <dst id="22">2817.0667</dst>
      <dst id="7">15965.4844</dst>
      <dst id="2">2643.3244</dst>
      <dst id="6">8910.0978</dst>
      <dst id="16">13354.7289</dst>
      <dst id="14">40.4978</dst>
      <dst id="20">233.4933</dst>
      <dst id="11">383.9022</dst>
      <dst id="9">225139.7511</dst>
      <dst id="17">1889.5111</dst>
      <dst id="21">3329.5911</dst>
      <dst id="15">142.7644</dst>
    </src>
    <src id="5">
      <dst id="12">288393.1644</dst>
      <dst id="13">2359.8400</dst>
      <dst id="19">15.3689</dst>
      <dst id="23">0.7111</dst>
      <dst id="8">1700.5333</dst>
      <dst id="18">341.9556</dst>
      <dst id="4">5914.4178</dst>
      <dst id="1">435.2089</dst>
      <dst id="3">77.0044</dst>
      <dst id="22">5431.3511</dst>
      <dst id="7">1356.0089</dst>
      <dst id="2">131583.5467</dst>
      <dst id="6">2.3733</dst>
      <dst id="16">1218.6133</dst>
      <dst id="14">62.2933</dst>
      <dst id="20">5568.1333</dst>
      <dst id="11">2533.8222</dst>
      <dst id="9">5819.4578</dst>
      <dst id="17">110503.1022</dst>
      <dst id="21">412.1244</dst>
      <dst id="15">11071.4400</dst>
    </src>
    <src id="3">
      <dst id="12">11610.5422</dst>
      <dst id="13">232.6667</dst>
      <dst id="19">1197.6000</dst>
      <dst id="23">6247.3333</dst>
      <dst id="8">56.9333</dst>
      <dst id="18">62744.0178</dst>
      <dst id="4">11002.5600</dst>
      <dst id="1">6847.9022</dst>
      <dst id="5">980.3467</dst>
      <dst id="3">13401.6089</dst>
      <dst id="22">1659.0489</dst>
      <dst id="7">2086.8178</dst>
      <dst id="2">4917.0311</dst>
      <dst id="6">6.2222</dst>
      <dst id="16">929.8489</dst>
      <dst id="14">30316.0267</dst>
      <dst id="20">110.1333</dst>
      <dst id="11">134646.0800</dst>
      <dst id="9">503.9822</dst>
      <dst id="17">3895.6800</dst>
      <dst id="21">14996.3200</dst>
      <dst id="15">50.8000</dst>
    </src>
    <src id="10">
      <dst id="12">18783.7778</dst>
      <dst id="19">762.9956</dst>
      <dst id="8">872.5156</dst>
      <dst id="18">6788.2311</dst>
      <dst id="1">1661.8933</dst>
      <dst id="5">605.6978</dst>
      <dst id="3">6951.3244</dst>
      <dst id="22">8598.9333</dst>
      <dst id="7">4846.7556</dst>
      <dst id="2">24500.7289</dst>
      <dst id="6">0.3556</dst>
      <dst id="16">1714.2311</dst>
      <dst id="14">640.8000</dst>
      <dst id="20">3396.7022</dst>
      <dst id="11">5179.5822</dst>
      <dst id="9">1538.6044</dst>
      <dst id="17">29932.9067</dst>
      <dst id="21">7227.1378</dst>
      <dst id="15">312.6489</dst>
    </src>
    <src id="22">
      <dst id="12">8861.2978</dst>
      <dst id="13">3640.9956</dst>
      <dst id="19">22.3733</dst>
      <dst id="23">93.7067</dst>
      <dst id="8">1990.6311</dst>
      <dst id="18">257.2533</dst>
      <dst id="4">14257.1556</dst>
      <dst id="1">124.2489</dst>
      <dst id="5">4962.8267</dst>
      <dst id="3">352.6133</dst>
      <dst id="7">766.9422</dst>
      <dst id="2">2868.3644</dst>
      <dst id="6">61.4133</dst>
      <dst id="16">2.8978</dst>
      <dst id="14">184.1244</dst>
      <dst id="11">1899.9822</dst>
      <dst id="9">2455.0400</dst>
      <dst id="17">4360.9422</dst>
      <dst id="21">894.5156</dst>
    </src>
    <src id="7">
      <dst id="12">7659.9022</dst>
      <dst id="13">433.7600</dst>
      <dst id="19">297.6889</dst>
      <dst id="23">312.8622</dst>
      <dst id="8">210.3378</dst>
      <dst id="18">188.7111</dst>
      <dst id="4">20017.0578</dst>
      <dst id="1">6488.8711</dst>
      <dst id="5">945.7956</dst>
      <dst id="3">3834.2044</dst>
      <dst id="22">6100.7200</dst>
      <dst id="7">497.2444</dst>
      <dst id="2">6915.3067</dst>
      <dst id="6">39.9289</dst>
      <dst id="16">233.0756</dst>
      <dst id="14">66.3733</dst>
      <dst id="20">1033.3778</dst>
      <dst id="11">807.7600</dst>
      <dst id="9">1472.0978</dst>
      <dst id="17">14734.7556</dst>
      <dst id="21">2713.6000</dst>
      <dst id="15">201.6622</dst>
    </src>
    <src id="2">
      <dst id="12">131255.3867</dst>
      <dst id="13">516055.4489</dst>
      <dst id="19">188.7022</dst>
      <dst id="23">54.0089</dst>
      <dst id="8">283.2089</dst>
      <dst id="18">62629.5289</dst>
      <dst id="4">56711.3867</dst>
      <dst id="1">9531.6711</dst>
      <dst id="5">1700.4978</dst>
      <dst id="3">111.4933</dst>
      <dst id="22">6506.1867</dst>
      <dst id="7">2924.9156</dst>
      <dst id="2">847.4044</dst>
      <dst id="6">8419.1289</dst>
      <dst id="16">3277.4578</dst>
      <dst id="14">5406.4711</dst>
      <dst id="20">2206.9956</dst>
      <dst id="11">7916.6044</dst>
      <dst id="9">965.5111</dst>
      <dst id="17">51129.0133</dst>
      <dst id="21">1436.4089</dst>
      <dst id="15">27.1289</dst>
    </src>
    <src id="6">
      <dst id="12">10735.3244</dst>
      <dst id="13">5.2622</dst>
      <dst id="19">2.2667</dst>
      <dst id="8">0.4978</dst>
      <dst id="18">13.2622</dst>
      <dst id="4">1131.5200</dst>
      <dst id="1">35.5911</dst>
      <dst id="5">7.9200</dst>
      <dst id="22">13.4578</dst>
      <dst id="7">6.4356</dst>
      <dst id="2">2563.8133</dst>
      <dst id="16">29.5289</dst>
      <dst id="20">0.6578</dst>
      <dst id="11">11.4667</dst>
      <dst id="9">1.6178</dst>
      <dst id="17">1671.2000</dst>
      <dst id="21">11.4667</dst>
    </src>
    <src id="16">
      <dst id="12">3276.2844</dst>
      <dst id="13">830.3111</dst>
      <dst id="19">2382.7556</dst>
      <dst id="23">14.3822</dst>
      <dst id="8">3743.6711</dst>
      <dst id="18">0.7822</dst>
      <dst id="4">4823.7600</dst>
      <dst id="1">11838.4978</dst>
      <dst id="5">4609.9289</dst>
      <dst id="3">1.9378</dst>
      <dst id="7">402.7378</dst>
      <dst id="2">698.5422</dst>
      <dst id="6">76.6222</dst>
      <dst id="16">41.4222</dst>
      <dst id="14">573.5467</dst>
      <dst id="11">109.6533</dst>
      <dst id="9">7259.7067</dst>
      <dst id="17">1552.8000</dst>
      <dst id="21">2700.1067</dst>
    </src>
    <src id="14">
      <dst id="12">16385.5467</dst>
      <dst id="13">86.5244</dst>
      <dst id="19">22.6844</dst>
      <dst id="23">0.7467</dst>
      <dst id="8">5.9378</dst>
      <dst id="18">1.6444</dst>
      <dst id="4">1815.7511</dst>
      <dst id="1">46.6844</dst>
      <dst id="5">19.9467</dst>
      <dst id="3">78.0533</dst>
      <dst id="22">34.9244</dst>
      <dst id="7">43.0933</dst>
      <dst id="2">5362.9956</dst>
      <dst id="16">15.6444</dst>
      <dst id="11">80.9600</dst>
      <dst id="17">7375.3956</dst>
      <dst id="21">122.2667</dst>
      <dst id="15">12.6222</dst>
    </src>
    <src id="20">
      <dst id="12">11166.0178</dst>
      <dst id="13">1803.6267</dst>
      <dst id="19">12.6222</dst>
      <dst id="23">0.9956</dst>
      <dst id="8">71.5733</dst>
      <dst id="18">13.4667</dst>
      <dst id="4">11593.7422</dst>
      <dst id="1">44.5600</dst>
      <dst id="5">368.8356</dst>
      <dst id="3">1574.5956</dst>
      <dst id="7">135.9911</dst>
      <dst id="2">6638.6489</dst>
      <dst id="6">0.3556</dst>
      <dst id="14">0.8889</dst>
      <dst id="11">283.0933</dst>
      <dst id="9">3490.5244</dst>
      <dst id="17">1796.4889</dst>
      <dst id="21">340.0178</dst>
    </src>
    <src id="11">
      <dst id="12">380076.9156</dst>
      <dst id="13">1739.5111</dst>
      <dst id="19">61.3867</dst>
      <dst id="23">48.3733</dst>
      <dst id="8">564.1244</dst>
      <dst id="18">426.4889</dst>
      <dst id="4">6356.8267</dst>
      <dst id="1">286.0533</dst>
      <dst id="5">1851.3067</dst>
      <dst id="3">421.9822</dst>
      <dst id="22">1896.2311</dst>
      <dst id="7">476.1067</dst>
      <dst id="2">162051.5289</dst>
      <dst id="6">7.6089</dst>
      <dst id="16">1077.4933</dst>
      <dst id="14">1094.0444</dst>
      <dst id="20">644.4356</dst>
      <dst id="11">1705.6711</dst>
      <dst id="9">2435.7067</dst>
      <dst id="17">151476.8356</dst>
      <dst id="21">13927.1556</dst>
      <dst id="15">345.2800</dst>
    </src>
    <src id="9">
      <dst id="12">401901.7689</dst>
      <dst id="13">6557.6089</dst>
      <dst id="19">80.3200</dst>
      <dst id="23">31.6711</dst>
      <dst id="8">4110.5600</dst>
      <dst id="18">211.9822</dst>
      <dst id="4">6934.7022</dst>
      <dst id="1">1685.9111</dst>
      <dst id="5">816.1244</dst>
      <dst id="3">13.0756</dst>
      <dst id="22">4274.2756</dst>
      <dst id="7">402.6844</dst>
      <dst id="2">145950.2311</dst>
      <dst id="6">60.2489</dst>
      <dst id="16">628.7111</dst>
      <dst id="14">1.5556</dst>
      <dst id="20">2836.5422</dst>
      <dst id="11">2136.0000</dst>
      <dst id="9">558.1867</dst>
      <dst id="17">197138.7467</dst>
      <dst id="21">71083.2267</dst>
      <dst id="15">908.7378</dst>
    </src>
    <src id="17">
      <dst id="12">11044.2400</dst>
      <dst id="13">11055.5111</dst>
      <dst id="19">610.0711</dst>
      <dst id="23">89.5378</dst>
      <dst id="8">134989.3778</dst>
      <dst id="18">114.3111</dst>
      <dst id="4">37968.2133</dst>
      <dst id="1">788.7644</dst>
      <dst id="5">206501.6444</dst>
      <dst id="3">4797.4756</dst>
      <dst id="22">9164.7378</dst>
      <dst id="7">9823.4844</dst>
      <dst id="2">16496.3111</dst>
      <dst id="6">47.3956</dst>
      <dst id="16">5367.2000</dst>
      <dst id="14">29604.0089</dst>
      <dst id="20">4045.0222</dst>
      <dst id="11">114846.8356</dst>
      <dst id="9">187059.9822</dst>
      <dst id="17">2050.5511</dst>
      <dst id="21">20296.5067</dst>
      <dst id="15">58.6756</dst>
    </src>
    <src id="21">
      <dst id="12">23379.1822</dst>
      <dst id="13">378.1600</dst>
      <dst id="19">239.5467</dst>
      <dst id="23">49.7067</dst>
      <dst id="8">165.6711</dst>
      <dst id="18">1508.5689</dst>
      <dst id="4">12803.2444</dst>
      <dst id="1">2385.0844</dst>
      <dst id="5">1665.1467</dst>
      <dst id="3">1626.6222</dst>
      <dst id="22">1126.6578</dst>
      <dst id="7">1254.4711</dst>
      <dst id="2">11222.9778</dst>
      <dst id="6">1.6889</dst>
      <dst id="16">326.7822</dst>
      <dst id="14">61.8133</dst>
      <dst id="20">245.0756</dst>
      <dst id="11">689.1911</dst>
      <dst id="9">817.1733</dst>
      <dst id="17">8007.8756</dst>
      <dst id="21">854.4622</dst>
      <dst id="15">24.8356</dst>
    </src>
    <src id="15">
      <dst id="12">480.7111</dst>
      <dst id="13">145.6978</dst>
      <dst id="23">0.3378</dst>
      <dst id="8">10.7111</dst>
      <dst id="18">0.4178</dst>
      <dst id="4">2097.6000</dst>
      <dst id="1">516.6578</dst>
      <dst id="5">265.8578</dst>
      <dst id="3">27.2711</dst>
      <dst id="7">46.9333</dst>
      <dst id="2">54.6756</dst>
      <dst id="16">0.3022</dst>
      <dst id="14">19.2356</dst>
      <dst id="11">214.1956</dst>
      <dst id="9">641.6978</dst>
      <dst id="17">1596.8000</dst>
      <dst id="21">70.8000</dst>
    </src>
  </IntraTM>
</TrafficMatrixFile>
