<?xml version="1.0" encoding="UTF-8" standalone="yes"?>
<TrafficMatrixFile xmlns:xsi="http://www.w3.org/2001/XMLSchema-instance" xsi:noNamespaceSchemaLocation="http://totem.run.montefiore.ulg.ac.be/Schema/TrafficMatrix-v1_2.xsd">
  <info>
    <title>Intradomain traffic matrix generated by geant-TM-all.pl</title>
    <date>2005-01-03T06:30:00</date>
    <duration>900</duration>
    <author>Steve Uhlig</author>
    <units>
        <unit type="bandwidth" value="kbps"/>
    </units>
  </info>
  <IntraTM ASID="20965">
    <src id="12">
      <dst id="12">232219.4578</dst>
      <dst id="13">36580.3289</dst>
      <dst id="19">5578.1689</dst>
      <dst id="23">6964.2222</dst>
      <dst id="8">2908.8978</dst>
      <dst id="18">3637.0311</dst>
      <dst id="4">107281.5556</dst>
      <dst id="1">7387.4667</dst>
      <dst id="5">2330.0000</dst>
      <dst id="3">2080.3644</dst>
      <dst id="22">14058.5067</dst>
      <dst id="7">890.0889</dst>
      <dst id="2">90934.9244</dst>
      <dst id="6">63.3600</dst>
      <dst id="16">5008.9956</dst>
      <dst id="14">278.1333</dst>
      <dst id="20">4051.5467</dst>
      <dst id="11">7063.8667</dst>
      <dst id="9">8065.6000</dst>
      <dst id="17">67812.4978</dst>
      <dst id="21">12468.0089</dst>
      <dst id="15">1545.7422</dst>
    </src>
    <src id="13">
      <dst id="12">50229.7067</dst>
      <dst id="19">28823.9467</dst>
      <dst id="23">275.3244</dst>
      <dst id="8">3189.2533</dst>
      <dst id="18">5289.6267</dst>
      <dst id="1">1977.2978</dst>
      <dst id="5">8320.4444</dst>
      <dst id="3">4619.1644</dst>
      <dst id="22">20188.7467</dst>
      <dst id="7">8350.9067</dst>
      <dst id="2">109641.2000</dst>
      <dst id="6">21.7600</dst>
      <dst id="16">8159.1822</dst>
      <dst id="14">2629.3600</dst>
      <dst id="20">13157.6978</dst>
      <dst id="11">12308.1067</dst>
      <dst id="9">13085.7867</dst>
      <dst id="17">174140.3111</dst>
      <dst id="21">20336.3644</dst>
      <dst id="15">18136.3644</dst>
    </src>
    <src id="19">
      <dst id="12">12779.4133</dst>
      <dst id="13">11295.8578</dst>
      <dst id="18">16.7200</dst>
      <dst id="4">23196.6489</dst>
      <dst id="1">368.8889</dst>
      <dst id="5">5.1822</dst>
      <dst id="3">12.6222</dst>
      <dst id="22">35.9378</dst>
      <dst id="7">3349.1911</dst>
      <dst id="2">222.6311</dst>
      <dst id="6">100.6133</dst>
      <dst id="16">7146.6311</dst>
      <dst id="20">3.0044</dst>
      <dst id="11">406.9956</dst>
      <dst id="9">7.3600</dst>
      <dst id="17">7617.4489</dst>
      <dst id="21">433.2356</dst>
      <dst id="15">0.3556</dst>
    </src>
    <src id="23">
      <dst id="12">548.2667</dst>
      <dst id="13">223.2978</dst>
      <dst id="19">13.3333</dst>
      <dst id="8">39.3333</dst>
      <dst id="18">12.6222</dst>
      <dst id="4">66.4622</dst>
      <dst id="1">57.4311</dst>
      <dst id="5">80.4267</dst>
      <dst id="3">143.0400</dst>
      <dst id="22">217.2267</dst>
      <dst id="7">27.2444</dst>
      <dst id="2">16.4711</dst>
      <dst id="6">0.4978</dst>
      <dst id="16">123.2889</dst>
      <dst id="14">0.6222</dst>
      <dst id="20">1.7244</dst>
      <dst id="11">588.7289</dst>
      <dst id="9">343.5733</dst>
      <dst id="17">75.0933</dst>
      <dst id="21">133.7511</dst>
      <dst id="15">14.9689</dst>
    </src>
    <src id="8">
      <dst id="12">349681.7422</dst>
      <dst id="13">548.8267</dst>
      <dst id="19">9.3867</dst>
      <dst id="23">4065.9556</dst>
      <dst id="18">14.8178</dst>
      <dst id="4">8688.9422</dst>
      <dst id="1">711.8133</dst>
      <dst id="5">1218.6844</dst>
      <dst id="3">2.4800</dst>
      <dst id="22">3111.2889</dst>
      <dst id="7">5.5556</dst>
      <dst id="2">145084.7556</dst>
      <dst id="6">0.4178</dst>
      <dst id="16">934.8178</dst>
      <dst id="20">93.9644</dst>
      <dst id="11">852.7378</dst>
      <dst id="9">506.7378</dst>
      <dst id="17">144296.1333</dst>
      <dst id="21">318.4089</dst>
      <dst id="15">101.8578</dst>
    </src>
    <src id="18">
      <dst id="12">120221.0933</dst>
      <dst id="13">866.9867</dst>
      <dst id="19">3.1733</dst>
      <dst id="23">5.3067</dst>
      <dst id="8">15.3600</dst>
      <dst id="4">1612.6756</dst>
      <dst id="1">495.1022</dst>
      <dst id="5">102.8444</dst>
      <dst id="3">93.8489</dst>
      <dst id="22">428.3644</dst>
      <dst id="7">36.2933</dst>
      <dst id="2">38886.7111</dst>
      <dst id="16">2107.0933</dst>
      <dst id="14">73.2444</dst>
      <dst id="20">14.5067</dst>
      <dst id="11">104.7467</dst>
      <dst id="9">249.1911</dst>
      <dst id="17">37868.4089</dst>
      <dst id="21">1005.5556</dst>
      <dst id="15">44.6222</dst>
    </src>
    <src id="4">
      <dst id="12">23622.8889</dst>
      <dst id="19">10455.7333</dst>
      <dst id="23">0.4622</dst>
      <dst id="8">1550.3200</dst>
      <dst id="18">2630.2667</dst>
      <dst id="1">26474.4978</dst>
      <dst id="5">1783.4933</dst>
      <dst id="3">300.3556</dst>
      <dst id="22">7434.7467</dst>
      <dst id="7">134233.8667</dst>
      <dst id="2">94171.2178</dst>
      <dst id="6">86.2578</dst>
      <dst id="16">1771.8133</dst>
      <dst id="14">1114.1156</dst>
      <dst id="20">879.8667</dst>
      <dst id="11">3410.9333</dst>
      <dst id="9">2713.5822</dst>
      <dst id="17">76172.3644</dst>
      <dst id="21">7535.4578</dst>
      <dst id="15">319.2089</dst>
    </src>
    <src id="1">
      <dst id="12">19192.7378</dst>
      <dst id="13">197.0222</dst>
      <dst id="19">14.0711</dst>
      <dst id="23">56.8800</dst>
      <dst id="8">140226.7733</dst>
      <dst id="18">12444.0089</dst>
      <dst id="4">13777.1911</dst>
      <dst id="1">38132.0711</dst>
      <dst id="5">217732.5689</dst>
      <dst id="3">79.1289</dst>
      <dst id="22">1709.6178</dst>
      <dst id="7">1242.3378</dst>
      <dst id="2">7189.4400</dst>
      <dst id="6">8228.1156</dst>
      <dst id="16">11880.4444</dst>
      <dst id="14">122.0711</dst>
      <dst id="20">401.2711</dst>
      <dst id="11">297.4578</dst>
      <dst id="9">210240.8178</dst>
      <dst id="17">3576.2489</dst>
      <dst id="21">3127.9022</dst>
      <dst id="15">142.2133</dst>
    </src>
    <src id="5">
      <dst id="12">283424.4533</dst>
      <dst id="13">888.5600</dst>
      <dst id="19">10.1867</dst>
      <dst id="23">7.5733</dst>
      <dst id="8">1328.2933</dst>
      <dst id="18">223.5733</dst>
      <dst id="4">6076.6133</dst>
      <dst id="1">541.8844</dst>
      <dst id="3">21.1289</dst>
      <dst id="22">3650.4444</dst>
      <dst id="7">101.9022</dst>
      <dst id="2">142629.7689</dst>
      <dst id="6">31.8400</dst>
      <dst id="16">621.1111</dst>
      <dst id="14">21.1733</dst>
      <dst id="20">1987.1200</dst>
      <dst id="11">3620.7200</dst>
      <dst id="9">922.1956</dst>
      <dst id="17">105116.8000</dst>
      <dst id="21">324.8444</dst>
      <dst id="15">315.9556</dst>
    </src>
    <src id="3">
      <dst id="12">14457.6978</dst>
      <dst id="13">3369.4844</dst>
      <dst id="19">1503.4133</dst>
      <dst id="23">5686.4978</dst>
      <dst id="8">118.7467</dst>
      <dst id="18">80439.2800</dst>
      <dst id="4">33366.6844</dst>
      <dst id="1">20046.4356</dst>
      <dst id="5">492.3467</dst>
      <dst id="3">10430.7378</dst>
      <dst id="22">525.1111</dst>
      <dst id="7">2946.8444</dst>
      <dst id="2">4127.1378</dst>
      <dst id="6">63.0933</dst>
      <dst id="16">978.5956</dst>
      <dst id="14">37471.4756</dst>
      <dst id="20">148.9244</dst>
      <dst id="11">140569.6711</dst>
      <dst id="9">94.3467</dst>
      <dst id="17">11216.4267</dst>
      <dst id="21">3755.8133</dst>
      <dst id="15">25.0756</dst>
    </src>
    <src id="10">
      <dst id="12">16211.1733</dst>
      <dst id="19">803.8400</dst>
      <dst id="8">1053.4844</dst>
      <dst id="18">1179.8667</dst>
      <dst id="4">0.7111</dst>
      <dst id="1">612.5422</dst>
      <dst id="5">1092.1333</dst>
      <dst id="3">10938.4533</dst>
      <dst id="22">7384.2844</dst>
      <dst id="7">13907.4667</dst>
      <dst id="2">21114.2756</dst>
      <dst id="6">1.0667</dst>
      <dst id="16">2309.8044</dst>
      <dst id="14">672.6044</dst>
      <dst id="20">31762.9511</dst>
      <dst id="11">4679.5556</dst>
      <dst id="9">2693.3422</dst>
      <dst id="17">13353.1022</dst>
      <dst id="21">8677.9289</dst>
      <dst id="15">422.2933</dst>
    </src>
    <src id="22">
      <dst id="12">10728.8889</dst>
      <dst id="13">7191.9200</dst>
      <dst id="19">71.5022</dst>
      <dst id="23">454.1778</dst>
      <dst id="8">947.9556</dst>
      <dst id="18">1490.7378</dst>
      <dst id="4">20774.3200</dst>
      <dst id="1">105.4044</dst>
      <dst id="5">4271.6267</dst>
      <dst id="3">171.8133</dst>
      <dst id="7">801.1289</dst>
      <dst id="2">3270.4889</dst>
      <dst id="6">25.9378</dst>
      <dst id="16">5.3867</dst>
      <dst id="14">9.1289</dst>
      <dst id="11">5281.3067</dst>
      <dst id="9">3292.8089</dst>
      <dst id="17">5755.5911</dst>
      <dst id="21">1198.1422</dst>
    </src>
    <src id="7">
      <dst id="12">5310.3378</dst>
      <dst id="13">3104.4089</dst>
      <dst id="19">405.1022</dst>
      <dst id="23">54.1867</dst>
      <dst id="8">410.6933</dst>
      <dst id="18">793.6267</dst>
      <dst id="4">28479.8489</dst>
      <dst id="1">3000.1778</dst>
      <dst id="5">1152.3111</dst>
      <dst id="3">481.1111</dst>
      <dst id="22">3368.0000</dst>
      <dst id="7">854.2933</dst>
      <dst id="2">7425.5200</dst>
      <dst id="6">13.6000</dst>
      <dst id="16">1511.3600</dst>
      <dst id="14">1128.1956</dst>
      <dst id="20">290.2578</dst>
      <dst id="11">1382.6044</dst>
      <dst id="9">2025.6622</dst>
      <dst id="17">9223.1644</dst>
      <dst id="21">3507.9111</dst>
      <dst id="15">451.7956</dst>
    </src>
    <src id="2">
      <dst id="12">86204.4978</dst>
      <dst id="13">520672.9422</dst>
      <dst id="19">441.9289</dst>
      <dst id="23">0.4622</dst>
      <dst id="8">832.3911</dst>
      <dst id="18">102961.5822</dst>
      <dst id="4">119391.3867</dst>
      <dst id="1">7474.2933</dst>
      <dst id="5">979.3156</dst>
      <dst id="3">73.9022</dst>
      <dst id="22">1779.4667</dst>
      <dst id="7">2137.7600</dst>
      <dst id="2">534.0533</dst>
      <dst id="6">8841.4844</dst>
      <dst id="16">2455.1378</dst>
      <dst id="14">244.1156</dst>
      <dst id="20">2107.9111</dst>
      <dst id="11">2903.4489</dst>
      <dst id="9">1149.5733</dst>
      <dst id="17">36802.0089</dst>
      <dst id="21">4989.1822</dst>
      <dst id="15">94.1867</dst>
    </src>
    <src id="6">
      <dst id="12">12629.8756</dst>
      <dst id="13">56.3556</dst>
      <dst id="19">1.4933</dst>
      <dst id="18">1.1200</dst>
      <dst id="4">306.3467</dst>
      <dst id="1">17.0044</dst>
      <dst id="5">13.1556</dst>
      <dst id="22">2.3111</dst>
      <dst id="7">2.1511</dst>
      <dst id="2">1947.3156</dst>
      <dst id="16">1.3156</dst>
      <dst id="20">0.3556</dst>
      <dst id="11">97.7156</dst>
      <dst id="9">2.0533</dst>
      <dst id="17">1469.8489</dst>
      <dst id="21">25.5822</dst>
    </src>
    <src id="16">
      <dst id="12">3208.6133</dst>
      <dst id="13">754.6133</dst>
      <dst id="19">4110.5600</dst>
      <dst id="23">226.8800</dst>
      <dst id="8">4208.4444</dst>
      <dst id="18">324.4533</dst>
      <dst id="4">6667.9644</dst>
      <dst id="1">16182.8711</dst>
      <dst id="5">3457.4489</dst>
      <dst id="3">8.2311</dst>
      <dst id="7">5462.8356</dst>
      <dst id="2">821.7333</dst>
      <dst id="16">63.5378</dst>
      <dst id="14">561.0578</dst>
      <dst id="11">119.6267</dst>
      <dst id="9">4159.2089</dst>
      <dst id="17">1567.6800</dst>
      <dst id="21">2352.3200</dst>
    </src>
    <src id="14">
      <dst id="12">14609.3156</dst>
      <dst id="13">50.0800</dst>
      <dst id="19">3.2356</dst>
      <dst id="18">1.3156</dst>
      <dst id="4">2456.3289</dst>
      <dst id="1">133.4756</dst>
      <dst id="5">13.0933</dst>
      <dst id="3">62.7378</dst>
      <dst id="22">3.6711</dst>
      <dst id="7">127.6089</dst>
      <dst id="2">6464.2044</dst>
      <dst id="16">39.6800</dst>
      <dst id="20">68.4000</dst>
      <dst id="11">29.9200</dst>
      <dst id="17">6881.9644</dst>
      <dst id="21">320.3378</dst>
      <dst id="15">0.3556</dst>
    </src>
    <src id="20">
      <dst id="12">10787.6711</dst>
      <dst id="13">7807.9556</dst>
      <dst id="19">248.8356</dst>
      <dst id="23">3.9200</dst>
      <dst id="8">288.1067</dst>
      <dst id="18">348.4533</dst>
      <dst id="4">20660.9067</dst>
      <dst id="1">177.3600</dst>
      <dst id="5">5119.8400</dst>
      <dst id="3">133.9022</dst>
      <dst id="7">63.7511</dst>
      <dst id="2">4251.0400</dst>
      <dst id="14">1199.9644</dst>
      <dst id="11">2309.2267</dst>
      <dst id="9">4743.0044</dst>
      <dst id="17">607.5022</dst>
      <dst id="21">333.3778</dst>
    </src>
    <src id="11">
      <dst id="12">399301.1111</dst>
      <dst id="13">6434.5778</dst>
      <dst id="19">12.9956</dst>
      <dst id="23">16.1156</dst>
      <dst id="8">400.9867</dst>
      <dst id="18">275.3333</dst>
      <dst id="4">23390.4444</dst>
      <dst id="1">432.0622</dst>
      <dst id="5">1622.1422</dst>
      <dst id="3">833.3956</dst>
      <dst id="22">3341.3689</dst>
      <dst id="7">417.2533</dst>
      <dst id="2">153134.0444</dst>
      <dst id="6">2.9511</dst>
      <dst id="16">254.5867</dst>
      <dst id="14">33.6711</dst>
      <dst id="20">1020.1244</dst>
      <dst id="11">756.1156</dst>
      <dst id="9">2766.4356</dst>
      <dst id="17">160721.9467</dst>
      <dst id="21">514.1600</dst>
      <dst id="15">1058.9067</dst>
    </src>
    <src id="9">
      <dst id="12">461587.6889</dst>
      <dst id="13">2467.0489</dst>
      <dst id="19">341.7778</dst>
      <dst id="23">17.0667</dst>
      <dst id="8">974.0267</dst>
      <dst id="18">266.4533</dst>
      <dst id="4">21024.1156</dst>
      <dst id="1">536.4533</dst>
      <dst id="5">1689.9467</dst>
      <dst id="3">3.0133</dst>
      <dst id="22">1664.3822</dst>
      <dst id="7">1543.4489</dst>
      <dst id="2">159023.9200</dst>
      <dst id="6">0.3378</dst>
      <dst id="16">465.3156</dst>
      <dst id="14">14.5778</dst>
      <dst id="20">4793.6533</dst>
      <dst id="11">1691.2533</dst>
      <dst id="9">782.8533</dst>
      <dst id="17">170589.4578</dst>
      <dst id="21">220.3022</dst>
      <dst id="15">728.2222</dst>
    </src>
    <src id="17">
      <dst id="12">9201.9289</dst>
      <dst id="13">11841.8578</dst>
      <dst id="19">248.0533</dst>
      <dst id="23">316.2489</dst>
      <dst id="8">161569.8489</dst>
      <dst id="18">279.0667</dst>
      <dst id="4">177954.6489</dst>
      <dst id="1">1179.5644</dst>
      <dst id="5">197268.2933</dst>
      <dst id="3">6058.5156</dst>
      <dst id="22">8815.9111</dst>
      <dst id="7">1067.3689</dst>
      <dst id="2">17255.3067</dst>
      <dst id="6">1036.9511</dst>
      <dst id="16">7701.2800</dst>
      <dst id="14">46304.1956</dst>
      <dst id="20">155.4400</dst>
      <dst id="11">128639.8489</dst>
      <dst id="9">174893.3867</dst>
      <dst id="17">1586.9689</dst>
      <dst id="21">5048.3911</dst>
      <dst id="15">1911.8133</dst>
    </src>
    <src id="21">
      <dst id="12">20784.6489</dst>
      <dst id="13">1177.5200</dst>
      <dst id="19">111.2889</dst>
      <dst id="23">29.2978</dst>
      <dst id="8">157.9111</dst>
      <dst id="18">2802.6578</dst>
      <dst id="4">29684.4533</dst>
      <dst id="1">889.6178</dst>
      <dst id="5">562.8267</dst>
      <dst id="3">603.3778</dst>
      <dst id="22">1220.3289</dst>
      <dst id="7">3841.9733</dst>
      <dst id="2">13241.4578</dst>
      <dst id="6">2.5422</dst>
      <dst id="16">2309.0844</dst>
      <dst id="14">53.8933</dst>
      <dst id="20">240.6844</dst>
      <dst id="11">582.9600</dst>
      <dst id="9">820.9244</dst>
      <dst id="17">14471.5378</dst>
      <dst id="21">1484.8444</dst>
      <dst id="15">10.5156</dst>
    </src>
    <src id="15">
      <dst id="12">148.9511</dst>
      <dst id="13">602.0533</dst>
      <dst id="23">1.0667</dst>
      <dst id="8">182.8178</dst>
      <dst id="18">5.9733</dst>
      <dst id="4">6588.1156</dst>
      <dst id="1">437.4667</dst>
      <dst id="5">210.2400</dst>
      <dst id="3">13.3422</dst>
      <dst id="7">68.4178</dst>
      <dst id="2">425.9911</dst>
      <dst id="14">30.3111</dst>
      <dst id="11">61.4667</dst>
      <dst id="9">2792.1867</dst>
      <dst id="17">19255.3600</dst>
      <dst id="21">187.3600</dst>
    </src>
  </IntraTM>
</TrafficMatrixFile>
