<?xml version="1.0" encoding="UTF-8" standalone="yes"?>
<TrafficMatrixFile xmlns:xsi="http://www.w3.org/2001/XMLSchema-instance" xsi:noNamespaceSchemaLocation="http://totem.run.montefiore.ulg.ac.be/Schema/TrafficMatrix-v1_2.xsd">
  <info>
    <title>Intradomain traffic matrix generated by geant-TM-all.pl</title>
    <date>2005-01-02T21:00:00</date>
    <duration>900</duration>
    <author>Steve Uhlig</author>
    <units>
        <unit type="bandwidth" value="kbps"/>
    </units>
  </info>
  <IntraTM ASID="20965">
    <src id="12">
      <dst id="12">316912.3200</dst>
      <dst id="13">45565.1644</dst>
      <dst id="19">4829.8756</dst>
      <dst id="23">1565.6089</dst>
      <dst id="8">9361.3778</dst>
      <dst id="18">10924.1689</dst>
      <dst id="4">73931.8222</dst>
      <dst id="1">7972.8000</dst>
      <dst id="5">3846.7378</dst>
      <dst id="3">11568.3644</dst>
      <dst id="22">43588.7733</dst>
      <dst id="7">4118.1244</dst>
      <dst id="2">107460.6044</dst>
      <dst id="6">34.4356</dst>
      <dst id="16">13093.1822</dst>
      <dst id="14">457.2533</dst>
      <dst id="20">6281.3156</dst>
      <dst id="11">8716.8533</dst>
      <dst id="9">20612.2311</dst>
      <dst id="17">120322.5600</dst>
      <dst id="21">26884.8444</dst>
      <dst id="15">1886.9511</dst>
    </src>
    <src id="13">
      <dst id="12">73632.3289</dst>
      <dst id="19">7205.8400</dst>
      <dst id="23">829.2444</dst>
      <dst id="8">6065.8756</dst>
      <dst id="18">10291.5200</dst>
      <dst id="4">0.6578</dst>
      <dst id="1">13177.3156</dst>
      <dst id="5">7334.7822</dst>
      <dst id="3">42443.0578</dst>
      <dst id="22">39849.6089</dst>
      <dst id="7">22973.0667</dst>
      <dst id="2">139660.7467</dst>
      <dst id="6">272.9422</dst>
      <dst id="16">13220.8178</dst>
      <dst id="14">1867.2533</dst>
      <dst id="20">21529.1822</dst>
      <dst id="11">35438.2133</dst>
      <dst id="9">21815.9289</dst>
      <dst id="17">132010.6044</dst>
      <dst id="21">32135.9556</dst>
      <dst id="15">4931.9911</dst>
    </src>
    <src id="19">
      <dst id="12">17948.4622</dst>
      <dst id="13">5483.7244</dst>
      <dst id="23">137.2889</dst>
      <dst id="8">12.2933</dst>
      <dst id="18">57.3422</dst>
      <dst id="4">17407.3067</dst>
      <dst id="1">1899.6622</dst>
      <dst id="5">33.2533</dst>
      <dst id="3">86.5956</dst>
      <dst id="22">417.5556</dst>
      <dst id="7">6722.9778</dst>
      <dst id="2">23366.3289</dst>
      <dst id="6">93.2711</dst>
      <dst id="16">5565.7422</dst>
      <dst id="14">1.1022</dst>
      <dst id="20">82.7200</dst>
      <dst id="11">2581.2800</dst>
      <dst id="9">114.8533</dst>
      <dst id="17">890.7289</dst>
      <dst id="21">4769.4044</dst>
      <dst id="15">536.4533</dst>
    </src>
    <src id="23">
      <dst id="12">4895.5644</dst>
      <dst id="13">373.8222</dst>
      <dst id="19">22.7733</dst>
      <dst id="8">13.3333</dst>
      <dst id="18">804.5867</dst>
      <dst id="4">48.6044</dst>
      <dst id="1">347.5644</dst>
      <dst id="5">27.8400</dst>
      <dst id="3">1327.7422</dst>
      <dst id="22">381.4756</dst>
      <dst id="7">301.5289</dst>
      <dst id="2">179.4578</dst>
      <dst id="6">2.2933</dst>
      <dst id="16">32.5067</dst>
      <dst id="14">15.6444</dst>
      <dst id="20">619.2089</dst>
      <dst id="11">145.5467</dst>
      <dst id="9">819.1467</dst>
      <dst id="17">6820.7822</dst>
      <dst id="21">1737.4667</dst>
      <dst id="15">13.1289</dst>
    </src>
    <src id="8">
      <dst id="12">397693.5111</dst>
      <dst id="13">1131.5022</dst>
      <dst id="19">411.7422</dst>
      <dst id="23">148.4089</dst>
      <dst id="18">715.7244</dst>
      <dst id="4">3431.8222</dst>
      <dst id="1">362.5867</dst>
      <dst id="5">4775.2267</dst>
      <dst id="3">32.7822</dst>
      <dst id="22">6054.8089</dst>
      <dst id="7">92.3200</dst>
      <dst id="2">174430.8978</dst>
      <dst id="6">13.3333</dst>
      <dst id="16">2210.0178</dst>
      <dst id="14">0.3556</dst>
      <dst id="20">13235.3956</dst>
      <dst id="11">935.6533</dst>
      <dst id="9">1625.7778</dst>
      <dst id="17">135265.9911</dst>
      <dst id="21">1500.2044</dst>
      <dst id="15">5526.0533</dst>
    </src>
    <src id="18">
      <dst id="12">113014.1867</dst>
      <dst id="13">258.3378</dst>
      <dst id="19">762.5778</dst>
      <dst id="23">16.8000</dst>
      <dst id="8">348.0622</dst>
      <dst id="4">1996.9867</dst>
      <dst id="1">910.9867</dst>
      <dst id="5">116.9689</dst>
      <dst id="3">2266.8444</dst>
      <dst id="22">315.2356</dst>
      <dst id="7">256.2222</dst>
      <dst id="2">52130.4000</dst>
      <dst id="16">230.4267</dst>
      <dst id="14">0.8178</dst>
      <dst id="20">39.9200</dst>
      <dst id="11">540.4800</dst>
      <dst id="9">326.7911</dst>
      <dst id="17">38380.1600</dst>
      <dst id="21">1703.4133</dst>
      <dst id="15">253.9200</dst>
    </src>
    <src id="4">
      <dst id="12">23669.6356</dst>
      <dst id="19">5965.1556</dst>
      <dst id="23">0.4622</dst>
      <dst id="8">2492.6667</dst>
      <dst id="18">3757.6178</dst>
      <dst id="4">2.1333</dst>
      <dst id="1">157480.1778</dst>
      <dst id="5">3452.2133</dst>
      <dst id="3">1925.4489</dst>
      <dst id="22">8374.6222</dst>
      <dst id="7">172840.2933</dst>
      <dst id="2">143844.5956</dst>
      <dst id="6">39.9467</dst>
      <dst id="16">3049.8844</dst>
      <dst id="14">942.6133</dst>
      <dst id="20">7945.3333</dst>
      <dst id="11">11919.5733</dst>
      <dst id="9">4142.0889</dst>
      <dst id="17">115978.7467</dst>
      <dst id="21">8922.5333</dst>
      <dst id="15">1377.4667</dst>
    </src>
    <src id="1">
      <dst id="12">17129.7067</dst>
      <dst id="13">3678.6400</dst>
      <dst id="19">1167.5200</dst>
      <dst id="23">126.8889</dst>
      <dst id="8">227604.5689</dst>
      <dst id="18">17987.3156</dst>
      <dst id="4">16421.6978</dst>
      <dst id="1">75804.1956</dst>
      <dst id="5">270306.8444</dst>
      <dst id="3">415.1644</dst>
      <dst id="22">8323.6089</dst>
      <dst id="7">19314.6044</dst>
      <dst id="2">21763.9467</dst>
      <dst id="6">11397.8578</dst>
      <dst id="16">8481.8933</dst>
      <dst id="14">148.6489</dst>
      <dst id="20">2192.4889</dst>
      <dst id="11">1079.9200</dst>
      <dst id="9">371163.2267</dst>
      <dst id="17">16744.1600</dst>
      <dst id="21">11538.7822</dst>
      <dst id="15">426.3733</dst>
    </src>
    <src id="5">
      <dst id="12">293537.8133</dst>
      <dst id="13">6293.3867</dst>
      <dst id="19">149.7244</dst>
      <dst id="23">118.9333</dst>
      <dst id="8">6552.1067</dst>
      <dst id="18">99.7244</dst>
      <dst id="4">6356.5244</dst>
      <dst id="1">697.1644</dst>
      <dst id="3">123.6178</dst>
      <dst id="22">4755.7600</dst>
      <dst id="7">364.2222</dst>
      <dst id="2">128148.3467</dst>
      <dst id="16">1404.4089</dst>
      <dst id="14">13.6889</dst>
      <dst id="20">7978.4622</dst>
      <dst id="11">1486.2133</dst>
      <dst id="9">5499.0756</dst>
      <dst id="17">112653.2711</dst>
      <dst id="21">3130.8267</dst>
      <dst id="15">774.4444</dst>
    </src>
    <src id="3">
      <dst id="12">9618.2756</dst>
      <dst id="13">2662.4356</dst>
      <dst id="19">2382.3022</dst>
      <dst id="23">167.3956</dst>
      <dst id="8">303.5733</dst>
      <dst id="18">198033.8311</dst>
      <dst id="4">31373.4044</dst>
      <dst id="1">7696.6311</dst>
      <dst id="5">1121.4044</dst>
      <dst id="3">20330.0978</dst>
      <dst id="22">1081.8489</dst>
      <dst id="7">1168.6489</dst>
      <dst id="2">5174.9156</dst>
      <dst id="6">10.8444</dst>
      <dst id="16">3493.4756</dst>
      <dst id="14">40242.6489</dst>
      <dst id="20">1431.5644</dst>
      <dst id="11">246112.3556</dst>
      <dst id="9">2236.1067</dst>
      <dst id="17">20708.6400</dst>
      <dst id="21">13134.8889</dst>
      <dst id="15">466.4089</dst>
    </src>
    <src id="10">
      <dst id="12">20442.4711</dst>
      <dst id="19">2371.1378</dst>
      <dst id="8">2757.8400</dst>
      <dst id="18">2659.0400</dst>
      <dst id="4">3.7689</dst>
      <dst id="1">2578.2222</dst>
      <dst id="5">2037.6356</dst>
      <dst id="3">19002.0000</dst>
      <dst id="22">12249.7867</dst>
      <dst id="7">109093.9378</dst>
      <dst id="2">46105.3156</dst>
      <dst id="6">105.8489</dst>
      <dst id="16">2535.7156</dst>
      <dst id="14">575.3689</dst>
      <dst id="20">3607.9467</dst>
      <dst id="11">10799.3867</dst>
      <dst id="9">6621.4933</dst>
      <dst id="17">36341.8933</dst>
      <dst id="21">20220.0533</dst>
      <dst id="15">885.8578</dst>
    </src>
    <src id="22">
      <dst id="12">13477.2533</dst>
      <dst id="13">7603.7244</dst>
      <dst id="19">192.9511</dst>
      <dst id="23">56.0000</dst>
      <dst id="8">4399.3600</dst>
      <dst id="18">691.7511</dst>
      <dst id="4">18863.6533</dst>
      <dst id="1">2928.6578</dst>
      <dst id="5">6368.3733</dst>
      <dst id="3">2004.4444</dst>
      <dst id="7">4767.0844</dst>
      <dst id="2">5094.1600</dst>
      <dst id="6">241.6356</dst>
      <dst id="16">2.1156</dst>
      <dst id="14">12.3200</dst>
      <dst id="11">6328.3467</dst>
      <dst id="9">4942.0267</dst>
      <dst id="17">6330.1689</dst>
      <dst id="21">1059.5022</dst>
    </src>
    <src id="7">
      <dst id="12">8181.7956</dst>
      <dst id="13">1307.2800</dst>
      <dst id="19">1906.6844</dst>
      <dst id="23">1961.7778</dst>
      <dst id="8">1287.0133</dst>
      <dst id="18">5757.7778</dst>
      <dst id="4">26679.9200</dst>
      <dst id="1">19795.5822</dst>
      <dst id="5">1568.8000</dst>
      <dst id="3">1720.6400</dst>
      <dst id="22">3297.9200</dst>
      <dst id="7">635.5111</dst>
      <dst id="2">15260.4444</dst>
      <dst id="6">75.3333</dst>
      <dst id="16">2361.1022</dst>
      <dst id="14">32.3378</dst>
      <dst id="20">2073.3778</dst>
      <dst id="11">4598.4622</dst>
      <dst id="9">2939.9556</dst>
      <dst id="17">17795.9200</dst>
      <dst id="21">20958.5600</dst>
      <dst id="15">473.3867</dst>
    </src>
    <src id="2">
      <dst id="12">189085.0044</dst>
      <dst id="13">16601.1644</dst>
      <dst id="19">1626.8267</dst>
      <dst id="23">50.8622</dst>
      <dst id="8">732.2844</dst>
      <dst id="18">157615.2800</dst>
      <dst id="4">96705.7244</dst>
      <dst id="1">7844.4533</dst>
      <dst id="5">2738.8267</dst>
      <dst id="3">395.4578</dst>
      <dst id="22">3449.8489</dst>
      <dst id="7">6761.2800</dst>
      <dst id="2">970.7200</dst>
      <dst id="6">9715.6356</dst>
      <dst id="16">4757.3067</dst>
      <dst id="14">5400.9689</dst>
      <dst id="20">2914.2044</dst>
      <dst id="11">8320.1067</dst>
      <dst id="9">3243.0222</dst>
      <dst id="17">76973.5467</dst>
      <dst id="21">12496.1156</dst>
      <dst id="15">241.2889</dst>
    </src>
    <src id="6">
      <dst id="12">11822.8267</dst>
      <dst id="13">72.4000</dst>
      <dst id="19">77.2800</dst>
      <dst id="23">13.5200</dst>
      <dst id="8">11.4667</dst>
      <dst id="18">13.9556</dst>
      <dst id="4">20.3822</dst>
      <dst id="1">28.9511</dst>
      <dst id="5">2.3644</dst>
      <dst id="3">13.4222</dst>
      <dst id="22">87.7422</dst>
      <dst id="7">17.5644</dst>
      <dst id="2">3004.5422</dst>
      <dst id="16">23.3867</dst>
      <dst id="14">0.3556</dst>
      <dst id="11">16.6667</dst>
      <dst id="9">40.1244</dst>
      <dst id="17">1758.1778</dst>
      <dst id="21">101.5022</dst>
    </src>
    <src id="16">
      <dst id="12">3469.2444</dst>
      <dst id="13">643.4311</dst>
      <dst id="19">3734.4889</dst>
      <dst id="23">510.3911</dst>
      <dst id="8">8130.5422</dst>
      <dst id="18">122.9244</dst>
      <dst id="4">6641.9644</dst>
      <dst id="1">14873.3956</dst>
      <dst id="5">8731.9378</dst>
      <dst id="3">18.5244</dst>
      <dst id="7">2923.7956</dst>
      <dst id="2">1988.3378</dst>
      <dst id="6">22.0000</dst>
      <dst id="16">43.3156</dst>
      <dst id="14">310.3200</dst>
      <dst id="11">735.2267</dst>
      <dst id="9">12866.4978</dst>
      <dst id="17">6715.8133</dst>
      <dst id="21">973.7511</dst>
    </src>
    <src id="14">
      <dst id="12">17336.8711</dst>
      <dst id="13">18.7644</dst>
      <dst id="19">0.7467</dst>
      <dst id="23">18.9511</dst>
      <dst id="8">13.3333</dst>
      <dst id="18">4.7556</dst>
      <dst id="4">1396.6933</dst>
      <dst id="1">36.7378</dst>
      <dst id="5">2.4444</dst>
      <dst id="3">49.5289</dst>
      <dst id="22">29.8400</dst>
      <dst id="7">125.3600</dst>
      <dst id="2">6341.0133</dst>
      <dst id="16">13.1822</dst>
      <dst id="11">77.1822</dst>
      <dst id="9">5.3956</dst>
      <dst id="17">8537.8578</dst>
      <dst id="21">169.9644</dst>
      <dst id="15">1.0844</dst>
    </src>
    <src id="20">
      <dst id="12">8081.2356</dst>
      <dst id="13">5492.6756</dst>
      <dst id="19">230.8356</dst>
      <dst id="23">52.0889</dst>
      <dst id="8">712.4711</dst>
      <dst id="18">248.4533</dst>
      <dst id="4">6625.2356</dst>
      <dst id="1">239.0311</dst>
      <dst id="5">3968.8356</dst>
      <dst id="3">6792.9244</dst>
      <dst id="22">26.6667</dst>
      <dst id="7">313.1467</dst>
      <dst id="2">25239.7333</dst>
      <dst id="6">4.8978</dst>
      <dst id="14">0.6489</dst>
      <dst id="11">5082.6578</dst>
      <dst id="9">11970.8889</dst>
      <dst id="17">2427.6800</dst>
      <dst id="21">5050.1778</dst>
    </src>
    <src id="11">
      <dst id="12">405394.2311</dst>
      <dst id="13">5244.6133</dst>
      <dst id="19">85.3867</dst>
      <dst id="23">32.8444</dst>
      <dst id="8">5110.0622</dst>
      <dst id="18">3735.3956</dst>
      <dst id="4">13290.3822</dst>
      <dst id="1">554.9333</dst>
      <dst id="5">1383.6000</dst>
      <dst id="3">2730.9067</dst>
      <dst id="22">3765.9200</dst>
      <dst id="7">605.0667</dst>
      <dst id="2">173351.6533</dst>
      <dst id="6">7.5289</dst>
      <dst id="16">622.9956</dst>
      <dst id="14">29.4044</dst>
      <dst id="20">2501.0133</dst>
      <dst id="11">6653.3244</dst>
      <dst id="9">2525.7156</dst>
      <dst id="17">157778.6311</dst>
      <dst id="21">1568.5956</dst>
      <dst id="15">2235.9289</dst>
    </src>
    <src id="9">
      <dst id="12">509912.2489</dst>
      <dst id="13">11256.2222</dst>
      <dst id="19">43.3689</dst>
      <dst id="23">136.8622</dst>
      <dst id="8">17238.4444</dst>
      <dst id="18">241.1289</dst>
      <dst id="4">9443.8044</dst>
      <dst id="1">3038.2311</dst>
      <dst id="5">4789.0844</dst>
      <dst id="3">145.3600</dst>
      <dst id="22">3363.2978</dst>
      <dst id="7">504.4711</dst>
      <dst id="2">180308.0178</dst>
      <dst id="6">1.9556</dst>
      <dst id="16">946.3911</dst>
      <dst id="14">16.8089</dst>
      <dst id="20">5548.4533</dst>
      <dst id="11">2005.8489</dst>
      <dst id="9">1458.0444</dst>
      <dst id="17">189816.4889</dst>
      <dst id="21">2626.5778</dst>
      <dst id="15">9134.7822</dst>
    </src>
    <src id="17">
      <dst id="12">30378.4533</dst>
      <dst id="13">19122.2133</dst>
      <dst id="19">1730.6489</dst>
      <dst id="23">2754.7556</dst>
      <dst id="8">251409.4578</dst>
      <dst id="18">2413.6533</dst>
      <dst id="4">66570.6222</dst>
      <dst id="1">10297.1467</dst>
      <dst id="5">248557.0044</dst>
      <dst id="3">15184.6756</dst>
      <dst id="22">15788.4978</dst>
      <dst id="7">14503.9200</dst>
      <dst id="2">111613.5733</dst>
      <dst id="6">56.6844</dst>
      <dst id="16">5661.8133</dst>
      <dst id="14">32214.2578</dst>
      <dst id="20">7577.2356</dst>
      <dst id="11">212947.6978</dst>
      <dst id="9">341540.2667</dst>
      <dst id="17">1231.0222</dst>
      <dst id="21">11243.3867</dst>
      <dst id="15">114.1067</dst>
    </src>
    <src id="21">
      <dst id="12">21448.9244</dst>
      <dst id="13">3850.9689</dst>
      <dst id="19">532.7822</dst>
      <dst id="23">89.5111</dst>
      <dst id="8">970.4622</dst>
      <dst id="18">2202.9244</dst>
      <dst id="4">24473.6711</dst>
      <dst id="1">7557.4311</dst>
      <dst id="5">845.3244</dst>
      <dst id="3">3501.1289</dst>
      <dst id="22">2184.8000</dst>
      <dst id="7">2373.2800</dst>
      <dst id="2">12737.7511</dst>
      <dst id="6">3.8133</dst>
      <dst id="16">474.7111</dst>
      <dst id="14">168.1511</dst>
      <dst id="20">327.0311</dst>
      <dst id="11">1653.6000</dst>
      <dst id="9">2948.4622</dst>
      <dst id="17">8885.5644</dst>
      <dst id="21">2745.1733</dst>
      <dst id="15">2331.3600</dst>
    </src>
    <src id="15">
      <dst id="12">8200.3378</dst>
      <dst id="13">5465.6533</dst>
      <dst id="19">1967.8133</dst>
      <dst id="23">1.0222</dst>
      <dst id="8">2490.8800</dst>
      <dst id="18">17.7067</dst>
      <dst id="4">2350.9422</dst>
      <dst id="1">743.5733</dst>
      <dst id="5">194.7022</dst>
      <dst id="3">40.8444</dst>
      <dst id="7">175.1822</dst>
      <dst id="2">564.7378</dst>
      <dst id="6">0.7111</dst>
      <dst id="14">0.8533</dst>
      <dst id="11">764.4533</dst>
      <dst id="9">5155.3156</dst>
      <dst id="17">218.9689</dst>
      <dst id="21">6532.7822</dst>
    </src>
  </IntraTM>
</TrafficMatrixFile>
