<?xml version="1.0" encoding="UTF-8" standalone="yes"?>
<TrafficMatrixFile xmlns:xsi="http://www.w3.org/2001/XMLSchema-instance" xsi:noNamespaceSchemaLocation="http://totem.run.montefiore.ulg.ac.be/Schema/TrafficMatrix-v1_2.xsd">
  <info>
    <title>Intradomain traffic matrix generated by geant-TM-all.pl</title>
    <date>2005-01-04T15:15:00</date>
    <duration>900</duration>
    <author>Steve Uhlig</author>
    <units>
        <unit type="bandwidth" value="kbps"/>
    </units>
  </info>
  <IntraTM ASID="20965">
    <src id="12">
      <dst id="12">178034.6667</dst>
      <dst id="13">15753.4667</dst>
      <dst id="19">2348.5511</dst>
      <dst id="23">100.9422</dst>
      <dst id="8">390.6044</dst>
      <dst id="18">404.2222</dst>
      <dst id="4">60739.7244</dst>
      <dst id="1">8864.2222</dst>
      <dst id="5">27721.1644</dst>
      <dst id="3">2806.1600</dst>
      <dst id="22">1385.0222</dst>
      <dst id="7">16901.8667</dst>
      <dst id="2">75016.6400</dst>
      <dst id="6">24.9600</dst>
      <dst id="16">4286.1689</dst>
      <dst id="14">238.2667</dst>
      <dst id="20">3510.7378</dst>
      <dst id="11">3574.6400</dst>
      <dst id="9">2457.5022</dst>
      <dst id="17">62470.1067</dst>
      <dst id="21">3942.5956</dst>
      <dst id="15">521.0222</dst>
    </src>
    <src id="13">
      <dst id="12">32655.3511</dst>
      <dst id="19">4780.7556</dst>
      <dst id="23">5.6267</dst>
      <dst id="8">3662.0089</dst>
      <dst id="18">2686.3111</dst>
      <dst id="1">1613.7067</dst>
      <dst id="5">2958.4178</dst>
      <dst id="3">9391.1556</dst>
      <dst id="22">11250.0889</dst>
      <dst id="7">6631.6533</dst>
      <dst id="2">54820.7289</dst>
      <dst id="6">76.6489</dst>
      <dst id="16">5260.9689</dst>
      <dst id="14">3055.0756</dst>
      <dst id="20">7243.4756</dst>
      <dst id="11">4683.9289</dst>
      <dst id="9">9827.4489</dst>
      <dst id="17">28755.2000</dst>
      <dst id="21">9583.1467</dst>
      <dst id="15">517.2622</dst>
    </src>
    <src id="19">
      <dst id="12">11089.3156</dst>
      <dst id="13">62.6400</dst>
      <dst id="23">0.3378</dst>
      <dst id="8">0.4178</dst>
      <dst id="18">2.0444</dst>
      <dst id="4">20097.0489</dst>
      <dst id="1">266.0356</dst>
      <dst id="5">1.6356</dst>
      <dst id="3">0.4089</dst>
      <dst id="22">67.2622</dst>
      <dst id="7">3260.7378</dst>
      <dst id="2">141.3333</dst>
      <dst id="6">11.3244</dst>
      <dst id="16">8889.5733</dst>
      <dst id="20">3.0844</dst>
      <dst id="11">0.3556</dst>
      <dst id="9">3026.6489</dst>
      <dst id="17">163.1111</dst>
      <dst id="21">260.4356</dst>
      <dst id="15">2.4533</dst>
    </src>
    <src id="23">
      <dst id="12">330.4000</dst>
      <dst id="13">31.6533</dst>
      <dst id="18">1.7600</dst>
      <dst id="4">55.1378</dst>
      <dst id="1">13.7511</dst>
      <dst id="5">48.2844</dst>
      <dst id="3">224.9244</dst>
      <dst id="22">12.3822</dst>
      <dst id="7">26.0800</dst>
      <dst id="2">136.2222</dst>
      <dst id="6">187.3067</dst>
      <dst id="16">4.9778</dst>
      <dst id="14">27.0222</dst>
      <dst id="20">0.4622</dst>
      <dst id="11">0.4978</dst>
      <dst id="9">1168.4267</dst>
      <dst id="17">136.5333</dst>
      <dst id="21">195.0044</dst>
    </src>
    <src id="8">
      <dst id="12">249003.6978</dst>
      <dst id="13">706.7911</dst>
      <dst id="18">12.2400</dst>
      <dst id="4">9227.7511</dst>
      <dst id="1">1649.4489</dst>
      <dst id="5">368.2844</dst>
      <dst id="3">0.7111</dst>
      <dst id="22">779.7422</dst>
      <dst id="7">665.0222</dst>
      <dst id="2">72451.7511</dst>
      <dst id="16">66.3822</dst>
      <dst id="20">14.6044</dst>
      <dst id="11">17.7689</dst>
      <dst id="9">226.6756</dst>
      <dst id="17">92873.1644</dst>
      <dst id="21">304.8444</dst>
      <dst id="15">54.7556</dst>
    </src>
    <src id="18">
      <dst id="12">90705.8222</dst>
      <dst id="13">128.9422</dst>
      <dst id="19">2.5956</dst>
      <dst id="23">27.3867</dst>
      <dst id="8">11.5200</dst>
      <dst id="4">2202.2578</dst>
      <dst id="1">1124.1333</dst>
      <dst id="5">86.7556</dst>
      <dst id="3">60.2756</dst>
      <dst id="22">257.6000</dst>
      <dst id="7">4.1422</dst>
      <dst id="2">21745.8844</dst>
      <dst id="16">21.8311</dst>
      <dst id="20">1.0844</dst>
      <dst id="11">98.5956</dst>
      <dst id="9">64.4533</dst>
      <dst id="17">31949.0489</dst>
      <dst id="21">386.7556</dst>
      <dst id="15">1.5200</dst>
    </src>
    <src id="4">
      <dst id="12">6766.8711</dst>
      <dst id="19">15278.2667</dst>
      <dst id="8">3206.4622</dst>
      <dst id="18">1817.4756</dst>
      <dst id="4">1.4933</dst>
      <dst id="1">122609.5200</dst>
      <dst id="5">1359.9200</dst>
      <dst id="3">19.6178</dst>
      <dst id="22">2048.8800</dst>
      <dst id="7">133789.6178</dst>
      <dst id="2">82131.2533</dst>
      <dst id="6">2.1689</dst>
      <dst id="16">523.3067</dst>
      <dst id="14">1172.1511</dst>
      <dst id="20">147.5200</dst>
      <dst id="11">2401.2978</dst>
      <dst id="9">2116.1600</dst>
      <dst id="17">17154.1600</dst>
      <dst id="21">2411.9022</dst>
      <dst id="15">225.9733</dst>
    </src>
    <src id="1">
      <dst id="12">11895.5289</dst>
      <dst id="13">351.4667</dst>
      <dst id="19">162.2667</dst>
      <dst id="23">46.6667</dst>
      <dst id="8">47984.4000</dst>
      <dst id="18">13675.8222</dst>
      <dst id="4">9727.9289</dst>
      <dst id="1">74534.1244</dst>
      <dst id="5">110312.3200</dst>
      <dst id="3">189.2000</dst>
      <dst id="22">742.5422</dst>
      <dst id="7">707.8667</dst>
      <dst id="2">1088.5067</dst>
      <dst id="6">4399.5378</dst>
      <dst id="16">15279.2800</dst>
      <dst id="14">93.0311</dst>
      <dst id="20">36.0267</dst>
      <dst id="11">168.0000</dst>
      <dst id="9">108396.4000</dst>
      <dst id="17">2314.9956</dst>
      <dst id="21">1660.5422</dst>
      <dst id="15">94.1867</dst>
    </src>
    <src id="5">
      <dst id="12">222867.1378</dst>
      <dst id="13">421.9378</dst>
      <dst id="19">28.1956</dst>
      <dst id="23">2.3022</dst>
      <dst id="8">106.0711</dst>
      <dst id="18">1113.2089</dst>
      <dst id="4">5625.6622</dst>
      <dst id="1">394.1244</dst>
      <dst id="3">39.9022</dst>
      <dst id="22">1364.4622</dst>
      <dst id="7">70.3911</dst>
      <dst id="2">73648.8444</dst>
      <dst id="6">0.4267</dst>
      <dst id="16">132.3911</dst>
      <dst id="14">53.8311</dst>
      <dst id="20">201.2533</dst>
      <dst id="11">352.0622</dst>
      <dst id="9">168.0000</dst>
      <dst id="17">82593.2444</dst>
      <dst id="21">363.0222</dst>
      <dst id="15">104.6311</dst>
    </src>
    <src id="3">
      <dst id="12">13132.8711</dst>
      <dst id="13">261.2978</dst>
      <dst id="19">971.2089</dst>
      <dst id="23">10577.9022</dst>
      <dst id="8">86.7289</dst>
      <dst id="18">45213.8400</dst>
      <dst id="4">19983.9822</dst>
      <dst id="1">3536.3378</dst>
      <dst id="5">149.1111</dst>
      <dst id="3">5822.6756</dst>
      <dst id="22">1322.2044</dst>
      <dst id="7">1349.6533</dst>
      <dst id="2">4122.6667</dst>
      <dst id="6">14.4711</dst>
      <dst id="16">1164.6578</dst>
      <dst id="14">44950.7822</dst>
      <dst id="20">113.3156</dst>
      <dst id="11">78321.9556</dst>
      <dst id="9">117.0311</dst>
      <dst id="17">9448.6578</dst>
      <dst id="21">4121.9289</dst>
      <dst id="15">54.7111</dst>
    </src>
    <src id="10">
      <dst id="12">8375.3333</dst>
      <dst id="19">7548.8178</dst>
      <dst id="8">211.2356</dst>
      <dst id="18">557.6978</dst>
      <dst id="1">2091.0311</dst>
      <dst id="5">217.5467</dst>
      <dst id="3">3316.1067</dst>
      <dst id="22">8957.1200</dst>
      <dst id="7">54895.9111</dst>
      <dst id="2">23077.5911</dst>
      <dst id="6">0.3556</dst>
      <dst id="16">140.4711</dst>
      <dst id="14">981.9111</dst>
      <dst id="20">4243.6356</dst>
      <dst id="11">2489.8489</dst>
      <dst id="9">4302.9956</dst>
      <dst id="17">14540.4000</dst>
      <dst id="21">12563.8756</dst>
      <dst id="15">76.0356</dst>
    </src>
    <src id="22">
      <dst id="12">18206.0711</dst>
      <dst id="13">943.2444</dst>
      <dst id="19">51.3244</dst>
      <dst id="23">8.5067</dst>
      <dst id="8">1468.8444</dst>
      <dst id="18">122.0000</dst>
      <dst id="4">13307.7600</dst>
      <dst id="1">113.8044</dst>
      <dst id="5">1048.3022</dst>
      <dst id="3">284.8000</dst>
      <dst id="7">180.8711</dst>
      <dst id="2">4939.0044</dst>
      <dst id="6">43.2622</dst>
      <dst id="16">1.1200</dst>
      <dst id="14">33.2178</dst>
      <dst id="11">1333.7156</dst>
      <dst id="9">1048.5956</dst>
      <dst id="17">1071.1200</dst>
      <dst id="21">672.2578</dst>
    </src>
    <src id="7">
      <dst id="12">2382.0800</dst>
      <dst id="13">58.0800</dst>
      <dst id="19">104.1867</dst>
      <dst id="23">4.5600</dst>
      <dst id="8">260.8178</dst>
      <dst id="18">80.8000</dst>
      <dst id="4">40565.8578</dst>
      <dst id="1">694.5778</dst>
      <dst id="5">1035.1289</dst>
      <dst id="3">223.9200</dst>
      <dst id="22">2384.3556</dst>
      <dst id="7">730.9156</dst>
      <dst id="2">4116.1956</dst>
      <dst id="6">1.4667</dst>
      <dst id="16">303.5289</dst>
      <dst id="14">161.1822</dst>
      <dst id="20">469.2444</dst>
      <dst id="11">420.4444</dst>
      <dst id="9">152.3556</dst>
      <dst id="17">4328.6933</dst>
      <dst id="21">3119.3867</dst>
      <dst id="15">76.9689</dst>
    </src>
    <src id="2">
      <dst id="12">47947.1200</dst>
      <dst id="13">512945.6533</dst>
      <dst id="19">100.5067</dst>
      <dst id="23">3.2356</dst>
      <dst id="8">60.8711</dst>
      <dst id="18">27940.3822</dst>
      <dst id="4">63079.4044</dst>
      <dst id="1">2076.0978</dst>
      <dst id="5">950.5511</dst>
      <dst id="3">156.4800</dst>
      <dst id="22">622.9422</dst>
      <dst id="7">1909.5467</dst>
      <dst id="2">522.5333</dst>
      <dst id="6">5243.5733</dst>
      <dst id="16">3287.8133</dst>
      <dst id="14">5350.3556</dst>
      <dst id="20">74.3822</dst>
      <dst id="11">821.3511</dst>
      <dst id="9">163.8044</dst>
      <dst id="17">13472.3467</dst>
      <dst id="21">9510.9600</dst>
      <dst id="15">17.4489</dst>
    </src>
    <src id="6">
      <dst id="12">7452.9600</dst>
      <dst id="13">1.5200</dst>
      <dst id="19">0.6844</dst>
      <dst id="23">2.2400</dst>
      <dst id="4">1394.9689</dst>
      <dst id="1">0.3378</dst>
      <dst id="5">2.3822</dst>
      <dst id="22">43.4489</dst>
      <dst id="7">0.8356</dst>
      <dst id="2">1866.6844</dst>
      <dst id="16">26.1867</dst>
      <dst id="20">0.7111</dst>
      <dst id="11">11.9644</dst>
      <dst id="9">0.3556</dst>
      <dst id="17">1077.8489</dst>
      <dst id="21">2.8089</dst>
    </src>
    <src id="16">
      <dst id="12">1699.6800</dst>
      <dst id="13">113.0400</dst>
      <dst id="19">3806.8978</dst>
      <dst id="23">3.7867</dst>
      <dst id="8">704.2844</dst>
      <dst id="18">4.5778</dst>
      <dst id="4">3389.1111</dst>
      <dst id="1">22977.4578</dst>
      <dst id="5">988.5333</dst>
      <dst id="3">1.7778</dst>
      <dst id="7">804.8089</dst>
      <dst id="2">195.1022</dst>
      <dst id="6">24.1778</dst>
      <dst id="16">24.1333</dst>
      <dst id="14">495.0578</dst>
      <dst id="11">25.3244</dst>
      <dst id="9">3117.0667</dst>
      <dst id="17">706.5067</dst>
      <dst id="21">1934.5422</dst>
    </src>
    <src id="14">
      <dst id="12">22664.1511</dst>
      <dst id="13">17.9733</dst>
      <dst id="19">4.7644</dst>
      <dst id="23">0.4622</dst>
      <dst id="4">1181.7867</dst>
      <dst id="1">103.8933</dst>
      <dst id="5">9.8044</dst>
      <dst id="3">65.8044</dst>
      <dst id="22">6.1067</dst>
      <dst id="7">54.3022</dst>
      <dst id="2">7292.6933</dst>
      <dst id="16">30.6844</dst>
      <dst id="20">0.4978</dst>
      <dst id="11">36.3822</dst>
      <dst id="9">25.2444</dst>
      <dst id="17">6122.6844</dst>
      <dst id="21">104.6844</dst>
    </src>
    <src id="20">
      <dst id="12">4999.5644</dst>
      <dst id="13">918.0800</dst>
      <dst id="19">15.2711</dst>
      <dst id="8">88.2667</dst>
      <dst id="18">0.8978</dst>
      <dst id="4">6006.5156</dst>
      <dst id="1">20.0889</dst>
      <dst id="5">140.2489</dst>
      <dst id="3">53.5467</dst>
      <dst id="7">115.0044</dst>
      <dst id="2">785.2800</dst>
      <dst id="6">38.4000</dst>
      <dst id="11">49.9289</dst>
      <dst id="9">344.0889</dst>
      <dst id="17">194.1956</dst>
      <dst id="21">556.4178</dst>
    </src>
    <src id="11">
      <dst id="12">341610.7911</dst>
      <dst id="13">2189.2711</dst>
      <dst id="19">5.2533</dst>
      <dst id="23">1.4489</dst>
      <dst id="8">96.1422</dst>
      <dst id="18">40.2578</dst>
      <dst id="4">9437.7778</dst>
      <dst id="1">3834.7111</dst>
      <dst id="5">1268.7467</dst>
      <dst id="3">237.8578</dst>
      <dst id="22">1647.0844</dst>
      <dst id="7">100.7822</dst>
      <dst id="2">116239.6622</dst>
      <dst id="6">0.3556</dst>
      <dst id="16">72.9333</dst>
      <dst id="14">51.7333</dst>
      <dst id="20">19.6533</dst>
      <dst id="11">1294.8444</dst>
      <dst id="9">539.7778</dst>
      <dst id="17">119670.0000</dst>
      <dst id="21">472.7289</dst>
      <dst id="15">81.7867</dst>
    </src>
    <src id="9">
      <dst id="12">359535.5733</dst>
      <dst id="13">470.8089</dst>
      <dst id="19">103.8933</dst>
      <dst id="23">39.1644</dst>
      <dst id="8">120.2844</dst>
      <dst id="18">145.2889</dst>
      <dst id="4">9877.4133</dst>
      <dst id="1">794.2044</dst>
      <dst id="5">446.1689</dst>
      <dst id="22">495.3333</dst>
      <dst id="7">46.1778</dst>
      <dst id="2">107502.3556</dst>
      <dst id="6">1.4933</dst>
      <dst id="16">134.5156</dst>
      <dst id="14">0.8178</dst>
      <dst id="20">700.2756</dst>
      <dst id="11">165.8756</dst>
      <dst id="9">49.0578</dst>
      <dst id="17">120476.7378</dst>
      <dst id="21">44.1511</dst>
      <dst id="15">61.6533</dst>
    </src>
    <src id="17">
      <dst id="12">1793.8400</dst>
      <dst id="13">1072.3467</dst>
      <dst id="19">128.4178</dst>
      <dst id="23">40.2667</dst>
      <dst id="8">64149.9378</dst>
      <dst id="18">1012.3911</dst>
      <dst id="4">33148.2222</dst>
      <dst id="1">409.1111</dst>
      <dst id="5">106372.1689</dst>
      <dst id="3">3771.2622</dst>
      <dst id="22">2343.0311</dst>
      <dst id="7">700.7200</dst>
      <dst id="2">7886.0978</dst>
      <dst id="6">8.1689</dst>
      <dst id="16">2279.2622</dst>
      <dst id="14">27979.6978</dst>
      <dst id="20">188.0000</dst>
      <dst id="11">60918.9067</dst>
      <dst id="9">96360.9422</dst>
      <dst id="17">734.8267</dst>
      <dst id="21">3567.9111</dst>
      <dst id="15">87.3422</dst>
    </src>
    <src id="21">
      <dst id="12">15588.4444</dst>
      <dst id="13">119.9289</dst>
      <dst id="19">53.3956</dst>
      <dst id="23">3.7867</dst>
      <dst id="8">104.1511</dst>
      <dst id="18">538.4711</dst>
      <dst id="4">9758.8089</dst>
      <dst id="1">3416.6044</dst>
      <dst id="5">87.1200</dst>
      <dst id="3">507.8489</dst>
      <dst id="22">1366.3556</dst>
      <dst id="7">1073.7778</dst>
      <dst id="2">6432.6311</dst>
      <dst id="6">1.2444</dst>
      <dst id="16">148.5956</dst>
      <dst id="14">239.9644</dst>
      <dst id="20">686.8267</dst>
      <dst id="11">238.7022</dst>
      <dst id="9">272.9689</dst>
      <dst id="17">2477.9200</dst>
      <dst id="21">607.5022</dst>
      <dst id="15">471.2267</dst>
    </src>
    <src id="15">
      <dst id="12">554.8267</dst>
      <dst id="13">45.2444</dst>
      <dst id="8">122.7733</dst>
      <dst id="18">0.4622</dst>
      <dst id="4">2901.8044</dst>
      <dst id="1">572.7111</dst>
      <dst id="5">76.2933</dst>
      <dst id="3">9.1289</dst>
      <dst id="7">8.4533</dst>
      <dst id="2">50.8444</dst>
      <dst id="11">7.1111</dst>
      <dst id="9">26.2311</dst>
      <dst id="17">4268.8356</dst>
      <dst id="21">103.5022</dst>
    </src>
  </IntraTM>
</TrafficMatrixFile>
