<?xml version="1.0" encoding="UTF-8" standalone="yes"?>
<TrafficMatrixFile xmlns:xsi="http://www.w3.org/2001/XMLSchema-instance" xsi:noNamespaceSchemaLocation="http://totem.run.montefiore.ulg.ac.be/Schema/TrafficMatrix-v1_2.xsd">
  <info>
    <title>Intradomain traffic matrix generated by geant-TM-all.pl</title>
    <date>2005-01-04T02:15:00</date>
    <duration>900</duration>
    <author>Steve Uhlig</author>
    <units>
        <unit type="bandwidth" value="kbps"/>
    </units>
  </info>
  <IntraTM ASID="20965">
    <src id="12">
      <dst id="12">257092.9956</dst>
      <dst id="13">15995.7422</dst>
      <dst id="19">2047.1022</dst>
      <dst id="23">1906.3467</dst>
      <dst id="8">1516.7822</dst>
      <dst id="18">3364.6133</dst>
      <dst id="4">73762.6578</dst>
      <dst id="1">10701.3600</dst>
      <dst id="5">4116.5156</dst>
      <dst id="3">4681.4756</dst>
      <dst id="22">13783.5467</dst>
      <dst id="7">2729.5111</dst>
      <dst id="2">82090.3733</dst>
      <dst id="6">90.5600</dst>
      <dst id="16">4954.9333</dst>
      <dst id="14">168.9867</dst>
      <dst id="20">6780.8356</dst>
      <dst id="11">4170.6400</dst>
      <dst id="9">5573.5378</dst>
      <dst id="17">86126.0178</dst>
      <dst id="21">1294.6400</dst>
      <dst id="15">7739.8222</dst>
    </src>
    <src id="13">
      <dst id="12">64989.1556</dst>
      <dst id="19">7310.2133</dst>
      <dst id="23">46.4533</dst>
      <dst id="8">5008.6311</dst>
      <dst id="18">1576.8444</dst>
      <dst id="1">7313.0756</dst>
      <dst id="5">14418.6844</dst>
      <dst id="3">9581.0933</dst>
      <dst id="22">22176.2667</dst>
      <dst id="7">10370.6933</dst>
      <dst id="2">88550.8356</dst>
      <dst id="6">93.2356</dst>
      <dst id="16">8981.1289</dst>
      <dst id="14">1889.6889</dst>
      <dst id="20">16117.6178</dst>
      <dst id="11">14888.2044</dst>
      <dst id="9">9242.4089</dst>
      <dst id="17">49436.1689</dst>
      <dst id="21">14730.8622</dst>
      <dst id="15">23669.4044</dst>
    </src>
    <src id="19">
      <dst id="12">12427.9644</dst>
      <dst id="13">333.6178</dst>
      <dst id="23">113.4933</dst>
      <dst id="8">13.7511</dst>
      <dst id="18">1.0667</dst>
      <dst id="4">19402.6044</dst>
      <dst id="1">11257.8044</dst>
      <dst id="5">74.0711</dst>
      <dst id="3">10.3556</dst>
      <dst id="22">895.5467</dst>
      <dst id="7">3943.1111</dst>
      <dst id="2">3195.2622</dst>
      <dst id="6">37.4756</dst>
      <dst id="16">7891.7600</dst>
      <dst id="14">2.2933</dst>
      <dst id="20">0.7467</dst>
      <dst id="11">18.4800</dst>
      <dst id="9">70.9867</dst>
      <dst id="17">5132.5600</dst>
      <dst id="21">1345.4756</dst>
      <dst id="15">0.3556</dst>
    </src>
    <src id="23">
      <dst id="12">270.7289</dst>
      <dst id="13">51.8933</dst>
      <dst id="19">104.5333</dst>
      <dst id="8">26.6667</dst>
      <dst id="18">1230.4000</dst>
      <dst id="4">4.8444</dst>
      <dst id="1">43.0578</dst>
      <dst id="5">72.5333</dst>
      <dst id="3">163.5822</dst>
      <dst id="22">409.1467</dst>
      <dst id="7">59.4400</dst>
      <dst id="2">33.0578</dst>
      <dst id="6">0.3378</dst>
      <dst id="16">50.6400</dst>
      <dst id="14">49.7778</dst>
      <dst id="11">617.1556</dst>
      <dst id="9">335.6444</dst>
      <dst id="17">475.9822</dst>
      <dst id="21">398.5600</dst>
      <dst id="15">0.3378</dst>
    </src>
    <src id="8">
      <dst id="12">317536.7467</dst>
      <dst id="13">827.6267</dst>
      <dst id="23">0.3556</dst>
      <dst id="18">15.3600</dst>
      <dst id="4">2960.5689</dst>
      <dst id="1">402.8089</dst>
      <dst id="5">1091.1378</dst>
      <dst id="3">49.8222</dst>
      <dst id="22">1946.3822</dst>
      <dst id="7">325.7689</dst>
      <dst id="2">144486.5867</dst>
      <dst id="6">1.6000</dst>
      <dst id="16">1084.9956</dst>
      <dst id="20">46.4533</dst>
      <dst id="11">3176.8533</dst>
      <dst id="9">527.3511</dst>
      <dst id="17">125221.8222</dst>
      <dst id="21">110.8089</dst>
      <dst id="15">53.6444</dst>
    </src>
    <src id="18">
      <dst id="12">96953.4489</dst>
      <dst id="13">39.1911</dst>
      <dst id="19">4.1333</dst>
      <dst id="23">27.3422</dst>
      <dst id="8">56.4711</dst>
      <dst id="4">1730.7378</dst>
      <dst id="1">1055.6089</dst>
      <dst id="5">220.2044</dst>
      <dst id="3">89.0222</dst>
      <dst id="22">134.2400</dst>
      <dst id="7">109.8844</dst>
      <dst id="2">32669.5111</dst>
      <dst id="16">19.3867</dst>
      <dst id="20">27.3422</dst>
      <dst id="11">148.2756</dst>
      <dst id="9">304.3467</dst>
      <dst id="17">39687.2622</dst>
      <dst id="21">150.4622</dst>
      <dst id="15">1.0667</dst>
    </src>
    <src id="4">
      <dst id="12">62303.3333</dst>
      <dst id="19">15318.6222</dst>
      <dst id="8">534.0178</dst>
      <dst id="18">1800.9067</dst>
      <dst id="4">1.0489</dst>
      <dst id="1">25297.7956</dst>
      <dst id="5">2878.1422</dst>
      <dst id="3">453.8133</dst>
      <dst id="22">4504.7289</dst>
      <dst id="7">96831.6356</dst>
      <dst id="2">65936.5956</dst>
      <dst id="6">26.5244</dst>
      <dst id="16">1759.5644</dst>
      <dst id="14">1251.4400</dst>
      <dst id="20">857.1822</dst>
      <dst id="11">7281.5911</dst>
      <dst id="9">2471.5644</dst>
      <dst id="17">92688.2311</dst>
      <dst id="21">2814.2489</dst>
      <dst id="15">1028.0711</dst>
    </src>
    <src id="1">
      <dst id="12">10475.7244</dst>
      <dst id="13">901.0489</dst>
      <dst id="19">330.0356</dst>
      <dst id="23">45.6444</dst>
      <dst id="8">108926.1333</dst>
      <dst id="18">15377.5644</dst>
      <dst id="4">8079.9822</dst>
      <dst id="1">12583.9378</dst>
      <dst id="5">207303.5289</dst>
      <dst id="3">117.4222</dst>
      <dst id="22">10099.2000</dst>
      <dst id="7">1372.4444</dst>
      <dst id="2">2508.8711</dst>
      <dst id="6">8945.5200</dst>
      <dst id="16">14057.5378</dst>
      <dst id="14">114.4089</dst>
      <dst id="20">108.5600</dst>
      <dst id="11">179.3067</dst>
      <dst id="9">215500.5422</dst>
      <dst id="17">2198.0089</dst>
      <dst id="21">6784.5067</dst>
      <dst id="15">117.1289</dst>
    </src>
    <src id="5">
      <dst id="12">320937.1200</dst>
      <dst id="13">14283.7422</dst>
      <dst id="19">9915.2711</dst>
      <dst id="23">2.4533</dst>
      <dst id="8">1196.0622</dst>
      <dst id="18">82.2489</dst>
      <dst id="4">8761.0044</dst>
      <dst id="1">364.7556</dst>
      <dst id="22">11068.7822</dst>
      <dst id="7">141.4044</dst>
      <dst id="2">159719.3689</dst>
      <dst id="6">0.8622</dst>
      <dst id="16">629.3600</dst>
      <dst id="14">3.1467</dst>
      <dst id="20">20879.8311</dst>
      <dst id="11">1467.2800</dst>
      <dst id="9">1040.2489</dst>
      <dst id="17">112669.6800</dst>
      <dst id="21">397.7689</dst>
      <dst id="15">259.7778</dst>
    </src>
    <src id="3">
      <dst id="12">14557.7600</dst>
      <dst id="13">1919.3511</dst>
      <dst id="19">1410.2133</dst>
      <dst id="23">4924.6133</dst>
      <dst id="8">93.1644</dst>
      <dst id="18">75395.4933</dst>
      <dst id="4">18607.8844</dst>
      <dst id="1">9797.0756</dst>
      <dst id="5">243.6000</dst>
      <dst id="3">14586.9156</dst>
      <dst id="22">1437.3600</dst>
      <dst id="7">1594.6756</dst>
      <dst id="2">7856.7022</dst>
      <dst id="6">1.0133</dst>
      <dst id="16">1151.5556</dst>
      <dst id="14">34210.6844</dst>
      <dst id="20">41.6267</dst>
      <dst id="11">155390.4356</dst>
      <dst id="9">134.3822</dst>
      <dst id="17">15138.4267</dst>
      <dst id="21">14668.4000</dst>
      <dst id="15">36.5156</dst>
    </src>
    <src id="10">
      <dst id="12">15551.9556</dst>
      <dst id="19">3025.0400</dst>
      <dst id="8">476.0000</dst>
      <dst id="18">11455.4489</dst>
      <dst id="1">3989.1911</dst>
      <dst id="5">1066.6489</dst>
      <dst id="3">7947.2800</dst>
      <dst id="22">10877.3600</dst>
      <dst id="7">6470.1867</dst>
      <dst id="2">25676.3022</dst>
      <dst id="16">7862.4089</dst>
      <dst id="14">935.1556</dst>
      <dst id="20">3064.6578</dst>
      <dst id="11">7775.7067</dst>
      <dst id="9">1074.7378</dst>
      <dst id="17">18194.5689</dst>
      <dst id="21">9889.1289</dst>
      <dst id="15">313.0044</dst>
    </src>
    <src id="22">
      <dst id="12">17742.6933</dst>
      <dst id="13">10594.5422</dst>
      <dst id="19">107.3778</dst>
      <dst id="23">16.0267</dst>
      <dst id="8">1565.2178</dst>
      <dst id="18">1049.1822</dst>
      <dst id="4">13343.0667</dst>
      <dst id="1">369.4044</dst>
      <dst id="5">3328.2311</dst>
      <dst id="3">1273.8489</dst>
      <dst id="7">825.6533</dst>
      <dst id="2">4457.2267</dst>
      <dst id="6">0.7111</dst>
      <dst id="16">20.0889</dst>
      <dst id="14">123.3333</dst>
      <dst id="11">1764.3822</dst>
      <dst id="9">9256.7467</dst>
      <dst id="17">3588.4444</dst>
      <dst id="21">1059.1022</dst>
    </src>
    <src id="7">
      <dst id="12">7844.3911</dst>
      <dst id="13">144.1689</dst>
      <dst id="19">174.3556</dst>
      <dst id="23">57.5911</dst>
      <dst id="8">249.1200</dst>
      <dst id="18">156.2933</dst>
      <dst id="4">12549.7067</dst>
      <dst id="1">3480.0533</dst>
      <dst id="5">1251.7156</dst>
      <dst id="3">13401.0578</dst>
      <dst id="22">3457.9556</dst>
      <dst id="7">670.7200</dst>
      <dst id="2">10658.4444</dst>
      <dst id="6">44.5333</dst>
      <dst id="16">312.9867</dst>
      <dst id="14">776.5244</dst>
      <dst id="20">705.2800</dst>
      <dst id="11">1219.0844</dst>
      <dst id="9">836.0622</dst>
      <dst id="17">8612.8711</dst>
      <dst id="21">1931.5556</dst>
      <dst id="15">328.8000</dst>
    </src>
    <src id="2">
      <dst id="12">93801.6267</dst>
      <dst id="13">512530.4533</dst>
      <dst id="19">765.6089</dst>
      <dst id="8">1245.7778</dst>
      <dst id="18">57982.9333</dst>
      <dst id="4">80526.0356</dst>
      <dst id="1">6136.7289</dst>
      <dst id="5">1604.8178</dst>
      <dst id="3">134.8267</dst>
      <dst id="22">2121.2089</dst>
      <dst id="7">3192.2844</dst>
      <dst id="2">881.8844</dst>
      <dst id="6">8749.9289</dst>
      <dst id="16">2716.3289</dst>
      <dst id="14">6124.7822</dst>
      <dst id="20">638.5600</dst>
      <dst id="11">5687.2533</dst>
      <dst id="9">628.4267</dst>
      <dst id="17">42023.0933</dst>
      <dst id="21">1577.0933</dst>
      <dst id="15">182.2400</dst>
    </src>
    <src id="6">
      <dst id="12">11666.6844</dst>
      <dst id="13">15.4133</dst>
      <dst id="19">14.1511</dst>
      <dst id="8">26.1156</dst>
      <dst id="18">1.7778</dst>
      <dst id="4">1178.1778</dst>
      <dst id="1">7.8756</dst>
      <dst id="5">0.3556</dst>
      <dst id="22">14.3378</dst>
      <dst id="7">2.3467</dst>
      <dst id="2">2819.5822</dst>
      <dst id="20">38.8000</dst>
      <dst id="11">12.6489</dst>
      <dst id="9">2.0978</dst>
      <dst id="17">1686.8978</dst>
      <dst id="21">12.8622</dst>
      <dst id="15">1.6978</dst>
    </src>
    <src id="16">
      <dst id="12">2822.9778</dst>
      <dst id="13">946.5689</dst>
      <dst id="19">4105.2800</dst>
      <dst id="23">17.4400</dst>
      <dst id="8">2885.8756</dst>
      <dst id="18">61.0133</dst>
      <dst id="4">3394.7733</dst>
      <dst id="1">23426.5689</dst>
      <dst id="5">4155.1378</dst>
      <dst id="3">0.3556</dst>
      <dst id="7">970.5956</dst>
      <dst id="2">1296.1156</dst>
      <dst id="6">11.4489</dst>
      <dst id="16">55.2800</dst>
      <dst id="14">1.1378</dst>
      <dst id="11">510.7467</dst>
      <dst id="9">5614.1067</dst>
      <dst id="17">2119.6533</dst>
      <dst id="21">1526.3911</dst>
    </src>
    <src id="14">
      <dst id="12">17458.4000</dst>
      <dst id="13">82.0267</dst>
      <dst id="19">11.4578</dst>
      <dst id="23">1.1733</dst>
      <dst id="18">26.6667</dst>
      <dst id="4">1766.5067</dst>
      <dst id="1">32.9778</dst>
      <dst id="5">40.8000</dst>
      <dst id="3">2489.1111</dst>
      <dst id="22">36.1778</dst>
      <dst id="7">98.3022</dst>
      <dst id="2">6141.0311</dst>
      <dst id="16">89.6889</dst>
      <dst id="11">57.1200</dst>
      <dst id="9">39.7511</dst>
      <dst id="17">6588.3022</dst>
      <dst id="21">75.8044</dst>
    </src>
    <src id="20">
      <dst id="12">2390.0800</dst>
      <dst id="13">2298.3378</dst>
      <dst id="19">1.1822</dst>
      <dst id="23">0.4267</dst>
      <dst id="8">162.7644</dst>
      <dst id="18">12.6222</dst>
      <dst id="4">11444.3911</dst>
      <dst id="1">178.4978</dst>
      <dst id="5">1234.9244</dst>
      <dst id="3">67.2978</dst>
      <dst id="7">1440.1244</dst>
      <dst id="2">422.7378</dst>
      <dst id="6">0.9244</dst>
      <dst id="14">1.3511</dst>
      <dst id="11">2584.8978</dst>
      <dst id="9">544.3111</dst>
      <dst id="17">783.5200</dst>
      <dst id="21">849.8933</dst>
    </src>
    <src id="11">
      <dst id="12">425541.2444</dst>
      <dst id="13">2397.6711</dst>
      <dst id="19">65.4667</dst>
      <dst id="23">24.8800</dst>
      <dst id="8">613.6089</dst>
      <dst id="18">52.2400</dst>
      <dst id="4">10707.0222</dst>
      <dst id="1">424.0800</dst>
      <dst id="5">1634.0889</dst>
      <dst id="3">227.5111</dst>
      <dst id="22">1607.5911</dst>
      <dst id="7">403.2889</dst>
      <dst id="2">170739.3689</dst>
      <dst id="6">0.4356</dst>
      <dst id="16">1027.5644</dst>
      <dst id="14">31.6711</dst>
      <dst id="20">311.6711</dst>
      <dst id="11">2234.9067</dst>
      <dst id="9">1124.5867</dst>
      <dst id="17">173597.6444</dst>
      <dst id="21">479.0844</dst>
      <dst id="15">233.6800</dst>
    </src>
    <src id="9">
      <dst id="12">418099.5556</dst>
      <dst id="13">2914.8533</dst>
      <dst id="19">173.7778</dst>
      <dst id="23">19.2711</dst>
      <dst id="8">270.8000</dst>
      <dst id="18">489.2267</dst>
      <dst id="4">9576.2844</dst>
      <dst id="1">2144.0356</dst>
      <dst id="5">703.3689</dst>
      <dst id="22">9560.3911</dst>
      <dst id="7">726.5244</dst>
      <dst id="2">156797.1822</dst>
      <dst id="16">1793.0844</dst>
      <dst id="14">109.7956</dst>
      <dst id="20">1442.2222</dst>
      <dst id="11">1029.7067</dst>
      <dst id="9">401.3778</dst>
      <dst id="17">174526.3644</dst>
      <dst id="21">5473.4311</dst>
      <dst id="15">1571.8667</dst>
    </src>
    <src id="17">
      <dst id="12">12424.3467</dst>
      <dst id="13">3825.6711</dst>
      <dst id="19">1178.9067</dst>
      <dst id="23">129.3156</dst>
      <dst id="8">128794.2222</dst>
      <dst id="18">124.5956</dst>
      <dst id="4">43275.4933</dst>
      <dst id="1">868.4622</dst>
      <dst id="5">193635.3600</dst>
      <dst id="3">4356.2489</dst>
      <dst id="22">4430.5778</dst>
      <dst id="7">1537.8489</dst>
      <dst id="2">22116.1333</dst>
      <dst id="6">165.2711</dst>
      <dst id="16">5322.0178</dst>
      <dst id="14">23388.7200</dst>
      <dst id="20">1272.5156</dst>
      <dst id="11">117766.2578</dst>
      <dst id="9">175259.6889</dst>
      <dst id="17">1405.7956</dst>
      <dst id="21">9396.7911</dst>
      <dst id="15">6045.4756</dst>
    </src>
    <src id="21">
      <dst id="12">20358.6489</dst>
      <dst id="13">1691.8844</dst>
      <dst id="19">196.8089</dst>
      <dst id="23">6.8000</dst>
      <dst id="8">83.8311</dst>
      <dst id="18">255.8667</dst>
      <dst id="4">12841.3333</dst>
      <dst id="1">1953.3689</dst>
      <dst id="5">301.9556</dst>
      <dst id="3">2005.9111</dst>
      <dst id="22">767.8400</dst>
      <dst id="7">601.0933</dst>
      <dst id="2">8765.5200</dst>
      <dst id="6">0.8356</dst>
      <dst id="16">290.2222</dst>
      <dst id="14">218.4000</dst>
      <dst id="20">49.5289</dst>
      <dst id="11">1253.4489</dst>
      <dst id="9">574.8711</dst>
      <dst id="17">4550.5600</dst>
      <dst id="21">875.9378</dst>
      <dst id="15">58.7378</dst>
    </src>
    <src id="15">
      <dst id="12">934.3644</dst>
      <dst id="13">2217.2800</dst>
      <dst id="19">49.2267</dst>
      <dst id="8">62.4178</dst>
      <dst id="18">3.2178</dst>
      <dst id="4">2485.1111</dst>
      <dst id="1">567.3156</dst>
      <dst id="5">114.6400</dst>
      <dst id="3">16.0089</dst>
      <dst id="7">64.7911</dst>
      <dst id="2">109.9022</dst>
      <dst id="14">0.5156</dst>
      <dst id="11">638.8622</dst>
      <dst id="9">1176.7378</dst>
      <dst id="17">1305.6889</dst>
      <dst id="21">117.1467</dst>
    </src>
  </IntraTM>
</TrafficMatrixFile>
