<?xml version="1.0" encoding="UTF-8" standalone="yes"?>
<TrafficMatrixFile xmlns:xsi="http://www.w3.org/2001/XMLSchema-instance" xsi:noNamespaceSchemaLocation="http://totem.run.montefiore.ulg.ac.be/Schema/TrafficMatrix-v1_2.xsd">
  <info>
    <title>Intradomain traffic matrix generated by geant-TM-all.pl</title>
    <date>2005-01-05T16:15:00</date>
    <duration>900</duration>
    <author>Steve Uhlig</author>
    <units>
        <unit type="bandwidth" value="kbps"/>
    </units>
  </info>
  <IntraTM ASID="20965">
    <src id="12">
      <dst id="12">282644.7822</dst>
      <dst id="13">20497.0489</dst>
      <dst id="19">13487.8400</dst>
      <dst id="23">16552.3733</dst>
      <dst id="8">1499.9022</dst>
      <dst id="18">528.1600</dst>
      <dst id="4">77807.1022</dst>
      <dst id="1">19318.3467</dst>
      <dst id="5">3240.6044</dst>
      <dst id="3">8192.2578</dst>
      <dst id="22">9073.6978</dst>
      <dst id="7">4857.2533</dst>
      <dst id="2">63929.3867</dst>
      <dst id="6">8.4978</dst>
      <dst id="16">28330.7111</dst>
      <dst id="14">489.2889</dst>
      <dst id="20">11080.4889</dst>
      <dst id="11">6136.3467</dst>
      <dst id="9">11265.2622</dst>
      <dst id="17">82876.6844</dst>
      <dst id="21">4286.1156</dst>
      <dst id="15">663.1022</dst>
    </src>
    <src id="13">
      <dst id="12">46082.5244</dst>
      <dst id="19">6941.5911</dst>
      <dst id="23">33.1111</dst>
      <dst id="8">4154.4444</dst>
      <dst id="18">1744.5244</dst>
      <dst id="1">6428.9156</dst>
      <dst id="5">7979.0844</dst>
      <dst id="3">11106.3644</dst>
      <dst id="22">22999.6089</dst>
      <dst id="7">21286.4533</dst>
      <dst id="2">48532.8267</dst>
      <dst id="6">661.3333</dst>
      <dst id="16">5705.9556</dst>
      <dst id="14">3309.1200</dst>
      <dst id="20">22322.4444</dst>
      <dst id="11">19491.2889</dst>
      <dst id="9">15845.1200</dst>
      <dst id="17">46040.3022</dst>
      <dst id="21">12506.0711</dst>
      <dst id="15">6906.3644</dst>
    </src>
    <src id="19">
      <dst id="12">15479.0133</dst>
      <dst id="13">1162.7556</dst>
      <dst id="23">3.3067</dst>
      <dst id="8">22.6133</dst>
      <dst id="18">12.8622</dst>
      <dst id="4">17154.4711</dst>
      <dst id="1">2862.3644</dst>
      <dst id="5">16.5689</dst>
      <dst id="3">28.0889</dst>
      <dst id="22">867.8756</dst>
      <dst id="7">6381.0222</dst>
      <dst id="2">399.0133</dst>
      <dst id="6">1608.3911</dst>
      <dst id="16">8429.4044</dst>
      <dst id="14">2.3111</dst>
      <dst id="20">70.6667</dst>
      <dst id="11">116.2489</dst>
      <dst id="9">11117.1556</dst>
      <dst id="17">1895.6889</dst>
      <dst id="21">424.5067</dst>
      <dst id="15">3.8844</dst>
    </src>
    <src id="23">
      <dst id="12">540.1600</dst>
      <dst id="13">271.0222</dst>
      <dst id="19">1.0667</dst>
      <dst id="18">2.0978</dst>
      <dst id="4">20.7200</dst>
      <dst id="1">87.8933</dst>
      <dst id="3">668.7378</dst>
      <dst id="22">215.5378</dst>
      <dst id="7">281.9911</dst>
      <dst id="2">35.8578</dst>
      <dst id="6">182.8978</dst>
      <dst id="16">68.0000</dst>
      <dst id="20">13.3333</dst>
      <dst id="11">64.8444</dst>
      <dst id="9">1282.0622</dst>
      <dst id="17">419.9733</dst>
      <dst id="21">187.2267</dst>
    </src>
    <src id="8">
      <dst id="12">254405.0044</dst>
      <dst id="13">778.4978</dst>
      <dst id="19">257.9556</dst>
      <dst id="18">0.7822</dst>
      <dst id="4">4339.1289</dst>
      <dst id="1">693.7333</dst>
      <dst id="5">1006.6578</dst>
      <dst id="22">2822.9867</dst>
      <dst id="7">30.1956</dst>
      <dst id="2">97833.8578</dst>
      <dst id="6">0.3556</dst>
      <dst id="16">465.4311</dst>
      <dst id="14">1.7156</dst>
      <dst id="20">208.6400</dst>
      <dst id="11">2585.5644</dst>
      <dst id="9">711.9467</dst>
      <dst id="17">91819.5644</dst>
      <dst id="21">149.1822</dst>
      <dst id="15">295.3511</dst>
    </src>
    <src id="18">
      <dst id="12">97103.0222</dst>
      <dst id="13">34.2133</dst>
      <dst id="19">422.5067</dst>
      <dst id="8">0.7111</dst>
      <dst id="4">635.3778</dst>
      <dst id="1">1290.6400</dst>
      <dst id="5">80.5422</dst>
      <dst id="3">116.3556</dst>
      <dst id="22">21.9733</dst>
      <dst id="7">24.1156</dst>
      <dst id="2">28561.7689</dst>
      <dst id="16">28.2756</dst>
      <dst id="14">32.7822</dst>
      <dst id="20">29.3067</dst>
      <dst id="11">3337.8311</dst>
      <dst id="9">100.1067</dst>
      <dst id="17">31587.4667</dst>
      <dst id="21">55.5733</dst>
      <dst id="15">0.5511</dst>
    </src>
    <src id="4">
      <dst id="12">16381.9467</dst>
      <dst id="19">16144.0889</dst>
      <dst id="23">0.8889</dst>
      <dst id="8">1688.2311</dst>
      <dst id="18">440.3022</dst>
      <dst id="4">52.2044</dst>
      <dst id="1">58666.2667</dst>
      <dst id="5">2754.5156</dst>
      <dst id="3">110.4800</dst>
      <dst id="22">4878.2400</dst>
      <dst id="7">34780.0800</dst>
      <dst id="2">56318.4356</dst>
      <dst id="6">687.8133</dst>
      <dst id="16">3975.7956</dst>
      <dst id="14">2658.3911</dst>
      <dst id="20">1040.5511</dst>
      <dst id="11">4376.8622</dst>
      <dst id="9">4608.7111</dst>
      <dst id="17">25983.1111</dst>
      <dst id="21">6655.4489</dst>
      <dst id="15">3639.6089</dst>
    </src>
    <src id="1">
      <dst id="12">16229.8756</dst>
      <dst id="13">5175.5289</dst>
      <dst id="19">161.3600</dst>
      <dst id="23">27.5378</dst>
      <dst id="8">118252.1333</dst>
      <dst id="18">13361.5822</dst>
      <dst id="4">11282.6222</dst>
      <dst id="1">26246.7556</dst>
      <dst id="5">204250.7467</dst>
      <dst id="3">1894.0622</dst>
      <dst id="22">294.6400</dst>
      <dst id="7">8441.6800</dst>
      <dst id="2">9870.8267</dst>
      <dst id="6">18791.4400</dst>
      <dst id="16">16963.9022</dst>
      <dst id="14">229.7600</dst>
      <dst id="20">519.6889</dst>
      <dst id="11">3118.4800</dst>
      <dst id="9">292221.6978</dst>
      <dst id="17">7067.1733</dst>
      <dst id="21">50847.9200</dst>
      <dst id="15">381.6889</dst>
    </src>
    <src id="5">
      <dst id="12">283830.7644</dst>
      <dst id="13">857.2889</dst>
      <dst id="19">14.1600</dst>
      <dst id="23">1.5822</dst>
      <dst id="8">412.4444</dst>
      <dst id="18">324.5867</dst>
      <dst id="4">5745.6533</dst>
      <dst id="1">1401.5289</dst>
      <dst id="3">1.9378</dst>
      <dst id="22">5322.3378</dst>
      <dst id="7">526.5511</dst>
      <dst id="2">105116.7289</dst>
      <dst id="6">12.4267</dst>
      <dst id="16">904.0356</dst>
      <dst id="14">15.0578</dst>
      <dst id="20">2082.3289</dst>
      <dst id="11">630.2222</dst>
      <dst id="9">497.3689</dst>
      <dst id="17">102090.3822</dst>
      <dst id="21">254.1689</dst>
      <dst id="15">172.8711</dst>
    </src>
    <src id="3">
      <dst id="12">15890.7378</dst>
      <dst id="13">6688.4533</dst>
      <dst id="19">1383.2889</dst>
      <dst id="23">8025.1200</dst>
      <dst id="8">126.9422</dst>
      <dst id="18">40636.3644</dst>
      <dst id="4">20061.7778</dst>
      <dst id="1">25007.5289</dst>
      <dst id="5">249.3778</dst>
      <dst id="3">8105.4489</dst>
      <dst id="22">2643.0933</dst>
      <dst id="7">4051.7511</dst>
      <dst id="2">28382.7556</dst>
      <dst id="6">10.7822</dst>
      <dst id="16">8661.3511</dst>
      <dst id="14">42958.1867</dst>
      <dst id="20">85.8844</dst>
      <dst id="11">245366.5778</dst>
      <dst id="9">478.3289</dst>
      <dst id="17">23493.0756</dst>
      <dst id="21">16755.9911</dst>
      <dst id="15">685.2089</dst>
    </src>
    <src id="10">
      <dst id="12">17981.6178</dst>
      <dst id="19">1970.2578</dst>
      <dst id="8">4235.4933</dst>
      <dst id="18">463.9911</dst>
      <dst id="1">1186.1600</dst>
      <dst id="5">1712.6578</dst>
      <dst id="3">5931.7333</dst>
      <dst id="22">5564.8978</dst>
      <dst id="7">62955.6356</dst>
      <dst id="2">14734.2400</dst>
      <dst id="6">30.4889</dst>
      <dst id="16">3994.4711</dst>
      <dst id="14">3166.9778</dst>
      <dst id="20">3220.9511</dst>
      <dst id="11">13023.3689</dst>
      <dst id="9">2338.8356</dst>
      <dst id="17">16140.8622</dst>
      <dst id="21">16342.6933</dst>
      <dst id="15">1242.8533</dst>
    </src>
    <src id="22">
      <dst id="12">13568.9689</dst>
      <dst id="13">1415.2533</dst>
      <dst id="19">919.0311</dst>
      <dst id="23">17.5022</dst>
      <dst id="8">3922.6489</dst>
      <dst id="18">229.7244</dst>
      <dst id="4">20639.8133</dst>
      <dst id="1">528.6133</dst>
      <dst id="5">3895.3600</dst>
      <dst id="3">2426.6311</dst>
      <dst id="7">2294.2400</dst>
      <dst id="2">3901.8933</dst>
      <dst id="6">31.4933</dst>
      <dst id="16">0.4622</dst>
      <dst id="14">22.4800</dst>
      <dst id="11">3218.8533</dst>
      <dst id="9">1232.8000</dst>
      <dst id="17">3798.1422</dst>
      <dst id="21">763.9022</dst>
    </src>
    <src id="7">
      <dst id="12">3390.1511</dst>
      <dst id="13">333.1733</dst>
      <dst id="19">1027.1378</dst>
      <dst id="23">46.3111</dst>
      <dst id="8">58.3022</dst>
      <dst id="18">65.8756</dst>
      <dst id="4">69950.6933</dst>
      <dst id="1">3422.2933</dst>
      <dst id="5">775.3156</dst>
      <dst id="3">15438.7733</dst>
      <dst id="22">5226.4889</dst>
      <dst id="7">730.1689</dst>
      <dst id="2">3822.3378</dst>
      <dst id="6">154.9778</dst>
      <dst id="16">763.5733</dst>
      <dst id="14">157.5733</dst>
      <dst id="20">2029.7778</dst>
      <dst id="11">1051.1467</dst>
      <dst id="9">3338.0267</dst>
      <dst id="17">7638.0356</dst>
      <dst id="21">1000.2578</dst>
      <dst id="15">806.2044</dst>
    </src>
    <src id="2">
      <dst id="12">115967.2978</dst>
      <dst id="13">520418.2222</dst>
      <dst id="19">2139.1911</dst>
      <dst id="8">2232.5778</dst>
      <dst id="18">42429.3956</dst>
      <dst id="4">77018.5067</dst>
      <dst id="1">7294.4267</dst>
      <dst id="5">2561.8489</dst>
      <dst id="3">185.3867</dst>
      <dst id="22">8234.9867</dst>
      <dst id="7">9468.7822</dst>
      <dst id="2">1182.6222</dst>
      <dst id="6">11564.9600</dst>
      <dst id="16">2568.6933</dst>
      <dst id="14">5270.3822</dst>
      <dst id="20">2895.1822</dst>
      <dst id="11">5822.0533</dst>
      <dst id="9">1405.7956</dst>
      <dst id="17">23516.3022</dst>
      <dst id="21">3308.9956</dst>
      <dst id="15">211.8311</dst>
    </src>
    <src id="6">
      <dst id="12">9940.1956</dst>
      <dst id="13">35.1911</dst>
      <dst id="19">840.9689</dst>
      <dst id="23">5.3511</dst>
      <dst id="8">31.6800</dst>
      <dst id="4">1441.4756</dst>
      <dst id="1">32.6133</dst>
      <dst id="5">0.8178</dst>
      <dst id="3">9.1378</dst>
      <dst id="22">3.5200</dst>
      <dst id="7">93.3956</dst>
      <dst id="2">2667.2178</dst>
      <dst id="16">82.2133</dst>
      <dst id="20">11.4667</dst>
      <dst id="11">57.1111</dst>
      <dst id="9">29.0933</dst>
      <dst id="17">2025.2533</dst>
      <dst id="21">1.8756</dst>
    </src>
    <src id="16">
      <dst id="12">2850.9956</dst>
      <dst id="13">513.1200</dst>
      <dst id="19">4371.8667</dst>
      <dst id="23">5.2267</dst>
      <dst id="8">4783.7067</dst>
      <dst id="18">40.5156</dst>
      <dst id="4">4801.7067</dst>
      <dst id="1">27853.9644</dst>
      <dst id="5">7146.9600</dst>
      <dst id="3">1.7422</dst>
      <dst id="7">468.9067</dst>
      <dst id="2">290.6044</dst>
      <dst id="6">85.8667</dst>
      <dst id="16">24.4889</dst>
      <dst id="14">423.4667</dst>
      <dst id="11">643.6356</dst>
      <dst id="9">12524.2844</dst>
      <dst id="17">4798.3200</dst>
      <dst id="21">3772.4889</dst>
    </src>
    <src id="14">
      <dst id="12">20018.6933</dst>
      <dst id="13">61.7511</dst>
      <dst id="19">69.4756</dst>
      <dst id="18">1.0311</dst>
      <dst id="4">2524.3556</dst>
      <dst id="1">140.5867</dst>
      <dst id="5">15.4222</dst>
      <dst id="3">338.3644</dst>
      <dst id="22">66.4178</dst>
      <dst id="7">52.7556</dst>
      <dst id="2">7041.7156</dst>
      <dst id="6">1.2800</dst>
      <dst id="16">121.4222</dst>
      <dst id="20">21.9911</dst>
      <dst id="11">38.8533</dst>
      <dst id="9">15.9822</dst>
      <dst id="17">6921.4222</dst>
      <dst id="21">32.2844</dst>
      <dst id="15">3.8756</dst>
    </src>
    <src id="20">
      <dst id="12">3494.5333</dst>
      <dst id="13">6099.3867</dst>
      <dst id="19">91.8489</dst>
      <dst id="8">135.0044</dst>
      <dst id="18">1.8311</dst>
      <dst id="4">6950.5156</dst>
      <dst id="1">209.0756</dst>
      <dst id="5">1652.3289</dst>
      <dst id="3">924.7556</dst>
      <dst id="7">1947.9022</dst>
      <dst id="2">1242.1867</dst>
      <dst id="6">13.3333</dst>
      <dst id="14">2.4622</dst>
      <dst id="11">1273.6800</dst>
      <dst id="9">1037.5289</dst>
      <dst id="17">646.7289</dst>
      <dst id="21">446.2400</dst>
    </src>
    <src id="11">
      <dst id="12">381470.6667</dst>
      <dst id="13">2372.6667</dst>
      <dst id="19">325.9467</dst>
      <dst id="23">10.0178</dst>
      <dst id="8">1053.3956</dst>
      <dst id="18">218.0711</dst>
      <dst id="4">12842.1333</dst>
      <dst id="1">1181.1111</dst>
      <dst id="5">1098.1867</dst>
      <dst id="3">4613.9289</dst>
      <dst id="22">2873.7511</dst>
      <dst id="7">2870.8800</dst>
      <dst id="2">130745.2889</dst>
      <dst id="6">255.6889</dst>
      <dst id="16">806.1956</dst>
      <dst id="14">287.9644</dst>
      <dst id="20">206.1867</dst>
      <dst id="11">2127.2533</dst>
      <dst id="9">1168.4089</dst>
      <dst id="17">144033.3244</dst>
      <dst id="21">875.6000</dst>
      <dst id="15">249.6533</dst>
    </src>
    <src id="9">
      <dst id="12">419333.2089</dst>
      <dst id="13">1853.5822</dst>
      <dst id="19">169.6089</dst>
      <dst id="23">33.1911</dst>
      <dst id="8">371.9111</dst>
      <dst id="18">114.2133</dst>
      <dst id="4">15814.6133</dst>
      <dst id="1">1223.9022</dst>
      <dst id="5">4001.4756</dst>
      <dst id="3">73.5911</dst>
      <dst id="22">7831.4489</dst>
      <dst id="7">968.5867</dst>
      <dst id="2">142097.3244</dst>
      <dst id="6">4.0444</dst>
      <dst id="16">9893.0844</dst>
      <dst id="14">68.7644</dst>
      <dst id="20">2772.8089</dst>
      <dst id="11">7519.8578</dst>
      <dst id="9">9508.8000</dst>
      <dst id="17">143846.8711</dst>
      <dst id="21">226.5333</dst>
      <dst id="15">3322.6578</dst>
    </src>
    <src id="17">
      <dst id="12">11342.0356</dst>
      <dst id="13">2562.7556</dst>
      <dst id="19">651.7956</dst>
      <dst id="23">160.2578</dst>
      <dst id="8">115689.9289</dst>
      <dst id="18">28.7111</dst>
      <dst id="4">71063.1289</dst>
      <dst id="1">5854.3289</dst>
      <dst id="5">190882.9422</dst>
      <dst id="3">13013.0311</dst>
      <dst id="22">4354.2844</dst>
      <dst id="7">14679.7511</dst>
      <dst id="2">6239.8044</dst>
      <dst id="6">545.5022</dst>
      <dst id="16">4977.4400</dst>
      <dst id="14">32377.6711</dst>
      <dst id="20">634.6133</dst>
      <dst id="11">168714.8711</dst>
      <dst id="9">249195.0844</dst>
      <dst id="17">1406.6667</dst>
      <dst id="21">8344.1156</dst>
      <dst id="15">145.1822</dst>
    </src>
    <src id="21">
      <dst id="12">13419.1467</dst>
      <dst id="13">6137.7244</dst>
      <dst id="19">545.5200</dst>
      <dst id="23">3.1822</dst>
      <dst id="8">418.8711</dst>
      <dst id="18">441.6800</dst>
      <dst id="4">19478.5600</dst>
      <dst id="1">9360.1511</dst>
      <dst id="5">220.9867</dst>
      <dst id="3">5234.8356</dst>
      <dst id="22">3574.1511</dst>
      <dst id="7">7301.0578</dst>
      <dst id="2">25736.1422</dst>
      <dst id="6">0.4622</dst>
      <dst id="16">349.8578</dst>
      <dst id="14">148.5778</dst>
      <dst id="20">7152.7022</dst>
      <dst id="11">496.0089</dst>
      <dst id="9">801.6178</dst>
      <dst id="17">7035.4756</dst>
      <dst id="21">748.6844</dst>
      <dst id="15">1646.7467</dst>
    </src>
    <src id="15">
      <dst id="12">513.4311</dst>
      <dst id="13">181.8044</dst>
      <dst id="19">19.5467</dst>
      <dst id="23">1.6356</dst>
      <dst id="8">95.5467</dst>
      <dst id="18">42.1244</dst>
      <dst id="4">2376.7022</dst>
      <dst id="1">1257.1733</dst>
      <dst id="5">39.3067</dst>
      <dst id="3">20.0178</dst>
      <dst id="7">64.3289</dst>
      <dst id="2">126.3467</dst>
      <dst id="6">1.8044</dst>
      <dst id="14">0.8000</dst>
      <dst id="11">795.7956</dst>
      <dst id="9">828.0356</dst>
      <dst id="17">6646.6400</dst>
      <dst id="21">54.2667</dst>
    </src>
  </IntraTM>
</TrafficMatrixFile>
