<?xml version="1.0" encoding="UTF-8" standalone="yes"?>
<TrafficMatrixFile xmlns:xsi="http://www.w3.org/2001/XMLSchema-instance" xsi:noNamespaceSchemaLocation="http://totem.run.montefiore.ulg.ac.be/Schema/TrafficMatrix-v1_2.xsd">
  <info>
    <title>Intradomain traffic matrix generated by geant-TM-all.pl</title>
    <date>2005-01-06T01:15:00</date>
    <duration>900</duration>
    <author>Steve Uhlig</author>
    <units>
        <unit type="bandwidth" value="kbps"/>
    </units>
  </info>
  <IntraTM ASID="20965">
    <src id="12">
      <dst id="12">308028.5422</dst>
      <dst id="13">32485.0222</dst>
      <dst id="19">8609.0311</dst>
      <dst id="23">269.5556</dst>
      <dst id="8">3828.1333</dst>
      <dst id="18">5363.7156</dst>
      <dst id="4">103904.4889</dst>
      <dst id="1">16069.9556</dst>
      <dst id="5">5216.2844</dst>
      <dst id="3">8272.2133</dst>
      <dst id="22">11875.9822</dst>
      <dst id="7">13924.2044</dst>
      <dst id="2">108667.0667</dst>
      <dst id="6">159.5556</dst>
      <dst id="16">6568.3644</dst>
      <dst id="14">257.3778</dst>
      <dst id="20">18622.9067</dst>
      <dst id="11">11549.7067</dst>
      <dst id="9">12543.2356</dst>
      <dst id="17">115583.0756</dst>
      <dst id="21">16509.3422</dst>
      <dst id="15">8317.5200</dst>
    </src>
    <src id="13">
      <dst id="12">83146.7644</dst>
      <dst id="19">17250.3733</dst>
      <dst id="23">333.3956</dst>
      <dst id="8">3715.6089</dst>
      <dst id="18">12958.0889</dst>
      <dst id="1">8247.8311</dst>
      <dst id="5">7657.1733</dst>
      <dst id="3">26557.0933</dst>
      <dst id="22">35442.3556</dst>
      <dst id="7">44130.8622</dst>
      <dst id="2">117553.7600</dst>
      <dst id="6">150.4178</dst>
      <dst id="16">9985.7600</dst>
      <dst id="14">4839.4844</dst>
      <dst id="20">30266.6133</dst>
      <dst id="11">21556.8356</dst>
      <dst id="9">10940.4356</dst>
      <dst id="17">103302.3822</dst>
      <dst id="21">39576.0267</dst>
      <dst id="15">4620.8622</dst>
    </src>
    <src id="19">
      <dst id="12">30705.8667</dst>
      <dst id="13">3777.0222</dst>
      <dst id="23">217.4311</dst>
      <dst id="8">53.1822</dst>
      <dst id="18">1355.7600</dst>
      <dst id="4">19440.0533</dst>
      <dst id="1">2284.9333</dst>
      <dst id="5">128.6578</dst>
      <dst id="3">16.5956</dst>
      <dst id="22">1726.7733</dst>
      <dst id="7">8600.7733</dst>
      <dst id="2">2762.5067</dst>
      <dst id="6">885.8489</dst>
      <dst id="16">4898.3467</dst>
      <dst id="14">13.3333</dst>
      <dst id="20">185.6622</dst>
      <dst id="11">532.5511</dst>
      <dst id="9">726.0889</dst>
      <dst id="17">20988.4444</dst>
      <dst id="21">1663.5200</dst>
      <dst id="15">0.7111</dst>
    </src>
    <src id="23">
      <dst id="12">508.3733</dst>
      <dst id="13">2019.7689</dst>
      <dst id="19">43.2711</dst>
      <dst id="8">13.6889</dst>
      <dst id="18">58.6133</dst>
      <dst id="4">42.3467</dst>
      <dst id="1">106.2756</dst>
      <dst id="5">41.0667</dst>
      <dst id="3">677.5378</dst>
      <dst id="22">744.6044</dst>
      <dst id="7">1421.7956</dst>
      <dst id="2">1010.0444</dst>
      <dst id="6">2.3467</dst>
      <dst id="16">770.0444</dst>
      <dst id="14">13.7600</dst>
      <dst id="20">76.4178</dst>
      <dst id="11">93.8311</dst>
      <dst id="9">1642.2044</dst>
      <dst id="17">3188.0533</dst>
      <dst id="21">2214.7022</dst>
      <dst id="15">138.0622</dst>
    </src>
    <src id="8">
      <dst id="12">350936.2400</dst>
      <dst id="13">4500.4622</dst>
      <dst id="19">996.9333</dst>
      <dst id="18">1310.4622</dst>
      <dst id="4">5052.3556</dst>
      <dst id="1">1495.2000</dst>
      <dst id="5">11297.6533</dst>
      <dst id="3">0.5422</dst>
      <dst id="22">2011.2622</dst>
      <dst id="7">309.8311</dst>
      <dst id="2">136160.6222</dst>
      <dst id="6">0.5156</dst>
      <dst id="16">1906.5867</dst>
      <dst id="20">916.3556</dst>
      <dst id="11">545.8133</dst>
      <dst id="9">1126.8533</dst>
      <dst id="17">153835.5556</dst>
      <dst id="21">1137.7244</dst>
      <dst id="15">943.2444</dst>
    </src>
    <src id="18">
      <dst id="12">142503.9289</dst>
      <dst id="13">448.4889</dst>
      <dst id="19">395.5467</dst>
      <dst id="23">25.0844</dst>
      <dst id="8">537.0489</dst>
      <dst id="4">2615.3156</dst>
      <dst id="1">1408.8267</dst>
      <dst id="5">640.3378</dst>
      <dst id="3">338.4000</dst>
      <dst id="22">449.4489</dst>
      <dst id="7">213.8844</dst>
      <dst id="2">47267.5822</dst>
      <dst id="16">187.8667</dst>
      <dst id="14">4.8622</dst>
      <dst id="20">132.5511</dst>
      <dst id="11">1110.0178</dst>
      <dst id="9">163.6089</dst>
      <dst id="17">58714.5867</dst>
      <dst id="21">1307.4844</dst>
      <dst id="15">35.9644</dst>
    </src>
    <src id="4">
      <dst id="12">25758.9156</dst>
      <dst id="19">6286.7822</dst>
      <dst id="8">2650.3378</dst>
      <dst id="18">4341.6178</dst>
      <dst id="4">1.1822</dst>
      <dst id="1">134471.6178</dst>
      <dst id="5">5156.2133</dst>
      <dst id="3">963.3333</dst>
      <dst id="22">9546.7467</dst>
      <dst id="7">43426.9511</dst>
      <dst id="2">80312.2222</dst>
      <dst id="6">126.5156</dst>
      <dst id="16">3855.1822</dst>
      <dst id="14">2579.5733</dst>
      <dst id="20">2916.6222</dst>
      <dst id="11">4910.2756</dst>
      <dst id="9">6291.6711</dst>
      <dst id="17">25919.8578</dst>
      <dst id="21">15993.1111</dst>
      <dst id="15">1037.2178</dst>
    </src>
    <src id="1">
      <dst id="12">23614.6667</dst>
      <dst id="13">2575.2800</dst>
      <dst id="19">614.6756</dst>
      <dst id="23">358.5778</dst>
      <dst id="8">198180.8711</dst>
      <dst id="18">16878.8978</dst>
      <dst id="4">28146.1244</dst>
      <dst id="1">28906.4889</dst>
      <dst id="5">294164.6222</dst>
      <dst id="3">496.0444</dst>
      <dst id="22">6896.0444</dst>
      <dst id="7">33625.6622</dst>
      <dst id="2">7589.6444</dst>
      <dst id="6">12516.5422</dst>
      <dst id="16">8856.9867</dst>
      <dst id="14">740.2044</dst>
      <dst id="20">13747.4400</dst>
      <dst id="11">3899.0667</dst>
      <dst id="9">317492.8178</dst>
      <dst id="17">35799.2978</dst>
      <dst id="21">26889.4489</dst>
      <dst id="15">292.9511</dst>
    </src>
    <src id="5">
      <dst id="12">377072.5600</dst>
      <dst id="13">6215.6978</dst>
      <dst id="19">94.0622</dst>
      <dst id="23">27.2356</dst>
      <dst id="8">39924.9867</dst>
      <dst id="18">211.1556</dst>
      <dst id="4">9430.1156</dst>
      <dst id="1">3278.2933</dst>
      <dst id="3">662.3022</dst>
      <dst id="22">6385.1289</dst>
      <dst id="7">408.4711</dst>
      <dst id="2">174230.4444</dst>
      <dst id="6">24.8889</dst>
      <dst id="16">1948.0889</dst>
      <dst id="14">26.5956</dst>
      <dst id="20">8791.8400</dst>
      <dst id="11">4086.9778</dst>
      <dst id="9">1399.7244</dst>
      <dst id="17">162258.6844</dst>
      <dst id="21">1142.1156</dst>
      <dst id="15">417.5644</dst>
    </src>
    <src id="3">
      <dst id="12">15230.9600</dst>
      <dst id="13">5587.0489</dst>
      <dst id="19">1341.0844</dst>
      <dst id="23">6595.2800</dst>
      <dst id="8">248.9244</dst>
      <dst id="18">261007.8933</dst>
      <dst id="4">31573.5733</dst>
      <dst id="1">8161.1200</dst>
      <dst id="5">887.0133</dst>
      <dst id="3">18890.5244</dst>
      <dst id="22">1990.0533</dst>
      <dst id="7">31731.2978</dst>
      <dst id="2">13478.4622</dst>
      <dst id="6">9.9644</dst>
      <dst id="16">3624.1333</dst>
      <dst id="14">60618.7822</dst>
      <dst id="20">3672.8356</dst>
      <dst id="11">337746.9511</dst>
      <dst id="9">1454.9689</dst>
      <dst id="17">39459.6622</dst>
      <dst id="21">19564.7289</dst>
      <dst id="15">287.4933</dst>
    </src>
    <src id="10">
      <dst id="12">14696.2044</dst>
      <dst id="19">8055.9111</dst>
      <dst id="8">2494.2933</dst>
      <dst id="18">6628.5778</dst>
      <dst id="1">6093.1289</dst>
      <dst id="5">1730.1156</dst>
      <dst id="3">11621.6444</dst>
      <dst id="22">4435.3244</dst>
      <dst id="7">18607.2711</dst>
      <dst id="2">49087.9111</dst>
      <dst id="6">129.5644</dst>
      <dst id="16">5481.1022</dst>
      <dst id="14">2984.4356</dst>
      <dst id="20">4937.2889</dst>
      <dst id="11">3118.2222</dst>
      <dst id="9">3913.9467</dst>
      <dst id="17">37288.4800</dst>
      <dst id="21">27262.3022</dst>
      <dst id="15">683.0933</dst>
    </src>
    <src id="22">
      <dst id="12">12824.5156</dst>
      <dst id="13">5790.2933</dst>
      <dst id="19">281.1467</dst>
      <dst id="23">596.1156</dst>
      <dst id="8">2821.8133</dst>
      <dst id="18">1517.3867</dst>
      <dst id="4">18710.2311</dst>
      <dst id="1">3170.5867</dst>
      <dst id="5">3890.4444</dst>
      <dst id="3">3939.9644</dst>
      <dst id="7">2943.9378</dst>
      <dst id="2">15596.0533</dst>
      <dst id="6">24.9600</dst>
      <dst id="16">1.2622</dst>
      <dst id="14">144.8089</dst>
      <dst id="11">4621.7244</dst>
      <dst id="9">3908.5867</dst>
      <dst id="17">8804.4267</dst>
      <dst id="21">3413.6978</dst>
    </src>
    <src id="7">
      <dst id="12">5748.4444</dst>
      <dst id="13">5918.1956</dst>
      <dst id="19">1592.4800</dst>
      <dst id="23">354.5689</dst>
      <dst id="8">347.7600</dst>
      <dst id="18">960.5689</dst>
      <dst id="4">129939.3867</dst>
      <dst id="1">18282.3111</dst>
      <dst id="5">2416.4711</dst>
      <dst id="3">5129.7689</dst>
      <dst id="22">5976.4622</dst>
      <dst id="7">863.6444</dst>
      <dst id="2">14237.2711</dst>
      <dst id="6">251.0400</dst>
      <dst id="16">3945.9911</dst>
      <dst id="14">1000.4089</dst>
      <dst id="20">4344.9689</dst>
      <dst id="11">1746.5333</dst>
      <dst id="9">1754.8356</dst>
      <dst id="17">22908.4800</dst>
      <dst id="21">16503.0489</dst>
      <dst id="15">968.8622</dst>
    </src>
    <src id="2">
      <dst id="12">146265.8489</dst>
      <dst id="13">537069.2622</dst>
      <dst id="19">1868.9244</dst>
      <dst id="23">95.9911</dst>
      <dst id="8">2060.7733</dst>
      <dst id="18">175069.1467</dst>
      <dst id="4">111723.2978</dst>
      <dst id="1">18020.9867</dst>
      <dst id="5">1628.5689</dst>
      <dst id="3">3304.5956</dst>
      <dst id="10">135.6089</dst>
      <dst id="22">3533.4489</dst>
      <dst id="7">17874.1333</dst>
      <dst id="2">1127.5111</dst>
      <dst id="6">10182.3556</dst>
      <dst id="16">4234.1156</dst>
      <dst id="14">3768.4978</dst>
      <dst id="20">1567.8311</dst>
      <dst id="11">6865.4844</dst>
      <dst id="9">2838.6756</dst>
      <dst id="17">35277.4311</dst>
      <dst id="21">20243.3067</dst>
      <dst id="15">915.3689</dst>
    </src>
    <src id="6">
      <dst id="12">11583.0578</dst>
      <dst id="13">33.7689</dst>
      <dst id="19">30.3822</dst>
      <dst id="23">26.0622</dst>
      <dst id="18">58.9511</dst>
      <dst id="4">150.4622</dst>
      <dst id="1">136.6933</dst>
      <dst id="5">0.4622</dst>
      <dst id="3">37.9200</dst>
      <dst id="22">6.4089</dst>
      <dst id="7">127.9467</dst>
      <dst id="2">3457.4133</dst>
      <dst id="16">52.1333</dst>
      <dst id="14">1.4222</dst>
      <dst id="20">33.5644</dst>
      <dst id="11">106.1600</dst>
      <dst id="9">37.4311</dst>
      <dst id="17">2400.9422</dst>
      <dst id="21">89.6533</dst>
    </src>
    <src id="16">
      <dst id="12">3594.8267</dst>
      <dst id="13">1831.9200</dst>
      <dst id="19">3976.8000</dst>
      <dst id="23">289.2178</dst>
      <dst id="8">8375.2178</dst>
      <dst id="18">243.9644</dst>
      <dst id="4">7300.9956</dst>
      <dst id="1">15367.2800</dst>
      <dst id="5">6945.4489</dst>
      <dst id="3">2486.7200</dst>
      <dst id="7">5800.3822</dst>
      <dst id="2">2858.0978</dst>
      <dst id="6">52.6578</dst>
      <dst id="16">51.4844</dst>
      <dst id="14">360.7822</dst>
      <dst id="11">466.3467</dst>
      <dst id="9">12220.8622</dst>
      <dst id="17">8582.3556</dst>
      <dst id="21">4316.3289</dst>
    </src>
    <src id="14">
      <dst id="12">21086.1422</dst>
      <dst id="13">124.5689</dst>
      <dst id="19">31.1111</dst>
      <dst id="18">52.8533</dst>
      <dst id="4">3766.8711</dst>
      <dst id="1">147.0667</dst>
      <dst id="5">0.7111</dst>
      <dst id="3">139.0667</dst>
      <dst id="22">57.2178</dst>
      <dst id="7">260.1333</dst>
      <dst id="2">7273.6444</dst>
      <dst id="6">212.2311</dst>
      <dst id="16">10.6756</dst>
      <dst id="20">13.3778</dst>
      <dst id="11">56.3022</dst>
      <dst id="9">246.1333</dst>
      <dst id="17">7779.5822</dst>
      <dst id="21">73.0844</dst>
    </src>
    <src id="20">
      <dst id="12">4133.6711</dst>
      <dst id="13">4449.6622</dst>
      <dst id="19">14765.5556</dst>
      <dst id="23">15.3156</dst>
      <dst id="8">903.3600</dst>
      <dst id="18">618.1956</dst>
      <dst id="4">9064.1689</dst>
      <dst id="1">5581.6444</dst>
      <dst id="5">2684.3911</dst>
      <dst id="3">1719.3422</dst>
      <dst id="7">2157.8044</dst>
      <dst id="2">3554.2489</dst>
      <dst id="6">5.6711</dst>
      <dst id="14">25.9556</dst>
      <dst id="11">2323.7778</dst>
      <dst id="9">3862.1333</dst>
      <dst id="17">12093.9022</dst>
      <dst id="21">7709.7600</dst>
    </src>
    <src id="11">
      <dst id="12">482413.7600</dst>
      <dst id="13">3925.8578</dst>
      <dst id="19">512.9422</dst>
      <dst id="23">15.9289</dst>
      <dst id="8">1183.3156</dst>
      <dst id="18">1133.4667</dst>
      <dst id="4">10516.3644</dst>
      <dst id="1">1676.7289</dst>
      <dst id="5">2139.3778</dst>
      <dst id="3">2325.3156</dst>
      <dst id="22">5479.2711</dst>
      <dst id="7">1888.2489</dst>
      <dst id="2">200750.7644</dst>
      <dst id="6">609.7778</dst>
      <dst id="16">525.3156</dst>
      <dst id="14">793.9111</dst>
      <dst id="20">9174.2133</dst>
      <dst id="11">5833.5644</dst>
      <dst id="9">2733.4844</dst>
      <dst id="17">198454.3378</dst>
      <dst id="21">1483.6711</dst>
      <dst id="15">2923.2622</dst>
    </src>
    <src id="9">
      <dst id="12">496257.9822</dst>
      <dst id="13">9456.6756</dst>
      <dst id="19">142.2667</dst>
      <dst id="23">532.0444</dst>
      <dst id="8">1138.3911</dst>
      <dst id="18">832.3200</dst>
      <dst id="4">13368.8711</dst>
      <dst id="1">12016.8711</dst>
      <dst id="5">2158.9956</dst>
      <dst id="3">54.1956</dst>
      <dst id="22">3586.3911</dst>
      <dst id="7">1563.2356</dst>
      <dst id="2">212628.7556</dst>
      <dst id="6">11.5200</dst>
      <dst id="16">1526.7022</dst>
      <dst id="14">27.5022</dst>
      <dst id="20">1512.8267</dst>
      <dst id="11">764.5244</dst>
      <dst id="9">4936.9156</dst>
      <dst id="17">222437.2267</dst>
      <dst id="21">2881.5022</dst>
      <dst id="15">1492.3200</dst>
    </src>
    <src id="17">
      <dst id="12">15766.2933</dst>
      <dst id="13">11887.5822</dst>
      <dst id="19">1107.3244</dst>
      <dst id="23">731.9378</dst>
      <dst id="8">231077.1289</dst>
      <dst id="18">3851.0578</dst>
      <dst id="4">120834.7822</dst>
      <dst id="1">16423.4756</dst>
      <dst id="5">283727.9200</dst>
      <dst id="3">39679.8756</dst>
      <dst id="22">14047.7956</dst>
      <dst id="7">10055.8400</dst>
      <dst id="2">28051.9200</dst>
      <dst id="6">321.1467</dst>
      <dst id="16">22103.2978</dst>
      <dst id="14">45324.2489</dst>
      <dst id="20">3082.5867</dst>
      <dst id="11">243455.8844</dst>
      <dst id="9">324330.3200</dst>
      <dst id="17">2179.2267</dst>
      <dst id="21">26347.8311</dst>
      <dst id="15">116.0533</dst>
    </src>
    <src id="21">
      <dst id="12">31220.5511</dst>
      <dst id="13">11204.7378</dst>
      <dst id="19">706.6222</dst>
      <dst id="23">106.6044</dst>
      <dst id="8">123.7244</dst>
      <dst id="18">2687.9467</dst>
      <dst id="4">34868.7111</dst>
      <dst id="1">11471.9556</dst>
      <dst id="5">1314.9244</dst>
      <dst id="3">23726.6756</dst>
      <dst id="10">28.3467</dst>
      <dst id="22">3003.3689</dst>
      <dst id="7">4619.9378</dst>
      <dst id="2">22497.9644</dst>
      <dst id="6">28.2222</dst>
      <dst id="16">1162.0978</dst>
      <dst id="14">87.3067</dst>
      <dst id="20">559.9644</dst>
      <dst id="11">3699.6089</dst>
      <dst id="9">1432.8356</dst>
      <dst id="17">12053.9733</dst>
      <dst id="21">6384.2311</dst>
      <dst id="15">1216.8533</dst>
    </src>
    <src id="15">
      <dst id="12">7693.2267</dst>
      <dst id="13">271.8844</dst>
      <dst id="19">27.1289</dst>
      <dst id="23">329.1022</dst>
      <dst id="8">601.5733</dst>
      <dst id="18">131.0222</dst>
      <dst id="4">2375.2000</dst>
      <dst id="1">1436.0178</dst>
      <dst id="5">448.8800</dst>
      <dst id="3">1.3689</dst>
      <dst id="7">635.5911</dst>
      <dst id="2">500.0533</dst>
      <dst id="6">5.4667</dst>
      <dst id="14">3.4133</dst>
      <dst id="11">273.8667</dst>
      <dst id="9">1154.1511</dst>
      <dst id="17">999.3867</dst>
      <dst id="21">2628.5422</dst>
    </src>
  </IntraTM>
</TrafficMatrixFile>
