<?xml version="1.0" encoding="UTF-8" standalone="yes"?>
<TrafficMatrixFile xmlns:xsi="http://www.w3.org/2001/XMLSchema-instance" xsi:noNamespaceSchemaLocation="http://totem.run.montefiore.ulg.ac.be/Schema/TrafficMatrix-v1_2.xsd">
  <info>
    <title>Intradomain traffic matrix generated by geant-TM-all.pl</title>
    <date>2005-01-04T12:15:00</date>
    <duration>900</duration>
    <author>Steve Uhlig</author>
    <units>
        <unit type="bandwidth" value="kbps"/>
    </units>
  </info>
  <IntraTM ASID="20965">
    <src id="12">
      <dst id="12">182976.6667</dst>
      <dst id="13">13490.2400</dst>
      <dst id="19">1094.5067</dst>
      <dst id="23">7.5467</dst>
      <dst id="8">2424.0800</dst>
      <dst id="18">184.5511</dst>
      <dst id="4">62467.3511</dst>
      <dst id="1">7682.4889</dst>
      <dst id="5">1454.1600</dst>
      <dst id="3">7375.2711</dst>
      <dst id="22">11130.7556</dst>
      <dst id="7">4744.2844</dst>
      <dst id="2">72963.0489</dst>
      <dst id="16">4009.3511</dst>
      <dst id="14">221.2356</dst>
      <dst id="20">4153.9467</dst>
      <dst id="11">3888.3822</dst>
      <dst id="9">3923.8222</dst>
      <dst id="17">70793.2622</dst>
      <dst id="21">2234.6400</dst>
      <dst id="15">5132.5600</dst>
    </src>
    <src id="13">
      <dst id="12">31921.2711</dst>
      <dst id="19">12094.1067</dst>
      <dst id="23">9.2356</dst>
      <dst id="8">1406.7467</dst>
      <dst id="18">936.7378</dst>
      <dst id="1">3644.7556</dst>
      <dst id="5">7271.1022</dst>
      <dst id="3">4689.2622</dst>
      <dst id="22">14797.9911</dst>
      <dst id="7">6627.2711</dst>
      <dst id="2">81993.1467</dst>
      <dst id="6">125.6889</dst>
      <dst id="16">10443.2000</dst>
      <dst id="14">3914.1333</dst>
      <dst id="20">12130.5511</dst>
      <dst id="11">5696.8267</dst>
      <dst id="9">7780.5244</dst>
      <dst id="17">37056.8444</dst>
      <dst id="21">10034.9689</dst>
      <dst id="15">398.1956</dst>
    </src>
    <src id="19">
      <dst id="12">8781.2889</dst>
      <dst id="13">148.8089</dst>
      <dst id="23">1.1378</dst>
      <dst id="8">0.8356</dst>
      <dst id="4">24586.1867</dst>
      <dst id="1">792.0178</dst>
      <dst id="5">35.5200</dst>
      <dst id="3">3.0133</dst>
      <dst id="22">119.1556</dst>
      <dst id="7">2733.2356</dst>
      <dst id="2">34.7289</dst>
      <dst id="6">13.3333</dst>
      <dst id="16">8232.7289</dst>
      <dst id="14">2.7733</dst>
      <dst id="20">0.9956</dst>
      <dst id="11">25.3867</dst>
      <dst id="9">0.6933</dst>
      <dst id="17">110.5067</dst>
      <dst id="21">529.3689</dst>
    </src>
    <src id="23">
      <dst id="12">172.6667</dst>
      <dst id="13">32.0000</dst>
      <dst id="19">0.4711</dst>
      <dst id="4">32.2667</dst>
      <dst id="1">137.5378</dst>
      <dst id="3">233.0489</dst>
      <dst id="22">1937.6000</dst>
      <dst id="7">92.3822</dst>
      <dst id="2">18.3644</dst>
      <dst id="6">0.3378</dst>
      <dst id="16">42.4889</dst>
      <dst id="11">13.3333</dst>
      <dst id="9">530.5422</dst>
      <dst id="17">68.1956</dst>
      <dst id="21">47.4667</dst>
      <dst id="15">0.4622</dst>
    </src>
    <src id="8">
      <dst id="12">246100.0178</dst>
      <dst id="13">754.5778</dst>
      <dst id="19">0.4711</dst>
      <dst id="18">48.7822</dst>
      <dst id="4">4145.5289</dst>
      <dst id="1">36.2667</dst>
      <dst id="5">330.5156</dst>
      <dst id="3">25.6444</dst>
      <dst id="22">781.7867</dst>
      <dst id="7">1238.8711</dst>
      <dst id="2">97369.7867</dst>
      <dst id="6">0.3556</dst>
      <dst id="16">98.7111</dst>
      <dst id="20">17.7600</dst>
      <dst id="11">151.0044</dst>
      <dst id="9">553.5911</dst>
      <dst id="17">92500.3111</dst>
      <dst id="21">288.6489</dst>
    </src>
    <src id="18">
      <dst id="12">89366.4978</dst>
      <dst id="13">120.9600</dst>
      <dst id="23">1.0489</dst>
      <dst id="8">11.2267</dst>
      <dst id="4">1815.7333</dst>
      <dst id="1">1168.6489</dst>
      <dst id="5">196.8622</dst>
      <dst id="3">20.1067</dst>
      <dst id="22">280.7022</dst>
      <dst id="7">69.4311</dst>
      <dst id="2">24465.5733</dst>
      <dst id="16">16.4089</dst>
      <dst id="20">5.6000</dst>
      <dst id="11">73.1200</dst>
      <dst id="9">316.7289</dst>
      <dst id="17">31853.4133</dst>
      <dst id="21">92.0889</dst>
      <dst id="15">0.3556</dst>
    </src>
    <src id="4">
      <dst id="12">8311.2622</dst>
      <dst id="19">15532.3467</dst>
      <dst id="8">2563.1556</dst>
      <dst id="18">1678.3822</dst>
      <dst id="1">115201.2178</dst>
      <dst id="5">1257.6444</dst>
      <dst id="3">356.0444</dst>
      <dst id="22">2331.5378</dst>
      <dst id="7">135277.8222</dst>
      <dst id="2">48616.6044</dst>
      <dst id="6">169.5467</dst>
      <dst id="16">759.6711</dst>
      <dst id="14">947.3156</dst>
      <dst id="20">113.4844</dst>
      <dst id="11">2139.8756</dst>
      <dst id="9">2070.0800</dst>
      <dst id="17">11322.1333</dst>
      <dst id="21">2395.7956</dst>
      <dst id="15">208.5778</dst>
    </src>
    <src id="1">
      <dst id="12">11510.4800</dst>
      <dst id="13">392.6933</dst>
      <dst id="19">133.6978</dst>
      <dst id="23">4368.2578</dst>
      <dst id="8">59607.2889</dst>
      <dst id="18">12038.9778</dst>
      <dst id="4">8616.9067</dst>
      <dst id="1">4085.1822</dst>
      <dst id="5">112503.3333</dst>
      <dst id="3">156.5511</dst>
      <dst id="22">1253.2356</dst>
      <dst id="7">1284.5867</dst>
      <dst id="2">5124.7822</dst>
      <dst id="6">4486.2400</dst>
      <dst id="16">12877.2800</dst>
      <dst id="14">53.2356</dst>
      <dst id="20">68.8178</dst>
      <dst id="11">311.2267</dst>
      <dst id="9">114216.0622</dst>
      <dst id="17">3685.3511</dst>
      <dst id="21">2065.5822</dst>
      <dst id="15">123.9733</dst>
    </src>
    <src id="5">
      <dst id="12">220362.1156</dst>
      <dst id="13">24499.7600</dst>
      <dst id="19">1.0667</dst>
      <dst id="23">1.4133</dst>
      <dst id="8">129.8933</dst>
      <dst id="18">455.2800</dst>
      <dst id="4">5091.7333</dst>
      <dst id="1">266.3289</dst>
      <dst id="3">21.8044</dst>
      <dst id="22">2229.6889</dst>
      <dst id="7">160.0622</dst>
      <dst id="2">86896.0089</dst>
      <dst id="16">137.3156</dst>
      <dst id="14">0.8178</dst>
      <dst id="20">226.4978</dst>
      <dst id="11">1004.5333</dst>
      <dst id="9">7156.8000</dst>
      <dst id="17">76289.7600</dst>
      <dst id="21">331.1022</dst>
      <dst id="15">73.7333</dst>
    </src>
    <src id="3">
      <dst id="12">5674.1689</dst>
      <dst id="13">235.3867</dst>
      <dst id="19">584.9067</dst>
      <dst id="23">8415.2711</dst>
      <dst id="8">2.8089</dst>
      <dst id="18">45191.6178</dst>
      <dst id="4">15235.4133</dst>
      <dst id="1">4204.2222</dst>
      <dst id="5">408.9778</dst>
      <dst id="3">7494.7467</dst>
      <dst id="22">970.2133</dst>
      <dst id="7">1344.0267</dst>
      <dst id="2">7806.5156</dst>
      <dst id="6">1.8844</dst>
      <dst id="16">547.5556</dst>
      <dst id="14">11808.5156</dst>
      <dst id="20">6.0889</dst>
      <dst id="11">81141.8311</dst>
      <dst id="9">81.6622</dst>
      <dst id="17">10784.7644</dst>
      <dst id="21">4410.3200</dst>
      <dst id="15">42.2844</dst>
    </src>
    <src id="10">
      <dst id="12">10053.4311</dst>
      <dst id="19">4516.3556</dst>
      <dst id="23">0.3911</dst>
      <dst id="8">551.6533</dst>
      <dst id="18">647.5378</dst>
      <dst id="1">2855.7422</dst>
      <dst id="5">307.2800</dst>
      <dst id="3">3488.3733</dst>
      <dst id="22">6797.1467</dst>
      <dst id="7">97103.5022</dst>
      <dst id="2">22469.4756</dst>
      <dst id="6">0.3733</dst>
      <dst id="16">532.2222</dst>
      <dst id="14">641.1200</dst>
      <dst id="20">6694.8089</dst>
      <dst id="11">1705.4400</dst>
      <dst id="9">4386.4978</dst>
      <dst id="17">17960.9956</dst>
      <dst id="21">6576.0978</dst>
      <dst id="15">75.5644</dst>
    </src>
    <src id="22">
      <dst id="12">2764.8711</dst>
      <dst id="13">3607.2356</dst>
      <dst id="19">14.5600</dst>
      <dst id="23">56.1778</dst>
      <dst id="8">726.0889</dst>
      <dst id="18">223.0044</dst>
      <dst id="4">11867.5733</dst>
      <dst id="1">222.1956</dst>
      <dst id="5">3793.8667</dst>
      <dst id="3">297.0667</dst>
      <dst id="7">144.9067</dst>
      <dst id="2">1769.1822</dst>
      <dst id="6">15.4133</dst>
      <dst id="16">5.4400</dst>
      <dst id="14">3.7511</dst>
      <dst id="11">1686.8267</dst>
      <dst id="9">2506.5600</dst>
      <dst id="17">1821.0667</dst>
      <dst id="21">621.4400</dst>
    </src>
    <src id="7">
      <dst id="12">2934.1689</dst>
      <dst id="13">195.4756</dst>
      <dst id="19">49.1378</dst>
      <dst id="23">70.1956</dst>
      <dst id="8">592.5156</dst>
      <dst id="18">32.5600</dst>
      <dst id="4">15809.8222</dst>
      <dst id="1">1132.4267</dst>
      <dst id="5">1036.9511</dst>
      <dst id="3">417.7422</dst>
      <dst id="22">3399.1556</dst>
      <dst id="7">915.9822</dst>
      <dst id="2">24309.2356</dst>
      <dst id="6">2.3467</dst>
      <dst id="16">904.0533</dst>
      <dst id="14">39.5822</dst>
      <dst id="20">321.3956</dst>
      <dst id="11">437.6800</dst>
      <dst id="9">1104.0978</dst>
      <dst id="17">5109.7422</dst>
      <dst id="21">885.1911</dst>
      <dst id="15">174.6756</dst>
    </src>
    <src id="2">
      <dst id="12">43951.9733</dst>
      <dst id="13">509643.4578</dst>
      <dst id="19">327.9467</dst>
      <dst id="8">112.4178</dst>
      <dst id="18">41623.4578</dst>
      <dst id="4">87897.6533</dst>
      <dst id="1">3590.1600</dst>
      <dst id="5">2723.0311</dst>
      <dst id="3">52.0533</dst>
      <dst id="22">1112.2844</dst>
      <dst id="7">4189.8667</dst>
      <dst id="2">526.8178</dst>
      <dst id="6">6080.6044</dst>
      <dst id="16">4772.5511</dst>
      <dst id="14">5572.9778</dst>
      <dst id="20">410.1778</dst>
      <dst id="11">6137.7156</dst>
      <dst id="9">4392.7733</dst>
      <dst id="17">47241.3956</dst>
      <dst id="21">737.5733</dst>
      <dst id="15">208.9244</dst>
    </src>
    <src id="6">
      <dst id="12">8374.2222</dst>
      <dst id="13">77.3156</dst>
      <dst id="19">2.4444</dst>
      <dst id="18">0.3378</dst>
      <dst id="4">1118.5689</dst>
      <dst id="1">0.8356</dst>
      <dst id="22">4.7911</dst>
      <dst id="7">1.4044</dst>
      <dst id="2">2029.8400</dst>
      <dst id="16">29.0578</dst>
      <dst id="20">25.9556</dst>
      <dst id="17">1148.4889</dst>
      <dst id="15">0.3378</dst>
    </src>
    <src id="16">
      <dst id="12">2476.5956</dst>
      <dst id="13">97.5556</dst>
      <dst id="19">4440.0800</dst>
      <dst id="23">0.9244</dst>
      <dst id="8">1019.5111</dst>
      <dst id="18">27.7867</dst>
      <dst id="4">6865.5022</dst>
      <dst id="1">21763.0133</dst>
      <dst id="5">771.6711</dst>
      <dst id="7">781.5200</dst>
      <dst id="2">319.1378</dst>
      <dst id="6">1.7600</dst>
      <dst id="16">17.6622</dst>
      <dst id="14">25.3156</dst>
      <dst id="11">90.0889</dst>
      <dst id="9">3165.3511</dst>
      <dst id="17">1441.8578</dst>
      <dst id="21">1288.8178</dst>
    </src>
    <src id="14">
      <dst id="12">17958.0711</dst>
      <dst id="13">34.1778</dst>
      <dst id="19">7.4667</dst>
      <dst id="8">3.8578</dst>
      <dst id="18">0.4622</dst>
      <dst id="4">2701.4222</dst>
      <dst id="1">80.0089</dst>
      <dst id="5">0.9156</dst>
      <dst id="3">23.6800</dst>
      <dst id="22">38.6400</dst>
      <dst id="7">48.0889</dst>
      <dst id="2">4019.2978</dst>
      <dst id="16">2.3378</dst>
      <dst id="20">0.3556</dst>
      <dst id="11">27.9111</dst>
      <dst id="17">3567.7689</dst>
      <dst id="21">52.6222</dst>
    </src>
    <src id="20">
      <dst id="12">588.3200</dst>
      <dst id="13">259.7956</dst>
      <dst id="19">3.5733</dst>
      <dst id="23">2.3911</dst>
      <dst id="8">98.6400</dst>
      <dst id="18">119.3422</dst>
      <dst id="4">7566.8889</dst>
      <dst id="1">70.6578</dst>
      <dst id="5">278.0622</dst>
      <dst id="3">5.6000</dst>
      <dst id="7">9867.4489</dst>
      <dst id="2">1643.0756</dst>
      <dst id="6">37.0844</dst>
      <dst id="11">815.2444</dst>
      <dst id="9">394.4533</dst>
      <dst id="17">570.8622</dst>
      <dst id="21">592.3644</dst>
    </src>
    <src id="11">
      <dst id="12">361315.1022</dst>
      <dst id="13">2017.1289</dst>
      <dst id="19">19.2267</dst>
      <dst id="23">2.9956</dst>
      <dst id="8">278.5422</dst>
      <dst id="18">139.0133</dst>
      <dst id="4">9957.9200</dst>
      <dst id="1">5266.2489</dst>
      <dst id="5">764.4978</dst>
      <dst id="3">231.9289</dst>
      <dst id="22">1941.6711</dst>
      <dst id="7">299.1289</dst>
      <dst id="2">125917.9289</dst>
      <dst id="16">1419.6000</dst>
      <dst id="14">92.6667</dst>
      <dst id="20">203.1289</dst>
      <dst id="11">1867.4222</dst>
      <dst id="9">993.5111</dst>
      <dst id="17">139932.3378</dst>
      <dst id="21">217.1556</dst>
      <dst id="15">74.6667</dst>
    </src>
    <src id="9">
      <dst id="12">358633.9289</dst>
      <dst id="13">5230.9067</dst>
      <dst id="19">3.0133</dst>
      <dst id="23">15.6978</dst>
      <dst id="8">327.4222</dst>
      <dst id="18">103.0400</dst>
      <dst id="4">6810.8978</dst>
      <dst id="1">1110.1511</dst>
      <dst id="5">1127.7778</dst>
      <dst id="3">14.6844</dst>
      <dst id="22">3827.6800</dst>
      <dst id="7">337.2711</dst>
      <dst id="2">117948.3556</dst>
      <dst id="16">689.6267</dst>
      <dst id="14">1.2533</dst>
      <dst id="20">568.3378</dst>
      <dst id="11">308.9956</dst>
      <dst id="9">291.5733</dst>
      <dst id="17">144785.5022</dst>
      <dst id="21">115.0400</dst>
      <dst id="15">724.9689</dst>
    </src>
    <src id="17">
      <dst id="12">6726.1778</dst>
      <dst id="13">19227.0756</dst>
      <dst id="19">288.7733</dst>
      <dst id="23">83.1733</dst>
      <dst id="8">81374.5511</dst>
      <dst id="18">103.2000</dst>
      <dst id="4">80259.6622</dst>
      <dst id="1">618.0978</dst>
      <dst id="5">111782.7556</dst>
      <dst id="3">4078.2044</dst>
      <dst id="22">2470.7733</dst>
      <dst id="7">1105.0222</dst>
      <dst id="2">7494.9600</dst>
      <dst id="6">131.7244</dst>
      <dst id="16">11311.5467</dst>
      <dst id="14">9041.4311</dst>
      <dst id="20">10012.2133</dst>
      <dst id="11">64588.9422</dst>
      <dst id="9">106756.6400</dst>
      <dst id="17">1836.5067</dst>
      <dst id="21">4760.0089</dst>
      <dst id="15">55.9200</dst>
    </src>
    <src id="21">
      <dst id="12">13492.0800</dst>
      <dst id="13">205.7333</dst>
      <dst id="19">594.7200</dst>
      <dst id="23">15.7422</dst>
      <dst id="8">71.8133</dst>
      <dst id="18">461.3511</dst>
      <dst id="4">9567.8311</dst>
      <dst id="1">1621.9289</dst>
      <dst id="5">216.5956</dst>
      <dst id="3">3818.7111</dst>
      <dst id="22">1095.4400</dst>
      <dst id="7">1377.8933</dst>
      <dst id="2">7831.5289</dst>
      <dst id="6">4.0711</dst>
      <dst id="16">168.0978</dst>
      <dst id="14">92.6844</dst>
      <dst id="20">320.5244</dst>
      <dst id="11">2221.0400</dst>
      <dst id="9">226.4178</dst>
      <dst id="17">3508.7200</dst>
      <dst id="21">947.4044</dst>
      <dst id="15">23.5111</dst>
    </src>
    <src id="15">
      <dst id="12">974.5600</dst>
      <dst id="13">155.4667</dst>
      <dst id="19">0.8533</dst>
      <dst id="8">0.5333</dst>
      <dst id="4">1507.1467</dst>
      <dst id="1">541.7956</dst>
      <dst id="5">202.7644</dst>
      <dst id="3">15.0756</dst>
      <dst id="7">4.2489</dst>
      <dst id="2">23.2178</dst>
      <dst id="11">244.6489</dst>
      <dst id="9">78.4622</dst>
      <dst id="17">979.9022</dst>
      <dst id="21">41.4667</dst>
    </src>
  </IntraTM>
</TrafficMatrixFile>
