<?xml version="1.0" encoding="UTF-8" standalone="yes"?>
<TrafficMatrixFile xmlns:xsi="http://www.w3.org/2001/XMLSchema-instance" xsi:noNamespaceSchemaLocation="http://totem.run.montefiore.ulg.ac.be/Schema/TrafficMatrix-v1_2.xsd">
  <info>
    <title>Intradomain traffic matrix generated by geant-TM-all.pl</title>
    <date>2005-01-02T12:30:00</date>
    <duration>900</duration>
    <author>Steve Uhlig</author>
    <units>
        <unit type="bandwidth" value="kbps"/>
    </units>
  </info>
  <IntraTM ASID="20965">
    <src id="12">
      <dst id="12">177828.8444</dst>
      <dst id="13">12493.5111</dst>
      <dst id="19">589.2089</dst>
      <dst id="23">103.0400</dst>
      <dst id="8">733.3422</dst>
      <dst id="18">883.1911</dst>
      <dst id="4">83535.6178</dst>
      <dst id="1">6901.6356</dst>
      <dst id="5">1864.2311</dst>
      <dst id="3">4855.2444</dst>
      <dst id="22">2411.0578</dst>
      <dst id="7">1777.3956</dst>
      <dst id="2">55447.2533</dst>
      <dst id="6">3.4578</dst>
      <dst id="16">7870.0444</dst>
      <dst id="14">195.3422</dst>
      <dst id="20">1386.6222</dst>
      <dst id="11">5742.5689</dst>
      <dst id="9">2334.5511</dst>
      <dst id="17">56748.9511</dst>
      <dst id="21">7543.3067</dst>
      <dst id="15">183.8933</dst>
    </src>
    <src id="13">
      <dst id="12">34794.0267</dst>
      <dst id="19">2829.1200</dst>
      <dst id="23">28.4533</dst>
      <dst id="8">763.9111</dst>
      <dst id="18">5388.4622</dst>
      <dst id="1">3127.9467</dst>
      <dst id="5">5385.7689</dst>
      <dst id="3">3471.8578</dst>
      <dst id="22">21517.4578</dst>
      <dst id="7">7018.4711</dst>
      <dst id="2">79114.2222</dst>
      <dst id="6">43.5644</dst>
      <dst id="16">5169.9200</dst>
      <dst id="14">5323.1644</dst>
      <dst id="20">10078.0356</dst>
      <dst id="11">5811.8133</dst>
      <dst id="9">16826.7467</dst>
      <dst id="17">47824.9156</dst>
      <dst id="21">23569.0044</dst>
      <dst id="15">2029.9644</dst>
    </src>
    <src id="19">
      <dst id="12">9994.0978</dst>
      <dst id="13">150.5689</dst>
      <dst id="23">0.3378</dst>
      <dst id="8">1.7067</dst>
      <dst id="18">0.7556</dst>
      <dst id="4">18494.1778</dst>
      <dst id="1">265.2711</dst>
      <dst id="5">18.2756</dst>
      <dst id="22">17.6978</dst>
      <dst id="7">2724.3556</dst>
      <dst id="2">422.1067</dst>
      <dst id="6">53.2267</dst>
      <dst id="16">10930.0978</dst>
      <dst id="20">46.6844</dst>
      <dst id="11">4.0178</dst>
      <dst id="9">339.7333</dst>
      <dst id="17">65.6000</dst>
      <dst id="21">371.9644</dst>
    </src>
    <src id="23">
      <dst id="12">218.4356</dst>
      <dst id="13">64.6756</dst>
      <dst id="19">0.9422</dst>
      <dst id="8">24.4978</dst>
      <dst id="4">18.6222</dst>
      <dst id="1">68.1067</dst>
      <dst id="5">12.2667</dst>
      <dst id="3">39.2889</dst>
      <dst id="22">175.8222</dst>
      <dst id="7">72.1244</dst>
      <dst id="2">3.3689</dst>
      <dst id="16">1.1467</dst>
      <dst id="20">1.3956</dst>
      <dst id="9">338.1689</dst>
      <dst id="17">177.5467</dst>
      <dst id="21">325.4667</dst>
    </src>
    <src id="8">
      <dst id="12">251498.2400</dst>
      <dst id="13">282.3111</dst>
      <dst id="19">1.3689</dst>
      <dst id="23">25.6000</dst>
      <dst id="18">38.1867</dst>
      <dst id="4">3995.9644</dst>
      <dst id="1">76.0000</dst>
      <dst id="5">834.8533</dst>
      <dst id="3">1.0667</dst>
      <dst id="22">587.2444</dst>
      <dst id="7">28.0889</dst>
      <dst id="2">84918.1511</dst>
      <dst id="6">1.2356</dst>
      <dst id="16">20.6933</dst>
      <dst id="20">85.3956</dst>
      <dst id="11">58.8178</dst>
      <dst id="9">402.2933</dst>
      <dst id="17">87344.4356</dst>
      <dst id="21">506.4444</dst>
    </src>
    <src id="18">
      <dst id="12">95378.0622</dst>
      <dst id="13">120.4356</dst>
      <dst id="19">2.5333</dst>
      <dst id="23">2.1067</dst>
      <dst id="8">1.4222</dst>
      <dst id="4">1835.0311</dst>
      <dst id="1">1148.3733</dst>
      <dst id="5">140.9778</dst>
      <dst id="3">91.3156</dst>
      <dst id="22">237.2000</dst>
      <dst id="7">220.2311</dst>
      <dst id="2">29615.0133</dst>
      <dst id="16">14.0089</dst>
      <dst id="20">14.6489</dst>
      <dst id="11">75.9378</dst>
      <dst id="9">125.8667</dst>
      <dst id="17">32717.0933</dst>
      <dst id="21">101.6622</dst>
      <dst id="15">0.4622</dst>
    </src>
    <src id="4">
      <dst id="12">9709.3511</dst>
      <dst id="19">5746.4533</dst>
      <dst id="8">686.2222</dst>
      <dst id="18">1646.0089</dst>
      <dst id="1">9198.2667</dst>
      <dst id="5">990.2667</dst>
      <dst id="3">4066.1600</dst>
      <dst id="22">3138.9867</dst>
      <dst id="7">35844.8444</dst>
      <dst id="2">55319.3156</dst>
      <dst id="16">1037.1111</dst>
      <dst id="14">1100.6400</dst>
      <dst id="20">47193.4844</dst>
      <dst id="11">6495.3867</dst>
      <dst id="9">3116.9333</dst>
      <dst id="17">98745.7422</dst>
      <dst id="21">7386.8356</dst>
      <dst id="15">299.2089</dst>
    </src>
    <src id="1">
      <dst id="12">15034.3556</dst>
      <dst id="13">1027.9556</dst>
      <dst id="19">10.6400</dst>
      <dst id="23">16.9067</dst>
      <dst id="8">57892.1244</dst>
      <dst id="18">12755.6089</dst>
      <dst id="4">8193.0844</dst>
      <dst id="1">22664.0178</dst>
      <dst id="5">145098.9956</dst>
      <dst id="3">42.7822</dst>
      <dst id="22">6138.1067</dst>
      <dst id="7">1115.7067</dst>
      <dst id="2">1703.5822</dst>
      <dst id="6">8713.0756</dst>
      <dst id="16">17813.7244</dst>
      <dst id="14">191.0044</dst>
      <dst id="20">38.3467</dst>
      <dst id="11">302.2311</dst>
      <dst id="9">114095.6533</dst>
      <dst id="17">1413.9200</dst>
      <dst id="21">1898.6222</dst>
      <dst id="15">73.6622</dst>
    </src>
    <src id="5">
      <dst id="12">220333.3867</dst>
      <dst id="13">3429.9911</dst>
      <dst id="19">66.5333</dst>
      <dst id="23">81.1733</dst>
      <dst id="8">6087.4400</dst>
      <dst id="18">169.6978</dst>
      <dst id="4">6138.1244</dst>
      <dst id="1">335.8933</dst>
      <dst id="3">194.4267</dst>
      <dst id="22">1906.5600</dst>
      <dst id="7">67.4933</dst>
      <dst id="2">99764.1422</dst>
      <dst id="6">8.6044</dst>
      <dst id="16">182.7289</dst>
      <dst id="20">4997.6356</dst>
      <dst id="11">260.5600</dst>
      <dst id="9">7305.2000</dst>
      <dst id="17">80621.2267</dst>
      <dst id="21">322.2400</dst>
      <dst id="15">63.9200</dst>
    </src>
    <src id="3">
      <dst id="12">10251.3422</dst>
      <dst id="13">788.0089</dst>
      <dst id="19">4439.4756</dst>
      <dst id="23">3.8578</dst>
      <dst id="8">80.3911</dst>
      <dst id="18">52756.5511</dst>
      <dst id="4">21820.3111</dst>
      <dst id="1">4156.9422</dst>
      <dst id="5">434.8089</dst>
      <dst id="3">10260.4533</dst>
      <dst id="22">438.3911</dst>
      <dst id="7">2062.6489</dst>
      <dst id="2">4374.0978</dst>
      <dst id="16">1026.5778</dst>
      <dst id="14">21378.3556</dst>
      <dst id="20">626.4889</dst>
      <dst id="11">98682.5867</dst>
      <dst id="9">139.0222</dst>
      <dst id="17">6267.1467</dst>
      <dst id="21">4146.4711</dst>
      <dst id="15">85.2178</dst>
    </src>
    <src id="10">
      <dst id="12">8488.0622</dst>
      <dst id="19">461.5911</dst>
      <dst id="8">738.9778</dst>
      <dst id="18">431.4844</dst>
      <dst id="1">399.7778</dst>
      <dst id="5">515.2178</dst>
      <dst id="3">17844.1156</dst>
      <dst id="22">4836.3200</dst>
      <dst id="7">14294.9333</dst>
      <dst id="2">21264.1422</dst>
      <dst id="6">0.3556</dst>
      <dst id="16">2086.9689</dst>
      <dst id="14">358.1422</dst>
      <dst id="20">2644.1956</dst>
      <dst id="11">3599.2000</dst>
      <dst id="9">2894.5600</dst>
      <dst id="17">19777.2000</dst>
      <dst id="21">10193.6889</dst>
      <dst id="15">419.5822</dst>
    </src>
    <src id="22">
      <dst id="12">4818.7644</dst>
      <dst id="13">6316.2044</dst>
      <dst id="19">45.7244</dst>
      <dst id="23">10.8711</dst>
      <dst id="8">380.0978</dst>
      <dst id="18">1633.6622</dst>
      <dst id="4">18340.7378</dst>
      <dst id="1">2204.2933</dst>
      <dst id="5">4167.4222</dst>
      <dst id="3">309.4133</dst>
      <dst id="7">571.2356</dst>
      <dst id="2">1564.1778</dst>
      <dst id="6">0.5156</dst>
      <dst id="16">0.3556</dst>
      <dst id="14">27.6000</dst>
      <dst id="11">2821.7422</dst>
      <dst id="9">2386.8356</dst>
      <dst id="17">3971.6178</dst>
      <dst id="21">979.5022</dst>
    </src>
    <src id="7">
      <dst id="12">1717.9022</dst>
      <dst id="13">70.0533</dst>
      <dst id="19">215.5644</dst>
      <dst id="23">83.7067</dst>
      <dst id="8">1001.5378</dst>
      <dst id="18">232.3111</dst>
      <dst id="4">24592.7644</dst>
      <dst id="1">2348.2756</dst>
      <dst id="5">1438.6844</dst>
      <dst id="3">216.6578</dst>
      <dst id="22">5440.8889</dst>
      <dst id="7">597.4400</dst>
      <dst id="2">6421.9556</dst>
      <dst id="6">25.2444</dst>
      <dst id="16">634.8267</dst>
      <dst id="14">60.7644</dst>
      <dst id="20">60.7911</dst>
      <dst id="11">640.5511</dst>
      <dst id="9">388.9511</dst>
      <dst id="17">13243.5556</dst>
      <dst id="21">2612.7111</dst>
      <dst id="15">188.0356</dst>
    </src>
    <src id="2">
      <dst id="12">70019.3333</dst>
      <dst id="13">3335.9022</dst>
      <dst id="19">7954.0533</dst>
      <dst id="8">890.9956</dst>
      <dst id="18">50547.9911</dst>
      <dst id="4">112012.1956</dst>
      <dst id="1">3885.2978</dst>
      <dst id="5">635.3600</dst>
      <dst id="3">5.8222</dst>
      <dst id="22">2441.9911</dst>
      <dst id="7">5633.4133</dst>
      <dst id="2">1233.5644</dst>
      <dst id="6">4638.2756</dst>
      <dst id="16">2281.9822</dst>
      <dst id="14">5494.4444</dst>
      <dst id="20">5461.1022</dst>
      <dst id="11">7772.2756</dst>
      <dst id="9">1683.1289</dst>
      <dst id="17">26649.2622</dst>
      <dst id="21">3234.3022</dst>
      <dst id="15">143.5200</dst>
    </src>
    <src id="6">
      <dst id="12">7296.0622</dst>
      <dst id="13">1.8578</dst>
      <dst id="19">8.8711</dst>
      <dst id="8">0.3556</dst>
      <dst id="4">55.5911</dst>
      <dst id="7">1.8489</dst>
      <dst id="2">1371.1467</dst>
      <dst id="16">0.4622</dst>
      <dst id="11">0.4178</dst>
      <dst id="17">1122.1778</dst>
      <dst id="21">16.9422</dst>
    </src>
    <src id="16">
      <dst id="12">1936.2400</dst>
      <dst id="13">178.4444</dst>
      <dst id="19">5136.5689</dst>
      <dst id="23">4.6311</dst>
      <dst id="8">836.5067</dst>
      <dst id="18">3.4311</dst>
      <dst id="4">5923.7333</dst>
      <dst id="1">22357.6267</dst>
      <dst id="5">553.0667</dst>
      <dst id="3">0.4622</dst>
      <dst id="7">1987.2978</dst>
      <dst id="2">1978.1600</dst>
      <dst id="16">22.2667</dst>
      <dst id="14">278.8800</dst>
      <dst id="11">229.9822</dst>
      <dst id="9">1245.1644</dst>
      <dst id="17">1533.9911</dst>
      <dst id="21">566.3733</dst>
    </src>
    <src id="14">
      <dst id="12">13994.6133</dst>
      <dst id="13">85.5289</dst>
      <dst id="19">5.7600</dst>
      <dst id="23">0.3556</dst>
      <dst id="18">0.4622</dst>
      <dst id="4">2324.8622</dst>
      <dst id="1">63.6000</dst>
      <dst id="5">14.1778</dst>
      <dst id="3">51.2533</dst>
      <dst id="22">3.1200</dst>
      <dst id="7">162.5333</dst>
      <dst id="2">6157.1822</dst>
      <dst id="16">118.8533</dst>
      <dst id="11">105.8044</dst>
      <dst id="9">0.6400</dst>
      <dst id="17">5907.1911</dst>
      <dst id="21">67.5644</dst>
    </src>
    <src id="20">
      <dst id="12">6542.4356</dst>
      <dst id="13">2567.0756</dst>
      <dst id="19">1831.7333</dst>
      <dst id="8">451.6800</dst>
      <dst id="18">1.1556</dst>
      <dst id="4">5674.7111</dst>
      <dst id="1">27.0044</dst>
      <dst id="5">837.3422</dst>
      <dst id="3">209.0311</dst>
      <dst id="7">106.1511</dst>
      <dst id="2">2574.4711</dst>
      <dst id="11">454.4267</dst>
      <dst id="9">9230.2578</dst>
      <dst id="17">431.8578</dst>
      <dst id="21">222.6756</dst>
    </src>
    <src id="11">
      <dst id="12">400877.6089</dst>
      <dst id="13">1035.6711</dst>
      <dst id="19">27.2711</dst>
      <dst id="23">6.6578</dst>
      <dst id="8">194.7200</dst>
      <dst id="18">175.9556</dst>
      <dst id="4">17821.1111</dst>
      <dst id="1">459.2089</dst>
      <dst id="5">1138.3378</dst>
      <dst id="3">272.3111</dst>
      <dst id="22">1698.7467</dst>
      <dst id="7">191.9111</dst>
      <dst id="2">154876.5689</dst>
      <dst id="6">1.5378</dst>
      <dst id="16">1018.8356</dst>
      <dst id="14">63.2000</dst>
      <dst id="20">868.4444</dst>
      <dst id="11">1606.0267</dst>
      <dst id="9">327.1644</dst>
      <dst id="17">131345.5467</dst>
      <dst id="21">947.3956</dst>
      <dst id="15">387.3956</dst>
    </src>
    <src id="9">
      <dst id="12">421235.8044</dst>
      <dst id="13">7994.2489</dst>
      <dst id="19">6.8889</dst>
      <dst id="23">15.6622</dst>
      <dst id="8">69.6889</dst>
      <dst id="18">104.5067</dst>
      <dst id="4">12436.7467</dst>
      <dst id="1">994.9778</dst>
      <dst id="5">6372.0889</dst>
      <dst id="3">0.3556</dst>
      <dst id="22">1414.7822</dst>
      <dst id="7">406.1867</dst>
      <dst id="2">121941.0133</dst>
      <dst id="6">2.5067</dst>
      <dst id="16">469.8044</dst>
      <dst id="14">0.4622</dst>
      <dst id="20">1080.7644</dst>
      <dst id="11">645.9289</dst>
      <dst id="9">3071.4400</dst>
      <dst id="17">157863.0222</dst>
      <dst id="21">2351.3156</dst>
      <dst id="15">2572.2311</dst>
    </src>
    <src id="17">
      <dst id="12">3583.8044</dst>
      <dst id="13">21634.1511</dst>
      <dst id="19">123.6356</dst>
      <dst id="23">14.7289</dst>
      <dst id="8">91207.5911</dst>
      <dst id="18">38.6400</dst>
      <dst id="4">114773.1378</dst>
      <dst id="1">3132.1867</dst>
      <dst id="5">134951.8400</dst>
      <dst id="3">28881.7689</dst>
      <dst id="22">6115.6711</dst>
      <dst id="7">1167.7867</dst>
      <dst id="2">7629.4578</dst>
      <dst id="6">16.6133</dst>
      <dst id="16">9815.8489</dst>
      <dst id="14">14010.6844</dst>
      <dst id="20">109.8222</dst>
      <dst id="11">82635.6978</dst>
      <dst id="9">110643.3689</dst>
      <dst id="17">1071.3067</dst>
      <dst id="21">4941.0756</dst>
      <dst id="15">14.1067</dst>
    </src>
    <src id="21">
      <dst id="12">17603.3067</dst>
      <dst id="13">574.9067</dst>
      <dst id="19">92.2578</dst>
      <dst id="23">1.0311</dst>
      <dst id="8">453.8489</dst>
      <dst id="18">253.4578</dst>
      <dst id="4">25086.0089</dst>
      <dst id="1">576.6844</dst>
      <dst id="5">447.6978</dst>
      <dst id="3">879.7511</dst>
      <dst id="22">853.4222</dst>
      <dst id="7">5717.8756</dst>
      <dst id="2">7751.6000</dst>
      <dst id="6">15.4844</dst>
      <dst id="16">117.7067</dst>
      <dst id="14">109.9111</dst>
      <dst id="20">213.1644</dst>
      <dst id="11">1024.2133</dst>
      <dst id="9">420.9244</dst>
      <dst id="17">2470.4178</dst>
      <dst id="21">1420.9333</dst>
      <dst id="15">28.5511</dst>
    </src>
    <src id="15">
      <dst id="12">3726.7911</dst>
      <dst id="13">950.1422</dst>
      <dst id="8">1.2889</dst>
      <dst id="18">3.2711</dst>
      <dst id="4">2692.3822</dst>
      <dst id="1">630.9511</dst>
      <dst id="5">461.4311</dst>
      <dst id="3">4.6400</dst>
      <dst id="7">2.2400</dst>
      <dst id="2">316.7289</dst>
      <dst id="11">30.7911</dst>
      <dst id="9">234.5867</dst>
      <dst id="17">331.3244</dst>
      <dst id="21">29.2978</dst>
    </src>
  </IntraTM>
</TrafficMatrixFile>
