<?xml version="1.0" encoding="UTF-8" standalone="yes"?>
<TrafficMatrixFile xmlns:xsi="http://www.w3.org/2001/XMLSchema-instance" xsi:noNamespaceSchemaLocation="http://totem.run.montefiore.ulg.ac.be/Schema/TrafficMatrix-v1_2.xsd">
  <info>
    <title>Intradomain traffic matrix generated by geant-TM-all.pl</title>
    <date>2005-01-02T04:15:00</date>
    <duration>900</duration>
    <author>Steve Uhlig</author>
    <units>
        <unit type="bandwidth" value="kbps"/>
    </units>
  </info>
  <IntraTM ASID="20965">
    <src id="12">
      <dst id="12">303628.4089</dst>
      <dst id="13">20898.4444</dst>
      <dst id="19">3987.7067</dst>
      <dst id="23">206.8533</dst>
      <dst id="8">2911.5911</dst>
      <dst id="18">4867.1644</dst>
      <dst id="4">132455.3956</dst>
      <dst id="1">10291.3156</dst>
      <dst id="5">6629.8222</dst>
      <dst id="3">1954.7733</dst>
      <dst id="22">31264.9689</dst>
      <dst id="7">2226.6222</dst>
      <dst id="2">103564.5600</dst>
      <dst id="6">7.9467</dst>
      <dst id="16">5166.4800</dst>
      <dst id="14">344.7911</dst>
      <dst id="20">4738.6578</dst>
      <dst id="11">4399.6533</dst>
      <dst id="9">16011.6711</dst>
      <dst id="17">80790.0622</dst>
      <dst id="21">16344.5244</dst>
      <dst id="15">4278.9067</dst>
    </src>
    <src id="13">
      <dst id="12">172137.3156</dst>
      <dst id="19">15173.6267</dst>
      <dst id="23">1061.0667</dst>
      <dst id="8">3619.5644</dst>
      <dst id="18">10378.0178</dst>
      <dst id="1">5270.8000</dst>
      <dst id="5">27984.5067</dst>
      <dst id="3">12955.8667</dst>
      <dst id="22">20585.2356</dst>
      <dst id="7">11693.6178</dst>
      <dst id="2">151235.8222</dst>
      <dst id="6">31.7333</dst>
      <dst id="16">8441.5822</dst>
      <dst id="14">1769.2889</dst>
      <dst id="20">18945.8756</dst>
      <dst id="11">14022.8800</dst>
      <dst id="9">17715.9378</dst>
      <dst id="17">70903.9911</dst>
      <dst id="21">27987.0133</dst>
      <dst id="15">8953.7156</dst>
    </src>
    <src id="19">
      <dst id="12">13687.8400</dst>
      <dst id="13">3312.2400</dst>
      <dst id="23">288.1244</dst>
      <dst id="8">38.7556</dst>
      <dst id="18">67.8044</dst>
      <dst id="4">21484.2489</dst>
      <dst id="1">3047.8756</dst>
      <dst id="5">62.4800</dst>
      <dst id="3">7.8489</dst>
      <dst id="22">924.6933</dst>
      <dst id="7">7057.3333</dst>
      <dst id="2">1007.2356</dst>
      <dst id="6">77.4489</dst>
      <dst id="16">7874.8000</dst>
      <dst id="14">2.9244</dst>
      <dst id="20">15.5733</dst>
      <dst id="11">2238.6578</dst>
      <dst id="9">397.1200</dst>
      <dst id="17">2439.9733</dst>
      <dst id="21">801.3956</dst>
    </src>
    <src id="23">
      <dst id="12">937.4044</dst>
      <dst id="13">50.3733</dst>
      <dst id="19">72.4267</dst>
      <dst id="8">105.2000</dst>
      <dst id="18">389.6178</dst>
      <dst id="4">162.0889</dst>
      <dst id="1">2305.9111</dst>
      <dst id="5">90.1689</dst>
      <dst id="3">29.5822</dst>
      <dst id="22">59.0311</dst>
      <dst id="7">144.7733</dst>
      <dst id="2">35.6800</dst>
      <dst id="6">1.0489</dst>
      <dst id="16">13.7422</dst>
      <dst id="14">14.1511</dst>
      <dst id="20">144.2933</dst>
      <dst id="11">95.1378</dst>
      <dst id="9">26.1333</dst>
      <dst id="17">570.7111</dst>
      <dst id="21">906.5067</dst>
      <dst id="15">148.5689</dst>
    </src>
    <src id="8">
      <dst id="12">305883.1200</dst>
      <dst id="13">5487.0222</dst>
      <dst id="19">119.7244</dst>
      <dst id="23">104.4978</dst>
      <dst id="18">278.6844</dst>
      <dst id="4">7824.2311</dst>
      <dst id="1">433.2711</dst>
      <dst id="5">11165.8311</dst>
      <dst id="3">3.2089</dst>
      <dst id="22">896.1422</dst>
      <dst id="7">8.4622</dst>
      <dst id="2">123178.4089</dst>
      <dst id="16">546.9422</dst>
      <dst id="14">60.3289</dst>
      <dst id="20">519.1822</dst>
      <dst id="11">382.6933</dst>
      <dst id="9">1835.5467</dst>
      <dst id="17">114354.5422</dst>
      <dst id="21">924.7111</dst>
      <dst id="15">65.0311</dst>
    </src>
    <src id="18">
      <dst id="12">101591.6533</dst>
      <dst id="13">321.0667</dst>
      <dst id="19">588.5156</dst>
      <dst id="23">23.7156</dst>
      <dst id="8">444.2311</dst>
      <dst id="4">2111.3511</dst>
      <dst id="1">995.3244</dst>
      <dst id="5">206.1244</dst>
      <dst id="3">156.9689</dst>
      <dst id="22">553.9467</dst>
      <dst id="7">114.9867</dst>
      <dst id="2">38148.1778</dst>
      <dst id="16">14.1778</dst>
      <dst id="14">1.3067</dst>
      <dst id="20">163.1822</dst>
      <dst id="11">435.4756</dst>
      <dst id="9">227.5644</dst>
      <dst id="17">40410.1600</dst>
      <dst id="21">1296.0089</dst>
      <dst id="15">43.2000</dst>
    </src>
    <src id="4">
      <dst id="12">17269.2000</dst>
      <dst id="19">9230.9067</dst>
      <dst id="23">5.1289</dst>
      <dst id="8">2257.3511</dst>
      <dst id="18">2129.4044</dst>
      <dst id="4">3.5644</dst>
      <dst id="1">51944.4089</dst>
      <dst id="5">2492.4000</dst>
      <dst id="3">253.3156</dst>
      <dst id="22">7749.6089</dst>
      <dst id="7">71185.8844</dst>
      <dst id="2">55842.1867</dst>
      <dst id="6">1.4489</dst>
      <dst id="16">1894.7111</dst>
      <dst id="14">4510.4089</dst>
      <dst id="20">4296.4267</dst>
      <dst id="11">13627.5556</dst>
      <dst id="9">3623.3156</dst>
      <dst id="17">84399.2444</dst>
      <dst id="21">7302.6311</dst>
      <dst id="15">1894.5956</dst>
    </src>
    <src id="1">
      <dst id="12">17085.9378</dst>
      <dst id="13">1617.0933</dst>
      <dst id="19">123.8222</dst>
      <dst id="23">213.6533</dst>
      <dst id="8">168363.4933</dst>
      <dst id="18">17750.4267</dst>
      <dst id="4">26295.7778</dst>
      <dst id="1">43403.9200</dst>
      <dst id="5">274377.7067</dst>
      <dst id="3">106.0000</dst>
      <dst id="22">3564.6667</dst>
      <dst id="7">991.5556</dst>
      <dst id="2">3389.2533</dst>
      <dst id="6">9586.1867</dst>
      <dst id="16">11344.2844</dst>
      <dst id="14">42.0444</dst>
      <dst id="20">694.8622</dst>
      <dst id="11">254.1689</dst>
      <dst id="9">256950.2044</dst>
      <dst id="17">10446.2044</dst>
      <dst id="21">3949.2267</dst>
      <dst id="15">9194.7467</dst>
    </src>
    <src id="5">
      <dst id="12">348090.9778</dst>
      <dst id="13">1384.6756</dst>
      <dst id="19">16.8178</dst>
      <dst id="23">2.8089</dst>
      <dst id="8">2607.9467</dst>
      <dst id="18">158.0178</dst>
      <dst id="4">5823.7422</dst>
      <dst id="1">656.5689</dst>
      <dst id="3">124.1156</dst>
      <dst id="22">7960.6133</dst>
      <dst id="7">391.3600</dst>
      <dst id="2">157545.1822</dst>
      <dst id="6">26.1333</dst>
      <dst id="16">878.8978</dst>
      <dst id="14">45.8400</dst>
      <dst id="20">1647.4578</dst>
      <dst id="11">1816.9689</dst>
      <dst id="9">18432.2133</dst>
      <dst id="17">125434.7378</dst>
      <dst id="21">397.8578</dst>
      <dst id="15">5216.1244</dst>
    </src>
    <src id="3">
      <dst id="12">14958.5867</dst>
      <dst id="13">1929.9289</dst>
      <dst id="19">2644.6667</dst>
      <dst id="23">23.7600</dst>
      <dst id="8">213.6356</dst>
      <dst id="18">115858.1067</dst>
      <dst id="4">27713.3689</dst>
      <dst id="1">9706.3822</dst>
      <dst id="5">992.9333</dst>
      <dst id="3">14861.7067</dst>
      <dst id="22">5437.2089</dst>
      <dst id="7">6479.2089</dst>
      <dst id="2">6799.0311</dst>
      <dst id="6">1.4578</dst>
      <dst id="16">5867.0400</dst>
      <dst id="14">41530.5778</dst>
      <dst id="20">253.5556</dst>
      <dst id="11">178469.6356</dst>
      <dst id="9">323.5022</dst>
      <dst id="17">14271.9289</dst>
      <dst id="21">6915.1022</dst>
      <dst id="15">122.2756</dst>
    </src>
    <src id="10">
      <dst id="12">16090.0978</dst>
      <dst id="19">1435.5022</dst>
      <dst id="8">1366.2489</dst>
      <dst id="18">1989.3422</dst>
      <dst id="4">1.0667</dst>
      <dst id="1">1967.6356</dst>
      <dst id="5">1767.1556</dst>
      <dst id="3">14742.6756</dst>
      <dst id="22">5644.7644</dst>
      <dst id="7">14570.0444</dst>
      <dst id="2">35506.6222</dst>
      <dst id="6">17.2356</dst>
      <dst id="16">2440.7644</dst>
      <dst id="14">3379.9378</dst>
      <dst id="20">1339.2356</dst>
      <dst id="11">4289.4044</dst>
      <dst id="9">4177.8044</dst>
      <dst id="17">15958.3733</dst>
      <dst id="21">19692.3733</dst>
      <dst id="15">1166.6489</dst>
    </src>
    <src id="22">
      <dst id="12">11957.0044</dst>
      <dst id="13">3598.3733</dst>
      <dst id="19">170.8089</dst>
      <dst id="23">245.2800</dst>
      <dst id="8">3136.0267</dst>
      <dst id="18">4311.7244</dst>
      <dst id="4">16519.9200</dst>
      <dst id="1">4004.7111</dst>
      <dst id="5">4605.1467</dst>
      <dst id="3">573.8667</dst>
      <dst id="7">359.9111</dst>
      <dst id="2">5857.8311</dst>
      <dst id="6">13.5467</dst>
      <dst id="16">13.7422</dst>
      <dst id="14">92.0622</dst>
      <dst id="11">4675.8756</dst>
      <dst id="9">6194.4800</dst>
      <dst id="17">11509.7511</dst>
      <dst id="21">1807.1378</dst>
    </src>
    <src id="7">
      <dst id="12">5609.1467</dst>
      <dst id="13">561.4222</dst>
      <dst id="19">767.3689</dst>
      <dst id="23">1170.1067</dst>
      <dst id="8">382.8267</dst>
      <dst id="18">582.2756</dst>
      <dst id="4">53776.8889</dst>
      <dst id="1">8364.4800</dst>
      <dst id="5">2063.6533</dst>
      <dst id="3">302.3111</dst>
      <dst id="22">4558.2667</dst>
      <dst id="7">770.9156</dst>
      <dst id="2">8007.9289</dst>
      <dst id="6">3.2000</dst>
      <dst id="16">748.9600</dst>
      <dst id="14">117.5733</dst>
      <dst id="20">798.1956</dst>
      <dst id="11">2105.8756</dst>
      <dst id="9">1256.4533</dst>
      <dst id="17">6230.7378</dst>
      <dst id="21">17850.0000</dst>
      <dst id="15">559.8489</dst>
    </src>
    <src id="2">
      <dst id="12">157392.0000</dst>
      <dst id="13">10688.9422</dst>
      <dst id="19">8341.4578</dst>
      <dst id="23">14.2933</dst>
      <dst id="8">1906.7556</dst>
      <dst id="18">112710.5600</dst>
      <dst id="4">133803.1822</dst>
      <dst id="1">5711.9911</dst>
      <dst id="5">1488.3022</dst>
      <dst id="3">150.9778</dst>
      <dst id="22">2868.3822</dst>
      <dst id="7">28666.3822</dst>
      <dst id="2">1243.4222</dst>
      <dst id="6">7364.4444</dst>
      <dst id="16">2744.8000</dst>
      <dst id="14">438.2400</dst>
      <dst id="20">663.0489</dst>
      <dst id="11">2031.5111</dst>
      <dst id="9">1728.7111</dst>
      <dst id="17">29382.9156</dst>
      <dst id="21">5352.2133</dst>
      <dst id="15">221.7689</dst>
    </src>
    <src id="6">
      <dst id="12">12653.8400</dst>
      <dst id="13">15.3244</dst>
      <dst id="19">0.7111</dst>
      <dst id="23">0.8533</dst>
      <dst id="18">0.8178</dst>
      <dst id="4">102.3911</dst>
      <dst id="1">74.2311</dst>
      <dst id="5">1.7600</dst>
      <dst id="3">28.5689</dst>
      <dst id="7">7.4311</dst>
      <dst id="2">2110.4889</dst>
      <dst id="11">2.8889</dst>
      <dst id="9">13.7956</dst>
      <dst id="17">1207.6089</dst>
      <dst id="21">11.4667</dst>
    </src>
    <src id="16">
      <dst id="12">7527.0933</dst>
      <dst id="13">1007.6622</dst>
      <dst id="19">4158.5422</dst>
      <dst id="23">5.9911</dst>
      <dst id="8">8476.1422</dst>
      <dst id="18">30.7822</dst>
      <dst id="4">8690.9511</dst>
      <dst id="1">20388.1867</dst>
      <dst id="5">8898.9244</dst>
      <dst id="3">6.8711</dst>
      <dst id="7">3704.5511</dst>
      <dst id="2">831.8489</dst>
      <dst id="6">12.1067</dst>
      <dst id="16">73.7956</dst>
      <dst id="14">509.4133</dst>
      <dst id="11">1566.7733</dst>
      <dst id="9">7099.7067</dst>
      <dst id="17">2436.6222</dst>
      <dst id="21">347.4044</dst>
    </src>
    <src id="14">
      <dst id="12">18047.5733</dst>
      <dst id="13">98.3911</dst>
      <dst id="19">1.4933</dst>
      <dst id="23">12.6044</dst>
      <dst id="8">1.0667</dst>
      <dst id="18">1.1200</dst>
      <dst id="4">4067.2178</dst>
      <dst id="1">41.7067</dst>
      <dst id="5">108.9333</dst>
      <dst id="3">38.4089</dst>
      <dst id="22">16.2044</dst>
      <dst id="7">68.7911</dst>
      <dst id="2">8007.1022</dst>
      <dst id="16">39.3333</dst>
      <dst id="20">0.3556</dst>
      <dst id="11">16.6578</dst>
      <dst id="9">41.2178</dst>
      <dst id="17">7452.2756</dst>
      <dst id="21">43.7067</dst>
      <dst id="15">0.5689</dst>
    </src>
    <src id="20">
      <dst id="12">9163.4133</dst>
      <dst id="13">5575.3689</dst>
      <dst id="19">2.5067</dst>
      <dst id="23">45.9111</dst>
      <dst id="8">199.4756</dst>
      <dst id="18">235.2622</dst>
      <dst id="4">13201.2889</dst>
      <dst id="1">216.5422</dst>
      <dst id="5">8636.9422</dst>
      <dst id="3">1254.1689</dst>
      <dst id="7">5704.3822</dst>
      <dst id="2">2316.6222</dst>
      <dst id="6">0.4444</dst>
      <dst id="14">13.0489</dst>
      <dst id="11">479.5289</dst>
      <dst id="9">17687.2533</dst>
      <dst id="17">1769.3867</dst>
      <dst id="21">505.8933</dst>
    </src>
    <src id="11">
      <dst id="12">446010.7644</dst>
      <dst id="13">1436.0711</dst>
      <dst id="19">82.1867</dst>
      <dst id="23">150.8533</dst>
      <dst id="8">736.7911</dst>
      <dst id="18">681.6800</dst>
      <dst id="4">17488.4267</dst>
      <dst id="1">481.6356</dst>
      <dst id="5">1720.8089</dst>
      <dst id="3">437.6978</dst>
      <dst id="22">3430.2133</dst>
      <dst id="7">640.3644</dst>
      <dst id="2">181765.5289</dst>
      <dst id="6">36.0800</dst>
      <dst id="16">1117.4844</dst>
      <dst id="14">49.0044</dst>
      <dst id="20">2932.5778</dst>
      <dst id="11">1935.5289</dst>
      <dst id="9">1263.0311</dst>
      <dst id="17">155227.4133</dst>
      <dst id="21">623.1644</dst>
      <dst id="15">202.8800</dst>
    </src>
    <src id="9">
      <dst id="12">511022.0089</dst>
      <dst id="13">5944.5422</dst>
      <dst id="19">797.8667</dst>
      <dst id="23">6.9600</dst>
      <dst id="8">1456.5333</dst>
      <dst id="18">716.0889</dst>
      <dst id="4">26619.5022</dst>
      <dst id="1">11595.5111</dst>
      <dst id="5">4264.7911</dst>
      <dst id="3">52.6489</dst>
      <dst id="22">2958.5333</dst>
      <dst id="7">120.7467</dst>
      <dst id="2">202864.2667</dst>
      <dst id="6">26.7467</dst>
      <dst id="16">1039.2000</dst>
      <dst id="14">16.8267</dst>
      <dst id="20">1525.7244</dst>
      <dst id="11">831.0133</dst>
      <dst id="9">892.0800</dst>
      <dst id="17">207679.3422</dst>
      <dst id="21">1660.9867</dst>
      <dst id="15">1742.2667</dst>
    </src>
    <src id="17">
      <dst id="12">13593.8844</dst>
      <dst id="13">3134.5244</dst>
      <dst id="19">320.2756</dst>
      <dst id="23">206.4178</dst>
      <dst id="8">173353.3333</dst>
      <dst id="18">6772.2844</dst>
      <dst id="4">114417.9022</dst>
      <dst id="1">5834.0089</dst>
      <dst id="5">276791.7689</dst>
      <dst id="3">14568.6933</dst>
      <dst id="22">13987.0844</dst>
      <dst id="7">19042.4889</dst>
      <dst id="2">11358.7111</dst>
      <dst id="6">91.2800</dst>
      <dst id="16">13214.1867</dst>
      <dst id="14">48622.0711</dst>
      <dst id="20">1582.8178</dst>
      <dst id="11">144454.3733</dst>
      <dst id="9">237933.1200</dst>
      <dst id="17">1722.8178</dst>
      <dst id="21">30247.2978</dst>
      <dst id="15">193.4667</dst>
    </src>
    <src id="21">
      <dst id="12">20509.1467</dst>
      <dst id="13">976.2400</dst>
      <dst id="19">245.6444</dst>
      <dst id="23">65.6533</dst>
      <dst id="8">545.3689</dst>
      <dst id="18">3822.6311</dst>
      <dst id="4">48739.8311</dst>
      <dst id="1">1450.3022</dst>
      <dst id="5">528.9956</dst>
      <dst id="3">1009.3956</dst>
      <dst id="22">2030.7022</dst>
      <dst id="7">5602.9244</dst>
      <dst id="2">13142.1867</dst>
      <dst id="6">2.4356</dst>
      <dst id="16">325.5644</dst>
      <dst id="14">130.1956</dst>
      <dst id="20">348.1600</dst>
      <dst id="11">3510.7822</dst>
      <dst id="9">1476.3911</dst>
      <dst id="17">19130.6667</dst>
      <dst id="21">2497.5378</dst>
      <dst id="15">23.9022</dst>
    </src>
    <src id="15">
      <dst id="12">3294.4178</dst>
      <dst id="13">1930.4444</dst>
      <dst id="19">0.8533</dst>
      <dst id="23">0.4978</dst>
      <dst id="8">205.0489</dst>
      <dst id="18">38.2667</dst>
      <dst id="4">6126.8800</dst>
      <dst id="1">678.9867</dst>
      <dst id="5">364.5067</dst>
      <dst id="3">12.1778</dst>
      <dst id="7">80.8089</dst>
      <dst id="2">1619.4667</dst>
      <dst id="6">1.1378</dst>
      <dst id="11">148.8889</dst>
      <dst id="9">927.7956</dst>
      <dst id="17">214.4356</dst>
      <dst id="21">31.6800</dst>
    </src>
  </IntraTM>
</TrafficMatrixFile>
