<?xml version="1.0" encoding="UTF-8" standalone="yes"?>
<TrafficMatrixFile xmlns:xsi="http://www.w3.org/2001/XMLSchema-instance" xsi:noNamespaceSchemaLocation="http://totem.run.montefiore.ulg.ac.be/Schema/TrafficMatrix-v1_2.xsd">
  <info>
    <title>Intradomain traffic matrix generated by geant-TM-all.pl</title>
    <date>2005-01-05T18:45:00</date>
    <duration>900</duration>
    <author>Steve Uhlig</author>
    <units>
        <unit type="bandwidth" value="kbps"/>
    </units>
  </info>
  <IntraTM ASID="20965">
    <src id="12">
      <dst id="12">337157.6533</dst>
      <dst id="13">36199.6622</dst>
      <dst id="19">6232.6844</dst>
      <dst id="23">823.3689</dst>
      <dst id="8">7085.3778</dst>
      <dst id="18">714.0178</dst>
      <dst id="4">82672.2667</dst>
      <dst id="1">22805.4756</dst>
      <dst id="5">32605.2533</dst>
      <dst id="3">24620.4978</dst>
      <dst id="22">39372.5956</dst>
      <dst id="7">12609.1022</dst>
      <dst id="2">100595.6889</dst>
      <dst id="6">35.5289</dst>
      <dst id="16">11300.6222</dst>
      <dst id="14">1196.6222</dst>
      <dst id="20">4725.7422</dst>
      <dst id="11">6287.6800</dst>
      <dst id="9">10431.1733</dst>
      <dst id="17">139510.3733</dst>
      <dst id="21">29841.9378</dst>
      <dst id="15">5690.1956</dst>
    </src>
    <src id="13">
      <dst id="12">75674.9867</dst>
      <dst id="19">22095.9911</dst>
      <dst id="23">6236.3556</dst>
      <dst id="8">9014.0089</dst>
      <dst id="18">4200.6933</dst>
      <dst id="1">14529.2800</dst>
      <dst id="5">8848.3200</dst>
      <dst id="3">43311.6444</dst>
      <dst id="22">26058.0178</dst>
      <dst id="7">47389.8667</dst>
      <dst id="2">102992.2756</dst>
      <dst id="6">236.3822</dst>
      <dst id="16">12696.1333</dst>
      <dst id="14">4958.1600</dst>
      <dst id="20">25286.8978</dst>
      <dst id="11">23510.9067</dst>
      <dst id="9">19581.6444</dst>
      <dst id="17">202529.7689</dst>
      <dst id="21">29829.6711</dst>
      <dst id="15">11488.1689</dst>
    </src>
    <src id="19">
      <dst id="12">21529.2978</dst>
      <dst id="13">2625.3511</dst>
      <dst id="23">35.9111</dst>
      <dst id="8">0.7644</dst>
      <dst id="18">87.7422</dst>
      <dst id="4">20951.1289</dst>
      <dst id="1">1345.6267</dst>
      <dst id="5">293.8578</dst>
      <dst id="3">39.7778</dst>
      <dst id="22">2489.7244</dst>
      <dst id="7">8068.9689</dst>
      <dst id="2">3213.8044</dst>
      <dst id="6">1122.8622</dst>
      <dst id="16">7603.5022</dst>
      <dst id="14">5.5111</dst>
      <dst id="20">180.0889</dst>
      <dst id="11">1392.1156</dst>
      <dst id="9">235.8756</dst>
      <dst id="17">6573.0933</dst>
      <dst id="21">4684.1600</dst>
      <dst id="15">1524.1867</dst>
    </src>
    <src id="23">
      <dst id="12">2331.2711</dst>
      <dst id="13">820.1067</dst>
      <dst id="19">909.4311</dst>
      <dst id="8">13.3333</dst>
      <dst id="18">1383.8044</dst>
      <dst id="4">141.4044</dst>
      <dst id="1">1185.1111</dst>
      <dst id="5">42.3111</dst>
      <dst id="3">1292.7733</dst>
      <dst id="22">1399.3600</dst>
      <dst id="7">627.9644</dst>
      <dst id="2">645.6178</dst>
      <dst id="6">5.2978</dst>
      <dst id="16">153.5644</dst>
      <dst id="14">7.5644</dst>
      <dst id="20">53.3333</dst>
      <dst id="11">104.1244</dst>
      <dst id="9">1901.8489</dst>
      <dst id="17">936.8978</dst>
      <dst id="21">1335.6000</dst>
      <dst id="15">107.0222</dst>
    </src>
    <src id="8">
      <dst id="12">300259.3600</dst>
      <dst id="13">1333.8933</dst>
      <dst id="19">14.9067</dst>
      <dst id="23">5.4222</dst>
      <dst id="18">1748.9333</dst>
      <dst id="4">6641.6444</dst>
      <dst id="1">1443.8133</dst>
      <dst id="5">805.3511</dst>
      <dst id="3">1.5022</dst>
      <dst id="22">2011.2000</dst>
      <dst id="7">144.3467</dst>
      <dst id="2">119638.3556</dst>
      <dst id="6">0.4178</dst>
      <dst id="16">2559.8756</dst>
      <dst id="14">1.6800</dst>
      <dst id="20">1313.1644</dst>
      <dst id="11">5005.8667</dst>
      <dst id="9">3652.0978</dst>
      <dst id="17">110252.5778</dst>
      <dst id="21">219.7689</dst>
      <dst id="15">413.2089</dst>
    </src>
    <src id="18">
      <dst id="12">112757.3867</dst>
      <dst id="13">600.0533</dst>
      <dst id="19">35.0933</dst>
      <dst id="23">249.2000</dst>
      <dst id="8">73.5644</dst>
      <dst id="4">1507.2978</dst>
      <dst id="1">831.9111</dst>
      <dst id="5">417.4667</dst>
      <dst id="3">306.3644</dst>
      <dst id="22">508.7911</dst>
      <dst id="7">305.6889</dst>
      <dst id="2">33745.4578</dst>
      <dst id="16">78.6222</dst>
      <dst id="14">3.1378</dst>
      <dst id="20">45.5289</dst>
      <dst id="11">988.3467</dst>
      <dst id="9">119.1822</dst>
      <dst id="17">47283.2000</dst>
      <dst id="21">438.0089</dst>
      <dst id="15">52.7644</dst>
    </src>
    <src id="4">
      <dst id="12">26350.2133</dst>
      <dst id="19">19954.8000</dst>
      <dst id="8">1497.4489</dst>
      <dst id="18">1151.7244</dst>
      <dst id="4">2.8267</dst>
      <dst id="1">336910.8178</dst>
      <dst id="5">3376.6756</dst>
      <dst id="3">3459.0222</dst>
      <dst id="22">7204.3289</dst>
      <dst id="7">92499.0044</dst>
      <dst id="2">102365.8667</dst>
      <dst id="6">108.9956</dst>
      <dst id="16">4686.3733</dst>
      <dst id="14">1820.8356</dst>
      <dst id="20">2807.5733</dst>
      <dst id="11">10795.4489</dst>
      <dst id="9">7019.1200</dst>
      <dst id="17">42263.1911</dst>
      <dst id="21">10176.2400</dst>
      <dst id="15">557.2356</dst>
    </src>
    <src id="1">
      <dst id="12">26305.5200</dst>
      <dst id="13">6273.7778</dst>
      <dst id="19">4781.3244</dst>
      <dst id="23">188.3200</dst>
      <dst id="8">195503.7600</dst>
      <dst id="18">13860.2311</dst>
      <dst id="4">18678.0622</dst>
      <dst id="1">39570.1956</dst>
      <dst id="5">286145.8044</dst>
      <dst id="3">17739.3778</dst>
      <dst id="22">20248.7022</dst>
      <dst id="7">51457.7689</dst>
      <dst id="2">13263.0578</dst>
      <dst id="6">25241.6000</dst>
      <dst id="16">12876.9156</dst>
      <dst id="14">120.5333</dst>
      <dst id="20">3222.9778</dst>
      <dst id="11">4171.1111</dst>
      <dst id="9">405605.3422</dst>
      <dst id="17">12794.5333</dst>
      <dst id="21">9498.7200</dst>
      <dst id="15">123.9467</dst>
    </src>
    <src id="5">
      <dst id="12">318518.6844</dst>
      <dst id="13">4061.0222</dst>
      <dst id="19">193.2622</dst>
      <dst id="23">2.4533</dst>
      <dst id="8">2842.4178</dst>
      <dst id="18">733.7422</dst>
      <dst id="4">5555.4400</dst>
      <dst id="1">3243.6178</dst>
      <dst id="3">18.4178</dst>
      <dst id="22">5138.9867</dst>
      <dst id="7">750.3289</dst>
      <dst id="2">129495.7600</dst>
      <dst id="6">20.9778</dst>
      <dst id="16">1883.0044</dst>
      <dst id="14">72.3556</dst>
      <dst id="20">7757.3333</dst>
      <dst id="11">9542.9067</dst>
      <dst id="9">8891.1200</dst>
      <dst id="17">105276.8267</dst>
      <dst id="21">498.4711</dst>
      <dst id="15">14589.6533</dst>
    </src>
    <src id="3">
      <dst id="12">15016.6044</dst>
      <dst id="13">7934.7556</dst>
      <dst id="19">964.4000</dst>
      <dst id="23">11842.2222</dst>
      <dst id="8">349.4667</dst>
      <dst id="18">186274.1956</dst>
      <dst id="4">38991.8933</dst>
      <dst id="1">16217.4933</dst>
      <dst id="5">1042.2044</dst>
      <dst id="3">20615.7511</dst>
      <dst id="22">4457.8133</dst>
      <dst id="7">11776.0444</dst>
      <dst id="2">10947.2178</dst>
      <dst id="6">6.3289</dst>
      <dst id="16">5321.4222</dst>
      <dst id="14">58729.6267</dst>
      <dst id="20">2943.8578</dst>
      <dst id="11">373270.9067</dst>
      <dst id="9">864.3111</dst>
      <dst id="17">22875.0133</dst>
      <dst id="21">27144.0711</dst>
      <dst id="15">894.2400</dst>
    </src>
    <src id="10">
      <dst id="12">27595.0933</dst>
      <dst id="19">12351.1289</dst>
      <dst id="8">6348.2756</dst>
      <dst id="18">3207.8311</dst>
      <dst id="1">8685.6533</dst>
      <dst id="5">2491.8578</dst>
      <dst id="3">21226.2844</dst>
      <dst id="22">6080.5867</dst>
      <dst id="7">20565.0311</dst>
      <dst id="2">45275.1556</dst>
      <dst id="6">23.6089</dst>
      <dst id="16">5911.7156</dst>
      <dst id="14">2303.2533</dst>
      <dst id="20">5972.6578</dst>
      <dst id="11">8429.1644</dst>
      <dst id="9">5967.0578</dst>
      <dst id="17">29322.7289</dst>
      <dst id="21">16500.3378</dst>
      <dst id="15">699.4489</dst>
    </src>
    <src id="22">
      <dst id="12">6652.3556</dst>
      <dst id="13">4506.6667</dst>
      <dst id="19">1166.4889</dst>
      <dst id="23">69.1467</dst>
      <dst id="8">2304.5511</dst>
      <dst id="18">782.2222</dst>
      <dst id="4">19955.1911</dst>
      <dst id="1">702.0622</dst>
      <dst id="5">3529.2089</dst>
      <dst id="3">2424.5956</dst>
      <dst id="7">2606.5244</dst>
      <dst id="2">3916.7111</dst>
      <dst id="6">22.2667</dst>
      <dst id="16">1.4044</dst>
      <dst id="14">104.2400</dst>
      <dst id="11">3685.1822</dst>
      <dst id="9">2309.2622</dst>
      <dst id="17">8877.6356</dst>
      <dst id="21">1113.4844</dst>
    </src>
    <src id="7">
      <dst id="12">6292.5156</dst>
      <dst id="13">5565.4756</dst>
      <dst id="19">6182.3911</dst>
      <dst id="23">1234.1600</dst>
      <dst id="8">667.9556</dst>
      <dst id="18">583.3156</dst>
      <dst id="4">22478.5067</dst>
      <dst id="1">32187.2622</dst>
      <dst id="5">2190.3111</dst>
      <dst id="3">14430.5867</dst>
      <dst id="22">5201.9911</dst>
      <dst id="7">693.9022</dst>
      <dst id="2">5749.8133</dst>
      <dst id="6">196.8711</dst>
      <dst id="16">19688.2578</dst>
      <dst id="14">370.5689</dst>
      <dst id="20">4178.2489</dst>
      <dst id="11">185708.9422</dst>
      <dst id="9">6357.6800</dst>
      <dst id="17">20256.2044</dst>
      <dst id="21">8918.4622</dst>
      <dst id="15">531.1378</dst>
    </src>
    <src id="2">
      <dst id="12">155671.8133</dst>
      <dst id="13">516467.2178</dst>
      <dst id="19">2222.3289</dst>
      <dst id="23">53.4756</dst>
      <dst id="8">1628.6222</dst>
      <dst id="18">138314.5689</dst>
      <dst id="4">81128.3911</dst>
      <dst id="1">8480.5156</dst>
      <dst id="5">1502.6044</dst>
      <dst id="3">3810.2933</dst>
      <dst id="22">6400.7556</dst>
      <dst id="7">14592.2489</dst>
      <dst id="2">2018.0978</dst>
      <dst id="6">14171.0578</dst>
      <dst id="16">1038.8000</dst>
      <dst id="14">6263.2089</dst>
      <dst id="20">2942.5333</dst>
      <dst id="11">12685.5378</dst>
      <dst id="9">3716.8978</dst>
      <dst id="17">66624.5422</dst>
      <dst id="21">15172.2044</dst>
      <dst id="15">4190.3733</dst>
    </src>
    <src id="6">
      <dst id="12">12353.5111</dst>
      <dst id="13">64.8178</dst>
      <dst id="19">110.1333</dst>
      <dst id="23">40.1867</dst>
      <dst id="18">1.3689</dst>
      <dst id="4">1210.5067</dst>
      <dst id="1">117.5378</dst>
      <dst id="5">24.0000</dst>
      <dst id="3">32.2578</dst>
      <dst id="22">85.7333</dst>
      <dst id="7">203.7422</dst>
      <dst id="2">3200.9511</dst>
      <dst id="16">118.8267</dst>
      <dst id="14">11.4667</dst>
      <dst id="20">3.8756</dst>
      <dst id="11">108.5956</dst>
      <dst id="9">18.2756</dst>
      <dst id="17">2330.1156</dst>
      <dst id="21">39.1822</dst>
      <dst id="15">1.0667</dst>
    </src>
    <src id="16">
      <dst id="12">3269.2000</dst>
      <dst id="13">673.7778</dst>
      <dst id="19">4321.5467</dst>
      <dst id="23">78.3467</dst>
      <dst id="8">14601.9733</dst>
      <dst id="18">48.8533</dst>
      <dst id="4">8400.9778</dst>
      <dst id="1">26040.8978</dst>
      <dst id="5">8643.8489</dst>
      <dst id="3">687.5644</dst>
      <dst id="7">5073.5378</dst>
      <dst id="2">3304.0267</dst>
      <dst id="6">3.8400</dst>
      <dst id="16">45.8667</dst>
      <dst id="14">321.5289</dst>
      <dst id="11">1216.7289</dst>
      <dst id="9">34088.4978</dst>
      <dst id="17">13271.8133</dst>
      <dst id="21">4294.4711</dst>
    </src>
    <src id="14">
      <dst id="12">24964.3822</dst>
      <dst id="13">164.7111</dst>
      <dst id="19">57.3156</dst>
      <dst id="23">19.6089</dst>
      <dst id="18">3.9200</dst>
      <dst id="4">2731.7333</dst>
      <dst id="1">288.9600</dst>
      <dst id="5">17.7422</dst>
      <dst id="3">134.8089</dst>
      <dst id="22">1366.3556</dst>
      <dst id="7">219.5556</dst>
      <dst id="2">7522.0267</dst>
      <dst id="6">0.4089</dst>
      <dst id="16">17.1022</dst>
      <dst id="20">13.8844</dst>
      <dst id="11">90.7200</dst>
      <dst id="9">16.4622</dst>
      <dst id="17">10614.6400</dst>
      <dst id="21">137.8044</dst>
      <dst id="15">26.0622</dst>
    </src>
    <src id="20">
      <dst id="12">3837.8222</dst>
      <dst id="13">3960.1244</dst>
      <dst id="19">3168.1511</dst>
      <dst id="23">12.6222</dst>
      <dst id="8">335.8133</dst>
      <dst id="18">61.2800</dst>
      <dst id="4">7869.9733</dst>
      <dst id="1">358.9333</dst>
      <dst id="5">778.7200</dst>
      <dst id="3">2022.7467</dst>
      <dst id="7">5702.7822</dst>
      <dst id="2">6546.1422</dst>
      <dst id="6">31.6711</dst>
      <dst id="14">50.8444</dst>
      <dst id="11">2571.4311</dst>
      <dst id="9">7282.9333</dst>
      <dst id="17">4990.7556</dst>
      <dst id="21">2183.2000</dst>
    </src>
    <src id="11">
      <dst id="12">448470.3200</dst>
      <dst id="13">5487.1644</dst>
      <dst id="19">688.0978</dst>
      <dst id="23">157.0311</dst>
      <dst id="8">1801.0933</dst>
      <dst id="18">2756.1333</dst>
      <dst id="4">13909.4222</dst>
      <dst id="1">1082.4533</dst>
      <dst id="5">4634.9600</dst>
      <dst id="3">1979.7333</dst>
      <dst id="22">5351.7244</dst>
      <dst id="7">5904.4444</dst>
      <dst id="2">175432.7467</dst>
      <dst id="6">133.9378</dst>
      <dst id="16">1522.0978</dst>
      <dst id="14">815.0667</dst>
      <dst id="20">1731.1911</dst>
      <dst id="11">2784.9778</dst>
      <dst id="9">2106.4356</dst>
      <dst id="17">178023.7422</dst>
      <dst id="21">418.0267</dst>
      <dst id="15">183.2000</dst>
    </src>
    <src id="9">
      <dst id="12">509487.4311</dst>
      <dst id="13">10710.4178</dst>
      <dst id="19">33.0844</dst>
      <dst id="23">68.5244</dst>
      <dst id="8">3630.8356</dst>
      <dst id="18">787.1733</dst>
      <dst id="4">10943.5644</dst>
      <dst id="1">2815.2800</dst>
      <dst id="5">4993.5822</dst>
      <dst id="3">60.8267</dst>
      <dst id="22">4324.5156</dst>
      <dst id="7">774.8533</dst>
      <dst id="2">189250.6578</dst>
      <dst id="6">2.5778</dst>
      <dst id="16">2167.4756</dst>
      <dst id="14">36.1067</dst>
      <dst id="20">6648.9333</dst>
      <dst id="11">1221.4844</dst>
      <dst id="9">1784.8000</dst>
      <dst id="17">199523.2800</dst>
      <dst id="21">1570.0356</dst>
      <dst id="15">3141.8933</dst>
    </src>
    <src id="17">
      <dst id="12">23477.3867</dst>
      <dst id="13">10347.7333</dst>
      <dst id="19">1261.6978</dst>
      <dst id="23">756.2756</dst>
      <dst id="8">202878.9333</dst>
      <dst id="18">664.3467</dst>
      <dst id="4">66609.0667</dst>
      <dst id="1">6244.2400</dst>
      <dst id="5">259493.3689</dst>
      <dst id="3">14491.2089</dst>
      <dst id="22">11485.1289</dst>
      <dst id="7">13411.1200</dst>
      <dst id="2">15997.9733</dst>
      <dst id="6">680.4356</dst>
      <dst id="16">19912.9422</dst>
      <dst id="14">40364.5422</dst>
      <dst id="20">1592.7467</dst>
      <dst id="11">258095.5822</dst>
      <dst id="9">345488.5511</dst>
      <dst id="17">2515.1289</dst>
      <dst id="21">20829.8044</dst>
      <dst id="15">1215.7511</dst>
    </src>
    <src id="21">
      <dst id="12">20409.7600</dst>
      <dst id="13">2012.9422</dst>
      <dst id="19">2655.5200</dst>
      <dst id="23">1663.0133</dst>
      <dst id="8">325.3778</dst>
      <dst id="18">1009.0489</dst>
      <dst id="4">20659.4578</dst>
      <dst id="1">11107.7511</dst>
      <dst id="5">604.2844</dst>
      <dst id="3">7496.5333</dst>
      <dst id="22">2062.1778</dst>
      <dst id="7">7142.9511</dst>
      <dst id="2">10536.5600</dst>
      <dst id="6">4.3111</dst>
      <dst id="16">809.1644</dst>
      <dst id="14">101.5556</dst>
      <dst id="20">454.0178</dst>
      <dst id="11">2368.9333</dst>
      <dst id="9">1329.1200</dst>
      <dst id="17">10379.7333</dst>
      <dst id="21">3776.1422</dst>
      <dst id="15">1727.7422</dst>
    </src>
    <src id="15">
      <dst id="12">5374.2489</dst>
      <dst id="13">588.4267</dst>
      <dst id="19">8083.5556</dst>
      <dst id="23">0.7822</dst>
      <dst id="8">193.8133</dst>
      <dst id="18">5.3156</dst>
      <dst id="4">2223.2089</dst>
      <dst id="1">1694.0267</dst>
      <dst id="5">736.5422</dst>
      <dst id="3">1.0844</dst>
      <dst id="7">625.0222</dst>
      <dst id="2">171.5022</dst>
      <dst id="6">15.4667</dst>
      <dst id="16">0.4089</dst>
      <dst id="14">192.7467</dst>
      <dst id="11">153.3689</dst>
      <dst id="9">860.9778</dst>
      <dst id="17">388.8178</dst>
      <dst id="21">3203.5467</dst>
    </src>
  </IntraTM>
</TrafficMatrixFile>
