<?xml version="1.0" encoding="UTF-8" standalone="yes"?>
<TrafficMatrixFile xmlns:xsi="http://www.w3.org/2001/XMLSchema-instance" xsi:noNamespaceSchemaLocation="http://totem.run.montefiore.ulg.ac.be/Schema/TrafficMatrix-v1_2.xsd">
  <info>
    <title>Intradomain traffic matrix generated by geant-TM-all.pl</title>
    <date>2005-01-05T00:00:00</date>
    <duration>900</duration>
    <author>Steve Uhlig</author>
    <units>
        <unit type="bandwidth" value="kbps"/>
    </units>
  </info>
  <IntraTM ASID="20965">
    <src id="12">
      <dst id="12">247742.9867</dst>
      <dst id="13">18685.6000</dst>
      <dst id="19">4795.8400</dst>
      <dst id="23">61.0044</dst>
      <dst id="8">4553.2533</dst>
      <dst id="18">721.6711</dst>
      <dst id="4">72779.7867</dst>
      <dst id="1">17126.9867</dst>
      <dst id="5">4925.8489</dst>
      <dst id="3">965.8311</dst>
      <dst id="22">11042.6044</dst>
      <dst id="7">3954.2489</dst>
      <dst id="2">84479.4578</dst>
      <dst id="6">8.1333</dst>
      <dst id="16">11105.9467</dst>
      <dst id="14">9495.7600</dst>
      <dst id="20">4144.5600</dst>
      <dst id="11">9405.1556</dst>
      <dst id="9">4495.3067</dst>
      <dst id="17">93426.6667</dst>
      <dst id="21">2655.7867</dst>
      <dst id="15">6714.6133</dst>
    </src>
    <src id="13">
      <dst id="12">44467.5200</dst>
      <dst id="19">10412.3911</dst>
      <dst id="23">82.4089</dst>
      <dst id="8">2936.0622</dst>
      <dst id="18">2291.3333</dst>
      <dst id="1">3385.7867</dst>
      <dst id="5">5477.5644</dst>
      <dst id="3">8535.0133</dst>
      <dst id="22">22239.1556</dst>
      <dst id="7">9657.4578</dst>
      <dst id="2">86201.3511</dst>
      <dst id="6">337.6978</dst>
      <dst id="16">8997.6889</dst>
      <dst id="14">3625.5911</dst>
      <dst id="20">8805.4489</dst>
      <dst id="11">12855.8222</dst>
      <dst id="9">8744.4889</dst>
      <dst id="17">54407.1200</dst>
      <dst id="21">6062.5867</dst>
      <dst id="15">6727.4222</dst>
    </src>
    <src id="19">
      <dst id="12">16772.3556</dst>
      <dst id="13">337.7511</dst>
      <dst id="23">0.8178</dst>
      <dst id="8">2.4889</dst>
      <dst id="18">1892.8000</dst>
      <dst id="4">12819.6622</dst>
      <dst id="1">1106.5956</dst>
      <dst id="5">209.6356</dst>
      <dst id="3">1.0844</dst>
      <dst id="22">55.1022</dst>
      <dst id="7">8616.7822</dst>
      <dst id="2">367.4578</dst>
      <dst id="6">75.9911</dst>
      <dst id="16">4947.4222</dst>
      <dst id="20">44.6222</dst>
      <dst id="11">33.6800</dst>
      <dst id="9">130.9600</dst>
      <dst id="17">729.9911</dst>
      <dst id="21">685.3156</dst>
      <dst id="15">3.5111</dst>
    </src>
    <src id="23">
      <dst id="12">205.0756</dst>
      <dst id="13">303.2089</dst>
      <dst id="19">5.6178</dst>
      <dst id="18">1.8133</dst>
      <dst id="4">16.0267</dst>
      <dst id="1">32.0267</dst>
      <dst id="5">13.9289</dst>
      <dst id="3">272.4533</dst>
      <dst id="22">403.7600</dst>
      <dst id="7">68.7911</dst>
      <dst id="2">24.1689</dst>
      <dst id="6">82.9156</dst>
      <dst id="16">407.2444</dst>
      <dst id="14">27.4133</dst>
      <dst id="20">88.7378</dst>
      <dst id="11">87.2000</dst>
      <dst id="9">3749.9467</dst>
      <dst id="17">467.8578</dst>
      <dst id="21">28.4444</dst>
      <dst id="15">0.7644</dst>
    </src>
    <src id="8">
      <dst id="12">346338.5422</dst>
      <dst id="13">393.6711</dst>
      <dst id="19">5.9200</dst>
      <dst id="18">85.0578</dst>
      <dst id="4">9290.7111</dst>
      <dst id="1">494.2133</dst>
      <dst id="5">1410.4711</dst>
      <dst id="3">38.6222</dst>
      <dst id="22">865.0578</dst>
      <dst id="7">54.2489</dst>
      <dst id="2">127432.2311</dst>
      <dst id="6">0.7111</dst>
      <dst id="16">1097.3778</dst>
      <dst id="14">1.9556</dst>
      <dst id="20">2168.2667</dst>
      <dst id="11">44.3289</dst>
      <dst id="9">233.2533</dst>
      <dst id="17">130643.8489</dst>
      <dst id="21">194.9422</dst>
      <dst id="15">63.9200</dst>
    </src>
    <src id="18">
      <dst id="12">98082.8267</dst>
      <dst id="13">530.7822</dst>
      <dst id="19">27.0400</dst>
      <dst id="23">40.6933</dst>
      <dst id="8">91.6622</dst>
      <dst id="4">1046.0711</dst>
      <dst id="1">1420.8178</dst>
      <dst id="5">245.4311</dst>
      <dst id="3">86.8089</dst>
      <dst id="22">160.9244</dst>
      <dst id="7">16.2044</dst>
      <dst id="2">29333.1022</dst>
      <dst id="16">34.1956</dst>
      <dst id="14">4.8356</dst>
      <dst id="20">13.0489</dst>
      <dst id="11">84.1689</dst>
      <dst id="9">5.1733</dst>
      <dst id="17">35486.3378</dst>
      <dst id="21">60.5867</dst>
      <dst id="15">1.8400</dst>
    </src>
    <src id="4">
      <dst id="12">15484.2133</dst>
      <dst id="19">14766.5511</dst>
      <dst id="23">0.4622</dst>
      <dst id="8">1161.6800</dst>
      <dst id="18">849.9822</dst>
      <dst id="4">1.0311</dst>
      <dst id="1">112074.9689</dst>
      <dst id="5">1721.5378</dst>
      <dst id="3">316.6667</dst>
      <dst id="22">3352.0444</dst>
      <dst id="7">33461.1644</dst>
      <dst id="2">73642.0533</dst>
      <dst id="6">4.4178</dst>
      <dst id="16">2453.2533</dst>
      <dst id="14">2745.6800</dst>
      <dst id="20">791.4044</dst>
      <dst id="11">3030.0889</dst>
      <dst id="9">2577.5289</dst>
      <dst id="17">32682.6844</dst>
      <dst id="21">2760.1867</dst>
      <dst id="15">125.0133</dst>
    </src>
    <src id="1">
      <dst id="12">22718.1067</dst>
      <dst id="13">1481.0667</dst>
      <dst id="19">131.8578</dst>
      <dst id="23">51.5556</dst>
      <dst id="8">128605.4222</dst>
      <dst id="18">17730.7644</dst>
      <dst id="4">16214.4711</dst>
      <dst id="1">9747.9733</dst>
      <dst id="5">255176.4889</dst>
      <dst id="3">33.3422</dst>
      <dst id="22">1941.4667</dst>
      <dst id="7">1533.9556</dst>
      <dst id="2">4455.9467</dst>
      <dst id="6">10697.9733</dst>
      <dst id="16">7614.0800</dst>
      <dst id="14">233.1644</dst>
      <dst id="20">97.1467</dst>
      <dst id="11">2186.2133</dst>
      <dst id="9">240441.5378</dst>
      <dst id="17">5497.9556</dst>
      <dst id="21">13994.7644</dst>
      <dst id="15">99.4844</dst>
    </src>
    <src id="5">
      <dst id="12">309569.5200</dst>
      <dst id="13">1621.8044</dst>
      <dst id="19">42.9867</dst>
      <dst id="23">0.3556</dst>
      <dst id="8">8087.1200</dst>
      <dst id="18">1342.8978</dst>
      <dst id="4">4073.6089</dst>
      <dst id="1">625.2622</dst>
      <dst id="3">0.9244</dst>
      <dst id="22">5933.5644</dst>
      <dst id="7">150.0711</dst>
      <dst id="2">146155.2889</dst>
      <dst id="6">24.8178</dst>
      <dst id="16">883.8400</dst>
      <dst id="14">5.6000</dst>
      <dst id="20">1509.9378</dst>
      <dst id="11">658.6933</dst>
      <dst id="9">2262.6222</dst>
      <dst id="17">124407.2356</dst>
      <dst id="21">166.6044</dst>
      <dst id="15">183.1200</dst>
    </src>
    <src id="3">
      <dst id="12">105940.2133</dst>
      <dst id="13">1167.6711</dst>
      <dst id="19">757.0489</dst>
      <dst id="23">8797.3689</dst>
      <dst id="8">37.2089</dst>
      <dst id="18">56450.0000</dst>
      <dst id="4">14634.6756</dst>
      <dst id="1">6760.8889</dst>
      <dst id="5">556.7822</dst>
      <dst id="3">9518.8089</dst>
      <dst id="22">297.1111</dst>
      <dst id="7">693.6444</dst>
      <dst id="2">6541.8667</dst>
      <dst id="6">1.4844</dst>
      <dst id="16">945.2978</dst>
      <dst id="14">52066.6667</dst>
      <dst id="20">100.0267</dst>
      <dst id="11">132895.9733</dst>
      <dst id="9">105.1822</dst>
      <dst id="17">7087.6444</dst>
      <dst id="21">12882.0889</dst>
      <dst id="15">66.6400</dst>
    </src>
    <src id="10">
      <dst id="12">13830.3022</dst>
      <dst id="19">3405.2356</dst>
      <dst id="8">2592.4000</dst>
      <dst id="18">3480.1778</dst>
      <dst id="1">2462.8089</dst>
      <dst id="5">3064.7289</dst>
      <dst id="3">2555.9289</dst>
      <dst id="22">6896.2933</dst>
      <dst id="7">11540.8889</dst>
      <dst id="2">24346.0178</dst>
      <dst id="6">1.0311</dst>
      <dst id="16">3348.2844</dst>
      <dst id="14">5709.7333</dst>
      <dst id="20">1224.6844</dst>
      <dst id="11">6258.6844</dst>
      <dst id="9">5888.4711</dst>
      <dst id="17">16599.2978</dst>
      <dst id="21">6148.6844</dst>
      <dst id="15">84.4800</dst>
    </src>
    <src id="22">
      <dst id="12">9903.3956</dst>
      <dst id="13">3843.3778</dst>
      <dst id="19">540.5511</dst>
      <dst id="23">257.3333</dst>
      <dst id="8">697.0489</dst>
      <dst id="18">888.5244</dst>
      <dst id="4">12833.4044</dst>
      <dst id="1">861.1911</dst>
      <dst id="5">4751.6711</dst>
      <dst id="3">798.1422</dst>
      <dst id="7">692.1244</dst>
      <dst id="2">3934.1333</dst>
      <dst id="6">2.1244</dst>
      <dst id="16">1.3689</dst>
      <dst id="14">257.5644</dst>
      <dst id="11">2432.8444</dst>
      <dst id="9">13214.8711</dst>
      <dst id="17">3635.8756</dst>
      <dst id="21">177.3244</dst>
    </src>
    <src id="7">
      <dst id="12">3740.5422</dst>
      <dst id="13">204.6133</dst>
      <dst id="19">4703.7778</dst>
      <dst id="23">181.0667</dst>
      <dst id="8">354.7378</dst>
      <dst id="18">99.5556</dst>
      <dst id="4">10052.9600</dst>
      <dst id="1">912.4356</dst>
      <dst id="5">731.0756</dst>
      <dst id="3">312.7111</dst>
      <dst id="22">3170.6667</dst>
      <dst id="7">902.8978</dst>
      <dst id="2">5967.1378</dst>
      <dst id="6">43.9200</dst>
      <dst id="16">1844.2222</dst>
      <dst id="14">324.5600</dst>
      <dst id="20">347.4133</dst>
      <dst id="11">778.3733</dst>
      <dst id="9">896.7022</dst>
      <dst id="17">9462.3911</dst>
      <dst id="21">1183.1289</dst>
      <dst id="15">366.0622</dst>
    </src>
    <src id="2">
      <dst id="12">82030.8533</dst>
      <dst id="13">522737.9378</dst>
      <dst id="19">334.4533</dst>
      <dst id="23">4.6489</dst>
      <dst id="8">89.2711</dst>
      <dst id="18">49238.6400</dst>
      <dst id="4">84978.8000</dst>
      <dst id="1">6087.0133</dst>
      <dst id="5">1688.2400</dst>
      <dst id="3">385.3067</dst>
      <dst id="22">10467.4400</dst>
      <dst id="7">3761.2089</dst>
      <dst id="2">939.5644</dst>
      <dst id="6">8729.8667</dst>
      <dst id="16">5012.4356</dst>
      <dst id="14">3719.7511</dst>
      <dst id="20">428.1422</dst>
      <dst id="11">2711.6267</dst>
      <dst id="9">776.1778</dst>
      <dst id="17">51481.1556</dst>
      <dst id="21">3050.6222</dst>
      <dst id="15">937.7600</dst>
    </src>
    <src id="6">
      <dst id="12">10907.2356</dst>
      <dst id="13">11.0578</dst>
      <dst id="19">13.3333</dst>
      <dst id="23">1.8667</dst>
      <dst id="4">1301.5733</dst>
      <dst id="1">26.4267</dst>
      <dst id="5">0.3556</dst>
      <dst id="3">0.3556</dst>
      <dst id="22">14.6933</dst>
      <dst id="7">1.8311</dst>
      <dst id="2">3035.5289</dst>
      <dst id="16">39.4933</dst>
      <dst id="20">0.4267</dst>
      <dst id="11">1.6800</dst>
      <dst id="9">14.6578</dst>
      <dst id="17">1363.9022</dst>
      <dst id="21">3.9644</dst>
    </src>
    <src id="16">
      <dst id="12">2763.6267</dst>
      <dst id="13">439.6089</dst>
      <dst id="19">3255.4133</dst>
      <dst id="23">48.4711</dst>
      <dst id="8">11139.7778</dst>
      <dst id="18">11.3156</dst>
      <dst id="4">2839.8933</dst>
      <dst id="1">12320.2578</dst>
      <dst id="5">4450.7644</dst>
      <dst id="3">66.0711</dst>
      <dst id="7">2482.1600</dst>
      <dst id="2">730.6933</dst>
      <dst id="6">43.3600</dst>
      <dst id="16">65.3689</dst>
      <dst id="14">378.4978</dst>
      <dst id="11">709.9022</dst>
      <dst id="9">7443.9733</dst>
      <dst id="17">1869.1378</dst>
      <dst id="21">2651.9289</dst>
    </src>
    <src id="14">
      <dst id="12">18904.7200</dst>
      <dst id="13">23.6889</dst>
      <dst id="19">7.6267</dst>
      <dst id="23">1.1200</dst>
      <dst id="8">0.3556</dst>
      <dst id="18">15.3156</dst>
      <dst id="4">2490.0800</dst>
      <dst id="1">134.7378</dst>
      <dst id="5">1.6711</dst>
      <dst id="3">62.9867</dst>
      <dst id="22">67.2622</dst>
      <dst id="7">67.4400</dst>
      <dst id="2">7761.1556</dst>
      <dst id="16">10.5244</dst>
      <dst id="20">3.1200</dst>
      <dst id="11">47.2444</dst>
      <dst id="9">56.1778</dst>
      <dst id="17">11122.0267</dst>
      <dst id="21">48.9333</dst>
      <dst id="15">1.3422</dst>
    </src>
    <src id="20">
      <dst id="12">2207.6711</dst>
      <dst id="13">14332.4444</dst>
      <dst id="19">33.0222</dst>
      <dst id="23">1.1733</dst>
      <dst id="8">399.0756</dst>
      <dst id="18">1.9289</dst>
      <dst id="4">9438.2933</dst>
      <dst id="1">115.9378</dst>
      <dst id="5">4448.4889</dst>
      <dst id="3">163.2089</dst>
      <dst id="7">57.4933</dst>
      <dst id="2">7757.5289</dst>
      <dst id="14">1.4311</dst>
      <dst id="11">861.7244</dst>
      <dst id="9">6448.8178</dst>
      <dst id="17">14625.2889</dst>
      <dst id="21">215.1111</dst>
    </src>
    <src id="11">
      <dst id="12">375221.4578</dst>
      <dst id="13">5070.9511</dst>
      <dst id="19">138.5333</dst>
      <dst id="23">0.8178</dst>
      <dst id="8">147.5733</dst>
      <dst id="18">41.6000</dst>
      <dst id="4">9658.5511</dst>
      <dst id="1">468.0178</dst>
      <dst id="5">2284.8711</dst>
      <dst id="3">317.5822</dst>
      <dst id="22">1616.7289</dst>
      <dst id="7">171.6978</dst>
      <dst id="2">156997.3600</dst>
      <dst id="16">170.0089</dst>
      <dst id="14">331.7333</dst>
      <dst id="20">1503.1733</dst>
      <dst id="11">1133.7778</dst>
      <dst id="9">1352.0978</dst>
      <dst id="17">166603.2533</dst>
      <dst id="21">350.8711</dst>
      <dst id="15">43.3600</dst>
    </src>
    <src id="9">
      <dst id="12">440692.3822</dst>
      <dst id="13">2947.9200</dst>
      <dst id="19">2538.1511</dst>
      <dst id="23">144.7200</dst>
      <dst id="8">308.8267</dst>
      <dst id="18">38.4978</dst>
      <dst id="4">6798.5422</dst>
      <dst id="1">2923.4400</dst>
      <dst id="5">12759.5289</dst>
      <dst id="3">85.3511</dst>
      <dst id="22">4240.3556</dst>
      <dst id="7">323.1556</dst>
      <dst id="2">178418.8889</dst>
      <dst id="6">1.1556</dst>
      <dst id="16">622.9867</dst>
      <dst id="14">52.7200</dst>
      <dst id="20">1695.5733</dst>
      <dst id="11">1239.3600</dst>
      <dst id="9">9608.6222</dst>
      <dst id="17">161992.7644</dst>
      <dst id="21">81.6267</dst>
      <dst id="15">721.0044</dst>
    </src>
    <src id="17">
      <dst id="12">13734.4800</dst>
      <dst id="13">3554.9333</dst>
      <dst id="19">240.5244</dst>
      <dst id="23">173.2978</dst>
      <dst id="8">137587.8667</dst>
      <dst id="18">147.2444</dst>
      <dst id="4">32352.2933</dst>
      <dst id="1">841.7156</dst>
      <dst id="5">227864.2756</dst>
      <dst id="3">4046.1156</dst>
      <dst id="22">7642.7467</dst>
      <dst id="7">1353.5644</dst>
      <dst id="2">40601.9289</dst>
      <dst id="6">999.3867</dst>
      <dst id="16">4170.3644</dst>
      <dst id="14">42451.3689</dst>
      <dst id="20">1610.6844</dst>
      <dst id="11">107890.9333</dst>
      <dst id="9">187234.7111</dst>
      <dst id="17">2040.7911</dst>
      <dst id="21">12494.3200</dst>
      <dst id="15">107.4133</dst>
    </src>
    <src id="21">
      <dst id="12">12160.5956</dst>
      <dst id="13">3320.7022</dst>
      <dst id="19">200.7378</dst>
      <dst id="23">4.1067</dst>
      <dst id="8">11.4222</dst>
      <dst id="18">223.4400</dst>
      <dst id="4">12846.7289</dst>
      <dst id="1">2330.1600</dst>
      <dst id="5">236.8889</dst>
      <dst id="3">690.2133</dst>
      <dst id="22">1028.3289</dst>
      <dst id="7">1670.6400</dst>
      <dst id="2">10696.9333</dst>
      <dst id="6">68.7467</dst>
      <dst id="16">252.9333</dst>
      <dst id="14">182.8800</dst>
      <dst id="20">381.0667</dst>
      <dst id="11">969.6356</dst>
      <dst id="9">267.3600</dst>
      <dst id="17">3823.6178</dst>
      <dst id="21">488.3378</dst>
      <dst id="15">70.9156</dst>
    </src>
    <src id="15">
      <dst id="12">5665.6533</dst>
      <dst id="13">813.6267</dst>
      <dst id="19">58.2667</dst>
      <dst id="23">7.7067</dst>
      <dst id="8">406.4000</dst>
      <dst id="18">0.6400</dst>
      <dst id="4">658.3467</dst>
      <dst id="1">651.2889</dst>
      <dst id="5">120.6933</dst>
      <dst id="3">29.4578</dst>
      <dst id="7">5.1644</dst>
      <dst id="2">474.4622</dst>
      <dst id="6">2.3022</dst>
      <dst id="14">0.4267</dst>
      <dst id="11">216.6400</dst>
      <dst id="9">1894.2133</dst>
      <dst id="17">263.4222</dst>
      <dst id="21">94.2933</dst>
    </src>
  </IntraTM>
</TrafficMatrixFile>
