<?xml version="1.0" encoding="UTF-8" standalone="yes"?>
<TrafficMatrixFile xmlns:xsi="http://www.w3.org/2001/XMLSchema-instance" xsi:noNamespaceSchemaLocation="http://totem.run.montefiore.ulg.ac.be/Schema/TrafficMatrix-v1_2.xsd">
  <info>
    <title>Intradomain traffic matrix generated by geant-TM-all.pl</title>
    <date>2005-01-01T03:30:00</date>
    <duration>900</duration>
    <author>Steve Uhlig</author>
    <units>
        <unit type="bandwidth" value="kbps"/>
    </units>
  </info>
  <IntraTM ASID="20965">
    <src id="12">
      <dst id="12">317377.1289</dst>
      <dst id="13">23455.0044</dst>
      <dst id="19">4532.0000</dst>
      <dst id="23">12489.4133</dst>
      <dst id="8">5119.5644</dst>
      <dst id="18">1468.7733</dst>
      <dst id="4">145669.8222</dst>
      <dst id="1">7282.5600</dst>
      <dst id="5">6132.8622</dst>
      <dst id="3">9507.6000</dst>
      <dst id="22">12556.8267</dst>
      <dst id="7">10503.2622</dst>
      <dst id="2">114147.7600</dst>
      <dst id="6">21.1644</dst>
      <dst id="16">13122.5244</dst>
      <dst id="14">181.1822</dst>
      <dst id="20">3228.7733</dst>
      <dst id="11">4381.3156</dst>
      <dst id="9">18935.2356</dst>
      <dst id="17">84654.3911</dst>
      <dst id="21">28806.3111</dst>
      <dst id="15">4225.0844</dst>
    </src>
    <src id="13">
      <dst id="12">94062.1156</dst>
      <dst id="19">21303.4844</dst>
      <dst id="23">132.3022</dst>
      <dst id="8">3368.5689</dst>
      <dst id="18">9596.5956</dst>
      <dst id="4">3.3067</dst>
      <dst id="1">8836.0622</dst>
      <dst id="5">25626.9156</dst>
      <dst id="3">13725.3689</dst>
      <dst id="22">27332.6844</dst>
      <dst id="7">22857.5556</dst>
      <dst id="2">147732.6400</dst>
      <dst id="6">226.5333</dst>
      <dst id="16">18142.8089</dst>
      <dst id="14">2968.3467</dst>
      <dst id="20">13973.5378</dst>
      <dst id="11">18420.2756</dst>
      <dst id="9">22562.3733</dst>
      <dst id="17">265736.9600</dst>
      <dst id="21">39551.1644</dst>
      <dst id="15">4140.2311</dst>
    </src>
    <src id="19">
      <dst id="12">16819.8667</dst>
      <dst id="13">3120.0978</dst>
      <dst id="23">15.3422</dst>
      <dst id="8">219.3511</dst>
      <dst id="18">129.4933</dst>
      <dst id="4">23396.9778</dst>
      <dst id="1">61.2889</dst>
      <dst id="5">3.1644</dst>
      <dst id="3">363.6800</dst>
      <dst id="22">875.4933</dst>
      <dst id="7">3340.4444</dst>
      <dst id="2">1515.1111</dst>
      <dst id="6">348.6489</dst>
      <dst id="16">7590.5067</dst>
      <dst id="14">1.9111</dst>
      <dst id="20">100.5067</dst>
      <dst id="11">219.1822</dst>
      <dst id="9">100.1067</dst>
      <dst id="17">1328.3200</dst>
      <dst id="21">1243.3511</dst>
      <dst id="15">1.0667</dst>
    </src>
    <src id="23">
      <dst id="12">644.7822</dst>
      <dst id="13">409.7511</dst>
      <dst id="19">28.3200</dst>
      <dst id="8">118.9689</dst>
      <dst id="18">142.2578</dst>
      <dst id="4">117.7600</dst>
      <dst id="1">50.0267</dst>
      <dst id="5">27.2356</dst>
      <dst id="3">377.1111</dst>
      <dst id="22">1039.7244</dst>
      <dst id="7">516.8000</dst>
      <dst id="2">94.0711</dst>
      <dst id="16">31.5378</dst>
      <dst id="20">99.8400</dst>
      <dst id="11">27.6978</dst>
      <dst id="9">378.2133</dst>
      <dst id="17">1191.2889</dst>
      <dst id="21">682.0711</dst>
      <dst id="15">26.6667</dst>
    </src>
    <src id="8">
      <dst id="12">384442.3200</dst>
      <dst id="13">12011.1822</dst>
      <dst id="19">196.7733</dst>
      <dst id="23">871.1467</dst>
      <dst id="18">22.0178</dst>
      <dst id="4">9715.4044</dst>
      <dst id="1">247.8400</dst>
      <dst id="5">2794.9778</dst>
      <dst id="3">149.6267</dst>
      <dst id="22">1213.0400</dst>
      <dst id="7">75.2533</dst>
      <dst id="2">142696.4889</dst>
      <dst id="16">560.8889</dst>
      <dst id="14">1.6267</dst>
      <dst id="20">449.5200</dst>
      <dst id="11">1926.4267</dst>
      <dst id="9">199.3867</dst>
      <dst id="17">97386.8178</dst>
      <dst id="21">663.0756</dst>
      <dst id="15">118.3200</dst>
    </src>
    <src id="18">
      <dst id="12">148875.2889</dst>
      <dst id="13">817.4933</dst>
      <dst id="19">26.9422</dst>
      <dst id="23">5.2889</dst>
      <dst id="8">38.9333</dst>
      <dst id="4">2729.4133</dst>
      <dst id="1">1016.7644</dst>
      <dst id="5">806.0178</dst>
      <dst id="3">203.8933</dst>
      <dst id="22">806.5244</dst>
      <dst id="7">248.7111</dst>
      <dst id="2">43394.6933</dst>
      <dst id="16">23.3067</dst>
      <dst id="14">44.6489</dst>
      <dst id="20">21.0044</dst>
      <dst id="11">168.3378</dst>
      <dst id="9">290.1956</dst>
      <dst id="17">34887.9822</dst>
      <dst id="21">1422.3556</dst>
      <dst id="15">357.9022</dst>
    </src>
    <src id="4">
      <dst id="12">18033.2444</dst>
      <dst id="19">7705.7778</dst>
      <dst id="8">1285.8400</dst>
      <dst id="18">2317.4578</dst>
      <dst id="4">9.5022</dst>
      <dst id="1">3688.9333</dst>
      <dst id="5">1893.6800</dst>
      <dst id="3">28075.4311</dst>
      <dst id="22">7946.8000</dst>
      <dst id="7">45241.8756</dst>
      <dst id="2">52708.2044</dst>
      <dst id="6">27.5822</dst>
      <dst id="16">1118.1244</dst>
      <dst id="14">5186.3378</dst>
      <dst id="20">4386.6489</dst>
      <dst id="11">6615.0844</dst>
      <dst id="9">10934.0978</dst>
      <dst id="17">69435.4044</dst>
      <dst id="21">19611.0133</dst>
      <dst id="15">726.2400</dst>
    </src>
    <src id="1">
      <dst id="12">19762.2044</dst>
      <dst id="13">3238.1067</dst>
      <dst id="19">2731.5022</dst>
      <dst id="23">93.2178</dst>
      <dst id="8">160370.3644</dst>
      <dst id="18">14267.9378</dst>
      <dst id="4">28203.9733</dst>
      <dst id="1">51.3956</dst>
      <dst id="5">275068.9600</dst>
      <dst id="3">40974.0533</dst>
      <dst id="22">10413.1200</dst>
      <dst id="7">19997.6356</dst>
      <dst id="2">18146.2667</dst>
      <dst id="6">7907.0667</dst>
      <dst id="16">18305.9911</dst>
      <dst id="14">1410.5689</dst>
      <dst id="20">301.6622</dst>
      <dst id="11">1789.7244</dst>
      <dst id="9">278159.1289</dst>
      <dst id="17">1873.7422</dst>
      <dst id="21">36492.9956</dst>
      <dst id="15">6924.0889</dst>
    </src>
    <src id="5">
      <dst id="12">438115.6711</dst>
      <dst id="13">6089.8133</dst>
      <dst id="19">177.2533</dst>
      <dst id="23">203.2267</dst>
      <dst id="8">13370.3022</dst>
      <dst id="18">1162.9244</dst>
      <dst id="4">12157.6444</dst>
      <dst id="1">72.8800</dst>
      <dst id="3">954.1333</dst>
      <dst id="22">9295.9289</dst>
      <dst id="7">305.1111</dst>
      <dst id="2">180792.1778</dst>
      <dst id="6">0.5600</dst>
      <dst id="16">937.9022</dst>
      <dst id="14">429.3511</dst>
      <dst id="20">5176.8533</dst>
      <dst id="11">5269.3244</dst>
      <dst id="9">7952.3644</dst>
      <dst id="17">104744.3467</dst>
      <dst id="21">1136.7289</dst>
      <dst id="15">808.5422</dst>
    </src>
    <src id="3">
      <dst id="12">9103.7067</dst>
      <dst id="13">3586.8089</dst>
      <dst id="19">1305.7867</dst>
      <dst id="23">34.7022</dst>
      <dst id="8">175.0311</dst>
      <dst id="18">152774.8089</dst>
      <dst id="4">68899.1467</dst>
      <dst id="1">16713.4844</dst>
      <dst id="5">489.6978</dst>
      <dst id="3">17575.3156</dst>
      <dst id="22">1132.4178</dst>
      <dst id="7">6824.0444</dst>
      <dst id="2">8214.6400</dst>
      <dst id="6">2.1867</dst>
      <dst id="16">995.5467</dst>
      <dst id="14">42772.1600</dst>
      <dst id="20">671.6356</dst>
      <dst id="11">171283.9911</dst>
      <dst id="9">962.2756</dst>
      <dst id="17">18725.8400</dst>
      <dst id="21">22947.8489</dst>
      <dst id="15">54.4978</dst>
    </src>
    <src id="10">
      <dst id="12">19794.9156</dst>
      <dst id="19">3436.6578</dst>
      <dst id="8">1745.6978</dst>
      <dst id="18">4195.9467</dst>
      <dst id="1">888.0089</dst>
      <dst id="5">3211.2622</dst>
      <dst id="3">5030.5956</dst>
      <dst id="22">11639.3778</dst>
      <dst id="7">10338.4711</dst>
      <dst id="2">44813.5911</dst>
      <dst id="6">80.8267</dst>
      <dst id="16">1617.6978</dst>
      <dst id="14">789.0222</dst>
      <dst id="20">4286.1778</dst>
      <dst id="11">5600.5333</dst>
      <dst id="9">5610.2489</dst>
      <dst id="17">27626.2756</dst>
      <dst id="21">34029.7689</dst>
      <dst id="15">872.7822</dst>
    </src>
    <src id="22">
      <dst id="12">8760.4444</dst>
      <dst id="13">4628.7556</dst>
      <dst id="19">346.6578</dst>
      <dst id="23">95.3600</dst>
      <dst id="8">1446.6489</dst>
      <dst id="18">583.9111</dst>
      <dst id="4">21818.9422</dst>
      <dst id="1">323.1911</dst>
      <dst id="5">5212.2311</dst>
      <dst id="3">1692.3644</dst>
      <dst id="7">1674.0444</dst>
      <dst id="2">3710.4622</dst>
      <dst id="6">17.3956</dst>
      <dst id="16">2.2044</dst>
      <dst id="14">178.5511</dst>
      <dst id="11">3666.8444</dst>
      <dst id="9">9020.2311</dst>
      <dst id="17">14253.8489</dst>
      <dst id="21">1948.1244</dst>
    </src>
    <src id="7">
      <dst id="12">10444.6044</dst>
      <dst id="13">542.6044</dst>
      <dst id="19">789.2533</dst>
      <dst id="23">285.8489</dst>
      <dst id="8">1046.5778</dst>
      <dst id="18">543.9200</dst>
      <dst id="4">24041.7600</dst>
      <dst id="1">3879.1644</dst>
      <dst id="5">1672.3467</dst>
      <dst id="3">5859.2000</dst>
      <dst id="22">4258.1689</dst>
      <dst id="7">635.9467</dst>
      <dst id="2">12712.9778</dst>
      <dst id="6">39.9289</dst>
      <dst id="16">589.6622</dst>
      <dst id="14">265.5200</dst>
      <dst id="20">1924.5867</dst>
      <dst id="11">2132.4178</dst>
      <dst id="9">1855.4844</dst>
      <dst id="17">15453.7600</dst>
      <dst id="21">7275.2000</dst>
      <dst id="15">501.6356</dst>
    </src>
    <src id="2">
      <dst id="12">137041.8578</dst>
      <dst id="13">11215.3778</dst>
      <dst id="19">2112.4000</dst>
      <dst id="23">14.4711</dst>
      <dst id="8">296.4533</dst>
      <dst id="18">136138.4800</dst>
      <dst id="4">128995.6089</dst>
      <dst id="1">10199.4933</dst>
      <dst id="5">2856.9511</dst>
      <dst id="3">1783.7956</dst>
      <dst id="22">3850.8356</dst>
      <dst id="7">7634.9778</dst>
      <dst id="2">2117.9733</dst>
      <dst id="6">6812.8800</dst>
      <dst id="16">12894.4267</dst>
      <dst id="14">126.1600</dst>
      <dst id="20">1305.7511</dst>
      <dst id="11">4859.0489</dst>
      <dst id="9">2085.8222</dst>
      <dst id="17">45909.7156</dst>
      <dst id="21">10301.9556</dst>
      <dst id="15">800.5067</dst>
    </src>
    <src id="6">
      <dst id="12">9234.8356</dst>
      <dst id="13">6.9689</dst>
      <dst id="19">21.8311</dst>
      <dst id="18">11.3778</dst>
      <dst id="4">220.4800</dst>
      <dst id="1">24.9689</dst>
      <dst id="5">11.9289</dst>
      <dst id="3">48.2133</dst>
      <dst id="22">21.7067</dst>
      <dst id="7">0.3556</dst>
      <dst id="2">1964.9689</dst>
      <dst id="16">13.7600</dst>
      <dst id="20">42.2756</dst>
      <dst id="11">1.9556</dst>
      <dst id="17">1570.8267</dst>
      <dst id="21">34.2578</dst>
      <dst id="15">2.2400</dst>
    </src>
    <src id="16">
      <dst id="12">4574.9511</dst>
      <dst id="13">1032.1600</dst>
      <dst id="19">3981.9111</dst>
      <dst id="23">21.3778</dst>
      <dst id="8">4957.5200</dst>
      <dst id="18">83.3778</dst>
      <dst id="4">7089.2889</dst>
      <dst id="1">14160.1067</dst>
      <dst id="5">4503.6889</dst>
      <dst id="3">1419.2800</dst>
      <dst id="7">338.2667</dst>
      <dst id="2">4735.9022</dst>
      <dst id="6">12.9778</dst>
      <dst id="16">78.0889</dst>
      <dst id="11">242.3200</dst>
      <dst id="9">8932.9333</dst>
      <dst id="17">8232.3200</dst>
      <dst id="21">567.9733</dst>
    </src>
    <src id="14">
      <dst id="12">18501.0489</dst>
      <dst id="13">89.4844</dst>
      <dst id="19">6.2222</dst>
      <dst id="23">12.6222</dst>
      <dst id="8">5.1200</dst>
      <dst id="18">15.0044</dst>
      <dst id="4">3093.0844</dst>
      <dst id="1">72.2667</dst>
      <dst id="5">15.4844</dst>
      <dst id="3">77.3244</dst>
      <dst id="22">19.6356</dst>
      <dst id="7">55.2978</dst>
      <dst id="2">5964.0533</dst>
      <dst id="20">0.3467</dst>
      <dst id="11">31.4133</dst>
      <dst id="9">29.8222</dst>
      <dst id="17">4760.5600</dst>
      <dst id="21">77.4933</dst>
      <dst id="15">44.6400</dst>
    </src>
    <src id="20">
      <dst id="12">4088.7556</dst>
      <dst id="13">10385.4400</dst>
      <dst id="19">103.1200</dst>
      <dst id="23">104.1333</dst>
      <dst id="8">5890.1956</dst>
      <dst id="18">120.4089</dst>
      <dst id="4">13641.4844</dst>
      <dst id="1">198.1333</dst>
      <dst id="5">3102.4978</dst>
      <dst id="3">6595.2000</dst>
      <dst id="7">649.5200</dst>
      <dst id="2">8826.4978</dst>
      <dst id="6">0.9244</dst>
      <dst id="11">2601.8311</dst>
      <dst id="9">2897.1378</dst>
      <dst id="17">14486.2222</dst>
      <dst id="21">349.9556</dst>
    </src>
    <src id="11">
      <dst id="12">408570.3022</dst>
      <dst id="13">2331.1022</dst>
      <dst id="19">50.5156</dst>
      <dst id="23">8.4000</dst>
      <dst id="8">951.3156</dst>
      <dst id="18">751.2889</dst>
      <dst id="4">13709.3867</dst>
      <dst id="1">595.1556</dst>
      <dst id="5">1448.9956</dst>
      <dst id="3">2871.0222</dst>
      <dst id="22">2374.5333</dst>
      <dst id="7">1569.2444</dst>
      <dst id="2">181557.1556</dst>
      <dst id="6">12.8000</dst>
      <dst id="16">305.3778</dst>
      <dst id="14">197.2889</dst>
      <dst id="20">1198.1422</dst>
      <dst id="11">1752.5511</dst>
      <dst id="9">2252.8267</dst>
      <dst id="17">102558.6044</dst>
      <dst id="21">651.7778</dst>
      <dst id="15">220.8533</dst>
    </src>
    <src id="9">
      <dst id="12">525909.0667</dst>
      <dst id="13">2526.5689</dst>
      <dst id="19">1206.0267</dst>
      <dst id="23">181.4400</dst>
      <dst id="8">1016.7911</dst>
      <dst id="18">296.2311</dst>
      <dst id="4">12188.6400</dst>
      <dst id="1">400.5778</dst>
      <dst id="5">1656.0711</dst>
      <dst id="3">197.5911</dst>
      <dst id="22">6608.5067</dst>
      <dst id="7">466.6222</dst>
      <dst id="2">195969.1822</dst>
      <dst id="6">0.5689</dst>
      <dst id="16">1013.5289</dst>
      <dst id="14">6.1956</dst>
      <dst id="20">3899.5111</dst>
      <dst id="11">861.8578</dst>
      <dst id="9">1843.6800</dst>
      <dst id="17">101310.6400</dst>
      <dst id="21">4651.0756</dst>
      <dst id="15">899.2800</dst>
    </src>
    <src id="17">
      <dst id="12">19425.4933</dst>
      <dst id="13">10291.2978</dst>
      <dst id="19">13708.9867</dst>
      <dst id="23">901.6622</dst>
      <dst id="8">172734.0533</dst>
      <dst id="18">1790.3644</dst>
      <dst id="4">91288.5333</dst>
      <dst id="1">10056.4267</dst>
      <dst id="5">260059.4222</dst>
      <dst id="3">19832.1422</dst>
      <dst id="22">23851.1911</dst>
      <dst id="7">21152.7644</dst>
      <dst id="2">28439.1022</dst>
      <dst id="6">667.1289</dst>
      <dst id="16">21482.2756</dst>
      <dst id="14">44585.5467</dst>
      <dst id="20">3283.6978</dst>
      <dst id="11">126886.1244</dst>
      <dst id="9">251654.9156</dst>
      <dst id="17">2245.8844</dst>
      <dst id="21">20927.2267</dst>
      <dst id="15">785.2267</dst>
    </src>
    <src id="21">
      <dst id="12">21193.3867</dst>
      <dst id="13">1438.7822</dst>
      <dst id="19">282.5156</dst>
      <dst id="23">155.6711</dst>
      <dst id="8">1963.2178</dst>
      <dst id="18">1332.0089</dst>
      <dst id="4">28822.7733</dst>
      <dst id="1">4629.5111</dst>
      <dst id="5">1831.5111</dst>
      <dst id="3">2846.4889</dst>
      <dst id="22">3461.1111</dst>
      <dst id="7">1966.5689</dst>
      <dst id="2">18973.6444</dst>
      <dst id="6">48.5333</dst>
      <dst id="16">353.5467</dst>
      <dst id="14">139.4933</dst>
      <dst id="20">763.3778</dst>
      <dst id="11">815.5289</dst>
      <dst id="9">1349.4844</dst>
      <dst id="17">4497.5822</dst>
      <dst id="21">2756.8356</dst>
      <dst id="15">145.0044</dst>
    </src>
    <src id="15">
      <dst id="12">692.2222</dst>
      <dst id="13">3638.8178</dst>
      <dst id="19">2.2400</dst>
      <dst id="8">487.1467</dst>
      <dst id="18">97.3778</dst>
      <dst id="4">6270.1156</dst>
      <dst id="1">677.7511</dst>
      <dst id="5">543.9644</dst>
      <dst id="3">749.4133</dst>
      <dst id="7">47.6267</dst>
      <dst id="2">259.0222</dst>
      <dst id="6">26.5067</dst>
      <dst id="14">43.1200</dst>
      <dst id="11">189.8578</dst>
      <dst id="9">765.3867</dst>
      <dst id="17">1957.1200</dst>
      <dst id="21">79.7689</dst>
    </src>
  </IntraTM>
</TrafficMatrixFile>
