<?xml version="1.0" encoding="UTF-8" standalone="yes"?>
<TrafficMatrixFile xmlns:xsi="http://www.w3.org/2001/XMLSchema-instance" xsi:noNamespaceSchemaLocation="http://totem.run.montefiore.ulg.ac.be/Schema/TrafficMatrix-v1_2.xsd">
  <info>
    <title>Intradomain traffic matrix generated by geant-TM-all.pl</title>
    <date>2005-01-01T18:15:00</date>
    <duration>900</duration>
    <author>Steve Uhlig</author>
    <units>
        <unit type="bandwidth" value="kbps"/>
    </units>
  </info>
  <IntraTM ASID="20965">
    <src id="12">
      <dst id="12">378554.6400</dst>
      <dst id="13">20502.7911</dst>
      <dst id="19">5610.7200</dst>
      <dst id="23">512.5511</dst>
      <dst id="8">19331.4933</dst>
      <dst id="18">6295.3511</dst>
      <dst id="4">90576.1422</dst>
      <dst id="1">7882.7378</dst>
      <dst id="5">3019.3244</dst>
      <dst id="3">18474.4444</dst>
      <dst id="22">9775.7156</dst>
      <dst id="7">3170.4444</dst>
      <dst id="2">106367.2000</dst>
      <dst id="6">5.2533</dst>
      <dst id="16">5463.3511</dst>
      <dst id="14">3668.8622</dst>
      <dst id="20">12331.6267</dst>
      <dst id="11">12951.7422</dst>
      <dst id="9">58206.8622</dst>
      <dst id="17">74648.0889</dst>
      <dst id="21">31786.5867</dst>
      <dst id="15">4825.5467</dst>
    </src>
    <src id="13">
      <dst id="12">53613.9289</dst>
      <dst id="19">6706.3467</dst>
      <dst id="23">1181.3422</dst>
      <dst id="8">4907.2889</dst>
      <dst id="18">9478.5156</dst>
      <dst id="1">5286.4533</dst>
      <dst id="5">16856.6489</dst>
      <dst id="3">41948.0711</dst>
      <dst id="22">35712.5511</dst>
      <dst id="7">9510.5956</dst>
      <dst id="2">95850.5689</dst>
      <dst id="6">167.3600</dst>
      <dst id="16">8118.5511</dst>
      <dst id="14">4845.0044</dst>
      <dst id="20">33832.4356</dst>
      <dst id="11">24461.2978</dst>
      <dst id="9">18400.2756</dst>
      <dst id="17">57753.8044</dst>
      <dst id="21">25145.6444</dst>
      <dst id="15">10547.9644</dst>
    </src>
    <src id="19">
      <dst id="12">12376.4533</dst>
      <dst id="13">319.3333</dst>
      <dst id="23">66.8444</dst>
      <dst id="8">979.8311</dst>
      <dst id="18">23.0578</dst>
      <dst id="4">19920.0089</dst>
      <dst id="1">199.1644</dst>
      <dst id="5">55.9644</dst>
      <dst id="3">2650.0267</dst>
      <dst id="22">2505.6089</dst>
      <dst id="7">5941.0400</dst>
      <dst id="2">744.8533</dst>
      <dst id="6">336.9600</dst>
      <dst id="16">7889.1378</dst>
      <dst id="14">0.6578</dst>
      <dst id="20">99.3867</dst>
      <dst id="11">135.1022</dst>
      <dst id="9">7497.8222</dst>
      <dst id="17">528.3200</dst>
      <dst id="21">4443.6711</dst>
      <dst id="15">108.2489</dst>
    </src>
    <src id="23">
      <dst id="12">728.4089</dst>
      <dst id="13">237.2356</dst>
      <dst id="19">85.3333</dst>
      <dst id="8">89.0667</dst>
      <dst id="18">13.8311</dst>
      <dst id="4">21.0133</dst>
      <dst id="1">98.4356</dst>
      <dst id="5">324.5511</dst>
      <dst id="3">548.9156</dst>
      <dst id="22">644.1600</dst>
      <dst id="7">52.1956</dst>
      <dst id="2">134.6667</dst>
      <dst id="16">116.3644</dst>
      <dst id="14">40.8889</dst>
      <dst id="20">164.3378</dst>
      <dst id="11">361.9289</dst>
      <dst id="9">120.0000</dst>
      <dst id="17">123.1822</dst>
      <dst id="21">820.0800</dst>
      <dst id="15">94.4711</dst>
    </src>
    <src id="8">
      <dst id="12">394684.4978</dst>
      <dst id="13">182.2489</dst>
      <dst id="19">375.5111</dst>
      <dst id="23">203.7867</dst>
      <dst id="18">148.3822</dst>
      <dst id="4">9252.6133</dst>
      <dst id="1">26.5956</dst>
      <dst id="5">6394.7556</dst>
      <dst id="3">1260.7111</dst>
      <dst id="22">4541.7867</dst>
      <dst id="7">25.5733</dst>
      <dst id="2">136065.3333</dst>
      <dst id="6">26.7022</dst>
      <dst id="16">637.6622</dst>
      <dst id="14">13.7244</dst>
      <dst id="20">486.8356</dst>
      <dst id="11">2970.5422</dst>
      <dst id="9">1565.7689</dst>
      <dst id="17">82149.0044</dst>
      <dst id="21">407.3244</dst>
      <dst id="15">3170.0622</dst>
    </src>
    <src id="18">
      <dst id="12">137003.2356</dst>
      <dst id="13">150.0622</dst>
      <dst id="19">39.0933</dst>
      <dst id="23">23.8489</dst>
      <dst id="8">424.2933</dst>
      <dst id="4">1818.3733</dst>
      <dst id="1">491.2267</dst>
      <dst id="5">228.4444</dst>
      <dst id="3">187.1556</dst>
      <dst id="22">326.3200</dst>
      <dst id="7">130.3378</dst>
      <dst id="2">37497.0044</dst>
      <dst id="16">127.1556</dst>
      <dst id="14">4.9956</dst>
      <dst id="20">105.3156</dst>
      <dst id="11">2700.2044</dst>
      <dst id="9">169.6356</dst>
      <dst id="17">31828.5867</dst>
      <dst id="21">393.6000</dst>
      <dst id="15">636.6222</dst>
    </src>
    <src id="4">
      <dst id="12">23051.6711</dst>
      <dst id="19">17602.3733</dst>
      <dst id="8">4743.2622</dst>
      <dst id="18">1637.3244</dst>
      <dst id="1">4367.2178</dst>
      <dst id="5">2252.2311</dst>
      <dst id="3">19746.5244</dst>
      <dst id="22">13134.3111</dst>
      <dst id="7">40572.7289</dst>
      <dst id="2">67309.2444</dst>
      <dst id="6">374.3911</dst>
      <dst id="16">1512.4000</dst>
      <dst id="14">16279.3333</dst>
      <dst id="20">6781.0044</dst>
      <dst id="11">12213.2356</dst>
      <dst id="9">4821.5111</dst>
      <dst id="17">17005.2889</dst>
      <dst id="21">8197.1911</dst>
      <dst id="15">2080.8889</dst>
    </src>
    <src id="1">
      <dst id="12">20967.7067</dst>
      <dst id="13">827.0400</dst>
      <dst id="19">87.2267</dst>
      <dst id="23">828.4089</dst>
      <dst id="8">200293.1467</dst>
      <dst id="18">11976.5956</dst>
      <dst id="4">5844.7111</dst>
      <dst id="1">50.2667</dst>
      <dst id="5">272409.0489</dst>
      <dst id="3">86636.0800</dst>
      <dst id="22">7079.2089</dst>
      <dst id="7">19377.5289</dst>
      <dst id="2">2461.2889</dst>
      <dst id="6">7945.0756</dst>
      <dst id="16">11629.5467</dst>
      <dst id="14">415.0311</dst>
      <dst id="20">2092.4800</dst>
      <dst id="11">5053.5911</dst>
      <dst id="9">403207.3067</dst>
      <dst id="17">2880.5600</dst>
      <dst id="21">27046.2933</dst>
      <dst id="15">963.9644</dst>
    </src>
    <src id="5">
      <dst id="12">345258.9600</dst>
      <dst id="13">11338.5689</dst>
      <dst id="19">161.5911</dst>
      <dst id="23">247.5822</dst>
      <dst id="8">37272.5511</dst>
      <dst id="18">433.1467</dst>
      <dst id="4">9032.4178</dst>
      <dst id="1">31.2711</dst>
      <dst id="3">3935.0756</dst>
      <dst id="22">3905.2178</dst>
      <dst id="7">392.6667</dst>
      <dst id="2">151109.4311</dst>
      <dst id="16">1030.4800</dst>
      <dst id="14">62.5067</dst>
      <dst id="20">3840.0089</dst>
      <dst id="11">3022.5333</dst>
      <dst id="9">7278.0889</dst>
      <dst id="17">90428.0356</dst>
      <dst id="21">372.4356</dst>
      <dst id="15">507.2089</dst>
    </src>
    <src id="3">
      <dst id="12">13074.2756</dst>
      <dst id="13">804.3111</dst>
      <dst id="19">3971.3511</dst>
      <dst id="23">77.8311</dst>
      <dst id="8">262.9511</dst>
      <dst id="18">148742.4356</dst>
      <dst id="4">45370.0267</dst>
      <dst id="1">12909.6356</dst>
      <dst id="5">1218.5689</dst>
      <dst id="3">17052.7911</dst>
      <dst id="22">1770.3111</dst>
      <dst id="7">2370.4800</dst>
      <dst id="2">5047.8044</dst>
      <dst id="6">19.5556</dst>
      <dst id="16">4179.7422</dst>
      <dst id="14">62273.1644</dst>
      <dst id="20">2700.4800</dst>
      <dst id="11">253137.7511</dst>
      <dst id="9">347.0489</dst>
      <dst id="17">8726.8444</dst>
      <dst id="21">18181.9289</dst>
      <dst id="15">61.0933</dst>
    </src>
    <src id="10">
      <dst id="12">15236.1333</dst>
      <dst id="19">1323.8933</dst>
      <dst id="8">1443.4311</dst>
      <dst id="18">4406.4356</dst>
      <dst id="1">1384.6044</dst>
      <dst id="5">1627.0489</dst>
      <dst id="3">23506.2667</dst>
      <dst id="22">7686.2578</dst>
      <dst id="7">2074.1244</dst>
      <dst id="2">35383.2711</dst>
      <dst id="6">1.2178</dst>
      <dst id="16">1683.3778</dst>
      <dst id="14">3319.5289</dst>
      <dst id="20">4573.9644</dst>
      <dst id="11">7572.8622</dst>
      <dst id="9">3334.5867</dst>
      <dst id="17">23880.4178</dst>
      <dst id="21">17103.0400</dst>
      <dst id="15">1927.4667</dst>
    </src>
    <src id="22">
      <dst id="12">32073.4133</dst>
      <dst id="13">10732.1956</dst>
      <dst id="19">183.5733</dst>
      <dst id="23">361.9467</dst>
      <dst id="8">5247.9822</dst>
      <dst id="18">1932.3378</dst>
      <dst id="4">20631.6444</dst>
      <dst id="1">282.9333</dst>
      <dst id="5">7315.3244</dst>
      <dst id="3">3721.3778</dst>
      <dst id="7">1115.8311</dst>
      <dst id="2">3573.5378</dst>
      <dst id="6">1.7067</dst>
      <dst id="16">41.6356</dst>
      <dst id="14">28.7644</dst>
      <dst id="11">6719.2978</dst>
      <dst id="9">5215.1289</dst>
      <dst id="17">6422.6489</dst>
      <dst id="21">2098.9067</dst>
    </src>
    <src id="7">
      <dst id="12">4477.9200</dst>
      <dst id="13">203.1733</dst>
      <dst id="19">1510.7822</dst>
      <dst id="23">283.0044</dst>
      <dst id="8">298.6844</dst>
      <dst id="18">878.3733</dst>
      <dst id="4">80039.8756</dst>
      <dst id="1">3007.8133</dst>
      <dst id="5">1719.0400</dst>
      <dst id="3">11779.3689</dst>
      <dst id="22">7091.6444</dst>
      <dst id="7">772.4089</dst>
      <dst id="2">17684.9600</dst>
      <dst id="6">4.8622</dst>
      <dst id="16">1511.4756</dst>
      <dst id="14">211.1111</dst>
      <dst id="20">3362.3289</dst>
      <dst id="11">1879.2889</dst>
      <dst id="9">3116.0978</dst>
      <dst id="17">6820.3644</dst>
      <dst id="21">6477.9200</dst>
      <dst id="15">316.2400</dst>
    </src>
    <src id="2">
      <dst id="12">177971.8667</dst>
      <dst id="13">9799.3244</dst>
      <dst id="19">2006.3911</dst>
      <dst id="23">125.3333</dst>
      <dst id="8">1252.4622</dst>
      <dst id="18">132449.2622</dst>
      <dst id="4">94400.0089</dst>
      <dst id="1">4294.8889</dst>
      <dst id="5">1343.5556</dst>
      <dst id="3">6118.2133</dst>
      <dst id="22">3136.3733</dst>
      <dst id="7">4212.8178</dst>
      <dst id="2">1593.4844</dst>
      <dst id="6">6946.4533</dst>
      <dst id="16">1820.2844</dst>
      <dst id="14">754.4711</dst>
      <dst id="20">1296.4444</dst>
      <dst id="11">6404.3733</dst>
      <dst id="9">1168.4444</dst>
      <dst id="17">30698.5689</dst>
      <dst id="21">16097.3867</dst>
      <dst id="15">1774.5511</dst>
    </src>
    <src id="6">
      <dst id="12">9666.9867</dst>
      <dst id="13">3.4933</dst>
      <dst id="19">22.9778</dst>
      <dst id="4">87.5467</dst>
      <dst id="5">22.9333</dst>
      <dst id="3">70.9244</dst>
      <dst id="22">12.7467</dst>
      <dst id="7">0.6756</dst>
      <dst id="2">1838.4000</dst>
      <dst id="20">31.6800</dst>
      <dst id="11">84.8711</dst>
      <dst id="9">52.8356</dst>
      <dst id="17">1043.8222</dst>
      <dst id="21">198.9956</dst>
      <dst id="15">11.7689</dst>
    </src>
    <src id="16">
      <dst id="12">4837.9644</dst>
      <dst id="13">674.3022</dst>
      <dst id="19">4790.2044</dst>
      <dst id="23">8.3378</dst>
      <dst id="8">10377.6533</dst>
      <dst id="18">65.0311</dst>
      <dst id="4">4375.0311</dst>
      <dst id="1">21562.7733</dst>
      <dst id="5">13888.1867</dst>
      <dst id="3">3774.0800</dst>
      <dst id="7">1872.3289</dst>
      <dst id="2">706.0444</dst>
      <dst id="6">12.5067</dst>
      <dst id="16">28.9867</dst>
      <dst id="14">309.1556</dst>
      <dst id="11">483.3867</dst>
      <dst id="9">16274.5333</dst>
      <dst id="17">1474.6311</dst>
      <dst id="21">1451.3156</dst>
    </src>
    <src id="14">
      <dst id="12">32756.5956</dst>
      <dst id="13">26.9689</dst>
      <dst id="19">2.5956</dst>
      <dst id="23">13.9022</dst>
      <dst id="8">1.1733</dst>
      <dst id="4">3291.1111</dst>
      <dst id="1">230.5956</dst>
      <dst id="5">4.0800</dst>
      <dst id="3">128.7467</dst>
      <dst id="22">77.7689</dst>
      <dst id="7">83.6533</dst>
      <dst id="2">9525.3067</dst>
      <dst id="6">1.2356</dst>
      <dst id="16">31.1200</dst>
      <dst id="20">12.6222</dst>
      <dst id="11">343.4489</dst>
      <dst id="9">10.6133</dst>
      <dst id="17">5948.7200</dst>
      <dst id="21">279.3778</dst>
      <dst id="15">1.6089</dst>
    </src>
    <src id="20">
      <dst id="12">12795.1022</dst>
      <dst id="13">10263.0756</dst>
      <dst id="19">192.6489</dst>
      <dst id="23">164.4622</dst>
      <dst id="8">264.6756</dst>
      <dst id="18">639.1111</dst>
      <dst id="4">13836.0178</dst>
      <dst id="1">92.3289</dst>
      <dst id="5">2056.4267</dst>
      <dst id="3">3720.9422</dst>
      <dst id="22">26.6667</dst>
      <dst id="7">1246.6933</dst>
      <dst id="2">2076.8978</dst>
      <dst id="6">0.3556</dst>
      <dst id="14">27.6711</dst>
      <dst id="11">1006.9867</dst>
      <dst id="9">7599.5822</dst>
      <dst id="17">18614.9600</dst>
      <dst id="21">728.2844</dst>
    </src>
    <src id="11">
      <dst id="12">433282.7911</dst>
      <dst id="13">1687.4133</dst>
      <dst id="19">36.3378</dst>
      <dst id="23">1111.0044</dst>
      <dst id="8">405.8044</dst>
      <dst id="18">1697.1644</dst>
      <dst id="4">14529.0044</dst>
      <dst id="1">711.2800</dst>
      <dst id="5">1801.5467</dst>
      <dst id="3">1237.4933</dst>
      <dst id="22">2600.6489</dst>
      <dst id="7">370.1333</dst>
      <dst id="2">176509.0311</dst>
      <dst id="6">16.7378</dst>
      <dst id="16">151.9467</dst>
      <dst id="14">112.2756</dst>
      <dst id="20">1382.1422</dst>
      <dst id="11">1590.6222</dst>
      <dst id="9">3267.9200</dst>
      <dst id="17">93423.2267</dst>
      <dst id="21">2363.8133</dst>
      <dst id="15">657.4400</dst>
    </src>
    <src id="9">
      <dst id="12">592730.5956</dst>
      <dst id="13">3517.6800</dst>
      <dst id="19">271.5378</dst>
      <dst id="23">2.9600</dst>
      <dst id="8">3152.8889</dst>
      <dst id="18">41.3422</dst>
      <dst id="4">17303.0222</dst>
      <dst id="1">2661.0578</dst>
      <dst id="5">20367.2533</dst>
      <dst id="3">1633.0044</dst>
      <dst id="22">9395.9200</dst>
      <dst id="7">437.7867</dst>
      <dst id="2">191884.9067</dst>
      <dst id="6">9.8933</dst>
      <dst id="16">1057.5378</dst>
      <dst id="14">18.2489</dst>
      <dst id="20">2889.7689</dst>
      <dst id="11">1691.6356</dst>
      <dst id="9">7389.2889</dst>
      <dst id="17">136668.4444</dst>
      <dst id="21">2144.3556</dst>
      <dst id="15">25474.4711</dst>
    </src>
    <src id="17">
      <dst id="12">6092.4089</dst>
      <dst id="13">5469.5378</dst>
      <dst id="19">7191.5289</dst>
      <dst id="23">376.5600</dst>
      <dst id="8">203618.2933</dst>
      <dst id="18">1781.7067</dst>
      <dst id="4">64102.0800</dst>
      <dst id="1">1632.6400</dst>
      <dst id="5">259416.5600</dst>
      <dst id="3">20430.8089</dst>
      <dst id="22">30659.3156</dst>
      <dst id="7">15705.9289</dst>
      <dst id="2">9163.2000</dst>
      <dst id="6">28.8267</dst>
      <dst id="16">3060.7289</dst>
      <dst id="14">48608.3022</dst>
      <dst id="20">2393.5467</dst>
      <dst id="11">155895.7244</dst>
      <dst id="9">329142.8089</dst>
      <dst id="17">1238.6578</dst>
      <dst id="21">23063.6800</dst>
      <dst id="15">2450.6044</dst>
    </src>
    <src id="21">
      <dst id="12">19827.0578</dst>
      <dst id="13">866.0000</dst>
      <dst id="19">340.8089</dst>
      <dst id="23">110.0000</dst>
      <dst id="8">388.8267</dst>
      <dst id="18">1138.7822</dst>
      <dst id="4">20017.0044</dst>
      <dst id="1">2772.4089</dst>
      <dst id="5">727.5911</dst>
      <dst id="3">4148.4800</dst>
      <dst id="22">1817.2800</dst>
      <dst id="7">1861.3867</dst>
      <dst id="2">12372.1422</dst>
      <dst id="6">39.7067</dst>
      <dst id="16">1035.2444</dst>
      <dst id="14">147.3422</dst>
      <dst id="20">725.9289</dst>
      <dst id="11">1160.0800</dst>
      <dst id="9">713.9911</dst>
      <dst id="17">6370.5422</dst>
      <dst id="21">3736.9156</dst>
      <dst id="15">919.2889</dst>
    </src>
    <src id="15">
      <dst id="12">1189.4044</dst>
      <dst id="13">229.6978</dst>
      <dst id="19">5.8489</dst>
      <dst id="23">1.0667</dst>
      <dst id="8">175.5378</dst>
      <dst id="18">27.1289</dst>
      <dst id="4">3593.7600</dst>
      <dst id="1">508.4978</dst>
      <dst id="5">729.7156</dst>
      <dst id="3">723.1289</dst>
      <dst id="7">81.6000</dst>
      <dst id="2">141.1111</dst>
      <dst id="6">2.0089</dst>
      <dst id="14">0.6133</dst>
      <dst id="11">996.6044</dst>
      <dst id="9">5315.8311</dst>
      <dst id="17">378.2311</dst>
      <dst id="21">265.2978</dst>
    </src>
  </IntraTM>
</TrafficMatrixFile>
