<?xml version="1.0" encoding="UTF-8" standalone="yes"?>
<TrafficMatrixFile xmlns:xsi="http://www.w3.org/2001/XMLSchema-instance" xsi:noNamespaceSchemaLocation="http://totem.run.montefiore.ulg.ac.be/Schema/TrafficMatrix-v1_2.xsd">
  <info>
    <title>Intradomain traffic matrix generated by geant-TM-all.pl</title>
    <date>2005-01-01T16:30:00</date>
    <duration>900</duration>
    <author>Steve Uhlig</author>
    <units>
        <unit type="bandwidth" value="kbps"/>
    </units>
  </info>
  <IntraTM ASID="20965">
    <src id="12">
      <dst id="12">326546.8711</dst>
      <dst id="13">17180.0000</dst>
      <dst id="19">5056.6578</dst>
      <dst id="23">2099.8311</dst>
      <dst id="8">1330.5511</dst>
      <dst id="18">138.0444</dst>
      <dst id="4">87118.7111</dst>
      <dst id="1">9427.0044</dst>
      <dst id="5">2477.6356</dst>
      <dst id="3">10944.4000</dst>
      <dst id="22">9517.3156</dst>
      <dst id="7">1109.2889</dst>
      <dst id="2">75801.7333</dst>
      <dst id="6">16.6400</dst>
      <dst id="16">6132.5244</dst>
      <dst id="14">1715.7333</dst>
      <dst id="20">9471.8133</dst>
      <dst id="11">4818.0978</dst>
      <dst id="9">39839.1111</dst>
      <dst id="17">69392.4711</dst>
      <dst id="21">11969.2356</dst>
      <dst id="15">5208.6400</dst>
    </src>
    <src id="13">
      <dst id="12">40804.0711</dst>
      <dst id="19">8230.1600</dst>
      <dst id="23">19.8489</dst>
      <dst id="8">3775.1556</dst>
      <dst id="18">3246.3911</dst>
      <dst id="4">0.3556</dst>
      <dst id="1">2198.2222</dst>
      <dst id="5">10159.7956</dst>
      <dst id="3">27702.1956</dst>
      <dst id="22">23740.7022</dst>
      <dst id="7">11307.2089</dst>
      <dst id="2">49999.6622</dst>
      <dst id="6">21.6622</dst>
      <dst id="16">4688.4089</dst>
      <dst id="14">2927.7956</dst>
      <dst id="20">26168.8533</dst>
      <dst id="11">22844.0978</dst>
      <dst id="9">13195.4133</dst>
      <dst id="17">57641.4578</dst>
      <dst id="21">12543.6356</dst>
      <dst id="15">3560.7556</dst>
    </src>
    <src id="19">
      <dst id="12">14846.9956</dst>
      <dst id="13">218.2844</dst>
      <dst id="8">2059.3511</dst>
      <dst id="18">0.3644</dst>
      <dst id="4">18247.1022</dst>
      <dst id="1">58.8267</dst>
      <dst id="5">667.1911</dst>
      <dst id="3">319.5111</dst>
      <dst id="22">2972.3378</dst>
      <dst id="7">4017.4133</dst>
      <dst id="2">482.6667</dst>
      <dst id="6">53.3333</dst>
      <dst id="16">10008.3733</dst>
      <dst id="14">13.3333</dst>
      <dst id="20">1107.7600</dst>
      <dst id="11">636.1511</dst>
      <dst id="9">15.6978</dst>
      <dst id="17">480.7111</dst>
      <dst id="21">223.2000</dst>
      <dst id="15">13.1200</dst>
    </src>
    <src id="23">
      <dst id="12">215.1200</dst>
      <dst id="13">354.3733</dst>
      <dst id="19">13.8044</dst>
      <dst id="8">0.9244</dst>
      <dst id="4">40.8444</dst>
      <dst id="1">60.6578</dst>
      <dst id="5">110.4711</dst>
      <dst id="3">291.9111</dst>
      <dst id="22">855.6089</dst>
      <dst id="7">45.1378</dst>
      <dst id="2">122.1156</dst>
      <dst id="16">2.0000</dst>
      <dst id="20">40.2578</dst>
      <dst id="11">98.6133</dst>
      <dst id="9">117.8667</dst>
      <dst id="17">109.8044</dst>
      <dst id="21">426.0178</dst>
      <dst id="15">157.6889</dst>
    </src>
    <src id="8">
      <dst id="12">311894.4889</dst>
      <dst id="13">2014.4800</dst>
      <dst id="19">146.8089</dst>
      <dst id="23">80.0000</dst>
      <dst id="18">2.2044</dst>
      <dst id="4">4399.4578</dst>
      <dst id="1">80.7289</dst>
      <dst id="5">2044.8889</dst>
      <dst id="3">161.0844</dst>
      <dst id="22">1155.5289</dst>
      <dst id="7">15.8400</dst>
      <dst id="2">110307.9911</dst>
      <dst id="6">13.8844</dst>
      <dst id="16">298.0889</dst>
      <dst id="14">41.4311</dst>
      <dst id="20">2580.6667</dst>
      <dst id="11">3529.8844</dst>
      <dst id="9">2793.4222</dst>
      <dst id="17">70780.2222</dst>
      <dst id="21">139.7689</dst>
      <dst id="15">380.2133</dst>
    </src>
    <src id="18">
      <dst id="12">107126.2311</dst>
      <dst id="13">70.8000</dst>
      <dst id="19">13.8933</dst>
      <dst id="23">0.6133</dst>
      <dst id="8">50.9244</dst>
      <dst id="4">2182.7822</dst>
      <dst id="1">1137.1200</dst>
      <dst id="5">551.3422</dst>
      <dst id="3">233.0222</dst>
      <dst id="22">310.2933</dst>
      <dst id="7">368.7022</dst>
      <dst id="2">25552.6756</dst>
      <dst id="16">23.0578</dst>
      <dst id="14">2.2044</dst>
      <dst id="20">45.3689</dst>
      <dst id="11">1825.0933</dst>
      <dst id="9">339.9467</dst>
      <dst id="17">23711.3244</dst>
      <dst id="21">250.9156</dst>
      <dst id="15">13.6444</dst>
    </src>
    <src id="4">
      <dst id="12">12087.5556</dst>
      <dst id="19">16557.3333</dst>
      <dst id="23">0.4622</dst>
      <dst id="8">1479.2622</dst>
      <dst id="18">1769.0489</dst>
      <dst id="1">1678.4089</dst>
      <dst id="5">4053.6178</dst>
      <dst id="3">61584.5600</dst>
      <dst id="22">6995.9556</dst>
      <dst id="7">63833.2978</dst>
      <dst id="2">47605.5467</dst>
      <dst id="6">1.5022</dst>
      <dst id="16">1557.3600</dst>
      <dst id="14">4399.0578</dst>
      <dst id="20">1797.1733</dst>
      <dst id="11">9588.8533</dst>
      <dst id="9">5459.5733</dst>
      <dst id="17">16451.5289</dst>
      <dst id="21">3174.9778</dst>
      <dst id="15">7391.1733</dst>
    </src>
    <src id="1">
      <dst id="12">20309.1289</dst>
      <dst id="13">333.0222</dst>
      <dst id="19">29.5289</dst>
      <dst id="23">40.3111</dst>
      <dst id="8">125300.5422</dst>
      <dst id="18">12580.7200</dst>
      <dst id="4">6585.0222</dst>
      <dst id="1">75.3778</dst>
      <dst id="5">212202.9867</dst>
      <dst id="3">83968.1600</dst>
      <dst id="22">2781.8756</dst>
      <dst id="7">821.2356</dst>
      <dst id="2">2102.6133</dst>
      <dst id="6">4561.8667</dst>
      <dst id="16">15982.5600</dst>
      <dst id="14">341.9556</dst>
      <dst id="20">1286.0978</dst>
      <dst id="11">1792.3911</dst>
      <dst id="9">290250.8089</dst>
      <dst id="17">4035.6978</dst>
      <dst id="21">2901.6267</dst>
      <dst id="15">242.5422</dst>
    </src>
    <src id="5">
      <dst id="12">293264.3022</dst>
      <dst id="13">712.4533</dst>
      <dst id="19">67.3244</dst>
      <dst id="23">14.8800</dst>
      <dst id="8">1599.2978</dst>
      <dst id="18">224.9956</dst>
      <dst id="4">6859.7511</dst>
      <dst id="1">17.3244</dst>
      <dst id="3">2749.6267</dst>
      <dst id="22">3775.7244</dst>
      <dst id="7">312.7733</dst>
      <dst id="2">116609.3067</dst>
      <dst id="6">31.0222</dst>
      <dst id="16">627.6622</dst>
      <dst id="14">1.1733</dst>
      <dst id="20">5828.9600</dst>
      <dst id="11">1345.5822</dst>
      <dst id="9">3173.2978</dst>
      <dst id="17">68659.8311</dst>
      <dst id="21">474.5244</dst>
      <dst id="15">369.5289</dst>
    </src>
    <src id="3">
      <dst id="12">21898.7644</dst>
      <dst id="13">684.1333</dst>
      <dst id="19">1931.3067</dst>
      <dst id="23">21.9733</dst>
      <dst id="8">5060.2400</dst>
      <dst id="18">51861.8044</dst>
      <dst id="4">53025.8400</dst>
      <dst id="1">11725.9822</dst>
      <dst id="5">385.9822</dst>
      <dst id="3">11462.3200</dst>
      <dst id="22">911.4400</dst>
      <dst id="7">2429.4933</dst>
      <dst id="2">4324.1422</dst>
      <dst id="6">2.2044</dst>
      <dst id="16">2155.2000</dst>
      <dst id="14">47749.8933</dst>
      <dst id="20">511.0578</dst>
      <dst id="11">177987.4933</dst>
      <dst id="9">619.9822</dst>
      <dst id="17">8382.1956</dst>
      <dst id="21">7223.1378</dst>
      <dst id="15">66.4889</dst>
    </src>
    <src id="10">
      <dst id="12">8596.8267</dst>
      <dst id="19">1980.3911</dst>
      <dst id="8">1945.6267</dst>
      <dst id="18">8668.1156</dst>
      <dst id="4">0.3556</dst>
      <dst id="1">1333.3511</dst>
      <dst id="5">3652.2756</dst>
      <dst id="3">11906.2844</dst>
      <dst id="22">5791.3422</dst>
      <dst id="7">970.0711</dst>
      <dst id="2">24305.8933</dst>
      <dst id="6">31.1111</dst>
      <dst id="16">1387.1467</dst>
      <dst id="14">2738.7111</dst>
      <dst id="20">3193.0044</dst>
      <dst id="11">5190.2311</dst>
      <dst id="9">6894.7111</dst>
      <dst id="17">8651.5644</dst>
      <dst id="21">24745.5022</dst>
      <dst id="15">1028.9778</dst>
    </src>
    <src id="22">
      <dst id="12">6862.5333</dst>
      <dst id="13">1797.7511</dst>
      <dst id="19">120.0444</dst>
      <dst id="23">42.0622</dst>
      <dst id="8">774.9067</dst>
      <dst id="18">365.5911</dst>
      <dst id="4">21958.5600</dst>
      <dst id="1">988.8000</dst>
      <dst id="5">2331.8222</dst>
      <dst id="3">962.8533</dst>
      <dst id="7">1100.5422</dst>
      <dst id="2">931.1289</dst>
      <dst id="6">2.6578</dst>
      <dst id="16">1.1200</dst>
      <dst id="14">168.5156</dst>
      <dst id="11">2800.7200</dst>
      <dst id="9">1570.4178</dst>
      <dst id="17">1986.4178</dst>
      <dst id="21">1167.6711</dst>
    </src>
    <src id="7">
      <dst id="12">3658.5156</dst>
      <dst id="13">79.3333</dst>
      <dst id="19">149.6711</dst>
      <dst id="23">134.0800</dst>
      <dst id="8">352.3289</dst>
      <dst id="18">562.3200</dst>
      <dst id="4">43343.3156</dst>
      <dst id="1">923.9467</dst>
      <dst id="5">1633.8133</dst>
      <dst id="3">2840.2667</dst>
      <dst id="22">4517.2889</dst>
      <dst id="7">830.3644</dst>
      <dst id="2">7550.4356</dst>
      <dst id="6">2.0889</dst>
      <dst id="16">608.9244</dst>
      <dst id="14">325.2000</dst>
      <dst id="20">518.6044</dst>
      <dst id="11">1534.8533</dst>
      <dst id="9">5006.0889</dst>
      <dst id="17">5833.5556</dst>
      <dst id="21">3293.7244</dst>
      <dst id="15">417.3778</dst>
    </src>
    <src id="2">
      <dst id="12">126791.2889</dst>
      <dst id="13">2492.8444</dst>
      <dst id="19">649.5111</dst>
      <dst id="23">1.8044</dst>
      <dst id="8">893.2800</dst>
      <dst id="18">45637.5911</dst>
      <dst id="4">97348.8267</dst>
      <dst id="1">5084.8356</dst>
      <dst id="5">1099.2889</dst>
      <dst id="3">1614.0533</dst>
      <dst id="22">4126.0267</dst>
      <dst id="7">2510.3022</dst>
      <dst id="2">1070.0622</dst>
      <dst id="6">4923.8489</dst>
      <dst id="16">1944.4267</dst>
      <dst id="14">163.9467</dst>
      <dst id="20">633.5733</dst>
      <dst id="11">6488.7644</dst>
      <dst id="9">1213.9644</dst>
      <dst id="17">12380.1422</dst>
      <dst id="21">3650.8178</dst>
      <dst id="15">160.8711</dst>
    </src>
    <src id="6">
      <dst id="12">7379.3333</dst>
      <dst id="19">1.7778</dst>
      <dst id="23">0.4978</dst>
      <dst id="8">1.8844</dst>
      <dst id="4">44.5067</dst>
      <dst id="5">17.0578</dst>
      <dst id="3">12.6311</dst>
      <dst id="7">0.4622</dst>
      <dst id="2">1761.4133</dst>
      <dst id="14">12.9156</dst>
      <dst id="20">8.0444</dst>
      <dst id="11">24.8089</dst>
      <dst id="9">26.0089</dst>
      <dst id="17">1236.3556</dst>
      <dst id="21">47.3333</dst>
      <dst id="15">45.8667</dst>
    </src>
    <src id="16">
      <dst id="12">3101.8489</dst>
      <dst id="13">124.6400</dst>
      <dst id="19">4668.1333</dst>
      <dst id="23">1.1289</dst>
      <dst id="8">4302.3822</dst>
      <dst id="18">16.4178</dst>
      <dst id="4">4022.7467</dst>
      <dst id="1">20411.2356</dst>
      <dst id="5">8348.8889</dst>
      <dst id="3">5393.5289</dst>
      <dst id="7">1461.6800</dst>
      <dst id="2">204.2400</dst>
      <dst id="6">1.4133</dst>
      <dst id="16">25.4311</dst>
      <dst id="14">370.3467</dst>
      <dst id="11">175.9911</dst>
      <dst id="9">12887.1467</dst>
      <dst id="17">2173.4933</dst>
      <dst id="21">202.8089</dst>
    </src>
    <src id="14">
      <dst id="12">22530.2311</dst>
      <dst id="13">19.3600</dst>
      <dst id="19">16.3200</dst>
      <dst id="8">1.1733</dst>
      <dst id="18">0.4622</dst>
      <dst id="4">4011.2444</dst>
      <dst id="1">97.8222</dst>
      <dst id="5">2.5600</dst>
      <dst id="3">140.3911</dst>
      <dst id="22">6.1778</dst>
      <dst id="7">56.7822</dst>
      <dst id="2">7087.3244</dst>
      <dst id="6">0.3556</dst>
      <dst id="16">13.3778</dst>
      <dst id="20">50.4889</dst>
      <dst id="11">40.1067</dst>
      <dst id="9">21.4667</dst>
      <dst id="17">4519.8133</dst>
      <dst id="21">62.5244</dst>
      <dst id="15">8.8178</dst>
    </src>
    <src id="20">
      <dst id="12">3833.4133</dst>
      <dst id="13">1542.1422</dst>
      <dst id="19">30.6844</dst>
      <dst id="23">1.2444</dst>
      <dst id="8">939.7778</dst>
      <dst id="18">1.8844</dst>
      <dst id="4">11080.3644</dst>
      <dst id="1">95.1911</dst>
      <dst id="5">876.7111</dst>
      <dst id="3">9634.6756</dst>
      <dst id="22">373.3333</dst>
      <dst id="7">3593.7067</dst>
      <dst id="2">7300.8800</dst>
      <dst id="14">14.7111</dst>
      <dst id="11">1421.0578</dst>
      <dst id="9">3326.4089</dst>
      <dst id="17">9508.1422</dst>
      <dst id="21">1286.3467</dst>
    </src>
    <src id="11">
      <dst id="12">378689.0044</dst>
      <dst id="13">1478.4800</dst>
      <dst id="19">32.8178</dst>
      <dst id="23">111.7244</dst>
      <dst id="8">201.3067</dst>
      <dst id="18">841.8133</dst>
      <dst id="4">11936.3022</dst>
      <dst id="1">510.0622</dst>
      <dst id="5">530.8267</dst>
      <dst id="3">862.8089</dst>
      <dst id="22">1457.6711</dst>
      <dst id="7">153.5467</dst>
      <dst id="2">137206.6044</dst>
      <dst id="6">11.0133</dst>
      <dst id="16">115.8044</dst>
      <dst id="14">72.7733</dst>
      <dst id="20">546.0800</dst>
      <dst id="11">1469.2533</dst>
      <dst id="9">672.2578</dst>
      <dst id="17">83861.7422</dst>
      <dst id="21">1130.1956</dst>
      <dst id="15">253.3333</dst>
    </src>
    <src id="9">
      <dst id="12">509334.5422</dst>
      <dst id="13">3306.2133</dst>
      <dst id="19">3.4578</dst>
      <dst id="23">4.4000</dst>
      <dst id="8">2454.7378</dst>
      <dst id="18">2078.1778</dst>
      <dst id="4">14373.7867</dst>
      <dst id="1">9878.8800</dst>
      <dst id="5">1732.2578</dst>
      <dst id="3">1907.4044</dst>
      <dst id="22">2513.8044</dst>
      <dst id="7">393.9644</dst>
      <dst id="2">144246.3644</dst>
      <dst id="6">7.5200</dst>
      <dst id="16">576.2933</dst>
      <dst id="14">55.0844</dst>
      <dst id="20">528.1067</dst>
      <dst id="11">779.0578</dst>
      <dst id="9">10894.8444</dst>
      <dst id="17">124664.3111</dst>
      <dst id="21">991.6444</dst>
      <dst id="15">1344.2400</dst>
    </src>
    <src id="17">
      <dst id="12">4327.5644</dst>
      <dst id="13">9288.2222</dst>
      <dst id="19">11188.1689</dst>
      <dst id="23">114.5867</dst>
      <dst id="8">131281.3778</dst>
      <dst id="18">47.6089</dst>
      <dst id="4">116726.4622</dst>
      <dst id="1">671.2800</dst>
      <dst id="5">203290.9689</dst>
      <dst id="3">18068.5778</dst>
      <dst id="22">4102.5600</dst>
      <dst id="7">17126.8267</dst>
      <dst id="2">4212.6400</dst>
      <dst id="6">27.3067</dst>
      <dst id="16">3352.2133</dst>
      <dst id="14">43226.3200</dst>
      <dst id="20">1129.5644</dst>
      <dst id="11">116445.2978</dst>
      <dst id="9">251406.5156</dst>
      <dst id="17">1173.0578</dst>
      <dst id="21">8214.9156</dst>
      <dst id="15">326.8000</dst>
    </src>
    <src id="21">
      <dst id="12">19311.0489</dst>
      <dst id="13">349.2178</dst>
      <dst id="19">262.3200</dst>
      <dst id="23">7.2711</dst>
      <dst id="8">34.7022</dst>
      <dst id="18">148.2844</dst>
      <dst id="4">19333.5822</dst>
      <dst id="1">2460.3644</dst>
      <dst id="5">783.0578</dst>
      <dst id="3">835.0489</dst>
      <dst id="22">1551.8933</dst>
      <dst id="7">680.2133</dst>
      <dst id="2">10649.1822</dst>
      <dst id="6">2.8356</dst>
      <dst id="16">132.7822</dst>
      <dst id="14">298.3378</dst>
      <dst id="20">939.1022</dst>
      <dst id="11">1505.0400</dst>
      <dst id="9">675.9289</dst>
      <dst id="17">3118.9333</dst>
      <dst id="21">2364.7733</dst>
      <dst id="15">118.1956</dst>
    </src>
    <src id="15">
      <dst id="12">1118.9067</dst>
      <dst id="13">146.4178</dst>
      <dst id="19">0.3556</dst>
      <dst id="23">4.3378</dst>
      <dst id="8">35.5644</dst>
      <dst id="18">13.5644</dst>
      <dst id="4">3417.9289</dst>
      <dst id="1">105.9200</dst>
      <dst id="5">1158.6044</dst>
      <dst id="3">466.4178</dst>
      <dst id="7">828.5600</dst>
      <dst id="2">236.1511</dst>
      <dst id="6">2.6667</dst>
      <dst id="14">0.8622</dst>
      <dst id="11">81.9378</dst>
      <dst id="9">215.1111</dst>
      <dst id="17">370.4000</dst>
      <dst id="21">242.8178</dst>
    </src>
  </IntraTM>
</TrafficMatrixFile>
