<?xml version="1.0" encoding="UTF-8" standalone="yes"?>
<TrafficMatrixFile xmlns:xsi="http://www.w3.org/2001/XMLSchema-instance" xsi:noNamespaceSchemaLocation="http://totem.run.montefiore.ulg.ac.be/Schema/TrafficMatrix-v1_2.xsd">
  <info>
    <title>Intradomain traffic matrix generated by geant-TM-all.pl</title>
    <date>2005-01-04T10:00:00</date>
    <duration>900</duration>
    <author>Steve Uhlig</author>
    <units>
        <unit type="bandwidth" value="kbps"/>
    </units>
  </info>
  <IntraTM ASID="20965">
    <src id="12">
      <dst id="12">201080.6844</dst>
      <dst id="13">18414.0178</dst>
      <dst id="19">3358.8089</dst>
      <dst id="23">16174.8267</dst>
      <dst id="8">4094.0533</dst>
      <dst id="18">1137.1911</dst>
      <dst id="4">75161.2711</dst>
      <dst id="1">15212.2044</dst>
      <dst id="5">61055.3511</dst>
      <dst id="3">5287.7956</dst>
      <dst id="22">4559.5644</dst>
      <dst id="7">1004.2133</dst>
      <dst id="2">62410.3111</dst>
      <dst id="6">2.5956</dst>
      <dst id="16">4650.3911</dst>
      <dst id="14">142.7111</dst>
      <dst id="20">10241.0400</dst>
      <dst id="11">3237.5200</dst>
      <dst id="9">2470.3111</dst>
      <dst id="17">64296.4533</dst>
      <dst id="21">3581.4133</dst>
      <dst id="15">184.0800</dst>
    </src>
    <src id="13">
      <dst id="12">40031.7956</dst>
      <dst id="19">4424.8978</dst>
      <dst id="23">3.9644</dst>
      <dst id="8">1720.8978</dst>
      <dst id="18">1897.6978</dst>
      <dst id="1">3587.7511</dst>
      <dst id="5">11695.4844</dst>
      <dst id="3">4192.1867</dst>
      <dst id="22">16655.7956</dst>
      <dst id="7">14170.5867</dst>
      <dst id="2">106031.2178</dst>
      <dst id="6">104.7822</dst>
      <dst id="16">10463.4667</dst>
      <dst id="14">3825.1911</dst>
      <dst id="20">8863.7867</dst>
      <dst id="11">7835.8578</dst>
      <dst id="9">10076.6667</dst>
      <dst id="17">42705.1911</dst>
      <dst id="21">10295.7511</dst>
      <dst id="15">4192.0178</dst>
    </src>
    <src id="19">
      <dst id="12">15197.9022</dst>
      <dst id="13">149.9911</dst>
      <dst id="23">0.7467</dst>
      <dst id="8">1.3511</dst>
      <dst id="18">1.7333</dst>
      <dst id="4">24748.4533</dst>
      <dst id="1">964.1067</dst>
      <dst id="5">220.1244</dst>
      <dst id="3">0.4622</dst>
      <dst id="22">1396.7911</dst>
      <dst id="7">4264.4000</dst>
      <dst id="2">168.1244</dst>
      <dst id="6">50.5067</dst>
      <dst id="16">6275.4222</dst>
      <dst id="20">3.0578</dst>
      <dst id="11">51.2356</dst>
      <dst id="9">99.5911</dst>
      <dst id="17">885.8756</dst>
      <dst id="21">222.9422</dst>
      <dst id="15">1.1378</dst>
    </src>
    <src id="23">
      <dst id="12">253.9378</dst>
      <dst id="13">16.5778</dst>
      <dst id="19">0.6756</dst>
      <dst id="8">0.3556</dst>
      <dst id="4">0.4622</dst>
      <dst id="1">94.1156</dst>
      <dst id="5">12.6222</dst>
      <dst id="3">268.7111</dst>
      <dst id="22">96.5867</dst>
      <dst id="7">12766.8267</dst>
      <dst id="2">20.5244</dst>
      <dst id="16">7.5644</dst>
      <dst id="20">25.6533</dst>
      <dst id="11">15.6978</dst>
      <dst id="9">460.2222</dst>
      <dst id="17">102.8711</dst>
      <dst id="21">188.1422</dst>
      <dst id="15">0.3378</dst>
    </src>
    <src id="8">
      <dst id="12">310673.7600</dst>
      <dst id="13">371.2356</dst>
      <dst id="23">1.2178</dst>
      <dst id="18">396.0711</dst>
      <dst id="4">4481.2178</dst>
      <dst id="1">48.5244</dst>
      <dst id="5">395.2889</dst>
      <dst id="3">25.2444</dst>
      <dst id="22">377.2267</dst>
      <dst id="7">1004.0978</dst>
      <dst id="2">112563.6622</dst>
      <dst id="16">13409.3067</dst>
      <dst id="20">65.0578</dst>
      <dst id="11">62.4444</dst>
      <dst id="9">938.2578</dst>
      <dst id="17">108583.6889</dst>
      <dst id="21">7169.1556</dst>
      <dst id="15">3.6267</dst>
    </src>
    <src id="18">
      <dst id="12">93020.4178</dst>
      <dst id="13">151.2267</dst>
      <dst id="19">2.6400</dst>
      <dst id="8">75.6622</dst>
      <dst id="4">1336.2222</dst>
      <dst id="1">1248.9067</dst>
      <dst id="5">137.9911</dst>
      <dst id="3">54.4444</dst>
      <dst id="22">61.5644</dst>
      <dst id="7">70.1156</dst>
      <dst id="2">23269.5911</dst>
      <dst id="16">9.7600</dst>
      <dst id="14">14.5956</dst>
      <dst id="20">1.2000</dst>
      <dst id="11">35.1289</dst>
      <dst id="9">162.4356</dst>
      <dst id="17">32591.4667</dst>
      <dst id="21">205.3689</dst>
      <dst id="15">2.2756</dst>
    </src>
    <src id="4">
      <dst id="12">9929.5022</dst>
      <dst id="19">15316.8178</dst>
      <dst id="8">654.9778</dst>
      <dst id="18">937.9022</dst>
      <dst id="4">2.1333</dst>
      <dst id="1">52323.4222</dst>
      <dst id="5">1850.8000</dst>
      <dst id="3">90.3022</dst>
      <dst id="22">3083.4933</dst>
      <dst id="7">136675.1733</dst>
      <dst id="2">72826.1956</dst>
      <dst id="6">54.3111</dst>
      <dst id="16">1697.1644</dst>
      <dst id="14">865.2000</dst>
      <dst id="20">615.8044</dst>
      <dst id="11">2682.1778</dst>
      <dst id="9">2443.3511</dst>
      <dst id="17">29700.9333</dst>
      <dst id="21">2677.6711</dst>
      <dst id="15">204.3111</dst>
    </src>
    <src id="1">
      <dst id="12">19440.8711</dst>
      <dst id="13">940.1956</dst>
      <dst id="19">213.5200</dst>
      <dst id="23">25.4756</dst>
      <dst id="8">77396.1600</dst>
      <dst id="18">15102.7822</dst>
      <dst id="4">6448.1244</dst>
      <dst id="1">8326.2667</dst>
      <dst id="5">143912.4800</dst>
      <dst id="3">46.4711</dst>
      <dst id="22">573.5556</dst>
      <dst id="7">1196.1156</dst>
      <dst id="2">1945.7333</dst>
      <dst id="6">4982.5956</dst>
      <dst id="16">9528.9778</dst>
      <dst id="14">96.8533</dst>
      <dst id="20">57.3156</dst>
      <dst id="11">264.8889</dst>
      <dst id="9">125739.6089</dst>
      <dst id="17">3174.0889</dst>
      <dst id="21">1636.4089</dst>
      <dst id="15">159.3422</dst>
    </src>
    <src id="5">
      <dst id="12">266066.7467</dst>
      <dst id="13">1317.6267</dst>
      <dst id="19">42.3556</dst>
      <dst id="23">0.4622</dst>
      <dst id="8">527.2000</dst>
      <dst id="18">519.3511</dst>
      <dst id="4">6190.4000</dst>
      <dst id="1">320.4978</dst>
      <dst id="3">28.0889</dst>
      <dst id="22">3344.7733</dst>
      <dst id="7">120.7111</dst>
      <dst id="2">98899.1200</dst>
      <dst id="6">26.9511</dst>
      <dst id="16">269.2267</dst>
      <dst id="14">25.7511</dst>
      <dst id="20">1719.4222</dst>
      <dst id="11">819.0844</dst>
      <dst id="9">1969.4044</dst>
      <dst id="17">101815.9822</dst>
      <dst id="21">298.7556</dst>
      <dst id="15">231.9911</dst>
    </src>
    <src id="3">
      <dst id="12">7181.6000</dst>
      <dst id="13">260.9867</dst>
      <dst id="19">4686.4800</dst>
      <dst id="23">12183.4667</dst>
      <dst id="8">15.9822</dst>
      <dst id="18">49345.3778</dst>
      <dst id="4">23099.5644</dst>
      <dst id="1">2840.9600</dst>
      <dst id="5">404.2933</dst>
      <dst id="3">7042.9067</dst>
      <dst id="22">613.7422</dst>
      <dst id="7">1225.4756</dst>
      <dst id="2">5487.7778</dst>
      <dst id="16">812.0178</dst>
      <dst id="14">24138.4533</dst>
      <dst id="20">2.5511</dst>
      <dst id="11">110142.4089</dst>
      <dst id="9">505.8933</dst>
      <dst id="17">10675.3333</dst>
      <dst id="21">7874.1867</dst>
      <dst id="15">69.5289</dst>
    </src>
    <src id="10">
      <dst id="12">19729.0489</dst>
      <dst id="19">8623.9111</dst>
      <dst id="23">0.4267</dst>
      <dst id="8">864.9956</dst>
      <dst id="18">871.7156</dst>
      <dst id="1">2079.6978</dst>
      <dst id="5">296.2933</dst>
      <dst id="3">3531.9644</dst>
      <dst id="22">5136.8178</dst>
      <dst id="7">6762.8444</dst>
      <dst id="2">22824.9422</dst>
      <dst id="6">0.4622</dst>
      <dst id="16">265.8133</dst>
      <dst id="14">2366.6578</dst>
      <dst id="20">4478.5156</dst>
      <dst id="11">3500.5422</dst>
      <dst id="9">4573.8844</dst>
      <dst id="17">23205.0578</dst>
      <dst id="21">7452.2311</dst>
      <dst id="15">65.0756</dst>
    </src>
    <src id="22">
      <dst id="12">5617.3511</dst>
      <dst id="13">4443.2178</dst>
      <dst id="19">97.0844</dst>
      <dst id="23">10.4800</dst>
      <dst id="8">340.4622</dst>
      <dst id="18">289.0311</dst>
      <dst id="4">17411.4400</dst>
      <dst id="1">109.4844</dst>
      <dst id="5">1639.7511</dst>
      <dst id="3">300.3644</dst>
      <dst id="7">191.3778</dst>
      <dst id="2">2370.6578</dst>
      <dst id="6">53.7956</dst>
      <dst id="16">0.7644</dst>
      <dst id="14">100.5333</dst>
      <dst id="11">1059.0489</dst>
      <dst id="9">1696.3200</dst>
      <dst id="17">5771.9111</dst>
      <dst id="21">628.4356</dst>
    </src>
    <src id="7">
      <dst id="12">3632.7822</dst>
      <dst id="13">194.6844</dst>
      <dst id="19">148.3733</dst>
      <dst id="23">335.7244</dst>
      <dst id="8">204.8533</dst>
      <dst id="18">147.5111</dst>
      <dst id="4">10534.3200</dst>
      <dst id="1">1422.4533</dst>
      <dst id="5">1463.3422</dst>
      <dst id="3">314.6400</dst>
      <dst id="22">5006.9600</dst>
      <dst id="7">780.2667</dst>
      <dst id="2">7200.0800</dst>
      <dst id="6">46.2222</dst>
      <dst id="16">908.7733</dst>
      <dst id="14">45.2444</dst>
      <dst id="20">469.3867</dst>
      <dst id="11">591.1822</dst>
      <dst id="9">688.7378</dst>
      <dst id="17">6651.1911</dst>
      <dst id="21">587.6089</dst>
      <dst id="15">90.4356</dst>
    </src>
    <src id="2">
      <dst id="12">67169.2889</dst>
      <dst id="13">516831.9378</dst>
      <dst id="19">2348.0978</dst>
      <dst id="23">21.9200</dst>
      <dst id="8">264.7200</dst>
      <dst id="18">50031.8844</dst>
      <dst id="4">84062.8000</dst>
      <dst id="1">11943.9644</dst>
      <dst id="5">2819.4756</dst>
      <dst id="3">42.3733</dst>
      <dst id="22">2607.7244</dst>
      <dst id="7">2946.8711</dst>
      <dst id="2">550.3111</dst>
      <dst id="6">7117.4133</dst>
      <dst id="16">5032.5778</dst>
      <dst id="14">5460.0800</dst>
      <dst id="20">773.3067</dst>
      <dst id="11">2462.1156</dst>
      <dst id="9">4446.0800</dst>
      <dst id="17">41948.7467</dst>
      <dst id="21">771.9733</dst>
      <dst id="15">554.5156</dst>
    </src>
    <src id="6">
      <dst id="12">8523.4578</dst>
      <dst id="13">32.2400</dst>
      <dst id="19">0.3556</dst>
      <dst id="4">1265.2444</dst>
      <dst id="1">0.8356</dst>
      <dst id="7">14.3467</dst>
      <dst id="2">2035.6267</dst>
      <dst id="16">42.6222</dst>
      <dst id="11">12.2133</dst>
      <dst id="17">1227.8400</dst>
      <dst id="21">2.8533</dst>
      <dst id="15">1.2356</dst>
    </src>
    <src id="16">
      <dst id="12">2390.1867</dst>
      <dst id="13">735.5556</dst>
      <dst id="19">3288.5511</dst>
      <dst id="23">16.2667</dst>
      <dst id="8">4412.3289</dst>
      <dst id="18">89.1022</dst>
      <dst id="4">6726.3467</dst>
      <dst id="1">18853.2089</dst>
      <dst id="5">989.6622</dst>
      <dst id="3">5.7511</dst>
      <dst id="7">369.8044</dst>
      <dst id="2">1167.0578</dst>
      <dst id="6">23.2267</dst>
      <dst id="16">32.6756</dst>
      <dst id="14">3.5111</dst>
      <dst id="11">819.6267</dst>
      <dst id="9">2083.9644</dst>
      <dst id="17">1862.8356</dst>
      <dst id="21">1496.0356</dst>
    </src>
    <src id="14">
      <dst id="12">15181.2000</dst>
      <dst id="13">25.6533</dst>
      <dst id="19">7.5733</dst>
      <dst id="23">0.4889</dst>
      <dst id="18">0.4889</dst>
      <dst id="4">2710.6311</dst>
      <dst id="1">72.0711</dst>
      <dst id="5">49.3244</dst>
      <dst id="3">42.4000</dst>
      <dst id="22">5.5467</dst>
      <dst id="7">67.7600</dst>
      <dst id="2">4014.1600</dst>
      <dst id="20">1.5644</dst>
      <dst id="11">60.4800</dst>
      <dst id="9">0.3556</dst>
      <dst id="17">5437.1378</dst>
      <dst id="21">125.1644</dst>
    </src>
    <src id="20">
      <dst id="12">5654.7200</dst>
      <dst id="13">2310.9867</dst>
      <dst id="19">271.6889</dst>
      <dst id="23">1.1911</dst>
      <dst id="8">2240.8533</dst>
      <dst id="18">0.6400</dst>
      <dst id="4">7044.7733</dst>
      <dst id="1">30.9867</dst>
      <dst id="5">1530.4089</dst>
      <dst id="3">34.9600</dst>
      <dst id="7">2558.3733</dst>
      <dst id="2">976.3200</dst>
      <dst id="14">0.3733</dst>
      <dst id="11">46.2311</dst>
      <dst id="9">2951.5111</dst>
      <dst id="17">4663.0400</dst>
      <dst id="21">599.9644</dst>
    </src>
    <src id="11">
      <dst id="12">396698.9689</dst>
      <dst id="13">8777.5378</dst>
      <dst id="19">7.0844</dst>
      <dst id="23">1.0933</dst>
      <dst id="8">114.6311</dst>
      <dst id="18">267.3867</dst>
      <dst id="4">11566.5333</dst>
      <dst id="1">378.1867</dst>
      <dst id="5">2349.8400</dst>
      <dst id="3">519.9289</dst>
      <dst id="22">1433.7156</dst>
      <dst id="7">381.7778</dst>
      <dst id="2">145281.9556</dst>
      <dst id="16">290.0356</dst>
      <dst id="14">36.4622</dst>
      <dst id="20">1638.6756</dst>
      <dst id="11">1602.2133</dst>
      <dst id="9">1014.5689</dst>
      <dst id="17">155829.7689</dst>
      <dst id="21">405.8222</dst>
      <dst id="15">55.5556</dst>
    </src>
    <src id="9">
      <dst id="12">429911.4044</dst>
      <dst id="13">1827.9200</dst>
      <dst id="19">15.2889</dst>
      <dst id="23">98.4889</dst>
      <dst id="8">489.5733</dst>
      <dst id="18">4326.9511</dst>
      <dst id="4">8070.5156</dst>
      <dst id="1">645.9111</dst>
      <dst id="5">5010.7556</dst>
      <dst id="3">6.2578</dst>
      <dst id="22">3987.3600</dst>
      <dst id="7">117.3333</dst>
      <dst id="2">144604.1689</dst>
      <dst id="6">0.5333</dst>
      <dst id="16">77.9200</dst>
      <dst id="14">0.4622</dst>
      <dst id="20">622.2489</dst>
      <dst id="11">462.3289</dst>
      <dst id="9">312.9689</dst>
      <dst id="17">148551.4311</dst>
      <dst id="21">132.8356</dst>
      <dst id="15">170.2044</dst>
    </src>
    <src id="17">
      <dst id="12">9696.4622</dst>
      <dst id="13">14948.5956</dst>
      <dst id="19">143.8222</dst>
      <dst id="23">19.5911</dst>
      <dst id="8">91044.2400</dst>
      <dst id="18">87.6267</dst>
      <dst id="4">169336.9956</dst>
      <dst id="1">620.8800</dst>
      <dst id="5">141498.4800</dst>
      <dst id="3">3053.8311</dst>
      <dst id="22">2407.9733</dst>
      <dst id="7">4239.0400</dst>
      <dst id="2">9634.0089</dst>
      <dst id="6">27.3778</dst>
      <dst id="16">4096.3200</dst>
      <dst id="14">25479.8133</dst>
      <dst id="20">775.5200</dst>
      <dst id="11">78034.4978</dst>
      <dst id="9">129793.3156</dst>
      <dst id="17">1547.7778</dst>
      <dst id="21">5057.5022</dst>
      <dst id="15">233.8133</dst>
    </src>
    <src id="21">
      <dst id="12">31219.4844</dst>
      <dst id="13">214.2756</dst>
      <dst id="19">253.0400</dst>
      <dst id="23">14.7911</dst>
      <dst id="8">274.8889</dst>
      <dst id="18">2046.2667</dst>
      <dst id="4">12831.6267</dst>
      <dst id="1">2723.9911</dst>
      <dst id="5">343.0844</dst>
      <dst id="3">569.8578</dst>
      <dst id="22">521.5289</dst>
      <dst id="7">798.1778</dst>
      <dst id="2">13059.0667</dst>
      <dst id="6">30.7733</dst>
      <dst id="16">250.9067</dst>
      <dst id="14">61.3333</dst>
      <dst id="20">179.9556</dst>
      <dst id="11">283.1733</dst>
      <dst id="9">380.3022</dst>
      <dst id="17">4700.1067</dst>
      <dst id="21">594.9244</dst>
      <dst id="15">4.2667</dst>
    </src>
    <src id="15">
      <dst id="12">360.9778</dst>
      <dst id="13">1201.0489</dst>
      <dst id="19">40.8356</dst>
      <dst id="8">39.5111</dst>
      <dst id="18">168.0444</dst>
      <dst id="4">2323.8133</dst>
      <dst id="1">622.1956</dst>
      <dst id="5">1113.2089</dst>
      <dst id="3">9.4311</dst>
      <dst id="7">13.7600</dst>
      <dst id="2">4902.2933</dst>
      <dst id="11">23.0578</dst>
      <dst id="9">59.5289</dst>
      <dst id="17">555.4578</dst>
      <dst id="21">169.3778</dst>
    </src>
  </IntraTM>
</TrafficMatrixFile>
