<?xml version="1.0" encoding="UTF-8" standalone="yes"?>
<TrafficMatrixFile xmlns:xsi="http://www.w3.org/2001/XMLSchema-instance" xsi:noNamespaceSchemaLocation="http://totem.run.montefiore.ulg.ac.be/Schema/TrafficMatrix-v1_2.xsd">
  <info>
    <title>Intradomain traffic matrix generated by geant-TM-all.pl</title>
    <date>2005-01-04T16:00:00</date>
    <duration>900</duration>
    <author>Steve Uhlig</author>
    <units>
        <unit type="bandwidth" value="kbps"/>
    </units>
  </info>
  <IntraTM ASID="20965">
    <src id="12">
      <dst id="12">171765.3867</dst>
      <dst id="13">15649.2533</dst>
      <dst id="19">2591.4311</dst>
      <dst id="23">16283.7956</dst>
      <dst id="8">367.6533</dst>
      <dst id="18">435.8933</dst>
      <dst id="4">61915.9467</dst>
      <dst id="1">6497.2178</dst>
      <dst id="5">1695.5911</dst>
      <dst id="3">2611.9911</dst>
      <dst id="22">7920.2133</dst>
      <dst id="7">10906.1956</dst>
      <dst id="2">65130.4356</dst>
      <dst id="6">18.4267</dst>
      <dst id="16">3708.5067</dst>
      <dst id="14">1556.6311</dst>
      <dst id="20">7560.0000</dst>
      <dst id="11">1698.8533</dst>
      <dst id="9">1783.8933</dst>
      <dst id="17">57017.7422</dst>
      <dst id="21">8757.6622</dst>
      <dst id="15">605.4400</dst>
    </src>
    <src id="13">
      <dst id="12">32892.2578</dst>
      <dst id="19">3302.2933</dst>
      <dst id="23">8.5600</dst>
      <dst id="8">2574.3022</dst>
      <dst id="18">2179.9644</dst>
      <dst id="1">1133.9822</dst>
      <dst id="5">3223.4311</dst>
      <dst id="3">6280.6578</dst>
      <dst id="22">11184.9689</dst>
      <dst id="7">5065.5644</dst>
      <dst id="2">47232.0178</dst>
      <dst id="6">68.3111</dst>
      <dst id="16">6659.3244</dst>
      <dst id="14">2879.9733</dst>
      <dst id="20">3008.0178</dst>
      <dst id="11">7874.7289</dst>
      <dst id="9">8679.4311</dst>
      <dst id="17">24546.7111</dst>
      <dst id="21">9019.2267</dst>
      <dst id="15">12373.5289</dst>
    </src>
    <src id="19">
      <dst id="12">13233.8578</dst>
      <dst id="13">40.8178</dst>
      <dst id="23">0.3378</dst>
      <dst id="8">1.2978</dst>
      <dst id="18">1.4400</dst>
      <dst id="4">20086.8711</dst>
      <dst id="1">570.5511</dst>
      <dst id="5">11.6889</dst>
      <dst id="3">0.7111</dst>
      <dst id="22">89.6889</dst>
      <dst id="7">3105.6444</dst>
      <dst id="2">70.2044</dst>
      <dst id="6">37.9911</dst>
      <dst id="16">6921.5556</dst>
      <dst id="14">4.5689</dst>
      <dst id="20">1.6533</dst>
      <dst id="11">11.0311</dst>
      <dst id="9">1252.5244</dst>
      <dst id="17">87.3511</dst>
      <dst id="21">98.3022</dst>
    </src>
    <src id="23">
      <dst id="12">284.0178</dst>
      <dst id="13">20.1244</dst>
      <dst id="18">0.8356</dst>
      <dst id="4">19.9200</dst>
      <dst id="1">44.6933</dst>
      <dst id="3">95.5733</dst>
      <dst id="22">281.5644</dst>
      <dst id="7">95.9289</dst>
      <dst id="2">15.0311</dst>
      <dst id="16">3.8400</dst>
      <dst id="14">118.2222</dst>
      <dst id="11">14.0711</dst>
      <dst id="9">944.5067</dst>
      <dst id="17">175.9022</dst>
      <dst id="21">586.9333</dst>
    </src>
    <src id="8">
      <dst id="12">247457.1111</dst>
      <dst id="13">939.0222</dst>
      <dst id="19">0.9422</dst>
      <dst id="18">0.3644</dst>
      <dst id="4">5299.2444</dst>
      <dst id="1">628.0711</dst>
      <dst id="5">262.0000</dst>
      <dst id="3">156.0622</dst>
      <dst id="22">3887.2000</dst>
      <dst id="7">729.0578</dst>
      <dst id="2">80579.6178</dst>
      <dst id="16">172.3822</dst>
      <dst id="20">17.0133</dst>
      <dst id="11">49.4844</dst>
      <dst id="9">95.7778</dst>
      <dst id="17">86676.3022</dst>
      <dst id="21">317.5111</dst>
      <dst id="15">81.7778</dst>
    </src>
    <src id="18">
      <dst id="12">85636.6489</dst>
      <dst id="13">120.9511</dst>
      <dst id="23">1.0400</dst>
      <dst id="8">0.4622</dst>
      <dst id="4">3241.7689</dst>
      <dst id="1">1406.7556</dst>
      <dst id="5">14.3378</dst>
      <dst id="3">7.3067</dst>
      <dst id="22">92.2489</dst>
      <dst id="7">8.6133</dst>
      <dst id="2">24892.8533</dst>
      <dst id="16">19.5289</dst>
      <dst id="14">13.3333</dst>
      <dst id="20">0.4622</dst>
      <dst id="11">131.0311</dst>
      <dst id="9">28.4533</dst>
      <dst id="17">31482.7911</dst>
      <dst id="21">88.7911</dst>
      <dst id="15">0.4000</dst>
    </src>
    <src id="4">
      <dst id="12">7229.8756</dst>
      <dst id="19">14850.8178</dst>
      <dst id="23">0.4622</dst>
      <dst id="8">1833.0133</dst>
      <dst id="18">964.0533</dst>
      <dst id="1">23120.2933</dst>
      <dst id="5">1041.7689</dst>
      <dst id="3">172.4800</dst>
      <dst id="22">2626.0622</dst>
      <dst id="7">151475.4133</dst>
      <dst id="2">84276.2844</dst>
      <dst id="6">0.7556</dst>
      <dst id="16">584.1422</dst>
      <dst id="14">1313.5378</dst>
      <dst id="20">422.0444</dst>
      <dst id="11">1719.0933</dst>
      <dst id="9">2619.9022</dst>
      <dst id="17">17275.7778</dst>
      <dst id="21">2816.8622</dst>
      <dst id="15">2175.3867</dst>
    </src>
    <src id="1">
      <dst id="12">14989.6267</dst>
      <dst id="13">306.0533</dst>
      <dst id="19">120.3289</dst>
      <dst id="23">16.5867</dst>
      <dst id="8">58804.9511</dst>
      <dst id="18">11848.8622</dst>
      <dst id="4">8604.2311</dst>
      <dst id="1">3431.1556</dst>
      <dst id="5">121456.6133</dst>
      <dst id="3">84.8711</dst>
      <dst id="22">804.3200</dst>
      <dst id="7">1133.8667</dst>
      <dst id="2">1422.6044</dst>
      <dst id="6">4305.4667</dst>
      <dst id="16">11471.3867</dst>
      <dst id="14">46.3644</dst>
      <dst id="20">125.7956</dst>
      <dst id="11">266.6578</dst>
      <dst id="9">112179.5200</dst>
      <dst id="17">4445.7511</dst>
      <dst id="21">2358.0533</dst>
      <dst id="15">114.4622</dst>
    </src>
    <src id="5">
      <dst id="12">197898.5689</dst>
      <dst id="13">251.0933</dst>
      <dst id="19">1.8489</dst>
      <dst id="8">221.9289</dst>
      <dst id="18">962.1778</dst>
      <dst id="4">4111.4400</dst>
      <dst id="1">448.9067</dst>
      <dst id="3">28.2133</dst>
      <dst id="22">946.5600</dst>
      <dst id="7">45.8222</dst>
      <dst id="2">79012.4178</dst>
      <dst id="16">192.7911</dst>
      <dst id="14">4.4000</dst>
      <dst id="20">66.4889</dst>
      <dst id="11">256.8444</dst>
      <dst id="9">345.7867</dst>
      <dst id="17">89095.6000</dst>
      <dst id="21">306.2578</dst>
      <dst id="15">124.7111</dst>
    </src>
    <src id="3">
      <dst id="12">4650.4800</dst>
      <dst id="13">209.2356</dst>
      <dst id="19">577.8133</dst>
      <dst id="23">3545.6711</dst>
      <dst id="8">177.2267</dst>
      <dst id="18">46892.1156</dst>
      <dst id="4">56396.5956</dst>
      <dst id="1">7296.5067</dst>
      <dst id="5">217.4756</dst>
      <dst id="3">7347.7244</dst>
      <dst id="22">1121.3956</dst>
      <dst id="7">2107.3333</dst>
      <dst id="2">4580.5511</dst>
      <dst id="6">10.2667</dst>
      <dst id="16">687.4222</dst>
      <dst id="14">53275.6444</dst>
      <dst id="20">8.5600</dst>
      <dst id="11">91701.5111</dst>
      <dst id="9">171.7867</dst>
      <dst id="17">3388.5156</dst>
      <dst id="21">8187.4578</dst>
      <dst id="15">59.5733</dst>
    </src>
    <src id="10">
      <dst id="12">7427.0133</dst>
      <dst id="19">5436.3111</dst>
      <dst id="8">333.0311</dst>
      <dst id="18">444.8533</dst>
      <dst id="1">1600.7200</dst>
      <dst id="5">441.8311</dst>
      <dst id="3">2397.1378</dst>
      <dst id="22">6691.1911</dst>
      <dst id="7">57856.2400</dst>
      <dst id="2">9893.6711</dst>
      <dst id="16">401.5822</dst>
      <dst id="14">1256.8889</dst>
      <dst id="20">4007.8400</dst>
      <dst id="11">1823.2356</dst>
      <dst id="9">4187.2533</dst>
      <dst id="17">12763.7422</dst>
      <dst id="21">14808.2044</dst>
      <dst id="15">374.3111</dst>
    </src>
    <src id="22">
      <dst id="12">13405.7689</dst>
      <dst id="13">867.4400</dst>
      <dst id="19">66.4444</dst>
      <dst id="23">7421.2444</dst>
      <dst id="8">290.4711</dst>
      <dst id="18">148.8178</dst>
      <dst id="4">16238.9956</dst>
      <dst id="1">98.0089</dst>
      <dst id="5">1329.8844</dst>
      <dst id="3">386.8622</dst>
      <dst id="7">295.7600</dst>
      <dst id="2">3352.1956</dst>
      <dst id="6">37.6178</dst>
      <dst id="16">0.7644</dst>
      <dst id="14">27.5911</dst>
      <dst id="11">1547.8756</dst>
      <dst id="9">987.2089</dst>
      <dst id="17">891.7956</dst>
      <dst id="21">671.4222</dst>
    </src>
    <src id="7">
      <dst id="12">1902.3733</dst>
      <dst id="13">57.6622</dst>
      <dst id="19">74.8089</dst>
      <dst id="23">64.3289</dst>
      <dst id="8">17.0044</dst>
      <dst id="18">101.5911</dst>
      <dst id="4">18451.2800</dst>
      <dst id="1">747.2444</dst>
      <dst id="5">1023.0844</dst>
      <dst id="3">677.0844</dst>
      <dst id="22">3488.5600</dst>
      <dst id="7">804.1956</dst>
      <dst id="2">5592.3378</dst>
      <dst id="6">94.2489</dst>
      <dst id="16">750.8000</dst>
      <dst id="14">68.9778</dst>
      <dst id="20">103.1378</dst>
      <dst id="11">286.0711</dst>
      <dst id="9">680.6400</dst>
      <dst id="17">3327.7956</dst>
      <dst id="21">736.1778</dst>
      <dst id="15">125.5822</dst>
    </src>
    <src id="2">
      <dst id="12">56684.5156</dst>
      <dst id="13">507172.5867</dst>
      <dst id="19">1060.0622</dst>
      <dst id="8">139.4133</dst>
      <dst id="18">27016.2578</dst>
      <dst id="4">66290.4267</dst>
      <dst id="1">1563.7778</dst>
      <dst id="5">805.5200</dst>
      <dst id="3">57.8222</dst>
      <dst id="22">461.5911</dst>
      <dst id="7">2716.2933</dst>
      <dst id="2">602.2933</dst>
      <dst id="6">6726.7467</dst>
      <dst id="16">3770.0889</dst>
      <dst id="14">6664.5956</dst>
      <dst id="20">94.5689</dst>
      <dst id="11">2634.0178</dst>
      <dst id="9">234.2933</dst>
      <dst id="17">29522.8533</dst>
      <dst id="21">1108.6400</dst>
      <dst id="15">241.7156</dst>
    </src>
    <src id="6">
      <dst id="12">7369.8311</dst>
      <dst id="13">1.9378</dst>
      <dst id="19">9.4578</dst>
      <dst id="18">0.7111</dst>
      <dst id="4">403.5556</dst>
      <dst id="1">14.4978</dst>
      <dst id="5">12.3289</dst>
      <dst id="22">1.1378</dst>
      <dst id="7">3.2711</dst>
      <dst id="2">1177.7156</dst>
      <dst id="16">12.4444</dst>
      <dst id="14">0.4622</dst>
      <dst id="11">0.8178</dst>
      <dst id="9">23.1556</dst>
      <dst id="17">1221.3600</dst>
      <dst id="21">6.7644</dst>
    </src>
    <src id="16">
      <dst id="12">1285.2978</dst>
      <dst id="13">94.7467</dst>
      <dst id="19">3284.1422</dst>
      <dst id="23">2.1956</dst>
      <dst id="8">763.7689</dst>
      <dst id="18">1.7333</dst>
      <dst id="4">4437.8044</dst>
      <dst id="1">13536.2311</dst>
      <dst id="5">1068.6044</dst>
      <dst id="3">3.9200</dst>
      <dst id="7">1047.9111</dst>
      <dst id="2">201.0489</dst>
      <dst id="6">0.3556</dst>
      <dst id="16">19.2178</dst>
      <dst id="14">280.1778</dst>
      <dst id="11">67.5822</dst>
      <dst id="9">1682.6933</dst>
      <dst id="17">1033.6622</dst>
      <dst id="21">1740.4800</dst>
    </src>
    <src id="14">
      <dst id="12">16949.9022</dst>
      <dst id="13">7.5289</dst>
      <dst id="19">7.3511</dst>
      <dst id="23">3.1378</dst>
      <dst id="4">1694.1333</dst>
      <dst id="1">110.2933</dst>
      <dst id="5">87.7867</dst>
      <dst id="3">40.8711</dst>
      <dst id="22">1.5289</dst>
      <dst id="7">56.1422</dst>
      <dst id="2">5139.6533</dst>
      <dst id="6">0.5689</dst>
      <dst id="16">23.9200</dst>
      <dst id="11">16.5422</dst>
      <dst id="9">2.0622</dst>
      <dst id="17">7242.1867</dst>
      <dst id="21">55.0578</dst>
    </src>
    <src id="20">
      <dst id="12">1669.0756</dst>
      <dst id="13">226.6311</dst>
      <dst id="19">2.2489</dst>
      <dst id="8">50.1244</dst>
      <dst id="18">0.9156</dst>
      <dst id="4">6434.5333</dst>
      <dst id="1">244.7644</dst>
      <dst id="5">261.2533</dst>
      <dst id="3">108.4000</dst>
      <dst id="7">85.3244</dst>
      <dst id="2">1324.7378</dst>
      <dst id="6">25.6356</dst>
      <dst id="14">37.8667</dst>
      <dst id="11">39.1289</dst>
      <dst id="9">202.4978</dst>
      <dst id="17">84.4356</dst>
      <dst id="21">368.3022</dst>
    </src>
    <src id="11">
      <dst id="12">339893.3422</dst>
      <dst id="13">2303.2089</dst>
      <dst id="19">6.6578</dst>
      <dst id="23">1.8578</dst>
      <dst id="8">76.1778</dst>
      <dst id="18">121.3778</dst>
      <dst id="4">9576.2311</dst>
      <dst id="1">385.0133</dst>
      <dst id="5">1481.2444</dst>
      <dst id="3">271.5911</dst>
      <dst id="22">1098.3200</dst>
      <dst id="7">366.0889</dst>
      <dst id="2">113492.3289</dst>
      <dst id="6">26.3644</dst>
      <dst id="16">91.4311</dst>
      <dst id="14">67.4489</dst>
      <dst id="20">80.4533</dst>
      <dst id="11">1990.9156</dst>
      <dst id="9">784.1778</dst>
      <dst id="17">122713.7956</dst>
      <dst id="21">375.1644</dst>
      <dst id="15">91.9644</dst>
    </src>
    <src id="9">
      <dst id="12">330088.6756</dst>
      <dst id="13">878.1067</dst>
      <dst id="19">62.7467</dst>
      <dst id="23">41.9556</dst>
      <dst id="8">72.8178</dst>
      <dst id="18">47.5733</dst>
      <dst id="4">9042.9156</dst>
      <dst id="1">627.2444</dst>
      <dst id="5">534.5956</dst>
      <dst id="3">13.7067</dst>
      <dst id="22">2757.2889</dst>
      <dst id="7">30.3022</dst>
      <dst id="2">100744.7644</dst>
      <dst id="6">1.0489</dst>
      <dst id="16">352.9600</dst>
      <dst id="14">14.0356</dst>
      <dst id="20">541.8667</dst>
      <dst id="11">937.4489</dst>
      <dst id="9">137.2533</dst>
      <dst id="17">113892.2489</dst>
      <dst id="21">191.6444</dst>
      <dst id="15">118.7733</dst>
    </src>
    <src id="17">
      <dst id="12">4959.1644</dst>
      <dst id="13">7553.1733</dst>
      <dst id="19">183.0933</dst>
      <dst id="23">84.1156</dst>
      <dst id="8">70649.8044</dst>
      <dst id="18">16.5422</dst>
      <dst id="4">26964.7022</dst>
      <dst id="1">504.5511</dst>
      <dst id="5">106459.6978</dst>
      <dst id="3">3828.4444</dst>
      <dst id="22">3194.3556</dst>
      <dst id="7">450.7911</dst>
      <dst id="2">4752.2933</dst>
      <dst id="6">17.5733</dst>
      <dst id="16">1738.6222</dst>
      <dst id="14">40109.1644</dst>
      <dst id="20">237.1111</dst>
      <dst id="11">68571.1378</dst>
      <dst id="9">92447.3511</dst>
      <dst id="17">1038.2222</dst>
      <dst id="21">15979.9644</dst>
      <dst id="15">10.4622</dst>
    </src>
    <src id="21">
      <dst id="12">13576.8000</dst>
      <dst id="13">453.6267</dst>
      <dst id="19">13.9911</dst>
      <dst id="23">61.7689</dst>
      <dst id="8">258.3200</dst>
      <dst id="18">307.6089</dst>
      <dst id="4">10949.9733</dst>
      <dst id="1">2475.4400</dst>
      <dst id="5">320.9333</dst>
      <dst id="3">499.2978</dst>
      <dst id="22">655.6800</dst>
      <dst id="7">959.7422</dst>
      <dst id="2">5671.0400</dst>
      <dst id="6">0.4622</dst>
      <dst id="16">130.7733</dst>
      <dst id="14">354.6844</dst>
      <dst id="20">44.6133</dst>
      <dst id="11">397.7956</dst>
      <dst id="9">392.5333</dst>
      <dst id="17">2744.0978</dst>
      <dst id="21">269.9378</dst>
      <dst id="15">258.6756</dst>
    </src>
    <src id="15">
      <dst id="12">185.4044</dst>
      <dst id="13">449.4667</dst>
      <dst id="8">27.6800</dst>
      <dst id="18">15.4667</dst>
      <dst id="4">3217.8133</dst>
      <dst id="1">767.2978</dst>
      <dst id="5">171.0400</dst>
      <dst id="3">9.4844</dst>
      <dst id="7">36.7200</dst>
      <dst id="2">65.9111</dst>
      <dst id="11">32.8356</dst>
      <dst id="9">64.3111</dst>
      <dst id="17">123.8489</dst>
      <dst id="21">177.7867</dst>
    </src>
  </IntraTM>
</TrafficMatrixFile>
