<?xml version="1.0" encoding="UTF-8" standalone="yes"?>
<TrafficMatrixFile xmlns:xsi="http://www.w3.org/2001/XMLSchema-instance" xsi:noNamespaceSchemaLocation="http://totem.run.montefiore.ulg.ac.be/Schema/TrafficMatrix-v1_2.xsd">
  <info>
    <title>Intradomain traffic matrix generated by geant-TM-all.pl</title>
    <date>2005-01-03T04:30:00</date>
    <duration>900</duration>
    <author>Steve Uhlig</author>
    <units>
        <unit type="bandwidth" value="kbps"/>
    </units>
  </info>
  <IntraTM ASID="20965">
    <src id="12">
      <dst id="12">247196.4089</dst>
      <dst id="13">27189.5644</dst>
      <dst id="19">5985.5822</dst>
      <dst id="23">7003.9467</dst>
      <dst id="8">1520.5689</dst>
      <dst id="18">1076.8978</dst>
      <dst id="4">111075.0578</dst>
      <dst id="1">7805.1378</dst>
      <dst id="5">3327.5644</dst>
      <dst id="3">4267.6978</dst>
      <dst id="22">19283.5733</dst>
      <dst id="7">3084.2489</dst>
      <dst id="2">88790.7289</dst>
      <dst id="6">26.7733</dst>
      <dst id="16">6019.4311</dst>
      <dst id="14">177.0578</dst>
      <dst id="20">2207.3600</dst>
      <dst id="11">14089.5111</dst>
      <dst id="9">7005.7600</dst>
      <dst id="17">99039.6089</dst>
      <dst id="21">10926.6756</dst>
      <dst id="15">740.6578</dst>
    </src>
    <src id="13">
      <dst id="12">53925.7156</dst>
      <dst id="19">30080.0800</dst>
      <dst id="23">288.6400</dst>
      <dst id="8">9961.8933</dst>
      <dst id="18">8337.6000</dst>
      <dst id="1">5774.7733</dst>
      <dst id="5">12965.8667</dst>
      <dst id="3">8659.2622</dst>
      <dst id="22">21966.9778</dst>
      <dst id="7">11931.8578</dst>
      <dst id="2">108496.0444</dst>
      <dst id="6">102.4267</dst>
      <dst id="16">8473.7600</dst>
      <dst id="14">3144.1067</dst>
      <dst id="20">24512.4444</dst>
      <dst id="11">17896.9067</dst>
      <dst id="9">14586.2489</dst>
      <dst id="17">92649.5733</dst>
      <dst id="21">23689.9733</dst>
      <dst id="15">7701.0044</dst>
    </src>
    <src id="19">
      <dst id="12">13703.4044</dst>
      <dst id="13">94.5689</dst>
      <dst id="23">68.5689</dst>
      <dst id="8">3963.7689</dst>
      <dst id="18">38.7200</dst>
      <dst id="4">21076.9511</dst>
      <dst id="1">476.2756</dst>
      <dst id="5">16.1600</dst>
      <dst id="3">32.2844</dst>
      <dst id="22">106.7822</dst>
      <dst id="7">2996.1778</dst>
      <dst id="2">1625.0044</dst>
      <dst id="6">81.2178</dst>
      <dst id="16">6268.9600</dst>
      <dst id="14">19.1289</dst>
      <dst id="20">31.1467</dst>
      <dst id="11">95.9644</dst>
      <dst id="9">13.6089</dst>
      <dst id="17">484.1067</dst>
      <dst id="21">589.1200</dst>
      <dst id="15">7562.7022</dst>
    </src>
    <src id="23">
      <dst id="12">1163.1378</dst>
      <dst id="13">108.9689</dst>
      <dst id="19">1.7067</dst>
      <dst id="18">102.5778</dst>
      <dst id="4">15419.8756</dst>
      <dst id="1">67.6089</dst>
      <dst id="5">95.0844</dst>
      <dst id="3">121.5289</dst>
      <dst id="22">141.2000</dst>
      <dst id="7">751.7156</dst>
      <dst id="2">43.0400</dst>
      <dst id="16">5.3244</dst>
      <dst id="14">0.3556</dst>
      <dst id="20">2.3111</dst>
      <dst id="11">41.0133</dst>
      <dst id="9">243.2000</dst>
      <dst id="17">75.9911</dst>
      <dst id="21">596.7111</dst>
      <dst id="15">13.3333</dst>
    </src>
    <src id="8">
      <dst id="12">343899.7600</dst>
      <dst id="13">436.6844</dst>
      <dst id="19">57.6711</dst>
      <dst id="23">0.9867</dst>
      <dst id="18">0.3556</dst>
      <dst id="4">8664.1867</dst>
      <dst id="1">1106.4800</dst>
      <dst id="5">1905.9911</dst>
      <dst id="3">200.2489</dst>
      <dst id="22">1343.4578</dst>
      <dst id="7">64.6844</dst>
      <dst id="2">146427.3067</dst>
      <dst id="6">0.8356</dst>
      <dst id="16">593.8222</dst>
      <dst id="20">70.3378</dst>
      <dst id="11">343.7333</dst>
      <dst id="9">1105.1467</dst>
      <dst id="17">131873.1022</dst>
      <dst id="21">338.7378</dst>
      <dst id="15">22.0356</dst>
    </src>
    <src id="18">
      <dst id="12">114667.2178</dst>
      <dst id="13">200.7289</dst>
      <dst id="19">554.3467</dst>
      <dst id="23">4.8711</dst>
      <dst id="8">9.8133</dst>
      <dst id="4">2912.4533</dst>
      <dst id="1">1060.1244</dst>
      <dst id="5">398.0800</dst>
      <dst id="3">36.0267</dst>
      <dst id="22">411.3956</dst>
      <dst id="7">88.8267</dst>
      <dst id="2">44408.8178</dst>
      <dst id="16">13.9378</dst>
      <dst id="14">88.8000</dst>
      <dst id="20">5.1289</dst>
      <dst id="11">386.9156</dst>
      <dst id="9">302.6222</dst>
      <dst id="17">43211.8844</dst>
      <dst id="21">1580.0089</dst>
      <dst id="15">16.9067</dst>
    </src>
    <src id="4">
      <dst id="12">47097.9200</dst>
      <dst id="19">9190.6222</dst>
      <dst id="8">2110.4267</dst>
      <dst id="18">2072.7556</dst>
      <dst id="4">0.9600</dst>
      <dst id="1">21236.5333</dst>
      <dst id="5">2791.5733</dst>
      <dst id="3">2212.5244</dst>
      <dst id="22">5376.7556</dst>
      <dst id="7">134693.8044</dst>
      <dst id="2">103404.8800</dst>
      <dst id="6">139.4133</dst>
      <dst id="16">1978.9867</dst>
      <dst id="14">1449.1644</dst>
      <dst id="20">1913.5200</dst>
      <dst id="11">4185.9911</dst>
      <dst id="9">10706.8622</dst>
      <dst id="17">34885.8133</dst>
      <dst id="21">10293.0844</dst>
      <dst id="15">180.0178</dst>
    </src>
    <src id="1">
      <dst id="12">19149.5467</dst>
      <dst id="13">400.5511</dst>
      <dst id="19">25.3867</dst>
      <dst id="23">71.3156</dst>
      <dst id="8">161477.6622</dst>
      <dst id="18">15025.2178</dst>
      <dst id="4">30314.8356</dst>
      <dst id="1">37198.8444</dst>
      <dst id="5">214434.4889</dst>
      <dst id="3">276.9511</dst>
      <dst id="22">5953.6889</dst>
      <dst id="7">1542.3467</dst>
      <dst id="2">30683.7067</dst>
      <dst id="6">12170.5778</dst>
      <dst id="16">9482.2400</dst>
      <dst id="14">81.2978</dst>
      <dst id="20">29.2267</dst>
      <dst id="11">359.7156</dst>
      <dst id="9">213341.2711</dst>
      <dst id="17">8314.6667</dst>
      <dst id="21">5994.1333</dst>
      <dst id="15">58.2489</dst>
    </src>
    <src id="5">
      <dst id="12">318597.4578</dst>
      <dst id="13">8626.2933</dst>
      <dst id="19">16.0356</dst>
      <dst id="23">142.0711</dst>
      <dst id="8">1125.7956</dst>
      <dst id="18">708.6044</dst>
      <dst id="4">7796.2400</dst>
      <dst id="1">551.6622</dst>
      <dst id="3">2.2400</dst>
      <dst id="22">8621.3422</dst>
      <dst id="7">488.5778</dst>
      <dst id="2">151736.7911</dst>
      <dst id="6">22.9511</dst>
      <dst id="16">1752.4000</dst>
      <dst id="14">51.9822</dst>
      <dst id="20">300.0267</dst>
      <dst id="11">1120.8089</dst>
      <dst id="9">1340.8178</dst>
      <dst id="17">127449.8933</dst>
      <dst id="21">709.2889</dst>
      <dst id="15">1688.8089</dst>
    </src>
    <src id="3">
      <dst id="12">15471.6000</dst>
      <dst id="13">593.0222</dst>
      <dst id="19">874.9600</dst>
      <dst id="23">4085.2889</dst>
      <dst id="8">340.2667</dst>
      <dst id="18">122014.6400</dst>
      <dst id="4">41377.5378</dst>
      <dst id="1">40992.3822</dst>
      <dst id="5">2922.8711</dst>
      <dst id="3">13704.3822</dst>
      <dst id="22">642.6756</dst>
      <dst id="7">605.2800</dst>
      <dst id="2">5472.0178</dst>
      <dst id="6">1.8578</dst>
      <dst id="16">1766.6489</dst>
      <dst id="14">27424.1689</dst>
      <dst id="20">172.8000</dst>
      <dst id="11">146350.4889</dst>
      <dst id="9">281.1556</dst>
      <dst id="17">14861.4400</dst>
      <dst id="21">6093.9556</dst>
      <dst id="15">20.5956</dst>
    </src>
    <src id="10">
      <dst id="12">15027.8400</dst>
      <dst id="19">420.9244</dst>
      <dst id="8">713.7067</dst>
      <dst id="18">9908.2844</dst>
      <dst id="1">795.0222</dst>
      <dst id="5">1046.6667</dst>
      <dst id="3">8380.2578</dst>
      <dst id="22">5738.2667</dst>
      <dst id="7">12754.8889</dst>
      <dst id="2">23097.5378</dst>
      <dst id="6">21.8933</dst>
      <dst id="16">1986.9156</dst>
      <dst id="14">796.2844</dst>
      <dst id="20">5510.2756</dst>
      <dst id="11">4864.8089</dst>
      <dst id="9">1831.2356</dst>
      <dst id="17">18596.9333</dst>
      <dst id="21">14051.4933</dst>
      <dst id="15">587.8400</dst>
    </src>
    <src id="22">
      <dst id="12">9000.3022</dst>
      <dst id="13">19589.4400</dst>
      <dst id="19">1046.7289</dst>
      <dst id="23">12.0533</dst>
      <dst id="8">795.0844</dst>
      <dst id="18">1568.2844</dst>
      <dst id="4">24809.0489</dst>
      <dst id="1">139.3156</dst>
      <dst id="5">4328.0711</dst>
      <dst id="3">182.7378</dst>
      <dst id="7">738.5067</dst>
      <dst id="2">1877.0400</dst>
      <dst id="6">27.0933</dst>
      <dst id="16">0.3556</dst>
      <dst id="14">2.9511</dst>
      <dst id="11">3244.7822</dst>
      <dst id="9">6253.0400</dst>
      <dst id="17">4042.9333</dst>
      <dst id="21">2484.1067</dst>
    </src>
    <src id="7">
      <dst id="12">10058.7644</dst>
      <dst id="13">1205.0756</dst>
      <dst id="19">2006.0889</dst>
      <dst id="23">140.4267</dst>
      <dst id="8">1041.1022</dst>
      <dst id="18">1038.9778</dst>
      <dst id="4">31878.3289</dst>
      <dst id="1">3635.6356</dst>
      <dst id="5">1397.0667</dst>
      <dst id="3">504.9867</dst>
      <dst id="22">5236.7467</dst>
      <dst id="7">733.1556</dst>
      <dst id="2">8695.0578</dst>
      <dst id="6">2.5156</dst>
      <dst id="16">1096.2133</dst>
      <dst id="14">79.4756</dst>
      <dst id="20">580.6311</dst>
      <dst id="11">1779.0311</dst>
      <dst id="9">988.8000</dst>
      <dst id="17">13962.9244</dst>
      <dst id="21">7575.2889</dst>
      <dst id="15">371.3067</dst>
    </src>
    <src id="2">
      <dst id="12">98272.7289</dst>
      <dst id="13">521080.5244</dst>
      <dst id="19">392.9244</dst>
      <dst id="23">14.5778</dst>
      <dst id="8">815.6978</dst>
      <dst id="18">90601.1733</dst>
      <dst id="4">146049.9911</dst>
      <dst id="1">7874.4622</dst>
      <dst id="5">2004.1778</dst>
      <dst id="3">61.2089</dst>
      <dst id="22">2312.4444</dst>
      <dst id="7">3082.8533</dst>
      <dst id="2">641.7867</dst>
      <dst id="6">9192.7200</dst>
      <dst id="16">4072.0444</dst>
      <dst id="14">155.5822</dst>
      <dst id="20">3955.5733</dst>
      <dst id="11">4397.1733</dst>
      <dst id="9">905.5289</dst>
      <dst id="17">21369.3867</dst>
      <dst id="21">6565.0311</dst>
      <dst id="15">83.4311</dst>
    </src>
    <src id="6">
      <dst id="12">11619.7689</dst>
      <dst id="13">139.9289</dst>
      <dst id="19">1.3956</dst>
      <dst id="23">0.3378</dst>
      <dst id="8">13.2533</dst>
      <dst id="4">62.7644</dst>
      <dst id="1">18.4978</dst>
      <dst id="22">15.0578</dst>
      <dst id="2">3092.8178</dst>
      <dst id="16">1.9911</dst>
      <dst id="11">0.7111</dst>
      <dst id="17">1530.2756</dst>
      <dst id="21">34.4000</dst>
    </src>
    <src id="16">
      <dst id="12">3155.0489</dst>
      <dst id="13">1098.8178</dst>
      <dst id="19">4647.8578</dst>
      <dst id="23">16.2311</dst>
      <dst id="8">4728.3467</dst>
      <dst id="18">108.0533</dst>
      <dst id="4">7820.9600</dst>
      <dst id="1">14345.9022</dst>
      <dst id="5">4102.4178</dst>
      <dst id="3">27.0222</dst>
      <dst id="7">5333.8044</dst>
      <dst id="2">1066.9422</dst>
      <dst id="6">25.6000</dst>
      <dst id="16">54.3467</dst>
      <dst id="14">322.8978</dst>
      <dst id="11">1425.3778</dst>
      <dst id="9">5053.3778</dst>
      <dst id="17">2797.1111</dst>
      <dst id="21">605.4489</dst>
    </src>
    <src id="14">
      <dst id="12">14215.7511</dst>
      <dst id="13">27.2711</dst>
      <dst id="19">29.3156</dst>
      <dst id="23">13.7600</dst>
      <dst id="18">1.5289</dst>
      <dst id="4">2280.1067</dst>
      <dst id="1">84.4000</dst>
      <dst id="5">3.6622</dst>
      <dst id="3">95.1200</dst>
      <dst id="22">51.2889</dst>
      <dst id="7">107.2533</dst>
      <dst id="2">5154.2667</dst>
      <dst id="16">6.7200</dst>
      <dst id="11">63.5556</dst>
      <dst id="9">100.2044</dst>
      <dst id="17">7101.1200</dst>
      <dst id="21">103.5822</dst>
    </src>
    <src id="20">
      <dst id="12">4697.9467</dst>
      <dst id="13">18690.5600</dst>
      <dst id="19">987.7511</dst>
      <dst id="23">1.7867</dst>
      <dst id="8">146.0267</dst>
      <dst id="18">38.8533</dst>
      <dst id="4">10596.7556</dst>
      <dst id="1">19.1378</dst>
      <dst id="5">4418.7378</dst>
      <dst id="3">940.0000</dst>
      <dst id="7">96.6222</dst>
      <dst id="2">10414.3378</dst>
      <dst id="6">7.8756</dst>
      <dst id="14">0.3556</dst>
      <dst id="11">146.0711</dst>
      <dst id="9">9798.9244</dst>
      <dst id="17">4879.7067</dst>
      <dst id="21">618.0711</dst>
    </src>
    <src id="11">
      <dst id="12">401968.6044</dst>
      <dst id="13">4507.6000</dst>
      <dst id="19">35.2356</dst>
      <dst id="23">22.4089</dst>
      <dst id="8">4407.2178</dst>
      <dst id="18">271.1644</dst>
      <dst id="4">16217.5733</dst>
      <dst id="1">476.8978</dst>
      <dst id="5">852.9956</dst>
      <dst id="3">1037.6000</dst>
      <dst id="22">3699.1289</dst>
      <dst id="7">561.3511</dst>
      <dst id="2">150961.4667</dst>
      <dst id="6">0.6933</dst>
      <dst id="16">465.7422</dst>
      <dst id="14">50.5244</dst>
      <dst id="20">242.6044</dst>
      <dst id="11">799.5378</dst>
      <dst id="9">1291.2533</dst>
      <dst id="17">145987.0578</dst>
      <dst id="21">519.6267</dst>
      <dst id="15">2306.2489</dst>
    </src>
    <src id="9">
      <dst id="12">420810.3111</dst>
      <dst id="13">11033.6356</dst>
      <dst id="19">16.5422</dst>
      <dst id="23">48.7111</dst>
      <dst id="8">1396.4089</dst>
      <dst id="18">167.7422</dst>
      <dst id="4">19271.2178</dst>
      <dst id="1">6316.8711</dst>
      <dst id="5">17972.7644</dst>
      <dst id="3">0.4622</dst>
      <dst id="22">8743.0933</dst>
      <dst id="7">2619.5556</dst>
      <dst id="2">162298.0000</dst>
      <dst id="6">0.8089</dst>
      <dst id="16">2037.2533</dst>
      <dst id="14">19.2356</dst>
      <dst id="20">947.6889</dst>
      <dst id="11">2202.4178</dst>
      <dst id="9">741.5289</dst>
      <dst id="17">189311.8667</dst>
      <dst id="21">712.8533</dst>
      <dst id="15">3669.1289</dst>
    </src>
    <src id="17">
      <dst id="12">12444.2222</dst>
      <dst id="13">4172.8533</dst>
      <dst id="19">322.8711</dst>
      <dst id="23">41.5644</dst>
      <dst id="8">172945.3689</dst>
      <dst id="18">494.7644</dst>
      <dst id="4">182071.5556</dst>
      <dst id="1">1674.5067</dst>
      <dst id="5">229438.4711</dst>
      <dst id="3">6798.5778</dst>
      <dst id="22">15614.3289</dst>
      <dst id="7">2323.3778</dst>
      <dst id="2">35147.6800</dst>
      <dst id="6">62.7289</dst>
      <dst id="16">5105.6978</dst>
      <dst id="14">23750.3467</dst>
      <dst id="20">501.5111</dst>
      <dst id="11">142983.3333</dst>
      <dst id="9">177960.8533</dst>
      <dst id="17">1409.0400</dst>
      <dst id="21">12401.7244</dst>
      <dst id="15">2029.6178</dst>
    </src>
    <src id="21">
      <dst id="12">20265.3244</dst>
      <dst id="13">1016.4711</dst>
      <dst id="19">157.7156</dst>
      <dst id="23">5782.9867</dst>
      <dst id="8">74.4089</dst>
      <dst id="18">3582.9956</dst>
      <dst id="4">35595.8311</dst>
      <dst id="1">1546.6844</dst>
      <dst id="5">317.2978</dst>
      <dst id="3">883.0222</dst>
      <dst id="22">2729.9644</dst>
      <dst id="7">4573.6978</dst>
      <dst id="2">8662.0356</dst>
      <dst id="6">125.0667</dst>
      <dst id="16">130.0267</dst>
      <dst id="14">116.8978</dst>
      <dst id="20">224.8800</dst>
      <dst id="11">995.4578</dst>
      <dst id="9">762.6311</dst>
      <dst id="17">4311.6089</dst>
      <dst id="21">3572.4978</dst>
      <dst id="15">17.6267</dst>
    </src>
    <src id="15">
      <dst id="12">386.5156</dst>
      <dst id="13">1814.4444</dst>
      <dst id="19">289.5644</dst>
      <dst id="23">1.6711</dst>
      <dst id="8">13.6889</dst>
      <dst id="18">0.8178</dst>
      <dst id="4">5849.1111</dst>
      <dst id="1">342.7733</dst>
      <dst id="5">391.1200</dst>
      <dst id="3">18.3022</dst>
      <dst id="7">55.7867</dst>
      <dst id="2">158.3200</dst>
      <dst id="11">251.1733</dst>
      <dst id="9">4050.9689</dst>
      <dst id="17">345.0667</dst>
      <dst id="21">6.4800</dst>
    </src>
  </IntraTM>
</TrafficMatrixFile>
