<?xml version="1.0" encoding="UTF-8" standalone="yes"?>
<TrafficMatrixFile xmlns:xsi="http://www.w3.org/2001/XMLSchema-instance" xsi:noNamespaceSchemaLocation="http://totem.run.montefiore.ulg.ac.be/Schema/TrafficMatrix-v1_2.xsd">
  <info>
    <title>Intradomain traffic matrix generated by geant-TM-all.pl</title>
    <date>2005-01-04T23:15:00</date>
    <duration>900</duration>
    <author>Steve Uhlig</author>
    <units>
        <unit type="bandwidth" value="kbps"/>
    </units>
  </info>
  <IntraTM ASID="20965">
    <src id="12">
      <dst id="12">237283.0489</dst>
      <dst id="13">23548.8356</dst>
      <dst id="19">6195.1111</dst>
      <dst id="23">642.5067</dst>
      <dst id="8">3216.6844</dst>
      <dst id="18">777.9911</dst>
      <dst id="4">66000.4444</dst>
      <dst id="1">19690.6311</dst>
      <dst id="5">6720.8800</dst>
      <dst id="3">1990.8889</dst>
      <dst id="22">14823.7867</dst>
      <dst id="7">4316.4267</dst>
      <dst id="2">74230.4711</dst>
      <dst id="6">38.0178</dst>
      <dst id="16">10369.7600</dst>
      <dst id="14">6140.2133</dst>
      <dst id="20">4447.3067</dst>
      <dst id="11">3916.0533</dst>
      <dst id="9">5003.5111</dst>
      <dst id="17">93474.3733</dst>
      <dst id="21">3160.4000</dst>
      <dst id="15">2302.8444</dst>
    </src>
    <src id="13">
      <dst id="12">48780.6489</dst>
      <dst id="19">4760.3022</dst>
      <dst id="23">96.6133</dst>
      <dst id="8">2320.5333</dst>
      <dst id="18">1610.0889</dst>
      <dst id="4">3.8489</dst>
      <dst id="1">9078.2222</dst>
      <dst id="5">8026.9333</dst>
      <dst id="3">7188.9689</dst>
      <dst id="22">19237.8489</dst>
      <dst id="7">7778.7733</dst>
      <dst id="2">88855.7511</dst>
      <dst id="6">76.1600</dst>
      <dst id="16">9004.8889</dst>
      <dst id="14">4850.2400</dst>
      <dst id="20">7049.3156</dst>
      <dst id="11">21535.2889</dst>
      <dst id="9">8925.9644</dst>
      <dst id="17">49782.9956</dst>
      <dst id="21">6640.3911</dst>
      <dst id="15">2429.3956</dst>
    </src>
    <src id="19">
      <dst id="12">16461.1556</dst>
      <dst id="13">170.8889</dst>
      <dst id="23">33.2800</dst>
      <dst id="8">68.5333</dst>
      <dst id="18">4.2044</dst>
      <dst id="4">14041.6711</dst>
      <dst id="1">2548.4178</dst>
      <dst id="5">178.2756</dst>
      <dst id="3">0.3556</dst>
      <dst id="22">168.6311</dst>
      <dst id="7">3104.3289</dst>
      <dst id="2">157.8489</dst>
      <dst id="6">25.6800</dst>
      <dst id="16">6162.0978</dst>
      <dst id="14">0.3556</dst>
      <dst id="20">198.7733</dst>
      <dst id="11">21.3244</dst>
      <dst id="9">44.4889</dst>
      <dst id="17">320.1422</dst>
      <dst id="21">1125.4844</dst>
      <dst id="15">14.7200</dst>
    </src>
    <src id="23">
      <dst id="12">1513.6178</dst>
      <dst id="13">1115.1911</dst>
      <dst id="19">192.1867</dst>
      <dst id="18">0.5778</dst>
      <dst id="4">28.5600</dst>
      <dst id="1">94.1156</dst>
      <dst id="5">80.4622</dst>
      <dst id="3">231.4667</dst>
      <dst id="22">102.1956</dst>
      <dst id="7">860.5956</dst>
      <dst id="2">29.7244</dst>
      <dst id="6">33.8489</dst>
      <dst id="16">458.8444</dst>
      <dst id="14">2.3467</dst>
      <dst id="20">1.9911</dst>
      <dst id="11">134.3644</dst>
      <dst id="9">3628.0356</dst>
      <dst id="17">217.9556</dst>
      <dst id="21">13.3333</dst>
      <dst id="15">0.4978</dst>
    </src>
    <src id="8">
      <dst id="12">304198.4533</dst>
      <dst id="13">451.8844</dst>
      <dst id="19">7.9022</dst>
      <dst id="18">32.7111</dst>
      <dst id="4">6247.0667</dst>
      <dst id="1">517.8222</dst>
      <dst id="5">709.6089</dst>
      <dst id="22">363.9289</dst>
      <dst id="7">9.5644</dst>
      <dst id="2">133454.2222</dst>
      <dst id="16">591.6178</dst>
      <dst id="14">29.0933</dst>
      <dst id="20">3769.6267</dst>
      <dst id="11">370.7556</dst>
      <dst id="9">519.7511</dst>
      <dst id="17">123994.8356</dst>
      <dst id="21">184.4178</dst>
      <dst id="15">339.5911</dst>
    </src>
    <src id="18">
      <dst id="12">97858.8356</dst>
      <dst id="13">318.2311</dst>
      <dst id="19">2.9244</dst>
      <dst id="23">0.3378</dst>
      <dst id="8">30.2933</dst>
      <dst id="4">939.1822</dst>
      <dst id="1">2872.1778</dst>
      <dst id="5">89.4044</dst>
      <dst id="3">20.0356</dst>
      <dst id="22">861.1556</dst>
      <dst id="7">18.2756</dst>
      <dst id="2">32594.8533</dst>
      <dst id="16">35.6711</dst>
      <dst id="14">45.8489</dst>
      <dst id="20">2.3733</dst>
      <dst id="11">43.2800</dst>
      <dst id="9">18.5244</dst>
      <dst id="17">36847.5200</dst>
      <dst id="21">120.4267</dst>
      <dst id="15">217.0400</dst>
    </src>
    <src id="4">
      <dst id="12">16186.2044</dst>
      <dst id="19">14538.7022</dst>
      <dst id="23">1.3511</dst>
      <dst id="8">745.6356</dst>
      <dst id="18">316.4356</dst>
      <dst id="4">0.3556</dst>
      <dst id="1">88406.7733</dst>
      <dst id="5">2091.4222</dst>
      <dst id="3">242.8178</dst>
      <dst id="22">5594.9956</dst>
      <dst id="7">46402.0711</dst>
      <dst id="2">64948.5778</dst>
      <dst id="6">43.2978</dst>
      <dst id="16">1962.4533</dst>
      <dst id="14">2645.6000</dst>
      <dst id="20">1048.3556</dst>
      <dst id="11">2206.7822</dst>
      <dst id="9">1871.2978</dst>
      <dst id="17">32903.1733</dst>
      <dst id="21">2785.3689</dst>
      <dst id="15">248.3467</dst>
    </src>
    <src id="1">
      <dst id="12">23073.1022</dst>
      <dst id="13">1501.8756</dst>
      <dst id="19">101.4044</dst>
      <dst id="23">121.2444</dst>
      <dst id="8">120928.8444</dst>
      <dst id="18">18339.6800</dst>
      <dst id="4">8590.6756</dst>
      <dst id="1">8216.1511</dst>
      <dst id="5">256595.0667</dst>
      <dst id="3">57.7067</dst>
      <dst id="22">1057.5111</dst>
      <dst id="7">1358.1778</dst>
      <dst id="2">4205.9822</dst>
      <dst id="6">7999.4044</dst>
      <dst id="16">8876.8267</dst>
      <dst id="14">115.2978</dst>
      <dst id="20">53.0667</dst>
      <dst id="11">783.9378</dst>
      <dst id="9">193955.2000</dst>
      <dst id="17">5932.2667</dst>
      <dst id="21">1998.4711</dst>
      <dst id="15">164.3911</dst>
    </src>
    <src id="5">
      <dst id="12">273068.9511</dst>
      <dst id="13">4192.3733</dst>
      <dst id="19">131.3422</dst>
      <dst id="23">3.9733</dst>
      <dst id="8">1111.7600</dst>
      <dst id="18">1111.5289</dst>
      <dst id="4">4673.2978</dst>
      <dst id="1">627.4667</dst>
      <dst id="3">3.6178</dst>
      <dst id="22">3705.9378</dst>
      <dst id="7">978.2756</dst>
      <dst id="2">120559.2533</dst>
      <dst id="6">15.8222</dst>
      <dst id="16">1048.6044</dst>
      <dst id="14">13.0044</dst>
      <dst id="20">1836.5778</dst>
      <dst id="11">18211.7333</dst>
      <dst id="9">9235.8756</dst>
      <dst id="17">133942.9422</dst>
      <dst id="21">52.9067</dst>
      <dst id="15">131.2444</dst>
    </src>
    <src id="3">
      <dst id="12">102826.3378</dst>
      <dst id="13">8534.1778</dst>
      <dst id="19">1398.4622</dst>
      <dst id="23">11046.2756</dst>
      <dst id="8">6.5156</dst>
      <dst id="18">51960.0711</dst>
      <dst id="4">19475.7333</dst>
      <dst id="1">4148.7022</dst>
      <dst id="5">367.6800</dst>
      <dst id="3">11320.9689</dst>
      <dst id="22">1602.8533</dst>
      <dst id="7">1761.3956</dst>
      <dst id="2">5706.7022</dst>
      <dst id="6">2.3911</dst>
      <dst id="16">1398.3378</dst>
      <dst id="14">61654.8444</dst>
      <dst id="20">140.1689</dst>
      <dst id="11">126693.4756</dst>
      <dst id="9">185.8400</dst>
      <dst id="17">10678.1600</dst>
      <dst id="21">3988.7111</dst>
      <dst id="15">36.3200</dst>
    </src>
    <src id="10">
      <dst id="12">12982.4711</dst>
      <dst id="19">4578.4800</dst>
      <dst id="8">1003.1644</dst>
      <dst id="18">255.7689</dst>
      <dst id="1">2902.8800</dst>
      <dst id="5">2509.2267</dst>
      <dst id="3">2609.4133</dst>
      <dst id="22">5269.4222</dst>
      <dst id="7">7945.4400</dst>
      <dst id="2">32085.8133</dst>
      <dst id="6">19.7156</dst>
      <dst id="16">3210.8444</dst>
      <dst id="14">5641.7689</dst>
      <dst id="20">1236.3467</dst>
      <dst id="11">5758.6400</dst>
      <dst id="9">9513.9022</dst>
      <dst id="17">12975.2356</dst>
      <dst id="21">9476.5244</dst>
      <dst id="15">214.8978</dst>
    </src>
    <src id="22">
      <dst id="12">4478.8622</dst>
      <dst id="13">2347.4400</dst>
      <dst id="19">223.3067</dst>
      <dst id="23">75.2800</dst>
      <dst id="8">831.1822</dst>
      <dst id="18">344.3289</dst>
      <dst id="4">12947.4311</dst>
      <dst id="1">1057.0667</dst>
      <dst id="5">6449.3156</dst>
      <dst id="3">402.4889</dst>
      <dst id="7">813.3244</dst>
      <dst id="2">2912.6756</dst>
      <dst id="6">1.6089</dst>
      <dst id="16">5.8400</dst>
      <dst id="14">141.5378</dst>
      <dst id="11">1562.8533</dst>
      <dst id="9">3457.5911</dst>
      <dst id="17">4007.6889</dst>
      <dst id="21">367.2444</dst>
    </src>
    <src id="7">
      <dst id="12">3842.9333</dst>
      <dst id="13">1842.3022</dst>
      <dst id="19">4304.5156</dst>
      <dst id="23">83.9289</dst>
      <dst id="8">113.5467</dst>
      <dst id="18">187.4222</dst>
      <dst id="4">13548.7822</dst>
      <dst id="1">1402.9689</dst>
      <dst id="5">1059.3156</dst>
      <dst id="3">326.4444</dst>
      <dst id="22">2928.9689</dst>
      <dst id="7">631.4667</dst>
      <dst id="2">5026.8267</dst>
      <dst id="6">54.0444</dst>
      <dst id="16">851.1556</dst>
      <dst id="14">638.3111</dst>
      <dst id="20">440.7733</dst>
      <dst id="11">666.7111</dst>
      <dst id="9">887.0311</dst>
      <dst id="17">6025.1911</dst>
      <dst id="21">476.7733</dst>
      <dst id="15">336.5244</dst>
    </src>
    <src id="2">
      <dst id="12">86541.7067</dst>
      <dst id="13">524965.9467</dst>
      <dst id="19">156.1511</dst>
      <dst id="23">29.0400</dst>
      <dst id="8">292.7289</dst>
      <dst id="18">54754.8533</dst>
      <dst id="4">68441.0933</dst>
      <dst id="1">8569.4667</dst>
      <dst id="5">1677.6711</dst>
      <dst id="3">160.6489</dst>
      <dst id="22">2698.6133</dst>
      <dst id="7">3221.4933</dst>
      <dst id="2">766.9156</dst>
      <dst id="6">7867.5644</dst>
      <dst id="16">2505.2178</dst>
      <dst id="14">6434.1600</dst>
      <dst id="20">262.3467</dst>
      <dst id="11">2444.2933</dst>
      <dst id="9">1051.9911</dst>
      <dst id="17">35916.9156</dst>
      <dst id="21">814.9422</dst>
      <dst id="15">712.7644</dst>
    </src>
    <src id="6">
      <dst id="12">10729.4667</dst>
      <dst id="13">2.3911</dst>
      <dst id="19">1.8578</dst>
      <dst id="23">1.1556</dst>
      <dst id="18">0.4356</dst>
      <dst id="4">1405.0756</dst>
      <dst id="1">24.9689</dst>
      <dst id="5">50.9689</dst>
      <dst id="22">1.5733</dst>
      <dst id="7">41.1733</dst>
      <dst id="2">2897.6622</dst>
      <dst id="16">12.5156</dst>
      <dst id="14">11.4667</dst>
      <dst id="11">39.0311</dst>
      <dst id="9">35.9111</dst>
      <dst id="17">1499.0133</dst>
      <dst id="21">14.8533</dst>
    </src>
    <src id="16">
      <dst id="12">4333.7867</dst>
      <dst id="13">448.7911</dst>
      <dst id="19">3974.9422</dst>
      <dst id="23">45.1200</dst>
      <dst id="8">9330.7111</dst>
      <dst id="18">10.1333</dst>
      <dst id="4">3555.8400</dst>
      <dst id="1">15592.4978</dst>
      <dst id="5">5334.2667</dst>
      <dst id="3">8.4889</dst>
      <dst id="7">2127.7867</dst>
      <dst id="2">962.8444</dst>
      <dst id="6">22.2222</dst>
      <dst id="16">57.3778</dst>
      <dst id="14">607.4667</dst>
      <dst id="11">267.4933</dst>
      <dst id="9">8712.7733</dst>
      <dst id="17">1424.9067</dst>
      <dst id="21">2194.5689</dst>
    </src>
    <src id="14">
      <dst id="12">23689.7244</dst>
      <dst id="13">44.9689</dst>
      <dst id="19">5.2267</dst>
      <dst id="23">2.1333</dst>
      <dst id="8">3.1022</dst>
      <dst id="18">9.4222</dst>
      <dst id="4">2414.6933</dst>
      <dst id="1">208.8622</dst>
      <dst id="5">5.8044</dst>
      <dst id="3">125.5200</dst>
      <dst id="22">57.4933</dst>
      <dst id="7">100.6222</dst>
      <dst id="2">7448.3644</dst>
      <dst id="16">10.0000</dst>
      <dst id="20">2.4444</dst>
      <dst id="11">50.3644</dst>
      <dst id="9">66.0089</dst>
      <dst id="17">8067.8933</dst>
      <dst id="21">73.7422</dst>
    </src>
    <src id="20">
      <dst id="12">5259.6000</dst>
      <dst id="13">7187.2089</dst>
      <dst id="19">1417.5644</dst>
      <dst id="23">45.7244</dst>
      <dst id="8">510.7644</dst>
      <dst id="18">33.1289</dst>
      <dst id="4">8107.2533</dst>
      <dst id="1">52.3289</dst>
      <dst id="5">941.4844</dst>
      <dst id="3">350.2844</dst>
      <dst id="22">1.2711</dst>
      <dst id="7">79.5822</dst>
      <dst id="2">1942.4089</dst>
      <dst id="6">0.6311</dst>
      <dst id="14">17.9733</dst>
      <dst id="11">48.5333</dst>
      <dst id="9">11977.9733</dst>
      <dst id="17">4213.0578</dst>
      <dst id="21">141.8844</dst>
    </src>
    <src id="11">
      <dst id="12">388500.6400</dst>
      <dst id="13">5598.7644</dst>
      <dst id="19">136.9244</dst>
      <dst id="23">4.1778</dst>
      <dst id="8">162.9511</dst>
      <dst id="18">306.2222</dst>
      <dst id="4">9694.2933</dst>
      <dst id="1">542.0267</dst>
      <dst id="5">1491.9733</dst>
      <dst id="3">299.9733</dst>
      <dst id="22">1299.0667</dst>
      <dst id="7">255.6889</dst>
      <dst id="2">159011.1822</dst>
      <dst id="6">1.1378</dst>
      <dst id="16">365.4756</dst>
      <dst id="14">24.3733</dst>
      <dst id="20">227.9644</dst>
      <dst id="11">1313.9733</dst>
      <dst id="9">1176.5956</dst>
      <dst id="17">164378.2578</dst>
      <dst id="21">258.4711</dst>
      <dst id="15">40.1244</dst>
    </src>
    <src id="9">
      <dst id="12">408547.3600</dst>
      <dst id="13">3111.6444</dst>
      <dst id="19">53.2800</dst>
      <dst id="23">317.5556</dst>
      <dst id="8">250.8267</dst>
      <dst id="18">32.8978</dst>
      <dst id="4">5677.4578</dst>
      <dst id="1">1523.0400</dst>
      <dst id="5">5159.4044</dst>
      <dst id="3">56.0533</dst>
      <dst id="22">2537.4756</dst>
      <dst id="7">240.1867</dst>
      <dst id="2">159890.5867</dst>
      <dst id="6">1.2000</dst>
      <dst id="16">786.2756</dst>
      <dst id="14">9.3244</dst>
      <dst id="20">3961.3600</dst>
      <dst id="11">2923.7511</dst>
      <dst id="9">312.0356</dst>
      <dst id="17">159437.4578</dst>
      <dst id="21">404.1867</dst>
      <dst id="15">2991.7156</dst>
    </src>
    <src id="17">
      <dst id="12">7514.2133</dst>
      <dst id="13">1621.4311</dst>
      <dst id="19">570.5600</dst>
      <dst id="23">145.1022</dst>
      <dst id="8">134065.6800</dst>
      <dst id="18">706.2044</dst>
      <dst id="4">34700.1600</dst>
      <dst id="1">973.3689</dst>
      <dst id="5">224698.7644</dst>
      <dst id="3">6876.5867</dst>
      <dst id="22">5820.4089</dst>
      <dst id="7">1219.2267</dst>
      <dst id="2">28461.2978</dst>
      <dst id="6">1072.6933</dst>
      <dst id="16">3901.0222</dst>
      <dst id="14">50977.7956</dst>
      <dst id="20">740.4267</dst>
      <dst id="11">106940.3733</dst>
      <dst id="9">189724.8533</dst>
      <dst id="17">2893.8667</dst>
      <dst id="21">2758.0533</dst>
      <dst id="15">852.4889</dst>
    </src>
    <src id="21">
      <dst id="12">2949.2444</dst>
      <dst id="13">333.3867</dst>
      <dst id="19">272.2311</dst>
      <dst id="23">15.6089</dst>
      <dst id="8">87.2622</dst>
      <dst id="18">70.5867</dst>
      <dst id="4">13506.7467</dst>
      <dst id="1">1524.6489</dst>
      <dst id="5">821.6800</dst>
      <dst id="3">947.8844</dst>
      <dst id="22">728.2756</dst>
      <dst id="7">1148.9067</dst>
      <dst id="2">3717.8400</dst>
      <dst id="6">2.9244</dst>
      <dst id="16">251.7867</dst>
      <dst id="14">1978.4889</dst>
      <dst id="20">131.6267</dst>
      <dst id="11">1298.4444</dst>
      <dst id="9">300.7467</dst>
      <dst id="17">1180.2489</dst>
      <dst id="21">446.1156</dst>
      <dst id="15">130.6756</dst>
    </src>
    <src id="15">
      <dst id="12">5362.9067</dst>
      <dst id="13">638.1689</dst>
      <dst id="19">78.5600</dst>
      <dst id="23">0.6756</dst>
      <dst id="8">20.7467</dst>
      <dst id="18">7.3689</dst>
      <dst id="4">606.1156</dst>
      <dst id="1">458.0800</dst>
      <dst id="5">254.1422</dst>
      <dst id="3">6.4800</dst>
      <dst id="7">55.8400</dst>
      <dst id="2">304.6578</dst>
      <dst id="14">0.3556</dst>
      <dst id="11">46.3111</dst>
      <dst id="9">296.2933</dst>
      <dst id="17">148.4178</dst>
      <dst id="21">264.4978</dst>
    </src>
  </IntraTM>
</TrafficMatrixFile>
