<?xml version="1.0" encoding="UTF-8" standalone="yes"?>
<TrafficMatrixFile xmlns:xsi="http://www.w3.org/2001/XMLSchema-instance" xsi:noNamespaceSchemaLocation="http://totem.run.montefiore.ulg.ac.be/Schema/TrafficMatrix-v1_2.xsd">
  <info>
    <title>Intradomain traffic matrix generated by geant-TM-all.pl</title>
    <date>2005-01-01T23:00:00</date>
    <duration>900</duration>
    <author>Steve Uhlig</author>
    <units>
        <unit type="bandwidth" value="kbps"/>
    </units>
  </info>
  <IntraTM ASID="20965">
    <src id="12">
      <dst id="12">359978.6756</dst>
      <dst id="13">39433.6978</dst>
      <dst id="19">3455.9556</dst>
      <dst id="23">5341.5200</dst>
      <dst id="8">8809.2267</dst>
      <dst id="18">7434.2756</dst>
      <dst id="4">96557.9822</dst>
      <dst id="1">11640.0089</dst>
      <dst id="5">5787.9289</dst>
      <dst id="3">12574.1689</dst>
      <dst id="22">21437.3778</dst>
      <dst id="7">3806.8533</dst>
      <dst id="2">121107.9644</dst>
      <dst id="6">30.1067</dst>
      <dst id="16">8898.0267</dst>
      <dst id="14">1304.9422</dst>
      <dst id="20">15889.7244</dst>
      <dst id="11">8246.5422</dst>
      <dst id="9">28484.2489</dst>
      <dst id="17">66584.4089</dst>
      <dst id="21">30915.4578</dst>
      <dst id="15">8304.0444</dst>
    </src>
    <src id="13">
      <dst id="12">71399.9111</dst>
      <dst id="19">8389.1378</dst>
      <dst id="23">1076.0178</dst>
      <dst id="8">3129.5911</dst>
      <dst id="18">10928.8444</dst>
      <dst id="4">0.7111</dst>
      <dst id="1">5388.8800</dst>
      <dst id="5">32204.1422</dst>
      <dst id="3">34503.1911</dst>
      <dst id="22">28756.2844</dst>
      <dst id="7">12631.1022</dst>
      <dst id="2">141385.8933</dst>
      <dst id="6">686.0978</dst>
      <dst id="16">9359.3511</dst>
      <dst id="14">7141.7067</dst>
      <dst id="20">20998.6933</dst>
      <dst id="11">26629.5911</dst>
      <dst id="9">23472.2311</dst>
      <dst id="17">370259.8400</dst>
      <dst id="21">31536.4444</dst>
      <dst id="15">3034.0178</dst>
    </src>
    <src id="19">
      <dst id="12">19870.8622</dst>
      <dst id="13">3292.9778</dst>
      <dst id="23">87.5733</dst>
      <dst id="8">31.3156</dst>
      <dst id="18">301.9111</dst>
      <dst id="4">18777.6711</dst>
      <dst id="1">49.6178</dst>
      <dst id="5">501.4222</dst>
      <dst id="3">9761.3156</dst>
      <dst id="22">1276.2222</dst>
      <dst id="7">5107.3600</dst>
      <dst id="2">2572.8000</dst>
      <dst id="6">50.3111</dst>
      <dst id="16">9727.2711</dst>
      <dst id="14">46.9333</dst>
      <dst id="20">287.5022</dst>
      <dst id="11">1626.1689</dst>
      <dst id="9">626.0267</dst>
      <dst id="17">317.3600</dst>
      <dst id="21">1707.2800</dst>
      <dst id="15">1380.3467</dst>
    </src>
    <src id="23">
      <dst id="12">1094.8356</dst>
      <dst id="13">175.2622</dst>
      <dst id="19">0.3556</dst>
      <dst id="8">97.6978</dst>
      <dst id="18">482.3467</dst>
      <dst id="4">13.5467</dst>
      <dst id="1">126.7556</dst>
      <dst id="5">67.3778</dst>
      <dst id="3">265.7333</dst>
      <dst id="22">126.9511</dst>
      <dst id="7">76.1156</dst>
      <dst id="2">69.3156</dst>
      <dst id="6">26.7022</dst>
      <dst id="16">1723.9022</dst>
      <dst id="14">14.0444</dst>
      <dst id="20">130.1333</dst>
      <dst id="11">708.8800</dst>
      <dst id="9">3731.6356</dst>
      <dst id="17">568.5156</dst>
      <dst id="21">1094.6933</dst>
      <dst id="15">42.7911</dst>
    </src>
    <src id="8">
      <dst id="12">452356.6222</dst>
      <dst id="13">375.9111</dst>
      <dst id="19">208.3289</dst>
      <dst id="23">64.2044</dst>
      <dst id="18">1324.0978</dst>
      <dst id="4">10774.5422</dst>
      <dst id="1">24.2222</dst>
      <dst id="5">20757.7600</dst>
      <dst id="3">1317.3600</dst>
      <dst id="22">2004.6133</dst>
      <dst id="7">173.4222</dst>
      <dst id="2">166288.0178</dst>
      <dst id="6">35.4400</dst>
      <dst id="16">475.2978</dst>
      <dst id="14">89.7778</dst>
      <dst id="20">1685.1733</dst>
      <dst id="11">1398.2400</dst>
      <dst id="9">2560.5778</dst>
      <dst id="17">92389.1378</dst>
      <dst id="21">3660.4089</dst>
      <dst id="15">148.0800</dst>
    </src>
    <src id="18">
      <dst id="12">155651.0311</dst>
      <dst id="13">1142.2489</dst>
      <dst id="19">795.8933</dst>
      <dst id="23">8.9600</dst>
      <dst id="8">605.1022</dst>
      <dst id="4">2120.1511</dst>
      <dst id="1">941.8578</dst>
      <dst id="5">620.1333</dst>
      <dst id="3">137.9289</dst>
      <dst id="22">936.7200</dst>
      <dst id="7">97.3778</dst>
      <dst id="2">44704.5600</dst>
      <dst id="16">33.3600</dst>
      <dst id="20">60.7378</dst>
      <dst id="11">349.0489</dst>
      <dst id="9">158.0533</dst>
      <dst id="17">39912.5511</dst>
      <dst id="21">1054.8622</dst>
      <dst id="15">11.6889</dst>
    </src>
    <src id="4">
      <dst id="12">19504.3911</dst>
      <dst id="19">5462.0089</dst>
      <dst id="23">0.5689</dst>
      <dst id="8">3137.5111</dst>
      <dst id="18">2387.7600</dst>
      <dst id="4">2.0978</dst>
      <dst id="1">3989.9378</dst>
      <dst id="5">2905.7689</dst>
      <dst id="3">37116.5511</dst>
      <dst id="22">7859.0400</dst>
      <dst id="7">64239.3867</dst>
      <dst id="2">79692.9156</dst>
      <dst id="6">0.9244</dst>
      <dst id="16">2643.7511</dst>
      <dst id="14">2304.4978</dst>
      <dst id="20">4964.9511</dst>
      <dst id="11">12678.8089</dst>
      <dst id="9">5290.9333</dst>
      <dst id="17">73075.5289</dst>
      <dst id="21">14177.1289</dst>
      <dst id="15">1536.7200</dst>
    </src>
    <src id="1">
      <dst id="12">24824.7467</dst>
      <dst id="13">1122.1156</dst>
      <dst id="19">178.4533</dst>
      <dst id="23">344.1422</dst>
      <dst id="8">248241.5378</dst>
      <dst id="18">17002.7733</dst>
      <dst id="4">8055.2000</dst>
      <dst id="1">79.3778</dst>
      <dst id="5">302407.7600</dst>
      <dst id="3">115287.6711</dst>
      <dst id="22">6568.6489</dst>
      <dst id="7">19169.2000</dst>
      <dst id="2">4692.3289</dst>
      <dst id="6">9119.2267</dst>
      <dst id="16">8760.2222</dst>
      <dst id="14">439.3778</dst>
      <dst id="20">882.5333</dst>
      <dst id="11">1874.1333</dst>
      <dst id="9">403105.9378</dst>
      <dst id="17">2423.8311</dst>
      <dst id="21">24393.6533</dst>
      <dst id="15">261.2267</dst>
    </src>
    <src id="5">
      <dst id="12">363541.9467</dst>
      <dst id="13">11336.3733</dst>
      <dst id="19">117.9467</dst>
      <dst id="23">55.1111</dst>
      <dst id="8">19836.9867</dst>
      <dst id="18">307.9644</dst>
      <dst id="4">8155.1022</dst>
      <dst id="1">142.0089</dst>
      <dst id="3">1178.6667</dst>
      <dst id="22">8008.8978</dst>
      <dst id="7">1211.4400</dst>
      <dst id="2">155957.1200</dst>
      <dst id="6">1.1378</dst>
      <dst id="16">1005.3956</dst>
      <dst id="14">60.9067</dst>
      <dst id="20">875.7067</dst>
      <dst id="11">2752.1422</dst>
      <dst id="9">2255.1200</dst>
      <dst id="17">86596.9867</dst>
      <dst id="21">703.5822</dst>
      <dst id="15">4327.2622</dst>
    </src>
    <src id="3">
      <dst id="12">20840.0000</dst>
      <dst id="13">1250.3467</dst>
      <dst id="19">2953.6889</dst>
      <dst id="23">79.2000</dst>
      <dst id="8">133.5822</dst>
      <dst id="18">216757.7422</dst>
      <dst id="4">58525.6622</dst>
      <dst id="1">17246.4800</dst>
      <dst id="5">1477.3244</dst>
      <dst id="3">20601.8311</dst>
      <dst id="22">3192.3556</dst>
      <dst id="7">6336.8800</dst>
      <dst id="2">8931.0844</dst>
      <dst id="6">8.9867</dst>
      <dst id="16">2107.7600</dst>
      <dst id="14">62393.3867</dst>
      <dst id="20">3578.0889</dst>
      <dst id="11">258470.5689</dst>
      <dst id="9">3124.2933</dst>
      <dst id="17">7720.1156</dst>
      <dst id="21">10438.1600</dst>
      <dst id="15">89.2089</dst>
    </src>
    <src id="10">
      <dst id="12">18494.7200</dst>
      <dst id="19">2099.3511</dst>
      <dst id="8">7735.8667</dst>
      <dst id="18">4372.2667</dst>
      <dst id="1">1979.5556</dst>
      <dst id="5">1607.8578</dst>
      <dst id="3">28966.9511</dst>
      <dst id="22">9876.2311</dst>
      <dst id="7">8548.9867</dst>
      <dst id="2">49923.6267</dst>
      <dst id="6">267.6267</dst>
      <dst id="16">1433.0222</dst>
      <dst id="14">2639.4578</dst>
      <dst id="20">6920.1511</dst>
      <dst id="11">9715.5733</dst>
      <dst id="9">6063.2267</dst>
      <dst id="17">13994.9956</dst>
      <dst id="21">30828.0711</dst>
      <dst id="15">2364.3822</dst>
    </src>
    <src id="22">
      <dst id="12">11593.7333</dst>
      <dst id="13">4312.1689</dst>
      <dst id="19">75.6711</dst>
      <dst id="23">78.6133</dst>
      <dst id="8">3353.0933</dst>
      <dst id="18">4126.0089</dst>
      <dst id="4">21035.3422</dst>
      <dst id="1">843.4844</dst>
      <dst id="5">5423.1022</dst>
      <dst id="3">1960.0622</dst>
      <dst id="7">2036.7289</dst>
      <dst id="2">2788.8889</dst>
      <dst id="6">29.6000</dst>
      <dst id="16">1.7956</dst>
      <dst id="14">256.2400</dst>
      <dst id="11">6250.9067</dst>
      <dst id="9">3637.1822</dst>
      <dst id="17">3843.6178</dst>
      <dst id="21">2216.2311</dst>
    </src>
    <src id="7">
      <dst id="12">8135.1911</dst>
      <dst id="13">2479.5822</dst>
      <dst id="19">506.8622</dst>
      <dst id="23">1726.2578</dst>
      <dst id="8">233.5022</dst>
      <dst id="18">703.6622</dst>
      <dst id="4">29718.8000</dst>
      <dst id="1">15698.5689</dst>
      <dst id="5">1840.7378</dst>
      <dst id="3">9285.5200</dst>
      <dst id="22">9956.7111</dst>
      <dst id="7">694.6489</dst>
      <dst id="2">12394.8356</dst>
      <dst id="6">96.9067</dst>
      <dst id="16">1772.5689</dst>
      <dst id="14">232.8800</dst>
      <dst id="20">5611.9644</dst>
      <dst id="11">2593.9111</dst>
      <dst id="9">857.8222</dst>
      <dst id="17">4589.2444</dst>
      <dst id="21">7100.0711</dst>
      <dst id="15">726.3467</dst>
    </src>
    <src id="2">
      <dst id="12">154353.3244</dst>
      <dst id="13">4552.7822</dst>
      <dst id="19">955.8311</dst>
      <dst id="23">13.5467</dst>
      <dst id="8">3422.8800</dst>
      <dst id="18">159713.3689</dst>
      <dst id="4">102746.3200</dst>
      <dst id="1">3888.4267</dst>
      <dst id="5">1630.8444</dst>
      <dst id="3">9297.4222</dst>
      <dst id="22">2099.3333</dst>
      <dst id="7">5580.2667</dst>
      <dst id="2">1824.1511</dst>
      <dst id="6">7729.0756</dst>
      <dst id="16">1343.6267</dst>
      <dst id="14">410.7022</dst>
      <dst id="20">2269.5911</dst>
      <dst id="11">10363.8044</dst>
      <dst id="9">1652.8711</dst>
      <dst id="17">50601.0489</dst>
      <dst id="21">18563.8311</dst>
      <dst id="15">360.9511</dst>
    </src>
    <src id="6">
      <dst id="12">11872.4978</dst>
      <dst id="13">36.9511</dst>
      <dst id="19">4.0000</dst>
      <dst id="23">48.5956</dst>
      <dst id="8">4.2933</dst>
      <dst id="18">1.1378</dst>
      <dst id="4">199.3244</dst>
      <dst id="1">2.9689</dst>
      <dst id="5">0.2844</dst>
      <dst id="3">84.5778</dst>
      <dst id="22">76.3200</dst>
      <dst id="7">70.8800</dst>
      <dst id="2">2392.8356</dst>
      <dst id="16">0.3644</dst>
      <dst id="14">3.3244</dst>
      <dst id="20">24.0889</dst>
      <dst id="11">49.0844</dst>
      <dst id="9">97.6711</dst>
      <dst id="17">1357.3600</dst>
      <dst id="21">31.3067</dst>
      <dst id="15">1.0578</dst>
    </src>
    <src id="16">
      <dst id="12">2546.0000</dst>
      <dst id="13">647.3511</dst>
      <dst id="19">4652.9067</dst>
      <dst id="23">95.4133</dst>
      <dst id="8">6477.6889</dst>
      <dst id="18">138.3378</dst>
      <dst id="4">4014.5778</dst>
      <dst id="1">17744.9156</dst>
      <dst id="5">10687.6711</dst>
      <dst id="3">1009.5378</dst>
      <dst id="7">1728.7022</dst>
      <dst id="2">2108.7822</dst>
      <dst id="6">0.9067</dst>
      <dst id="16">64.0444</dst>
      <dst id="14">456.8978</dst>
      <dst id="11">717.9289</dst>
      <dst id="9">9846.8978</dst>
      <dst id="17">3106.3378</dst>
      <dst id="21">657.0578</dst>
    </src>
    <src id="14">
      <dst id="12">28944.0356</dst>
      <dst id="13">125.6178</dst>
      <dst id="19">12.1156</dst>
      <dst id="23">0.4978</dst>
      <dst id="8">2.9689</dst>
      <dst id="18">0.3556</dst>
      <dst id="4">2968.4622</dst>
      <dst id="1">95.0133</dst>
      <dst id="5">7.0044</dst>
      <dst id="3">119.4311</dst>
      <dst id="22">11.3600</dst>
      <dst id="7">111.5022</dst>
      <dst id="2">9127.0578</dst>
      <dst id="16">36.7022</dst>
      <dst id="20">28.3733</dst>
      <dst id="11">110.3467</dst>
      <dst id="9">39.0400</dst>
      <dst id="17">5547.8311</dst>
      <dst id="21">487.4222</dst>
      <dst id="15">0.5689</dst>
    </src>
    <src id="20">
      <dst id="12">9003.2533</dst>
      <dst id="13">5957.2622</dst>
      <dst id="19">45.2533</dst>
      <dst id="23">4688.5067</dst>
      <dst id="8">203.3689</dst>
      <dst id="18">1345.6800</dst>
      <dst id="4">8735.5644</dst>
      <dst id="1">1428.0978</dst>
      <dst id="5">1837.5911</dst>
      <dst id="3">5437.1022</dst>
      <dst id="22">0.9244</dst>
      <dst id="7">283.2444</dst>
      <dst id="2">11158.2489</dst>
      <dst id="6">8.4978</dst>
      <dst id="14">1399.4311</dst>
      <dst id="11">11345.3067</dst>
      <dst id="9">4823.7867</dst>
      <dst id="17">3042.6400</dst>
      <dst id="21">3077.9378</dst>
    </src>
    <src id="11">
      <dst id="12">461996.7289</dst>
      <dst id="13">6034.8178</dst>
      <dst id="19">45.5467</dst>
      <dst id="23">86.9067</dst>
      <dst id="8">3384.3911</dst>
      <dst id="18">1003.7867</dst>
      <dst id="4">12211.3422</dst>
      <dst id="1">855.0222</dst>
      <dst id="5">2451.7244</dst>
      <dst id="3">3610.6578</dst>
      <dst id="22">4292.2667</dst>
      <dst id="7">494.8178</dst>
      <dst id="2">169140.9778</dst>
      <dst id="6">7.9378</dst>
      <dst id="16">506.9956</dst>
      <dst id="14">1171.9378</dst>
      <dst id="20">947.1556</dst>
      <dst id="11">4003.0756</dst>
      <dst id="9">1433.2533</dst>
      <dst id="17">105007.3689</dst>
      <dst id="21">2057.3333</dst>
      <dst id="15">367.8933</dst>
    </src>
    <src id="9">
      <dst id="12">596888.9067</dst>
      <dst id="13">8680.0711</dst>
      <dst id="19">648.2844</dst>
      <dst id="23">48.7289</dst>
      <dst id="8">1997.5467</dst>
      <dst id="18">332.3733</dst>
      <dst id="4">8920.9156</dst>
      <dst id="1">382.8178</dst>
      <dst id="5">2234.6400</dst>
      <dst id="3">5068.9689</dst>
      <dst id="22">2673.3689</dst>
      <dst id="7">244.0889</dst>
      <dst id="2">223420.3733</dst>
      <dst id="6">67.0667</dst>
      <dst id="16">1287.8311</dst>
      <dst id="14">72.9422</dst>
      <dst id="20">8894.7467</dst>
      <dst id="11">2187.2978</dst>
      <dst id="9">222.0267</dst>
      <dst id="17">148733.7511</dst>
      <dst id="21">2352.0000</dst>
      <dst id="15">42897.9200</dst>
    </src>
    <src id="17">
      <dst id="12">11308.7822</dst>
      <dst id="13">9647.9467</dst>
      <dst id="19">1986.9333</dst>
      <dst id="23">345.1467</dst>
      <dst id="8">243213.2178</dst>
      <dst id="18">2814.5778</dst>
      <dst id="4">53089.4133</dst>
      <dst id="1">3102.4267</dst>
      <dst id="5">287163.7600</dst>
      <dst id="3">24413.9822</dst>
      <dst id="22">18712.2311</dst>
      <dst id="7">16781.7689</dst>
      <dst id="2">26687.4400</dst>
      <dst id="6">310.6667</dst>
      <dst id="16">5081.3244</dst>
      <dst id="14">49102.0800</dst>
      <dst id="20">10784.9244</dst>
      <dst id="11">200035.9022</dst>
      <dst id="9">366685.7511</dst>
      <dst id="17">2275.0844</dst>
      <dst id="21">23884.1689</dst>
      <dst id="15">4809.7689</dst>
    </src>
    <src id="21">
      <dst id="12">21920.9244</dst>
      <dst id="13">974.1778</dst>
      <dst id="19">538.8356</dst>
      <dst id="23">547.6622</dst>
      <dst id="8">663.6533</dst>
      <dst id="18">2967.4044</dst>
      <dst id="4">39073.0756</dst>
      <dst id="1">6227.1467</dst>
      <dst id="5">1475.2622</dst>
      <dst id="3">2522.2311</dst>
      <dst id="22">2641.8133</dst>
      <dst id="7">2343.2711</dst>
      <dst id="2">13522.2489</dst>
      <dst id="6">13.6356</dst>
      <dst id="16">757.5200</dst>
      <dst id="14">131.1911</dst>
      <dst id="20">809.8756</dst>
      <dst id="11">1709.2000</dst>
      <dst id="9">1536.7733</dst>
      <dst id="17">3861.2000</dst>
      <dst id="21">3033.7956</dst>
      <dst id="15">855.0844</dst>
    </src>
    <src id="15">
      <dst id="12">1403.8133</dst>
      <dst id="13">2097.4844</dst>
      <dst id="19">156.4000</dst>
      <dst id="23">46.0089</dst>
      <dst id="8">1244.8800</dst>
      <dst id="18">19.2000</dst>
      <dst id="4">2240.5600</dst>
      <dst id="1">95.4756</dst>
      <dst id="5">660.0000</dst>
      <dst id="3">753.1556</dst>
      <dst id="7">26.9867</dst>
      <dst id="2">222.9067</dst>
      <dst id="6">3.1644</dst>
      <dst id="11">1790.4089</dst>
      <dst id="9">4290.3911</dst>
      <dst id="17">7389.9200</dst>
      <dst id="21">168.9600</dst>
    </src>
  </IntraTM>
</TrafficMatrixFile>
