<?xml version="1.0" encoding="UTF-8" standalone="yes"?>
<TrafficMatrixFile xmlns:xsi="http://www.w3.org/2001/XMLSchema-instance" xsi:noNamespaceSchemaLocation="http://totem.run.montefiore.ulg.ac.be/Schema/TrafficMatrix-v1_2.xsd">
  <info>
    <title>Intradomain traffic matrix generated by geant-TM-all.pl</title>
    <date>2005-01-01T12:45:00</date>
    <duration>900</duration>
    <author>Steve Uhlig</author>
    <units>
        <unit type="bandwidth" value="kbps"/>
    </units>
  </info>
  <IntraTM ASID="20965">
    <src id="12">
      <dst id="12">220930.8889</dst>
      <dst id="13">13693.1111</dst>
      <dst id="19">3568.7289</dst>
      <dst id="23">37.3689</dst>
      <dst id="8">1611.7333</dst>
      <dst id="18">6384.8889</dst>
      <dst id="4">98396.8711</dst>
      <dst id="1">7558.3733</dst>
      <dst id="5">5717.7422</dst>
      <dst id="3">1187.7422</dst>
      <dst id="22">15032.9156</dst>
      <dst id="7">2093.5111</dst>
      <dst id="2">59613.1733</dst>
      <dst id="6">16.1067</dst>
      <dst id="16">4655.2444</dst>
      <dst id="14">1221.6000</dst>
      <dst id="20">15730.7467</dst>
      <dst id="11">1029.3778</dst>
      <dst id="9">5861.2444</dst>
      <dst id="17">45793.0667</dst>
      <dst id="21">8088.1689</dst>
      <dst id="15">6535.1733</dst>
    </src>
    <src id="13">
      <dst id="12">43527.5556</dst>
      <dst id="19">24545.6356</dst>
      <dst id="23">21.0400</dst>
      <dst id="8">1605.6356</dst>
      <dst id="18">2169.6711</dst>
      <dst id="1">1587.7867</dst>
      <dst id="5">3399.1467</dst>
      <dst id="3">5706.1511</dst>
      <dst id="22">18658.0444</dst>
      <dst id="7">7111.8400</dst>
      <dst id="2">71969.1644</dst>
      <dst id="6">85.6267</dst>
      <dst id="16">5791.9644</dst>
      <dst id="14">1527.3156</dst>
      <dst id="20">8629.9200</dst>
      <dst id="11">5578.0533</dst>
      <dst id="9">12704.2044</dst>
      <dst id="17">66441.5289</dst>
      <dst id="21">10267.4756</dst>
      <dst id="15">5545.9644</dst>
    </src>
    <src id="19">
      <dst id="12">10961.5200</dst>
      <dst id="13">7216.9956</dst>
      <dst id="23">0.4622</dst>
      <dst id="8">5.7778</dst>
      <dst id="18">13.3333</dst>
      <dst id="4">25227.8844</dst>
      <dst id="1">84.0889</dst>
      <dst id="5">1.3867</dst>
      <dst id="3">254.6400</dst>
      <dst id="22">66.5600</dst>
      <dst id="7">2573.4400</dst>
      <dst id="2">84.2844</dst>
      <dst id="6">48.6133</dst>
      <dst id="16">10586.1333</dst>
      <dst id="14">1.5378</dst>
      <dst id="20">1.3867</dst>
      <dst id="11">5.5200</dst>
      <dst id="9">8.7467</dst>
      <dst id="17">1875.5200</dst>
      <dst id="21">159.1556</dst>
      <dst id="15">13.8311</dst>
    </src>
    <src id="23">
      <dst id="12">341.8400</dst>
      <dst id="13">72.6044</dst>
      <dst id="19">17.5378</dst>
      <dst id="8">0.3556</dst>
      <dst id="18">27.1289</dst>
      <dst id="4">6.4444</dst>
      <dst id="1">5.3867</dst>
      <dst id="5">16.8889</dst>
      <dst id="3">13.2978</dst>
      <dst id="22">1.8311</dst>
      <dst id="7">31.8222</dst>
      <dst id="2">153.7956</dst>
      <dst id="6">0.4978</dst>
      <dst id="16">14.0622</dst>
      <dst id="11">63.0044</dst>
      <dst id="9">427.4489</dst>
      <dst id="17">28.0622</dst>
      <dst id="21">47.7956</dst>
    </src>
    <src id="8">
      <dst id="12">282451.6444</dst>
      <dst id="13">709.7333</dst>
      <dst id="19">440.8267</dst>
      <dst id="18">42.8978</dst>
      <dst id="4">5137.2889</dst>
      <dst id="1">35.6622</dst>
      <dst id="5">383.2444</dst>
      <dst id="3">35.9378</dst>
      <dst id="22">554.4622</dst>
      <dst id="7">7.6444</dst>
      <dst id="2">77945.5644</dst>
      <dst id="6">13.1200</dst>
      <dst id="16">140.8178</dst>
      <dst id="14">0.6933</dst>
      <dst id="20">31.7511</dst>
      <dst id="11">51.2800</dst>
      <dst id="9">137.2178</dst>
      <dst id="17">59706.8800</dst>
      <dst id="21">5.9022</dst>
      <dst id="15">69.6889</dst>
    </src>
    <src id="18">
      <dst id="12">116838.8533</dst>
      <dst id="13">389.6089</dst>
      <dst id="19">0.3733</dst>
      <dst id="23">7.9911</dst>
      <dst id="8">3.6178</dst>
      <dst id="4">1315.0044</dst>
      <dst id="1">1188.2222</dst>
      <dst id="5">722.4889</dst>
      <dst id="3">84.2311</dst>
      <dst id="22">73.8222</dst>
      <dst id="7">158.4089</dst>
      <dst id="2">28576.1244</dst>
      <dst id="16">17.6978</dst>
      <dst id="14">24.3911</dst>
      <dst id="20">21.5111</dst>
      <dst id="11">85.9378</dst>
      <dst id="9">108.4000</dst>
      <dst id="17">26815.9467</dst>
      <dst id="21">389.6800</dst>
      <dst id="15">101.2622</dst>
    </src>
    <src id="4">
      <dst id="12">11809.7689</dst>
      <dst id="19">14707.1289</dst>
      <dst id="8">2326.2578</dst>
      <dst id="18">880.8356</dst>
      <dst id="4">1.1111</dst>
      <dst id="1">887.2178</dst>
      <dst id="5">2626.9600</dst>
      <dst id="3">9456.3911</dst>
      <dst id="22">3068.7644</dst>
      <dst id="7">45238.7022</dst>
      <dst id="2">49624.6311</dst>
      <dst id="6">13.6178</dst>
      <dst id="16">513.9644</dst>
      <dst id="14">1421.5644</dst>
      <dst id="20">305.2889</dst>
      <dst id="11">4898.2222</dst>
      <dst id="9">2429.2178</dst>
      <dst id="17">34392.3289</dst>
      <dst id="21">5347.3689</dst>
      <dst id="15">84.8622</dst>
    </src>
    <src id="1">
      <dst id="12">17655.9822</dst>
      <dst id="13">316.6311</dst>
      <dst id="19">2806.4978</dst>
      <dst id="23">37.4489</dst>
      <dst id="8">56493.0756</dst>
      <dst id="18">10667.0311</dst>
      <dst id="4">7058.4178</dst>
      <dst id="1">62.4178</dst>
      <dst id="5">134472.9689</dst>
      <dst id="3">13239.6178</dst>
      <dst id="22">1326.1156</dst>
      <dst id="7">11080.0000</dst>
      <dst id="2">3902.1778</dst>
      <dst id="6">4059.8133</dst>
      <dst id="16">15904.8356</dst>
      <dst id="14">44.3200</dst>
      <dst id="20">63.9911</dst>
      <dst id="11">106.7200</dst>
      <dst id="9">127860.3200</dst>
      <dst id="17">893.3333</dst>
      <dst id="21">4146.4622</dst>
      <dst id="15">130.4178</dst>
    </src>
    <src id="5">
      <dst id="12">283101.9556</dst>
      <dst id="13">1048.9867</dst>
      <dst id="19">33.7956</dst>
      <dst id="23">160.3556</dst>
      <dst id="8">107.8756</dst>
      <dst id="18">238.0889</dst>
      <dst id="4">7753.3511</dst>
      <dst id="1">78.8444</dst>
      <dst id="3">157.0044</dst>
      <dst id="22">3572.2933</dst>
      <dst id="7">407.3867</dst>
      <dst id="2">102509.8756</dst>
      <dst id="16">361.3689</dst>
      <dst id="14">51.5822</dst>
      <dst id="20">4072.8000</dst>
      <dst id="11">1172.1067</dst>
      <dst id="9">621.6000</dst>
      <dst id="17">69286.8356</dst>
      <dst id="21">284.7467</dst>
      <dst id="15">200.8978</dst>
    </src>
    <src id="3">
      <dst id="12">6513.0489</dst>
      <dst id="13">1127.9822</dst>
      <dst id="19">4383.4311</dst>
      <dst id="23">0.9956</dst>
      <dst id="8">80.0089</dst>
      <dst id="18">69174.0444</dst>
      <dst id="4">39762.7289</dst>
      <dst id="1">4037.9289</dst>
      <dst id="5">113.5111</dst>
      <dst id="3">7686.3911</dst>
      <dst id="22">131.6533</dst>
      <dst id="7">1960.5600</dst>
      <dst id="2">3472.7644</dst>
      <dst id="6">35.1111</dst>
      <dst id="16">482.4800</dst>
      <dst id="14">14620.5244</dst>
      <dst id="20">106.1511</dst>
      <dst id="11">91909.1911</dst>
      <dst id="9">136.3289</dst>
      <dst id="17">10924.1600</dst>
      <dst id="21">6968.5956</dst>
      <dst id="15">29.9644</dst>
    </src>
    <src id="10">
      <dst id="12">14726.7822</dst>
      <dst id="19">2411.7511</dst>
      <dst id="8">946.1689</dst>
      <dst id="18">5027.8222</dst>
      <dst id="1">2480.8089</dst>
      <dst id="5">519.2800</dst>
      <dst id="3">9107.3867</dst>
      <dst id="22">4753.8133</dst>
      <dst id="7">1629.6622</dst>
      <dst id="2">18327.3244</dst>
      <dst id="6">5.0489</dst>
      <dst id="16">478.6578</dst>
      <dst id="14">1433.6622</dst>
      <dst id="20">2328.1867</dst>
      <dst id="11">1819.7778</dst>
      <dst id="9">2956.7022</dst>
      <dst id="17">11385.0222</dst>
      <dst id="21">4408.2133</dst>
      <dst id="15">406.1244</dst>
    </src>
    <src id="22">
      <dst id="12">6774.9244</dst>
      <dst id="13">1352.0444</dst>
      <dst id="19">3.0844</dst>
      <dst id="23">12.8178</dst>
      <dst id="8">489.7689</dst>
      <dst id="18">716.7822</dst>
      <dst id="4">15936.1422</dst>
      <dst id="1">86.7200</dst>
      <dst id="5">9035.6711</dst>
      <dst id="3">326.3822</dst>
      <dst id="7">2083.8400</dst>
      <dst id="2">950.6044</dst>
      <dst id="6">15.2622</dst>
      <dst id="16">1.6889</dst>
      <dst id="14">31.8222</dst>
      <dst id="11">4292.1867</dst>
      <dst id="9">1154.9600</dst>
      <dst id="17">2988.5867</dst>
      <dst id="21">616.8533</dst>
    </src>
    <src id="7">
      <dst id="12">2099.9822</dst>
      <dst id="13">104.0444</dst>
      <dst id="19">184.3556</dst>
      <dst id="23">36.3556</dst>
      <dst id="8">378.6044</dst>
      <dst id="18">552.7200</dst>
      <dst id="4">36919.3067</dst>
      <dst id="1">10128.1867</dst>
      <dst id="5">1388.4978</dst>
      <dst id="3">12817.1556</dst>
      <dst id="22">5618.3467</dst>
      <dst id="7">856.5333</dst>
      <dst id="2">3476.7289</dst>
      <dst id="6">13.7956</dst>
      <dst id="16">673.3689</dst>
      <dst id="14">90.8089</dst>
      <dst id="20">22.4800</dst>
      <dst id="11">587.2267</dst>
      <dst id="9">358.1600</dst>
      <dst id="17">8479.7778</dst>
      <dst id="21">28980.2578</dst>
      <dst id="15">85.0222</dst>
    </src>
    <src id="2">
      <dst id="12">55533.6622</dst>
      <dst id="13">3161.3333</dst>
      <dst id="19">641.0756</dst>
      <dst id="8">104.6133</dst>
      <dst id="18">55558.6844</dst>
      <dst id="4">105113.9022</dst>
      <dst id="1">3073.4133</dst>
      <dst id="5">937.7067</dst>
      <dst id="3">1109.0933</dst>
      <dst id="22">476.3289</dst>
      <dst id="7">3317.9733</dst>
      <dst id="2">7357.5111</dst>
      <dst id="6">5025.4489</dst>
      <dst id="16">3053.7511</dst>
      <dst id="14">97.3067</dst>
      <dst id="20">505.5200</dst>
      <dst id="11">3376.2756</dst>
      <dst id="9">334.3822</dst>
      <dst id="17">35917.5378</dst>
      <dst id="21">3719.0578</dst>
      <dst id="15">7.3600</dst>
    </src>
    <src id="6">
      <dst id="12">7158.3378</dst>
      <dst id="13">44.2044</dst>
      <dst id="19">1.3600</dst>
      <dst id="23">0.3378</dst>
      <dst id="4">59.3422</dst>
      <dst id="1">1.6356</dst>
      <dst id="3">1.3956</dst>
      <dst id="22">12.1244</dst>
      <dst id="7">1.1644</dst>
      <dst id="2">1399.6444</dst>
      <dst id="16">13.0489</dst>
      <dst id="20">0.3644</dst>
      <dst id="11">12.8000</dst>
      <dst id="17">810.1156</dst>
      <dst id="21">76.6222</dst>
    </src>
    <src id="16">
      <dst id="12">1040.3911</dst>
      <dst id="13">446.6756</dst>
      <dst id="19">4289.8844</dst>
      <dst id="23">74.8978</dst>
      <dst id="8">845.1111</dst>
      <dst id="18">5.8133</dst>
      <dst id="4">4682.9689</dst>
      <dst id="1">19970.9422</dst>
      <dst id="5">678.6222</dst>
      <dst id="3">1131.6978</dst>
      <dst id="7">2168.4444</dst>
      <dst id="2">175.0133</dst>
      <dst id="6">0.7111</dst>
      <dst id="16">18.8444</dst>
      <dst id="14">0.4622</dst>
      <dst id="11">61.5644</dst>
      <dst id="9">1342.6489</dst>
      <dst id="17">2771.8933</dst>
      <dst id="21">1993.6711</dst>
    </src>
    <src id="14">
      <dst id="12">15093.8667</dst>
      <dst id="13">27.3067</dst>
      <dst id="19">12.6489</dst>
      <dst id="18">0.8622</dst>
      <dst id="4">4230.3644</dst>
      <dst id="1">37.5556</dst>
      <dst id="5">2.3200</dst>
      <dst id="3">73.5556</dst>
      <dst id="22">2.9956</dst>
      <dst id="7">55.8311</dst>
      <dst id="2">4351.9556</dst>
      <dst id="16">14.7644</dst>
      <dst id="20">0.3556</dst>
      <dst id="11">48.2844</dst>
      <dst id="9">27.8400</dst>
      <dst id="17">4688.0622</dst>
      <dst id="21">77.1822</dst>
    </src>
    <src id="20">
      <dst id="12">3322.6933</dst>
      <dst id="13">1448.0800</dst>
      <dst id="19">171.8489</dst>
      <dst id="8">44.6044</dst>
      <dst id="18">1055.7778</dst>
      <dst id="4">9653.4222</dst>
      <dst id="1">34.5067</dst>
      <dst id="5">486.3467</dst>
      <dst id="3">48.3733</dst>
      <dst id="7">405.6533</dst>
      <dst id="2">3749.1289</dst>
      <dst id="14">27.0222</dst>
      <dst id="11">758.7022</dst>
      <dst id="9">70.6133</dst>
      <dst id="17">343.4311</dst>
      <dst id="21">936.6311</dst>
    </src>
    <src id="11">
      <dst id="12">395813.2356</dst>
      <dst id="13">618.0978</dst>
      <dst id="19">6.9689</dst>
      <dst id="23">32.9689</dst>
      <dst id="8">110.7378</dst>
      <dst id="18">386.0356</dst>
      <dst id="4">13770.7911</dst>
      <dst id="1">484.5067</dst>
      <dst id="5">3313.6444</dst>
      <dst id="3">4164.8978</dst>
      <dst id="22">4518.7644</dst>
      <dst id="7">127.4844</dst>
      <dst id="2">138259.5911</dst>
      <dst id="6">0.4622</dst>
      <dst id="16">331.1822</dst>
      <dst id="14">34.6844</dst>
      <dst id="20">127.7156</dst>
      <dst id="11">1591.1200</dst>
      <dst id="9">267.8489</dst>
      <dst id="17">78840.7467</dst>
      <dst id="21">1657.2533</dst>
      <dst id="15">101.0756</dst>
    </src>
    <src id="9">
      <dst id="12">463405.2711</dst>
      <dst id="13">4666.6044</dst>
      <dst id="19">6.2933</dst>
      <dst id="23">16.1067</dst>
      <dst id="8">50.8267</dst>
      <dst id="18">1028.1867</dst>
      <dst id="4">13336.5067</dst>
      <dst id="1">162.5422</dst>
      <dst id="5">21266.0978</dst>
      <dst id="3">761.0667</dst>
      <dst id="22">1123.3867</dst>
      <dst id="7">38.5511</dst>
      <dst id="2">139501.8844</dst>
      <dst id="6">0.3556</dst>
      <dst id="16">57.8044</dst>
      <dst id="14">68.4356</dst>
      <dst id="20">747.0222</dst>
      <dst id="11">189.6533</dst>
      <dst id="9">2201.0844</dst>
      <dst id="17">116654.8356</dst>
      <dst id="21">585.3422</dst>
      <dst id="15">233.8222</dst>
    </src>
    <src id="17">
      <dst id="12">9578.6667</dst>
      <dst id="13">23722.7200</dst>
      <dst id="19">9200.8533</dst>
      <dst id="23">31.4133</dst>
      <dst id="8">76392.7022</dst>
      <dst id="18">298.7378</dst>
      <dst id="4">147682.0978</dst>
      <dst id="1">1151.7333</dst>
      <dst id="5">137880.5600</dst>
      <dst id="3">11073.7156</dst>
      <dst id="22">2649.6000</dst>
      <dst id="7">24376.7644</dst>
      <dst id="2">7655.0578</dst>
      <dst id="6">95.8578</dst>
      <dst id="16">3669.8133</dst>
      <dst id="14">10167.1822</dst>
      <dst id="20">7008.1244</dst>
      <dst id="11">79691.1822</dst>
      <dst id="9">122391.0044</dst>
      <dst id="17">995.2533</dst>
      <dst id="21">9271.0133</dst>
      <dst id="15">40.8978</dst>
    </src>
    <src id="21">
      <dst id="12">18934.1956</dst>
      <dst id="13">1242.2222</dst>
      <dst id="19">280.5422</dst>
      <dst id="23">35.8578</dst>
      <dst id="8">2.1333</dst>
      <dst id="18">1288.2756</dst>
      <dst id="4">23209.3956</dst>
      <dst id="1">1678.0444</dst>
      <dst id="5">719.0222</dst>
      <dst id="3">652.5333</dst>
      <dst id="22">1392.3822</dst>
      <dst id="7">3180.0444</dst>
      <dst id="2">8979.9289</dst>
      <dst id="6">2.2756</dst>
      <dst id="16">204.5511</dst>
      <dst id="14">66.6933</dst>
      <dst id="20">48.8267</dst>
      <dst id="11">709.1111</dst>
      <dst id="9">308.4533</dst>
      <dst id="17">2957.6356</dst>
      <dst id="21">2075.1556</dst>
      <dst id="15">41.6000</dst>
    </src>
    <src id="15">
      <dst id="12">308.0800</dst>
      <dst id="13">187.1200</dst>
      <dst id="19">0.5244</dst>
      <dst id="8">26.0622</dst>
      <dst id="18">14.6311</dst>
      <dst id="4">2259.4222</dst>
      <dst id="1">53.4044</dst>
      <dst id="5">289.7867</dst>
      <dst id="3">343.4222</dst>
      <dst id="7">30.6400</dst>
      <dst id="2">57.8222</dst>
      <dst id="14">24.5956</dst>
      <dst id="11">149.9289</dst>
      <dst id="9">676.8622</dst>
      <dst id="17">728.8889</dst>
      <dst id="21">119.2000</dst>
    </src>
  </IntraTM>
</TrafficMatrixFile>
