<?xml version="1.0" encoding="UTF-8" standalone="yes"?>
<TrafficMatrixFile xmlns:xsi="http://www.w3.org/2001/XMLSchema-instance" xsi:noNamespaceSchemaLocation="http://totem.run.montefiore.ulg.ac.be/Schema/TrafficMatrix-v1_2.xsd">
  <info>
    <title>Intradomain traffic matrix generated by geant-TM-all.pl</title>
    <date>2005-01-02T13:45:00</date>
    <duration>900</duration>
    <author>Steve Uhlig</author>
    <units>
        <unit type="bandwidth" value="kbps"/>
    </units>
  </info>
  <IntraTM ASID="20965">
    <src id="12">
      <dst id="12">175755.3333</dst>
      <dst id="13">11636.9956</dst>
      <dst id="19">2111.6089</dst>
      <dst id="23">8757.5200</dst>
      <dst id="8">852.1867</dst>
      <dst id="18">2760.7911</dst>
      <dst id="4">84302.0444</dst>
      <dst id="1">7203.5111</dst>
      <dst id="5">10821.4844</dst>
      <dst id="3">1777.9467</dst>
      <dst id="22">1597.7867</dst>
      <dst id="7">4931.6444</dst>
      <dst id="2">53191.8933</dst>
      <dst id="6">81.7511</dst>
      <dst id="16">5877.6800</dst>
      <dst id="14">145.4667</dst>
      <dst id="20">4997.3244</dst>
      <dst id="11">4888.8178</dst>
      <dst id="9">2083.6267</dst>
      <dst id="17">45602.0978</dst>
      <dst id="21">10613.6889</dst>
      <dst id="15">90.4978</dst>
    </src>
    <src id="13">
      <dst id="12">34844.6489</dst>
      <dst id="19">2285.5644</dst>
      <dst id="23">4.5333</dst>
      <dst id="8">609.5556</dst>
      <dst id="18">3069.6089</dst>
      <dst id="1">1172.7378</dst>
      <dst id="5">3695.6711</dst>
      <dst id="3">2965.9022</dst>
      <dst id="22">23200.0889</dst>
      <dst id="7">8724.2933</dst>
      <dst id="2">63848.3911</dst>
      <dst id="6">10.4356</dst>
      <dst id="16">5999.4400</dst>
      <dst id="14">1097.0044</dst>
      <dst id="20">12206.6222</dst>
      <dst id="11">7419.0311</dst>
      <dst id="9">10147.1822</dst>
      <dst id="17">49984.3111</dst>
      <dst id="21">15117.6711</dst>
      <dst id="15">1284.4444</dst>
    </src>
    <src id="19">
      <dst id="12">11958.7467</dst>
      <dst id="13">287.3333</dst>
      <dst id="23">0.3556</dst>
      <dst id="8">0.8533</dst>
      <dst id="18">2538.6311</dst>
      <dst id="4">19116.1333</dst>
      <dst id="1">293.8933</dst>
      <dst id="5">4.8444</dst>
      <dst id="3">1.5467</dst>
      <dst id="22">112.0444</dst>
      <dst id="7">5502.9867</dst>
      <dst id="2">2036.2133</dst>
      <dst id="6">43.2356</dst>
      <dst id="16">11332.6933</dst>
      <dst id="20">3.0133</dst>
      <dst id="11">1.5822</dst>
      <dst id="9">441.7867</dst>
      <dst id="17">7068.3289</dst>
      <dst id="21">502.4089</dst>
      <dst id="15">3.3422</dst>
    </src>
    <src id="23">
      <dst id="12">459.9733</dst>
      <dst id="13">2.0711</dst>
      <dst id="19">0.4711</dst>
      <dst id="8">34.1333</dst>
      <dst id="18">164.9867</dst>
      <dst id="4">95.7244</dst>
      <dst id="1">33.5733</dst>
      <dst id="5">27.5289</dst>
      <dst id="3">13.8667</dst>
      <dst id="22">30.8267</dst>
      <dst id="7">124.8178</dst>
      <dst id="2">3.4311</dst>
      <dst id="16">1.7067</dst>
      <dst id="20">1.1289</dst>
      <dst id="11">26.0622</dst>
      <dst id="9">434.9867</dst>
      <dst id="17">19.0578</dst>
      <dst id="21">377.6444</dst>
    </src>
    <src id="8">
      <dst id="12">261954.8800</dst>
      <dst id="13">321.7511</dst>
      <dst id="19">0.4711</dst>
      <dst id="23">158.5778</dst>
      <dst id="18">143.9822</dst>
      <dst id="4">4401.4578</dst>
      <dst id="1">109.1556</dst>
      <dst id="5">409.6800</dst>
      <dst id="3">12.6222</dst>
      <dst id="22">380.2578</dst>
      <dst id="7">22.1067</dst>
      <dst id="2">80068.8356</dst>
      <dst id="16">445.0933</dst>
      <dst id="14">63.1111</dst>
      <dst id="20">212.0711</dst>
      <dst id="11">207.7333</dst>
      <dst id="9">707.8044</dst>
      <dst id="17">90635.2444</dst>
      <dst id="21">199.0311</dst>
      <dst id="15">56.7556</dst>
    </src>
    <src id="18">
      <dst id="12">98231.9911</dst>
      <dst id="13">92.6311</dst>
      <dst id="19">60.2489</dst>
      <dst id="23">14.9422</dst>
      <dst id="8">40.6756</dst>
      <dst id="4">3412.0889</dst>
      <dst id="1">1066.0356</dst>
      <dst id="5">451.2444</dst>
      <dst id="3">105.6089</dst>
      <dst id="22">158.4622</dst>
      <dst id="7">132.1867</dst>
      <dst id="2">31249.2711</dst>
      <dst id="16">9.7422</dst>
      <dst id="20">96.2667</dst>
      <dst id="11">62.8000</dst>
      <dst id="9">141.6800</dst>
      <dst id="17">36386.6489</dst>
      <dst id="21">289.0311</dst>
      <dst id="15">14.2578</dst>
    </src>
    <src id="4">
      <dst id="12">11436.0000</dst>
      <dst id="19">6276.0000</dst>
      <dst id="23">1.7778</dst>
      <dst id="8">244.4000</dst>
      <dst id="18">1628.6756</dst>
      <dst id="1">11989.4667</dst>
      <dst id="5">1223.0578</dst>
      <dst id="3">384.3467</dst>
      <dst id="22">3511.6000</dst>
      <dst id="7">39201.9200</dst>
      <dst id="2">48317.2889</dst>
      <dst id="6">13.6889</dst>
      <dst id="16">2482.7111</dst>
      <dst id="14">730.4800</dst>
      <dst id="20">7745.1733</dst>
      <dst id="11">5910.2311</dst>
      <dst id="9">3330.6222</dst>
      <dst id="17">132681.4844</dst>
      <dst id="21">6656.7556</dst>
      <dst id="15">272.8089</dst>
    </src>
    <src id="1">
      <dst id="12">17272.7200</dst>
      <dst id="13">194.8178</dst>
      <dst id="19">17.8222</dst>
      <dst id="23">15.5733</dst>
      <dst id="8">58974.6667</dst>
      <dst id="18">12124.7911</dst>
      <dst id="4">3487.8133</dst>
      <dst id="1">24799.5467</dst>
      <dst id="5">143092.5511</dst>
      <dst id="3">8.9156</dst>
      <dst id="22">370.6844</dst>
      <dst id="7">919.4933</dst>
      <dst id="2">2181.3956</dst>
      <dst id="6">9198.2400</dst>
      <dst id="16">17877.0489</dst>
      <dst id="14">62.7022</dst>
      <dst id="20">38.4533</dst>
      <dst id="11">258.4889</dst>
      <dst id="9">115363.0667</dst>
      <dst id="17">3123.9733</dst>
      <dst id="21">1993.3867</dst>
      <dst id="15">153.2711</dst>
    </src>
    <src id="5">
      <dst id="12">206981.4933</dst>
      <dst id="13">352.1778</dst>
      <dst id="19">43.5556</dst>
      <dst id="23">94.2578</dst>
      <dst id="8">618.6933</dst>
      <dst id="18">73.1822</dst>
      <dst id="4">3896.1156</dst>
      <dst id="1">260.3378</dst>
      <dst id="3">192.4800</dst>
      <dst id="22">6895.9378</dst>
      <dst id="7">111.0756</dst>
      <dst id="2">87602.0800</dst>
      <dst id="16">74.3467</dst>
      <dst id="20">642.1600</dst>
      <dst id="11">411.2533</dst>
      <dst id="9">16996.5333</dst>
      <dst id="17">77809.1733</dst>
      <dst id="21">594.3289</dst>
      <dst id="15">783.4133</dst>
    </src>
    <src id="3">
      <dst id="12">6791.0844</dst>
      <dst id="13">795.4933</dst>
      <dst id="19">877.9911</dst>
      <dst id="23">3.5556</dst>
      <dst id="8">30.9867</dst>
      <dst id="18">53270.7111</dst>
      <dst id="4">15444.8622</dst>
      <dst id="1">3139.8133</dst>
      <dst id="5">849.4844</dst>
      <dst id="3">8604.5689</dst>
      <dst id="22">634.3111</dst>
      <dst id="7">1475.7244</dst>
      <dst id="2">3144.0978</dst>
      <dst id="6">1.3778</dst>
      <dst id="16">2589.8933</dst>
      <dst id="14">19076.0978</dst>
      <dst id="20">203.1200</dst>
      <dst id="11">98640.4711</dst>
      <dst id="9">169.0667</dst>
      <dst id="17">7049.5289</dst>
      <dst id="21">5781.1556</dst>
      <dst id="15">130.7911</dst>
    </src>
    <src id="10">
      <dst id="12">8459.8133</dst>
      <dst id="19">1614.4000</dst>
      <dst id="8">1136.6133</dst>
      <dst id="18">12727.1111</dst>
      <dst id="1">2797.7689</dst>
      <dst id="5">1072.2044</dst>
      <dst id="3">24791.5911</dst>
      <dst id="22">5089.3333</dst>
      <dst id="7">10982.1778</dst>
      <dst id="2">23675.1111</dst>
      <dst id="6">18.6222</dst>
      <dst id="16">3545.0756</dst>
      <dst id="14">294.5156</dst>
      <dst id="20">1440.7378</dst>
      <dst id="11">6965.7600</dst>
      <dst id="9">2284.0533</dst>
      <dst id="17">29003.4222</dst>
      <dst id="21">17841.0578</dst>
      <dst id="15">349.2978</dst>
    </src>
    <src id="22">
      <dst id="12">1920.0089</dst>
      <dst id="13">2355.8756</dst>
      <dst id="19">34.1156</dst>
      <dst id="23">9.8844</dst>
      <dst id="8">384.7378</dst>
      <dst id="18">982.4978</dst>
      <dst id="4">18198.9333</dst>
      <dst id="1">1313.3778</dst>
      <dst id="5">3868.6844</dst>
      <dst id="3">296.2844</dst>
      <dst id="7">167.7156</dst>
      <dst id="2">1342.5511</dst>
      <dst id="6">0.4178</dst>
      <dst id="16">0.8178</dst>
      <dst id="14">68.5422</dst>
      <dst id="11">2232.5244</dst>
      <dst id="9">701.8044</dst>
      <dst id="17">1242.7378</dst>
      <dst id="21">1140.5867</dst>
    </src>
    <src id="7">
      <dst id="12">1963.5111</dst>
      <dst id="13">80.1867</dst>
      <dst id="19">179.8222</dst>
      <dst id="23">54.4089</dst>
      <dst id="8">566.6756</dst>
      <dst id="18">189.4933</dst>
      <dst id="4">18073.4400</dst>
      <dst id="1">2165.2533</dst>
      <dst id="5">512.5067</dst>
      <dst id="3">114.0089</dst>
      <dst id="22">4148.6933</dst>
      <dst id="7">768.6756</dst>
      <dst id="2">3222.4800</dst>
      <dst id="6">1.1200</dst>
      <dst id="16">259.3067</dst>
      <dst id="14">55.9022</dst>
      <dst id="20">134.7644</dst>
      <dst id="11">738.7022</dst>
      <dst id="9">141.1200</dst>
      <dst id="17">4195.9111</dst>
      <dst id="21">2090.9867</dst>
      <dst id="15">72.8978</dst>
    </src>
    <src id="2">
      <dst id="12">58034.3111</dst>
      <dst id="13">1963.4400</dst>
      <dst id="19">8356.1067</dst>
      <dst id="8">1792.6844</dst>
      <dst id="18">48731.9467</dst>
      <dst id="4">98500.2311</dst>
      <dst id="1">5083.6267</dst>
      <dst id="5">575.0044</dst>
      <dst id="3">20.6756</dst>
      <dst id="22">1926.5422</dst>
      <dst id="7">3399.0133</dst>
      <dst id="2">853.8311</dst>
      <dst id="6">4108.7200</dst>
      <dst id="16">2055.3689</dst>
      <dst id="14">5299.9556</dst>
      <dst id="20">126.2222</dst>
      <dst id="11">2822.3289</dst>
      <dst id="9">421.0044</dst>
      <dst id="17">24799.2089</dst>
      <dst id="21">4260.1956</dst>
      <dst id="15">46.5244</dst>
    </src>
    <src id="6">
      <dst id="12">6992.9156</dst>
      <dst id="13">4.7644</dst>
      <dst id="19">1.0400</dst>
      <dst id="18">1.0578</dst>
      <dst id="4">41.6978</dst>
      <dst id="1">26.7200</dst>
      <dst id="5">0.3556</dst>
      <dst id="2">1592.3911</dst>
      <dst id="16">1.1022</dst>
      <dst id="11">0.8000</dst>
      <dst id="9">0.3289</dst>
      <dst id="17">1216.2578</dst>
      <dst id="21">44.5867</dst>
    </src>
    <src id="16">
      <dst id="12">1530.8889</dst>
      <dst id="13">411.1111</dst>
      <dst id="19">4819.1111</dst>
      <dst id="23">1.2800</dst>
      <dst id="8">928.6489</dst>
      <dst id="18">5.5022</dst>
      <dst id="4">5291.5733</dst>
      <dst id="1">20418.6933</dst>
      <dst id="5">703.5378</dst>
      <dst id="3">2.8800</dst>
      <dst id="7">1976.4533</dst>
      <dst id="2">246.9333</dst>
      <dst id="6">13.9378</dst>
      <dst id="16">18.6044</dst>
      <dst id="14">243.8844</dst>
      <dst id="11">71.6978</dst>
      <dst id="9">1821.5289</dst>
      <dst id="17">751.9822</dst>
      <dst id="21">770.9067</dst>
    </src>
    <src id="14">
      <dst id="12">13412.6844</dst>
      <dst id="13">5.2444</dst>
      <dst id="19">56.3200</dst>
      <dst id="8">2.3822</dst>
      <dst id="18">0.9600</dst>
      <dst id="4">1623.0844</dst>
      <dst id="1">35.9200</dst>
      <dst id="5">13.8311</dst>
      <dst id="3">51.4222</dst>
      <dst id="22">5.8400</dst>
      <dst id="7">67.9822</dst>
      <dst id="2">4707.2267</dst>
      <dst id="16">193.2089</dst>
      <dst id="20">2.2133</dst>
      <dst id="11">38.3556</dst>
      <dst id="9">4.5422</dst>
      <dst id="17">6292.6844</dst>
      <dst id="21">114.4800</dst>
    </src>
    <src id="20">
      <dst id="12">3980.6578</dst>
      <dst id="13">6753.2800</dst>
      <dst id="19">108.3467</dst>
      <dst id="8">401.1111</dst>
      <dst id="18">0.3556</dst>
      <dst id="4">6261.7778</dst>
      <dst id="1">103.4933</dst>
      <dst id="5">407.9200</dst>
      <dst id="3">260.9956</dst>
      <dst id="7">2633.7156</dst>
      <dst id="2">1789.6178</dst>
      <dst id="14">1.2800</dst>
      <dst id="11">248.3822</dst>
      <dst id="9">1227.3333</dst>
      <dst id="17">3190.5333</dst>
      <dst id="21">268.7378</dst>
    </src>
    <src id="11">
      <dst id="12">369304.9333</dst>
      <dst id="13">1521.9200</dst>
      <dst id="19">3.8311</dst>
      <dst id="23">15.5556</dst>
      <dst id="8">230.8978</dst>
      <dst id="18">196.6844</dst>
      <dst id="4">16416.2933</dst>
      <dst id="1">495.1378</dst>
      <dst id="5">1132.4622</dst>
      <dst id="3">188.4356</dst>
      <dst id="22">2372.6400</dst>
      <dst id="7">299.7689</dst>
      <dst id="2">139460.5156</dst>
      <dst id="6">47.2000</dst>
      <dst id="16">774.2311</dst>
      <dst id="14">25.2000</dst>
      <dst id="20">189.8489</dst>
      <dst id="11">775.4756</dst>
      <dst id="9">572.3111</dst>
      <dst id="17">126939.2711</dst>
      <dst id="21">347.3511</dst>
      <dst id="15">561.0844</dst>
    </src>
    <src id="9">
      <dst id="12">383956.3467</dst>
      <dst id="13">1202.3822</dst>
      <dst id="19">8.4089</dst>
      <dst id="23">16.3200</dst>
      <dst id="8">91.0578</dst>
      <dst id="18">623.0222</dst>
      <dst id="4">17248.2044</dst>
      <dst id="1">277.4044</dst>
      <dst id="5">1312.1156</dst>
      <dst id="3">18.2044</dst>
      <dst id="22">951.9200</dst>
      <dst id="7">474.4533</dst>
      <dst id="2">126722.8000</dst>
      <dst id="16">125.7511</dst>
      <dst id="14">1.1378</dst>
      <dst id="20">257.7422</dst>
      <dst id="11">458.7378</dst>
      <dst id="9">9459.3156</dst>
      <dst id="17">157851.4756</dst>
      <dst id="21">1223.0222</dst>
      <dst id="15">158.1600</dst>
    </src>
    <src id="17">
      <dst id="12">3606.3378</dst>
      <dst id="13">13188.4622</dst>
      <dst id="19">249.5200</dst>
      <dst id="23">87.0044</dst>
      <dst id="8">85467.6978</dst>
      <dst id="18">81.9556</dst>
      <dst id="4">50787.7867</dst>
      <dst id="1">3930.7644</dst>
      <dst id="5">139875.0756</dst>
      <dst id="3">9911.1378</dst>
      <dst id="22">10831.5467</dst>
      <dst id="7">4052.1244</dst>
      <dst id="2">10058.4089</dst>
      <dst id="6">64.1422</dst>
      <dst id="16">932.2667</dst>
      <dst id="14">13383.7067</dst>
      <dst id="20">339.3778</dst>
      <dst id="11">77492.8978</dst>
      <dst id="9">118119.6889</dst>
      <dst id="17">1284.2667</dst>
      <dst id="21">7528.0889</dst>
      <dst id="15">135.7600</dst>
    </src>
    <src id="21">
      <dst id="12">16999.4400</dst>
      <dst id="13">556.8444</dst>
      <dst id="19">64.6489</dst>
      <dst id="23">3.6978</dst>
      <dst id="8">409.6800</dst>
      <dst id="18">286.5600</dst>
      <dst id="4">20479.8400</dst>
      <dst id="1">22667.3511</dst>
      <dst id="5">398.3467</dst>
      <dst id="3">681.9111</dst>
      <dst id="22">919.3244</dst>
      <dst id="7">2897.0044</dst>
      <dst id="2">7511.7689</dst>
      <dst id="6">2.2756</dst>
      <dst id="16">162.7556</dst>
      <dst id="14">77.4044</dst>
      <dst id="20">57.0578</dst>
      <dst id="11">651.1733</dst>
      <dst id="9">676.9689</dst>
      <dst id="17">2809.1556</dst>
      <dst id="21">1480.0178</dst>
      <dst id="15">11.2356</dst>
    </src>
    <src id="15">
      <dst id="12">1115.5200</dst>
      <dst id="13">83.8222</dst>
      <dst id="19">0.9244</dst>
      <dst id="23">1.0667</dst>
      <dst id="8">30.8089</dst>
      <dst id="18">13.7956</dst>
      <dst id="4">4477.6356</dst>
      <dst id="1">737.4933</dst>
      <dst id="5">118.2044</dst>
      <dst id="3">5.7867</dst>
      <dst id="7">11.8489</dst>
      <dst id="2">129.3244</dst>
      <dst id="11">54.4622</dst>
      <dst id="9">292.9422</dst>
      <dst id="17">173.1467</dst>
      <dst id="21">212.3378</dst>
    </src>
  </IntraTM>
</TrafficMatrixFile>
