<?xml version="1.0" encoding="UTF-8" standalone="yes"?>
<TrafficMatrixFile xmlns:xsi="http://www.w3.org/2001/XMLSchema-instance" xsi:noNamespaceSchemaLocation="http://totem.run.montefiore.ulg.ac.be/Schema/TrafficMatrix-v1_2.xsd">
  <info>
    <title>Intradomain traffic matrix generated by geant-TM-all.pl</title>
    <date>2005-01-01T06:30:00</date>
    <duration>900</duration>
    <author>Steve Uhlig</author>
    <units>
        <unit type="bandwidth" value="kbps"/>
    </units>
  </info>
  <IntraTM ASID="20965">
    <src id="12">
      <dst id="12">291102.6844</dst>
      <dst id="13">36566.2311</dst>
      <dst id="19">3192.4800</dst>
      <dst id="23">66.8444</dst>
      <dst id="8">4281.2711</dst>
      <dst id="18">1937.4578</dst>
      <dst id="4">140496.4978</dst>
      <dst id="1">8360.7733</dst>
      <dst id="5">7040.0711</dst>
      <dst id="3">2751.2444</dst>
      <dst id="22">18990.8533</dst>
      <dst id="7">11699.2356</dst>
      <dst id="2">101285.3778</dst>
      <dst id="6">218.1600</dst>
      <dst id="16">9529.3867</dst>
      <dst id="14">570.5333</dst>
      <dst id="20">17786.4978</dst>
      <dst id="11">5195.3244</dst>
      <dst id="9">16282.8089</dst>
      <dst id="17">74239.6800</dst>
      <dst id="21">13905.2089</dst>
      <dst id="15">4933.3244</dst>
    </src>
    <src id="13">
      <dst id="12">69575.7333</dst>
      <dst id="19">14081.7867</dst>
      <dst id="23">2037.4222</dst>
      <dst id="8">2774.0089</dst>
      <dst id="18">11583.1556</dst>
      <dst id="4">4.7289</dst>
      <dst id="1">2298.5156</dst>
      <dst id="5">6566.3644</dst>
      <dst id="3">9752.6044</dst>
      <dst id="22">31780.3911</dst>
      <dst id="7">25902.2756</dst>
      <dst id="2">148148.5778</dst>
      <dst id="6">75.0044</dst>
      <dst id="16">13771.2711</dst>
      <dst id="14">2290.2489</dst>
      <dst id="20">17447.4844</dst>
      <dst id="11">24840.1956</dst>
      <dst id="9">22859.5289</dst>
      <dst id="17">79505.3511</dst>
      <dst id="21">13959.1556</dst>
      <dst id="15">4035.2267</dst>
    </src>
    <src id="19">
      <dst id="12">15830.7556</dst>
      <dst id="13">8512.5689</dst>
      <dst id="23">12.6222</dst>
      <dst id="8">41.9822</dst>
      <dst id="18">20.6222</dst>
      <dst id="4">23020.6756</dst>
      <dst id="1">74.6578</dst>
      <dst id="5">209.5822</dst>
      <dst id="3">433.1556</dst>
      <dst id="22">1930.6222</dst>
      <dst id="7">3837.3156</dst>
      <dst id="2">771.8311</dst>
      <dst id="6">24.8267</dst>
      <dst id="16">7509.8044</dst>
      <dst id="14">2.1156</dst>
      <dst id="20">59.3422</dst>
      <dst id="11">833.3867</dst>
      <dst id="9">3192.4622</dst>
      <dst id="17">948.3200</dst>
      <dst id="21">594.6222</dst>
      <dst id="15">105.6000</dst>
    </src>
    <src id="23">
      <dst id="12">548.4533</dst>
      <dst id="13">205.7867</dst>
      <dst id="19">0.4533</dst>
      <dst id="8">3.6978</dst>
      <dst id="18">19.9022</dst>
      <dst id="4">34.3467</dst>
      <dst id="1">76.7911</dst>
      <dst id="3">25.9556</dst>
      <dst id="22">325.6178</dst>
      <dst id="7">299.0400</dst>
      <dst id="2">97.3244</dst>
      <dst id="16">5.7333</dst>
      <dst id="11">54.7022</dst>
      <dst id="9">431.9200</dst>
      <dst id="17">315.3156</dst>
      <dst id="21">676.1956</dst>
      <dst id="15">120.0000</dst>
    </src>
    <src id="8">
      <dst id="12">364395.7244</dst>
      <dst id="13">1793.8489</dst>
      <dst id="19">0.8178</dst>
      <dst id="23">385.6622</dst>
      <dst id="18">107.8667</dst>
      <dst id="4">7006.5333</dst>
      <dst id="1">54.1689</dst>
      <dst id="5">16758.0622</dst>
      <dst id="3">87.2800</dst>
      <dst id="22">3956.3467</dst>
      <dst id="7">88.5244</dst>
      <dst id="2">140810.8533</dst>
      <dst id="6">51.2000</dst>
      <dst id="16">582.5689</dst>
      <dst id="14">0.3556</dst>
      <dst id="20">123.4667</dst>
      <dst id="11">520.5600</dst>
      <dst id="9">2679.1733</dst>
      <dst id="17">75303.2444</dst>
      <dst id="21">253.1644</dst>
      <dst id="15">138.4889</dst>
    </src>
    <src id="18">
      <dst id="12">142916.9511</dst>
      <dst id="13">552.9244</dst>
      <dst id="19">31.9022</dst>
      <dst id="23">1.7422</dst>
      <dst id="8">19.4489</dst>
      <dst id="4">1875.2978</dst>
      <dst id="1">722.5778</dst>
      <dst id="5">1028.2133</dst>
      <dst id="3">12.8978</dst>
      <dst id="22">2945.2800</dst>
      <dst id="7">9.2000</dst>
      <dst id="2">44144.3467</dst>
      <dst id="16">48.9511</dst>
      <dst id="14">13.6889</dst>
      <dst id="20">2.1867</dst>
      <dst id="11">75.8044</dst>
      <dst id="9">227.6267</dst>
      <dst id="17">31236.1600</dst>
      <dst id="21">1071.6267</dst>
      <dst id="15">6.8356</dst>
    </src>
    <src id="4">
      <dst id="12">21789.8756</dst>
      <dst id="19">5966.9956</dst>
      <dst id="23">38.7556</dst>
      <dst id="8">1403.2444</dst>
      <dst id="18">1796.8356</dst>
      <dst id="4">53.7156</dst>
      <dst id="1">1053.8756</dst>
      <dst id="5">2198.8978</dst>
      <dst id="3">10979.5467</dst>
      <dst id="22">8524.0000</dst>
      <dst id="7">10655.5911</dst>
      <dst id="2">52928.4889</dst>
      <dst id="6">15.9644</dst>
      <dst id="16">1430.1244</dst>
      <dst id="14">1581.9733</dst>
      <dst id="20">3033.2622</dst>
      <dst id="11">8938.5689</dst>
      <dst id="9">5638.7556</dst>
      <dst id="17">52000.9067</dst>
      <dst id="21">6751.6178</dst>
      <dst id="15">2685.1822</dst>
    </src>
    <src id="1">
      <dst id="12">21624.7378</dst>
      <dst id="13">435.5556</dst>
      <dst id="19">2207.5289</dst>
      <dst id="23">52.1867</dst>
      <dst id="8">140015.5022</dst>
      <dst id="18">19821.6089</dst>
      <dst id="4">15749.5733</dst>
      <dst id="1">39.6444</dst>
      <dst id="5">243536.0978</dst>
      <dst id="3">34875.0578</dst>
      <dst id="22">5028.2844</dst>
      <dst id="7">16528.0533</dst>
      <dst id="2">2520.4978</dst>
      <dst id="6">6132.5511</dst>
      <dst id="16">12293.6267</dst>
      <dst id="14">65.8489</dst>
      <dst id="20">268.9956</dst>
      <dst id="11">1191.8844</dst>
      <dst id="9">252435.8133</dst>
      <dst id="17">3526.6044</dst>
      <dst id="21">15067.4578</dst>
      <dst id="15">1795.1022</dst>
    </src>
    <src id="5">
      <dst id="12">368610.0622</dst>
      <dst id="13">2144.0978</dst>
      <dst id="19">109.6000</dst>
      <dst id="23">0.3556</dst>
      <dst id="8">7527.3956</dst>
      <dst id="18">93.6444</dst>
      <dst id="4">7302.9244</dst>
      <dst id="1">103.4667</dst>
      <dst id="3">414.8622</dst>
      <dst id="22">8482.4978</dst>
      <dst id="7">246.2044</dst>
      <dst id="2">180954.0178</dst>
      <dst id="6">1.0044</dst>
      <dst id="16">792.8089</dst>
      <dst id="14">243.0578</dst>
      <dst id="20">4997.8311</dst>
      <dst id="11">1591.3867</dst>
      <dst id="9">1382.7733</dst>
      <dst id="17">99683.3511</dst>
      <dst id="21">2108.2133</dst>
      <dst id="15">549.6444</dst>
    </src>
    <src id="3">
      <dst id="12">9111.6533</dst>
      <dst id="13">486.7111</dst>
      <dst id="19">2195.2356</dst>
      <dst id="23">41.6000</dst>
      <dst id="8">490.2489</dst>
      <dst id="18">99274.8711</dst>
      <dst id="4">66424.1244</dst>
      <dst id="1">18923.0222</dst>
      <dst id="5">405.7244</dst>
      <dst id="3">12569.2711</dst>
      <dst id="22">394.7556</dst>
      <dst id="7">1286.7200</dst>
      <dst id="2">4575.5644</dst>
      <dst id="6">0.7111</dst>
      <dst id="16">1855.9022</dst>
      <dst id="14">34921.4844</dst>
      <dst id="20">3161.4400</dst>
      <dst id="11">163921.8489</dst>
      <dst id="9">179.4311</dst>
      <dst id="17">10662.8000</dst>
      <dst id="21">13056.9422</dst>
      <dst id="15">126.9689</dst>
    </src>
    <src id="10">
      <dst id="12">15902.8267</dst>
      <dst id="19">2769.9911</dst>
      <dst id="8">1948.7022</dst>
      <dst id="18">1423.7067</dst>
      <dst id="4">0.7111</dst>
      <dst id="1">513.9378</dst>
      <dst id="5">1746.5689</dst>
      <dst id="3">2493.7778</dst>
      <dst id="22">8163.3244</dst>
      <dst id="7">13341.6889</dst>
      <dst id="2">26966.0267</dst>
      <dst id="6">4.9333</dst>
      <dst id="16">7879.0400</dst>
      <dst id="14">774.3733</dst>
      <dst id="20">2929.6889</dst>
      <dst id="11">6445.4222</dst>
      <dst id="9">5421.2533</dst>
      <dst id="17">18404.9156</dst>
      <dst id="21">42701.4667</dst>
      <dst id="15">1141.8133</dst>
    </src>
    <src id="22">
      <dst id="12">13313.8044</dst>
      <dst id="13">10261.6533</dst>
      <dst id="19">81.9556</dst>
      <dst id="23">9.1378</dst>
      <dst id="8">1365.0844</dst>
      <dst id="18">1152.6133</dst>
      <dst id="4">20252.2044</dst>
      <dst id="1">848.8089</dst>
      <dst id="5">6549.0400</dst>
      <dst id="3">802.2489</dst>
      <dst id="7">1575.6800</dst>
      <dst id="2">1439.7067</dst>
      <dst id="6">4.2489</dst>
      <dst id="16">0.9067</dst>
      <dst id="14">111.9022</dst>
      <dst id="11">3711.6800</dst>
      <dst id="9">2921.2978</dst>
      <dst id="17">5304.7822</dst>
      <dst id="21">1183.7422</dst>
    </src>
    <src id="7">
      <dst id="12">4064.5244</dst>
      <dst id="13">568.2756</dst>
      <dst id="19">486.5511</dst>
      <dst id="23">127.7422</dst>
      <dst id="8">1797.8667</dst>
      <dst id="18">758.2311</dst>
      <dst id="4">55219.1378</dst>
      <dst id="1">7110.1156</dst>
      <dst id="5">1214.1867</dst>
      <dst id="3">3613.1556</dst>
      <dst id="22">6480.0000</dst>
      <dst id="7">730.1689</dst>
      <dst id="2">7197.2533</dst>
      <dst id="6">219.2000</dst>
      <dst id="16">914.0444</dst>
      <dst id="14">194.6044</dst>
      <dst id="20">1224.5156</dst>
      <dst id="11">1370.2667</dst>
      <dst id="9">1809.3422</dst>
      <dst id="17">7774.3111</dst>
      <dst id="21">5352.6844</dst>
      <dst id="15">165.8311</dst>
    </src>
    <src id="2">
      <dst id="12">110744.5333</dst>
      <dst id="13">8928.9333</dst>
      <dst id="19">2605.7867</dst>
      <dst id="8">194.4800</dst>
      <dst id="18">87431.9556</dst>
      <dst id="4">131442.2756</dst>
      <dst id="1">1702.6578</dst>
      <dst id="5">1450.4000</dst>
      <dst id="3">1062.9511</dst>
      <dst id="22">2861.6978</dst>
      <dst id="7">7914.9244</dst>
      <dst id="2">424.7111</dst>
      <dst id="6">7519.1289</dst>
      <dst id="16">9955.6089</dst>
      <dst id="14">400.0800</dst>
      <dst id="20">984.4889</dst>
      <dst id="11">2958.4622</dst>
      <dst id="9">1066.9156</dst>
      <dst id="17">38016.2756</dst>
      <dst id="21">3888.4267</dst>
      <dst id="15">294.6578</dst>
    </src>
    <src id="6">
      <dst id="12">10269.6089</dst>
      <dst id="13">21.7867</dst>
      <dst id="19">1.4222</dst>
      <dst id="8">0.9244</dst>
      <dst id="18">20.0533</dst>
      <dst id="4">143.0844</dst>
      <dst id="1">16.1867</dst>
      <dst id="5">1.2444</dst>
      <dst id="3">0.5600</dst>
      <dst id="22">42.2844</dst>
      <dst id="7">19.6444</dst>
      <dst id="2">2089.7600</dst>
      <dst id="16">24.1778</dst>
      <dst id="20">11.9289</dst>
      <dst id="11">7.9289</dst>
      <dst id="17">1254.7200</dst>
    </src>
    <src id="16">
      <dst id="12">5915.2711</dst>
      <dst id="13">1519.7333</dst>
      <dst id="19">3749.6267</dst>
      <dst id="23">85.6533</dst>
      <dst id="8">7533.3689</dst>
      <dst id="18">5.8311</dst>
      <dst id="4">7355.3067</dst>
      <dst id="1">17644.6222</dst>
      <dst id="5">4325.7600</dst>
      <dst id="3">1053.9378</dst>
      <dst id="7">2182.5956</dst>
      <dst id="2">1390.9867</dst>
      <dst id="6">23.6267</dst>
      <dst id="16">52.5689</dst>
      <dst id="14">0.4267</dst>
      <dst id="11">420.9156</dst>
      <dst id="9">10342.3200</dst>
      <dst id="17">3085.2267</dst>
      <dst id="21">248.2489</dst>
    </src>
    <src id="14">
      <dst id="12">27817.3600</dst>
      <dst id="13">199.1911</dst>
      <dst id="19">3.7511</dst>
      <dst id="23">12.6222</dst>
      <dst id="18">15.0400</dst>
      <dst id="4">3144.6400</dst>
      <dst id="1">22.0978</dst>
      <dst id="5">19.2711</dst>
      <dst id="3">99.1111</dst>
      <dst id="22">57.0044</dst>
      <dst id="7">52.3111</dst>
      <dst id="2">6571.2800</dst>
      <dst id="16">2.1956</dst>
      <dst id="20">1.7600</dst>
      <dst id="11">78.7822</dst>
      <dst id="9">81.5378</dst>
      <dst id="17">3350.1244</dst>
      <dst id="21">125.7867</dst>
    </src>
    <src id="20">
      <dst id="12">18006.7822</dst>
      <dst id="13">9920.0889</dst>
      <dst id="19">300.5422</dst>
      <dst id="23">1.3511</dst>
      <dst id="8">137.8311</dst>
      <dst id="18">37.3244</dst>
      <dst id="4">11392.1244</dst>
      <dst id="1">188.7378</dst>
      <dst id="5">4553.9911</dst>
      <dst id="3">169.2089</dst>
      <dst id="22">19.7244</dst>
      <dst id="7">1576.7644</dst>
      <dst id="2">8566.4267</dst>
      <dst id="14">107.3778</dst>
      <dst id="11">658.7467</dst>
      <dst id="9">3936.9333</dst>
      <dst id="17">4368.6578</dst>
      <dst id="21">959.8222</dst>
    </src>
    <src id="11">
      <dst id="12">418601.8311</dst>
      <dst id="13">4353.9733</dst>
      <dst id="19">90.4356</dst>
      <dst id="23">26.2044</dst>
      <dst id="8">433.7689</dst>
      <dst id="18">70.0978</dst>
      <dst id="4">16878.4533</dst>
      <dst id="1">482.7644</dst>
      <dst id="5">721.6889</dst>
      <dst id="3">1609.6267</dst>
      <dst id="22">4480.3644</dst>
      <dst id="7">509.1111</dst>
      <dst id="2">185378.0978</dst>
      <dst id="16">1177.1822</dst>
      <dst id="14">80.3378</dst>
      <dst id="20">623.9822</dst>
      <dst id="11">2104.6400</dst>
      <dst id="9">1301.7956</dst>
      <dst id="17">100642.3200</dst>
      <dst id="21">1040.8267</dst>
      <dst id="15">316.5156</dst>
    </src>
    <src id="9">
      <dst id="12">470676.3111</dst>
      <dst id="13">12316.8978</dst>
      <dst id="19">752.2844</dst>
      <dst id="23">25.7156</dst>
      <dst id="8">469.1733</dst>
      <dst id="18">92.4178</dst>
      <dst id="4">15546.4356</dst>
      <dst id="1">137.2178</dst>
      <dst id="5">1195.9556</dst>
      <dst id="3">102.9600</dst>
      <dst id="22">3923.1822</dst>
      <dst id="7">116.8889</dst>
      <dst id="2">204493.3244</dst>
      <dst id="6">0.3289</dst>
      <dst id="16">811.2089</dst>
      <dst id="14">2.9511</dst>
      <dst id="20">3044.1067</dst>
      <dst id="11">1093.9022</dst>
      <dst id="9">12210.5778</dst>
      <dst id="17">124692.2311</dst>
      <dst id="21">1374.3111</dst>
      <dst id="15">461.3956</dst>
    </src>
    <src id="17">
      <dst id="12">8559.7244</dst>
      <dst id="13">9644.9244</dst>
      <dst id="19">13945.7867</dst>
      <dst id="23">111.4133</dst>
      <dst id="8">146940.9778</dst>
      <dst id="18">724.7467</dst>
      <dst id="4">83019.9200</dst>
      <dst id="1">574.1511</dst>
      <dst id="5">234618.5689</dst>
      <dst id="3">21606.4356</dst>
      <dst id="22">6614.6844</dst>
      <dst id="7">14165.7600</dst>
      <dst id="2">12207.1022</dst>
      <dst id="6">25.8933</dst>
      <dst id="16">8504.0711</dst>
      <dst id="14">30878.8178</dst>
      <dst id="20">3619.9022</dst>
      <dst id="11">136499.5200</dst>
      <dst id="9">222528.5511</dst>
      <dst id="17">1168.1156</dst>
      <dst id="21">9141.2533</dst>
      <dst id="15">3730.8267</dst>
    </src>
    <src id="21">
      <dst id="12">24488.2667</dst>
      <dst id="13">1573.8756</dst>
      <dst id="19">178.5067</dst>
      <dst id="23">112.2578</dst>
      <dst id="8">49.7956</dst>
      <dst id="18">3082.4178</dst>
      <dst id="4">20672.1244</dst>
      <dst id="1">1969.6089</dst>
      <dst id="5">629.4489</dst>
      <dst id="3">1222.5689</dst>
      <dst id="22">1218.2578</dst>
      <dst id="7">945.9644</dst>
      <dst id="2">12536.1067</dst>
      <dst id="16">1435.4133</dst>
      <dst id="14">261.0400</dst>
      <dst id="20">2018.6222</dst>
      <dst id="11">528.0800</dst>
      <dst id="9">557.6978</dst>
      <dst id="17">4641.2978</dst>
      <dst id="21">3000.6400</dst>
      <dst id="15">248.1156</dst>
    </src>
    <src id="15">
      <dst id="12">890.2400</dst>
      <dst id="13">2942.6222</dst>
      <dst id="19">5918.0444</dst>
      <dst id="23">1.6000</dst>
      <dst id="8">45.0400</dst>
      <dst id="18">109.1822</dst>
      <dst id="4">3697.9289</dst>
      <dst id="1">125.1644</dst>
      <dst id="5">401.2000</dst>
      <dst id="3">550.7822</dst>
      <dst id="7">33.9200</dst>
      <dst id="2">376.7111</dst>
      <dst id="6">1.3956</dst>
      <dst id="14">13.7600</dst>
      <dst id="11">170.3200</dst>
      <dst id="9">2046.3822</dst>
      <dst id="17">3121.4311</dst>
      <dst id="21">217.7156</dst>
    </src>
  </IntraTM>
</TrafficMatrixFile>
