<?xml version="1.0" encoding="UTF-8" standalone="yes"?>
<TrafficMatrixFile xmlns:xsi="http://www.w3.org/2001/XMLSchema-instance" xsi:noNamespaceSchemaLocation="http://totem.run.montefiore.ulg.ac.be/Schema/TrafficMatrix-v1_2.xsd">
  <info>
    <title>Intradomain traffic matrix generated by geant-TM-all.pl</title>
    <date>2005-01-02T10:45:00</date>
    <duration>900</duration>
    <author>Steve Uhlig</author>
    <units>
        <unit type="bandwidth" value="kbps"/>
    </units>
  </info>
  <IntraTM ASID="20965">
    <src id="12">
      <dst id="12">210505.8400</dst>
      <dst id="13">13185.9289</dst>
      <dst id="19">1044.8978</dst>
      <dst id="23">114.5867</dst>
      <dst id="8">1323.7778</dst>
      <dst id="18">2800.3289</dst>
      <dst id="4">89997.8933</dst>
      <dst id="1">19631.7511</dst>
      <dst id="5">2600.0889</dst>
      <dst id="3">11480.3644</dst>
      <dst id="22">12881.9378</dst>
      <dst id="7">2536.9333</dst>
      <dst id="2">81364.5244</dst>
      <dst id="6">73.9467</dst>
      <dst id="16">3136.7289</dst>
      <dst id="14">316.6844</dst>
      <dst id="20">2683.8667</dst>
      <dst id="11">4470.7378</dst>
      <dst id="9">3611.9378</dst>
      <dst id="17">60638.7644</dst>
      <dst id="21">8450.1511</dst>
      <dst id="15">417.1022</dst>
    </src>
    <src id="13">
      <dst id="12">87555.3956</dst>
      <dst id="19">22874.5867</dst>
      <dst id="23">119.1111</dst>
      <dst id="8">897.6000</dst>
      <dst id="18">3243.3244</dst>
      <dst id="1">3206.8800</dst>
      <dst id="5">5536.2044</dst>
      <dst id="3">4134.9867</dst>
      <dst id="22">23799.5556</dst>
      <dst id="7">6750.0800</dst>
      <dst id="2">91665.9289</dst>
      <dst id="6">183.3956</dst>
      <dst id="16">6309.0489</dst>
      <dst id="14">2300.5511</dst>
      <dst id="20">11738.1511</dst>
      <dst id="11">16240.2933</dst>
      <dst id="9">17880.6400</dst>
      <dst id="17">62946.5867</dst>
      <dst id="21">25787.2800</dst>
      <dst id="15">2951.1644</dst>
    </src>
    <src id="19">
      <dst id="12">12768.7289</dst>
      <dst id="13">384.1422</dst>
      <dst id="23">0.4622</dst>
      <dst id="8">14.1867</dst>
      <dst id="18">575.7867</dst>
      <dst id="4">20007.9111</dst>
      <dst id="1">404.0711</dst>
      <dst id="5">29.5822</dst>
      <dst id="22">852.2844</dst>
      <dst id="7">2514.5244</dst>
      <dst id="2">5714.2667</dst>
      <dst id="6">63.7600</dst>
      <dst id="16">6070.6222</dst>
      <dst id="20">57.5644</dst>
      <dst id="11">14.0089</dst>
      <dst id="9">443.3333</dst>
      <dst id="17">479.4222</dst>
      <dst id="21">511.1733</dst>
    </src>
    <src id="23">
      <dst id="12">886.8178</dst>
      <dst id="13">33.9467</dst>
      <dst id="19">10.8889</dst>
      <dst id="8">8.8889</dst>
      <dst id="18">205.0044</dst>
      <dst id="4">0.4622</dst>
      <dst id="1">40.6400</dst>
      <dst id="5">1.9556</dst>
      <dst id="3">40.4267</dst>
      <dst id="22">29.2089</dst>
      <dst id="7">95.8133</dst>
      <dst id="2">41.7511</dst>
      <dst id="16">13.3333</dst>
      <dst id="14">14.9778</dst>
      <dst id="11">519.2800</dst>
      <dst id="9">434.4889</dst>
      <dst id="17">290.6489</dst>
      <dst id="21">467.3067</dst>
    </src>
    <src id="8">
      <dst id="12">293616.5422</dst>
      <dst id="13">241.3956</dst>
      <dst id="19">13.3333</dst>
      <dst id="23">64.5067</dst>
      <dst id="18">40.3822</dst>
      <dst id="4">5518.2667</dst>
      <dst id="1">7830.2933</dst>
      <dst id="5">1599.9911</dst>
      <dst id="3">1.3067</dst>
      <dst id="22">536.2578</dst>
      <dst id="7">19.4844</dst>
      <dst id="2">98159.0667</dst>
      <dst id="16">115.0667</dst>
      <dst id="14">0.4889</dst>
      <dst id="20">106.9156</dst>
      <dst id="11">57.9200</dst>
      <dst id="9">543.0311</dst>
      <dst id="17">101284.8889</dst>
      <dst id="21">189.0311</dst>
      <dst id="15">87.8044</dst>
    </src>
    <src id="18">
      <dst id="12">97254.8800</dst>
      <dst id="13">739.8756</dst>
      <dst id="19">1086.9333</dst>
      <dst id="23">19.8933</dst>
      <dst id="8">27.4844</dst>
      <dst id="4">2468.9867</dst>
      <dst id="1">3664.3200</dst>
      <dst id="5">489.6089</dst>
      <dst id="3">32.7822</dst>
      <dst id="22">914.7911</dst>
      <dst id="7">64.9600</dst>
      <dst id="2">26283.0756</dst>
      <dst id="16">27.0044</dst>
      <dst id="20">26.3111</dst>
      <dst id="11">76.9156</dst>
      <dst id="9">213.0133</dst>
      <dst id="17">36532.2667</dst>
      <dst id="21">309.7689</dst>
      <dst id="15">0.9600</dst>
    </src>
    <src id="4">
      <dst id="12">15886.1778</dst>
      <dst id="19">5403.6444</dst>
      <dst id="8">791.9556</dst>
      <dst id="18">955.1111</dst>
      <dst id="1">9279.5911</dst>
      <dst id="5">1843.3156</dst>
      <dst id="3">799.2800</dst>
      <dst id="22">3528.5511</dst>
      <dst id="7">50475.7244</dst>
      <dst id="2">51683.9200</dst>
      <dst id="6">0.8444</dst>
      <dst id="16">1505.7333</dst>
      <dst id="14">641.6889</dst>
      <dst id="20">2785.6622</dst>
      <dst id="11">8470.5867</dst>
      <dst id="9">1823.2533</dst>
      <dst id="17">65614.3822</dst>
      <dst id="21">6060.7644</dst>
      <dst id="15">280.8622</dst>
    </src>
    <src id="1">
      <dst id="12">15330.0978</dst>
      <dst id="13">258.3200</dst>
      <dst id="19">13.3156</dst>
      <dst id="23">8.6133</dst>
      <dst id="8">71360.6044</dst>
      <dst id="18">11840.6311</dst>
      <dst id="4">7363.2533</dst>
      <dst id="1">29343.8044</dst>
      <dst id="5">156169.8578</dst>
      <dst id="3">55.9644</dst>
      <dst id="22">412.2133</dst>
      <dst id="7">1266.1778</dst>
      <dst id="2">1507.3333</dst>
      <dst id="6">4688.1867</dst>
      <dst id="16">12644.5956</dst>
      <dst id="14">101.4933</dst>
      <dst id="20">24.6933</dst>
      <dst id="11">595.6889</dst>
      <dst id="9">142108.9600</dst>
      <dst id="17">3739.1822</dst>
      <dst id="21">1823.0578</dst>
      <dst id="15">83.7956</dst>
    </src>
    <src id="5">
      <dst id="12">224024.2578</dst>
      <dst id="13">576.1156</dst>
      <dst id="19">46.4000</dst>
      <dst id="23">78.5778</dst>
      <dst id="8">3314.6222</dst>
      <dst id="18">88.2667</dst>
      <dst id="4">9269.7956</dst>
      <dst id="1">20420.6667</dst>
      <dst id="3">22.5511</dst>
      <dst id="22">26426.2044</dst>
      <dst id="7">74.3378</dst>
      <dst id="2">110361.1556</dst>
      <dst id="16">221.5556</dst>
      <dst id="14">49.9822</dst>
      <dst id="20">390.2756</dst>
      <dst id="11">396.8978</dst>
      <dst id="9">1150.1867</dst>
      <dst id="17">87328.9422</dst>
      <dst id="21">525.3867</dst>
      <dst id="15">212.2489</dst>
    </src>
    <src id="3">
      <dst id="12">8067.6889</dst>
      <dst id="13">930.1867</dst>
      <dst id="19">4430.8356</dst>
      <dst id="23">2.1156</dst>
      <dst id="8">32.3289</dst>
      <dst id="18">64513.7778</dst>
      <dst id="4">18604.1600</dst>
      <dst id="1">3635.3244</dst>
      <dst id="5">2061.2000</dst>
      <dst id="3">11448.4800</dst>
      <dst id="22">2128.4267</dst>
      <dst id="7">2936.0089</dst>
      <dst id="2">2500.8000</dst>
      <dst id="6">1.9467</dst>
      <dst id="16">732.5600</dst>
      <dst id="14">27068.2311</dst>
      <dst id="20">68.2133</dst>
      <dst id="11">131487.6000</dst>
      <dst id="9">104.0178</dst>
      <dst id="17">23937.3156</dst>
      <dst id="21">3524.0889</dst>
      <dst id="15">74.1422</dst>
    </src>
    <src id="10">
      <dst id="12">9364.7556</dst>
      <dst id="19">3296.5422</dst>
      <dst id="8">299.2622</dst>
      <dst id="18">2526.5600</dst>
      <dst id="1">683.6978</dst>
      <dst id="5">790.0356</dst>
      <dst id="3">19519.3067</dst>
      <dst id="22">8641.5378</dst>
      <dst id="7">12187.6978</dst>
      <dst id="2">23409.2089</dst>
      <dst id="6">21.5822</dst>
      <dst id="16">1795.8133</dst>
      <dst id="14">2668.9956</dst>
      <dst id="20">5526.6489</dst>
      <dst id="11">5211.7867</dst>
      <dst id="9">3229.3156</dst>
      <dst id="17">17266.6489</dst>
      <dst id="21">15180.3733</dst>
      <dst id="15">577.1022</dst>
    </src>
    <src id="22">
      <dst id="12">3728.7289</dst>
      <dst id="13">5450.0356</dst>
      <dst id="19">846.2844</dst>
      <dst id="23">7.8578</dst>
      <dst id="8">1367.5822</dst>
      <dst id="18">1663.1911</dst>
      <dst id="4">13042.8800</dst>
      <dst id="1">3460.2222</dst>
      <dst id="5">4489.4489</dst>
      <dst id="3">566.6578</dst>
      <dst id="7">285.8311</dst>
      <dst id="2">4874.3111</dst>
      <dst id="6">78.1867</dst>
      <dst id="16">0.5511</dst>
      <dst id="14">65.2978</dst>
      <dst id="11">3093.1556</dst>
      <dst id="9">5782.7733</dst>
      <dst id="17">3746.9689</dst>
      <dst id="21">1025.6800</dst>
    </src>
    <src id="7">
      <dst id="12">5686.2933</dst>
      <dst id="13">110.5600</dst>
      <dst id="19">72.3111</dst>
      <dst id="23">47.6533</dst>
      <dst id="8">471.7689</dst>
      <dst id="18">150.1333</dst>
      <dst id="4">23915.4489</dst>
      <dst id="1">2555.0933</dst>
      <dst id="5">826.8178</dst>
      <dst id="3">81.4489</dst>
      <dst id="22">4172.0622</dst>
      <dst id="7">721.5644</dst>
      <dst id="2">4372.4000</dst>
      <dst id="6">54.9867</dst>
      <dst id="16">362.6311</dst>
      <dst id="14">201.8844</dst>
      <dst id="20">71.9467</dst>
      <dst id="11">1239.4667</dst>
      <dst id="9">537.7156</dst>
      <dst id="17">6964.0444</dst>
      <dst id="21">2804.3644</dst>
      <dst id="15">188.2578</dst>
    </src>
    <src id="2">
      <dst id="12">73751.4311</dst>
      <dst id="13">9635.2978</dst>
      <dst id="19">8204.9422</dst>
      <dst id="23">1.2800</dst>
      <dst id="8">833.9200</dst>
      <dst id="18">62566.2133</dst>
      <dst id="4">106038.8356</dst>
      <dst id="1">14916.6222</dst>
      <dst id="5">1191.0489</dst>
      <dst id="3">71.5022</dst>
      <dst id="22">2690.3467</dst>
      <dst id="7">3561.6267</dst>
      <dst id="2">1021.1733</dst>
      <dst id="6">5676.8889</dst>
      <dst id="16">1768.0356</dst>
      <dst id="14">5617.9822</dst>
      <dst id="20">331.8400</dst>
      <dst id="11">3011.5111</dst>
      <dst id="9">1312.8356</dst>
      <dst id="17">50654.0089</dst>
      <dst id="21">3782.9778</dst>
      <dst id="15">121.1111</dst>
    </src>
    <src id="6">
      <dst id="12">7790.8978</dst>
      <dst id="13">2.9778</dst>
      <dst id="23">0.3378</dst>
      <dst id="8">0.3556</dst>
      <dst id="18">12.8000</dst>
      <dst id="4">111.9200</dst>
      <dst id="1">591.1822</dst>
      <dst id="5">0.7111</dst>
      <dst id="3">0.3556</dst>
      <dst id="22">12.2400</dst>
      <dst id="7">78.6756</dst>
      <dst id="2">1782.4356</dst>
      <dst id="16">0.3556</dst>
      <dst id="11">13.9911</dst>
      <dst id="9">0.3289</dst>
      <dst id="17">984.8711</dst>
      <dst id="21">1.6089</dst>
      <dst id="15">0.3378</dst>
    </src>
    <src id="16">
      <dst id="12">2084.3644</dst>
      <dst id="13">208.0089</dst>
      <dst id="19">4844.6756</dst>
      <dst id="23">1.6533</dst>
      <dst id="8">1711.8222</dst>
      <dst id="18">96.3022</dst>
      <dst id="4">5429.7867</dst>
      <dst id="1">21210.5244</dst>
      <dst id="5">904.0178</dst>
      <dst id="7">1833.2800</dst>
      <dst id="2">484.4356</dst>
      <dst id="6">0.3556</dst>
      <dst id="16">26.0889</dst>
      <dst id="14">279.9200</dst>
      <dst id="11">1738.4000</dst>
      <dst id="9">2388.5956</dst>
      <dst id="17">1606.5600</dst>
      <dst id="21">593.8044</dst>
    </src>
    <src id="14">
      <dst id="12">16395.9467</dst>
      <dst id="13">54.3289</dst>
      <dst id="19">5.9733</dst>
      <dst id="23">2.9244</dst>
      <dst id="4">2932.0889</dst>
      <dst id="1">327.0044</dst>
      <dst id="5">59.6978</dst>
      <dst id="3">52.0267</dst>
      <dst id="22">50.0000</dst>
      <dst id="7">60.7022</dst>
      <dst id="2">5760.5244</dst>
      <dst id="16">9.3244</dst>
      <dst id="20">23.2533</dst>
      <dst id="11">75.3333</dst>
      <dst id="9">7.5556</dst>
      <dst id="17">6563.4133</dst>
      <dst id="21">51.3156</dst>
    </src>
    <src id="20">
      <dst id="12">8535.8489</dst>
      <dst id="13">690.2756</dst>
      <dst id="19">1966.7200</dst>
      <dst id="8">1062.2400</dst>
      <dst id="18">7.7067</dst>
      <dst id="4">11067.6622</dst>
      <dst id="1">63.2000</dst>
      <dst id="5">672.6933</dst>
      <dst id="3">583.4222</dst>
      <dst id="7">86.3200</dst>
      <dst id="2">4616.2756</dst>
      <dst id="14">1.0667</dst>
      <dst id="11">2594.5422</dst>
      <dst id="9">4428.2489</dst>
      <dst id="17">318.5422</dst>
      <dst id="21">147.9467</dst>
    </src>
    <src id="11">
      <dst id="12">399256.6667</dst>
      <dst id="13">1413.8311</dst>
      <dst id="19">2.2400</dst>
      <dst id="23">205.1022</dst>
      <dst id="8">78.0622</dst>
      <dst id="18">257.9022</dst>
      <dst id="4">14822.7200</dst>
      <dst id="1">19873.9111</dst>
      <dst id="5">905.8311</dst>
      <dst id="3">362.2311</dst>
      <dst id="22">3077.5022</dst>
      <dst id="7">190.0889</dst>
      <dst id="2">166207.0222</dst>
      <dst id="6">163.7156</dst>
      <dst id="16">802.9600</dst>
      <dst id="14">39.6267</dst>
      <dst id="20">1758.8889</dst>
      <dst id="11">1129.6622</dst>
      <dst id="9">655.8667</dst>
      <dst id="17">143393.3956</dst>
      <dst id="21">1272.1867</dst>
      <dst id="15">389.8400</dst>
    </src>
    <src id="9">
      <dst id="12">420656.8622</dst>
      <dst id="13">1960.2222</dst>
      <dst id="19">6.4978</dst>
      <dst id="23">20.8533</dst>
      <dst id="8">365.2622</dst>
      <dst id="18">293.0756</dst>
      <dst id="4">17670.4978</dst>
      <dst id="1">14186.0444</dst>
      <dst id="5">2840.5244</dst>
      <dst id="3">5.4756</dst>
      <dst id="22">1502.5156</dst>
      <dst id="7">79.7600</dst>
      <dst id="2">134183.2000</dst>
      <dst id="6">0.3289</dst>
      <dst id="16">98.8267</dst>
      <dst id="14">0.4622</dst>
      <dst id="20">286.7022</dst>
      <dst id="11">918.8889</dst>
      <dst id="9">4084.1156</dst>
      <dst id="17">156995.4489</dst>
      <dst id="21">2263.8222</dst>
      <dst id="15">1379.6178</dst>
    </src>
    <src id="17">
      <dst id="12">3342.4089</dst>
      <dst id="13">3786.3556</dst>
      <dst id="19">387.8933</dst>
      <dst id="23">34.6133</dst>
      <dst id="8">117501.6089</dst>
      <dst id="18">938.5067</dst>
      <dst id="4">163915.1467</dst>
      <dst id="1">3163.2711</dst>
      <dst id="5">150865.7689</dst>
      <dst id="3">14203.0844</dst>
      <dst id="22">14463.5911</dst>
      <dst id="7">2966.8711</dst>
      <dst id="2">16344.3289</dst>
      <dst id="6">3.8400</dst>
      <dst id="16">4024.2311</dst>
      <dst id="14">11310.8267</dst>
      <dst id="20">206.9511</dst>
      <dst id="11">95500.9067</dst>
      <dst id="9">151862.4978</dst>
      <dst id="17">713.3067</dst>
      <dst id="21">7486.3111</dst>
      <dst id="15">7245.4222</dst>
    </src>
    <src id="21">
      <dst id="12">15477.1733</dst>
      <dst id="13">703.0044</dst>
      <dst id="19">99.2711</dst>
      <dst id="23">55.6267</dst>
      <dst id="8">470.3022</dst>
      <dst id="18">360.2133</dst>
      <dst id="4">31999.5111</dst>
      <dst id="1">6525.0044</dst>
      <dst id="5">512.9067</dst>
      <dst id="3">836.9867</dst>
      <dst id="22">2148.3200</dst>
      <dst id="7">3185.7689</dst>
      <dst id="2">9919.2356</dst>
      <dst id="16">104.1244</dst>
      <dst id="14">71.5911</dst>
      <dst id="20">67.3067</dst>
      <dst id="11">916.3289</dst>
      <dst id="9">594.6578</dst>
      <dst id="17">3722.4444</dst>
      <dst id="21">1245.0222</dst>
      <dst id="15">112.8267</dst>
    </src>
    <src id="15">
      <dst id="12">11050.6133</dst>
      <dst id="13">6747.3244</dst>
      <dst id="19">21.3333</dst>
      <dst id="8">2.5600</dst>
      <dst id="18">0.6400</dst>
      <dst id="4">5089.8844</dst>
      <dst id="1">746.3467</dst>
      <dst id="5">521.5467</dst>
      <dst id="3">3.5911</dst>
      <dst id="7">27.3422</dst>
      <dst id="2">119.0578</dst>
      <dst id="11">39.2356</dst>
      <dst id="9">213.6533</dst>
      <dst id="17">201.4756</dst>
      <dst id="21">119.0756</dst>
    </src>
  </IntraTM>
</TrafficMatrixFile>
