<?xml version="1.0" encoding="UTF-8" standalone="yes"?>
<TrafficMatrixFile xmlns:xsi="http://www.w3.org/2001/XMLSchema-instance" xsi:noNamespaceSchemaLocation="http://totem.run.montefiore.ulg.ac.be/Schema/TrafficMatrix-v1_2.xsd">
  <info>
    <title>Intradomain traffic matrix generated by geant-TM-all.pl</title>
    <date>2005-01-04T20:45:00</date>
    <duration>900</duration>
    <author>Steve Uhlig</author>
    <units>
        <unit type="bandwidth" value="kbps"/>
    </units>
  </info>
  <IntraTM ASID="20965">
    <src id="12">
      <dst id="12">249780.8089</dst>
      <dst id="13">18412.1156</dst>
      <dst id="19">1963.2622</dst>
      <dst id="23">556.8356</dst>
      <dst id="8">1085.4489</dst>
      <dst id="18">520.5244</dst>
      <dst id="4">65659.5022</dst>
      <dst id="1">18260.5867</dst>
      <dst id="5">14250.8711</dst>
      <dst id="3">3552.0978</dst>
      <dst id="22">17827.6889</dst>
      <dst id="7">1322.7467</dst>
      <dst id="2">77066.3911</dst>
      <dst id="6">7.1733</dst>
      <dst id="16">11168.0089</dst>
      <dst id="14">1835.7689</dst>
      <dst id="20">6535.2533</dst>
      <dst id="11">4058.9956</dst>
      <dst id="9">11148.1511</dst>
      <dst id="17">74095.3067</dst>
      <dst id="21">4325.1378</dst>
      <dst id="15">858.9067</dst>
    </src>
    <src id="13">
      <dst id="12">53966.8444</dst>
      <dst id="19">7684.4089</dst>
      <dst id="23">7880.9244</dst>
      <dst id="8">4092.8178</dst>
      <dst id="18">3505.8489</dst>
      <dst id="1">5047.0311</dst>
      <dst id="5">3371.3422</dst>
      <dst id="3">3693.8756</dst>
      <dst id="22">15807.8044</dst>
      <dst id="7">8988.5778</dst>
      <dst id="2">92828.1067</dst>
      <dst id="6">162.0444</dst>
      <dst id="16">8730.7022</dst>
      <dst id="14">10688.0267</dst>
      <dst id="20">6881.1111</dst>
      <dst id="11">17310.5067</dst>
      <dst id="9">7572.6667</dst>
      <dst id="17">44386.3822</dst>
      <dst id="21">10157.7778</dst>
      <dst id="15">1613.7778</dst>
    </src>
    <src id="19">
      <dst id="12">13945.4756</dst>
      <dst id="13">5739.7511</dst>
      <dst id="8">2.1333</dst>
      <dst id="18">1.4844</dst>
      <dst id="4">16878.7733</dst>
      <dst id="1">312.7556</dst>
      <dst id="5">7.5022</dst>
      <dst id="3">40.3556</dst>
      <dst id="22">267.6800</dst>
      <dst id="7">2924.4622</dst>
      <dst id="2">221.2444</dst>
      <dst id="6">24.6044</dst>
      <dst id="16">6469.2000</dst>
      <dst id="14">24.4978</dst>
      <dst id="20">28.7289</dst>
      <dst id="11">25.9467</dst>
      <dst id="9">90.9956</dst>
      <dst id="17">4454.1600</dst>
      <dst id="21">511.7778</dst>
      <dst id="15">30.1422</dst>
    </src>
    <src id="23">
      <dst id="12">530.3733</dst>
      <dst id="13">156.4178</dst>
      <dst id="19">13.5111</dst>
      <dst id="18">12.9778</dst>
      <dst id="4">27.8222</dst>
      <dst id="1">104.7200</dst>
      <dst id="5">137.3778</dst>
      <dst id="3">177.3067</dst>
      <dst id="22">332.3911</dst>
      <dst id="7">41.4756</dst>
      <dst id="2">2.6222</dst>
      <dst id="6">1.8133</dst>
      <dst id="16">59.3600</dst>
      <dst id="20">66.6667</dst>
      <dst id="11">145.6267</dst>
      <dst id="9">1958.1156</dst>
      <dst id="17">266.1156</dst>
      <dst id="21">75.0667</dst>
    </src>
    <src id="8">
      <dst id="12">293223.3156</dst>
      <dst id="13">1649.4044</dst>
      <dst id="19">9.4044</dst>
      <dst id="18">2.7556</dst>
      <dst id="4">4951.1378</dst>
      <dst id="1">431.9911</dst>
      <dst id="5">507.6800</dst>
      <dst id="3">104.5333</dst>
      <dst id="22">646.4444</dst>
      <dst id="7">3.6444</dst>
      <dst id="2">120042.5689</dst>
      <dst id="16">1538.0444</dst>
      <dst id="20">40.9867</dst>
      <dst id="11">19.8667</dst>
      <dst id="9">156.3733</dst>
      <dst id="17">101481.1022</dst>
      <dst id="21">23.2711</dst>
      <dst id="15">309.4578</dst>
    </src>
    <src id="18">
      <dst id="12">91735.7867</dst>
      <dst id="13">230.1600</dst>
      <dst id="19">3.0933</dst>
      <dst id="23">1.1289</dst>
      <dst id="8">2.2667</dst>
      <dst id="4">1063.4578</dst>
      <dst id="1">1406.3644</dst>
      <dst id="5">120.2400</dst>
      <dst id="3">33.6356</dst>
      <dst id="22">502.7111</dst>
      <dst id="7">35.1911</dst>
      <dst id="2">28344.2311</dst>
      <dst id="16">33.3422</dst>
      <dst id="14">23.8222</dst>
      <dst id="20">40.8356</dst>
      <dst id="11">127.3956</dst>
      <dst id="9">15.7778</dst>
      <dst id="17">31606.8978</dst>
      <dst id="21">114.5511</dst>
      <dst id="15">10.0978</dst>
    </src>
    <src id="4">
      <dst id="12">12982.3556</dst>
      <dst id="19">15309.8756</dst>
      <dst id="8">634.2756</dst>
      <dst id="18">512.5244</dst>
      <dst id="4">0.7556</dst>
      <dst id="1">33906.0533</dst>
      <dst id="5">2866.7556</dst>
      <dst id="3">118.6044</dst>
      <dst id="22">3314.7467</dst>
      <dst id="7">32667.9467</dst>
      <dst id="2">90996.9422</dst>
      <dst id="6">14.3733</dst>
      <dst id="16">1309.4933</dst>
      <dst id="14">1742.0356</dst>
      <dst id="20">1505.8489</dst>
      <dst id="11">4003.4933</dst>
      <dst id="9">2610.8089</dst>
      <dst id="17">21555.6356</dst>
      <dst id="21">3075.2622</dst>
      <dst id="15">851.0133</dst>
    </src>
    <src id="1">
      <dst id="12">20937.3689</dst>
      <dst id="13">315.6978</dst>
      <dst id="19">5.4756</dst>
      <dst id="23">4.3467</dst>
      <dst id="8">103639.3422</dst>
      <dst id="18">11774.3911</dst>
      <dst id="4">7896.4267</dst>
      <dst id="1">4378.0444</dst>
      <dst id="5">218404.8444</dst>
      <dst id="3">160.4178</dst>
      <dst id="22">1691.9378</dst>
      <dst id="7">1134.7733</dst>
      <dst id="2">6322.3822</dst>
      <dst id="6">10129.9822</dst>
      <dst id="16">10480.2400</dst>
      <dst id="14">145.1733</dst>
      <dst id="20">501.8756</dst>
      <dst id="11">502.8178</dst>
      <dst id="9">221417.3156</dst>
      <dst id="17">10113.6800</dst>
      <dst id="21">4501.5556</dst>
      <dst id="15">410.9511</dst>
    </src>
    <src id="5">
      <dst id="12">287836.9067</dst>
      <dst id="13">490.5867</dst>
      <dst id="19">36.5244</dst>
      <dst id="23">374.8978</dst>
      <dst id="8">604.8800</dst>
      <dst id="18">595.9378</dst>
      <dst id="4">6240.4622</dst>
      <dst id="1">598.3289</dst>
      <dst id="3">29.0667</dst>
      <dst id="22">10246.9511</dst>
      <dst id="7">96.0978</dst>
      <dst id="2">117910.0533</dst>
      <dst id="6">1.1289</dst>
      <dst id="16">922.0356</dst>
      <dst id="14">1.5289</dst>
      <dst id="20">4029.3422</dst>
      <dst id="11">502.1333</dst>
      <dst id="9">8639.6356</dst>
      <dst id="17">100792.7556</dst>
      <dst id="21">325.0578</dst>
      <dst id="15">2453.4311</dst>
    </src>
    <src id="3">
      <dst id="12">6589.1111</dst>
      <dst id="13">275.7067</dst>
      <dst id="19">855.0756</dst>
      <dst id="23">6345.7333</dst>
      <dst id="8">95.1111</dst>
      <dst id="18">47491.4489</dst>
      <dst id="4">11799.0222</dst>
      <dst id="1">4908.7911</dst>
      <dst id="5">257.9911</dst>
      <dst id="3">10905.2622</dst>
      <dst id="22">476.7644</dst>
      <dst id="7">2740.4800</dst>
      <dst id="2">5006.3644</dst>
      <dst id="6">18.5600</dst>
      <dst id="16">1095.9467</dst>
      <dst id="14">63251.8578</dst>
      <dst id="20">21.4044</dst>
      <dst id="11">125488.7822</dst>
      <dst id="9">1754.6844</dst>
      <dst id="17">6405.8578</dst>
      <dst id="21">15623.3600</dst>
      <dst id="15">72.4356</dst>
    </src>
    <src id="10">
      <dst id="12">16558.8622</dst>
      <dst id="19">6077.0667</dst>
      <dst id="8">1606.1333</dst>
      <dst id="18">1626.2044</dst>
      <dst id="1">2408.5333</dst>
      <dst id="5">1632.4178</dst>
      <dst id="3">3734.3111</dst>
      <dst id="22">10251.1911</dst>
      <dst id="7">13456.0178</dst>
      <dst id="2">14245.2622</dst>
      <dst id="6">107.5644</dst>
      <dst id="16">1966.2933</dst>
      <dst id="14">5360.7111</dst>
      <dst id="20">704.7911</dst>
      <dst id="11">6807.4222</dst>
      <dst id="9">6239.0400</dst>
      <dst id="17">16680.9422</dst>
      <dst id="21">7852.0711</dst>
      <dst id="15">266.9511</dst>
    </src>
    <src id="22">
      <dst id="12">16731.2000</dst>
      <dst id="13">1522.6133</dst>
      <dst id="19">163.2711</dst>
      <dst id="23">71.9022</dst>
      <dst id="8">1558.9778</dst>
      <dst id="18">489.3422</dst>
      <dst id="4">12935.2000</dst>
      <dst id="1">687.4667</dst>
      <dst id="5">3195.1111</dst>
      <dst id="3">1576.3467</dst>
      <dst id="7">164.4267</dst>
      <dst id="2">3210.8444</dst>
      <dst id="6">12.3022</dst>
      <dst id="16">15.0756</dst>
      <dst id="14">188.2222</dst>
      <dst id="11">1435.6978</dst>
      <dst id="9">1553.2000</dst>
      <dst id="17">2068.2400</dst>
      <dst id="21">376.4000</dst>
    </src>
    <src id="7">
      <dst id="12">4559.3867</dst>
      <dst id="13">2339.3778</dst>
      <dst id="19">375.9467</dst>
      <dst id="23">11.3422</dst>
      <dst id="8">124.7556</dst>
      <dst id="18">199.2533</dst>
      <dst id="4">14370.0533</dst>
      <dst id="1">841.9556</dst>
      <dst id="5">1355.2889</dst>
      <dst id="3">340.0622</dst>
      <dst id="22">2788.0000</dst>
      <dst id="7">720.8178</dst>
      <dst id="2">8818.2933</dst>
      <dst id="6">68.4711</dst>
      <dst id="16">1182.9956</dst>
      <dst id="14">359.0489</dst>
      <dst id="20">346.8444</dst>
      <dst id="11">584.6044</dst>
      <dst id="9">1789.7156</dst>
      <dst id="17">5115.6178</dst>
      <dst id="21">3854.5067</dst>
      <dst id="15">125.0844</dst>
    </src>
    <src id="2">
      <dst id="12">117575.2622</dst>
      <dst id="13">515883.7956</dst>
      <dst id="19">224.2311</dst>
      <dst id="23">48.1600</dst>
      <dst id="8">348.5778</dst>
      <dst id="18">37657.3422</dst>
      <dst id="4">70874.7822</dst>
      <dst id="1">4253.6978</dst>
      <dst id="5">1042.2578</dst>
      <dst id="3">104.5778</dst>
      <dst id="22">5492.6667</dst>
      <dst id="7">2683.7956</dst>
      <dst id="2">997.9822</dst>
      <dst id="6">7912.4267</dst>
      <dst id="16">3946.9867</dst>
      <dst id="14">5763.1733</dst>
      <dst id="20">925.8044</dst>
      <dst id="11">4336.9867</dst>
      <dst id="9">353.1022</dst>
      <dst id="17">22720.8622</dst>
      <dst id="21">3141.8311</dst>
      <dst id="15">114.1422</dst>
    </src>
    <src id="6">
      <dst id="12">10326.2133</dst>
      <dst id="13">4.3111</dst>
      <dst id="19">5.1200</dst>
      <dst id="18">0.6933</dst>
      <dst id="4">1355.9378</dst>
      <dst id="1">18.6311</dst>
      <dst id="5">0.7822</dst>
      <dst id="22">23.6444</dst>
      <dst id="7">7.9556</dst>
      <dst id="2">2183.2978</dst>
      <dst id="16">12.5333</dst>
      <dst id="11">0.4267</dst>
      <dst id="9">1.5022</dst>
      <dst id="17">1362.0889</dst>
      <dst id="21">3.7244</dst>
      <dst id="15">24.1600</dst>
    </src>
    <src id="16">
      <dst id="12">2539.0133</dst>
      <dst id="13">268.5422</dst>
      <dst id="19">4611.2444</dst>
      <dst id="23">4791.1467</dst>
      <dst id="8">4663.3600</dst>
      <dst id="18">4.0267</dst>
      <dst id="4">3124.9867</dst>
      <dst id="1">21135.0489</dst>
      <dst id="5">5002.6222</dst>
      <dst id="3">27.4044</dst>
      <dst id="7">3230.7022</dst>
      <dst id="2">3002.7822</dst>
      <dst id="6">59.0222</dst>
      <dst id="16">54.9333</dst>
      <dst id="14">759.2889</dst>
      <dst id="11">210.2667</dst>
      <dst id="9">5491.2000</dst>
      <dst id="17">1980.1689</dst>
      <dst id="21">1778.2133</dst>
    </src>
    <src id="14">
      <dst id="12">21792.2400</dst>
      <dst id="13">52.1778</dst>
      <dst id="19">4.0889</dst>
      <dst id="8">0.4711</dst>
      <dst id="18">13.2267</dst>
      <dst id="4">2139.0133</dst>
      <dst id="1">538.9867</dst>
      <dst id="5">0.5156</dst>
      <dst id="3">103.6178</dst>
      <dst id="22">20.4889</dst>
      <dst id="7">76.3733</dst>
      <dst id="2">7455.8578</dst>
      <dst id="16">19.4578</dst>
      <dst id="20">0.3556</dst>
      <dst id="11">83.5378</dst>
      <dst id="17">13956.1067</dst>
      <dst id="21">51.4044</dst>
    </src>
    <src id="20">
      <dst id="12">8836.7733</dst>
      <dst id="13">2223.9200</dst>
      <dst id="19">14.1511</dst>
      <dst id="23">4.3467</dst>
      <dst id="8">189.8489</dst>
      <dst id="18">2.0533</dst>
      <dst id="4">6140.5778</dst>
      <dst id="1">445.9200</dst>
      <dst id="5">5230.4089</dst>
      <dst id="3">76.7733</dst>
      <dst id="7">1649.6622</dst>
      <dst id="2">871.1822</dst>
      <dst id="6">58.2044</dst>
      <dst id="14">28.6133</dst>
      <dst id="11">3673.5822</dst>
      <dst id="9">6764.6933</dst>
      <dst id="17">9255.7422</dst>
      <dst id="21">110.4889</dst>
    </src>
    <src id="11">
      <dst id="12">388095.2889</dst>
      <dst id="13">7213.3333</dst>
      <dst id="19">95.3867</dst>
      <dst id="23">16.2844</dst>
      <dst id="8">265.4133</dst>
      <dst id="18">23.2444</dst>
      <dst id="4">9524.6756</dst>
      <dst id="1">1425.9200</dst>
      <dst id="5">876.1244</dst>
      <dst id="3">362.2489</dst>
      <dst id="22">3944.3911</dst>
      <dst id="7">253.0667</dst>
      <dst id="2">154429.2444</dst>
      <dst id="6">0.4533</dst>
      <dst id="16">176.7111</dst>
      <dst id="14">102.5333</dst>
      <dst id="20">129.6267</dst>
      <dst id="11">2226.4622</dst>
      <dst id="9">818.4889</dst>
      <dst id="17">155776.4356</dst>
      <dst id="21">508.3556</dst>
      <dst id="15">1463.6444</dst>
    </src>
    <src id="9">
      <dst id="12">419494.6311</dst>
      <dst id="13">4087.0933</dst>
      <dst id="19">70.3911</dst>
      <dst id="23">84.7911</dst>
      <dst id="8">65.8667</dst>
      <dst id="18">21.8044</dst>
      <dst id="4">6002.1333</dst>
      <dst id="1">991.4844</dst>
      <dst id="5">3409.2622</dst>
      <dst id="3">5.7067</dst>
      <dst id="22">1236.2933</dst>
      <dst id="7">295.4933</dst>
      <dst id="2">166944.0889</dst>
      <dst id="6">1.0400</dst>
      <dst id="16">498.1600</dst>
      <dst id="14">16.1867</dst>
      <dst id="20">9256.9689</dst>
      <dst id="11">426.0533</dst>
      <dst id="9">132.3378</dst>
      <dst id="17">153730.3911</dst>
      <dst id="21">793.4578</dst>
      <dst id="15">4275.8400</dst>
    </src>
    <src id="17">
      <dst id="12">9046.7644</dst>
      <dst id="13">2456.3733</dst>
      <dst id="19">278.5511</dst>
      <dst id="23">106.4711</dst>
      <dst id="8">117553.5289</dst>
      <dst id="18">306.9422</dst>
      <dst id="4">23944.8000</dst>
      <dst id="1">11174.1067</dst>
      <dst id="5">203882.1956</dst>
      <dst id="3">4815.5467</dst>
      <dst id="22">5907.3778</dst>
      <dst id="7">1301.1822</dst>
      <dst id="2">14981.8044</dst>
      <dst id="6">2659.0933</dst>
      <dst id="16">2324.8089</dst>
      <dst id="14">51581.1378</dst>
      <dst id="20">557.9911</dst>
      <dst id="11">101345.8400</dst>
      <dst id="9">185530.2489</dst>
      <dst id="17">1204.0356</dst>
      <dst id="21">15754.8356</dst>
      <dst id="15">125.0578</dst>
    </src>
    <src id="21">
      <dst id="12">25077.2444</dst>
      <dst id="13">1359.4489</dst>
      <dst id="19">167.2889</dst>
      <dst id="23">5.1200</dst>
      <dst id="8">73.6711</dst>
      <dst id="18">78.0267</dst>
      <dst id="4">9329.9200</dst>
      <dst id="1">1915.5644</dst>
      <dst id="5">611.6622</dst>
      <dst id="3">601.0933</dst>
      <dst id="22">987.4844</dst>
      <dst id="7">1247.4133</dst>
      <dst id="2">15941.2178</dst>
      <dst id="6">1.2178</dst>
      <dst id="16">169.4133</dst>
      <dst id="14">151.9911</dst>
      <dst id="20">162.6400</dst>
      <dst id="11">332.5067</dst>
      <dst id="9">254.9156</dst>
      <dst id="17">7453.1556</dst>
      <dst id="21">923.7067</dst>
      <dst id="15">72.1422</dst>
    </src>
    <src id="15">
      <dst id="12">286.0711</dst>
      <dst id="13">361.5111</dst>
      <dst id="19">36.9422</dst>
      <dst id="23">4.8089</dst>
      <dst id="8">134.8622</dst>
      <dst id="18">456.4711</dst>
      <dst id="4">1654.3733</dst>
      <dst id="1">607.6800</dst>
      <dst id="5">319.0844</dst>
      <dst id="3">5.9556</dst>
      <dst id="7">26.7200</dst>
      <dst id="2">2721.8489</dst>
      <dst id="6">1.7333</dst>
      <dst id="16">0.3556</dst>
      <dst id="11">236.4978</dst>
      <dst id="9">132.4622</dst>
      <dst id="17">155.2267</dst>
      <dst id="21">126.2667</dst>
    </src>
  </IntraTM>
</TrafficMatrixFile>
