<?xml version="1.0" encoding="UTF-8" standalone="yes"?>
<TrafficMatrixFile xmlns:xsi="http://www.w3.org/2001/XMLSchema-instance" xsi:noNamespaceSchemaLocation="http://totem.run.montefiore.ulg.ac.be/Schema/TrafficMatrix-v1_2.xsd">
  <info>
    <title>Intradomain traffic matrix generated by geant-TM-all.pl</title>
    <date>2005-01-02T09:15:00</date>
    <duration>900</duration>
    <author>Steve Uhlig</author>
    <units>
        <unit type="bandwidth" value="kbps"/>
    </units>
  </info>
  <IntraTM ASID="20965">
    <src id="12">
      <dst id="12">271571.8222</dst>
      <dst id="13">19201.6356</dst>
      <dst id="19">3528.9778</dst>
      <dst id="23">5429.8044</dst>
      <dst id="8">1557.1644</dst>
      <dst id="18">441.9378</dst>
      <dst id="4">99496.1689</dst>
      <dst id="1">8097.3067</dst>
      <dst id="5">4622.8533</dst>
      <dst id="3">3492.2667</dst>
      <dst id="22">15979.9022</dst>
      <dst id="7">806.4356</dst>
      <dst id="2">103069.8222</dst>
      <dst id="6">2.1511</dst>
      <dst id="16">3791.2178</dst>
      <dst id="14">262.7733</dst>
      <dst id="20">5913.5556</dst>
      <dst id="11">4204.7289</dst>
      <dst id="9">5591.1200</dst>
      <dst id="17">80653.1822</dst>
      <dst id="21">8668.7822</dst>
      <dst id="15">927.4667</dst>
    </src>
    <src id="13">
      <dst id="12">100702.0622</dst>
      <dst id="19">5498.3911</dst>
      <dst id="23">20.7111</dst>
      <dst id="8">1651.2533</dst>
      <dst id="18">4007.3956</dst>
      <dst id="4">1.5289</dst>
      <dst id="1">4422.5511</dst>
      <dst id="5">6060.8978</dst>
      <dst id="3">4784.2756</dst>
      <dst id="22">23971.6800</dst>
      <dst id="7">25830.7378</dst>
      <dst id="2">111611.6089</dst>
      <dst id="6">53.8133</dst>
      <dst id="16">8206.3289</dst>
      <dst id="14">2185.9378</dst>
      <dst id="20">31355.9378</dst>
      <dst id="11">14209.1022</dst>
      <dst id="9">21277.7867</dst>
      <dst id="17">42543.5378</dst>
      <dst id="21">17844.8889</dst>
      <dst id="15">8960.1867</dst>
    </src>
    <src id="19">
      <dst id="12">11647.3333</dst>
      <dst id="13">398.2400</dst>
      <dst id="23">0.3378</dst>
      <dst id="8">10.5244</dst>
      <dst id="18">18.6311</dst>
      <dst id="4">20315.3956</dst>
      <dst id="1">506.9511</dst>
      <dst id="5">2.1689</dst>
      <dst id="22">2335.5378</dst>
      <dst id="7">3053.1200</dst>
      <dst id="2">18526.6667</dst>
      <dst id="6">24.1422</dst>
      <dst id="16">5537.0044</dst>
      <dst id="14">25.8489</dst>
      <dst id="20">66.7467</dst>
      <dst id="11">36.1778</dst>
      <dst id="9">8244.8356</dst>
      <dst id="17">123.0933</dst>
      <dst id="21">2038.3822</dst>
      <dst id="15">707.0933</dst>
    </src>
    <src id="23">
      <dst id="12">124.5156</dst>
      <dst id="13">151.4222</dst>
      <dst id="19">0.4711</dst>
      <dst id="8">38.0444</dst>
      <dst id="18">0.3556</dst>
      <dst id="4">89.0667</dst>
      <dst id="1">69.8222</dst>
      <dst id="5">15.1644</dst>
      <dst id="3">0.5689</dst>
      <dst id="22">63.4044</dst>
      <dst id="7">43.8844</dst>
      <dst id="2">43.3333</dst>
      <dst id="6">0.4978</dst>
      <dst id="16">47.5022</dst>
      <dst id="11">14.4533</dst>
      <dst id="9">613.3156</dst>
      <dst id="17">75.9556</dst>
      <dst id="21">1120.2400</dst>
      <dst id="15">9.0844</dst>
    </src>
    <src id="8">
      <dst id="12">306212.9244</dst>
      <dst id="13">901.3689</dst>
      <dst id="19">228.4533</dst>
      <dst id="23">893.4044</dst>
      <dst id="18">81.2178</dst>
      <dst id="4">5273.9556</dst>
      <dst id="1">88.9689</dst>
      <dst id="5">1959.2178</dst>
      <dst id="3">12.9778</dst>
      <dst id="22">565.9200</dst>
      <dst id="7">33.2178</dst>
      <dst id="2">123693.5644</dst>
      <dst id="16">188.2578</dst>
      <dst id="14">3.9911</dst>
      <dst id="20">185.2267</dst>
      <dst id="11">1789.3689</dst>
      <dst id="9">522.5422</dst>
      <dst id="17">111818.7911</dst>
      <dst id="21">142.5244</dst>
      <dst id="15">223.8489</dst>
    </src>
    <src id="18">
      <dst id="12">104685.3067</dst>
      <dst id="13">176.1156</dst>
      <dst id="19">812.5600</dst>
      <dst id="23">1.1467</dst>
      <dst id="8">624.0000</dst>
      <dst id="4">2360.1333</dst>
      <dst id="1">951.5467</dst>
      <dst id="5">296.8800</dst>
      <dst id="3">121.2622</dst>
      <dst id="22">4503.7333</dst>
      <dst id="7">44.4444</dst>
      <dst id="2">31156.0000</dst>
      <dst id="16">25.5733</dst>
      <dst id="20">40.6844</dst>
      <dst id="11">211.9822</dst>
      <dst id="9">285.3956</dst>
      <dst id="17">37858.2044</dst>
      <dst id="21">445.3422</dst>
      <dst id="15">1.2089</dst>
    </src>
    <src id="4">
      <dst id="12">13361.0756</dst>
      <dst id="19">5398.5244</dst>
      <dst id="8">1300.8178</dst>
      <dst id="18">1470.8978</dst>
      <dst id="4">1.1378</dst>
      <dst id="1">10914.2489</dst>
      <dst id="5">1373.7422</dst>
      <dst id="3">100.1244</dst>
      <dst id="22">4287.5733</dst>
      <dst id="7">9773.9022</dst>
      <dst id="2">56653.0933</dst>
      <dst id="6">0.3556</dst>
      <dst id="16">968.3822</dst>
      <dst id="14">765.4756</dst>
      <dst id="20">962.1333</dst>
      <dst id="11">6967.6444</dst>
      <dst id="9">2479.1911</dst>
      <dst id="17">33344.7644</dst>
      <dst id="21">6516.6222</dst>
      <dst id="15">399.1111</dst>
    </src>
    <src id="1">
      <dst id="12">17037.8844</dst>
      <dst id="13">1570.0533</dst>
      <dst id="19">54.4267</dst>
      <dst id="23">152.9600</dst>
      <dst id="8">83849.4133</dst>
      <dst id="18">11585.3778</dst>
      <dst id="4">9944.3289</dst>
      <dst id="1">8569.8756</dst>
      <dst id="5">172994.0267</dst>
      <dst id="3">36.2222</dst>
      <dst id="22">2183.6444</dst>
      <dst id="7">2118.7822</dst>
      <dst id="2">7031.6356</dst>
      <dst id="6">7570.8000</dst>
      <dst id="16">8397.3778</dst>
      <dst id="14">76.6222</dst>
      <dst id="20">77.1911</dst>
      <dst id="11">1627.8844</dst>
      <dst id="9">168975.0489</dst>
      <dst id="17">3677.0044</dst>
      <dst id="21">3790.3289</dst>
      <dst id="15">80.0711</dst>
    </src>
    <src id="5">
      <dst id="12">277840.4622</dst>
      <dst id="13">532.3467</dst>
      <dst id="19">45.8756</dst>
      <dst id="23">53.3333</dst>
      <dst id="8">860.2400</dst>
      <dst id="18">837.3333</dst>
      <dst id="4">6256.5156</dst>
      <dst id="1">408.5689</dst>
      <dst id="3">1.7867</dst>
      <dst id="22">3132.3644</dst>
      <dst id="7">132.4267</dst>
      <dst id="2">118796.8889</dst>
      <dst id="6">1.2356</dst>
      <dst id="16">220.3644</dst>
      <dst id="14">27.8667</dst>
      <dst id="20">1259.9733</dst>
      <dst id="11">749.6800</dst>
      <dst id="9">1069.5467</dst>
      <dst id="17">118345.0222</dst>
      <dst id="21">216.8356</dst>
      <dst id="15">130.3467</dst>
    </src>
    <src id="3">
      <dst id="12">10098.3911</dst>
      <dst id="13">1439.5822</dst>
      <dst id="19">4637.2356</dst>
      <dst id="23">1.8489</dst>
      <dst id="8">86.2667</dst>
      <dst id="18">75351.2267</dst>
      <dst id="4">16690.6756</dst>
      <dst id="1">4829.2444</dst>
      <dst id="5">409.9556</dst>
      <dst id="3">9769.3156</dst>
      <dst id="22">2500.0267</dst>
      <dst id="7">1693.1822</dst>
      <dst id="2">3588.6756</dst>
      <dst id="16">1211.4044</dst>
      <dst id="14">34977.8400</dst>
      <dst id="20">1809.6800</dst>
      <dst id="11">147184.9156</dst>
      <dst id="9">923.7333</dst>
      <dst id="17">30145.3244</dst>
      <dst id="21">4385.3067</dst>
      <dst id="15">49.6622</dst>
    </src>
    <src id="10">
      <dst id="12">12331.7067</dst>
      <dst id="19">699.8044</dst>
      <dst id="8">435.6000</dst>
      <dst id="18">1200.1600</dst>
      <dst id="4">0.3556</dst>
      <dst id="1">166.0711</dst>
      <dst id="5">731.0489</dst>
      <dst id="3">19380.7644</dst>
      <dst id="22">12340.6489</dst>
      <dst id="7">16180.9600</dst>
      <dst id="2">23363.8489</dst>
      <dst id="16">2316.3822</dst>
      <dst id="14">4252.2578</dst>
      <dst id="20">3748.0533</dst>
      <dst id="11">5443.5467</dst>
      <dst id="9">5619.7956</dst>
      <dst id="17">18676.0356</dst>
      <dst id="21">10903.7867</dst>
      <dst id="15">594.1511</dst>
    </src>
    <src id="22">
      <dst id="12">6423.4844</dst>
      <dst id="13">3052.3378</dst>
      <dst id="19">109.3156</dst>
      <dst id="23">53.7956</dst>
      <dst id="8">768.1867</dst>
      <dst id="18">980.5689</dst>
      <dst id="4">15045.0044</dst>
      <dst id="1">487.9022</dst>
      <dst id="5">4228.8533</dst>
      <dst id="3">273.8844</dst>
      <dst id="7">2739.3689</dst>
      <dst id="2">3271.6978</dst>
      <dst id="6">10.5867</dst>
      <dst id="16">20.9778</dst>
      <dst id="14">107.6444</dst>
      <dst id="11">3373.2711</dst>
      <dst id="9">1583.4933</dst>
      <dst id="17">2719.5556</dst>
      <dst id="21">1030.3822</dst>
    </src>
    <src id="7">
      <dst id="12">3324.1244</dst>
      <dst id="13">438.8444</dst>
      <dst id="19">158.0533</dst>
      <dst id="23">74.2578</dst>
      <dst id="8">503.5733</dst>
      <dst id="18">343.7511</dst>
      <dst id="4">29212.4800</dst>
      <dst id="1">4557.5378</dst>
      <dst id="5">1049.7600</dst>
      <dst id="3">178.7467</dst>
      <dst id="22">5350.6756</dst>
      <dst id="7">746.9867</dst>
      <dst id="2">5034.8533</dst>
      <dst id="6">2.3822</dst>
      <dst id="16">627.8933</dst>
      <dst id="14">74.8978</dst>
      <dst id="20">174.5867</dst>
      <dst id="11">961.0222</dst>
      <dst id="9">442.1156</dst>
      <dst id="17">8399.0222</dst>
      <dst id="21">4180.1333</dst>
      <dst id="15">343.4400</dst>
    </src>
    <src id="2">
      <dst id="12">82991.5644</dst>
      <dst id="13">16872.4356</dst>
      <dst id="19">8316.3644</dst>
      <dst id="23">37.8667</dst>
      <dst id="8">701.9556</dst>
      <dst id="18">68663.2711</dst>
      <dst id="4">111039.7067</dst>
      <dst id="1">11252.8711</dst>
      <dst id="5">698.2044</dst>
      <dst id="3">44.4800</dst>
      <dst id="22">2026.7200</dst>
      <dst id="7">10267.3333</dst>
      <dst id="2">910.7644</dst>
      <dst id="6">5084.6133</dst>
      <dst id="16">2355.8933</dst>
      <dst id="14">6145.4489</dst>
      <dst id="20">2316.1689</dst>
      <dst id="11">3372.4622</dst>
      <dst id="9">1238.9689</dst>
      <dst id="17">58098.3822</dst>
      <dst id="21">17556.3556</dst>
      <dst id="15">135.4133</dst>
    </src>
    <src id="6">
      <dst id="12">8314.4356</dst>
      <dst id="13">3.6711</dst>
      <dst id="19">1.3956</dst>
      <dst id="18">0.4622</dst>
      <dst id="4">137.4489</dst>
      <dst id="5">25.2089</dst>
      <dst id="22">12.1778</dst>
      <dst id="7">82.0622</dst>
      <dst id="2">1659.6711</dst>
      <dst id="16">25.3511</dst>
      <dst id="20">0.5600</dst>
      <dst id="11">1.2533</dst>
      <dst id="9">1.0311</dst>
      <dst id="17">1171.8667</dst>
      <dst id="21">3.2444</dst>
      <dst id="15">0.4267</dst>
    </src>
    <src id="16">
      <dst id="12">2715.1644</dst>
      <dst id="13">538.3644</dst>
      <dst id="19">3278.9778</dst>
      <dst id="23">5.4400</dst>
      <dst id="8">2831.4489</dst>
      <dst id="18">57.8133</dst>
      <dst id="4">6445.2267</dst>
      <dst id="1">9678.2667</dst>
      <dst id="5">595.1822</dst>
      <dst id="3">0.3200</dst>
      <dst id="7">3529.7956</dst>
      <dst id="2">410.4267</dst>
      <dst id="6">12.8000</dst>
      <dst id="16">22.2667</dst>
      <dst id="14">258.6667</dst>
      <dst id="11">409.5200</dst>
      <dst id="9">5036.4711</dst>
      <dst id="17">1168.9600</dst>
      <dst id="21">432.4978</dst>
    </src>
    <src id="14">
      <dst id="12">18811.2000</dst>
      <dst id="13">719.0311</dst>
      <dst id="19">5.6178</dst>
      <dst id="8">11.5556</dst>
      <dst id="4">2132.5956</dst>
      <dst id="1">62.9867</dst>
      <dst id="5">26.3022</dst>
      <dst id="3">48.1867</dst>
      <dst id="22">19.1644</dst>
      <dst id="7">48.1689</dst>
      <dst id="2">5979.1111</dst>
      <dst id="16">5.5111</dst>
      <dst id="20">1.0667</dst>
      <dst id="11">98.2222</dst>
      <dst id="9">6.3111</dst>
      <dst id="17">7115.3422</dst>
      <dst id="21">43.1467</dst>
    </src>
    <src id="20">
      <dst id="12">8009.9111</dst>
      <dst id="13">6803.1911</dst>
      <dst id="19">2222.6667</dst>
      <dst id="8">3365.5556</dst>
      <dst id="18">351.9733</dst>
      <dst id="4">9471.7778</dst>
      <dst id="1">53.3244</dst>
      <dst id="5">3047.0044</dst>
      <dst id="3">7467.5733</dst>
      <dst id="7">352.5422</dst>
      <dst id="2">3277.4933</dst>
      <dst id="6">13.2267</dst>
      <dst id="14">0.3556</dst>
      <dst id="11">775.3244</dst>
      <dst id="9">3469.3067</dst>
      <dst id="17">1075.7689</dst>
      <dst id="21">5292.5333</dst>
    </src>
    <src id="11">
      <dst id="12">428754.9511</dst>
      <dst id="13">2307.4844</dst>
      <dst id="19">524.9689</dst>
      <dst id="23">1.5733</dst>
      <dst id="8">219.6089</dst>
      <dst id="18">365.9200</dst>
      <dst id="4">12264.1778</dst>
      <dst id="1">2054.4178</dst>
      <dst id="5">1341.8133</dst>
      <dst id="3">583.7689</dst>
      <dst id="22">2019.5200</dst>
      <dst id="7">247.5822</dst>
      <dst id="2">166022.0000</dst>
      <dst id="6">26.1333</dst>
      <dst id="16">445.5733</dst>
      <dst id="14">60.0000</dst>
      <dst id="20">1600.0267</dst>
      <dst id="11">853.6178</dst>
      <dst id="9">450.4711</dst>
      <dst id="17">150489.6533</dst>
      <dst id="21">478.3378</dst>
      <dst id="15">288.3200</dst>
    </src>
    <src id="9">
      <dst id="12">456613.3333</dst>
      <dst id="13">2762.6578</dst>
      <dst id="19">596.6933</dst>
      <dst id="23">21.6178</dst>
      <dst id="8">320.3378</dst>
      <dst id="18">252.7378</dst>
      <dst id="4">15366.7644</dst>
      <dst id="1">5087.6178</dst>
      <dst id="5">11496.9600</dst>
      <dst id="3">46.2133</dst>
      <dst id="22">4846.6667</dst>
      <dst id="7">101.7778</dst>
      <dst id="2">172686.6756</dst>
      <dst id="6">33.4222</dst>
      <dst id="16">381.4311</dst>
      <dst id="14">80.0000</dst>
      <dst id="20">2737.6178</dst>
      <dst id="11">568.7111</dst>
      <dst id="9">276.5333</dst>
      <dst id="17">173778.9422</dst>
      <dst id="21">986.1067</dst>
      <dst id="15">1368.8533</dst>
    </src>
    <src id="17">
      <dst id="12">7746.0800</dst>
      <dst id="13">832.0533</dst>
      <dst id="19">260.3378</dst>
      <dst id="23">51.2978</dst>
      <dst id="8">118891.6533</dst>
      <dst id="18">171.0489</dst>
      <dst id="4">95390.7467</dst>
      <dst id="1">3334.6222</dst>
      <dst id="5">168734.9156</dst>
      <dst id="3">12102.5156</dst>
      <dst id="22">17573.8400</dst>
      <dst id="7">1230.4267</dst>
      <dst id="2">15372.4444</dst>
      <dst id="6">3.2800</dst>
      <dst id="16">1926.2044</dst>
      <dst id="14">15401.8133</dst>
      <dst id="20">215.6800</dst>
      <dst id="11">133320.2489</dst>
      <dst id="9">156076.8000</dst>
      <dst id="17">1070.4000</dst>
      <dst id="21">10603.4756</dst>
      <dst id="15">235.5644</dst>
    </src>
    <src id="21">
      <dst id="12">20007.6978</dst>
      <dst id="13">1218.3644</dst>
      <dst id="19">227.6889</dst>
      <dst id="23">6.5600</dst>
      <dst id="8">1209.6533</dst>
      <dst id="18">441.7956</dst>
      <dst id="4">31982.1867</dst>
      <dst id="1">3196.4089</dst>
      <dst id="5">592.1511</dst>
      <dst id="3">1058.9067</dst>
      <dst id="22">2131.2089</dst>
      <dst id="7">3464.2667</dst>
      <dst id="2">10459.2978</dst>
      <dst id="6">35.7956</dst>
      <dst id="16">104.2044</dst>
      <dst id="14">147.2889</dst>
      <dst id="20">230.0711</dst>
      <dst id="11">633.4667</dst>
      <dst id="9">247.3156</dst>
      <dst id="17">4517.0311</dst>
      <dst id="21">1738.6667</dst>
      <dst id="15">71.8578</dst>
    </src>
    <src id="15">
      <dst id="12">1712.1867</dst>
      <dst id="13">1523.7867</dst>
      <dst id="19">84.5333</dst>
      <dst id="23">63.1111</dst>
      <dst id="8">4.8267</dst>
      <dst id="18">0.3556</dst>
      <dst id="4">3827.8222</dst>
      <dst id="1">515.4489</dst>
      <dst id="5">345.4133</dst>
      <dst id="3">16.6667</dst>
      <dst id="7">7.7956</dst>
      <dst id="2">212.6578</dst>
      <dst id="11">36.6311</dst>
      <dst id="9">614.2400</dst>
      <dst id="17">2117.5378</dst>
      <dst id="21">110.4800</dst>
    </src>
  </IntraTM>
</TrafficMatrixFile>
