<?xml version="1.0" encoding="UTF-8" standalone="yes"?>
<TrafficMatrixFile xmlns:xsi="http://www.w3.org/2001/XMLSchema-instance" xsi:noNamespaceSchemaLocation="http://totem.run.montefiore.ulg.ac.be/Schema/TrafficMatrix-v1_2.xsd">
  <info>
    <title>Intradomain traffic matrix generated by geant-TM-all.pl</title>
    <date>2005-01-05T04:30:00</date>
    <duration>900</duration>
    <author>Steve Uhlig</author>
    <units>
        <unit type="bandwidth" value="kbps"/>
    </units>
  </info>
  <IntraTM ASID="20965">
    <src id="12">
      <dst id="12">251710.8267</dst>
      <dst id="13">22098.3644</dst>
      <dst id="19">3309.0044</dst>
      <dst id="23">3062.8178</dst>
      <dst id="8">3637.3422</dst>
      <dst id="18">335.4756</dst>
      <dst id="4">86336.2311</dst>
      <dst id="1">15135.5111</dst>
      <dst id="5">41839.3333</dst>
      <dst id="3">1109.7956</dst>
      <dst id="22">8944.4178</dst>
      <dst id="7">1677.7156</dst>
      <dst id="2">109354.6311</dst>
      <dst id="6">1.4311</dst>
      <dst id="16">7275.4044</dst>
      <dst id="14">412.9778</dst>
      <dst id="20">3269.0400</dst>
      <dst id="11">3554.5778</dst>
      <dst id="9">10941.6356</dst>
      <dst id="17">93153.9378</dst>
      <dst id="21">8732.4356</dst>
      <dst id="15">4185.3333</dst>
    </src>
    <src id="13">
      <dst id="12">58944.4089</dst>
      <dst id="19">5800.3200</dst>
      <dst id="23">123.5200</dst>
      <dst id="8">9335.9911</dst>
      <dst id="18">1884.1067</dst>
      <dst id="1">1685.3956</dst>
      <dst id="5">12414.6044</dst>
      <dst id="3">8660.9600</dst>
      <dst id="22">25804.5156</dst>
      <dst id="7">15647.2622</dst>
      <dst id="2">95414.5511</dst>
      <dst id="6">164.6844</dst>
      <dst id="16">10036.1156</dst>
      <dst id="14">4063.4667</dst>
      <dst id="20">7070.6222</dst>
      <dst id="11">12995.0400</dst>
      <dst id="9">51422.4356</dst>
      <dst id="17">347131.6267</dst>
      <dst id="21">6781.1911</dst>
      <dst id="15">1725.9200</dst>
    </src>
    <src id="19">
      <dst id="12">14725.4756</dst>
      <dst id="13">180.3467</dst>
      <dst id="23">0.3378</dst>
      <dst id="8">17.0044</dst>
      <dst id="18">990.1867</dst>
      <dst id="4">15665.8489</dst>
      <dst id="1">591.1556</dst>
      <dst id="5">117.8489</dst>
      <dst id="3">0.3556</dst>
      <dst id="22">814.4978</dst>
      <dst id="7">3865.6444</dst>
      <dst id="2">2111.0933</dst>
      <dst id="6">28.3289</dst>
      <dst id="16">5949.7422</dst>
      <dst id="14">4.1156</dst>
      <dst id="20">790.0800</dst>
      <dst id="11">101.5378</dst>
      <dst id="9">15.0578</dst>
      <dst id="17">1382.8444</dst>
      <dst id="21">265.1378</dst>
      <dst id="15">4.0356</dst>
    </src>
    <src id="23">
      <dst id="12">494.0889</dst>
      <dst id="13">89.3333</dst>
      <dst id="19">0.4622</dst>
      <dst id="18">35.5911</dst>
      <dst id="4">69.0489</dst>
      <dst id="1">40.6133</dst>
      <dst id="5">123.8400</dst>
      <dst id="3">347.2800</dst>
      <dst id="22">881.0222</dst>
      <dst id="7">188.1956</dst>
      <dst id="2">121.8578</dst>
      <dst id="6">10.3200</dst>
      <dst id="16">147.3244</dst>
      <dst id="14">2201.5289</dst>
      <dst id="20">13.3333</dst>
      <dst id="11">34.3911</dst>
      <dst id="9">970.9156</dst>
      <dst id="17">777.9378</dst>
      <dst id="21">29.9467</dst>
      <dst id="15">76.2311</dst>
    </src>
    <src id="8">
      <dst id="12">345558.1156</dst>
      <dst id="13">1479.6800</dst>
      <dst id="19">18.8444</dst>
      <dst id="23">3.5022</dst>
      <dst id="18">29.5911</dst>
      <dst id="4">5120.6756</dst>
      <dst id="1">3607.2800</dst>
      <dst id="5">1795.6622</dst>
      <dst id="3">77.2000</dst>
      <dst id="22">1962.6489</dst>
      <dst id="7">30.5244</dst>
      <dst id="2">189088.2756</dst>
      <dst id="16">1113.8933</dst>
      <dst id="14">1.7600</dst>
      <dst id="20">226.6933</dst>
      <dst id="11">97.5911</dst>
      <dst id="9">255.3778</dst>
      <dst id="17">142926.8089</dst>
      <dst id="21">420.4000</dst>
      <dst id="15">43.4311</dst>
    </src>
    <src id="18">
      <dst id="12">99862.5244</dst>
      <dst id="13">510.8711</dst>
      <dst id="19">74.7911</dst>
      <dst id="23">0.9244</dst>
      <dst id="8">116.9156</dst>
      <dst id="4">1158.5156</dst>
      <dst id="1">629.5556</dst>
      <dst id="5">354.2933</dst>
      <dst id="3">32.6133</dst>
      <dst id="22">1612.9156</dst>
      <dst id="7">974.8444</dst>
      <dst id="2">31755.2267</dst>
      <dst id="16">70.8000</dst>
      <dst id="14">16.9778</dst>
      <dst id="20">24.6667</dst>
      <dst id="11">97.9378</dst>
      <dst id="9">103.2711</dst>
      <dst id="17">38256.2578</dst>
      <dst id="21">421.3689</dst>
      <dst id="15">1.7511</dst>
    </src>
    <src id="4">
      <dst id="12">16979.7333</dst>
      <dst id="19">15427.4667</dst>
      <dst id="8">908.8889</dst>
      <dst id="18">887.9644</dst>
      <dst id="4">1.1111</dst>
      <dst id="1">12007.1022</dst>
      <dst id="5">2288.8622</dst>
      <dst id="3">180.4889</dst>
      <dst id="22">4002.7822</dst>
      <dst id="7">34537.8222</dst>
      <dst id="2">71272.1333</dst>
      <dst id="6">110.1422</dst>
      <dst id="16">2325.7689</dst>
      <dst id="14">1098.2400</dst>
      <dst id="20">4319.0933</dst>
      <dst id="11">3048.7200</dst>
      <dst id="9">2353.8222</dst>
      <dst id="17">13070.5511</dst>
      <dst id="21">5251.9022</dst>
      <dst id="15">803.7511</dst>
    </src>
    <src id="1">
      <dst id="12">18293.2711</dst>
      <dst id="13">2672.7200</dst>
      <dst id="19">57.8133</dst>
      <dst id="23">17.8489</dst>
      <dst id="8">128294.2933</dst>
      <dst id="18">14445.5911</dst>
      <dst id="4">14048.0800</dst>
      <dst id="1">15504.8356</dst>
      <dst id="5">248737.3778</dst>
      <dst id="3">1183.8667</dst>
      <dst id="22">2848.5867</dst>
      <dst id="7">1551.3689</dst>
      <dst id="2">14421.5200</dst>
      <dst id="6">9121.5733</dst>
      <dst id="16">9744.8622</dst>
      <dst id="14">71.0400</dst>
      <dst id="20">870.3022</dst>
      <dst id="11">405.5289</dst>
      <dst id="9">212859.4044</dst>
      <dst id="17">5213.1200</dst>
      <dst id="21">17068.8889</dst>
      <dst id="15">99.9378</dst>
    </src>
    <src id="5">
      <dst id="12">354304.8267</dst>
      <dst id="13">3016.6311</dst>
      <dst id="19">78.8356</dst>
      <dst id="23">4.9778</dst>
      <dst id="8">3258.2667</dst>
      <dst id="18">837.5289</dst>
      <dst id="4">5916.8356</dst>
      <dst id="1">556.2489</dst>
      <dst id="3">3.3333</dst>
      <dst id="22">3792.8178</dst>
      <dst id="7">1429.4933</dst>
      <dst id="2">152390.6667</dst>
      <dst id="6">19.3867</dst>
      <dst id="16">740.9689</dst>
      <dst id="14">1.8756</dst>
      <dst id="20">707.1378</dst>
      <dst id="11">684.7911</dst>
      <dst id="9">1954.0178</dst>
      <dst id="17">117069.4489</dst>
      <dst id="21">283.2356</dst>
      <dst id="15">310.1689</dst>
    </src>
    <src id="3">
      <dst id="12">10018.1956</dst>
      <dst id="13">4493.6978</dst>
      <dst id="19">1174.0000</dst>
      <dst id="23">9322.9511</dst>
      <dst id="8">5.8489</dst>
      <dst id="18">54068.3822</dst>
      <dst id="4">57198.1422</dst>
      <dst id="1">5105.1911</dst>
      <dst id="5">399.1733</dst>
      <dst id="3">9558.5422</dst>
      <dst id="22">2904.0267</dst>
      <dst id="7">541.6178</dst>
      <dst id="2">14973.7156</dst>
      <dst id="6">10.5867</dst>
      <dst id="16">1581.7511</dst>
      <dst id="14">38755.6444</dst>
      <dst id="20">3571.4578</dst>
      <dst id="11">135031.5911</dst>
      <dst id="9">314.9689</dst>
      <dst id="17">7262.2667</dst>
      <dst id="21">15999.4933</dst>
      <dst id="15">43.1556</dst>
    </src>
    <src id="10">
      <dst id="12">13629.5911</dst>
      <dst id="19">5346.5689</dst>
      <dst id="8">748.2222</dst>
      <dst id="18">334.9333</dst>
      <dst id="1">2291.5556</dst>
      <dst id="5">2676.0089</dst>
      <dst id="3">1965.3156</dst>
      <dst id="22">3957.9289</dst>
      <dst id="7">11668.1067</dst>
      <dst id="2">28817.6978</dst>
      <dst id="6">4.0533</dst>
      <dst id="16">2369.4222</dst>
      <dst id="14">3504.4356</dst>
      <dst id="20">1651.6178</dst>
      <dst id="11">8578.4978</dst>
      <dst id="9">7254.3733</dst>
      <dst id="17">20076.4978</dst>
      <dst id="21">8385.2711</dst>
      <dst id="15">245.8133</dst>
    </src>
    <src id="22">
      <dst id="12">14328.8711</dst>
      <dst id="13">2647.5378</dst>
      <dst id="19">258.5067</dst>
      <dst id="23">176.2844</dst>
      <dst id="8">1830.2844</dst>
      <dst id="18">290.0178</dst>
      <dst id="4">17941.0311</dst>
      <dst id="1">200.7822</dst>
      <dst id="5">3198.7378</dst>
      <dst id="3">390.3556</dst>
      <dst id="7">997.7689</dst>
      <dst id="2">4783.6622</dst>
      <dst id="6">13.5467</dst>
      <dst id="16">4.1244</dst>
      <dst id="14">55.4756</dst>
      <dst id="11">1928.7378</dst>
      <dst id="9">7729.0578</dst>
      <dst id="17">2549.3511</dst>
      <dst id="21">435.6000</dst>
    </src>
    <src id="7">
      <dst id="12">3529.2267</dst>
      <dst id="13">2471.5733</dst>
      <dst id="19">952.2756</dst>
      <dst id="23">196.4978</dst>
      <dst id="8">234.3467</dst>
      <dst id="18">297.7244</dst>
      <dst id="4">11904.8622</dst>
      <dst id="1">1892.2667</dst>
      <dst id="5">2087.2356</dst>
      <dst id="3">138.8889</dst>
      <dst id="22">3600.3378</dst>
      <dst id="7">682.3111</dst>
      <dst id="2">7489.1111</dst>
      <dst id="6">5.8400</dst>
      <dst id="16">1090.8089</dst>
      <dst id="14">144.6311</dst>
      <dst id="20">682.4978</dst>
      <dst id="11">802.1156</dst>
      <dst id="9">393.2800</dst>
      <dst id="17">7320.2489</dst>
      <dst id="21">1351.9733</dst>
      <dst id="15">426.1067</dst>
    </src>
    <src id="2">
      <dst id="12">100811.4578</dst>
      <dst id="13">517498.7378</dst>
      <dst id="19">561.3422</dst>
      <dst id="23">14.4000</dst>
      <dst id="8">430.5689</dst>
      <dst id="18">41068.5067</dst>
      <dst id="4">97759.2978</dst>
      <dst id="1">2155.3689</dst>
      <dst id="5">2271.8133</dst>
      <dst id="3">50.8711</dst>
      <dst id="22">5235.8667</dst>
      <dst id="7">1981.5644</dst>
      <dst id="2">911.3333</dst>
      <dst id="6">8752.5600</dst>
      <dst id="16">2584.2222</dst>
      <dst id="14">2815.8844</dst>
      <dst id="20">1585.3244</dst>
      <dst id="11">2003.8844</dst>
      <dst id="9">660.3467</dst>
      <dst id="17">21270.1956</dst>
      <dst id="21">4917.3867</dst>
      <dst id="15">137.8400</dst>
    </src>
    <src id="6">
      <dst id="12">11404.8178</dst>
      <dst id="13">16.3644</dst>
      <dst id="19">1.4044</dst>
      <dst id="23">0.3556</dst>
      <dst id="18">0.3378</dst>
      <dst id="4">1248.9422</dst>
      <dst id="1">9.9733</dst>
      <dst id="5">0.7111</dst>
      <dst id="3">11.4667</dst>
      <dst id="22">3.2533</dst>
      <dst id="7">34.8622</dst>
      <dst id="2">2949.1200</dst>
      <dst id="16">25.9556</dst>
      <dst id="20">0.7556</dst>
      <dst id="9">0.4089</dst>
      <dst id="17">1678.8000</dst>
      <dst id="21">1.2178</dst>
    </src>
    <src id="16">
      <dst id="12">2303.8667</dst>
      <dst id="13">396.0356</dst>
      <dst id="19">4274.1600</dst>
      <dst id="23">291.2622</dst>
      <dst id="8">7825.7067</dst>
      <dst id="18">20.8267</dst>
      <dst id="4">4563.0578</dst>
      <dst id="1">11894.9867</dst>
      <dst id="5">4752.2933</dst>
      <dst id="3">0.7733</dst>
      <dst id="7">2724.1422</dst>
      <dst id="2">836.8444</dst>
      <dst id="6">11.9111</dst>
      <dst id="16">75.7600</dst>
      <dst id="14">541.9556</dst>
      <dst id="11">143.5733</dst>
      <dst id="9">7350.4711</dst>
      <dst id="17">5148.7467</dst>
      <dst id="21">1607.6444</dst>
    </src>
    <src id="14">
      <dst id="12">23055.9556</dst>
      <dst id="13">54.5244</dst>
      <dst id="19">5.3867</dst>
      <dst id="23">28.7467</dst>
      <dst id="8">0.3556</dst>
      <dst id="18">3.3333</dst>
      <dst id="4">1965.0756</dst>
      <dst id="1">75.4578</dst>
      <dst id="5">11.1556</dst>
      <dst id="3">52.0800</dst>
      <dst id="22">77.7333</dst>
      <dst id="7">102.1600</dst>
      <dst id="2">8962.8000</dst>
      <dst id="16">21.4489</dst>
      <dst id="20">0.6756</dst>
      <dst id="11">52.7289</dst>
      <dst id="9">116.4622</dst>
      <dst id="17">7417.7244</dst>
      <dst id="21">180.1156</dst>
    </src>
    <src id="20">
      <dst id="12">6239.7511</dst>
      <dst id="13">3104.9689</dst>
      <dst id="19">42.8356</dst>
      <dst id="23">0.6844</dst>
      <dst id="8">126.2044</dst>
      <dst id="18">237.4844</dst>
      <dst id="4">7730.3733</dst>
      <dst id="1">277.5556</dst>
      <dst id="5">7189.0222</dst>
      <dst id="3">238.7289</dst>
      <dst id="7">847.1289</dst>
      <dst id="2">8418.0978</dst>
      <dst id="6">27.4933</dst>
      <dst id="14">5.3333</dst>
      <dst id="11">1009.0756</dst>
      <dst id="9">2116.7289</dst>
      <dst id="17">7629.2800</dst>
      <dst id="21">108.8622</dst>
    </src>
    <src id="11">
      <dst id="12">413286.0178</dst>
      <dst id="13">3627.8756</dst>
      <dst id="19">27.6533</dst>
      <dst id="23">6.9333</dst>
      <dst id="8">310.7289</dst>
      <dst id="18">128.4533</dst>
      <dst id="4">11588.4178</dst>
      <dst id="1">682.6844</dst>
      <dst id="5">1403.2444</dst>
      <dst id="3">419.0844</dst>
      <dst id="22">1884.8444</dst>
      <dst id="7">305.3867</dst>
      <dst id="2">171759.2000</dst>
      <dst id="16">599.8667</dst>
      <dst id="14">53.8044</dst>
      <dst id="20">155.3778</dst>
      <dst id="11">1392.3644</dst>
      <dst id="9">591.4756</dst>
      <dst id="17">156089.7244</dst>
      <dst id="21">316.5244</dst>
      <dst id="15">304.1778</dst>
    </src>
    <src id="9">
      <dst id="12">449721.3067</dst>
      <dst id="13">4566.8356</dst>
      <dst id="19">14.1867</dst>
      <dst id="23">100.5511</dst>
      <dst id="8">81.5111</dst>
      <dst id="18">141.8844</dst>
      <dst id="4">10879.3067</dst>
      <dst id="1">2566.1600</dst>
      <dst id="5">996.0267</dst>
      <dst id="3">1.0311</dst>
      <dst id="22">7458.8978</dst>
      <dst id="7">68.7111</dst>
      <dst id="2">162670.0889</dst>
      <dst id="6">0.5156</dst>
      <dst id="16">1717.5644</dst>
      <dst id="14">4.7644</dst>
      <dst id="20">1175.0222</dst>
      <dst id="11">283.9111</dst>
      <dst id="9">495.1467</dst>
      <dst id="17">188882.2489</dst>
      <dst id="21">101.8133</dst>
      <dst id="15">3551.4044</dst>
    </src>
    <src id="17">
      <dst id="12">5152.1422</dst>
      <dst id="13">37645.0578</dst>
      <dst id="19">218.4267</dst>
      <dst id="23">102.3556</dst>
      <dst id="8">136182.3467</dst>
      <dst id="18">158.4533</dst>
      <dst id="4">33119.9467</dst>
      <dst id="1">6649.8311</dst>
      <dst id="5">219148.9422</dst>
      <dst id="3">4226.9867</dst>
      <dst id="22">6006.5067</dst>
      <dst id="7">2497.8844</dst>
      <dst id="2">16589.3156</dst>
      <dst id="6">857.2267</dst>
      <dst id="16">11958.3111</dst>
      <dst id="14">33103.7422</dst>
      <dst id="20">1605.6444</dst>
      <dst id="11">102950.1244</dst>
      <dst id="9">190419.1644</dst>
      <dst id="17">2157.1200</dst>
      <dst id="21">5236.4178</dst>
      <dst id="15">149.1467</dst>
    </src>
    <src id="21">
      <dst id="12">14753.0756</dst>
      <dst id="13">5993.0756</dst>
      <dst id="19">271.0578</dst>
      <dst id="23">14.8267</dst>
      <dst id="8">75.1289</dst>
      <dst id="18">230.7822</dst>
      <dst id="4">12109.3067</dst>
      <dst id="1">2182.3022</dst>
      <dst id="5">849.7689</dst>
      <dst id="3">3849.4222</dst>
      <dst id="22">1092.2667</dst>
      <dst id="7">1433.9022</dst>
      <dst id="2">13667.8844</dst>
      <dst id="6">1.5822</dst>
      <dst id="16">251.2978</dst>
      <dst id="14">121.5733</dst>
      <dst id="20">1602.6844</dst>
      <dst id="11">1900.4622</dst>
      <dst id="9">1160.7378</dst>
      <dst id="17">4959.6444</dst>
      <dst id="21">568.8622</dst>
      <dst id="15">1279.0133</dst>
    </src>
    <src id="15">
      <dst id="12">12658.7822</dst>
      <dst id="13">354.8889</dst>
      <dst id="19">28.8178</dst>
      <dst id="23">0.7111</dst>
      <dst id="8">60.9156</dst>
      <dst id="4">4715.8844</dst>
      <dst id="1">521.3067</dst>
      <dst id="5">355.6889</dst>
      <dst id="3">22.8356</dst>
      <dst id="7">4496.1511</dst>
      <dst id="2">256.2756</dst>
      <dst id="14">1.1378</dst>
      <dst id="11">194.0622</dst>
      <dst id="9">1524.0089</dst>
      <dst id="17">241.9822</dst>
      <dst id="21">102.6844</dst>
    </src>
  </IntraTM>
</TrafficMatrixFile>
