<?xml version="1.0" encoding="UTF-8" standalone="yes"?>
<TrafficMatrixFile xmlns:xsi="http://www.w3.org/2001/XMLSchema-instance" xsi:noNamespaceSchemaLocation="http://totem.run.montefiore.ulg.ac.be/Schema/TrafficMatrix-v1_2.xsd">
  <info>
    <title>Intradomain traffic matrix generated by geant-TM-all.pl</title>
    <date>2005-01-05T05:30:00</date>
    <duration>900</duration>
    <author>Steve Uhlig</author>
    <units>
        <unit type="bandwidth" value="kbps"/>
    </units>
  </info>
  <IntraTM ASID="20965">
    <src id="12">
      <dst id="12">254872.8000</dst>
      <dst id="13">23886.3911</dst>
      <dst id="19">5360.6756</dst>
      <dst id="23">38.8533</dst>
      <dst id="8">5003.2089</dst>
      <dst id="18">392.3733</dst>
      <dst id="4">96900.9156</dst>
      <dst id="1">8460.9244</dst>
      <dst id="5">8142.2933</dst>
      <dst id="3">1183.8400</dst>
      <dst id="22">10607.8756</dst>
      <dst id="7">4627.0667</dst>
      <dst id="2">83079.7600</dst>
      <dst id="6">5.9733</dst>
      <dst id="16">6339.6178</dst>
      <dst id="14">280.7022</dst>
      <dst id="20">4391.8933</dst>
      <dst id="11">3397.4400</dst>
      <dst id="9">10022.2222</dst>
      <dst id="17">81758.2756</dst>
      <dst id="21">6955.5911</dst>
      <dst id="15">7031.1378</dst>
    </src>
    <src id="13">
      <dst id="12">50499.7333</dst>
      <dst id="19">8997.7778</dst>
      <dst id="23">113.7333</dst>
      <dst id="8">11520.8000</dst>
      <dst id="18">2983.6178</dst>
      <dst id="4">1.4222</dst>
      <dst id="1">9591.2800</dst>
      <dst id="5">9942.5867</dst>
      <dst id="3">6845.9378</dst>
      <dst id="22">21412.3467</dst>
      <dst id="7">12025.5378</dst>
      <dst id="2">123894.2400</dst>
      <dst id="6">265.1111</dst>
      <dst id="16">9495.3956</dst>
      <dst id="14">3691.2267</dst>
      <dst id="20">6901.7689</dst>
      <dst id="11">14007.4044</dst>
      <dst id="9">12154.3911</dst>
      <dst id="17">55064.3556</dst>
      <dst id="21">8022.7289</dst>
      <dst id="15">4002.1600</dst>
    </src>
    <src id="19">
      <dst id="12">13796.4089</dst>
      <dst id="13">528.4889</dst>
      <dst id="23">28.1422</dst>
      <dst id="8">4.3289</dst>
      <dst id="18">2392.6667</dst>
      <dst id="4">18853.2622</dst>
      <dst id="1">405.8400</dst>
      <dst id="5">5.1111</dst>
      <dst id="3">0.5156</dst>
      <dst id="22">743.7778</dst>
      <dst id="7">4206.2222</dst>
      <dst id="2">436.1156</dst>
      <dst id="6">84.5067</dst>
      <dst id="16">6869.9822</dst>
      <dst id="14">27.1289</dst>
      <dst id="20">136.5067</dst>
      <dst id="11">71.5644</dst>
      <dst id="9">4.5067</dst>
      <dst id="17">873.4044</dst>
      <dst id="21">129.2978</dst>
      <dst id="15">28.9689</dst>
    </src>
    <src id="23">
      <dst id="12">114.9956</dst>
      <dst id="13">261.7156</dst>
      <dst id="19">6.7200</dst>
      <dst id="8">12.6222</dst>
      <dst id="18">127.6356</dst>
      <dst id="4">37.1022</dst>
      <dst id="1">43.1289</dst>
      <dst id="5">203.4133</dst>
      <dst id="3">240.5156</dst>
      <dst id="22">320.8089</dst>
      <dst id="7">20.1511</dst>
      <dst id="2">3.2622</dst>
      <dst id="16">27.0222</dst>
      <dst id="14">13.6889</dst>
      <dst id="20">0.4622</dst>
      <dst id="11">194.7200</dst>
      <dst id="9">2936.6044</dst>
      <dst id="17">214.1333</dst>
      <dst id="21">53.5822</dst>
    </src>
    <src id="8">
      <dst id="12">366208.8444</dst>
      <dst id="13">12372.6844</dst>
      <dst id="19">45.9111</dst>
      <dst id="18">28.8711</dst>
      <dst id="4">5237.4667</dst>
      <dst id="1">872.0356</dst>
      <dst id="5">7224.9867</dst>
      <dst id="3">49.8844</dst>
      <dst id="22">1238.8800</dst>
      <dst id="7">7.4489</dst>
      <dst id="2">137154.1067</dst>
      <dst id="16">1034.7467</dst>
      <dst id="14">12.6222</dst>
      <dst id="20">189.3244</dst>
      <dst id="11">166.7378</dst>
      <dst id="9">204.7111</dst>
      <dst id="17">147308.8089</dst>
      <dst id="21">355.3244</dst>
      <dst id="15">133.9378</dst>
    </src>
    <src id="18">
      <dst id="12">103154.7022</dst>
      <dst id="13">1040.3111</dst>
      <dst id="19">53.2533</dst>
      <dst id="23">2.6133</dst>
      <dst id="8">82.0978</dst>
      <dst id="4">1119.5733</dst>
      <dst id="1">626.4978</dst>
      <dst id="5">204.9333</dst>
      <dst id="3">44.4711</dst>
      <dst id="22">135.5644</dst>
      <dst id="7">24.2933</dst>
      <dst id="2">39764.6400</dst>
      <dst id="16">56.5600</dst>
      <dst id="14">0.9244</dst>
      <dst id="20">11.2800</dst>
      <dst id="11">171.3244</dst>
      <dst id="9">59.6533</dst>
      <dst id="17">41253.1822</dst>
      <dst id="21">60.9244</dst>
      <dst id="15">1.9200</dst>
    </src>
    <src id="4">
      <dst id="12">14563.7600</dst>
      <dst id="19">15837.1733</dst>
      <dst id="23">0.4622</dst>
      <dst id="8">1153.4933</dst>
      <dst id="18">321.5556</dst>
      <dst id="4">2.8978</dst>
      <dst id="1">134444.9956</dst>
      <dst id="5">2177.8044</dst>
      <dst id="3">443.4756</dst>
      <dst id="22">4598.3911</dst>
      <dst id="7">32760.4622</dst>
      <dst id="2">81815.4311</dst>
      <dst id="6">44.2578</dst>
      <dst id="16">2649.0222</dst>
      <dst id="14">1190.5422</dst>
      <dst id="20">4548.6044</dst>
      <dst id="11">3041.1289</dst>
      <dst id="9">5221.0933</dst>
      <dst id="17">13816.3733</dst>
      <dst id="21">5449.3422</dst>
      <dst id="15">362.8622</dst>
    </src>
    <src id="1">
      <dst id="12">20527.2444</dst>
      <dst id="13">2079.3156</dst>
      <dst id="19">169.0667</dst>
      <dst id="23">54.9689</dst>
      <dst id="8">122797.5022</dst>
      <dst id="18">12477.1556</dst>
      <dst id="4">9269.1022</dst>
      <dst id="1">11143.6267</dst>
      <dst id="5">262255.7867</dst>
      <dst id="3">78.2311</dst>
      <dst id="22">4396.3556</dst>
      <dst id="7">14871.6089</dst>
      <dst id="2">15497.8133</dst>
      <dst id="6">9100.1778</dst>
      <dst id="16">10973.7333</dst>
      <dst id="14">57.2622</dst>
      <dst id="20">2099.8222</dst>
      <dst id="11">400.8267</dst>
      <dst id="9">210246.7644</dst>
      <dst id="17">11430.2667</dst>
      <dst id="21">2492.3289</dst>
      <dst id="15">89.2978</dst>
    </src>
    <src id="5">
      <dst id="12">345378.0533</dst>
      <dst id="13">8491.9200</dst>
      <dst id="19">22.9778</dst>
      <dst id="23">19.8044</dst>
      <dst id="8">803.8400</dst>
      <dst id="18">688.0356</dst>
      <dst id="4">4918.4978</dst>
      <dst id="1">497.5200</dst>
      <dst id="3">4.2222</dst>
      <dst id="22">3953.6356</dst>
      <dst id="7">1494.0978</dst>
      <dst id="2">155545.6622</dst>
      <dst id="6">23.5289</dst>
      <dst id="16">1258.6667</dst>
      <dst id="14">16.1778</dst>
      <dst id="20">3169.0578</dst>
      <dst id="11">3478.9689</dst>
      <dst id="9">1922.9689</dst>
      <dst id="17">126981.3244</dst>
      <dst id="21">291.3956</dst>
      <dst id="15">371.2800</dst>
    </src>
    <src id="3">
      <dst id="12">10786.1956</dst>
      <dst id="13">4165.3511</dst>
      <dst id="19">1265.5644</dst>
      <dst id="23">11705.3156</dst>
      <dst id="8">9.1911</dst>
      <dst id="18">50856.3200</dst>
      <dst id="4">62468.1689</dst>
      <dst id="1">6106.9956</dst>
      <dst id="5">359.4044</dst>
      <dst id="3">8679.6356</dst>
      <dst id="22">2351.5289</dst>
      <dst id="7">4708.2756</dst>
      <dst id="2">12435.0044</dst>
      <dst id="6">1.6889</dst>
      <dst id="16">1283.4222</dst>
      <dst id="14">37754.8000</dst>
      <dst id="20">2420.2133</dst>
      <dst id="11">158371.9467</dst>
      <dst id="9">714.5333</dst>
      <dst id="17">12135.2089</dst>
      <dst id="21">10883.4133</dst>
      <dst id="15">1639.9200</dst>
    </src>
    <src id="10">
      <dst id="12">17899.1022</dst>
      <dst id="19">1328.6933</dst>
      <dst id="8">550.4000</dst>
      <dst id="18">224.0711</dst>
      <dst id="1">2561.2000</dst>
      <dst id="5">1823.2356</dst>
      <dst id="3">3163.9733</dst>
      <dst id="22">4352.1689</dst>
      <dst id="7">8782.1956</dst>
      <dst id="2">17991.7511</dst>
      <dst id="6">67.2533</dst>
      <dst id="16">2366.0267</dst>
      <dst id="14">4204.8978</dst>
      <dst id="20">2380.8978</dst>
      <dst id="11">5046.6311</dst>
      <dst id="9">5542.0978</dst>
      <dst id="17">13312.1422</dst>
      <dst id="21">4845.9467</dst>
      <dst id="15">61.4311</dst>
    </src>
    <src id="22">
      <dst id="12">11066.5867</dst>
      <dst id="13">6809.4311</dst>
      <dst id="19">160.8533</dst>
      <dst id="23">379.4667</dst>
      <dst id="8">360.0622</dst>
      <dst id="18">195.8489</dst>
      <dst id="4">16177.8400</dst>
      <dst id="1">221.2267</dst>
      <dst id="5">2333.5111</dst>
      <dst id="3">720.3200</dst>
      <dst id="7">1986.7644</dst>
      <dst id="2">1727.8133</dst>
      <dst id="6">26.3822</dst>
      <dst id="16">0.9778</dst>
      <dst id="14">106.1600</dst>
      <dst id="11">3220.9244</dst>
      <dst id="9">2555.6089</dst>
      <dst id="17">5530.7022</dst>
      <dst id="21">464.7111</dst>
    </src>
    <src id="7">
      <dst id="12">5393.1911</dst>
      <dst id="13">569.5733</dst>
      <dst id="19">1644.4178</dst>
      <dst id="23">22.7111</dst>
      <dst id="8">242.0622</dst>
      <dst id="18">438.6933</dst>
      <dst id="4">18537.6533</dst>
      <dst id="1">3555.9111</dst>
      <dst id="5">1528.3467</dst>
      <dst id="3">97.2178</dst>
      <dst id="22">4067.9733</dst>
      <dst id="7">683.0578</dst>
      <dst id="2">11444.8711</dst>
      <dst id="6">18.6489</dst>
      <dst id="16">1081.3511</dst>
      <dst id="14">261.0044</dst>
      <dst id="20">294.7111</dst>
      <dst id="11">822.9600</dst>
      <dst id="9">672.9067</dst>
      <dst id="17">5829.8933</dst>
      <dst id="21">1061.9644</dst>
      <dst id="15">214.3644</dst>
    </src>
    <src id="2">
      <dst id="12">90939.4578</dst>
      <dst id="13">518003.8133</dst>
      <dst id="19">931.0400</dst>
      <dst id="23">0.8711</dst>
      <dst id="8">2087.1467</dst>
      <dst id="18">40509.4222</dst>
      <dst id="4">86152.4533</dst>
      <dst id="1">6293.4489</dst>
      <dst id="5">2032.8444</dst>
      <dst id="3">210.4089</dst>
      <dst id="22">2626.6489</dst>
      <dst id="7">10306.4800</dst>
      <dst id="2">1166.4000</dst>
      <dst id="6">9707.3689</dst>
      <dst id="16">2865.0311</dst>
      <dst id="14">190.8978</dst>
      <dst id="20">7470.7911</dst>
      <dst id="11">1343.8044</dst>
      <dst id="9">633.3778</dst>
      <dst id="17">22927.0222</dst>
      <dst id="21">1509.9644</dst>
      <dst id="15">250.6222</dst>
    </src>
    <src id="6">
      <dst id="12">12160.7822</dst>
      <dst id="13">8.3911</dst>
      <dst id="19">3.5022</dst>
      <dst id="23">0.4622</dst>
      <dst id="8">0.3556</dst>
      <dst id="18">0.6667</dst>
      <dst id="4">1301.1556</dst>
      <dst id="1">0.8533</dst>
      <dst id="5">0.8089</dst>
      <dst id="22">66.7644</dst>
      <dst id="7">13.8044</dst>
      <dst id="2">2161.6356</dst>
      <dst id="16">24.3467</dst>
      <dst id="20">13.8400</dst>
      <dst id="11">39.1822</dst>
      <dst id="9">2.8800</dst>
      <dst id="17">1533.9289</dst>
      <dst id="21">1.0400</dst>
    </src>
    <src id="16">
      <dst id="12">2624.6400</dst>
      <dst id="13">612.2578</dst>
      <dst id="19">5265.5467</dst>
      <dst id="23">0.8533</dst>
      <dst id="8">5152.9867</dst>
      <dst id="18">90.3644</dst>
      <dst id="4">5180.5600</dst>
      <dst id="1">14937.6978</dst>
      <dst id="5">5385.0578</dst>
      <dst id="3">8.8356</dst>
      <dst id="22">0.3556</dst>
      <dst id="7">2091.3867</dst>
      <dst id="2">1234.1333</dst>
      <dst id="6">0.5689</dst>
      <dst id="16">74.1956</dst>
      <dst id="14">340.8889</dst>
      <dst id="11">82.9422</dst>
      <dst id="9">6932.8622</dst>
      <dst id="17">5564.8622</dst>
      <dst id="21">2129.7600</dst>
    </src>
    <src id="14">
      <dst id="12">20740.2311</dst>
      <dst id="13">62.0178</dst>
      <dst id="19">19.6800</dst>
      <dst id="18">1.2800</dst>
      <dst id="4">1998.7022</dst>
      <dst id="1">78.7644</dst>
      <dst id="5">2.6311</dst>
      <dst id="3">61.5378</dst>
      <dst id="22">29.1911</dst>
      <dst id="7">45.9022</dst>
      <dst id="2">6460.8978</dst>
      <dst id="16">11.6978</dst>
      <dst id="20">22.3289</dst>
      <dst id="11">23.5022</dst>
      <dst id="9">56.2133</dst>
      <dst id="17">7824.9867</dst>
      <dst id="21">50.0178</dst>
      <dst id="15">13.8756</dst>
    </src>
    <src id="20">
      <dst id="12">12466.5867</dst>
      <dst id="13">8919.0489</dst>
      <dst id="19">3480.3378</dst>
      <dst id="23">27.1289</dst>
      <dst id="8">160.2844</dst>
      <dst id="18">147.5556</dst>
      <dst id="4">5871.6444</dst>
      <dst id="1">573.1200</dst>
      <dst id="5">1952.4178</dst>
      <dst id="3">6089.4400</dst>
      <dst id="7">714.7644</dst>
      <dst id="2">2077.7511</dst>
      <dst id="6">116.1422</dst>
      <dst id="16">13.3333</dst>
      <dst id="14">814.4356</dst>
      <dst id="11">679.9378</dst>
      <dst id="9">1584.9956</dst>
      <dst id="17">2572.8533</dst>
      <dst id="21">197.8311</dst>
    </src>
    <src id="11">
      <dst id="12">411095.2178</dst>
      <dst id="13">3512.5156</dst>
      <dst id="19">185.8844</dst>
      <dst id="23">11.9289</dst>
      <dst id="8">201.4044</dst>
      <dst id="18">279.2533</dst>
      <dst id="4">8727.8311</dst>
      <dst id="1">612.8533</dst>
      <dst id="5">1657.5644</dst>
      <dst id="3">297.3156</dst>
      <dst id="22">1373.5200</dst>
      <dst id="7">1521.9289</dst>
      <dst id="2">157311.4756</dst>
      <dst id="6">3.5822</dst>
      <dst id="16">167.6000</dst>
      <dst id="14">61.1289</dst>
      <dst id="20">712.4800</dst>
      <dst id="11">1463.6800</dst>
      <dst id="9">1044.5244</dst>
      <dst id="17">165818.8089</dst>
      <dst id="21">190.3378</dst>
      <dst id="15">262.6489</dst>
    </src>
    <src id="9">
      <dst id="12">474681.8933</dst>
      <dst id="13">3385.2089</dst>
      <dst id="19">14.9689</dst>
      <dst id="23">179.8489</dst>
      <dst id="8">221.7778</dst>
      <dst id="18">116.1778</dst>
      <dst id="4">9501.9022</dst>
      <dst id="1">4545.6622</dst>
      <dst id="5">2350.0711</dst>
      <dst id="3">18.5867</dst>
      <dst id="22">2150.9689</dst>
      <dst id="7">183.4222</dst>
      <dst id="2">178907.0489</dst>
      <dst id="6">3.2356</dst>
      <dst id="16">1319.6178</dst>
      <dst id="14">16.0178</dst>
      <dst id="20">2185.4400</dst>
      <dst id="11">659.4489</dst>
      <dst id="9">231.1022</dst>
      <dst id="17">183228.5511</dst>
      <dst id="21">162.6044</dst>
      <dst id="15">1579.9111</dst>
    </src>
    <src id="17">
      <dst id="12">6774.0622</dst>
      <dst id="13">9862.7200</dst>
      <dst id="19">167.8044</dst>
      <dst id="23">49.2356</dst>
      <dst id="8">136288.0711</dst>
      <dst id="18">1357.2000</dst>
      <dst id="4">31701.1289</dst>
      <dst id="1">4133.4489</dst>
      <dst id="5">228995.2889</dst>
      <dst id="3">5720.8978</dst>
      <dst id="22">3316.2489</dst>
      <dst id="7">2406.4356</dst>
      <dst id="2">13448.7822</dst>
      <dst id="6">887.3956</dst>
      <dst id="16">5350.6578</dst>
      <dst id="14">27300.6133</dst>
      <dst id="20">835.7600</dst>
      <dst id="11">101010.4622</dst>
      <dst id="9">210876.0267</dst>
      <dst id="17">2062.4622</dst>
      <dst id="21">5500.8533</dst>
      <dst id="15">133.1200</dst>
    </src>
    <src id="21">
      <dst id="12">20726.5333</dst>
      <dst id="13">5264.7111</dst>
      <dst id="19">144.8711</dst>
      <dst id="23">16.6311</dst>
      <dst id="8">26.4711</dst>
      <dst id="18">119.7600</dst>
      <dst id="4">14906.1778</dst>
      <dst id="1">2049.8756</dst>
      <dst id="5">415.6978</dst>
      <dst id="3">4983.0311</dst>
      <dst id="22">3497.3867</dst>
      <dst id="7">4564.1067</dst>
      <dst id="2">13397.3600</dst>
      <dst id="6">25.8578</dst>
      <dst id="16">233.4222</dst>
      <dst id="14">159.2089</dst>
      <dst id="20">206.7556</dst>
      <dst id="11">499.1467</dst>
      <dst id="9">662.3111</dst>
      <dst id="17">4403.6978</dst>
      <dst id="21">949.6889</dst>
      <dst id="15">83.9022</dst>
    </src>
    <src id="15">
      <dst id="12">9713.2889</dst>
      <dst id="13">902.7556</dst>
      <dst id="19">47.9289</dst>
      <dst id="23">0.7644</dst>
      <dst id="8">67.7956</dst>
      <dst id="18">30.3022</dst>
      <dst id="4">8728.9333</dst>
      <dst id="1">447.2444</dst>
      <dst id="5">238.4444</dst>
      <dst id="3">38.0800</dst>
      <dst id="7">1098.8889</dst>
      <dst id="2">450.2844</dst>
      <dst id="6">4.5689</dst>
      <dst id="14">15.5200</dst>
      <dst id="11">229.6978</dst>
      <dst id="9">358.8622</dst>
      <dst id="17">285.6800</dst>
      <dst id="21">104.2044</dst>
    </src>
  </IntraTM>
</TrafficMatrixFile>
