<?xml version="1.0" encoding="UTF-8" standalone="yes"?>
<TrafficMatrixFile xmlns:xsi="http://www.w3.org/2001/XMLSchema-instance" xsi:noNamespaceSchemaLocation="http://totem.run.montefiore.ulg.ac.be/Schema/TrafficMatrix-v1_2.xsd">
  <info>
    <title>Intradomain traffic matrix generated by geant-TM-all.pl</title>
    <date>2005-01-04T04:30:00</date>
    <duration>900</duration>
    <author>Steve Uhlig</author>
    <units>
        <unit type="bandwidth" value="kbps"/>
    </units>
  </info>
  <IntraTM ASID="20965">
    <src id="12">
      <dst id="12">238656.7911</dst>
      <dst id="13">22244.3111</dst>
      <dst id="19">1271.2444</dst>
      <dst id="23">2786.9689</dst>
      <dst id="8">1599.7244</dst>
      <dst id="18">790.5067</dst>
      <dst id="4">83466.4622</dst>
      <dst id="1">6110.3378</dst>
      <dst id="5">4511.6978</dst>
      <dst id="3">4303.6800</dst>
      <dst id="22">6351.4667</dst>
      <dst id="7">1537.6000</dst>
      <dst id="2">74285.4933</dst>
      <dst id="6">2.9333</dst>
      <dst id="16">7921.0578</dst>
      <dst id="14">404.9511</dst>
      <dst id="20">3602.8533</dst>
      <dst id="11">4534.1156</dst>
      <dst id="9">4777.6533</dst>
      <dst id="17">72510.8178</dst>
      <dst id="21">3066.2578</dst>
      <dst id="15">4898.3111</dst>
    </src>
    <src id="13">
      <dst id="12">61178.1333</dst>
      <dst id="19">13799.2800</dst>
      <dst id="23">57.4044</dst>
      <dst id="8">6112.9600</dst>
      <dst id="18">1831.8667</dst>
      <dst id="1">9992.7378</dst>
      <dst id="5">10182.6400</dst>
      <dst id="3">3286.6933</dst>
      <dst id="22">19962.0711</dst>
      <dst id="7">10289.9911</dst>
      <dst id="2">104105.7689</dst>
      <dst id="6">75.1467</dst>
      <dst id="16">6379.0400</dst>
      <dst id="14">1879.4400</dst>
      <dst id="20">12120.4444</dst>
      <dst id="11">11061.0133</dst>
      <dst id="9">11767.2000</dst>
      <dst id="17">132617.3333</dst>
      <dst id="21">15147.9200</dst>
      <dst id="15">3229.8400</dst>
    </src>
    <src id="19">
      <dst id="12">13621.2622</dst>
      <dst id="13">283.7156</dst>
      <dst id="23">200.3022</dst>
      <dst id="8">0.4622</dst>
      <dst id="18">98.7289</dst>
      <dst id="4">21209.2089</dst>
      <dst id="1">1182.5600</dst>
      <dst id="5">2.0889</dst>
      <dst id="22">271.0311</dst>
      <dst id="7">3371.2356</dst>
      <dst id="2">783.9644</dst>
      <dst id="6">99.0222</dst>
      <dst id="16">10231.8400</dst>
      <dst id="14">1.1378</dst>
      <dst id="20">3.7867</dst>
      <dst id="11">4.4267</dst>
      <dst id="9">155.8578</dst>
      <dst id="17">581.1378</dst>
      <dst id="21">452.8622</dst>
      <dst id="15">5.3689</dst>
    </src>
    <src id="23">
      <dst id="12">1179.3244</dst>
      <dst id="13">111.6089</dst>
      <dst id="19">2.7111</dst>
      <dst id="18">645.8400</dst>
      <dst id="1">71.3067</dst>
      <dst id="5">140.3733</dst>
      <dst id="3">150.9778</dst>
      <dst id="22">276.0533</dst>
      <dst id="7">28.8622</dst>
      <dst id="2">81.9200</dst>
      <dst id="6">0.3556</dst>
      <dst id="16">64.2044</dst>
      <dst id="14">0.9956</dst>
      <dst id="20">3.2533</dst>
      <dst id="11">18.5689</dst>
      <dst id="9">703.0578</dst>
      <dst id="17">409.0311</dst>
      <dst id="21">125.9644</dst>
      <dst id="15">254.2933</dst>
    </src>
    <src id="8">
      <dst id="12">328308.8178</dst>
      <dst id="13">1247.7067</dst>
      <dst id="19">0.9600</dst>
      <dst id="23">1.7244</dst>
      <dst id="18">90.2133</dst>
      <dst id="4">3560.7733</dst>
      <dst id="1">292.1511</dst>
      <dst id="5">848.3022</dst>
      <dst id="3">13.0400</dst>
      <dst id="22">1358.4356</dst>
      <dst id="7">265.6089</dst>
      <dst id="2">135049.1200</dst>
      <dst id="16">1013.3156</dst>
      <dst id="20">62.9244</dst>
      <dst id="11">411.8933</dst>
      <dst id="9">550.0889</dst>
      <dst id="17">128819.8756</dst>
      <dst id="21">106.0622</dst>
      <dst id="15">231.4044</dst>
    </src>
    <src id="18">
      <dst id="12">103072.9956</dst>
      <dst id="13">51.2444</dst>
      <dst id="19">27.5378</dst>
      <dst id="23">18.6667</dst>
      <dst id="8">3193.9556</dst>
      <dst id="4">817.1022</dst>
      <dst id="1">916.2844</dst>
      <dst id="5">158.0622</dst>
      <dst id="3">6.6044</dst>
      <dst id="22">206.9511</dst>
      <dst id="7">3.8756</dst>
      <dst id="2">30646.3644</dst>
      <dst id="16">279.5022</dst>
      <dst id="14">25.4400</dst>
      <dst id="20">105.3156</dst>
      <dst id="11">149.6978</dst>
      <dst id="9">83.1022</dst>
      <dst id="17">39520.8000</dst>
      <dst id="21">268.1778</dst>
      <dst id="15">14.3644</dst>
    </src>
    <src id="4">
      <dst id="12">19016.1956</dst>
      <dst id="19">15371.0756</dst>
      <dst id="8">1989.8756</dst>
      <dst id="18">931.5556</dst>
      <dst id="4">1.3867</dst>
      <dst id="1">11824.0356</dst>
      <dst id="5">4229.3244</dst>
      <dst id="3">617.0489</dst>
      <dst id="22">7133.8044</dst>
      <dst id="7">127443.8844</dst>
      <dst id="2">59965.8133</dst>
      <dst id="6">113.2089</dst>
      <dst id="16">2223.9111</dst>
      <dst id="14">3284.8800</dst>
      <dst id="20">2659.8933</dst>
      <dst id="11">5198.7822</dst>
      <dst id="9">2715.0933</dst>
      <dst id="17">36448.9244</dst>
      <dst id="21">2495.9556</dst>
      <dst id="15">902.1600</dst>
    </src>
    <src id="1">
      <dst id="12">12138.9156</dst>
      <dst id="13">1974.9156</dst>
      <dst id="19">229.7689</dst>
      <dst id="23">58.3911</dst>
      <dst id="8">132493.5022</dst>
      <dst id="18">14528.3467</dst>
      <dst id="4">6921.9644</dst>
      <dst id="1">14653.1467</dst>
      <dst id="5">213082.2578</dst>
      <dst id="3">176.1689</dst>
      <dst id="22">5156.5067</dst>
      <dst id="7">1414.5689</dst>
      <dst id="2">2728.8711</dst>
      <dst id="6">9774.9689</dst>
      <dst id="16">16612.2400</dst>
      <dst id="14">186.9244</dst>
      <dst id="20">97.6533</dst>
      <dst id="11">377.4489</dst>
      <dst id="9">198725.7867</dst>
      <dst id="17">1234.0356</dst>
      <dst id="21">2669.0578</dst>
      <dst id="15">125.1467</dst>
    </src>
    <src id="5">
      <dst id="12">330313.0667</dst>
      <dst id="13">6000.7822</dst>
      <dst id="19">140.7556</dst>
      <dst id="23">28.0889</dst>
      <dst id="8">343.0844</dst>
      <dst id="18">259.5378</dst>
      <dst id="4">8452.3467</dst>
      <dst id="1">295.7689</dst>
      <dst id="3">41.3156</dst>
      <dst id="22">6650.5511</dst>
      <dst id="7">150.8800</dst>
      <dst id="2">139642.0978</dst>
      <dst id="6">59.3422</dst>
      <dst id="16">471.8667</dst>
      <dst id="14">42.6578</dst>
      <dst id="20">11079.3333</dst>
      <dst id="11">930.3200</dst>
      <dst id="9">171.8133</dst>
      <dst id="17">139508.6133</dst>
      <dst id="21">476.5956</dst>
      <dst id="15">294.2044</dst>
    </src>
    <src id="3">
      <dst id="12">11798.3556</dst>
      <dst id="13">3519.4311</dst>
      <dst id="19">1340.8267</dst>
      <dst id="23">5866.1244</dst>
      <dst id="8">9.7689</dst>
      <dst id="18">64704.5778</dst>
      <dst id="4">20402.3289</dst>
      <dst id="1">6870.2311</dst>
      <dst id="5">236.2844</dst>
      <dst id="3">11908.7378</dst>
      <dst id="22">822.6578</dst>
      <dst id="7">1502.6222</dst>
      <dst id="2">6621.2267</dst>
      <dst id="6">0.8178</dst>
      <dst id="16">984.8978</dst>
      <dst id="14">34473.6978</dst>
      <dst id="20">1717.2267</dst>
      <dst id="11">151919.6178</dst>
      <dst id="9">236.3289</dst>
      <dst id="17">15384.3022</dst>
      <dst id="21">13873.4311</dst>
      <dst id="15">38.0267</dst>
    </src>
    <src id="10">
      <dst id="12">10786.9867</dst>
      <dst id="19">3187.7067</dst>
      <dst id="8">586.8267</dst>
      <dst id="18">4929.8844</dst>
      <dst id="1">1568.5422</dst>
      <dst id="5">1166.6933</dst>
      <dst id="3">807.7422</dst>
      <dst id="22">7723.2711</dst>
      <dst id="7">4303.0133</dst>
      <dst id="2">20004.5956</dst>
      <dst id="6">6.3467</dst>
      <dst id="16">1891.4844</dst>
      <dst id="14">696.1244</dst>
      <dst id="20">1056.8000</dst>
      <dst id="11">5353.9378</dst>
      <dst id="9">2480.1156</dst>
      <dst id="17">10243.3689</dst>
      <dst id="21">7523.0933</dst>
      <dst id="15">762.2222</dst>
    </src>
    <src id="22">
      <dst id="12">7698.6578</dst>
      <dst id="13">3222.1778</dst>
      <dst id="19">2853.6178</dst>
      <dst id="23">14.3733</dst>
      <dst id="8">703.7333</dst>
      <dst id="18">732.4800</dst>
      <dst id="4">15726.8356</dst>
      <dst id="1">865.0667</dst>
      <dst id="5">2615.9733</dst>
      <dst id="3">268.6044</dst>
      <dst id="7">372.5156</dst>
      <dst id="2">4891.4933</dst>
      <dst id="6">152.6489</dst>
      <dst id="16">44.3378</dst>
      <dst id="14">288.3111</dst>
      <dst id="11">2003.7956</dst>
      <dst id="9">2407.4844</dst>
      <dst id="17">5377.9378</dst>
      <dst id="21">1497.1644</dst>
    </src>
    <src id="7">
      <dst id="12">5131.9733</dst>
      <dst id="13">1479.6889</dst>
      <dst id="19">107.8756</dst>
      <dst id="23">133.9556</dst>
      <dst id="8">663.7778</dst>
      <dst id="18">116.3556</dst>
      <dst id="4">28602.9511</dst>
      <dst id="1">4332.6400</dst>
      <dst id="5">1523.4489</dst>
      <dst id="3">538.0711</dst>
      <dst id="22">2487.2711</dst>
      <dst id="7">620.6222</dst>
      <dst id="2">10215.6711</dst>
      <dst id="6">13.7600</dst>
      <dst id="16">861.5733</dst>
      <dst id="14">54.0800</dst>
      <dst id="20">245.8222</dst>
      <dst id="11">1655.2356</dst>
      <dst id="9">561.4578</dst>
      <dst id="17">13924.6222</dst>
      <dst id="21">2029.8578</dst>
      <dst id="15">220.1867</dst>
    </src>
    <src id="2">
      <dst id="12">109328.1244</dst>
      <dst id="13">522223.7244</dst>
      <dst id="19">696.2844</dst>
      <dst id="23">1.8489</dst>
      <dst id="8">2113.2533</dst>
      <dst id="18">48904.6133</dst>
      <dst id="4">100074.8711</dst>
      <dst id="1">6210.5956</dst>
      <dst id="5">3382.2133</dst>
      <dst id="3">249.8133</dst>
      <dst id="22">2965.2622</dst>
      <dst id="7">1900.4000</dst>
      <dst id="2">636.7467</dst>
      <dst id="6">8797.8400</dst>
      <dst id="16">2157.7511</dst>
      <dst id="14">243.4578</dst>
      <dst id="20">2483.9733</dst>
      <dst id="11">3023.3067</dst>
      <dst id="9">1731.3067</dst>
      <dst id="17">18965.3778</dst>
      <dst id="21">2471.0044</dst>
      <dst id="15">510.6578</dst>
    </src>
    <src id="6">
      <dst id="12">11195.6533</dst>
      <dst id="13">0.3556</dst>
      <dst id="19">16.6400</dst>
      <dst id="4">1327.6889</dst>
      <dst id="1">26.5689</dst>
      <dst id="5">35.7600</dst>
      <dst id="3">0.3556</dst>
      <dst id="22">12.7822</dst>
      <dst id="7">1.0311</dst>
      <dst id="2">2850.5067</dst>
      <dst id="20">4.1689</dst>
      <dst id="11">23.6978</dst>
      <dst id="9">1.1556</dst>
      <dst id="17">1911.2267</dst>
      <dst id="21">23.8222</dst>
    </src>
    <src id="16">
      <dst id="12">2954.7111</dst>
      <dst id="13">933.2089</dst>
      <dst id="19">4198.8000</dst>
      <dst id="23">4.8000</dst>
      <dst id="8">4213.4044</dst>
      <dst id="18">41.6356</dst>
      <dst id="4">4342.5778</dst>
      <dst id="1">18648.9333</dst>
      <dst id="5">4981.4667</dst>
      <dst id="3">4.8622</dst>
      <dst id="7">704.3200</dst>
      <dst id="2">888.8089</dst>
      <dst id="6">15.0578</dst>
      <dst id="16">62.0533</dst>
      <dst id="14">0.4267</dst>
      <dst id="11">239.7244</dst>
      <dst id="9">5835.5289</dst>
      <dst id="17">1955.9378</dst>
      <dst id="21">1934.0000</dst>
    </src>
    <src id="14">
      <dst id="12">15624.3378</dst>
      <dst id="13">23.0489</dst>
      <dst id="19">9.4222</dst>
      <dst id="23">13.5467</dst>
      <dst id="18">0.4622</dst>
      <dst id="4">1533.0489</dst>
      <dst id="1">64.7200</dst>
      <dst id="5">4.4356</dst>
      <dst id="3">30.2933</dst>
      <dst id="22">36.0000</dst>
      <dst id="7">260.7822</dst>
      <dst id="2">5061.3067</dst>
      <dst id="16">11.0133</dst>
      <dst id="20">3.4489</dst>
      <dst id="11">50.4978</dst>
      <dst id="17">5803.5467</dst>
      <dst id="21">49.6800</dst>
      <dst id="15">1.9022</dst>
    </src>
    <src id="20">
      <dst id="12">2748.3644</dst>
      <dst id="13">3789.8222</dst>
      <dst id="19">9.3956</dst>
      <dst id="23">2.0800</dst>
      <dst id="8">397.3067</dst>
      <dst id="18">533.1289</dst>
      <dst id="4">7442.4978</dst>
      <dst id="1">13.6889</dst>
      <dst id="5">2351.3956</dst>
      <dst id="3">236.6667</dst>
      <dst id="7">2742.7111</dst>
      <dst id="2">2916.1600</dst>
      <dst id="16">0.4800</dst>
      <dst id="14">0.3556</dst>
      <dst id="11">858.7556</dst>
      <dst id="9">9094.7911</dst>
      <dst id="17">2468.5778</dst>
      <dst id="21">126.9067</dst>
    </src>
    <src id="11">
      <dst id="12">442139.9378</dst>
      <dst id="13">1735.4756</dst>
      <dst id="19">10.2756</dst>
      <dst id="23">5.3600</dst>
      <dst id="8">2569.0044</dst>
      <dst id="18">518.0444</dst>
      <dst id="4">12253.2444</dst>
      <dst id="1">521.6000</dst>
      <dst id="5">1605.3778</dst>
      <dst id="3">274.9333</dst>
      <dst id="22">3164.5156</dst>
      <dst id="7">269.3867</dst>
      <dst id="2">165646.7911</dst>
      <dst id="6">1.3422</dst>
      <dst id="16">736.7022</dst>
      <dst id="14">112.7289</dst>
      <dst id="20">320.8089</dst>
      <dst id="11">1545.2089</dst>
      <dst id="9">1711.0844</dst>
      <dst id="17">160393.9911</dst>
      <dst id="21">541.0133</dst>
      <dst id="15">2120.7378</dst>
    </src>
    <src id="9">
      <dst id="12">414711.4044</dst>
      <dst id="13">1713.2889</dst>
      <dst id="19">492.8711</dst>
      <dst id="23">21.0667</dst>
      <dst id="8">490.7911</dst>
      <dst id="18">409.4933</dst>
      <dst id="4">9513.6711</dst>
      <dst id="1">2251.0844</dst>
      <dst id="5">799.9644</dst>
      <dst id="3">9.9200</dst>
      <dst id="22">9240.3111</dst>
      <dst id="7">36.8267</dst>
      <dst id="2">154736.6489</dst>
      <dst id="6">1.6533</dst>
      <dst id="16">656.6933</dst>
      <dst id="14">0.9156</dst>
      <dst id="20">1156.1333</dst>
      <dst id="11">1044.5333</dst>
      <dst id="9">1227.1111</dst>
      <dst id="17">229125.1111</dst>
      <dst id="21">148.2756</dst>
      <dst id="15">404.2044</dst>
    </src>
    <src id="17">
      <dst id="12">9319.0044</dst>
      <dst id="13">16087.6711</dst>
      <dst id="19">263.8400</dst>
      <dst id="23">53.1822</dst>
      <dst id="8">128561.4933</dst>
      <dst id="18">123.1911</dst>
      <dst id="4">86396.0622</dst>
      <dst id="1">643.7956</dst>
      <dst id="5">188903.5822</dst>
      <dst id="3">10526.6933</dst>
      <dst id="22">7800.6222</dst>
      <dst id="7">1692.7289</dst>
      <dst id="2">8996.0533</dst>
      <dst id="6">1182.7467</dst>
      <dst id="16">2908.4533</dst>
      <dst id="14">22697.0756</dst>
      <dst id="20">632.7111</dst>
      <dst id="11">105195.9911</dst>
      <dst id="9">152831.0222</dst>
      <dst id="17">1528.2400</dst>
      <dst id="21">9633.4933</dst>
      <dst id="15">294.7022</dst>
    </src>
    <src id="21">
      <dst id="12">32192.4800</dst>
      <dst id="13">231.6267</dst>
      <dst id="19">54.3378</dst>
      <dst id="23">4.7022</dst>
      <dst id="8">135.6800</dst>
      <dst id="18">277.6711</dst>
      <dst id="4">13434.4267</dst>
      <dst id="1">3173.9644</dst>
      <dst id="5">2601.4133</dst>
      <dst id="3">1054.8533</dst>
      <dst id="22">910.8178</dst>
      <dst id="7">603.7244</dst>
      <dst id="2">24388.9422</dst>
      <dst id="6">3.8667</dst>
      <dst id="16">205.2711</dst>
      <dst id="14">78.6578</dst>
      <dst id="20">3608.1422</dst>
      <dst id="11">986.8444</dst>
      <dst id="9">1216.4356</dst>
      <dst id="17">7467.6356</dst>
      <dst id="21">772.2489</dst>
      <dst id="15">3.3156</dst>
    </src>
    <src id="15">
      <dst id="12">857.6800</dst>
      <dst id="13">2716.3911</dst>
      <dst id="19">1.9556</dst>
      <dst id="23">3.5378</dst>
      <dst id="8">200.2400</dst>
      <dst id="18">1.4044</dst>
      <dst id="4">4481.5467</dst>
      <dst id="1">1011.8489</dst>
      <dst id="5">1874.3111</dst>
      <dst id="3">18.2756</dst>
      <dst id="7">20.9956</dst>
      <dst id="2">38.1956</dst>
      <dst id="11">995.1822</dst>
      <dst id="9">1804.0000</dst>
      <dst id="17">405.5378</dst>
      <dst id="21">56.4356</dst>
    </src>
  </IntraTM>
</TrafficMatrixFile>
