<?xml version="1.0" encoding="UTF-8" standalone="yes"?>
<TrafficMatrixFile xmlns:xsi="http://www.w3.org/2001/XMLSchema-instance" xsi:noNamespaceSchemaLocation="http://totem.run.montefiore.ulg.ac.be/Schema/TrafficMatrix-v1_2.xsd">
  <info>
    <title>Intradomain traffic matrix generated by geant-TM-all.pl</title>
    <date>2005-01-01T20:30:00</date>
    <duration>900</duration>
    <author>Steve Uhlig</author>
    <units>
        <unit type="bandwidth" value="kbps"/>
    </units>
  </info>
  <IntraTM ASID="20965">
    <src id="12">
      <dst id="12">377062.9956</dst>
      <dst id="13">17988.5244</dst>
      <dst id="19">6095.0578</dst>
      <dst id="23">1391.3511</dst>
      <dst id="8">1902.7822</dst>
      <dst id="18">1435.3956</dst>
      <dst id="4">80609.7511</dst>
      <dst id="1">7263.6089</dst>
      <dst id="5">12526.1244</dst>
      <dst id="3">7352.9689</dst>
      <dst id="22">24017.1289</dst>
      <dst id="7">1145.8400</dst>
      <dst id="2">114535.4756</dst>
      <dst id="6">8.5067</dst>
      <dst id="16">8108.2133</dst>
      <dst id="14">4217.6889</dst>
      <dst id="20">11831.7422</dst>
      <dst id="11">11754.8000</dst>
      <dst id="9">29998.6044</dst>
      <dst id="17">99894.4622</dst>
      <dst id="21">30476.2933</dst>
      <dst id="15">2664.0889</dst>
    </src>
    <src id="13">
      <dst id="12">76903.5911</dst>
      <dst id="19">9089.2533</dst>
      <dst id="23">604.3556</dst>
      <dst id="8">15133.4667</dst>
      <dst id="18">6184.8089</dst>
      <dst id="1">8838.4089</dst>
      <dst id="5">34799.2089</dst>
      <dst id="3">29371.7156</dst>
      <dst id="22">53785.8844</dst>
      <dst id="7">14104.7022</dst>
      <dst id="2">195536.3556</dst>
      <dst id="6">16.5689</dst>
      <dst id="16">9206.8889</dst>
      <dst id="14">4597.1644</dst>
      <dst id="20">35491.4667</dst>
      <dst id="11">27025.2178</dst>
      <dst id="9">22315.2000</dst>
      <dst id="17">72821.7333</dst>
      <dst id="21">35269.2356</dst>
      <dst id="15">10029.7689</dst>
    </src>
    <src id="19">
      <dst id="12">17038.4711</dst>
      <dst id="13">8012.5511</dst>
      <dst id="23">27.0222</dst>
      <dst id="8">13.3333</dst>
      <dst id="18">439.4489</dst>
      <dst id="4">20717.7778</dst>
      <dst id="1">111.0400</dst>
      <dst id="5">120.1156</dst>
      <dst id="3">3418.0000</dst>
      <dst id="22">1774.3200</dst>
      <dst id="7">5371.4844</dst>
      <dst id="2">1049.0844</dst>
      <dst id="6">99.7689</dst>
      <dst id="16">8211.8133</dst>
      <dst id="14">80.3556</dst>
      <dst id="20">305.1022</dst>
      <dst id="11">428.1600</dst>
      <dst id="9">423.3067</dst>
      <dst id="17">595.2000</dst>
      <dst id="21">3719.9022</dst>
      <dst id="15">41.3422</dst>
    </src>
    <src id="23">
      <dst id="12">2787.0133</dst>
      <dst id="13">336.8444</dst>
      <dst id="19">3.2711</dst>
      <dst id="8">36.2756</dst>
      <dst id="18">504.5422</dst>
      <dst id="4">70.4444</dst>
      <dst id="1">145.0933</dst>
      <dst id="5">66.4178</dst>
      <dst id="3">733.9911</dst>
      <dst id="22">722.5689</dst>
      <dst id="7">146.8000</dst>
      <dst id="2">79.6711</dst>
      <dst id="6">0.7111</dst>
      <dst id="16">44.3111</dst>
      <dst id="14">183.9289</dst>
      <dst id="20">147.8400</dst>
      <dst id="11">394.1333</dst>
      <dst id="9">54.1511</dst>
      <dst id="17">435.2356</dst>
      <dst id="21">1295.0311</dst>
      <dst id="15">0.7111</dst>
    </src>
    <src id="8">
      <dst id="12">422325.4311</dst>
      <dst id="13">2717.9822</dst>
      <dst id="19">15.5733</dst>
      <dst id="23">391.5467</dst>
      <dst id="18">371.6800</dst>
      <dst id="4">6813.8578</dst>
      <dst id="1">332.6222</dst>
      <dst id="5">7756.1244</dst>
      <dst id="3">12208.6844</dst>
      <dst id="22">1853.0933</dst>
      <dst id="7">117.4222</dst>
      <dst id="2">163081.4044</dst>
      <dst id="16">505.8756</dst>
      <dst id="14">19.2000</dst>
      <dst id="20">1478.9778</dst>
      <dst id="11">2580.9778</dst>
      <dst id="9">1820.8267</dst>
      <dst id="17">98819.9911</dst>
      <dst id="21">2805.6533</dst>
      <dst id="15">282.1511</dst>
    </src>
    <src id="18">
      <dst id="12">151570.5600</dst>
      <dst id="13">191.5911</dst>
      <dst id="19">1017.1378</dst>
      <dst id="23">166.1156</dst>
      <dst id="8">154.8978</dst>
      <dst id="4">1605.7778</dst>
      <dst id="1">1067.6089</dst>
      <dst id="5">314.0889</dst>
      <dst id="3">132.8711</dst>
      <dst id="22">288.0800</dst>
      <dst id="7">330.0533</dst>
      <dst id="2">48187.4489</dst>
      <dst id="16">25.5467</dst>
      <dst id="14">18.0533</dst>
      <dst id="20">142.4444</dst>
      <dst id="11">282.8889</dst>
      <dst id="9">480.7200</dst>
      <dst id="17">34028.1600</dst>
      <dst id="21">1694.4889</dst>
      <dst id="15">64.2400</dst>
    </src>
    <src id="4">
      <dst id="12">21523.5378</dst>
      <dst id="19">10599.9911</dst>
      <dst id="23">8.0622</dst>
      <dst id="8">2553.9911</dst>
      <dst id="18">3625.1467</dst>
      <dst id="4">1.1378</dst>
      <dst id="1">5809.9822</dst>
      <dst id="5">4055.7600</dst>
      <dst id="3">24736.6756</dst>
      <dst id="22">8188.6044</dst>
      <dst id="7">62560.5244</dst>
      <dst id="2">96436.9333</dst>
      <dst id="6">13.2622</dst>
      <dst id="16">2026.3911</dst>
      <dst id="14">3813.0400</dst>
      <dst id="20">7850.9511</dst>
      <dst id="11">10666.7111</dst>
      <dst id="9">6748.7111</dst>
      <dst id="17">22924.4178</dst>
      <dst id="21">13538.0356</dst>
      <dst id="15">999.5556</dst>
    </src>
    <src id="1">
      <dst id="12">21812.7200</dst>
      <dst id="13">395.3867</dst>
      <dst id="19">61.0844</dst>
      <dst id="23">670.7378</dst>
      <dst id="8">231079.3778</dst>
      <dst id="18">19288.2844</dst>
      <dst id="4">6725.1644</dst>
      <dst id="1">50.4800</dst>
      <dst id="5">307695.7067</dst>
      <dst id="3">126608.0444</dst>
      <dst id="22">15567.9911</dst>
      <dst id="7">28787.2178</dst>
      <dst id="2">13018.4000</dst>
      <dst id="6">8792.1067</dst>
      <dst id="16">12661.0133</dst>
      <dst id="14">1215.5911</dst>
      <dst id="20">2141.4667</dst>
      <dst id="11">1868.2222</dst>
      <dst id="9">422423.1200</dst>
      <dst id="17">2347.9822</dst>
      <dst id="21">29945.2267</dst>
      <dst id="15">166.9689</dst>
    </src>
    <src id="5">
      <dst id="12">375420.5244</dst>
      <dst id="13">2688.5600</dst>
      <dst id="19">68.8356</dst>
      <dst id="23">100.4178</dst>
      <dst id="8">12848.1244</dst>
      <dst id="18">768.0356</dst>
      <dst id="4">7318.4000</dst>
      <dst id="1">78.8622</dst>
      <dst id="3">1244.9333</dst>
      <dst id="22">6229.0933</dst>
      <dst id="7">344.3289</dst>
      <dst id="2">174511.7956</dst>
      <dst id="6">1.4933</dst>
      <dst id="16">850.0978</dst>
      <dst id="14">0.7111</dst>
      <dst id="20">3062.9867</dst>
      <dst id="11">1790.2044</dst>
      <dst id="9">2108.9333</dst>
      <dst id="17">95480.5244</dst>
      <dst id="21">979.5733</dst>
      <dst id="15">88.7822</dst>
    </src>
    <src id="3">
      <dst id="12">10857.8578</dst>
      <dst id="13">1053.9911</dst>
      <dst id="19">3869.9556</dst>
      <dst id="23">47.7333</dst>
      <dst id="8">1530.4000</dst>
      <dst id="18">200433.1022</dst>
      <dst id="4">55987.0400</dst>
      <dst id="1">10042.6133</dst>
      <dst id="5">1050.1956</dst>
      <dst id="3">24228.1511</dst>
      <dst id="22">2728.6311</dst>
      <dst id="7">3080.9689</dst>
      <dst id="2">4988.3911</dst>
      <dst id="6">27.7600</dst>
      <dst id="16">4629.2000</dst>
      <dst id="14">61657.5822</dst>
      <dst id="20">4374.7556</dst>
      <dst id="11">286562.0711</dst>
      <dst id="9">898.3556</dst>
      <dst id="17">10058.5244</dst>
      <dst id="21">13988.8800</dst>
      <dst id="15">187.6000</dst>
    </src>
    <src id="10">
      <dst id="12">21683.5822</dst>
      <dst id="19">1417.1556</dst>
      <dst id="8">1301.8933</dst>
      <dst id="18">10249.6267</dst>
      <dst id="1">2132.6844</dst>
      <dst id="5">3246.7467</dst>
      <dst id="3">22379.9378</dst>
      <dst id="22">9682.9156</dst>
      <dst id="7">3170.4622</dst>
      <dst id="2">50408.7644</dst>
      <dst id="6">44.5422</dst>
      <dst id="16">1945.0578</dst>
      <dst id="14">5445.0933</dst>
      <dst id="20">2362.4622</dst>
      <dst id="11">10134.6222</dst>
      <dst id="9">3195.1378</dst>
      <dst id="17">24771.7511</dst>
      <dst id="21">15236.9778</dst>
      <dst id="15">1582.6489</dst>
    </src>
    <src id="22">
      <dst id="12">12621.6444</dst>
      <dst id="13">6104.2044</dst>
      <dst id="19">207.5467</dst>
      <dst id="23">164.4444</dst>
      <dst id="8">3763.1200</dst>
      <dst id="18">445.1911</dst>
      <dst id="4">17370.1600</dst>
      <dst id="1">449.5467</dst>
      <dst id="5">4271.2533</dst>
      <dst id="3">1774.4711</dst>
      <dst id="7">1335.4667</dst>
      <dst id="2">8028.3467</dst>
      <dst id="6">9.8311</dst>
      <dst id="16">2.4356</dst>
      <dst id="14">55.3600</dst>
      <dst id="11">6280.8267</dst>
      <dst id="9">5605.8400</dst>
      <dst id="17">4778.3911</dst>
      <dst id="21">3533.1733</dst>
    </src>
    <src id="7">
      <dst id="12">6380.0444</dst>
      <dst id="13">306.9333</dst>
      <dst id="19">1346.5067</dst>
      <dst id="23">529.0844</dst>
      <dst id="8">257.3422</dst>
      <dst id="18">5389.3867</dst>
      <dst id="4">41660.6844</dst>
      <dst id="1">3406.5511</dst>
      <dst id="5">2404.1244</dst>
      <dst id="3">16287.0222</dst>
      <dst id="22">8802.9511</dst>
      <dst id="7">657.6356</dst>
      <dst id="2">11076.3733</dst>
      <dst id="6">1.5289</dst>
      <dst id="16">1285.3600</dst>
      <dst id="14">199.8756</dst>
      <dst id="20">2880.9422</dst>
      <dst id="11">3417.9644</dst>
      <dst id="9">1057.7156</dst>
      <dst id="17">8446.2222</dst>
      <dst id="21">20480.4089</dst>
      <dst id="15">600.8533</dst>
    </src>
    <src id="2">
      <dst id="12">183016.5956</dst>
      <dst id="13">19653.3778</dst>
      <dst id="19">2482.5067</dst>
      <dst id="23">1.3067</dst>
      <dst id="8">3022.7733</dst>
      <dst id="18">169610.8800</dst>
      <dst id="4">90068.5156</dst>
      <dst id="1">5680.8089</dst>
      <dst id="5">3010.9333</dst>
      <dst id="3">7367.7422</dst>
      <dst id="22">5276.0444</dst>
      <dst id="7">4271.0578</dst>
      <dst id="2">1145.7778</dst>
      <dst id="6">6605.3333</dst>
      <dst id="16">2176.9244</dst>
      <dst id="14">383.8933</dst>
      <dst id="20">1273.5111</dst>
      <dst id="11">8536.2311</dst>
      <dst id="9">3616.8622</dst>
      <dst id="17">51828.9511</dst>
      <dst id="21">25889.0044</dst>
      <dst id="15">3758.7111</dst>
    </src>
    <src id="6">
      <dst id="12">11114.7911</dst>
      <dst id="13">1.2089</dst>
      <dst id="19">7.8489</dst>
      <dst id="23">12.8533</dst>
      <dst id="18">34.4000</dst>
      <dst id="4">30.9956</dst>
      <dst id="1">12.6222</dst>
      <dst id="5">13.0044</dst>
      <dst id="3">128.6667</dst>
      <dst id="22">47.8578</dst>
      <dst id="7">37.8667</dst>
      <dst id="2">2556.5422</dst>
      <dst id="16">13.5822</dst>
      <dst id="14">2.0356</dst>
      <dst id="20">11.4667</dst>
      <dst id="11">60.8089</dst>
      <dst id="9">69.9911</dst>
      <dst id="17">1547.3333</dst>
      <dst id="21">148.3911</dst>
    </src>
    <src id="16">
      <dst id="12">4374.0444</dst>
      <dst id="13">167.4222</dst>
      <dst id="19">4275.7689</dst>
      <dst id="23">294.9333</dst>
      <dst id="8">11340.8978</dst>
      <dst id="18">172.9778</dst>
      <dst id="4">4265.8489</dst>
      <dst id="1">18940.1244</dst>
      <dst id="5">13540.4711</dst>
      <dst id="3">3118.1956</dst>
      <dst id="22">13.3333</dst>
      <dst id="7">1644.7556</dst>
      <dst id="2">1634.8800</dst>
      <dst id="6">0.3556</dst>
      <dst id="16">33.9556</dst>
      <dst id="14">693.8844</dst>
      <dst id="11">697.8933</dst>
      <dst id="9">17077.8756</dst>
      <dst id="17">2491.6622</dst>
      <dst id="21">1444.9778</dst>
    </src>
    <src id="14">
      <dst id="12">28170.2489</dst>
      <dst id="13">65.0933</dst>
      <dst id="19">22.1956</dst>
      <dst id="23">11.1644</dst>
      <dst id="8">23.1111</dst>
      <dst id="18">12.5689</dst>
      <dst id="4">3164.9778</dst>
      <dst id="1">129.5822</dst>
      <dst id="5">1.4933</dst>
      <dst id="3">94.0711</dst>
      <dst id="22">19.6356</dst>
      <dst id="7">81.5200</dst>
      <dst id="2">7210.1778</dst>
      <dst id="6">0.4622</dst>
      <dst id="16">12.8444</dst>
      <dst id="20">9.4400</dst>
      <dst id="11">252.8889</dst>
      <dst id="9">26.8444</dst>
      <dst id="17">7059.1644</dst>
      <dst id="21">348.0533</dst>
    </src>
    <src id="20">
      <dst id="12">11635.9644</dst>
      <dst id="13">3663.5911</dst>
      <dst id="19">45.2889</dst>
      <dst id="23">402.5067</dst>
      <dst id="8">859.8844</dst>
      <dst id="18">114.7467</dst>
      <dst id="4">9691.7956</dst>
      <dst id="1">126.7467</dst>
      <dst id="5">7414.8178</dst>
      <dst id="3">21781.0667</dst>
      <dst id="7">1353.8844</dst>
      <dst id="2">6866.0533</dst>
      <dst id="6">16.7111</dst>
      <dst id="16">13.3333</dst>
      <dst id="14">0.9244</dst>
      <dst id="11">974.9067</dst>
      <dst id="9">9156.5244</dst>
      <dst id="17">3565.2800</dst>
      <dst id="21">1695.7511</dst>
    </src>
    <src id="11">
      <dst id="12">476155.8667</dst>
      <dst id="13">1720.1956</dst>
      <dst id="19">702.1689</dst>
      <dst id="23">34.6133</dst>
      <dst id="8">4368.9422</dst>
      <dst id="18">1454.7733</dst>
      <dst id="4">14040.0000</dst>
      <dst id="1">788.5422</dst>
      <dst id="5">2376.6489</dst>
      <dst id="3">2701.6533</dst>
      <dst id="22">2797.0667</dst>
      <dst id="7">333.1556</dst>
      <dst id="2">161456.9778</dst>
      <dst id="6">9.5911</dst>
      <dst id="16">521.6800</dst>
      <dst id="14">1233.1644</dst>
      <dst id="20">1935.2889</dst>
      <dst id="11">6218.8356</dst>
      <dst id="9">2986.2311</dst>
      <dst id="17">103207.0489</dst>
      <dst id="21">2102.6400</dst>
      <dst id="15">968.0178</dst>
    </src>
    <src id="9">
      <dst id="12">613708.8711</dst>
      <dst id="13">5390.0356</dst>
      <dst id="19">34.6933</dst>
      <dst id="23">1.1733</dst>
      <dst id="8">2716.8889</dst>
      <dst id="18">2023.9467</dst>
      <dst id="4">11254.0267</dst>
      <dst id="1">9409.1200</dst>
      <dst id="5">7190.1067</dst>
      <dst id="3">1294.2933</dst>
      <dst id="22">3123.7689</dst>
      <dst id="7">675.4667</dst>
      <dst id="2">213334.2933</dst>
      <dst id="6">11.0489</dst>
      <dst id="16">749.4578</dst>
      <dst id="14">24.7733</dst>
      <dst id="20">14642.5067</dst>
      <dst id="11">4365.1822</dst>
      <dst id="9">9179.4667</dst>
      <dst id="17">173432.3911</dst>
      <dst id="21">18870.9422</dst>
      <dst id="15">17122.2311</dst>
    </src>
    <src id="17">
      <dst id="12">27581.1378</dst>
      <dst id="13">22953.4044</dst>
      <dst id="19">10790.6933</dst>
      <dst id="23">1378.7556</dst>
      <dst id="8">230229.2622</dst>
      <dst id="18">375.8578</dst>
      <dst id="4">39522.0444</dst>
      <dst id="1">1353.4578</dst>
      <dst id="5">287391.9378</dst>
      <dst id="3">34054.4889</dst>
      <dst id="22">24830.6489</dst>
      <dst id="7">17568.3022</dst>
      <dst id="2">11661.8044</dst>
      <dst id="6">22.2044</dst>
      <dst id="16">7029.1644</dst>
      <dst id="14">50820.5067</dst>
      <dst id="20">3143.5911</dst>
      <dst id="11">238199.7867</dst>
      <dst id="9">364103.8400</dst>
      <dst id="17">1369.5378</dst>
      <dst id="21">15786.1333</dst>
      <dst id="15">738.3289</dst>
    </src>
    <src id="21">
      <dst id="12">20881.3422</dst>
      <dst id="13">1147.0933</dst>
      <dst id="19">2116.3644</dst>
      <dst id="23">197.0133</dst>
      <dst id="8">469.7067</dst>
      <dst id="18">5945.8933</dst>
      <dst id="4">30796.1067</dst>
      <dst id="1">1878.8356</dst>
      <dst id="5">935.0756</dst>
      <dst id="3">6216.5244</dst>
      <dst id="22">2819.2178</dst>
      <dst id="7">3481.1644</dst>
      <dst id="2">11451.1644</dst>
      <dst id="6">11.6089</dst>
      <dst id="16">1140.5511</dst>
      <dst id="14">378.0533</dst>
      <dst id="20">574.3911</dst>
      <dst id="11">893.4844</dst>
      <dst id="9">1886.7733</dst>
      <dst id="17">31885.8400</dst>
      <dst id="21">3239.6622</dst>
      <dst id="15">680.0711</dst>
    </src>
    <src id="15">
      <dst id="12">6400.3200</dst>
      <dst id="13">775.6533</dst>
      <dst id="19">1.3333</dst>
      <dst id="23">0.6400</dst>
      <dst id="8">280.0711</dst>
      <dst id="18">154.4889</dst>
      <dst id="4">4840.4356</dst>
      <dst id="1">106.2667</dst>
      <dst id="5">660.0533</dst>
      <dst id="3">655.5644</dst>
      <dst id="7">1777.8489</dst>
      <dst id="2">1077.5022</dst>
      <dst id="6">0.3378</dst>
      <dst id="14">1.8133</dst>
      <dst id="11">1138.3378</dst>
      <dst id="9">12884.9333</dst>
      <dst id="17">543.4578</dst>
      <dst id="21">365.2444</dst>
    </src>
  </IntraTM>
</TrafficMatrixFile>
