<?xml version="1.0" encoding="UTF-8" standalone="yes"?>
<TrafficMatrixFile xmlns:xsi="http://www.w3.org/2001/XMLSchema-instance" xsi:noNamespaceSchemaLocation="http://totem.run.montefiore.ulg.ac.be/Schema/TrafficMatrix-v1_2.xsd">
  <info>
    <title>Intradomain traffic matrix generated by geant-TM-all.pl</title>
    <date>2005-01-05T21:45:00</date>
    <duration>900</duration>
    <author>Steve Uhlig</author>
    <units>
        <unit type="bandwidth" value="kbps"/>
    </units>
  </info>
  <IntraTM ASID="20965">
    <src id="12">
      <dst id="12">324693.5556</dst>
      <dst id="13">39026.9867</dst>
      <dst id="19">12827.5022</dst>
      <dst id="23">451.4311</dst>
      <dst id="8">11068.7733</dst>
      <dst id="18">13686.6044</dst>
      <dst id="4">78389.6444</dst>
      <dst id="1">15679.4400</dst>
      <dst id="5">5991.5911</dst>
      <dst id="3">10710.1956</dst>
      <dst id="22">22363.8756</dst>
      <dst id="7">23544.2133</dst>
      <dst id="2">149837.2533</dst>
      <dst id="6">122.5067</dst>
      <dst id="16">12473.2089</dst>
      <dst id="14">2325.5644</dst>
      <dst id="20">20005.7244</dst>
      <dst id="11">13710.1422</dst>
      <dst id="9">21568.8089</dst>
      <dst id="17">171521.0844</dst>
      <dst id="21">15720.2222</dst>
      <dst id="15">3249.4044</dst>
    </src>
    <src id="13">
      <dst id="12">85219.1556</dst>
      <dst id="19">22765.3600</dst>
      <dst id="23">2210.1689</dst>
      <dst id="8">15681.8844</dst>
      <dst id="18">10212.4711</dst>
      <dst id="1">13838.5067</dst>
      <dst id="5">10683.6622</dst>
      <dst id="3">36995.6800</dst>
      <dst id="22">39899.8044</dst>
      <dst id="7">39776.0267</dst>
      <dst id="2">131076.4800</dst>
      <dst id="6">569.0578</dst>
      <dst id="16">23809.3511</dst>
      <dst id="14">6744.8800</dst>
      <dst id="20">32840.9867</dst>
      <dst id="11">28756.6489</dst>
      <dst id="9">21242.7022</dst>
      <dst id="17">148129.1556</dst>
      <dst id="21">40911.6800</dst>
      <dst id="15">9133.0044</dst>
    </src>
    <src id="19">
      <dst id="12">18478.3289</dst>
      <dst id="13">7689.4044</dst>
      <dst id="23">216.6400</dst>
      <dst id="8">51.7867</dst>
      <dst id="18">1924.5778</dst>
      <dst id="4">18400.1067</dst>
      <dst id="1">2176.6933</dst>
      <dst id="5">300.8711</dst>
      <dst id="3">160.1778</dst>
      <dst id="22">905.8400</dst>
      <dst id="7">17459.2622</dst>
      <dst id="2">1760.9778</dst>
      <dst id="6">214.1778</dst>
      <dst id="16">5367.2267</dst>
      <dst id="20">168.7467</dst>
      <dst id="11">985.0044</dst>
      <dst id="9">561.2000</dst>
      <dst id="17">19988.5689</dst>
      <dst id="21">11191.3333</dst>
      <dst id="15">31.7422</dst>
    </src>
    <src id="23">
      <dst id="12">1116.3556</dst>
      <dst id="13">678.2489</dst>
      <dst id="19">56.0533</dst>
      <dst id="8">53.3333</dst>
      <dst id="18">737.3867</dst>
      <dst id="4">22.7378</dst>
      <dst id="1">507.7067</dst>
      <dst id="5">42.3733</dst>
      <dst id="3">1127.9733</dst>
      <dst id="22">406.1244</dst>
      <dst id="7">6754.6667</dst>
      <dst id="2">147.9289</dst>
      <dst id="6">5.6267</dst>
      <dst id="16">228.4711</dst>
      <dst id="14">210.6933</dst>
      <dst id="20">106.8444</dst>
      <dst id="11">140.8533</dst>
      <dst id="9">2733.2622</dst>
      <dst id="17">2021.6178</dst>
      <dst id="21">2593.1200</dst>
      <dst id="15">213.6889</dst>
    </src>
    <src id="8">
      <dst id="12">355117.4400</dst>
      <dst id="13">4409.9467</dst>
      <dst id="19">203.3333</dst>
      <dst id="23">0.3556</dst>
      <dst id="18">41.9200</dst>
      <dst id="4">6393.9378</dst>
      <dst id="1">1184.4000</dst>
      <dst id="5">2921.0844</dst>
      <dst id="3">238.7111</dst>
      <dst id="22">2603.4400</dst>
      <dst id="7">991.7689</dst>
      <dst id="2">146712.6044</dst>
      <dst id="16">969.3422</dst>
      <dst id="14">24.1511</dst>
      <dst id="20">1762.7556</dst>
      <dst id="11">1906.2133</dst>
      <dst id="9">668.7822</dst>
      <dst id="17">149400.7822</dst>
      <dst id="21">2682.6311</dst>
      <dst id="15">492.3022</dst>
    </src>
    <src id="18">
      <dst id="12">121647.7956</dst>
      <dst id="13">386.1067</dst>
      <dst id="19">51.0133</dst>
      <dst id="23">63.1822</dst>
      <dst id="8">191.1022</dst>
      <dst id="4">2037.1733</dst>
      <dst id="1">1441.2444</dst>
      <dst id="5">303.1644</dst>
      <dst id="3">188.2133</dst>
      <dst id="22">531.3689</dst>
      <dst id="7">471.9911</dst>
      <dst id="2">40114.5689</dst>
      <dst id="16">89.4667</dst>
      <dst id="14">29.8044</dst>
      <dst id="20">123.0578</dst>
      <dst id="11">700.2044</dst>
      <dst id="9">44.9333</dst>
      <dst id="17">51077.2444</dst>
      <dst id="21">1273.5733</dst>
      <dst id="15">147.8933</dst>
    </src>
    <src id="4">
      <dst id="12">21595.6089</dst>
      <dst id="19">52566.5067</dst>
      <dst id="8">3931.2178</dst>
      <dst id="18">1114.8978</dst>
      <dst id="4">3.6000</dst>
      <dst id="1">32836.8622</dst>
      <dst id="5">4009.5378</dst>
      <dst id="3">675.3778</dst>
      <dst id="22">7137.5111</dst>
      <dst id="7">45416.9956</dst>
      <dst id="2">84593.6533</dst>
      <dst id="6">79.3689</dst>
      <dst id="16">4307.4489</dst>
      <dst id="14">2245.7244</dst>
      <dst id="20">4273.3156</dst>
      <dst id="11">7119.0933</dst>
      <dst id="9">6456.7733</dst>
      <dst id="17">49451.4667</dst>
      <dst id="21">18461.3689</dst>
      <dst id="15">1046.0444</dst>
    </src>
    <src id="1">
      <dst id="12">20490.3289</dst>
      <dst id="13">39014.1156</dst>
      <dst id="19">9475.7244</dst>
      <dst id="23">164.7022</dst>
      <dst id="8">229409.1111</dst>
      <dst id="18">13969.4222</dst>
      <dst id="4">20947.8489</dst>
      <dst id="1">10191.8578</dst>
      <dst id="5">305551.1733</dst>
      <dst id="3">12458.0800</dst>
      <dst id="22">14661.2533</dst>
      <dst id="7">29386.9422</dst>
      <dst id="2">12213.4489</dst>
      <dst id="6">29584.8178</dst>
      <dst id="16">11916.3822</dst>
      <dst id="14">4896.2578</dst>
      <dst id="20">13879.9111</dst>
      <dst id="11">3466.5067</dst>
      <dst id="9">423642.4444</dst>
      <dst id="17">48932.5333</dst>
      <dst id="21">8535.3244</dst>
      <dst id="15">5004.5867</dst>
    </src>
    <src id="5">
      <dst id="12">344207.1733</dst>
      <dst id="13">18263.9644</dst>
      <dst id="19">11457.2267</dst>
      <dst id="23">14.1778</dst>
      <dst id="8">21973.0844</dst>
      <dst id="18">639.8311</dst>
      <dst id="4">11787.2356</dst>
      <dst id="1">6487.6622</dst>
      <dst id="3">40.6400</dst>
      <dst id="22">7082.8533</dst>
      <dst id="7">905.8933</dst>
      <dst id="2">158842.6222</dst>
      <dst id="6">4.9600</dst>
      <dst id="16">1504.4444</dst>
      <dst id="14">37.7511</dst>
      <dst id="20">11331.6178</dst>
      <dst id="11">4378.7822</dst>
      <dst id="9">3115.5378</dst>
      <dst id="17">130410.9333</dst>
      <dst id="21">389.8133</dst>
      <dst id="15">576.7200</dst>
    </src>
    <src id="3">
      <dst id="12">14097.4400</dst>
      <dst id="13">8703.9289</dst>
      <dst id="19">1678.4622</dst>
      <dst id="23">5285.8133</dst>
      <dst id="8">243.9467</dst>
      <dst id="18">186429.2889</dst>
      <dst id="4">38070.9600</dst>
      <dst id="1">6545.9289</dst>
      <dst id="5">1321.8844</dst>
      <dst id="3">22494.5511</dst>
      <dst id="22">1491.6711</dst>
      <dst id="7">46967.6889</dst>
      <dst id="2">23010.2133</dst>
      <dst id="6">6.9956</dst>
      <dst id="16">2186.7022</dst>
      <dst id="14">66168.8267</dst>
      <dst id="20">8597.6622</dst>
      <dst id="11">378462.2489</dst>
      <dst id="9">896.5778</dst>
      <dst id="17">28736.9244</dst>
      <dst id="21">23414.4711</dst>
      <dst id="15">201.8044</dst>
    </src>
    <src id="10">
      <dst id="12">41593.4489</dst>
      <dst id="19">8604.4444</dst>
      <dst id="8">5962.3644</dst>
      <dst id="18">5210.4356</dst>
      <dst id="1">3278.2311</dst>
      <dst id="5">2474.7200</dst>
      <dst id="3">16385.5111</dst>
      <dst id="22">8509.3778</dst>
      <dst id="7">18562.8267</dst>
      <dst id="2">65507.0489</dst>
      <dst id="6">129.8311</dst>
      <dst id="16">7175.8489</dst>
      <dst id="14">2596.2133</dst>
      <dst id="20">1300.8089</dst>
      <dst id="11">10184.0444</dst>
      <dst id="9">8129.4133</dst>
      <dst id="17">40455.4044</dst>
      <dst id="21">14765.9467</dst>
      <dst id="15">577.2356</dst>
    </src>
    <src id="22">
      <dst id="12">16520.4444</dst>
      <dst id="13">6159.2711</dst>
      <dst id="19">2086.8444</dst>
      <dst id="23">212.6578</dst>
      <dst id="8">993.8756</dst>
      <dst id="18">841.4133</dst>
      <dst id="4">20363.6089</dst>
      <dst id="1">3345.6711</dst>
      <dst id="5">9055.4133</dst>
      <dst id="3">2181.0133</dst>
      <dst id="7">2597.7422</dst>
      <dst id="2">11381.5022</dst>
      <dst id="6">14.2667</dst>
      <dst id="16">1.3156</dst>
      <dst id="14">127.9200</dst>
      <dst id="11">3681.1733</dst>
      <dst id="9">5092.8444</dst>
      <dst id="17">15100.5244</dst>
      <dst id="21">1702.6311</dst>
    </src>
    <src id="7">
      <dst id="12">7743.8844</dst>
      <dst id="13">1716.0889</dst>
      <dst id="19">5420.4000</dst>
      <dst id="23">295.4222</dst>
      <dst id="8">5091.7867</dst>
      <dst id="18">753.9022</dst>
      <dst id="4">41428.7022</dst>
      <dst id="1">14146.8711</dst>
      <dst id="5">1048.2667</dst>
      <dst id="3">2894.4711</dst>
      <dst id="22">5460.1156</dst>
      <dst id="7">629.9733</dst>
      <dst id="2">24368.5333</dst>
      <dst id="6">227.9289</dst>
      <dst id="16">2707.1733</dst>
      <dst id="14">168.5333</dst>
      <dst id="20">2754.6222</dst>
      <dst id="11">2607.4311</dst>
      <dst id="9">1685.2000</dst>
      <dst id="17">27102.2133</dst>
      <dst id="21">10540.5244</dst>
      <dst id="15">772.6489</dst>
    </src>
    <src id="2">
      <dst id="12">172662.3022</dst>
      <dst id="13">591596.5778</dst>
      <dst id="19">1362.3733</dst>
      <dst id="23">88.0800</dst>
      <dst id="8">2207.2711</dst>
      <dst id="18">149949.1911</dst>
      <dst id="4">80724.8267</dst>
      <dst id="1">18900.5956</dst>
      <dst id="5">9850.4800</dst>
      <dst id="3">1916.5867</dst>
      <dst id="22">2035.9911</dst>
      <dst id="7">25038.0178</dst>
      <dst id="2">1157.8400</dst>
      <dst id="6">14497.8844</dst>
      <dst id="16">2047.0133</dst>
      <dst id="14">5912.9867</dst>
      <dst id="20">2687.8489</dst>
      <dst id="11">11304.4000</dst>
      <dst id="9">3553.2089</dst>
      <dst id="17">51289.2978</dst>
      <dst id="21">11029.9733</dst>
      <dst id="15">169.0044</dst>
    </src>
    <src id="6">
      <dst id="12">14771.0667</dst>
      <dst id="13">93.8044</dst>
      <dst id="19">5.2533</dst>
      <dst id="23">23.2711</dst>
      <dst id="18">0.3378</dst>
      <dst id="4">1176.4889</dst>
      <dst id="1">207.2622</dst>
      <dst id="5">2.2222</dst>
      <dst id="22">25.3067</dst>
      <dst id="7">374.5511</dst>
      <dst id="2">2411.5733</dst>
      <dst id="16">48.1422</dst>
      <dst id="14">22.9333</dst>
      <dst id="20">49.9822</dst>
      <dst id="11">41.7778</dst>
      <dst id="9">13.1378</dst>
      <dst id="17">3657.2889</dst>
      <dst id="21">302.8267</dst>
      <dst id="15">0.4889</dst>
    </src>
    <src id="16">
      <dst id="12">3161.8222</dst>
      <dst id="13">904.3556</dst>
      <dst id="19">4966.6222</dst>
      <dst id="23">363.2267</dst>
      <dst id="8">8763.5556</dst>
      <dst id="18">283.4489</dst>
      <dst id="4">6108.7289</dst>
      <dst id="1">23315.0044</dst>
      <dst id="5">12020.4000</dst>
      <dst id="3">22.9778</dst>
      <dst id="7">5528.8533</dst>
      <dst id="2">14552.0889</dst>
      <dst id="6">55.5733</dst>
      <dst id="16">65.5822</dst>
      <dst id="14">652.7289</dst>
      <dst id="11">4930.3467</dst>
      <dst id="9">14654.1511</dst>
      <dst id="17">10201.5733</dst>
      <dst id="21">3510.7022</dst>
    </src>
    <src id="14">
      <dst id="12">22959.9111</dst>
      <dst id="13">111.7511</dst>
      <dst id="19">30.7200</dst>
      <dst id="23">3.6978</dst>
      <dst id="8">1.7956</dst>
      <dst id="18">3.6978</dst>
      <dst id="4">2312.0000</dst>
      <dst id="1">1261.1289</dst>
      <dst id="5">3.8756</dst>
      <dst id="3">364.5156</dst>
      <dst id="22">16.5600</dst>
      <dst id="7">162.9422</dst>
      <dst id="2">9068.7644</dst>
      <dst id="6">7.4311</dst>
      <dst id="16">24.8978</dst>
      <dst id="20">14.9156</dst>
      <dst id="11">126.2311</dst>
      <dst id="9">87.2267</dst>
      <dst id="17">8675.5644</dst>
      <dst id="21">75.1378</dst>
      <dst id="15">0.8711</dst>
    </src>
    <src id="20">
      <dst id="12">10639.0578</dst>
      <dst id="13">7893.9467</dst>
      <dst id="19">2321.9556</dst>
      <dst id="23">14.8444</dst>
      <dst id="8">4478.3111</dst>
      <dst id="18">811.5733</dst>
      <dst id="4">10072.8444</dst>
      <dst id="1">2261.7867</dst>
      <dst id="5">6670.2756</dst>
      <dst id="3">2913.9378</dst>
      <dst id="7">4826.5600</dst>
      <dst id="2">6819.9200</dst>
      <dst id="6">16.5511</dst>
      <dst id="14">25.8667</dst>
      <dst id="11">2449.5200</dst>
      <dst id="9">9840.2133</dst>
      <dst id="17">4781.8489</dst>
      <dst id="21">495.2000</dst>
    </src>
    <src id="11">
      <dst id="12">474507.0933</dst>
      <dst id="13">4880.4889</dst>
      <dst id="19">418.4622</dst>
      <dst id="23">27.7956</dst>
      <dst id="8">1722.5956</dst>
      <dst id="18">753.6000</dst>
      <dst id="4">11166.8178</dst>
      <dst id="1">1607.4044</dst>
      <dst id="5">2756.0089</dst>
      <dst id="3">11253.1467</dst>
      <dst id="22">2325.7067</dst>
      <dst id="7">2389.2622</dst>
      <dst id="2">202372.0089</dst>
      <dst id="6">790.4178</dst>
      <dst id="16">848.1956</dst>
      <dst id="14">937.8222</dst>
      <dst id="20">2652.1422</dst>
      <dst id="11">3370.7733</dst>
      <dst id="9">2237.4578</dst>
      <dst id="17">199888.8889</dst>
      <dst id="21">817.0311</dst>
      <dst id="15">624.7822</dst>
    </src>
    <src id="9">
      <dst id="12">492602.5956</dst>
      <dst id="13">6121.8133</dst>
      <dst id="19">222.1511</dst>
      <dst id="23">64.0889</dst>
      <dst id="8">10395.1733</dst>
      <dst id="18">189.5022</dst>
      <dst id="4">9520.9067</dst>
      <dst id="1">9686.2933</dst>
      <dst id="5">1491.1644</dst>
      <dst id="3">16.9867</dst>
      <dst id="22">7946.5156</dst>
      <dst id="7">5214.3200</dst>
      <dst id="2">200525.0844</dst>
      <dst id="6">25.7778</dst>
      <dst id="16">1355.4044</dst>
      <dst id="14">1997.2089</dst>
      <dst id="20">17180.3644</dst>
      <dst id="11">2583.0400</dst>
      <dst id="9">4206.9511</dst>
      <dst id="17">212524.6844</dst>
      <dst id="21">4293.5022</dst>
      <dst id="15">6441.7778</dst>
    </src>
    <src id="17">
      <dst id="12">19702.3911</dst>
      <dst id="13">7555.2533</dst>
      <dst id="19">20494.7556</dst>
      <dst id="23">1130.6578</dst>
      <dst id="8">250358.0000</dst>
      <dst id="18">2311.1200</dst>
      <dst id="4">105677.8578</dst>
      <dst id="1">12029.6978</dst>
      <dst id="5">281589.4756</dst>
      <dst id="3">15391.5111</dst>
      <dst id="22">19603.0578</dst>
      <dst id="7">10285.0578</dst>
      <dst id="2">26019.7333</dst>
      <dst id="6">924.8889</dst>
      <dst id="16">24062.5333</dst>
      <dst id="14">50888.3378</dst>
      <dst id="20">5260.2222</dst>
      <dst id="11">279586.6667</dst>
      <dst id="9">393755.4578</dst>
      <dst id="17">2353.8044</dst>
      <dst id="21">36794.7733</dst>
      <dst id="15">948.0444</dst>
    </src>
    <src id="21">
      <dst id="12">23748.3200</dst>
      <dst id="13">15391.8578</dst>
      <dst id="19">2084.9956</dst>
      <dst id="23">189.5556</dst>
      <dst id="8">936.4267</dst>
      <dst id="18">1230.2222</dst>
      <dst id="4">20155.5200</dst>
      <dst id="1">9054.6400</dst>
      <dst id="5">288.4533</dst>
      <dst id="3">24297.8933</dst>
      <dst id="22">2746.0444</dst>
      <dst id="7">13480.2489</dst>
      <dst id="2">29420.0889</dst>
      <dst id="6">14.9244</dst>
      <dst id="16">4496.1333</dst>
      <dst id="14">660.4178</dst>
      <dst id="20">3483.9022</dst>
      <dst id="11">3620.6400</dst>
      <dst id="9">1940.8089</dst>
      <dst id="17">20801.7867</dst>
      <dst id="21">3990.6133</dst>
      <dst id="15">1645.1822</dst>
    </src>
    <src id="15">
      <dst id="12">5187.4756</dst>
      <dst id="13">358.1689</dst>
      <dst id="19">2070.6756</dst>
      <dst id="23">14.1422</dst>
      <dst id="8">1533.1733</dst>
      <dst id="18">80.4622</dst>
      <dst id="4">1812.6222</dst>
      <dst id="1">3041.9200</dst>
      <dst id="5">265.1022</dst>
      <dst id="3">5.8667</dst>
      <dst id="7">1805.6889</dst>
      <dst id="2">366.0711</dst>
      <dst id="6">0.8889</dst>
      <dst id="14">0.7111</dst>
      <dst id="11">1136.9422</dst>
      <dst id="9">610.2578</dst>
      <dst id="17">819.8844</dst>
      <dst id="21">100.7467</dst>
    </src>
  </IntraTM>
</TrafficMatrixFile>
