<?xml version="1.0" encoding="UTF-8" standalone="yes"?>
<TrafficMatrixFile xmlns:xsi="http://www.w3.org/2001/XMLSchema-instance" xsi:noNamespaceSchemaLocation="http://totem.run.montefiore.ulg.ac.be/Schema/TrafficMatrix-v1_2.xsd">
  <info>
    <title>Intradomain traffic matrix generated by geant-TM-all.pl</title>
    <date>2005-01-03T10:00:00</date>
    <duration>900</duration>
    <author>Steve Uhlig</author>
    <units>
        <unit type="bandwidth" value="kbps"/>
    </units>
  </info>
  <IntraTM ASID="20965">
    <src id="12">
      <dst id="12">170349.3244</dst>
      <dst id="13">21952.0444</dst>
      <dst id="19">1457.6000</dst>
      <dst id="23">16769.7067</dst>
      <dst id="8">1166.6844</dst>
      <dst id="18">3250.0267</dst>
      <dst id="4">69235.8578</dst>
      <dst id="1">6448.3556</dst>
      <dst id="5">2361.5378</dst>
      <dst id="3">2108.8889</dst>
      <dst id="22">27878.1511</dst>
      <dst id="7">6143.9822</dst>
      <dst id="2">58214.8267</dst>
      <dst id="6">2.7289</dst>
      <dst id="16">4978.6044</dst>
      <dst id="14">189.7600</dst>
      <dst id="20">19864.4178</dst>
      <dst id="11">4272.9956</dst>
      <dst id="9">8356.4356</dst>
      <dst id="17">73375.6356</dst>
      <dst id="21">9938.1422</dst>
      <dst id="15">158.8267</dst>
    </src>
    <src id="13">
      <dst id="12">41894.0533</dst>
      <dst id="19">36403.0311</dst>
      <dst id="23">18.2044</dst>
      <dst id="8">1671.9378</dst>
      <dst id="18">2125.1200</dst>
      <dst id="1">4908.0178</dst>
      <dst id="5">7292.2489</dst>
      <dst id="3">5637.9200</dst>
      <dst id="22">15422.9422</dst>
      <dst id="7">10615.9733</dst>
      <dst id="2">108806.7378</dst>
      <dst id="6">62.4622</dst>
      <dst id="16">7222.0267</dst>
      <dst id="14">1117.2444</dst>
      <dst id="20">9787.2267</dst>
      <dst id="11">8739.4578</dst>
      <dst id="9">10068.3289</dst>
      <dst id="17">49238.3467</dst>
      <dst id="21">19693.3333</dst>
      <dst id="15">1380.4267</dst>
    </src>
    <src id="19">
      <dst id="12">13987.9911</dst>
      <dst id="13">204.1244</dst>
      <dst id="23">0.3378</dst>
      <dst id="8">1.6444</dst>
      <dst id="18">66.2311</dst>
      <dst id="4">21075.1467</dst>
      <dst id="1">538.9244</dst>
      <dst id="22">1469.7778</dst>
      <dst id="7">3198.3467</dst>
      <dst id="2">117.8222</dst>
      <dst id="6">28.0978</dst>
      <dst id="16">6352.7822</dst>
      <dst id="20">18.1867</dst>
      <dst id="11">32.2222</dst>
      <dst id="9">6.6489</dst>
      <dst id="17">98.5867</dst>
      <dst id="21">754.5067</dst>
    </src>
    <src id="23">
      <dst id="12">274.2222</dst>
      <dst id="13">46.5778</dst>
      <dst id="19">0.5244</dst>
      <dst id="18">40.7822</dst>
      <dst id="4">146.0622</dst>
      <dst id="1">29.6444</dst>
      <dst id="3">186.4178</dst>
      <dst id="22">50.3200</dst>
      <dst id="7">5506.5778</dst>
      <dst id="2">590.3644</dst>
      <dst id="16">4.0711</dst>
      <dst id="11">26.3822</dst>
      <dst id="9">452.9333</dst>
      <dst id="17">13.6978</dst>
      <dst id="21">160.1511</dst>
    </src>
    <src id="8">
      <dst id="12">314487.2889</dst>
      <dst id="13">768.1511</dst>
      <dst id="19">12.4444</dst>
      <dst id="23">0.4267</dst>
      <dst id="18">14.7289</dst>
      <dst id="4">8089.6622</dst>
      <dst id="1">538.4800</dst>
      <dst id="5">1690.3289</dst>
      <dst id="22">1848.7911</dst>
      <dst id="7">32.8889</dst>
      <dst id="2">122818.3644</dst>
      <dst id="16">395.9467</dst>
      <dst id="14">0.7733</dst>
      <dst id="20">194.5600</dst>
      <dst id="11">251.2533</dst>
      <dst id="9">952.1067</dst>
      <dst id="17">112883.6978</dst>
      <dst id="21">9751.1200</dst>
      <dst id="15">206.0800</dst>
    </src>
    <src id="18">
      <dst id="12">97875.1911</dst>
      <dst id="13">336.7200</dst>
      <dst id="19">3.4400</dst>
      <dst id="23">1.4933</dst>
      <dst id="8">2.1244</dst>
      <dst id="4">1825.1289</dst>
      <dst id="1">734.2311</dst>
      <dst id="5">57.4133</dst>
      <dst id="3">234.8444</dst>
      <dst id="22">288.7378</dst>
      <dst id="7">61.4044</dst>
      <dst id="2">36968.5422</dst>
      <dst id="16">26.4711</dst>
      <dst id="20">56.0622</dst>
      <dst id="11">470.2667</dst>
      <dst id="9">67.1111</dst>
      <dst id="17">41163.0756</dst>
      <dst id="21">867.5200</dst>
      <dst id="15">5.7600</dst>
    </src>
    <src id="4">
      <dst id="12">8764.9511</dst>
      <dst id="19">8713.0222</dst>
      <dst id="8">3245.5822</dst>
      <dst id="18">3975.8756</dst>
      <dst id="1">17380.6933</dst>
      <dst id="5">2202.0622</dst>
      <dst id="3">94.0089</dst>
      <dst id="22">3480.9956</dst>
      <dst id="7">161812.0711</dst>
      <dst id="2">71829.3778</dst>
      <dst id="6">66.0444</dst>
      <dst id="16">1591.8667</dst>
      <dst id="14">1090.8089</dst>
      <dst id="20">466.6844</dst>
      <dst id="11">3168.2578</dst>
      <dst id="9">4265.7333</dst>
      <dst id="17">122479.5733</dst>
      <dst id="21">4251.8844</dst>
      <dst id="15">261.6889</dst>
    </src>
    <src id="1">
      <dst id="12">18738.9867</dst>
      <dst id="13">645.7689</dst>
      <dst id="19">14.2578</dst>
      <dst id="23">38.4622</dst>
      <dst id="8">98896.4533</dst>
      <dst id="18">12930.6756</dst>
      <dst id="4">6397.4844</dst>
      <dst id="1">10275.6800</dst>
      <dst id="5">149793.2889</dst>
      <dst id="3">149.2089</dst>
      <dst id="22">1499.1911</dst>
      <dst id="7">994.4711</dst>
      <dst id="2">1284.0800</dst>
      <dst id="6">9822.4356</dst>
      <dst id="16">10413.4044</dst>
      <dst id="14">29.8667</dst>
      <dst id="20">62.2489</dst>
      <dst id="11">164.7022</dst>
      <dst id="9">157441.6800</dst>
      <dst id="17">2746.7289</dst>
      <dst id="21">6761.5556</dst>
      <dst id="15">892.8178</dst>
    </src>
    <src id="5">
      <dst id="12">263896.1778</dst>
      <dst id="13">952.4533</dst>
      <dst id="19">2.8533</dst>
      <dst id="23">0.3556</dst>
      <dst id="8">6156.0178</dst>
      <dst id="18">560.2489</dst>
      <dst id="4">4687.2444</dst>
      <dst id="1">5292.1422</dst>
      <dst id="22">2459.5467</dst>
      <dst id="7">95.8489</dst>
      <dst id="2">98619.9822</dst>
      <dst id="6">0.9333</dst>
      <dst id="16">285.1289</dst>
      <dst id="20">5680.3022</dst>
      <dst id="11">1991.9111</dst>
      <dst id="9">1106.0889</dst>
      <dst id="17">108160.0533</dst>
      <dst id="21">147.3600</dst>
      <dst id="15">22.3111</dst>
    </src>
    <src id="3">
      <dst id="12">13338.4356</dst>
      <dst id="13">384.5422</dst>
      <dst id="19">5117.1378</dst>
      <dst id="23">7950.8800</dst>
      <dst id="8">106.4444</dst>
      <dst id="18">68833.5733</dst>
      <dst id="4">28006.1422</dst>
      <dst id="1">8048.9867</dst>
      <dst id="5">381.9911</dst>
      <dst id="3">9954.6933</dst>
      <dst id="22">678.2844</dst>
      <dst id="7">499.6889</dst>
      <dst id="2">3670.7378</dst>
      <dst id="6">45.2978</dst>
      <dst id="16">995.6000</dst>
      <dst id="14">25649.7244</dst>
      <dst id="20">2704.2667</dst>
      <dst id="11">131863.3689</dst>
      <dst id="9">669.4222</dst>
      <dst id="17">10907.6267</dst>
      <dst id="21">5339.7156</dst>
      <dst id="15">35.5111</dst>
    </src>
    <src id="10">
      <dst id="12">13570.5689</dst>
      <dst id="19">3857.4044</dst>
      <dst id="8">543.1289</dst>
      <dst id="18">3123.9733</dst>
      <dst id="4">0.3556</dst>
      <dst id="1">2156.8356</dst>
      <dst id="5">423.9467</dst>
      <dst id="3">1734.0711</dst>
      <dst id="22">4514.6044</dst>
      <dst id="7">5531.2889</dst>
      <dst id="2">26980.4000</dst>
      <dst id="6">16.9156</dst>
      <dst id="16">1030.0444</dst>
      <dst id="14">3175.5556</dst>
      <dst id="20">459.9733</dst>
      <dst id="11">4358.5867</dst>
      <dst id="9">3087.3244</dst>
      <dst id="17">40071.3067</dst>
      <dst id="21">9411.2356</dst>
      <dst id="15">43.1289</dst>
    </src>
    <src id="22">
      <dst id="12">5130.5689</dst>
      <dst id="13">2650.3822</dst>
      <dst id="19">41.6000</dst>
      <dst id="23">923.6267</dst>
      <dst id="8">527.6178</dst>
      <dst id="18">486.4356</dst>
      <dst id="4">16007.3689</dst>
      <dst id="1">584.7200</dst>
      <dst id="5">2429.1911</dst>
      <dst id="3">154.1067</dst>
      <dst id="7">470.4089</dst>
      <dst id="2">3184.0000</dst>
      <dst id="6">1.3244</dst>
      <dst id="16">1.6889</dst>
      <dst id="14">2.8533</dst>
      <dst id="11">2004.8000</dst>
      <dst id="9">2942.2311</dst>
      <dst id="17">2560.4533</dst>
      <dst id="21">3343.2800</dst>
    </src>
    <src id="7">
      <dst id="12">5329.1911</dst>
      <dst id="13">246.9956</dst>
      <dst id="19">52.8622</dst>
      <dst id="23">150.8267</dst>
      <dst id="8">448.4622</dst>
      <dst id="18">454.2489</dst>
      <dst id="4">28150.1600</dst>
      <dst id="1">1205.5733</dst>
      <dst id="5">1618.4000</dst>
      <dst id="3">343.3156</dst>
      <dst id="22">5298.6756</dst>
      <dst id="7">816.5333</dst>
      <dst id="2">23886.9778</dst>
      <dst id="6">26.5244</dst>
      <dst id="16">357.0667</dst>
      <dst id="14">48.6756</dst>
      <dst id="20">153.5911</dst>
      <dst id="11">977.7956</dst>
      <dst id="9">1005.0844</dst>
      <dst id="17">12963.0489</dst>
      <dst id="21">2862.0889</dst>
      <dst id="15">273.2889</dst>
    </src>
    <src id="2">
      <dst id="12">59828.7289</dst>
      <dst id="13">520749.2800</dst>
      <dst id="19">607.7511</dst>
      <dst id="23">13.8667</dst>
      <dst id="8">1385.7867</dst>
      <dst id="18">61264.1689</dst>
      <dst id="4">93328.2578</dst>
      <dst id="1">11863.5733</dst>
      <dst id="5">1079.5556</dst>
      <dst id="3">86.8444</dst>
      <dst id="22">718.7378</dst>
      <dst id="7">2436.6400</dst>
      <dst id="2">638.1689</dst>
      <dst id="6">6364.5689</dst>
      <dst id="16">2385.2711</dst>
      <dst id="14">5193.7244</dst>
      <dst id="20">917.2978</dst>
      <dst id="11">2116.7289</dst>
      <dst id="9">700.0089</dst>
      <dst id="17">43057.6089</dst>
      <dst id="21">7813.6178</dst>
      <dst id="15">3875.5200</dst>
    </src>
    <src id="6">
      <dst id="12">9348.5600</dst>
      <dst id="13">24.7644</dst>
      <dst id="19">1.3511</dst>
      <dst id="23">0.3378</dst>
      <dst id="8">0.4178</dst>
      <dst id="18">0.5600</dst>
      <dst id="4">956.2756</dst>
      <dst id="1">1.9911</dst>
      <dst id="5">0.3556</dst>
      <dst id="22">0.3200</dst>
      <dst id="7">0.8622</dst>
      <dst id="2">1813.5911</dst>
      <dst id="11">1.4222</dst>
      <dst id="9">49.8400</dst>
      <dst id="17">1709.6978</dst>
      <dst id="21">17.4133</dst>
      <dst id="15">0.3378</dst>
    </src>
    <src id="16">
      <dst id="12">2572.9778</dst>
      <dst id="13">729.7156</dst>
      <dst id="19">3232.1244</dst>
      <dst id="23">4.2311</dst>
      <dst id="8">963.1022</dst>
      <dst id="18">8.7111</dst>
      <dst id="4">4955.0667</dst>
      <dst id="1">18434.2133</dst>
      <dst id="5">1024.5067</dst>
      <dst id="3">0.3556</dst>
      <dst id="7">3514.5422</dst>
      <dst id="2">966.2933</dst>
      <dst id="16">27.1200</dst>
      <dst id="14">374.7556</dst>
      <dst id="11">189.0667</dst>
      <dst id="9">1690.6578</dst>
      <dst id="17">937.0933</dst>
      <dst id="21">3740.5511</dst>
    </src>
    <src id="14">
      <dst id="12">11915.0933</dst>
      <dst id="13">35.6178</dst>
      <dst id="19">5.5644</dst>
      <dst id="4">1642.3378</dst>
      <dst id="1">29.3067</dst>
      <dst id="3">1391.5022</dst>
      <dst id="22">28.0356</dst>
      <dst id="7">54.0533</dst>
      <dst id="2">4583.1111</dst>
      <dst id="16">54.4000</dst>
      <dst id="20">0.7822</dst>
      <dst id="11">43.8400</dst>
      <dst id="9">2.9600</dst>
      <dst id="17">4032.8178</dst>
      <dst id="21">108.6667</dst>
    </src>
    <src id="20">
      <dst id="12">5665.2978</dst>
      <dst id="13">7001.5556</dst>
      <dst id="19">0.4622</dst>
      <dst id="8">373.3956</dst>
      <dst id="18">65.2533</dst>
      <dst id="4">10217.6800</dst>
      <dst id="1">124.4000</dst>
      <dst id="5">5905.5378</dst>
      <dst id="3">2478.2844</dst>
      <dst id="7">347.6178</dst>
      <dst id="2">1005.7244</dst>
      <dst id="6">11.0222</dst>
      <dst id="11">434.6844</dst>
      <dst id="9">3141.0222</dst>
      <dst id="17">3135.9289</dst>
      <dst id="21">708.7378</dst>
    </src>
    <src id="11">
      <dst id="12">381673.1022</dst>
      <dst id="13">3732.7644</dst>
      <dst id="19">62.2933</dst>
      <dst id="23">1.6889</dst>
      <dst id="8">314.0978</dst>
      <dst id="18">115.0044</dst>
      <dst id="4">12279.2622</dst>
      <dst id="1">499.1022</dst>
      <dst id="5">2093.4578</dst>
      <dst id="3">396.0444</dst>
      <dst id="22">1365.1378</dst>
      <dst id="7">226.8178</dst>
      <dst id="2">144613.7156</dst>
      <dst id="6">40.9067</dst>
      <dst id="16">84.7822</dst>
      <dst id="14">29.5822</dst>
      <dst id="20">1337.1911</dst>
      <dst id="11">1135.6000</dst>
      <dst id="9">2213.6711</dst>
      <dst id="17">151311.4400</dst>
      <dst id="21">2715.3689</dst>
      <dst id="15">136.7733</dst>
    </src>
    <src id="9">
      <dst id="12">358844.8622</dst>
      <dst id="13">10036.0178</dst>
      <dst id="19">55.9644</dst>
      <dst id="23">16.5333</dst>
      <dst id="8">2449.1556</dst>
      <dst id="18">1419.8133</dst>
      <dst id="4">9989.6356</dst>
      <dst id="1">1756.2844</dst>
      <dst id="5">10790.1511</dst>
      <dst id="3">0.4622</dst>
      <dst id="22">5847.0756</dst>
      <dst id="7">361.2978</dst>
      <dst id="2">124370.6311</dst>
      <dst id="6">4.5778</dst>
      <dst id="16">1079.7867</dst>
      <dst id="14">0.5244</dst>
      <dst id="20">1994.0889</dst>
      <dst id="11">513.5822</dst>
      <dst id="9">56.2667</dst>
      <dst id="17">166950.9422</dst>
      <dst id="21">648.6933</dst>
      <dst id="15">503.5911</dst>
    </src>
    <src id="17">
      <dst id="12">6642.8978</dst>
      <dst id="13">6978.9778</dst>
      <dst id="19">834.6044</dst>
      <dst id="23">30.9778</dst>
      <dst id="8">119032.8267</dst>
      <dst id="18">815.9911</dst>
      <dst id="4">165209.0844</dst>
      <dst id="1">1931.3244</dst>
      <dst id="5">157181.1111</dst>
      <dst id="3">5328.5333</dst>
      <dst id="22">4822.9778</dst>
      <dst id="7">3514.1511</dst>
      <dst id="2">29021.8311</dst>
      <dst id="6">15.7778</dst>
      <dst id="16">3760.2133</dst>
      <dst id="14">15333.9644</dst>
      <dst id="20">786.0089</dst>
      <dst id="11">93472.4356</dst>
      <dst id="9">125000.3733</dst>
      <dst id="17">1867.3067</dst>
      <dst id="21">11689.7778</dst>
      <dst id="15">119.9644</dst>
    </src>
    <src id="21">
      <dst id="12">20919.2622</dst>
      <dst id="13">394.2578</dst>
      <dst id="19">226.2133</dst>
      <dst id="23">51.4578</dst>
      <dst id="8">427.3956</dst>
      <dst id="18">1774.9511</dst>
      <dst id="4">19241.0667</dst>
      <dst id="1">909.5822</dst>
      <dst id="5">142.4178</dst>
      <dst id="3">620.4089</dst>
      <dst id="22">1573.2000</dst>
      <dst id="7">4196.0267</dst>
      <dst id="2">7755.8400</dst>
      <dst id="6">1.1733</dst>
      <dst id="16">135.2711</dst>
      <dst id="14">58.3111</dst>
      <dst id="20">228.3467</dst>
      <dst id="11">713.6533</dst>
      <dst id="9">722.9511</dst>
      <dst id="17">4955.7600</dst>
      <dst id="21">2156.5511</dst>
      <dst id="15">11.1111</dst>
    </src>
    <src id="15">
      <dst id="12">257.7156</dst>
      <dst id="13">145.9378</dst>
      <dst id="19">0.6756</dst>
      <dst id="8">362.7556</dst>
      <dst id="18">3.6444</dst>
      <dst id="4">3109.6000</dst>
      <dst id="1">641.3956</dst>
      <dst id="5">267.9022</dst>
      <dst id="3">6.5689</dst>
      <dst id="7">111.3600</dst>
      <dst id="2">500.6933</dst>
      <dst id="11">38.9956</dst>
      <dst id="9">1225.4044</dst>
      <dst id="17">4547.1111</dst>
      <dst id="21">241.1111</dst>
    </src>
  </IntraTM>
</TrafficMatrixFile>
