<?xml version="1.0" encoding="UTF-8" standalone="yes"?>
<TrafficMatrixFile xmlns:xsi="http://www.w3.org/2001/XMLSchema-instance" xsi:noNamespaceSchemaLocation="http://totem.run.montefiore.ulg.ac.be/Schema/TrafficMatrix-v1_2.xsd">
  <info>
    <title>Intradomain traffic matrix generated by geant-TM-all.pl</title>
    <date>2005-01-05T08:00:00</date>
    <duration>900</duration>
    <author>Steve Uhlig</author>
    <units>
        <unit type="bandwidth" value="kbps"/>
    </units>
  </info>
  <IntraTM ASID="20965">
    <src id="12">
      <dst id="12">233453.5022</dst>
      <dst id="13">20360.9156</dst>
      <dst id="19">1783.3333</dst>
      <dst id="23">309.3244</dst>
      <dst id="8">3483.5022</dst>
      <dst id="18">664.9156</dst>
      <dst id="4">84892.3733</dst>
      <dst id="1">14019.3422</dst>
      <dst id="5">3757.5022</dst>
      <dst id="3">2733.5467</dst>
      <dst id="22">13822.1956</dst>
      <dst id="7">6430.2400</dst>
      <dst id="2">79906.1067</dst>
      <dst id="6">5.2533</dst>
      <dst id="16">4515.7600</dst>
      <dst id="14">200.8889</dst>
      <dst id="20">3797.8844</dst>
      <dst id="11">2495.2978</dst>
      <dst id="9">11699.5378</dst>
      <dst id="17">80217.8578</dst>
      <dst id="21">1545.9733</dst>
      <dst id="15">1753.4489</dst>
    </src>
    <src id="13">
      <dst id="12">48046.4444</dst>
      <dst id="19">11652.6311</dst>
      <dst id="23">52.9067</dst>
      <dst id="8">4833.3511</dst>
      <dst id="18">1927.9467</dst>
      <dst id="1">4250.3911</dst>
      <dst id="5">20019.1644</dst>
      <dst id="3">7529.2356</dst>
      <dst id="22">19722.3111</dst>
      <dst id="7">13305.3156</dst>
      <dst id="2">101320.3644</dst>
      <dst id="6">99.5911</dst>
      <dst id="16">8369.1111</dst>
      <dst id="14">9876.4000</dst>
      <dst id="20">14131.2267</dst>
      <dst id="11">17475.5289</dst>
      <dst id="9">11203.0578</dst>
      <dst id="17">50046.6222</dst>
      <dst id="21">7981.0667</dst>
      <dst id="15">6352.3289</dst>
    </src>
    <src id="19">
      <dst id="12">13896.2933</dst>
      <dst id="13">916.4622</dst>
      <dst id="8">62.8089</dst>
      <dst id="18">2229.1022</dst>
      <dst id="4">18558.4622</dst>
      <dst id="1">454.9244</dst>
      <dst id="5">75.1289</dst>
      <dst id="3">4.3289</dst>
      <dst id="22">2179.4311</dst>
      <dst id="7">2493.4933</dst>
      <dst id="2">499.8933</dst>
      <dst id="6">13.3333</dst>
      <dst id="16">4935.0667</dst>
      <dst id="14">12.9956</dst>
      <dst id="20">0.8178</dst>
      <dst id="11">43.1911</dst>
      <dst id="9">9.7422</dst>
      <dst id="17">448.5689</dst>
      <dst id="21">27.4044</dst>
      <dst id="15">3600.5689</dst>
    </src>
    <src id="23">
      <dst id="12">520.8533</dst>
      <dst id="13">160.4711</dst>
      <dst id="19">1.5111</dst>
      <dst id="8">26.6667</dst>
      <dst id="18">1760.0000</dst>
      <dst id="4">19.2089</dst>
      <dst id="1">423.2089</dst>
      <dst id="5">27.5556</dst>
      <dst id="3">272.6756</dst>
      <dst id="22">368.9156</dst>
      <dst id="7">28.3022</dst>
      <dst id="2">1.4844</dst>
      <dst id="6">76.3378</dst>
      <dst id="16">1027.0311</dst>
      <dst id="14">1.4667</dst>
      <dst id="20">30.9956</dst>
      <dst id="11">63.4933</dst>
      <dst id="9">1664.5333</dst>
      <dst id="17">231.1467</dst>
      <dst id="21">81.3511</dst>
      <dst id="15">26.6667</dst>
    </src>
    <src id="8">
      <dst id="12">321969.6178</dst>
      <dst id="13">2654.0533</dst>
      <dst id="19">8.2933</dst>
      <dst id="23">1.4222</dst>
      <dst id="18">15.9111</dst>
      <dst id="4">12901.0933</dst>
      <dst id="1">565.3778</dst>
      <dst id="5">2364.1422</dst>
      <dst id="3">58.1689</dst>
      <dst id="22">709.4933</dst>
      <dst id="7">5.1289</dst>
      <dst id="2">124979.5200</dst>
      <dst id="16">1054.9156</dst>
      <dst id="20">215.3778</dst>
      <dst id="11">225.9022</dst>
      <dst id="9">472.8444</dst>
      <dst id="17">127533.7867</dst>
      <dst id="21">235.5200</dst>
      <dst id="15">22.9778</dst>
    </src>
    <src id="18">
      <dst id="12">98034.5867</dst>
      <dst id="13">864.1067</dst>
      <dst id="19">35.5911</dst>
      <dst id="23">37.1911</dst>
      <dst id="8">408.2489</dst>
      <dst id="4">1466.2400</dst>
      <dst id="1">1538.1333</dst>
      <dst id="5">201.9022</dst>
      <dst id="3">4.5867</dst>
      <dst id="22">121.8311</dst>
      <dst id="7">5.8844</dst>
      <dst id="2">29379.7778</dst>
      <dst id="16">10.7644</dst>
      <dst id="14">0.9244</dst>
      <dst id="20">21.1467</dst>
      <dst id="11">85.1556</dst>
      <dst id="9">50.5333</dst>
      <dst id="17">36041.5467</dst>
      <dst id="21">80.5156</dst>
      <dst id="15">12.0089</dst>
    </src>
    <src id="4">
      <dst id="12">17832.6222</dst>
      <dst id="19">15165.9200</dst>
      <dst id="23">12.8178</dst>
      <dst id="8">1369.6889</dst>
      <dst id="18">353.2178</dst>
      <dst id="4">0.7111</dst>
      <dst id="1">121388.6044</dst>
      <dst id="5">1168.3289</dst>
      <dst id="3">51.3956</dst>
      <dst id="22">3195.8667</dst>
      <dst id="7">64039.0844</dst>
      <dst id="2">73668.2578</dst>
      <dst id="6">39.8756</dst>
      <dst id="16">1360.3822</dst>
      <dst id="14">793.6711</dst>
      <dst id="20">1642.2489</dst>
      <dst id="11">4001.5289</dst>
      <dst id="9">2567.1289</dst>
      <dst id="17">14114.5956</dst>
      <dst id="21">5891.0756</dst>
      <dst id="15">376.8978</dst>
    </src>
    <src id="1">
      <dst id="12">12978.8267</dst>
      <dst id="13">703.9733</dst>
      <dst id="19">623.1289</dst>
      <dst id="23">57.1644</dst>
      <dst id="8">104021.1556</dst>
      <dst id="18">10460.0089</dst>
      <dst id="4">5752.5422</dst>
      <dst id="1">26404.0444</dst>
      <dst id="5">184078.3022</dst>
      <dst id="3">91.0400</dst>
      <dst id="22">1272.0356</dst>
      <dst id="7">2858.8533</dst>
      <dst id="2">23472.1778</dst>
      <dst id="6">11174.7644</dst>
      <dst id="16">7402.5067</dst>
      <dst id="14">115.7244</dst>
      <dst id="20">290.8178</dst>
      <dst id="11">377.8667</dst>
      <dst id="9">204068.8978</dst>
      <dst id="17">4881.2178</dst>
      <dst id="21">2189.7956</dst>
      <dst id="15">133.9556</dst>
    </src>
    <src id="5">
      <dst id="12">279553.3422</dst>
      <dst id="13">1278.4978</dst>
      <dst id="19">54.0533</dst>
      <dst id="23">28.0000</dst>
      <dst id="8">4395.7956</dst>
      <dst id="18">476.0267</dst>
      <dst id="4">5752.4444</dst>
      <dst id="1">671.3689</dst>
      <dst id="3">35.5289</dst>
      <dst id="22">3592.4178</dst>
      <dst id="7">1501.3867</dst>
      <dst id="2">128019.2978</dst>
      <dst id="6">28.4533</dst>
      <dst id="16">666.0000</dst>
      <dst id="14">54.7556</dst>
      <dst id="20">2069.6444</dst>
      <dst id="11">755.4933</dst>
      <dst id="9">3603.4044</dst>
      <dst id="17">94171.5467</dst>
      <dst id="21">229.7689</dst>
      <dst id="15">344.7556</dst>
    </src>
    <src id="3">
      <dst id="12">12309.0578</dst>
      <dst id="13">4476.8800</dst>
      <dst id="19">4254.5333</dst>
      <dst id="23">8836.2578</dst>
      <dst id="8">15.1733</dst>
      <dst id="18">50312.8800</dst>
      <dst id="4">25202.1511</dst>
      <dst id="1">4381.8222</dst>
      <dst id="5">504.1156</dst>
      <dst id="3">9861.5467</dst>
      <dst id="22">4348.4267</dst>
      <dst id="7">6112.8622</dst>
      <dst id="2">15661.6000</dst>
      <dst id="6">1.4400</dst>
      <dst id="16">792.8178</dst>
      <dst id="14">27318.0978</dst>
      <dst id="20">1690.6222</dst>
      <dst id="11">125836.0267</dst>
      <dst id="9">1171.6356</dst>
      <dst id="17">6897.3867</dst>
      <dst id="21">18458.0978</dst>
      <dst id="15">364.2133</dst>
    </src>
    <src id="10">
      <dst id="12">16214.5156</dst>
      <dst id="19">720.9067</dst>
      <dst id="8">516.0178</dst>
      <dst id="18">7710.4178</dst>
      <dst id="1">3031.7600</dst>
      <dst id="5">931.7422</dst>
      <dst id="3">1858.4089</dst>
      <dst id="22">5366.4356</dst>
      <dst id="7">6078.6578</dst>
      <dst id="2">18786.0533</dst>
      <dst id="16">2711.3244</dst>
      <dst id="14">2894.4356</dst>
      <dst id="20">979.1467</dst>
      <dst id="11">6056.0000</dst>
      <dst id="9">2052.5067</dst>
      <dst id="17">36001.3778</dst>
      <dst id="21">5055.1467</dst>
      <dst id="15">214.2578</dst>
    </src>
    <src id="22">
      <dst id="12">11222.6311</dst>
      <dst id="13">5046.9600</dst>
      <dst id="19">330.2667</dst>
      <dst id="23">628.9422</dst>
      <dst id="8">379.2356</dst>
      <dst id="18">658.3467</dst>
      <dst id="4">16291.3511</dst>
      <dst id="1">181.2089</dst>
      <dst id="5">4312.7378</dst>
      <dst id="3">1132.7556</dst>
      <dst id="7">2233.9733</dst>
      <dst id="2">4355.1289</dst>
      <dst id="6">49.1911</dst>
      <dst id="16">7.5733</dst>
      <dst id="14">7.8222</dst>
      <dst id="11">2772.2933</dst>
      <dst id="9">1660.1422</dst>
      <dst id="17">6561.2800</dst>
      <dst id="21">545.7956</dst>
    </src>
    <src id="7">
      <dst id="12">3438.6578</dst>
      <dst id="13">232.5689</dst>
      <dst id="19">1287.0578</dst>
      <dst id="23">48.0444</dst>
      <dst id="8">130.9333</dst>
      <dst id="18">131.5378</dst>
      <dst id="4">28870.4356</dst>
      <dst id="1">5454.5600</dst>
      <dst id="5">1024.0800</dst>
      <dst id="3">147.6356</dst>
      <dst id="22">6319.3689</dst>
      <dst id="7">818.0267</dst>
      <dst id="2">8716.3200</dst>
      <dst id="6">13.9022</dst>
      <dst id="16">711.9644</dst>
      <dst id="14">238.0444</dst>
      <dst id="20">521.0667</dst>
      <dst id="11">2635.5111</dst>
      <dst id="9">491.7956</dst>
      <dst id="17">6875.7689</dst>
      <dst id="21">803.7244</dst>
      <dst id="15">122.3022</dst>
    </src>
    <src id="2">
      <dst id="12">69991.7689</dst>
      <dst id="13">514333.7333</dst>
      <dst id="19">946.1600</dst>
      <dst id="23">81.2800</dst>
      <dst id="8">99.5111</dst>
      <dst id="18">41765.4667</dst>
      <dst id="4">83037.0578</dst>
      <dst id="1">12273.2356</dst>
      <dst id="5">2727.5200</dst>
      <dst id="3">7.3333</dst>
      <dst id="22">1378.0800</dst>
      <dst id="7">15043.4489</dst>
      <dst id="2">786.3911</dst>
      <dst id="6">6119.2622</dst>
      <dst id="16">2955.4400</dst>
      <dst id="14">4917.3689</dst>
      <dst id="20">1526.8444</dst>
      <dst id="11">2400.4533</dst>
      <dst id="9">597.7778</dst>
      <dst id="17">37951.4222</dst>
      <dst id="21">2797.7333</dst>
      <dst id="15">5081.9733</dst>
    </src>
    <src id="6">
      <dst id="12">8505.0489</dst>
      <dst id="13">3.0311</dst>
      <dst id="19">1.3778</dst>
      <dst id="23">2.0978</dst>
      <dst id="8">0.4178</dst>
      <dst id="4">1366.0089</dst>
      <dst id="1">11.8933</dst>
      <dst id="5">0.7111</dst>
      <dst id="22">16.3022</dst>
      <dst id="7">0.6756</dst>
      <dst id="2">1536.7822</dst>
      <dst id="16">0.4889</dst>
      <dst id="20">0.4622</dst>
      <dst id="11">3.9822</dst>
      <dst id="9">0.4622</dst>
      <dst id="17">1184.1511</dst>
      <dst id="21">2.5067</dst>
      <dst id="15">0.3378</dst>
    </src>
    <src id="16">
      <dst id="12">1369.5022</dst>
      <dst id="13">1579.6444</dst>
      <dst id="19">3297.9378</dst>
      <dst id="23">26.6756</dst>
      <dst id="8">2454.1956</dst>
      <dst id="18">101.9111</dst>
      <dst id="4">4010.0444</dst>
      <dst id="1">4546.0444</dst>
      <dst id="5">2717.4222</dst>
      <dst id="3">1.1911</dst>
      <dst id="7">2944.4622</dst>
      <dst id="2">1562.7378</dst>
      <dst id="6">1.5378</dst>
      <dst id="16">48.5956</dst>
      <dst id="14">344.8889</dst>
      <dst id="11">404.2400</dst>
      <dst id="9">3853.7689</dst>
      <dst id="17">4680.2489</dst>
      <dst id="21">1734.4800</dst>
    </src>
    <src id="14">
      <dst id="12">22045.4133</dst>
      <dst id="13">127.9911</dst>
      <dst id="19">57.1822</dst>
      <dst id="18">6.1867</dst>
      <dst id="4">1548.4622</dst>
      <dst id="1">38.7022</dst>
      <dst id="5">1.6267</dst>
      <dst id="3">29.9200</dst>
      <dst id="22">16.9244</dst>
      <dst id="7">83.7956</dst>
      <dst id="2">9476.7822</dst>
      <dst id="16">5.8044</dst>
      <dst id="20">8.8889</dst>
      <dst id="11">42.1867</dst>
      <dst id="9">14.5067</dst>
      <dst id="17">7039.1467</dst>
      <dst id="21">98.9156</dst>
      <dst id="15">0.4533</dst>
    </src>
    <src id="20">
      <dst id="12">13179.2444</dst>
      <dst id="13">2315.9911</dst>
      <dst id="19">1.2089</dst>
      <dst id="23">1.3867</dst>
      <dst id="8">2127.8844</dst>
      <dst id="18">0.6756</dst>
      <dst id="4">5459.9200</dst>
      <dst id="1">247.6978</dst>
      <dst id="5">12335.4933</dst>
      <dst id="3">503.6356</dst>
      <dst id="7">728.4889</dst>
      <dst id="2">1654.8533</dst>
      <dst id="6">26.8800</dst>
      <dst id="14">638.4711</dst>
      <dst id="11">1135.9200</dst>
      <dst id="9">2946.8800</dst>
      <dst id="17">833.9289</dst>
      <dst id="21">82.5689</dst>
    </src>
    <src id="11">
      <dst id="12">400652.1600</dst>
      <dst id="13">3240.5333</dst>
      <dst id="19">48.4889</dst>
      <dst id="23">10.3822</dst>
      <dst id="8">327.9289</dst>
      <dst id="18">49.8756</dst>
      <dst id="4">7255.5111</dst>
      <dst id="1">683.0222</dst>
      <dst id="5">1426.2667</dst>
      <dst id="3">734.8889</dst>
      <dst id="22">1476.3644</dst>
      <dst id="7">94.9689</dst>
      <dst id="2">156172.3111</dst>
      <dst id="6">0.3556</dst>
      <dst id="16">188.2844</dst>
      <dst id="14">75.8933</dst>
      <dst id="20">111.4756</dst>
      <dst id="11">1721.2533</dst>
      <dst id="9">553.6622</dst>
      <dst id="17">161729.1644</dst>
      <dst id="21">294.5067</dst>
      <dst id="15">587.4222</dst>
    </src>
    <src id="9">
      <dst id="12">479900.2044</dst>
      <dst id="13">7271.4311</dst>
      <dst id="19">165.9556</dst>
      <dst id="23">105.3689</dst>
      <dst id="8">223.0044</dst>
      <dst id="18">388.4089</dst>
      <dst id="4">12064.4889</dst>
      <dst id="1">545.6000</dst>
      <dst id="5">2499.5556</dst>
      <dst id="3">26.8711</dst>
      <dst id="22">4245.6000</dst>
      <dst id="7">55.7689</dst>
      <dst id="2">182756.1778</dst>
      <dst id="6">5.4933</dst>
      <dst id="16">999.6178</dst>
      <dst id="14">15.0756</dst>
      <dst id="20">5738.5956</dst>
      <dst id="11">1316.4889</dst>
      <dst id="9">300.2400</dst>
      <dst id="17">166481.2889</dst>
      <dst id="21">270.7378</dst>
      <dst id="15">654.7200</dst>
    </src>
    <src id="17">
      <dst id="12">10544.7911</dst>
      <dst id="13">2396.8267</dst>
      <dst id="19">3856.7467</dst>
      <dst id="23">100.6667</dst>
      <dst id="8">113504.2489</dst>
      <dst id="18">368.8444</dst>
      <dst id="4">81760.5156</dst>
      <dst id="1">11152.7111</dst>
      <dst id="5">177311.9467</dst>
      <dst id="3">16831.9289</dst>
      <dst id="22">4953.6089</dst>
      <dst id="7">10284.3289</dst>
      <dst id="2">11560.1956</dst>
      <dst id="6">439.8844</dst>
      <dst id="16">5014.1422</dst>
      <dst id="14">22215.9911</dst>
      <dst id="20">12496.9956</dst>
      <dst id="11">91875.3156</dst>
      <dst id="9">198682.7378</dst>
      <dst id="17">1478.6044</dst>
      <dst id="21">4650.2578</dst>
      <dst id="15">2511.5556</dst>
    </src>
    <src id="21">
      <dst id="12">14448.6133</dst>
      <dst id="13">1780.4978</dst>
      <dst id="19">206.7556</dst>
      <dst id="23">46.1867</dst>
      <dst id="8">161.3778</dst>
      <dst id="18">87.5556</dst>
      <dst id="4">17471.3956</dst>
      <dst id="1">1619.5022</dst>
      <dst id="5">174.3200</dst>
      <dst id="3">6401.0756</dst>
      <dst id="22">2690.2222</dst>
      <dst id="7">5439.9911</dst>
      <dst id="2">15986.4800</dst>
      <dst id="16">173.0400</dst>
      <dst id="14">186.3556</dst>
      <dst id="20">431.6356</dst>
      <dst id="11">520.0267</dst>
      <dst id="9">442.9511</dst>
      <dst id="17">5255.6000</dst>
      <dst id="21">806.9067</dst>
      <dst id="15">432.8356</dst>
    </src>
    <src id="15">
      <dst id="12">7796.3556</dst>
      <dst id="13">373.8044</dst>
      <dst id="19">130.4978</dst>
      <dst id="23">1.1378</dst>
      <dst id="8">111.3511</dst>
      <dst id="18">17.9022</dst>
      <dst id="4">2062.0711</dst>
      <dst id="1">1037.5644</dst>
      <dst id="5">467.3244</dst>
      <dst id="3">13.3156</dst>
      <dst id="7">600.5778</dst>
      <dst id="2">591.5111</dst>
      <dst id="6">0.8533</dst>
      <dst id="14">1.2533</dst>
      <dst id="11">396.7733</dst>
      <dst id="9">1087.5556</dst>
      <dst id="17">187.6622</dst>
      <dst id="21">113.2178</dst>
    </src>
  </IntraTM>
</TrafficMatrixFile>
