<?xml version="1.0" encoding="UTF-8" standalone="yes"?>
<TrafficMatrixFile xmlns:xsi="http://www.w3.org/2001/XMLSchema-instance" xsi:noNamespaceSchemaLocation="http://totem.run.montefiore.ulg.ac.be/Schema/TrafficMatrix-v1_2.xsd">
  <info>
    <title>Intradomain traffic matrix generated by geant-TM-all.pl</title>
    <date>2005-01-04T09:45:00</date>
    <duration>900</duration>
    <author>Steve Uhlig</author>
    <units>
        <unit type="bandwidth" value="kbps"/>
    </units>
  </info>
  <IntraTM ASID="20965">
    <src id="12">
      <dst id="12">203537.3156</dst>
      <dst id="13">19222.2756</dst>
      <dst id="19">3535.5556</dst>
      <dst id="23">3471.4400</dst>
      <dst id="8">1622.4622</dst>
      <dst id="18">1578.8711</dst>
      <dst id="4">73592.3111</dst>
      <dst id="1">16766.3556</dst>
      <dst id="5">3926.5156</dst>
      <dst id="3">4683.0844</dst>
      <dst id="22">5776.5422</dst>
      <dst id="7">1054.2044</dst>
      <dst id="2">65178.5422</dst>
      <dst id="6">15.1911</dst>
      <dst id="16">4723.2267</dst>
      <dst id="14">174.4889</dst>
      <dst id="20">14640.1422</dst>
      <dst id="11">7389.7867</dst>
      <dst id="9">3813.4133</dst>
      <dst id="17">67507.8311</dst>
      <dst id="21">1946.0089</dst>
      <dst id="15">2128.0444</dst>
    </src>
    <src id="13">
      <dst id="12">39578.0089</dst>
      <dst id="19">7691.5822</dst>
      <dst id="23">46.1956</dst>
      <dst id="8">1517.3867</dst>
      <dst id="18">1528.4178</dst>
      <dst id="1">3287.3156</dst>
      <dst id="5">12875.1911</dst>
      <dst id="3">3300.5956</dst>
      <dst id="22">16130.8178</dst>
      <dst id="7">15194.8444</dst>
      <dst id="2">115236.4978</dst>
      <dst id="6">67.1733</dst>
      <dst id="16">9693.4133</dst>
      <dst id="14">3629.4933</dst>
      <dst id="20">9791.0933</dst>
      <dst id="11">11462.9422</dst>
      <dst id="9">8693.1556</dst>
      <dst id="17">41104.5422</dst>
      <dst id="21">11845.4311</dst>
      <dst id="15">1024.9511</dst>
    </src>
    <src id="19">
      <dst id="12">17546.0711</dst>
      <dst id="13">256.1156</dst>
      <dst id="8">0.3556</dst>
      <dst id="18">0.3556</dst>
      <dst id="4">19059.2089</dst>
      <dst id="1">1055.1733</dst>
      <dst id="5">126.7556</dst>
      <dst id="22">4389.3244</dst>
      <dst id="7">5161.8133</dst>
      <dst id="2">456.1689</dst>
      <dst id="6">68.4978</dst>
      <dst id="16">6658.4800</dst>
      <dst id="14">68.3200</dst>
      <dst id="20">1.4222</dst>
      <dst id="11">1.1467</dst>
      <dst id="9">137.9022</dst>
      <dst id="17">755.6800</dst>
      <dst id="21">451.2889</dst>
      <dst id="15">1306.6667</dst>
    </src>
    <src id="23">
      <dst id="12">344.7733</dst>
      <dst id="13">63.7067</dst>
      <dst id="18">0.8711</dst>
      <dst id="4">51.1111</dst>
      <dst id="1">144.5778</dst>
      <dst id="5">12.6222</dst>
      <dst id="3">237.0844</dst>
      <dst id="22">168.3911</dst>
      <dst id="7">12438.7822</dst>
      <dst id="2">13.8222</dst>
      <dst id="6">5.6178</dst>
      <dst id="11">13.2444</dst>
      <dst id="9">364.4000</dst>
      <dst id="17">83.7600</dst>
      <dst id="21">93.1822</dst>
    </src>
    <src id="8">
      <dst id="12">315677.3422</dst>
      <dst id="13">824.0444</dst>
      <dst id="19">1.4133</dst>
      <dst id="18">85.4933</dst>
      <dst id="4">4148.4089</dst>
      <dst id="1">37.8400</dst>
      <dst id="5">940.9511</dst>
      <dst id="3">153.9022</dst>
      <dst id="22">530.0889</dst>
      <dst id="7">709.4933</dst>
      <dst id="2">111479.3156</dst>
      <dst id="16">12192.1778</dst>
      <dst id="20">16.9067</dst>
      <dst id="11">90.6489</dst>
      <dst id="9">820.9244</dst>
      <dst id="17">99967.7600</dst>
      <dst id="21">4273.6622</dst>
      <dst id="15">2.5422</dst>
    </src>
    <src id="18">
      <dst id="12">92609.7511</dst>
      <dst id="13">221.2000</dst>
      <dst id="19">24.6489</dst>
      <dst id="23">0.3378</dst>
      <dst id="8">68.4978</dst>
      <dst id="4">895.4222</dst>
      <dst id="1">1329.4844</dst>
      <dst id="5">439.8578</dst>
      <dst id="3">1586.1333</dst>
      <dst id="22">62.2578</dst>
      <dst id="7">6.1067</dst>
      <dst id="2">26739.5822</dst>
      <dst id="16">27.6356</dst>
      <dst id="14">13.3333</dst>
      <dst id="11">38.3111</dst>
      <dst id="9">122.5422</dst>
      <dst id="17">31893.3422</dst>
      <dst id="21">263.6178</dst>
      <dst id="15">5.5911</dst>
    </src>
    <src id="4">
      <dst id="12">13033.1289</dst>
      <dst id="19">15675.8578</dst>
      <dst id="23">0.5244</dst>
      <dst id="8">400.6756</dst>
      <dst id="18">981.8489</dst>
      <dst id="4">4.7022</dst>
      <dst id="1">117655.6889</dst>
      <dst id="5">1788.2400</dst>
      <dst id="3">129.0489</dst>
      <dst id="22">2976.3911</dst>
      <dst id="7">125227.8578</dst>
      <dst id="2">96863.4489</dst>
      <dst id="6">58.3822</dst>
      <dst id="16">1387.4667</dst>
      <dst id="14">730.2044</dst>
      <dst id="20">702.9156</dst>
      <dst id="11">2175.6889</dst>
      <dst id="9">2923.5644</dst>
      <dst id="17">37025.7511</dst>
      <dst id="21">3611.9911</dst>
      <dst id="15">218.1956</dst>
    </src>
    <src id="1">
      <dst id="12">17891.7689</dst>
      <dst id="13">871.4044</dst>
      <dst id="19">216.6667</dst>
      <dst id="23">52.9867</dst>
      <dst id="8">81171.2978</dst>
      <dst id="18">17375.9911</dst>
      <dst id="4">7401.4311</dst>
      <dst id="1">9390.9600</dst>
      <dst id="5">149093.5289</dst>
      <dst id="3">126.0622</dst>
      <dst id="22">657.7600</dst>
      <dst id="7">832.4533</dst>
      <dst id="2">1617.1022</dst>
      <dst id="6">4779.1911</dst>
      <dst id="16">10007.9556</dst>
      <dst id="14">24.8444</dst>
      <dst id="20">113.5822</dst>
      <dst id="11">153.8489</dst>
      <dst id="9">127248.8978</dst>
      <dst id="17">5613.0133</dst>
      <dst id="21">2139.2178</dst>
      <dst id="15">85.2978</dst>
    </src>
    <src id="5">
      <dst id="12">256770.1333</dst>
      <dst id="13">4841.2267</dst>
      <dst id="19">6.9333</dst>
      <dst id="8">371.5467</dst>
      <dst id="18">476.2133</dst>
      <dst id="4">5927.6711</dst>
      <dst id="1">412.0889</dst>
      <dst id="3">12.4444</dst>
      <dst id="22">3133.8578</dst>
      <dst id="7">145.7422</dst>
      <dst id="2">99410.8622</dst>
      <dst id="6">5.5111</dst>
      <dst id="16">286.1867</dst>
      <dst id="14">14.3289</dst>
      <dst id="20">279.2800</dst>
      <dst id="11">848.6578</dst>
      <dst id="9">435.5111</dst>
      <dst id="17">102605.0133</dst>
      <dst id="21">378.7111</dst>
      <dst id="15">107.3600</dst>
    </src>
    <src id="3">
      <dst id="12">6749.4933</dst>
      <dst id="13">376.8000</dst>
      <dst id="19">5064.5511</dst>
      <dst id="23">12102.0800</dst>
      <dst id="8">11.2444</dst>
      <dst id="18">52235.0578</dst>
      <dst id="4">12832.4800</dst>
      <dst id="1">3626.1867</dst>
      <dst id="5">413.2622</dst>
      <dst id="3">7681.5467</dst>
      <dst id="22">743.6978</dst>
      <dst id="7">1227.5911</dst>
      <dst id="2">8740.7022</dst>
      <dst id="6">2.1244</dst>
      <dst id="16">1126.1244</dst>
      <dst id="14">24636.7556</dst>
      <dst id="20">5.8578</dst>
      <dst id="11">111396.8622</dst>
      <dst id="9">402.3289</dst>
      <dst id="17">5487.5378</dst>
      <dst id="21">7144.4089</dst>
      <dst id="15">47.2622</dst>
    </src>
    <src id="10">
      <dst id="12">12891.1911</dst>
      <dst id="19">10919.9733</dst>
      <dst id="8">1599.2622</dst>
      <dst id="18">456.0978</dst>
      <dst id="1">5606.0889</dst>
      <dst id="5">454.7200</dst>
      <dst id="3">3818.3022</dst>
      <dst id="22">6470.8356</dst>
      <dst id="7">9113.3156</dst>
      <dst id="2">21494.9333</dst>
      <dst id="6">0.8267</dst>
      <dst id="16">236.5511</dst>
      <dst id="14">3037.1556</dst>
      <dst id="20">4741.5556</dst>
      <dst id="11">3649.4222</dst>
      <dst id="9">4729.8667</dst>
      <dst id="17">21809.7867</dst>
      <dst id="21">7132.8978</dst>
      <dst id="15">84.7733</dst>
    </src>
    <src id="22">
      <dst id="12">5622.9067</dst>
      <dst id="13">4343.4044</dst>
      <dst id="19">159.2622</dst>
      <dst id="23">7.7867</dst>
      <dst id="8">537.6889</dst>
      <dst id="18">338.9333</dst>
      <dst id="4">18954.6489</dst>
      <dst id="1">51.1467</dst>
      <dst id="5">2086.6311</dst>
      <dst id="3">1542.5156</dst>
      <dst id="7">310.4178</dst>
      <dst id="2">2526.3556</dst>
      <dst id="6">13.7244</dst>
      <dst id="16">0.4267</dst>
      <dst id="14">48.5511</dst>
      <dst id="11">1088.6667</dst>
      <dst id="9">1676.7911</dst>
      <dst id="17">4528.2489</dst>
      <dst id="21">709.2711</dst>
    </src>
    <src id="7">
      <dst id="12">3458.7644</dst>
      <dst id="13">209.0933</dst>
      <dst id="19">326.0356</dst>
      <dst id="23">349.3689</dst>
      <dst id="8">212.7644</dst>
      <dst id="18">74.6489</dst>
      <dst id="4">20980.7556</dst>
      <dst id="1">1673.3956</dst>
      <dst id="5">1603.9467</dst>
      <dst id="3">426.3378</dst>
      <dst id="22">4708.9867</dst>
      <dst id="7">659.4400</dst>
      <dst id="2">5187.7956</dst>
      <dst id="6">2.2756</dst>
      <dst id="16">358.0178</dst>
      <dst id="14">39.5022</dst>
      <dst id="20">570.1244</dst>
      <dst id="11">401.4400</dst>
      <dst id="9">798.5778</dst>
      <dst id="17">7176.7556</dst>
      <dst id="21">657.4756</dst>
      <dst id="15">37.0133</dst>
    </src>
    <src id="2">
      <dst id="12">64130.7289</dst>
      <dst id="13">513969.9911</dst>
      <dst id="19">5365.8844</dst>
      <dst id="23">17.2711</dst>
      <dst id="8">301.5378</dst>
      <dst id="18">50691.8311</dst>
      <dst id="4">84537.0133</dst>
      <dst id="1">13809.9911</dst>
      <dst id="5">3028.6311</dst>
      <dst id="3">41.3511</dst>
      <dst id="22">3350.3289</dst>
      <dst id="7">2693.7778</dst>
      <dst id="2">544.0356</dst>
      <dst id="6">6781.3867</dst>
      <dst id="16">4248.6044</dst>
      <dst id="14">5174.9511</dst>
      <dst id="20">314.0978</dst>
      <dst id="11">2608.7111</dst>
      <dst id="9">4770.9867</dst>
      <dst id="17">40026.9689</dst>
      <dst id="21">688.9244</dst>
      <dst id="15">693.1022</dst>
    </src>
    <src id="6">
      <dst id="12">8815.2000</dst>
      <dst id="13">40.4444</dst>
      <dst id="19">1.0667</dst>
      <dst id="23">20.3556</dst>
      <dst id="4">1253.9200</dst>
      <dst id="1">3.1733</dst>
      <dst id="5">1.0667</dst>
      <dst id="22">0.4178</dst>
      <dst id="7">1.0133</dst>
      <dst id="2">1626.0978</dst>
      <dst id="16">91.2533</dst>
      <dst id="20">1.0667</dst>
      <dst id="11">1.6267</dst>
      <dst id="9">1.5200</dst>
      <dst id="17">1178.4889</dst>
      <dst id="21">0.3556</dst>
    </src>
    <src id="16">
      <dst id="12">3373.1200</dst>
      <dst id="13">1642.5689</dst>
      <dst id="19">3348.2489</dst>
      <dst id="23">15.8933</dst>
      <dst id="8">5456.8978</dst>
      <dst id="18">27.2178</dst>
      <dst id="4">6917.0933</dst>
      <dst id="1">17211.5911</dst>
      <dst id="5">946.7200</dst>
      <dst id="7">541.5644</dst>
      <dst id="2">384.7200</dst>
      <dst id="6">1.9911</dst>
      <dst id="16">34.4800</dst>
      <dst id="14">4.9511</dst>
      <dst id="11">789.8400</dst>
      <dst id="9">1219.9022</dst>
      <dst id="17">2010.2400</dst>
      <dst id="21">1927.3778</dst>
    </src>
    <src id="14">
      <dst id="12">15055.4756</dst>
      <dst id="13">42.1511</dst>
      <dst id="19">5.2978</dst>
      <dst id="8">0.4089</dst>
      <dst id="18">0.4622</dst>
      <dst id="4">2455.2444</dst>
      <dst id="1">114.1333</dst>
      <dst id="5">63.2622</dst>
      <dst id="3">68.3556</dst>
      <dst id="22">5.1822</dst>
      <dst id="7">31.1022</dst>
      <dst id="2">4672.7289</dst>
      <dst id="16">0.3556</dst>
      <dst id="20">0.3556</dst>
      <dst id="11">63.2800</dst>
      <dst id="9">13.3333</dst>
      <dst id="17">8564.0711</dst>
      <dst id="21">41.9733</dst>
    </src>
    <src id="20">
      <dst id="12">9833.4667</dst>
      <dst id="13">452.0711</dst>
      <dst id="19">55.2533</dst>
      <dst id="8">163.6267</dst>
      <dst id="18">1.1111</dst>
      <dst id="4">7538.3556</dst>
      <dst id="1">86.9689</dst>
      <dst id="5">436.2756</dst>
      <dst id="3">17.2978</dst>
      <dst id="7">2407.1378</dst>
      <dst id="2">1305.1378</dst>
      <dst id="14">0.8889</dst>
      <dst id="11">134.3200</dst>
      <dst id="9">172.4800</dst>
      <dst id="17">4659.4311</dst>
      <dst id="21">392.8978</dst>
    </src>
    <src id="11">
      <dst id="12">391365.6978</dst>
      <dst id="13">5142.4622</dst>
      <dst id="19">4.3556</dst>
      <dst id="8">84.2756</dst>
      <dst id="18">468.5422</dst>
      <dst id="4">10985.7156</dst>
      <dst id="1">350.9244</dst>
      <dst id="5">808.1956</dst>
      <dst id="3">443.3778</dst>
      <dst id="22">1347.2356</dst>
      <dst id="7">601.2178</dst>
      <dst id="2">145082.1511</dst>
      <dst id="6">13.3689</dst>
      <dst id="16">329.8578</dst>
      <dst id="14">55.5822</dst>
      <dst id="20">1763.7333</dst>
      <dst id="11">1066.1067</dst>
      <dst id="9">590.8089</dst>
      <dst id="17">158294.5156</dst>
      <dst id="21">569.3778</dst>
      <dst id="15">59.0489</dst>
    </src>
    <src id="9">
      <dst id="12">411874.3556</dst>
      <dst id="13">1468.3111</dst>
      <dst id="19">1.3511</dst>
      <dst id="23">93.3689</dst>
      <dst id="8">397.5556</dst>
      <dst id="18">4187.9733</dst>
      <dst id="4">14217.3333</dst>
      <dst id="1">1090.1511</dst>
      <dst id="5">3249.3956</dst>
      <dst id="3">6.9333</dst>
      <dst id="22">1704.0356</dst>
      <dst id="7">158.4000</dst>
      <dst id="2">159911.0667</dst>
      <dst id="6">1.8489</dst>
      <dst id="16">146.8978</dst>
      <dst id="14">13.0844</dst>
      <dst id="20">281.5911</dst>
      <dst id="11">320.0000</dst>
      <dst id="9">371.5467</dst>
      <dst id="17">155546.7378</dst>
      <dst id="21">101.6178</dst>
      <dst id="15">1431.6178</dst>
    </src>
    <src id="17">
      <dst id="12">4277.5822</dst>
      <dst id="13">12053.9200</dst>
      <dst id="19">1087.8133</dst>
      <dst id="23">177.3067</dst>
      <dst id="8">95299.5644</dst>
      <dst id="18">446.3289</dst>
      <dst id="4">169570.5511</dst>
      <dst id="1">558.9333</dst>
      <dst id="5">137478.6133</dst>
      <dst id="3">3872.9156</dst>
      <dst id="22">2699.3333</dst>
      <dst id="7">3862.6578</dst>
      <dst id="2">6933.1289</dst>
      <dst id="6">5.3333</dst>
      <dst id="16">12878.8089</dst>
      <dst id="14">19759.6356</dst>
      <dst id="20">554.8889</dst>
      <dst id="11">86643.5022</dst>
      <dst id="9">138552.9867</dst>
      <dst id="17">1771.0578</dst>
      <dst id="21">3472.8978</dst>
      <dst id="15">231.1200</dst>
    </src>
    <src id="21">
      <dst id="12">30618.9689</dst>
      <dst id="13">385.4933</dst>
      <dst id="19">105.0222</dst>
      <dst id="23">1.5556</dst>
      <dst id="8">294.2578</dst>
      <dst id="18">4385.6178</dst>
      <dst id="4">11620.6222</dst>
      <dst id="1">1301.0667</dst>
      <dst id="5">263.5644</dst>
      <dst id="3">886.6133</dst>
      <dst id="22">802.9689</dst>
      <dst id="7">1073.3600</dst>
      <dst id="2">12990.8267</dst>
      <dst id="6">18.0711</dst>
      <dst id="16">498.1600</dst>
      <dst id="14">97.2267</dst>
      <dst id="20">237.1822</dst>
      <dst id="11">676.1156</dst>
      <dst id="9">275.5733</dst>
      <dst id="17">4949.1022</dst>
      <dst id="21">777.5556</dst>
      <dst id="15">26.6578</dst>
    </src>
    <src id="15">
      <dst id="12">125.1556</dst>
      <dst id="13">1032.1067</dst>
      <dst id="19">21.0489</dst>
      <dst id="8">99.2711</dst>
      <dst id="18">55.2178</dst>
      <dst id="4">2282.1867</dst>
      <dst id="1">707.7511</dst>
      <dst id="5">78.3022</dst>
      <dst id="3">25.8400</dst>
      <dst id="7">7.2889</dst>
      <dst id="2">5360.9600</dst>
      <dst id="11">4.6578</dst>
      <dst id="9">168.1778</dst>
      <dst id="17">984.5156</dst>
      <dst id="21">112.3556</dst>
    </src>
  </IntraTM>
</TrafficMatrixFile>
