<?xml version="1.0" encoding="UTF-8" standalone="yes"?>
<TrafficMatrixFile xmlns:xsi="http://www.w3.org/2001/XMLSchema-instance" xsi:noNamespaceSchemaLocation="http://totem.run.montefiore.ulg.ac.be/Schema/TrafficMatrix-v1_2.xsd">
  <info>
    <title>Intradomain traffic matrix generated by geant-TM-all.pl</title>
    <date>2005-01-02T18:00:00</date>
    <duration>900</duration>
    <author>Steve Uhlig</author>
    <units>
        <unit type="bandwidth" value="kbps"/>
    </units>
  </info>
  <IntraTM ASID="20965">
    <src id="12">
      <dst id="12">330285.0489</dst>
      <dst id="13">27634.1689</dst>
      <dst id="19">2327.7511</dst>
      <dst id="23">1693.6800</dst>
      <dst id="8">4093.5822</dst>
      <dst id="18">1070.8800</dst>
      <dst id="4">89971.3600</dst>
      <dst id="1">9791.1733</dst>
      <dst id="5">7170.9244</dst>
      <dst id="3">15405.6533</dst>
      <dst id="22">21164.6844</dst>
      <dst id="7">3353.3244</dst>
      <dst id="2">80206.3289</dst>
      <dst id="6">115.6444</dst>
      <dst id="16">5675.0489</dst>
      <dst id="14">260.6311</dst>
      <dst id="20">18074.2400</dst>
      <dst id="11">5388.1156</dst>
      <dst id="9">28339.4222</dst>
      <dst id="17">112132.5778</dst>
      <dst id="21">26272.8622</dst>
      <dst id="15">7267.8578</dst>
    </src>
    <src id="13">
      <dst id="12">64532.7111</dst>
      <dst id="19">12268.1867</dst>
      <dst id="23">129.8756</dst>
      <dst id="8">8354.8000</dst>
      <dst id="18">7397.0933</dst>
      <dst id="4">1.0667</dst>
      <dst id="1">6875.3156</dst>
      <dst id="5">5790.7289</dst>
      <dst id="3">36432.9067</dst>
      <dst id="22">30153.3244</dst>
      <dst id="7">19569.6089</dst>
      <dst id="2">80768.7022</dst>
      <dst id="6">344.7822</dst>
      <dst id="16">10761.8044</dst>
      <dst id="14">3673.6267</dst>
      <dst id="20">21006.8178</dst>
      <dst id="11">43307.6800</dst>
      <dst id="9">19956.1422</dst>
      <dst id="17">54796.0711</dst>
      <dst id="21">29613.3956</dst>
      <dst id="15">8478.6489</dst>
    </src>
    <src id="19">
      <dst id="12">15380.6222</dst>
      <dst id="13">943.3067</dst>
      <dst id="23">14.1156</dst>
      <dst id="8">8.5244</dst>
      <dst id="18">5044.1333</dst>
      <dst id="4">19346.1333</dst>
      <dst id="1">5373.8400</dst>
      <dst id="5">19.7956</dst>
      <dst id="3">485.3333</dst>
      <dst id="22">71.8044</dst>
      <dst id="7">7181.7244</dst>
      <dst id="2">1587.9644</dst>
      <dst id="6">481.4311</dst>
      <dst id="16">5885.0133</dst>
      <dst id="14">5.4222</dst>
      <dst id="20">32.4356</dst>
      <dst id="11">580.8800</dst>
      <dst id="9">6242.3556</dst>
      <dst id="17">5489.5911</dst>
      <dst id="21">2914.3644</dst>
      <dst id="15">16.4000</dst>
    </src>
    <src id="23">
      <dst id="12">1589.1733</dst>
      <dst id="13">686.5422</dst>
      <dst id="19">35.9378</dst>
      <dst id="8">38.7556</dst>
      <dst id="18">54.0267</dst>
      <dst id="4">31.6800</dst>
      <dst id="1">110.1156</dst>
      <dst id="3">811.8933</dst>
      <dst id="22">1225.7511</dst>
      <dst id="7">275.8133</dst>
      <dst id="2">295.4222</dst>
      <dst id="6">0.4622</dst>
      <dst id="16">168.6222</dst>
      <dst id="14">12.6222</dst>
      <dst id="20">72.1067</dst>
      <dst id="11">343.1200</dst>
      <dst id="9">1942.7200</dst>
      <dst id="17">643.8578</dst>
      <dst id="21">1068.5778</dst>
      <dst id="15">158.5778</dst>
    </src>
    <src id="8">
      <dst id="12">311805.8667</dst>
      <dst id="13">2412.4978</dst>
      <dst id="19">22.6133</dst>
      <dst id="23">319.8044</dst>
      <dst id="18">34.6044</dst>
      <dst id="4">5448.6756</dst>
      <dst id="1">217.3867</dst>
      <dst id="5">2952.8267</dst>
      <dst id="3">1.4933</dst>
      <dst id="22">2448.6667</dst>
      <dst id="7">93.9111</dst>
      <dst id="2">114077.2000</dst>
      <dst id="6">1.4044</dst>
      <dst id="16">525.7689</dst>
      <dst id="14">1.0667</dst>
      <dst id="20">263.9289</dst>
      <dst id="11">2279.4933</dst>
      <dst id="9">877.4044</dst>
      <dst id="17">114966.0533</dst>
      <dst id="21">480.4178</dst>
      <dst id="15">509.1289</dst>
    </src>
    <src id="18">
      <dst id="12">103946.8978</dst>
      <dst id="13">284.1956</dst>
      <dst id="19">1898.4800</dst>
      <dst id="23">2.3378</dst>
      <dst id="8">164.4889</dst>
      <dst id="4">2221.7244</dst>
      <dst id="1">1491.7689</dst>
      <dst id="5">107.1378</dst>
      <dst id="3">219.3067</dst>
      <dst id="22">386.1333</dst>
      <dst id="7">299.1022</dst>
      <dst id="2">38658.8978</dst>
      <dst id="16">77.5378</dst>
      <dst id="14">17.7956</dst>
      <dst id="20">6.8622</dst>
      <dst id="11">428.5156</dst>
      <dst id="9">452.2844</dst>
      <dst id="17">33292.6844</dst>
      <dst id="21">273.7244</dst>
      <dst id="15">2.5600</dst>
    </src>
    <src id="4">
      <dst id="12">16033.3956</dst>
      <dst id="19">5098.8800</dst>
      <dst id="8">1520.0356</dst>
      <dst id="18">1967.5200</dst>
      <dst id="4">1.7956</dst>
      <dst id="1">63385.4222</dst>
      <dst id="5">1833.8844</dst>
      <dst id="3">1243.5378</dst>
      <dst id="22">10353.8844</dst>
      <dst id="7">96632.6844</dst>
      <dst id="2">61986.8622</dst>
      <dst id="6">2.5867</dst>
      <dst id="16">2374.5867</dst>
      <dst id="14">912.1511</dst>
      <dst id="20">3639.6800</dst>
      <dst id="11">12967.8578</dst>
      <dst id="9">4149.4933</dst>
      <dst id="17">146116.0889</dst>
      <dst id="21">6936.5156</dst>
      <dst id="15">959.4844</dst>
    </src>
    <src id="1">
      <dst id="12">20163.5556</dst>
      <dst id="13">947.0578</dst>
      <dst id="19">367.6711</dst>
      <dst id="23">61.3956</dst>
      <dst id="8">197421.4578</dst>
      <dst id="18">14095.7689</dst>
      <dst id="4">17648.9867</dst>
      <dst id="1">46911.5289</dst>
      <dst id="5">230198.3822</dst>
      <dst id="3">760.3200</dst>
      <dst id="22">9341.2000</dst>
      <dst id="7">14241.8133</dst>
      <dst id="2">5216.0356</dst>
      <dst id="6">14876.2222</dst>
      <dst id="16">10427.0756</dst>
      <dst id="14">90.9422</dst>
      <dst id="20">494.9689</dst>
      <dst id="11">1451.7867</dst>
      <dst id="9">368960.0800</dst>
      <dst id="17">10282.7733</dst>
      <dst id="21">6313.4489</dst>
      <dst id="15">392.3111</dst>
    </src>
    <src id="5">
      <dst id="12">247092.7822</dst>
      <dst id="13">750.3467</dst>
      <dst id="19">109.0222</dst>
      <dst id="23">51.1378</dst>
      <dst id="8">1180.3022</dst>
      <dst id="18">1009.2444</dst>
      <dst id="4">8213.5111</dst>
      <dst id="1">438.7022</dst>
      <dst id="3">203.8578</dst>
      <dst id="22">3942.0178</dst>
      <dst id="7">274.4533</dst>
      <dst id="2">112318.6400</dst>
      <dst id="6">5.6622</dst>
      <dst id="16">1806.2222</dst>
      <dst id="14">49.0044</dst>
      <dst id="20">2763.9111</dst>
      <dst id="11">901.9111</dst>
      <dst id="9">7581.8578</dst>
      <dst id="17">90274.6756</dst>
      <dst id="21">297.7156</dst>
      <dst id="15">209.2889</dst>
    </src>
    <src id="3">
      <dst id="12">9285.4844</dst>
      <dst id="13">1270.4533</dst>
      <dst id="19">1773.9556</dst>
      <dst id="23">36.6044</dst>
      <dst id="8">313.4844</dst>
      <dst id="18">129097.9556</dst>
      <dst id="4">36994.6578</dst>
      <dst id="1">6028.3822</dst>
      <dst id="5">1108.8622</dst>
      <dst id="3">14651.3867</dst>
      <dst id="22">1476.1333</dst>
      <dst id="7">1629.1467</dst>
      <dst id="2">5640.2578</dst>
      <dst id="6">19.6089</dst>
      <dst id="16">2429.7689</dst>
      <dst id="14">35363.8489</dst>
      <dst id="20">1217.2711</dst>
      <dst id="11">229039.8311</dst>
      <dst id="9">500.2933</dst>
      <dst id="17">20878.7378</dst>
      <dst id="21">7922.8444</dst>
      <dst id="15">239.1200</dst>
    </src>
    <src id="10">
      <dst id="12">15978.8622</dst>
      <dst id="19">2476.7111</dst>
      <dst id="8">1698.8978</dst>
      <dst id="18">3366.4800</dst>
      <dst id="1">1638.5956</dst>
      <dst id="5">1583.6089</dst>
      <dst id="3">28073.2622</dst>
      <dst id="22">12507.5467</dst>
      <dst id="7">14127.0756</dst>
      <dst id="2">32418.1333</dst>
      <dst id="6">0.6756</dst>
      <dst id="16">2357.9911</dst>
      <dst id="14">1210.9778</dst>
      <dst id="20">3751.5378</dst>
      <dst id="11">8023.8578</dst>
      <dst id="9">3340.1511</dst>
      <dst id="17">29212.7200</dst>
      <dst id="21">31825.0667</dst>
      <dst id="15">988.8889</dst>
    </src>
    <src id="22">
      <dst id="12">7495.4133</dst>
      <dst id="13">2728.0267</dst>
      <dst id="19">133.6089</dst>
      <dst id="23">61.6889</dst>
      <dst id="8">2191.5556</dst>
      <dst id="18">239.1200</dst>
      <dst id="4">22228.3911</dst>
      <dst id="1">477.8400</dst>
      <dst id="5">5347.1200</dst>
      <dst id="3">1115.6711</dst>
      <dst id="7">591.1022</dst>
      <dst id="2">3778.1067</dst>
      <dst id="6">228.2933</dst>
      <dst id="16">2.7733</dst>
      <dst id="14">35.8578</dst>
      <dst id="11">3685.3067</dst>
      <dst id="9">2334.1067</dst>
      <dst id="17">5199.4044</dst>
      <dst id="21">2059.4756</dst>
    </src>
    <src id="7">
      <dst id="12">5187.2533</dst>
      <dst id="13">543.4133</dst>
      <dst id="19">1246.7200</dst>
      <dst id="23">799.5289</dst>
      <dst id="8">230.8622</dst>
      <dst id="18">1440.2044</dst>
      <dst id="4">19851.7156</dst>
      <dst id="1">21144.3911</dst>
      <dst id="5">1288.4178</dst>
      <dst id="3">1903.3067</dst>
      <dst id="22">5065.8044</dst>
      <dst id="7">855.7867</dst>
      <dst id="2">11284.9956</dst>
      <dst id="6">45.6533</dst>
      <dst id="16">1287.9111</dst>
      <dst id="14">133.0756</dst>
      <dst id="20">916.0711</dst>
      <dst id="11">1480.4089</dst>
      <dst id="9">1860.5600</dst>
      <dst id="17">14190.7022</dst>
      <dst id="21">4273.4044</dst>
      <dst id="15">332.6667</dst>
    </src>
    <src id="2">
      <dst id="12">182608.3467</dst>
      <dst id="13">7705.5644</dst>
      <dst id="19">719.5911</dst>
      <dst id="23">38.4444</dst>
      <dst id="8">2717.1378</dst>
      <dst id="18">98010.7822</dst>
      <dst id="4">83877.6267</dst>
      <dst id="1">8280.8800</dst>
      <dst id="5">655.9289</dst>
      <dst id="3">792.7911</dst>
      <dst id="22">2968.2489</dst>
      <dst id="7">4294.6933</dst>
      <dst id="2">1210.8178</dst>
      <dst id="6">11793.2622</dst>
      <dst id="16">1619.8311</dst>
      <dst id="14">5429.0756</dst>
      <dst id="20">1293.9111</dst>
      <dst id="11">10361.8044</dst>
      <dst id="9">2316.7467</dst>
      <dst id="17">24249.3422</dst>
      <dst id="21">5481.7156</dst>
      <dst id="15">204.7022</dst>
    </src>
    <src id="6">
      <dst id="12">10929.0489</dst>
      <dst id="13">96.8711</dst>
      <dst id="19">51.8133</dst>
      <dst id="23">23.3956</dst>
      <dst id="8">11.4667</dst>
      <dst id="18">11.8844</dst>
      <dst id="4">68.2844</dst>
      <dst id="1">110.6489</dst>
      <dst id="5">12.1778</dst>
      <dst id="3">39.8044</dst>
      <dst id="22">21.8667</dst>
      <dst id="7">27.5289</dst>
      <dst id="2">1998.1600</dst>
      <dst id="16">412.9778</dst>
      <dst id="20">18.9689</dst>
      <dst id="11">99.3689</dst>
      <dst id="9">12.2400</dst>
      <dst id="17">1558.5156</dst>
      <dst id="21">53.1822</dst>
      <dst id="15">12.9600</dst>
    </src>
    <src id="16">
      <dst id="12">2582.4978</dst>
      <dst id="13">2689.1289</dst>
      <dst id="19">4000.3200</dst>
      <dst id="23">466.7111</dst>
      <dst id="8">7004.4978</dst>
      <dst id="18">9.8489</dst>
      <dst id="4">6582.0622</dst>
      <dst id="1">24819.9200</dst>
      <dst id="5">8568.2311</dst>
      <dst id="3">56.4622</dst>
      <dst id="22">0.7111</dst>
      <dst id="7">2428.0356</dst>
      <dst id="2">846.3022</dst>
      <dst id="6">19.0044</dst>
      <dst id="16">36.1333</dst>
      <dst id="14">11.0844</dst>
      <dst id="11">455.3156</dst>
      <dst id="9">11358.4711</dst>
      <dst id="17">8108.2400</dst>
      <dst id="21">681.5733</dst>
    </src>
    <src id="14">
      <dst id="12">15218.6044</dst>
      <dst id="13">57.1289</dst>
      <dst id="19">30.4356</dst>
      <dst id="23">0.3911</dst>
      <dst id="8">1.7956</dst>
      <dst id="18">42.1156</dst>
      <dst id="4">1801.5200</dst>
      <dst id="1">126.9422</dst>
      <dst id="5">27.4756</dst>
      <dst id="3">53.0222</dst>
      <dst id="22">17.8311</dst>
      <dst id="7">117.3778</dst>
      <dst id="2">5185.8756</dst>
      <dst id="16">152.0711</dst>
      <dst id="20">1.4133</dst>
      <dst id="11">2510.2400</dst>
      <dst id="9">10.4889</dst>
      <dst id="17">6339.5289</dst>
      <dst id="21">160.3022</dst>
    </src>
    <src id="20">
      <dst id="12">11377.0489</dst>
      <dst id="13">1764.2133</dst>
      <dst id="19">20.0444</dst>
      <dst id="23">1.1733</dst>
      <dst id="8">361.2444</dst>
      <dst id="18">244.5156</dst>
      <dst id="4">11860.6756</dst>
      <dst id="1">911.2267</dst>
      <dst id="5">1388.0889</dst>
      <dst id="3">6531.9556</dst>
      <dst id="7">231.9289</dst>
      <dst id="2">2336.1333</dst>
      <dst id="6">0.4622</dst>
      <dst id="14">1.6178</dst>
      <dst id="11">2029.5911</dst>
      <dst id="9">6625.9822</dst>
      <dst id="17">1788.2044</dst>
      <dst id="21">1550.1333</dst>
    </src>
    <src id="11">
      <dst id="12">406399.9467</dst>
      <dst id="13">2510.9333</dst>
      <dst id="19">1237.0133</dst>
      <dst id="23">18.1244</dst>
      <dst id="8">1831.1644</dst>
      <dst id="18">196.7556</dst>
      <dst id="4">17581.2356</dst>
      <dst id="1">1840.5956</dst>
      <dst id="5">1954.0622</dst>
      <dst id="3">7895.4489</dst>
      <dst id="22">3429.1556</dst>
      <dst id="7">834.5778</dst>
      <dst id="2">156451.4044</dst>
      <dst id="6">11.1822</dst>
      <dst id="16">235.7156</dst>
      <dst id="14">117.5911</dst>
      <dst id="20">1550.7911</dst>
      <dst id="11">1573.5200</dst>
      <dst id="9">2025.7689</dst>
      <dst id="17">129368.1244</dst>
      <dst id="21">1615.4311</dst>
      <dst id="15">408.3644</dst>
    </src>
    <src id="9">
      <dst id="12">444128.5778</dst>
      <dst id="13">2199.1556</dst>
      <dst id="19">3664.3467</dst>
      <dst id="23">91.1111</dst>
      <dst id="8">2136.3644</dst>
      <dst id="18">466.5244</dst>
      <dst id="4">14385.5911</dst>
      <dst id="1">4365.3067</dst>
      <dst id="5">1250.1511</dst>
      <dst id="3">120.0267</dst>
      <dst id="22">7236.0267</dst>
      <dst id="7">1919.7778</dst>
      <dst id="2">188081.5822</dst>
      <dst id="6">15.4578</dst>
      <dst id="16">1238.5600</dst>
      <dst id="14">15.5022</dst>
      <dst id="20">11923.9911</dst>
      <dst id="11">1147.3867</dst>
      <dst id="9">3352.5867</dst>
      <dst id="17">159789.4400</dst>
      <dst id="21">1867.5111</dst>
      <dst id="15">6479.4844</dst>
    </src>
    <src id="17">
      <dst id="12">25232.7200</dst>
      <dst id="13">38139.6089</dst>
      <dst id="19">2793.1467</dst>
      <dst id="23">811.5911</dst>
      <dst id="8">217107.8044</dst>
      <dst id="18">2851.1733</dst>
      <dst id="4">46265.5467</dst>
      <dst id="1">17493.5911</dst>
      <dst id="5">223080.7111</dst>
      <dst id="3">28966.9600</dst>
      <dst id="22">13591.2889</dst>
      <dst id="7">4129.7067</dst>
      <dst id="2">16164.2756</dst>
      <dst id="6">88.3911</dst>
      <dst id="16">8908.5600</dst>
      <dst id="14">33064.3200</dst>
      <dst id="20">2768.0889</dst>
      <dst id="11">165886.2311</dst>
      <dst id="9">299145.4044</dst>
      <dst id="17">2831.7244</dst>
      <dst id="21">8772.3467</dst>
      <dst id="15">2266.5067</dst>
    </src>
    <src id="21">
      <dst id="12">19290.2133</dst>
      <dst id="13">7898.6400</dst>
      <dst id="19">214.1867</dst>
      <dst id="23">73.2711</dst>
      <dst id="8">372.5867</dst>
      <dst id="18">693.1911</dst>
      <dst id="4">20355.7689</dst>
      <dst id="1">4128.7111</dst>
      <dst id="5">1411.5467</dst>
      <dst id="3">4055.0400</dst>
      <dst id="22">2513.6356</dst>
      <dst id="7">4304.3556</dst>
      <dst id="2">11378.4444</dst>
      <dst id="6">27.2178</dst>
      <dst id="16">528.4711</dst>
      <dst id="14">282.2400</dst>
      <dst id="20">268.6311</dst>
      <dst id="11">6629.0222</dst>
      <dst id="9">1175.0844</dst>
      <dst id="17">4754.0889</dst>
      <dst id="21">2630.9867</dst>
      <dst id="15">970.7111</dst>
    </src>
    <src id="15">
      <dst id="12">4380.7556</dst>
      <dst id="13">310.6667</dst>
      <dst id="19">1.4844</dst>
      <dst id="23">18.9156</dst>
      <dst id="8">157.3422</dst>
      <dst id="18">6.6133</dst>
      <dst id="4">7953.1289</dst>
      <dst id="1">742.8978</dst>
      <dst id="5">96.2756</dst>
      <dst id="3">2048.9956</dst>
      <dst id="7">94.0178</dst>
      <dst id="2">357.2533</dst>
      <dst id="14">1.2800</dst>
      <dst id="11">2410.6400</dst>
      <dst id="9">2109.8578</dst>
      <dst id="17">823.9644</dst>
      <dst id="21">235.1822</dst>
    </src>
  </IntraTM>
</TrafficMatrixFile>
