<?xml version="1.0" encoding="UTF-8" standalone="yes"?>
<TrafficMatrixFile xmlns:xsi="http://www.w3.org/2001/XMLSchema-instance" xsi:noNamespaceSchemaLocation="http://totem.run.montefiore.ulg.ac.be/Schema/TrafficMatrix-v1_2.xsd">
  <info>
    <title>Intradomain traffic matrix generated by geant-TM-all.pl</title>
    <date>2005-01-03T11:15:00</date>
    <duration>900</duration>
    <author>Steve Uhlig</author>
    <units>
        <unit type="bandwidth" value="kbps"/>
    </units>
  </info>
  <IntraTM ASID="20965">
    <src id="12">
      <dst id="12">190484.4356</dst>
      <dst id="13">22070.7200</dst>
      <dst id="19">1315.8044</dst>
      <dst id="23">4.7556</dst>
      <dst id="8">1885.7333</dst>
      <dst id="18">3581.1378</dst>
      <dst id="4">66053.2178</dst>
      <dst id="1">8180.7911</dst>
      <dst id="5">2309.4311</dst>
      <dst id="3">6005.3067</dst>
      <dst id="22">7448.7644</dst>
      <dst id="7">6379.4667</dst>
      <dst id="2">66025.2711</dst>
      <dst id="6">31.8311</dst>
      <dst id="16">3592.7022</dst>
      <dst id="14">205.6800</dst>
      <dst id="20">5474.1067</dst>
      <dst id="11">3412.4622</dst>
      <dst id="9">5059.5556</dst>
      <dst id="17">63659.9644</dst>
      <dst id="21">7541.4400</dst>
      <dst id="15">318.7111</dst>
    </src>
    <src id="13">
      <dst id="12">31667.3156</dst>
      <dst id="19">45828.9867</dst>
      <dst id="23">92.1244</dst>
      <dst id="8">1311.5733</dst>
      <dst id="18">1706.4800</dst>
      <dst id="1">1802.3911</dst>
      <dst id="5">5335.6978</dst>
      <dst id="3">3659.0933</dst>
      <dst id="22">15793.8044</dst>
      <dst id="7">4773.7244</dst>
      <dst id="2">99832.3733</dst>
      <dst id="6">121.0933</dst>
      <dst id="16">4912.3733</dst>
      <dst id="14">1245.5111</dst>
      <dst id="20">11321.5289</dst>
      <dst id="11">12548.4178</dst>
      <dst id="9">13018.0889</dst>
      <dst id="17">40466.9867</dst>
      <dst id="21">16165.9467</dst>
      <dst id="15">955.1822</dst>
    </src>
    <src id="19">
      <dst id="12">10748.6933</dst>
      <dst id="13">420.5511</dst>
      <dst id="8">1.0489</dst>
      <dst id="18">3.6444</dst>
      <dst id="4">20559.2267</dst>
      <dst id="1">473.3867</dst>
      <dst id="5">20.4089</dst>
      <dst id="22">58.0178</dst>
      <dst id="7">3065.3689</dst>
      <dst id="2">2076.3733</dst>
      <dst id="6">43.9467</dst>
      <dst id="16">6956.1600</dst>
      <dst id="20">0.8267</dst>
      <dst id="11">0.4622</dst>
      <dst id="9">67.9467</dst>
      <dst id="17">343.3244</dst>
      <dst id="21">309.6444</dst>
      <dst id="15">1.4222</dst>
    </src>
    <src id="23">
      <dst id="12">143.2533</dst>
      <dst id="13">59.0400</dst>
      <dst id="19">0.9689</dst>
      <dst id="18">2125.1556</dst>
      <dst id="4">72.7822</dst>
      <dst id="1">59.1556</dst>
      <dst id="5">40.4267</dst>
      <dst id="3">168.5778</dst>
      <dst id="22">57.3067</dst>
      <dst id="7">137.2089</dst>
      <dst id="2">402.5422</dst>
      <dst id="6">0.3378</dst>
      <dst id="16">9319.8933</dst>
      <dst id="11">12.6222</dst>
      <dst id="9">399.0400</dst>
      <dst id="17">100.5156</dst>
      <dst id="21">63.5022</dst>
      <dst id="15">0.6756</dst>
    </src>
    <src id="8">
      <dst id="12">310117.4044</dst>
      <dst id="13">138.2667</dst>
      <dst id="19">0.3556</dst>
      <dst id="23">8.2756</dst>
      <dst id="18">13.6889</dst>
      <dst id="4">5604.8000</dst>
      <dst id="1">307.1289</dst>
      <dst id="5">1097.6178</dst>
      <dst id="22">648.6933</dst>
      <dst id="7">80.4978</dst>
      <dst id="2">115182.8089</dst>
      <dst id="16">54.7022</dst>
      <dst id="20">52.3022</dst>
      <dst id="11">1574.9778</dst>
      <dst id="9">495.2000</dst>
      <dst id="17">107334.0889</dst>
      <dst id="21">489.8667</dst>
      <dst id="15">113.9289</dst>
    </src>
    <src id="18">
      <dst id="12">101788.2400</dst>
      <dst id="13">378.7467</dst>
      <dst id="19">2.6578</dst>
      <dst id="23">55.8400</dst>
      <dst id="8">0.8178</dst>
      <dst id="4">2097.2178</dst>
      <dst id="1">880.9333</dst>
      <dst id="5">468.2222</dst>
      <dst id="3">145.7867</dst>
      <dst id="22">288.6756</dst>
      <dst id="7">0.9600</dst>
      <dst id="2">31494.6667</dst>
      <dst id="16">30.1244</dst>
      <dst id="20">31.6711</dst>
      <dst id="11">377.5467</dst>
      <dst id="9">123.8133</dst>
      <dst id="17">37083.1467</dst>
      <dst id="21">244.5600</dst>
      <dst id="15">35.7778</dst>
    </src>
    <src id="4">
      <dst id="12">9560.2044</dst>
      <dst id="19">9028.5156</dst>
      <dst id="8">4640.0178</dst>
      <dst id="18">1712.3911</dst>
      <dst id="1">111474.0444</dst>
      <dst id="5">1477.8400</dst>
      <dst id="3">65.8311</dst>
      <dst id="22">4420.9689</dst>
      <dst id="7">135832.8711</dst>
      <dst id="2">72498.8356</dst>
      <dst id="6">2.0533</dst>
      <dst id="16">910.2311</dst>
      <dst id="14">999.3156</dst>
      <dst id="20">1274.5778</dst>
      <dst id="11">1685.5378</dst>
      <dst id="9">3688.5778</dst>
      <dst id="17">91209.9467</dst>
      <dst id="21">5945.7333</dst>
      <dst id="15">620.9778</dst>
    </src>
    <src id="1">
      <dst id="12">20952.8889</dst>
      <dst id="13">301.7956</dst>
      <dst id="19">7.0578</dst>
      <dst id="23">15.6800</dst>
      <dst id="8">83465.7333</dst>
      <dst id="18">11743.5289</dst>
      <dst id="4">7322.2933</dst>
      <dst id="1">13447.3778</dst>
      <dst id="5">128202.6933</dst>
      <dst id="3">144.4889</dst>
      <dst id="22">1640.2489</dst>
      <dst id="7">1183.8844</dst>
      <dst id="2">6327.3956</dst>
      <dst id="6">5493.6267</dst>
      <dst id="16">10967.5556</dst>
      <dst id="14">40.0000</dst>
      <dst id="20">4.4444</dst>
      <dst id="11">132.4000</dst>
      <dst id="9">131113.2000</dst>
      <dst id="17">4273.5200</dst>
      <dst id="21">2156.9778</dst>
      <dst id="15">155.4311</dst>
    </src>
    <src id="5">
      <dst id="12">257942.3733</dst>
      <dst id="13">624.0622</dst>
      <dst id="19">1480.6578</dst>
      <dst id="23">1.6356</dst>
      <dst id="8">2698.8533</dst>
      <dst id="18">419.1556</dst>
      <dst id="4">4872.1067</dst>
      <dst id="1">3363.8844</dst>
      <dst id="3">1.0667</dst>
      <dst id="22">2090.7111</dst>
      <dst id="7">111.0311</dst>
      <dst id="2">89170.1600</dst>
      <dst id="6">13.7778</dst>
      <dst id="16">308.3289</dst>
      <dst id="14">22.4000</dst>
      <dst id="20">781.2978</dst>
      <dst id="11">875.5644</dst>
      <dst id="9">704.1600</dst>
      <dst id="17">92958.9156</dst>
      <dst id="21">215.7422</dst>
      <dst id="15">136.7022</dst>
    </src>
    <src id="3">
      <dst id="12">9695.1911</dst>
      <dst id="13">1561.8222</dst>
      <dst id="19">1774.6667</dst>
      <dst id="23">7296.6489</dst>
      <dst id="8">113.2711</dst>
      <dst id="18">67241.7689</dst>
      <dst id="4">28285.6000</dst>
      <dst id="1">25782.8000</dst>
      <dst id="5">392.8533</dst>
      <dst id="3">10285.3067</dst>
      <dst id="22">2442.1689</dst>
      <dst id="7">473.1200</dst>
      <dst id="2">2992.0533</dst>
      <dst id="6">0.7111</dst>
      <dst id="16">774.4533</dst>
      <dst id="14">18716.4444</dst>
      <dst id="20">11.8400</dst>
      <dst id="11">118293.6089</dst>
      <dst id="9">118.2578</dst>
      <dst id="17">9670.2667</dst>
      <dst id="21">4614.5511</dst>
      <dst id="15">321.7867</dst>
    </src>
    <src id="10">
      <dst id="12">8400.6044</dst>
      <dst id="19">2596.2756</dst>
      <dst id="8">658.4356</dst>
      <dst id="18">377.3422</dst>
      <dst id="1">504.5067</dst>
      <dst id="5">498.6311</dst>
      <dst id="3">3387.0489</dst>
      <dst id="22">5728.9778</dst>
      <dst id="7">106876.0178</dst>
      <dst id="2">32369.5822</dst>
      <dst id="6">0.7911</dst>
      <dst id="16">655.5644</dst>
      <dst id="14">3040.4089</dst>
      <dst id="20">1452.4889</dst>
      <dst id="11">6575.8311</dst>
      <dst id="9">2577.2711</dst>
      <dst id="17">37111.5733</dst>
      <dst id="21">11160.8800</dst>
      <dst id="15">191.2889</dst>
    </src>
    <src id="22">
      <dst id="12">6424.1067</dst>
      <dst id="13">1740.7289</dst>
      <dst id="19">86.7378</dst>
      <dst id="23">755.8756</dst>
      <dst id="8">273.4578</dst>
      <dst id="18">558.3289</dst>
      <dst id="4">16933.0400</dst>
      <dst id="1">79.6444</dst>
      <dst id="5">2247.9022</dst>
      <dst id="3">316.4356</dst>
      <dst id="7">367.2178</dst>
      <dst id="2">2867.7511</dst>
      <dst id="6">43.9022</dst>
      <dst id="16">0.3556</dst>
      <dst id="14">22.0622</dst>
      <dst id="11">2532.1778</dst>
      <dst id="9">5137.9200</dst>
      <dst id="17">3152.0711</dst>
      <dst id="21">1558.5778</dst>
    </src>
    <src id="7">
      <dst id="12">7824.7733</dst>
      <dst id="13">4644.0978</dst>
      <dst id="19">44.5689</dst>
      <dst id="23">29.3511</dst>
      <dst id="8">479.6000</dst>
      <dst id="18">308.6311</dst>
      <dst id="4">43601.4489</dst>
      <dst id="1">970.5333</dst>
      <dst id="5">1013.4133</dst>
      <dst id="3">81.9733</dst>
      <dst id="22">4478.4978</dst>
      <dst id="7">569.7778</dst>
      <dst id="2">21297.2356</dst>
      <dst id="6">17.3778</dst>
      <dst id="16">326.0533</dst>
      <dst id="14">85.9556</dst>
      <dst id="20">1820.2933</dst>
      <dst id="11">748.8000</dst>
      <dst id="9">788.9244</dst>
      <dst id="17">12271.9111</dst>
      <dst id="21">3148.8533</dst>
      <dst id="15">113.2178</dst>
    </src>
    <src id="2">
      <dst id="12">68464.6044</dst>
      <dst id="13">514144.3467</dst>
      <dst id="19">109.9200</dst>
      <dst id="23">13.0489</dst>
      <dst id="8">732.1244</dst>
      <dst id="18">53422.5600</dst>
      <dst id="4">83184.4444</dst>
      <dst id="1">6908.5600</dst>
      <dst id="5">1228.6044</dst>
      <dst id="3">21.1289</dst>
      <dst id="22">1928.6933</dst>
      <dst id="7">3771.0222</dst>
      <dst id="2">1311.7067</dst>
      <dst id="6">7034.8889</dst>
      <dst id="16">2103.9733</dst>
      <dst id="14">5240.5956</dst>
      <dst id="20">449.0933</dst>
      <dst id="11">1655.4756</dst>
      <dst id="9">271.4044</dst>
      <dst id="17">39268.0800</dst>
      <dst id="21">5704.9067</dst>
      <dst id="15">47.2000</dst>
    </src>
    <src id="6">
      <dst id="12">8434.4711</dst>
      <dst id="13">7.1111</dst>
      <dst id="19">0.7111</dst>
      <dst id="18">0.3556</dst>
      <dst id="4">1072.8356</dst>
      <dst id="1">21.6178</dst>
      <dst id="22">26.5244</dst>
      <dst id="7">24.6044</dst>
      <dst id="2">1863.1378</dst>
      <dst id="16">1.4933</dst>
      <dst id="11">28.1511</dst>
      <dst id="17">1092.9689</dst>
      <dst id="21">0.3556</dst>
    </src>
    <src id="16">
      <dst id="12">3438.1422</dst>
      <dst id="13">228.0267</dst>
      <dst id="19">4142.4978</dst>
      <dst id="23">161.2444</dst>
      <dst id="8">1003.3778</dst>
      <dst id="18">3.3600</dst>
      <dst id="4">3489.4044</dst>
      <dst id="1">23956.1156</dst>
      <dst id="5">811.0311</dst>
      <dst id="7">2372.7467</dst>
      <dst id="2">470.6400</dst>
      <dst id="6">0.3556</dst>
      <dst id="16">20.1511</dst>
      <dst id="14">213.3333</dst>
      <dst id="11">96.5422</dst>
      <dst id="9">672.1156</dst>
      <dst id="17">413.6000</dst>
      <dst id="21">1760.3556</dst>
    </src>
    <src id="14">
      <dst id="12">15296.8533</dst>
      <dst id="13">18.8444</dst>
      <dst id="19">7.9111</dst>
      <dst id="18">0.3556</dst>
      <dst id="4">1846.8800</dst>
      <dst id="1">18.2578</dst>
      <dst id="5">4.4000</dst>
      <dst id="3">43.1556</dst>
      <dst id="22">1.1022</dst>
      <dst id="7">58.2222</dst>
      <dst id="2">5505.1556</dst>
      <dst id="16">4.6222</dst>
      <dst id="11">44.9778</dst>
      <dst id="9">0.4622</dst>
      <dst id="17">4619.1556</dst>
      <dst id="21">108.4267</dst>
    </src>
    <src id="20">
      <dst id="12">2306.9867</dst>
      <dst id="13">325.1022</dst>
      <dst id="19">13.8044</dst>
      <dst id="8">126.1956</dst>
      <dst id="18">94.6133</dst>
      <dst id="4">10840.4533</dst>
      <dst id="1">20.3911</dst>
      <dst id="5">2518.9600</dst>
      <dst id="3">152.9156</dst>
      <dst id="7">103.6800</dst>
      <dst id="2">1582.0889</dst>
      <dst id="14">1.3156</dst>
      <dst id="11">635.3689</dst>
      <dst id="9">3832.9867</dst>
      <dst id="17">480.2044</dst>
      <dst id="21">124.8089</dst>
    </src>
    <src id="11">
      <dst id="12">362246.8089</dst>
      <dst id="13">1546.4800</dst>
      <dst id="19">7.6267</dst>
      <dst id="8">316.8533</dst>
      <dst id="18">42.7378</dst>
      <dst id="4">7985.0133</dst>
      <dst id="1">715.4667</dst>
      <dst id="5">806.4622</dst>
      <dst id="3">328.6311</dst>
      <dst id="22">1105.3600</dst>
      <dst id="7">133.1289</dst>
      <dst id="2">130812.8622</dst>
      <dst id="6">79.2000</dst>
      <dst id="16">74.5689</dst>
      <dst id="14">81.3511</dst>
      <dst id="20">689.3600</dst>
      <dst id="11">550.6844</dst>
      <dst id="9">2090.2400</dst>
      <dst id="17">150242.2311</dst>
      <dst id="21">942.4178</dst>
      <dst id="15">173.0133</dst>
    </src>
    <src id="9">
      <dst id="12">355169.8489</dst>
      <dst id="13">1294.9067</dst>
      <dst id="19">8.4356</dst>
      <dst id="23">12.7644</dst>
      <dst id="8">883.7867</dst>
      <dst id="18">91.9644</dst>
      <dst id="4">11477.1822</dst>
      <dst id="1">952.7022</dst>
      <dst id="5">1832.2578</dst>
      <dst id="3">107.9111</dst>
      <dst id="22">2022.8356</dst>
      <dst id="7">79.6000</dst>
      <dst id="2">129423.4844</dst>
      <dst id="6">0.5244</dst>
      <dst id="16">548.2400</dst>
      <dst id="20">594.6578</dst>
      <dst id="11">512.6844</dst>
      <dst id="9">15.4044</dst>
      <dst id="17">201115.7600</dst>
      <dst id="21">1156.7200</dst>
      <dst id="15">841.2800</dst>
    </src>
    <src id="17">
      <dst id="12">6677.0133</dst>
      <dst id="13">2092.6133</dst>
      <dst id="19">265.1378</dst>
      <dst id="23">2604.3378</dst>
      <dst id="8">110528.3556</dst>
      <dst id="18">194.6222</dst>
      <dst id="4">123046.0089</dst>
      <dst id="1">3015.1378</dst>
      <dst id="5">130287.0400</dst>
      <dst id="3">5865.0489</dst>
      <dst id="22">3627.1200</dst>
      <dst id="7">2202.4178</dst>
      <dst id="2">25151.3867</dst>
      <dst id="6">90.1067</dst>
      <dst id="16">3318.4622</dst>
      <dst id="14">13199.1644</dst>
      <dst id="20">149.5467</dst>
      <dst id="11">91809.7600</dst>
      <dst id="9">121688.3822</dst>
      <dst id="17">1670.4089</dst>
      <dst id="21">4355.2267</dst>
      <dst id="15">248.7200</dst>
    </src>
    <src id="21">
      <dst id="12">21909.5200</dst>
      <dst id="13">1568.1244</dst>
      <dst id="19">81.2444</dst>
      <dst id="23">3.7600</dst>
      <dst id="8">135.0222</dst>
      <dst id="18">1560.8178</dst>
      <dst id="4">22105.5378</dst>
      <dst id="1">1014.1244</dst>
      <dst id="5">609.3156</dst>
      <dst id="3">804.2222</dst>
      <dst id="22">721.3689</dst>
      <dst id="7">3523.2356</dst>
      <dst id="2">7627.4044</dst>
      <dst id="16">95.3333</dst>
      <dst id="14">66.9956</dst>
      <dst id="20">295.0400</dst>
      <dst id="11">611.3244</dst>
      <dst id="9">1338.2933</dst>
      <dst id="17">5252.5244</dst>
      <dst id="21">1484.6933</dst>
      <dst id="15">19.6356</dst>
    </src>
    <src id="15">
      <dst id="12">174.5689</dst>
      <dst id="13">88.9422</dst>
      <dst id="19">17.7422</dst>
      <dst id="8">45.2622</dst>
      <dst id="18">56.1422</dst>
      <dst id="4">3796.5778</dst>
      <dst id="1">658.0356</dst>
      <dst id="5">212.7822</dst>
      <dst id="3">11.3333</dst>
      <dst id="7">84.2311</dst>
      <dst id="2">109.0133</dst>
      <dst id="16">0.4089</dst>
      <dst id="11">20.5422</dst>
      <dst id="9">2259.0222</dst>
      <dst id="17">732.7822</dst>
      <dst id="21">118.9333</dst>
    </src>
  </IntraTM>
</TrafficMatrixFile>
