<?xml version="1.0" encoding="UTF-8" standalone="yes"?>
<TrafficMatrixFile xmlns:xsi="http://www.w3.org/2001/XMLSchema-instance" xsi:noNamespaceSchemaLocation="http://totem.run.montefiore.ulg.ac.be/Schema/TrafficMatrix-v1_2.xsd">
  <info>
    <title>Intradomain traffic matrix generated by geant-TM-all.pl</title>
    <date>2005-01-02T13:30:00</date>
    <duration>900</duration>
    <author>Steve Uhlig</author>
    <units>
        <unit type="bandwidth" value="kbps"/>
    </units>
  </info>
  <IntraTM ASID="20965">
    <src id="12">
      <dst id="12">173695.2622</dst>
      <dst id="13">12315.8933</dst>
      <dst id="19">2422.8533</dst>
      <dst id="23">9162.0978</dst>
      <dst id="8">949.3600</dst>
      <dst id="18">2986.8800</dst>
      <dst id="4">92444.3467</dst>
      <dst id="1">6373.5200</dst>
      <dst id="5">4262.4000</dst>
      <dst id="3">1381.4489</dst>
      <dst id="22">2132.5867</dst>
      <dst id="7">1712.6667</dst>
      <dst id="2">67387.3867</dst>
      <dst id="6">40.2311</dst>
      <dst id="16">5336.7822</dst>
      <dst id="14">282.4089</dst>
      <dst id="20">19367.8667</dst>
      <dst id="11">6067.2978</dst>
      <dst id="9">2408.8800</dst>
      <dst id="17">47339.3067</dst>
      <dst id="21">8194.4622</dst>
      <dst id="15">56.7467</dst>
    </src>
    <src id="13">
      <dst id="12">35574.2133</dst>
      <dst id="19">10181.9467</dst>
      <dst id="23">8.2578</dst>
      <dst id="8">519.1911</dst>
      <dst id="18">2695.6978</dst>
      <dst id="1">1296.3467</dst>
      <dst id="5">3850.2222</dst>
      <dst id="3">3258.8889</dst>
      <dst id="22">16541.8222</dst>
      <dst id="7">10930.5422</dst>
      <dst id="2">67615.0756</dst>
      <dst id="6">21.3689</dst>
      <dst id="16">5406.9600</dst>
      <dst id="14">1133.1911</dst>
      <dst id="20">11888.2844</dst>
      <dst id="11">6214.0178</dst>
      <dst id="9">11178.4800</dst>
      <dst id="17">48713.7600</dst>
      <dst id="21">14931.8311</dst>
      <dst id="15">2237.9022</dst>
    </src>
    <src id="19">
      <dst id="12">9058.9422</dst>
      <dst id="13">264.6667</dst>
      <dst id="23">0.4622</dst>
      <dst id="8">1.9733</dst>
      <dst id="18">17.7422</dst>
      <dst id="4">18110.4444</dst>
      <dst id="1">115.8933</dst>
      <dst id="5">29.1556</dst>
      <dst id="3">1.8400</dst>
      <dst id="22">160.3911</dst>
      <dst id="7">3478.1067</dst>
      <dst id="2">484.8711</dst>
      <dst id="6">65.6356</dst>
      <dst id="16">11080.8800</dst>
      <dst id="14">0.9244</dst>
      <dst id="20">2.2489</dst>
      <dst id="9">454.4178</dst>
      <dst id="17">66.1067</dst>
      <dst id="21">355.9111</dst>
    </src>
    <src id="23">
      <dst id="12">486.0356</dst>
      <dst id="13">27.1111</dst>
      <dst id="19">13.8044</dst>
      <dst id="8">64.9956</dst>
      <dst id="4">57.4578</dst>
      <dst id="1">72.6400</dst>
      <dst id="5">14.0356</dst>
      <dst id="3">84.2844</dst>
      <dst id="22">19.1644</dst>
      <dst id="7">30.3556</dst>
      <dst id="2">1.9822</dst>
      <dst id="16">2.0444</dst>
      <dst id="14">0.3556</dst>
      <dst id="11">41.2178</dst>
      <dst id="9">327.1822</dst>
      <dst id="17">54.6489</dst>
      <dst id="21">493.1556</dst>
      <dst id="15">14.4711</dst>
    </src>
    <src id="8">
      <dst id="12">265280.0267</dst>
      <dst id="13">83.8044</dst>
      <dst id="23">3639.6444</dst>
      <dst id="18">34.9778</dst>
      <dst id="4">4304.3733</dst>
      <dst id="1">100.6222</dst>
      <dst id="5">577.6356</dst>
      <dst id="3">14.0356</dst>
      <dst id="22">400.3733</dst>
      <dst id="7">36.5689</dst>
      <dst id="2">79450.6667</dst>
      <dst id="16">48.2578</dst>
      <dst id="14">25.5467</dst>
      <dst id="20">140.7111</dst>
      <dst id="11">258.4178</dst>
      <dst id="9">832.4356</dst>
      <dst id="17">86587.0933</dst>
      <dst id="21">309.9911</dst>
      <dst id="15">30.6933</dst>
    </src>
    <src id="18">
      <dst id="12">98144.7289</dst>
      <dst id="13">105.7067</dst>
      <dst id="19">22.0356</dst>
      <dst id="23">2.5956</dst>
      <dst id="8">40.1333</dst>
      <dst id="4">2616.8444</dst>
      <dst id="1">1065.5644</dst>
      <dst id="5">139.9289</dst>
      <dst id="3">6.1689</dst>
      <dst id="22">153.8400</dst>
      <dst id="7">97.9467</dst>
      <dst id="2">27994.5689</dst>
      <dst id="14">0.3556</dst>
      <dst id="20">12.6400</dst>
      <dst id="11">96.7467</dst>
      <dst id="9">119.3067</dst>
      <dst id="17">36056.9600</dst>
      <dst id="21">425.4578</dst>
      <dst id="15">1.6178</dst>
    </src>
    <src id="4">
      <dst id="12">9232.6400</dst>
      <dst id="19">5442.9689</dst>
      <dst id="8">202.2578</dst>
      <dst id="18">1478.3200</dst>
      <dst id="4">2.2311</dst>
      <dst id="1">10650.9511</dst>
      <dst id="5">1241.5733</dst>
      <dst id="3">162.1156</dst>
      <dst id="22">3420.5156</dst>
      <dst id="7">39952.6311</dst>
      <dst id="2">56981.3956</dst>
      <dst id="6">2.6489</dst>
      <dst id="16">3955.8667</dst>
      <dst id="14">883.3511</dst>
      <dst id="20">1451.5644</dst>
      <dst id="11">6020.6578</dst>
      <dst id="9">3260.8711</dst>
      <dst id="17">109631.2000</dst>
      <dst id="21">6444.8889</dst>
      <dst id="15">323.4578</dst>
    </src>
    <src id="1">
      <dst id="12">13138.3733</dst>
      <dst id="13">139.9644</dst>
      <dst id="19">9.2622</dst>
      <dst id="23">3.2356</dst>
      <dst id="8">58278.4178</dst>
      <dst id="18">11937.9733</dst>
      <dst id="4">4519.5289</dst>
      <dst id="1">33040.4622</dst>
      <dst id="5">132060.2667</dst>
      <dst id="3">19.1556</dst>
      <dst id="22">305.7867</dst>
      <dst id="7">1350.7200</dst>
      <dst id="2">1534.9956</dst>
      <dst id="6">8313.1022</dst>
      <dst id="16">18727.8400</dst>
      <dst id="14">43.2356</dst>
      <dst id="20">29.2178</dst>
      <dst id="11">364.4356</dst>
      <dst id="9">112801.5111</dst>
      <dst id="17">1944.5867</dst>
      <dst id="21">1550.5778</dst>
      <dst id="15">125.5822</dst>
    </src>
    <src id="5">
      <dst id="12">212388.4178</dst>
      <dst id="13">349.4933</dst>
      <dst id="19">49.2978</dst>
      <dst id="23">66.6667</dst>
      <dst id="8">1485.3067</dst>
      <dst id="18">104.0978</dst>
      <dst id="4">6856.9689</dst>
      <dst id="1">122.1067</dst>
      <dst id="3">154.1956</dst>
      <dst id="22">4124.8444</dst>
      <dst id="7">54.6222</dst>
      <dst id="2">86613.5378</dst>
      <dst id="16">98.4267</dst>
      <dst id="14">1.2800</dst>
      <dst id="20">1086.1067</dst>
      <dst id="11">380.6489</dst>
      <dst id="9">3694.2933</dst>
      <dst id="17">77758.3378</dst>
      <dst id="21">610.4889</dst>
      <dst id="15">267.0489</dst>
    </src>
    <src id="3">
      <dst id="12">12481.8044</dst>
      <dst id="13">1181.6978</dst>
      <dst id="19">4054.2756</dst>
      <dst id="23">294.2578</dst>
      <dst id="8">19.2533</dst>
      <dst id="18">52731.4756</dst>
      <dst id="4">21350.8089</dst>
      <dst id="1">5520.5333</dst>
      <dst id="5">690.5333</dst>
      <dst id="3">8089.7244</dst>
      <dst id="22">996.7022</dst>
      <dst id="7">1500.4356</dst>
      <dst id="2">2881.6267</dst>
      <dst id="6">3.1911</dst>
      <dst id="16">915.0311</dst>
      <dst id="14">20101.3333</dst>
      <dst id="20">141.9644</dst>
      <dst id="11">98858.5244</dst>
      <dst id="9">121.8756</dst>
      <dst id="17">5442.2133</dst>
      <dst id="21">6031.8667</dst>
      <dst id="15">126.7733</dst>
    </src>
    <src id="10">
      <dst id="12">9168.4889</dst>
      <dst id="19">1138.3644</dst>
      <dst id="8">476.1956</dst>
      <dst id="18">4622.2133</dst>
      <dst id="1">1511.1111</dst>
      <dst id="5">929.7956</dst>
      <dst id="3">17540.1778</dst>
      <dst id="22">5295.3422</dst>
      <dst id="7">12373.2533</dst>
      <dst id="2">19788.0889</dst>
      <dst id="6">21.7600</dst>
      <dst id="16">3334.9867</dst>
      <dst id="14">1850.4622</dst>
      <dst id="20">2136.7378</dst>
      <dst id="11">5113.3511</dst>
      <dst id="9">2170.2844</dst>
      <dst id="17">46553.5111</dst>
      <dst id="21">16632.1244</dst>
      <dst id="15">711.2978</dst>
    </src>
    <src id="22">
      <dst id="12">2609.8489</dst>
      <dst id="13">2053.0756</dst>
      <dst id="19">25.8489</dst>
      <dst id="23">8.7289</dst>
      <dst id="8">329.4489</dst>
      <dst id="18">1033.4933</dst>
      <dst id="4">19250.2044</dst>
      <dst id="1">79.4311</dst>
      <dst id="5">3803.3333</dst>
      <dst id="3">238.6489</dst>
      <dst id="7">132.5689</dst>
      <dst id="2">1380.9778</dst>
      <dst id="6">12.8000</dst>
      <dst id="16">2.3822</dst>
      <dst id="14">63.0311</dst>
      <dst id="11">2051.4844</dst>
      <dst id="9">743.1200</dst>
      <dst id="17">1358.0178</dst>
      <dst id="21">913.5556</dst>
    </src>
    <src id="7">
      <dst id="12">1684.0089</dst>
      <dst id="13">60.6756</dst>
      <dst id="19">81.9378</dst>
      <dst id="23">18.6667</dst>
      <dst id="8">207.1911</dst>
      <dst id="18">89.7600</dst>
      <dst id="4">17090.3644</dst>
      <dst id="1">2863.4044</dst>
      <dst id="5">827.4133</dst>
      <dst id="3">128.9867</dst>
      <dst id="22">3655.0044</dst>
      <dst id="7">892.8000</dst>
      <dst id="2">4014.3733</dst>
      <dst id="6">27.5911</dst>
      <dst id="16">122.5778</dst>
      <dst id="14">85.8133</dst>
      <dst id="20">60.0978</dst>
      <dst id="11">610.0711</dst>
      <dst id="9">50.3644</dst>
      <dst id="17">3018.6044</dst>
      <dst id="21">2095.2533</dst>
      <dst id="15">144.7467</dst>
    </src>
    <src id="2">
      <dst id="12">57759.7511</dst>
      <dst id="13">1128.1867</dst>
      <dst id="19">8125.9111</dst>
      <dst id="8">1516.4978</dst>
      <dst id="18">43158.7822</dst>
      <dst id="4">96015.6089</dst>
      <dst id="1">1055.0933</dst>
      <dst id="5">779.5556</dst>
      <dst id="3">15.1111</dst>
      <dst id="22">2014.3644</dst>
      <dst id="7">5047.7956</dst>
      <dst id="2">959.2800</dst>
      <dst id="6">4823.3156</dst>
      <dst id="16">2297.0044</dst>
      <dst id="14">5141.6444</dst>
      <dst id="20">303.8222</dst>
      <dst id="11">2503.8133</dst>
      <dst id="9">715.6978</dst>
      <dst id="17">35042.3289</dst>
      <dst id="21">3913.4222</dst>
      <dst id="15">19.8933</dst>
    </src>
    <src id="6">
      <dst id="12">6532.4444</dst>
      <dst id="13">2.5244</dst>
      <dst id="19">3.1911</dst>
      <dst id="23">1.4756</dst>
      <dst id="18">7.1822</dst>
      <dst id="4">75.8044</dst>
      <dst id="1">25.4222</dst>
      <dst id="22">2.0533</dst>
      <dst id="7">0.4622</dst>
      <dst id="2">1349.2356</dst>
      <dst id="16">0.8622</dst>
      <dst id="11">1.0667</dst>
      <dst id="17">1252.4089</dst>
      <dst id="21">32.4267</dst>
    </src>
    <src id="16">
      <dst id="12">2605.1200</dst>
      <dst id="13">97.9200</dst>
      <dst id="19">4748.8533</dst>
      <dst id="23">1.7778</dst>
      <dst id="8">943.3156</dst>
      <dst id="18">5.3333</dst>
      <dst id="4">5369.2444</dst>
      <dst id="1">20041.6889</dst>
      <dst id="5">437.5556</dst>
      <dst id="3">1.8756</dst>
      <dst id="7">2091.5644</dst>
      <dst id="2">579.3956</dst>
      <dst id="6">12.9067</dst>
      <dst id="16">11.8044</dst>
      <dst id="14">157.4578</dst>
      <dst id="11">50.6756</dst>
      <dst id="9">928.6578</dst>
      <dst id="17">889.6178</dst>
      <dst id="21">623.2267</dst>
    </src>
    <src id="14">
      <dst id="12">14458.1244</dst>
      <dst id="13">28.0889</dst>
      <dst id="19">21.6533</dst>
      <dst id="8">0.3556</dst>
      <dst id="4">1597.3244</dst>
      <dst id="1">72.8533</dst>
      <dst id="5">3.4578</dst>
      <dst id="3">41.2000</dst>
      <dst id="22">2.0978</dst>
      <dst id="7">100.6667</dst>
      <dst id="2">4585.4756</dst>
      <dst id="16">195.2000</dst>
      <dst id="20">1.4222</dst>
      <dst id="11">41.3422</dst>
      <dst id="17">7239.0400</dst>
      <dst id="21">85.1911</dst>
    </src>
    <src id="20">
      <dst id="12">2514.9600</dst>
      <dst id="13">5047.3778</dst>
      <dst id="19">16.6133</dst>
      <dst id="8">612.2933</dst>
      <dst id="18">1.3333</dst>
      <dst id="4">5014.9156</dst>
      <dst id="1">45.4489</dst>
      <dst id="5">6339.3067</dst>
      <dst id="3">4521.7244</dst>
      <dst id="7">1984.3111</dst>
      <dst id="2">1774.0711</dst>
      <dst id="14">13.1467</dst>
      <dst id="11">197.3067</dst>
      <dst id="9">2233.2978</dst>
      <dst id="17">4758.0178</dst>
      <dst id="21">106.3911</dst>
    </src>
    <src id="11">
      <dst id="12">375876.9956</dst>
      <dst id="13">1090.1333</dst>
      <dst id="19">3.5644</dst>
      <dst id="23">1.3333</dst>
      <dst id="8">430.8622</dst>
      <dst id="18">147.0222</dst>
      <dst id="4">15670.9333</dst>
      <dst id="1">376.1067</dst>
      <dst id="5">1057.4756</dst>
      <dst id="3">126.6044</dst>
      <dst id="22">2086.7644</dst>
      <dst id="7">241.8578</dst>
      <dst id="2">145152.0089</dst>
      <dst id="6">35.8222</dst>
      <dst id="16">759.8933</dst>
      <dst id="14">62.5511</dst>
      <dst id="20">250.0356</dst>
      <dst id="11">479.0667</dst>
      <dst id="9">582.6756</dst>
      <dst id="17">130633.5378</dst>
      <dst id="21">831.0578</dst>
      <dst id="15">921.6089</dst>
    </src>
    <src id="9">
      <dst id="12">392558.1422</dst>
      <dst id="13">4389.6978</dst>
      <dst id="19">13.9022</dst>
      <dst id="23">16.2311</dst>
      <dst id="8">97.9200</dst>
      <dst id="18">1133.3956</dst>
      <dst id="4">16936.0089</dst>
      <dst id="1">342.6756</dst>
      <dst id="5">7574.5333</dst>
      <dst id="3">1.0667</dst>
      <dst id="22">718.6400</dst>
      <dst id="7">160.5067</dst>
      <dst id="2">129526.8533</dst>
      <dst id="16">846.0267</dst>
      <dst id="20">236.2044</dst>
      <dst id="11">281.4844</dst>
      <dst id="9">280.2756</dst>
      <dst id="17">158744.3111</dst>
      <dst id="21">1293.9111</dst>
      <dst id="15">129.0044</dst>
    </src>
    <src id="17">
      <dst id="12">6538.3289</dst>
      <dst id="13">16358.8622</dst>
      <dst id="19">35.1378</dst>
      <dst id="23">233.3511</dst>
      <dst id="8">89584.9956</dst>
      <dst id="18">30.7556</dst>
      <dst id="4">49571.1111</dst>
      <dst id="1">3368.1244</dst>
      <dst id="5">134134.2578</dst>
      <dst id="3">9992.6844</dst>
      <dst id="22">7208.8267</dst>
      <dst id="7">2758.5244</dst>
      <dst id="2">11836.3289</dst>
      <dst id="6">2.4800</dst>
      <dst id="16">405.4667</dst>
      <dst id="14">12649.1200</dst>
      <dst id="20">154.0178</dst>
      <dst id="11">88806.0089</dst>
      <dst id="9">136856.7022</dst>
      <dst id="17">1037.1111</dst>
      <dst id="21">5635.0578</dst>
      <dst id="15">34.7022</dst>
    </src>
    <src id="21">
      <dst id="12">15966.0000</dst>
      <dst id="13">405.6622</dst>
      <dst id="19">92.3911</dst>
      <dst id="23">9.2533</dst>
      <dst id="8">412.4178</dst>
      <dst id="18">375.3956</dst>
      <dst id="4">20706.2489</dst>
      <dst id="1">547.6533</dst>
      <dst id="5">4775.9200</dst>
      <dst id="3">568.9778</dst>
      <dst id="22">1100.1156</dst>
      <dst id="7">4301.9378</dst>
      <dst id="2">8789.2533</dst>
      <dst id="6">197.4400</dst>
      <dst id="16">152.0622</dst>
      <dst id="14">63.3689</dst>
      <dst id="20">72.8444</dst>
      <dst id="11">373.8844</dst>
      <dst id="9">297.7956</dst>
      <dst id="17">2142.9867</dst>
      <dst id="21">1261.2000</dst>
      <dst id="15">39.6533</dst>
    </src>
    <src id="15">
      <dst id="12">528.2756</dst>
      <dst id="13">61.5289</dst>
      <dst id="23">0.8000</dst>
      <dst id="8">2.5600</dst>
      <dst id="4">5251.5378</dst>
      <dst id="1">562.4533</dst>
      <dst id="5">135.5200</dst>
      <dst id="3">8.2578</dst>
      <dst id="7">54.5422</dst>
      <dst id="2">238.1156</dst>
      <dst id="11">56.2222</dst>
      <dst id="9">391.9200</dst>
      <dst id="17">82.0089</dst>
      <dst id="21">43.6000</dst>
    </src>
  </IntraTM>
</TrafficMatrixFile>
