<?xml version="1.0" encoding="UTF-8" standalone="yes"?>
<TrafficMatrixFile xmlns:xsi="http://www.w3.org/2001/XMLSchema-instance" xsi:noNamespaceSchemaLocation="http://totem.run.montefiore.ulg.ac.be/Schema/TrafficMatrix-v1_2.xsd">
  <info>
    <title>Intradomain traffic matrix generated by geant-TM-all.pl</title>
    <date>2005-01-03T17:45:00</date>
    <duration>900</duration>
    <author>Steve Uhlig</author>
    <units>
        <unit type="bandwidth" value="kbps"/>
    </units>
  </info>
  <IntraTM ASID="20965">
    <src id="12">
      <dst id="12">226468.1867</dst>
      <dst id="13">21542.2400</dst>
      <dst id="19">3318.0889</dst>
      <dst id="23">36.1956</dst>
      <dst id="8">2799.1822</dst>
      <dst id="18">495.4489</dst>
      <dst id="4">75600.9244</dst>
      <dst id="1">8952.9422</dst>
      <dst id="5">2942.1689</dst>
      <dst id="3">1598.0533</dst>
      <dst id="22">9376.3467</dst>
      <dst id="7">1168.9244</dst>
      <dst id="2">61074.7289</dst>
      <dst id="6">4.3289</dst>
      <dst id="16">5221.5022</dst>
      <dst id="14">152.7378</dst>
      <dst id="20">4742.6044</dst>
      <dst id="11">4670.8444</dst>
      <dst id="9">4362.2133</dst>
      <dst id="17">69201.5644</dst>
      <dst id="21">10314.7289</dst>
      <dst id="15">933.2978</dst>
    </src>
    <src id="13">
      <dst id="12">35198.2756</dst>
      <dst id="19">6213.8222</dst>
      <dst id="23">46.3644</dst>
      <dst id="8">3249.4400</dst>
      <dst id="18">1027.3956</dst>
      <dst id="4">0.3556</dst>
      <dst id="1">2419.5111</dst>
      <dst id="5">15431.6533</dst>
      <dst id="3">6057.2800</dst>
      <dst id="22">14087.9378</dst>
      <dst id="7">6857.9911</dst>
      <dst id="2">48655.2622</dst>
      <dst id="6">47.1022</dst>
      <dst id="16">35455.9022</dst>
      <dst id="14">1955.9378</dst>
      <dst id="20">4119.2978</dst>
      <dst id="11">10849.6800</dst>
      <dst id="9">9446.2133</dst>
      <dst id="17">36628.0800</dst>
      <dst id="21">9635.6711</dst>
      <dst id="15">1508.4711</dst>
    </src>
    <src id="19">
      <dst id="12">16409.5200</dst>
      <dst id="13">156.9244</dst>
      <dst id="18">292.9422</dst>
      <dst id="4">17989.2267</dst>
      <dst id="1">358.9067</dst>
      <dst id="5">3.0222</dst>
      <dst id="3">20.2667</dst>
      <dst id="22">82.7111</dst>
      <dst id="7">3025.4756</dst>
      <dst id="2">87.5556</dst>
      <dst id="6">41.1378</dst>
      <dst id="16">9655.8400</dst>
      <dst id="20">28.6667</dst>
      <dst id="11">741.1111</dst>
      <dst id="9">111.1644</dst>
      <dst id="17">1168.4622</dst>
      <dst id="21">335.5289</dst>
    </src>
    <src id="23">
      <dst id="12">351.5733</dst>
      <dst id="13">58.1778</dst>
      <dst id="19">2.5422</dst>
      <dst id="8">26.6667</dst>
      <dst id="18">0.3556</dst>
      <dst id="4">40.0444</dst>
      <dst id="1">20.7556</dst>
      <dst id="5">77.7956</dst>
      <dst id="3">258.4089</dst>
      <dst id="22">399.3156</dst>
      <dst id="7">65.5022</dst>
      <dst id="2">34.7733</dst>
      <dst id="16">424.1867</dst>
      <dst id="20">93.3333</dst>
      <dst id="11">133.4400</dst>
      <dst id="9">492.2133</dst>
      <dst id="17">209.0578</dst>
      <dst id="21">60.7822</dst>
    </src>
    <src id="8">
      <dst id="12">274836.8178</dst>
      <dst id="13">106.7022</dst>
      <dst id="23">1.0489</dst>
      <dst id="18">58.4889</dst>
      <dst id="4">3067.4844</dst>
      <dst id="1">21.3600</dst>
      <dst id="5">1078.5067</dst>
      <dst id="3">14.0356</dst>
      <dst id="22">948.4267</dst>
      <dst id="7">4.0978</dst>
      <dst id="2">102680.8978</dst>
      <dst id="16">334.1422</dst>
      <dst id="14">2.7733</dst>
      <dst id="20">83.5022</dst>
      <dst id="11">235.4578</dst>
      <dst id="9">268.2133</dst>
      <dst id="17">89459.2800</dst>
      <dst id="21">73.3511</dst>
      <dst id="15">24.7111</dst>
    </src>
    <src id="18">
      <dst id="12">96130.5778</dst>
      <dst id="13">734.6844</dst>
      <dst id="19">7.4133</dst>
      <dst id="23">0.4267</dst>
      <dst id="8">73.6800</dst>
      <dst id="4">1053.4044</dst>
      <dst id="1">714.6311</dst>
      <dst id="5">679.4311</dst>
      <dst id="3">75.3778</dst>
      <dst id="22">120.9511</dst>
      <dst id="7">37.3778</dst>
      <dst id="2">27182.3022</dst>
      <dst id="16">7.4578</dst>
      <dst id="14">14.6133</dst>
      <dst id="20">16.1067</dst>
      <dst id="11">108.5867</dst>
      <dst id="9">60.9600</dst>
      <dst id="17">31859.5289</dst>
      <dst id="21">270.2044</dst>
      <dst id="15">0.7556</dst>
    </src>
    <src id="4">
      <dst id="12">14236.8622</dst>
      <dst id="19">14306.1600</dst>
      <dst id="8">631.3156</dst>
      <dst id="18">1725.2000</dst>
      <dst id="1">17904.1867</dst>
      <dst id="5">1871.2000</dst>
      <dst id="3">243.4756</dst>
      <dst id="22">5876.8711</dst>
      <dst id="7">129927.5200</dst>
      <dst id="2">64811.4489</dst>
      <dst id="6">78.3289</dst>
      <dst id="16">2004.6400</dst>
      <dst id="14">1549.8044</dst>
      <dst id="20">1083.8400</dst>
      <dst id="11">2904.7644</dst>
      <dst id="9">4171.7511</dst>
      <dst id="17">94487.7689</dst>
      <dst id="21">5200.4089</dst>
      <dst id="15">712.1156</dst>
    </src>
    <src id="1">
      <dst id="12">21380.6933</dst>
      <dst id="13">2072.1956</dst>
      <dst id="19">80.6578</dst>
      <dst id="23">27.2356</dst>
      <dst id="8">92751.2444</dst>
      <dst id="18">13767.2444</dst>
      <dst id="4">5888.7733</dst>
      <dst id="1">51357.5644</dst>
      <dst id="5">174255.9733</dst>
      <dst id="3">175.3333</dst>
      <dst id="22">3886.3911</dst>
      <dst id="7">1033.0311</dst>
      <dst id="2">1581.7156</dst>
      <dst id="6">12898.9511</dst>
      <dst id="16">14713.3778</dst>
      <dst id="14">43.9733</dst>
      <dst id="20">16.4178</dst>
      <dst id="11">310.6133</dst>
      <dst id="9">229565.3956</dst>
      <dst id="17">2882.4978</dst>
      <dst id="21">3557.6889</dst>
      <dst id="15">88.5956</dst>
    </src>
    <src id="5">
      <dst id="12">234366.4711</dst>
      <dst id="13">1348.2133</dst>
      <dst id="19">2.1244</dst>
      <dst id="23">22.5422</dst>
      <dst id="8">656.7111</dst>
      <dst id="18">146.1067</dst>
      <dst id="4">7254.1333</dst>
      <dst id="1">409.6533</dst>
      <dst id="3">11.5200</dst>
      <dst id="22">2008.7911</dst>
      <dst id="7">1308.4978</dst>
      <dst id="2">94579.5022</dst>
      <dst id="6">43.7689</dst>
      <dst id="16">393.0489</dst>
      <dst id="14">38.0889</dst>
      <dst id="20">8998.1956</dst>
      <dst id="11">1429.5467</dst>
      <dst id="9">11386.8800</dst>
      <dst id="17">80810.2044</dst>
      <dst id="21">247.7067</dst>
      <dst id="15">22.3022</dst>
    </src>
    <src id="3">
      <dst id="12">6614.3378</dst>
      <dst id="13">875.8044</dst>
      <dst id="19">1340.6400</dst>
      <dst id="23">9271.4489</dst>
      <dst id="8">2.9333</dst>
      <dst id="18">50602.5156</dst>
      <dst id="4">13148.8889</dst>
      <dst id="1">8781.1111</dst>
      <dst id="5">422.7733</dst>
      <dst id="3">13287.7778</dst>
      <dst id="22">509.5022</dst>
      <dst id="7">1471.9022</dst>
      <dst id="2">4525.9644</dst>
      <dst id="6">0.5156</dst>
      <dst id="16">1132.5511</dst>
      <dst id="14">23773.3422</dst>
      <dst id="20">74.8356</dst>
      <dst id="11">118702.0800</dst>
      <dst id="9">160.1867</dst>
      <dst id="17">2561.5644</dst>
      <dst id="21">13180.8978</dst>
      <dst id="15">66.4711</dst>
    </src>
    <src id="10">
      <dst id="12">13892.0800</dst>
      <dst id="19">500.5156</dst>
      <dst id="8">849.8667</dst>
      <dst id="18">3619.5556</dst>
      <dst id="1">2089.9111</dst>
      <dst id="5">761.8400</dst>
      <dst id="3">3113.1467</dst>
      <dst id="22">6441.9289</dst>
      <dst id="7">99280.2844</dst>
      <dst id="2">27922.7911</dst>
      <dst id="6">1.4489</dst>
      <dst id="16">1046.8000</dst>
      <dst id="14">437.8044</dst>
      <dst id="20">502.0533</dst>
      <dst id="11">5912.2222</dst>
      <dst id="9">3337.4400</dst>
      <dst id="17">18666.4978</dst>
      <dst id="21">6966.0978</dst>
      <dst id="15">144.2044</dst>
    </src>
    <src id="22">
      <dst id="12">5683.5556</dst>
      <dst id="13">3256.9778</dst>
      <dst id="19">33.1911</dst>
      <dst id="23">80.0533</dst>
      <dst id="8">380.3022</dst>
      <dst id="18">350.7378</dst>
      <dst id="4">17383.8667</dst>
      <dst id="1">193.2533</dst>
      <dst id="5">2763.1467</dst>
      <dst id="3">431.0400</dst>
      <dst id="7">2074.9511</dst>
      <dst id="2">1488.5511</dst>
      <dst id="6">73.2356</dst>
      <dst id="16">4.2133</dst>
      <dst id="14">47.4667</dst>
      <dst id="11">2068.7378</dst>
      <dst id="9">2271.6978</dst>
      <dst id="17">2629.2000</dst>
      <dst id="21">1007.7867</dst>
    </src>
    <src id="7">
      <dst id="12">1457.5822</dst>
      <dst id="13">2427.0044</dst>
      <dst id="19">65.0844</dst>
      <dst id="23">16.7022</dst>
      <dst id="8">324.2400</dst>
      <dst id="18">50.8178</dst>
      <dst id="4">25125.9556</dst>
      <dst id="1">1424.7022</dst>
      <dst id="5">946.8711</dst>
      <dst id="3">308.9067</dst>
      <dst id="22">3128.6933</dst>
      <dst id="7">804.1956</dst>
      <dst id="2">1924.4711</dst>
      <dst id="6">13.8311</dst>
      <dst id="16">180.5333</dst>
      <dst id="14">4871.2800</dst>
      <dst id="20">2069.3156</dst>
      <dst id="11">1989.5733</dst>
      <dst id="9">2029.3333</dst>
      <dst id="17">4476.5600</dst>
      <dst id="21">2351.0044</dst>
      <dst id="15">186.0089</dst>
    </src>
    <src id="2">
      <dst id="12">114451.9911</dst>
      <dst id="13">520225.9022</dst>
      <dst id="19">162.4533</dst>
      <dst id="23">0.4267</dst>
      <dst id="8">531.2533</dst>
      <dst id="18">56539.4756</dst>
      <dst id="4">53436.1778</dst>
      <dst id="1">5692.2844</dst>
      <dst id="5">749.0933</dst>
      <dst id="3">83.2356</dst>
      <dst id="22">1695.0667</dst>
      <dst id="7">2337.9378</dst>
      <dst id="2">522.7022</dst>
      <dst id="6">9044.4089</dst>
      <dst id="16">3527.7156</dst>
      <dst id="14">5187.5733</dst>
      <dst id="20">11269.2444</dst>
      <dst id="11">918.3378</dst>
      <dst id="9">570.3911</dst>
      <dst id="17">23897.1644</dst>
      <dst id="21">1870.3022</dst>
      <dst id="15">53.0489</dst>
    </src>
    <src id="6">
      <dst id="12">10342.8622</dst>
      <dst id="13">2.2133</dst>
      <dst id="19">2.1956</dst>
      <dst id="8">0.7111</dst>
      <dst id="18">24.3022</dst>
      <dst id="4">1171.0933</dst>
      <dst id="1">2.9689</dst>
      <dst id="5">24.6400</dst>
      <dst id="22">3.7156</dst>
      <dst id="7">17.4667</dst>
      <dst id="2">1786.6222</dst>
      <dst id="16">88.3556</dst>
      <dst id="11">0.7111</dst>
      <dst id="9">24.6400</dst>
      <dst id="17">1498.7378</dst>
      <dst id="21">12.9778</dst>
      <dst id="15">12.6222</dst>
    </src>
    <src id="16">
      <dst id="12">3150.9422</dst>
      <dst id="13">861.5111</dst>
      <dst id="19">4157.2356</dst>
      <dst id="23">20.7200</dst>
      <dst id="8">5569.6444</dst>
      <dst id="18">3.8400</dst>
      <dst id="4">7147.3422</dst>
      <dst id="1">21207.8578</dst>
      <dst id="5">5367.9200</dst>
      <dst id="3">107.0844</dst>
      <dst id="7">2212.5956</dst>
      <dst id="2">576.6933</dst>
      <dst id="6">20.9778</dst>
      <dst id="16">44.9422</dst>
      <dst id="14">0.8622</dst>
      <dst id="11">259.0667</dst>
      <dst id="9">6642.8000</dst>
      <dst id="17">914.0356</dst>
      <dst id="21">2523.8400</dst>
    </src>
    <src id="14">
      <dst id="12">16680.8800</dst>
      <dst id="13">25.8133</dst>
      <dst id="19">3.7333</dst>
      <dst id="18">0.4622</dst>
      <dst id="4">20164.4622</dst>
      <dst id="1">44.7378</dst>
      <dst id="5">73.0311</dst>
      <dst id="3">73.3422</dst>
      <dst id="22">19.2711</dst>
      <dst id="7">131.5911</dst>
      <dst id="2">4433.7333</dst>
      <dst id="20">2.1867</dst>
      <dst id="11">34.3200</dst>
      <dst id="9">12.2489</dst>
      <dst id="17">5484.9422</dst>
      <dst id="21">91.3067</dst>
    </src>
    <src id="20">
      <dst id="12">556.3022</dst>
      <dst id="13">510.3911</dst>
      <dst id="19">1.9378</dst>
      <dst id="23">5.4044</dst>
      <dst id="8">564.5600</dst>
      <dst id="18">41.9556</dst>
      <dst id="4">11010.3467</dst>
      <dst id="1">58.2756</dst>
      <dst id="5">345.3422</dst>
      <dst id="3">2488.5600</dst>
      <dst id="7">6178.0089</dst>
      <dst id="2">7582.1244</dst>
      <dst id="14">66.6667</dst>
      <dst id="11">5370.5600</dst>
      <dst id="9">524.6133</dst>
      <dst id="17">675.3244</dst>
      <dst id="21">115.2978</dst>
    </src>
    <src id="11">
      <dst id="12">324943.3333</dst>
      <dst id="13">863.4311</dst>
      <dst id="19">34.0889</dst>
      <dst id="23">3.6800</dst>
      <dst id="8">1012.0089</dst>
      <dst id="18">341.8222</dst>
      <dst id="4">5812.7733</dst>
      <dst id="1">518.4356</dst>
      <dst id="5">470.7911</dst>
      <dst id="3">2607.3422</dst>
      <dst id="22">1253.2444</dst>
      <dst id="7">250.2578</dst>
      <dst id="2">123344.0889</dst>
      <dst id="6">21.1200</dst>
      <dst id="16">595.9289</dst>
      <dst id="14">134.2578</dst>
      <dst id="20">3283.9911</dst>
      <dst id="11">800.0889</dst>
      <dst id="9">888.3911</dst>
      <dst id="17">117746.6933</dst>
      <dst id="21">487.4222</dst>
      <dst id="15">662.7289</dst>
    </src>
    <src id="9">
      <dst id="12">359400.9067</dst>
      <dst id="13">2020.8889</dst>
      <dst id="19">40.0889</dst>
      <dst id="23">33.7067</dst>
      <dst id="8">137.2267</dst>
      <dst id="18">38.6222</dst>
      <dst id="4">10271.0667</dst>
      <dst id="1">1235.6267</dst>
      <dst id="5">1090.8178</dst>
      <dst id="3">110.4267</dst>
      <dst id="22">6791.4311</dst>
      <dst id="7">315.1022</dst>
      <dst id="2">127194.0267</dst>
      <dst id="6">2.0622</dst>
      <dst id="16">547.4578</dst>
      <dst id="14">2.0800</dst>
      <dst id="20">9205.3600</dst>
      <dst id="11">743.3778</dst>
      <dst id="9">3437.3067</dst>
      <dst id="17">147733.2089</dst>
      <dst id="21">572.0622</dst>
      <dst id="15">1846.3022</dst>
    </src>
    <src id="17">
      <dst id="12">9201.5556</dst>
      <dst id="13">960.6933</dst>
      <dst id="19">806.7556</dst>
      <dst id="23">11.0222</dst>
      <dst id="8">107179.7689</dst>
      <dst id="18">415.1556</dst>
      <dst id="4">50590.9689</dst>
      <dst id="1">649.0400</dst>
      <dst id="5">159928.3556</dst>
      <dst id="3">5680.0711</dst>
      <dst id="22">4371.9022</dst>
      <dst id="7">785.0489</dst>
      <dst id="2">22639.8044</dst>
      <dst id="6">26.5600</dst>
      <dst id="16">6336.6667</dst>
      <dst id="14">25434.3289</dst>
      <dst id="20">134.9600</dst>
      <dst id="11">84726.1778</dst>
      <dst id="9">176636.9422</dst>
      <dst id="17">1629.7778</dst>
      <dst id="21">10730.2756</dst>
      <dst id="15">86.2667</dst>
    </src>
    <src id="21">
      <dst id="12">21580.5156</dst>
      <dst id="13">417.3067</dst>
      <dst id="19">101.8933</dst>
      <dst id="23">6.2311</dst>
      <dst id="8">139.5556</dst>
      <dst id="18">226.5244</dst>
      <dst id="4">14229.5467</dst>
      <dst id="1">907.9644</dst>
      <dst id="5">622.1511</dst>
      <dst id="3">827.1467</dst>
      <dst id="22">2358.7644</dst>
      <dst id="7">2873.2356</dst>
      <dst id="2">8991.0578</dst>
      <dst id="6">1.4133</dst>
      <dst id="16">184.8178</dst>
      <dst id="14">73.6444</dst>
      <dst id="20">92.3111</dst>
      <dst id="11">545.8844</dst>
      <dst id="9">619.9733</dst>
      <dst id="17">3854.3378</dst>
      <dst id="21">805.9822</dst>
      <dst id="15">117.2711</dst>
    </src>
    <src id="15">
      <dst id="12">4837.1467</dst>
      <dst id="13">205.3244</dst>
      <dst id="19">10.7733</dst>
      <dst id="23">35.9111</dst>
      <dst id="8">14.0444</dst>
      <dst id="18">10.5244</dst>
      <dst id="4">8607.2000</dst>
      <dst id="1">644.3200</dst>
      <dst id="5">221.0400</dst>
      <dst id="3">15.2089</dst>
      <dst id="7">233.4400</dst>
      <dst id="2">393.2711</dst>
      <dst id="6">7.1822</dst>
      <dst id="14">35.9111</dst>
      <dst id="11">62.7111</dst>
      <dst id="9">1313.5733</dst>
      <dst id="17">269.1911</dst>
      <dst id="21">313.6178</dst>
    </src>
  </IntraTM>
</TrafficMatrixFile>
