<?xml version="1.0" encoding="UTF-8" standalone="yes"?>
<TrafficMatrixFile xmlns:xsi="http://www.w3.org/2001/XMLSchema-instance" xsi:noNamespaceSchemaLocation="http://totem.run.montefiore.ulg.ac.be/Schema/TrafficMatrix-v1_2.xsd">
  <info>
    <title>Intradomain traffic matrix generated by geant-TM-all.pl</title>
    <date>2005-01-05T06:30:00</date>
    <duration>900</duration>
    <author>Steve Uhlig</author>
    <units>
        <unit type="bandwidth" value="kbps"/>
    </units>
  </info>
  <IntraTM ASID="20965">
    <src id="12">
      <dst id="12">249406.4178</dst>
      <dst id="13">21104.6844</dst>
      <dst id="19">3734.8800</dst>
      <dst id="23">478.9422</dst>
      <dst id="8">7860.0800</dst>
      <dst id="18">958.6933</dst>
      <dst id="4">100459.3156</dst>
      <dst id="1">8638.7556</dst>
      <dst id="5">4468.9422</dst>
      <dst id="3">2052.2044</dst>
      <dst id="22">14628.6044</dst>
      <dst id="7">3665.7067</dst>
      <dst id="2">86539.9022</dst>
      <dst id="6">3.7422</dst>
      <dst id="16">6548.1778</dst>
      <dst id="14">213.9289</dst>
      <dst id="20">14826.4444</dst>
      <dst id="11">4309.9111</dst>
      <dst id="9">12655.2356</dst>
      <dst id="17">91177.6267</dst>
      <dst id="21">1688.6667</dst>
      <dst id="15">1339.9911</dst>
    </src>
    <src id="13">
      <dst id="12">53532.9067</dst>
      <dst id="19">12669.1022</dst>
      <dst id="23">92.7200</dst>
      <dst id="8">6349.6622</dst>
      <dst id="18">4328.8000</dst>
      <dst id="1">4727.6000</dst>
      <dst id="5">5679.6711</dst>
      <dst id="3">4095.9200</dst>
      <dst id="22">23358.5067</dst>
      <dst id="7">17855.4578</dst>
      <dst id="2">107811.3244</dst>
      <dst id="6">120.3200</dst>
      <dst id="16">10001.1111</dst>
      <dst id="14">3325.8844</dst>
      <dst id="20">12686.4089</dst>
      <dst id="11">10295.7422</dst>
      <dst id="9">19327.7867</dst>
      <dst id="17">51981.5200</dst>
      <dst id="21">5311.4311</dst>
      <dst id="15">5788.5867</dst>
    </src>
    <src id="19">
      <dst id="12">15512.8267</dst>
      <dst id="13">10332.0178</dst>
      <dst id="23">1.1733</dst>
      <dst id="8">0.3556</dst>
      <dst id="18">2813.5822</dst>
      <dst id="4">18094.2044</dst>
      <dst id="1">1048.7111</dst>
      <dst id="5">7.9200</dst>
      <dst id="3">2.2667</dst>
      <dst id="22">65.9733</dst>
      <dst id="7">2762.3911</dst>
      <dst id="2">479.4400</dst>
      <dst id="6">13.5733</dst>
      <dst id="16">8005.3867</dst>
      <dst id="14">13.3333</dst>
      <dst id="20">36.7467</dst>
      <dst id="11">80.7644</dst>
      <dst id="9">276.5422</dst>
      <dst id="17">428.6756</dst>
      <dst id="21">134.8356</dst>
      <dst id="15">126.4533</dst>
    </src>
    <src id="23">
      <dst id="12">487.2267</dst>
      <dst id="13">723.8578</dst>
      <dst id="19">0.7467</dst>
      <dst id="8">26.6667</dst>
      <dst id="18">0.4978</dst>
      <dst id="4">52.1956</dst>
      <dst id="1">67.0667</dst>
      <dst id="5">160.3022</dst>
      <dst id="3">260.4356</dst>
      <dst id="22">99.1556</dst>
      <dst id="7">89.8044</dst>
      <dst id="2">2.3111</dst>
      <dst id="6">1.1378</dst>
      <dst id="16">25.4311</dst>
      <dst id="14">2.4356</dst>
      <dst id="20">26.6667</dst>
      <dst id="11">183.5467</dst>
      <dst id="9">2221.1022</dst>
      <dst id="17">269.7422</dst>
      <dst id="21">1708.4089</dst>
      <dst id="15">7.9822</dst>
    </src>
    <src id="8">
      <dst id="12">337072.4533</dst>
      <dst id="13">958.1689</dst>
      <dst id="19">5.6089</dst>
      <dst id="23">1.0667</dst>
      <dst id="18">37.1378</dst>
      <dst id="4">4189.2000</dst>
      <dst id="1">1292.5067</dst>
      <dst id="5">3303.6356</dst>
      <dst id="3">27.7422</dst>
      <dst id="22">5245.1111</dst>
      <dst id="7">4.6400</dst>
      <dst id="2">120266.3556</dst>
      <dst id="16">3928.7822</dst>
      <dst id="20">49.9467</dst>
      <dst id="11">253.8667</dst>
      <dst id="9">3654.1867</dst>
      <dst id="17">138516.6578</dst>
      <dst id="21">298.8267</dst>
      <dst id="15">2.5244</dst>
    </src>
    <src id="18">
      <dst id="12">101005.3244</dst>
      <dst id="13">638.5956</dst>
      <dst id="19">47.2622</dst>
      <dst id="23">0.6222</dst>
      <dst id="8">15.8311</dst>
      <dst id="4">1160.1689</dst>
      <dst id="1">859.7778</dst>
      <dst id="5">358.9778</dst>
      <dst id="3">6.3733</dst>
      <dst id="22">71.7422</dst>
      <dst id="7">16.5778</dst>
      <dst id="2">34238.1422</dst>
      <dst id="16">28.5156</dst>
      <dst id="14">15.2889</dst>
      <dst id="11">158.2222</dst>
      <dst id="9">122.7022</dst>
      <dst id="17">39757.1289</dst>
      <dst id="21">1022.3111</dst>
      <dst id="15">0.8533</dst>
    </src>
    <src id="4">
      <dst id="12">20601.5556</dst>
      <dst id="19">16531.9378</dst>
      <dst id="8">1518.3911</dst>
      <dst id="18">208.6311</dst>
      <dst id="4">0.7022</dst>
      <dst id="1">19727.3600</dst>
      <dst id="5">2759.8400</dst>
      <dst id="3">78.9422</dst>
      <dst id="22">4629.1556</dst>
      <dst id="7">36119.0400</dst>
      <dst id="2">107855.3689</dst>
      <dst id="6">3.4667</dst>
      <dst id="16">2558.6311</dst>
      <dst id="14">883.3511</dst>
      <dst id="20">4261.8933</dst>
      <dst id="11">3280.3378</dst>
      <dst id="9">3772.7022</dst>
      <dst id="17">17818.2578</dst>
      <dst id="21">5409.4489</dst>
      <dst id="15">384.1244</dst>
    </src>
    <src id="1">
      <dst id="12">18584.6756</dst>
      <dst id="13">1808.6044</dst>
      <dst id="19">46.2844</dst>
      <dst id="23">53.6356</dst>
      <dst id="8">123068.6667</dst>
      <dst id="18">13637.9111</dst>
      <dst id="4">11454.9244</dst>
      <dst id="1">8368.8356</dst>
      <dst id="5">251382.0711</dst>
      <dst id="3">104.3911</dst>
      <dst id="22">431.3867</dst>
      <dst id="7">958.4089</dst>
      <dst id="2">19592.9333</dst>
      <dst id="6">7706.0178</dst>
      <dst id="16">12611.0044</dst>
      <dst id="14">42.1778</dst>
      <dst id="20">2019.7689</dst>
      <dst id="11">505.7867</dst>
      <dst id="9">213213.4667</dst>
      <dst id="17">5268.0800</dst>
      <dst id="21">3259.2444</dst>
      <dst id="15">213.4933</dst>
    </src>
    <src id="5">
      <dst id="12">315072.8889</dst>
      <dst id="13">7001.2622</dst>
      <dst id="19">21.8578</dst>
      <dst id="23">6.0533</dst>
      <dst id="8">3996.5244</dst>
      <dst id="18">641.3867</dst>
      <dst id="4">5073.1200</dst>
      <dst id="1">366.1244</dst>
      <dst id="3">2.5422</dst>
      <dst id="22">3370.0356</dst>
      <dst id="7">1349.5200</dst>
      <dst id="2">142292.8178</dst>
      <dst id="6">38.5422</dst>
      <dst id="16">626.0089</dst>
      <dst id="14">0.4622</dst>
      <dst id="20">7653.6000</dst>
      <dst id="11">777.6889</dst>
      <dst id="9">14332.1156</dst>
      <dst id="17">106926.5511</dst>
      <dst id="21">115.3156</dst>
      <dst id="15">415.9822</dst>
    </src>
    <src id="3">
      <dst id="12">11530.3733</dst>
      <dst id="13">4050.1956</dst>
      <dst id="19">1051.4489</dst>
      <dst id="23">8586.1333</dst>
      <dst id="8">19.8400</dst>
      <dst id="18">49699.8933</dst>
      <dst id="4">74166.6844</dst>
      <dst id="1">4211.5200</dst>
      <dst id="5">366.4444</dst>
      <dst id="3">7390.2933</dst>
      <dst id="22">4696.8000</dst>
      <dst id="7">4554.2400</dst>
      <dst id="2">18115.7156</dst>
      <dst id="6">0.3289</dst>
      <dst id="16">1102.3378</dst>
      <dst id="14">32512.6311</dst>
      <dst id="20">1535.7244</dst>
      <dst id="11">127187.6711</dst>
      <dst id="9">615.6267</dst>
      <dst id="17">10482.8267</dst>
      <dst id="21">13393.7778</dst>
      <dst id="15">38.5867</dst>
    </src>
    <src id="10">
      <dst id="12">12283.5289</dst>
      <dst id="19">1424.8800</dst>
      <dst id="8">687.6356</dst>
      <dst id="18">183.5733</dst>
      <dst id="1">2485.3778</dst>
      <dst id="5">1412.4444</dst>
      <dst id="3">1893.9111</dst>
      <dst id="22">2953.6178</dst>
      <dst id="7">7220.4178</dst>
      <dst id="2">17552.3022</dst>
      <dst id="6">3.1200</dst>
      <dst id="16">2263.8400</dst>
      <dst id="14">2027.2711</dst>
      <dst id="20">1580.1244</dst>
      <dst id="11">5020.7467</dst>
      <dst id="9">5457.1911</dst>
      <dst id="17">16651.1378</dst>
      <dst id="21">3910.9333</dst>
      <dst id="15">130.9244</dst>
    </src>
    <src id="22">
      <dst id="12">11362.3200</dst>
      <dst id="13">2511.0933</dst>
      <dst id="19">337.3778</dst>
      <dst id="23">221.7067</dst>
      <dst id="8">650.0356</dst>
      <dst id="18">278.8800</dst>
      <dst id="4">17715.5289</dst>
      <dst id="1">95.3067</dst>
      <dst id="5">2859.9289</dst>
      <dst id="3">1743.8578</dst>
      <dst id="7">2255.7067</dst>
      <dst id="2">3228.6667</dst>
      <dst id="6">116.4622</dst>
      <dst id="16">1.1200</dst>
      <dst id="14">71.2444</dst>
      <dst id="11">4676.3644</dst>
      <dst id="9">2252.8178</dst>
      <dst id="17">3958.6756</dst>
      <dst id="21">761.5467</dst>
    </src>
    <src id="7">
      <dst id="12">3924.3556</dst>
      <dst id="13">246.8000</dst>
      <dst id="19">1476.2133</dst>
      <dst id="23">71.7867</dst>
      <dst id="8">113.8578</dst>
      <dst id="18">221.4667</dst>
      <dst id="4">28183.1733</dst>
      <dst id="1">4197.5644</dst>
      <dst id="5">1322.7200</dst>
      <dst id="3">136.4178</dst>
      <dst id="22">4306.7378</dst>
      <dst id="7">807.9289</dst>
      <dst id="2">9547.5556</dst>
      <dst id="6">12.9778</dst>
      <dst id="16">766.1422</dst>
      <dst id="14">264.5333</dst>
      <dst id="20">245.6978</dst>
      <dst id="11">1962.4444</dst>
      <dst id="9">462.9600</dst>
      <dst id="17">6426.2044</dst>
      <dst id="21">2180.0622</dst>
      <dst id="15">316.1156</dst>
    </src>
    <src id="2">
      <dst id="12">82413.2178</dst>
      <dst id="13">511051.3422</dst>
      <dst id="19">1035.7511</dst>
      <dst id="23">34.5422</dst>
      <dst id="8">2061.4844</dst>
      <dst id="18">44537.1378</dst>
      <dst id="4">83115.8489</dst>
      <dst id="1">5803.8667</dst>
      <dst id="5">2574.2578</dst>
      <dst id="3">321.7689</dst>
      <dst id="22">1496.5422</dst>
      <dst id="7">5950.0444</dst>
      <dst id="2">800.2133</dst>
      <dst id="6">7501.1556</dst>
      <dst id="16">2641.1556</dst>
      <dst id="14">150.8356</dst>
      <dst id="20">1688.8800</dst>
      <dst id="11">2381.7067</dst>
      <dst id="9">5181.0933</dst>
      <dst id="17">29000.1156</dst>
      <dst id="21">5674.9333</dst>
      <dst id="15">3708.5333</dst>
    </src>
    <src id="6">
      <dst id="12">11380.8800</dst>
      <dst id="13">50.4356</dst>
      <dst id="19">0.8889</dst>
      <dst id="23">1.1378</dst>
      <dst id="8">0.4622</dst>
      <dst id="18">0.4089</dst>
      <dst id="4">1288.7733</dst>
      <dst id="1">65.5111</dst>
      <dst id="5">4.9067</dst>
      <dst id="22">3.9467</dst>
      <dst id="7">1.4400</dst>
      <dst id="2">2824.4889</dst>
      <dst id="16">11.8222</dst>
      <dst id="11">13.4756</dst>
      <dst id="9">1.0400</dst>
      <dst id="17">1600.9956</dst>
      <dst id="21">0.8889</dst>
    </src>
    <src id="16">
      <dst id="12">2974.2489</dst>
      <dst id="13">746.5956</dst>
      <dst id="19">3557.0933</dst>
      <dst id="23">4.9422</dst>
      <dst id="8">7893.2356</dst>
      <dst id="18">219.7600</dst>
      <dst id="4">4630.8267</dst>
      <dst id="1">12821.2533</dst>
      <dst id="5">3918.5956</dst>
      <dst id="3">0.4178</dst>
      <dst id="7">2990.2578</dst>
      <dst id="2">519.1644</dst>
      <dst id="6">3.8400</dst>
      <dst id="16">53.3778</dst>
      <dst id="14">395.7422</dst>
      <dst id="11">289.5644</dst>
      <dst id="9">5041.8933</dst>
      <dst id="17">7148.2933</dst>
      <dst id="21">2437.5289</dst>
    </src>
    <src id="14">
      <dst id="12">25202.3289</dst>
      <dst id="13">66.4444</dst>
      <dst id="19">8.0711</dst>
      <dst id="23">0.4978</dst>
      <dst id="8">11.5556</dst>
      <dst id="18">6.1956</dst>
      <dst id="4">1520.6933</dst>
      <dst id="1">63.2622</dst>
      <dst id="5">27.7333</dst>
      <dst id="3">166.1156</dst>
      <dst id="22">53.1022</dst>
      <dst id="7">55.9467</dst>
      <dst id="2">6077.4044</dst>
      <dst id="16">5.8400</dst>
      <dst id="20">11.5911</dst>
      <dst id="11">36.9422</dst>
      <dst id="9">0.9511</dst>
      <dst id="17">15599.1733</dst>
      <dst id="21">69.9733</dst>
    </src>
    <src id="20">
      <dst id="12">26163.8489</dst>
      <dst id="13">1257.0222</dst>
      <dst id="19">101.8933</dst>
      <dst id="23">28.3022</dst>
      <dst id="8">247.6444</dst>
      <dst id="4">6971.7156</dst>
      <dst id="1">197.9022</dst>
      <dst id="5">1462.0356</dst>
      <dst id="3">611.9289</dst>
      <dst id="7">1084.4711</dst>
      <dst id="2">4462.3644</dst>
      <dst id="6">66.3111</dst>
      <dst id="14">648.4800</dst>
      <dst id="11">2087.6711</dst>
      <dst id="9">12080.7378</dst>
      <dst id="17">5667.0578</dst>
      <dst id="21">120.1422</dst>
    </src>
    <src id="11">
      <dst id="12">396136.5244</dst>
      <dst id="13">3826.3733</dst>
      <dst id="19">86.3822</dst>
      <dst id="23">14.0889</dst>
      <dst id="8">170.4444</dst>
      <dst id="18">42.6311</dst>
      <dst id="4">7059.0844</dst>
      <dst id="1">679.0756</dst>
      <dst id="5">1621.3956</dst>
      <dst id="3">401.5289</dst>
      <dst id="22">1649.9289</dst>
      <dst id="7">485.6533</dst>
      <dst id="2">154013.4667</dst>
      <dst id="16">176.9244</dst>
      <dst id="14">61.8578</dst>
      <dst id="20">6065.3333</dst>
      <dst id="11">1648.3556</dst>
      <dst id="9">610.6133</dst>
      <dst id="17">166008.8978</dst>
      <dst id="21">1517.0933</dst>
      <dst id="15">365.6978</dst>
    </src>
    <src id="9">
      <dst id="12">467552.9067</dst>
      <dst id="13">9856.0444</dst>
      <dst id="19">2301.8578</dst>
      <dst id="23">105.6089</dst>
      <dst id="8">271.9822</dst>
      <dst id="18">49.1289</dst>
      <dst id="4">9472.3733</dst>
      <dst id="1">3061.7067</dst>
      <dst id="5">2118.5422</dst>
      <dst id="3">9.1378</dst>
      <dst id="22">8111.3422</dst>
      <dst id="7">1066.4356</dst>
      <dst id="2">159424.9511</dst>
      <dst id="6">0.4533</dst>
      <dst id="16">1499.5378</dst>
      <dst id="14">0.8178</dst>
      <dst id="20">11047.6267</dst>
      <dst id="11">174.3111</dst>
      <dst id="9">4493.4044</dst>
      <dst id="17">172195.0667</dst>
      <dst id="21">165.9111</dst>
      <dst id="15">1522.3644</dst>
    </src>
    <src id="17">
      <dst id="12">22132.3289</dst>
      <dst id="13">5541.6889</dst>
      <dst id="19">306.0267</dst>
      <dst id="23">54.9067</dst>
      <dst id="8">129018.0000</dst>
      <dst id="18">148.5956</dst>
      <dst id="4">32709.4400</dst>
      <dst id="1">3254.2400</dst>
      <dst id="5">217056.6311</dst>
      <dst id="3">4628.9333</dst>
      <dst id="22">8100.3467</dst>
      <dst id="7">2231.9289</dst>
      <dst id="2">5922.4800</dst>
      <dst id="6">123.6089</dst>
      <dst id="16">6247.8222</dst>
      <dst id="14">30271.5733</dst>
      <dst id="20">733.9822</dst>
      <dst id="11">106431.7778</dst>
      <dst id="9">203806.4711</dst>
      <dst id="17">2082.7289</dst>
      <dst id="21">6559.9644</dst>
      <dst id="15">261.1911</dst>
    </src>
    <src id="21">
      <dst id="12">17006.8978</dst>
      <dst id="13">4866.6489</dst>
      <dst id="19">177.5556</dst>
      <dst id="23">17.8489</dst>
      <dst id="8">70.7378</dst>
      <dst id="18">526.2667</dst>
      <dst id="4">15955.9911</dst>
      <dst id="1">1685.6000</dst>
      <dst id="5">364.0089</dst>
      <dst id="3">7154.4533</dst>
      <dst id="22">2521.6711</dst>
      <dst id="7">3391.4844</dst>
      <dst id="2">21849.7156</dst>
      <dst id="6">0.3289</dst>
      <dst id="16">514.9067</dst>
      <dst id="14">179.0756</dst>
      <dst id="20">1633.0044</dst>
      <dst id="11">477.5200</dst>
      <dst id="9">429.0667</dst>
      <dst id="17">3369.7689</dst>
      <dst id="21">605.7156</dst>
      <dst id="15">2608.4533</dst>
    </src>
    <src id="15">
      <dst id="12">890.9867</dst>
      <dst id="13">382.1600</dst>
      <dst id="19">6725.0489</dst>
      <dst id="23">2.4978</dst>
      <dst id="8">39.8400</dst>
      <dst id="18">26.1689</dst>
      <dst id="4">4442.1333</dst>
      <dst id="1">971.6444</dst>
      <dst id="5">177.4222</dst>
      <dst id="3">32.8444</dst>
      <dst id="7">67.8844</dst>
      <dst id="2">1078.3733</dst>
      <dst id="6">0.3378</dst>
      <dst id="16">0.3022</dst>
      <dst id="11">181.1111</dst>
      <dst id="9">601.0667</dst>
      <dst id="17">334.5156</dst>
      <dst id="21">165.7689</dst>
    </src>
  </IntraTM>
</TrafficMatrixFile>
