<?xml version="1.0" encoding="UTF-8" standalone="yes"?>
<TrafficMatrixFile xmlns:xsi="http://www.w3.org/2001/XMLSchema-instance" xsi:noNamespaceSchemaLocation="http://totem.run.montefiore.ulg.ac.be/Schema/TrafficMatrix-v1_2.xsd">
  <info>
    <title>Intradomain traffic matrix generated by geant-TM-all.pl</title>
    <date>2005-01-04T23:30:00</date>
    <duration>900</duration>
    <author>Steve Uhlig</author>
    <units>
        <unit type="bandwidth" value="kbps"/>
    </units>
  </info>
  <IntraTM ASID="20965">
    <src id="12">
      <dst id="12">241314.2756</dst>
      <dst id="13">25537.7867</dst>
      <dst id="19">4656.4711</dst>
      <dst id="23">18.6933</dst>
      <dst id="8">4492.5778</dst>
      <dst id="18">627.6622</dst>
      <dst id="4">69381.2533</dst>
      <dst id="1">20839.5911</dst>
      <dst id="5">6330.9333</dst>
      <dst id="3">1066.3644</dst>
      <dst id="22">13953.9467</dst>
      <dst id="7">4499.7511</dst>
      <dst id="2">80267.6800</dst>
      <dst id="6">89.7600</dst>
      <dst id="16">9464.0978</dst>
      <dst id="14">5404.0622</dst>
      <dst id="20">4364.6400</dst>
      <dst id="11">6459.8133</dst>
      <dst id="9">3460.8444</dst>
      <dst id="17">91930.5956</dst>
      <dst id="21">4309.7067</dst>
      <dst id="15">5041.5111</dst>
    </src>
    <src id="13">
      <dst id="12">47905.9289</dst>
      <dst id="19">4998.3644</dst>
      <dst id="23">60.4800</dst>
      <dst id="8">2445.6267</dst>
      <dst id="18">2246.1600</dst>
      <dst id="1">10713.8400</dst>
      <dst id="5">5415.1644</dst>
      <dst id="3">6948.7289</dst>
      <dst id="22">18942.9067</dst>
      <dst id="7">10233.1911</dst>
      <dst id="2">91840.1689</dst>
      <dst id="6">314.0000</dst>
      <dst id="16">7313.6711</dst>
      <dst id="14">3928.8267</dst>
      <dst id="20">9590.3378</dst>
      <dst id="11">14214.6667</dst>
      <dst id="9">9885.7067</dst>
      <dst id="17">61869.8400</dst>
      <dst id="21">6122.6667</dst>
      <dst id="15">2642.4178</dst>
    </src>
    <src id="19">
      <dst id="12">18331.0667</dst>
      <dst id="13">122.0356</dst>
      <dst id="23">5.2978</dst>
      <dst id="8">0.7111</dst>
      <dst id="18">1075.3600</dst>
      <dst id="4">12851.6889</dst>
      <dst id="1">1771.3689</dst>
      <dst id="5">185.7156</dst>
      <dst id="3">11.7511</dst>
      <dst id="22">237.8489</dst>
      <dst id="7">4514.0000</dst>
      <dst id="2">231.0667</dst>
      <dst id="6">340.6489</dst>
      <dst id="16">5460.5333</dst>
      <dst id="14">8.9422</dst>
      <dst id="20">16.3378</dst>
      <dst id="11">85.0844</dst>
      <dst id="9">38.1867</dst>
      <dst id="17">610.6489</dst>
      <dst id="21">522.3733</dst>
      <dst id="15">36.7289</dst>
    </src>
    <src id="23">
      <dst id="12">540.9689</dst>
      <dst id="13">475.8578</dst>
      <dst id="19">0.9333</dst>
      <dst id="8">26.6667</dst>
      <dst id="4">27.8844</dst>
      <dst id="1">63.7067</dst>
      <dst id="5">269.9467</dst>
      <dst id="3">242.1422</dst>
      <dst id="22">831.9467</dst>
      <dst id="7">69.6978</dst>
      <dst id="2">81.3600</dst>
      <dst id="6">153.6000</dst>
      <dst id="16">1836.2311</dst>
      <dst id="20">267.1289</dst>
      <dst id="11">0.3556</dst>
      <dst id="9">3692.4267</dst>
      <dst id="17">481.2622</dst>
      <dst id="21">40.2578</dst>
      <dst id="15">27.9111</dst>
    </src>
    <src id="8">
      <dst id="12">322790.4889</dst>
      <dst id="13">488.0178</dst>
      <dst id="19">23.7867</dst>
      <dst id="18">17.3867</dst>
      <dst id="4">7835.1111</dst>
      <dst id="1">271.1822</dst>
      <dst id="5">748.5867</dst>
      <dst id="3">25.6000</dst>
      <dst id="22">698.1156</dst>
      <dst id="7">3.0222</dst>
      <dst id="2">128259.9022</dst>
      <dst id="16">630.3822</dst>
      <dst id="14">53.6533</dst>
      <dst id="20">3859.9644</dst>
      <dst id="11">81.6711</dst>
      <dst id="9">1056.6844</dst>
      <dst id="17">123418.8000</dst>
      <dst id="21">187.1378</dst>
      <dst id="15">487.6000</dst>
    </src>
    <src id="18">
      <dst id="12">106088.2667</dst>
      <dst id="13">371.8933</dst>
      <dst id="19">27.2267</dst>
      <dst id="8">57.2889</dst>
      <dst id="4">986.3200</dst>
      <dst id="1">1354.4444</dst>
      <dst id="5">164.3556</dst>
      <dst id="3">10.2756</dst>
      <dst id="22">335.6267</dst>
      <dst id="7">6.9956</dst>
      <dst id="2">31861.2889</dst>
      <dst id="16">17.9467</dst>
      <dst id="14">16.8622</dst>
      <dst id="20">34.6400</dst>
      <dst id="11">49.1911</dst>
      <dst id="9">16.5511</dst>
      <dst id="17">36816.2044</dst>
      <dst id="21">103.6533</dst>
      <dst id="15">334.5067</dst>
    </src>
    <src id="4">
      <dst id="12">15374.4356</dst>
      <dst id="19">15330.3644</dst>
      <dst id="23">0.4622</dst>
      <dst id="8">1699.8222</dst>
      <dst id="18">408.2756</dst>
      <dst id="4">2.0711</dst>
      <dst id="1">9625.0933</dst>
      <dst id="5">2530.0533</dst>
      <dst id="3">248.5244</dst>
      <dst id="22">9488.5156</dst>
      <dst id="7">61925.9022</dst>
      <dst id="2">73191.0756</dst>
      <dst id="6">34.1422</dst>
      <dst id="16">1951.9911</dst>
      <dst id="14">4294.0089</dst>
      <dst id="20">1571.3867</dst>
      <dst id="11">2627.2444</dst>
      <dst id="9">2254.2489</dst>
      <dst id="17">40131.8222</dst>
      <dst id="21">2832.0089</dst>
      <dst id="15">380.6933</dst>
    </src>
    <src id="1">
      <dst id="12">23225.0222</dst>
      <dst id="13">947.5111</dst>
      <dst id="19">64.7822</dst>
      <dst id="23">95.1911</dst>
      <dst id="8">121702.8533</dst>
      <dst id="18">19554.0356</dst>
      <dst id="4">8396.5511</dst>
      <dst id="1">12734.4622</dst>
      <dst id="5">263307.9556</dst>
      <dst id="3">73.7422</dst>
      <dst id="22">1445.9111</dst>
      <dst id="7">2149.5200</dst>
      <dst id="2">3378.5956</dst>
      <dst id="6">9060.4356</dst>
      <dst id="16">8820.9067</dst>
      <dst id="14">143.1200</dst>
      <dst id="20">147.7689</dst>
      <dst id="11">328.0000</dst>
      <dst id="9">237957.2622</dst>
      <dst id="17">6128.2667</dst>
      <dst id="21">7973.6356</dst>
      <dst id="15">1442.8622</dst>
    </src>
    <src id="5">
      <dst id="12">275169.2089</dst>
      <dst id="13">3154.6044</dst>
      <dst id="19">199.5378</dst>
      <dst id="23">6.5778</dst>
      <dst id="8">758.6222</dst>
      <dst id="18">1200.8711</dst>
      <dst id="4">4150.6489</dst>
      <dst id="1">2472.4622</dst>
      <dst id="3">3.4578</dst>
      <dst id="22">2933.1200</dst>
      <dst id="7">66.2044</dst>
      <dst id="2">131284.7200</dst>
      <dst id="6">68.8356</dst>
      <dst id="16">776.3289</dst>
      <dst id="14">1.9644</dst>
      <dst id="20">4350.4889</dst>
      <dst id="11">663.2178</dst>
      <dst id="9">15099.9644</dst>
      <dst id="17">123010.5867</dst>
      <dst id="21">47.5733</dst>
      <dst id="15">163.0578</dst>
    </src>
    <src id="3">
      <dst id="12">104814.8089</dst>
      <dst id="13">442.2044</dst>
      <dst id="19">1332.0444</dst>
      <dst id="23">11939.6622</dst>
      <dst id="8">53.6889</dst>
      <dst id="18">54879.2622</dst>
      <dst id="4">42839.5022</dst>
      <dst id="1">5082.2311</dst>
      <dst id="5">378.9333</dst>
      <dst id="3">8822.1511</dst>
      <dst id="22">352.0000</dst>
      <dst id="7">1107.4844</dst>
      <dst id="2">3552.7822</dst>
      <dst id="6">0.5156</dst>
      <dst id="16">1242.1867</dst>
      <dst id="14">67370.2044</dst>
      <dst id="20">120.4533</dst>
      <dst id="11">125664.9600</dst>
      <dst id="9">148.5867</dst>
      <dst id="17">4479.0044</dst>
      <dst id="21">4486.8889</dst>
      <dst id="15">40.1867</dst>
    </src>
    <src id="10">
      <dst id="12">12609.8933</dst>
      <dst id="19">4735.9911</dst>
      <dst id="8">2984.0089</dst>
      <dst id="18">256.4444</dst>
      <dst id="1">3044.9244</dst>
      <dst id="5">2722.3644</dst>
      <dst id="3">3103.7333</dst>
      <dst id="22">5990.8533</dst>
      <dst id="7">9947.7689</dst>
      <dst id="2">29869.2444</dst>
      <dst id="6">25.4489</dst>
      <dst id="16">3477.0756</dst>
      <dst id="14">5420.8444</dst>
      <dst id="20">1651.1911</dst>
      <dst id="11">6864.7378</dst>
      <dst id="9">8506.0889</dst>
      <dst id="17">13115.5200</dst>
      <dst id="21">8187.2978</dst>
      <dst id="15">203.5733</dst>
    </src>
    <src id="22">
      <dst id="12">5706.6667</dst>
      <dst id="13">3932.7378</dst>
      <dst id="19">243.2267</dst>
      <dst id="23">183.6444</dst>
      <dst id="8">1127.0044</dst>
      <dst id="18">954.6400</dst>
      <dst id="4">12287.7867</dst>
      <dst id="1">830.7733</dst>
      <dst id="5">3384.3822</dst>
      <dst id="3">864.0089</dst>
      <dst id="7">404.5956</dst>
      <dst id="2">3112.9156</dst>
      <dst id="6">1.1111</dst>
      <dst id="16">13.0844</dst>
      <dst id="14">283.9022</dst>
      <dst id="11">1074.8089</dst>
      <dst id="9">1014.6133</dst>
      <dst id="17">3639.2800</dst>
      <dst id="21">207.6444</dst>
    </src>
    <src id="7">
      <dst id="12">3877.7511</dst>
      <dst id="13">1905.2000</dst>
      <dst id="19">4481.6978</dst>
      <dst id="23">82.7733</dst>
      <dst id="8">35.2800</dst>
      <dst id="18">338.3200</dst>
      <dst id="4">9982.8000</dst>
      <dst id="1">2425.3156</dst>
      <dst id="5">1121.5822</dst>
      <dst id="3">373.2800</dst>
      <dst id="22">3421.4489</dst>
      <dst id="7">868.8711</dst>
      <dst id="2">12391.2978</dst>
      <dst id="6">10.2133</dst>
      <dst id="16">1650.7644</dst>
      <dst id="14">221.6711</dst>
      <dst id="20">505.6000</dst>
      <dst id="11">760.8444</dst>
      <dst id="9">881.8933</dst>
      <dst id="17">5639.3156</dst>
      <dst id="21">642.8356</dst>
      <dst id="15">170.0267</dst>
    </src>
    <src id="2">
      <dst id="12">88162.1067</dst>
      <dst id="13">542444.2756</dst>
      <dst id="19">235.5200</dst>
      <dst id="23">53.2622</dst>
      <dst id="8">287.1378</dst>
      <dst id="18">54886.3022</dst>
      <dst id="4">69095.1733</dst>
      <dst id="1">9987.7156</dst>
      <dst id="5">1763.5111</dst>
      <dst id="3">338.2667</dst>
      <dst id="22">9333.2978</dst>
      <dst id="7">3281.5556</dst>
      <dst id="2">885.2978</dst>
      <dst id="6">7498.4178</dst>
      <dst id="16">3614.2756</dst>
      <dst id="14">7543.0044</dst>
      <dst id="20">269.9111</dst>
      <dst id="11">2386.4978</dst>
      <dst id="9">557.8400</dst>
      <dst id="17">28143.2978</dst>
      <dst id="21">964.2222</dst>
      <dst id="15">1000.1156</dst>
    </src>
    <src id="6">
      <dst id="12">11136.6756</dst>
      <dst id="13">5.6533</dst>
      <dst id="19">75.5644</dst>
      <dst id="23">5.1200</dst>
      <dst id="8">0.4622</dst>
      <dst id="4">1175.5200</dst>
      <dst id="1">2.4889</dst>
      <dst id="5">20.5867</dst>
      <dst id="22">0.8444</dst>
      <dst id="7">4.4889</dst>
      <dst id="2">3259.8667</dst>
      <dst id="16">25.8133</dst>
      <dst id="20">0.3556</dst>
      <dst id="11">82.2756</dst>
      <dst id="9">12.2844</dst>
      <dst id="17">1600.5511</dst>
      <dst id="21">4.2667</dst>
    </src>
    <src id="16">
      <dst id="12">2272.0711</dst>
      <dst id="13">392.1689</dst>
      <dst id="19">3189.2444</dst>
      <dst id="23">39.0756</dst>
      <dst id="8">10923.3156</dst>
      <dst id="18">3.3067</dst>
      <dst id="4">4544.7378</dst>
      <dst id="1">12423.4222</dst>
      <dst id="5">4289.3244</dst>
      <dst id="3">33.5111</dst>
      <dst id="7">2243.9022</dst>
      <dst id="2">468.8178</dst>
      <dst id="6">6.4889</dst>
      <dst id="16">59.9111</dst>
      <dst id="14">467.6267</dst>
      <dst id="11">338.4089</dst>
      <dst id="9">6749.2178</dst>
      <dst id="17">2190.5689</dst>
      <dst id="21">2507.5378</dst>
    </src>
    <src id="14">
      <dst id="12">21055.3956</dst>
      <dst id="13">56.4978</dst>
      <dst id="19">5.0667</dst>
      <dst id="8">2.9867</dst>
      <dst id="18">2.9156</dst>
      <dst id="4">2256.0889</dst>
      <dst id="1">802.2133</dst>
      <dst id="5">12.6222</dst>
      <dst id="3">39.2889</dst>
      <dst id="22">35.0311</dst>
      <dst id="7">82.8356</dst>
      <dst id="2">8598.6933</dst>
      <dst id="6">6.5867</dst>
      <dst id="16">8.5778</dst>
      <dst id="20">14.0800</dst>
      <dst id="11">43.7867</dst>
      <dst id="9">96.9422</dst>
      <dst id="17">11900.6222</dst>
      <dst id="21">77.9378</dst>
      <dst id="15">0.5156</dst>
    </src>
    <src id="20">
      <dst id="12">4059.5200</dst>
      <dst id="13">14604.5867</dst>
      <dst id="19">921.4222</dst>
      <dst id="23">7.5022</dst>
      <dst id="8">355.4044</dst>
      <dst id="18">124.6933</dst>
      <dst id="4">8901.1733</dst>
      <dst id="1">52.0178</dst>
      <dst id="5">1369.2178</dst>
      <dst id="3">198.9867</dst>
      <dst id="7">144.7467</dst>
      <dst id="2">2867.8044</dst>
      <dst id="6">0.7556</dst>
      <dst id="14">0.8178</dst>
      <dst id="11">267.3867</dst>
      <dst id="9">4052.4889</dst>
      <dst id="17">5192.0089</dst>
      <dst id="21">178.6667</dst>
    </src>
    <src id="11">
      <dst id="12">385878.6578</dst>
      <dst id="13">5588.9511</dst>
      <dst id="19">202.2044</dst>
      <dst id="23">39.9822</dst>
      <dst id="8">140.8178</dst>
      <dst id="18">683.6089</dst>
      <dst id="4">9731.8489</dst>
      <dst id="1">423.6267</dst>
      <dst id="5">1298.8978</dst>
      <dst id="3">156.9867</dst>
      <dst id="22">1656.1778</dst>
      <dst id="7">354.6756</dst>
      <dst id="2">164879.3778</dst>
      <dst id="6">6.6311</dst>
      <dst id="16">281.1289</dst>
      <dst id="14">39.0667</dst>
      <dst id="20">208.5422</dst>
      <dst id="11">1839.5200</dst>
      <dst id="9">1208.3556</dst>
      <dst id="17">164952.3733</dst>
      <dst id="21">288.2844</dst>
      <dst id="15">46.7378</dst>
    </src>
    <src id="9">
      <dst id="12">406815.4222</dst>
      <dst id="13">1736.3022</dst>
      <dst id="19">94.2756</dst>
      <dst id="23">696.1156</dst>
      <dst id="8">201.7511</dst>
      <dst id="18">14.0444</dst>
      <dst id="4">6389.3244</dst>
      <dst id="1">1165.4044</dst>
      <dst id="5">2325.3156</dst>
      <dst id="3">424.1156</dst>
      <dst id="22">2362.4622</dst>
      <dst id="7">223.3689</dst>
      <dst id="2">146475.3067</dst>
      <dst id="16">738.3556</dst>
      <dst id="14">120.0356</dst>
      <dst id="20">628.9244</dst>
      <dst id="11">1513.2978</dst>
      <dst id="9">173.5378</dst>
      <dst id="17">149579.9644</dst>
      <dst id="21">269.3956</dst>
      <dst id="15">5740.1511</dst>
    </src>
    <src id="17">
      <dst id="12">9254.5156</dst>
      <dst id="13">1835.1733</dst>
      <dst id="19">312.0622</dst>
      <dst id="23">112.4356</dst>
      <dst id="8">133527.6622</dst>
      <dst id="18">877.0400</dst>
      <dst id="4">30813.9644</dst>
      <dst id="1">1592.0267</dst>
      <dst id="5">229622.0800</dst>
      <dst id="3">4117.9378</dst>
      <dst id="22">6414.7378</dst>
      <dst id="7">1280.2489</dst>
      <dst id="2">18490.4000</dst>
      <dst id="6">43.5289</dst>
      <dst id="16">3565.9289</dst>
      <dst id="14">46948.0356</dst>
      <dst id="20">1138.4267</dst>
      <dst id="11">104621.0222</dst>
      <dst id="9">199930.3289</dst>
      <dst id="17">3130.1689</dst>
      <dst id="21">2700.8267</dst>
      <dst id="15">120.1511</dst>
    </src>
    <src id="21">
      <dst id="12">2633.1822</dst>
      <dst id="13">3130.3644</dst>
      <dst id="19">421.6089</dst>
      <dst id="23">22.8889</dst>
      <dst id="8">275.5733</dst>
      <dst id="18">1756.5333</dst>
      <dst id="4">11896.3822</dst>
      <dst id="1">2067.9022</dst>
      <dst id="5">525.5467</dst>
      <dst id="3">1683.7422</dst>
      <dst id="22">2587.1467</dst>
      <dst id="7">1003.3244</dst>
      <dst id="2">3586.8800</dst>
      <dst id="6">3.0578</dst>
      <dst id="16">157.2444</dst>
      <dst id="14">617.9200</dst>
      <dst id="20">309.7600</dst>
      <dst id="11">3142.8000</dst>
      <dst id="9">235.4489</dst>
      <dst id="17">1797.0667</dst>
      <dst id="21">217.3156</dst>
      <dst id="15">36.6400</dst>
    </src>
    <src id="15">
      <dst id="12">4111.8311</dst>
      <dst id="13">642.0889</dst>
      <dst id="19">37.1200</dst>
      <dst id="23">0.4889</dst>
      <dst id="8">87.3422</dst>
      <dst id="18">5.7778</dst>
      <dst id="4">677.2800</dst>
      <dst id="1">689.5378</dst>
      <dst id="5">137.3956</dst>
      <dst id="3">28.5067</dst>
      <dst id="7">42.8889</dst>
      <dst id="2">317.5822</dst>
      <dst id="6">0.7111</dst>
      <dst id="11">212.3022</dst>
      <dst id="9">227.7067</dst>
      <dst id="17">116.3200</dst>
      <dst id="21">88.7111</dst>
    </src>
  </IntraTM>
</TrafficMatrixFile>
