<?xml version="1.0" encoding="UTF-8" standalone="yes"?>
<TrafficMatrixFile xmlns:xsi="http://www.w3.org/2001/XMLSchema-instance" xsi:noNamespaceSchemaLocation="http://totem.run.montefiore.ulg.ac.be/Schema/TrafficMatrix-v1_2.xsd">
  <info>
    <title>Intradomain traffic matrix generated by geant-TM-all.pl</title>
    <date>2005-01-01T14:00:00</date>
    <duration>900</duration>
    <author>Steve Uhlig</author>
    <units>
        <unit type="bandwidth" value="kbps"/>
    </units>
  </info>
  <IntraTM ASID="20965">
    <src id="12">
      <dst id="12">233799.9200</dst>
      <dst id="13">16773.2089</dst>
      <dst id="19">5076.9156</dst>
      <dst id="23">5.2711</dst>
      <dst id="8">1920.3822</dst>
      <dst id="18">175.1111</dst>
      <dst id="4">95840.1689</dst>
      <dst id="1">7781.1556</dst>
      <dst id="5">1161.2356</dst>
      <dst id="3">4811.5289</dst>
      <dst id="22">2574.2222</dst>
      <dst id="7">4771.5556</dst>
      <dst id="2">60998.7467</dst>
      <dst id="6">16.8267</dst>
      <dst id="16">5903.5556</dst>
      <dst id="14">1095.8311</dst>
      <dst id="20">9309.5111</dst>
      <dst id="11">888.4978</dst>
      <dst id="9">11965.5733</dst>
      <dst id="17">43264.3289</dst>
      <dst id="21">8522.6844</dst>
      <dst id="15">1546.8622</dst>
    </src>
    <src id="13">
      <dst id="12">44786.9511</dst>
      <dst id="19">10043.9644</dst>
      <dst id="23">8.9511</dst>
      <dst id="8">650.2044</dst>
      <dst id="18">1908.0978</dst>
      <dst id="4">0.3556</dst>
      <dst id="1">1359.7956</dst>
      <dst id="5">3471.7511</dst>
      <dst id="3">4499.6356</dst>
      <dst id="22">26504.8800</dst>
      <dst id="7">9065.5289</dst>
      <dst id="2">57297.2000</dst>
      <dst id="6">11.2800</dst>
      <dst id="16">4402.7644</dst>
      <dst id="14">1624.3467</dst>
      <dst id="20">5247.4844</dst>
      <dst id="11">4727.6889</dst>
      <dst id="9">7752.9689</dst>
      <dst id="17">65537.4844</dst>
      <dst id="21">9425.1378</dst>
      <dst id="15">6372.9067</dst>
    </src>
    <src id="19">
      <dst id="12">14873.0489</dst>
      <dst id="13">611.0400</dst>
      <dst id="8">18.2044</dst>
      <dst id="18">479.6444</dst>
      <dst id="4">20156.3378</dst>
      <dst id="1">48.3289</dst>
      <dst id="5">29.8578</dst>
      <dst id="3">609.7956</dst>
      <dst id="22">105.7422</dst>
      <dst id="7">9742.7022</dst>
      <dst id="2">36.7378</dst>
      <dst id="6">81.0311</dst>
      <dst id="16">8365.0222</dst>
      <dst id="14">1.1378</dst>
      <dst id="20">1.4578</dst>
      <dst id="11">2.9778</dst>
      <dst id="9">140.6311</dst>
      <dst id="17">319.5111</dst>
      <dst id="21">854.3644</dst>
      <dst id="15">0.4978</dst>
    </src>
    <src id="23">
      <dst id="12">54.9422</dst>
      <dst id="13">107.7956</dst>
      <dst id="19">13.3333</dst>
      <dst id="18">0.6756</dst>
      <dst id="4">65.6889</dst>
      <dst id="1">43.4756</dst>
      <dst id="5">27.0222</dst>
      <dst id="3">16.1956</dst>
      <dst id="22">0.8622</dst>
      <dst id="7">35.2000</dst>
      <dst id="2">186.1511</dst>
      <dst id="16">2.9244</dst>
      <dst id="14">12.6222</dst>
      <dst id="11">119.0311</dst>
      <dst id="9">368.0178</dst>
      <dst id="17">168.5333</dst>
      <dst id="21">89.6978</dst>
    </src>
    <src id="8">
      <dst id="12">272764.6578</dst>
      <dst id="13">406.4444</dst>
      <dst id="19">168.9956</dst>
      <dst id="23">0.3556</dst>
      <dst id="18">34.0800</dst>
      <dst id="4">8726.4089</dst>
      <dst id="1">136.8800</dst>
      <dst id="5">293.0400</dst>
      <dst id="3">18.0267</dst>
      <dst id="22">946.2133</dst>
      <dst id="7">3.2622</dst>
      <dst id="2">81538.0622</dst>
      <dst id="16">145.4222</dst>
      <dst id="14">126.4622</dst>
      <dst id="20">77.3511</dst>
      <dst id="11">165.9022</dst>
      <dst id="9">120.1600</dst>
      <dst id="17">56909.8133</dst>
      <dst id="21">348.9600</dst>
      <dst id="15">3.9200</dst>
    </src>
    <src id="18">
      <dst id="12">113361.7156</dst>
      <dst id="13">263.6889</dst>
      <dst id="19">12.9067</dst>
      <dst id="23">1.4933</dst>
      <dst id="8">4.1244</dst>
      <dst id="4">1567.1644</dst>
      <dst id="1">1541.4400</dst>
      <dst id="5">579.7422</dst>
      <dst id="3">159.0667</dst>
      <dst id="22">150.1778</dst>
      <dst id="7">101.4578</dst>
      <dst id="2">26717.1467</dst>
      <dst id="16">8.2133</dst>
      <dst id="14">12.0178</dst>
      <dst id="20">10.8000</dst>
      <dst id="11">152.3467</dst>
      <dst id="9">105.7067</dst>
      <dst id="17">27372.2044</dst>
      <dst id="21">163.1289</dst>
      <dst id="15">121.2000</dst>
    </src>
    <src id="4">
      <dst id="12">10175.3067</dst>
      <dst id="19">15056.6489</dst>
      <dst id="23">8.2667</dst>
      <dst id="8">603.7244</dst>
      <dst id="18">389.0311</dst>
      <dst id="1">886.5156</dst>
      <dst id="5">1261.9911</dst>
      <dst id="3">25626.8800</dst>
      <dst id="22">4493.1556</dst>
      <dst id="7">55425.2978</dst>
      <dst id="2">58757.8667</dst>
      <dst id="6">158.9156</dst>
      <dst id="16">691.0933</dst>
      <dst id="14">1004.7111</dst>
      <dst id="20">458.0978</dst>
      <dst id="11">4237.3156</dst>
      <dst id="9">1946.3467</dst>
      <dst id="17">25657.1644</dst>
      <dst id="21">6647.5911</dst>
      <dst id="15">80.0533</dst>
    </src>
    <src id="1">
      <dst id="12">16560.4622</dst>
      <dst id="13">405.6444</dst>
      <dst id="19">2108.0800</dst>
      <dst id="23">74.3822</dst>
      <dst id="8">54102.4711</dst>
      <dst id="18">11656.8889</dst>
      <dst id="4">7002.5956</dst>
      <dst id="1">91.5556</dst>
      <dst id="5">124488.2133</dst>
      <dst id="3">11780.8800</dst>
      <dst id="22">110.6667</dst>
      <dst id="7">14549.1556</dst>
      <dst id="2">1649.5200</dst>
      <dst id="6">3858.1867</dst>
      <dst id="16">13967.5644</dst>
      <dst id="14">82.2311</dst>
      <dst id="20">182.1600</dst>
      <dst id="11">371.2356</dst>
      <dst id="9">134067.4044</dst>
      <dst id="17">1881.4222</dst>
      <dst id="21">4793.8756</dst>
      <dst id="15">302.2044</dst>
    </src>
    <src id="5">
      <dst id="12">272373.5200</dst>
      <dst id="13">1925.4933</dst>
      <dst id="19">69.0489</dst>
      <dst id="23">107.0222</dst>
      <dst id="8">1312.0800</dst>
      <dst id="18">323.8756</dst>
      <dst id="4">6108.8267</dst>
      <dst id="1">4.8089</dst>
      <dst id="3">121.1378</dst>
      <dst id="22">1730.4533</dst>
      <dst id="7">126.2667</dst>
      <dst id="2">96778.2844</dst>
      <dst id="16">676.5333</dst>
      <dst id="14">50.0978</dst>
      <dst id="20">287.0578</dst>
      <dst id="11">1123.5289</dst>
      <dst id="9">196.4267</dst>
      <dst id="17">64080.4089</dst>
      <dst id="21">189.8133</dst>
      <dst id="15">195.9378</dst>
    </src>
    <src id="3">
      <dst id="12">9342.4622</dst>
      <dst id="13">198.4267</dst>
      <dst id="19">5224.0622</dst>
      <dst id="23">2.4178</dst>
      <dst id="8">69.9733</dst>
      <dst id="18">60801.3511</dst>
      <dst id="4">51963.3778</dst>
      <dst id="1">1369.3156</dst>
      <dst id="5">121.2267</dst>
      <dst id="3">9405.5822</dst>
      <dst id="22">317.4133</dst>
      <dst id="7">1437.8667</dst>
      <dst id="2">5866.6844</dst>
      <dst id="6">0.8889</dst>
      <dst id="16">1989.4578</dst>
      <dst id="14">20205.4667</dst>
      <dst id="20">131.4222</dst>
      <dst id="11">90762.9956</dst>
      <dst id="9">131.5644</dst>
      <dst id="17">8854.2933</dst>
      <dst id="21">5766.5956</dst>
      <dst id="15">30.3556</dst>
    </src>
    <src id="10">
      <dst id="12">14847.9733</dst>
      <dst id="19">2104.7289</dst>
      <dst id="8">900.4800</dst>
      <dst id="18">14085.0044</dst>
      <dst id="1">1684.5511</dst>
      <dst id="5">852.1511</dst>
      <dst id="3">13105.4311</dst>
      <dst id="22">7466.4178</dst>
      <dst id="7">7099.3333</dst>
      <dst id="2">16850.5067</dst>
      <dst id="6">40.3556</dst>
      <dst id="16">349.2622</dst>
      <dst id="14">2512.1689</dst>
      <dst id="20">1867.0489</dst>
      <dst id="11">7355.5378</dst>
      <dst id="9">1339.0489</dst>
      <dst id="17">31247.5200</dst>
      <dst id="21">10752.0533</dst>
      <dst id="15">534.5778</dst>
    </src>
    <src id="22">
      <dst id="12">16737.0933</dst>
      <dst id="13">2128.1333</dst>
      <dst id="19">45.0133</dst>
      <dst id="23">19.2711</dst>
      <dst id="8">1286.2489</dst>
      <dst id="18">1356.1778</dst>
      <dst id="4">19429.5556</dst>
      <dst id="1">43.0756</dst>
      <dst id="5">1370.0356</dst>
      <dst id="3">242.2044</dst>
      <dst id="7">1782.9422</dst>
      <dst id="2">1541.5822</dst>
      <dst id="6">1.0489</dst>
      <dst id="14">58.9600</dst>
      <dst id="11">2550.6844</dst>
      <dst id="9">1625.7867</dst>
      <dst id="17">1821.7778</dst>
      <dst id="21">397.5289</dst>
    </src>
    <src id="7">
      <dst id="12">2439.2444</dst>
      <dst id="13">105.2444</dst>
      <dst id="19">327.7333</dst>
      <dst id="23">59.0222</dst>
      <dst id="8">293.1111</dst>
      <dst id="18">358.6489</dst>
      <dst id="4">53070.0178</dst>
      <dst id="1">1136.5333</dst>
      <dst id="5">1307.7067</dst>
      <dst id="3">623.0933</dst>
      <dst id="22">5149.2711</dst>
      <dst id="7">893.6000</dst>
      <dst id="2">4421.8933</dst>
      <dst id="6">0.4978</dst>
      <dst id="16">669.3778</dst>
      <dst id="14">67.6711</dst>
      <dst id="20">109.2711</dst>
      <dst id="11">564.5689</dst>
      <dst id="9">613.5289</dst>
      <dst id="17">7121.7422</dst>
      <dst id="21">2711.7244</dst>
      <dst id="15">114.7378</dst>
    </src>
    <src id="2">
      <dst id="12">58553.0844</dst>
      <dst id="13">1340.3467</dst>
      <dst id="19">463.6711</dst>
      <dst id="23">0.4178</dst>
      <dst id="8">56.3022</dst>
      <dst id="18">46776.6844</dst>
      <dst id="4">102482.2044</dst>
      <dst id="1">2477.0756</dst>
      <dst id="5">847.7867</dst>
      <dst id="3">918.2578</dst>
      <dst id="22">696.2133</dst>
      <dst id="7">2772.2222</dst>
      <dst id="2">152.0622</dst>
      <dst id="6">4803.5378</dst>
      <dst id="16">2808.0978</dst>
      <dst id="14">141.7511</dst>
      <dst id="20">672.8356</dst>
      <dst id="11">2982.2667</dst>
      <dst id="9">224.7289</dst>
      <dst id="17">11849.0933</dst>
      <dst id="21">2988.3467</dst>
      <dst id="15">18.0089</dst>
    </src>
    <src id="6">
      <dst id="12">7691.6000</dst>
      <dst id="13">2.2933</dst>
      <dst id="19">2.1333</dst>
      <dst id="18">0.4622</dst>
      <dst id="4">23.1822</dst>
      <dst id="1">1.8311</dst>
      <dst id="3">1.2178</dst>
      <dst id="7">0.3378</dst>
      <dst id="2">1328.8800</dst>
      <dst id="9">1.1378</dst>
      <dst id="17">969.6889</dst>
    </src>
    <src id="16">
      <dst id="12">1794.9689</dst>
      <dst id="13">173.1644</dst>
      <dst id="19">3035.6000</dst>
      <dst id="23">1.8489</dst>
      <dst id="8">2319.8667</dst>
      <dst id="18">2.4356</dst>
      <dst id="4">6050.3644</dst>
      <dst id="1">16181.4667</dst>
      <dst id="5">1913.7600</dst>
      <dst id="3">831.3600</dst>
      <dst id="7">1515.2533</dst>
      <dst id="2">270.6044</dst>
      <dst id="6">1.0933</dst>
      <dst id="16">25.5911</dst>
      <dst id="14">0.4267</dst>
      <dst id="11">13.2444</dst>
      <dst id="9">5504.8000</dst>
      <dst id="17">2434.0000</dst>
      <dst id="21">48.9333</dst>
    </src>
    <src id="14">
      <dst id="12">15466.0000</dst>
      <dst id="13">1029.6622</dst>
      <dst id="19">7.1467</dst>
      <dst id="23">0.4622</dst>
      <dst id="8">6.2044</dst>
      <dst id="18">0.4622</dst>
      <dst id="4">3376.7289</dst>
      <dst id="1">42.2578</dst>
      <dst id="5">1.2178</dst>
      <dst id="3">42.0978</dst>
      <dst id="22">75.2622</dst>
      <dst id="7">61.3511</dst>
      <dst id="2">4121.7867</dst>
      <dst id="16">12.9778</dst>
      <dst id="20">2.0000</dst>
      <dst id="11">29.0667</dst>
      <dst id="17">2856.0800</dst>
      <dst id="21">114.2400</dst>
      <dst id="15">2.8800</dst>
    </src>
    <src id="20">
      <dst id="12">7850.4889</dst>
      <dst id="13">11686.4889</dst>
      <dst id="19">2.3289</dst>
      <dst id="8">47.6800</dst>
      <dst id="18">502.1244</dst>
      <dst id="4">8326.5689</dst>
      <dst id="1">106.0889</dst>
      <dst id="5">1113.4844</dst>
      <dst id="3">102.5067</dst>
      <dst id="7">144.5067</dst>
      <dst id="2">3469.8667</dst>
      <dst id="14">0.7556</dst>
      <dst id="11">802.3467</dst>
      <dst id="9">14203.0667</dst>
      <dst id="17">9224.0533</dst>
      <dst id="21">420.3556</dst>
    </src>
    <src id="11">
      <dst id="12">367732.0178</dst>
      <dst id="13">428.7822</dst>
      <dst id="19">19.7244</dst>
      <dst id="23">619.6978</dst>
      <dst id="8">42.3378</dst>
      <dst id="18">212.2756</dst>
      <dst id="4">14772.9422</dst>
      <dst id="1">467.3867</dst>
      <dst id="5">1026.3733</dst>
      <dst id="3">580.9244</dst>
      <dst id="22">3245.9378</dst>
      <dst id="7">528.4267</dst>
      <dst id="2">132562.8622</dst>
      <dst id="6">1.2978</dst>
      <dst id="16">248.6933</dst>
      <dst id="14">77.9289</dst>
      <dst id="20">121.6356</dst>
      <dst id="11">1658.0000</dst>
      <dst id="9">434.6667</dst>
      <dst id="17">80882.3556</dst>
      <dst id="21">1793.6356</dst>
      <dst id="15">213.8311</dst>
    </src>
    <src id="9">
      <dst id="12">461924.3022</dst>
      <dst id="13">1024.7022</dst>
      <dst id="19">7.6622</dst>
      <dst id="23">11.9822</dst>
      <dst id="8">32.2489</dst>
      <dst id="18">3971.2889</dst>
      <dst id="4">20264.3911</dst>
      <dst id="1">128.7111</dst>
      <dst id="5">3474.1422</dst>
      <dst id="3">98.9333</dst>
      <dst id="22">4551.4044</dst>
      <dst id="7">128.8444</dst>
      <dst id="2">122979.0667</dst>
      <dst id="16">422.8089</dst>
      <dst id="14">0.5867</dst>
      <dst id="20">1074.3467</dst>
      <dst id="11">245.1022</dst>
      <dst id="9">2019.0311</dst>
      <dst id="17">111763.6533</dst>
      <dst id="21">388.1689</dst>
      <dst id="15">2783.2356</dst>
    </src>
    <src id="17">
      <dst id="12">4035.6533</dst>
      <dst id="13">24754.7556</dst>
      <dst id="19">11117.5022</dst>
      <dst id="23">7.4044</dst>
      <dst id="8">64759.3422</dst>
      <dst id="18">2396.3822</dst>
      <dst id="4">122208.3911</dst>
      <dst id="1">369.6800</dst>
      <dst id="5">129566.3556</dst>
      <dst id="3">21499.0044</dst>
      <dst id="22">1178.3022</dst>
      <dst id="7">18912.8267</dst>
      <dst id="2">9019.7867</dst>
      <dst id="6">19.6267</dst>
      <dst id="16">14665.0044</dst>
      <dst id="14">12675.8044</dst>
      <dst id="20">313.3067</dst>
      <dst id="11">69278.5156</dst>
      <dst id="9">127786.4178</dst>
      <dst id="17">1279.5200</dst>
      <dst id="21">11119.9022</dst>
      <dst id="15">128.5689</dst>
    </src>
    <src id="21">
      <dst id="12">18488.1067</dst>
      <dst id="13">1311.6533</dst>
      <dst id="19">295.0489</dst>
      <dst id="23">2.9156</dst>
      <dst id="8">6.7378</dst>
      <dst id="18">275.2178</dst>
      <dst id="4">24684.2489</dst>
      <dst id="1">19411.3511</dst>
      <dst id="5">471.5111</dst>
      <dst id="3">589.5378</dst>
      <dst id="22">1322.6844</dst>
      <dst id="7">461.7600</dst>
      <dst id="2">7831.7511</dst>
      <dst id="6">1.2178</dst>
      <dst id="16">149.6978</dst>
      <dst id="14">95.7867</dst>
      <dst id="20">170.0533</dst>
      <dst id="11">676.6933</dst>
      <dst id="9">205.1111</dst>
      <dst id="17">2650.6222</dst>
      <dst id="21">2099.4222</dst>
      <dst id="15">138.9778</dst>
    </src>
    <src id="15">
      <dst id="12">345.1111</dst>
      <dst id="13">197.3244</dst>
      <dst id="19">0.9689</dst>
      <dst id="8">68.4533</dst>
      <dst id="18">3.9467</dst>
      <dst id="4">6395.0489</dst>
      <dst id="1">149.6089</dst>
      <dst id="5">535.4667</dst>
      <dst id="3">402.2756</dst>
      <dst id="7">46.6133</dst>
      <dst id="2">30.5067</dst>
      <dst id="14">13.3333</dst>
      <dst id="11">174.7022</dst>
      <dst id="9">604.1422</dst>
      <dst id="17">188.8178</dst>
      <dst id="21">37.0667</dst>
    </src>
  </IntraTM>
</TrafficMatrixFile>
