<?xml version="1.0" encoding="UTF-8" standalone="yes"?>
<TrafficMatrixFile xmlns:xsi="http://www.w3.org/2001/XMLSchema-instance" xsi:noNamespaceSchemaLocation="http://totem.run.montefiore.ulg.ac.be/Schema/TrafficMatrix-v1_2.xsd">
  <info>
    <title>Intradomain traffic matrix generated by geant-TM-all.pl</title>
    <date>2005-01-01T04:00:00</date>
    <duration>900</duration>
    <author>Steve Uhlig</author>
    <units>
        <unit type="bandwidth" value="kbps"/>
    </units>
  </info>
  <IntraTM ASID="20965">
    <src id="12">
      <dst id="12">309790.1333</dst>
      <dst id="13">22549.0844</dst>
      <dst id="19">5315.3422</dst>
      <dst id="23">9595.9467</dst>
      <dst id="8">3741.6267</dst>
      <dst id="18">2476.0089</dst>
      <dst id="4">140287.6444</dst>
      <dst id="1">7731.4667</dst>
      <dst id="5">4750.7556</dst>
      <dst id="3">3431.0844</dst>
      <dst id="22">14839.4933</dst>
      <dst id="7">5028.2844</dst>
      <dst id="2">99505.6622</dst>
      <dst id="6">43.5733</dst>
      <dst id="16">11060.4444</dst>
      <dst id="14">574.5333</dst>
      <dst id="20">5292.0622</dst>
      <dst id="11">6524.3289</dst>
      <dst id="9">46978.5511</dst>
      <dst id="17">69540.2489</dst>
      <dst id="21">20783.5911</dst>
      <dst id="15">6049.9822</dst>
    </src>
    <src id="13">
      <dst id="12">56964.3111</dst>
      <dst id="19">20874.4622</dst>
      <dst id="23">4470.3556</dst>
      <dst id="8">2106.4622</dst>
      <dst id="18">8174.1156</dst>
      <dst id="4">53.6889</dst>
      <dst id="1">6373.4667</dst>
      <dst id="5">16015.2978</dst>
      <dst id="3">8295.5644</dst>
      <dst id="22">19218.6400</dst>
      <dst id="7">12147.1911</dst>
      <dst id="2">89104.2489</dst>
      <dst id="6">108.0000</dst>
      <dst id="16">13446.8444</dst>
      <dst id="14">2015.6267</dst>
      <dst id="20">16557.4400</dst>
      <dst id="11">9281.6178</dst>
      <dst id="9">18138.5778</dst>
      <dst id="17">118156.1778</dst>
      <dst id="21">33186.6222</dst>
      <dst id="15">5875.7956</dst>
    </src>
    <src id="19">
      <dst id="12">18078.0000</dst>
      <dst id="13">5971.7956</dst>
      <dst id="23">14.5778</dst>
      <dst id="8">40.4533</dst>
      <dst id="18">39.3244</dst>
      <dst id="4">26548.3289</dst>
      <dst id="1">119.9556</dst>
      <dst id="5">57.1644</dst>
      <dst id="3">539.1200</dst>
      <dst id="22">102.9956</dst>
      <dst id="7">3836.9689</dst>
      <dst id="2">1594.1867</dst>
      <dst id="6">171.0933</dst>
      <dst id="16">6150.4711</dst>
      <dst id="14">2.1244</dst>
      <dst id="20">62.5689</dst>
      <dst id="11">336.3733</dst>
      <dst id="9">3296.5244</dst>
      <dst id="17">1122.9156</dst>
      <dst id="21">364.7022</dst>
      <dst id="15">0.6933</dst>
    </src>
    <src id="23">
      <dst id="12">1267.4044</dst>
      <dst id="13">358.4889</dst>
      <dst id="19">52.0178</dst>
      <dst id="8">27.0222</dst>
      <dst id="18">32.9778</dst>
      <dst id="4">148.8622</dst>
      <dst id="1">81.0400</dst>
      <dst id="5">32.4267</dst>
      <dst id="3">44.6311</dst>
      <dst id="22">234.2044</dst>
      <dst id="7">161.5644</dst>
      <dst id="2">322.1511</dst>
      <dst id="6">0.3378</dst>
      <dst id="16">78.8444</dst>
      <dst id="14">0.5689</dst>
      <dst id="20">109.3689</dst>
      <dst id="11">67.8133</dst>
      <dst id="9">691.2711</dst>
      <dst id="17">558.3911</dst>
      <dst id="21">366.6311</dst>
      <dst id="15">14.4711</dst>
    </src>
    <src id="8">
      <dst id="12">370756.0533</dst>
      <dst id="13">1459.6267</dst>
      <dst id="19">0.4711</dst>
      <dst id="23">0.8444</dst>
      <dst id="18">48.3556</dst>
      <dst id="4">7482.8800</dst>
      <dst id="1">97.8133</dst>
      <dst id="5">4323.6800</dst>
      <dst id="3">78.6844</dst>
      <dst id="22">1640.7378</dst>
      <dst id="7">106.4533</dst>
      <dst id="2">154355.5822</dst>
      <dst id="16">451.4844</dst>
      <dst id="14">13.1022</dst>
      <dst id="20">355.5378</dst>
      <dst id="11">651.8844</dst>
      <dst id="9">286.5156</dst>
      <dst id="17">86434.3289</dst>
      <dst id="21">223.2089</dst>
      <dst id="15">459.5556</dst>
    </src>
    <src id="18">
      <dst id="12">147861.5111</dst>
      <dst id="13">718.0622</dst>
      <dst id="19">0.3556</dst>
      <dst id="23">362.4444</dst>
      <dst id="8">13.9733</dst>
      <dst id="4">2273.9111</dst>
      <dst id="1">1961.9200</dst>
      <dst id="5">429.5644</dst>
      <dst id="3">205.6000</dst>
      <dst id="22">1601.5556</dst>
      <dst id="7">102.8000</dst>
      <dst id="2">48687.8400</dst>
      <dst id="16">96.0178</dst>
      <dst id="14">13.3333</dst>
      <dst id="20">223.8489</dst>
      <dst id="11">335.8400</dst>
      <dst id="9">382.8622</dst>
      <dst id="17">34060.5956</dst>
      <dst id="21">1409.2622</dst>
      <dst id="15">546.1511</dst>
    </src>
    <src id="4">
      <dst id="12">36501.5289</dst>
      <dst id="13">128.4978</dst>
      <dst id="19">11574.4356</dst>
      <dst id="23">3.5911</dst>
      <dst id="8">2338.2044</dst>
      <dst id="18">6545.1733</dst>
      <dst id="4">3.2000</dst>
      <dst id="1">2963.3867</dst>
      <dst id="5">4033.9733</dst>
      <dst id="3">107421.9822</dst>
      <dst id="22">15332.3200</dst>
      <dst id="7">47175.6533</dst>
      <dst id="2">96800.4000</dst>
      <dst id="6">51.3156</dst>
      <dst id="16">9369.9733</dst>
      <dst id="14">6176.0444</dst>
      <dst id="20">19570.7556</dst>
      <dst id="11">10904.8000</dst>
      <dst id="9">14586.0533</dst>
      <dst id="17">117266.9689</dst>
      <dst id="21">26623.8222</dst>
      <dst id="15">1533.9733</dst>
    </src>
    <src id="1">
      <dst id="12">19050.1867</dst>
      <dst id="13">2248.6489</dst>
      <dst id="19">2665.2356</dst>
      <dst id="23">377.8489</dst>
      <dst id="8">148598.6578</dst>
      <dst id="18">13856.7289</dst>
      <dst id="4">17509.6000</dst>
      <dst id="1">17.3067</dst>
      <dst id="5">254286.1511</dst>
      <dst id="3">49552.8711</dst>
      <dst id="22">5149.4933</dst>
      <dst id="7">12370.3289</dst>
      <dst id="2">17860.3467</dst>
      <dst id="6">6457.1200</dst>
      <dst id="16">16085.5644</dst>
      <dst id="14">1759.0222</dst>
      <dst id="20">361.9200</dst>
      <dst id="11">1103.8400</dst>
      <dst id="9">265295.0844</dst>
      <dst id="17">2839.4133</dst>
      <dst id="21">35478.8267</dst>
      <dst id="15">4522.2756</dst>
    </src>
    <src id="5">
      <dst id="12">425332.7644</dst>
      <dst id="13">4693.8400</dst>
      <dst id="19">112.2756</dst>
      <dst id="23">180.9600</dst>
      <dst id="8">25394.7378</dst>
      <dst id="18">834.9244</dst>
      <dst id="4">10051.5556</dst>
      <dst id="1">183.5911</dst>
      <dst id="3">460.2311</dst>
      <dst id="22">6650.6222</dst>
      <dst id="7">260.3289</dst>
      <dst id="2">171610.8533</dst>
      <dst id="6">14.5156</dst>
      <dst id="16">1053.8044</dst>
      <dst id="14">51.7333</dst>
      <dst id="20">3665.6533</dst>
      <dst id="11">5335.0756</dst>
      <dst id="9">9930.0000</dst>
      <dst id="17">105721.3867</dst>
      <dst id="21">1089.0933</dst>
      <dst id="15">583.5022</dst>
    </src>
    <src id="3">
      <dst id="12">8505.0222</dst>
      <dst id="13">339.6711</dst>
      <dst id="19">1014.1511</dst>
      <dst id="23">60.1511</dst>
      <dst id="8">164.3022</dst>
      <dst id="18">133295.8222</dst>
      <dst id="4">56833.0311</dst>
      <dst id="1">19031.2089</dst>
      <dst id="5">521.1556</dst>
      <dst id="3">16913.7156</dst>
      <dst id="22">1509.1467</dst>
      <dst id="7">18628.3556</dst>
      <dst id="2">6170.4089</dst>
      <dst id="6">1.0133</dst>
      <dst id="16">897.0756</dst>
      <dst id="14">51586.3289</dst>
      <dst id="20">1292.6133</dst>
      <dst id="11">160782.9156</dst>
      <dst id="9">732.4356</dst>
      <dst id="17">13505.7956</dst>
      <dst id="21">11752.3733</dst>
      <dst id="15">1851.1200</dst>
    </src>
    <src id="10">
      <dst id="12">22727.9644</dst>
      <dst id="19">4383.5733</dst>
      <dst id="8">2476.2489</dst>
      <dst id="18">2936.1422</dst>
      <dst id="1">3193.8667</dst>
      <dst id="5">3187.5467</dst>
      <dst id="3">5565.3867</dst>
      <dst id="22">7827.7689</dst>
      <dst id="7">9607.2089</dst>
      <dst id="2">36775.4400</dst>
      <dst id="6">8.7644</dst>
      <dst id="16">1934.6756</dst>
      <dst id="14">2047.5378</dst>
      <dst id="20">3091.2178</dst>
      <dst id="11">5494.0711</dst>
      <dst id="9">3069.4044</dst>
      <dst id="17">22231.3600</dst>
      <dst id="21">27470.5867</dst>
      <dst id="15">871.6267</dst>
    </src>
    <src id="22">
      <dst id="12">9798.3467</dst>
      <dst id="13">4168.3200</dst>
      <dst id="19">97.3511</dst>
      <dst id="23">108.9156</dst>
      <dst id="8">1718.4089</dst>
      <dst id="18">898.9067</dst>
      <dst id="4">21371.0133</dst>
      <dst id="1">3752.2667</dst>
      <dst id="5">5012.8178</dst>
      <dst id="3">2220.8356</dst>
      <dst id="7">992.7644</dst>
      <dst id="2">6800.7022</dst>
      <dst id="6">3.5111</dst>
      <dst id="16">1.7956</dst>
      <dst id="14">18.2044</dst>
      <dst id="11">2821.4844</dst>
      <dst id="9">2450.9244</dst>
      <dst id="17">10522.4089</dst>
      <dst id="21">1933.0578</dst>
    </src>
    <src id="7">
      <dst id="12">7034.0978</dst>
      <dst id="13">732.9778</dst>
      <dst id="19">1554.1156</dst>
      <dst id="23">81.3600</dst>
      <dst id="8">1089.7511</dst>
      <dst id="18">596.3022</dst>
      <dst id="4">40826.5867</dst>
      <dst id="1">14842.4889</dst>
      <dst id="5">2419.5911</dst>
      <dst id="3">8826.7644</dst>
      <dst id="22">4214.0000</dst>
      <dst id="2">10143.7778</dst>
      <dst id="6">1.9911</dst>
      <dst id="16">413.4400</dst>
      <dst id="14">152.6044</dst>
      <dst id="20">1324.2133</dst>
      <dst id="11">2319.1644</dst>
      <dst id="9">1158.3556</dst>
      <dst id="17">10865.5911</dst>
      <dst id="21">10676.0711</dst>
      <dst id="15">526.8089</dst>
    </src>
    <src id="2">
      <dst id="12">177615.6978</dst>
      <dst id="13">16394.5689</dst>
      <dst id="19">1420.0178</dst>
      <dst id="23">26.3111</dst>
      <dst id="8">220.0089</dst>
      <dst id="18">124005.4044</dst>
      <dst id="4">129485.0311</dst>
      <dst id="1">12865.6356</dst>
      <dst id="5">1783.3156</dst>
      <dst id="3">1926.2222</dst>
      <dst id="22">3010.4978</dst>
      <dst id="7">20698.2844</dst>
      <dst id="2">2324.5778</dst>
      <dst id="6">7989.6533</dst>
      <dst id="16">11611.6711</dst>
      <dst id="14">336.9244</dst>
      <dst id="20">1736.9689</dst>
      <dst id="11">3108.6578</dst>
      <dst id="9">1259.7333</dst>
      <dst id="17">60783.1378</dst>
      <dst id="21">9738.9244</dst>
      <dst id="15">334.0622</dst>
    </src>
    <src id="6">
      <dst id="12">9332.0444</dst>
      <dst id="13">4.2311</dst>
      <dst id="19">8.2667</dst>
      <dst id="23">0.3378</dst>
      <dst id="8">0.3556</dst>
      <dst id="18">0.3378</dst>
      <dst id="4">68.0000</dst>
      <dst id="1">18.9511</dst>
      <dst id="5">4.3022</dst>
      <dst id="3">0.3378</dst>
      <dst id="22">81.3333</dst>
      <dst id="7">1.0311</dst>
      <dst id="2">2174.2756</dst>
      <dst id="16">20.4800</dst>
      <dst id="20">14.3022</dst>
      <dst id="11">3.1022</dst>
      <dst id="9">1.2000</dst>
      <dst id="17">1701.3156</dst>
      <dst id="21">2.4089</dst>
      <dst id="15">0.3556</dst>
    </src>
    <src id="16">
      <dst id="12">2311.4133</dst>
      <dst id="13">1172.6578</dst>
      <dst id="19">2979.8044</dst>
      <dst id="23">28.0356</dst>
      <dst id="8">5167.8844</dst>
      <dst id="18">20.6133</dst>
      <dst id="4">8222.1333</dst>
      <dst id="1">9982.1333</dst>
      <dst id="5">5753.6267</dst>
      <dst id="3">1488.0000</dst>
      <dst id="7">548.7378</dst>
      <dst id="2">3820.1511</dst>
      <dst id="6">1.5111</dst>
      <dst id="16">61.1289</dst>
      <dst id="14">0.4622</dst>
      <dst id="11">172.6489</dst>
      <dst id="9">12701.9378</dst>
      <dst id="17">6912.5600</dst>
      <dst id="21">154.2933</dst>
    </src>
    <src id="14">
      <dst id="12">21524.7733</dst>
      <dst id="13">102.1333</dst>
      <dst id="19">10.7467</dst>
      <dst id="23">25.1733</dst>
      <dst id="8">0.4356</dst>
      <dst id="18">1.2089</dst>
      <dst id="4">3221.3422</dst>
      <dst id="1">80.3467</dst>
      <dst id="5">15.1111</dst>
      <dst id="3">39.5822</dst>
      <dst id="22">41.9200</dst>
      <dst id="7">58.3911</dst>
      <dst id="2">6959.1822</dst>
      <dst id="16">7.6711</dst>
      <dst id="20">1.6622</dst>
      <dst id="11">41.4933</dst>
      <dst id="9">17.6533</dst>
      <dst id="17">7879.6267</dst>
      <dst id="21">220.9956</dst>
      <dst id="15">0.4622</dst>
    </src>
    <src id="20">
      <dst id="12">7137.3778</dst>
      <dst id="13">7618.4356</dst>
      <dst id="19">71.5289</dst>
      <dst id="23">0.7111</dst>
      <dst id="8">4191.8311</dst>
      <dst id="18">95.2978</dst>
      <dst id="4">13501.3156</dst>
      <dst id="1">395.7689</dst>
      <dst id="5">3896.7111</dst>
      <dst id="3">1401.4311</dst>
      <dst id="7">502.1244</dst>
      <dst id="2">9189.6533</dst>
      <dst id="6">1.7511</dst>
      <dst id="14">1.7956</dst>
      <dst id="11">2210.7200</dst>
      <dst id="9">6553.0044</dst>
      <dst id="17">6205.4756</dst>
      <dst id="21">1249.1556</dst>
    </src>
    <src id="11">
      <dst id="12">415503.7333</dst>
      <dst id="13">4115.6089</dst>
      <dst id="19">46.6044</dst>
      <dst id="23">34.3111</dst>
      <dst id="8">680.6311</dst>
      <dst id="18">311.1822</dst>
      <dst id="4">17142.4800</dst>
      <dst id="1">695.1111</dst>
      <dst id="5">1208.8178</dst>
      <dst id="3">2690.3556</dst>
      <dst id="22">4951.1200</dst>
      <dst id="7">1552.5333</dst>
      <dst id="2">179140.7644</dst>
      <dst id="6">19.0133</dst>
      <dst id="16">716.7911</dst>
      <dst id="14">28.3911</dst>
      <dst id="20">268.7556</dst>
      <dst id="11">1089.5556</dst>
      <dst id="9">2177.7778</dst>
      <dst id="17">95941.9911</dst>
      <dst id="21">999.8400</dst>
      <dst id="15">484.3822</dst>
    </src>
    <src id="9">
      <dst id="12">516023.5022</dst>
      <dst id="13">2587.2889</dst>
      <dst id="19">1727.4756</dst>
      <dst id="23">150.3644</dst>
      <dst id="8">861.8756</dst>
      <dst id="18">129.8133</dst>
      <dst id="4">13755.8400</dst>
      <dst id="1">729.0844</dst>
      <dst id="5">3166.2756</dst>
      <dst id="3">104.6578</dst>
      <dst id="22">4120.5333</dst>
      <dst id="7">610.4000</dst>
      <dst id="2">196473.7511</dst>
      <dst id="6">0.3378</dst>
      <dst id="16">1192.6133</dst>
      <dst id="20">2352.9422</dst>
      <dst id="11">415.0756</dst>
      <dst id="9">2067.6178</dst>
      <dst id="17">109290.7467</dst>
      <dst id="21">3839.0044</dst>
      <dst id="15">562.9778</dst>
    </src>
    <src id="17">
      <dst id="12">25314.8889</dst>
      <dst id="13">5701.6267</dst>
      <dst id="19">15493.4933</dst>
      <dst id="23">103.5733</dst>
      <dst id="8">162435.5111</dst>
      <dst id="18">1058.8178</dst>
      <dst id="4">90197.0489</dst>
      <dst id="1">2375.4933</dst>
      <dst id="5">264395.9644</dst>
      <dst id="3">22606.7289</dst>
      <dst id="22">6708.8711</dst>
      <dst id="7">15113.7244</dst>
      <dst id="2">19148.4622</dst>
      <dst id="6">424.0711</dst>
      <dst id="16">9982.6933</dst>
      <dst id="14">35398.5067</dst>
      <dst id="20">822.4000</dst>
      <dst id="11">165932.8000</dst>
      <dst id="9">266454.2933</dst>
      <dst id="17">2020.1156</dst>
      <dst id="21">16253.7422</dst>
      <dst id="15">267.6622</dst>
    </src>
    <src id="21">
      <dst id="12">22975.1022</dst>
      <dst id="13">1568.7467</dst>
      <dst id="19">299.0044</dst>
      <dst id="23">72.5333</dst>
      <dst id="8">65.6533</dst>
      <dst id="18">1358.8089</dst>
      <dst id="4">24836.0889</dst>
      <dst id="1">3915.5911</dst>
      <dst id="5">751.6000</dst>
      <dst id="3">3061.6711</dst>
      <dst id="22">3209.4756</dst>
      <dst id="7">3178.0622</dst>
      <dst id="2">13090.6578</dst>
      <dst id="6">31.9289</dst>
      <dst id="16">315.8222</dst>
      <dst id="14">98.0000</dst>
      <dst id="20">776.8356</dst>
      <dst id="11">974.2756</dst>
      <dst id="9">970.9689</dst>
      <dst id="17">4313.6711</dst>
      <dst id="21">2542.6400</dst>
      <dst id="15">237.2889</dst>
    </src>
    <src id="15">
      <dst id="12">441.7511</dst>
      <dst id="13">3860.6933</dst>
      <dst id="19">0.8889</dst>
      <dst id="8">174.3111</dst>
      <dst id="18">136.0978</dst>
      <dst id="4">4925.7067</dst>
      <dst id="1">634.2844</dst>
      <dst id="5">651.5644</dst>
      <dst id="3">843.0844</dst>
      <dst id="7">54.3644</dst>
      <dst id="2">90.7467</dst>
      <dst id="6">0.8711</dst>
      <dst id="14">4.9422</dst>
      <dst id="11">704.1600</dst>
      <dst id="9">1135.5111</dst>
      <dst id="17">538.0356</dst>
      <dst id="21">146.8889</dst>
    </src>
  </IntraTM>
</TrafficMatrixFile>
