<?xml version="1.0" encoding="UTF-8" standalone="yes"?>
<TrafficMatrixFile xmlns:xsi="http://www.w3.org/2001/XMLSchema-instance" xsi:noNamespaceSchemaLocation="http://totem.run.montefiore.ulg.ac.be/Schema/TrafficMatrix-v1_2.xsd">
  <info>
    <title>Intradomain traffic matrix generated by geant-TM-all.pl</title>
    <date>2005-01-02T01:30:00</date>
    <duration>900</duration>
    <author>Steve Uhlig</author>
    <units>
        <unit type="bandwidth" value="kbps"/>
    </units>
  </info>
  <IntraTM ASID="20965">
    <src id="12">
      <dst id="12">330455.9111</dst>
      <dst id="13">34519.8222</dst>
      <dst id="19">5115.1556</dst>
      <dst id="23">1460.8711</dst>
      <dst id="8">6714.7822</dst>
      <dst id="18">4382.2756</dst>
      <dst id="4">110411.9467</dst>
      <dst id="1">13202.8356</dst>
      <dst id="5">7122.3822</dst>
      <dst id="3">14819.7689</dst>
      <dst id="22">31798.2933</dst>
      <dst id="7">4033.6889</dst>
      <dst id="2">128329.0667</dst>
      <dst id="6">503.0311</dst>
      <dst id="16">6076.1956</dst>
      <dst id="14">1412.2756</dst>
      <dst id="20">8355.2089</dst>
      <dst id="11">5565.5111</dst>
      <dst id="9">18304.4267</dst>
      <dst id="17">81987.0844</dst>
      <dst id="21">21344.5511</dst>
      <dst id="15">9284.5689</dst>
    </src>
    <src id="13">
      <dst id="12">74688.7111</dst>
      <dst id="19">7058.1067</dst>
      <dst id="23">2793.8667</dst>
      <dst id="8">15181.7156</dst>
      <dst id="18">7268.9867</dst>
      <dst id="1">4587.4311</dst>
      <dst id="5">14672.6756</dst>
      <dst id="3">21111.7511</dst>
      <dst id="22">31535.6711</dst>
      <dst id="7">11461.7244</dst>
      <dst id="2">179108.7289</dst>
      <dst id="6">102.9600</dst>
      <dst id="16">9190.9867</dst>
      <dst id="14">2867.8756</dst>
      <dst id="20">34700.9067</dst>
      <dst id="11">16803.2533</dst>
      <dst id="9">18629.2889</dst>
      <dst id="17">66172.2578</dst>
      <dst id="21">41858.9333</dst>
      <dst id="15">3701.3689</dst>
    </src>
    <src id="19">
      <dst id="12">18364.0178</dst>
      <dst id="13">5907.0311</dst>
      <dst id="23">100.2667</dst>
      <dst id="8">9.2622</dst>
      <dst id="18">954.9067</dst>
      <dst id="4">25270.6222</dst>
      <dst id="1">270.1511</dst>
      <dst id="5">103.6711</dst>
      <dst id="3">7795.6444</dst>
      <dst id="22">3093.9733</dst>
      <dst id="7">6363.3333</dst>
      <dst id="2">1397.7600</dst>
      <dst id="6">228.9867</dst>
      <dst id="16">3902.8356</dst>
      <dst id="14">2.0267</dst>
      <dst id="20">79.5822</dst>
      <dst id="11">226.1956</dst>
      <dst id="9">533.2267</dst>
      <dst id="17">1248.1600</dst>
      <dst id="21">4233.6267</dst>
      <dst id="15">5277.0400</dst>
    </src>
    <src id="23">
      <dst id="12">469.0933</dst>
      <dst id="13">879.4311</dst>
      <dst id="19">45.0311</dst>
      <dst id="8">7.1111</dst>
      <dst id="18">249.7422</dst>
      <dst id="4">173.3333</dst>
      <dst id="1">104.9333</dst>
      <dst id="5">41.0667</dst>
      <dst id="3">417.9911</dst>
      <dst id="22">142.7467</dst>
      <dst id="7">190.2133</dst>
      <dst id="2">109.3067</dst>
      <dst id="16">60.2667</dst>
      <dst id="14">13.7333</dst>
      <dst id="20">39.7778</dst>
      <dst id="11">114.4533</dst>
      <dst id="9">323.4222</dst>
      <dst id="17">572.7289</dst>
      <dst id="21">3445.9111</dst>
      <dst id="15">43.3422</dst>
    </src>
    <src id="8">
      <dst id="12">367478.8267</dst>
      <dst id="13">998.3733</dst>
      <dst id="19">110.9867</dst>
      <dst id="23">97.3778</dst>
      <dst id="18">170.3022</dst>
      <dst id="4">12191.9111</dst>
      <dst id="1">15.8933</dst>
      <dst id="5">5872.8089</dst>
      <dst id="3">1987.0844</dst>
      <dst id="22">1939.9911</dst>
      <dst id="7">59.5911</dst>
      <dst id="2">135149.8489</dst>
      <dst id="16">613.1467</dst>
      <dst id="14">75.8133</dst>
      <dst id="20">109.9733</dst>
      <dst id="11">710.5333</dst>
      <dst id="9">2021.5556</dst>
      <dst id="17">101823.8844</dst>
      <dst id="21">2799.1467</dst>
      <dst id="15">1194.1156</dst>
    </src>
    <src id="18">
      <dst id="12">154495.9556</dst>
      <dst id="13">494.3556</dst>
      <dst id="19">43.2444</dst>
      <dst id="23">46.5600</dst>
      <dst id="8">87.9822</dst>
      <dst id="4">2396.9867</dst>
      <dst id="1">1136.0267</dst>
      <dst id="5">459.7778</dst>
      <dst id="3">182.7022</dst>
      <dst id="22">379.3244</dst>
      <dst id="7">121.4933</dst>
      <dst id="2">44810.4978</dst>
      <dst id="16">5.1022</dst>
      <dst id="14">8.7467</dst>
      <dst id="20">955.3956</dst>
      <dst id="11">377.9733</dst>
      <dst id="9">123.2978</dst>
      <dst id="17">37543.6356</dst>
      <dst id="21">935.1911</dst>
      <dst id="15">6.1511</dst>
    </src>
    <src id="4">
      <dst id="12">19585.7422</dst>
      <dst id="19">10975.3244</dst>
      <dst id="23">42.5244</dst>
      <dst id="8">1606.3022</dst>
      <dst id="18">3554.0711</dst>
      <dst id="4">1.0222</dst>
      <dst id="1">2128.4533</dst>
      <dst id="5">2978.3200</dst>
      <dst id="3">146991.7956</dst>
      <dst id="22">7388.8089</dst>
      <dst id="7">49677.9556</dst>
      <dst id="2">74883.9467</dst>
      <dst id="6">4.2044</dst>
      <dst id="16">2000.8444</dst>
      <dst id="14">2975.0222</dst>
      <dst id="20">3794.8444</dst>
      <dst id="11">15645.2000</dst>
      <dst id="9">3565.9822</dst>
      <dst id="17">24908.7911</dst>
      <dst id="21">12836.4089</dst>
      <dst id="15">1089.0933</dst>
    </src>
    <src id="1">
      <dst id="12">18241.5911</dst>
      <dst id="13">1366.3911</dst>
      <dst id="19">82.2756</dst>
      <dst id="23">120.9511</dst>
      <dst id="8">178603.0667</dst>
      <dst id="18">18607.9378</dst>
      <dst id="4">13603.9644</dst>
      <dst id="1">75.3689</dst>
      <dst id="5">294670.5244</dst>
      <dst id="3">110223.4044</dst>
      <dst id="22">6767.4311</dst>
      <dst id="7">23794.3111</dst>
      <dst id="2">19326.5867</dst>
      <dst id="6">8724.5333</dst>
      <dst id="16">7612.7556</dst>
      <dst id="14">2628.2578</dst>
      <dst id="20">436.9600</dst>
      <dst id="11">328.2133</dst>
      <dst id="9">321086.9689</dst>
      <dst id="17">4465.7156</dst>
      <dst id="21">6697.3067</dst>
      <dst id="15">389.4489</dst>
    </src>
    <src id="5">
      <dst id="12">404281.1289</dst>
      <dst id="13">8861.2267</dst>
      <dst id="19">168.1244</dst>
      <dst id="23">99.6533</dst>
      <dst id="8">7783.5644</dst>
      <dst id="18">291.4578</dst>
      <dst id="4">7612.0267</dst>
      <dst id="1">1094.0622</dst>
      <dst id="3">2561.5200</dst>
      <dst id="22">6298.3822</dst>
      <dst id="7">289.3778</dst>
      <dst id="2">181797.6800</dst>
      <dst id="6">26.8000</dst>
      <dst id="16">789.3689</dst>
      <dst id="14">85.3067</dst>
      <dst id="20">5573.3333</dst>
      <dst id="11">4431.5289</dst>
      <dst id="9">4951.5822</dst>
      <dst id="17">98756.3022</dst>
      <dst id="21">926.3911</dst>
      <dst id="15">281.9822</dst>
    </src>
    <src id="3">
      <dst id="12">12840.2222</dst>
      <dst id="13">8565.3511</dst>
      <dst id="19">3415.3244</dst>
      <dst id="23">48.4711</dst>
      <dst id="8">74.0800</dst>
      <dst id="18">190794.0356</dst>
      <dst id="4">48283.2978</dst>
      <dst id="1">7481.7689</dst>
      <dst id="5">4641.3600</dst>
      <dst id="3">20144.8711</dst>
      <dst id="22">3615.3156</dst>
      <dst id="7">1599.6800</dst>
      <dst id="2">11123.7067</dst>
      <dst id="6">7.3244</dst>
      <dst id="16">3818.9333</dst>
      <dst id="14">53653.3867</dst>
      <dst id="20">4529.6267</dst>
      <dst id="11">210920.7200</dst>
      <dst id="9">160.1156</dst>
      <dst id="17">15293.6267</dst>
      <dst id="21">10140.6578</dst>
      <dst id="15">112.7467</dst>
    </src>
    <src id="10">
      <dst id="12">12250.7289</dst>
      <dst id="19">3144.8533</dst>
      <dst id="23">0.4267</dst>
      <dst id="8">7128.7822</dst>
      <dst id="18">8824.7556</dst>
      <dst id="1">2800.7644</dst>
      <dst id="5">3077.3511</dst>
      <dst id="3">26297.4844</dst>
      <dst id="22">14656.8711</dst>
      <dst id="7">3251.0044</dst>
      <dst id="2">66740.7911</dst>
      <dst id="6">19.2533</dst>
      <dst id="16">1218.6133</dst>
      <dst id="14">1805.6089</dst>
      <dst id="20">8737.9200</dst>
      <dst id="11">8599.2978</dst>
      <dst id="9">5951.2178</dst>
      <dst id="17">21908.5422</dst>
      <dst id="21">22658.2933</dst>
      <dst id="15">1764.5067</dst>
    </src>
    <src id="22">
      <dst id="12">22314.3378</dst>
      <dst id="13">4883.1200</dst>
      <dst id="19">685.4400</dst>
      <dst id="23">532.8978</dst>
      <dst id="8">1251.0400</dst>
      <dst id="18">1576.9156</dst>
      <dst id="4">31208.4533</dst>
      <dst id="1">337.9022</dst>
      <dst id="5">7620.6489</dst>
      <dst id="3">1359.7244</dst>
      <dst id="7">791.4400</dst>
      <dst id="2">4936.0356</dst>
      <dst id="6">25.7778</dst>
      <dst id="16">2.8178</dst>
      <dst id="14">61.5556</dst>
      <dst id="11">3917.4844</dst>
      <dst id="9">2997.3956</dst>
      <dst id="17">9343.4578</dst>
      <dst id="21">2570.1422</dst>
    </src>
    <src id="7">
      <dst id="12">14439.3778</dst>
      <dst id="13">5362.0533</dst>
      <dst id="19">1156.7111</dst>
      <dst id="23">251.3956</dst>
      <dst id="8">1044.5244</dst>
      <dst id="18">2750.5956</dst>
      <dst id="4">52950.8000</dst>
      <dst id="1">19396.7200</dst>
      <dst id="5">2861.3333</dst>
      <dst id="3">11439.1556</dst>
      <dst id="22">5177.2000</dst>
      <dst id="7">621.3689</dst>
      <dst id="2">25087.8489</dst>
      <dst id="6">4.9244</dst>
      <dst id="16">1206.4089</dst>
      <dst id="14">162.4800</dst>
      <dst id="20">1147.7956</dst>
      <dst id="11">1850.7556</dst>
      <dst id="9">1536.8444</dst>
      <dst id="17">6978.1067</dst>
      <dst id="21">7329.1911</dst>
      <dst id="15">567.6178</dst>
    </src>
    <src id="2">
      <dst id="12">131036.3733</dst>
      <dst id="13">7522.7378</dst>
      <dst id="19">17543.1911</dst>
      <dst id="23">80.2933</dst>
      <dst id="8">797.0756</dst>
      <dst id="18">159562.3822</dst>
      <dst id="4">135303.2356</dst>
      <dst id="1">2285.1378</dst>
      <dst id="5">1611.5289</dst>
      <dst id="3">10158.8889</dst>
      <dst id="22">2200.0267</dst>
      <dst id="7">5035.6978</dst>
      <dst id="2">1354.9333</dst>
      <dst id="6">7982.9422</dst>
      <dst id="16">3318.0800</dst>
      <dst id="14">258.0089</dst>
      <dst id="20">2529.7422</dst>
      <dst id="11">14716.1600</dst>
      <dst id="9">1675.5733</dst>
      <dst id="17">15413.5022</dst>
      <dst id="21">20682.1511</dst>
      <dst id="15">305.9200</dst>
    </src>
    <src id="6">
      <dst id="12">10011.6089</dst>
      <dst id="13">18.4000</dst>
      <dst id="19">22.1067</dst>
      <dst id="8">11.4667</dst>
      <dst id="18">12.2489</dst>
      <dst id="4">114.5333</dst>
      <dst id="1">1.0222</dst>
      <dst id="5">34.4000</dst>
      <dst id="3">99.5467</dst>
      <dst id="22">15.1111</dst>
      <dst id="7">48.5778</dst>
      <dst id="2">2622.2756</dst>
      <dst id="16">6.5511</dst>
      <dst id="20">0.4622</dst>
      <dst id="11">1050.1156</dst>
      <dst id="9">24.8889</dst>
      <dst id="17">1634.9511</dst>
      <dst id="21">65.3333</dst>
    </src>
    <src id="16">
      <dst id="12">5105.6444</dst>
      <dst id="13">422.6311</dst>
      <dst id="19">5385.8667</dst>
      <dst id="23">69.0133</dst>
      <dst id="8">5149.5644</dst>
      <dst id="18">55.3244</dst>
      <dst id="4">6564.2311</dst>
      <dst id="1">17074.5600</dst>
      <dst id="5">8412.8000</dst>
      <dst id="3">3188.3556</dst>
      <dst id="7">1344.2933</dst>
      <dst id="2">2526.4356</dst>
      <dst id="6">124.5600</dst>
      <dst id="16">46.6311</dst>
      <dst id="14">297.2978</dst>
      <dst id="11">408.8356</dst>
      <dst id="9">7849.8844</dst>
      <dst id="17">1917.0844</dst>
      <dst id="21">1114.1778</dst>
    </src>
    <src id="14">
      <dst id="12">25158.6578</dst>
      <dst id="13">196.6044</dst>
      <dst id="19">1.4933</dst>
      <dst id="23">13.3333</dst>
      <dst id="8">23.1111</dst>
      <dst id="18">34.0622</dst>
      <dst id="4">3828.2667</dst>
      <dst id="1">102.2222</dst>
      <dst id="5">177.5822</dst>
      <dst id="3">146.2311</dst>
      <dst id="22">33.0844</dst>
      <dst id="7">107.6000</dst>
      <dst id="2">8472.9689</dst>
      <dst id="16">15.7867</dst>
      <dst id="20">44.6311</dst>
      <dst id="11">74.5244</dst>
      <dst id="9">0.5333</dst>
      <dst id="17">6086.1867</dst>
      <dst id="21">320.3022</dst>
    </src>
    <src id="20">
      <dst id="12">14346.3022</dst>
      <dst id="13">4777.2356</dst>
      <dst id="19">244.2756</dst>
      <dst id="23">12.0444</dst>
      <dst id="8">331.6000</dst>
      <dst id="18">147.1111</dst>
      <dst id="4">17371.9822</dst>
      <dst id="1">195.0044</dst>
      <dst id="5">6726.6400</dst>
      <dst id="3">1840.5689</dst>
      <dst id="22">1.8489</dst>
      <dst id="7">703.7689</dst>
      <dst id="2">15830.5333</dst>
      <dst id="6">0.4622</dst>
      <dst id="14">39.8222</dst>
      <dst id="11">1840.0267</dst>
      <dst id="9">6156.4000</dst>
      <dst id="17">4523.4222</dst>
      <dst id="21">2006.1511</dst>
    </src>
    <src id="11">
      <dst id="12">470809.5733</dst>
      <dst id="13">2150.8444</dst>
      <dst id="19">96.6489</dst>
      <dst id="23">966.7111</dst>
      <dst id="8">4042.7911</dst>
      <dst id="18">403.9911</dst>
      <dst id="4">18286.3200</dst>
      <dst id="1">524.2044</dst>
      <dst id="5">4051.8844</dst>
      <dst id="3">1441.8756</dst>
      <dst id="22">4309.8400</dst>
      <dst id="7">285.5200</dst>
      <dst id="2">178123.8933</dst>
      <dst id="6">55.2444</dst>
      <dst id="16">1044.4267</dst>
      <dst id="14">59.0311</dst>
      <dst id="20">1169.4667</dst>
      <dst id="11">3659.5022</dst>
      <dst id="9">1645.0756</dst>
      <dst id="17">105115.8667</dst>
      <dst id="21">4318.1956</dst>
      <dst id="15">1144.1956</dst>
    </src>
    <src id="9">
      <dst id="12">552523.9556</dst>
      <dst id="13">13843.1911</dst>
      <dst id="19">315.4489</dst>
      <dst id="23">26.1156</dst>
      <dst id="8">1107.5200</dst>
      <dst id="18">439.9289</dst>
      <dst id="4">16914.1333</dst>
      <dst id="1">9880.1600</dst>
      <dst id="5">8444.6667</dst>
      <dst id="3">1090.9778</dst>
      <dst id="22">7762.5689</dst>
      <dst id="7">349.1911</dst>
      <dst id="2">178347.4667</dst>
      <dst id="6">7.4133</dst>
      <dst id="16">9254.6489</dst>
      <dst id="14">14.4089</dst>
      <dst id="20">4883.9467</dst>
      <dst id="11">896.6133</dst>
      <dst id="9">647.7689</dst>
      <dst id="17">137629.1111</dst>
      <dst id="21">2414.5511</dst>
      <dst id="15">2438.7022</dst>
    </src>
    <src id="17">
      <dst id="12">14130.9156</dst>
      <dst id="13">3630.4800</dst>
      <dst id="19">640.0978</dst>
      <dst id="23">1033.7778</dst>
      <dst id="8">193804.3111</dst>
      <dst id="18">4949.2978</dst>
      <dst id="4">59997.1022</dst>
      <dst id="1">15727.1556</dst>
      <dst id="5">300542.2933</dst>
      <dst id="3">19536.5333</dst>
      <dst id="22">10621.2622</dst>
      <dst id="7">19680.0356</dst>
      <dst id="2">17184.4978</dst>
      <dst id="6">61.1200</dst>
      <dst id="16">4269.7511</dst>
      <dst id="14">47198.3467</dst>
      <dst id="20">1192.9600</dst>
      <dst id="11">170387.1111</dst>
      <dst id="9">314464.9244</dst>
      <dst id="17">2002.7911</dst>
      <dst id="21">30087.8756</dst>
      <dst id="15">961.8400</dst>
    </src>
    <src id="21">
      <dst id="12">30074.3378</dst>
      <dst id="13">2583.1022</dst>
      <dst id="19">674.9689</dst>
      <dst id="23">436.0978</dst>
      <dst id="8">563.6267</dst>
      <dst id="18">12977.1111</dst>
      <dst id="4">47125.7689</dst>
      <dst id="1">5683.3778</dst>
      <dst id="5">791.6711</dst>
      <dst id="3">5494.1511</dst>
      <dst id="22">2305.8489</dst>
      <dst id="7">4904.7200</dst>
      <dst id="2">13697.0311</dst>
      <dst id="6">34.2844</dst>
      <dst id="16">412.4089</dst>
      <dst id="14">173.6267</dst>
      <dst id="20">410.2222</dst>
      <dst id="11">2623.7156</dst>
      <dst id="9">2797.1733</dst>
      <dst id="17">8630.2844</dst>
      <dst id="21">3648.2489</dst>
      <dst id="15">1168.6667</dst>
    </src>
    <src id="15">
      <dst id="12">5006.2933</dst>
      <dst id="13">1460.8711</dst>
      <dst id="19">378.9867</dst>
      <dst id="23">1.2800</dst>
      <dst id="8">794.2933</dst>
      <dst id="18">14.7289</dst>
      <dst id="4">4086.6044</dst>
      <dst id="1">212.9867</dst>
      <dst id="5">268.5422</dst>
      <dst id="3">1189.4489</dst>
      <dst id="7">50.9422</dst>
      <dst id="2">700.0800</dst>
      <dst id="16">0.4089</dst>
      <dst id="14">0.4267</dst>
      <dst id="11">85.3778</dst>
      <dst id="9">6695.5911</dst>
      <dst id="17">964.6133</dst>
      <dst id="21">510.9600</dst>
    </src>
  </IntraTM>
</TrafficMatrixFile>
