<?xml version="1.0" encoding="UTF-8" standalone="yes"?>
<TrafficMatrixFile xmlns:xsi="http://www.w3.org/2001/XMLSchema-instance" xsi:noNamespaceSchemaLocation="http://totem.run.montefiore.ulg.ac.be/Schema/TrafficMatrix-v1_2.xsd">
  <info>
    <title>Intradomain traffic matrix generated by geant-TM-all.pl</title>
    <date>2005-01-02T22:30:00</date>
    <duration>900</duration>
    <author>Steve Uhlig</author>
    <units>
        <unit type="bandwidth" value="kbps"/>
    </units>
  </info>
  <IntraTM ASID="20965">
    <src id="12">
      <dst id="12">320605.8222</dst>
      <dst id="13">19153.8933</dst>
      <dst id="19">4768.8178</dst>
      <dst id="23">3992.3822</dst>
      <dst id="8">4702.4622</dst>
      <dst id="18">4275.0044</dst>
      <dst id="4">85011.0133</dst>
      <dst id="1">8921.7156</dst>
      <dst id="5">2405.5644</dst>
      <dst id="3">13692.2844</dst>
      <dst id="22">18741.5467</dst>
      <dst id="7">8038.1867</dst>
      <dst id="2">117675.6711</dst>
      <dst id="6">20.2133</dst>
      <dst id="16">7083.9556</dst>
      <dst id="14">300.1689</dst>
      <dst id="20">18925.3778</dst>
      <dst id="11">10160.6578</dst>
      <dst id="9">14216.6756</dst>
      <dst id="17">109373.8311</dst>
      <dst id="21">21047.1733</dst>
      <dst id="15">8029.7156</dst>
    </src>
    <src id="13">
      <dst id="12">80583.6889</dst>
      <dst id="19">11141.4756</dst>
      <dst id="23">238.0267</dst>
      <dst id="8">6774.5067</dst>
      <dst id="18">10359.2444</dst>
      <dst id="4">0.7111</dst>
      <dst id="1">10035.8133</dst>
      <dst id="5">12155.7067</dst>
      <dst id="3">24472.6133</dst>
      <dst id="22">35605.1022</dst>
      <dst id="7">19213.3156</dst>
      <dst id="2">119317.1022</dst>
      <dst id="6">275.7867</dst>
      <dst id="16">20025.4667</dst>
      <dst id="14">2514.6489</dst>
      <dst id="20">17599.6267</dst>
      <dst id="11">37447.0222</dst>
      <dst id="9">32589.7244</dst>
      <dst id="17">77224.9778</dst>
      <dst id="21">34973.9111</dst>
      <dst id="15">5126.2933</dst>
    </src>
    <src id="19">
      <dst id="12">18787.5289</dst>
      <dst id="13">4667.4133</dst>
      <dst id="23">115.7689</dst>
      <dst id="8">6.0444</dst>
      <dst id="18">51.0844</dst>
      <dst id="4">19677.3600</dst>
      <dst id="1">1839.2089</dst>
      <dst id="5">7021.7067</dst>
      <dst id="3">1.5378</dst>
      <dst id="22">390.7911</dst>
      <dst id="7">6750.8444</dst>
      <dst id="2">6286.3822</dst>
      <dst id="6">114.8711</dst>
      <dst id="16">5531.5556</dst>
      <dst id="20">59.9822</dst>
      <dst id="11">47.6889</dst>
      <dst id="9">2157.2178</dst>
      <dst id="17">28706.6133</dst>
      <dst id="21">7117.2711</dst>
      <dst id="15">37.9289</dst>
    </src>
    <src id="23">
      <dst id="12">647.2533</dst>
      <dst id="13">298.4000</dst>
      <dst id="19">105.6356</dst>
      <dst id="8">1.6000</dst>
      <dst id="18">75.4133</dst>
      <dst id="4">11.4222</dst>
      <dst id="1">137.7156</dst>
      <dst id="5">574.4000</dst>
      <dst id="3">1803.0844</dst>
      <dst id="22">301.0489</dst>
      <dst id="7">419.8844</dst>
      <dst id="2">908.7556</dst>
      <dst id="6">3.7333</dst>
      <dst id="16">171.6800</dst>
      <dst id="14">0.7111</dst>
      <dst id="20">57.1733</dst>
      <dst id="11">973.3867</dst>
      <dst id="9">54.7111</dst>
      <dst id="17">1669.9644</dst>
      <dst id="21">684.1156</dst>
      <dst id="15">150.4711</dst>
    </src>
    <src id="8">
      <dst id="12">404761.3067</dst>
      <dst id="13">3877.0844</dst>
      <dst id="19">334.1156</dst>
      <dst id="23">0.3556</dst>
      <dst id="18">274.2044</dst>
      <dst id="4">3357.6089</dst>
      <dst id="1">682.3200</dst>
      <dst id="5">1712.4889</dst>
      <dst id="3">17.7244</dst>
      <dst id="22">4779.4489</dst>
      <dst id="7">109.9911</dst>
      <dst id="2">168214.6222</dst>
      <dst id="6">3.2978</dst>
      <dst id="16">523.4667</dst>
      <dst id="20">539.6711</dst>
      <dst id="11">1255.8400</dst>
      <dst id="9">1482.0356</dst>
      <dst id="17">144057.5911</dst>
      <dst id="21">913.2178</dst>
      <dst id="15">1410.6133</dst>
    </src>
    <src id="18">
      <dst id="12">133103.8844</dst>
      <dst id="13">609.9822</dst>
      <dst id="19">518.0533</dst>
      <dst id="23">2115.6089</dst>
      <dst id="8">152.3556</dst>
      <dst id="4">2474.6311</dst>
      <dst id="1">1093.1644</dst>
      <dst id="5">208.3556</dst>
      <dst id="3">219.0756</dst>
      <dst id="22">315.6889</dst>
      <dst id="7">444.7467</dst>
      <dst id="2">53579.9289</dst>
      <dst id="16">61.3600</dst>
      <dst id="14">5.5467</dst>
      <dst id="20">45.9378</dst>
      <dst id="11">529.4756</dst>
      <dst id="9">622.9156</dst>
      <dst id="17">41321.2356</dst>
      <dst id="21">3932.1333</dst>
      <dst id="15">2.1067</dst>
    </src>
    <src id="4">
      <dst id="12">32935.4667</dst>
      <dst id="19">5445.2800</dst>
      <dst id="23">19.5911</dst>
      <dst id="8">2529.6444</dst>
      <dst id="18">3823.9644</dst>
      <dst id="4">1.0667</dst>
      <dst id="1">25546.8533</dst>
      <dst id="5">1857.5022</dst>
      <dst id="3">3456.7022</dst>
      <dst id="22">7527.9200</dst>
      <dst id="7">150813.9911</dst>
      <dst id="2">98320.8356</dst>
      <dst id="6">40.3022</dst>
      <dst id="16">3690.5867</dst>
      <dst id="14">1084.1067</dst>
      <dst id="20">2555.3067</dst>
      <dst id="11">8849.1378</dst>
      <dst id="9">5459.2356</dst>
      <dst id="17">142170.7911</dst>
      <dst id="21">10832.0978</dst>
      <dst id="15">1888.5956</dst>
    </src>
    <src id="1">
      <dst id="12">27892.1067</dst>
      <dst id="13">1867.4311</dst>
      <dst id="19">1811.8578</dst>
      <dst id="23">82.2044</dst>
      <dst id="8">263084.3644</dst>
      <dst id="18">16872.6667</dst>
      <dst id="4">14902.4444</dst>
      <dst id="1">46982.8800</dst>
      <dst id="5">261285.2711</dst>
      <dst id="3">7374.3733</dst>
      <dst id="22">5543.4933</dst>
      <dst id="7">5704.6667</dst>
      <dst id="2">28104.6844</dst>
      <dst id="6">14193.3511</dst>
      <dst id="16">7296.0356</dst>
      <dst id="14">117.6356</dst>
      <dst id="20">656.8444</dst>
      <dst id="11">3221.3333</dst>
      <dst id="9">345209.8933</dst>
      <dst id="17">8381.6800</dst>
      <dst id="21">4702.5333</dst>
      <dst id="15">3537.6800</dst>
    </src>
    <src id="5">
      <dst id="12">302783.2889</dst>
      <dst id="13">3543.3067</dst>
      <dst id="19">230.0267</dst>
      <dst id="23">36.6222</dst>
      <dst id="8">4842.0711</dst>
      <dst id="18">287.1822</dst>
      <dst id="4">6420.7022</dst>
      <dst id="1">503.2978</dst>
      <dst id="3">45.1822</dst>
      <dst id="22">14041.5200</dst>
      <dst id="7">945.1200</dst>
      <dst id="2">121927.9467</dst>
      <dst id="6">4.8000</dst>
      <dst id="16">1851.9467</dst>
      <dst id="14">32.8267</dst>
      <dst id="20">6042.4978</dst>
      <dst id="11">2458.1778</dst>
      <dst id="9">7323.3333</dst>
      <dst id="17">99508.4533</dst>
      <dst id="21">466.4356</dst>
      <dst id="15">1740.2578</dst>
    </src>
    <src id="3">
      <dst id="12">13367.4400</dst>
      <dst id="13">1108.7200</dst>
      <dst id="19">3504.5689</dst>
      <dst id="23">222.9778</dst>
      <dst id="8">99.3333</dst>
      <dst id="18">178616.3289</dst>
      <dst id="4">30002.5333</dst>
      <dst id="1">16869.5644</dst>
      <dst id="5">1176.4800</dst>
      <dst id="3">20932.4533</dst>
      <dst id="22">1447.6444</dst>
      <dst id="7">3523.0578</dst>
      <dst id="2">7751.0044</dst>
      <dst id="6">29.6444</dst>
      <dst id="16">5142.5422</dst>
      <dst id="14">44674.9867</dst>
      <dst id="20">530.3733</dst>
      <dst id="11">257691.3333</dst>
      <dst id="9">1298.1600</dst>
      <dst id="17">13604.2933</dst>
      <dst id="21">6834.7022</dst>
      <dst id="15">98.9422</dst>
    </src>
    <src id="10">
      <dst id="12">33938.8889</dst>
      <dst id="19">2424.7644</dst>
      <dst id="8">764.3911</dst>
      <dst id="18">2016.8533</dst>
      <dst id="1">3237.5200</dst>
      <dst id="5">796.9333</dst>
      <dst id="3">21530.1956</dst>
      <dst id="22">8200.5511</dst>
      <dst id="7">58618.4178</dst>
      <dst id="2">53901.3422</dst>
      <dst id="6">71.9822</dst>
      <dst id="16">5407.3156</dst>
      <dst id="14">2533.1022</dst>
      <dst id="20">2958.1511</dst>
      <dst id="11">9090.8800</dst>
      <dst id="9">6604.6578</dst>
      <dst id="17">29803.4844</dst>
      <dst id="21">13537.4044</dst>
      <dst id="15">702.3378</dst>
    </src>
    <src id="22">
      <dst id="12">16103.6089</dst>
      <dst id="13">6757.8044</dst>
      <dst id="19">87.7511</dst>
      <dst id="23">431.1822</dst>
      <dst id="8">1661.8756</dst>
      <dst id="18">1009.8222</dst>
      <dst id="4">16079.8489</dst>
      <dst id="1">5342.8978</dst>
      <dst id="5">6130.9778</dst>
      <dst id="3">2332.3111</dst>
      <dst id="7">3684.7467</dst>
      <dst id="2">4840.8267</dst>
      <dst id="6">13.0489</dst>
      <dst id="16">0.4622</dst>
      <dst id="14">95.8044</dst>
      <dst id="11">4463.0400</dst>
      <dst id="9">2547.9289</dst>
      <dst id="17">7958.7289</dst>
      <dst id="21">3539.0667</dst>
    </src>
    <src id="7">
      <dst id="12">8379.7244</dst>
      <dst id="13">485.5022</dst>
      <dst id="19">6615.2889</dst>
      <dst id="23">1774.7911</dst>
      <dst id="8">942.9867</dst>
      <dst id="18">2646.0089</dst>
      <dst id="4">24839.7422</dst>
      <dst id="1">37332.3467</dst>
      <dst id="5">1726.1689</dst>
      <dst id="3">1330.9511</dst>
      <dst id="22">4031.5556</dst>
      <dst id="7">545.8489</dst>
      <dst id="2">17614.1244</dst>
      <dst id="6">189.7422</dst>
      <dst id="16">1351.2089</dst>
      <dst id="14">215.0044</dst>
      <dst id="20">2508.0000</dst>
      <dst id="11">1868.7822</dst>
      <dst id="9">1211.8133</dst>
      <dst id="17">15379.8578</dst>
      <dst id="21">15360.4622</dst>
      <dst id="15">431.5022</dst>
    </src>
    <src id="2">
      <dst id="12">168455.8133</dst>
      <dst id="13">358791.8578</dst>
      <dst id="19">2340.3822</dst>
      <dst id="23">46.6844</dst>
      <dst id="8">988.5778</dst>
      <dst id="18">154346.2844</dst>
      <dst id="4">87406.8533</dst>
      <dst id="1">10224.6222</dst>
      <dst id="5">4301.6356</dst>
      <dst id="3">863.9556</dst>
      <dst id="22">3900.2844</dst>
      <dst id="7">18391.6889</dst>
      <dst id="2">923.2000</dst>
      <dst id="6">11446.1600</dst>
      <dst id="16">2403.3422</dst>
      <dst id="14">6048.8889</dst>
      <dst id="20">9642.2756</dst>
      <dst id="11">11291.2089</dst>
      <dst id="9">2464.7022</dst>
      <dst id="17">135741.4844</dst>
      <dst id="21">8665.5733</dst>
      <dst id="15">654.8622</dst>
    </src>
    <src id="6">
      <dst id="12">12354.4000</dst>
      <dst id="13">38.2933</dst>
      <dst id="19">31.6978</dst>
      <dst id="8">18.4178</dst>
      <dst id="18">18.0089</dst>
      <dst id="4">106.4356</dst>
      <dst id="1">52.0533</dst>
      <dst id="5">12.4622</dst>
      <dst id="3">36.9778</dst>
      <dst id="22">13.1289</dst>
      <dst id="7">143.9022</dst>
      <dst id="2">3031.9556</dst>
      <dst id="16">43.3689</dst>
      <dst id="20">2.7911</dst>
      <dst id="11">36.7911</dst>
      <dst id="9">16.2489</dst>
      <dst id="17">2642.7289</dst>
      <dst id="21">41.2622</dst>
    </src>
    <src id="16">
      <dst id="12">6629.8400</dst>
      <dst id="13">702.0356</dst>
      <dst id="19">3319.3600</dst>
      <dst id="23">377.8044</dst>
      <dst id="8">7057.5644</dst>
      <dst id="18">88.2222</dst>
      <dst id="4">7928.6578</dst>
      <dst id="1">19620.0889</dst>
      <dst id="5">8477.7956</dst>
      <dst id="3">46.0178</dst>
      <dst id="7">2853.9911</dst>
      <dst id="2">1145.5822</dst>
      <dst id="6">1.1378</dst>
      <dst id="16">45.0756</dst>
      <dst id="14">280.2133</dst>
      <dst id="11">623.5378</dst>
      <dst id="9">8881.1378</dst>
      <dst id="17">7408.9067</dst>
      <dst id="21">749.9556</dst>
    </src>
    <src id="14">
      <dst id="12">17474.1778</dst>
      <dst id="13">87.4667</dst>
      <dst id="19">55.4489</dst>
      <dst id="23">12.6222</dst>
      <dst id="18">7.3956</dst>
      <dst id="4">1811.1111</dst>
      <dst id="1">51.0578</dst>
      <dst id="5">29.7244</dst>
      <dst id="3">85.8489</dst>
      <dst id="22">838.7111</dst>
      <dst id="7">61.6444</dst>
      <dst id="2">6008.9778</dst>
      <dst id="16">51.6000</dst>
      <dst id="20">0.3556</dst>
      <dst id="11">56.1689</dst>
      <dst id="9">15.4400</dst>
      <dst id="17">8484.5511</dst>
      <dst id="21">112.7200</dst>
    </src>
    <src id="20">
      <dst id="12">8835.7333</dst>
      <dst id="13">964.4533</dst>
      <dst id="19">17.5822</dst>
      <dst id="23">233.5644</dst>
      <dst id="8">749.6444</dst>
      <dst id="18">35.5289</dst>
      <dst id="4">8413.0667</dst>
      <dst id="1">1527.2267</dst>
      <dst id="5">4264.5600</dst>
      <dst id="3">3457.0044</dst>
      <dst id="22">13.3333</dst>
      <dst id="7">1152.5333</dst>
      <dst id="2">3634.3022</dst>
      <dst id="11">4440.5333</dst>
      <dst id="9">5517.2444</dst>
      <dst id="17">5639.8311</dst>
      <dst id="21">2938.9867</dst>
    </src>
    <src id="11">
      <dst id="12">447185.0133</dst>
      <dst id="13">5344.6400</dst>
      <dst id="19">139.5822</dst>
      <dst id="23">173.6711</dst>
      <dst id="8">1900.9244</dst>
      <dst id="18">250.5067</dst>
      <dst id="4">12751.5556</dst>
      <dst id="1">776.4444</dst>
      <dst id="5">6286.4800</dst>
      <dst id="3">1747.7244</dst>
      <dst id="22">2388.6044</dst>
      <dst id="7">1821.8667</dst>
      <dst id="2">167835.7600</dst>
      <dst id="6">37.4489</dst>
      <dst id="16">516.2933</dst>
      <dst id="14">151.9822</dst>
      <dst id="20">1785.0044</dst>
      <dst id="11">4642.1956</dst>
      <dst id="9">2072.5156</dst>
      <dst id="17">162724.5067</dst>
      <dst id="21">2198.5956</dst>
      <dst id="15">452.9333</dst>
    </src>
    <src id="9">
      <dst id="12">494938.0622</dst>
      <dst id="13">2150.5511</dst>
      <dst id="19">125.4756</dst>
      <dst id="23">2.9511</dst>
      <dst id="8">3327.0933</dst>
      <dst id="18">330.7733</dst>
      <dst id="4">9277.0133</dst>
      <dst id="1">1213.5822</dst>
      <dst id="5">2244.7200</dst>
      <dst id="3">53.5022</dst>
      <dst id="22">2047.5378</dst>
      <dst id="7">986.8711</dst>
      <dst id="2">177933.7333</dst>
      <dst id="6">2.2133</dst>
      <dst id="16">1048.8267</dst>
      <dst id="14">1.3067</dst>
      <dst id="20">13079.6978</dst>
      <dst id="11">2362.3111</dst>
      <dst id="9">12449.3600</dst>
      <dst id="17">181382.9067</dst>
      <dst id="21">949.5822</dst>
      <dst id="15">13007.4667</dst>
    </src>
    <src id="17">
      <dst id="12">20924.7467</dst>
      <dst id="13">16161.6978</dst>
      <dst id="19">868.6756</dst>
      <dst id="23">931.6533</dst>
      <dst id="8">264253.7511</dst>
      <dst id="18">2332.6222</dst>
      <dst id="4">64569.4578</dst>
      <dst id="1">5173.2267</dst>
      <dst id="5">239712.2667</dst>
      <dst id="3">21081.5378</dst>
      <dst id="22">19826.9244</dst>
      <dst id="7">21075.4489</dst>
      <dst id="2">43325.9911</dst>
      <dst id="6">434.5333</dst>
      <dst id="16">17206.4267</dst>
      <dst id="14">38504.7200</dst>
      <dst id="20">1260.3822</dst>
      <dst id="11">223380.8889</dst>
      <dst id="9">290134.8711</dst>
      <dst id="17">1764.4622</dst>
      <dst id="21">17450.0000</dst>
      <dst id="15">294.8889</dst>
    </src>
    <src id="21">
      <dst id="12">21393.4489</dst>
      <dst id="13">2181.6533</dst>
      <dst id="19">834.3200</dst>
      <dst id="23">178.3467</dst>
      <dst id="8">838.6400</dst>
      <dst id="18">2884.0178</dst>
      <dst id="4">18254.7022</dst>
      <dst id="1">7841.8844</dst>
      <dst id="5">391.7156</dst>
      <dst id="3">4323.7156</dst>
      <dst id="22">1953.2800</dst>
      <dst id="7">2651.6089</dst>
      <dst id="2">15784.9511</dst>
      <dst id="6">6.4622</dst>
      <dst id="16">572.6667</dst>
      <dst id="14">60.9156</dst>
      <dst id="20">482.0533</dst>
      <dst id="11">3572.1422</dst>
      <dst id="9">567.7689</dst>
      <dst id="17">7141.6356</dst>
      <dst id="21">2479.1378</dst>
      <dst id="15">191.1378</dst>
    </src>
    <src id="15">
      <dst id="12">2696.2756</dst>
      <dst id="13">1036.8000</dst>
      <dst id="19">2260.8533</dst>
      <dst id="23">4.5778</dst>
      <dst id="8">7606.0356</dst>
      <dst id="18">28.4711</dst>
      <dst id="4">2139.1911</dst>
      <dst id="1">1194.4178</dst>
      <dst id="5">203.9556</dst>
      <dst id="3">98.3022</dst>
      <dst id="7">286.4533</dst>
      <dst id="2">687.5911</dst>
      <dst id="14">5.2622</dst>
      <dst id="11">488.4089</dst>
      <dst id="9">3244.4711</dst>
      <dst id="17">287.9556</dst>
      <dst id="21">1831.0844</dst>
    </src>
  </IntraTM>
</TrafficMatrixFile>
