<?xml version="1.0" encoding="UTF-8" standalone="yes"?>
<TrafficMatrixFile xmlns:xsi="http://www.w3.org/2001/XMLSchema-instance" xsi:noNamespaceSchemaLocation="http://totem.run.montefiore.ulg.ac.be/Schema/TrafficMatrix-v1_2.xsd">
  <info>
    <title>Intradomain traffic matrix generated by geant-TM-all.pl</title>
    <date>2005-01-03T21:30:00</date>
    <duration>900</duration>
    <author>Steve Uhlig</author>
    <units>
        <unit type="bandwidth" value="kbps"/>
    </units>
  </info>
  <IntraTM ASID="20965">
    <src id="12">
      <dst id="12">263669.6089</dst>
      <dst id="13">20421.2356</dst>
      <dst id="19">2305.9644</dst>
      <dst id="23">42.8089</dst>
      <dst id="8">2026.2667</dst>
      <dst id="18">1565.1644</dst>
      <dst id="4">59145.2889</dst>
      <dst id="1">7955.9200</dst>
      <dst id="5">5959.3867</dst>
      <dst id="3">3712.9333</dst>
      <dst id="22">10710.0178</dst>
      <dst id="7">1372.3111</dst>
      <dst id="2">94641.1022</dst>
      <dst id="6">4.8178</dst>
      <dst id="16">9853.1378</dst>
      <dst id="14">1911.4933</dst>
      <dst id="20">14144.2844</dst>
      <dst id="11">6694.6222</dst>
      <dst id="9">5684.7111</dst>
      <dst id="17">90951.1644</dst>
      <dst id="21">10786.6844</dst>
      <dst id="15">5472.7556</dst>
    </src>
    <src id="13">
      <dst id="12">57606.5333</dst>
      <dst id="19">7088.7733</dst>
      <dst id="23">583.6711</dst>
      <dst id="8">2275.2089</dst>
      <dst id="18">2985.5556</dst>
      <dst id="1">3017.9733</dst>
      <dst id="5">8274.8178</dst>
      <dst id="3">7842.9867</dst>
      <dst id="22">21572.6578</dst>
      <dst id="7">8944.5689</dst>
      <dst id="2">70341.5556</dst>
      <dst id="6">61.7511</dst>
      <dst id="16">29409.0044</dst>
      <dst id="14">1729.9289</dst>
      <dst id="20">7968.9867</dst>
      <dst id="11">12526.4711</dst>
      <dst id="9">14589.6267</dst>
      <dst id="17">129957.4844</dst>
      <dst id="21">13359.3689</dst>
      <dst id="15">25910.0533</dst>
    </src>
    <src id="19">
      <dst id="12">16212.0000</dst>
      <dst id="13">6850.4622</dst>
      <dst id="23">139.1289</dst>
      <dst id="8">14.1689</dst>
      <dst id="18">0.5333</dst>
      <dst id="4">16887.0756</dst>
      <dst id="1">700.5067</dst>
      <dst id="5">47.5644</dst>
      <dst id="3">27.7333</dst>
      <dst id="22">195.5556</dst>
      <dst id="7">3126.4711</dst>
      <dst id="2">172.1067</dst>
      <dst id="6">28.7644</dst>
      <dst id="16">7419.9556</dst>
      <dst id="20">31.1822</dst>
      <dst id="11">164.5956</dst>
      <dst id="9">118.9422</dst>
      <dst id="17">243.7778</dst>
      <dst id="21">706.1067</dst>
      <dst id="15">230.6844</dst>
    </src>
    <src id="23">
      <dst id="12">434.1156</dst>
      <dst id="13">79.9111</dst>
      <dst id="19">3.1822</dst>
      <dst id="8">47.4311</dst>
      <dst id="18">0.9956</dst>
      <dst id="1">34.5956</dst>
      <dst id="5">114.4089</dst>
      <dst id="3">76.1333</dst>
      <dst id="22">225.1911</dst>
      <dst id="7">58.9600</dst>
      <dst id="2">4.8978</dst>
      <dst id="16">170.6044</dst>
      <dst id="20">46.9333</dst>
      <dst id="9">997.7867</dst>
      <dst id="17">166.3467</dst>
      <dst id="21">88.0533</dst>
      <dst id="15">107.0044</dst>
    </src>
    <src id="8">
      <dst id="12">311262.0889</dst>
      <dst id="13">813.5378</dst>
      <dst id="19">13.3333</dst>
      <dst id="23">0.5867</dst>
      <dst id="4">3475.0578</dst>
      <dst id="1">96.0533</dst>
      <dst id="5">2628.1867</dst>
      <dst id="3">37.0667</dst>
      <dst id="22">1386.3111</dst>
      <dst id="7">9.6889</dst>
      <dst id="2">119601.9378</dst>
      <dst id="6">0.4178</dst>
      <dst id="16">455.1822</dst>
      <dst id="14">0.4178</dst>
      <dst id="20">111.1911</dst>
      <dst id="11">2128.1244</dst>
      <dst id="9">1605.7156</dst>
      <dst id="17">112774.4444</dst>
      <dst id="21">150.5600</dst>
      <dst id="15">3763.8222</dst>
    </src>
    <src id="18">
      <dst id="12">110104.5867</dst>
      <dst id="13">625.5911</dst>
      <dst id="19">40.3556</dst>
      <dst id="23">0.9600</dst>
      <dst id="4">1157.2978</dst>
      <dst id="1">1093.3067</dst>
      <dst id="5">84.6667</dst>
      <dst id="3">42.5956</dst>
      <dst id="22">406.6578</dst>
      <dst id="7">39.2533</dst>
      <dst id="2">31771.0400</dst>
      <dst id="16">8.6933</dst>
      <dst id="20">40.7111</dst>
      <dst id="11">263.4222</dst>
      <dst id="9">3.3244</dst>
      <dst id="17">31999.0133</dst>
      <dst id="21">746.6133</dst>
      <dst id="15">0.5956</dst>
    </src>
    <src id="4">
      <dst id="12">17779.2356</dst>
      <dst id="19">14830.0711</dst>
      <dst id="8">1997.0844</dst>
      <dst id="18">598.5156</dst>
      <dst id="4">2.1156</dst>
      <dst id="1">107054.5244</dst>
      <dst id="5">1304.4533</dst>
      <dst id="3">3119.7511</dst>
      <dst id="22">6101.9467</dst>
      <dst id="7">133044.2844</dst>
      <dst id="2">73047.5022</dst>
      <dst id="6">44.7911</dst>
      <dst id="16">1608.5867</dst>
      <dst id="14">1098.3644</dst>
      <dst id="20">721.2089</dst>
      <dst id="11">6932.8178</dst>
      <dst id="9">2528.4356</dst>
      <dst id="17">98055.8400</dst>
      <dst id="21">8239.6356</dst>
      <dst id="15">774.0444</dst>
    </src>
    <src id="1">
      <dst id="12">19250.6044</dst>
      <dst id="13">565.1111</dst>
      <dst id="19">28.5333</dst>
      <dst id="23">30.9244</dst>
      <dst id="8">119167.8044</dst>
      <dst id="18">14711.1200</dst>
      <dst id="4">3415.3778</dst>
      <dst id="1">11124.3911</dst>
      <dst id="5">208659.9111</dst>
      <dst id="3">111.4578</dst>
      <dst id="22">3289.7511</dst>
      <dst id="7">3830.3733</dst>
      <dst id="2">2096.4978</dst>
      <dst id="6">8858.6044</dst>
      <dst id="16">12312.7200</dst>
      <dst id="14">48.4444</dst>
      <dst id="20">65.1022</dst>
      <dst id="11">367.3244</dst>
      <dst id="9">213765.1467</dst>
      <dst id="17">1037.0578</dst>
      <dst id="21">3825.8578</dst>
      <dst id="15">165.0667</dst>
    </src>
    <src id="5">
      <dst id="12">319840.5511</dst>
      <dst id="13">11227.2533</dst>
      <dst id="19">147.9733</dst>
      <dst id="23">41.8489</dst>
      <dst id="8">2243.5111</dst>
      <dst id="18">141.2089</dst>
      <dst id="4">6677.9467</dst>
      <dst id="1">331.5378</dst>
      <dst id="3">19.7156</dst>
      <dst id="22">11176.3378</dst>
      <dst id="7">444.0356</dst>
      <dst id="2">125205.8844</dst>
      <dst id="6">20.7733</dst>
      <dst id="16">593.7689</dst>
      <dst id="14">52.9333</dst>
      <dst id="20">11674.9956</dst>
      <dst id="11">4550.7289</dst>
      <dst id="9">1316.6756</dst>
      <dst id="17">121389.2444</dst>
      <dst id="21">359.0044</dst>
      <dst id="15">138.0622</dst>
    </src>
    <src id="3">
      <dst id="12">13320.0267</dst>
      <dst id="13">330.5600</dst>
      <dst id="19">1191.1467</dst>
      <dst id="23">1742.4356</dst>
      <dst id="8">13.1911</dst>
      <dst id="18">75023.9022</dst>
      <dst id="4">37160.0800</dst>
      <dst id="1">9961.9733</dst>
      <dst id="5">391.1911</dst>
      <dst id="3">17981.9378</dst>
      <dst id="22">750.9867</dst>
      <dst id="7">3124.4267</dst>
      <dst id="2">4973.1022</dst>
      <dst id="6">1.0400</dst>
      <dst id="16">737.4133</dst>
      <dst id="14">31696.4178</dst>
      <dst id="20">120.4533</dst>
      <dst id="11">132492.6222</dst>
      <dst id="9">140.6489</dst>
      <dst id="17">4764.3911</dst>
      <dst id="21">13270.7467</dst>
      <dst id="15">653.4756</dst>
    </src>
    <src id="10">
      <dst id="12">17455.9644</dst>
      <dst id="19">1048.4178</dst>
      <dst id="8">542.3733</dst>
      <dst id="18">3986.0267</dst>
      <dst id="1">1976.9422</dst>
      <dst id="5">816.1956</dst>
      <dst id="3">6006.8444</dst>
      <dst id="22">9014.8000</dst>
      <dst id="7">6165.3689</dst>
      <dst id="2">18135.0311</dst>
      <dst id="6">169.8933</dst>
      <dst id="16">3103.0400</dst>
      <dst id="14">812.0000</dst>
      <dst id="20">14366.4178</dst>
      <dst id="11">6758.3200</dst>
      <dst id="9">4380.8178</dst>
      <dst id="17">18677.7689</dst>
      <dst id="21">7480.5867</dst>
      <dst id="15">362.7289</dst>
    </src>
    <src id="22">
      <dst id="12">9003.7067</dst>
      <dst id="13">6132.8711</dst>
      <dst id="19">202.2667</dst>
      <dst id="23">2061.6889</dst>
      <dst id="8">870.0356</dst>
      <dst id="18">157.1822</dst>
      <dst id="4">16251.6800</dst>
      <dst id="1">611.0222</dst>
      <dst id="5">2809.0489</dst>
      <dst id="3">577.5911</dst>
      <dst id="7">652.2933</dst>
      <dst id="2">2983.5022</dst>
      <dst id="6">1.4400</dst>
      <dst id="16">5.3511</dst>
      <dst id="14">133.3867</dst>
      <dst id="11">2107.5378</dst>
      <dst id="9">3317.4311</dst>
      <dst id="17">7812.2400</dst>
      <dst id="21">1775.1467</dst>
    </src>
    <src id="7">
      <dst id="12">6009.2178</dst>
      <dst id="13">291.0844</dst>
      <dst id="19">270.8089</dst>
      <dst id="23">94.0000</dst>
      <dst id="8">202.2400</dst>
      <dst id="18">83.7867</dst>
      <dst id="4">20080.9511</dst>
      <dst id="1">6047.5733</dst>
      <dst id="5">1644.7733</dst>
      <dst id="3">840.8978</dst>
      <dst id="22">4474.2489</dst>
      <dst id="7">808.6756</dst>
      <dst id="2">7398.7467</dst>
      <dst id="6">67.9111</dst>
      <dst id="16">431.3956</dst>
      <dst id="14">32.8533</dst>
      <dst id="20">1139.1111</dst>
      <dst id="11">750.1867</dst>
      <dst id="9">1062.6489</dst>
      <dst id="17">10743.3511</dst>
      <dst id="21">3194.4711</dst>
      <dst id="15">1155.6089</dst>
    </src>
    <src id="2">
      <dst id="12">134298.8533</dst>
      <dst id="13">504782.2044</dst>
      <dst id="19">123.6800</dst>
      <dst id="23">10.8533</dst>
      <dst id="8">961.6533</dst>
      <dst id="18">54331.6444</dst>
      <dst id="4">59462.7378</dst>
      <dst id="1">6564.2222</dst>
      <dst id="5">1342.1244</dst>
      <dst id="3">71.8133</dst>
      <dst id="22">5959.5733</dst>
      <dst id="7">2221.6444</dst>
      <dst id="2">930.7822</dst>
      <dst id="6">8222.4356</dst>
      <dst id="16">4778.2400</dst>
      <dst id="14">5578.8178</dst>
      <dst id="20">669.3244</dst>
      <dst id="11">6280.2756</dst>
      <dst id="9">453.9556</dst>
      <dst id="17">18633.4844</dst>
      <dst id="21">8521.6711</dst>
      <dst id="15">606.9067</dst>
    </src>
    <src id="6">
      <dst id="12">11196.7467</dst>
      <dst id="13">5.2533</dst>
      <dst id="19">3.4044</dst>
      <dst id="8">0.7733</dst>
      <dst id="18">0.4978</dst>
      <dst id="4">1048.1867</dst>
      <dst id="1">15.0133</dst>
      <dst id="5">11.1022</dst>
      <dst id="3">60.2044</dst>
      <dst id="22">37.7956</dst>
      <dst id="7">2.2756</dst>
      <dst id="2">2922.0889</dst>
      <dst id="16">13.5022</dst>
      <dst id="11">0.6933</dst>
      <dst id="17">1423.1556</dst>
      <dst id="21">1.2267</dst>
    </src>
    <src id="16">
      <dst id="12">4027.0667</dst>
      <dst id="13">479.3956</dst>
      <dst id="19">4950.3467</dst>
      <dst id="23">61.6800</dst>
      <dst id="8">3590.4800</dst>
      <dst id="18">18.4178</dst>
      <dst id="4">4285.0578</dst>
      <dst id="1">22444.1333</dst>
      <dst id="5">2822.4444</dst>
      <dst id="3">66.3022</dst>
      <dst id="7">248.8978</dst>
      <dst id="2">1166.3289</dst>
      <dst id="6">13.0044</dst>
      <dst id="16">54.3378</dst>
      <dst id="14">620.0889</dst>
      <dst id="11">565.6356</dst>
      <dst id="9">4386.4267</dst>
      <dst id="17">1407.9556</dst>
      <dst id="21">2917.3600</dst>
    </src>
    <src id="14">
      <dst id="12">18002.5156</dst>
      <dst id="13">57.6889</dst>
      <dst id="19">7.3600</dst>
      <dst id="23">0.3556</dst>
      <dst id="8">0.5600</dst>
      <dst id="18">5.0222</dst>
      <dst id="4">2000.5511</dst>
      <dst id="1">101.9022</dst>
      <dst id="5">37.0222</dst>
      <dst id="3">70.3111</dst>
      <dst id="22">17.8311</dst>
      <dst id="7">103.1822</dst>
      <dst id="2">4842.8444</dst>
      <dst id="16">14.3644</dst>
      <dst id="20">45.4311</dst>
      <dst id="11">100.5689</dst>
      <dst id="9">90.3467</dst>
      <dst id="17">5606.9333</dst>
      <dst id="21">83.7244</dst>
      <dst id="15">1.5822</dst>
    </src>
    <src id="20">
      <dst id="12">3818.3111</dst>
      <dst id="13">1787.1733</dst>
      <dst id="19">245.3778</dst>
      <dst id="23">33.7156</dst>
      <dst id="8">325.4400</dst>
      <dst id="18">48.2933</dst>
      <dst id="4">6930.1956</dst>
      <dst id="1">156.0178</dst>
      <dst id="5">1077.7778</dst>
      <dst id="3">125.0044</dst>
      <dst id="7">1444.8978</dst>
      <dst id="2">724.2844</dst>
      <dst id="6">0.4178</dst>
      <dst id="14">761.2711</dst>
      <dst id="11">1063.1111</dst>
      <dst id="9">5173.1467</dst>
      <dst id="17">831.5111</dst>
      <dst id="21">354.5333</dst>
    </src>
    <src id="11">
      <dst id="12">375043.4933</dst>
      <dst id="13">3995.6711</dst>
      <dst id="19">20.7200</dst>
      <dst id="23">1.4400</dst>
      <dst id="8">672.8000</dst>
      <dst id="18">54.3022</dst>
      <dst id="4">6449.4578</dst>
      <dst id="1">429.9556</dst>
      <dst id="5">1212.6578</dst>
      <dst id="3">410.1156</dst>
      <dst id="22">3563.3956</dst>
      <dst id="7">1067.1644</dst>
      <dst id="2">149612.0178</dst>
      <dst id="6">0.3911</dst>
      <dst id="16">227.7689</dst>
      <dst id="14">230.6667</dst>
      <dst id="20">1054.3111</dst>
      <dst id="11">1809.6889</dst>
      <dst id="9">1114.8267</dst>
      <dst id="17">160179.0667</dst>
      <dst id="21">9657.2800</dst>
      <dst id="15">51.6000</dst>
    </src>
    <src id="9">
      <dst id="12">411833.5644</dst>
      <dst id="13">3291.5733</dst>
      <dst id="19">120.8711</dst>
      <dst id="23">63.2267</dst>
      <dst id="8">2947.1644</dst>
      <dst id="18">35.8044</dst>
      <dst id="4">5808.6578</dst>
      <dst id="1">1973.5378</dst>
      <dst id="5">1296.5778</dst>
      <dst id="3">0.7822</dst>
      <dst id="22">3046.3644</dst>
      <dst id="7">274.2400</dst>
      <dst id="2">140026.0800</dst>
      <dst id="6">0.4978</dst>
      <dst id="16">475.7689</dst>
      <dst id="14">70.1244</dst>
      <dst id="20">3415.7156</dst>
      <dst id="11">1596.4356</dst>
      <dst id="9">1683.2533</dst>
      <dst id="17">209995.2711</dst>
      <dst id="21">4200.3556</dst>
      <dst id="15">1772.3378</dst>
    </src>
    <src id="17">
      <dst id="12">8863.5289</dst>
      <dst id="13">4336.8800</dst>
      <dst id="19">75.0044</dst>
      <dst id="23">146.1511</dst>
      <dst id="8">134581.7244</dst>
      <dst id="18">187.3067</dst>
      <dst id="4">42846.8267</dst>
      <dst id="1">564.7556</dst>
      <dst id="5">210388.3911</dst>
      <dst id="3">8571.0756</dst>
      <dst id="22">9635.3333</dst>
      <dst id="7">20378.7289</dst>
      <dst id="2">17920.9867</dst>
      <dst id="6">6.7200</dst>
      <dst id="16">6945.5556</dst>
      <dst id="14">22980.0178</dst>
      <dst id="20">2128.9067</dst>
      <dst id="11">106209.9289</dst>
      <dst id="9">214059.0133</dst>
      <dst id="17">1847.4756</dst>
      <dst id="21">12722.0267</dst>
      <dst id="15">65.9022</dst>
    </src>
    <src id="21">
      <dst id="12">24690.0711</dst>
      <dst id="13">279.9556</dst>
      <dst id="19">243.7778</dst>
      <dst id="23">3.5378</dst>
      <dst id="8">191.9289</dst>
      <dst id="18">319.2711</dst>
      <dst id="4">13383.3156</dst>
      <dst id="1">777.5556</dst>
      <dst id="5">731.8756</dst>
      <dst id="3">699.0400</dst>
      <dst id="22">2679.0400</dst>
      <dst id="7">691.2267</dst>
      <dst id="2">14361.7067</dst>
      <dst id="6">18.8000</dst>
      <dst id="16">212.2489</dst>
      <dst id="14">155.1822</dst>
      <dst id="20">284.7111</dst>
      <dst id="11">3800.2844</dst>
      <dst id="9">985.2356</dst>
      <dst id="17">6679.2089</dst>
      <dst id="21">862.3378</dst>
      <dst id="15">23.5022</dst>
    </src>
    <src id="15">
      <dst id="12">4368.3289</dst>
      <dst id="13">644.5422</dst>
      <dst id="19">21.5289</dst>
      <dst id="23">5.3600</dst>
      <dst id="8">67.0311</dst>
      <dst id="18">0.3378</dst>
      <dst id="4">2371.9733</dst>
      <dst id="1">998.2844</dst>
      <dst id="5">14.1067</dst>
      <dst id="3">3.6356</dst>
      <dst id="7">179.3778</dst>
      <dst id="2">114.5956</dst>
      <dst id="6">0.3556</dst>
      <dst id="14">44.1244</dst>
      <dst id="11">39.2711</dst>
      <dst id="9">766.7378</dst>
      <dst id="17">1515.5644</dst>
      <dst id="21">597.5022</dst>
    </src>
  </IntraTM>
</TrafficMatrixFile>
