<?xml version="1.0" encoding="UTF-8" standalone="yes"?>
<TrafficMatrixFile xmlns:xsi="http://www.w3.org/2001/XMLSchema-instance" xsi:noNamespaceSchemaLocation="http://totem.run.montefiore.ulg.ac.be/Schema/TrafficMatrix-v1_2.xsd">
  <info>
    <title>Intradomain traffic matrix generated by geant-TM-all.pl</title>
    <date>2005-01-04T14:15:00</date>
    <duration>900</duration>
    <author>Steve Uhlig</author>
    <units>
        <unit type="bandwidth" value="kbps"/>
    </units>
  </info>
  <IntraTM ASID="20965">
    <src id="12">
      <dst id="12">174331.3778</dst>
      <dst id="13">13500.4800</dst>
      <dst id="19">2790.0356</dst>
      <dst id="23">21.6178</dst>
      <dst id="8">848.1244</dst>
      <dst id="18">452.9956</dst>
      <dst id="4">55893.0578</dst>
      <dst id="1">18766.3644</dst>
      <dst id="5">1192.4800</dst>
      <dst id="3">3254.9867</dst>
      <dst id="22">2063.2800</dst>
      <dst id="7">22430.9067</dst>
      <dst id="2">59812.9156</dst>
      <dst id="6">4.7200</dst>
      <dst id="16">10590.8267</dst>
      <dst id="14">240.1422</dst>
      <dst id="20">4056.7556</dst>
      <dst id="11">3662.3022</dst>
      <dst id="9">2626.8889</dst>
      <dst id="17">59774.6311</dst>
      <dst id="21">4182.9333</dst>
      <dst id="15">415.9378</dst>
    </src>
    <src id="13">
      <dst id="12">29680.1689</dst>
      <dst id="19">4370.7022</dst>
      <dst id="23">9.9556</dst>
      <dst id="8">2957.5911</dst>
      <dst id="18">2744.3556</dst>
      <dst id="1">1278.2933</dst>
      <dst id="5">4396.3022</dst>
      <dst id="3">4700.9867</dst>
      <dst id="22">12064.7822</dst>
      <dst id="7">5027.8933</dst>
      <dst id="2">58075.4489</dst>
      <dst id="6">115.4667</dst>
      <dst id="16">10488.4356</dst>
      <dst id="14">3031.6000</dst>
      <dst id="20">7811.8044</dst>
      <dst id="11">5072.9689</dst>
      <dst id="9">6125.6356</dst>
      <dst id="17">25989.6356</dst>
      <dst id="21">9567.8489</dst>
      <dst id="15">336.8533</dst>
    </src>
    <src id="19">
      <dst id="12">16208.4889</dst>
      <dst id="13">159.9822</dst>
      <dst id="23">0.4622</dst>
      <dst id="4">21479.8578</dst>
      <dst id="1">1158.2756</dst>
      <dst id="5">40.7644</dst>
      <dst id="3">1.8933</dst>
      <dst id="22">164.8000</dst>
      <dst id="7">2904.7644</dst>
      <dst id="2">25.4400</dst>
      <dst id="6">13.3333</dst>
      <dst id="16">7670.6756</dst>
      <dst id="14">0.9244</dst>
      <dst id="20">2.2756</dst>
      <dst id="11">3.0756</dst>
      <dst id="9">5413.0844</dst>
      <dst id="17">27.6356</dst>
      <dst id="21">123.2622</dst>
    </src>
    <src id="23">
      <dst id="12">108.7200</dst>
      <dst id="13">43.8311</dst>
      <dst id="19">12.6222</dst>
      <dst id="18">25.7067</dst>
      <dst id="4">64.2667</dst>
      <dst id="1">101.3422</dst>
      <dst id="3">185.2889</dst>
      <dst id="22">26.2222</dst>
      <dst id="7">54.8444</dst>
      <dst id="2">19.2267</dst>
      <dst id="16">3.5022</dst>
      <dst id="14">0.3556</dst>
      <dst id="11">12.6222</dst>
      <dst id="9">538.5244</dst>
      <dst id="17">31.5822</dst>
      <dst id="21">197.7867</dst>
    </src>
    <src id="8">
      <dst id="12">242593.3600</dst>
      <dst id="13">448.5867</dst>
      <dst id="18">1.8844</dst>
      <dst id="4">6287.2444</dst>
      <dst id="1">2769.2711</dst>
      <dst id="5">729.4578</dst>
      <dst id="3">78.2311</dst>
      <dst id="22">442.0356</dst>
      <dst id="7">851.9467</dst>
      <dst id="2">81596.6311</dst>
      <dst id="6">13.2622</dst>
      <dst id="16">26.5778</dst>
      <dst id="14">13.3333</dst>
      <dst id="20">16.8267</dst>
      <dst id="11">75.9200</dst>
      <dst id="9">291.0578</dst>
      <dst id="17">87144.1600</dst>
      <dst id="21">142.0711</dst>
      <dst id="15">57.3244</dst>
    </src>
    <src id="18">
      <dst id="12">98470.6844</dst>
      <dst id="13">82.6311</dst>
      <dst id="23">0.3556</dst>
      <dst id="8">19.2978</dst>
      <dst id="4">2948.4889</dst>
      <dst id="1">1172.9689</dst>
      <dst id="5">31.3600</dst>
      <dst id="3">80.8178</dst>
      <dst id="22">86.8622</dst>
      <dst id="7">83.0844</dst>
      <dst id="2">22538.1689</dst>
      <dst id="16">21.2889</dst>
      <dst id="14">0.3467</dst>
      <dst id="20">6.8267</dst>
      <dst id="11">112.7822</dst>
      <dst id="9">317.6889</dst>
      <dst id="17">33022.1956</dst>
      <dst id="21">48.1244</dst>
      <dst id="15">2.2400</dst>
    </src>
    <src id="4">
      <dst id="12">8455.2267</dst>
      <dst id="19">15438.5689</dst>
      <dst id="23">2.7733</dst>
      <dst id="8">2956.1511</dst>
      <dst id="18">2181.6267</dst>
      <dst id="1">20155.5289</dst>
      <dst id="5">1187.4489</dst>
      <dst id="3">573.1111</dst>
      <dst id="22">2027.8044</dst>
      <dst id="7">125798.0000</dst>
      <dst id="2">74040.2933</dst>
      <dst id="6">102.1511</dst>
      <dst id="16">409.9378</dst>
      <dst id="14">476.7200</dst>
      <dst id="20">138.0533</dst>
      <dst id="11">2717.4933</dst>
      <dst id="9">2359.9200</dst>
      <dst id="17">11847.9111</dst>
      <dst id="21">4593.3422</dst>
      <dst id="15">320.3022</dst>
    </src>
    <src id="1">
      <dst id="12">15465.3600</dst>
      <dst id="13">631.8489</dst>
      <dst id="19">191.8933</dst>
      <dst id="23">18.7467</dst>
      <dst id="8">52405.4578</dst>
      <dst id="18">12783.6800</dst>
      <dst id="4">7195.3867</dst>
      <dst id="1">3982.2844</dst>
      <dst id="5">117124.6933</dst>
      <dst id="3">255.9644</dst>
      <dst id="22">636.8533</dst>
      <dst id="7">20017.8400</dst>
      <dst id="2">1456.7644</dst>
      <dst id="6">4216.0711</dst>
      <dst id="16">13447.4311</dst>
      <dst id="14">79.8667</dst>
      <dst id="20">66.9689</dst>
      <dst id="11">190.4267</dst>
      <dst id="9">107577.8667</dst>
      <dst id="17">3353.9378</dst>
      <dst id="21">1695.8844</dst>
      <dst id="15">84.2578</dst>
    </src>
    <src id="5">
      <dst id="12">199231.4844</dst>
      <dst id="13">308.8889</dst>
      <dst id="19">65.3156</dst>
      <dst id="23">0.9244</dst>
      <dst id="8">165.4133</dst>
      <dst id="18">357.2178</dst>
      <dst id="4">9048.9422</dst>
      <dst id="1">1928.1333</dst>
      <dst id="3">11.8489</dst>
      <dst id="22">4283.2978</dst>
      <dst id="7">127.2178</dst>
      <dst id="2">73259.1200</dst>
      <dst id="6">23.8222</dst>
      <dst id="16">381.7600</dst>
      <dst id="14">10.6667</dst>
      <dst id="20">116.2756</dst>
      <dst id="11">317.8044</dst>
      <dst id="9">1007.7689</dst>
      <dst id="17">95998.8711</dst>
      <dst id="21">304.5244</dst>
      <dst id="15">156.6044</dst>
    </src>
    <src id="3">
      <dst id="12">4089.3067</dst>
      <dst id="13">380.0889</dst>
      <dst id="19">380.7289</dst>
      <dst id="23">7618.4533</dst>
      <dst id="8">29.6356</dst>
      <dst id="18">43602.9778</dst>
      <dst id="4">25658.4622</dst>
      <dst id="1">3708.3467</dst>
      <dst id="5">137.5911</dst>
      <dst id="3">6612.6578</dst>
      <dst id="22">355.4844</dst>
      <dst id="7">1163.9644</dst>
      <dst id="2">6782.1067</dst>
      <dst id="6">3.4489</dst>
      <dst id="16">607.7156</dst>
      <dst id="14">21130.6578</dst>
      <dst id="20">4.9156</dst>
      <dst id="11">75184.7378</dst>
      <dst id="9">227.8756</dst>
      <dst id="17">12409.8133</dst>
      <dst id="21">4129.2889</dst>
      <dst id="15">35.6267</dst>
    </src>
    <src id="10">
      <dst id="12">11415.1911</dst>
      <dst id="19">7156.2933</dst>
      <dst id="8">212.0444</dst>
      <dst id="18">4150.9956</dst>
      <dst id="1">2069.1733</dst>
      <dst id="5">380.8978</dst>
      <dst id="3">3237.6622</dst>
      <dst id="22">4803.1644</dst>
      <dst id="7">29116.3289</dst>
      <dst id="2">16160.9067</dst>
      <dst id="6">0.7111</dst>
      <dst id="16">306.4889</dst>
      <dst id="14">847.7956</dst>
      <dst id="20">4693.0311</dst>
      <dst id="11">5645.3600</dst>
      <dst id="9">3695.2711</dst>
      <dst id="17">18356.5156</dst>
      <dst id="21">19032.8711</dst>
      <dst id="15">76.0711</dst>
    </src>
    <src id="22">
      <dst id="12">9584.6222</dst>
      <dst id="13">571.4222</dst>
      <dst id="19">245.9289</dst>
      <dst id="23">3.6978</dst>
      <dst id="8">438.8444</dst>
      <dst id="18">81.9467</dst>
      <dst id="4">15997.8844</dst>
      <dst id="1">67.3511</dst>
      <dst id="5">2225.7956</dst>
      <dst id="3">302.7467</dst>
      <dst id="7">99.3689</dst>
      <dst id="2">1473.6533</dst>
      <dst id="6">40.9867</dst>
      <dst id="16">2.8889</dst>
      <dst id="11">1023.7156</dst>
      <dst id="9">2882.8356</dst>
      <dst id="17">1910.4889</dst>
      <dst id="21">420.4178</dst>
    </src>
    <src id="7">
      <dst id="12">2117.9911</dst>
      <dst id="13">72.5156</dst>
      <dst id="19">25.9200</dst>
      <dst id="23">31.5911</dst>
      <dst id="8">138.3111</dst>
      <dst id="18">47.4311</dst>
      <dst id="4">23981.6444</dst>
      <dst id="1">1507.6089</dst>
      <dst id="5">700.7200</dst>
      <dst id="3">221.4756</dst>
      <dst id="22">3796.9778</dst>
      <dst id="7">803.4489</dst>
      <dst id="2">6498.3911</dst>
      <dst id="6">3.3422</dst>
      <dst id="16">801.6889</dst>
      <dst id="14">47.8933</dst>
      <dst id="20">743.1467</dst>
      <dst id="11">661.4933</dst>
      <dst id="9">194.4533</dst>
      <dst id="17">3746.1067</dst>
      <dst id="21">1464.2933</dst>
      <dst id="15">47.9289</dst>
    </src>
    <src id="2">
      <dst id="12">52093.2889</dst>
      <dst id="13">506238.8800</dst>
      <dst id="19">20.8978</dst>
      <dst id="23">0.9244</dst>
      <dst id="8">41.6622</dst>
      <dst id="18">35549.6622</dst>
      <dst id="4">79314.9689</dst>
      <dst id="1">1399.6622</dst>
      <dst id="5">2657.7956</dst>
      <dst id="3">27.8844</dst>
      <dst id="22">893.4044</dst>
      <dst id="7">2315.3156</dst>
      <dst id="2">538.5778</dst>
      <dst id="6">5833.8044</dst>
      <dst id="16">1765.4489</dst>
      <dst id="14">4875.2089</dst>
      <dst id="20">172.1156</dst>
      <dst id="11">1768.0444</dst>
      <dst id="9">329.7778</dst>
      <dst id="17">33164.3733</dst>
      <dst id="21">835.2711</dst>
      <dst id="15">29.5911</dst>
    </src>
    <src id="6">
      <dst id="12">7795.6533</dst>
      <dst id="13">8.2756</dst>
      <dst id="19">2.2044</dst>
      <dst id="23">0.3556</dst>
      <dst id="8">0.3556</dst>
      <dst id="18">50.8533</dst>
      <dst id="4">1313.4933</dst>
      <dst id="1">3.1289</dst>
      <dst id="5">1.9022</dst>
      <dst id="22">1.5822</dst>
      <dst id="7">2.2222</dst>
      <dst id="2">1656.9244</dst>
      <dst id="20">0.3556</dst>
      <dst id="17">1288.8622</dst>
      <dst id="21">3.0489</dst>
    </src>
    <src id="16">
      <dst id="12">4413.9200</dst>
      <dst id="13">126.6756</dst>
      <dst id="19">4469.4756</dst>
      <dst id="23">1.7778</dst>
      <dst id="8">615.2622</dst>
      <dst id="18">9.0489</dst>
      <dst id="4">3669.2356</dst>
      <dst id="1">21201.2178</dst>
      <dst id="5">848.2489</dst>
      <dst id="7">751.0044</dst>
      <dst id="2">246.4089</dst>
      <dst id="16">18.9244</dst>
      <dst id="14">0.3556</dst>
      <dst id="11">39.6889</dst>
      <dst id="9">1826.9778</dst>
      <dst id="17">1032.1511</dst>
      <dst id="21">1785.8222</dst>
    </src>
    <src id="14">
      <dst id="12">16801.9733</dst>
      <dst id="13">32.7467</dst>
      <dst id="19">18.5600</dst>
      <dst id="8">1.0133</dst>
      <dst id="4">1582.3289</dst>
      <dst id="1">87.9200</dst>
      <dst id="5">12.1956</dst>
      <dst id="3">54.8711</dst>
      <dst id="22">3.9467</dst>
      <dst id="7">46.3467</dst>
      <dst id="2">3763.0222</dst>
      <dst id="16">13.3333</dst>
      <dst id="11">33.5022</dst>
      <dst id="9">3.5644</dst>
      <dst id="17">6130.2400</dst>
      <dst id="21">64.8356</dst>
      <dst id="15">19.6267</dst>
    </src>
    <src id="20">
      <dst id="12">1282.6578</dst>
      <dst id="13">1629.2978</dst>
      <dst id="19">6.0800</dst>
      <dst id="8">51.0222</dst>
      <dst id="18">14.5156</dst>
      <dst id="4">10164.2844</dst>
      <dst id="1">99.1644</dst>
      <dst id="5">253.3867</dst>
      <dst id="3">36.1778</dst>
      <dst id="7">17261.6978</dst>
      <dst id="2">947.3422</dst>
      <dst id="6">12.8000</dst>
      <dst id="16">2.2578</dst>
      <dst id="11">159.1022</dst>
      <dst id="9">322.4444</dst>
      <dst id="17">119.1467</dst>
      <dst id="21">466.6489</dst>
    </src>
    <src id="11">
      <dst id="12">351243.4133</dst>
      <dst id="13">1896.1333</dst>
      <dst id="19">6.4444</dst>
      <dst id="23">0.8000</dst>
      <dst id="8">126.4267</dst>
      <dst id="18">121.7244</dst>
      <dst id="4">10137.9111</dst>
      <dst id="1">16877.4578</dst>
      <dst id="5">1012.2844</dst>
      <dst id="3">323.8044</dst>
      <dst id="22">2018.5867</dst>
      <dst id="7">141.2978</dst>
      <dst id="2">123882.4889</dst>
      <dst id="16">133.8844</dst>
      <dst id="14">40.6756</dst>
      <dst id="20">49.7511</dst>
      <dst id="11">1940.5689</dst>
      <dst id="9">914.2489</dst>
      <dst id="17">124645.7156</dst>
      <dst id="21">408.6133</dst>
      <dst id="15">123.7333</dst>
    </src>
    <src id="9">
      <dst id="12">355126.8000</dst>
      <dst id="13">1016.8711</dst>
      <dst id="19">129.6089</dst>
      <dst id="23">17.2622</dst>
      <dst id="8">88.6489</dst>
      <dst id="18">88.8978</dst>
      <dst id="4">10153.8400</dst>
      <dst id="1">825.9200</dst>
      <dst id="5">1895.5467</dst>
      <dst id="22">4230.1067</dst>
      <dst id="7">48.9511</dst>
      <dst id="2">99872.6044</dst>
      <dst id="6">1.8044</dst>
      <dst id="16">75.6533</dst>
      <dst id="14">2.9511</dst>
      <dst id="20">707.6889</dst>
      <dst id="11">668.6400</dst>
      <dst id="9">32.7467</dst>
      <dst id="17">137334.2489</dst>
      <dst id="21">155.7600</dst>
      <dst id="15">173.4489</dst>
    </src>
    <src id="17">
      <dst id="12">2336.2311</dst>
      <dst id="13">2639.8933</dst>
      <dst id="19">408.2133</dst>
      <dst id="23">31.1289</dst>
      <dst id="8">70841.4756</dst>
      <dst id="18">4630.6222</dst>
      <dst id="4">27290.7822</dst>
      <dst id="1">464.9600</dst>
      <dst id="5">110073.5022</dst>
      <dst id="3">3198.8711</dst>
      <dst id="22">1973.0044</dst>
      <dst id="7">3722.7022</dst>
      <dst id="2">6270.9156</dst>
      <dst id="6">167.3422</dst>
      <dst id="16">2039.4844</dst>
      <dst id="14">20406.7200</dst>
      <dst id="20">97.4222</dst>
      <dst id="11">55216.7289</dst>
      <dst id="9">84989.3600</dst>
      <dst id="17">706.6667</dst>
      <dst id="21">3118.8889</dst>
      <dst id="15">3.1289</dst>
    </src>
    <src id="21">
      <dst id="12">14205.2000</dst>
      <dst id="13">184.6400</dst>
      <dst id="19">49.7067</dst>
      <dst id="23">6.5422</dst>
      <dst id="8">2.9156</dst>
      <dst id="18">206.9333</dst>
      <dst id="4">9668.6489</dst>
      <dst id="1">1778.8356</dst>
      <dst id="5">465.2444</dst>
      <dst id="3">462.8800</dst>
      <dst id="22">606.4711</dst>
      <dst id="7">1438.8533</dst>
      <dst id="2">6183.0667</dst>
      <dst id="6">24.1511</dst>
      <dst id="16">890.1689</dst>
      <dst id="14">70.6222</dst>
      <dst id="20">1342.3200</dst>
      <dst id="11">1392.0800</dst>
      <dst id="9">451.2356</dst>
      <dst id="17">2473.1378</dst>
      <dst id="21">709.3956</dst>
      <dst id="15">4.0000</dst>
    </src>
    <src id="15">
      <dst id="12">1291.1378</dst>
      <dst id="13">63.1733</dst>
      <dst id="8">14.8711</dst>
      <dst id="18">0.6756</dst>
      <dst id="4">1635.4400</dst>
      <dst id="1">611.0400</dst>
      <dst id="5">85.8844</dst>
      <dst id="3">10.6578</dst>
      <dst id="7">1.6178</dst>
      <dst id="2">39.0133</dst>
      <dst id="6">0.4978</dst>
      <dst id="14">2.8444</dst>
      <dst id="11">21.5467</dst>
      <dst id="9">50.1511</dst>
      <dst id="17">158.0800</dst>
      <dst id="21">128.8444</dst>
    </src>
  </IntraTM>
</TrafficMatrixFile>
