<?xml version="1.0" encoding="UTF-8" standalone="yes"?>
<TrafficMatrixFile xmlns:xsi="http://www.w3.org/2001/XMLSchema-instance" xsi:noNamespaceSchemaLocation="http://totem.run.montefiore.ulg.ac.be/Schema/TrafficMatrix-v1_2.xsd">
  <info>
    <title>Intradomain traffic matrix generated by geant-TM-all.pl</title>
    <date>2005-01-04T03:00:00</date>
    <duration>900</duration>
    <author>Steve Uhlig</author>
    <units>
        <unit type="bandwidth" value="kbps"/>
    </units>
  </info>
  <IntraTM ASID="20965">
    <src id="12">
      <dst id="12">250501.6267</dst>
      <dst id="13">19690.7644</dst>
      <dst id="19">3184.2578</dst>
      <dst id="23">1608.0800</dst>
      <dst id="8">2601.5022</dst>
      <dst id="18">1552.1067</dst>
      <dst id="4">90203.6889</dst>
      <dst id="1">9824.4622</dst>
      <dst id="5">4406.7644</dst>
      <dst id="3">3423.4044</dst>
      <dst id="22">13222.2044</dst>
      <dst id="7">1986.2578</dst>
      <dst id="2">78496.5600</dst>
      <dst id="6">105.7333</dst>
      <dst id="16">8240.8000</dst>
      <dst id="14">247.1289</dst>
      <dst id="20">12112.6667</dst>
      <dst id="11">4325.5644</dst>
      <dst id="9">4210.7644</dst>
      <dst id="17">70029.2889</dst>
      <dst id="21">10265.5200</dst>
      <dst id="15">4828.6844</dst>
    </src>
    <src id="13">
      <dst id="12">46965.9200</dst>
      <dst id="19">10619.3511</dst>
      <dst id="23">202.3822</dst>
      <dst id="8">4852.0000</dst>
      <dst id="18">1332.6400</dst>
      <dst id="1">8557.8756</dst>
      <dst id="5">18458.5511</dst>
      <dst id="3">6226.8978</dst>
      <dst id="22">22024.2933</dst>
      <dst id="7">7800.1333</dst>
      <dst id="2">102181.0667</dst>
      <dst id="6">198.0533</dst>
      <dst id="16">8291.0756</dst>
      <dst id="14">1223.7067</dst>
      <dst id="20">8613.1911</dst>
      <dst id="11">16504.4356</dst>
      <dst id="9">8218.7911</dst>
      <dst id="17">52299.7867</dst>
      <dst id="21">14905.3333</dst>
      <dst id="15">4726.8444</dst>
    </src>
    <src id="19">
      <dst id="12">18647.0311</dst>
      <dst id="13">581.7511</dst>
      <dst id="23">89.0667</dst>
      <dst id="8">654.4000</dst>
      <dst id="18">1.9556</dst>
      <dst id="4">20302.2222</dst>
      <dst id="1">5591.6711</dst>
      <dst id="5">2.7733</dst>
      <dst id="3">14.8178</dst>
      <dst id="22">429.5911</dst>
      <dst id="7">3779.2800</dst>
      <dst id="2">20811.4933</dst>
      <dst id="6">79.5733</dst>
      <dst id="16">5978.1600</dst>
      <dst id="14">0.4356</dst>
      <dst id="20">71.4044</dst>
      <dst id="11">99.4756</dst>
      <dst id="9">328.3556</dst>
      <dst id="17">10979.4311</dst>
      <dst id="21">311.9733</dst>
      <dst id="15">0.4267</dst>
    </src>
    <src id="23">
      <dst id="12">1282.0444</dst>
      <dst id="13">54.0356</dst>
      <dst id="19">15.9111</dst>
      <dst id="8">54.4000</dst>
      <dst id="18">2473.6000</dst>
      <dst id="1">57.0133</dst>
      <dst id="5">95.8222</dst>
      <dst id="3">263.8667</dst>
      <dst id="22">385.5111</dst>
      <dst id="7">108.6756</dst>
      <dst id="2">127.8933</dst>
      <dst id="6">0.6756</dst>
      <dst id="16">471.5822</dst>
      <dst id="14">1.4844</dst>
      <dst id="20">7.2889</dst>
      <dst id="11">13.0844</dst>
      <dst id="9">1259.5556</dst>
      <dst id="17">94.8356</dst>
      <dst id="21">878.5422</dst>
      <dst id="15">1.1378</dst>
    </src>
    <src id="8">
      <dst id="12">313134.8800</dst>
      <dst id="13">613.3067</dst>
      <dst id="19">15.5822</dst>
      <dst id="23">0.7111</dst>
      <dst id="18">45.4933</dst>
      <dst id="4">6288.1956</dst>
      <dst id="1">369.0756</dst>
      <dst id="5">1500.2933</dst>
      <dst id="3">64.5333</dst>
      <dst id="22">1854.2578</dst>
      <dst id="7">342.4978</dst>
      <dst id="2">134709.1822</dst>
      <dst id="16">1203.7778</dst>
      <dst id="20">25.1911</dst>
      <dst id="11">3841.9467</dst>
      <dst id="9">358.0444</dst>
      <dst id="17">120005.3956</dst>
      <dst id="21">54.9333</dst>
      <dst id="15">286.0178</dst>
    </src>
    <src id="18">
      <dst id="12">104791.6267</dst>
      <dst id="13">64.8978</dst>
      <dst id="19">14.4000</dst>
      <dst id="23">52.2667</dst>
      <dst id="8">1432.4978</dst>
      <dst id="4">1213.9022</dst>
      <dst id="1">1250.3289</dst>
      <dst id="5">180.8000</dst>
      <dst id="3">103.7156</dst>
      <dst id="22">249.0489</dst>
      <dst id="7">43.0489</dst>
      <dst id="2">32413.9378</dst>
      <dst id="16">211.3778</dst>
      <dst id="14">75.4489</dst>
      <dst id="20">323.2444</dst>
      <dst id="11">9.3067</dst>
      <dst id="9">108.9067</dst>
      <dst id="17">44219.9911</dst>
      <dst id="21">243.5733</dst>
      <dst id="15">1.7956</dst>
    </src>
    <src id="4">
      <dst id="12">16301.0133</dst>
      <dst id="19">15654.7378</dst>
      <dst id="8">785.2267</dst>
      <dst id="18">2273.3689</dst>
      <dst id="1">20812.8800</dst>
      <dst id="5">4393.4311</dst>
      <dst id="3">164.4178</dst>
      <dst id="22">6156.3289</dst>
      <dst id="7">100466.7822</dst>
      <dst id="2">62369.6800</dst>
      <dst id="6">1.2444</dst>
      <dst id="16">1951.8489</dst>
      <dst id="14">3816.1422</dst>
      <dst id="20">1712.2044</dst>
      <dst id="11">5902.3911</dst>
      <dst id="9">1251.8667</dst>
      <dst id="17">38478.4711</dst>
      <dst id="21">2374.0978</dst>
      <dst id="15">1051.9467</dst>
    </src>
    <src id="1">
      <dst id="12">20439.1644</dst>
      <dst id="13">563.5822</dst>
      <dst id="19">259.3778</dst>
      <dst id="23">31.3511</dst>
      <dst id="8">127809.5111</dst>
      <dst id="18">14553.0044</dst>
      <dst id="4">4921.0933</dst>
      <dst id="1">14644.6400</dst>
      <dst id="5">205697.0667</dst>
      <dst id="3">89.5911</dst>
      <dst id="22">11881.5733</dst>
      <dst id="7">2175.0133</dst>
      <dst id="2">6330.5778</dst>
      <dst id="6">9934.1600</dst>
      <dst id="16">10711.2889</dst>
      <dst id="14">73.1822</dst>
      <dst id="20">1602.6489</dst>
      <dst id="11">198.7467</dst>
      <dst id="9">195871.1733</dst>
      <dst id="17">1831.9556</dst>
      <dst id="21">2165.7778</dst>
      <dst id="15">138.6933</dst>
    </src>
    <src id="5">
      <dst id="12">318735.0756</dst>
      <dst id="13">2917.3244</dst>
      <dst id="19">28.7911</dst>
      <dst id="23">14.6044</dst>
      <dst id="8">32542.4800</dst>
      <dst id="18">51.7067</dst>
      <dst id="4">9575.6267</dst>
      <dst id="1">383.4489</dst>
      <dst id="3">13.6533</dst>
      <dst id="22">14376.4533</dst>
      <dst id="7">113.9911</dst>
      <dst id="2">147473.9556</dst>
      <dst id="6">12.9422</dst>
      <dst id="16">656.1956</dst>
      <dst id="14">12.7822</dst>
      <dst id="20">9803.9644</dst>
      <dst id="11">810.4267</dst>
      <dst id="9">1409.8400</dst>
      <dst id="17">116488.8533</dst>
      <dst id="21">562.7644</dst>
      <dst id="15">218.1156</dst>
    </src>
    <src id="3">
      <dst id="12">15145.2978</dst>
      <dst id="13">5440.7467</dst>
      <dst id="19">1810.4444</dst>
      <dst id="23">7962.3289</dst>
      <dst id="8">45.5022</dst>
      <dst id="18">74163.5644</dst>
      <dst id="4">18749.6000</dst>
      <dst id="1">6335.6978</dst>
      <dst id="5">478.8800</dst>
      <dst id="3">18604.0178</dst>
      <dst id="22">2290.4178</dst>
      <dst id="7">3398.6311</dst>
      <dst id="2">4429.1467</dst>
      <dst id="6">0.8267</dst>
      <dst id="16">1676.3378</dst>
      <dst id="14">34251.0311</dst>
      <dst id="20">132.4000</dst>
      <dst id="11">165324.3378</dst>
      <dst id="9">313.9556</dst>
      <dst id="17">16982.0267</dst>
      <dst id="21">14059.1556</dst>
      <dst id="15">48.8000</dst>
    </src>
    <src id="10">
      <dst id="12">17170.2044</dst>
      <dst id="19">2637.9556</dst>
      <dst id="8">1253.1200</dst>
      <dst id="18">384.7733</dst>
      <dst id="1">2224.3022</dst>
      <dst id="5">1083.8400</dst>
      <dst id="3">5763.2356</dst>
      <dst id="22">10985.7600</dst>
      <dst id="7">4078.7733</dst>
      <dst id="2">23882.2756</dst>
      <dst id="6">1.6711</dst>
      <dst id="16">2051.8133</dst>
      <dst id="14">717.7778</dst>
      <dst id="20">2709.7422</dst>
      <dst id="11">5381.7689</dst>
      <dst id="9">1329.1378</dst>
      <dst id="17">14946.3822</dst>
      <dst id="21">8363.4222</dst>
      <dst id="15">762.8800</dst>
    </src>
    <src id="22">
      <dst id="12">11792.9956</dst>
      <dst id="13">6463.3956</dst>
      <dst id="19">90.1778</dst>
      <dst id="23">27.6089</dst>
      <dst id="8">810.9689</dst>
      <dst id="18">747.8133</dst>
      <dst id="4">14751.8489</dst>
      <dst id="1">365.8400</dst>
      <dst id="5">2693.2711</dst>
      <dst id="3">1734.9689</dst>
      <dst id="7">1145.1111</dst>
      <dst id="2">6169.2978</dst>
      <dst id="6">3.1200</dst>
      <dst id="16">53.7956</dst>
      <dst id="14">323.1467</dst>
      <dst id="11">3163.3600</dst>
      <dst id="9">10396.7822</dst>
      <dst id="17">3946.9244</dst>
      <dst id="21">2510.2400</dst>
    </src>
    <src id="7">
      <dst id="12">7569.1200</dst>
      <dst id="13">2051.7600</dst>
      <dst id="19">669.0578</dst>
      <dst id="23">34.0978</dst>
      <dst id="8">260.1156</dst>
      <dst id="18">193.8489</dst>
      <dst id="4">16756.7467</dst>
      <dst id="1">2668.2222</dst>
      <dst id="5">1043.2622</dst>
      <dst id="3">2501.0133</dst>
      <dst id="22">3374.8711</dst>
      <dst id="7">673.7067</dst>
      <dst id="2">7188.0178</dst>
      <dst id="6">5.4044</dst>
      <dst id="16">1831.0311</dst>
      <dst id="14">90.8800</dst>
      <dst id="20">753.3156</dst>
      <dst id="11">1168.3556</dst>
      <dst id="9">969.0133</dst>
      <dst id="17">15344.4356</dst>
      <dst id="21">2347.1911</dst>
      <dst id="15">173.3511</dst>
    </src>
    <src id="2">
      <dst id="12">110407.1289</dst>
      <dst id="13">517804.8089</dst>
      <dst id="19">689.6978</dst>
      <dst id="23">1.3156</dst>
      <dst id="8">1278.8178</dst>
      <dst id="18">62171.8844</dst>
      <dst id="4">87740.8533</dst>
      <dst id="1">5489.6000</dst>
      <dst id="5">3527.1911</dst>
      <dst id="3">70.0089</dst>
      <dst id="22">2263.6356</dst>
      <dst id="7">16864.7111</dst>
      <dst id="2">885.6178</dst>
      <dst id="6">8653.1644</dst>
      <dst id="16">2188.6667</dst>
      <dst id="14">247.0311</dst>
      <dst id="20">369.1911</dst>
      <dst id="11">4522.5244</dst>
      <dst id="9">730.1600</dst>
      <dst id="17">19519.6800</dst>
      <dst id="21">2198.4800</dst>
      <dst id="15">35.1556</dst>
    </src>
    <src id="6">
      <dst id="12">11654.9867</dst>
      <dst id="13">3.6444</dst>
      <dst id="19">1.4222</dst>
      <dst id="4">1402.7111</dst>
      <dst id="1">0.6844</dst>
      <dst id="5">1.4222</dst>
      <dst id="7">6.4089</dst>
      <dst id="2">2412.3556</dst>
      <dst id="16">0.4178</dst>
      <dst id="11">12.1778</dst>
      <dst id="9">0.3378</dst>
      <dst id="17">1701.6800</dst>
      <dst id="21">7.9733</dst>
    </src>
    <src id="16">
      <dst id="12">6640.6222</dst>
      <dst id="13">532.4978</dst>
      <dst id="19">3436.4889</dst>
      <dst id="23">18.3467</dst>
      <dst id="8">4636.5511</dst>
      <dst id="18">21.3511</dst>
      <dst id="4">4197.6089</dst>
      <dst id="1">13853.0222</dst>
      <dst id="5">3507.9911</dst>
      <dst id="3">7.0667</dst>
      <dst id="7">774.9244</dst>
      <dst id="2">1195.0933</dst>
      <dst id="6">0.3378</dst>
      <dst id="16">64.1244</dst>
      <dst id="14">1.0400</dst>
      <dst id="11">841.0578</dst>
      <dst id="9">5194.3378</dst>
      <dst id="17">3348.0978</dst>
      <dst id="21">1707.5200</dst>
    </src>
    <src id="14">
      <dst id="12">19083.7156</dst>
      <dst id="13">26.7911</dst>
      <dst id="19">5.3244</dst>
      <dst id="23">2.2311</dst>
      <dst id="4">2654.1600</dst>
      <dst id="1">78.2222</dst>
      <dst id="5">0.3556</dst>
      <dst id="3">4297.4133</dst>
      <dst id="22">12.1600</dst>
      <dst id="7">87.4311</dst>
      <dst id="2">5628.9867</dst>
      <dst id="16">42.5244</dst>
      <dst id="11">60.7111</dst>
      <dst id="9">1.4844</dst>
      <dst id="17">9098.1422</dst>
      <dst id="21">123.9911</dst>
    </src>
    <src id="20">
      <dst id="12">10037.6000</dst>
      <dst id="13">2133.5822</dst>
      <dst id="19">58.2044</dst>
      <dst id="23">4.6489</dst>
      <dst id="8">57.2089</dst>
      <dst id="18">62.4533</dst>
      <dst id="4">13282.2222</dst>
      <dst id="1">161.8400</dst>
      <dst id="5">2752.6311</dst>
      <dst id="3">309.8489</dst>
      <dst id="7">1646.0000</dst>
      <dst id="2">854.6400</dst>
      <dst id="14">0.8889</dst>
      <dst id="11">1086.6044</dst>
      <dst id="9">4703.3156</dst>
      <dst id="17">853.8222</dst>
      <dst id="21">4128.8000</dst>
    </src>
    <src id="11">
      <dst id="12">441999.0044</dst>
      <dst id="13">2736.3022</dst>
      <dst id="19">22.4889</dst>
      <dst id="23">45.1200</dst>
      <dst id="8">620.6044</dst>
      <dst id="18">45.8400</dst>
      <dst id="4">9605.7689</dst>
      <dst id="1">430.7289</dst>
      <dst id="5">842.1956</dst>
      <dst id="3">333.0844</dst>
      <dst id="22">1790.5867</dst>
      <dst id="7">167.1733</dst>
      <dst id="2">156124.2756</dst>
      <dst id="6">27.7511</dst>
      <dst id="16">589.6978</dst>
      <dst id="14">84.2756</dst>
      <dst id="20">325.8578</dst>
      <dst id="11">6750.4356</dst>
      <dst id="9">578.9333</dst>
      <dst id="17">173939.1022</dst>
      <dst id="21">606.1422</dst>
      <dst id="15">1879.2533</dst>
    </src>
    <src id="9">
      <dst id="12">425990.4178</dst>
      <dst id="13">4379.3511</dst>
      <dst id="19">173.1911</dst>
      <dst id="23">37.3333</dst>
      <dst id="8">246.0178</dst>
      <dst id="18">1063.3956</dst>
      <dst id="4">6906.1778</dst>
      <dst id="1">1414.0178</dst>
      <dst id="5">406.2489</dst>
      <dst id="3">3.7689</dst>
      <dst id="22">2154.8000</dst>
      <dst id="7">298.6756</dst>
      <dst id="2">159991.2000</dst>
      <dst id="6">0.4267</dst>
      <dst id="16">1634.6756</dst>
      <dst id="14">35.3067</dst>
      <dst id="20">869.2356</dst>
      <dst id="11">890.1156</dst>
      <dst id="9">9358.6844</dst>
      <dst id="17">169032.2044</dst>
      <dst id="21">3917.5289</dst>
      <dst id="15">2691.9822</dst>
    </src>
    <src id="17">
      <dst id="12">8489.1200</dst>
      <dst id="13">4589.0311</dst>
      <dst id="19">2072.1689</dst>
      <dst id="23">85.4044</dst>
      <dst id="8">121056.7022</dst>
      <dst id="18">52.9867</dst>
      <dst id="4">78126.2311</dst>
      <dst id="1">1172.8178</dst>
      <dst id="5">193364.9244</dst>
      <dst id="3">4793.1556</dst>
      <dst id="22">8039.7067</dst>
      <dst id="7">4989.8667</dst>
      <dst id="2">25829.8044</dst>
      <dst id="6">70.5244</dst>
      <dst id="16">4550.1244</dst>
      <dst id="14">23677.5644</dst>
      <dst id="20">904.2844</dst>
      <dst id="11">112408.3289</dst>
      <dst id="9">167720.2222</dst>
      <dst id="17">1074.1422</dst>
      <dst id="21">7462.2578</dst>
      <dst id="15">4762.4533</dst>
    </src>
    <src id="21">
      <dst id="12">23451.7867</dst>
      <dst id="13">526.8267</dst>
      <dst id="19">174.9156</dst>
      <dst id="23">5.8133</dst>
      <dst id="8">134.4622</dst>
      <dst id="18">463.5022</dst>
      <dst id="4">14289.9200</dst>
      <dst id="1">1633.1556</dst>
      <dst id="5">2623.6978</dst>
      <dst id="3">1363.8044</dst>
      <dst id="22">522.8889</dst>
      <dst id="7">643.4311</dst>
      <dst id="2">10111.4844</dst>
      <dst id="6">3.1644</dst>
      <dst id="16">125.6356</dst>
      <dst id="14">148.8533</dst>
      <dst id="20">185.6178</dst>
      <dst id="11">427.1289</dst>
      <dst id="9">513.2711</dst>
      <dst id="17">4783.7689</dst>
      <dst id="21">1102.2044</dst>
      <dst id="15">4.4711</dst>
    </src>
    <src id="15">
      <dst id="12">1079.7689</dst>
      <dst id="13">1118.5333</dst>
      <dst id="19">0.8533</dst>
      <dst id="23">1.1022</dst>
      <dst id="8">39.5289</dst>
      <dst id="18">1.5467</dst>
      <dst id="4">1983.4933</dst>
      <dst id="1">889.2089</dst>
      <dst id="5">529.6622</dst>
      <dst id="3">22.6844</dst>
      <dst id="7">393.8756</dst>
      <dst id="2">12.7733</dst>
      <dst id="11">726.0889</dst>
      <dst id="9">1580.2222</dst>
      <dst id="17">1223.1022</dst>
      <dst id="21">9.9911</dst>
    </src>
  </IntraTM>
</TrafficMatrixFile>
