<?xml version="1.0" encoding="UTF-8" standalone="yes"?>
<TrafficMatrixFile xmlns:xsi="http://www.w3.org/2001/XMLSchema-instance" xsi:noNamespaceSchemaLocation="http://totem.run.montefiore.ulg.ac.be/Schema/TrafficMatrix-v1_2.xsd">
  <info>
    <title>Intradomain traffic matrix generated by geant-TM-all.pl</title>
    <date>2005-01-01T09:30:00</date>
    <duration>900</duration>
    <author>Steve Uhlig</author>
    <units>
        <unit type="bandwidth" value="kbps"/>
    </units>
  </info>
  <IntraTM ASID="20965">
    <src id="12">
      <dst id="12">242978.9244</dst>
      <dst id="13">26464.6311</dst>
      <dst id="19">3858.5600</dst>
      <dst id="23">69.0489</dst>
      <dst id="8">3404.8622</dst>
      <dst id="18">179.5556</dst>
      <dst id="4">103434.8622</dst>
      <dst id="1">10574.6400</dst>
      <dst id="5">10870.8089</dst>
      <dst id="3">2456.2667</dst>
      <dst id="22">20986.0978</dst>
      <dst id="7">9068.2311</dst>
      <dst id="2">87161.6800</dst>
      <dst id="6">606.4533</dst>
      <dst id="16">6260.1600</dst>
      <dst id="14">1125.9378</dst>
      <dst id="20">7884.4267</dst>
      <dst id="11">4112.5333</dst>
      <dst id="9">9698.2400</dst>
      <dst id="17">61921.8489</dst>
      <dst id="21">8923.4667</dst>
      <dst id="15">1705.2889</dst>
    </src>
    <src id="13">
      <dst id="12">51027.8489</dst>
      <dst id="19">6401.0844</dst>
      <dst id="23">208.9867</dst>
      <dst id="8">3428.0178</dst>
      <dst id="18">3294.8000</dst>
      <dst id="4">0.3556</dst>
      <dst id="1">4850.7644</dst>
      <dst id="5">7434.7111</dst>
      <dst id="3">7303.2089</dst>
      <dst id="22">25536.3467</dst>
      <dst id="7">13756.9244</dst>
      <dst id="2">95615.0044</dst>
      <dst id="6">82.2222</dst>
      <dst id="16">8909.9378</dst>
      <dst id="14">1763.3156</dst>
      <dst id="20">9656.5333</dst>
      <dst id="11">8392.1067</dst>
      <dst id="9">11832.2756</dst>
      <dst id="17">68756.7467</dst>
      <dst id="21">18203.3778</dst>
      <dst id="15">3077.7778</dst>
    </src>
    <src id="19">
      <dst id="12">15691.2267</dst>
      <dst id="13">163.1644</dst>
      <dst id="23">1.6356</dst>
      <dst id="18">0.9689</dst>
      <dst id="4">21446.8978</dst>
      <dst id="1">68.5422</dst>
      <dst id="5">1.1733</dst>
      <dst id="3">379.2800</dst>
      <dst id="22">1623.3511</dst>
      <dst id="7">2959.0400</dst>
      <dst id="2">8523.0044</dst>
      <dst id="6">51.3067</dst>
      <dst id="16">11674.7378</dst>
      <dst id="20">25.6089</dst>
      <dst id="11">932.0889</dst>
      <dst id="9">13.6889</dst>
      <dst id="17">484.6044</dst>
      <dst id="21">232.3467</dst>
      <dst id="15">1897.1556</dst>
    </src>
    <src id="23">
      <dst id="12">167.6444</dst>
      <dst id="13">76.2400</dst>
      <dst id="19">1.0222</dst>
      <dst id="8">27.5911</dst>
      <dst id="4">12.9778</dst>
      <dst id="1">53.6889</dst>
      <dst id="5">92.8000</dst>
      <dst id="3">27.6267</dst>
      <dst id="22">1.2000</dst>
      <dst id="7">947.6178</dst>
      <dst id="2">2.8000</dst>
      <dst id="16">47.9200</dst>
      <dst id="20">13.6889</dst>
      <dst id="11">52.4267</dst>
      <dst id="9">493.4400</dst>
      <dst id="17">5.7867</dst>
      <dst id="21">2381.3778</dst>
      <dst id="15">1.1378</dst>
    </src>
    <src id="8">
      <dst id="12">294838.2844</dst>
      <dst id="13">882.3822</dst>
      <dst id="19">1.0044</dst>
      <dst id="23">147.0222</dst>
      <dst id="18">3.8756</dst>
      <dst id="4">7496.6756</dst>
      <dst id="1">43.9289</dst>
      <dst id="5">2029.1022</dst>
      <dst id="3">14.4800</dst>
      <dst id="22">766.8800</dst>
      <dst id="7">27.0311</dst>
      <dst id="2">91190.1956</dst>
      <dst id="6">0.3556</dst>
      <dst id="16">259.5022</dst>
      <dst id="20">128.4711</dst>
      <dst id="11">534.2933</dst>
      <dst id="9">2687.4667</dst>
      <dst id="17">62300.0978</dst>
      <dst id="21">80.9333</dst>
      <dst id="15">2686.9422</dst>
    </src>
    <src id="18">
      <dst id="12">129833.9911</dst>
      <dst id="13">1121.0578</dst>
      <dst id="19">0.9422</dst>
      <dst id="23">0.4267</dst>
      <dst id="8">2.2400</dst>
      <dst id="4">2370.0622</dst>
      <dst id="1">777.2178</dst>
      <dst id="5">153.0489</dst>
      <dst id="3">70.6756</dst>
      <dst id="22">306.9956</dst>
      <dst id="7">33.6267</dst>
      <dst id="2">33993.3244</dst>
      <dst id="16">15.2533</dst>
      <dst id="14">37.5822</dst>
      <dst id="20">22.6667</dst>
      <dst id="11">46.1867</dst>
      <dst id="9">174.8444</dst>
      <dst id="17">25892.2844</dst>
      <dst id="21">424.1778</dst>
      <dst id="15">106.3822</dst>
    </src>
    <src id="4">
      <dst id="12">67452.4267</dst>
      <dst id="19">9000.5067</dst>
      <dst id="23">0.4622</dst>
      <dst id="8">576.0711</dst>
      <dst id="18">5178.4356</dst>
      <dst id="4">3.1644</dst>
      <dst id="1">888.0889</dst>
      <dst id="5">1559.8400</dst>
      <dst id="3">6848.6756</dst>
      <dst id="22">4493.7244</dst>
      <dst id="7">43952.3911</dst>
      <dst id="2">57126.5156</dst>
      <dst id="6">1.2711</dst>
      <dst id="16">2042.7822</dst>
      <dst id="14">1221.0489</dst>
      <dst id="20">460.4000</dst>
      <dst id="11">6036.1511</dst>
      <dst id="9">2251.3778</dst>
      <dst id="17">80109.5111</dst>
      <dst id="21">5460.7022</dst>
      <dst id="15">1407.7067</dst>
    </src>
    <src id="1">
      <dst id="12">20194.2756</dst>
      <dst id="13">578.2667</dst>
      <dst id="19">3062.3822</dst>
      <dst id="23">106.0000</dst>
      <dst id="8">82692.9689</dst>
      <dst id="18">12013.2978</dst>
      <dst id="4">9425.9822</dst>
      <dst id="1">52.0978</dst>
      <dst id="5">164137.2178</dst>
      <dst id="3">38120.6933</dst>
      <dst id="22">1832.5067</dst>
      <dst id="7">13720.8533</dst>
      <dst id="2">6769.0222</dst>
      <dst id="6">8701.4667</dst>
      <dst id="16">16029.2089</dst>
      <dst id="14">117.3956</dst>
      <dst id="20">87.3244</dst>
      <dst id="11">1349.0578</dst>
      <dst id="9">181485.9111</dst>
      <dst id="17">5217.3422</dst>
      <dst id="21">9451.3778</dst>
      <dst id="15">155.8756</dst>
    </src>
    <src id="5">
      <dst id="12">336800.3822</dst>
      <dst id="13">2076.8089</dst>
      <dst id="19">47.6444</dst>
      <dst id="23">120.5689</dst>
      <dst id="8">2329.1022</dst>
      <dst id="18">289.6267</dst>
      <dst id="4">7780.9867</dst>
      <dst id="1">66.8978</dst>
      <dst id="3">376.8356</dst>
      <dst id="22">6810.1067</dst>
      <dst id="7">110.0178</dst>
      <dst id="2">132361.9822</dst>
      <dst id="16">539.4133</dst>
      <dst id="14">75.7156</dst>
      <dst id="20">9447.2711</dst>
      <dst id="11">1638.8089</dst>
      <dst id="9">11824.5244</dst>
      <dst id="17">82158.0800</dst>
      <dst id="21">422.9956</dst>
      <dst id="15">867.7778</dst>
    </src>
    <src id="3">
      <dst id="12">12114.0711</dst>
      <dst id="13">1404.2844</dst>
      <dst id="19">4727.0933</dst>
      <dst id="23">28.5867</dst>
      <dst id="8">45.9911</dst>
      <dst id="18">77496.4089</dst>
      <dst id="4">58019.5556</dst>
      <dst id="1">31425.2889</dst>
      <dst id="5">369.3689</dst>
      <dst id="3">13872.6933</dst>
      <dst id="22">506.5689</dst>
      <dst id="7">1966.8889</dst>
      <dst id="2">5343.2622</dst>
      <dst id="6">2.1244</dst>
      <dst id="16">948.8178</dst>
      <dst id="14">29342.9244</dst>
      <dst id="20">699.8667</dst>
      <dst id="11">110475.9556</dst>
      <dst id="9">372.2578</dst>
      <dst id="17">7874.1956</dst>
      <dst id="21">7678.4089</dst>
      <dst id="15">20.0178</dst>
    </src>
    <src id="10">
      <dst id="12">11477.3956</dst>
      <dst id="19">629.5822</dst>
      <dst id="8">1748.0356</dst>
      <dst id="18">2000.9244</dst>
      <dst id="1">1505.6622</dst>
      <dst id="5">867.7956</dst>
      <dst id="3">9441.8489</dst>
      <dst id="22">7037.1467</dst>
      <dst id="7">3724.1333</dst>
      <dst id="2">23716.9600</dst>
      <dst id="6">0.4267</dst>
      <dst id="16">7416.6311</dst>
      <dst id="14">3281.9556</dst>
      <dst id="20">2157.7511</dst>
      <dst id="11">5679.1378</dst>
      <dst id="9">5426.6400</dst>
      <dst id="17">15127.3333</dst>
      <dst id="21">15563.2178</dst>
      <dst id="15">1612.7378</dst>
    </src>
    <src id="22">
      <dst id="12">10430.4622</dst>
      <dst id="13">4060.3733</dst>
      <dst id="19">69.7867</dst>
      <dst id="23">14.1511</dst>
      <dst id="8">526.2489</dst>
      <dst id="18">1091.9556</dst>
      <dst id="4">25705.8667</dst>
      <dst id="1">688.0267</dst>
      <dst id="5">7027.5644</dst>
      <dst id="3">373.0578</dst>
      <dst id="7">1244.3644</dst>
      <dst id="2">1850.1956</dst>
      <dst id="6">4.8622</dst>
      <dst id="14">150.6311</dst>
      <dst id="11">5149.5378</dst>
      <dst id="9">2666.2578</dst>
      <dst id="17">5042.9067</dst>
      <dst id="21">608.0178</dst>
    </src>
    <src id="7">
      <dst id="12">3500.3733</dst>
      <dst id="13">436.4444</dst>
      <dst id="19">427.2444</dst>
      <dst id="23">45.2889</dst>
      <dst id="8">745.1467</dst>
      <dst id="18">1449.0044</dst>
      <dst id="4">44545.9289</dst>
      <dst id="1">1440.7556</dst>
      <dst id="5">1738.4000</dst>
      <dst id="3">3844.2044</dst>
      <dst id="22">5974.5333</dst>
      <dst id="7">866.5956</dst>
      <dst id="2">8352.4622</dst>
      <dst id="6">26.3289</dst>
      <dst id="16">323.3956</dst>
      <dst id="14">73.1733</dst>
      <dst id="20">1658.4178</dst>
      <dst id="11">665.7867</dst>
      <dst id="9">998.6222</dst>
      <dst id="17">9253.1200</dst>
      <dst id="21">3956.6578</dst>
      <dst id="15">6857.4844</dst>
    </src>
    <src id="2">
      <dst id="12">75459.8844</dst>
      <dst id="13">7384.2044</dst>
      <dst id="19">967.9378</dst>
      <dst id="23">0.5511</dst>
      <dst id="8">282.7644</dst>
      <dst id="18">69940.8622</dst>
      <dst id="4">120212.0533</dst>
      <dst id="1">7371.5644</dst>
      <dst id="5">4647.1644</dst>
      <dst id="3">4414.0444</dst>
      <dst id="22">1366.0622</dst>
      <dst id="7">5653.7511</dst>
      <dst id="2">298.7644</dst>
      <dst id="6">5562.4444</dst>
      <dst id="16">2678.7289</dst>
      <dst id="14">123.2178</dst>
      <dst id="20">817.6622</dst>
      <dst id="11">2862.7111</dst>
      <dst id="9">857.5200</dst>
      <dst id="17">15212.0978</dst>
      <dst id="21">5872.0711</dst>
      <dst id="15">76.0444</dst>
    </src>
    <src id="6">
      <dst id="12">8286.1333</dst>
      <dst id="13">16.2578</dst>
      <dst id="19">14.5244</dst>
      <dst id="8">0.3556</dst>
      <dst id="4">94.2400</dst>
      <dst id="1">12.5956</dst>
      <dst id="5">1.0667</dst>
      <dst id="3">0.7378</dst>
      <dst id="22">128.7289</dst>
      <dst id="7">54.0711</dst>
      <dst id="2">1838.3378</dst>
      <dst id="16">13.4400</dst>
      <dst id="11">0.4978</dst>
      <dst id="9">11.6089</dst>
      <dst id="17">1054.3733</dst>
      <dst id="21">0.2844</dst>
      <dst id="15">0.3378</dst>
    </src>
    <src id="16">
      <dst id="12">3511.0667</dst>
      <dst id="13">346.8978</dst>
      <dst id="19">4080.7289</dst>
      <dst id="23">12.9422</dst>
      <dst id="8">1790.0800</dst>
      <dst id="18">24.4356</dst>
      <dst id="4">6613.9022</dst>
      <dst id="1">7059.8756</dst>
      <dst id="5">941.4578</dst>
      <dst id="3">1295.7511</dst>
      <dst id="7">3306.5956</dst>
      <dst id="2">1205.4933</dst>
      <dst id="6">34.6133</dst>
      <dst id="16">34.9867</dst>
      <dst id="14">1.7422</dst>
      <dst id="11">412.4889</dst>
      <dst id="9">2564.6133</dst>
      <dst id="17">2039.6178</dst>
      <dst id="21">263.7778</dst>
    </src>
    <src id="14">
      <dst id="12">17958.6044</dst>
      <dst id="13">19.5111</dst>
      <dst id="19">4.4267</dst>
      <dst id="23">0.4622</dst>
      <dst id="18">0.9244</dst>
      <dst id="4">2654.5156</dst>
      <dst id="1">31.9289</dst>
      <dst id="5">27.8844</dst>
      <dst id="3">43.2178</dst>
      <dst id="22">43.0311</dst>
      <dst id="7">59.7067</dst>
      <dst id="2">4654.4533</dst>
      <dst id="16">1.3156</dst>
      <dst id="20">37.4400</dst>
      <dst id="11">44.9422</dst>
      <dst id="9">33.9556</dst>
      <dst id="17">3590.8711</dst>
      <dst id="21">139.2800</dst>
    </src>
    <src id="20">
      <dst id="12">5212.1422</dst>
      <dst id="13">8945.1644</dst>
      <dst id="19">27.5644</dst>
      <dst id="8">249.2267</dst>
      <dst id="18">465.6000</dst>
      <dst id="4">12675.9556</dst>
      <dst id="1">45.1289</dst>
      <dst id="5">5105.0133</dst>
      <dst id="3">26.7200</dst>
      <dst id="7">227.1289</dst>
      <dst id="2">6349.6356</dst>
      <dst id="14">1.0667</dst>
      <dst id="11">1584.8889</dst>
      <dst id="9">3401.9556</dst>
      <dst id="17">5910.2311</dst>
      <dst id="21">400.2311</dst>
    </src>
    <src id="11">
      <dst id="12">438728.1778</dst>
      <dst id="13">1500.8444</dst>
      <dst id="19">52.9333</dst>
      <dst id="23">1340.2222</dst>
      <dst id="8">159.4222</dst>
      <dst id="18">245.4400</dst>
      <dst id="4">15907.6711</dst>
      <dst id="1">1837.1200</dst>
      <dst id="5">802.9867</dst>
      <dst id="3">1816.0178</dst>
      <dst id="22">6108.8889</dst>
      <dst id="7">407.8667</dst>
      <dst id="2">144914.7644</dst>
      <dst id="6">0.9156</dst>
      <dst id="16">264.5333</dst>
      <dst id="14">45.0756</dst>
      <dst id="20">1306.5778</dst>
      <dst id="11">1014.5600</dst>
      <dst id="9">680.8356</dst>
      <dst id="17">87236.8000</dst>
      <dst id="21">1060.8000</dst>
      <dst id="15">90.3467</dst>
    </src>
    <src id="9">
      <dst id="12">507685.5911</dst>
      <dst id="13">5911.2444</dst>
      <dst id="19">13.6889</dst>
      <dst id="23">20.8533</dst>
      <dst id="8">455.9111</dst>
      <dst id="18">1075.2178</dst>
      <dst id="4">13310.7378</dst>
      <dst id="1">3972.0533</dst>
      <dst id="5">2099.9467</dst>
      <dst id="3">276.1422</dst>
      <dst id="22">8042.5689</dst>
      <dst id="7">1388.3644</dst>
      <dst id="2">158309.9200</dst>
      <dst id="6">0.4622</dst>
      <dst id="16">849.6267</dst>
      <dst id="14">54.5156</dst>
      <dst id="20">931.8489</dst>
      <dst id="11">789.6444</dst>
      <dst id="9">1160.0178</dst>
      <dst id="17">130303.1556</dst>
      <dst id="21">900.8000</dst>
      <dst id="15">470.3911</dst>
    </src>
    <src id="17">
      <dst id="12">6619.5644</dst>
      <dst id="13">2605.9822</dst>
      <dst id="19">14378.2222</dst>
      <dst id="23">335.4578</dst>
      <dst id="8">95867.6800</dst>
      <dst id="18">653.9200</dst>
      <dst id="4">107369.3600</dst>
      <dst id="1">840.8000</dst>
      <dst id="5">164072.3467</dst>
      <dst id="3">14412.2933</dst>
      <dst id="22">4120.8000</dst>
      <dst id="7">33183.3867</dst>
      <dst id="2">7407.8044</dst>
      <dst id="6">24.8089</dst>
      <dst id="16">2908.6489</dst>
      <dst id="14">15913.1911</dst>
      <dst id="20">479.8578</dst>
      <dst id="11">92367.3867</dst>
      <dst id="9">192297.6533</dst>
      <dst id="17">1420.4533</dst>
      <dst id="21">13369.0578</dst>
      <dst id="15">59.9467</dst>
    </src>
    <src id="21">
      <dst id="12">23210.2489</dst>
      <dst id="13">1407.7511</dst>
      <dst id="19">181.4578</dst>
      <dst id="23">57.6356</dst>
      <dst id="8">977.0667</dst>
      <dst id="18">1443.9289</dst>
      <dst id="4">28068.9156</dst>
      <dst id="1">3982.8622</dst>
      <dst id="5">609.2178</dst>
      <dst id="3">1581.1733</dst>
      <dst id="22">2367.2000</dst>
      <dst id="7">728.3022</dst>
      <dst id="2">11463.4222</dst>
      <dst id="6">5.1022</dst>
      <dst id="16">107.9200</dst>
      <dst id="14">79.2267</dst>
      <dst id="20">406.0444</dst>
      <dst id="11">4195.3422</dst>
      <dst id="9">755.2622</dst>
      <dst id="17">5217.5911</dst>
      <dst id="21">1913.2089</dst>
      <dst id="15">116.5333</dst>
    </src>
    <src id="15">
      <dst id="12">736.3022</dst>
      <dst id="13">71.5822</dst>
      <dst id="19">35.8044</dst>
      <dst id="8">432.5067</dst>
      <dst id="18">42.8356</dst>
      <dst id="4">11094.0889</dst>
      <dst id="1">69.9200</dst>
      <dst id="5">7652.1689</dst>
      <dst id="3">516.2844</dst>
      <dst id="7">166.8356</dst>
      <dst id="2">157.4667</dst>
      <dst id="11">128.9333</dst>
      <dst id="9">3135.0222</dst>
      <dst id="17">459.0933</dst>
      <dst id="21">245.5467</dst>
    </src>
  </IntraTM>
</TrafficMatrixFile>
