<?xml version="1.0" encoding="UTF-8" standalone="yes"?>
<TrafficMatrixFile xmlns:xsi="http://www.w3.org/2001/XMLSchema-instance" xsi:noNamespaceSchemaLocation="http://totem.run.montefiore.ulg.ac.be/Schema/TrafficMatrix-v1_2.xsd">
  <info>
    <title>Intradomain traffic matrix generated by geant-TM-all.pl</title>
    <date>2005-01-02T12:45:00</date>
    <duration>900</duration>
    <author>Steve Uhlig</author>
    <units>
        <unit type="bandwidth" value="kbps"/>
    </units>
  </info>
  <IntraTM ASID="20965">
    <src id="12">
      <dst id="12">225894.2756</dst>
      <dst id="13">13844.9244</dst>
      <dst id="19">841.2711</dst>
      <dst id="23">92.7378</dst>
      <dst id="8">1044.8444</dst>
      <dst id="18">2607.5200</dst>
      <dst id="4">83275.4489</dst>
      <dst id="1">6585.9911</dst>
      <dst id="5">1931.8133</dst>
      <dst id="3">2418.7733</dst>
      <dst id="22">5827.7067</dst>
      <dst id="7">2065.6889</dst>
      <dst id="2">60879.1822</dst>
      <dst id="6">64.9778</dst>
      <dst id="16">5005.6444</dst>
      <dst id="14">93.0933</dst>
      <dst id="20">410.9600</dst>
      <dst id="11">5665.0311</dst>
      <dst id="9">7855.7333</dst>
      <dst id="17">46349.3956</dst>
      <dst id="21">8140.8000</dst>
      <dst id="15">111.3956</dst>
    </src>
    <src id="13">
      <dst id="12">36837.7156</dst>
      <dst id="19">2861.3067</dst>
      <dst id="23">54.1689</dst>
      <dst id="8">848.2400</dst>
      <dst id="18">3525.7778</dst>
      <dst id="4">1.8489</dst>
      <dst id="1">1486.2222</dst>
      <dst id="5">4648.5956</dst>
      <dst id="3">3908.2578</dst>
      <dst id="22">22313.0578</dst>
      <dst id="7">10424.8178</dst>
      <dst id="2">86472.9956</dst>
      <dst id="6">35.9467</dst>
      <dst id="16">4182.5867</dst>
      <dst id="14">2211.4756</dst>
      <dst id="20">8626.4267</dst>
      <dst id="11">6391.3867</dst>
      <dst id="9">9596.4711</dst>
      <dst id="17">48953.2533</dst>
      <dst id="21">21895.0311</dst>
      <dst id="15">2189.1822</dst>
    </src>
    <src id="19">
      <dst id="12">10576.3378</dst>
      <dst id="13">1044.3644</dst>
      <dst id="23">3.6356</dst>
      <dst id="8">0.8533</dst>
      <dst id="18">11.4667</dst>
      <dst id="4">19694.1244</dst>
      <dst id="1">192.8800</dst>
      <dst id="5">7.0044</dst>
      <dst id="22">5.9111</dst>
      <dst id="7">2664.6311</dst>
      <dst id="2">413.2889</dst>
      <dst id="6">10.8089</dst>
      <dst id="16">9994.1689</dst>
      <dst id="14">1.2444</dst>
      <dst id="20">0.9156</dst>
      <dst id="11">0.9511</dst>
      <dst id="9">563.6533</dst>
      <dst id="17">1622.5333</dst>
      <dst id="21">403.9822</dst>
      <dst id="15">13.3333</dst>
    </src>
    <src id="23">
      <dst id="12">446.0444</dst>
      <dst id="13">20.8356</dst>
      <dst id="19">29.2267</dst>
      <dst id="8">19.9822</dst>
      <dst id="18">109.3600</dst>
      <dst id="4">29.0044</dst>
      <dst id="1">65.4311</dst>
      <dst id="5">30.2933</dst>
      <dst id="3">119.3244</dst>
      <dst id="22">20.7289</dst>
      <dst id="7">61.6978</dst>
      <dst id="2">42.9511</dst>
      <dst id="6">0.3378</dst>
      <dst id="16">74.2844</dst>
      <dst id="20">40.3556</dst>
      <dst id="11">40.7467</dst>
      <dst id="9">323.2889</dst>
      <dst id="17">323.8756</dst>
      <dst id="21">495.1822</dst>
      <dst id="15">1.4933</dst>
    </src>
    <src id="8">
      <dst id="12">261122.0089</dst>
      <dst id="13">306.6667</dst>
      <dst id="19">2.0978</dst>
      <dst id="23">12.2667</dst>
      <dst id="18">77.1022</dst>
      <dst id="4">5625.5111</dst>
      <dst id="1">97.6089</dst>
      <dst id="5">920.6222</dst>
      <dst id="3">0.3200</dst>
      <dst id="22">515.2978</dst>
      <dst id="7">7.0756</dst>
      <dst id="2">82319.6711</dst>
      <dst id="6">0.4622</dst>
      <dst id="16">31.9733</dst>
      <dst id="14">0.6578</dst>
      <dst id="20">87.1111</dst>
      <dst id="11">56.8178</dst>
      <dst id="9">664.2133</dst>
      <dst id="17">84199.9200</dst>
      <dst id="21">1726.4800</dst>
      <dst id="15">12.2667</dst>
    </src>
    <src id="18">
      <dst id="12">97182.5422</dst>
      <dst id="13">191.2978</dst>
      <dst id="19">20.6400</dst>
      <dst id="23">7.6978</dst>
      <dst id="8">29.4667</dst>
      <dst id="4">1958.6933</dst>
      <dst id="1">1130.5244</dst>
      <dst id="5">569.4578</dst>
      <dst id="3">53.3689</dst>
      <dst id="22">228.9778</dst>
      <dst id="7">68.8444</dst>
      <dst id="2">29570.1511</dst>
      <dst id="16">6.3733</dst>
      <dst id="14">16.9867</dst>
      <dst id="20">14.5156</dst>
      <dst id="11">80.9156</dst>
      <dst id="9">121.9556</dst>
      <dst id="17">33939.1822</dst>
      <dst id="21">88.5422</dst>
      <dst id="15">1.5644</dst>
    </src>
    <src id="4">
      <dst id="12">9817.6889</dst>
      <dst id="19">5196.9422</dst>
      <dst id="8">629.1644</dst>
      <dst id="18">1435.0667</dst>
      <dst id="1">10396.0089</dst>
      <dst id="5">1164.5511</dst>
      <dst id="3">736.1600</dst>
      <dst id="22">2995.9911</dst>
      <dst id="7">58253.3778</dst>
      <dst id="2">60112.0089</dst>
      <dst id="16">1225.1289</dst>
      <dst id="14">2351.1556</dst>
      <dst id="20">1859.8756</dst>
      <dst id="11">8402.5689</dst>
      <dst id="9">3107.4933</dst>
      <dst id="17">74996.4267</dst>
      <dst id="21">7110.8089</dst>
      <dst id="15">258.3467</dst>
    </src>
    <src id="1">
      <dst id="12">14693.3244</dst>
      <dst id="13">313.7422</dst>
      <dst id="19">5.4400</dst>
      <dst id="23">25.7600</dst>
      <dst id="8">54932.6578</dst>
      <dst id="18">11746.3822</dst>
      <dst id="4">6110.5689</dst>
      <dst id="1">17770.2311</dst>
      <dst id="5">139258.5333</dst>
      <dst id="3">61.2000</dst>
      <dst id="22">267.2000</dst>
      <dst id="7">677.8400</dst>
      <dst id="2">1436.1244</dst>
      <dst id="6">8808.1600</dst>
      <dst id="16">16940.5422</dst>
      <dst id="14">108.6667</dst>
      <dst id="20">48.3556</dst>
      <dst id="11">302.8444</dst>
      <dst id="9">120454.4889</dst>
      <dst id="17">1602.2578</dst>
      <dst id="21">1754.5956</dst>
      <dst id="15">68.9333</dst>
    </src>
    <src id="5">
      <dst id="12">212191.5644</dst>
      <dst id="13">442.5867</dst>
      <dst id="19">62.1244</dst>
      <dst id="23">114.6400</dst>
      <dst id="8">6506.2133</dst>
      <dst id="18">134.3022</dst>
      <dst id="4">5673.8844</dst>
      <dst id="1">340.5867</dst>
      <dst id="3">97.5378</dst>
      <dst id="22">1699.5911</dst>
      <dst id="7">57.9644</dst>
      <dst id="2">88767.7067</dst>
      <dst id="16">174.9511</dst>
      <dst id="14">0.5156</dst>
      <dst id="20">589.7156</dst>
      <dst id="11">339.7511</dst>
      <dst id="9">1626.9600</dst>
      <dst id="17">81379.9289</dst>
      <dst id="21">266.1778</dst>
      <dst id="15">16.6578</dst>
    </src>
    <src id="3">
      <dst id="12">17745.0756</dst>
      <dst id="13">1314.2844</dst>
      <dst id="19">4470.3822</dst>
      <dst id="23">4.4089</dst>
      <dst id="8">7.2178</dst>
      <dst id="18">54396.5333</dst>
      <dst id="4">18580.1067</dst>
      <dst id="1">4414.5600</dst>
      <dst id="5">665.3244</dst>
      <dst id="3">10684.2667</dst>
      <dst id="22">401.4311</dst>
      <dst id="7">5065.8667</dst>
      <dst id="2">4495.5200</dst>
      <dst id="6">30.3733</dst>
      <dst id="16">1005.3067</dst>
      <dst id="14">21795.5111</dst>
      <dst id="20">674.8978</dst>
      <dst id="11">100731.7867</dst>
      <dst id="9">175.5822</dst>
      <dst id="17">9193.2267</dst>
      <dst id="21">4419.3067</dst>
      <dst id="15">206.6756</dst>
    </src>
    <src id="10">
      <dst id="12">8908.1244</dst>
      <dst id="19">1548.9689</dst>
      <dst id="8">790.1689</dst>
      <dst id="18">449.0133</dst>
      <dst id="1">1150.1511</dst>
      <dst id="5">490.4800</dst>
      <dst id="3">17649.2622</dst>
      <dst id="22">2137.3422</dst>
      <dst id="7">11234.5689</dst>
      <dst id="2">22286.7111</dst>
      <dst id="6">0.9156</dst>
      <dst id="16">1611.9111</dst>
      <dst id="14">282.8978</dst>
      <dst id="20">2092.9778</dst>
      <dst id="11">3535.9733</dst>
      <dst id="9">1713.7867</dst>
      <dst id="17">18846.2667</dst>
      <dst id="21">8852.8267</dst>
      <dst id="15">672.8889</dst>
    </src>
    <src id="22">
      <dst id="12">9071.7067</dst>
      <dst id="13">1648.2933</dst>
      <dst id="19">25.4222</dst>
      <dst id="23">6.0089</dst>
      <dst id="8">441.9111</dst>
      <dst id="18">1113.4489</dst>
      <dst id="4">17471.6533</dst>
      <dst id="1">2542.1067</dst>
      <dst id="5">2885.6978</dst>
      <dst id="3">351.3600</dst>
      <dst id="7">351.7956</dst>
      <dst id="2">2308.4800</dst>
      <dst id="6">1.6533</dst>
      <dst id="16">1.4756</dst>
      <dst id="14">33.7067</dst>
      <dst id="11">2312.8622</dst>
      <dst id="9">3562.1511</dst>
      <dst id="17">1257.2711</dst>
      <dst id="21">879.1911</dst>
    </src>
    <src id="7">
      <dst id="12">1720.7911</dst>
      <dst id="13">114.2667</dst>
      <dst id="19">179.0222</dst>
      <dst id="23">212.8000</dst>
      <dst id="8">466.0622</dst>
      <dst id="18">425.3422</dst>
      <dst id="4">23007.1022</dst>
      <dst id="1">3895.0578</dst>
      <dst id="5">699.9111</dst>
      <dst id="3">98.3467</dst>
      <dst id="22">4336.3378</dst>
      <dst id="7">757.0844</dst>
      <dst id="2">5523.2178</dst>
      <dst id="16">331.8489</dst>
      <dst id="14">54.6667</dst>
      <dst id="20">24.4622</dst>
      <dst id="11">968.1244</dst>
      <dst id="9">172.9067</dst>
      <dst id="17">13648.1422</dst>
      <dst id="21">1668.2400</dst>
      <dst id="15">232.0533</dst>
    </src>
    <src id="2">
      <dst id="12">64833.0400</dst>
      <dst id="13">6859.8844</dst>
      <dst id="19">7704.6400</dst>
      <dst id="8">1210.8444</dst>
      <dst id="18">52555.7422</dst>
      <dst id="4">106792.4889</dst>
      <dst id="1">3666.4622</dst>
      <dst id="5">954.0978</dst>
      <dst id="3">25.0578</dst>
      <dst id="22">2096.5511</dst>
      <dst id="7">3343.1911</dst>
      <dst id="2">7198.0800</dst>
      <dst id="6">5038.1511</dst>
      <dst id="16">1884.7911</dst>
      <dst id="14">9816.5422</dst>
      <dst id="20">2294.7378</dst>
      <dst id="11">8337.7956</dst>
      <dst id="9">2057.4311</dst>
      <dst id="17">26522.1333</dst>
      <dst id="21">2711.9467</dst>
      <dst id="15">384.6222</dst>
    </src>
    <src id="6">
      <dst id="12">6502.3733</dst>
      <dst id="13">4.7467</dst>
      <dst id="19">1.4222</dst>
      <dst id="8">0.3556</dst>
      <dst id="4">53.9556</dst>
      <dst id="1">25.6889</dst>
      <dst id="22">1.1556</dst>
      <dst id="7">1.4933</dst>
      <dst id="2">1556.6400</dst>
      <dst id="11">0.7111</dst>
      <dst id="9">13.4933</dst>
      <dst id="17">960.9067</dst>
      <dst id="21">47.7689</dst>
    </src>
    <src id="16">
      <dst id="12">2182.4622</dst>
      <dst id="13">112.3911</dst>
      <dst id="19">4591.7867</dst>
      <dst id="23">154.1333</dst>
      <dst id="8">681.8400</dst>
      <dst id="18">1.8489</dst>
      <dst id="4">4905.4044</dst>
      <dst id="1">20269.4311</dst>
      <dst id="5">535.8133</dst>
      <dst id="3">1.6444</dst>
      <dst id="7">2268.7022</dst>
      <dst id="2">1091.6267</dst>
      <dst id="6">0.3556</dst>
      <dst id="16">19.2533</dst>
      <dst id="14">179.7067</dst>
      <dst id="11">176.3378</dst>
      <dst id="9">506.1689</dst>
      <dst id="17">1048.5244</dst>
      <dst id="21">1611.7244</dst>
    </src>
    <src id="14">
      <dst id="12">13605.0133</dst>
      <dst id="13">16.0000</dst>
      <dst id="19">3.7333</dst>
      <dst id="23">0.5956</dst>
      <dst id="18">12.6222</dst>
      <dst id="4">2287.7067</dst>
      <dst id="1">39.7156</dst>
      <dst id="5">0.9422</dst>
      <dst id="3">21.1644</dst>
      <dst id="22">3.0133</dst>
      <dst id="7">71.2889</dst>
      <dst id="2">4600.6044</dst>
      <dst id="16">389.7956</dst>
      <dst id="20">1.1200</dst>
      <dst id="11">30.4800</dst>
      <dst id="17">6648.2133</dst>
      <dst id="21">37.7156</dst>
    </src>
    <src id="20">
      <dst id="12">7831.7600</dst>
      <dst id="13">3689.1556</dst>
      <dst id="23">0.4622</dst>
      <dst id="8">405.2178</dst>
      <dst id="18">1.7956</dst>
      <dst id="4">7871.3867</dst>
      <dst id="1">51.0400</dst>
      <dst id="5">584.0000</dst>
      <dst id="3">286.8533</dst>
      <dst id="7">441.4133</dst>
      <dst id="2">1998.9333</dst>
      <dst id="14">12.8267</dst>
      <dst id="11">221.4578</dst>
      <dst id="9">4492.7556</dst>
      <dst id="17">525.2711</dst>
      <dst id="21">552.3200</dst>
    </src>
    <src id="11">
      <dst id="12">381083.1289</dst>
      <dst id="13">1104.9600</dst>
      <dst id="19">5.3600</dst>
      <dst id="23">59.7422</dst>
      <dst id="8">180.5511</dst>
      <dst id="18">277.0667</dst>
      <dst id="4">16586.1956</dst>
      <dst id="1">400.4444</dst>
      <dst id="5">1241.8933</dst>
      <dst id="3">255.6978</dst>
      <dst id="22">1840.5244</dst>
      <dst id="7">183.8311</dst>
      <dst id="2">157152.4978</dst>
      <dst id="6">14.0444</dst>
      <dst id="16">342.0178</dst>
      <dst id="14">53.4133</dst>
      <dst id="20">473.0756</dst>
      <dst id="11">1557.3244</dst>
      <dst id="9">3306.3467</dst>
      <dst id="17">146240.3911</dst>
      <dst id="21">411.3867</dst>
      <dst id="15">301.2444</dst>
    </src>
    <src id="9">
      <dst id="12">405829.6533</dst>
      <dst id="13">979.8933</dst>
      <dst id="19">28.2578</dst>
      <dst id="23">23.8222</dst>
      <dst id="8">81.4489</dst>
      <dst id="18">408.8889</dst>
      <dst id="4">13362.2222</dst>
      <dst id="1">816.9867</dst>
      <dst id="5">1094.9867</dst>
      <dst id="3">12.6222</dst>
      <dst id="22">1371.7067</dst>
      <dst id="7">384.1333</dst>
      <dst id="2">125731.9556</dst>
      <dst id="6">12.6222</dst>
      <dst id="16">43.0933</dst>
      <dst id="14">118.4000</dst>
      <dst id="20">229.5289</dst>
      <dst id="11">476.7022</dst>
      <dst id="9">1414.7733</dst>
      <dst id="17">154995.3333</dst>
      <dst id="21">1204.8711</dst>
      <dst id="15">178.7822</dst>
    </src>
    <src id="17">
      <dst id="12">2600.4533</dst>
      <dst id="13">37707.4933</dst>
      <dst id="19">191.8044</dst>
      <dst id="23">28.8978</dst>
      <dst id="8">92103.6800</dst>
      <dst id="18">93.1467</dst>
      <dst id="4">82215.6444</dst>
      <dst id="1">4367.7956</dst>
      <dst id="5">133562.2667</dst>
      <dst id="3">22760.5244</dst>
      <dst id="22">7864.3289</dst>
      <dst id="7">1446.2756</dst>
      <dst id="2">14081.4578</dst>
      <dst id="6">1.6356</dst>
      <dst id="16">4786.2311</dst>
      <dst id="14">20071.0311</dst>
      <dst id="20">5085.9911</dst>
      <dst id="11">86895.9200</dst>
      <dst id="9">118113.4044</dst>
      <dst id="17">1656.5956</dst>
      <dst id="21">5281.2533</dst>
      <dst id="15">17.3333</dst>
    </src>
    <src id="21">
      <dst id="12">18020.7200</dst>
      <dst id="13">501.7511</dst>
      <dst id="19">114.7022</dst>
      <dst id="23">2.4178</dst>
      <dst id="8">488.4889</dst>
      <dst id="18">589.7244</dst>
      <dst id="4">21059.9467</dst>
      <dst id="1">639.9200</dst>
      <dst id="5">500.2933</dst>
      <dst id="3">948.9422</dst>
      <dst id="22">813.4400</dst>
      <dst id="7">5582.8000</dst>
      <dst id="2">9653.1822</dst>
      <dst id="6">3.3689</dst>
      <dst id="16">190.7556</dst>
      <dst id="14">46.6044</dst>
      <dst id="20">78.9244</dst>
      <dst id="11">822.0711</dst>
      <dst id="9">188.6578</dst>
      <dst id="17">2834.2222</dst>
      <dst id="21">1028.9156</dst>
      <dst id="15">4.1600</dst>
    </src>
    <src id="15">
      <dst id="12">1659.9644</dst>
      <dst id="13">147.7689</dst>
      <dst id="23">0.6400</dst>
      <dst id="8">3.3067</dst>
      <dst id="18">1.7778</dst>
      <dst id="4">4470.2222</dst>
      <dst id="1">922.5244</dst>
      <dst id="5">44.1511</dst>
      <dst id="3">7.7511</dst>
      <dst id="7">17.2089</dst>
      <dst id="2">479.3867</dst>
      <dst id="11">63.3422</dst>
      <dst id="9">319.0578</dst>
      <dst id="17">505.9467</dst>
      <dst id="21">53.9467</dst>
    </src>
  </IntraTM>
</TrafficMatrixFile>
