<?xml version="1.0" encoding="UTF-8" standalone="yes"?>
<TrafficMatrixFile xmlns:xsi="http://www.w3.org/2001/XMLSchema-instance" xsi:noNamespaceSchemaLocation="http://totem.run.montefiore.ulg.ac.be/Schema/TrafficMatrix-v1_2.xsd">
  <info>
    <title>Intradomain traffic matrix generated by geant-TM-all.pl</title>
    <date>2005-01-01T14:45:00</date>
    <duration>900</duration>
    <author>Steve Uhlig</author>
    <units>
        <unit type="bandwidth" value="kbps"/>
    </units>
  </info>
  <IntraTM ASID="20965">
    <src id="12">
      <dst id="12">239370.7644</dst>
      <dst id="13">14726.9244</dst>
      <dst id="19">5167.2089</dst>
      <dst id="23">37.0311</dst>
      <dst id="8">1591.7956</dst>
      <dst id="18">113.2800</dst>
      <dst id="4">91010.7378</dst>
      <dst id="1">13728.4622</dst>
      <dst id="5">1442.4889</dst>
      <dst id="3">5724.3822</dst>
      <dst id="22">13672.8711</dst>
      <dst id="7">1761.9556</dst>
      <dst id="2">58928.9156</dst>
      <dst id="6">26.0889</dst>
      <dst id="16">5906.0622</dst>
      <dst id="14">1072.5867</dst>
      <dst id="20">893.5378</dst>
      <dst id="11">1978.4889</dst>
      <dst id="9">5578.4533</dst>
      <dst id="17">44498.3200</dst>
      <dst id="21">9577.3067</dst>
      <dst id="15">2304.0178</dst>
    </src>
    <src id="13">
      <dst id="12">39159.0756</dst>
      <dst id="19">18697.3956</dst>
      <dst id="23">14.7556</dst>
      <dst id="8">536.0178</dst>
      <dst id="18">1622.4622</dst>
      <dst id="1">2919.7778</dst>
      <dst id="5">6937.6533</dst>
      <dst id="3">3518.5422</dst>
      <dst id="22">13837.0222</dst>
      <dst id="7">8608.9511</dst>
      <dst id="2">75890.4444</dst>
      <dst id="6">23.2178</dst>
      <dst id="16">7124.4178</dst>
      <dst id="14">2003.0489</dst>
      <dst id="20">28837.2978</dst>
      <dst id="11">9555.8133</dst>
      <dst id="9">10654.1867</dst>
      <dst id="17">55100.0533</dst>
      <dst id="21">11914.5867</dst>
      <dst id="15">2530.6133</dst>
    </src>
    <src id="19">
      <dst id="12">14782.7200</dst>
      <dst id="13">411.9289</dst>
      <dst id="8">17.5022</dst>
      <dst id="18">13.7956</dst>
      <dst id="4">21877.8133</dst>
      <dst id="1">5.0044</dst>
      <dst id="5">4.2667</dst>
      <dst id="3">255.0311</dst>
      <dst id="22">340.8622</dst>
      <dst id="7">3091.3422</dst>
      <dst id="2">192.4000</dst>
      <dst id="6">104.1422</dst>
      <dst id="16">11619.8044</dst>
      <dst id="14">5.1467</dst>
      <dst id="20">9.7333</dst>
      <dst id="11">123.0222</dst>
      <dst id="9">30.2044</dst>
      <dst id="17">336.6667</dst>
      <dst id="21">154.7822</dst>
    </src>
    <src id="23">
      <dst id="12">234.4267</dst>
      <dst id="13">41.4044</dst>
      <dst id="19">1.2178</dst>
      <dst id="18">0.3556</dst>
      <dst id="4">55.8933</dst>
      <dst id="1">34.8800</dst>
      <dst id="5">2.0622</dst>
      <dst id="3">51.8489</dst>
      <dst id="22">13.3333</dst>
      <dst id="7">163.5644</dst>
      <dst id="2">1.4400</dst>
      <dst id="16">2.5956</dst>
      <dst id="14">40.3200</dst>
      <dst id="20">2016.3111</dst>
      <dst id="11">131.6178</dst>
      <dst id="9">82.5244</dst>
      <dst id="17">9.6889</dst>
      <dst id="21">193.0578</dst>
      <dst id="15">14.4711</dst>
    </src>
    <src id="8">
      <dst id="12">278135.6533</dst>
      <dst id="13">353.0133</dst>
      <dst id="19">118.6578</dst>
      <dst id="23">13.3333</dst>
      <dst id="18">96.7822</dst>
      <dst id="4">3856.9422</dst>
      <dst id="1">152.8178</dst>
      <dst id="5">381.6889</dst>
      <dst id="3">3.7067</dst>
      <dst id="22">849.3600</dst>
      <dst id="7">260.4889</dst>
      <dst id="2">84801.2178</dst>
      <dst id="6">13.8311</dst>
      <dst id="16">252.2756</dst>
      <dst id="20">3361.1911</dst>
      <dst id="11">105.6267</dst>
      <dst id="9">334.7911</dst>
      <dst id="17">52156.5956</dst>
      <dst id="21">229.6711</dst>
      <dst id="15">57.9911</dst>
    </src>
    <src id="18">
      <dst id="12">107839.4044</dst>
      <dst id="13">100.1422</dst>
      <dst id="19">1.0756</dst>
      <dst id="23">1.4844</dst>
      <dst id="8">29.8933</dst>
      <dst id="4">1651.6444</dst>
      <dst id="1">840.9422</dst>
      <dst id="5">900.6667</dst>
      <dst id="3">101.1822</dst>
      <dst id="22">65.9822</dst>
      <dst id="7">289.1822</dst>
      <dst id="2">27672.9333</dst>
      <dst id="16">15.4044</dst>
      <dst id="14">0.4622</dst>
      <dst id="20">15.4400</dst>
      <dst id="11">144.4889</dst>
      <dst id="9">107.5911</dst>
      <dst id="17">25754.4533</dst>
      <dst id="21">224.4356</dst>
      <dst id="15">224.2667</dst>
    </src>
    <src id="4">
      <dst id="12">9475.7156</dst>
      <dst id="19">15486.0978</dst>
      <dst id="8">795.1822</dst>
      <dst id="18">290.7822</dst>
      <dst id="4">2.2844</dst>
      <dst id="1">758.6667</dst>
      <dst id="5">3837.6089</dst>
      <dst id="3">75036.6756</dst>
      <dst id="22">3879.7333</dst>
      <dst id="7">28165.9378</dst>
      <dst id="2">58813.1378</dst>
      <dst id="6">0.7467</dst>
      <dst id="16">862.7289</dst>
      <dst id="14">14527.7422</dst>
      <dst id="20">893.0044</dst>
      <dst id="11">8765.3244</dst>
      <dst id="9">2450.0089</dst>
      <dst id="17">19636.9600</dst>
      <dst id="21">3758.2844</dst>
      <dst id="15">576.4356</dst>
    </src>
    <src id="1">
      <dst id="12">17610.3022</dst>
      <dst id="13">241.6622</dst>
      <dst id="19">4.6044</dst>
      <dst id="23">15.4844</dst>
      <dst id="8">56378.6222</dst>
      <dst id="18">11664.4267</dst>
      <dst id="4">9307.7778</dst>
      <dst id="1">61.5200</dst>
      <dst id="5">142442.4889</dst>
      <dst id="3">10681.6622</dst>
      <dst id="22">17.5911</dst>
      <dst id="7">13172.7822</dst>
      <dst id="2">1797.2356</dst>
      <dst id="6">3893.2356</dst>
      <dst id="16">17313.4489</dst>
      <dst id="14">49.9644</dst>
      <dst id="20">81.1111</dst>
      <dst id="11">164.1600</dst>
      <dst id="9">157922.4178</dst>
      <dst id="17">1678.4622</dst>
      <dst id="21">2321.7244</dst>
      <dst id="15">164.2844</dst>
    </src>
    <src id="5">
      <dst id="12">267595.9733</dst>
      <dst id="13">938.4533</dst>
      <dst id="19">147.5911</dst>
      <dst id="23">53.3333</dst>
      <dst id="8">643.6711</dst>
      <dst id="18">80.9156</dst>
      <dst id="4">6052.1067</dst>
      <dst id="1">101.3333</dst>
      <dst id="3">250.3911</dst>
      <dst id="22">3708.6400</dst>
      <dst id="7">126.9956</dst>
      <dst id="2">99786.7378</dst>
      <dst id="6">0.3911</dst>
      <dst id="16">492.2311</dst>
      <dst id="14">20.4444</dst>
      <dst id="20">1105.3600</dst>
      <dst id="11">1922.5333</dst>
      <dst id="9">561.9200</dst>
      <dst id="17">71506.9156</dst>
      <dst id="21">414.8356</dst>
      <dst id="15">187.6622</dst>
    </src>
    <src id="3">
      <dst id="12">15735.1733</dst>
      <dst id="13">175.4400</dst>
      <dst id="19">2941.7422</dst>
      <dst id="23">3.8756</dst>
      <dst id="8">15.3244</dst>
      <dst id="18">54683.6711</dst>
      <dst id="4">36007.9911</dst>
      <dst id="1">1364.4711</dst>
      <dst id="5">245.2267</dst>
      <dst id="3">8872.0267</dst>
      <dst id="22">168.9333</dst>
      <dst id="7">1492.4800</dst>
      <dst id="2">4753.2711</dst>
      <dst id="6">1.3333</dst>
      <dst id="16">1078.9333</dst>
      <dst id="14">26556.7822</dst>
      <dst id="20">295.9200</dst>
      <dst id="11">98129.4578</dst>
      <dst id="9">282.1156</dst>
      <dst id="17">9780.3822</dst>
      <dst id="21">5198.5600</dst>
      <dst id="15">25.9289</dst>
    </src>
    <src id="10">
      <dst id="12">13719.0578</dst>
      <dst id="19">4010.0711</dst>
      <dst id="8">1156.1600</dst>
      <dst id="18">11300.7111</dst>
      <dst id="1">887.9733</dst>
      <dst id="5">1408.9778</dst>
      <dst id="3">9579.3333</dst>
      <dst id="22">3937.3067</dst>
      <dst id="7">16267.5556</dst>
      <dst id="2">25035.7689</dst>
      <dst id="6">243.4667</dst>
      <dst id="16">199.4044</dst>
      <dst id="14">1739.1822</dst>
      <dst id="20">2269.5378</dst>
      <dst id="11">2786.0889</dst>
      <dst id="9">3037.7689</dst>
      <dst id="17">10802.4711</dst>
      <dst id="21">5434.9689</dst>
      <dst id="15">604.9244</dst>
    </src>
    <src id="22">
      <dst id="12">4007.5467</dst>
      <dst id="13">1395.6800</dst>
      <dst id="19">52.0800</dst>
      <dst id="23">0.4622</dst>
      <dst id="8">298.7467</dst>
      <dst id="18">1315.4933</dst>
      <dst id="4">20228.2667</dst>
      <dst id="1">114.2400</dst>
      <dst id="5">4489.0400</dst>
      <dst id="3">311.3689</dst>
      <dst id="7">1592.0444</dst>
      <dst id="2">2235.7422</dst>
      <dst id="6">160.2133</dst>
      <dst id="16">0.6578</dst>
      <dst id="14">27.8489</dst>
      <dst id="11">1866.2844</dst>
      <dst id="9">3994.3022</dst>
      <dst id="17">1514.9067</dst>
      <dst id="21">654.5867</dst>
    </src>
    <src id="7">
      <dst id="12">2619.8933</dst>
      <dst id="13">471.4933</dst>
      <dst id="19">323.7867</dst>
      <dst id="23">101.4044</dst>
      <dst id="8">421.3600</dst>
      <dst id="18">628.3289</dst>
      <dst id="4">44922.4178</dst>
      <dst id="1">577.4667</dst>
      <dst id="5">1291.8844</dst>
      <dst id="3">771.4667</dst>
      <dst id="22">4423.5911</dst>
      <dst id="7">782.5067</dst>
      <dst id="2">3944.4889</dst>
      <dst id="6">15.8578</dst>
      <dst id="16">548.0444</dst>
      <dst id="14">88.9511</dst>
      <dst id="20">105.4400</dst>
      <dst id="11">753.7867</dst>
      <dst id="9">644.0889</dst>
      <dst id="17">6651.5644</dst>
      <dst id="21">3038.6844</dst>
      <dst id="15">3.2800</dst>
    </src>
    <src id="2">
      <dst id="12">86285.2000</dst>
      <dst id="13">1559.4489</dst>
      <dst id="19">241.8756</dst>
      <dst id="8">140.5689</dst>
      <dst id="18">44900.5333</dst>
      <dst id="4">111266.6400</dst>
      <dst id="1">1404.8889</dst>
      <dst id="5">670.8978</dst>
      <dst id="3">457.5556</dst>
      <dst id="22">1060.3556</dst>
      <dst id="7">4926.5689</dst>
      <dst id="2">167.7422</dst>
      <dst id="6">4216.0711</dst>
      <dst id="16">2073.7867</dst>
      <dst id="14">317.1733</dst>
      <dst id="20">466.9867</dst>
      <dst id="11">3016.0444</dst>
      <dst id="9">388.6756</dst>
      <dst id="17">9937.1200</dst>
      <dst id="21">3628.1511</dst>
      <dst id="15">258.9511</dst>
    </src>
    <src id="6">
      <dst id="12">7061.8756</dst>
      <dst id="13">0.6578</dst>
      <dst id="19">1.8133</dst>
      <dst id="8">28.6933</dst>
      <dst id="18">0.4267</dst>
      <dst id="4">69.2622</dst>
      <dst id="1">1.2800</dst>
      <dst id="5">7.4667</dst>
      <dst id="3">14.6933</dst>
      <dst id="22">6.5867</dst>
      <dst id="2">2161.1289</dst>
      <dst id="16">1.0133</dst>
      <dst id="9">0.4444</dst>
      <dst id="17">913.9822</dst>
      <dst id="21">0.3556</dst>
    </src>
    <src id="16">
      <dst id="12">3493.5200</dst>
      <dst id="13">290.1778</dst>
      <dst id="19">4962.5422</dst>
      <dst id="23">2.1511</dst>
      <dst id="8">2330.8089</dst>
      <dst id="18">15.0844</dst>
      <dst id="4">7297.4844</dst>
      <dst id="1">19654.4533</dst>
      <dst id="5">2461.7333</dst>
      <dst id="3">1642.2400</dst>
      <dst id="7">2924.8711</dst>
      <dst id="2">180.4533</dst>
      <dst id="6">39.8222</dst>
      <dst id="16">21.3511</dst>
      <dst id="14">432.1156</dst>
      <dst id="11">120.0533</dst>
      <dst id="9">8004.2222</dst>
      <dst id="17">1499.8044</dst>
      <dst id="21">278.6311</dst>
    </src>
    <src id="14">
      <dst id="12">13463.9022</dst>
      <dst id="13">304.0000</dst>
      <dst id="19">4.8000</dst>
      <dst id="23">1.9022</dst>
      <dst id="8">11.0667</dst>
      <dst id="18">1.4667</dst>
      <dst id="4">2608.2311</dst>
      <dst id="1">24.0711</dst>
      <dst id="5">26.6667</dst>
      <dst id="3">59.7600</dst>
      <dst id="22">2.1156</dst>
      <dst id="7">62.7556</dst>
      <dst id="2">4529.4222</dst>
      <dst id="16">32.8622</dst>
      <dst id="20">0.3556</dst>
      <dst id="11">28.3733</dst>
      <dst id="9">13.3333</dst>
      <dst id="17">3876.6222</dst>
      <dst id="21">66.2578</dst>
    </src>
    <src id="20">
      <dst id="12">5742.9244</dst>
      <dst id="13">17551.2889</dst>
      <dst id="19">727.3600</dst>
      <dst id="23">19.6267</dst>
      <dst id="8">144.9689</dst>
      <dst id="18">564.5244</dst>
      <dst id="4">8450.9600</dst>
      <dst id="1">71.1200</dst>
      <dst id="5">2107.0489</dst>
      <dst id="3">231.2444</dst>
      <dst id="7">436.3467</dst>
      <dst id="2">5106.4000</dst>
      <dst id="11">534.4622</dst>
      <dst id="9">9355.0222</dst>
      <dst id="17">8755.8489</dst>
      <dst id="21">153.7333</dst>
    </src>
    <src id="11">
      <dst id="12">365844.8622</dst>
      <dst id="13">264.1956</dst>
      <dst id="19">30.9333</dst>
      <dst id="23">465.5200</dst>
      <dst id="8">74.3733</dst>
      <dst id="18">308.9600</dst>
      <dst id="4">20614.0356</dst>
      <dst id="1">594.2400</dst>
      <dst id="5">390.5956</dst>
      <dst id="3">468.5511</dst>
      <dst id="22">2646.4533</dst>
      <dst id="7">224.4622</dst>
      <dst id="2">131967.4222</dst>
      <dst id="16">251.3067</dst>
      <dst id="14">49.9911</dst>
      <dst id="20">110.1156</dst>
      <dst id="11">1446.6222</dst>
      <dst id="9">196.3911</dst>
      <dst id="17">76448.6044</dst>
      <dst id="21">1938.3467</dst>
      <dst id="15">149.5556</dst>
    </src>
    <src id="9">
      <dst id="12">458339.3778</dst>
      <dst id="13">600.0356</dst>
      <dst id="19">1.7511</dst>
      <dst id="23">5.4400</dst>
      <dst id="8">269.1733</dst>
      <dst id="18">3905.0667</dst>
      <dst id="4">11235.3956</dst>
      <dst id="1">137.8400</dst>
      <dst id="5">1642.6844</dst>
      <dst id="3">147.7867</dst>
      <dst id="22">979.6000</dst>
      <dst id="7">170.5067</dst>
      <dst id="2">122529.7333</dst>
      <dst id="16">477.3600</dst>
      <dst id="14">28.1511</dst>
      <dst id="20">1757.4844</dst>
      <dst id="11">433.7156</dst>
      <dst id="9">4834.1067</dst>
      <dst id="17">108264.5956</dst>
      <dst id="21">425.7689</dst>
      <dst id="15">288.1422</dst>
    </src>
    <src id="17">
      <dst id="12">12695.2444</dst>
      <dst id="13">694.6489</dst>
      <dst id="19">9793.2978</dst>
      <dst id="23">6.0178</dst>
      <dst id="8">61770.9689</dst>
      <dst id="18">101.1822</dst>
      <dst id="4">123100.9244</dst>
      <dst id="1">699.0489</dst>
      <dst id="5">144796.8800</dst>
      <dst id="3">10525.2444</dst>
      <dst id="22">971.3600</dst>
      <dst id="7">19118.0267</dst>
      <dst id="2">10151.1556</dst>
      <dst id="6">44.4800</dst>
      <dst id="16">2062.6756</dst>
      <dst id="14">21900.9778</dst>
      <dst id="20">596.4889</dst>
      <dst id="11">76808.4889</dst>
      <dst id="9">145066.7200</dst>
      <dst id="17">1598.5600</dst>
      <dst id="21">9450.4444</dst>
      <dst id="15">161.5556</dst>
    </src>
    <src id="21">
      <dst id="12">19185.8400</dst>
      <dst id="13">1234.6756</dst>
      <dst id="19">314.1333</dst>
      <dst id="23">1891.9111</dst>
      <dst id="8">7.3422</dst>
      <dst id="18">170.0711</dst>
      <dst id="4">21693.9022</dst>
      <dst id="1">1902.5778</dst>
      <dst id="5">587.7689</dst>
      <dst id="3">825.4933</dst>
      <dst id="22">1937.9467</dst>
      <dst id="7">532.4889</dst>
      <dst id="2">9317.1822</dst>
      <dst id="16">82.4622</dst>
      <dst id="14">105.8756</dst>
      <dst id="20">44.8000</dst>
      <dst id="11">693.8933</dst>
      <dst id="9">363.4400</dst>
      <dst id="17">2501.0133</dst>
      <dst id="21">2034.3644</dst>
      <dst id="15">100.0711</dst>
    </src>
    <src id="15">
      <dst id="12">272.2489</dst>
      <dst id="13">393.3956</dst>
      <dst id="19">0.5333</dst>
      <dst id="23">1.6533</dst>
      <dst id="8">20.9778</dst>
      <dst id="18">34.7467</dst>
      <dst id="4">6241.3600</dst>
      <dst id="1">45.9822</dst>
      <dst id="5">765.0400</dst>
      <dst id="3">614.0444</dst>
      <dst id="7">10.3467</dst>
      <dst id="2">5793.6356</dst>
      <dst id="6">1.0667</dst>
      <dst id="14">0.4267</dst>
      <dst id="11">124.1778</dst>
      <dst id="9">893.6800</dst>
      <dst id="17">443.9111</dst>
      <dst id="21">58.3467</dst>
    </src>
  </IntraTM>
</TrafficMatrixFile>
