<?xml version="1.0" encoding="UTF-8" standalone="yes"?>
<TrafficMatrixFile xmlns:xsi="http://www.w3.org/2001/XMLSchema-instance" xsi:noNamespaceSchemaLocation="http://totem.run.montefiore.ulg.ac.be/Schema/TrafficMatrix-v1_2.xsd">
  <info>
    <title>Intradomain traffic matrix generated by geant-TM-all.pl</title>
    <date>2005-01-02T03:45:00</date>
    <duration>900</duration>
    <author>Steve Uhlig</author>
    <units>
        <unit type="bandwidth" value="kbps"/>
    </units>
  </info>
  <IntraTM ASID="20965">
    <src id="12">
      <dst id="12">330259.6356</dst>
      <dst id="13">17648.4444</dst>
      <dst id="19">5900.4178</dst>
      <dst id="23">248.9867</dst>
      <dst id="8">4216.5067</dst>
      <dst id="18">9285.0844</dst>
      <dst id="4">141381.3511</dst>
      <dst id="1">7882.0267</dst>
      <dst id="5">4807.2444</dst>
      <dst id="3">5533.4489</dst>
      <dst id="22">14914.2044</dst>
      <dst id="7">13575.4133</dst>
      <dst id="2">105457.0044</dst>
      <dst id="6">4.5867</dst>
      <dst id="16">5133.4133</dst>
      <dst id="14">317.1200</dst>
      <dst id="20">9534.4000</dst>
      <dst id="11">8912.0978</dst>
      <dst id="9">14614.9422</dst>
      <dst id="17">99614.0978</dst>
      <dst id="21">22210.0889</dst>
      <dst id="15">3911.3956</dst>
    </src>
    <src id="13">
      <dst id="12">143305.3244</dst>
      <dst id="19">8655.6444</dst>
      <dst id="23">1347.2356</dst>
      <dst id="8">5155.4933</dst>
      <dst id="18">8946.0978</dst>
      <dst id="1">3449.4133</dst>
      <dst id="5">15498.7022</dst>
      <dst id="3">11160.7822</dst>
      <dst id="22">23916.2933</dst>
      <dst id="7">13808.7467</dst>
      <dst id="2">153472.3822</dst>
      <dst id="6">46.1422</dst>
      <dst id="16">8020.2756</dst>
      <dst id="14">2039.6356</dst>
      <dst id="20">25085.8222</dst>
      <dst id="11">19507.8311</dst>
      <dst id="9">22111.4756</dst>
      <dst id="17">82939.4400</dst>
      <dst id="21">23797.7511</dst>
      <dst id="15">2970.3467</dst>
    </src>
    <src id="19">
      <dst id="12">15517.8933</dst>
      <dst id="13">7087.1733</dst>
      <dst id="23">27.0222</dst>
      <dst id="8">66.4178</dst>
      <dst id="18">173.3333</dst>
      <dst id="4">25614.8178</dst>
      <dst id="1">2720.2222</dst>
      <dst id="5">171.2889</dst>
      <dst id="3">43.7600</dst>
      <dst id="22">972.7822</dst>
      <dst id="7">5960.2133</dst>
      <dst id="2">1526.3822</dst>
      <dst id="6">125.7600</dst>
      <dst id="16">6796.7911</dst>
      <dst id="14">0.3556</dst>
      <dst id="20">294.2311</dst>
      <dst id="11">8170.1600</dst>
      <dst id="9">790.5422</dst>
      <dst id="17">2702.9600</dst>
      <dst id="21">1127.6356</dst>
      <dst id="15">53.6889</dst>
    </src>
    <src id="23">
      <dst id="12">201.5644</dst>
      <dst id="13">209.1111</dst>
      <dst id="19">15.5022</dst>
      <dst id="8">244.5511</dst>
      <dst id="18">0.7111</dst>
      <dst id="4">1126.4533</dst>
      <dst id="1">108.8178</dst>
      <dst id="5">118.1600</dst>
      <dst id="3">53.3333</dst>
      <dst id="22">345.5822</dst>
      <dst id="7">99.6800</dst>
      <dst id="2">13.0044</dst>
      <dst id="6">0.3378</dst>
      <dst id="16">338.7733</dst>
      <dst id="20">416.4444</dst>
      <dst id="11">59.4311</dst>
      <dst id="9">53.3333</dst>
      <dst id="17">240.9511</dst>
      <dst id="21">375.7156</dst>
      <dst id="15">1.6000</dst>
    </src>
    <src id="8">
      <dst id="12">311870.5422</dst>
      <dst id="13">266.4444</dst>
      <dst id="19">84.0178</dst>
      <dst id="23">238.6578</dst>
      <dst id="18">1013.3156</dst>
      <dst id="4">12457.6800</dst>
      <dst id="1">589.0756</dst>
      <dst id="5">3513.8222</dst>
      <dst id="3">33.4489</dst>
      <dst id="22">1008.2044</dst>
      <dst id="7">19.0578</dst>
      <dst id="2">142883.3156</dst>
      <dst id="6">0.3556</dst>
      <dst id="16">563.3067</dst>
      <dst id="14">1.1733</dst>
      <dst id="20">84.8356</dst>
      <dst id="11">447.0311</dst>
      <dst id="9">1437.1111</dst>
      <dst id="17">119865.9644</dst>
      <dst id="21">2970.7822</dst>
      <dst id="15">3127.1467</dst>
    </src>
    <src id="18">
      <dst id="12">114320.7022</dst>
      <dst id="13">198.4267</dst>
      <dst id="19">1295.8222</dst>
      <dst id="23">3.3156</dst>
      <dst id="8">41.6089</dst>
      <dst id="4">2257.7778</dst>
      <dst id="1">1228.0978</dst>
      <dst id="5">789.7333</dst>
      <dst id="3">277.2267</dst>
      <dst id="22">898.0711</dst>
      <dst id="7">136.6667</dst>
      <dst id="2">39381.0133</dst>
      <dst id="16">26.8889</dst>
      <dst id="20">94.2133</dst>
      <dst id="11">874.4356</dst>
      <dst id="9">533.9911</dst>
      <dst id="17">41224.8178</dst>
      <dst id="21">1356.5511</dst>
      <dst id="15">34.8622</dst>
    </src>
    <src id="4">
      <dst id="12">19207.4489</dst>
      <dst id="19">11106.3733</dst>
      <dst id="8">1760.5867</dst>
      <dst id="18">3152.5422</dst>
      <dst id="4">1.6444</dst>
      <dst id="1">62890.1244</dst>
      <dst id="5">1557.6356</dst>
      <dst id="3">496.8889</dst>
      <dst id="22">5929.9022</dst>
      <dst id="7">71095.5911</dst>
      <dst id="2">54506.5956</dst>
      <dst id="6">24.2044</dst>
      <dst id="16">2871.7244</dst>
      <dst id="14">4793.7778</dst>
      <dst id="20">5164.2311</dst>
      <dst id="11">18157.0311</dst>
      <dst id="9">2313.3333</dst>
      <dst id="17">40770.0533</dst>
      <dst id="21">10096.9956</dst>
      <dst id="15">889.1556</dst>
    </src>
    <src id="1">
      <dst id="12">15868.9333</dst>
      <dst id="13">1120.1600</dst>
      <dst id="19">115.1822</dst>
      <dst id="23">60.8978</dst>
      <dst id="8">157553.1644</dst>
      <dst id="18">18097.2533</dst>
      <dst id="4">28042.7467</dst>
      <dst id="1">53904.1778</dst>
      <dst id="5">288159.6711</dst>
      <dst id="3">100.6933</dst>
      <dst id="22">4893.0756</dst>
      <dst id="7">2297.4044</dst>
      <dst id="2">4143.0400</dst>
      <dst id="6">7888.3911</dst>
      <dst id="16">9895.3333</dst>
      <dst id="14">85.1822</dst>
      <dst id="20">457.0133</dst>
      <dst id="11">250.1778</dst>
      <dst id="9">248619.5911</dst>
      <dst id="17">3840.9511</dst>
      <dst id="21">6147.8667</dst>
      <dst id="15">145.2978</dst>
    </src>
    <src id="5">
      <dst id="12">329139.5822</dst>
      <dst id="13">6381.9644</dst>
      <dst id="19">135.9289</dst>
      <dst id="23">28.9778</dst>
      <dst id="8">5254.2844</dst>
      <dst id="18">124.1333</dst>
      <dst id="4">8903.4400</dst>
      <dst id="1">1678.3467</dst>
      <dst id="3">39.3956</dst>
      <dst id="22">9241.8933</dst>
      <dst id="7">190.3733</dst>
      <dst id="2">165688.9600</dst>
      <dst id="16">1015.9733</dst>
      <dst id="14">61.0844</dst>
      <dst id="20">5099.0489</dst>
      <dst id="11">1254.8622</dst>
      <dst id="9">3636.8889</dst>
      <dst id="17">135220.8711</dst>
      <dst id="21">1829.0844</dst>
      <dst id="15">114.3644</dst>
    </src>
    <src id="3">
      <dst id="12">10933.2978</dst>
      <dst id="13">1185.6622</dst>
      <dst id="19">1324.6311</dst>
      <dst id="23">16.8800</dst>
      <dst id="8">288.0444</dst>
      <dst id="18">139748.6133</dst>
      <dst id="4">37096.8622</dst>
      <dst id="1">5620.4622</dst>
      <dst id="5">962.4356</dst>
      <dst id="3">17759.3778</dst>
      <dst id="22">4099.8489</dst>
      <dst id="7">7690.9333</dst>
      <dst id="2">7711.9378</dst>
      <dst id="6">1.6089</dst>
      <dst id="16">2048.5689</dst>
      <dst id="14">47620.5067</dst>
      <dst id="20">408.9600</dst>
      <dst id="11">188317.2178</dst>
      <dst id="9">1604.3200</dst>
      <dst id="17">7092.1600</dst>
      <dst id="21">11227.0844</dst>
      <dst id="15">223.1822</dst>
    </src>
    <src id="10">
      <dst id="12">11185.3333</dst>
      <dst id="19">1946.0089</dst>
      <dst id="8">1453.2711</dst>
      <dst id="18">2853.9733</dst>
      <dst id="1">1160.5422</dst>
      <dst id="5">1114.8000</dst>
      <dst id="3">20045.2533</dst>
      <dst id="22">5791.8400</dst>
      <dst id="7">13449.0578</dst>
      <dst id="2">46281.6800</dst>
      <dst id="6">36.8267</dst>
      <dst id="16">3194.3378</dst>
      <dst id="14">1671.1111</dst>
      <dst id="20">2053.9644</dst>
      <dst id="11">2741.9378</dst>
      <dst id="9">2779.7600</dst>
      <dst id="17">29141.2622</dst>
      <dst id="21">14195.6444</dst>
      <dst id="15">1105.0133</dst>
    </src>
    <src id="22">
      <dst id="12">12092.8889</dst>
      <dst id="13">5587.5467</dst>
      <dst id="19">316.0267</dst>
      <dst id="23">353.2267</dst>
      <dst id="8">2757.7511</dst>
      <dst id="18">3377.9022</dst>
      <dst id="4">19692.3644</dst>
      <dst id="1">3665.6356</dst>
      <dst id="5">10550.3644</dst>
      <dst id="3">971.6711</dst>
      <dst id="7">958.0533</dst>
      <dst id="2">2337.4756</dst>
      <dst id="6">2.4711</dst>
      <dst id="16">13.3333</dst>
      <dst id="14">53.0756</dst>
      <dst id="11">6534.6489</dst>
      <dst id="9">3913.8044</dst>
      <dst id="17">14418.9867</dst>
      <dst id="21">1973.5200</dst>
    </src>
    <src id="7">
      <dst id="12">4457.9289</dst>
      <dst id="13">204.5778</dst>
      <dst id="19">837.3511</dst>
      <dst id="23">458.3111</dst>
      <dst id="8">309.7067</dst>
      <dst id="18">2631.9911</dst>
      <dst id="4">99369.3600</dst>
      <dst id="1">28373.1378</dst>
      <dst id="5">2190.5778</dst>
      <dst id="3">450.7822</dst>
      <dst id="22">3410.3733</dst>
      <dst id="7">759.6356</dst>
      <dst id="2">24708.3022</dst>
      <dst id="6">13.8578</dst>
      <dst id="16">631.0400</dst>
      <dst id="14">233.8489</dst>
      <dst id="20">1073.2889</dst>
      <dst id="11">3505.2800</dst>
      <dst id="9">1009.1822</dst>
      <dst id="17">7272.3467</dst>
      <dst id="21">14834.1867</dst>
      <dst id="15">478.0711</dst>
    </src>
    <src id="2">
      <dst id="12">128632.7467</dst>
      <dst id="13">11731.4667</dst>
      <dst id="19">8987.0222</dst>
      <dst id="8">1876.1956</dst>
      <dst id="18">115067.0578</dst>
      <dst id="4">128323.7689</dst>
      <dst id="1">11209.2267</dst>
      <dst id="5">1775.5822</dst>
      <dst id="3">255.5733</dst>
      <dst id="22">3360.7556</dst>
      <dst id="7">28621.0756</dst>
      <dst id="2">1313.6800</dst>
      <dst id="6">8215.6444</dst>
      <dst id="16">5447.0756</dst>
      <dst id="14">656.8622</dst>
      <dst id="20">836.0267</dst>
      <dst id="11">2872.8622</dst>
      <dst id="9">1849.6889</dst>
      <dst id="17">41935.0489</dst>
      <dst id="21">9345.2889</dst>
      <dst id="15">636.4800</dst>
    </src>
    <src id="6">
      <dst id="12">12570.4356</dst>
      <dst id="13">6.9156</dst>
      <dst id="19">15.2711</dst>
      <dst id="8">1.6356</dst>
      <dst id="4">150.8089</dst>
      <dst id="1">12.3200</dst>
      <dst id="5">0.4267</dst>
      <dst id="3">13.5111</dst>
      <dst id="22">25.8489</dst>
      <dst id="7">12.6222</dst>
      <dst id="2">2420.0889</dst>
      <dst id="16">3.3422</dst>
      <dst id="11">1.7244</dst>
      <dst id="9">1.1556</dst>
      <dst id="17">1392.2133</dst>
      <dst id="21">28.1422</dst>
    </src>
    <src id="16">
      <dst id="12">4992.6933</dst>
      <dst id="13">638.5867</dst>
      <dst id="19">4915.6533</dst>
      <dst id="23">201.4222</dst>
      <dst id="8">9424.6044</dst>
      <dst id="18">71.2267</dst>
      <dst id="4">8268.3733</dst>
      <dst id="1">17852.1156</dst>
      <dst id="5">11733.2356</dst>
      <dst id="3">0.7111</dst>
      <dst id="7">3171.2444</dst>
      <dst id="2">1320.2756</dst>
      <dst id="6">13.0489</dst>
      <dst id="16">78.1156</dst>
      <dst id="14">825.7422</dst>
      <dst id="11">182.0533</dst>
      <dst id="9">9495.1378</dst>
      <dst id="17">1771.5911</dst>
      <dst id="21">880.6489</dst>
    </src>
    <src id="14">
      <dst id="12">17434.7644</dst>
      <dst id="13">40.5600</dst>
      <dst id="19">4.2667</dst>
      <dst id="23">1.3689</dst>
      <dst id="8">24.1778</dst>
      <dst id="18">13.9289</dst>
      <dst id="4">3587.1111</dst>
      <dst id="1">36.4444</dst>
      <dst id="5">19.5111</dst>
      <dst id="3">98.8000</dst>
      <dst id="22">74.4889</dst>
      <dst id="7">39.4933</dst>
      <dst id="2">7323.9467</dst>
      <dst id="16">16.5156</dst>
      <dst id="20">139.1378</dst>
      <dst id="11">95.1022</dst>
      <dst id="9">0.8889</dst>
      <dst id="17">9563.5200</dst>
      <dst id="21">93.5200</dst>
      <dst id="15">33.9733</dst>
    </src>
    <src id="20">
      <dst id="12">7582.0622</dst>
      <dst id="13">2312.9067</dst>
      <dst id="19">131.0933</dst>
      <dst id="23">35.8311</dst>
      <dst id="8">77.1467</dst>
      <dst id="18">271.8933</dst>
      <dst id="4">10391.7511</dst>
      <dst id="1">226.1689</dst>
      <dst id="5">6448.2400</dst>
      <dst id="3">1222.2756</dst>
      <dst id="7">580.2578</dst>
      <dst id="2">3030.8800</dst>
      <dst id="6">1.2444</dst>
      <dst id="14">34.6667</dst>
      <dst id="11">6356.9689</dst>
      <dst id="9">23522.8978</dst>
      <dst id="17">1642.4533</dst>
      <dst id="21">1893.9111</dst>
    </src>
    <src id="11">
      <dst id="12">426075.5822</dst>
      <dst id="13">3198.6133</dst>
      <dst id="19">466.3733</dst>
      <dst id="23">188.5333</dst>
      <dst id="8">580.2844</dst>
      <dst id="18">409.9200</dst>
      <dst id="4">18286.1600</dst>
      <dst id="1">1043.2800</dst>
      <dst id="5">1868.9511</dst>
      <dst id="3">439.6178</dst>
      <dst id="22">4019.7956</dst>
      <dst id="7">1301.6267</dst>
      <dst id="2">177718.1244</dst>
      <dst id="16">1179.3333</dst>
      <dst id="14">21.7156</dst>
      <dst id="20">4344.8533</dst>
      <dst id="11">2078.0178</dst>
      <dst id="9">2317.6978</dst>
      <dst id="17">161780.1156</dst>
      <dst id="21">4949.7067</dst>
      <dst id="15">168.2933</dst>
    </src>
    <src id="9">
      <dst id="12">535317.1556</dst>
      <dst id="13">5119.0933</dst>
      <dst id="19">49.5200</dst>
      <dst id="23">2.5511</dst>
      <dst id="8">1240.5333</dst>
      <dst id="18">325.0400</dst>
      <dst id="4">20035.9733</dst>
      <dst id="1">11039.2356</dst>
      <dst id="5">1957.8044</dst>
      <dst id="3">51.7956</dst>
      <dst id="22">2421.0400</dst>
      <dst id="7">394.2933</dst>
      <dst id="2">190097.5911</dst>
      <dst id="6">13.8756</dst>
      <dst id="16">847.6178</dst>
      <dst id="14">3.5822</dst>
      <dst id="20">1052.2844</dst>
      <dst id="11">797.9467</dst>
      <dst id="9">392.7556</dst>
      <dst id="17">190272.4178</dst>
      <dst id="21">5375.4222</dst>
      <dst id="15">958.8444</dst>
    </src>
    <src id="17">
      <dst id="12">14880.8356</dst>
      <dst id="13">3227.6089</dst>
      <dst id="19">419.5733</dst>
      <dst id="23">326.7822</dst>
      <dst id="8">167855.4667</dst>
      <dst id="18">1951.9733</dst>
      <dst id="4">64565.4400</dst>
      <dst id="1">3624.9689</dst>
      <dst id="5">290769.9556</dst>
      <dst id="3">12429.7956</dst>
      <dst id="22">15726.6756</dst>
      <dst id="7">26744.3911</dst>
      <dst id="2">15892.5333</dst>
      <dst id="6">558.8711</dst>
      <dst id="16">10724.4800</dst>
      <dst id="14">52692.8089</dst>
      <dst id="20">1175.4044</dst>
      <dst id="11">140873.0400</dst>
      <dst id="9">240789.5556</dst>
      <dst id="17">1757.4933</dst>
      <dst id="21">23032.1244</dst>
      <dst id="15">431.7689</dst>
    </src>
    <src id="21">
      <dst id="12">16708.7022</dst>
      <dst id="13">596.1422</dst>
      <dst id="19">251.8844</dst>
      <dst id="23">101.7067</dst>
      <dst id="8">385.2356</dst>
      <dst id="18">3946.5067</dst>
      <dst id="4">56103.3156</dst>
      <dst id="1">4046.7822</dst>
      <dst id="5">593.3244</dst>
      <dst id="3">1628.1422</dst>
      <dst id="22">2527.6267</dst>
      <dst id="7">3277.4489</dst>
      <dst id="2">16350.2044</dst>
      <dst id="6">90.7378</dst>
      <dst id="16">353.4756</dst>
      <dst id="14">74.3022</dst>
      <dst id="20">500.2133</dst>
      <dst id="11">3784.6844</dst>
      <dst id="9">4059.0222</dst>
      <dst id="17">7700.1867</dst>
      <dst id="21">2160.9244</dst>
      <dst id="15">87.8489</dst>
    </src>
    <src id="15">
      <dst id="12">10774.2844</dst>
      <dst id="13">2000.1156</dst>
      <dst id="19">21.9022</dst>
      <dst id="8">91.2444</dst>
      <dst id="18">16.6222</dst>
      <dst id="4">6833.3511</dst>
      <dst id="1">519.0933</dst>
      <dst id="5">197.0844</dst>
      <dst id="3">14.7289</dst>
      <dst id="7">26.5689</dst>
      <dst id="2">2322.0622</dst>
      <dst id="14">184.9689</dst>
      <dst id="11">61.0489</dst>
      <dst id="9">477.8844</dst>
      <dst id="17">146.3556</dst>
      <dst id="21">40.7022</dst>
    </src>
  </IntraTM>
</TrafficMatrixFile>
