<?xml version="1.0" encoding="UTF-8" standalone="yes"?>
<TrafficMatrixFile xmlns:xsi="http://www.w3.org/2001/XMLSchema-instance" xsi:noNamespaceSchemaLocation="http://totem.run.montefiore.ulg.ac.be/Schema/TrafficMatrix-v1_2.xsd">
  <info>
    <title>Intradomain traffic matrix generated by geant-TM-all.pl</title>
    <date>2005-01-02T14:30:00</date>
    <duration>900</duration>
    <author>Steve Uhlig</author>
    <units>
        <unit type="bandwidth" value="kbps"/>
    </units>
  </info>
  <IntraTM ASID="20965">
    <src id="12">
      <dst id="12">183266.0800</dst>
      <dst id="13">11861.3689</dst>
      <dst id="19">2593.3867</dst>
      <dst id="23">6062.0889</dst>
      <dst id="8">1463.5733</dst>
      <dst id="18">698.8711</dst>
      <dst id="4">90073.6267</dst>
      <dst id="1">7164.4356</dst>
      <dst id="5">2471.9911</dst>
      <dst id="3">1561.2000</dst>
      <dst id="22">1751.3333</dst>
      <dst id="7">5735.0044</dst>
      <dst id="2">50848.6578</dst>
      <dst id="6">13.8933</dst>
      <dst id="16">13442.6222</dst>
      <dst id="14">171.4222</dst>
      <dst id="20">3706.8978</dst>
      <dst id="11">1975.5556</dst>
      <dst id="9">3253.7156</dst>
      <dst id="17">54340.8622</dst>
      <dst id="21">7878.5867</dst>
      <dst id="15">82.0800</dst>
    </src>
    <src id="13">
      <dst id="12">34130.9244</dst>
      <dst id="19">3357.8311</dst>
      <dst id="23">50.0533</dst>
      <dst id="8">2458.1689</dst>
      <dst id="18">2268.0178</dst>
      <dst id="1">1701.6978</dst>
      <dst id="5">3515.8222</dst>
      <dst id="3">3791.5733</dst>
      <dst id="22">14754.2667</dst>
      <dst id="7">10595.1556</dst>
      <dst id="2">54858.0889</dst>
      <dst id="6">46.8889</dst>
      <dst id="16">4411.2000</dst>
      <dst id="14">1149.9822</dst>
      <dst id="20">10794.2844</dst>
      <dst id="11">6445.3067</dst>
      <dst id="9">8246.9689</dst>
      <dst id="17">26370.7644</dst>
      <dst id="21">15121.7333</dst>
      <dst id="15">1013.2089</dst>
    </src>
    <src id="19">
      <dst id="12">12476.1333</dst>
      <dst id="13">51.5556</dst>
      <dst id="23">1.1378</dst>
      <dst id="8">0.4978</dst>
      <dst id="4">34817.6711</dst>
      <dst id="1">134.3911</dst>
      <dst id="5">15.8756</dst>
      <dst id="3">1.0667</dst>
      <dst id="22">63.1378</dst>
      <dst id="7">2691.2800</dst>
      <dst id="2">964.0178</dst>
      <dst id="6">31.2978</dst>
      <dst id="16">10954.4978</dst>
      <dst id="20">2.4978</dst>
      <dst id="11">27.0133</dst>
      <dst id="9">380.3733</dst>
      <dst id="17">35.8044</dst>
      <dst id="21">299.9822</dst>
      <dst id="15">1.6000</dst>
    </src>
    <src id="23">
      <dst id="12">235.2978</dst>
      <dst id="13">24.4978</dst>
      <dst id="19">13.6444</dst>
      <dst id="8">54.2222</dst>
      <dst id="18">2.5511</dst>
      <dst id="4">79.5022</dst>
      <dst id="1">45.1822</dst>
      <dst id="5">13.8400</dst>
      <dst id="3">50.4889</dst>
      <dst id="22">36.6667</dst>
      <dst id="7">188.8444</dst>
      <dst id="2">16.3644</dst>
      <dst id="16">29.8222</dst>
      <dst id="20">26.6667</dst>
      <dst id="11">81.2800</dst>
      <dst id="9">391.6267</dst>
      <dst id="17">295.4044</dst>
      <dst id="21">505.0133</dst>
    </src>
    <src id="8">
      <dst id="12">251174.6400</dst>
      <dst id="13">281.1378</dst>
      <dst id="19">0.4711</dst>
      <dst id="23">197.5111</dst>
      <dst id="18">3.5378</dst>
      <dst id="4">7673.0311</dst>
      <dst id="1">95.4044</dst>
      <dst id="5">181.7422</dst>
      <dst id="3">25.2444</dst>
      <dst id="22">525.1378</dst>
      <dst id="7">229.5556</dst>
      <dst id="2">76798.8622</dst>
      <dst id="6">0.5333</dst>
      <dst id="16">453.3867</dst>
      <dst id="20">237.0667</dst>
      <dst id="11">343.1911</dst>
      <dst id="9">485.7689</dst>
      <dst id="17">83138.0800</dst>
      <dst id="21">376.6311</dst>
      <dst id="15">1.9556</dst>
    </src>
    <src id="18">
      <dst id="12">106102.2756</dst>
      <dst id="13">106.0267</dst>
      <dst id="19">1.1378</dst>
      <dst id="23">2.6578</dst>
      <dst id="8">49.1200</dst>
      <dst id="4">2708.1422</dst>
      <dst id="1">1138.1778</dst>
      <dst id="5">220.3911</dst>
      <dst id="3">29.7511</dst>
      <dst id="22">226.6578</dst>
      <dst id="7">27.4044</dst>
      <dst id="2">31134.2578</dst>
      <dst id="16">6.2933</dst>
      <dst id="14">25.0756</dst>
      <dst id="20">73.5378</dst>
      <dst id="11">80.5422</dst>
      <dst id="9">108.7378</dst>
      <dst id="17">36911.8133</dst>
      <dst id="21">187.0044</dst>
      <dst id="15">4.9244</dst>
    </src>
    <src id="4">
      <dst id="12">10457.5022</dst>
      <dst id="19">4883.3689</dst>
      <dst id="23">5.0489</dst>
      <dst id="8">618.6222</dst>
      <dst id="18">841.1822</dst>
      <dst id="4">0.3556</dst>
      <dst id="1">16126.4533</dst>
      <dst id="5">1764.4800</dst>
      <dst id="3">2814.9244</dst>
      <dst id="22">3171.2356</dst>
      <dst id="7">37410.0089</dst>
      <dst id="2">44224.5689</dst>
      <dst id="6">3.2178</dst>
      <dst id="16">1024.8178</dst>
      <dst id="14">760.5689</dst>
      <dst id="20">1250.5067</dst>
      <dst id="11">7023.3867</dst>
      <dst id="9">2588.0533</dst>
      <dst id="17">98052.6044</dst>
      <dst id="21">5328.0711</dst>
      <dst id="15">192.9778</dst>
    </src>
    <src id="1">
      <dst id="12">15236.4622</dst>
      <dst id="13">125.7067</dst>
      <dst id="19">4.3022</dst>
      <dst id="23">30.5422</dst>
      <dst id="8">56875.8133</dst>
      <dst id="18">13307.0044</dst>
      <dst id="4">7200.2844</dst>
      <dst id="1">27535.1289</dst>
      <dst id="5">144471.0756</dst>
      <dst id="3">4.7289</dst>
      <dst id="22">189.3956</dst>
      <dst id="7">1403.2711</dst>
      <dst id="2">1341.2356</dst>
      <dst id="6">8275.5822</dst>
      <dst id="16">17462.2222</dst>
      <dst id="14">54.6133</dst>
      <dst id="20">47.1289</dst>
      <dst id="11">82.1244</dst>
      <dst id="9">133923.3867</dst>
      <dst id="17">2189.1822</dst>
      <dst id="21">2547.6178</dst>
      <dst id="15">63.2267</dst>
    </src>
    <src id="5">
      <dst id="12">205508.0711</dst>
      <dst id="13">547.6889</dst>
      <dst id="19">93.0844</dst>
      <dst id="23">67.0222</dst>
      <dst id="8">418.1333</dst>
      <dst id="18">59.6800</dst>
      <dst id="4">3823.7511</dst>
      <dst id="1">95.8400</dst>
      <dst id="3">190.1867</dst>
      <dst id="22">1468.9867</dst>
      <dst id="7">103.5289</dst>
      <dst id="2">82882.3467</dst>
      <dst id="6">1.1467</dst>
      <dst id="16">182.6489</dst>
      <dst id="14">8.8089</dst>
      <dst id="20">299.2178</dst>
      <dst id="11">280.5067</dst>
      <dst id="9">1265.5378</dst>
      <dst id="17">69977.0844</dst>
      <dst id="21">239.0489</dst>
      <dst id="15">45.5822</dst>
    </src>
    <src id="3">
      <dst id="12">15826.0889</dst>
      <dst id="13">1062.7556</dst>
      <dst id="19">780.3644</dst>
      <dst id="23">2.8089</dst>
      <dst id="8">6.4533</dst>
      <dst id="18">53373.3067</dst>
      <dst id="4">18334.6933</dst>
      <dst id="1">5256.2756</dst>
      <dst id="5">557.0756</dst>
      <dst id="3">7295.0222</dst>
      <dst id="22">412.0267</dst>
      <dst id="7">747.8667</dst>
      <dst id="2">2562.0622</dst>
      <dst id="6">0.5156</dst>
      <dst id="16">499.5022</dst>
      <dst id="14">21444.1600</dst>
      <dst id="20">29.8578</dst>
      <dst id="11">104414.0267</dst>
      <dst id="9">103.5289</dst>
      <dst id="17">8548.9689</dst>
      <dst id="21">2787.2000</dst>
      <dst id="15">128.4711</dst>
    </src>
    <src id="10">
      <dst id="12">7423.6978</dst>
      <dst id="19">1936.9244</dst>
      <dst id="23">0.4267</dst>
      <dst id="8">859.2267</dst>
      <dst id="18">4473.5467</dst>
      <dst id="1">1965.7867</dst>
      <dst id="5">901.5644</dst>
      <dst id="3">19321.2800</dst>
      <dst id="22">1781.6800</dst>
      <dst id="7">14628.7733</dst>
      <dst id="2">19875.4044</dst>
      <dst id="16">5436.1244</dst>
      <dst id="14">417.1022</dst>
      <dst id="20">3007.8222</dst>
      <dst id="11">3962.6489</dst>
      <dst id="9">4333.1289</dst>
      <dst id="17">17426.9156</dst>
      <dst id="21">6437.6800</dst>
      <dst id="15">352.1600</dst>
    </src>
    <src id="22">
      <dst id="12">2720.5422</dst>
      <dst id="13">1178.1867</dst>
      <dst id="19">70.5689</dst>
      <dst id="23">11.0933</dst>
      <dst id="8">399.5822</dst>
      <dst id="18">795.5467</dst>
      <dst id="4">19070.2933</dst>
      <dst id="1">97.3244</dst>
      <dst id="5">3242.8800</dst>
      <dst id="3">1062.2933</dst>
      <dst id="7">500.2400</dst>
      <dst id="2">2817.3511</dst>
      <dst id="6">2.8889</dst>
      <dst id="16">4.1333</dst>
      <dst id="14">6.1600</dst>
      <dst id="11">2952.4533</dst>
      <dst id="9">377.3600</dst>
      <dst id="17">979.8578</dst>
      <dst id="21">565.7956</dst>
    </src>
    <src id="7">
      <dst id="12">1914.4533</dst>
      <dst id="13">150.9244</dst>
      <dst id="19">31.3422</dst>
      <dst id="23">37.9022</dst>
      <dst id="8">438.1600</dst>
      <dst id="18">267.5822</dst>
      <dst id="4">23120.1156</dst>
      <dst id="1">2118.7733</dst>
      <dst id="5">619.3333</dst>
      <dst id="3">24.1422</dst>
      <dst id="22">3288.4000</dst>
      <dst id="7">881.4667</dst>
      <dst id="2">4849.5200</dst>
      <dst id="6">0.3556</dst>
      <dst id="16">366.5156</dst>
      <dst id="14">71.6356</dst>
      <dst id="20">103.0311</dst>
      <dst id="11">556.3111</dst>
      <dst id="9">235.9467</dst>
      <dst id="17">2382.8978</dst>
      <dst id="21">1737.5378</dst>
      <dst id="15">68.8889</dst>
    </src>
    <src id="2">
      <dst id="12">63751.9556</dst>
      <dst id="13">5268.7644</dst>
      <dst id="19">7943.7511</dst>
      <dst id="23">0.9244</dst>
      <dst id="8">1853.6000</dst>
      <dst id="18">46828.1333</dst>
      <dst id="4">80056.5511</dst>
      <dst id="1">1362.9422</dst>
      <dst id="5">2619.4311</dst>
      <dst id="3">16.4800</dst>
      <dst id="22">1604.4000</dst>
      <dst id="7">5947.8400</dst>
      <dst id="2">1282.8267</dst>
      <dst id="6">4610.9067</dst>
      <dst id="16">3966.0889</dst>
      <dst id="14">5394.2222</dst>
      <dst id="20">112.5689</dst>
      <dst id="11">3806.6489</dst>
      <dst id="9">2200.6133</dst>
      <dst id="17">18273.9644</dst>
      <dst id="21">3028.7822</dst>
      <dst id="15">17.3511</dst>
    </src>
    <src id="6">
      <dst id="12">8192.2044</dst>
      <dst id="13">0.5244</dst>
      <dst id="19">0.7111</dst>
      <dst id="8">0.3911</dst>
      <dst id="4">134.2933</dst>
      <dst id="1">1.0844</dst>
      <dst id="5">13.2178</dst>
      <dst id="22">0.5689</dst>
      <dst id="7">36.2667</dst>
      <dst id="2">1526.8444</dst>
      <dst id="16">0.5244</dst>
      <dst id="20">0.4267</dst>
      <dst id="11">0.8178</dst>
      <dst id="9">0.7378</dst>
      <dst id="17">919.3156</dst>
      <dst id="21">0.3289</dst>
    </src>
    <src id="16">
      <dst id="12">3091.1200</dst>
      <dst id="13">116.4000</dst>
      <dst id="19">5604.7733</dst>
      <dst id="23">2.7022</dst>
      <dst id="8">983.8044</dst>
      <dst id="18">2.1422</dst>
      <dst id="4">5727.8844</dst>
      <dst id="1">21591.4489</dst>
      <dst id="5">2574.3200</dst>
      <dst id="3">13.7511</dst>
      <dst id="7">1962.5867</dst>
      <dst id="2">383.6356</dst>
      <dst id="6">13.4578</dst>
      <dst id="16">24.2489</dst>
      <dst id="14">137.0400</dst>
      <dst id="11">64.1067</dst>
      <dst id="9">5846.2489</dst>
      <dst id="17">692.5689</dst>
      <dst id="21">99.2978</dst>
    </src>
    <src id="14">
      <dst id="12">12348.0267</dst>
      <dst id="13">44.2844</dst>
      <dst id="19">3.5733</dst>
      <dst id="8">11.5556</dst>
      <dst id="18">13.0844</dst>
      <dst id="4">1378.7556</dst>
      <dst id="1">25.2978</dst>
      <dst id="5">13.0489</dst>
      <dst id="3">12.1244</dst>
      <dst id="22">0.4267</dst>
      <dst id="7">132.7467</dst>
      <dst id="2">5406.9778</dst>
      <dst id="16">118.5867</dst>
      <dst id="20">0.7378</dst>
      <dst id="11">54.8000</dst>
      <dst id="9">13.8667</dst>
      <dst id="17">6885.7333</dst>
      <dst id="21">37.1200</dst>
    </src>
    <src id="20">
      <dst id="12">1118.4000</dst>
      <dst id="13">263.6444</dst>
      <dst id="19">5.0756</dst>
      <dst id="23">1.3867</dst>
      <dst id="8">386.0533</dst>
      <dst id="18">21.6178</dst>
      <dst id="4">13466.3111</dst>
      <dst id="1">33.3244</dst>
      <dst id="5">932.9867</dst>
      <dst id="3">381.3511</dst>
      <dst id="7">17.3778</dst>
      <dst id="2">2359.0667</dst>
      <dst id="14">0.3556</dst>
      <dst id="11">168.8356</dst>
      <dst id="9">2248.1867</dst>
      <dst id="17">4049.7689</dst>
      <dst id="21">142.5600</dst>
    </src>
    <src id="11">
      <dst id="12">365840.2311</dst>
      <dst id="13">639.6800</dst>
      <dst id="19">15.7511</dst>
      <dst id="23">15.5378</dst>
      <dst id="8">383.5822</dst>
      <dst id="18">131.0756</dst>
      <dst id="4">13049.1111</dst>
      <dst id="1">618.0533</dst>
      <dst id="5">825.8756</dst>
      <dst id="3">455.1200</dst>
      <dst id="22">2012.2489</dst>
      <dst id="7">306.7467</dst>
      <dst id="2">133626.0444</dst>
      <dst id="6">23.8222</dst>
      <dst id="16">653.8222</dst>
      <dst id="14">22.6844</dst>
      <dst id="20">35.8844</dst>
      <dst id="11">1690.7822</dst>
      <dst id="9">947.4578</dst>
      <dst id="17">132636.3911</dst>
      <dst id="21">392.6933</dst>
      <dst id="15">159.6622</dst>
    </src>
    <src id="9">
      <dst id="12">360409.0578</dst>
      <dst id="13">607.2178</dst>
      <dst id="19">18.1867</dst>
      <dst id="23">11.3778</dst>
      <dst id="8">62.8267</dst>
      <dst id="18">164.9956</dst>
      <dst id="4">12790.2222</dst>
      <dst id="1">248.4889</dst>
      <dst id="5">1481.6533</dst>
      <dst id="3">27.2000</dst>
      <dst id="22">1050.1956</dst>
      <dst id="7">395.7689</dst>
      <dst id="2">118768.6133</dst>
      <dst id="6">0.3289</dst>
      <dst id="16">344.4800</dst>
      <dst id="20">245.7689</dst>
      <dst id="11">406.2400</dst>
      <dst id="9">3151.5644</dst>
      <dst id="17">146285.5911</dst>
      <dst id="21">398.3911</dst>
      <dst id="15">430.1156</dst>
    </src>
    <src id="17">
      <dst id="12">1730.6400</dst>
      <dst id="13">11263.6889</dst>
      <dst id="19">50.7022</dst>
      <dst id="23">14.8267</dst>
      <dst id="8">85745.4400</dst>
      <dst id="18">3464.4533</dst>
      <dst id="4">34909.8311</dst>
      <dst id="1">3016.7467</dst>
      <dst id="5">141902.3644</dst>
      <dst id="3">12518.0800</dst>
      <dst id="22">3409.5911</dst>
      <dst id="7">2051.2889</dst>
      <dst id="2">11340.1689</dst>
      <dst id="6">1.3867</dst>
      <dst id="16">10666.7289</dst>
      <dst id="14">16532.9956</dst>
      <dst id="20">245.1200</dst>
      <dst id="11">78136.1067</dst>
      <dst id="9">134961.1911</dst>
      <dst id="17">675.0489</dst>
      <dst id="21">3809.9911</dst>
      <dst id="15">56.7467</dst>
    </src>
    <src id="21">
      <dst id="12">15076.2844</dst>
      <dst id="13">898.8356</dst>
      <dst id="19">22.2844</dst>
      <dst id="23">0.8178</dst>
      <dst id="8">434.4889</dst>
      <dst id="18">335.4933</dst>
      <dst id="4">20289.9111</dst>
      <dst id="1">639.5022</dst>
      <dst id="5">380.7822</dst>
      <dst id="3">900.5511</dst>
      <dst id="22">1052.1067</dst>
      <dst id="7">3063.6533</dst>
      <dst id="2">6799.0400</dst>
      <dst id="6">3.5911</dst>
      <dst id="16">198.5511</dst>
      <dst id="14">73.3067</dst>
      <dst id="20">86.7644</dst>
      <dst id="11">803.2089</dst>
      <dst id="9">296.1156</dst>
      <dst id="17">2293.8489</dst>
      <dst id="21">1124.3289</dst>
      <dst id="15">27.0756</dst>
    </src>
    <src id="15">
      <dst id="12">1224.4356</dst>
      <dst id="13">42.8533</dst>
      <dst id="19">0.4622</dst>
      <dst id="23">0.6756</dst>
      <dst id="8">0.7822</dst>
      <dst id="18">0.6400</dst>
      <dst id="4">2356.2578</dst>
      <dst id="1">681.2800</dst>
      <dst id="5">166.6756</dst>
      <dst id="3">6.6311</dst>
      <dst id="7">2.5333</dst>
      <dst id="2">141.7511</dst>
      <dst id="14">1.3067</dst>
      <dst id="11">689.2978</dst>
      <dst id="9">7573.6978</dst>
      <dst id="17">73.8578</dst>
      <dst id="21">27.4489</dst>
    </src>
  </IntraTM>
</TrafficMatrixFile>
