<?xml version="1.0" encoding="UTF-8" standalone="yes"?>
<TrafficMatrixFile xmlns:xsi="http://www.w3.org/2001/XMLSchema-instance" xsi:noNamespaceSchemaLocation="http://totem.run.montefiore.ulg.ac.be/Schema/TrafficMatrix-v1_2.xsd">
  <info>
    <title>Intradomain traffic matrix generated by geant-TM-all.pl</title>
    <date>2005-01-04T18:30:00</date>
    <duration>900</duration>
    <author>Steve Uhlig</author>
    <units>
        <unit type="bandwidth" value="kbps"/>
    </units>
  </info>
  <IntraTM ASID="20965">
    <src id="12">
      <dst id="12">196873.4667</dst>
      <dst id="13">9811.4489</dst>
      <dst id="19">2076.4533</dst>
      <dst id="23">119.9644</dst>
      <dst id="8">891.5644</dst>
      <dst id="18">222.9778</dst>
      <dst id="4">60862.2578</dst>
      <dst id="1">6683.3867</dst>
      <dst id="5">20164.6311</dst>
      <dst id="3">1964.4356</dst>
      <dst id="22">12192.9244</dst>
      <dst id="7">14814.0533</dst>
      <dst id="2">64266.3822</dst>
      <dst id="6">8.6578</dst>
      <dst id="16">4874.2222</dst>
      <dst id="14">748.2844</dst>
      <dst id="20">11029.5556</dst>
      <dst id="11">1795.9022</dst>
      <dst id="9">2028.9600</dst>
      <dst id="17">64278.4800</dst>
      <dst id="21">2495.1556</dst>
      <dst id="15">18153.9467</dst>
    </src>
    <src id="13">
      <dst id="12">27830.5422</dst>
      <dst id="19">13564.3200</dst>
      <dst id="23">50.8178</dst>
      <dst id="8">1240.7556</dst>
      <dst id="18">1634.3378</dst>
      <dst id="1">4452.6489</dst>
      <dst id="5">3678.8356</dst>
      <dst id="3">7338.7467</dst>
      <dst id="22">14926.2756</dst>
      <dst id="7">8981.5822</dst>
      <dst id="2">79905.2978</dst>
      <dst id="6">50.8978</dst>
      <dst id="16">8500.4978</dst>
      <dst id="14">9244.1511</dst>
      <dst id="20">5868.5778</dst>
      <dst id="11">7522.1778</dst>
      <dst id="9">9867.1911</dst>
      <dst id="17">40447.9467</dst>
      <dst id="21">4902.1067</dst>
      <dst id="15">6051.3067</dst>
    </src>
    <src id="19">
      <dst id="12">12711.1556</dst>
      <dst id="13">181.3422</dst>
      <dst id="8">0.7733</dst>
      <dst id="18">3.0222</dst>
      <dst id="4">18761.1733</dst>
      <dst id="1">329.2711</dst>
      <dst id="5">150.8000</dst>
      <dst id="3">0.3556</dst>
      <dst id="22">50.1156</dst>
      <dst id="7">3318.8800</dst>
      <dst id="2">210.1156</dst>
      <dst id="6">26.7733</dst>
      <dst id="16">8097.3067</dst>
      <dst id="14">67.6800</dst>
      <dst id="20">18.4533</dst>
      <dst id="11">133.8044</dst>
      <dst id="9">0.3556</dst>
      <dst id="17">240.8267</dst>
      <dst id="21">706.7733</dst>
      <dst id="15">2.0622</dst>
    </src>
    <src id="23">
      <dst id="12">112.8267</dst>
      <dst id="13">400.7644</dst>
      <dst id="18">0.5511</dst>
      <dst id="4">4.3644</dst>
      <dst id="1">19.6000</dst>
      <dst id="5">166.4533</dst>
      <dst id="3">171.8933</dst>
      <dst id="22">133.1467</dst>
      <dst id="7">141.6178</dst>
      <dst id="2">13.9556</dst>
      <dst id="16">64.1867</dst>
      <dst id="14">39.1111</dst>
      <dst id="20">0.3733</dst>
      <dst id="11">40.4089</dst>
      <dst id="9">1148.2311</dst>
      <dst id="17">32.9333</dst>
      <dst id="21">312.3467</dst>
    </src>
    <src id="8">
      <dst id="12">251601.1200</dst>
      <dst id="13">1148.8444</dst>
      <dst id="19">0.4711</dst>
      <dst id="18">12.8000</dst>
      <dst id="4">5512.0356</dst>
      <dst id="1">235.6711</dst>
      <dst id="5">303.8489</dst>
      <dst id="3">26.6667</dst>
      <dst id="22">2018.7378</dst>
      <dst id="7">18.4978</dst>
      <dst id="2">104272.8978</dst>
      <dst id="16">1614.7467</dst>
      <dst id="14">0.7022</dst>
      <dst id="20">118.7556</dst>
      <dst id="11">514.4533</dst>
      <dst id="9">194.3733</dst>
      <dst id="17">94050.0089</dst>
      <dst id="21">97.3956</dst>
      <dst id="15">163.5200</dst>
    </src>
    <src id="18">
      <dst id="12">88722.3644</dst>
      <dst id="13">478.0444</dst>
      <dst id="19">0.7022</dst>
      <dst id="8">43.0489</dst>
      <dst id="4">1455.3067</dst>
      <dst id="1">1294.9333</dst>
      <dst id="5">205.2267</dst>
      <dst id="3">19.5467</dst>
      <dst id="22">115.5644</dst>
      <dst id="7">6.0533</dst>
      <dst id="2">29645.4756</dst>
      <dst id="16">17.3867</dst>
      <dst id="14">0.6400</dst>
      <dst id="20">627.6800</dst>
      <dst id="11">88.4533</dst>
      <dst id="9">100.6044</dst>
      <dst id="17">30042.0800</dst>
      <dst id="21">75.5911</dst>
      <dst id="15">115.1289</dst>
    </src>
    <src id="4">
      <dst id="12">10500.2578</dst>
      <dst id="19">15173.6356</dst>
      <dst id="23">0.9244</dst>
      <dst id="8">989.6089</dst>
      <dst id="18">806.3911</dst>
      <dst id="4">1.1378</dst>
      <dst id="1">11272.3378</dst>
      <dst id="5">2015.1289</dst>
      <dst id="3">89.9022</dst>
      <dst id="22">2849.5378</dst>
      <dst id="7">35059.1644</dst>
      <dst id="2">107655.6356</dst>
      <dst id="6">37.0311</dst>
      <dst id="16">1393.4578</dst>
      <dst id="14">3183.9733</dst>
      <dst id="20">339.9822</dst>
      <dst id="11">2050.8178</dst>
      <dst id="9">2313.8667</dst>
      <dst id="17">25089.6444</dst>
      <dst id="21">4628.1956</dst>
      <dst id="15">344.6133</dst>
    </src>
    <src id="1">
      <dst id="12">15485.5644</dst>
      <dst id="13">375.9200</dst>
      <dst id="19">20.2578</dst>
      <dst id="23">37.8400</dst>
      <dst id="8">74189.2178</dst>
      <dst id="18">12636.7556</dst>
      <dst id="4">8869.7422</dst>
      <dst id="1">7470.5067</dst>
      <dst id="5">176693.7244</dst>
      <dst id="3">116.9600</dst>
      <dst id="22">469.7244</dst>
      <dst id="7">1309.4578</dst>
      <dst id="2">1715.9733</dst>
      <dst id="6">8296.9689</dst>
      <dst id="16">12794.7289</dst>
      <dst id="14">129.5022</dst>
      <dst id="20">81.2178</dst>
      <dst id="11">157.9644</dst>
      <dst id="9">176805.3867</dst>
      <dst id="17">5296.8089</dst>
      <dst id="21">1740.0978</dst>
      <dst id="15">129.8133</dst>
    </src>
    <src id="5">
      <dst id="12">230978.4444</dst>
      <dst id="13">721.9644</dst>
      <dst id="19">15.8400</dst>
      <dst id="23">527.4578</dst>
      <dst id="8">355.7333</dst>
      <dst id="18">1035.2711</dst>
      <dst id="4">4519.3333</dst>
      <dst id="1">491.3689</dst>
      <dst id="3">1.9556</dst>
      <dst id="22">3365.2889</dst>
      <dst id="7">65.7156</dst>
      <dst id="2">97208.6400</dst>
      <dst id="6">27.0222</dst>
      <dst id="16">518.8178</dst>
      <dst id="14">57.6000</dst>
      <dst id="20">459.8222</dst>
      <dst id="11">593.9467</dst>
      <dst id="9">766.7111</dst>
      <dst id="17">84898.7822</dst>
      <dst id="21">360.3733</dst>
      <dst id="15">181.7867</dst>
    </src>
    <src id="3">
      <dst id="12">5699.7244</dst>
      <dst id="13">372.8622</dst>
      <dst id="19">1047.2711</dst>
      <dst id="23">6570.7911</dst>
      <dst id="8">80.7467</dst>
      <dst id="18">42566.2756</dst>
      <dst id="4">43392.2222</dst>
      <dst id="1">3974.7733</dst>
      <dst id="5">215.2356</dst>
      <dst id="3">7778.7111</dst>
      <dst id="22">2201.6800</dst>
      <dst id="7">1935.6533</dst>
      <dst id="2">15160.7289</dst>
      <dst id="6">1.3956</dst>
      <dst id="16">1279.4222</dst>
      <dst id="14">61174.9422</dst>
      <dst id="20">74.4089</dst>
      <dst id="11">93497.3156</dst>
      <dst id="9">194.0000</dst>
      <dst id="17">9956.0000</dst>
      <dst id="21">13590.7022</dst>
      <dst id="15">56.4356</dst>
    </src>
    <src id="10">
      <dst id="12">12557.9556</dst>
      <dst id="19">8169.3867</dst>
      <dst id="8">106.4889</dst>
      <dst id="18">468.3911</dst>
      <dst id="1">2312.0711</dst>
      <dst id="5">515.4489</dst>
      <dst id="3">3612.3911</dst>
      <dst id="22">5283.5556</dst>
      <dst id="7">41837.8222</dst>
      <dst id="2">14161.0489</dst>
      <dst id="6">1.8400</dst>
      <dst id="16">1568.4622</dst>
      <dst id="14">7426.5156</dst>
      <dst id="20">10447.1644</dst>
      <dst id="11">2106.7289</dst>
      <dst id="9">3750.1867</dst>
      <dst id="17">10727.4756</dst>
      <dst id="21">10732.6667</dst>
      <dst id="15">294.9956</dst>
    </src>
    <src id="22">
      <dst id="12">10748.8711</dst>
      <dst id="13">1378.3644</dst>
      <dst id="19">86.0978</dst>
      <dst id="23">13.3956</dst>
      <dst id="8">534.1422</dst>
      <dst id="18">88.4978</dst>
      <dst id="4">17441.3689</dst>
      <dst id="1">177.9822</dst>
      <dst id="5">2684.8089</dst>
      <dst id="3">273.6000</dst>
      <dst id="7">594.0533</dst>
      <dst id="2">2883.0044</dst>
      <dst id="6">0.3556</dst>
      <dst id="16">1.1378</dst>
      <dst id="14">44.7467</dst>
      <dst id="11">2391.4933</dst>
      <dst id="9">1804.2133</dst>
      <dst id="17">2628.8711</dst>
      <dst id="21">968.7378</dst>
    </src>
    <src id="7">
      <dst id="12">1824.6578</dst>
      <dst id="13">2399.5911</dst>
      <dst id="19">158.8533</dst>
      <dst id="23">37.8222</dst>
      <dst id="8">199.3511</dst>
      <dst id="18">83.0400</dst>
      <dst id="4">102528.0356</dst>
      <dst id="1">3455.9911</dst>
      <dst id="5">687.2089</dst>
      <dst id="3">263.9378</dst>
      <dst id="22">3054.1067</dst>
      <dst id="7">632.9600</dst>
      <dst id="2">3871.5111</dst>
      <dst id="6">36.8711</dst>
      <dst id="16">369.7156</dst>
      <dst id="14">230.8267</dst>
      <dst id="20">206.3556</dst>
      <dst id="11">298.6933</dst>
      <dst id="9">623.4667</dst>
      <dst id="17">3977.3333</dst>
      <dst id="21">3208.5156</dst>
      <dst id="15">380.4800</dst>
    </src>
    <src id="2">
      <dst id="12">101510.5333</dst>
      <dst id="13">523403.7867</dst>
      <dst id="19">4001.0044</dst>
      <dst id="8">130.4089</dst>
      <dst id="18">34185.6356</dst>
      <dst id="4">71939.2711</dst>
      <dst id="1">1378.0622</dst>
      <dst id="5">711.7778</dst>
      <dst id="3">43.7689</dst>
      <dst id="22">3351.3956</dst>
      <dst id="7">2318.1511</dst>
      <dst id="2">828.4800</dst>
      <dst id="6">7356.6222</dst>
      <dst id="16">8869.4667</dst>
      <dst id="14">5945.8578</dst>
      <dst id="20">1622.3644</dst>
      <dst id="11">1464.7644</dst>
      <dst id="9">3118.9778</dst>
      <dst id="17">31933.8933</dst>
      <dst id="21">1168.9689</dst>
      <dst id="15">665.5467</dst>
    </src>
    <src id="6">
      <dst id="12">9783.3244</dst>
      <dst id="19">0.8356</dst>
      <dst id="18">12.8000</dst>
      <dst id="4">1186.3733</dst>
      <dst id="1">23.9467</dst>
      <dst id="5">0.7111</dst>
      <dst id="22">13.6178</dst>
      <dst id="7">172.1689</dst>
      <dst id="2">2317.1289</dst>
      <dst id="16">6.3289</dst>
      <dst id="20">0.6578</dst>
      <dst id="9">3.0844</dst>
      <dst id="17">1803.1200</dst>
      <dst id="21">0.3289</dst>
      <dst id="15">0.5244</dst>
    </src>
    <src id="16">
      <dst id="12">3620.2044</dst>
      <dst id="13">142.7200</dst>
      <dst id="19">4401.5200</dst>
      <dst id="23">27.0933</dst>
      <dst id="8">4226.5511</dst>
      <dst id="18">7.7867</dst>
      <dst id="4">4189.5289</dst>
      <dst id="1">20013.1556</dst>
      <dst id="5">3601.9378</dst>
      <dst id="3">1.9022</dst>
      <dst id="7">504.8800</dst>
      <dst id="2">648.2933</dst>
      <dst id="16">37.8044</dst>
      <dst id="14">589.5822</dst>
      <dst id="11">62.3289</dst>
      <dst id="9">6928.4978</dst>
      <dst id="17">1887.0578</dst>
      <dst id="21">1682.3644</dst>
    </src>
    <src id="14">
      <dst id="12">21970.9422</dst>
      <dst id="13">55.7956</dst>
      <dst id="19">21.3156</dst>
      <dst id="23">1.3867</dst>
      <dst id="8">1.5289</dst>
      <dst id="18">0.3200</dst>
      <dst id="4">2864.0889</dst>
      <dst id="1">115.2978</dst>
      <dst id="5">2.0622</dst>
      <dst id="3">92.9511</dst>
      <dst id="22">33.3511</dst>
      <dst id="7">61.8311</dst>
      <dst id="2">9980.8978</dst>
      <dst id="6">0.9244</dst>
      <dst id="16">33.8756</dst>
      <dst id="20">1.2356</dst>
      <dst id="11">57.2267</dst>
      <dst id="9">3.8933</dst>
      <dst id="17">9686.4178</dst>
      <dst id="21">75.0222</dst>
    </src>
    <src id="20">
      <dst id="12">1338.2133</dst>
      <dst id="13">813.4844</dst>
      <dst id="19">17.0044</dst>
      <dst id="23">0.8711</dst>
      <dst id="8">92.9778</dst>
      <dst id="18">12.2311</dst>
      <dst id="4">10606.5867</dst>
      <dst id="1">169.0844</dst>
      <dst id="5">5935.3956</dst>
      <dst id="3">138.1778</dst>
      <dst id="7">183.3244</dst>
      <dst id="2">810.9333</dst>
      <dst id="14">0.7556</dst>
      <dst id="11">159.0933</dst>
      <dst id="9">1099.9022</dst>
      <dst id="17">4562.9067</dst>
      <dst id="21">141.3333</dst>
    </src>
    <src id="11">
      <dst id="12">360177.4044</dst>
      <dst id="13">2013.3689</dst>
      <dst id="19">103.7156</dst>
      <dst id="23">5.1289</dst>
      <dst id="8">331.6533</dst>
      <dst id="18">60.9689</dst>
      <dst id="4">9489.7689</dst>
      <dst id="1">467.3156</dst>
      <dst id="5">1707.9289</dst>
      <dst id="3">378.1067</dst>
      <dst id="22">1655.3333</dst>
      <dst id="7">169.9733</dst>
      <dst id="2">135963.4222</dst>
      <dst id="16">36.6933</dst>
      <dst id="14">34.0533</dst>
      <dst id="20">104.1511</dst>
      <dst id="11">2086.4444</dst>
      <dst id="9">805.5200</dst>
      <dst id="17">138534.8178</dst>
      <dst id="21">354.8444</dst>
      <dst id="15">84.7733</dst>
    </src>
    <src id="9">
      <dst id="12">378495.5911</dst>
      <dst id="13">946.4978</dst>
      <dst id="19">14.2311</dst>
      <dst id="23">42.6311</dst>
      <dst id="8">52.0800</dst>
      <dst id="18">3353.1822</dst>
      <dst id="4">11023.4222</dst>
      <dst id="1">956.3289</dst>
      <dst id="5">935.8844</dst>
      <dst id="3">6.6311</dst>
      <dst id="22">927.2711</dst>
      <dst id="7">53.2533</dst>
      <dst id="2">136105.9644</dst>
      <dst id="6">0.4622</dst>
      <dst id="16">440.8711</dst>
      <dst id="14">2.8444</dst>
      <dst id="20">730.2044</dst>
      <dst id="11">1658.2667</dst>
      <dst id="9">309.8133</dst>
      <dst id="17">142027.0667</dst>
      <dst id="21">373.7600</dst>
      <dst id="15">282.0178</dst>
    </src>
    <src id="17">
      <dst id="12">4212.9778</dst>
      <dst id="13">1251.8222</dst>
      <dst id="19">446.9867</dst>
      <dst id="23">34.0533</dst>
      <dst id="8">94155.9378</dst>
      <dst id="18">48.4089</dst>
      <dst id="4">26635.2711</dst>
      <dst id="1">1654.3289</dst>
      <dst id="5">171163.9822</dst>
      <dst id="3">5404.2667</dst>
      <dst id="22">3647.8844</dst>
      <dst id="7">1682.9778</dst>
      <dst id="2">8349.5289</dst>
      <dst id="6">16.9067</dst>
      <dst id="16">2102.4800</dst>
      <dst id="14">51928.7556</dst>
      <dst id="20">263.4667</dst>
      <dst id="11">83470.4889</dst>
      <dst id="9">138650.4444</dst>
      <dst id="17">1066.5511</dst>
      <dst id="21">12744.8533</dst>
      <dst id="15">37.9644</dst>
    </src>
    <src id="21">
      <dst id="12">20964.9778</dst>
      <dst id="13">483.7778</dst>
      <dst id="19">57.3778</dst>
      <dst id="23">19.1644</dst>
      <dst id="8">262.7378</dst>
      <dst id="18">102.3200</dst>
      <dst id="4">9901.1556</dst>
      <dst id="1">1719.7600</dst>
      <dst id="5">263.6089</dst>
      <dst id="3">1298.5778</dst>
      <dst id="22">1168.8444</dst>
      <dst id="7">1285.4489</dst>
      <dst id="2">12096.3822</dst>
      <dst id="6">12.5956</dst>
      <dst id="16">327.7333</dst>
      <dst id="14">68.4622</dst>
      <dst id="20">13.7244</dst>
      <dst id="11">1399.7867</dst>
      <dst id="9">735.9911</dst>
      <dst id="17">6164.2667</dst>
      <dst id="21">214.1778</dst>
      <dst id="15">30.3467</dst>
    </src>
    <src id="15">
      <dst id="12">7174.6133</dst>
      <dst id="13">1484.6667</dst>
      <dst id="19">17.0667</dst>
      <dst id="8">499.3244</dst>
      <dst id="18">26.6311</dst>
      <dst id="4">1894.8089</dst>
      <dst id="1">670.2578</dst>
      <dst id="5">73.2444</dst>
      <dst id="3">11.0756</dst>
      <dst id="7">56.9511</dst>
      <dst id="2">2919.2444</dst>
      <dst id="6">0.3378</dst>
      <dst id="14">1.1200</dst>
      <dst id="11">84.9422</dst>
      <dst id="9">391.1022</dst>
      <dst id="17">459.6533</dst>
      <dst id="21">50.7911</dst>
    </src>
  </IntraTM>
</TrafficMatrixFile>
