<?xml version="1.0" encoding="UTF-8" standalone="yes"?>
<TrafficMatrixFile xmlns:xsi="http://www.w3.org/2001/XMLSchema-instance" xsi:noNamespaceSchemaLocation="http://totem.run.montefiore.ulg.ac.be/Schema/TrafficMatrix-v1_2.xsd">
  <info>
    <title>Intradomain traffic matrix generated by geant-TM-all.pl</title>
    <date>2005-01-01T08:00:00</date>
    <duration>900</duration>
    <author>Steve Uhlig</author>
    <units>
        <unit type="bandwidth" value="kbps"/>
    </units>
  </info>
  <IntraTM ASID="20965">
    <src id="12">
      <dst id="12">262472.8533</dst>
      <dst id="13">31060.1778</dst>
      <dst id="19">3129.5911</dst>
      <dst id="23">139.6978</dst>
      <dst id="8">3606.7111</dst>
      <dst id="18">1107.6978</dst>
      <dst id="4">115719.2533</dst>
      <dst id="1">5552.0978</dst>
      <dst id="5">4818.1333</dst>
      <dst id="3">6732.0089</dst>
      <dst id="22">27367.1911</dst>
      <dst id="7">15385.0133</dst>
      <dst id="2">89514.4622</dst>
      <dst id="6">825.0933</dst>
      <dst id="16">5295.2000</dst>
      <dst id="14">1824.1600</dst>
      <dst id="20">12611.3067</dst>
      <dst id="11">6356.4267</dst>
      <dst id="9">5581.3422</dst>
      <dst id="17">65271.9822</dst>
      <dst id="21">16260.7022</dst>
      <dst id="15">3848.4978</dst>
    </src>
    <src id="13">
      <dst id="12">63039.8844</dst>
      <dst id="19">18364.9956</dst>
      <dst id="23">84.8356</dst>
      <dst id="8">5217.4400</dst>
      <dst id="18">3271.9733</dst>
      <dst id="4">0.3556</dst>
      <dst id="1">2178.3556</dst>
      <dst id="5">5582.4800</dst>
      <dst id="3">8761.1289</dst>
      <dst id="22">23202.6400</dst>
      <dst id="7">9403.8400</dst>
      <dst id="2">118512.9244</dst>
      <dst id="6">95.3956</dst>
      <dst id="16">11390.1333</dst>
      <dst id="14">2255.1200</dst>
      <dst id="20">10561.4578</dst>
      <dst id="11">18706.9333</dst>
      <dst id="9">32836.3911</dst>
      <dst id="17">66702.9333</dst>
      <dst id="21">17337.9644</dst>
      <dst id="15">4191.2800</dst>
    </src>
    <src id="19">
      <dst id="12">17837.7067</dst>
      <dst id="13">3598.4800</dst>
      <dst id="8">40.8533</dst>
      <dst id="18">1.7689</dst>
      <dst id="4">22235.9200</dst>
      <dst id="1">50.2844</dst>
      <dst id="5">42.7556</dst>
      <dst id="3">729.2711</dst>
      <dst id="22">2086.2489</dst>
      <dst id="7">3145.7156</dst>
      <dst id="2">762.1333</dst>
      <dst id="6">16.9067</dst>
      <dst id="16">6023.6356</dst>
      <dst id="20">4.1956</dst>
      <dst id="11">1102.6667</dst>
      <dst id="9">1608.8178</dst>
      <dst id="17">953.9378</dst>
      <dst id="21">646.3556</dst>
      <dst id="15">3274.4178</dst>
    </src>
    <src id="23">
      <dst id="12">208.4000</dst>
      <dst id="13">157.2444</dst>
      <dst id="19">0.4711</dst>
      <dst id="18">23.7956</dst>
      <dst id="4">452.3022</dst>
      <dst id="1">65.5556</dst>
      <dst id="5">51.1644</dst>
      <dst id="3">63.1111</dst>
      <dst id="22">143.5022</dst>
      <dst id="7">196.9956</dst>
      <dst id="2">61.5822</dst>
      <dst id="6">1.1378</dst>
      <dst id="16">120.8711</dst>
      <dst id="14">12.6222</dst>
      <dst id="20">93.6889</dst>
      <dst id="11">4610.6133</dst>
      <dst id="9">394.9867</dst>
      <dst id="17">7763.4667</dst>
      <dst id="21">2311.7778</dst>
    </src>
    <src id="8">
      <dst id="12">349264.9778</dst>
      <dst id="13">1841.6533</dst>
      <dst id="19">22.0178</dst>
      <dst id="23">13.3333</dst>
      <dst id="18">58.8089</dst>
      <dst id="4">12733.3333</dst>
      <dst id="1">21.1733</dst>
      <dst id="5">1771.2978</dst>
      <dst id="3">22.1956</dst>
      <dst id="22">1812.6400</dst>
      <dst id="7">50.9956</dst>
      <dst id="2">123719.8400</dst>
      <dst id="6">82.8444</dst>
      <dst id="16">544.0622</dst>
      <dst id="20">914.2667</dst>
      <dst id="11">183.8400</dst>
      <dst id="9">622.2933</dst>
      <dst id="17">77665.7244</dst>
      <dst id="21">52.8267</dst>
      <dst id="15">330.8000</dst>
    </src>
    <src id="18">
      <dst id="12">140891.2000</dst>
      <dst id="13">132.5333</dst>
      <dst id="19">2.4178</dst>
      <dst id="23">14.2578</dst>
      <dst id="8">3.9111</dst>
      <dst id="4">1624.2044</dst>
      <dst id="1">1107.2267</dst>
      <dst id="5">289.7422</dst>
      <dst id="3">105.8489</dst>
      <dst id="22">485.4400</dst>
      <dst id="7">120.9156</dst>
      <dst id="2">37704.6933</dst>
      <dst id="16">75.7156</dst>
      <dst id="14">2.2489</dst>
      <dst id="20">0.3556</dst>
      <dst id="11">49.3778</dst>
      <dst id="9">142.1778</dst>
      <dst id="17">31086.4356</dst>
      <dst id="21">815.4400</dst>
      <dst id="15">15.8400</dst>
    </src>
    <src id="4">
      <dst id="12">38672.8444</dst>
      <dst id="19">10960.6933</dst>
      <dst id="23">15.5022</dst>
      <dst id="8">799.6622</dst>
      <dst id="18">1121.2800</dst>
      <dst id="4">2.1956</dst>
      <dst id="1">1716.2133</dst>
      <dst id="5">1373.9289</dst>
      <dst id="3">12092.9867</dst>
      <dst id="22">6520.9156</dst>
      <dst id="7">56814.1067</dst>
      <dst id="2">34609.1111</dst>
      <dst id="6">1.9556</dst>
      <dst id="16">805.6000</dst>
      <dst id="14">1965.4578</dst>
      <dst id="20">1504.6578</dst>
      <dst id="11">7328.6667</dst>
      <dst id="9">3582.1689</dst>
      <dst id="17">58357.6533</dst>
      <dst id="21">6899.7067</dst>
      <dst id="15">2218.5600</dst>
    </src>
    <src id="1">
      <dst id="12">15135.4311</dst>
      <dst id="13">442.5422</dst>
      <dst id="19">2380.4711</dst>
      <dst id="23">45.6178</dst>
      <dst id="8">116647.5733</dst>
      <dst id="18">10518.0622</dst>
      <dst id="4">9826.2311</dst>
      <dst id="1">32.4178</dst>
      <dst id="5">203352.7733</dst>
      <dst id="3">14443.7422</dst>
      <dst id="22">4177.7600</dst>
      <dst id="7">13413.2889</dst>
      <dst id="2">3263.4044</dst>
      <dst id="6">10421.3600</dst>
      <dst id="16">8143.6356</dst>
      <dst id="14">155.1733</dst>
      <dst id="20">393.3689</dst>
      <dst id="11">1152.5956</dst>
      <dst id="9">228644.9244</dst>
      <dst id="17">11596.3556</dst>
      <dst id="21">11094.1689</dst>
      <dst id="15">193.9289</dst>
    </src>
    <src id="5">
      <dst id="12">341533.5200</dst>
      <dst id="13">3038.5956</dst>
      <dst id="19">57.0667</dst>
      <dst id="23">31.9467</dst>
      <dst id="8">924.7822</dst>
      <dst id="18">474.1689</dst>
      <dst id="4">7979.3333</dst>
      <dst id="1">90.9956</dst>
      <dst id="3">256.1067</dst>
      <dst id="22">5870.7911</dst>
      <dst id="7">972.6667</dst>
      <dst id="2">153450.5067</dst>
      <dst id="6">27.0844</dst>
      <dst id="16">519.6800</dst>
      <dst id="14">76.0889</dst>
      <dst id="20">2059.8756</dst>
      <dst id="11">2256.2667</dst>
      <dst id="9">607.7689</dst>
      <dst id="17">85643.6889</dst>
      <dst id="21">463.9200</dst>
      <dst id="15">522.1867</dst>
    </src>
    <src id="3">
      <dst id="12">10161.5022</dst>
      <dst id="13">12706.8622</dst>
      <dst id="19">5059.0311</dst>
      <dst id="23">13.0844</dst>
      <dst id="8">130.2578</dst>
      <dst id="18">90499.6267</dst>
      <dst id="4">61657.4044</dst>
      <dst id="1">49779.4667</dst>
      <dst id="5">310.8356</dst>
      <dst id="3">14003.4933</dst>
      <dst id="22">495.3156</dst>
      <dst id="7">2678.2667</dst>
      <dst id="2">4234.9422</dst>
      <dst id="6">26.6933</dst>
      <dst id="16">984.0178</dst>
      <dst id="14">30328.2756</dst>
      <dst id="20">1150.1956</dst>
      <dst id="11">129930.3911</dst>
      <dst id="9">209.2711</dst>
      <dst id="17">17668.2311</dst>
      <dst id="21">8749.0933</dst>
      <dst id="15">108.5067</dst>
    </src>
    <src id="10">
      <dst id="12">17176.9600</dst>
      <dst id="19">823.6178</dst>
      <dst id="8">1533.1556</dst>
      <dst id="18">8154.9422</dst>
      <dst id="4">0.3556</dst>
      <dst id="1">1017.6711</dst>
      <dst id="5">1717.6978</dst>
      <dst id="3">3726.9689</dst>
      <dst id="22">8668.2933</dst>
      <dst id="7">2979.2889</dst>
      <dst id="2">22565.7511</dst>
      <dst id="6">3.0489</dst>
      <dst id="16">7448.6311</dst>
      <dst id="14">272.7378</dst>
      <dst id="20">3335.5378</dst>
      <dst id="11">5025.7156</dst>
      <dst id="9">4759.0667</dst>
      <dst id="17">32680.7644</dst>
      <dst id="21">18874.2311</dst>
      <dst id="15">1010.2667</dst>
    </src>
    <src id="22">
      <dst id="12">9462.8089</dst>
      <dst id="13">2741.4667</dst>
      <dst id="19">438.9333</dst>
      <dst id="23">12.4444</dst>
      <dst id="8">710.4000</dst>
      <dst id="18">2345.8044</dst>
      <dst id="4">26069.8400</dst>
      <dst id="1">525.4489</dst>
      <dst id="5">5744.0089</dst>
      <dst id="3">2847.6711</dst>
      <dst id="7">1518.8178</dst>
      <dst id="2">3032.3733</dst>
      <dst id="6">0.9422</dst>
      <dst id="16">24.2311</dst>
      <dst id="14">117.4400</dst>
      <dst id="11">5484.3378</dst>
      <dst id="9">1412.8711</dst>
      <dst id="17">3240.2311</dst>
      <dst id="21">787.3511</dst>
    </src>
    <src id="7">
      <dst id="12">6129.3244</dst>
      <dst id="13">506.0800</dst>
      <dst id="19">349.6622</dst>
      <dst id="23">158.2133</dst>
      <dst id="8">1996.2311</dst>
      <dst id="18">1613.3689</dst>
      <dst id="4">52046.3378</dst>
      <dst id="1">6254.0356</dst>
      <dst id="5">1457.2800</dst>
      <dst id="3">3446.5156</dst>
      <dst id="22">7085.4400</dst>
      <dst id="7">769.4222</dst>
      <dst id="2">7975.2444</dst>
      <dst id="6">48.3022</dst>
      <dst id="16">1896.2844</dst>
      <dst id="14">93.3956</dst>
      <dst id="20">850.3467</dst>
      <dst id="11">765.2089</dst>
      <dst id="9">1050.0978</dst>
      <dst id="17">14387.5378</dst>
      <dst id="21">3300.5867</dst>
      <dst id="15">72.2844</dst>
    </src>
    <src id="2">
      <dst id="12">85892.4444</dst>
      <dst id="13">14598.9067</dst>
      <dst id="19">1113.9733</dst>
      <dst id="8">39.9822</dst>
      <dst id="18">79023.2000</dst>
      <dst id="4">122747.2178</dst>
      <dst id="1">1179.6978</dst>
      <dst id="5">4574.3556</dst>
      <dst id="3">4455.0311</dst>
      <dst id="22">2186.0000</dst>
      <dst id="7">3300.2667</dst>
      <dst id="2">340.0889</dst>
      <dst id="6">6452.3911</dst>
      <dst id="16">8638.9778</dst>
      <dst id="14">110.2133</dst>
      <dst id="20">838.1422</dst>
      <dst id="11">3197.4311</dst>
      <dst id="9">910.3022</dst>
      <dst id="17">25411.8844</dst>
      <dst id="21">4160.7467</dst>
      <dst id="15">551.6178</dst>
    </src>
    <src id="6">
      <dst id="12">10917.5200</dst>
      <dst id="13">2.3556</dst>
      <dst id="19">1.4222</dst>
      <dst id="8">29.3778</dst>
      <dst id="18">1.1378</dst>
      <dst id="4">160.4356</dst>
      <dst id="1">96.7822</dst>
      <dst id="5">0.8178</dst>
      <dst id="3">0.7111</dst>
      <dst id="22">13.5111</dst>
      <dst id="7">60.4356</dst>
      <dst id="2">2006.2044</dst>
      <dst id="16">1.0044</dst>
      <dst id="11">15.1556</dst>
      <dst id="9">26.4444</dst>
      <dst id="17">842.9422</dst>
      <dst id="21">9.7511</dst>
    </src>
    <src id="16">
      <dst id="12">2189.6444</dst>
      <dst id="13">2548.8711</dst>
      <dst id="19">3615.7689</dst>
      <dst id="23">47.0400</dst>
      <dst id="8">3908.9689</dst>
      <dst id="18">71.0844</dst>
      <dst id="4">6471.1467</dst>
      <dst id="1">5059.0133</dst>
      <dst id="5">2658.7022</dst>
      <dst id="3">792.5244</dst>
      <dst id="7">2134.8267</dst>
      <dst id="2">1373.9022</dst>
      <dst id="6">2.3378</dst>
      <dst id="16">51.3600</dst>
      <dst id="14">20.8444</dst>
      <dst id="11">693.2711</dst>
      <dst id="9">4462.6133</dst>
      <dst id="17">5576.9422</dst>
      <dst id="21">380.2222</dst>
    </src>
    <src id="14">
      <dst id="12">19959.8489</dst>
      <dst id="13">133.0489</dst>
      <dst id="19">5.2267</dst>
      <dst id="4">2356.2844</dst>
      <dst id="1">37.7600</dst>
      <dst id="5">0.7111</dst>
      <dst id="3">45.3244</dst>
      <dst id="22">31.7511</dst>
      <dst id="7">86.3289</dst>
      <dst id="2">7454.4889</dst>
      <dst id="16">3.3067</dst>
      <dst id="11">40.8978</dst>
      <dst id="9">13.0489</dst>
      <dst id="17">4998.8889</dst>
      <dst id="21">86.8711</dst>
      <dst id="15">1.8756</dst>
    </src>
    <src id="20">
      <dst id="12">8396.0267</dst>
      <dst id="13">2305.9467</dst>
      <dst id="19">30.6044</dst>
      <dst id="23">5.4044</dst>
      <dst id="8">159.2000</dst>
      <dst id="18">70.2400</dst>
      <dst id="4">13269.0133</dst>
      <dst id="1">14691.9467</dst>
      <dst id="5">1788.7822</dst>
      <dst id="3">5155.4933</dst>
      <dst id="7">321.9911</dst>
      <dst id="2">9060.1333</dst>
      <dst id="6">0.4267</dst>
      <dst id="11">2578.8889</dst>
      <dst id="9">8039.9556</dst>
      <dst id="17">4168.5156</dst>
      <dst id="21">695.7511</dst>
    </src>
    <src id="11">
      <dst id="12">417731.7244</dst>
      <dst id="13">2236.2222</dst>
      <dst id="19">288.2756</dst>
      <dst id="23">965.4578</dst>
      <dst id="8">86.5067</dst>
      <dst id="18">193.9467</dst>
      <dst id="4">16694.5067</dst>
      <dst id="1">509.3689</dst>
      <dst id="5">546.2933</dst>
      <dst id="3">8339.9911</dst>
      <dst id="22">7855.6978</dst>
      <dst id="7">350.7022</dst>
      <dst id="2">162004.2400</dst>
      <dst id="16">1333.6978</dst>
      <dst id="14">177.7422</dst>
      <dst id="20">1230.7200</dst>
      <dst id="11">1952.0267</dst>
      <dst id="9">965.0844</dst>
      <dst id="17">109794.3733</dst>
      <dst id="21">1288.5511</dst>
      <dst id="15">423.7067</dst>
    </src>
    <src id="9">
      <dst id="12">517769.0222</dst>
      <dst id="13">2604.7022</dst>
      <dst id="19">672.9156</dst>
      <dst id="23">20.6578</dst>
      <dst id="8">418.7733</dst>
      <dst id="18">3921.1644</dst>
      <dst id="4">17929.6800</dst>
      <dst id="1">115.8933</dst>
      <dst id="5">2304.7467</dst>
      <dst id="3">49.1378</dst>
      <dst id="22">5298.2044</dst>
      <dst id="7">253.7689</dst>
      <dst id="2">159222.6400</dst>
      <dst id="6">0.3556</dst>
      <dst id="16">11545.4933</dst>
      <dst id="14">0.4622</dst>
      <dst id="20">7052.0444</dst>
      <dst id="11">359.2533</dst>
      <dst id="9">2339.0311</dst>
      <dst id="17">127578.0267</dst>
      <dst id="21">492.1867</dst>
      <dst id="15">527.5111</dst>
    </src>
    <src id="17">
      <dst id="12">11329.7956</dst>
      <dst id="13">3333.0756</dst>
      <dst id="19">28373.2444</dst>
      <dst id="23">343.0578</dst>
      <dst id="8">126496.4800</dst>
      <dst id="18">809.1911</dst>
      <dst id="4">86525.7600</dst>
      <dst id="1">8541.1378</dst>
      <dst id="5">195716.7733</dst>
      <dst id="3">25853.0844</dst>
      <dst id="22">5674.8800</dst>
      <dst id="7">35360.3644</dst>
      <dst id="2">11314.1689</dst>
      <dst id="6">149.5022</dst>
      <dst id="16">7356.9067</dst>
      <dst id="14">23601.3333</dst>
      <dst id="20">3557.7244</dst>
      <dst id="11">98294.5867</dst>
      <dst id="9">214541.8489</dst>
      <dst id="17">1525.4311</dst>
      <dst id="21">6164.5778</dst>
      <dst id="15">76.9778</dst>
    </src>
    <src id="21">
      <dst id="12">22197.2356</dst>
      <dst id="13">432.9867</dst>
      <dst id="19">999.5911</dst>
      <dst id="23">97.5111</dst>
      <dst id="8">20.8178</dst>
      <dst id="18">3415.5289</dst>
      <dst id="4">25533.5822</dst>
      <dst id="1">2293.0933</dst>
      <dst id="5">488.8622</dst>
      <dst id="3">1374.9067</dst>
      <dst id="22">1744.6311</dst>
      <dst id="7">948.7111</dst>
      <dst id="2">10809.2267</dst>
      <dst id="6">0.3289</dst>
      <dst id="16">215.1111</dst>
      <dst id="14">196.4089</dst>
      <dst id="20">271.1111</dst>
      <dst id="11">3364.9867</dst>
      <dst id="9">410.7111</dst>
      <dst id="17">4477.2178</dst>
      <dst id="21">2734.8978</dst>
      <dst id="15">68.4089</dst>
    </src>
    <src id="15">
      <dst id="12">4098.0178</dst>
      <dst id="13">228.3200</dst>
      <dst id="19">124.1067</dst>
      <dst id="23">0.6933</dst>
      <dst id="8">241.7511</dst>
      <dst id="18">58.1333</dst>
      <dst id="4">4891.4222</dst>
      <dst id="1">128.6489</dst>
      <dst id="5">718.9689</dst>
      <dst id="3">427.2267</dst>
      <dst id="7">32.6844</dst>
      <dst id="2">971.5289</dst>
      <dst id="11">164.3733</dst>
      <dst id="9">1457.0133</dst>
      <dst id="17">3306.0444</dst>
      <dst id="21">145.9467</dst>
    </src>
  </IntraTM>
</TrafficMatrixFile>
