<?xml version="1.0" encoding="UTF-8" standalone="yes"?>
<TrafficMatrixFile xmlns:xsi="http://www.w3.org/2001/XMLSchema-instance" xsi:noNamespaceSchemaLocation="http://totem.run.montefiore.ulg.ac.be/Schema/TrafficMatrix-v1_2.xsd">
  <info>
    <title>Intradomain traffic matrix generated by geant-TM-all.pl</title>
    <date>2005-01-05T15:15:00</date>
    <duration>900</duration>
    <author>Steve Uhlig</author>
    <units>
        <unit type="bandwidth" value="kbps"/>
    </units>
  </info>
  <IntraTM ASID="20965">
    <src id="12">
      <dst id="12">240890.2667</dst>
      <dst id="13">20936.7822</dst>
      <dst id="19">9906.5156</dst>
      <dst id="23">9.9022</dst>
      <dst id="8">385.5022</dst>
      <dst id="18">1113.6889</dst>
      <dst id="4">72747.7067</dst>
      <dst id="1">15477.3067</dst>
      <dst id="5">2465.8578</dst>
      <dst id="3">2874.9244</dst>
      <dst id="22">3561.4044</dst>
      <dst id="7">9530.8356</dst>
      <dst id="2">66687.7156</dst>
      <dst id="6">69.7422</dst>
      <dst id="16">6884.8800</dst>
      <dst id="14">245.0489</dst>
      <dst id="20">14506.9333</dst>
      <dst id="11">3060.8356</dst>
      <dst id="9">25905.3689</dst>
      <dst id="17">74256.3378</dst>
      <dst id="21">2080.0978</dst>
      <dst id="15">278.7111</dst>
    </src>
    <src id="13">
      <dst id="12">41621.5822</dst>
      <dst id="19">5584.2578</dst>
      <dst id="23">4046.0711</dst>
      <dst id="8">3869.0667</dst>
      <dst id="18">3132.2489</dst>
      <dst id="1">2229.7067</dst>
      <dst id="5">7438.2311</dst>
      <dst id="3">10922.3378</dst>
      <dst id="22">26198.9778</dst>
      <dst id="7">14546.8356</dst>
      <dst id="2">49846.8000</dst>
      <dst id="6">186.5156</dst>
      <dst id="16">7475.3956</dst>
      <dst id="14">2096.6400</dst>
      <dst id="20">14490.0178</dst>
      <dst id="11">10353.2889</dst>
      <dst id="9">11762.2667</dst>
      <dst id="17">39201.5022</dst>
      <dst id="21">9786.0267</dst>
      <dst id="15">1309.9467</dst>
    </src>
    <src id="19">
      <dst id="12">13488.9333</dst>
      <dst id="13">110.4711</dst>
      <dst id="23">1.2800</dst>
      <dst id="8">19.3778</dst>
      <dst id="18">27.7689</dst>
      <dst id="4">19799.0933</dst>
      <dst id="1">329.2533</dst>
      <dst id="5">32.9600</dst>
      <dst id="3">12.6222</dst>
      <dst id="22">147.2800</dst>
      <dst id="7">3468.0444</dst>
      <dst id="2">1675.0133</dst>
      <dst id="6">38.4889</dst>
      <dst id="16">8155.4489</dst>
      <dst id="20">287.9289</dst>
      <dst id="11">312.5333</dst>
      <dst id="9">16.4800</dst>
      <dst id="17">232.6133</dst>
      <dst id="21">101.3422</dst>
      <dst id="15">0.7111</dst>
    </src>
    <src id="23">
      <dst id="12">162.4622</dst>
      <dst id="13">166.3378</dst>
      <dst id="19">13.8756</dst>
      <dst id="18">2.3556</dst>
      <dst id="4">48.0178</dst>
      <dst id="1">117.4222</dst>
      <dst id="3">246.7644</dst>
      <dst id="22">134.8178</dst>
      <dst id="7">30.5956</dst>
      <dst id="2">241.6533</dst>
      <dst id="6">104.6756</dst>
      <dst id="16">981.0578</dst>
      <dst id="14">25.7778</dst>
      <dst id="20">213.3333</dst>
      <dst id="11">40.1333</dst>
      <dst id="9">1265.8489</dst>
      <dst id="17">473.1733</dst>
      <dst id="21">266.0622</dst>
      <dst id="15">56.8889</dst>
    </src>
    <src id="8">
      <dst id="12">244732.4622</dst>
      <dst id="13">324.5867</dst>
      <dst id="19">2.7556</dst>
      <dst id="23">1.4400</dst>
      <dst id="4">4300.8178</dst>
      <dst id="1">533.5822</dst>
      <dst id="5">264.9511</dst>
      <dst id="3">2.0889</dst>
      <dst id="22">437.6356</dst>
      <dst id="7">2.3733</dst>
      <dst id="2">86688.3733</dst>
      <dst id="16">3605.5289</dst>
      <dst id="20">418.0356</dst>
      <dst id="11">135.8044</dst>
      <dst id="9">122.2489</dst>
      <dst id="17">82379.6356</dst>
      <dst id="21">106.5511</dst>
      <dst id="15">244.2311</dst>
    </src>
    <src id="18">
      <dst id="12">94430.3200</dst>
      <dst id="13">99.8311</dst>
      <dst id="19">0.6667</dst>
      <dst id="8">0.3200</dst>
      <dst id="4">965.3600</dst>
      <dst id="1">1158.4178</dst>
      <dst id="5">203.2178</dst>
      <dst id="3">3.5022</dst>
      <dst id="22">109.3333</dst>
      <dst id="7">32.1422</dst>
      <dst id="2">26248.4000</dst>
      <dst id="16">18.2667</dst>
      <dst id="14">24.0889</dst>
      <dst id="20">204.4533</dst>
      <dst id="11">3332.4444</dst>
      <dst id="9">13.3689</dst>
      <dst id="17">34935.7867</dst>
      <dst id="21">45.9200</dst>
    </src>
    <src id="4">
      <dst id="12">12655.9467</dst>
      <dst id="19">15984.7467</dst>
      <dst id="23">0.2489</dst>
      <dst id="8">520.2844</dst>
      <dst id="18">248.1511</dst>
      <dst id="4">279.1111</dst>
      <dst id="1">124125.6000</dst>
      <dst id="5">1290.6400</dst>
      <dst id="3">381.7689</dst>
      <dst id="22">2490.4889</dst>
      <dst id="7">27148.3467</dst>
      <dst id="2">57662.0533</dst>
      <dst id="16">867.3067</dst>
      <dst id="14">969.1378</dst>
      <dst id="20">524.7822</dst>
      <dst id="11">2580.7467</dst>
      <dst id="9">3326.7200</dst>
      <dst id="17">17990.7289</dst>
      <dst id="21">5252.6222</dst>
      <dst id="15">123.1378</dst>
    </src>
    <src id="1">
      <dst id="12">17315.1733</dst>
      <dst id="13">5462.0178</dst>
      <dst id="19">73.4400</dst>
      <dst id="23">43.8933</dst>
      <dst id="8">54648.2400</dst>
      <dst id="18">12962.8444</dst>
      <dst id="4">5977.4311</dst>
      <dst id="1">6508.9422</dst>
      <dst id="5">159550.5778</dst>
      <dst id="3">298.5600</dst>
      <dst id="22">1220.2400</dst>
      <dst id="7">2923.4311</dst>
      <dst id="2">6322.1600</dst>
      <dst id="6">6184.2311</dst>
      <dst id="16">12535.0756</dst>
      <dst id="14">53.5200</dst>
      <dst id="20">290.0622</dst>
      <dst id="11">318.0800</dst>
      <dst id="9">207545.3689</dst>
      <dst id="17">2674.0444</dst>
      <dst id="21">3338.2400</dst>
      <dst id="15">141.2089</dst>
    </src>
    <src id="5">
      <dst id="12">256973.1378</dst>
      <dst id="13">897.0578</dst>
      <dst id="19">33.7689</dst>
      <dst id="8">185.7422</dst>
      <dst id="18">531.2711</dst>
      <dst id="4">6975.0667</dst>
      <dst id="1">1119.8578</dst>
      <dst id="3">1.7778</dst>
      <dst id="22">4286.3022</dst>
      <dst id="7">62.3200</dst>
      <dst id="2">90379.7511</dst>
      <dst id="16">469.2178</dst>
      <dst id="14">11.4844</dst>
      <dst id="20">1607.6622</dst>
      <dst id="11">492.6400</dst>
      <dst id="9">1001.6000</dst>
      <dst id="17">101149.1556</dst>
      <dst id="21">94.3911</dst>
      <dst id="15">166.5244</dst>
    </src>
    <src id="3">
      <dst id="12">8839.7511</dst>
      <dst id="13">4142.5956</dst>
      <dst id="19">1330.8356</dst>
      <dst id="23">10808.6756</dst>
      <dst id="8">5.1644</dst>
      <dst id="18">40161.1733</dst>
      <dst id="4">28304.2222</dst>
      <dst id="1">8612.3378</dst>
      <dst id="5">257.9733</dst>
      <dst id="3">7082.2933</dst>
      <dst id="22">564.7111</dst>
      <dst id="7">2961.1200</dst>
      <dst id="2">21173.1022</dst>
      <dst id="16">1343.5822</dst>
      <dst id="14">39056.5511</dst>
      <dst id="20">140.5689</dst>
      <dst id="11">140142.9956</dst>
      <dst id="9">432.1422</dst>
      <dst id="17">16182.7822</dst>
      <dst id="21">7494.3822</dst>
      <dst id="15">29.5822</dst>
    </src>
    <src id="10">
      <dst id="12">10829.3067</dst>
      <dst id="19">4327.2889</dst>
      <dst id="23">0.5333</dst>
      <dst id="8">225.5467</dst>
      <dst id="18">523.4756</dst>
      <dst id="1">384.1244</dst>
      <dst id="5">597.6089</dst>
      <dst id="3">3378.9156</dst>
      <dst id="22">2806.0444</dst>
      <dst id="7">53768.8533</dst>
      <dst id="2">17345.4489</dst>
      <dst id="6">0.8267</dst>
      <dst id="16">3730.8889</dst>
      <dst id="14">2770.5244</dst>
      <dst id="20">2024.1422</dst>
      <dst id="11">7281.4756</dst>
      <dst id="9">1233.6444</dst>
      <dst id="17">20536.1156</dst>
      <dst id="21">10398.6756</dst>
      <dst id="15">830.0800</dst>
    </src>
    <src id="22">
      <dst id="12">5834.6133</dst>
      <dst id="13">3109.9822</dst>
      <dst id="19">144.5778</dst>
      <dst id="23">10.5600</dst>
      <dst id="8">146.2489</dst>
      <dst id="18">90.4178</dst>
      <dst id="4">23523.6533</dst>
      <dst id="1">149.6711</dst>
      <dst id="5">1371.7600</dst>
      <dst id="3">346.9333</dst>
      <dst id="7">1706.7733</dst>
      <dst id="2">2397.0933</dst>
      <dst id="6">39.4844</dst>
      <dst id="16">0.4622</dst>
      <dst id="14">7.2000</dst>
      <dst id="11">1771.7244</dst>
      <dst id="9">1146.2756</dst>
      <dst id="17">1113.5467</dst>
      <dst id="21">385.2800</dst>
    </src>
    <src id="7">
      <dst id="12">2573.5467</dst>
      <dst id="13">120.1511</dst>
      <dst id="19">190.7644</dst>
      <dst id="23">45.0578</dst>
      <dst id="8">48.2311</dst>
      <dst id="18">121.0933</dst>
      <dst id="4">17753.7867</dst>
      <dst id="1">721.5467</dst>
      <dst id="5">829.3067</dst>
      <dst id="3">122.6667</dst>
      <dst id="22">4232.1689</dst>
      <dst id="7">668.4800</dst>
      <dst id="2">2731.5644</dst>
      <dst id="6">40.5867</dst>
      <dst id="16">1720.1600</dst>
      <dst id="14">64.4711</dst>
      <dst id="20">343.2622</dst>
      <dst id="11">483.4133</dst>
      <dst id="9">1020.3200</dst>
      <dst id="17">12284.6489</dst>
      <dst id="21">539.5644</dst>
      <dst id="15">382.9333</dst>
    </src>
    <src id="2">
      <dst id="12">98329.0844</dst>
      <dst id="13">521391.2533</dst>
      <dst id="19">110.4800</dst>
      <dst id="8">150.5067</dst>
      <dst id="18">25268.7378</dst>
      <dst id="4">79246.7733</dst>
      <dst id="1">8996.7733</dst>
      <dst id="5">2410.7733</dst>
      <dst id="3">31.2978</dst>
      <dst id="22">2761.0933</dst>
      <dst id="7">14311.8844</dst>
      <dst id="2">1256.4889</dst>
      <dst id="6">7396.2044</dst>
      <dst id="16">1942.8444</dst>
      <dst id="14">5316.2400</dst>
      <dst id="20">1962.4178</dst>
      <dst id="11">2162.4711</dst>
      <dst id="9">565.4844</dst>
      <dst id="17">19558.8978</dst>
      <dst id="21">3588.8800</dst>
      <dst id="15">46.2400</dst>
    </src>
    <src id="6">
      <dst id="12">8014.1067</dst>
      <dst id="13">2.6133</dst>
      <dst id="19">14.7111</dst>
      <dst id="23">4.1244</dst>
      <dst id="8">0.4089</dst>
      <dst id="4">1271.3600</dst>
      <dst id="1">2.3556</dst>
      <dst id="5">0.7822</dst>
      <dst id="22">2.9244</dst>
      <dst id="7">25.3778</dst>
      <dst id="2">1741.5467</dst>
      <dst id="16">88.6400</dst>
      <dst id="14">1.7778</dst>
      <dst id="11">12.3733</dst>
      <dst id="9">0.8178</dst>
      <dst id="17">985.4222</dst>
      <dst id="21">36.5956</dst>
    </src>
    <src id="16">
      <dst id="12">1800.8889</dst>
      <dst id="13">494.0889</dst>
      <dst id="19">4565.2178</dst>
      <dst id="23">21.8044</dst>
      <dst id="8">3471.3511</dst>
      <dst id="18">24.3289</dst>
      <dst id="4">5998.5244</dst>
      <dst id="1">26066.0267</dst>
      <dst id="5">4533.9822</dst>
      <dst id="3">0.4267</dst>
      <dst id="7">1126.9422</dst>
      <dst id="2">191.6267</dst>
      <dst id="6">17.0756</dst>
      <dst id="16">30.5511</dst>
      <dst id="14">453.7600</dst>
      <dst id="11">785.7778</dst>
      <dst id="9">8211.4311</dst>
      <dst id="17">10203.1022</dst>
      <dst id="21">2407.3244</dst>
    </src>
    <src id="14">
      <dst id="12">18961.8933</dst>
      <dst id="13">17.8044</dst>
      <dst id="19">3.8044</dst>
      <dst id="23">38.8267</dst>
      <dst id="18">9.0844</dst>
      <dst id="4">2101.1644</dst>
      <dst id="1">107.6711</dst>
      <dst id="5">51.6267</dst>
      <dst id="3">64.4178</dst>
      <dst id="22">44.5956</dst>
      <dst id="7">80.8356</dst>
      <dst id="2">5864.6133</dst>
      <dst id="6">2.1333</dst>
      <dst id="16">6.7556</dst>
      <dst id="20">5.1200</dst>
      <dst id="11">53.2622</dst>
      <dst id="9">26.6133</dst>
      <dst id="17">6252.7644</dst>
      <dst id="21">188.6756</dst>
    </src>
    <src id="20">
      <dst id="12">4319.4667</dst>
      <dst id="13">24563.9556</dst>
      <dst id="19">13835.0222</dst>
      <dst id="23">2.9511</dst>
      <dst id="8">44.1156</dst>
      <dst id="18">10.8444</dst>
      <dst id="4">4082.3200</dst>
      <dst id="1">72.9689</dst>
      <dst id="5">1148.2933</dst>
      <dst id="3">72.0178</dst>
      <dst id="7">2175.4489</dst>
      <dst id="2">3059.7511</dst>
      <dst id="6">3.0133</dst>
      <dst id="14">1.1111</dst>
      <dst id="11">1113.8489</dst>
      <dst id="9">633.8222</dst>
      <dst id="17">1757.9111</dst>
      <dst id="21">100.6400</dst>
    </src>
    <src id="11">
      <dst id="12">340805.1556</dst>
      <dst id="13">7887.4844</dst>
      <dst id="19">10.0800</dst>
      <dst id="23">10.4178</dst>
      <dst id="8">360.8978</dst>
      <dst id="18">114.5244</dst>
      <dst id="4">12860.0978</dst>
      <dst id="1">1102.7467</dst>
      <dst id="5">775.4311</dst>
      <dst id="3">485.0044</dst>
      <dst id="22">7821.3867</dst>
      <dst id="7">709.3956</dst>
      <dst id="2">113339.1556</dst>
      <dst id="6">2.4444</dst>
      <dst id="16">143.3156</dst>
      <dst id="14">27.9911</dst>
      <dst id="20">648.1333</dst>
      <dst id="11">2169.1022</dst>
      <dst id="9">14465.9556</dst>
      <dst id="17">150294.0089</dst>
      <dst id="21">844.8711</dst>
      <dst id="15">80.1778</dst>
    </src>
    <src id="9">
      <dst id="12">371167.8133</dst>
      <dst id="13">2240.7911</dst>
      <dst id="19">3987.5111</dst>
      <dst id="23">49.5911</dst>
      <dst id="8">59.3511</dst>
      <dst id="18">115.3422</dst>
      <dst id="4">10236.6311</dst>
      <dst id="1">2001.8933</dst>
      <dst id="5">683.5378</dst>
      <dst id="3">0.9867</dst>
      <dst id="22">1836.0444</dst>
      <dst id="7">133.0489</dst>
      <dst id="2">135003.1733</dst>
      <dst id="6">1.4489</dst>
      <dst id="16">598.5956</dst>
      <dst id="14">2.7200</dst>
      <dst id="20">1633.9289</dst>
      <dst id="11">2509.6444</dst>
      <dst id="9">181.2622</dst>
      <dst id="17">132908.0533</dst>
      <dst id="21">208.7289</dst>
      <dst id="15">1813.7689</dst>
    </src>
    <src id="17">
      <dst id="12">2588.0178</dst>
      <dst id="13">1320.0178</dst>
      <dst id="19">165.6178</dst>
      <dst id="23">32.0978</dst>
      <dst id="8">66442.7378</dst>
      <dst id="18">2217.0222</dst>
      <dst id="4">83988.1867</dst>
      <dst id="1">3000.9156</dst>
      <dst id="5">143757.5378</dst>
      <dst id="3">5120.4889</dst>
      <dst id="22">3678.0978</dst>
      <dst id="7">1699.8756</dst>
      <dst id="2">4645.3156</dst>
      <dst id="6">278.6578</dst>
      <dst id="16">6884.8089</dst>
      <dst id="14">29822.8889</dst>
      <dst id="20">580.3467</dst>
      <dst id="11">91954.3200</dst>
      <dst id="9">176243.8311</dst>
      <dst id="17">1670.2044</dst>
      <dst id="21">4103.7067</dst>
      <dst id="15">41.2889</dst>
    </src>
    <src id="21">
      <dst id="12">19705.0222</dst>
      <dst id="13">3101.5111</dst>
      <dst id="19">478.0622</dst>
      <dst id="23">2.1689</dst>
      <dst id="8">535.9911</dst>
      <dst id="18">606.0000</dst>
      <dst id="4">16009.3333</dst>
      <dst id="1">3098.0711</dst>
      <dst id="5">175.4222</dst>
      <dst id="3">3998.2756</dst>
      <dst id="22">3585.1644</dst>
      <dst id="7">5119.9822</dst>
      <dst id="2">13835.7689</dst>
      <dst id="6">0.4267</dst>
      <dst id="16">254.3822</dst>
      <dst id="14">130.2578</dst>
      <dst id="20">2992.8444</dst>
      <dst id="11">471.7689</dst>
      <dst id="9">408.8711</dst>
      <dst id="17">2880.3289</dst>
      <dst id="21">363.5733</dst>
      <dst id="15">1249.1467</dst>
    </src>
    <src id="15">
      <dst id="12">2332.4444</dst>
      <dst id="13">88.0089</dst>
      <dst id="19">12.4978</dst>
      <dst id="23">2.4444</dst>
      <dst id="8">116.5511</dst>
      <dst id="18">0.9600</dst>
      <dst id="4">2218.1156</dst>
      <dst id="1">736.1600</dst>
      <dst id="5">193.0489</dst>
      <dst id="3">13.3333</dst>
      <dst id="7">1419.2444</dst>
      <dst id="2">44.3644</dst>
      <dst id="14">1.0578</dst>
      <dst id="11">52.7289</dst>
      <dst id="9">1861.2889</dst>
      <dst id="17">129.8844</dst>
      <dst id="21">124.9422</dst>
    </src>
  </IntraTM>
</TrafficMatrixFile>
