<?xml version="1.0" encoding="UTF-8" standalone="yes"?>
<TrafficMatrixFile xmlns:xsi="http://www.w3.org/2001/XMLSchema-instance" xsi:noNamespaceSchemaLocation="http://totem.run.montefiore.ulg.ac.be/Schema/TrafficMatrix-v1_2.xsd">
  <info>
    <title>Intradomain traffic matrix generated by geant-TM-all.pl</title>
    <date>2005-01-03T01:45:00</date>
    <duration>900</duration>
    <author>Steve Uhlig</author>
    <units>
        <unit type="bandwidth" value="kbps"/>
    </units>
  </info>
  <IntraTM ASID="20965">
    <src id="12">
      <dst id="12">291179.1111</dst>
      <dst id="13">40801.8489</dst>
      <dst id="19">4265.3422</dst>
      <dst id="23">6352.7911</dst>
      <dst id="8">9960.7733</dst>
      <dst id="18">5825.7689</dst>
      <dst id="4">131911.8222</dst>
      <dst id="1">8587.5022</dst>
      <dst id="5">2567.6533</dst>
      <dst id="3">11389.6089</dst>
      <dst id="22">25556.8000</dst>
      <dst id="7">3871.8844</dst>
      <dst id="2">103478.7911</dst>
      <dst id="6">15.1111</dst>
      <dst id="16">3505.9733</dst>
      <dst id="14">249.0933</dst>
      <dst id="20">1936.5333</dst>
      <dst id="11">8459.7511</dst>
      <dst id="9">8411.5200</dst>
      <dst id="17">94594.0000</dst>
      <dst id="21">30619.6178</dst>
      <dst id="15">1614.4711</dst>
    </src>
    <src id="13">
      <dst id="12">71103.1200</dst>
      <dst id="19">32856.9689</dst>
      <dst id="23">2194.6844</dst>
      <dst id="8">10074.8356</dst>
      <dst id="18">11159.8667</dst>
      <dst id="4">0.7111</dst>
      <dst id="1">7383.3689</dst>
      <dst id="5">5393.8044</dst>
      <dst id="3">33667.3778</dst>
      <dst id="22">26071.1911</dst>
      <dst id="7">15826.4356</dst>
      <dst id="2">123601.9022</dst>
      <dst id="6">140.7289</dst>
      <dst id="16">10310.2844</dst>
      <dst id="14">5405.4756</dst>
      <dst id="20">17422.1600</dst>
      <dst id="11">26772.4800</dst>
      <dst id="9">18391.6089</dst>
      <dst id="17">75705.0222</dst>
      <dst id="21">23184.2578</dst>
      <dst id="15">7451.3156</dst>
    </src>
    <src id="19">
      <dst id="12">16894.6844</dst>
      <dst id="13">7631.6178</dst>
      <dst id="23">65.4578</dst>
      <dst id="8">638.4711</dst>
      <dst id="18">86.3822</dst>
      <dst id="4">21295.6800</dst>
      <dst id="1">1346.0444</dst>
      <dst id="5">57.8489</dst>
      <dst id="3">618.4533</dst>
      <dst id="22">767.4844</dst>
      <dst id="7">5843.7867</dst>
      <dst id="2">5053.9733</dst>
      <dst id="6">718.1422</dst>
      <dst id="16">5990.3911</dst>
      <dst id="20">574.1333</dst>
      <dst id="11">72.8178</dst>
      <dst id="9">304.7911</dst>
      <dst id="17">2024.7289</dst>
      <dst id="21">25762.8533</dst>
      <dst id="15">49.8489</dst>
    </src>
    <src id="23">
      <dst id="12">1048.7467</dst>
      <dst id="13">657.8933</dst>
      <dst id="19">9.2178</dst>
      <dst id="8">40.0000</dst>
      <dst id="18">13.1556</dst>
      <dst id="4">97.1378</dst>
      <dst id="1">124.1511</dst>
      <dst id="5">177.3600</dst>
      <dst id="3">879.8311</dst>
      <dst id="22">409.7244</dst>
      <dst id="7">166.6489</dst>
      <dst id="2">175.3333</dst>
      <dst id="6">40.6044</dst>
      <dst id="16">877.7778</dst>
      <dst id="20">247.8933</dst>
      <dst id="11">119.7689</dst>
      <dst id="9">444.0356</dst>
      <dst id="17">247.8933</dst>
      <dst id="21">1003.6000</dst>
      <dst id="15">40.8711</dst>
    </src>
    <src id="8">
      <dst id="12">397311.9022</dst>
      <dst id="13">921.4400</dst>
      <dst id="19">21.2444</dst>
      <dst id="23">1.0667</dst>
      <dst id="18">4722.8622</dst>
      <dst id="4">7957.1556</dst>
      <dst id="1">585.2356</dst>
      <dst id="5">4522.1778</dst>
      <dst id="3">261.6178</dst>
      <dst id="22">2921.5467</dst>
      <dst id="7">124.8889</dst>
      <dst id="2">161627.9022</dst>
      <dst id="6">99.3067</dst>
      <dst id="16">1123.0756</dst>
      <dst id="14">1.1022</dst>
      <dst id="20">2984.8000</dst>
      <dst id="11">1442.9689</dst>
      <dst id="9">628.3200</dst>
      <dst id="17">147064.3289</dst>
      <dst id="21">75.6444</dst>
      <dst id="15">1298.6044</dst>
    </src>
    <src id="18">
      <dst id="12">138269.2267</dst>
      <dst id="13">203.8311</dst>
      <dst id="19">30.5778</dst>
      <dst id="23">3.1556</dst>
      <dst id="8">1922.3733</dst>
      <dst id="4">4825.6356</dst>
      <dst id="1">1040.2667</dst>
      <dst id="5">538.6844</dst>
      <dst id="3">249.7333</dst>
      <dst id="22">554.4444</dst>
      <dst id="7">294.4356</dst>
      <dst id="2">53014.6844</dst>
      <dst id="16">30.1867</dst>
      <dst id="14">1.7422</dst>
      <dst id="20">9.2978</dst>
      <dst id="11">262.6844</dst>
      <dst id="9">381.6267</dst>
      <dst id="17">52437.9822</dst>
      <dst id="21">1280.4800</dst>
      <dst id="15">10.7911</dst>
    </src>
    <src id="4">
      <dst id="12">53787.1022</dst>
      <dst id="19">8161.4133</dst>
      <dst id="23">2.6311</dst>
      <dst id="8">1061.9022</dst>
      <dst id="18">3256.4444</dst>
      <dst id="1">45745.4844</dst>
      <dst id="5">1975.7956</dst>
      <dst id="3">2748.6222</dst>
      <dst id="22">8785.0489</dst>
      <dst id="7">140850.3556</dst>
      <dst id="2">120784.6044</dst>
      <dst id="6">1.6089</dst>
      <dst id="16">2987.5911</dst>
      <dst id="14">1071.7067</dst>
      <dst id="20">4933.8222</dst>
      <dst id="11">6629.6978</dst>
      <dst id="9">4257.1911</dst>
      <dst id="17">107912.2756</dst>
      <dst id="21">12426.4089</dst>
      <dst id="15">3163.9467</dst>
    </src>
    <src id="1">
      <dst id="12">18616.2667</dst>
      <dst id="13">436.8978</dst>
      <dst id="19">1415.9200</dst>
      <dst id="23">270.0978</dst>
      <dst id="8">189644.7111</dst>
      <dst id="18">14506.2933</dst>
      <dst id="4">15596.2044</dst>
      <dst id="1">27304.7200</dst>
      <dst id="5">258657.0578</dst>
      <dst id="3">1482.2489</dst>
      <dst id="22">6801.1289</dst>
      <dst id="7">2855.2800</dst>
      <dst id="2">49319.5022</dst>
      <dst id="6">10396.0267</dst>
      <dst id="16">8418.5333</dst>
      <dst id="14">79.0578</dst>
      <dst id="20">339.6711</dst>
      <dst id="11">779.2889</dst>
      <dst id="9">273222.5867</dst>
      <dst id="17">7558.6578</dst>
      <dst id="21">11962.6756</dst>
      <dst id="15">190.1956</dst>
    </src>
    <src id="5">
      <dst id="12">307903.6178</dst>
      <dst id="13">1553.7333</dst>
      <dst id="19">42.4889</dst>
      <dst id="23">50.7822</dst>
      <dst id="8">38267.8489</dst>
      <dst id="18">319.0311</dst>
      <dst id="4">8801.4400</dst>
      <dst id="1">519.6533</dst>
      <dst id="3">61.3244</dst>
      <dst id="22">4784.2756</dst>
      <dst id="7">147.2000</dst>
      <dst id="2">134697.5111</dst>
      <dst id="6">29.3333</dst>
      <dst id="16">1090.2578</dst>
      <dst id="14">25.8844</dst>
      <dst id="20">4900.2133</dst>
      <dst id="11">2106.1511</dst>
      <dst id="9">1633.2356</dst>
      <dst id="17">106451.6267</dst>
      <dst id="21">202.5067</dst>
      <dst id="15">389.5289</dst>
    </src>
    <src id="3">
      <dst id="12">16517.1022</dst>
      <dst id="13">1021.7956</dst>
      <dst id="19">925.6889</dst>
      <dst id="23">87.7156</dst>
      <dst id="8">4829.6356</dst>
      <dst id="18">192803.4489</dst>
      <dst id="4">41997.9289</dst>
      <dst id="1">15686.4533</dst>
      <dst id="5">3752.3111</dst>
      <dst id="3">26594.8267</dst>
      <dst id="22">680.5956</dst>
      <dst id="7">3842.5067</dst>
      <dst id="2">7565.0844</dst>
      <dst id="6">33.2800</dst>
      <dst id="16">2966.2222</dst>
      <dst id="14">32872.8533</dst>
      <dst id="20">61.6622</dst>
      <dst id="11">222175.5467</dst>
      <dst id="9">340.7200</dst>
      <dst id="17">8645.1822</dst>
      <dst id="21">11410.7467</dst>
      <dst id="15">156.4711</dst>
    </src>
    <src id="10">
      <dst id="12">22563.5644</dst>
      <dst id="19">3190.1333</dst>
      <dst id="8">1004.8356</dst>
      <dst id="18">12434.9333</dst>
      <dst id="1">9223.7422</dst>
      <dst id="5">1062.9511</dst>
      <dst id="3">26484.1244</dst>
      <dst id="22">7482.1600</dst>
      <dst id="7">15134.0889</dst>
      <dst id="2">31401.7600</dst>
      <dst id="6">78.9067</dst>
      <dst id="16">8015.7333</dst>
      <dst id="14">2000.1778</dst>
      <dst id="20">6603.7600</dst>
      <dst id="11">9404.7200</dst>
      <dst id="9">2481.6444</dst>
      <dst id="17">33598.6578</dst>
      <dst id="21">21564.2133</dst>
      <dst id="15">1922.3378</dst>
    </src>
    <src id="22">
      <dst id="12">17398.0711</dst>
      <dst id="13">8369.9556</dst>
      <dst id="19">252.3467</dst>
      <dst id="23">525.7422</dst>
      <dst id="8">1675.0489</dst>
      <dst id="18">534.6044</dst>
      <dst id="4">21402.7822</dst>
      <dst id="1">5753.5644</dst>
      <dst id="5">3088.0889</dst>
      <dst id="3">534.6844</dst>
      <dst id="7">544.0800</dst>
      <dst id="2">5294.5422</dst>
      <dst id="6">39.6533</dst>
      <dst id="16">1.1022</dst>
      <dst id="14">2.0533</dst>
      <dst id="11">4908.0533</dst>
      <dst id="9">2236.1244</dst>
      <dst id="17">12438.9956</dst>
      <dst id="21">3371.1733</dst>
    </src>
    <src id="7">
      <dst id="12">8176.7022</dst>
      <dst id="13">1991.8667</dst>
      <dst id="19">1597.4400</dst>
      <dst id="23">1359.3867</dst>
      <dst id="8">776.0978</dst>
      <dst id="18">2231.6622</dst>
      <dst id="4">31296.4800</dst>
      <dst id="1">19934.4800</dst>
      <dst id="5">705.8222</dst>
      <dst id="3">1129.2000</dst>
      <dst id="22">2490.7556</dst>
      <dst id="7">629.9733</dst>
      <dst id="2">13293.4044</dst>
      <dst id="6">53.5111</dst>
      <dst id="16">1909.0667</dst>
      <dst id="14">122.5689</dst>
      <dst id="20">1371.4756</dst>
      <dst id="11">5225.9378</dst>
      <dst id="9">847.2000</dst>
      <dst id="17">20322.4533</dst>
      <dst id="21">33408.2578</dst>
      <dst id="15">116.0267</dst>
    </src>
    <src id="2">
      <dst id="12">126204.7733</dst>
      <dst id="13">478303.3244</dst>
      <dst id="19">447.5378</dst>
      <dst id="23">59.9467</dst>
      <dst id="8">256.4356</dst>
      <dst id="18">146351.4578</dst>
      <dst id="4">118350.9156</dst>
      <dst id="1">10582.4089</dst>
      <dst id="5">3206.4267</dst>
      <dst id="3">327.2978</dst>
      <dst id="22">1802.9689</dst>
      <dst id="7">30619.4133</dst>
      <dst id="2">1035.4578</dst>
      <dst id="6">9137.3156</dst>
      <dst id="16">4245.1022</dst>
      <dst id="14">5216.2222</dst>
      <dst id="20">7286.0978</dst>
      <dst id="11">3718.5156</dst>
      <dst id="9">1180.4978</dst>
      <dst id="17">55292.5067</dst>
      <dst id="21">11491.4489</dst>
      <dst id="15">189.0933</dst>
    </src>
    <src id="6">
      <dst id="12">11277.2267</dst>
      <dst id="13">8.4622</dst>
      <dst id="19">32.0889</dst>
      <dst id="23">22.3378</dst>
      <dst id="8">80.0533</dst>
      <dst id="4">57.7422</dst>
      <dst id="1">91.4489</dst>
      <dst id="5">3.3244</dst>
      <dst id="3">0.3556</dst>
      <dst id="22">39.3156</dst>
      <dst id="7">28.9600</dst>
      <dst id="2">2686.3200</dst>
      <dst id="16">10.2400</dst>
      <dst id="20">0.9156</dst>
      <dst id="11">15.0400</dst>
      <dst id="9">12.1511</dst>
      <dst id="17">1674.0800</dst>
      <dst id="21">39.2622</dst>
    </src>
    <src id="16">
      <dst id="12">3146.3733</dst>
      <dst id="13">1426.8978</dst>
      <dst id="19">3397.7244</dst>
      <dst id="23">80.3111</dst>
      <dst id="8">6096.1067</dst>
      <dst id="18">190.6844</dst>
      <dst id="4">9620.5956</dst>
      <dst id="1">17016.2400</dst>
      <dst id="5">5603.9911</dst>
      <dst id="3">41.4400</dst>
      <dst id="7">5778.7289</dst>
      <dst id="2">3354.5689</dst>
      <dst id="6">12.7822</dst>
      <dst id="16">57.3689</dst>
      <dst id="14">267.2267</dst>
      <dst id="11">346.7733</dst>
      <dst id="9">4647.8400</dst>
      <dst id="17">6947.5200</dst>
      <dst id="21">600.3556</dst>
    </src>
    <src id="14">
      <dst id="12">16923.2178</dst>
      <dst id="13">94.6578</dst>
      <dst id="19">6.7022</dst>
      <dst id="23">2.5067</dst>
      <dst id="8">12.6222</dst>
      <dst id="18">45.5467</dst>
      <dst id="4">2711.2356</dst>
      <dst id="1">73.5467</dst>
      <dst id="5">27.7333</dst>
      <dst id="3">188.9778</dst>
      <dst id="22">0.9244</dst>
      <dst id="7">61.4844</dst>
      <dst id="2">5450.9689</dst>
      <dst id="16">5.6711</dst>
      <dst id="20">5.3333</dst>
      <dst id="11">78.3289</dst>
      <dst id="9">38.8800</dst>
      <dst id="17">5293.2089</dst>
      <dst id="21">147.9022</dst>
      <dst id="15">40.0533</dst>
    </src>
    <src id="20">
      <dst id="12">9937.1200</dst>
      <dst id="13">3718.4000</dst>
      <dst id="19">10.5778</dst>
      <dst id="23">3853.0311</dst>
      <dst id="8">1245.6533</dst>
      <dst id="18">296.0978</dst>
      <dst id="4">17903.9289</dst>
      <dst id="1">318.2844</dst>
      <dst id="5">1256.7378</dst>
      <dst id="3">572.1867</dst>
      <dst id="7">404.9689</dst>
      <dst id="2">11198.5600</dst>
      <dst id="6">6.1511</dst>
      <dst id="14">77.2622</dst>
      <dst id="11">353.1111</dst>
      <dst id="9">2509.3244</dst>
      <dst id="17">2452.9600</dst>
      <dst id="21">2804.7911</dst>
    </src>
    <src id="11">
      <dst id="12">442780.5778</dst>
      <dst id="13">4656.3378</dst>
      <dst id="19">84.5689</dst>
      <dst id="23">24.1156</dst>
      <dst id="8">3229.8489</dst>
      <dst id="18">2259.4222</dst>
      <dst id="4">13358.1156</dst>
      <dst id="1">745.1378</dst>
      <dst id="5">1693.2622</dst>
      <dst id="3">2551.9822</dst>
      <dst id="22">4545.6356</dst>
      <dst id="7">483.9644</dst>
      <dst id="2">178163.3244</dst>
      <dst id="6">18.5600</dst>
      <dst id="16">1260.8089</dst>
      <dst id="14">130.4978</dst>
      <dst id="20">757.4222</dst>
      <dst id="11">928.7733</dst>
      <dst id="9">5654.4711</dst>
      <dst id="17">195736.2578</dst>
      <dst id="21">1263.2711</dst>
      <dst id="15">1283.2178</dst>
    </src>
    <src id="9">
      <dst id="12">431456.2933</dst>
      <dst id="13">5414.1067</dst>
      <dst id="19">151.6267</dst>
      <dst id="23">37.4489</dst>
      <dst id="8">5636.7467</dst>
      <dst id="18">500.6133</dst>
      <dst id="4">14757.2800</dst>
      <dst id="1">1873.1289</dst>
      <dst id="5">1213.3422</dst>
      <dst id="3">97.2444</dst>
      <dst id="22">4660.6933</dst>
      <dst id="7">2809.2089</dst>
      <dst id="2">164409.7511</dst>
      <dst id="6">13.9556</dst>
      <dst id="16">858.4267</dst>
      <dst id="14">14.7733</dst>
      <dst id="20">1885.7422</dst>
      <dst id="11">1956.0444</dst>
      <dst id="9">1862.5333</dst>
      <dst id="17">166735.9111</dst>
      <dst id="21">1159.0044</dst>
      <dst id="15">2037.7333</dst>
    </src>
    <src id="17">
      <dst id="12">15332.2933</dst>
      <dst id="13">15313.3689</dst>
      <dst id="19">621.0844</dst>
      <dst id="23">331.8133</dst>
      <dst id="8">206539.8222</dst>
      <dst id="18">1491.2089</dst>
      <dst id="4">63090.8356</dst>
      <dst id="1">2699.4222</dst>
      <dst id="5">239118.9867</dst>
      <dst id="3">24065.2444</dst>
      <dst id="22">14263.3600</dst>
      <dst id="7">6341.7511</dst>
      <dst id="2">93674.1511</dst>
      <dst id="6">67.7956</dst>
      <dst id="16">13496.4889</dst>
      <dst id="14">24481.7956</dst>
      <dst id="20">942.2400</dst>
      <dst id="11">169501.5644</dst>
      <dst id="9">234168.9511</dst>
      <dst id="17">1925.8044</dst>
      <dst id="21">21407.1467</dst>
      <dst id="15">163.3156</dst>
    </src>
    <src id="21">
      <dst id="12">20948.8533</dst>
      <dst id="13">677.4489</dst>
      <dst id="19">2760.4000</dst>
      <dst id="23">155.6978</dst>
      <dst id="8">418.6489</dst>
      <dst id="18">2519.5111</dst>
      <dst id="4">35402.7111</dst>
      <dst id="1">22680.1689</dst>
      <dst id="5">493.5111</dst>
      <dst id="3">7120.1422</dst>
      <dst id="22">1896.0622</dst>
      <dst id="7">6217.5200</dst>
      <dst id="2">13926.7556</dst>
      <dst id="6">3.7956</dst>
      <dst id="16">370.1067</dst>
      <dst id="14">94.9778</dst>
      <dst id="20">1560.0267</dst>
      <dst id="11">834.9333</dst>
      <dst id="9">782.8089</dst>
      <dst id="17">16186.4089</dst>
      <dst id="21">3796.6933</dst>
      <dst id="15">132.9333</dst>
    </src>
    <src id="15">
      <dst id="12">4803.7422</dst>
      <dst id="13">650.6844</dst>
      <dst id="19">3.3244</dst>
      <dst id="8">1656.6400</dst>
      <dst id="18">130.7289</dst>
      <dst id="4">7107.3333</dst>
      <dst id="1">4259.6178</dst>
      <dst id="5">544.2400</dst>
      <dst id="3">45.4578</dst>
      <dst id="7">17.2267</dst>
      <dst id="2">237.6711</dst>
      <dst id="6">1.3244</dst>
      <dst id="14">1.1022</dst>
      <dst id="11">774.2400</dst>
      <dst id="9">1426.4889</dst>
      <dst id="17">561.4311</dst>
      <dst id="21">31.8667</dst>
    </src>
  </IntraTM>
</TrafficMatrixFile>
