<?xml version="1.0" encoding="UTF-8" standalone="yes"?>
<TrafficMatrixFile xmlns:xsi="http://www.w3.org/2001/XMLSchema-instance" xsi:noNamespaceSchemaLocation="http://totem.run.montefiore.ulg.ac.be/Schema/TrafficMatrix-v1_2.xsd">
  <info>
    <title>Intradomain traffic matrix generated by geant-TM-all.pl</title>
    <date>2005-01-04T03:45:00</date>
    <duration>900</duration>
    <author>Steve Uhlig</author>
    <units>
        <unit type="bandwidth" value="kbps"/>
    </units>
  </info>
  <IntraTM ASID="20965">
    <src id="12">
      <dst id="12">243411.2533</dst>
      <dst id="13">20823.3867</dst>
      <dst id="19">1578.6933</dst>
      <dst id="23">4446.8089</dst>
      <dst id="8">1776.8444</dst>
      <dst id="18">816.4622</dst>
      <dst id="4">89160.9156</dst>
      <dst id="1">7746.0800</dst>
      <dst id="5">4275.8044</dst>
      <dst id="3">4112.1422</dst>
      <dst id="22">22318.1422</dst>
      <dst id="7">7379.5467</dst>
      <dst id="2">94002.7911</dst>
      <dst id="6">1.6444</dst>
      <dst id="16">5756.9867</dst>
      <dst id="14">176.9867</dst>
      <dst id="20">16326.4889</dst>
      <dst id="11">4953.5644</dst>
      <dst id="9">5654.1422</dst>
      <dst id="17">61972.4533</dst>
      <dst id="21">4922.8089</dst>
      <dst id="15">14172.6489</dst>
    </src>
    <src id="13">
      <dst id="12">56268.2844</dst>
      <dst id="19">5313.2889</dst>
      <dst id="23">521.5822</dst>
      <dst id="8">5771.5467</dst>
      <dst id="18">2746.6133</dst>
      <dst id="4">1.7067</dst>
      <dst id="1">9168.3556</dst>
      <dst id="5">8777.3422</dst>
      <dst id="3">4188.7556</dst>
      <dst id="22">19838.6756</dst>
      <dst id="7">4896.6844</dst>
      <dst id="2">106909.6000</dst>
      <dst id="6">200.8533</dst>
      <dst id="16">7018.0533</dst>
      <dst id="14">2059.0222</dst>
      <dst id="20">13478.8889</dst>
      <dst id="11">18843.0222</dst>
      <dst id="9">11409.9644</dst>
      <dst id="17">64672.8178</dst>
      <dst id="21">12401.5022</dst>
      <dst id="15">6499.9822</dst>
    </src>
    <src id="19">
      <dst id="12">19394.9600</dst>
      <dst id="13">1609.9378</dst>
      <dst id="23">150.5600</dst>
      <dst id="18">39.0311</dst>
      <dst id="4">22772.9511</dst>
      <dst id="1">637.9378</dst>
      <dst id="5">4.0978</dst>
      <dst id="3">14.0444</dst>
      <dst id="22">224.4000</dst>
      <dst id="7">4339.4933</dst>
      <dst id="2">219.5111</dst>
      <dst id="6">13.1733</dst>
      <dst id="16">8771.9289</dst>
      <dst id="14">4.6044</dst>
      <dst id="20">35.2000</dst>
      <dst id="11">4.3022</dst>
      <dst id="9">49.2444</dst>
      <dst id="17">6268.8356</dst>
      <dst id="21">225.1822</dst>
      <dst id="15">0.6933</dst>
    </src>
    <src id="23">
      <dst id="12">472.7022</dst>
      <dst id="13">106.6844</dst>
      <dst id="19">4.1600</dst>
      <dst id="8">40.0000</dst>
      <dst id="18">1125.9733</dst>
      <dst id="1">53.3333</dst>
      <dst id="5">67.2267</dst>
      <dst id="3">237.6889</dst>
      <dst id="22">211.9733</dst>
      <dst id="7">79.4489</dst>
      <dst id="2">15.7244</dst>
      <dst id="16">4.9956</dst>
      <dst id="14">4.0444</dst>
      <dst id="20">0.8533</dst>
      <dst id="11">0.9156</dst>
      <dst id="9">684.6578</dst>
      <dst id="17">217.7156</dst>
      <dst id="21">236.5422</dst>
    </src>
    <src id="8">
      <dst id="12">326037.1822</dst>
      <dst id="13">1810.6844</dst>
      <dst id="23">1.0311</dst>
      <dst id="18">7.5022</dst>
      <dst id="4">4828.1600</dst>
      <dst id="1">189.2978</dst>
      <dst id="5">1717.6000</dst>
      <dst id="3">61.6622</dst>
      <dst id="22">1423.6356</dst>
      <dst id="7">569.6267</dst>
      <dst id="2">132211.2444</dst>
      <dst id="16">1052.9600</dst>
      <dst id="20">2159.8489</dst>
      <dst id="11">368.3644</dst>
      <dst id="9">391.8133</dst>
      <dst id="17">115307.5733</dst>
      <dst id="21">66.7467</dst>
      <dst id="15">623.2356</dst>
    </src>
    <src id="18">
      <dst id="12">103679.5467</dst>
      <dst id="13">120.0178</dst>
      <dst id="19">34.7378</dst>
      <dst id="23">32.7556</dst>
      <dst id="8">265.6089</dst>
      <dst id="4">1120.9422</dst>
      <dst id="1">1163.3689</dst>
      <dst id="5">549.4133</dst>
      <dst id="3">29.6622</dst>
      <dst id="22">273.8933</dst>
      <dst id="7">2470.9067</dst>
      <dst id="2">30740.8800</dst>
      <dst id="16">173.6978</dst>
      <dst id="14">76.0889</dst>
      <dst id="20">24.7911</dst>
      <dst id="11">146.0711</dst>
      <dst id="9">82.3467</dst>
      <dst id="17">40834.7200</dst>
      <dst id="21">418.6578</dst>
      <dst id="15">1.2089</dst>
    </src>
    <src id="4">
      <dst id="12">17281.6978</dst>
      <dst id="19">13019.0933</dst>
      <dst id="8">942.6222</dst>
      <dst id="18">646.6756</dst>
      <dst id="4">2.5600</dst>
      <dst id="1">28986.9867</dst>
      <dst id="5">3838.8444</dst>
      <dst id="3">649.6089</dst>
      <dst id="22">7512.9600</dst>
      <dst id="7">101252.7556</dst>
      <dst id="2">60960.4800</dst>
      <dst id="6">80.8178</dst>
      <dst id="16">1620.1956</dst>
      <dst id="14">993.6622</dst>
      <dst id="20">629.3867</dst>
      <dst id="11">5469.5378</dst>
      <dst id="9">1902.6044</dst>
      <dst id="17">80666.8356</dst>
      <dst id="21">2507.1467</dst>
      <dst id="15">813.7333</dst>
    </src>
    <src id="1">
      <dst id="12">15111.2711</dst>
      <dst id="13">573.5111</dst>
      <dst id="19">191.5022</dst>
      <dst id="23">157.1556</dst>
      <dst id="8">115931.0133</dst>
      <dst id="18">14052.8267</dst>
      <dst id="4">6365.1733</dst>
      <dst id="1">97214.8622</dst>
      <dst id="5">207388.9067</dst>
      <dst id="3">117.3689</dst>
      <dst id="22">6216.9333</dst>
      <dst id="7">6281.1289</dst>
      <dst id="2">8180.8089</dst>
      <dst id="6">10441.7867</dst>
      <dst id="16">13230.5778</dst>
      <dst id="14">32.4089</dst>
      <dst id="20">31.9822</dst>
      <dst id="11">2756.6667</dst>
      <dst id="9">191267.9733</dst>
      <dst id="17">1424.4978</dst>
      <dst id="21">3396.1600</dst>
      <dst id="15">215.8756</dst>
    </src>
    <src id="5">
      <dst id="12">310759.7778</dst>
      <dst id="13">3893.0667</dst>
      <dst id="19">97.7778</dst>
      <dst id="23">6.2844</dst>
      <dst id="8">5889.8578</dst>
      <dst id="18">172.3289</dst>
      <dst id="4">9603.5467</dst>
      <dst id="1">352.6044</dst>
      <dst id="3">63.7067</dst>
      <dst id="22">4564.0889</dst>
      <dst id="7">120.5867</dst>
      <dst id="2">159297.4933</dst>
      <dst id="6">62.6489</dst>
      <dst id="16">597.5022</dst>
      <dst id="14">4.8800</dst>
      <dst id="20">13989.0311</dst>
      <dst id="11">4039.7600</dst>
      <dst id="9">1321.6178</dst>
      <dst id="17">125219.4400</dst>
      <dst id="21">466.2756</dst>
      <dst id="15">236.2489</dst>
    </src>
    <src id="3">
      <dst id="12">11878.8178</dst>
      <dst id="13">866.3111</dst>
      <dst id="19">1174.5422</dst>
      <dst id="23">10263.3778</dst>
      <dst id="8">41.0044</dst>
      <dst id="18">69568.5422</dst>
      <dst id="4">14294.4178</dst>
      <dst id="1">7753.6978</dst>
      <dst id="5">307.4400</dst>
      <dst id="3">11517.6089</dst>
      <dst id="22">1300.8089</dst>
      <dst id="7">1946.7200</dst>
      <dst id="2">13416.8267</dst>
      <dst id="6">2.1067</dst>
      <dst id="16">1042.9689</dst>
      <dst id="14">32349.3333</dst>
      <dst id="20">847.9556</dst>
      <dst id="11">173236.1778</dst>
      <dst id="9">653.2800</dst>
      <dst id="17">13268.3200</dst>
      <dst id="21">12613.0400</dst>
      <dst id="15">29.7867</dst>
    </src>
    <src id="10">
      <dst id="12">14329.1822</dst>
      <dst id="19">3357.0400</dst>
      <dst id="8">2617.7956</dst>
      <dst id="18">4995.5467</dst>
      <dst id="1">2408.1511</dst>
      <dst id="5">986.1067</dst>
      <dst id="3">3102.2400</dst>
      <dst id="22">10539.9556</dst>
      <dst id="7">4241.9467</dst>
      <dst id="2">31752.3022</dst>
      <dst id="6">1.7956</dst>
      <dst id="16">9028.2756</dst>
      <dst id="14">826.0533</dst>
      <dst id="20">788.0089</dst>
      <dst id="11">4676.8800</dst>
      <dst id="9">1162.2044</dst>
      <dst id="17">10544.9156</dst>
      <dst id="21">8898.2489</dst>
      <dst id="15">609.8756</dst>
    </src>
    <src id="22">
      <dst id="12">7353.2533</dst>
      <dst id="13">5291.3244</dst>
      <dst id="19">394.3467</dst>
      <dst id="23">21.5200</dst>
      <dst id="8">992.3911</dst>
      <dst id="18">251.5111</dst>
      <dst id="4">16981.9556</dst>
      <dst id="1">231.4489</dst>
      <dst id="5">2044.0533</dst>
      <dst id="3">451.9733</dst>
      <dst id="7">1604.5156</dst>
      <dst id="2">3448.4089</dst>
      <dst id="6">0.5156</dst>
      <dst id="16">17.8489</dst>
      <dst id="14">279.6978</dst>
      <dst id="11">2738.3733</dst>
      <dst id="9">7797.5200</dst>
      <dst id="17">7079.2711</dst>
      <dst id="21">915.4400</dst>
    </src>
    <src id="7">
      <dst id="12">8946.6844</dst>
      <dst id="13">403.1733</dst>
      <dst id="19">435.9378</dst>
      <dst id="23">21.2800</dst>
      <dst id="8">809.0489</dst>
      <dst id="18">181.9111</dst>
      <dst id="4">25478.4356</dst>
      <dst id="1">2662.4089</dst>
      <dst id="5">1436.0000</dst>
      <dst id="3">368.4622</dst>
      <dst id="22">3024.6667</dst>
      <dst id="7">857.2800</dst>
      <dst id="2">9185.8578</dst>
      <dst id="6">13.8578</dst>
      <dst id="16">1195.9911</dst>
      <dst id="14">69.6000</dst>
      <dst id="20">1259.1644</dst>
      <dst id="11">3499.6711</dst>
      <dst id="9">2227.6089</dst>
      <dst id="17">15454.8000</dst>
      <dst id="21">2836.4444</dst>
      <dst id="15">179.6711</dst>
    </src>
    <src id="2">
      <dst id="12">93491.4578</dst>
      <dst id="13">519680.7733</dst>
      <dst id="19">119.6178</dst>
      <dst id="23">0.4267</dst>
      <dst id="8">491.9111</dst>
      <dst id="18">57619.8044</dst>
      <dst id="4">104682.4533</dst>
      <dst id="1">2975.9467</dst>
      <dst id="5">3827.3067</dst>
      <dst id="3">35.1556</dst>
      <dst id="22">3319.4222</dst>
      <dst id="7">18693.7778</dst>
      <dst id="2">633.6889</dst>
      <dst id="6">9510.2400</dst>
      <dst id="16">4044.2222</dst>
      <dst id="14">568.8178</dst>
      <dst id="20">584.0711</dst>
      <dst id="11">3607.9467</dst>
      <dst id="9">1167.8667</dst>
      <dst id="17">35153.3067</dst>
      <dst id="21">2148.8356</dst>
      <dst id="15">47.8222</dst>
    </src>
    <src id="6">
      <dst id="12">12310.5244</dst>
      <dst id="13">17.7956</dst>
      <dst id="19">14.4000</dst>
      <dst id="4">1114.7378</dst>
      <dst id="1">0.3289</dst>
      <dst id="5">3.4489</dst>
      <dst id="22">12.3378</dst>
      <dst id="7">0.3378</dst>
      <dst id="2">2712.4622</dst>
      <dst id="16">26.4533</dst>
      <dst id="11">1.4222</dst>
      <dst id="17">1776.7733</dst>
      <dst id="21">25.8844</dst>
      <dst id="15">0.3378</dst>
    </src>
    <src id="16">
      <dst id="12">3598.9511</dst>
      <dst id="13">701.9200</dst>
      <dst id="19">3693.4844</dst>
      <dst id="23">1.3956</dst>
      <dst id="8">4295.5289</dst>
      <dst id="18">22.6578</dst>
      <dst id="4">3781.2978</dst>
      <dst id="1">20618.1422</dst>
      <dst id="5">2936.2489</dst>
      <dst id="3">2.1956</dst>
      <dst id="7">530.1956</dst>
      <dst id="2">1269.8578</dst>
      <dst id="16">59.4311</dst>
      <dst id="14">2.9511</dst>
      <dst id="11">502.3556</dst>
      <dst id="9">7067.6089</dst>
      <dst id="17">1921.2444</dst>
      <dst id="21">1984.6222</dst>
    </src>
    <src id="14">
      <dst id="12">15732.1600</dst>
      <dst id="13">24.9422</dst>
      <dst id="19">19.5200</dst>
      <dst id="23">1.2089</dst>
      <dst id="18">2.3111</dst>
      <dst id="4">1345.2978</dst>
      <dst id="1">47.4844</dst>
      <dst id="5">1.3867</dst>
      <dst id="3">42.2044</dst>
      <dst id="22">12.6844</dst>
      <dst id="7">54.3378</dst>
      <dst id="2">4746.6667</dst>
      <dst id="16">30.4089</dst>
      <dst id="14">84.5422</dst>
      <dst id="20">1.4044</dst>
      <dst id="11">25.3067</dst>
      <dst id="9">27.6444</dst>
      <dst id="17">6185.9289</dst>
      <dst id="21">51.6889</dst>
    </src>
    <src id="20">
      <dst id="12">12469.6178</dst>
      <dst id="13">2397.8489</dst>
      <dst id="19">44.2844</dst>
      <dst id="8">256.5956</dst>
      <dst id="18">241.1467</dst>
      <dst id="4">12730.7378</dst>
      <dst id="1">70.3289</dst>
      <dst id="5">1713.5378</dst>
      <dst id="3">196.7822</dst>
      <dst id="7">1964.2489</dst>
      <dst id="2">872.3022</dst>
      <dst id="6">26.1156</dst>
      <dst id="11">632.2578</dst>
      <dst id="9">2836.2044</dst>
      <dst id="17">981.7689</dst>
      <dst id="21">7446.8889</dst>
    </src>
    <src id="11">
      <dst id="12">444799.6000</dst>
      <dst id="13">2044.4622</dst>
      <dst id="19">4.3111</dst>
      <dst id="23">4.6400</dst>
      <dst id="8">651.2267</dst>
      <dst id="18">147.8756</dst>
      <dst id="4">8924.3289</dst>
      <dst id="1">556.2400</dst>
      <dst id="5">2232.4711</dst>
      <dst id="3">306.4622</dst>
      <dst id="22">2155.5556</dst>
      <dst id="7">1097.5200</dst>
      <dst id="2">169752.5156</dst>
      <dst id="6">13.8667</dst>
      <dst id="16">625.3244</dst>
      <dst id="14">63.5644</dst>
      <dst id="20">199.8489</dst>
      <dst id="11">1586.8622</dst>
      <dst id="9">1131.0933</dst>
      <dst id="17">168860.8267</dst>
      <dst id="21">503.0756</dst>
      <dst id="15">2627.5822</dst>
    </src>
    <src id="9">
      <dst id="12">453692.4444</dst>
      <dst id="13">4378.7911</dst>
      <dst id="19">280.9244</dst>
      <dst id="23">17.2089</dst>
      <dst id="8">258.1067</dst>
      <dst id="18">1124.5867</dst>
      <dst id="4">9124.3467</dst>
      <dst id="1">2558.2400</dst>
      <dst id="5">1556.3378</dst>
      <dst id="3">7.7511</dst>
      <dst id="22">6508.1867</dst>
      <dst id="7">211.4222</dst>
      <dst id="2">183391.7244</dst>
      <dst id="6">0.5244</dst>
      <dst id="16">541.2000</dst>
      <dst id="20">960.7467</dst>
      <dst id="11">1212.6844</dst>
      <dst id="9">715.6800</dst>
      <dst id="17">163823.4311</dst>
      <dst id="21">2063.7511</dst>
      <dst id="15">1549.2089</dst>
    </src>
    <src id="17">
      <dst id="12">7408.8267</dst>
      <dst id="13">2374.4356</dst>
      <dst id="19">1822.3111</dst>
      <dst id="23">112.0089</dst>
      <dst id="8">121251.5378</dst>
      <dst id="18">118.1778</dst>
      <dst id="4">155987.6533</dst>
      <dst id="1">1736.6044</dst>
      <dst id="5">201009.6089</dst>
      <dst id="3">5875.4400</dst>
      <dst id="22">7686.3556</dst>
      <dst id="7">1924.2933</dst>
      <dst id="2">14181.6978</dst>
      <dst id="6">696.8978</dst>
      <dst id="16">3325.0578</dst>
      <dst id="14">18232.0089</dst>
      <dst id="20">1768.8711</dst>
      <dst id="11">116133.7956</dst>
      <dst id="9">174408.2400</dst>
      <dst id="17">1259.0756</dst>
      <dst id="21">8512.9778</dst>
      <dst id="15">60.0978</dst>
    </src>
    <src id="21">
      <dst id="12">25963.4133</dst>
      <dst id="13">1708.6756</dst>
      <dst id="19">134.9778</dst>
      <dst id="23">6.0800</dst>
      <dst id="8">118.7733</dst>
      <dst id="18">404.6933</dst>
      <dst id="4">13325.0667</dst>
      <dst id="1">3712.5956</dst>
      <dst id="5">323.7422</dst>
      <dst id="3">941.4578</dst>
      <dst id="22">1785.7511</dst>
      <dst id="7">937.4222</dst>
      <dst id="2">17764.7644</dst>
      <dst id="16">173.3333</dst>
      <dst id="14">206.3733</dst>
      <dst id="20">618.1244</dst>
      <dst id="11">873.9911</dst>
      <dst id="9">491.1378</dst>
      <dst id="17">5853.1644</dst>
      <dst id="21">859.0044</dst>
      <dst id="15">59.9378</dst>
    </src>
    <src id="15">
      <dst id="12">744.1156</dst>
      <dst id="13">717.5022</dst>
      <dst id="23">1.1378</dst>
      <dst id="8">113.3156</dst>
      <dst id="4">3563.9556</dst>
      <dst id="1">622.5778</dst>
      <dst id="5">81.8578</dst>
      <dst id="3">17.1467</dst>
      <dst id="7">8.0800</dst>
      <dst id="2">57.4400</dst>
      <dst id="11">438.9867</dst>
      <dst id="9">136.9156</dst>
      <dst id="17">288.9867</dst>
      <dst id="21">100.6933</dst>
    </src>
  </IntraTM>
</TrafficMatrixFile>
