<?xml version="1.0" encoding="UTF-8" standalone="yes"?>
<TrafficMatrixFile xmlns:xsi="http://www.w3.org/2001/XMLSchema-instance" xsi:noNamespaceSchemaLocation="http://totem.run.montefiore.ulg.ac.be/Schema/TrafficMatrix-v1_2.xsd">
  <info>
    <title>Intradomain traffic matrix generated by geant-TM-all.pl</title>
    <date>2005-01-01T20:15:00</date>
    <duration>900</duration>
    <author>Steve Uhlig</author>
    <units>
        <unit type="bandwidth" value="kbps"/>
    </units>
  </info>
  <IntraTM ASID="20965">
    <src id="12">
      <dst id="12">389890.3556</dst>
      <dst id="13">20531.0667</dst>
      <dst id="19">5876.5244</dst>
      <dst id="23">2368.9689</dst>
      <dst id="8">1447.7156</dst>
      <dst id="18">2832.5600</dst>
      <dst id="4">77882.4622</dst>
      <dst id="1">6269.4400</dst>
      <dst id="5">7115.3422</dst>
      <dst id="3">11080.0622</dst>
      <dst id="22">24216.2756</dst>
      <dst id="7">1802.6222</dst>
      <dst id="2">133821.4578</dst>
      <dst id="6">362.2667</dst>
      <dst id="16">9162.4889</dst>
      <dst id="14">4143.9822</dst>
      <dst id="20">7787.3778</dst>
      <dst id="11">12920.7911</dst>
      <dst id="9">26279.6889</dst>
      <dst id="17">86288.8356</dst>
      <dst id="21">31536.5244</dst>
      <dst id="15">9337.5911</dst>
    </src>
    <src id="13">
      <dst id="12">70101.7956</dst>
      <dst id="19">8575.6089</dst>
      <dst id="23">169.5289</dst>
      <dst id="8">15350.4533</dst>
      <dst id="18">8300.7378</dst>
      <dst id="1">5215.9022</dst>
      <dst id="5">34718.2044</dst>
      <dst id="3">27266.1689</dst>
      <dst id="22">44493.1378</dst>
      <dst id="7">12435.4933</dst>
      <dst id="2">135684.4889</dst>
      <dst id="6">81.5556</dst>
      <dst id="16">8305.4667</dst>
      <dst id="14">4914.0267</dst>
      <dst id="20">22031.4933</dst>
      <dst id="11">30178.0267</dst>
      <dst id="9">19714.1156</dst>
      <dst id="17">71322.2578</dst>
      <dst id="21">37470.2756</dst>
      <dst id="15">12335.9644</dst>
    </src>
    <src id="19">
      <dst id="12">11682.6933</dst>
      <dst id="13">7980.7822</dst>
      <dst id="23">24.3378</dst>
      <dst id="8">27.0222</dst>
      <dst id="18">766.8533</dst>
      <dst id="4">19489.3956</dst>
      <dst id="1">11.5111</dst>
      <dst id="5">157.6533</dst>
      <dst id="3">6354.6844</dst>
      <dst id="22">1134.5600</dst>
      <dst id="7">4961.0933</dst>
      <dst id="2">4263.0133</dst>
      <dst id="6">127.7067</dst>
      <dst id="16">8709.8311</dst>
      <dst id="14">38.2222</dst>
      <dst id="20">63.2533</dst>
      <dst id="11">602.5156</dst>
      <dst id="9">4609.7333</dst>
      <dst id="17">496.9156</dst>
      <dst id="21">9777.4844</dst>
      <dst id="15">16.7467</dst>
    </src>
    <src id="23">
      <dst id="12">2288.8356</dst>
      <dst id="13">234.2222</dst>
      <dst id="19">1.8133</dst>
      <dst id="8">9.2711</dst>
      <dst id="18">190.4000</dst>
      <dst id="4">33.0667</dst>
      <dst id="1">136.3556</dst>
      <dst id="5">16.6844</dst>
      <dst id="3">1014.2844</dst>
      <dst id="22">1955.6622</dst>
      <dst id="7">876.2756</dst>
      <dst id="2">112.5867</dst>
      <dst id="6">7.1911</dst>
      <dst id="16">185.2622</dst>
      <dst id="14">13.1556</dst>
      <dst id="20">148.4711</dst>
      <dst id="11">95.3600</dst>
      <dst id="9">133.9289</dst>
      <dst id="17">194.2667</dst>
      <dst id="21">1092.4978</dst>
      <dst id="15">1.4933</dst>
    </src>
    <src id="8">
      <dst id="12">417769.9200</dst>
      <dst id="13">2040.4889</dst>
      <dst id="19">5.6533</dst>
      <dst id="23">280.9244</dst>
      <dst id="18">169.2000</dst>
      <dst id="4">8095.3067</dst>
      <dst id="1">123.0578</dst>
      <dst id="5">2680.9600</dst>
      <dst id="3">2498.9422</dst>
      <dst id="22">1275.5644</dst>
      <dst id="7">53.7867</dst>
      <dst id="2">155037.4400</dst>
      <dst id="6">0.4089</dst>
      <dst id="16">537.5911</dst>
      <dst id="14">12.4444</dst>
      <dst id="20">1561.1911</dst>
      <dst id="11">3161.4756</dst>
      <dst id="9">967.0844</dst>
      <dst id="17">98517.4044</dst>
      <dst id="21">1205.3067</dst>
      <dst id="15">164.8533</dst>
    </src>
    <src id="18">
      <dst id="12">149796.1956</dst>
      <dst id="13">148.4356</dst>
      <dst id="19">460.7644</dst>
      <dst id="23">187.5911</dst>
      <dst id="8">309.2622</dst>
      <dst id="4">1223.2356</dst>
      <dst id="1">846.5422</dst>
      <dst id="5">332.9867</dst>
      <dst id="3">225.8578</dst>
      <dst id="22">474.4089</dst>
      <dst id="7">128.5156</dst>
      <dst id="2">45339.2444</dst>
      <dst id="16">66.9333</dst>
      <dst id="14">19.8311</dst>
      <dst id="20">418.3111</dst>
      <dst id="11">1398.6756</dst>
      <dst id="9">604.9333</dst>
      <dst id="17">34730.8267</dst>
      <dst id="21">4092.6756</dst>
      <dst id="15">87.1111</dst>
    </src>
    <src id="4">
      <dst id="12">23563.6889</dst>
      <dst id="19">10008.7822</dst>
      <dst id="8">2497.9733</dst>
      <dst id="18">1425.7600</dst>
      <dst id="4">1.0400</dst>
      <dst id="1">7015.0311</dst>
      <dst id="5">3233.2711</dst>
      <dst id="3">22208.6400</dst>
      <dst id="22">7479.8400</dst>
      <dst id="7">38698.4622</dst>
      <dst id="2">96110.6400</dst>
      <dst id="6">13.1556</dst>
      <dst id="16">2377.8222</dst>
      <dst id="14">3969.2267</dst>
      <dst id="20">8144.0711</dst>
      <dst id="11">10089.6978</dst>
      <dst id="9">4882.9156</dst>
      <dst id="17">35682.9600</dst>
      <dst id="21">12289.7244</dst>
      <dst id="15">1413.0667</dst>
    </src>
    <src id="1">
      <dst id="12">18161.5556</dst>
      <dst id="13">287.5111</dst>
      <dst id="19">113.7600</dst>
      <dst id="23">117.0667</dst>
      <dst id="8">233541.5289</dst>
      <dst id="18">19998.8089</dst>
      <dst id="4">6389.2622</dst>
      <dst id="1">47.2800</dst>
      <dst id="5">300060.9778</dst>
      <dst id="3">136403.6089</dst>
      <dst id="22">16028.1333</dst>
      <dst id="7">25505.9289</dst>
      <dst id="2">10422.0444</dst>
      <dst id="6">9115.9467</dst>
      <dst id="16">13640.6133</dst>
      <dst id="14">1008.1600</dst>
      <dst id="20">2000.8089</dst>
      <dst id="11">895.3511</dst>
      <dst id="9">422671.3067</dst>
      <dst id="17">4100.8089</dst>
      <dst id="21">28846.5422</dst>
      <dst id="15">163.3156</dst>
    </src>
    <src id="5">
      <dst id="12">364933.8667</dst>
      <dst id="13">2219.4133</dst>
      <dst id="19">99.1289</dst>
      <dst id="23">114.7733</dst>
      <dst id="8">3791.4667</dst>
      <dst id="18">1055.8756</dst>
      <dst id="4">7302.9333</dst>
      <dst id="1">38.3378</dst>
      <dst id="3">927.6089</dst>
      <dst id="22">7387.5200</dst>
      <dst id="7">270.0178</dst>
      <dst id="2">176145.9644</dst>
      <dst id="6">0.8711</dst>
      <dst id="16">860.6933</dst>
      <dst id="14">300.6578</dst>
      <dst id="20">7393.6711</dst>
      <dst id="11">1253.3867</dst>
      <dst id="9">2563.5111</dst>
      <dst id="17">111876.8533</dst>
      <dst id="21">1076.1511</dst>
      <dst id="15">386.5689</dst>
    </src>
    <src id="3">
      <dst id="12">12844.5067</dst>
      <dst id="13">871.2622</dst>
      <dst id="19">2497.2444</dst>
      <dst id="23">139.0489</dst>
      <dst id="8">1918.9600</dst>
      <dst id="18">210377.9733</dst>
      <dst id="4">41187.6800</dst>
      <dst id="1">22576.1956</dst>
      <dst id="5">996.8533</dst>
      <dst id="3">22478.4000</dst>
      <dst id="22">2189.7689</dst>
      <dst id="7">3119.2889</dst>
      <dst id="2">5891.7689</dst>
      <dst id="6">14.0267</dst>
      <dst id="16">2312.6400</dst>
      <dst id="14">63366.7378</dst>
      <dst id="20">3899.3689</dst>
      <dst id="11">288966.1511</dst>
      <dst id="9">487.6267</dst>
      <dst id="17">19384.5067</dst>
      <dst id="21">14442.0267</dst>
      <dst id="15">95.3778</dst>
    </src>
    <src id="10">
      <dst id="12">23559.6356</dst>
      <dst id="19">1121.2711</dst>
      <dst id="8">1664.1067</dst>
      <dst id="18">9863.9378</dst>
      <dst id="1">3580.8533</dst>
      <dst id="5">3244.8533</dst>
      <dst id="3">21705.3600</dst>
      <dst id="22">9864.9956</dst>
      <dst id="7">2416.9600</dst>
      <dst id="2">47707.3422</dst>
      <dst id="6">2.7644</dst>
      <dst id="16">1844.5689</dst>
      <dst id="14">4879.1733</dst>
      <dst id="20">5186.5244</dst>
      <dst id="11">6756.5956</dst>
      <dst id="9">4413.8667</dst>
      <dst id="17">30640.7644</dst>
      <dst id="21">19999.8489</dst>
      <dst id="15">1394.4444</dst>
    </src>
    <src id="22">
      <dst id="12">12931.1733</dst>
      <dst id="13">5563.0844</dst>
      <dst id="19">249.8222</dst>
      <dst id="23">145.8844</dst>
      <dst id="8">4293.1378</dst>
      <dst id="18">537.6089</dst>
      <dst id="4">16141.9911</dst>
      <dst id="1">451.7867</dst>
      <dst id="5">5489.0667</dst>
      <dst id="3">1724.6667</dst>
      <dst id="7">1256.5600</dst>
      <dst id="2">18351.2089</dst>
      <dst id="6">10.4622</dst>
      <dst id="16">5.0667</dst>
      <dst id="14">77.9022</dst>
      <dst id="11">5581.0489</dst>
      <dst id="9">3638.2667</dst>
      <dst id="17">6458.8267</dst>
      <dst id="21">2942.0711</dst>
    </src>
    <src id="7">
      <dst id="12">7227.2800</dst>
      <dst id="13">224.3911</dst>
      <dst id="19">814.6844</dst>
      <dst id="23">252.0356</dst>
      <dst id="8">242.7289</dst>
      <dst id="18">1785.5022</dst>
      <dst id="4">27017.8489</dst>
      <dst id="1">9116.9156</dst>
      <dst id="5">2518.9422</dst>
      <dst id="3">11410.8089</dst>
      <dst id="22">8282.2044</dst>
      <dst id="7">709.2267</dst>
      <dst id="2">12090.1778</dst>
      <dst id="6">127.2978</dst>
      <dst id="16">2311.1022</dst>
      <dst id="14">228.7733</dst>
      <dst id="20">1988.2844</dst>
      <dst id="11">2461.6356</dst>
      <dst id="9">3488.0089</dst>
      <dst id="17">6695.5733</dst>
      <dst id="21">17745.6711</dst>
      <dst id="15">524.7111</dst>
    </src>
    <src id="2">
      <dst id="12">165328.3733</dst>
      <dst id="13">11752.9689</dst>
      <dst id="19">694.7467</dst>
      <dst id="23">0.4622</dst>
      <dst id="8">1952.7111</dst>
      <dst id="18">162700.7822</dst>
      <dst id="4">95455.7956</dst>
      <dst id="1">3015.0756</dst>
      <dst id="5">2955.3600</dst>
      <dst id="3">3809.0667</dst>
      <dst id="22">4521.5289</dst>
      <dst id="7">5044.3378</dst>
      <dst id="2">1148.9689</dst>
      <dst id="6">7135.1467</dst>
      <dst id="16">2342.7467</dst>
      <dst id="14">574.8533</dst>
      <dst id="20">1671.5644</dst>
      <dst id="11">8435.9556</dst>
      <dst id="9">6644.4267</dst>
      <dst id="17">28577.2889</dst>
      <dst id="21">22115.5378</dst>
      <dst id="15">1439.6356</dst>
    </src>
    <src id="6">
      <dst id="12">10798.9244</dst>
      <dst id="13">37.2622</dst>
      <dst id="19">13.9556</dst>
      <dst id="23">48.2489</dst>
      <dst id="18">17.8044</dst>
      <dst id="4">20.4978</dst>
      <dst id="1">29.4222</dst>
      <dst id="5">0.4622</dst>
      <dst id="3">102.8356</dst>
      <dst id="22">133.6356</dst>
      <dst id="7">14.4000</dst>
      <dst id="2">2141.1822</dst>
      <dst id="16">11.8222</dst>
      <dst id="20">60.1333</dst>
      <dst id="11">48.7289</dst>
      <dst id="9">2.4978</dst>
      <dst id="17">1417.6089</dst>
      <dst id="21">131.8756</dst>
      <dst id="15">13.3600</dst>
    </src>
    <src id="16">
      <dst id="12">3301.2889</dst>
      <dst id="13">435.9111</dst>
      <dst id="19">4250.0356</dst>
      <dst id="23">324.9156</dst>
      <dst id="8">11895.3956</dst>
      <dst id="18">112.0178</dst>
      <dst id="4">4445.2356</dst>
      <dst id="1">22309.7422</dst>
      <dst id="5">14154.5333</dst>
      <dst id="3">3720.5422</dst>
      <dst id="7">2548.5600</dst>
      <dst id="2">1471.4044</dst>
      <dst id="6">13.6178</dst>
      <dst id="16">28.5511</dst>
      <dst id="14">472.2400</dst>
      <dst id="11">725.8311</dst>
      <dst id="9">14377.0933</dst>
      <dst id="17">1538.1067</dst>
      <dst id="21">1286.1689</dst>
    </src>
    <src id="14">
      <dst id="12">27523.1733</dst>
      <dst id="13">50.2489</dst>
      <dst id="19">3.4489</dst>
      <dst id="23">40.9156</dst>
      <dst id="8">0.7111</dst>
      <dst id="4">3193.3867</dst>
      <dst id="1">84.3911</dst>
      <dst id="5">5.7956</dst>
      <dst id="3">160.9156</dst>
      <dst id="22">78.3911</dst>
      <dst id="7">165.4756</dst>
      <dst id="2">7596.1600</dst>
      <dst id="16">15.2089</dst>
      <dst id="20">27.5733</dst>
      <dst id="11">411.7511</dst>
      <dst id="9">19.3422</dst>
      <dst id="17">5024.0800</dst>
      <dst id="21">212.9689</dst>
    </src>
    <src id="20">
      <dst id="12">8160.2311</dst>
      <dst id="13">2929.3956</dst>
      <dst id="19">225.9111</dst>
      <dst id="23">391.5733</dst>
      <dst id="8">288.6222</dst>
      <dst id="18">162.9422</dst>
      <dst id="4">11435.5378</dst>
      <dst id="1">86.6311</dst>
      <dst id="5">9164.4089</dst>
      <dst id="3">10313.1911</dst>
      <dst id="22">0.8356</dst>
      <dst id="7">1275.2089</dst>
      <dst id="2">10294.1867</dst>
      <dst id="6">16.0356</dst>
      <dst id="14">9.0044</dst>
      <dst id="11">2418.9689</dst>
      <dst id="9">6801.2444</dst>
      <dst id="17">3232.5867</dst>
      <dst id="21">1978.4978</dst>
    </src>
    <src id="11">
      <dst id="12">485778.7200</dst>
      <dst id="13">2538.1511</dst>
      <dst id="19">955.5022</dst>
      <dst id="23">46.8089</dst>
      <dst id="8">2419.8489</dst>
      <dst id="18">728.0178</dst>
      <dst id="4">13614.7022</dst>
      <dst id="1">561.0844</dst>
      <dst id="5">1490.4889</dst>
      <dst id="3">1845.3689</dst>
      <dst id="22">4748.4978</dst>
      <dst id="7">289.7511</dst>
      <dst id="2">170330.3378</dst>
      <dst id="6">3.8044</dst>
      <dst id="16">274.4533</dst>
      <dst id="14">2856.4800</dst>
      <dst id="20">1819.2000</dst>
      <dst id="11">7070.3556</dst>
      <dst id="9">2080.9956</dst>
      <dst id="17">96517.9644</dst>
      <dst id="21">1387.4933</dst>
      <dst id="15">972.9244</dst>
    </src>
    <src id="9">
      <dst id="12">626840.9244</dst>
      <dst id="13">4255.4222</dst>
      <dst id="19">150.3467</dst>
      <dst id="23">2.4533</dst>
      <dst id="8">3441.3422</dst>
      <dst id="18">131.8933</dst>
      <dst id="4">11825.9911</dst>
      <dst id="1">9948.1333</dst>
      <dst id="5">2480.0978</dst>
      <dst id="3">3360.4889</dst>
      <dst id="22">5457.3244</dst>
      <dst id="7">1517.1378</dst>
      <dst id="2">219589.1111</dst>
      <dst id="16">1754.0444</dst>
      <dst id="14">1.3867</dst>
      <dst id="20">5921.6000</dst>
      <dst id="11">3983.6622</dst>
      <dst id="9">1626.6844</dst>
      <dst id="17">168436.1689</dst>
      <dst id="21">9318.8711</dst>
      <dst id="15">4895.7511</dst>
    </src>
    <src id="17">
      <dst id="12">20102.8978</dst>
      <dst id="13">25010.7556</dst>
      <dst id="19">9356.6667</dst>
      <dst id="23">595.0578</dst>
      <dst id="8">236092.7644</dst>
      <dst id="18">2566.4978</dst>
      <dst id="4">40547.8400</dst>
      <dst id="1">2634.5600</dst>
      <dst id="5">284770.8800</dst>
      <dst id="3">40020.3911</dst>
      <dst id="22">24732.5956</dst>
      <dst id="7">19343.7778</dst>
      <dst id="2">11200.8711</dst>
      <dst id="6">116.3022</dst>
      <dst id="16">9885.4311</dst>
      <dst id="14">51612.2844</dst>
      <dst id="20">2393.4844</dst>
      <dst id="11">219263.9378</dst>
      <dst id="9">371571.0133</dst>
      <dst id="17">793.5822</dst>
      <dst id="21">21736.0000</dst>
      <dst id="15">162.6844</dst>
    </src>
    <src id="21">
      <dst id="12">20763.6178</dst>
      <dst id="13">1095.0489</dst>
      <dst id="19">1491.4578</dst>
      <dst id="23">73.5911</dst>
      <dst id="8">528.9156</dst>
      <dst id="18">2868.4444</dst>
      <dst id="4">34940.7556</dst>
      <dst id="1">2031.7778</dst>
      <dst id="5">2135.5200</dst>
      <dst id="3">5145.7422</dst>
      <dst id="22">1924.1156</dst>
      <dst id="7">4028.4978</dst>
      <dst id="2">10953.3244</dst>
      <dst id="6">11.7511</dst>
      <dst id="16">640.0622</dst>
      <dst id="14">141.6444</dst>
      <dst id="20">556.4889</dst>
      <dst id="11">1028.1333</dst>
      <dst id="9">1681.8667</dst>
      <dst id="17">32537.5289</dst>
      <dst id="21">4703.4311</dst>
      <dst id="15">636.1067</dst>
    </src>
    <src id="15">
      <dst id="12">3843.4222</dst>
      <dst id="13">3839.2800</dst>
      <dst id="19">0.7111</dst>
      <dst id="23">13.7600</dst>
      <dst id="8">165.0578</dst>
      <dst id="18">2.6667</dst>
      <dst id="4">4751.0578</dst>
      <dst id="1">98.3822</dst>
      <dst id="5">162.6667</dst>
      <dst id="3">562.9244</dst>
      <dst id="7">43.6978</dst>
      <dst id="2">1323.4222</dst>
      <dst id="6">9.7689</dst>
      <dst id="14">0.8533</dst>
      <dst id="11">1340.6667</dst>
      <dst id="9">12217.5200</dst>
      <dst id="17">391.2089</dst>
      <dst id="21">1374.5867</dst>
    </src>
  </IntraTM>
</TrafficMatrixFile>
