<?xml version="1.0" encoding="UTF-8" standalone="yes"?>
<TrafficMatrixFile xmlns:xsi="http://www.w3.org/2001/XMLSchema-instance" xsi:noNamespaceSchemaLocation="http://totem.run.montefiore.ulg.ac.be/Schema/TrafficMatrix-v1_2.xsd">
  <info>
    <title>Intradomain traffic matrix generated by geant-TM-all.pl</title>
    <date>2005-01-03T13:45:00</date>
    <duration>900</duration>
    <author>Steve Uhlig</author>
    <units>
        <unit type="bandwidth" value="kbps"/>
    </units>
  </info>
  <IntraTM ASID="20965">
    <src id="12">
      <dst id="12">171472.1956</dst>
      <dst id="13">24458.6311</dst>
      <dst id="19">2321.8044</dst>
      <dst id="23">10.9333</dst>
      <dst id="8">675.9822</dst>
      <dst id="18">3959.5733</dst>
      <dst id="4">71250.0533</dst>
      <dst id="1">6447.4400</dst>
      <dst id="5">1009.7511</dst>
      <dst id="3">4140.5156</dst>
      <dst id="22">12079.6978</dst>
      <dst id="7">4089.4756</dst>
      <dst id="2">57713.6533</dst>
      <dst id="6">1.2978</dst>
      <dst id="16">5127.9467</dst>
      <dst id="14">114.4267</dst>
      <dst id="20">6802.5244</dst>
      <dst id="11">5424.1244</dst>
      <dst id="9">2953.4489</dst>
      <dst id="17">52978.0800</dst>
      <dst id="21">5705.5733</dst>
      <dst id="15">111.6444</dst>
    </src>
    <src id="13">
      <dst id="12">40984.6489</dst>
      <dst id="19">27061.2267</dst>
      <dst id="23">19.0489</dst>
      <dst id="8">4534.0267</dst>
      <dst id="18">1619.2711</dst>
      <dst id="1">1141.8311</dst>
      <dst id="5">3268.1778</dst>
      <dst id="3">4932.1511</dst>
      <dst id="22">12331.7689</dst>
      <dst id="7">5382.6044</dst>
      <dst id="2">92018.3467</dst>
      <dst id="6">48.9778</dst>
      <dst id="16">6001.5644</dst>
      <dst id="14">1172.2667</dst>
      <dst id="20">4697.0489</dst>
      <dst id="11">7489.6089</dst>
      <dst id="9">9104.0622</dst>
      <dst id="17">27778.3911</dst>
      <dst id="21">6988.1244</dst>
      <dst id="15">818.2933</dst>
    </src>
    <src id="19">
      <dst id="12">13677.5644</dst>
      <dst id="13">69.3867</dst>
      <dst id="8">0.6222</dst>
      <dst id="18">2089.3156</dst>
      <dst id="4">20954.6667</dst>
      <dst id="1">499.3156</dst>
      <dst id="5">13.6444</dst>
      <dst id="3">0.9422</dst>
      <dst id="22">110.0533</dst>
      <dst id="7">2683.1289</dst>
      <dst id="2">14.6222</dst>
      <dst id="6">51.8400</dst>
      <dst id="16">9834.9600</dst>
      <dst id="14">0.8178</dst>
      <dst id="20">2.6489</dst>
      <dst id="11">78.3467</dst>
      <dst id="9">2570.2044</dst>
      <dst id="17">7129.9022</dst>
      <dst id="21">88.6578</dst>
    </src>
    <src id="23">
      <dst id="12">283.5111</dst>
      <dst id="13">41.3689</dst>
      <dst id="18">39.4222</dst>
      <dst id="4">47.7511</dst>
      <dst id="1">15.6000</dst>
      <dst id="5">40.0000</dst>
      <dst id="3">223.6711</dst>
      <dst id="22">195.4222</dst>
      <dst id="7">101.7511</dst>
      <dst id="2">1523.5822</dst>
      <dst id="6">0.5244</dst>
      <dst id="16">4.9067</dst>
      <dst id="14">75.7333</dst>
      <dst id="20">27.5289</dst>
      <dst id="11">13.5289</dst>
      <dst id="9">434.0978</dst>
      <dst id="17">58.1956</dst>
      <dst id="21">182.5333</dst>
      <dst id="15">0.4978</dst>
    </src>
    <src id="8">
      <dst id="12">267445.0489</dst>
      <dst id="13">239.7422</dst>
      <dst id="19">15.7067</dst>
      <dst id="23">1.3867</dst>
      <dst id="18">0.4178</dst>
      <dst id="4">7269.8933</dst>
      <dst id="1">14.7111</dst>
      <dst id="5">526.1333</dst>
      <dst id="3">13.3333</dst>
      <dst id="22">336.2044</dst>
      <dst id="7">58.7733</dst>
      <dst id="2">95919.5200</dst>
      <dst id="6">47.6444</dst>
      <dst id="16">136.8089</dst>
      <dst id="20">138.5600</dst>
      <dst id="11">272.7644</dst>
      <dst id="9">496.9422</dst>
      <dst id="17">96653.6978</dst>
      <dst id="21">81.5644</dst>
      <dst id="15">229.6178</dst>
    </src>
    <src id="18">
      <dst id="12">102780.6222</dst>
      <dst id="13">121.1556</dst>
      <dst id="19">52.4800</dst>
      <dst id="23">14.1956</dst>
      <dst id="8">0.3556</dst>
      <dst id="4">1538.3200</dst>
      <dst id="1">1302.6844</dst>
      <dst id="5">557.6533</dst>
      <dst id="3">138.4089</dst>
      <dst id="22">53.6000</dst>
      <dst id="7">68.1156</dst>
      <dst id="2">27126.0622</dst>
      <dst id="16">19.6978</dst>
      <dst id="14">16.2311</dst>
      <dst id="20">142.9689</dst>
      <dst id="11">66.3289</dst>
      <dst id="9">93.3867</dst>
      <dst id="17">34025.4400</dst>
      <dst id="21">259.9911</dst>
      <dst id="15">28.1778</dst>
    </src>
    <src id="4">
      <dst id="12">13891.9822</dst>
      <dst id="19">14880.4711</dst>
      <dst id="23">5.0844</dst>
      <dst id="8">2276.3289</dst>
      <dst id="18">691.5911</dst>
      <dst id="4">1.4667</dst>
      <dst id="1">108187.9467</dst>
      <dst id="5">2015.4311</dst>
      <dst id="3">130.7644</dst>
      <dst id="22">3137.4133</dst>
      <dst id="7">117751.9378</dst>
      <dst id="2">27671.1378</dst>
      <dst id="16">282.5067</dst>
      <dst id="14">953.7067</dst>
      <dst id="20">434.1511</dst>
      <dst id="11">1672.4533</dst>
      <dst id="9">3404.1511</dst>
      <dst id="17">94356.7378</dst>
      <dst id="21">4597.1200</dst>
      <dst id="15">384.4267</dst>
    </src>
    <src id="1">
      <dst id="12">19477.3067</dst>
      <dst id="13">329.6267</dst>
      <dst id="19">5.2000</dst>
      <dst id="23">25.5822</dst>
      <dst id="8">66639.1022</dst>
      <dst id="18">11894.7022</dst>
      <dst id="4">2570.8444</dst>
      <dst id="1">15030.2133</dst>
      <dst id="5">118833.6978</dst>
      <dst id="3">58.9778</dst>
      <dst id="22">3379.5022</dst>
      <dst id="7">950.0000</dst>
      <dst id="2">1296.6044</dst>
      <dst id="6">5730.3556</dst>
      <dst id="16">15940.6222</dst>
      <dst id="14">34.1689</dst>
      <dst id="20">12.3467</dst>
      <dst id="11">183.3333</dst>
      <dst id="9">112532.2933</dst>
      <dst id="17">2695.4311</dst>
      <dst id="21">2507.3244</dst>
      <dst id="15">1307.9467</dst>
    </src>
    <src id="5">
      <dst id="12">223671.3867</dst>
      <dst id="13">788.4267</dst>
      <dst id="19">1.6800</dst>
      <dst id="23">1.0311</dst>
      <dst id="8">574.2844</dst>
      <dst id="18">1127.9467</dst>
      <dst id="4">7354.9778</dst>
      <dst id="1">170.1778</dst>
      <dst id="3">1.4044</dst>
      <dst id="22">3249.4844</dst>
      <dst id="7">71.0044</dst>
      <dst id="2">71452.7644</dst>
      <dst id="6">12.8000</dst>
      <dst id="16">273.0756</dst>
      <dst id="14">13.7600</dst>
      <dst id="20">254.7022</dst>
      <dst id="11">574.2044</dst>
      <dst id="9">593.4578</dst>
      <dst id="17">78140.8089</dst>
      <dst id="21">533.3422</dst>
      <dst id="15">45.8222</dst>
    </src>
    <src id="3">
      <dst id="12">11676.3644</dst>
      <dst id="13">288.8089</dst>
      <dst id="19">911.9022</dst>
      <dst id="23">9043.0400</dst>
      <dst id="8">54.8089</dst>
      <dst id="18">50688.7289</dst>
      <dst id="4">22332.0889</dst>
      <dst id="1">23571.3689</dst>
      <dst id="5">201.6356</dst>
      <dst id="3">7514.1067</dst>
      <dst id="22">2410.2667</dst>
      <dst id="7">1564.1511</dst>
      <dst id="2">3500.3467</dst>
      <dst id="6">0.3378</dst>
      <dst id="16">2399.6000</dst>
      <dst id="14">14881.7511</dst>
      <dst id="20">29.3600</dst>
      <dst id="11">111440.1956</dst>
      <dst id="9">284.2667</dst>
      <dst id="17">6837.9644</dst>
      <dst id="21">3622.5778</dst>
      <dst id="15">27.1644</dst>
    </src>
    <src id="10">
      <dst id="12">13134.3644</dst>
      <dst id="19">1495.4489</dst>
      <dst id="8">772.4978</dst>
      <dst id="18">12484.3644</dst>
      <dst id="1">4410.5422</dst>
      <dst id="5">367.1911</dst>
      <dst id="3">11298.1333</dst>
      <dst id="22">6299.2889</dst>
      <dst id="7">55927.8844</dst>
      <dst id="2">19347.7244</dst>
      <dst id="6">2.8089</dst>
      <dst id="16">1418.0444</dst>
      <dst id="14">542.8178</dst>
      <dst id="20">1613.9111</dst>
      <dst id="11">6784.8356</dst>
      <dst id="9">1700.1600</dst>
      <dst id="17">32396.8978</dst>
      <dst id="21">20694.7378</dst>
      <dst id="15">113.0044</dst>
    </src>
    <src id="22">
      <dst id="12">9226.8978</dst>
      <dst id="13">1250.3733</dst>
      <dst id="19">85.0844</dst>
      <dst id="23">441.1644</dst>
      <dst id="8">3577.1733</dst>
      <dst id="18">99.7867</dst>
      <dst id="4">18845.5467</dst>
      <dst id="1">157.5378</dst>
      <dst id="5">3142.7644</dst>
      <dst id="3">343.4133</dst>
      <dst id="7">376.0356</dst>
      <dst id="2">2287.4844</dst>
      <dst id="6">4.5600</dst>
      <dst id="16">10.1156</dst>
      <dst id="14">94.4444</dst>
      <dst id="11">944.4711</dst>
      <dst id="9">4361.5911</dst>
      <dst id="17">2720.7822</dst>
      <dst id="21">1166.8800</dst>
    </src>
    <src id="7">
      <dst id="12">6829.3156</dst>
      <dst id="13">1874.4356</dst>
      <dst id="19">37.5644</dst>
      <dst id="23">12.0889</dst>
      <dst id="8">419.3689</dst>
      <dst id="18">160.7200</dst>
      <dst id="4">40803.7067</dst>
      <dst id="1">481.1556</dst>
      <dst id="5">686.7289</dst>
      <dst id="3">53.0133</dst>
      <dst id="22">3459.9378</dst>
      <dst id="7">682.3111</dst>
      <dst id="2">2181.1111</dst>
      <dst id="6">68.4533</dst>
      <dst id="16">390.5333</dst>
      <dst id="14">77.9022</dst>
      <dst id="20">8.3733</dst>
      <dst id="11">553.5911</dst>
      <dst id="9">423.6178</dst>
      <dst id="17">11174.6044</dst>
      <dst id="21">650.7822</dst>
      <dst id="15">47.8044</dst>
    </src>
    <src id="2">
      <dst id="12">53679.7689</dst>
      <dst id="13">515373.4667</dst>
      <dst id="19">37.0667</dst>
      <dst id="23">37.9022</dst>
      <dst id="8">424.7022</dst>
      <dst id="18">43776.8356</dst>
      <dst id="4">65078.9156</dst>
      <dst id="1">10086.2756</dst>
      <dst id="5">1596.8000</dst>
      <dst id="3">33.5911</dst>
      <dst id="22">387.9467</dst>
      <dst id="7">2981.1911</dst>
      <dst id="2">1321.7244</dst>
      <dst id="6">6239.6000</dst>
      <dst id="16">8625.9733</dst>
      <dst id="14">5332.2222</dst>
      <dst id="20">591.7778</dst>
      <dst id="11">924.9244</dst>
      <dst id="9">762.7911</dst>
      <dst id="17">33641.4222</dst>
      <dst id="21">5152.3289</dst>
      <dst id="15">10.5956</dst>
    </src>
    <src id="6">
      <dst id="12">7692.7467</dst>
      <dst id="13">1.4578</dst>
      <dst id="19">3.9200</dst>
      <dst id="23">1.0133</dst>
      <dst id="8">0.4622</dst>
      <dst id="18">0.3556</dst>
      <dst id="4">1008.7200</dst>
      <dst id="1">13.4756</dst>
      <dst id="5">0.5333</dst>
      <dst id="22">75.6800</dst>
      <dst id="2">1648.4356</dst>
      <dst id="16">0.7111</dst>
      <dst id="11">13.2444</dst>
      <dst id="9">1.4400</dst>
      <dst id="17">987.9911</dst>
      <dst id="21">25.8311</dst>
    </src>
    <src id="16">
      <dst id="12">2242.5422</dst>
      <dst id="13">188.6133</dst>
      <dst id="19">4093.6889</dst>
      <dst id="23">10.9956</dst>
      <dst id="8">1300.2133</dst>
      <dst id="18">27.9111</dst>
      <dst id="4">3896.3289</dst>
      <dst id="1">24790.3022</dst>
      <dst id="5">1170.3467</dst>
      <dst id="3">14.9067</dst>
      <dst id="7">1873.3778</dst>
      <dst id="2">816.8978</dst>
      <dst id="6">0.3378</dst>
      <dst id="16">15.9289</dst>
      <dst id="11">106.4800</dst>
      <dst id="9">2717.5289</dst>
      <dst id="17">2010.9956</dst>
      <dst id="21">2456.9422</dst>
    </src>
    <src id="14">
      <dst id="12">14387.3778</dst>
      <dst id="13">16.4711</dst>
      <dst id="19">5.7244</dst>
      <dst id="4">1178.6311</dst>
      <dst id="1">43.0667</dst>
      <dst id="5">17.3600</dst>
      <dst id="3">41.7600</dst>
      <dst id="22">4.2933</dst>
      <dst id="7">60.5778</dst>
      <dst id="2">3426.0533</dst>
      <dst id="6">1.0311</dst>
      <dst id="16">1.3600</dst>
      <dst id="20">12.9778</dst>
      <dst id="11">16.9067</dst>
      <dst id="9">0.3556</dst>
      <dst id="17">7010.1689</dst>
      <dst id="21">46.8444</dst>
    </src>
    <src id="20">
      <dst id="12">2302.9244</dst>
      <dst id="13">1721.2622</dst>
      <dst id="19">40.5689</dst>
      <dst id="23">0.4622</dst>
      <dst id="8">171.8311</dst>
      <dst id="18">60.4978</dst>
      <dst id="4">14740.9333</dst>
      <dst id="1">13.0756</dst>
      <dst id="5">1003.2533</dst>
      <dst id="3">10.4267</dst>
      <dst id="7">145.2178</dst>
      <dst id="2">329.0667</dst>
      <dst id="11">171.8933</dst>
      <dst id="9">1420.4800</dst>
      <dst id="17">117.9378</dst>
      <dst id="21">114.1600</dst>
    </src>
    <src id="11">
      <dst id="12">368122.7378</dst>
      <dst id="13">1793.5467</dst>
      <dst id="19">7.0044</dst>
      <dst id="23">0.9244</dst>
      <dst id="8">633.1556</dst>
      <dst id="18">135.2089</dst>
      <dst id="4">6752.9511</dst>
      <dst id="1">313.8844</dst>
      <dst id="5">372.9244</dst>
      <dst id="3">562.4978</dst>
      <dst id="22">1788.9422</dst>
      <dst id="7">391.7067</dst>
      <dst id="2">116315.3067</dst>
      <dst id="6">59.1378</dst>
      <dst id="16">115.2889</dst>
      <dst id="14">30.5511</dst>
      <dst id="20">114.6311</dst>
      <dst id="11">674.8000</dst>
      <dst id="9">2032.4800</dst>
      <dst id="17">131266.4978</dst>
      <dst id="21">287.3156</dst>
      <dst id="15">61.7600</dst>
    </src>
    <src id="9">
      <dst id="12">357352.1867</dst>
      <dst id="13">876.1156</dst>
      <dst id="19">220.3822</dst>
      <dst id="23">18.9067</dst>
      <dst id="8">286.0000</dst>
      <dst id="18">134.2578</dst>
      <dst id="4">15766.3911</dst>
      <dst id="1">645.3333</dst>
      <dst id="5">705.4489</dst>
      <dst id="3">2.8178</dst>
      <dst id="22">1537.1022</dst>
      <dst id="7">219.1111</dst>
      <dst id="2">125958.3111</dst>
      <dst id="6">0.3289</dst>
      <dst id="16">1038.0978</dst>
      <dst id="20">465.3422</dst>
      <dst id="11">840.2844</dst>
      <dst id="9">15.2444</dst>
      <dst id="17">159296.0000</dst>
      <dst id="21">209.2978</dst>
      <dst id="15">589.1556</dst>
    </src>
    <src id="17">
      <dst id="12">2897.0578</dst>
      <dst id="13">41296.4622</dst>
      <dst id="19">214.2756</dst>
      <dst id="23">3.1911</dst>
      <dst id="8">87520.9956</dst>
      <dst id="18">4032.0356</dst>
      <dst id="4">51527.5556</dst>
      <dst id="1">2751.9911</dst>
      <dst id="5">114329.9556</dst>
      <dst id="3">3424.2133</dst>
      <dst id="22">8664.8444</dst>
      <dst id="7">7292.1067</dst>
      <dst id="2">16602.1156</dst>
      <dst id="6">4.3378</dst>
      <dst id="16">5339.4044</dst>
      <dst id="14">9033.1556</dst>
      <dst id="20">225.2267</dst>
      <dst id="11">85946.5511</dst>
      <dst id="9">95403.5911</dst>
      <dst id="17">1859.4667</dst>
      <dst id="21">6777.4311</dst>
      <dst id="15">94.4711</dst>
    </src>
    <src id="21">
      <dst id="12">18392.7022</dst>
      <dst id="13">456.2578</dst>
      <dst id="19">82.1600</dst>
      <dst id="23">25.7956</dst>
      <dst id="8">80.0800</dst>
      <dst id="18">1642.4356</dst>
      <dst id="4">16082.2044</dst>
      <dst id="1">21019.8756</dst>
      <dst id="5">473.2711</dst>
      <dst id="3">636.4267</dst>
      <dst id="22">777.1289</dst>
      <dst id="7">2955.3422</dst>
      <dst id="2">9114.7022</dst>
      <dst id="6">0.3289</dst>
      <dst id="16">121.5200</dst>
      <dst id="14">78.0533</dst>
      <dst id="20">138.0978</dst>
      <dst id="11">378.4533</dst>
      <dst id="9">459.5733</dst>
      <dst id="17">3582.1511</dst>
      <dst id="21">1009.4844</dst>
      <dst id="15">20.7911</dst>
    </src>
    <src id="15">
      <dst id="12">125.8489</dst>
      <dst id="13">239.5289</dst>
      <dst id="8">41.0311</dst>
      <dst id="18">3.1911</dst>
      <dst id="4">3930.0356</dst>
      <dst id="1">559.6800</dst>
      <dst id="5">207.6356</dst>
      <dst id="3">8.5156</dst>
      <dst id="7">80.0978</dst>
      <dst id="2">479.2622</dst>
      <dst id="11">135.9467</dst>
      <dst id="9">551.9911</dst>
      <dst id="17">2503.5556</dst>
      <dst id="21">147.2800</dst>
    </src>
  </IntraTM>
</TrafficMatrixFile>
