<?xml version="1.0" encoding="UTF-8" standalone="yes"?>
<TrafficMatrixFile xmlns:xsi="http://www.w3.org/2001/XMLSchema-instance" xsi:noNamespaceSchemaLocation="http://totem.run.montefiore.ulg.ac.be/Schema/TrafficMatrix-v1_2.xsd">
  <info>
    <title>Intradomain traffic matrix generated by geant-TM-all.pl</title>
    <date>2005-01-01T00:30:00</date>
    <duration>900</duration>
    <author>Steve Uhlig</author>
    <units>
        <unit type="bandwidth" value="kbps"/>
    </units>
  </info>
  <IntraTM ASID="20965">
    <src id="12">
      <dst id="12">396708.2311</dst>
      <dst id="13">28093.7511</dst>
      <dst id="19">16916.5600</dst>
      <dst id="23">3662.8089</dst>
      <dst id="8">6552.9333</dst>
      <dst id="18">3224.9156</dst>
      <dst id="4">124992.7200</dst>
      <dst id="1">14946.8978</dst>
      <dst id="5">22715.8667</dst>
      <dst id="3">19470.0356</dst>
      <dst id="22">22824.2667</dst>
      <dst id="7">23830.7200</dst>
      <dst id="2">122478.1600</dst>
      <dst id="6">192.2044</dst>
      <dst id="16">9604.3644</dst>
      <dst id="14">2683.3689</dst>
      <dst id="20">25671.0933</dst>
      <dst id="11">7233.9111</dst>
      <dst id="9">17807.4578</dst>
      <dst id="17">123151.5289</dst>
      <dst id="21">24855.8756</dst>
      <dst id="15">6096.4533</dst>
    </src>
    <src id="13">
      <dst id="12">85618.0711</dst>
      <dst id="19">39710.0000</dst>
      <dst id="23">556.0889</dst>
      <dst id="8">7276.5778</dst>
      <dst id="18">14548.5956</dst>
      <dst id="1">11639.4133</dst>
      <dst id="5">22465.4133</dst>
      <dst id="3">38253.3867</dst>
      <dst id="22">32115.6533</dst>
      <dst id="7">36784.3911</dst>
      <dst id="2">168993.4044</dst>
      <dst id="6">148.1778</dst>
      <dst id="16">23115.9911</dst>
      <dst id="14">3202.8178</dst>
      <dst id="20">20977.2978</dst>
      <dst id="11">33434.9067</dst>
      <dst id="9">23601.4311</dst>
      <dst id="17">102251.4756</dst>
      <dst id="21">46745.9911</dst>
      <dst id="15">6911.3778</dst>
    </src>
    <src id="19">
      <dst id="12">23794.2133</dst>
      <dst id="13">1563.1733</dst>
      <dst id="23">117.9733</dst>
      <dst id="8">2.6933</dst>
      <dst id="18">121.5556</dst>
      <dst id="4">29559.8222</dst>
      <dst id="1">706.3022</dst>
      <dst id="5">47.6533</dst>
      <dst id="3">3839.1200</dst>
      <dst id="22">254.5600</dst>
      <dst id="7">7952.1156</dst>
      <dst id="2">7991.1467</dst>
      <dst id="6">831.1289</dst>
      <dst id="16">10017.9644</dst>
      <dst id="14">66.4622</dst>
      <dst id="20">2669.7244</dst>
      <dst id="11">1221.8667</dst>
      <dst id="9">761.8578</dst>
      <dst id="17">15977.6267</dst>
      <dst id="21">2564.4267</dst>
      <dst id="15">811.6978</dst>
    </src>
    <src id="23">
      <dst id="12">1232.5156</dst>
      <dst id="13">484.9511</dst>
      <dst id="19">123.5911</dst>
      <dst id="8">271.6800</dst>
      <dst id="18">446.6756</dst>
      <dst id="4">82.0178</dst>
      <dst id="1">185.4489</dst>
      <dst id="5">0.3556</dst>
      <dst id="3">1071.1911</dst>
      <dst id="22">550.9333</dst>
      <dst id="7">1312.4356</dst>
      <dst id="2">66.2044</dst>
      <dst id="6">4.8089</dst>
      <dst id="16">208.6933</dst>
      <dst id="14">13.0844</dst>
      <dst id="20">2160.0533</dst>
      <dst id="11">1366.7289</dst>
      <dst id="9">1019.6711</dst>
      <dst id="17">2654.8622</dst>
      <dst id="21">1621.0133</dst>
      <dst id="15">393.1378</dst>
    </src>
    <src id="8">
      <dst id="12">444708.0800</dst>
      <dst id="13">1785.3778</dst>
      <dst id="19">2.1333</dst>
      <dst id="23">150.3733</dst>
      <dst id="18">124.0800</dst>
      <dst id="4">10015.1733</dst>
      <dst id="1">283.1822</dst>
      <dst id="5">7792.3556</dst>
      <dst id="3">2651.7689</dst>
      <dst id="22">4426.8622</dst>
      <dst id="7">208.8000</dst>
      <dst id="2">162167.2711</dst>
      <dst id="6">45.9911</dst>
      <dst id="16">1277.6178</dst>
      <dst id="14">8.4622</dst>
      <dst id="20">1888.2311</dst>
      <dst id="11">1023.2178</dst>
      <dst id="9">365.8756</dst>
      <dst id="17">112184.6400</dst>
      <dst id="21">4434.9067</dst>
      <dst id="15">1115.2800</dst>
    </src>
    <src id="18">
      <dst id="12">175293.2444</dst>
      <dst id="13">601.7956</dst>
      <dst id="19">751.1911</dst>
      <dst id="23">14.1067</dst>
      <dst id="8">194.7733</dst>
      <dst id="4">3247.1644</dst>
      <dst id="1">1488.9511</dst>
      <dst id="5">300.0533</dst>
      <dst id="3">735.7244</dst>
      <dst id="22">428.0089</dst>
      <dst id="7">161.5289</dst>
      <dst id="2">51508.7822</dst>
      <dst id="16">1026.3911</dst>
      <dst id="14">3.1200</dst>
      <dst id="20">32.3467</dst>
      <dst id="11">793.2889</dst>
      <dst id="9">211.3956</dst>
      <dst id="17">42223.2178</dst>
      <dst id="21">1212.6667</dst>
      <dst id="15">27.3511</dst>
    </src>
    <src id="4">
      <dst id="12">31231.7600</dst>
      <dst id="19">16006.3378</dst>
      <dst id="23">3.5911</dst>
      <dst id="8">2283.1822</dst>
      <dst id="18">4917.6000</dst>
      <dst id="4">1.0133</dst>
      <dst id="1">5240.9067</dst>
      <dst id="5">3164.6667</dst>
      <dst id="3">31395.6889</dst>
      <dst id="22">8747.4311</dst>
      <dst id="7">97336.3822</dst>
      <dst id="2">74057.9644</dst>
      <dst id="6">75.2000</dst>
      <dst id="16">4795.1111</dst>
      <dst id="14">2837.0222</dst>
      <dst id="20">2088.0889</dst>
      <dst id="11">7789.4400</dst>
      <dst id="9">11072.9778</dst>
      <dst id="17">111210.0711</dst>
      <dst id="21">26767.2711</dst>
      <dst id="15">868.8444</dst>
    </src>
    <src id="1">
      <dst id="12">33923.5822</dst>
      <dst id="13">1213.1200</dst>
      <dst id="19">7761.5644</dst>
      <dst id="23">161.7600</dst>
      <dst id="8">187022.5333</dst>
      <dst id="18">17600.1156</dst>
      <dst id="4">25398.7289</dst>
      <dst id="1">69.6444</dst>
      <dst id="5">325161.9022</dst>
      <dst id="3">122882.9333</dst>
      <dst id="22">5076.4533</dst>
      <dst id="7">16813.0489</dst>
      <dst id="2">20232.5778</dst>
      <dst id="6">13041.9644</dst>
      <dst id="16">18046.4444</dst>
      <dst id="14">7642.2400</dst>
      <dst id="20">499.6178</dst>
      <dst id="11">5091.1111</dst>
      <dst id="9">365524.2311</dst>
      <dst id="17">26558.4978</dst>
      <dst id="21">18755.7244</dst>
      <dst id="15">2557.2444</dst>
    </src>
    <src id="5">
      <dst id="12">464225.7422</dst>
      <dst id="13">11074.5778</dst>
      <dst id="19">746.5600</dst>
      <dst id="23">14.6844</dst>
      <dst id="8">14852.3733</dst>
      <dst id="18">842.9867</dst>
      <dst id="4">10125.7511</dst>
      <dst id="1">121.2444</dst>
      <dst id="3">866.9333</dst>
      <dst id="22">7328.0444</dst>
      <dst id="7">664.3556</dst>
      <dst id="2">199733.0222</dst>
      <dst id="6">37.5111</dst>
      <dst id="16">1200.9511</dst>
      <dst id="14">130.3911</dst>
      <dst id="20">9077.0756</dst>
      <dst id="11">5169.9289</dst>
      <dst id="9">2417.6622</dst>
      <dst id="17">118855.4667</dst>
      <dst id="21">1495.5289</dst>
      <dst id="15">3311.0311</dst>
    </src>
    <src id="3">
      <dst id="12">20566.5689</dst>
      <dst id="13">5278.9689</dst>
      <dst id="19">2154.7644</dst>
      <dst id="23">202.1244</dst>
      <dst id="8">292.3289</dst>
      <dst id="18">240757.0667</dst>
      <dst id="4">87001.0756</dst>
      <dst id="1">41479.1289</dst>
      <dst id="5">4574.2133</dst>
      <dst id="3">23100.6667</dst>
      <dst id="22">2228.2844</dst>
      <dst id="7">2652.7467</dst>
      <dst id="2">12764.0978</dst>
      <dst id="6">27.9911</dst>
      <dst id="16">1987.0933</dst>
      <dst id="14">71532.8178</dst>
      <dst id="20">4364.6667</dst>
      <dst id="11">225592.5244</dst>
      <dst id="9">586.9956</dst>
      <dst id="17">13739.8133</dst>
      <dst id="21">18126.8444</dst>
      <dst id="15">66.4800</dst>
    </src>
    <src id="10">
      <dst id="12">22995.0044</dst>
      <dst id="19">2468.5156</dst>
      <dst id="23">0.3911</dst>
      <dst id="8">2048.1778</dst>
      <dst id="18">4574.4356</dst>
      <dst id="4">0.4622</dst>
      <dst id="1">3554.6133</dst>
      <dst id="5">3063.9378</dst>
      <dst id="3">16760.7911</dst>
      <dst id="22">12407.7778</dst>
      <dst id="7">25290.3733</dst>
      <dst id="2">65642.7467</dst>
      <dst id="6">145.8578</dst>
      <dst id="16">4395.4578</dst>
      <dst id="14">4768.4444</dst>
      <dst id="20">10453.8489</dst>
      <dst id="11">7984.2133</dst>
      <dst id="9">3274.7556</dst>
      <dst id="17">40527.5378</dst>
      <dst id="21">33430.7111</dst>
      <dst id="15">1468.6311</dst>
    </src>
    <src id="22">
      <dst id="12">11452.6400</dst>
      <dst id="13">7176.2133</dst>
      <dst id="19">196.6311</dst>
      <dst id="23">76.7556</dst>
      <dst id="8">2081.3333</dst>
      <dst id="18">409.8933</dst>
      <dst id="4">30720.6311</dst>
      <dst id="1">858.6578</dst>
      <dst id="5">5984.2311</dst>
      <dst id="3">1854.3822</dst>
      <dst id="7">1408.3911</dst>
      <dst id="2">2881.4133</dst>
      <dst id="6">28.9511</dst>
      <dst id="16">0.4267</dst>
      <dst id="14">115.4222</dst>
      <dst id="11">2355.0578</dst>
      <dst id="9">7746.8711</dst>
      <dst id="17">7424.1511</dst>
      <dst id="21">1213.6444</dst>
    </src>
    <src id="7">
      <dst id="12">13326.5600</dst>
      <dst id="13">1371.3956</dst>
      <dst id="19">2826.5422</dst>
      <dst id="23">640.6133</dst>
      <dst id="8">1872.2133</dst>
      <dst id="18">920.3467</dst>
      <dst id="4">31481.2622</dst>
      <dst id="1">7209.1644</dst>
      <dst id="5">2608.2578</dst>
      <dst id="3">11360.6489</dst>
      <dst id="22">3864.7022</dst>
      <dst id="7">755.5911</dst>
      <dst id="2">21769.6622</dst>
      <dst id="6">53.0933</dst>
      <dst id="16">2135.8044</dst>
      <dst id="14">4747.4044</dst>
      <dst id="20">9507.4400</dst>
      <dst id="11">3735.5200</dst>
      <dst id="9">1689.9822</dst>
      <dst id="17">16772.4444</dst>
      <dst id="21">36053.8933</dst>
      <dst id="15">677.0578</dst>
    </src>
    <src id="2">
      <dst id="12">178123.7422</dst>
      <dst id="13">14447.5378</dst>
      <dst id="19">2634.7644</dst>
      <dst id="23">15.7511</dst>
      <dst id="8">1529.6000</dst>
      <dst id="18">180819.1556</dst>
      <dst id="4">132563.3511</dst>
      <dst id="1">14142.2844</dst>
      <dst id="5">1511.7067</dst>
      <dst id="3">6252.6133</dst>
      <dst id="22">6404.1422</dst>
      <dst id="7">15073.8311</dst>
      <dst id="2">1586.9422</dst>
      <dst id="6">12279.9289</dst>
      <dst id="16">12772.6667</dst>
      <dst id="14">2080.6756</dst>
      <dst id="20">1336.7556</dst>
      <dst id="11">9734.6133</dst>
      <dst id="9">2004.0978</dst>
      <dst id="17">75089.6089</dst>
      <dst id="21">6898.7733</dst>
      <dst id="15">1119.7867</dst>
    </src>
    <src id="6">
      <dst id="12">14057.2622</dst>
      <dst id="13">38.6400</dst>
      <dst id="19">109.2267</dst>
      <dst id="23">38.1867</dst>
      <dst id="8">0.7111</dst>
      <dst id="18">35.3244</dst>
      <dst id="4">192.8978</dst>
      <dst id="1">87.8222</dst>
      <dst id="5">0.8889</dst>
      <dst id="3">235.9467</dst>
      <dst id="22">60.5067</dst>
      <dst id="7">644.2844</dst>
      <dst id="2">2303.7156</dst>
      <dst id="16">20.4000</dst>
      <dst id="20">0.8889</dst>
      <dst id="11">173.6889</dst>
      <dst id="9">7.4400</dst>
      <dst id="17">1715.6711</dst>
      <dst id="21">150.2400</dst>
    </src>
    <src id="16">
      <dst id="12">5163.9111</dst>
      <dst id="13">1078.9422</dst>
      <dst id="19">4189.5822</dst>
      <dst id="23">196.0444</dst>
      <dst id="8">9810.0800</dst>
      <dst id="18">1136.2489</dst>
      <dst id="4">7739.6889</dst>
      <dst id="1">21302.4267</dst>
      <dst id="5">8702.1244</dst>
      <dst id="3">1520.8000</dst>
      <dst id="7">1607.5822</dst>
      <dst id="2">6312.4711</dst>
      <dst id="6">36.2222</dst>
      <dst id="16">152.7022</dst>
      <dst id="14">507.4489</dst>
      <dst id="11">1267.4400</dst>
      <dst id="9">10448.5333</dst>
      <dst id="17">16342.7378</dst>
      <dst id="21">1317.2267</dst>
    </src>
    <src id="14">
      <dst id="12">35275.9822</dst>
      <dst id="13">79.3156</dst>
      <dst id="19">30.3378</dst>
      <dst id="23">14.0889</dst>
      <dst id="8">12.4444</dst>
      <dst id="18">3.1556</dst>
      <dst id="4">3536.8444</dst>
      <dst id="1">309.9111</dst>
      <dst id="5">13.7600</dst>
      <dst id="3">202.8089</dst>
      <dst id="22">811.5467</dst>
      <dst id="7">355.4133</dst>
      <dst id="2">7898.4356</dst>
      <dst id="16">8.6489</dst>
      <dst id="20">33.9022</dst>
      <dst id="11">509.8844</dst>
      <dst id="9">98.0178</dst>
      <dst id="17">9140.7200</dst>
      <dst id="21">313.1467</dst>
      <dst id="15">1.4222</dst>
    </src>
    <src id="20">
      <dst id="12">15085.8311</dst>
      <dst id="13">4094.1422</dst>
      <dst id="19">777.3956</dst>
      <dst id="23">63.6267</dst>
      <dst id="8">7399.5022</dst>
      <dst id="18">615.8933</dst>
      <dst id="4">20645.5022</dst>
      <dst id="1">289.8133</dst>
      <dst id="5">8593.3067</dst>
      <dst id="3">1214.5778</dst>
      <dst id="7">2549.3422</dst>
      <dst id="2">11317.9556</dst>
      <dst id="6">6.5600</dst>
      <dst id="16">8.9956</dst>
      <dst id="14">14.1511</dst>
      <dst id="11">1771.4933</dst>
      <dst id="9">3703.7422</dst>
      <dst id="17">12933.3422</dst>
      <dst id="21">1989.3511</dst>
    </src>
    <src id="11">
      <dst id="12">449609.5822</dst>
      <dst id="13">4381.0222</dst>
      <dst id="19">90.0889</dst>
      <dst id="23">475.9022</dst>
      <dst id="8">596.2222</dst>
      <dst id="18">918.7022</dst>
      <dst id="4">12557.8311</dst>
      <dst id="1">1360.4622</dst>
      <dst id="5">1617.2800</dst>
      <dst id="3">2146.9867</dst>
      <dst id="22">3906.2222</dst>
      <dst id="7">914.0444</dst>
      <dst id="2">178461.6267</dst>
      <dst id="6">7.5822</dst>
      <dst id="16">1433.2444</dst>
      <dst id="14">66.1333</dst>
      <dst id="20">3561.7600</dst>
      <dst id="11">760.1511</dst>
      <dst id="9">1845.0222</dst>
      <dst id="17">113876.6756</dst>
      <dst id="21">7223.0400</dst>
      <dst id="15">1831.5644</dst>
    </src>
    <src id="9">
      <dst id="12">592867.5022</dst>
      <dst id="13">2660.0000</dst>
      <dst id="19">448.5156</dst>
      <dst id="23">581.4133</dst>
      <dst id="8">4908.7200</dst>
      <dst id="18">1177.6000</dst>
      <dst id="4">13261.4844</dst>
      <dst id="1">10779.1556</dst>
      <dst id="5">7901.3244</dst>
      <dst id="3">915.7867</dst>
      <dst id="22">3372.9778</dst>
      <dst id="7">2770.5867</dst>
      <dst id="2">215955.1644</dst>
      <dst id="6">155.7422</dst>
      <dst id="16">1208.1067</dst>
      <dst id="14">3.9289</dst>
      <dst id="20">8691.6000</dst>
      <dst id="11">4138.4889</dst>
      <dst id="9">3988.0889</dst>
      <dst id="17">143686.1422</dst>
      <dst id="21">1429.5022</dst>
      <dst id="15">29477.4400</dst>
    </src>
    <src id="17">
      <dst id="12">26183.5200</dst>
      <dst id="13">21310.6311</dst>
      <dst id="19">17015.2711</dst>
      <dst id="23">933.1644</dst>
      <dst id="8">225272.8889</dst>
      <dst id="18">1376.8178</dst>
      <dst id="4">114643.4311</dst>
      <dst id="1">13179.5733</dst>
      <dst id="5">317645.4489</dst>
      <dst id="3">21820.1689</dst>
      <dst id="22">14288.8000</dst>
      <dst id="7">12720.0622</dst>
      <dst id="2">154240.4711</dst>
      <dst id="6">222.0089</dst>
      <dst id="16">9191.7511</dst>
      <dst id="14">57392.6756</dst>
      <dst id="20">2678.0356</dst>
      <dst id="11">178170.1689</dst>
      <dst id="9">340561.1911</dst>
      <dst id="17">1011.1644</dst>
      <dst id="21">28868.8444</dst>
      <dst id="15">309.2089</dst>
    </src>
    <src id="21">
      <dst id="12">29858.1156</dst>
      <dst id="13">4247.2178</dst>
      <dst id="19">858.0267</dst>
      <dst id="23">201.3422</dst>
      <dst id="8">76.0622</dst>
      <dst id="18">2811.7422</dst>
      <dst id="4">41678.9956</dst>
      <dst id="1">3147.3956</dst>
      <dst id="5">786.3911</dst>
      <dst id="3">4616.2311</dst>
      <dst id="22">1940.5156</dst>
      <dst id="7">4997.2800</dst>
      <dst id="2">17748.7378</dst>
      <dst id="6">32.8978</dst>
      <dst id="16">976.8089</dst>
      <dst id="14">176.4622</dst>
      <dst id="20">1278.0622</dst>
      <dst id="11">1038.5422</dst>
      <dst id="9">895.5111</dst>
      <dst id="17">9250.9689</dst>
      <dst id="21">6210.9867</dst>
      <dst id="15">119.9378</dst>
    </src>
    <src id="15">
      <dst id="12">2292.5600</dst>
      <dst id="13">414.4978</dst>
      <dst id="19">14.1511</dst>
      <dst id="23">10.0533</dst>
      <dst id="8">465.3689</dst>
      <dst id="18">47.1022</dst>
      <dst id="4">2336.9511</dst>
      <dst id="1">293.1289</dst>
      <dst id="5">1802.4711</dst>
      <dst id="3">874.9600</dst>
      <dst id="7">284.9511</dst>
      <dst id="2">1326.9244</dst>
      <dst id="14">0.4622</dst>
      <dst id="11">496.4711</dst>
      <dst id="9">3781.9644</dst>
      <dst id="17">889.2267</dst>
      <dst id="21">195.5733</dst>
    </src>
  </IntraTM>
</TrafficMatrixFile>
