<?xml version="1.0" encoding="UTF-8" standalone="yes"?>
<TrafficMatrixFile xmlns:xsi="http://www.w3.org/2001/XMLSchema-instance" xsi:noNamespaceSchemaLocation="http://totem.run.montefiore.ulg.ac.be/Schema/TrafficMatrix-v1_2.xsd">
  <info>
    <title>Intradomain traffic matrix generated by geant-TM-all.pl</title>
    <date>2005-01-02T10:15:00</date>
    <duration>900</duration>
    <author>Steve Uhlig</author>
    <units>
        <unit type="bandwidth" value="kbps"/>
    </units>
  </info>
  <IntraTM ASID="20965">
    <src id="12">
      <dst id="12">232259.5200</dst>
      <dst id="13">22405.3422</dst>
      <dst id="19">757.5467</dst>
      <dst id="23">86.2222</dst>
      <dst id="8">1046.3911</dst>
      <dst id="18">1001.2444</dst>
      <dst id="4">88795.2267</dst>
      <dst id="1">6458.1067</dst>
      <dst id="5">9837.3689</dst>
      <dst id="3">3696.8800</dst>
      <dst id="22">8511.7511</dst>
      <dst id="7">888.4533</dst>
      <dst id="2">97305.9111</dst>
      <dst id="6">15.2622</dst>
      <dst id="16">6531.9733</dst>
      <dst id="14">268.2933</dst>
      <dst id="20">3652.9244</dst>
      <dst id="11">4386.3733</dst>
      <dst id="9">3935.2356</dst>
      <dst id="17">53309.3244</dst>
      <dst id="21">8675.7867</dst>
      <dst id="15">389.6267</dst>
    </src>
    <src id="13">
      <dst id="12">91459.9111</dst>
      <dst id="19">8643.0400</dst>
      <dst id="23">5.4933</dst>
      <dst id="8">1110.6133</dst>
      <dst id="18">3750.5422</dst>
      <dst id="1">3047.4311</dst>
      <dst id="5">4846.8533</dst>
      <dst id="3">3338.4800</dst>
      <dst id="22">21382.3822</dst>
      <dst id="7">9457.0667</dst>
      <dst id="2">104079.6089</dst>
      <dst id="6">181.7600</dst>
      <dst id="16">7324.6489</dst>
      <dst id="14">2069.0933</dst>
      <dst id="20">18792.0711</dst>
      <dst id="11">15347.8489</dst>
      <dst id="9">12906.8800</dst>
      <dst id="17">55719.1556</dst>
      <dst id="21">16565.3156</dst>
      <dst id="15">4111.7511</dst>
    </src>
    <src id="19">
      <dst id="12">10036.9422</dst>
      <dst id="13">303.0756</dst>
      <dst id="23">0.8622</dst>
      <dst id="8">32.4267</dst>
      <dst id="18">47.9822</dst>
      <dst id="4">21237.4133</dst>
      <dst id="1">244.3644</dst>
      <dst id="5">3.7067</dst>
      <dst id="3">0.4889</dst>
      <dst id="22">114.7911</dst>
      <dst id="7">2820.6667</dst>
      <dst id="2">6701.3067</dst>
      <dst id="6">35.5378</dst>
      <dst id="16">9787.8578</dst>
      <dst id="14">0.4800</dst>
      <dst id="20">47.8044</dst>
      <dst id="11">6.3378</dst>
      <dst id="9">329.0489</dst>
      <dst id="17">446.8444</dst>
      <dst id="21">530.2756</dst>
      <dst id="15">3.8844</dst>
    </src>
    <src id="23">
      <dst id="12">91.3333</dst>
      <dst id="13">54.4533</dst>
      <dst id="19">5.6356</dst>
      <dst id="8">28.1956</dst>
      <dst id="18">13.6889</dst>
      <dst id="4">28.0267</dst>
      <dst id="1">45.2000</dst>
      <dst id="5">27.2800</dst>
      <dst id="3">12.9778</dst>
      <dst id="22">53.6000</dst>
      <dst id="7">10582.3289</dst>
      <dst id="2">12.5956</dst>
      <dst id="16">4.0178</dst>
      <dst id="20">1.4311</dst>
      <dst id="11">3.4578</dst>
      <dst id="9">262.3644</dst>
      <dst id="17">61.0933</dst>
      <dst id="21">533.5911</dst>
    </src>
    <src id="8">
      <dst id="12">285829.7956</dst>
      <dst id="13">400.2400</dst>
      <dst id="19">17.6622</dst>
      <dst id="23">79.6444</dst>
      <dst id="18">33.8133</dst>
      <dst id="4">7510.7022</dst>
      <dst id="1">6.8978</dst>
      <dst id="5">2256.9689</dst>
      <dst id="22">402.8089</dst>
      <dst id="7">18.1156</dst>
      <dst id="2">114116.8000</dst>
      <dst id="16">162.2756</dst>
      <dst id="20">118.8978</dst>
      <dst id="11">22.2667</dst>
      <dst id="9">406.4622</dst>
      <dst id="17">104186.2311</dst>
      <dst id="21">133.5200</dst>
      <dst id="15">107.7511</dst>
    </src>
    <src id="18">
      <dst id="12">101737.9289</dst>
      <dst id="13">252.4711</dst>
      <dst id="19">1092.3022</dst>
      <dst id="8">57.9644</dst>
      <dst id="4">2676.7467</dst>
      <dst id="1">707.4844</dst>
      <dst id="5">162.3022</dst>
      <dst id="3">185.9733</dst>
      <dst id="22">809.3867</dst>
      <dst id="7">38.1867</dst>
      <dst id="2">29364.4356</dst>
      <dst id="16">11.8489</dst>
      <dst id="14">0.5333</dst>
      <dst id="20">30.3911</dst>
      <dst id="11">249.5911</dst>
      <dst id="9">376.1333</dst>
      <dst id="17">36175.1022</dst>
      <dst id="21">343.1111</dst>
      <dst id="15">1.0489</dst>
    </src>
    <src id="4">
      <dst id="12">11406.0711</dst>
      <dst id="19">4844.9511</dst>
      <dst id="8">846.6311</dst>
      <dst id="18">1294.8089</dst>
      <dst id="1">6822.6667</dst>
      <dst id="5">1236.0711</dst>
      <dst id="3">657.4044</dst>
      <dst id="22">2866.3911</dst>
      <dst id="7">40237.7422</dst>
      <dst id="2">52179.5467</dst>
      <dst id="6">1.1644</dst>
      <dst id="16">1593.7422</dst>
      <dst id="14">805.6533</dst>
      <dst id="20">735.1911</dst>
      <dst id="11">9043.8578</dst>
      <dst id="9">1364.0889</dst>
      <dst id="17">86862.0178</dst>
      <dst id="21">5235.2178</dst>
      <dst id="15">476.1689</dst>
    </src>
    <src id="1">
      <dst id="12">12801.2089</dst>
      <dst id="13">636.2311</dst>
      <dst id="19">4.8800</dst>
      <dst id="23">61.9378</dst>
      <dst id="8">72577.4133</dst>
      <dst id="18">13378.7022</dst>
      <dst id="4">8731.1289</dst>
      <dst id="1">15884.1244</dst>
      <dst id="5">170085.1733</dst>
      <dst id="3">57.5556</dst>
      <dst id="22">256.0356</dst>
      <dst id="7">806.0711</dst>
      <dst id="2">1844.0800</dst>
      <dst id="6">4393.6444</dst>
      <dst id="16">16358.5867</dst>
      <dst id="14">191.3778</dst>
      <dst id="20">119.9111</dst>
      <dst id="11">97.0756</dst>
      <dst id="9">145393.6089</dst>
      <dst id="17">2660.7822</dst>
      <dst id="21">1911.0400</dst>
      <dst id="15">83.4311</dst>
    </src>
    <src id="5">
      <dst id="12">258785.6800</dst>
      <dst id="13">969.1822</dst>
      <dst id="19">16.6400</dst>
      <dst id="23">184.0356</dst>
      <dst id="8">2245.2711</dst>
      <dst id="18">166.7111</dst>
      <dst id="4">7963.7867</dst>
      <dst id="1">354.6311</dst>
      <dst id="3">5.8311</dst>
      <dst id="22">16480.1600</dst>
      <dst id="7">79.7422</dst>
      <dst id="2">113883.3956</dst>
      <dst id="16">133.1911</dst>
      <dst id="14">52.8711</dst>
      <dst id="20">2514.8267</dst>
      <dst id="11">1220.9067</dst>
      <dst id="9">754.6578</dst>
      <dst id="17">95355.4844</dst>
      <dst id="21">181.3067</dst>
      <dst id="15">127.5289</dst>
    </src>
    <src id="3">
      <dst id="12">16242.5422</dst>
      <dst id="13">680.3556</dst>
      <dst id="19">4947.1644</dst>
      <dst id="23">1.4044</dst>
      <dst id="8">6.1422</dst>
      <dst id="18">71512.4267</dst>
      <dst id="4">22442.9244</dst>
      <dst id="1">2541.9556</dst>
      <dst id="5">366.5778</dst>
      <dst id="3">8996.3022</dst>
      <dst id="22">2102.3822</dst>
      <dst id="7">1689.4222</dst>
      <dst id="2">2786.5956</dst>
      <dst id="6">1.3867</dst>
      <dst id="16">1760.8711</dst>
      <dst id="14">30524.3111</dst>
      <dst id="20">19.6622</dst>
      <dst id="11">142295.2267</dst>
      <dst id="9">107.9822</dst>
      <dst id="17">32594.5333</dst>
      <dst id="21">3449.5644</dst>
      <dst id="15">104.0533</dst>
    </src>
    <src id="10">
      <dst id="12">10595.3422</dst>
      <dst id="19">2397.1822</dst>
      <dst id="8">396.1244</dst>
      <dst id="18">1276.1689</dst>
      <dst id="1">461.1556</dst>
      <dst id="5">735.4756</dst>
      <dst id="3">14626.0800</dst>
      <dst id="22">5523.4311</dst>
      <dst id="7">21163.4578</dst>
      <dst id="2">33028.0444</dst>
      <dst id="6">10.0711</dst>
      <dst id="16">2359.1733</dst>
      <dst id="14">3027.0933</dst>
      <dst id="20">6162.3556</dst>
      <dst id="11">5840.0533</dst>
      <dst id="9">1183.4400</dst>
      <dst id="17">19233.4489</dst>
      <dst id="21">10993.8933</dst>
      <dst id="15">539.2178</dst>
    </src>
    <src id="22">
      <dst id="12">4866.5956</dst>
      <dst id="13">2933.9111</dst>
      <dst id="19">66.0089</dst>
      <dst id="23">8.3200</dst>
      <dst id="8">811.2711</dst>
      <dst id="18">426.1422</dst>
      <dst id="4">14394.7467</dst>
      <dst id="1">19.7422</dst>
      <dst id="5">3892.9689</dst>
      <dst id="3">200.0622</dst>
      <dst id="7">709.5289</dst>
      <dst id="2">2888.2933</dst>
      <dst id="16">1.0667</dst>
      <dst id="14">72.6044</dst>
      <dst id="11">4023.9200</dst>
      <dst id="9">2708.4978</dst>
      <dst id="17">5346.8267</dst>
      <dst id="21">781.9467</dst>
    </src>
    <src id="7">
      <dst id="12">5173.8844</dst>
      <dst id="13">170.7911</dst>
      <dst id="19">340.0533</dst>
      <dst id="23">238.6933</dst>
      <dst id="8">569.9200</dst>
      <dst id="18">458.1333</dst>
      <dst id="4">25047.5911</dst>
      <dst id="1">1921.5467</dst>
      <dst id="5">922.0978</dst>
      <dst id="3">100.7556</dst>
      <dst id="22">4849.0311</dst>
      <dst id="7">619.8756</dst>
      <dst id="2">5172.0622</dst>
      <dst id="6">88.6489</dst>
      <dst id="16">599.9022</dst>
      <dst id="14">67.9111</dst>
      <dst id="20">355.4133</dst>
      <dst id="11">1437.5022</dst>
      <dst id="9">140.4978</dst>
      <dst id="17">7686.0089</dst>
      <dst id="21">3067.7067</dst>
      <dst id="15">290.2933</dst>
    </src>
    <src id="2">
      <dst id="12">82695.0133</dst>
      <dst id="13">3078.7644</dst>
      <dst id="19">10648.7378</dst>
      <dst id="23">0.4622</dst>
      <dst id="8">817.0578</dst>
      <dst id="18">67291.0133</dst>
      <dst id="4">106920.3644</dst>
      <dst id="1">3957.1111</dst>
      <dst id="5">1142.6844</dst>
      <dst id="3">45.7511</dst>
      <dst id="22">2567.3689</dst>
      <dst id="7">5115.7511</dst>
      <dst id="2">790.2222</dst>
      <dst id="6">4813.5289</dst>
      <dst id="16">2215.7333</dst>
      <dst id="14">5501.3067</dst>
      <dst id="20">976.9511</dst>
      <dst id="11">3130.2667</dst>
      <dst id="9">1594.5333</dst>
      <dst id="17">42821.6978</dst>
      <dst id="21">5128.0889</dst>
      <dst id="15">104.9689</dst>
    </src>
    <src id="6">
      <dst id="12">8257.0933</dst>
      <dst id="13">20.9600</dst>
      <dst id="19">16.5244</dst>
      <dst id="8">0.3556</dst>
      <dst id="4">60.4978</dst>
      <dst id="1">13.6711</dst>
      <dst id="22">12.1778</dst>
      <dst id="7">1.5556</dst>
      <dst id="2">1444.2578</dst>
      <dst id="16">1.0667</dst>
      <dst id="11">3.5556</dst>
      <dst id="17">1993.1289</dst>
      <dst id="21">12.3733</dst>
      <dst id="15">0.5600</dst>
    </src>
    <src id="16">
      <dst id="12">4188.8711</dst>
      <dst id="13">163.1733</dst>
      <dst id="19">4566.5778</dst>
      <dst id="23">69.2978</dst>
      <dst id="8">2052.1600</dst>
      <dst id="18">3.4933</dst>
      <dst id="4">6696.6933</dst>
      <dst id="1">20995.8133</dst>
      <dst id="5">878.2222</dst>
      <dst id="3">0.5333</dst>
      <dst id="7">1895.8133</dst>
      <dst id="2">579.5467</dst>
      <dst id="6">22.8089</dst>
      <dst id="16">22.4444</dst>
      <dst id="14">350.7556</dst>
      <dst id="11">721.4400</dst>
      <dst id="9">2236.2756</dst>
      <dst id="17">1568.1867</dst>
      <dst id="21">554.3289</dst>
    </src>
    <src id="14">
      <dst id="12">16782.5156</dst>
      <dst id="13">146.3378</dst>
      <dst id="19">2.5778</dst>
      <dst id="8">11.5556</dst>
      <dst id="18">6.4978</dst>
      <dst id="4">1781.5911</dst>
      <dst id="1">78.1511</dst>
      <dst id="5">50.3644</dst>
      <dst id="3">50.9156</dst>
      <dst id="22">3.5289</dst>
      <dst id="7">333.9911</dst>
      <dst id="2">5932.5067</dst>
      <dst id="16">6.8533</dst>
      <dst id="11">38.2933</dst>
      <dst id="9">67.8933</dst>
      <dst id="17">5857.1200</dst>
      <dst id="21">63.1200</dst>
      <dst id="15">0.4178</dst>
    </src>
    <src id="20">
      <dst id="12">9137.8222</dst>
      <dst id="13">4591.8933</dst>
      <dst id="19">2087.5733</dst>
      <dst id="8">2141.0844</dst>
      <dst id="18">70.6222</dst>
      <dst id="4">11519.7689</dst>
      <dst id="1">176.3911</dst>
      <dst id="5">1140.2133</dst>
      <dst id="3">559.9200</dst>
      <dst id="7">348.3022</dst>
      <dst id="2">4662.8178</dst>
      <dst id="14">1.0133</dst>
      <dst id="11">531.4756</dst>
      <dst id="9">3897.7689</dst>
      <dst id="17">556.2844</dst>
      <dst id="21">6309.5822</dst>
    </src>
    <src id="11">
      <dst id="12">420179.9911</dst>
      <dst id="13">2201.8844</dst>
      <dst id="19">13.2889</dst>
      <dst id="23">138.4711</dst>
      <dst id="8">173.2356</dst>
      <dst id="18">309.2267</dst>
      <dst id="4">11035.1644</dst>
      <dst id="1">493.8844</dst>
      <dst id="5">1169.1556</dst>
      <dst id="3">345.2178</dst>
      <dst id="22">2616.4622</dst>
      <dst id="7">205.3778</dst>
      <dst id="2">155893.3511</dst>
      <dst id="6">82.6311</dst>
      <dst id="16">797.1644</dst>
      <dst id="14">69.9911</dst>
      <dst id="20">1912.9511</dst>
      <dst id="11">1223.1556</dst>
      <dst id="9">797.9467</dst>
      <dst id="17">147973.3956</dst>
      <dst id="21">1023.9556</dst>
      <dst id="15">425.2711</dst>
    </src>
    <src id="9">
      <dst id="12">439616.9600</dst>
      <dst id="13">6224.7556</dst>
      <dst id="19">5.7689</dst>
      <dst id="23">16.0000</dst>
      <dst id="8">321.7689</dst>
      <dst id="18">298.5956</dst>
      <dst id="4">17717.5911</dst>
      <dst id="1">1274.4444</dst>
      <dst id="5">2735.2889</dst>
      <dst id="3">34.0267</dst>
      <dst id="22">6818.3822</dst>
      <dst id="7">77.5022</dst>
      <dst id="2">151614.8533</dst>
      <dst id="6">0.9244</dst>
      <dst id="16">209.7778</dst>
      <dst id="14">4.0533</dst>
      <dst id="20">1089.6889</dst>
      <dst id="11">1045.6089</dst>
      <dst id="9">708.3200</dst>
      <dst id="17">159397.9111</dst>
      <dst id="21">2163.6978</dst>
      <dst id="15">1454.8444</dst>
    </src>
    <src id="17">
      <dst id="12">4775.7422</dst>
      <dst id="13">9516.8178</dst>
      <dst id="19">193.7333</dst>
      <dst id="23">5.2444</dst>
      <dst id="8">107059.2800</dst>
      <dst id="18">283.4400</dst>
      <dst id="4">165498.2133</dst>
      <dst id="1">2903.5644</dst>
      <dst id="5">155655.0133</dst>
      <dst id="3">14731.5911</dst>
      <dst id="22">7948.9244</dst>
      <dst id="7">1549.6356</dst>
      <dst id="2">15246.6844</dst>
      <dst id="6">47.8578</dst>
      <dst id="16">4053.0756</dst>
      <dst id="14">12832.8444</dst>
      <dst id="20">70.7467</dst>
      <dst id="11">98981.0400</dst>
      <dst id="9">165860.2667</dst>
      <dst id="17">832.5778</dst>
      <dst id="21">7432.3200</dst>
      <dst id="15">4673.0578</dst>
    </src>
    <src id="21">
      <dst id="12">21987.0311</dst>
      <dst id="13">1048.3911</dst>
      <dst id="19">535.8933</dst>
      <dst id="23">0.4622</dst>
      <dst id="8">793.1733</dst>
      <dst id="18">275.6800</dst>
      <dst id="4">27716.9956</dst>
      <dst id="1">624.9244</dst>
      <dst id="5">547.1733</dst>
      <dst id="3">958.3911</dst>
      <dst id="22">2519.5378</dst>
      <dst id="7">2494.6489</dst>
      <dst id="2">9760.2311</dst>
      <dst id="6">1.2800</dst>
      <dst id="16">217.6622</dst>
      <dst id="14">65.8578</dst>
      <dst id="20">158.3556</dst>
      <dst id="11">641.0400</dst>
      <dst id="9">508.7111</dst>
      <dst id="17">5102.3556</dst>
      <dst id="21">1103.9911</dst>
      <dst id="15">85.9911</dst>
    </src>
    <src id="15">
      <dst id="12">9934.6578</dst>
      <dst id="13">11763.0667</dst>
      <dst id="19">16.6756</dst>
      <dst id="8">22.3911</dst>
      <dst id="18">18.9156</dst>
      <dst id="4">3289.0489</dst>
      <dst id="1">699.4489</dst>
      <dst id="5">670.5333</dst>
      <dst id="3">10.0089</dst>
      <dst id="7">99.4933</dst>
      <dst id="2">136.3911</dst>
      <dst id="11">277.2800</dst>
      <dst id="9">229.3422</dst>
      <dst id="17">393.6711</dst>
      <dst id="21">104.0533</dst>
    </src>
  </IntraTM>
</TrafficMatrixFile>
