<?xml version="1.0" encoding="UTF-8" standalone="yes"?>
<TrafficMatrixFile xmlns:xsi="http://www.w3.org/2001/XMLSchema-instance" xsi:noNamespaceSchemaLocation="http://totem.run.montefiore.ulg.ac.be/Schema/TrafficMatrix-v1_2.xsd">
  <info>
    <title>Intradomain traffic matrix generated by geant-TM-all.pl</title>
    <date>2005-01-05T10:00:00</date>
    <duration>900</duration>
    <author>Steve Uhlig</author>
    <units>
        <unit type="bandwidth" value="kbps"/>
    </units>
  </info>
  <IntraTM ASID="20965">
    <src id="12">
      <dst id="12">207446.5956</dst>
      <dst id="13">18851.0933</dst>
      <dst id="19">1306.8889</dst>
      <dst id="23">17555.6533</dst>
      <dst id="8">1551.2533</dst>
      <dst id="18">1812.7644</dst>
      <dst id="4">91828.8711</dst>
      <dst id="1">16875.2711</dst>
      <dst id="5">3610.7289</dst>
      <dst id="3">2618.3022</dst>
      <dst id="22">10350.8444</dst>
      <dst id="7">12541.7956</dst>
      <dst id="2">81141.8933</dst>
      <dst id="6">1.1378</dst>
      <dst id="16">6767.1556</dst>
      <dst id="14">268.8444</dst>
      <dst id="20">6934.0444</dst>
      <dst id="11">1113.9467</dst>
      <dst id="9">4357.3156</dst>
      <dst id="17">76893.9733</dst>
      <dst id="21">1896.7644</dst>
      <dst id="15">2861.0844</dst>
    </src>
    <src id="13">
      <dst id="12">43774.7644</dst>
      <dst id="19">11055.2356</dst>
      <dst id="23">17.2978</dst>
      <dst id="8">1974.5333</dst>
      <dst id="18">3509.1822</dst>
      <dst id="1">4883.4844</dst>
      <dst id="5">6035.0756</dst>
      <dst id="3">4705.8222</dst>
      <dst id="22">19900.0178</dst>
      <dst id="7">13676.4000</dst>
      <dst id="2">79264.7022</dst>
      <dst id="6">77.5289</dst>
      <dst id="16">8146.5333</dst>
      <dst id="14">1288.5689</dst>
      <dst id="20">12174.3467</dst>
      <dst id="11">9095.6978</dst>
      <dst id="9">12529.1200</dst>
      <dst id="17">49436.2844</dst>
      <dst id="21">6946.6400</dst>
      <dst id="15">1706.4978</dst>
    </src>
    <src id="19">
      <dst id="12">15385.8133</dst>
      <dst id="13">1574.4356</dst>
      <dst id="18">17.7778</dst>
      <dst id="4">23263.0933</dst>
      <dst id="1">1497.1911</dst>
      <dst id="5">197.2978</dst>
      <dst id="22">4.9156</dst>
      <dst id="7">3037.0933</dst>
      <dst id="2">94.9244</dst>
      <dst id="6">46.0800</dst>
      <dst id="16">7012.1600</dst>
      <dst id="20">240.9689</dst>
      <dst id="11">330.9867</dst>
      <dst id="9">26.8978</dst>
      <dst id="17">1658.8089</dst>
      <dst id="21">124.3556</dst>
      <dst id="15">1.0667</dst>
    </src>
    <src id="23">
      <dst id="12">349.0400</dst>
      <dst id="13">33.0044</dst>
      <dst id="18">1.1378</dst>
      <dst id="4">15.7244</dst>
      <dst id="1">32.8978</dst>
      <dst id="5">0.3556</dst>
      <dst id="3">183.5644</dst>
      <dst id="22">64.1956</dst>
      <dst id="7">12194.6311</dst>
      <dst id="2">3.3600</dst>
      <dst id="16">46.1422</dst>
      <dst id="14">40.0000</dst>
      <dst id="11">60.0444</dst>
      <dst id="9">6438.3022</dst>
      <dst id="17">2.2667</dst>
      <dst id="21">63.8933</dst>
      <dst id="15">21.3422</dst>
    </src>
    <src id="8">
      <dst id="12">290191.8222</dst>
      <dst id="13">459.9822</dst>
      <dst id="18">35.5556</dst>
      <dst id="4">9970.0444</dst>
      <dst id="1">910.8178</dst>
      <dst id="5">8132.7022</dst>
      <dst id="3">0.4178</dst>
      <dst id="22">2441.5556</dst>
      <dst id="7">54.8178</dst>
      <dst id="2">100749.6178</dst>
      <dst id="6">0.8178</dst>
      <dst id="16">626.3644</dst>
      <dst id="20">27.0489</dst>
      <dst id="11">301.5644</dst>
      <dst id="9">3682.8533</dst>
      <dst id="17">104292.8089</dst>
      <dst id="21">9899.2800</dst>
      <dst id="15">16.7200</dst>
    </src>
    <src id="18">
      <dst id="12">88985.9556</dst>
      <dst id="13">64.0889</dst>
      <dst id="19">1374.3733</dst>
      <dst id="23">0.4978</dst>
      <dst id="8">333.2444</dst>
      <dst id="4">3429.6178</dst>
      <dst id="1">933.0222</dst>
      <dst id="5">99.3422</dst>
      <dst id="3">813.7333</dst>
      <dst id="22">580.7467</dst>
      <dst id="7">20.9600</dst>
      <dst id="2">27908.1244</dst>
      <dst id="16">68.8889</dst>
      <dst id="14">14.9333</dst>
      <dst id="20">30.5333</dst>
      <dst id="11">8.7378</dst>
      <dst id="9">59.2711</dst>
      <dst id="17">38343.7333</dst>
      <dst id="21">43.6267</dst>
      <dst id="15">19.1822</dst>
    </src>
    <src id="4">
      <dst id="12">12770.3733</dst>
      <dst id="19">15909.6267</dst>
      <dst id="8">488.8178</dst>
      <dst id="18">316.2133</dst>
      <dst id="4">2.4356</dst>
      <dst id="1">12253.8933</dst>
      <dst id="5">1240.7556</dst>
      <dst id="3">75.7067</dst>
      <dst id="22">5398.8356</dst>
      <dst id="7">54582.6133</dst>
      <dst id="2">84381.1644</dst>
      <dst id="6">1.0311</dst>
      <dst id="16">2457.1289</dst>
      <dst id="14">1115.9822</dst>
      <dst id="20">625.5378</dst>
      <dst id="11">1771.4311</dst>
      <dst id="9">3240.4267</dst>
      <dst id="17">23257.7778</dst>
      <dst id="21">4062.4267</dst>
      <dst id="15">103.0222</dst>
    </src>
    <src id="1">
      <dst id="12">22937.9556</dst>
      <dst id="13">2424.9067</dst>
      <dst id="19">15.2800</dst>
      <dst id="23">26.3822</dst>
      <dst id="8">68354.8889</dst>
      <dst id="18">13278.7733</dst>
      <dst id="4">5640.3822</dst>
      <dst id="1">6639.5733</dst>
      <dst id="5">148235.6089</dst>
      <dst id="3">2580.3911</dst>
      <dst id="22">2413.0400</dst>
      <dst id="7">851.9644</dst>
      <dst id="2">11732.3378</dst>
      <dst id="6">11131.6000</dst>
      <dst id="16">11324.9244</dst>
      <dst id="14">105.5911</dst>
      <dst id="20">82.5867</dst>
      <dst id="11">159.7422</dst>
      <dst id="9">131786.9867</dst>
      <dst id="17">4335.4489</dst>
      <dst id="21">8171.7333</dst>
      <dst id="15">260.4178</dst>
    </src>
    <src id="5">
      <dst id="12">262564.9600</dst>
      <dst id="13">3641.9644</dst>
      <dst id="19">21.4933</dst>
      <dst id="23">40.0000</dst>
      <dst id="8">1260.0978</dst>
      <dst id="18">43.8311</dst>
      <dst id="4">5806.9511</dst>
      <dst id="1">407.0400</dst>
      <dst id="3">4.6844</dst>
      <dst id="22">7200.7911</dst>
      <dst id="7">436.0889</dst>
      <dst id="2">107633.5022</dst>
      <dst id="6">64.0000</dst>
      <dst id="16">999.5822</dst>
      <dst id="14">11.5556</dst>
      <dst id="20">952.7911</dst>
      <dst id="11">481.3333</dst>
      <dst id="9">2600.2667</dst>
      <dst id="17">97229.2267</dst>
      <dst id="21">8.7733</dst>
      <dst id="15">986.0889</dst>
    </src>
    <src id="3">
      <dst id="12">11304.0000</dst>
      <dst id="13">4857.0400</dst>
      <dst id="19">4081.4222</dst>
      <dst id="23">7595.8933</dst>
      <dst id="8">15.7156</dst>
      <dst id="18">52221.5733</dst>
      <dst id="4">19692.1422</dst>
      <dst id="1">7621.6889</dst>
      <dst id="5">592.2578</dst>
      <dst id="3">9387.1200</dst>
      <dst id="22">3500.8356</dst>
      <dst id="7">4674.8356</dst>
      <dst id="2">19021.1733</dst>
      <dst id="6">0.4622</dst>
      <dst id="16">620.9956</dst>
      <dst id="14">18972.7644</dst>
      <dst id="20">294.1422</dst>
      <dst id="11">116305.9111</dst>
      <dst id="9">366.1067</dst>
      <dst id="17">4698.7467</dst>
      <dst id="21">10499.3333</dst>
      <dst id="15">2630.1067</dst>
    </src>
    <src id="10">
      <dst id="12">9147.4044</dst>
      <dst id="19">3793.2889</dst>
      <dst id="8">382.5156</dst>
      <dst id="18">721.4756</dst>
      <dst id="1">2345.5200</dst>
      <dst id="5">995.2267</dst>
      <dst id="3">560.8356</dst>
      <dst id="22">5388.3467</dst>
      <dst id="7">10220.5156</dst>
      <dst id="2">21384.1778</dst>
      <dst id="6">0.5511</dst>
      <dst id="16">2240.0089</dst>
      <dst id="14">2974.8267</dst>
      <dst id="20">483.1200</dst>
      <dst id="11">3473.4311</dst>
      <dst id="9">915.6978</dst>
      <dst id="17">22286.4622</dst>
      <dst id="21">6491.0844</dst>
      <dst id="15">550.0622</dst>
    </src>
    <src id="22">
      <dst id="12">4783.4933</dst>
      <dst id="13">1479.2178</dst>
      <dst id="19">152.8178</dst>
      <dst id="23">136.8356</dst>
      <dst id="8">942.5600</dst>
      <dst id="18">246.0533</dst>
      <dst id="4">18878.0000</dst>
      <dst id="1">164.1778</dst>
      <dst id="5">2479.2267</dst>
      <dst id="3">351.3600</dst>
      <dst id="7">3816.6933</dst>
      <dst id="2">3243.0667</dst>
      <dst id="6">20.1867</dst>
      <dst id="16">8.3022</dst>
      <dst id="14">16.9422</dst>
      <dst id="11">1849.7778</dst>
      <dst id="9">1694.2844</dst>
      <dst id="17">2808.8356</dst>
      <dst id="21">596.8356</dst>
    </src>
    <src id="7">
      <dst id="12">2907.2356</dst>
      <dst id="13">677.2622</dst>
      <dst id="19">256.6933</dst>
      <dst id="23">241.5200</dst>
      <dst id="8">87.4667</dst>
      <dst id="18">132.0533</dst>
      <dst id="4">17255.5911</dst>
      <dst id="1">1687.8133</dst>
      <dst id="5">936.4800</dst>
      <dst id="3">312.5067</dst>
      <dst id="22">5250.1067</dst>
      <dst id="7">782.0711</dst>
      <dst id="2">19737.9200</dst>
      <dst id="6">13.2622</dst>
      <dst id="16">206.3200</dst>
      <dst id="14">68.0267</dst>
      <dst id="20">37.6533</dst>
      <dst id="11">3388.0000</dst>
      <dst id="9">191.1467</dst>
      <dst id="17">4201.2178</dst>
      <dst id="21">618.4178</dst>
      <dst id="15">107.9378</dst>
    </src>
    <src id="2">
      <dst id="12">67376.6844</dst>
      <dst id="13">511749.4489</dst>
      <dst id="19">247.7156</dst>
      <dst id="23">29.8933</dst>
      <dst id="8">180.2489</dst>
      <dst id="18">47402.5956</dst>
      <dst id="4">83299.9556</dst>
      <dst id="1">9958.9778</dst>
      <dst id="5">661.5200</dst>
      <dst id="3">31.8489</dst>
      <dst id="22">2142.3822</dst>
      <dst id="7">18676.8356</dst>
      <dst id="2">401.6711</dst>
      <dst id="6">6084.3200</dst>
      <dst id="16">2150.0711</dst>
      <dst id="14">4768.1244</dst>
      <dst id="20">817.2089</dst>
      <dst id="11">2808.8622</dst>
      <dst id="9">2653.6089</dst>
      <dst id="17">28920.5778</dst>
      <dst id="21">1738.1244</dst>
      <dst id="15">15.0756</dst>
    </src>
    <src id="6">
      <dst id="12">7916.0444</dst>
      <dst id="13">0.8711</dst>
      <dst id="19">1.6622</dst>
      <dst id="8">10.5956</dst>
      <dst id="4">1224.3467</dst>
      <dst id="1">1.3422</dst>
      <dst id="5">10.3111</dst>
      <dst id="22">12.7111</dst>
      <dst id="7">1.6356</dst>
      <dst id="2">1602.4444</dst>
      <dst id="20">0.8178</dst>
      <dst id="9">1.1467</dst>
      <dst id="17">1452.4533</dst>
      <dst id="15">1.3333</dst>
    </src>
    <src id="16">
      <dst id="12">1475.7867</dst>
      <dst id="13">1227.1911</dst>
      <dst id="19">2778.9067</dst>
      <dst id="23">4.8800</dst>
      <dst id="8">855.3511</dst>
      <dst id="18">67.0400</dst>
      <dst id="4">3462.0711</dst>
      <dst id="1">15086.2578</dst>
      <dst id="5">1641.0311</dst>
      <dst id="3">0.4178</dst>
      <dst id="7">1199.1733</dst>
      <dst id="2">375.1289</dst>
      <dst id="16">23.6978</dst>
      <dst id="14">438.6489</dst>
      <dst id="11">169.3689</dst>
      <dst id="9">1999.8311</dst>
      <dst id="17">1826.3733</dst>
      <dst id="21">1744.4444</dst>
    </src>
    <src id="14">
      <dst id="12">17605.4044</dst>
      <dst id="13">27.4933</dst>
      <dst id="19">3.3244</dst>
      <dst id="8">1.0933</dst>
      <dst id="18">7.3511</dst>
      <dst id="4">1804.3022</dst>
      <dst id="1">33.8489</dst>
      <dst id="5">39.4311</dst>
      <dst id="3">70.5956</dst>
      <dst id="22">0.3556</dst>
      <dst id="7">71.8400</dst>
      <dst id="2">5761.3778</dst>
      <dst id="16">5.7600</dst>
      <dst id="11">61.1644</dst>
      <dst id="9">8.6578</dst>
      <dst id="17">12790.4622</dst>
      <dst id="21">133.6800</dst>
      <dst id="15">0.3911</dst>
    </src>
    <src id="20">
      <dst id="12">2289.0756</dst>
      <dst id="13">9846.9600</dst>
      <dst id="19">481.4222</dst>
      <dst id="8">879.6444</dst>
      <dst id="18">2.4622</dst>
      <dst id="4">7118.6311</dst>
      <dst id="1">30.0889</dst>
      <dst id="5">618.6578</dst>
      <dst id="3">138.7911</dst>
      <dst id="7">201.2267</dst>
      <dst id="2">1255.2178</dst>
      <dst id="6">39.7867</dst>
      <dst id="11">265.4844</dst>
      <dst id="9">2974.6489</dst>
      <dst id="17">1657.5911</dst>
      <dst id="21">1793.7689</dst>
    </src>
    <src id="11">
      <dst id="12">403845.1911</dst>
      <dst id="13">943.9467</dst>
      <dst id="19">9.4311</dst>
      <dst id="23">11.8578</dst>
      <dst id="8">302.3733</dst>
      <dst id="18">4.6222</dst>
      <dst id="4">9379.6889</dst>
      <dst id="1">717.5022</dst>
      <dst id="5">793.1289</dst>
      <dst id="3">459.7689</dst>
      <dst id="22">2644.4089</dst>
      <dst id="7">721.1200</dst>
      <dst id="2">140453.9556</dst>
      <dst id="6">1.3156</dst>
      <dst id="16">52.6222</dst>
      <dst id="14">128.3733</dst>
      <dst id="20">170.9156</dst>
      <dst id="11">1431.6800</dst>
      <dst id="9">344.8444</dst>
      <dst id="17">136103.6267</dst>
      <dst id="21">363.8044</dst>
      <dst id="15">4162.9333</dst>
    </src>
    <src id="9">
      <dst id="12">448672.5156</dst>
      <dst id="13">9706.6133</dst>
      <dst id="19">1.6000</dst>
      <dst id="23">116.0711</dst>
      <dst id="8">235.8667</dst>
      <dst id="18">165.2622</dst>
      <dst id="4">11734.5422</dst>
      <dst id="1">6770.4889</dst>
      <dst id="5">1446.5422</dst>
      <dst id="3">6.6578</dst>
      <dst id="22">3480.3111</dst>
      <dst id="7">67.1644</dst>
      <dst id="2">153802.0178</dst>
      <dst id="6">1.0489</dst>
      <dst id="16">102.9956</dst>
      <dst id="14">682.9956</dst>
      <dst id="20">7905.0844</dst>
      <dst id="11">355.8844</dst>
      <dst id="9">1557.6089</dst>
      <dst id="17">158687.3778</dst>
      <dst id="21">84.8800</dst>
      <dst id="15">1120.9244</dst>
    </src>
    <src id="17">
      <dst id="12">4431.9200</dst>
      <dst id="13">27258.8356</dst>
      <dst id="19">114.7822</dst>
      <dst id="23">8.2222</dst>
      <dst id="8">82816.6667</dst>
      <dst id="18">111.6889</dst>
      <dst id="4">71548.1600</dst>
      <dst id="1">3176.0267</dst>
      <dst id="5">145589.7778</dst>
      <dst id="3">3713.9200</dst>
      <dst id="22">3098.8356</dst>
      <dst id="7">3767.0844</dst>
      <dst id="2">10129.3333</dst>
      <dst id="6">1.3333</dst>
      <dst id="16">5931.2000</dst>
      <dst id="14">16241.0133</dst>
      <dst id="20">10992.6311</dst>
      <dst id="11">76695.4756</dst>
      <dst id="9">130381.2800</dst>
      <dst id="17">1254.7644</dst>
      <dst id="21">3995.7600</dst>
      <dst id="15">494.1689</dst>
    </src>
    <src id="21">
      <dst id="12">15130.0267</dst>
      <dst id="13">2255.7689</dst>
      <dst id="19">480.2222</dst>
      <dst id="23">0.8178</dst>
      <dst id="8">138.0800</dst>
      <dst id="18">1398.4000</dst>
      <dst id="4">18621.0756</dst>
      <dst id="1">2193.1289</dst>
      <dst id="5">48.9156</dst>
      <dst id="3">8882.8089</dst>
      <dst id="22">1240.8444</dst>
      <dst id="7">3301.6711</dst>
      <dst id="2">14798.5689</dst>
      <dst id="6">1.2711</dst>
      <dst id="16">96.6667</dst>
      <dst id="14">198.3289</dst>
      <dst id="20">2163.1467</dst>
      <dst id="11">395.8400</dst>
      <dst id="9">504.3378</dst>
      <dst id="17">2786.1244</dst>
      <dst id="21">1609.5289</dst>
      <dst id="15">4.5511</dst>
    </src>
    <src id="15">
      <dst id="12">2189.8311</dst>
      <dst id="13">753.6711</dst>
      <dst id="19">0.3378</dst>
      <dst id="23">2.9511</dst>
      <dst id="8">105.8400</dst>
      <dst id="18">5.2444</dst>
      <dst id="4">3206.4178</dst>
      <dst id="1">1425.7867</dst>
      <dst id="5">66.4000</dst>
      <dst id="7">91.5822</dst>
      <dst id="2">33.0667</dst>
      <dst id="14">0.8889</dst>
      <dst id="11">246.9778</dst>
      <dst id="9">1920.4356</dst>
      <dst id="17">603.1733</dst>
      <dst id="21">162.7556</dst>
    </src>
  </IntraTM>
</TrafficMatrixFile>
