<?xml version="1.0" encoding="UTF-8" standalone="yes"?>
<TrafficMatrixFile xmlns:xsi="http://www.w3.org/2001/XMLSchema-instance" xsi:noNamespaceSchemaLocation="http://totem.run.montefiore.ulg.ac.be/Schema/TrafficMatrix-v1_2.xsd">
  <info>
    <title>Intradomain traffic matrix generated by geant-TM-all.pl</title>
    <date>2005-01-02T14:45:00</date>
    <duration>900</duration>
    <author>Steve Uhlig</author>
    <units>
        <unit type="bandwidth" value="kbps"/>
    </units>
  </info>
  <IntraTM ASID="20965">
    <src id="12">
      <dst id="12">201911.5911</dst>
      <dst id="13">12147.3778</dst>
      <dst id="19">2576.7644</dst>
      <dst id="23">2618.7467</dst>
      <dst id="8">1257.5644</dst>
      <dst id="18">802.3733</dst>
      <dst id="4">79886.0800</dst>
      <dst id="1">7444.2933</dst>
      <dst id="5">2124.3911</dst>
      <dst id="3">1647.8933</dst>
      <dst id="22">2189.8844</dst>
      <dst id="7">5511.5644</dst>
      <dst id="2">50311.5022</dst>
      <dst id="6">2.9156</dst>
      <dst id="16">7415.4222</dst>
      <dst id="14">118.9600</dst>
      <dst id="20">2475.4400</dst>
      <dst id="11">23172.4533</dst>
      <dst id="9">2475.1644</dst>
      <dst id="17">55213.8400</dst>
      <dst id="21">8246.4267</dst>
      <dst id="15">165.1289</dst>
    </src>
    <src id="13">
      <dst id="12">35999.2178</dst>
      <dst id="19">14762.7467</dst>
      <dst id="23">5.8844</dst>
      <dst id="8">2455.6978</dst>
      <dst id="18">3012.0978</dst>
      <dst id="1">1332.0178</dst>
      <dst id="5">4692.1067</dst>
      <dst id="3">3262.3644</dst>
      <dst id="22">18196.4267</dst>
      <dst id="7">6814.7467</dst>
      <dst id="2">51065.1467</dst>
      <dst id="6">36.4889</dst>
      <dst id="16">4271.7778</dst>
      <dst id="14">987.2533</dst>
      <dst id="20">12630.6489</dst>
      <dst id="11">12769.5200</dst>
      <dst id="9">12455.5378</dst>
      <dst id="17">24476.5600</dst>
      <dst id="21">13848.0800</dst>
      <dst id="15">1368.8444</dst>
    </src>
    <src id="19">
      <dst id="12">13452.8089</dst>
      <dst id="13">375.2444</dst>
      <dst id="23">0.8533</dst>
      <dst id="8">0.9956</dst>
      <dst id="18">13.5022</dst>
      <dst id="4">21807.0933</dst>
      <dst id="1">207.6533</dst>
      <dst id="5">4.7911</dst>
      <dst id="3">2.4089</dst>
      <dst id="22">54.3911</dst>
      <dst id="7">2432.2311</dst>
      <dst id="2">954.7733</dst>
      <dst id="6">95.5111</dst>
      <dst id="16">11511.7156</dst>
      <dst id="14">80.8889</dst>
      <dst id="20">17.5911</dst>
      <dst id="11">4.6311</dst>
      <dst id="9">392.7467</dst>
      <dst id="17">147.3867</dst>
      <dst id="21">257.2800</dst>
      <dst id="15">1.6000</dst>
    </src>
    <src id="23">
      <dst id="12">670.4533</dst>
      <dst id="13">1.1200</dst>
      <dst id="19">0.4622</dst>
      <dst id="8">55.9289</dst>
      <dst id="18">14.1956</dst>
      <dst id="4">84.5867</dst>
      <dst id="1">56.5511</dst>
      <dst id="5">14.3022</dst>
      <dst id="3">87.4756</dst>
      <dst id="22">54.7822</dst>
      <dst id="7">237.8756</dst>
      <dst id="2">1.3156</dst>
      <dst id="6">0.4978</dst>
      <dst id="16">3.6267</dst>
      <dst id="14">2.4533</dst>
      <dst id="11">65.2711</dst>
      <dst id="9">392.3200</dst>
      <dst id="17">71.6800</dst>
      <dst id="21">386.2667</dst>
    </src>
    <src id="8">
      <dst id="12">250902.1422</dst>
      <dst id="13">139.6267</dst>
      <dst id="19">1.2889</dst>
      <dst id="23">465.7511</dst>
      <dst id="18">1.1733</dst>
      <dst id="4">9722.9156</dst>
      <dst id="1">211.9200</dst>
      <dst id="5">235.2356</dst>
      <dst id="3">0.3911</dst>
      <dst id="22">622.9600</dst>
      <dst id="7">22.6667</dst>
      <dst id="2">71123.0311</dst>
      <dst id="16">121.8222</dst>
      <dst id="20">145.2622</dst>
      <dst id="11">414.7733</dst>
      <dst id="9">847.9200</dst>
      <dst id="17">83335.1289</dst>
      <dst id="21">178.3022</dst>
    </src>
    <src id="18">
      <dst id="12">101149.1378</dst>
      <dst id="13">54.2044</dst>
      <dst id="19">2.2578</dst>
      <dst id="23">0.3556</dst>
      <dst id="8">41.8489</dst>
      <dst id="4">2328.4889</dst>
      <dst id="1">1040.6400</dst>
      <dst id="5">369.1733</dst>
      <dst id="3">15.1822</dst>
      <dst id="22">194.9333</dst>
      <dst id="7">14.3200</dst>
      <dst id="2">30869.1111</dst>
      <dst id="16">12.4711</dst>
      <dst id="14">0.4711</dst>
      <dst id="20">1.6178</dst>
      <dst id="11">175.1822</dst>
      <dst id="9">131.4133</dst>
      <dst id="17">35361.9200</dst>
      <dst id="21">164.2844</dst>
      <dst id="15">0.8800</dst>
    </src>
    <src id="4">
      <dst id="12">11395.8756</dst>
      <dst id="19">5081.4578</dst>
      <dst id="8">695.9289</dst>
      <dst id="18">606.2044</dst>
      <dst id="4">2.4533</dst>
      <dst id="1">19229.9644</dst>
      <dst id="5">1818.8356</dst>
      <dst id="3">2749.4222</dst>
      <dst id="22">2808.7556</dst>
      <dst id="7">35251.5200</dst>
      <dst id="2">45320.3022</dst>
      <dst id="6">13.2622</dst>
      <dst id="16">1075.2178</dst>
      <dst id="14">833.0222</dst>
      <dst id="20">1449.7156</dst>
      <dst id="11">5934.5333</dst>
      <dst id="9">3256.2311</dst>
      <dst id="17">101017.4222</dst>
      <dst id="21">4293.1111</dst>
      <dst id="15">239.6356</dst>
    </src>
    <src id="1">
      <dst id="12">17908.6844</dst>
      <dst id="13">159.2089</dst>
      <dst id="19">20.8444</dst>
      <dst id="23">77.1200</dst>
      <dst id="8">56380.5067</dst>
      <dst id="18">13308.0622</dst>
      <dst id="4">10288.5067</dst>
      <dst id="1">23106.4356</dst>
      <dst id="5">157178.2578</dst>
      <dst id="3">83.0667</dst>
      <dst id="22">395.0311</dst>
      <dst id="7">1062.9422</dst>
      <dst id="2">1124.0978</dst>
      <dst id="6">9202.6133</dst>
      <dst id="16">19960.0889</dst>
      <dst id="14">73.8667</dst>
      <dst id="20">33.3067</dst>
      <dst id="11">95.7422</dst>
      <dst id="9">151604.4267</dst>
      <dst id="17">1481.3156</dst>
      <dst id="21">3003.6267</dst>
      <dst id="15">70.3378</dst>
    </src>
    <src id="5">
      <dst id="12">198658.0533</dst>
      <dst id="13">742.3200</dst>
      <dst id="19">53.1733</dst>
      <dst id="23">107.3689</dst>
      <dst id="8">682.7556</dst>
      <dst id="18">50.1511</dst>
      <dst id="4">4002.1511</dst>
      <dst id="1">176.1422</dst>
      <dst id="3">2.3733</dst>
      <dst id="22">1431.5289</dst>
      <dst id="7">67.0044</dst>
      <dst id="2">87879.1200</dst>
      <dst id="6">1.0667</dst>
      <dst id="16">261.9733</dst>
      <dst id="20">185.6356</dst>
      <dst id="11">631.5378</dst>
      <dst id="9">668.6578</dst>
      <dst id="17">72435.9911</dst>
      <dst id="21">381.2711</dst>
      <dst id="15">92.4622</dst>
    </src>
    <src id="3">
      <dst id="12">20196.8889</dst>
      <dst id="13">879.4489</dst>
      <dst id="19">720.3644</dst>
      <dst id="23">2.0533</dst>
      <dst id="8">58.1422</dst>
      <dst id="18">51454.6844</dst>
      <dst id="4">19605.7778</dst>
      <dst id="1">4249.9556</dst>
      <dst id="5">421.3067</dst>
      <dst id="3">7050.1956</dst>
      <dst id="22">187.7867</dst>
      <dst id="7">463.1111</dst>
      <dst id="2">3434.4267</dst>
      <dst id="16">888.4800</dst>
      <dst id="14">27770.1067</dst>
      <dst id="20">26.5956</dst>
      <dst id="11">110776.4178</dst>
      <dst id="9">164.1689</dst>
      <dst id="17">3370.3111</dst>
      <dst id="21">2839.8133</dst>
      <dst id="15">183.9467</dst>
    </src>
    <src id="10">
      <dst id="12">9980.0533</dst>
      <dst id="19">3222.7822</dst>
      <dst id="8">1010.2400</dst>
      <dst id="18">2838.8444</dst>
      <dst id="1">857.4667</dst>
      <dst id="5">1084.5689</dst>
      <dst id="3">19353.9467</dst>
      <dst id="22">2227.9556</dst>
      <dst id="7">21700.1867</dst>
      <dst id="2">30906.1511</dst>
      <dst id="6">12.8000</dst>
      <dst id="16">4184.1600</dst>
      <dst id="14">282.6400</dst>
      <dst id="20">1287.8844</dst>
      <dst id="11">4517.3511</dst>
      <dst id="9">3830.8533</dst>
      <dst id="17">18163.3778</dst>
      <dst id="21">6757.3156</dst>
      <dst id="15">499.0578</dst>
    </src>
    <src id="22">
      <dst id="12">3977.6978</dst>
      <dst id="13">1984.0978</dst>
      <dst id="19">328.9067</dst>
      <dst id="23">9.9556</dst>
      <dst id="8">543.8400</dst>
      <dst id="18">925.1911</dst>
      <dst id="4">22706.4089</dst>
      <dst id="1">47.9644</dst>
      <dst id="5">3261.6444</dst>
      <dst id="3">1142.7022</dst>
      <dst id="7">335.6000</dst>
      <dst id="2">2607.9733</dst>
      <dst id="6">0.8533</dst>
      <dst id="16">4.6756</dst>
      <dst id="14">55.4756</dst>
      <dst id="11">3839.2178</dst>
      <dst id="9">516.2400</dst>
      <dst id="17">2613.6533</dst>
      <dst id="21">510.0089</dst>
    </src>
    <src id="7">
      <dst id="12">2100.7822</dst>
      <dst id="13">338.4000</dst>
      <dst id="19">54.6222</dst>
      <dst id="23">13.7422</dst>
      <dst id="8">268.8711</dst>
      <dst id="18">177.1467</dst>
      <dst id="4">21684.2844</dst>
      <dst id="1">1588.7289</dst>
      <dst id="5">367.5378</dst>
      <dst id="3">83.6978</dst>
      <dst id="22">3071.8044</dst>
      <dst id="7">841.2089</dst>
      <dst id="2">4998.8444</dst>
      <dst id="6">3.4933</dst>
      <dst id="16">460.8533</dst>
      <dst id="14">79.2356</dst>
      <dst id="20">111.9556</dst>
      <dst id="11">543.9556</dst>
      <dst id="9">278.2933</dst>
      <dst id="17">5147.4844</dst>
      <dst id="21">1270.0800</dst>
      <dst id="15">154.9244</dst>
    </src>
    <src id="2">
      <dst id="12">77749.6622</dst>
      <dst id="13">4873.6267</dst>
      <dst id="19">8116.0089</dst>
      <dst id="23">0.4267</dst>
      <dst id="8">1781.5733</dst>
      <dst id="18">45748.3022</dst>
      <dst id="4">84944.9333</dst>
      <dst id="1">1016.5511</dst>
      <dst id="5">506.7289</dst>
      <dst id="3">20.6667</dst>
      <dst id="22">1174.5600</dst>
      <dst id="7">5974.3556</dst>
      <dst id="2">1202.9067</dst>
      <dst id="6">3997.4578</dst>
      <dst id="16">4306.0356</dst>
      <dst id="14">5262.6222</dst>
      <dst id="20">369.0667</dst>
      <dst id="11">3048.4000</dst>
      <dst id="9">785.2978</dst>
      <dst id="17">13494.9067</dst>
      <dst id="21">2926.2222</dst>
      <dst id="15">6.0178</dst>
    </src>
    <src id="6">
      <dst id="12">8238.5156</dst>
      <dst id="13">2.6844</dst>
      <dst id="19">2.7911</dst>
      <dst id="18">0.3556</dst>
      <dst id="4">161.2622</dst>
      <dst id="1">1.1022</dst>
      <dst id="22">0.3556</dst>
      <dst id="7">1.7422</dst>
      <dst id="2">1466.1422</dst>
      <dst id="16">1.1733</dst>
      <dst id="20">0.4000</dst>
      <dst id="11">1.6978</dst>
      <dst id="9">1.0667</dst>
      <dst id="17">1399.8933</dst>
      <dst id="21">24.1156</dst>
      <dst id="15">11.8222</dst>
    </src>
    <src id="16">
      <dst id="12">2027.2711</dst>
      <dst id="13">105.5733</dst>
      <dst id="19">5343.9556</dst>
      <dst id="23">2.6844</dst>
      <dst id="8">1452.7022</dst>
      <dst id="18">3.7067</dst>
      <dst id="4">8733.3422</dst>
      <dst id="1">17481.1556</dst>
      <dst id="5">3603.9200</dst>
      <dst id="3">4.3200</dst>
      <dst id="7">3910.9511</dst>
      <dst id="2">341.0578</dst>
      <dst id="6">1.4756</dst>
      <dst id="16">18.8178</dst>
      <dst id="14">109.1911</dst>
      <dst id="11">98.7111</dst>
      <dst id="9">7307.2711</dst>
      <dst id="17">659.2267</dst>
      <dst id="21">414.5956</dst>
    </src>
    <src id="14">
      <dst id="12">13995.7689</dst>
      <dst id="13">83.6889</dst>
      <dst id="19">3.9111</dst>
      <dst id="23">0.4622</dst>
      <dst id="4">1577.5289</dst>
      <dst id="1">11.8933</dst>
      <dst id="3">65.1556</dst>
      <dst id="22">2.7022</dst>
      <dst id="7">124.1956</dst>
      <dst id="2">3912.2133</dst>
      <dst id="16">5.0933</dst>
      <dst id="20">15.1022</dst>
      <dst id="11">30.9333</dst>
      <dst id="9">5.5733</dst>
      <dst id="17">4021.0311</dst>
      <dst id="21">73.8667</dst>
      <dst id="15">1.3867</dst>
    </src>
    <src id="20">
      <dst id="12">703.7956</dst>
      <dst id="13">538.4356</dst>
      <dst id="19">707.5467</dst>
      <dst id="8">378.7822</dst>
      <dst id="18">5.3333</dst>
      <dst id="4">15215.7689</dst>
      <dst id="1">68.0800</dst>
      <dst id="5">678.2844</dst>
      <dst id="3">241.2533</dst>
      <dst id="7">61.1111</dst>
      <dst id="2">1796.8978</dst>
      <dst id="14">13.3333</dst>
      <dst id="11">183.7778</dst>
      <dst id="9">8666.6222</dst>
      <dst id="17">675.5200</dst>
      <dst id="21">106.1956</dst>
    </src>
    <src id="11">
      <dst id="12">361182.7911</dst>
      <dst id="13">934.8267</dst>
      <dst id="19">55.6267</dst>
      <dst id="23">12.2667</dst>
      <dst id="8">414.2222</dst>
      <dst id="18">341.1822</dst>
      <dst id="4">14981.0489</dst>
      <dst id="1">503.8133</dst>
      <dst id="5">909.6444</dst>
      <dst id="3">233.6178</dst>
      <dst id="22">1594.3822</dst>
      <dst id="7">290.5867</dst>
      <dst id="2">129343.3778</dst>
      <dst id="6">1.2178</dst>
      <dst id="16">445.2533</dst>
      <dst id="14">78.7644</dst>
      <dst id="20">91.5200</dst>
      <dst id="11">1064.4533</dst>
      <dst id="9">950.4889</dst>
      <dst id="17">127078.9333</dst>
      <dst id="21">503.0311</dst>
      <dst id="15">165.0133</dst>
    </src>
    <src id="9">
      <dst id="12">363280.3733</dst>
      <dst id="13">1963.2178</dst>
      <dst id="19">9.2267</dst>
      <dst id="23">17.3333</dst>
      <dst id="8">205.7422</dst>
      <dst id="18">232.3111</dst>
      <dst id="4">14588.0800</dst>
      <dst id="1">255.9822</dst>
      <dst id="5">1744.9244</dst>
      <dst id="3">13.6889</dst>
      <dst id="22">1018.0622</dst>
      <dst id="7">127.5022</dst>
      <dst id="2">121096.6578</dst>
      <dst id="6">24.1778</dst>
      <dst id="16">418.1244</dst>
      <dst id="14">0.6489</dst>
      <dst id="20">2607.8756</dst>
      <dst id="11">458.6133</dst>
      <dst id="9">205.3333</dst>
      <dst id="17">140534.5956</dst>
      <dst id="21">315.9289</dst>
      <dst id="15">332.3289</dst>
    </src>
    <src id="17">
      <dst id="12">2971.4222</dst>
      <dst id="13">948.6489</dst>
      <dst id="19">117.3778</dst>
      <dst id="23">9.4222</dst>
      <dst id="8">72122.0711</dst>
      <dst id="18">184.3822</dst>
      <dst id="4">42912.5156</dst>
      <dst id="1">2956.0267</dst>
      <dst id="5">157737.0578</dst>
      <dst id="3">8256.1156</dst>
      <dst id="22">2939.1289</dst>
      <dst id="7">2756.3111</dst>
      <dst id="2">8313.3244</dst>
      <dst id="6">36.9600</dst>
      <dst id="16">5788.9333</dst>
      <dst id="14">10896.1156</dst>
      <dst id="20">412.8356</dst>
      <dst id="11">91072.0800</dst>
      <dst id="9">141280.6400</dst>
      <dst id="17">870.1867</dst>
      <dst id="21">5638.8711</dst>
      <dst id="15">64.0622</dst>
    </src>
    <src id="21">
      <dst id="12">16657.7600</dst>
      <dst id="13">280.4089</dst>
      <dst id="19">92.9067</dst>
      <dst id="23">4.5333</dst>
      <dst id="8">364.5333</dst>
      <dst id="18">288.7378</dst>
      <dst id="4">21245.8578</dst>
      <dst id="1">552.6044</dst>
      <dst id="5">485.9200</dst>
      <dst id="3">575.9289</dst>
      <dst id="22">1617.7244</dst>
      <dst id="7">3409.7600</dst>
      <dst id="2">7392.7822</dst>
      <dst id="6">0.6667</dst>
      <dst id="16">107.6533</dst>
      <dst id="14">44.9778</dst>
      <dst id="20">58.0267</dst>
      <dst id="11">698.4978</dst>
      <dst id="9">145.7867</dst>
      <dst id="17">2319.9022</dst>
      <dst id="21">1449.8756</dst>
      <dst id="15">65.8222</dst>
    </src>
    <src id="15">
      <dst id="12">1381.1644</dst>
      <dst id="13">71.4133</dst>
      <dst id="19">1.4489</dst>
      <dst id="8">13.6889</dst>
      <dst id="18">13.3333</dst>
      <dst id="4">2791.9733</dst>
      <dst id="1">674.5067</dst>
      <dst id="5">59.8133</dst>
      <dst id="3">6.3556</dst>
      <dst id="7">7.2533</dst>
      <dst id="2">58.7111</dst>
      <dst id="16">0.3556</dst>
      <dst id="14">80.0000</dst>
      <dst id="11">332.3111</dst>
      <dst id="9">267.3244</dst>
      <dst id="17">85.4400</dst>
      <dst id="21">79.4133</dst>
    </src>
  </IntraTM>
</TrafficMatrixFile>
