<?xml version="1.0" encoding="UTF-8" standalone="yes"?>
<TrafficMatrixFile xmlns:xsi="http://www.w3.org/2001/XMLSchema-instance" xsi:noNamespaceSchemaLocation="http://totem.run.montefiore.ulg.ac.be/Schema/TrafficMatrix-v1_2.xsd">
  <info>
    <title>Intradomain traffic matrix generated by geant-TM-all.pl</title>
    <date>2005-01-04T19:00:00</date>
    <duration>900</duration>
    <author>Steve Uhlig</author>
    <units>
        <unit type="bandwidth" value="kbps"/>
    </units>
  </info>
  <IntraTM ASID="20965">
    <src id="12">
      <dst id="12">208991.3867</dst>
      <dst id="13">17237.8667</dst>
      <dst id="19">1384.5067</dst>
      <dst id="23">72.7022</dst>
      <dst id="8">798.4178</dst>
      <dst id="18">481.8311</dst>
      <dst id="4">67781.2356</dst>
      <dst id="1">8177.8844</dst>
      <dst id="5">3568.6400</dst>
      <dst id="3">1664.9511</dst>
      <dst id="22">11928.1422</dst>
      <dst id="7">2699.3778</dst>
      <dst id="2">69513.6089</dst>
      <dst id="6">30.9244</dst>
      <dst id="16">8671.8667</dst>
      <dst id="14">1016.9422</dst>
      <dst id="20">11041.6978</dst>
      <dst id="11">1278.3022</dst>
      <dst id="9">2435.3867</dst>
      <dst id="17">60741.3867</dst>
      <dst id="21">3289.6978</dst>
      <dst id="15">1199.3156</dst>
    </src>
    <src id="13">
      <dst id="12">31395.2978</dst>
      <dst id="19">4774.9511</dst>
      <dst id="23">93.0578</dst>
      <dst id="8">1244.5067</dst>
      <dst id="18">946.2400</dst>
      <dst id="4">0.3556</dst>
      <dst id="1">4320.2667</dst>
      <dst id="5">3295.9644</dst>
      <dst id="3">10567.8400</dst>
      <dst id="22">23519.3689</dst>
      <dst id="7">8176.2489</dst>
      <dst id="2">55314.6311</dst>
      <dst id="6">76.8978</dst>
      <dst id="16">6230.5422</dst>
      <dst id="14">7795.1733</dst>
      <dst id="20">7369.1911</dst>
      <dst id="11">8004.0267</dst>
      <dst id="9">13958.0800</dst>
      <dst id="17">49250.1867</dst>
      <dst id="21">6889.5467</dst>
      <dst id="15">2960.3022</dst>
    </src>
    <src id="19">
      <dst id="12">15352.2667</dst>
      <dst id="13">183.9822</dst>
      <dst id="23">0.9244</dst>
      <dst id="18">1.3244</dst>
      <dst id="4">17112.1333</dst>
      <dst id="1">297.6711</dst>
      <dst id="5">71.9289</dst>
      <dst id="22">103.3333</dst>
      <dst id="7">3321.1733</dst>
      <dst id="2">682.7733</dst>
      <dst id="6">424.1067</dst>
      <dst id="16">7149.9467</dst>
      <dst id="14">78.1067</dst>
      <dst id="20">1001.1022</dst>
      <dst id="11">1563.0044</dst>
      <dst id="9">28.6400</dst>
      <dst id="17">1217.1644</dst>
      <dst id="21">1676.9600</dst>
      <dst id="15">0.6756</dst>
    </src>
    <src id="23">
      <dst id="12">350.7022</dst>
      <dst id="13">1096.6311</dst>
      <dst id="19">64.6756</dst>
      <dst id="4">99.4133</dst>
      <dst id="1">14.9867</dst>
      <dst id="5">59.3333</dst>
      <dst id="3">63.6178</dst>
      <dst id="22">219.4400</dst>
      <dst id="7">148.6044</dst>
      <dst id="2">41.9111</dst>
      <dst id="16">206.5333</dst>
      <dst id="14">112.8889</dst>
      <dst id="20">60.1244</dst>
      <dst id="11">66.6667</dst>
      <dst id="9">1167.9022</dst>
      <dst id="17">244.0622</dst>
      <dst id="21">300.5511</dst>
    </src>
    <src id="8">
      <dst id="12">263791.3067</dst>
      <dst id="13">392.2044</dst>
      <dst id="19">1.6978</dst>
      <dst id="18">26.9956</dst>
      <dst id="4">5299.2711</dst>
      <dst id="1">359.8667</dst>
      <dst id="5">442.7644</dst>
      <dst id="3">159.2889</dst>
      <dst id="22">2060.2044</dst>
      <dst id="7">1.2800</dst>
      <dst id="2">104124.9956</dst>
      <dst id="16">14605.2444</dst>
      <dst id="20">54.1867</dst>
      <dst id="11">402.0000</dst>
      <dst id="9">463.2622</dst>
      <dst id="17">93460.2222</dst>
      <dst id="21">205.9644</dst>
      <dst id="15">1222.6578</dst>
    </src>
    <src id="18">
      <dst id="12">90047.3333</dst>
      <dst id="13">48.8800</dst>
      <dst id="19">0.5156</dst>
      <dst id="23">0.4356</dst>
      <dst id="8">0.7111</dst>
      <dst id="4">1450.7289</dst>
      <dst id="1">973.2889</dst>
      <dst id="5">140.6756</dst>
      <dst id="3">7.9022</dst>
      <dst id="22">188.1067</dst>
      <dst id="7">17.4578</dst>
      <dst id="2">29977.1467</dst>
      <dst id="16">29.3511</dst>
      <dst id="14">15.7156</dst>
      <dst id="20">960.3111</dst>
      <dst id="11">66.3733</dst>
      <dst id="9">2.2667</dst>
      <dst id="17">26981.7689</dst>
      <dst id="21">140.2400</dst>
      <dst id="15">2.4889</dst>
    </src>
    <src id="4">
      <dst id="12">10010.2756</dst>
      <dst id="19">14734.0533</dst>
      <dst id="8">1184.5156</dst>
      <dst id="18">826.1689</dst>
      <dst id="4">2.0622</dst>
      <dst id="1">87808.8267</dst>
      <dst id="5">2277.3956</dst>
      <dst id="3">270.3289</dst>
      <dst id="22">3093.5022</dst>
      <dst id="7">37729.5556</dst>
      <dst id="2">115441.6978</dst>
      <dst id="6">0.7467</dst>
      <dst id="16">1660.7111</dst>
      <dst id="14">1851.0578</dst>
      <dst id="20">508.7022</dst>
      <dst id="11">3146.0533</dst>
      <dst id="9">3061.5289</dst>
      <dst id="17">27971.6711</dst>
      <dst id="21">3933.4400</dst>
      <dst id="15">365.1822</dst>
    </src>
    <src id="1">
      <dst id="12">20322.7111</dst>
      <dst id="13">225.2267</dst>
      <dst id="19">184.7289</dst>
      <dst id="23">35.9733</dst>
      <dst id="8">80792.1511</dst>
      <dst id="18">12544.9422</dst>
      <dst id="4">7938.7467</dst>
      <dst id="1">4338.5956</dst>
      <dst id="5">182925.2444</dst>
      <dst id="3">89.6533</dst>
      <dst id="22">766.6222</dst>
      <dst id="7">1380.4267</dst>
      <dst id="2">1064.6044</dst>
      <dst id="6">8682.6400</dst>
      <dst id="16">11694.7289</dst>
      <dst id="14">294.0978</dst>
      <dst id="20">576.0178</dst>
      <dst id="11">85.4756</dst>
      <dst id="9">167984.5600</dst>
      <dst id="17">6307.0311</dst>
      <dst id="21">1836.8267</dst>
      <dst id="15">72.6311</dst>
    </src>
    <src id="5">
      <dst id="12">241252.3733</dst>
      <dst id="13">1617.4489</dst>
      <dst id="19">16.9422</dst>
      <dst id="23">525.4489</dst>
      <dst id="8">624.0000</dst>
      <dst id="18">1194.6222</dst>
      <dst id="4">4389.6089</dst>
      <dst id="1">472.9511</dst>
      <dst id="3">0.7111</dst>
      <dst id="22">3345.5556</dst>
      <dst id="7">121.1644</dst>
      <dst id="2">105307.7600</dst>
      <dst id="6">27.4756</dst>
      <dst id="16">504.2311</dst>
      <dst id="14">14.2222</dst>
      <dst id="20">2170.3822</dst>
      <dst id="11">441.4933</dst>
      <dst id="9">174.9156</dst>
      <dst id="17">95583.9911</dst>
      <dst id="21">352.7556</dst>
      <dst id="15">119.4933</dst>
    </src>
    <src id="3">
      <dst id="12">6381.2622</dst>
      <dst id="13">122.3733</dst>
      <dst id="19">1453.2356</dst>
      <dst id="23">2563.5378</dst>
      <dst id="8">84.4089</dst>
      <dst id="18">42709.8844</dst>
      <dst id="4">19010.7200</dst>
      <dst id="1">3780.8000</dst>
      <dst id="5">119.4756</dst>
      <dst id="3">8496.2133</dst>
      <dst id="22">1561.7689</dst>
      <dst id="7">2053.9111</dst>
      <dst id="2">3654.3556</dst>
      <dst id="6">0.8711</dst>
      <dst id="16">1003.7689</dst>
      <dst id="14">72958.0711</dst>
      <dst id="20">62.8622</dst>
      <dst id="11">102355.3244</dst>
      <dst id="9">149.8133</dst>
      <dst id="17">7205.8844</dst>
      <dst id="21">14064.9511</dst>
      <dst id="15">38.9244</dst>
    </src>
    <src id="10">
      <dst id="12">16556.5867</dst>
      <dst id="19">9006.0800</dst>
      <dst id="8">2332.2222</dst>
      <dst id="18">1944.1156</dst>
      <dst id="1">2317.5378</dst>
      <dst id="5">1316.9067</dst>
      <dst id="3">4277.3867</dst>
      <dst id="22">5410.2400</dst>
      <dst id="7">8141.5289</dst>
      <dst id="2">14575.5378</dst>
      <dst id="6">25.0489</dst>
      <dst id="16">1224.1067</dst>
      <dst id="14">7082.3733</dst>
      <dst id="20">10114.5156</dst>
      <dst id="11">5127.2533</dst>
      <dst id="9">4432.9956</dst>
      <dst id="17">25215.9378</dst>
      <dst id="21">9036.0622</dst>
      <dst id="15">393.7867</dst>
    </src>
    <src id="22">
      <dst id="12">8167.9822</dst>
      <dst id="13">3446.8178</dst>
      <dst id="19">67.9733</dst>
      <dst id="23">11.0933</dst>
      <dst id="8">400.1956</dst>
      <dst id="18">353.3067</dst>
      <dst id="4">15524.8711</dst>
      <dst id="1">102.8000</dst>
      <dst id="5">2467.7956</dst>
      <dst id="3">110.4978</dst>
      <dst id="7">516.0444</dst>
      <dst id="2">5012.1422</dst>
      <dst id="6">8.4267</dst>
      <dst id="16">3.6622</dst>
      <dst id="14">102.1689</dst>
      <dst id="11">2944.1244</dst>
      <dst id="9">1484.7378</dst>
      <dst id="17">2784.4089</dst>
      <dst id="21">512.0267</dst>
    </src>
    <src id="7">
      <dst id="12">3853.3067</dst>
      <dst id="13">2249.0133</dst>
      <dst id="19">78.8267</dst>
      <dst id="23">18.2844</dst>
      <dst id="8">40.2222</dst>
      <dst id="18">27.3689</dst>
      <dst id="4">74529.0933</dst>
      <dst id="1">1023.0133</dst>
      <dst id="5">572.0978</dst>
      <dst id="3">521.3244</dst>
      <dst id="22">3053.5289</dst>
      <dst id="7">854.2933</dst>
      <dst id="2">4509.1467</dst>
      <dst id="6">2.2489</dst>
      <dst id="16">695.8044</dst>
      <dst id="14">160.4267</dst>
      <dst id="20">95.6089</dst>
      <dst id="11">589.6800</dst>
      <dst id="9">702.7822</dst>
      <dst id="17">4923.8311</dst>
      <dst id="21">3125.5022</dst>
      <dst id="15">566.7556</dst>
    </src>
    <src id="2">
      <dst id="12">106323.1200</dst>
      <dst id="13">519634.9422</dst>
      <dst id="19">4647.6267</dst>
      <dst id="23">0.9244</dst>
      <dst id="8">52.9244</dst>
      <dst id="18">40635.4489</dst>
      <dst id="4">69881.7156</dst>
      <dst id="1">1094.1778</dst>
      <dst id="5">1081.8133</dst>
      <dst id="3">44.6400</dst>
      <dst id="22">2903.0311</dst>
      <dst id="7">3302.4889</dst>
      <dst id="2">565.0578</dst>
      <dst id="6">7605.4578</dst>
      <dst id="16">7628.3378</dst>
      <dst id="14">5525.4400</dst>
      <dst id="20">500.5156</dst>
      <dst id="11">3654.2222</dst>
      <dst id="9">281.6000</dst>
      <dst id="17">31897.5733</dst>
      <dst id="21">1239.7511</dst>
      <dst id="15">998.8356</dst>
    </src>
    <src id="6">
      <dst id="12">10260.8533</dst>
      <dst id="13">4.6044</dst>
      <dst id="19">20.9511</dst>
      <dst id="4">1360.1511</dst>
      <dst id="1">36.4089</dst>
      <dst id="22">43.0489</dst>
      <dst id="7">27.2533</dst>
      <dst id="2">1850.0444</dst>
      <dst id="16">0.9689</dst>
      <dst id="11">21.6711</dst>
      <dst id="9">3.6800</dst>
      <dst id="17">1359.6089</dst>
      <dst id="21">0.9778</dst>
      <dst id="15">0.4267</dst>
    </src>
    <src id="16">
      <dst id="12">2542.4089</dst>
      <dst id="13">130.9778</dst>
      <dst id="19">3863.2622</dst>
      <dst id="23">8.8267</dst>
      <dst id="8">4483.4844</dst>
      <dst id="18">13.5022</dst>
      <dst id="4">6385.4133</dst>
      <dst id="1">17261.4578</dst>
      <dst id="5">3458.0978</dst>
      <dst id="3">0.4622</dst>
      <dst id="7">376.5156</dst>
      <dst id="2">219.9911</dst>
      <dst id="6">0.3556</dst>
      <dst id="16">34.4000</dst>
      <dst id="14">487.8489</dst>
      <dst id="11">3408.8000</dst>
      <dst id="9">5961.9378</dst>
      <dst id="17">2230.6044</dst>
      <dst id="21">1912.7911</dst>
    </src>
    <src id="14">
      <dst id="12">21397.5111</dst>
      <dst id="13">31.7778</dst>
      <dst id="19">6.7733</dst>
      <dst id="23">2.4178</dst>
      <dst id="8">1.0667</dst>
      <dst id="18">2.6222</dst>
      <dst id="4">2042.6222</dst>
      <dst id="1">214.6667</dst>
      <dst id="5">0.4267</dst>
      <dst id="3">64.8978</dst>
      <dst id="22">1.4578</dst>
      <dst id="7">74.7378</dst>
      <dst id="2">7523.2444</dst>
      <dst id="16">33.1200</dst>
      <dst id="20">423.9022</dst>
      <dst id="11">59.1911</dst>
      <dst id="9">4.9156</dst>
      <dst id="17">8606.8622</dst>
      <dst id="21">229.8133</dst>
    </src>
    <src id="20">
      <dst id="12">3598.6311</dst>
      <dst id="13">3536.6756</dst>
      <dst id="19">472.1689</dst>
      <dst id="23">2.2044</dst>
      <dst id="8">76.3644</dst>
      <dst id="18">37.8222</dst>
      <dst id="4">8268.0356</dst>
      <dst id="1">778.7378</dst>
      <dst id="5">10677.5022</dst>
      <dst id="3">149.9200</dst>
      <dst id="7">410.1956</dst>
      <dst id="2">470.2933</dst>
      <dst id="6">0.6222</dst>
      <dst id="14">133.8222</dst>
      <dst id="11">161.1111</dst>
      <dst id="9">2332.2222</dst>
      <dst id="17">687.1556</dst>
      <dst id="21">68.4089</dst>
    </src>
    <src id="11">
      <dst id="12">374935.4578</dst>
      <dst id="13">1982.4178</dst>
      <dst id="19">47.6889</dst>
      <dst id="23">4.3556</dst>
      <dst id="8">228.8178</dst>
      <dst id="18">208.4889</dst>
      <dst id="4">10486.3644</dst>
      <dst id="1">468.7111</dst>
      <dst id="5">1227.5022</dst>
      <dst id="3">393.3244</dst>
      <dst id="22">1938.4622</dst>
      <dst id="7">303.5467</dst>
      <dst id="2">144314.3467</dst>
      <dst id="6">15.7600</dst>
      <dst id="16">186.3022</dst>
      <dst id="14">96.1600</dst>
      <dst id="20">359.0044</dst>
      <dst id="11">1890.3289</dst>
      <dst id="9">1066.4178</dst>
      <dst id="17">141792.7289</dst>
      <dst id="21">691.0933</dst>
      <dst id="15">81.6444</dst>
    </src>
    <src id="9">
      <dst id="12">384015.7600</dst>
      <dst id="13">1314.1244</dst>
      <dst id="19">4.8711</dst>
      <dst id="23">41.8133</dst>
      <dst id="8">11717.2978</dst>
      <dst id="18">30.4978</dst>
      <dst id="4">8250.4356</dst>
      <dst id="1">1026.1956</dst>
      <dst id="5">1169.4133</dst>
      <dst id="3">2.1778</dst>
      <dst id="22">3023.7067</dst>
      <dst id="7">126.9867</dst>
      <dst id="2">139366.4000</dst>
      <dst id="6">13.5111</dst>
      <dst id="16">429.6711</dst>
      <dst id="14">65.7600</dst>
      <dst id="20">697.4133</dst>
      <dst id="11">1347.9111</dst>
      <dst id="9">3980.1333</dst>
      <dst id="17">148298.8178</dst>
      <dst id="21">366.6844</dst>
      <dst id="15">288.7200</dst>
    </src>
    <src id="17">
      <dst id="12">7260.8711</dst>
      <dst id="13">4348.5511</dst>
      <dst id="19">328.8622</dst>
      <dst id="23">175.2889</dst>
      <dst id="8">119310.4800</dst>
      <dst id="18">101.0756</dst>
      <dst id="4">26957.1022</dst>
      <dst id="1">10952.0178</dst>
      <dst id="5">177340.8444</dst>
      <dst id="3">4426.1333</dst>
      <dst id="22">4928.3378</dst>
      <dst id="7">2688.9867</dst>
      <dst id="2">12057.8667</dst>
      <dst id="6">69.6533</dst>
      <dst id="16">4045.4756</dst>
      <dst id="14">51159.5289</dst>
      <dst id="20">339.6800</dst>
      <dst id="11">81360.9156</dst>
      <dst id="9">139933.0756</dst>
      <dst id="17">2026.0622</dst>
      <dst id="21">15702.4978</dst>
      <dst id="15">44.5156</dst>
    </src>
    <src id="21">
      <dst id="12">22743.8756</dst>
      <dst id="13">1099.1911</dst>
      <dst id="19">132.2311</dst>
      <dst id="23">9.6533</dst>
      <dst id="8">7.3867</dst>
      <dst id="18">139.3511</dst>
      <dst id="4">10703.6178</dst>
      <dst id="1">1981.4844</dst>
      <dst id="5">407.2800</dst>
      <dst id="3">929.9556</dst>
      <dst id="22">770.9600</dst>
      <dst id="7">1265.0756</dst>
      <dst id="2">13071.3244</dst>
      <dst id="6">25.1467</dst>
      <dst id="16">186.8267</dst>
      <dst id="14">110.8178</dst>
      <dst id="20">321.1111</dst>
      <dst id="11">895.5289</dst>
      <dst id="9">627.5022</dst>
      <dst id="17">7136.4000</dst>
      <dst id="21">475.0578</dst>
      <dst id="15">48.8622</dst>
    </src>
    <src id="15">
      <dst id="12">4396.0533</dst>
      <dst id="13">438.6133</dst>
      <dst id="8">267.2267</dst>
      <dst id="18">23.3956</dst>
      <dst id="4">1139.3956</dst>
      <dst id="1">830.3556</dst>
      <dst id="5">124.9600</dst>
      <dst id="3">13.6089</dst>
      <dst id="7">12.4089</dst>
      <dst id="2">1662.1600</dst>
      <dst id="6">0.3556</dst>
      <dst id="11">154.6400</dst>
      <dst id="9">370.9333</dst>
      <dst id="17">372.6578</dst>
      <dst id="21">20.0800</dst>
    </src>
  </IntraTM>
</TrafficMatrixFile>
