<?xml version="1.0" encoding="UTF-8" standalone="yes"?>
<TrafficMatrixFile xmlns:xsi="http://www.w3.org/2001/XMLSchema-instance" xsi:noNamespaceSchemaLocation="http://totem.run.montefiore.ulg.ac.be/Schema/TrafficMatrix-v1_2.xsd">
  <info>
    <title>Intradomain traffic matrix generated by geant-TM-all.pl</title>
    <date>2005-01-01T02:30:00</date>
    <duration>900</duration>
    <author>Steve Uhlig</author>
    <units>
        <unit type="bandwidth" value="kbps"/>
    </units>
  </info>
  <IntraTM ASID="20965">
    <src id="12">
      <dst id="12">313401.9111</dst>
      <dst id="13">30642.0800</dst>
      <dst id="19">4945.3067</dst>
      <dst id="23">2896.4978</dst>
      <dst id="8">7294.7200</dst>
      <dst id="18">2740.7289</dst>
      <dst id="4">131465.9822</dst>
      <dst id="1">8779.1733</dst>
      <dst id="5">7706.7111</dst>
      <dst id="3">5442.0622</dst>
      <dst id="22">17656.5333</dst>
      <dst id="7">13360.7111</dst>
      <dst id="2">96727.6533</dst>
      <dst id="6">60.8267</dst>
      <dst id="16">8951.4756</dst>
      <dst id="14">3672.6844</dst>
      <dst id="20">7417.3422</dst>
      <dst id="11">7399.8489</dst>
      <dst id="9">14710.3556</dst>
      <dst id="17">75366.3733</dst>
      <dst id="21">20447.3333</dst>
      <dst id="15">3898.7200</dst>
    </src>
    <src id="13">
      <dst id="12">73714.5244</dst>
      <dst id="19">9429.6800</dst>
      <dst id="23">192.1511</dst>
      <dst id="8">5400.9778</dst>
      <dst id="18">8468.1511</dst>
      <dst id="4">0.7111</dst>
      <dst id="1">16152.5244</dst>
      <dst id="5">18905.4844</dst>
      <dst id="3">20549.9822</dst>
      <dst id="22">27064.3378</dst>
      <dst id="7">22693.5556</dst>
      <dst id="2">141183.8489</dst>
      <dst id="6">113.8222</dst>
      <dst id="16">15783.3956</dst>
      <dst id="14">4211.8667</dst>
      <dst id="20">24816.1511</dst>
      <dst id="11">17025.7689</dst>
      <dst id="9">14034.2044</dst>
      <dst id="17">139163.5644</dst>
      <dst id="21">43119.7956</dst>
      <dst id="15">5572.2933</dst>
    </src>
    <src id="19">
      <dst id="12">14169.6622</dst>
      <dst id="13">3219.3333</dst>
      <dst id="23">194.0178</dst>
      <dst id="8">3.9289</dst>
      <dst id="18">119.7689</dst>
      <dst id="4">21757.0667</dst>
      <dst id="1">223.8133</dst>
      <dst id="5">53.5822</dst>
      <dst id="3">708.9867</dst>
      <dst id="22">140.3556</dst>
      <dst id="7">4107.5911</dst>
      <dst id="2">10026.5600</dst>
      <dst id="6">162.1067</dst>
      <dst id="16">6174.9511</dst>
      <dst id="14">15.3422</dst>
      <dst id="20">176.1422</dst>
      <dst id="11">29.0667</dst>
      <dst id="9">365.6089</dst>
      <dst id="17">1286.5156</dst>
      <dst id="21">552.7733</dst>
      <dst id="15">1.2089</dst>
    </src>
    <src id="23">
      <dst id="12">566.6667</dst>
      <dst id="13">170.0267</dst>
      <dst id="19">58.4178</dst>
      <dst id="8">1862.8711</dst>
      <dst id="18">925.8222</dst>
      <dst id="4">174.3644</dst>
      <dst id="1">337.3778</dst>
      <dst id="5">48.8356</dst>
      <dst id="3">1206.1689</dst>
      <dst id="22">403.1644</dst>
      <dst id="7">1755.1467</dst>
      <dst id="2">4.3378</dst>
      <dst id="6">1.0311</dst>
      <dst id="16">101.3867</dst>
      <dst id="14">37.5111</dst>
      <dst id="20">333.0133</dst>
      <dst id="11">76.8000</dst>
      <dst id="9">236.4089</dst>
      <dst id="17">1882.8622</dst>
      <dst id="21">1252.5600</dst>
      <dst id="15">13.7600</dst>
    </src>
    <src id="8">
      <dst id="12">384646.7200</dst>
      <dst id="13">1603.8756</dst>
      <dst id="19">51.5911</dst>
      <dst id="23">66.5600</dst>
      <dst id="18">31.4133</dst>
      <dst id="4">8038.4800</dst>
      <dst id="1">801.8222</dst>
      <dst id="5">8811.8222</dst>
      <dst id="3">376.7200</dst>
      <dst id="22">1487.0133</dst>
      <dst id="7">71.3067</dst>
      <dst id="2">139408.7733</dst>
      <dst id="6">65.5022</dst>
      <dst id="16">5224.6489</dst>
      <dst id="20">6121.3511</dst>
      <dst id="11">869.9467</dst>
      <dst id="9">441.7689</dst>
      <dst id="17">93821.7511</dst>
      <dst id="21">422.6667</dst>
      <dst id="15">87.8311</dst>
    </src>
    <src id="18">
      <dst id="12">143870.2133</dst>
      <dst id="13">702.3378</dst>
      <dst id="19">581.0756</dst>
      <dst id="23">41.1022</dst>
      <dst id="8">116.5422</dst>
      <dst id="4">2989.4667</dst>
      <dst id="1">941.9111</dst>
      <dst id="5">219.1911</dst>
      <dst id="3">96.8178</dst>
      <dst id="22">850.5156</dst>
      <dst id="7">1177.7422</dst>
      <dst id="2">43883.2089</dst>
      <dst id="16">78.1689</dst>
      <dst id="14">80.9422</dst>
      <dst id="20">68.1333</dst>
      <dst id="11">425.2267</dst>
      <dst id="9">263.3244</dst>
      <dst id="17">33387.3156</dst>
      <dst id="21">2290.1156</dst>
      <dst id="15">75.1111</dst>
    </src>
    <src id="4">
      <dst id="12">16846.6133</dst>
      <dst id="19">9494.1689</dst>
      <dst id="23">49.1022</dst>
      <dst id="8">924.9956</dst>
      <dst id="18">2654.2222</dst>
      <dst id="4">3.1911</dst>
      <dst id="1">3302.6222</dst>
      <dst id="5">5262.3911</dst>
      <dst id="3">36736.2578</dst>
      <dst id="22">6923.2889</dst>
      <dst id="7">38767.2089</dst>
      <dst id="2">59035.2178</dst>
      <dst id="6">2.4711</dst>
      <dst id="16">1770.7467</dst>
      <dst id="14">2013.9200</dst>
      <dst id="20">3062.2844</dst>
      <dst id="11">5205.6178</dst>
      <dst id="9">8765.4133</dst>
      <dst id="17">130516.2044</dst>
      <dst id="21">15199.0489</dst>
      <dst id="15">251.1200</dst>
    </src>
    <src id="1">
      <dst id="12">17949.6267</dst>
      <dst id="13">14517.5289</dst>
      <dst id="19">3416.0356</dst>
      <dst id="23">77.3956</dst>
      <dst id="8">152790.2578</dst>
      <dst id="18">15261.0667</dst>
      <dst id="4">36402.4178</dst>
      <dst id="1">73.3422</dst>
      <dst id="5">282404.3822</dst>
      <dst id="3">67639.4311</dst>
      <dst id="22">4022.4622</dst>
      <dst id="7">25011.2178</dst>
      <dst id="2">4953.1378</dst>
      <dst id="6">7970.1689</dst>
      <dst id="16">14689.4311</dst>
      <dst id="14">5818.4711</dst>
      <dst id="20">440.6311</dst>
      <dst id="11">1369.6444</dst>
      <dst id="9">277367.2800</dst>
      <dst id="17">3353.0667</dst>
      <dst id="21">27773.1556</dst>
      <dst id="15">8286.9422</dst>
    </src>
    <src id="5">
      <dst id="12">438570.8444</dst>
      <dst id="13">12858.8356</dst>
      <dst id="19">27.9022</dst>
      <dst id="23">135.7422</dst>
      <dst id="8">23392.7022</dst>
      <dst id="18">732.6222</dst>
      <dst id="4">10957.2622</dst>
      <dst id="1">35.2533</dst>
      <dst id="3">1096.6133</dst>
      <dst id="22">5082.1778</dst>
      <dst id="7">346.2311</dst>
      <dst id="2">189148.9956</dst>
      <dst id="6">0.9067</dst>
      <dst id="16">1288.8800</dst>
      <dst id="14">539.1289</dst>
      <dst id="20">6118.8089</dst>
      <dst id="11">4194.4533</dst>
      <dst id="9">2507.7511</dst>
      <dst id="17">91158.1156</dst>
      <dst id="21">1102.0978</dst>
      <dst id="15">384.3556</dst>
    </src>
    <src id="3">
      <dst id="12">16381.2978</dst>
      <dst id="13">1504.0533</dst>
      <dst id="19">1304.3733</dst>
      <dst id="23">210.5778</dst>
      <dst id="8">132.3111</dst>
      <dst id="18">175305.1022</dst>
      <dst id="4">77044.7200</dst>
      <dst id="1">30147.1200</dst>
      <dst id="5">705.7156</dst>
      <dst id="3">20383.6267</dst>
      <dst id="22">744.9156</dst>
      <dst id="7">1876.2222</dst>
      <dst id="2">9019.7422</dst>
      <dst id="6">13.6533</dst>
      <dst id="16">1589.0844</dst>
      <dst id="14">45784.4000</dst>
      <dst id="20">203.4667</dst>
      <dst id="11">179893.2444</dst>
      <dst id="9">912.0444</dst>
      <dst id="17">10061.2089</dst>
      <dst id="21">11241.8844</dst>
      <dst id="15">124.1600</dst>
    </src>
    <src id="10">
      <dst id="12">19912.1511</dst>
      <dst id="19">3942.1867</dst>
      <dst id="8">2068.0444</dst>
      <dst id="18">8018.6756</dst>
      <dst id="1">2838.7200</dst>
      <dst id="5">2516.4711</dst>
      <dst id="3">6035.2089</dst>
      <dst id="22">9534.0089</dst>
      <dst id="7">13700.0889</dst>
      <dst id="2">47362.3644</dst>
      <dst id="6">17.5556</dst>
      <dst id="16">1458.9867</dst>
      <dst id="14">3128.2578</dst>
      <dst id="20">3538.1956</dst>
      <dst id="11">6772.7911</dst>
      <dst id="9">5328.5156</dst>
      <dst id="17">33258.9244</dst>
      <dst id="21">26089.6444</dst>
      <dst id="15">857.2444</dst>
    </src>
    <src id="22">
      <dst id="12">7745.1556</dst>
      <dst id="13">3300.5333</dst>
      <dst id="19">80.5511</dst>
      <dst id="23">74.2311</dst>
      <dst id="8">2419.9022</dst>
      <dst id="18">1446.3911</dst>
      <dst id="4">28670.9422</dst>
      <dst id="1">175.0933</dst>
      <dst id="5">5796.0356</dst>
      <dst id="3">4174.8267</dst>
      <dst id="7">1532.6489</dst>
      <dst id="2">6483.1911</dst>
      <dst id="6">26.0444</dst>
      <dst id="16">1.2356</dst>
      <dst id="14">16.3111</dst>
      <dst id="11">5258.2222</dst>
      <dst id="9">17133.8578</dst>
      <dst id="17">8208.6933</dst>
      <dst id="21">2167.5467</dst>
    </src>
    <src id="7">
      <dst id="12">10299.9644</dst>
      <dst id="13">700.4089</dst>
      <dst id="19">961.7067</dst>
      <dst id="23">523.4222</dst>
      <dst id="8">1383.3067</dst>
      <dst id="18">1865.8578</dst>
      <dst id="4">23464.4711</dst>
      <dst id="1">21662.5956</dst>
      <dst id="5">2166.7022</dst>
      <dst id="3">12126.0889</dst>
      <dst id="22">3528.3644</dst>
      <dst id="7">636.3911</dst>
      <dst id="2">10486.1244</dst>
      <dst id="6">80.5956</dst>
      <dst id="16">931.2356</dst>
      <dst id="14">2286.4800</dst>
      <dst id="20">1119.5111</dst>
      <dst id="11">3952.3289</dst>
      <dst id="9">1814.3467</dst>
      <dst id="17">13022.7556</dst>
      <dst id="21">6911.7422</dst>
      <dst id="15">760.4444</dst>
    </src>
    <src id="2">
      <dst id="12">140953.4667</dst>
      <dst id="13">12205.1556</dst>
      <dst id="19">2426.0622</dst>
      <dst id="23">1.7689</dst>
      <dst id="8">524.1511</dst>
      <dst id="18">138399.8667</dst>
      <dst id="4">140185.2889</dst>
      <dst id="1">9705.2356</dst>
      <dst id="5">3626.8622</dst>
      <dst id="3">10258.0444</dst>
      <dst id="22">5535.2800</dst>
      <dst id="7">4954.4889</dst>
      <dst id="2">2424.6756</dst>
      <dst id="6">9684.2222</dst>
      <dst id="16">11593.2444</dst>
      <dst id="14">252.3378</dst>
      <dst id="20">2334.4711</dst>
      <dst id="11">3161.0044</dst>
      <dst id="9">1464.4267</dst>
      <dst id="17">33607.1644</dst>
      <dst id="21">9477.0133</dst>
      <dst id="15">616.4267</dst>
    </src>
    <src id="6">
      <dst id="12">12000.8889</dst>
      <dst id="13">16.4089</dst>
      <dst id="19">26.3111</dst>
      <dst id="23">24.0889</dst>
      <dst id="8">2.1333</dst>
      <dst id="18">43.9289</dst>
      <dst id="4">174.4444</dst>
      <dst id="1">0.7111</dst>
      <dst id="3">190.2667</dst>
      <dst id="22">1.0844</dst>
      <dst id="7">52.5244</dst>
      <dst id="2">2692.3022</dst>
      <dst id="16">0.8444</dst>
      <dst id="20">0.5156</dst>
      <dst id="11">12.2844</dst>
      <dst id="9">0.3378</dst>
      <dst id="17">1408.5244</dst>
      <dst id="21">149.3333</dst>
    </src>
    <src id="16">
      <dst id="12">3913.0756</dst>
      <dst id="13">1028.7822</dst>
      <dst id="19">4316.4178</dst>
      <dst id="23">122.7289</dst>
      <dst id="8">5286.7467</dst>
      <dst id="18">648.7556</dst>
      <dst id="4">6841.8044</dst>
      <dst id="1">15894.2044</dst>
      <dst id="5">4348.7200</dst>
      <dst id="3">1396.0267</dst>
      <dst id="7">430.9333</dst>
      <dst id="2">1853.2711</dst>
      <dst id="6">0.8267</dst>
      <dst id="16">53.0400</dst>
      <dst id="14">129.4933</dst>
      <dst id="11">279.9911</dst>
      <dst id="9">12205.8489</dst>
      <dst id="17">11767.2089</dst>
      <dst id="21">419.2800</dst>
    </src>
    <src id="14">
      <dst id="12">18995.1644</dst>
      <dst id="13">67.2800</dst>
      <dst id="19">5.3156</dst>
      <dst id="23">3.2978</dst>
      <dst id="18">59.5022</dst>
      <dst id="4">3470.8444</dst>
      <dst id="1">200.8444</dst>
      <dst id="5">12.9422</dst>
      <dst id="3">112.4089</dst>
      <dst id="22">61.9289</dst>
      <dst id="7">124.8711</dst>
      <dst id="2">5233.6533</dst>
      <dst id="16">18.2222</dst>
      <dst id="20">26.9244</dst>
      <dst id="11">24.9689</dst>
      <dst id="9">83.2978</dst>
      <dst id="17">5292.5867</dst>
      <dst id="21">302.9689</dst>
      <dst id="15">12.6222</dst>
    </src>
    <src id="20">
      <dst id="12">9673.8844</dst>
      <dst id="13">17991.0844</dst>
      <dst id="19">35.7778</dst>
      <dst id="23">281.5644</dst>
      <dst id="8">6129.4756</dst>
      <dst id="18">258.2400</dst>
      <dst id="4">14736.5600</dst>
      <dst id="1">3472.9600</dst>
      <dst id="5">4339.7067</dst>
      <dst id="3">9057.1556</dst>
      <dst id="7">1421.1022</dst>
      <dst id="2">5051.7867</dst>
      <dst id="6">0.4356</dst>
      <dst id="14">2.1333</dst>
      <dst id="11">2066.4089</dst>
      <dst id="9">3728.1600</dst>
      <dst id="17">13703.4578</dst>
      <dst id="21">710.3200</dst>
    </src>
    <src id="11">
      <dst id="12">424191.4311</dst>
      <dst id="13">1588.7022</dst>
      <dst id="19">87.0222</dst>
      <dst id="23">74.8267</dst>
      <dst id="8">582.4978</dst>
      <dst id="18">2963.5556</dst>
      <dst id="4">17735.2356</dst>
      <dst id="1">4752.5511</dst>
      <dst id="5">1844.9867</dst>
      <dst id="3">3143.2089</dst>
      <dst id="22">1660.6489</dst>
      <dst id="7">963.3156</dst>
      <dst id="2">172068.5511</dst>
      <dst id="6">1.2356</dst>
      <dst id="16">493.0489</dst>
      <dst id="14">66.6400</dst>
      <dst id="20">1075.7867</dst>
      <dst id="11">1829.4933</dst>
      <dst id="9">2161.4400</dst>
      <dst id="17">103185.6178</dst>
      <dst id="21">3852.8711</dst>
      <dst id="15">227.5644</dst>
    </src>
    <src id="9">
      <dst id="12">456328.4889</dst>
      <dst id="13">24190.8978</dst>
      <dst id="19">167.8400</dst>
      <dst id="23">51.0756</dst>
      <dst id="8">1140.8356</dst>
      <dst id="18">864.1511</dst>
      <dst id="4">10771.6622</dst>
      <dst id="1">162.9956</dst>
      <dst id="5">1592.2756</dst>
      <dst id="3">575.5200</dst>
      <dst id="22">4795.1022</dst>
      <dst id="7">967.5289</dst>
      <dst id="2">173888.9333</dst>
      <dst id="6">1.1822</dst>
      <dst id="16">1219.9644</dst>
      <dst id="14">12.7822</dst>
      <dst id="20">1714.7467</dst>
      <dst id="11">990.0444</dst>
      <dst id="9">864.4267</dst>
      <dst id="17">105887.2622</dst>
      <dst id="21">1264.6933</dst>
      <dst id="15">1669.6978</dst>
    </src>
    <src id="17">
      <dst id="12">9579.4667</dst>
      <dst id="13">2715.8222</dst>
      <dst id="19">15589.2000</dst>
      <dst id="23">423.8578</dst>
      <dst id="8">175582.1422</dst>
      <dst id="18">768.9156</dst>
      <dst id="4">87929.1467</dst>
      <dst id="1">2219.8667</dst>
      <dst id="5">267053.8844</dst>
      <dst id="3">23942.1244</dst>
      <dst id="22">10531.2000</dst>
      <dst id="7">8943.3511</dst>
      <dst id="2">53444.7467</dst>
      <dst id="6">165.9822</dst>
      <dst id="16">15847.1200</dst>
      <dst id="14">46382.6844</dst>
      <dst id="20">1766.5067</dst>
      <dst id="11">138661.2356</dst>
      <dst id="9">250415.4400</dst>
      <dst id="17">1495.1289</dst>
      <dst id="21">35760.6489</dst>
      <dst id="15">582.7022</dst>
    </src>
    <src id="21">
      <dst id="12">28014.0444</dst>
      <dst id="13">1669.2622</dst>
      <dst id="19">825.4311</dst>
      <dst id="23">189.5556</dst>
      <dst id="8">459.9111</dst>
      <dst id="18">2148.9778</dst>
      <dst id="4">30046.7022</dst>
      <dst id="1">2317.3511</dst>
      <dst id="5">1843.9378</dst>
      <dst id="3">2941.6711</dst>
      <dst id="22">2024.2667</dst>
      <dst id="7">2437.2800</dst>
      <dst id="2">14309.1378</dst>
      <dst id="6">12.5422</dst>
      <dst id="16">279.7067</dst>
      <dst id="14">151.7867</dst>
      <dst id="20">1010.5244</dst>
      <dst id="11">1085.2711</dst>
      <dst id="9">1222.2400</dst>
      <dst id="17">5534.9422</dst>
      <dst id="21">3391.0756</dst>
      <dst id="15">320.1511</dst>
    </src>
    <src id="15">
      <dst id="12">521.2000</dst>
      <dst id="13">318.8978</dst>
      <dst id="19">3.9644</dst>
      <dst id="23">2.7200</dst>
      <dst id="8">279.5022</dst>
      <dst id="18">130.3467</dst>
      <dst id="4">2424.5511</dst>
      <dst id="1">11988.5156</dst>
      <dst id="5">554.7822</dst>
      <dst id="3">1113.1111</dst>
      <dst id="7">12.6756</dst>
      <dst id="2">411.5733</dst>
      <dst id="11">75.3067</dst>
      <dst id="9">627.7867</dst>
      <dst id="17">2600.3556</dst>
      <dst id="21">179.5111</dst>
    </src>
  </IntraTM>
</TrafficMatrixFile>
