<?xml version="1.0" encoding="UTF-8" standalone="yes"?>
<TrafficMatrixFile xmlns:xsi="http://www.w3.org/2001/XMLSchema-instance" xsi:noNamespaceSchemaLocation="http://totem.run.montefiore.ulg.ac.be/Schema/TrafficMatrix-v1_2.xsd">
  <info>
    <title>Intradomain traffic matrix generated by geant-TM-all.pl</title>
    <date>2005-01-04T12:45:00</date>
    <duration>900</duration>
    <author>Steve Uhlig</author>
    <units>
        <unit type="bandwidth" value="kbps"/>
    </units>
  </info>
  <IntraTM ASID="20965">
    <src id="12">
      <dst id="12">175572.8711</dst>
      <dst id="13">13639.3600</dst>
      <dst id="19">1357.0222</dst>
      <dst id="23">11.6089</dst>
      <dst id="8">1909.7067</dst>
      <dst id="18">459.7867</dst>
      <dst id="4">65941.8400</dst>
      <dst id="1">17199.5822</dst>
      <dst id="5">1045.1111</dst>
      <dst id="3">2438.0711</dst>
      <dst id="22">10797.1111</dst>
      <dst id="7">1458.6044</dst>
      <dst id="2">61063.6889</dst>
      <dst id="6">16.9244</dst>
      <dst id="16">5402.5422</dst>
      <dst id="14">187.2533</dst>
      <dst id="20">3779.0489</dst>
      <dst id="11">3864.7200</dst>
      <dst id="9">4545.4756</dst>
      <dst id="17">67296.9333</dst>
      <dst id="21">2455.2356</dst>
      <dst id="15">457.5644</dst>
    </src>
    <src id="13">
      <dst id="12">32781.3600</dst>
      <dst id="19">4592.2400</dst>
      <dst id="23">16.5689</dst>
      <dst id="8">675.1289</dst>
      <dst id="18">6572.9333</dst>
      <dst id="1">1376.7644</dst>
      <dst id="5">4951.0311</dst>
      <dst id="3">4929.6622</dst>
      <dst id="22">12623.9822</dst>
      <dst id="7">5183.6711</dst>
      <dst id="2">74239.0667</dst>
      <dst id="6">94.0444</dst>
      <dst id="16">9840.4356</dst>
      <dst id="14">4793.5378</dst>
      <dst id="20">2301.7867</dst>
      <dst id="11">6008.8978</dst>
      <dst id="9">8293.4844</dst>
      <dst id="17">37909.9467</dst>
      <dst id="21">8409.1733</dst>
      <dst id="15">453.6356</dst>
    </src>
    <src id="19">
      <dst id="12">12901.2267</dst>
      <dst id="13">479.2444</dst>
      <dst id="23">1.2978</dst>
      <dst id="8">36.6756</dst>
      <dst id="18">6.7556</dst>
      <dst id="4">20284.4889</dst>
      <dst id="1">171.0933</dst>
      <dst id="5">28.3378</dst>
      <dst id="22">110.4444</dst>
      <dst id="7">2417.6267</dst>
      <dst id="2">38.7200</dst>
      <dst id="6">22.4800</dst>
      <dst id="16">23459.0311</dst>
      <dst id="20">0.3556</dst>
      <dst id="11">68.1689</dst>
      <dst id="9">96.1778</dst>
      <dst id="17">3014.8622</dst>
      <dst id="21">341.1733</dst>
    </src>
    <src id="23">
      <dst id="12">332.4089</dst>
      <dst id="13">38.2933</dst>
      <dst id="19">13.7956</dst>
      <dst id="8">12.6222</dst>
      <dst id="18">25.9556</dst>
      <dst id="4">31.6889</dst>
      <dst id="1">76.9422</dst>
      <dst id="5">1.6356</dst>
      <dst id="3">224.7022</dst>
      <dst id="22">23.0489</dst>
      <dst id="7">66.0889</dst>
      <dst id="2">87.1289</dst>
      <dst id="6">0.3378</dst>
      <dst id="16">17.4667</dst>
      <dst id="14">1.2089</dst>
      <dst id="20">14.3644</dst>
      <dst id="11">28.8978</dst>
      <dst id="9">287.4756</dst>
      <dst id="17">232.7111</dst>
      <dst id="21">53.5378</dst>
      <dst id="15">26.6667</dst>
    </src>
    <src id="8">
      <dst id="12">236316.2311</dst>
      <dst id="13">550.1156</dst>
      <dst id="19">1684.1600</dst>
      <dst id="18">1.5289</dst>
      <dst id="4">8912.3911</dst>
      <dst id="1">10.6844</dst>
      <dst id="5">710.7022</dst>
      <dst id="22">565.0844</dst>
      <dst id="7">778.7644</dst>
      <dst id="2">86624.0267</dst>
      <dst id="16">97.7778</dst>
      <dst id="20">19.1200</dst>
      <dst id="11">143.7867</dst>
      <dst id="9">787.5200</dst>
      <dst id="17">95726.3644</dst>
      <dst id="21">152.9867</dst>
      <dst id="15">34.0178</dst>
    </src>
    <src id="18">
      <dst id="12">88174.5067</dst>
      <dst id="13">134.8711</dst>
      <dst id="19">3.3867</dst>
      <dst id="23">0.9244</dst>
      <dst id="8">8.1511</dst>
      <dst id="4">1869.7244</dst>
      <dst id="1">980.8533</dst>
      <dst id="5">148.3644</dst>
      <dst id="3">1.3244</dst>
      <dst id="22">81.8400</dst>
      <dst id="7">45.6800</dst>
      <dst id="2">22537.4044</dst>
      <dst id="16">29.5822</dst>
      <dst id="20">1.3511</dst>
      <dst id="11">44.4356</dst>
      <dst id="9">391.4044</dst>
      <dst id="17">32433.5644</dst>
      <dst id="21">136.0978</dst>
    </src>
    <src id="4">
      <dst id="12">8699.9733</dst>
      <dst id="19">15395.0133</dst>
      <dst id="8">2414.3733</dst>
      <dst id="18">1987.2622</dst>
      <dst id="4">1.1289</dst>
      <dst id="1">42534.2933</dst>
      <dst id="5">1756.1422</dst>
      <dst id="3">633.3067</dst>
      <dst id="22">2257.2000</dst>
      <dst id="7">127608.2222</dst>
      <dst id="2">56250.8533</dst>
      <dst id="6">144.4622</dst>
      <dst id="16">716.5956</dst>
      <dst id="14">561.6889</dst>
      <dst id="20">163.5111</dst>
      <dst id="11">2865.4133</dst>
      <dst id="9">3322.3556</dst>
      <dst id="17">19072.7911</dst>
      <dst id="21">5109.5200</dst>
      <dst id="15">292.1067</dst>
    </src>
    <src id="1">
      <dst id="12">15544.5867</dst>
      <dst id="13">235.0133</dst>
      <dst id="19">192.1600</dst>
      <dst id="23">38.3644</dst>
      <dst id="8">56967.2711</dst>
      <dst id="18">13174.2133</dst>
      <dst id="4">7757.2444</dst>
      <dst id="1">4780.5778</dst>
      <dst id="5">109723.5556</dst>
      <dst id="3">140.8000</dst>
      <dst id="22">821.2000</dst>
      <dst id="7">1019.0667</dst>
      <dst id="2">1953.0667</dst>
      <dst id="6">4661.1467</dst>
      <dst id="16">12035.4400</dst>
      <dst id="14">74.8089</dst>
      <dst id="20">38.2044</dst>
      <dst id="11">475.9733</dst>
      <dst id="9">117937.9822</dst>
      <dst id="17">1479.1111</dst>
      <dst id="21">1972.5600</dst>
      <dst id="15">71.9644</dst>
    </src>
    <src id="5">
      <dst id="12">209634.2489</dst>
      <dst id="13">1038.4978</dst>
      <dst id="19">1.0667</dst>
      <dst id="8">72.9511</dst>
      <dst id="18">594.1511</dst>
      <dst id="4">5692.6489</dst>
      <dst id="1">381.9200</dst>
      <dst id="3">18.4444</dst>
      <dst id="22">1840.9778</dst>
      <dst id="7">72.3289</dst>
      <dst id="2">80325.2622</dst>
      <dst id="6">0.3556</dst>
      <dst id="16">215.8311</dst>
      <dst id="14">2.6667</dst>
      <dst id="20">238.0622</dst>
      <dst id="11">723.8933</dst>
      <dst id="9">567.4222</dst>
      <dst id="17">78008.6578</dst>
      <dst id="21">221.7689</dst>
      <dst id="15">130.6756</dst>
    </src>
    <src id="3">
      <dst id="12">7310.6756</dst>
      <dst id="13">315.3067</dst>
      <dst id="19">523.3067</dst>
      <dst id="23">10625.4667</dst>
      <dst id="8">27.3778</dst>
      <dst id="18">47242.2044</dst>
      <dst id="4">17079.0400</dst>
      <dst id="1">4304.8533</dst>
      <dst id="5">417.2267</dst>
      <dst id="3">7598.7022</dst>
      <dst id="22">693.1822</dst>
      <dst id="7">3548.8000</dst>
      <dst id="2">6434.2667</dst>
      <dst id="6">2.0711</dst>
      <dst id="16">534.7822</dst>
      <dst id="14">13220.0356</dst>
      <dst id="20">10.9067</dst>
      <dst id="11">82882.1511</dst>
      <dst id="9">136.0711</dst>
      <dst id="17">4083.5378</dst>
      <dst id="21">4094.9600</dst>
      <dst id="15">33.4489</dst>
    </src>
    <src id="10">
      <dst id="12">8443.3244</dst>
      <dst id="19">10859.8222</dst>
      <dst id="8">249.8222</dst>
      <dst id="18">2594.8533</dst>
      <dst id="1">3076.6489</dst>
      <dst id="5">409.5200</dst>
      <dst id="3">3393.9467</dst>
      <dst id="22">6806.9067</dst>
      <dst id="7">106013.2089</dst>
      <dst id="2">16556.5422</dst>
      <dst id="16">687.0667</dst>
      <dst id="14">251.2000</dst>
      <dst id="20">4215.9822</dst>
      <dst id="11">1638.5511</dst>
      <dst id="9">3635.5022</dst>
      <dst id="17">21422.7644</dst>
      <dst id="21">7145.0667</dst>
      <dst id="15">118.8267</dst>
    </src>
    <src id="22">
      <dst id="12">5472.8889</dst>
      <dst id="13">1071.7600</dst>
      <dst id="19">6.0444</dst>
      <dst id="23">15.2267</dst>
      <dst id="8">482.9956</dst>
      <dst id="18">254.7467</dst>
      <dst id="4">13348.3556</dst>
      <dst id="1">274.8711</dst>
      <dst id="5">1563.8133</dst>
      <dst id="3">514.6133</dst>
      <dst id="7">153.1644</dst>
      <dst id="2">1500.2311</dst>
      <dst id="6">40.4089</dst>
      <dst id="16">0.4267</dst>
      <dst id="14">26.3822</dst>
      <dst id="11">1131.2444</dst>
      <dst id="9">7056.5600</dst>
      <dst id="17">1904.6578</dst>
      <dst id="21">606.9422</dst>
    </src>
    <src id="7">
      <dst id="12">2090.7822</dst>
      <dst id="13">420.7200</dst>
      <dst id="19">33.2267</dst>
      <dst id="23">20.1600</dst>
      <dst id="8">131.2444</dst>
      <dst id="18">74.6933</dst>
      <dst id="4">40126.5067</dst>
      <dst id="1">1983.6000</dst>
      <dst id="5">830.9956</dst>
      <dst id="3">267.5111</dst>
      <dst id="22">3970.5867</dst>
      <dst id="7">718.5778</dst>
      <dst id="2">6233.2800</dst>
      <dst id="6">13.8489</dst>
      <dst id="16">790.9867</dst>
      <dst id="14">57.7244</dst>
      <dst id="20">635.6444</dst>
      <dst id="11">325.2889</dst>
      <dst id="9">536.0089</dst>
      <dst id="17">5842.9689</dst>
      <dst id="21">1396.6311</dst>
      <dst id="15">83.1111</dst>
    </src>
    <src id="2">
      <dst id="12">46579.4756</dst>
      <dst id="13">503575.3067</dst>
      <dst id="19">34.4711</dst>
      <dst id="8">35.2889</dst>
      <dst id="18">38738.2222</dst>
      <dst id="4">89098.6222</dst>
      <dst id="1">3637.5911</dst>
      <dst id="5">2738.8800</dst>
      <dst id="3">29.6800</dst>
      <dst id="22">1016.8533</dst>
      <dst id="7">2384.3200</dst>
      <dst id="2">7747.6178</dst>
      <dst id="6">5795.3333</dst>
      <dst id="16">3879.6356</dst>
      <dst id="14">5297.0489</dst>
      <dst id="20">166.6311</dst>
      <dst id="11">6022.2756</dst>
      <dst id="9">915.9644</dst>
      <dst id="17">53515.9733</dst>
      <dst id="21">959.6444</dst>
      <dst id="15">29.6800</dst>
    </src>
    <src id="6">
      <dst id="12">7674.0356</dst>
      <dst id="13">5.4933</dst>
      <dst id="19">0.6933</dst>
      <dst id="23">0.6756</dst>
      <dst id="18">0.3378</dst>
      <dst id="4">1058.4889</dst>
      <dst id="1">0.3378</dst>
      <dst id="5">11.7956</dst>
      <dst id="22">10.0267</dst>
      <dst id="7">1.5467</dst>
      <dst id="2">2142.4978</dst>
      <dst id="16">13.1556</dst>
      <dst id="20">12.8000</dst>
      <dst id="11">0.9067</dst>
      <dst id="9">0.3378</dst>
      <dst id="17">1036.6844</dst>
      <dst id="21">0.3556</dst>
    </src>
    <src id="16">
      <dst id="12">1794.5156</dst>
      <dst id="13">156.1778</dst>
      <dst id="19">5153.8578</dst>
      <dst id="23">60.2578</dst>
      <dst id="8">840.1956</dst>
      <dst id="18">26.0711</dst>
      <dst id="4">6974.0889</dst>
      <dst id="1">19714.1156</dst>
      <dst id="5">517.8400</dst>
      <dst id="3">0.9156</dst>
      <dst id="7">1214.6933</dst>
      <dst id="2">179.0756</dst>
      <dst id="6">43.5467</dst>
      <dst id="16">13.3600</dst>
      <dst id="14">0.4267</dst>
      <dst id="11">126.7378</dst>
      <dst id="9">943.3511</dst>
      <dst id="17">1275.6978</dst>
      <dst id="21">2817.1111</dst>
    </src>
    <src id="14">
      <dst id="12">13792.8889</dst>
      <dst id="13">51.2444</dst>
      <dst id="19">6.3111</dst>
      <dst id="18">1.0667</dst>
      <dst id="4">3608.0978</dst>
      <dst id="1">48.4978</dst>
      <dst id="5">41.1022</dst>
      <dst id="3">40.4178</dst>
      <dst id="7">40.8089</dst>
      <dst id="2">4439.8844</dst>
      <dst id="16">1.6622</dst>
      <dst id="20">0.4978</dst>
      <dst id="11">34.9244</dst>
      <dst id="9">1.8044</dst>
      <dst id="17">3756.8000</dst>
      <dst id="21">97.9733</dst>
    </src>
    <src id="20">
      <dst id="12">1041.9378</dst>
      <dst id="13">264.4356</dst>
      <dst id="19">0.9422</dst>
      <dst id="23">0.9244</dst>
      <dst id="8">115.4133</dst>
      <dst id="18">1.2800</dst>
      <dst id="4">6807.7867</dst>
      <dst id="1">24.9333</dst>
      <dst id="5">181.2622</dst>
      <dst id="3">42.9511</dst>
      <dst id="7">12444.5511</dst>
      <dst id="2">1163.4578</dst>
      <dst id="6">25.8756</dst>
      <dst id="14">1.1022</dst>
      <dst id="11">1980.4444</dst>
      <dst id="9">1577.6800</dst>
      <dst id="17">535.2267</dst>
      <dst id="21">5141.7867</dst>
    </src>
    <src id="11">
      <dst id="12">371331.8222</dst>
      <dst id="13">2035.4667</dst>
      <dst id="19">13.0844</dst>
      <dst id="23">1.3511</dst>
      <dst id="8">145.4311</dst>
      <dst id="18">438.2756</dst>
      <dst id="4">8797.0400</dst>
      <dst id="1">1882.1689</dst>
      <dst id="5">745.0578</dst>
      <dst id="3">417.2889</dst>
      <dst id="22">2674.5778</dst>
      <dst id="7">197.4844</dst>
      <dst id="2">124045.0311</dst>
      <dst id="6">10.5689</dst>
      <dst id="16">371.6889</dst>
      <dst id="14">64.0178</dst>
      <dst id="20">471.3422</dst>
      <dst id="11">1373.6800</dst>
      <dst id="9">988.0978</dst>
      <dst id="17">132041.8933</dst>
      <dst id="21">300.1689</dst>
      <dst id="15">75.4133</dst>
    </src>
    <src id="9">
      <dst id="12">375104.8000</dst>
      <dst id="13">658.1867</dst>
      <dst id="19">0.8000</dst>
      <dst id="23">20.7022</dst>
      <dst id="8">230.8356</dst>
      <dst id="18">208.3289</dst>
      <dst id="4">9653.6444</dst>
      <dst id="1">2055.6978</dst>
      <dst id="5">1104.1511</dst>
      <dst id="3">14.6844</dst>
      <dst id="22">1385.1911</dst>
      <dst id="7">16.3200</dst>
      <dst id="2">124200.4711</dst>
      <dst id="6">1.6000</dst>
      <dst id="16">721.3600</dst>
      <dst id="14">26.4889</dst>
      <dst id="20">381.3689</dst>
      <dst id="11">370.3111</dst>
      <dst id="9">141.9289</dst>
      <dst id="17">145954.7022</dst>
      <dst id="21">139.3244</dst>
      <dst id="15">213.0933</dst>
    </src>
    <src id="17">
      <dst id="12">6045.0133</dst>
      <dst id="13">12787.5467</dst>
      <dst id="19">436.4267</dst>
      <dst id="23">540.4178</dst>
      <dst id="8">83335.4667</dst>
      <dst id="18">109.8400</dst>
      <dst id="4">66467.2800</dst>
      <dst id="1">819.8400</dst>
      <dst id="5">107773.1644</dst>
      <dst id="3">12384.5600</dst>
      <dst id="22">3525.1378</dst>
      <dst id="7">2878.6756</dst>
      <dst id="2">10398.8444</dst>
      <dst id="6">105.9022</dst>
      <dst id="16">2698.3378</dst>
      <dst id="14">10308.7822</dst>
      <dst id="20">17720.7733</dst>
      <dst id="11">87802.1511</dst>
      <dst id="9">103469.4489</dst>
      <dst id="17">1876.3556</dst>
      <dst id="21">4553.6444</dst>
      <dst id="15">32.6756</dst>
    </src>
    <src id="21">
      <dst id="12">13864.9956</dst>
      <dst id="13">295.6178</dst>
      <dst id="19">220.0356</dst>
      <dst id="23">14.5067</dst>
      <dst id="8">117.8489</dst>
      <dst id="18">237.8578</dst>
      <dst id="4">10185.2622</dst>
      <dst id="1">1552.5333</dst>
      <dst id="5">352.1511</dst>
      <dst id="3">653.5289</dst>
      <dst id="22">680.6044</dst>
      <dst id="7">2151.5556</dst>
      <dst id="2">7019.9556</dst>
      <dst id="6">0.9244</dst>
      <dst id="16">214.9422</dst>
      <dst id="14">94.0267</dst>
      <dst id="20">221.9022</dst>
      <dst id="11">1986.9867</dst>
      <dst id="9">45.3867</dst>
      <dst id="17">2639.6444</dst>
      <dst id="21">832.1333</dst>
      <dst id="15">69.7689</dst>
    </src>
    <src id="15">
      <dst id="12">132.4800</dst>
      <dst id="13">87.2978</dst>
      <dst id="19">0.4622</dst>
      <dst id="8">63.8489</dst>
      <dst id="18">1.6356</dst>
      <dst id="4">1525.9733</dst>
      <dst id="1">658.0622</dst>
      <dst id="5">111.4133</dst>
      <dst id="3">23.5644</dst>
      <dst id="7">42.8089</dst>
      <dst id="2">32.5067</dst>
      <dst id="6">0.8533</dst>
      <dst id="11">157.3511</dst>
      <dst id="9">49.2533</dst>
      <dst id="17">551.6711</dst>
      <dst id="21">107.8578</dst>
    </src>
  </IntraTM>
</TrafficMatrixFile>
