<?xml version="1.0" encoding="UTF-8" standalone="yes"?>
<TrafficMatrixFile xmlns:xsi="http://www.w3.org/2001/XMLSchema-instance" xsi:noNamespaceSchemaLocation="http://totem.run.montefiore.ulg.ac.be/Schema/TrafficMatrix-v1_2.xsd">
  <info>
    <title>Intradomain traffic matrix generated by geant-TM-all.pl</title>
    <date>2005-01-01T05:15:00</date>
    <duration>900</duration>
    <author>Steve Uhlig</author>
    <units>
        <unit type="bandwidth" value="kbps"/>
    </units>
  </info>
  <IntraTM ASID="20965">
    <src id="12">
      <dst id="12">298180.8978</dst>
      <dst id="13">34128.5867</dst>
      <dst id="19">3851.6356</dst>
      <dst id="23">647.3333</dst>
      <dst id="8">4571.6444</dst>
      <dst id="18">1598.5422</dst>
      <dst id="4">145726.7556</dst>
      <dst id="1">9437.7511</dst>
      <dst id="5">7519.2889</dst>
      <dst id="3">22660.5244</dst>
      <dst id="22">27366.7556</dst>
      <dst id="7">2273.2800</dst>
      <dst id="2">98586.5333</dst>
      <dst id="6">14.5067</dst>
      <dst id="16">9243.8044</dst>
      <dst id="14">343.2533</dst>
      <dst id="20">14506.7467</dst>
      <dst id="11">5853.8311</dst>
      <dst id="9">6949.2978</dst>
      <dst id="17">85365.6800</dst>
      <dst id="21">13449.2356</dst>
      <dst id="15">3172.1600</dst>
    </src>
    <src id="13">
      <dst id="12">29498.4444</dst>
      <dst id="19">1054.2222</dst>
      <dst id="23">8080.8622</dst>
      <dst id="8">1267.4933</dst>
      <dst id="18">3066.2311</dst>
      <dst id="1">346.7378</dst>
      <dst id="5">2597.1911</dst>
      <dst id="3">434.2044</dst>
      <dst id="22">8976.0711</dst>
      <dst id="7">15863.3067</dst>
      <dst id="2">26250.2578</dst>
      <dst id="6">1.9644</dst>
      <dst id="16">6747.9733</dst>
      <dst id="14">47.4489</dst>
      <dst id="20">5644.9867</dst>
      <dst id="11">3709.3511</dst>
      <dst id="9">7246.2222</dst>
      <dst id="17">28721.5200</dst>
      <dst id="21">527.6444</dst>
      <dst id="15">729.6444</dst>
    </src>
    <src id="19">
      <dst id="12">16361.5378</dst>
      <dst id="13">7821.7067</dst>
      <dst id="23">41.4044</dst>
      <dst id="8">4.5867</dst>
      <dst id="18">84.8978</dst>
      <dst id="4">22453.4844</dst>
      <dst id="1">57.7689</dst>
      <dst id="5">2.9778</dst>
      <dst id="3">429.1289</dst>
      <dst id="22">130.9422</dst>
      <dst id="7">2882.3911</dst>
      <dst id="2">1361.9556</dst>
      <dst id="6">46.8978</dst>
      <dst id="16">5160.4444</dst>
      <dst id="20">186.3289</dst>
      <dst id="11">412.7200</dst>
      <dst id="9">5338.6222</dst>
      <dst id="17">1831.5022</dst>
      <dst id="21">436.7111</dst>
      <dst id="15">1.5111</dst>
    </src>
    <src id="23">
      <dst id="12">503.1822</dst>
      <dst id="13">152.4444</dst>
      <dst id="19">39.7422</dst>
      <dst id="8">203.9467</dst>
      <dst id="4">168.3556</dst>
      <dst id="1">42.8000</dst>
      <dst id="5">94.2667</dst>
      <dst id="3">65.7067</dst>
      <dst id="22">68.2044</dst>
      <dst id="7">493.2444</dst>
      <dst id="2">63.6356</dst>
      <dst id="6">0.9956</dst>
      <dst id="16">50.9867</dst>
      <dst id="11">51.4933</dst>
      <dst id="9">294.1156</dst>
      <dst id="17">750.1867</dst>
      <dst id="21">244.9867</dst>
      <dst id="15">57.7333</dst>
    </src>
    <src id="8">
      <dst id="12">350682.1067</dst>
      <dst id="13">905.4756</dst>
      <dst id="19">1.3244</dst>
      <dst id="23">2361.7333</dst>
      <dst id="18">25.4667</dst>
      <dst id="4">6876.8533</dst>
      <dst id="1">280.3733</dst>
      <dst id="5">2189.7778</dst>
      <dst id="3">166.3378</dst>
      <dst id="22">1206.2489</dst>
      <dst id="7">2123.0756</dst>
      <dst id="2">151354.0000</dst>
      <dst id="6">1.7778</dst>
      <dst id="16">484.1244</dst>
      <dst id="14">0.6756</dst>
      <dst id="20">165.7689</dst>
      <dst id="11">621.4667</dst>
      <dst id="9">114.4178</dst>
      <dst id="17">72122.8800</dst>
      <dst id="21">252.8800</dst>
      <dst id="15">275.8844</dst>
    </src>
    <src id="18">
      <dst id="12">142738.9600</dst>
      <dst id="13">436.6756</dst>
      <dst id="19">38.5333</dst>
      <dst id="8">1.9644</dst>
      <dst id="4">2641.3867</dst>
      <dst id="1">1094.5689</dst>
      <dst id="5">173.3778</dst>
      <dst id="3">206.2844</dst>
      <dst id="22">1291.1556</dst>
      <dst id="7">31.3600</dst>
      <dst id="2">42775.3956</dst>
      <dst id="16">110.4000</dst>
      <dst id="14">50.8000</dst>
      <dst id="20">794.0533</dst>
      <dst id="11">184.7111</dst>
      <dst id="9">864.6222</dst>
      <dst id="17">33040.4267</dst>
      <dst id="21">1142.7733</dst>
      <dst id="15">35.0578</dst>
    </src>
    <src id="4">
      <dst id="12">79183.5022</dst>
      <dst id="13">2051.5644</dst>
      <dst id="19">17654.2667</dst>
      <dst id="23">0.7822</dst>
      <dst id="8">6088.3022</dst>
      <dst id="18">7193.1467</dst>
      <dst id="4">0.7111</dst>
      <dst id="1">4015.2800</dst>
      <dst id="5">9316.4356</dst>
      <dst id="3">19839.2178</dst>
      <dst id="22">36688.2044</dst>
      <dst id="7">71475.1289</dst>
      <dst id="2">183557.8667</dst>
      <dst id="6">132.6578</dst>
      <dst id="16">21557.8933</dst>
      <dst id="14">7696.2756</dst>
      <dst id="20">74535.8844</dst>
      <dst id="11">16982.0444</dst>
      <dst id="9">17892.7733</dst>
      <dst id="17">129842.0622</dst>
      <dst id="21">30772.1867</dst>
      <dst id="15">2674.5600</dst>
    </src>
    <src id="1">
      <dst id="12">18257.9556</dst>
      <dst id="13">321.0756</dst>
      <dst id="19">2523.7156</dst>
      <dst id="23">88.3022</dst>
      <dst id="8">134331.3689</dst>
      <dst id="18">13600.3111</dst>
      <dst id="4">18262.4533</dst>
      <dst id="1">50.6933</dst>
      <dst id="5">256621.0133</dst>
      <dst id="3">58181.8756</dst>
      <dst id="22">4658.2311</dst>
      <dst id="7">21696.9511</dst>
      <dst id="2">15277.5022</dst>
      <dst id="6">5770.6756</dst>
      <dst id="16">9590.2222</dst>
      <dst id="14">29.9822</dst>
      <dst id="20">136.7822</dst>
      <dst id="11">643.2356</dst>
      <dst id="9">240539.5467</dst>
      <dst id="17">5897.4756</dst>
      <dst id="21">25982.1956</dst>
      <dst id="15">1580.6756</dst>
    </src>
    <src id="5">
      <dst id="12">400283.4667</dst>
      <dst id="13">1807.6000</dst>
      <dst id="19">74.3822</dst>
      <dst id="23">295.9022</dst>
      <dst id="8">24561.7867</dst>
      <dst id="18">280.5156</dst>
      <dst id="4">16753.2800</dst>
      <dst id="1">846.6578</dst>
      <dst id="3">3269.0133</dst>
      <dst id="22">7463.5467</dst>
      <dst id="7">407.9200</dst>
      <dst id="2">181745.3867</dst>
      <dst id="16">1667.1556</dst>
      <dst id="14">607.2533</dst>
      <dst id="20">13312.5156</dst>
      <dst id="11">7081.7333</dst>
      <dst id="9">2670.7733</dst>
      <dst id="17">94744.8267</dst>
      <dst id="21">885.7244</dst>
      <dst id="15">798.6133</dst>
    </src>
    <src id="3">
      <dst id="12">10010.6311</dst>
      <dst id="13">1852.3022</dst>
      <dst id="19">1078.0978</dst>
      <dst id="23">29.6000</dst>
      <dst id="8">293.7333</dst>
      <dst id="18">112475.4044</dst>
      <dst id="4">54169.8933</dst>
      <dst id="1">16118.9511</dst>
      <dst id="5">524.0533</dst>
      <dst id="3">14342.5244</dst>
      <dst id="22">888.4178</dst>
      <dst id="7">1664.0356</dst>
      <dst id="2">4170.9156</dst>
      <dst id="6">1.2267</dst>
      <dst id="16">991.9911</dst>
      <dst id="14">46891.2356</dst>
      <dst id="20">193.2444</dst>
      <dst id="11">151061.2622</dst>
      <dst id="9">886.7822</dst>
      <dst id="17">22689.7956</dst>
      <dst id="21">14300.0356</dst>
      <dst id="15">97.0578</dst>
    </src>
    <src id="10">
      <dst id="12">21876.7289</dst>
      <dst id="19">4114.3822</dst>
      <dst id="23">0.3911</dst>
      <dst id="8">2252.9422</dst>
      <dst id="18">2734.2844</dst>
      <dst id="1">911.8044</dst>
      <dst id="5">2118.1511</dst>
      <dst id="3">5193.0933</dst>
      <dst id="22">6824.7911</dst>
      <dst id="7">6658.0978</dst>
      <dst id="2">35067.9378</dst>
      <dst id="6">10.6933</dst>
      <dst id="16">1686.7911</dst>
      <dst id="14">2111.2267</dst>
      <dst id="20">3497.8489</dst>
      <dst id="11">8243.4400</dst>
      <dst id="9">2980.2667</dst>
      <dst id="17">19089.1733</dst>
      <dst id="21">24366.9956</dst>
      <dst id="15">797.1200</dst>
    </src>
    <src id="22">
      <dst id="12">12653.2444</dst>
      <dst id="13">4671.6178</dst>
      <dst id="19">193.6800</dst>
      <dst id="23">43.0933</dst>
      <dst id="8">2380.8978</dst>
      <dst id="18">1177.8667</dst>
      <dst id="4">26414.0978</dst>
      <dst id="1">221.6800</dst>
      <dst id="5">6535.4044</dst>
      <dst id="3">746.8889</dst>
      <dst id="7">1485.0933</dst>
      <dst id="2">1544.8533</dst>
      <dst id="6">13.7067</dst>
      <dst id="16">13.1556</dst>
      <dst id="14">181.7600</dst>
      <dst id="11">2936.1956</dst>
      <dst id="9">7806.8000</dst>
      <dst id="17">4410.5333</dst>
      <dst id="21">1987.6267</dst>
    </src>
    <src id="7">
      <dst id="12">8485.0933</dst>
      <dst id="13">4056.9867</dst>
      <dst id="19">1133.7778</dst>
      <dst id="23">339.5733</dst>
      <dst id="8">1759.6889</dst>
      <dst id="18">980.4089</dst>
      <dst id="4">24999.2889</dst>
      <dst id="1">1581.9911</dst>
      <dst id="5">1200.1867</dst>
      <dst id="3">3563.6267</dst>
      <dst id="22">3351.3867</dst>
      <dst id="7">757.8311</dst>
      <dst id="2">8395.4400</dst>
      <dst id="6">0.4978</dst>
      <dst id="16">680.3467</dst>
      <dst id="14">153.7600</dst>
      <dst id="20">2520.6489</dst>
      <dst id="11">1185.9467</dst>
      <dst id="9">1657.7067</dst>
      <dst id="17">12725.7689</dst>
      <dst id="21">5148.8978</dst>
      <dst id="15">1070.8267</dst>
    </src>
    <src id="2">
      <dst id="12">116677.6356</dst>
      <dst id="13">13715.7956</dst>
      <dst id="19">4798.4711</dst>
      <dst id="23">2.8622</dst>
      <dst id="8">178.8356</dst>
      <dst id="18">89154.6756</dst>
      <dst id="4">125910.2667</dst>
      <dst id="1">1385.1111</dst>
      <dst id="5">1347.7156</dst>
      <dst id="3">1593.7333</dst>
      <dst id="22">3478.5689</dst>
      <dst id="7">2625.9022</dst>
      <dst id="2">3085.6267</dst>
      <dst id="6">8340.0000</dst>
      <dst id="16">9568.0889</dst>
      <dst id="14">409.9111</dst>
      <dst id="20">1154.0089</dst>
      <dst id="11">2869.5556</dst>
      <dst id="9">1193.7067</dst>
      <dst id="17">58811.6267</dst>
      <dst id="21">4487.5822</dst>
      <dst id="15">127.7867</dst>
    </src>
    <src id="6">
      <dst id="12">10097.3689</dst>
      <dst id="13">5.9733</dst>
      <dst id="19">4.4622</dst>
      <dst id="23">2.7733</dst>
      <dst id="8">97.8311</dst>
      <dst id="18">11.4667</dst>
      <dst id="4">128.2133</dst>
      <dst id="1">83.8667</dst>
      <dst id="3">14.4000</dst>
      <dst id="22">15.9289</dst>
      <dst id="7">1.9378</dst>
      <dst id="2">2951.2267</dst>
      <dst id="16">15.4844</dst>
      <dst id="20">0.3733</dst>
      <dst id="9">11.4667</dst>
      <dst id="17">1443.5022</dst>
      <dst id="21">0.5600</dst>
    </src>
    <src id="16">
      <dst id="12">2757.7867</dst>
      <dst id="13">626.5333</dst>
      <dst id="19">4338.2133</dst>
      <dst id="23">28.9600</dst>
      <dst id="8">6415.5822</dst>
      <dst id="18">34.9511</dst>
      <dst id="4">8223.9289</dst>
      <dst id="1">21835.2089</dst>
      <dst id="5">5489.0400</dst>
      <dst id="3">780.2578</dst>
      <dst id="7">1768.5333</dst>
      <dst id="2">1587.0044</dst>
      <dst id="6">17.7422</dst>
      <dst id="16">64.6578</dst>
      <dst id="14">13.7956</dst>
      <dst id="11">191.0222</dst>
      <dst id="9">8601.8667</dst>
      <dst id="17">3607.3600</dst>
      <dst id="21">898.8444</dst>
    </src>
    <src id="14">
      <dst id="12">22689.0844</dst>
      <dst id="13">55.4311</dst>
      <dst id="19">4.4800</dst>
      <dst id="23">12.6222</dst>
      <dst id="8">13.3333</dst>
      <dst id="18">13.9378</dst>
      <dst id="4">2656.8622</dst>
      <dst id="1">47.5200</dst>
      <dst id="5">34.9600</dst>
      <dst id="3">57.0222</dst>
      <dst id="22">95.0044</dst>
      <dst id="7">97.5911</dst>
      <dst id="2">7454.2578</dst>
      <dst id="16">12.6222</dst>
      <dst id="20">1.3244</dst>
      <dst id="11">49.9644</dst>
      <dst id="17">5357.5111</dst>
      <dst id="21">125.0844</dst>
    </src>
    <src id="20">
      <dst id="12">7573.5822</dst>
      <dst id="13">13591.3067</dst>
      <dst id="19">81.1378</dst>
      <dst id="8">2083.0844</dst>
      <dst id="18">75.7689</dst>
      <dst id="4">18172.4267</dst>
      <dst id="1">118.4800</dst>
      <dst id="5">2858.8356</dst>
      <dst id="3">869.6000</dst>
      <dst id="7">132.3556</dst>
      <dst id="2">7120.1511</dst>
      <dst id="14">1.2622</dst>
      <dst id="11">3580.9689</dst>
      <dst id="9">10602.5067</dst>
      <dst id="17">6200.1600</dst>
      <dst id="21">2259.7156</dst>
    </src>
    <src id="11">
      <dst id="12">407116.8178</dst>
      <dst id="13">9859.2711</dst>
      <dst id="19">148.6311</dst>
      <dst id="23">23.0400</dst>
      <dst id="8">539.4133</dst>
      <dst id="18">208.4622</dst>
      <dst id="4">14960.0444</dst>
      <dst id="1">717.8667</dst>
      <dst id="5">1467.8311</dst>
      <dst id="3">6446.6222</dst>
      <dst id="22">4469.7778</dst>
      <dst id="7">927.4844</dst>
      <dst id="2">167090.6311</dst>
      <dst id="6">0.4178</dst>
      <dst id="16">527.4222</dst>
      <dst id="14">87.2533</dst>
      <dst id="20">2518.0089</dst>
      <dst id="11">2717.0044</dst>
      <dst id="9">2052.8800</dst>
      <dst id="17">103227.9556</dst>
      <dst id="21">1311.0667</dst>
      <dst id="15">846.5689</dst>
    </src>
    <src id="9">
      <dst id="12">451567.0044</dst>
      <dst id="13">2111.3244</dst>
      <dst id="19">115.3156</dst>
      <dst id="23">21.5822</dst>
      <dst id="8">629.1289</dst>
      <dst id="18">532.7644</dst>
      <dst id="4">15715.0844</dst>
      <dst id="1">207.2533</dst>
      <dst id="5">3425.1378</dst>
      <dst id="3">216.7467</dst>
      <dst id="22">3875.0933</dst>
      <dst id="7">962.9511</dst>
      <dst id="2">195486.4889</dst>
      <dst id="6">6.7733</dst>
      <dst id="16">1946.9244</dst>
      <dst id="14">5.1289</dst>
      <dst id="20">7763.0933</dst>
      <dst id="11">387.2178</dst>
      <dst id="9">1848.4622</dst>
      <dst id="17">128833.1289</dst>
      <dst id="21">315.2089</dst>
      <dst id="15">470.7022</dst>
    </src>
    <src id="17">
      <dst id="12">8443.7600</dst>
      <dst id="13">7604.6133</dst>
      <dst id="19">14854.8711</dst>
      <dst id="23">127.1733</dst>
      <dst id="8">164922.9244</dst>
      <dst id="18">8077.3867</dst>
      <dst id="4">79948.7378</dst>
      <dst id="1">678.6667</dst>
      <dst id="5">268537.7689</dst>
      <dst id="3">35202.1956</dst>
      <dst id="22">9876.1156</dst>
      <dst id="7">16823.7867</dst>
      <dst id="2">14945.9111</dst>
      <dst id="6">61.8844</dst>
      <dst id="16">6692.4178</dst>
      <dst id="14">36288.4978</dst>
      <dst id="20">1956.8800</dst>
      <dst id="11">121873.9200</dst>
      <dst id="9">220716.8444</dst>
      <dst id="17">1211.2356</dst>
      <dst id="21">9559.1911</dst>
      <dst id="15">1093.4933</dst>
    </src>
    <src id="21">
      <dst id="12">21655.6267</dst>
      <dst id="13">1561.5022</dst>
      <dst id="19">106.9067</dst>
      <dst id="23">86.8178</dst>
      <dst id="8">97.2622</dst>
      <dst id="18">1003.5556</dst>
      <dst id="4">22356.2044</dst>
      <dst id="1">5610.4000</dst>
      <dst id="5">861.7156</dst>
      <dst id="3">1265.3956</dst>
      <dst id="22">2114.4889</dst>
      <dst id="7">1506.9244</dst>
      <dst id="2">13623.1200</dst>
      <dst id="6">0.3556</dst>
      <dst id="16">335.0222</dst>
      <dst id="14">72.6667</dst>
      <dst id="20">469.0133</dst>
      <dst id="11">3019.5644</dst>
      <dst id="9">1187.9289</dst>
      <dst id="17">5983.6000</dst>
      <dst id="21">2386.4089</dst>
      <dst id="15">168.9867</dst>
    </src>
    <src id="15">
      <dst id="12">467.3067</dst>
      <dst id="13">435.3156</dst>
      <dst id="19">2.0267</dst>
      <dst id="23">1.0667</dst>
      <dst id="8">209.5911</dst>
      <dst id="18">15.3600</dst>
      <dst id="4">3952.6133</dst>
      <dst id="1">371.8844</dst>
      <dst id="5">453.7244</dst>
      <dst id="3">413.0489</dst>
      <dst id="7">86.6667</dst>
      <dst id="2">115.8133</dst>
      <dst id="11">251.8844</dst>
      <dst id="9">5783.6800</dst>
      <dst id="17">6092.7556</dst>
      <dst id="21">172.8444</dst>
    </src>
  </IntraTM>
</TrafficMatrixFile>
