<?xml version="1.0" encoding="UTF-8" standalone="yes"?>
<TrafficMatrixFile xmlns:xsi="http://www.w3.org/2001/XMLSchema-instance" xsi:noNamespaceSchemaLocation="http://totem.run.montefiore.ulg.ac.be/Schema/TrafficMatrix-v1_2.xsd">
  <info>
    <title>Intradomain traffic matrix generated by geant-TM-all.pl</title>
    <date>2005-01-04T14:00:00</date>
    <duration>900</duration>
    <author>Steve Uhlig</author>
    <units>
        <unit type="bandwidth" value="kbps"/>
    </units>
  </info>
  <IntraTM ASID="20965">
    <src id="12">
      <dst id="12">171507.7956</dst>
      <dst id="13">14610.6578</dst>
      <dst id="19">2380.0267</dst>
      <dst id="23">9.6356</dst>
      <dst id="8">950.6311</dst>
      <dst id="18">659.0311</dst>
      <dst id="4">67302.3378</dst>
      <dst id="1">17023.9911</dst>
      <dst id="5">64371.6356</dst>
      <dst id="3">3281.0667</dst>
      <dst id="22">2281.2978</dst>
      <dst id="7">15987.0756</dst>
      <dst id="2">59500.7467</dst>
      <dst id="6">14.2756</dst>
      <dst id="16">5153.3600</dst>
      <dst id="14">144.1600</dst>
      <dst id="20">3612.0533</dst>
      <dst id="11">4100.3911</dst>
      <dst id="9">2738.3644</dst>
      <dst id="17">56124.2933</dst>
      <dst id="21">3585.8044</dst>
      <dst id="15">451.7511</dst>
    </src>
    <src id="13">
      <dst id="12">28236.0267</dst>
      <dst id="19">4820.6578</dst>
      <dst id="23">7.0311</dst>
      <dst id="8">2847.5822</dst>
      <dst id="18">2235.2356</dst>
      <dst id="1">1014.6489</dst>
      <dst id="5">3179.2089</dst>
      <dst id="3">4742.1867</dst>
      <dst id="22">12962.8978</dst>
      <dst id="7">6459.5733</dst>
      <dst id="2">64659.1022</dst>
      <dst id="6">137.5822</dst>
      <dst id="16">10115.1644</dst>
      <dst id="14">3874.1600</dst>
      <dst id="20">5760.4978</dst>
      <dst id="11">4618.4533</dst>
      <dst id="9">7716.3822</dst>
      <dst id="17">29740.3022</dst>
      <dst id="21">10413.8400</dst>
      <dst id="15">7891.7333</dst>
    </src>
    <src id="19">
      <dst id="12">12985.5822</dst>
      <dst id="13">91.8667</dst>
      <dst id="8">0.9156</dst>
      <dst id="4">21769.9467</dst>
      <dst id="1">473.1644</dst>
      <dst id="5">47.9733</dst>
      <dst id="3">0.8178</dst>
      <dst id="22">107.6800</dst>
      <dst id="7">4675.0044</dst>
      <dst id="2">87.6089</dst>
      <dst id="6">26.9956</dst>
      <dst id="16">7320.0711</dst>
      <dst id="20">41.1822</dst>
      <dst id="11">2.6756</dst>
      <dst id="9">5815.2533</dst>
      <dst id="17">27.4133</dst>
      <dst id="21">196.8622</dst>
      <dst id="15">6.8533</dst>
    </src>
    <src id="23">
      <dst id="12">1.1644</dst>
      <dst id="13">41.6978</dst>
      <dst id="19">0.8978</dst>
      <dst id="18">0.5422</dst>
      <dst id="4">40.3644</dst>
      <dst id="1">52.6222</dst>
      <dst id="5">13.2533</dst>
      <dst id="3">254.9600</dst>
      <dst id="22">25.2800</dst>
      <dst id="7">23.2622</dst>
      <dst id="2">2.3822</dst>
      <dst id="16">4.2133</dst>
      <dst id="14">12.6222</dst>
      <dst id="11">12.6222</dst>
      <dst id="9">237.5289</dst>
      <dst id="17">134.0444</dst>
      <dst id="21">114.3111</dst>
    </src>
    <src id="8">
      <dst id="12">250488.8622</dst>
      <dst id="13">638.4356</dst>
      <dst id="19">0.4711</dst>
      <dst id="18">4.7467</dst>
      <dst id="4">6133.4756</dst>
      <dst id="1">12302.9067</dst>
      <dst id="5">402.3022</dst>
      <dst id="22">449.1378</dst>
      <dst id="7">845.0933</dst>
      <dst id="2">81875.2356</dst>
      <dst id="16">39.6356</dst>
      <dst id="14">0.3556</dst>
      <dst id="20">17.4133</dst>
      <dst id="11">73.7689</dst>
      <dst id="9">644.3733</dst>
      <dst id="17">90659.9822</dst>
      <dst id="21">911.5556</dst>
      <dst id="15">102.0444</dst>
    </src>
    <src id="18">
      <dst id="12">95119.3067</dst>
      <dst id="13">120.5956</dst>
      <dst id="23">1.4756</dst>
      <dst id="8">2.9244</dst>
      <dst id="4">1789.5822</dst>
      <dst id="1">1176.2222</dst>
      <dst id="5">121.2267</dst>
      <dst id="3">2.7556</dst>
      <dst id="22">209.9911</dst>
      <dst id="7">87.2178</dst>
      <dst id="2">24782.6400</dst>
      <dst id="16">18.6667</dst>
      <dst id="14">1.5378</dst>
      <dst id="20">1.0667</dst>
      <dst id="11">104.1867</dst>
      <dst id="9">268.7200</dst>
      <dst id="17">31068.7200</dst>
      <dst id="21">30.3911</dst>
      <dst id="15">0.9600</dst>
    </src>
    <src id="4">
      <dst id="12">8019.3600</dst>
      <dst id="19">15103.6089</dst>
      <dst id="23">7.5822</dst>
      <dst id="8">2847.8400</dst>
      <dst id="18">2031.4844</dst>
      <dst id="4">1.3156</dst>
      <dst id="1">24523.4933</dst>
      <dst id="5">1368.6133</dst>
      <dst id="3">468.7556</dst>
      <dst id="22">1468.7111</dst>
      <dst id="7">132885.5378</dst>
      <dst id="2">94627.2000</dst>
      <dst id="6">80.2222</dst>
      <dst id="16">793.8311</dst>
      <dst id="14">1132.2489</dst>
      <dst id="20">168.2133</dst>
      <dst id="11">2889.4933</dst>
      <dst id="9">1828.3644</dst>
      <dst id="17">13872.0267</dst>
      <dst id="21">3343.6444</dst>
      <dst id="15">250.1956</dst>
    </src>
    <src id="1">
      <dst id="12">15948.4089</dst>
      <dst id="13">375.9644</dst>
      <dst id="19">188.6667</dst>
      <dst id="23">97.4578</dst>
      <dst id="8">53499.0400</dst>
      <dst id="18">12602.5778</dst>
      <dst id="4">8598.1511</dst>
      <dst id="1">3233.2444</dst>
      <dst id="5">112595.2978</dst>
      <dst id="3">379.3244</dst>
      <dst id="22">971.4489</dst>
      <dst id="7">1324.6222</dst>
      <dst id="2">2502.2044</dst>
      <dst id="6">3879.4933</dst>
      <dst id="16">12214.3822</dst>
      <dst id="14">29.7778</dst>
      <dst id="20">100.9511</dst>
      <dst id="11">348.3022</dst>
      <dst id="9">112419.0489</dst>
      <dst id="17">4584.3733</dst>
      <dst id="21">2303.7778</dst>
      <dst id="15">228.8267</dst>
    </src>
    <src id="5">
      <dst id="12">212658.4800</dst>
      <dst id="13">191.9467</dst>
      <dst id="19">39.6800</dst>
      <dst id="23">0.4178</dst>
      <dst id="8">49.1200</dst>
      <dst id="18">624.6844</dst>
      <dst id="4">9586.9511</dst>
      <dst id="1">530.3556</dst>
      <dst id="3">30.4356</dst>
      <dst id="22">1706.6311</dst>
      <dst id="7">355.3067</dst>
      <dst id="2">72584.2578</dst>
      <dst id="6">50.1333</dst>
      <dst id="16">327.6800</dst>
      <dst id="14">11.1467</dst>
      <dst id="20">94.0711</dst>
      <dst id="11">320.5244</dst>
      <dst id="9">4000.5067</dst>
      <dst id="17">98942.0889</dst>
      <dst id="21">312.8889</dst>
      <dst id="15">99.2267</dst>
    </src>
    <src id="3">
      <dst id="12">5017.9022</dst>
      <dst id="13">329.5111</dst>
      <dst id="19">391.6622</dst>
      <dst id="23">8784.1422</dst>
      <dst id="8">1.8667</dst>
      <dst id="18">44010.0533</dst>
      <dst id="4">33721.4133</dst>
      <dst id="1">3745.1022</dst>
      <dst id="5">172.9867</dst>
      <dst id="3">7752.0978</dst>
      <dst id="22">1019.9644</dst>
      <dst id="7">1261.7244</dst>
      <dst id="2">3999.4578</dst>
      <dst id="6">5.7244</dst>
      <dst id="16">526.7733</dst>
      <dst id="14">17545.1733</dst>
      <dst id="20">33.6356</dst>
      <dst id="11">77434.4711</dst>
      <dst id="9">150.6667</dst>
      <dst id="17">5658.4444</dst>
      <dst id="21">4362.3200</dst>
      <dst id="15">41.2000</dst>
    </src>
    <src id="10">
      <dst id="12">11124.4267</dst>
      <dst id="19">7293.7067</dst>
      <dst id="8">253.9289</dst>
      <dst id="18">4262.7556</dst>
      <dst id="1">4071.6356</dst>
      <dst id="5">1114.6667</dst>
      <dst id="3">4653.2533</dst>
      <dst id="22">7296.9333</dst>
      <dst id="7">43588.9422</dst>
      <dst id="2">16846.6489</dst>
      <dst id="6">2.8000</dst>
      <dst id="16">101.2444</dst>
      <dst id="14">488.3022</dst>
      <dst id="20">4596.3822</dst>
      <dst id="11">8907.8044</dst>
      <dst id="9">4186.9244</dst>
      <dst id="17">25877.6444</dst>
      <dst id="21">14133.6356</dst>
      <dst id="15">35.9022</dst>
    </src>
    <src id="22">
      <dst id="12">6836.7911</dst>
      <dst id="13">596.2667</dst>
      <dst id="19">97.3867</dst>
      <dst id="23">11.9733</dst>
      <dst id="8">483.4133</dst>
      <dst id="18">151.4667</dst>
      <dst id="4">14775.2089</dst>
      <dst id="1">162.2756</dst>
      <dst id="5">2011.8311</dst>
      <dst id="3">292.2933</dst>
      <dst id="7">90.3378</dst>
      <dst id="2">1980.8178</dst>
      <dst id="6">34.2311</dst>
      <dst id="16">1.0133</dst>
      <dst id="14">2.3822</dst>
      <dst id="11">838.2756</dst>
      <dst id="9">2675.3333</dst>
      <dst id="17">1783.6267</dst>
      <dst id="21">406.7911</dst>
    </src>
    <src id="7">
      <dst id="12">2721.5644</dst>
      <dst id="13">222.8978</dst>
      <dst id="19">121.8489</dst>
      <dst id="23">88.6044</dst>
      <dst id="8">129.4044</dst>
      <dst id="18">165.1822</dst>
      <dst id="4">38475.3778</dst>
      <dst id="1">1088.1244</dst>
      <dst id="5">1087.6000</dst>
      <dst id="3">179.5467</dst>
      <dst id="22">3885.0667</dst>
      <dst id="7">770.4800</dst>
      <dst id="2">8141.8044</dst>
      <dst id="6">0.4978</dst>
      <dst id="16">776.8622</dst>
      <dst id="14">64.9244</dst>
      <dst id="20">786.8711</dst>
      <dst id="11">157.9822</dst>
      <dst id="9">227.7600</dst>
      <dst id="17">5983.4222</dst>
      <dst id="21">1421.1022</dst>
      <dst id="15">22.8978</dst>
    </src>
    <src id="2">
      <dst id="12">52475.2711</dst>
      <dst id="13">510314.4356</dst>
      <dst id="19">106.6044</dst>
      <dst id="8">16.7289</dst>
      <dst id="18">35817.8044</dst>
      <dst id="4">83188.8178</dst>
      <dst id="1">3129.5022</dst>
      <dst id="5">2745.7422</dst>
      <dst id="3">30.1511</dst>
      <dst id="22">831.2889</dst>
      <dst id="7">2612.0711</dst>
      <dst id="2">493.3156</dst>
      <dst id="6">5816.8800</dst>
      <dst id="16">2051.7511</dst>
      <dst id="14">5411.4844</dst>
      <dst id="20">136.7822</dst>
      <dst id="11">3034.5422</dst>
      <dst id="9">432.5422</dst>
      <dst id="17">28930.7111</dst>
      <dst id="21">817.6533</dst>
      <dst id="15">38.4889</dst>
    </src>
    <src id="6">
      <dst id="12">7273.3778</dst>
      <dst id="13">2.6489</dst>
      <dst id="19">1.4933</dst>
      <dst id="23">0.3378</dst>
      <dst id="18">35.0756</dst>
      <dst id="4">999.4756</dst>
      <dst id="1">1.1378</dst>
      <dst id="5">13.2978</dst>
      <dst id="22">1.7778</dst>
      <dst id="2">1628.1511</dst>
      <dst id="16">0.8533</dst>
      <dst id="20">1.1733</dst>
      <dst id="11">0.4089</dst>
      <dst id="9">2.2044</dst>
      <dst id="17">978.0711</dst>
    </src>
    <src id="16">
      <dst id="12">2394.2667</dst>
      <dst id="13">198.0978</dst>
      <dst id="19">4413.4044</dst>
      <dst id="23">2.6578</dst>
      <dst id="8">945.1289</dst>
      <dst id="18">47.3244</dst>
      <dst id="4">5102.6667</dst>
      <dst id="1">18300.6044</dst>
      <dst id="5">563.6267</dst>
      <dst id="3">0.5600</dst>
      <dst id="7">790.8178</dst>
      <dst id="2">373.1733</dst>
      <dst id="6">2.1333</dst>
      <dst id="16">23.2356</dst>
      <dst id="14">1.3867</dst>
      <dst id="11">46.7022</dst>
      <dst id="9">2918.5067</dst>
      <dst id="17">1424.6667</dst>
      <dst id="21">1975.5644</dst>
    </src>
    <src id="14">
      <dst id="12">20238.4800</dst>
      <dst id="13">12.5511</dst>
      <dst id="19">7.6622</dst>
      <dst id="23">0.3556</dst>
      <dst id="18">0.6133</dst>
      <dst id="4">1746.9511</dst>
      <dst id="1">54.2756</dst>
      <dst id="5">0.7111</dst>
      <dst id="3">25.6267</dst>
      <dst id="22">2.1422</dst>
      <dst id="7">87.7956</dst>
      <dst id="2">4072.2933</dst>
      <dst id="16">0.4622</dst>
      <dst id="11">132.3111</dst>
      <dst id="9">45.3333</dst>
      <dst id="17">5714.4711</dst>
      <dst id="21">88.4978</dst>
      <dst id="15">21.1644</dst>
    </src>
    <src id="20">
      <dst id="12">538.8800</dst>
      <dst id="13">273.3778</dst>
      <dst id="19">3813.8667</dst>
      <dst id="8">67.3156</dst>
      <dst id="18">1.7156</dst>
      <dst id="4">9421.9022</dst>
      <dst id="1">109.1111</dst>
      <dst id="5">426.0178</dst>
      <dst id="3">603.0400</dst>
      <dst id="7">17104.1956</dst>
      <dst id="2">1165.2444</dst>
      <dst id="6">11.0222</dst>
      <dst id="11">136.0978</dst>
      <dst id="9">430.5600</dst>
      <dst id="17">145.6356</dst>
      <dst id="21">598.9689</dst>
    </src>
    <src id="11">
      <dst id="12">358476.9244</dst>
      <dst id="13">1942.4711</dst>
      <dst id="19">2.3644</dst>
      <dst id="23">1.5289</dst>
      <dst id="8">94.0622</dst>
      <dst id="18">89.2978</dst>
      <dst id="4">9259.6800</dst>
      <dst id="1">13378.2400</dst>
      <dst id="5">741.8133</dst>
      <dst id="3">408.9600</dst>
      <dst id="22">1906.9689</dst>
      <dst id="7">178.8356</dst>
      <dst id="2">120329.6622</dst>
      <dst id="16">227.4756</dst>
      <dst id="14">135.7333</dst>
      <dst id="20">206.9156</dst>
      <dst id="11">2032.4444</dst>
      <dst id="9">742.6311</dst>
      <dst id="17">125663.9556</dst>
      <dst id="21">274.6578</dst>
      <dst id="15">57.6444</dst>
    </src>
    <src id="9">
      <dst id="12">370152.9689</dst>
      <dst id="13">948.1333</dst>
      <dst id="19">124.2756</dst>
      <dst id="23">18.7378</dst>
      <dst id="8">127.5200</dst>
      <dst id="18">125.9556</dst>
      <dst id="4">9940.5689</dst>
      <dst id="1">973.0222</dst>
      <dst id="5">717.9111</dst>
      <dst id="22">3253.1911</dst>
      <dst id="7">147.5289</dst>
      <dst id="2">107034.7822</dst>
      <dst id="6">0.3289</dst>
      <dst id="16">84.3289</dst>
      <dst id="14">2133.6178</dst>
      <dst id="20">543.3511</dst>
      <dst id="11">1481.1911</dst>
      <dst id="9">16.0178</dst>
      <dst id="17">142021.8400</dst>
      <dst id="21">78.4711</dst>
      <dst id="15">185.6622</dst>
    </src>
    <src id="17">
      <dst id="12">7930.3022</dst>
      <dst id="13">20405.8311</dst>
      <dst id="19">86.4533</dst>
      <dst id="23">70.5422</dst>
      <dst id="8">71860.9600</dst>
      <dst id="18">100.8267</dst>
      <dst id="4">34762.7111</dst>
      <dst id="1">697.3867</dst>
      <dst id="5">107966.5600</dst>
      <dst id="3">2336.1422</dst>
      <dst id="22">2390.5511</dst>
      <dst id="7">3239.8933</dst>
      <dst id="2">7850.8800</dst>
      <dst id="6">0.9422</dst>
      <dst id="16">2487.1911</dst>
      <dst id="14">14437.6444</dst>
      <dst id="20">365.3778</dst>
      <dst id="11">59317.4844</dst>
      <dst id="9">83712.1956</dst>
      <dst id="17">1080.9778</dst>
      <dst id="21">2747.7600</dst>
      <dst id="15">11.3422</dst>
    </src>
    <src id="21">
      <dst id="12">13692.7467</dst>
      <dst id="13">228.1333</dst>
      <dst id="19">12.2933</dst>
      <dst id="23">4.1956</dst>
      <dst id="8">66.7378</dst>
      <dst id="18">294.0889</dst>
      <dst id="4">10027.3600</dst>
      <dst id="1">1933.8844</dst>
      <dst id="5">215.0489</dst>
      <dst id="3">558.5156</dst>
      <dst id="22">621.7956</dst>
      <dst id="7">1257.6533</dst>
      <dst id="2">6346.8800</dst>
      <dst id="6">62.9778</dst>
      <dst id="16">115.3689</dst>
      <dst id="14">65.6444</dst>
      <dst id="20">623.7956</dst>
      <dst id="11">1713.0044</dst>
      <dst id="9">350.8622</dst>
      <dst id="17">2981.8667</dst>
      <dst id="21">436.3556</dst>
      <dst id="15">9.2267</dst>
    </src>
    <src id="15">
      <dst id="12">1127.6356</dst>
      <dst id="13">342.3022</dst>
      <dst id="19">40.3111</dst>
      <dst id="23">1.2089</dst>
      <dst id="8">14.2578</dst>
      <dst id="18">0.4622</dst>
      <dst id="4">2005.6978</dst>
      <dst id="1">706.8267</dst>
      <dst id="5">99.9822</dst>
      <dst id="3">10.3289</dst>
      <dst id="7">0.3556</dst>
      <dst id="2">72.1689</dst>
      <dst id="14">1.4222</dst>
      <dst id="11">50.5511</dst>
      <dst id="9">68.9867</dst>
      <dst id="17">37.2444</dst>
      <dst id="21">44.1067</dst>
    </src>
  </IntraTM>
</TrafficMatrixFile>
