<?xml version="1.0" encoding="UTF-8" standalone="yes"?>
<TrafficMatrixFile xmlns:xsi="http://www.w3.org/2001/XMLSchema-instance" xsi:noNamespaceSchemaLocation="http://totem.run.montefiore.ulg.ac.be/Schema/TrafficMatrix-v1_2.xsd">
  <info>
    <title>Intradomain traffic matrix generated by geant-TM-all.pl</title>
    <date>2005-01-01T00:45:00</date>
    <duration>900</duration>
    <author>Steve Uhlig</author>
    <units>
        <unit type="bandwidth" value="kbps"/>
    </units>
  </info>
  <IntraTM ASID="20965">
    <src id="12">
      <dst id="12">338875.5644</dst>
      <dst id="13">28485.3422</dst>
      <dst id="19">11769.3422</dst>
      <dst id="23">1950.5067</dst>
      <dst id="8">5445.9111</dst>
      <dst id="18">3609.4311</dst>
      <dst id="4">120400.4533</dst>
      <dst id="1">15535.5111</dst>
      <dst id="5">10914.4089</dst>
      <dst id="3">13298.2133</dst>
      <dst id="22">53960.8800</dst>
      <dst id="7">13403.5556</dst>
      <dst id="2">99302.8356</dst>
      <dst id="6">47.6711</dst>
      <dst id="16">8850.0889</dst>
      <dst id="14">541.8400</dst>
      <dst id="20">14044.0267</dst>
      <dst id="11">5408.9600</dst>
      <dst id="9">14987.2622</dst>
      <dst id="17">124111.5200</dst>
      <dst id="21">21067.3600</dst>
      <dst id="15">4719.2356</dst>
    </src>
    <src id="13">
      <dst id="12">65773.9822</dst>
      <dst id="19">56929.6889</dst>
      <dst id="23">1086.8356</dst>
      <dst id="8">14354.1067</dst>
      <dst id="18">10149.6267</dst>
      <dst id="4">0.3556</dst>
      <dst id="1">12137.3156</dst>
      <dst id="5">35852.6578</dst>
      <dst id="3">35728.3556</dst>
      <dst id="22">30165.6800</dst>
      <dst id="7">31503.1822</dst>
      <dst id="2">149293.6800</dst>
      <dst id="6">39.1911</dst>
      <dst id="16">19114.7111</dst>
      <dst id="14">2699.1467</dst>
      <dst id="20">17762.1422</dst>
      <dst id="11">28358.6044</dst>
      <dst id="9">19010.7200</dst>
      <dst id="17">109435.0222</dst>
      <dst id="21">40730.2578</dst>
      <dst id="15">5678.3289</dst>
    </src>
    <src id="19">
      <dst id="12">24771.6889</dst>
      <dst id="13">3638.1689</dst>
      <dst id="23">448.5867</dst>
      <dst id="8">16.3111</dst>
      <dst id="18">1967.6444</dst>
      <dst id="4">26344.5778</dst>
      <dst id="1">356.1778</dst>
      <dst id="5">238.1511</dst>
      <dst id="3">2615.1022</dst>
      <dst id="22">312.7556</dst>
      <dst id="7">6615.3600</dst>
      <dst id="2">2257.0133</dst>
      <dst id="6">403.7333</dst>
      <dst id="16">8527.9111</dst>
      <dst id="14">14.3022</dst>
      <dst id="20">400.3111</dst>
      <dst id="11">722.7644</dst>
      <dst id="9">114.8711</dst>
      <dst id="17">13845.9733</dst>
      <dst id="21">2503.6000</dst>
      <dst id="15">16.1511</dst>
    </src>
    <src id="23">
      <dst id="12">533.8222</dst>
      <dst id="13">852.8444</dst>
      <dst id="19">285.4311</dst>
      <dst id="8">301.1556</dst>
      <dst id="18">144.2667</dst>
      <dst id="4">55.9556</dst>
      <dst id="1">105.7422</dst>
      <dst id="5">27.3778</dst>
      <dst id="3">872.9156</dst>
      <dst id="22">431.0933</dst>
      <dst id="7">620.1067</dst>
      <dst id="2">100.4978</dst>
      <dst id="6">1.9200</dst>
      <dst id="16">729.5289</dst>
      <dst id="14">13.6889</dst>
      <dst id="20">93.6889</dst>
      <dst id="11">855.4222</dst>
      <dst id="9">725.9378</dst>
      <dst id="17">2076.1689</dst>
      <dst id="21">1112.3200</dst>
      <dst id="15">63.0756</dst>
    </src>
    <src id="8">
      <dst id="12">405963.6089</dst>
      <dst id="13">1518.6933</dst>
      <dst id="19">73.1733</dst>
      <dst id="23">106.3644</dst>
      <dst id="18">258.1689</dst>
      <dst id="4">7435.3956</dst>
      <dst id="1">99.4844</dst>
      <dst id="5">14101.6000</dst>
      <dst id="3">2335.7333</dst>
      <dst id="22">3206.5511</dst>
      <dst id="7">150.8800</dst>
      <dst id="2">140527.6267</dst>
      <dst id="6">153.9556</dst>
      <dst id="16">950.6578</dst>
      <dst id="14">0.9244</dst>
      <dst id="20">2330.6311</dst>
      <dst id="11">894.4444</dst>
      <dst id="9">363.7333</dst>
      <dst id="17">99648.0089</dst>
      <dst id="21">2928.0178</dst>
      <dst id="15">255.9289</dst>
    </src>
    <src id="18">
      <dst id="12">148162.8711</dst>
      <dst id="13">464.8178</dst>
      <dst id="19">710.2489</dst>
      <dst id="23">6.8800</dst>
      <dst id="8">265.2267</dst>
      <dst id="4">3669.1733</dst>
      <dst id="1">1410.4000</dst>
      <dst id="5">501.3956</dst>
      <dst id="3">626.8178</dst>
      <dst id="22">312.1422</dst>
      <dst id="7">182.4800</dst>
      <dst id="2">44913.4311</dst>
      <dst id="16">529.6178</dst>
      <dst id="14">14.0267</dst>
      <dst id="20">35.1822</dst>
      <dst id="11">406.3644</dst>
      <dst id="9">190.1422</dst>
      <dst id="17">37796.0533</dst>
      <dst id="21">1079.7511</dst>
      <dst id="15">1.0667</dst>
    </src>
    <src id="4">
      <dst id="12">24220.9333</dst>
      <dst id="19">13018.0356</dst>
      <dst id="8">1104.0711</dst>
      <dst id="18">3289.3778</dst>
      <dst id="4">6.8622</dst>
      <dst id="1">5332.2311</dst>
      <dst id="5">3884.0000</dst>
      <dst id="3">70697.4133</dst>
      <dst id="22">8872.4978</dst>
      <dst id="7">49044.1600</dst>
      <dst id="2">66065.7689</dst>
      <dst id="6">9.9556</dst>
      <dst id="16">4061.3956</dst>
      <dst id="14">3734.3733</dst>
      <dst id="20">2529.6267</dst>
      <dst id="11">5899.2089</dst>
      <dst id="9">11632.4178</dst>
      <dst id="17">157936.0889</dst>
      <dst id="21">17840.2667</dst>
      <dst id="15">353.5200</dst>
    </src>
    <src id="1">
      <dst id="12">25269.6800</dst>
      <dst id="13">996.1244</dst>
      <dst id="19">2086.2311</dst>
      <dst id="23">78.8089</dst>
      <dst id="8">168308.5244</dst>
      <dst id="18">18284.4267</dst>
      <dst id="4">24758.3378</dst>
      <dst id="1">87.2711</dst>
      <dst id="5">293427.0667</dst>
      <dst id="3">92576.8000</dst>
      <dst id="22">3860.5067</dst>
      <dst id="7">16609.5556</dst>
      <dst id="2">13492.2667</dst>
      <dst id="6">10384.0089</dst>
      <dst id="16">15725.7778</dst>
      <dst id="14">2635.9022</dst>
      <dst id="20">6547.6178</dst>
      <dst id="11">1526.0089</dst>
      <dst id="9">338674.7822</dst>
      <dst id="17">22361.1556</dst>
      <dst id="21">24662.7378</dst>
      <dst id="15">2160.6222</dst>
    </src>
    <src id="5">
      <dst id="12">418630.0889</dst>
      <dst id="13">9205.4400</dst>
      <dst id="19">360.0444</dst>
      <dst id="23">13.3333</dst>
      <dst id="8">20128.5511</dst>
      <dst id="18">520.0267</dst>
      <dst id="4">11017.5733</dst>
      <dst id="1">86.2400</dst>
      <dst id="3">14090.2133</dst>
      <dst id="22">8153.8133</dst>
      <dst id="7">424.8800</dst>
      <dst id="2">178205.4844</dst>
      <dst id="6">1.2089</dst>
      <dst id="16">1266.2133</dst>
      <dst id="14">32.6756</dst>
      <dst id="20">10264.7822</dst>
      <dst id="11">2957.6444</dst>
      <dst id="9">9141.0489</dst>
      <dst id="17">104697.4311</dst>
      <dst id="21">1208.7111</dst>
      <dst id="15">538.0267</dst>
    </src>
    <src id="3">
      <dst id="12">15732.1244</dst>
      <dst id="13">5954.9156</dst>
      <dst id="19">1660.9600</dst>
      <dst id="23">240.5511</dst>
      <dst id="8">259.1111</dst>
      <dst id="18">207109.5111</dst>
      <dst id="4">58264.9956</dst>
      <dst id="1">41167.3333</dst>
      <dst id="5">1766.2489</dst>
      <dst id="3">22331.4756</dst>
      <dst id="22">1484.2667</dst>
      <dst id="7">1689.0400</dst>
      <dst id="2">7321.7067</dst>
      <dst id="6">5.7156</dst>
      <dst id="16">1652.0000</dst>
      <dst id="14">56470.3556</dst>
      <dst id="20">7330.7378</dst>
      <dst id="11">201860.0267</dst>
      <dst id="9">612.4267</dst>
      <dst id="17">9011.4044</dst>
      <dst id="21">16857.5822</dst>
      <dst id="15">53.1111</dst>
    </src>
    <src id="10">
      <dst id="12">20207.8133</dst>
      <dst id="19">3182.9867</dst>
      <dst id="8">1158.8889</dst>
      <dst id="18">4727.0311</dst>
      <dst id="4">0.4622</dst>
      <dst id="1">2554.8444</dst>
      <dst id="5">3793.3067</dst>
      <dst id="3">16346.4622</dst>
      <dst id="22">9373.2089</dst>
      <dst id="7">14433.0578</dst>
      <dst id="2">49547.6267</dst>
      <dst id="6">122.0356</dst>
      <dst id="16">2634.1600</dst>
      <dst id="14">1649.5200</dst>
      <dst id="20">8439.0489</dst>
      <dst id="11">7243.1733</dst>
      <dst id="9">4663.5822</dst>
      <dst id="17">29671.2800</dst>
      <dst id="21">28887.8578</dst>
      <dst id="15">1032.9067</dst>
    </src>
    <src id="22">
      <dst id="12">14154.3644</dst>
      <dst id="13">5430.1156</dst>
      <dst id="19">79.6889</dst>
      <dst id="23">38.8178</dst>
      <dst id="8">2870.1422</dst>
      <dst id="18">598.5333</dst>
      <dst id="4">23316.9956</dst>
      <dst id="1">381.6178</dst>
      <dst id="5">4063.4044</dst>
      <dst id="3">1538.3022</dst>
      <dst id="7">1361.8400</dst>
      <dst id="2">3307.2889</dst>
      <dst id="6">35.0044</dst>
      <dst id="16">5.4578</dst>
      <dst id="14">134.4711</dst>
      <dst id="11">2645.8400</dst>
      <dst id="9">5123.8133</dst>
      <dst id="17">5401.1644</dst>
      <dst id="21">1355.5911</dst>
    </src>
    <src id="7">
      <dst id="12">7654.8978</dst>
      <dst id="13">1316.4622</dst>
      <dst id="19">1307.7600</dst>
      <dst id="23">176.8800</dst>
      <dst id="8">1063.3156</dst>
      <dst id="18">687.8667</dst>
      <dst id="4">27850.7200</dst>
      <dst id="1">4293.7333</dst>
      <dst id="5">1729.4400</dst>
      <dst id="3">10300.6222</dst>
      <dst id="22">3787.8667</dst>
      <dst id="7">809.4222</dst>
      <dst id="2">14425.6711</dst>
      <dst id="6">48.0533</dst>
      <dst id="16">1983.5111</dst>
      <dst id="14">519.6444</dst>
      <dst id="20">4174.3733</dst>
      <dst id="11">3859.2622</dst>
      <dst id="9">845.7511</dst>
      <dst id="17">15038.7111</dst>
      <dst id="21">19109.0133</dst>
      <dst id="15">145.7689</dst>
    </src>
    <src id="2">
      <dst id="12">175069.7333</dst>
      <dst id="13">13046.5067</dst>
      <dst id="19">3646.1867</dst>
      <dst id="23">17.6356</dst>
      <dst id="8">836.4267</dst>
      <dst id="18">169490.5689</dst>
      <dst id="4">121773.3067</dst>
      <dst id="1">12989.1644</dst>
      <dst id="5">1301.7333</dst>
      <dst id="3">6590.3911</dst>
      <dst id="22">2312.0622</dst>
      <dst id="7">8940.8000</dst>
      <dst id="2">1364.3911</dst>
      <dst id="6">10816.8356</dst>
      <dst id="16">11760.6133</dst>
      <dst id="14">1701.8756</dst>
      <dst id="20">1131.9556</dst>
      <dst id="11">7666.5511</dst>
      <dst id="9">2595.7689</dst>
      <dst id="17">65375.6089</dst>
      <dst id="21">7723.7511</dst>
      <dst id="15">787.8222</dst>
    </src>
    <src id="6">
      <dst id="12">12276.6489</dst>
      <dst id="13">56.2844</dst>
      <dst id="19">40.4178</dst>
      <dst id="23">63.5022</dst>
      <dst id="8">2.1333</dst>
      <dst id="18">71.8400</dst>
      <dst id="4">78.1244</dst>
      <dst id="1">108.1422</dst>
      <dst id="3">107.1911</dst>
      <dst id="22">39.6267</dst>
      <dst id="7">37.0133</dst>
      <dst id="2">2608.3556</dst>
      <dst id="16">39.4844</dst>
      <dst id="20">0.3556</dst>
      <dst id="11">35.0667</dst>
      <dst id="9">56.5867</dst>
      <dst id="17">1710.2756</dst>
      <dst id="21">125.4400</dst>
      <dst id="15">1.6889</dst>
    </src>
    <src id="16">
      <dst id="12">4427.3067</dst>
      <dst id="13">940.5956</dst>
      <dst id="19">4033.0756</dst>
      <dst id="23">109.8489</dst>
      <dst id="8">7308.9333</dst>
      <dst id="18">669.6267</dst>
      <dst id="4">8126.2578</dst>
      <dst id="1">22013.4133</dst>
      <dst id="5">8071.0044</dst>
      <dst id="3">1490.8978</dst>
      <dst id="7">1338.7556</dst>
      <dst id="2">4879.7067</dst>
      <dst id="6">0.4622</dst>
      <dst id="16">48.8267</dst>
      <dst id="14">517.8578</dst>
      <dst id="11">567.0489</dst>
      <dst id="9">9488.5067</dst>
      <dst id="17">15430.0622</dst>
      <dst id="21">740.6133</dst>
    </src>
    <src id="14">
      <dst id="12">31221.5200</dst>
      <dst id="13">172.0444</dst>
      <dst id="19">6.6489</dst>
      <dst id="8">5.9200</dst>
      <dst id="18">38.3289</dst>
      <dst id="4">2392.8178</dst>
      <dst id="1">178.1333</dst>
      <dst id="5">7.6000</dst>
      <dst id="3">244.8978</dst>
      <dst id="22">64.2933</dst>
      <dst id="7">116.0000</dst>
      <dst id="2">8144.3289</dst>
      <dst id="16">10.2400</dst>
      <dst id="20">40.0089</dst>
      <dst id="11">63.2444</dst>
      <dst id="9">86.7200</dst>
      <dst id="17">12936.0711</dst>
      <dst id="21">296.7822</dst>
      <dst id="15">1.3867</dst>
    </src>
    <src id="20">
      <dst id="12">11018.2578</dst>
      <dst id="13">6588.8889</dst>
      <dst id="19">1072.0889</dst>
      <dst id="23">1.9911</dst>
      <dst id="8">4333.4578</dst>
      <dst id="18">1164.5511</dst>
      <dst id="4">22070.6400</dst>
      <dst id="1">267.8044</dst>
      <dst id="5">5745.1467</dst>
      <dst id="3">953.5022</dst>
      <dst id="7">2762.0444</dst>
      <dst id="2">16276.4178</dst>
      <dst id="6">15.0578</dst>
      <dst id="16">1.9911</dst>
      <dst id="14">143.3067</dst>
      <dst id="11">1199.7600</dst>
      <dst id="9">2776.9156</dst>
      <dst id="17">11434.6933</dst>
      <dst id="21">4663.1644</dst>
    </src>
    <src id="11">
      <dst id="12">413800.4089</dst>
      <dst id="13">2160.1956</dst>
      <dst id="19">111.6533</dst>
      <dst id="23">1095.5467</dst>
      <dst id="8">939.9378</dst>
      <dst id="18">1038.2400</dst>
      <dst id="4">12833.3333</dst>
      <dst id="1">929.7600</dst>
      <dst id="5">1196.4711</dst>
      <dst id="3">3239.4044</dst>
      <dst id="22">3522.7378</dst>
      <dst id="7">1800.8622</dst>
      <dst id="2">160594.3556</dst>
      <dst id="6">4.9511</dst>
      <dst id="16">1712.2578</dst>
      <dst id="14">101.2267</dst>
      <dst id="20">2794.6844</dst>
      <dst id="11">2067.4133</dst>
      <dst id="9">1975.2178</dst>
      <dst id="17">101270.5956</dst>
      <dst id="21">5696.5956</dst>
      <dst id="15">1360.4444</dst>
    </src>
    <src id="9">
      <dst id="12">521073.3867</dst>
      <dst id="13">9424.5689</dst>
      <dst id="19">241.7156</dst>
      <dst id="23">118.6756</dst>
      <dst id="8">2042.4444</dst>
      <dst id="18">879.6711</dst>
      <dst id="4">12552.8356</dst>
      <dst id="1">3663.4489</dst>
      <dst id="5">13673.2711</dst>
      <dst id="3">2526.6133</dst>
      <dst id="22">5661.7778</dst>
      <dst id="7">1136.1244</dst>
      <dst id="2">185478.7289</dst>
      <dst id="6">7.1378</dst>
      <dst id="16">1194.1067</dst>
      <dst id="14">40.2933</dst>
      <dst id="20">5604.8889</dst>
      <dst id="11">3910.4267</dst>
      <dst id="9">4869.6800</dst>
      <dst id="17">121564.4356</dst>
      <dst id="21">1321.0756</dst>
      <dst id="15">1994.9333</dst>
    </src>
    <src id="17">
      <dst id="12">25496.7111</dst>
      <dst id="13">16741.8933</dst>
      <dst id="19">20538.1067</dst>
      <dst id="23">974.0889</dst>
      <dst id="8">188717.5022</dst>
      <dst id="18">1657.6267</dst>
      <dst id="4">101268.2667</dst>
      <dst id="1">6630.3822</dst>
      <dst id="5">276503.1200</dst>
      <dst id="3">20337.8311</dst>
      <dst id="22">21702.5600</dst>
      <dst id="7">10676.7378</dst>
      <dst id="2">92670.1244</dst>
      <dst id="6">182.2578</dst>
      <dst id="16">10298.6044</dst>
      <dst id="14">52609.6267</dst>
      <dst id="20">4551.3422</dst>
      <dst id="11">158878.8444</dst>
      <dst id="9">304148.1156</dst>
      <dst id="17">1473.6978</dst>
      <dst id="21">27705.4222</dst>
      <dst id="15">1249.9644</dst>
    </src>
    <src id="21">
      <dst id="12">24145.4311</dst>
      <dst id="13">2289.2000</dst>
      <dst id="19">968.6667</dst>
      <dst id="23">220.7467</dst>
      <dst id="8">3524.4356</dst>
      <dst id="18">2355.7422</dst>
      <dst id="4">37444.3289</dst>
      <dst id="1">3314.2133</dst>
      <dst id="5">719.5556</dst>
      <dst id="3">6724.3644</dst>
      <dst id="22">2329.3600</dst>
      <dst id="7">4674.1244</dst>
      <dst id="2">14924.9600</dst>
      <dst id="6">26.9511</dst>
      <dst id="16">1017.0667</dst>
      <dst id="14">125.1644</dst>
      <dst id="20">1006.7378</dst>
      <dst id="11">1299.7600</dst>
      <dst id="9">1305.2978</dst>
      <dst id="17">7617.4400</dst>
      <dst id="21">4505.4844</dst>
      <dst id="15">154.6667</dst>
    </src>
    <src id="15">
      <dst id="12">3250.5689</dst>
      <dst id="13">406.4000</dst>
      <dst id="19">130.6133</dst>
      <dst id="23">2.9511</dst>
      <dst id="8">335.7422</dst>
      <dst id="18">42.5600</dst>
      <dst id="4">2371.8578</dst>
      <dst id="1">328.0800</dst>
      <dst id="5">3530.1244</dst>
      <dst id="3">792.0000</dst>
      <dst id="7">238.2311</dst>
      <dst id="2">572.4444</dst>
      <dst id="14">3.1644</dst>
      <dst id="11">493.4844</dst>
      <dst id="9">888.7289</dst>
      <dst id="17">8000.8178</dst>
      <dst id="21">456.2844</dst>
    </src>
  </IntraTM>
</TrafficMatrixFile>
