<?xml version="1.0" encoding="UTF-8" standalone="yes"?>
<TrafficMatrixFile xmlns:xsi="http://www.w3.org/2001/XMLSchema-instance" xsi:noNamespaceSchemaLocation="http://totem.run.montefiore.ulg.ac.be/Schema/TrafficMatrix-v1_2.xsd">
  <info>
    <title>Intradomain traffic matrix generated by geant-TM-all.pl</title>
    <date>2005-01-05T08:30:00</date>
    <duration>900</duration>
    <author>Steve Uhlig</author>
    <units>
        <unit type="bandwidth" value="kbps"/>
    </units>
  </info>
  <IntraTM ASID="20965">
    <src id="12">
      <dst id="12">225003.4133</dst>
      <dst id="13">15742.8356</dst>
      <dst id="19">1642.6311</dst>
      <dst id="23">1447.5911</dst>
      <dst id="8">6674.5422</dst>
      <dst id="18">705.3867</dst>
      <dst id="4">79453.6178</dst>
      <dst id="1">16415.2978</dst>
      <dst id="5">4214.7911</dst>
      <dst id="3">1502.4267</dst>
      <dst id="22">12550.5067</dst>
      <dst id="7">4625.0933</dst>
      <dst id="2">72075.4756</dst>
      <dst id="6">3.2711</dst>
      <dst id="16">6557.1733</dst>
      <dst id="14">288.9511</dst>
      <dst id="20">2020.5867</dst>
      <dst id="11">4670.7556</dst>
      <dst id="9">10661.3067</dst>
      <dst id="17">77588.0356</dst>
      <dst id="21">2342.1333</dst>
      <dst id="15">1870.4444</dst>
    </src>
    <src id="13">
      <dst id="12">61601.5822</dst>
      <dst id="19">6538.0444</dst>
      <dst id="23">64.5689</dst>
      <dst id="8">4218.0444</dst>
      <dst id="18">2766.4711</dst>
      <dst id="4">2.7378</dst>
      <dst id="1">4574.6133</dst>
      <dst id="5">12500.8978</dst>
      <dst id="3">6665.1911</dst>
      <dst id="22">21829.8222</dst>
      <dst id="7">12208.5689</dst>
      <dst id="2">92809.8844</dst>
      <dst id="6">79.0667</dst>
      <dst id="16">8334.9778</dst>
      <dst id="14">1436.2133</dst>
      <dst id="20">14563.0311</dst>
      <dst id="11">10504.7289</dst>
      <dst id="9">11636.6044</dst>
      <dst id="17">45033.9644</dst>
      <dst id="21">9710.4889</dst>
      <dst id="15">3012.2400</dst>
    </src>
    <src id="19">
      <dst id="12">13552.0000</dst>
      <dst id="13">220.3733</dst>
      <dst id="23">3.2356</dst>
      <dst id="18">1.9200</dst>
      <dst id="4">19766.4444</dst>
      <dst id="1">260.6933</dst>
      <dst id="5">48.2844</dst>
      <dst id="3">93.7956</dst>
      <dst id="22">852.7022</dst>
      <dst id="7">2721.1289</dst>
      <dst id="2">330.1156</dst>
      <dst id="6">83.9378</dst>
      <dst id="16">5590.4356</dst>
      <dst id="20">1.7600</dst>
      <dst id="11">362.4000</dst>
      <dst id="9">3.0133</dst>
      <dst id="17">1478.9422</dst>
      <dst id="21">6.6311</dst>
      <dst id="15">904.3111</dst>
    </src>
    <src id="23">
      <dst id="12">149.5467</dst>
      <dst id="13">156.9867</dst>
      <dst id="19">93.8044</dst>
      <dst id="8">2.7467</dst>
      <dst id="18">11.1200</dst>
      <dst id="4">16.3911</dst>
      <dst id="1">22.2489</dst>
      <dst id="5">12.9778</dst>
      <dst id="3">258.8622</dst>
      <dst id="22">101.2889</dst>
      <dst id="7">18.6400</dst>
      <dst id="2">110.2756</dst>
      <dst id="6">33.5644</dst>
      <dst id="16">852.3200</dst>
      <dst id="14">133.3333</dst>
      <dst id="20">39.6444</dst>
      <dst id="11">36.8533</dst>
      <dst id="9">2071.9289</dst>
      <dst id="17">111.2800</dst>
      <dst id="21">26.7733</dst>
      <dst id="15">7.5289</dst>
    </src>
    <src id="8">
      <dst id="12">318402.5156</dst>
      <dst id="13">809.9200</dst>
      <dst id="19">0.4711</dst>
      <dst id="23">613.3333</dst>
      <dst id="18">7.3600</dst>
      <dst id="4">13969.8578</dst>
      <dst id="1">1004.8622</dst>
      <dst id="5">8546.8533</dst>
      <dst id="3">50.4889</dst>
      <dst id="22">1037.5911</dst>
      <dst id="7">59.4933</dst>
      <dst id="2">125291.5644</dst>
      <dst id="16">1289.4578</dst>
      <dst id="20">120.0444</dst>
      <dst id="11">313.2356</dst>
      <dst id="9">5859.3156</dst>
      <dst id="17">120675.4756</dst>
      <dst id="21">210.8089</dst>
      <dst id="15">36.3822</dst>
    </src>
    <src id="18">
      <dst id="12">94444.8978</dst>
      <dst id="13">318.3022</dst>
      <dst id="19">1.3422</dst>
      <dst id="23">1.9200</dst>
      <dst id="8">153.2800</dst>
      <dst id="4">1156.9511</dst>
      <dst id="1">886.8000</dst>
      <dst id="5">122.6844</dst>
      <dst id="3">370.5067</dst>
      <dst id="22">950.7111</dst>
      <dst id="7">110.5244</dst>
      <dst id="2">29194.1867</dst>
      <dst id="16">1.4222</dst>
      <dst id="14">0.4622</dst>
      <dst id="20">2.7022</dst>
      <dst id="11">114.6489</dst>
      <dst id="9">72.1067</dst>
      <dst id="17">36012.1956</dst>
      <dst id="21">106.3289</dst>
      <dst id="15">2.4178</dst>
    </src>
    <src id="4">
      <dst id="12">17000.6133</dst>
      <dst id="19">14994.8444</dst>
      <dst id="8">1886.9422</dst>
      <dst id="18">334.6667</dst>
      <dst id="4">2.8978</dst>
      <dst id="1">19708.2044</dst>
      <dst id="5">922.4978</dst>
      <dst id="3">31.4311</dst>
      <dst id="22">3318.4800</dst>
      <dst id="7">72091.1022</dst>
      <dst id="2">95485.2089</dst>
      <dst id="6">27.8844</dst>
      <dst id="16">1496.6578</dst>
      <dst id="14">944.1422</dst>
      <dst id="20">4912.9600</dst>
      <dst id="11">2716.4356</dst>
      <dst id="9">3122.1956</dst>
      <dst id="17">14199.2889</dst>
      <dst id="21">5726.0267</dst>
      <dst id="15">466.3467</dst>
    </src>
    <src id="1">
      <dst id="12">18296.9422</dst>
      <dst id="13">4343.1733</dst>
      <dst id="19">1.6711</dst>
      <dst id="23">39.1822</dst>
      <dst id="8">92535.6800</dst>
      <dst id="18">12827.2444</dst>
      <dst id="4">5517.7333</dst>
      <dst id="1">8668.2400</dst>
      <dst id="5">176100.6044</dst>
      <dst id="3">132.3911</dst>
      <dst id="22">3388.3733</dst>
      <dst id="7">1282.4622</dst>
      <dst id="2">15212.7022</dst>
      <dst id="6">9693.0133</dst>
      <dst id="16">9193.2889</dst>
      <dst id="14">102.5689</dst>
      <dst id="20">134.7289</dst>
      <dst id="11">421.8933</dst>
      <dst id="9">169096.7022</dst>
      <dst id="17">4965.2356</dst>
      <dst id="21">12513.0400</dst>
      <dst id="15">162.5067</dst>
    </src>
    <src id="5">
      <dst id="12">268864.7911</dst>
      <dst id="13">891.9467</dst>
      <dst id="19">58.1156</dst>
      <dst id="8">7680.9067</dst>
      <dst id="18">420.9067</dst>
      <dst id="4">5589.6267</dst>
      <dst id="1">271.1733</dst>
      <dst id="3">5.1556</dst>
      <dst id="22">3894.9956</dst>
      <dst id="7">1443.8933</dst>
      <dst id="2">119482.8800</dst>
      <dst id="6">14.0978</dst>
      <dst id="16">449.8044</dst>
      <dst id="20">1846.2578</dst>
      <dst id="11">842.5778</dst>
      <dst id="9">306.8267</dst>
      <dst id="17">101266.8800</dst>
      <dst id="21">116.0622</dst>
      <dst id="15">552.1689</dst>
    </src>
    <src id="3">
      <dst id="12">20365.3689</dst>
      <dst id="13">9904.4267</dst>
      <dst id="19">4043.2800</dst>
      <dst id="23">8102.3556</dst>
      <dst id="8">14.4356</dst>
      <dst id="18">53146.9511</dst>
      <dst id="4">21570.1867</dst>
      <dst id="1">5482.8356</dst>
      <dst id="5">913.7244</dst>
      <dst id="3">10028.1422</dst>
      <dst id="22">902.2844</dst>
      <dst id="7">3778.0533</dst>
      <dst id="2">21609.9467</dst>
      <dst id="6">0.9333</dst>
      <dst id="16">696.8978</dst>
      <dst id="14">22167.5911</dst>
      <dst id="20">8575.3422</dst>
      <dst id="11">144258.2133</dst>
      <dst id="9">655.5022</dst>
      <dst id="17">13101.3867</dst>
      <dst id="21">11012.3733</dst>
      <dst id="15">1229.5556</dst>
    </src>
    <src id="10">
      <dst id="12">18505.8400</dst>
      <dst id="19">672.1956</dst>
      <dst id="8">637.1200</dst>
      <dst id="18">3893.2089</dst>
      <dst id="4">1.4933</dst>
      <dst id="1">3033.6178</dst>
      <dst id="5">439.0489</dst>
      <dst id="3">1229.3333</dst>
      <dst id="22">5519.9911</dst>
      <dst id="7">7419.5378</dst>
      <dst id="2">17501.6978</dst>
      <dst id="16">2448.7733</dst>
      <dst id="14">2777.2267</dst>
      <dst id="20">535.0756</dst>
      <dst id="11">3773.0756</dst>
      <dst id="9">900.1511</dst>
      <dst id="17">22955.7244</dst>
      <dst id="21">4312.7822</dst>
      <dst id="15">116.4978</dst>
    </src>
    <src id="22">
      <dst id="12">9067.6089</dst>
      <dst id="13">6451.5378</dst>
      <dst id="19">1084.7289</dst>
      <dst id="23">1118.1956</dst>
      <dst id="8">933.2533</dst>
      <dst id="18">1468.4000</dst>
      <dst id="4">17097.3600</dst>
      <dst id="1">233.3956</dst>
      <dst id="5">6077.9644</dst>
      <dst id="3">1092.2844</dst>
      <dst id="7">3400.5511</dst>
      <dst id="2">7767.6000</dst>
      <dst id="6">34.5689</dst>
      <dst id="16">7.5733</dst>
      <dst id="14">40.8978</dst>
      <dst id="11">2203.7867</dst>
      <dst id="9">1217.0133</dst>
      <dst id="17">4109.4400</dst>
      <dst id="21">472.8978</dst>
    </src>
    <src id="7">
      <dst id="12">3058.2756</dst>
      <dst id="13">503.9467</dst>
      <dst id="19">1156.0711</dst>
      <dst id="23">170.7200</dst>
      <dst id="8">201.6356</dst>
      <dst id="18">116.5244</dst>
      <dst id="4">17721.0667</dst>
      <dst id="1">3169.6356</dst>
      <dst id="5">1177.3511</dst>
      <dst id="3">67.1733</dst>
      <dst id="22">5436.6844</dst>
      <dst id="7">855.0400</dst>
      <dst id="2">6801.1556</dst>
      <dst id="6">13.4756</dst>
      <dst id="16">499.4756</dst>
      <dst id="14">50.3733</dst>
      <dst id="20">304.0622</dst>
      <dst id="11">3299.7333</dst>
      <dst id="9">599.0844</dst>
      <dst id="17">4074.8978</dst>
      <dst id="21">2065.6978</dst>
      <dst id="15">69.9911</dst>
    </src>
    <src id="2">
      <dst id="12">66658.2489</dst>
      <dst id="13">505192.5156</dst>
      <dst id="19">2149.8400</dst>
      <dst id="23">71.8400</dst>
      <dst id="8">73.4044</dst>
      <dst id="18">48782.9156</dst>
      <dst id="4">84577.6356</dst>
      <dst id="1">10539.1556</dst>
      <dst id="5">735.6089</dst>
      <dst id="3">186.5156</dst>
      <dst id="22">3860.7378</dst>
      <dst id="7">13933.7244</dst>
      <dst id="2">829.6533</dst>
      <dst id="6">5698.0711</dst>
      <dst id="16">2190.1867</dst>
      <dst id="14">5337.9822</dst>
      <dst id="20">416.4711</dst>
      <dst id="11">1415.0400</dst>
      <dst id="9">1410.8533</dst>
      <dst id="17">15264.8889</dst>
      <dst id="21">5863.1200</dst>
      <dst id="15">2748.5867</dst>
    </src>
    <src id="6">
      <dst id="12">7866.6400</dst>
      <dst id="13">6.2844</dst>
      <dst id="19">2.5333</dst>
      <dst id="23">2.3289</dst>
      <dst id="18">0.5600</dst>
      <dst id="4">1260.9333</dst>
      <dst id="5">0.3556</dst>
      <dst id="22">37.6533</dst>
      <dst id="7">0.7289</dst>
      <dst id="2">1715.0844</dst>
      <dst id="16">0.6222</dst>
      <dst id="14">0.3556</dst>
      <dst id="11">0.8178</dst>
      <dst id="17">1578.1333</dst>
      <dst id="21">0.9778</dst>
    </src>
    <src id="16">
      <dst id="12">1444.1689</dst>
      <dst id="13">500.9511</dst>
      <dst id="19">4342.8711</dst>
      <dst id="23">15.9289</dst>
      <dst id="8">2902.8800</dst>
      <dst id="18">25.0844</dst>
      <dst id="4">3626.8978</dst>
      <dst id="1">13586.4356</dst>
      <dst id="5">6412.0089</dst>
      <dst id="7">2718.9956</dst>
      <dst id="2">1803.4400</dst>
      <dst id="6">1.6089</dst>
      <dst id="16">47.6889</dst>
      <dst id="14">147.4489</dst>
      <dst id="11">160.2489</dst>
      <dst id="9">2338.2133</dst>
      <dst id="17">1934.7911</dst>
      <dst id="21">2125.5644</dst>
    </src>
    <src id="14">
      <dst id="12">22157.0489</dst>
      <dst id="13">21.1289</dst>
      <dst id="19">4.7200</dst>
      <dst id="23">0.9244</dst>
      <dst id="8">0.4267</dst>
      <dst id="18">10.4622</dst>
      <dst id="4">2557.2800</dst>
      <dst id="1">69.4667</dst>
      <dst id="5">1.7689</dst>
      <dst id="3">50.5778</dst>
      <dst id="22">27.8489</dst>
      <dst id="7">55.1022</dst>
      <dst id="2">6347.9378</dst>
      <dst id="16">6.2933</dst>
      <dst id="20">21.1289</dst>
      <dst id="11">54.7733</dst>
      <dst id="9">26.6667</dst>
      <dst id="17">13009.7511</dst>
      <dst id="21">67.6444</dst>
      <dst id="15">4.5511</dst>
    </src>
    <src id="20">
      <dst id="12">4772.4889</dst>
      <dst id="13">1442.4978</dst>
      <dst id="19">1.5022</dst>
      <dst id="23">1.9911</dst>
      <dst id="8">1086.1156</dst>
      <dst id="18">1.8222</dst>
      <dst id="4">5135.0044</dst>
      <dst id="1">143.9556</dst>
      <dst id="5">7734.2133</dst>
      <dst id="3">1952.4178</dst>
      <dst id="7">512.6400</dst>
      <dst id="2">1740.5778</dst>
      <dst id="6">13.2622</dst>
      <dst id="14">694.2222</dst>
      <dst id="11">276.3111</dst>
      <dst id="9">4009.7689</dst>
      <dst id="17">231.7867</dst>
      <dst id="21">1106.5067</dst>
    </src>
    <src id="11">
      <dst id="12">387070.2044</dst>
      <dst id="13">3244.2400</dst>
      <dst id="19">64.3289</dst>
      <dst id="23">10.8711</dst>
      <dst id="8">460.0089</dst>
      <dst id="18">53.2622</dst>
      <dst id="4">7175.2889</dst>
      <dst id="1">546.8711</dst>
      <dst id="5">1890.7733</dst>
      <dst id="3">384.0444</dst>
      <dst id="22">3107.4844</dst>
      <dst id="7">579.4578</dst>
      <dst id="2">139728.1867</dst>
      <dst id="6">57.7333</dst>
      <dst id="16">182.1956</dst>
      <dst id="14">35.4222</dst>
      <dst id="20">100.1956</dst>
      <dst id="11">1842.0089</dst>
      <dst id="9">692.8711</dst>
      <dst id="17">151578.0533</dst>
      <dst id="21">361.0222</dst>
      <dst id="15">239.6444</dst>
    </src>
    <src id="9">
      <dst id="12">479191.8489</dst>
      <dst id="13">3789.2000</dst>
      <dst id="19">15.6089</dst>
      <dst id="23">54.6844</dst>
      <dst id="8">346.0444</dst>
      <dst id="18">87.3511</dst>
      <dst id="4">9703.2622</dst>
      <dst id="1">853.8756</dst>
      <dst id="5">1188.1244</dst>
      <dst id="3">13.9378</dst>
      <dst id="22">8933.6533</dst>
      <dst id="7">254.4711</dst>
      <dst id="2">176261.0311</dst>
      <dst id="6">1.3156</dst>
      <dst id="16">982.2311</dst>
      <dst id="14">38.4800</dst>
      <dst id="20">5213.6800</dst>
      <dst id="11">1257.1200</dst>
      <dst id="9">700.4622</dst>
      <dst id="17">157940.3289</dst>
      <dst id="21">265.1911</dst>
      <dst id="15">867.1822</dst>
    </src>
    <src id="17">
      <dst id="12">6867.9111</dst>
      <dst id="13">1885.5467</dst>
      <dst id="19">1440.3911</dst>
      <dst id="23">49.3422</dst>
      <dst id="8">111274.6400</dst>
      <dst id="18">942.7111</dst>
      <dst id="4">82774.0711</dst>
      <dst id="1">7236.0267</dst>
      <dst id="5">166833.5556</dst>
      <dst id="3">7139.2978</dst>
      <dst id="22">6709.1556</dst>
      <dst id="7">1252.8267</dst>
      <dst id="2">21396.1600</dst>
      <dst id="6">14.5600</dst>
      <dst id="16">6661.6267</dst>
      <dst id="14">19414.7644</dst>
      <dst id="20">345.7156</dst>
      <dst id="11">91136.5422</dst>
      <dst id="9">181083.1733</dst>
      <dst id="17">1460.0267</dst>
      <dst id="21">4182.4800</dst>
      <dst id="15">131.7244</dst>
    </src>
    <src id="21">
      <dst id="12">15036.0356</dst>
      <dst id="13">2705.4489</dst>
      <dst id="19">216.0889</dst>
      <dst id="23">89.6356</dst>
      <dst id="8">122.7467</dst>
      <dst id="18">105.7333</dst>
      <dst id="4">16309.5111</dst>
      <dst id="1">1951.9911</dst>
      <dst id="5">243.4844</dst>
      <dst id="3">3898.4356</dst>
      <dst id="22">4211.3778</dst>
      <dst id="7">3270.0356</dst>
      <dst id="2">11655.5378</dst>
      <dst id="16">633.2533</dst>
      <dst id="14">137.1644</dst>
      <dst id="20">240.4089</dst>
      <dst id="11">1807.4133</dst>
      <dst id="9">320.6489</dst>
      <dst id="17">3055.8489</dst>
      <dst id="21">1141.9556</dst>
      <dst id="15">73.8933</dst>
    </src>
    <src id="15">
      <dst id="12">921.6089</dst>
      <dst id="13">768.4356</dst>
      <dst id="19">5427.2444</dst>
      <dst id="23">1.3867</dst>
      <dst id="8">209.7956</dst>
      <dst id="18">3.0578</dst>
      <dst id="4">2156.7378</dst>
      <dst id="1">998.9778</dst>
      <dst id="5">466.3022</dst>
      <dst id="3">14.6133</dst>
      <dst id="7">564.0178</dst>
      <dst id="2">171.3333</dst>
      <dst id="6">1.1378</dst>
      <dst id="16">0.4178</dst>
      <dst id="14">1.3867</dst>
      <dst id="11">153.3067</dst>
      <dst id="9">1552.4711</dst>
      <dst id="17">272.4000</dst>
      <dst id="21">127.8044</dst>
    </src>
  </IntraTM>
</TrafficMatrixFile>
