<?xml version="1.0" encoding="UTF-8" standalone="yes"?>
<TrafficMatrixFile xmlns:xsi="http://www.w3.org/2001/XMLSchema-instance" xsi:noNamespaceSchemaLocation="http://totem.run.montefiore.ulg.ac.be/Schema/TrafficMatrix-v1_2.xsd">
  <info>
    <title>Intradomain traffic matrix generated by geant-TM-all.pl</title>
    <date>2005-01-01T12:30:00</date>
    <duration>900</duration>
    <author>Steve Uhlig</author>
    <units>
        <unit type="bandwidth" value="kbps"/>
    </units>
  </info>
  <IntraTM ASID="20965">
    <src id="12">
      <dst id="12">215160.7467</dst>
      <dst id="13">10869.5822</dst>
      <dst id="19">3236.8622</dst>
      <dst id="23">11.5733</dst>
      <dst id="8">1741.5111</dst>
      <dst id="18">5803.0044</dst>
      <dst id="4">99385.8044</dst>
      <dst id="1">7821.7867</dst>
      <dst id="5">3567.6622</dst>
      <dst id="3">3806.5511</dst>
      <dst id="22">3163.3689</dst>
      <dst id="7">1537.5200</dst>
      <dst id="2">62583.1289</dst>
      <dst id="6">4.6578</dst>
      <dst id="16">5592.3644</dst>
      <dst id="14">1166.2933</dst>
      <dst id="20">8831.0578</dst>
      <dst id="11">1398.3733</dst>
      <dst id="9">6139.2622</dst>
      <dst id="17">40199.8133</dst>
      <dst id="21">8608.0800</dst>
      <dst id="15">6072.8622</dst>
    </src>
    <src id="13">
      <dst id="12">49243.5111</dst>
      <dst id="19">22350.4800</dst>
      <dst id="23">23.8044</dst>
      <dst id="8">1791.2089</dst>
      <dst id="18">2715.1467</dst>
      <dst id="1">1793.7778</dst>
      <dst id="5">4956.9244</dst>
      <dst id="3">6181.1289</dst>
      <dst id="22">16669.3067</dst>
      <dst id="7">6476.5511</dst>
      <dst id="2">69404.0978</dst>
      <dst id="6">10.5422</dst>
      <dst id="16">5998.5600</dst>
      <dst id="14">1533.8667</dst>
      <dst id="20">13306.2489</dst>
      <dst id="11">6329.0844</dst>
      <dst id="9">10283.9822</dst>
      <dst id="17">71119.7067</dst>
      <dst id="21">9965.8844</dst>
      <dst id="15">2428.4089</dst>
    </src>
    <src id="19">
      <dst id="12">11885.4756</dst>
      <dst id="13">7073.2889</dst>
      <dst id="23">0.4622</dst>
      <dst id="8">21.9378</dst>
      <dst id="18">2.0889</dst>
      <dst id="4">23573.6889</dst>
      <dst id="1">72.3378</dst>
      <dst id="3">303.9644</dst>
      <dst id="22">116.1689</dst>
      <dst id="7">3300.7022</dst>
      <dst id="2">79.0311</dst>
      <dst id="6">81.1911</dst>
      <dst id="16">11515.7778</dst>
      <dst id="14">2.4889</dst>
      <dst id="11">3.9200</dst>
      <dst id="9">2.5956</dst>
      <dst id="17">472.9956</dst>
      <dst id="21">607.4311</dst>
      <dst id="15">0.4978</dst>
    </src>
    <src id="23">
      <dst id="12">209.1822</dst>
      <dst id="13">36.1689</dst>
      <dst id="19">0.4267</dst>
      <dst id="18">0.3556</dst>
      <dst id="4">662.2311</dst>
      <dst id="1">18.1244</dst>
      <dst id="5">2.5333</dst>
      <dst id="3">64.6400</dst>
      <dst id="22">14.0444</dst>
      <dst id="7">44.3467</dst>
      <dst id="2">164.5867</dst>
      <dst id="16">2.9156</dst>
      <dst id="14">12.6222</dst>
      <dst id="20">0.4622</dst>
      <dst id="11">25.9556</dst>
      <dst id="9">366.6400</dst>
      <dst id="17">53.1022</dst>
      <dst id="21">71.6711</dst>
    </src>
    <src id="8">
      <dst id="12">271254.3200</dst>
      <dst id="13">732.2578</dst>
      <dst id="19">81.3067</dst>
      <dst id="18">78.6400</dst>
      <dst id="4">4869.9378</dst>
      <dst id="1">95.9289</dst>
      <dst id="5">388.9867</dst>
      <dst id="3">23.1644</dst>
      <dst id="22">937.2000</dst>
      <dst id="7">14.3378</dst>
      <dst id="2">81377.7689</dst>
      <dst id="16">153.8844</dst>
      <dst id="20">70.6489</dst>
      <dst id="11">201.2711</dst>
      <dst id="9">102.2844</dst>
      <dst id="17">56063.2000</dst>
      <dst id="21">4.1422</dst>
      <dst id="15">97.7867</dst>
    </src>
    <src id="18">
      <dst id="12">116439.6711</dst>
      <dst id="13">470.6489</dst>
      <dst id="19">0.5867</dst>
      <dst id="23">2.5956</dst>
      <dst id="8">1.9200</dst>
      <dst id="4">1448.7200</dst>
      <dst id="1">1267.2444</dst>
      <dst id="5">345.4933</dst>
      <dst id="3">270.5956</dst>
      <dst id="22">129.9733</dst>
      <dst id="7">119.3244</dst>
      <dst id="2">29844.3467</dst>
      <dst id="16">10.3289</dst>
      <dst id="14">11.4133</dst>
      <dst id="20">39.3778</dst>
      <dst id="11">100.8889</dst>
      <dst id="9">62.9422</dst>
      <dst id="17">25985.8133</dst>
      <dst id="21">105.2444</dst>
      <dst id="15">148.6578</dst>
    </src>
    <src id="4">
      <dst id="12">12836.8622</dst>
      <dst id="19">9233.4844</dst>
      <dst id="8">885.9289</dst>
      <dst id="18">1320.9511</dst>
      <dst id="4">2.1867</dst>
      <dst id="1">920.8356</dst>
      <dst id="5">2159.5111</dst>
      <dst id="3">8190.2756</dst>
      <dst id="22">2897.3600</dst>
      <dst id="7">62698.7644</dst>
      <dst id="2">32150.0356</dst>
      <dst id="6">2.9956</dst>
      <dst id="16">2541.9111</dst>
      <dst id="14">720.9422</dst>
      <dst id="20">254.1689</dst>
      <dst id="11">5993.4489</dst>
      <dst id="9">2054.3822</dst>
      <dst id="17">27359.9200</dst>
      <dst id="21">6310.7911</dst>
      <dst id="15">79.9289</dst>
    </src>
    <src id="1">
      <dst id="12">17349.2533</dst>
      <dst id="13">252.1600</dst>
      <dst id="19">3481.6889</dst>
      <dst id="23">52.8711</dst>
      <dst id="8">56094.7556</dst>
      <dst id="18">11150.2133</dst>
      <dst id="4">8389.8044</dst>
      <dst id="1">71.1378</dst>
      <dst id="5">128381.2889</dst>
      <dst id="3">39301.6444</dst>
      <dst id="22">1065.7422</dst>
      <dst id="7">15481.8222</dst>
      <dst id="2">1502.7378</dst>
      <dst id="6">3095.0933</dst>
      <dst id="16">16589.8044</dst>
      <dst id="14">94.1778</dst>
      <dst id="20">177.7778</dst>
      <dst id="11">1814.3556</dst>
      <dst id="9">131315.4400</dst>
      <dst id="17">1135.0844</dst>
      <dst id="21">3369.3511</dst>
      <dst id="15">122.8000</dst>
    </src>
    <src id="5">
      <dst id="12">286035.6622</dst>
      <dst id="13">672.9244</dst>
      <dst id="19">0.9422</dst>
      <dst id="23">66.6667</dst>
      <dst id="8">209.4756</dst>
      <dst id="18">191.4844</dst>
      <dst id="4">7462.6578</dst>
      <dst id="1">39.2800</dst>
      <dst id="3">222.0622</dst>
      <dst id="22">3041.5111</dst>
      <dst id="7">109.1733</dst>
      <dst id="2">122676.2756</dst>
      <dst id="6">0.8178</dst>
      <dst id="16">522.4800</dst>
      <dst id="14">50.1244</dst>
      <dst id="20">280.3911</dst>
      <dst id="11">1069.2000</dst>
      <dst id="9">1244.4711</dst>
      <dst id="17">67988.1511</dst>
      <dst id="21">533.5378</dst>
      <dst id="15">220.5067</dst>
    </src>
    <src id="3">
      <dst id="12">20671.6711</dst>
      <dst id="13">1318.4533</dst>
      <dst id="19">4300.3200</dst>
      <dst id="23">1.1378</dst>
      <dst id="8">82.6933</dst>
      <dst id="18">67892.3200</dst>
      <dst id="4">64172.1067</dst>
      <dst id="1">2523.0489</dst>
      <dst id="5">158.9956</dst>
      <dst id="3">9863.5378</dst>
      <dst id="22">298.6133</dst>
      <dst id="7">2048.8711</dst>
      <dst id="2">4419.3244</dst>
      <dst id="16">776.6933</dst>
      <dst id="14">15986.6844</dst>
      <dst id="20">17.0933</dst>
      <dst id="11">95203.6444</dst>
      <dst id="9">46.8267</dst>
      <dst id="17">8175.3867</dst>
      <dst id="21">6529.5911</dst>
      <dst id="15">25.4756</dst>
    </src>
    <src id="10">
      <dst id="12">12776.5244</dst>
      <dst id="19">1967.9022</dst>
      <dst id="8">1244.7911</dst>
      <dst id="18">916.1778</dst>
      <dst id="4">1.4222</dst>
      <dst id="1">3925.6000</dst>
      <dst id="5">642.7200</dst>
      <dst id="3">9195.0844</dst>
      <dst id="22">5221.6978</dst>
      <dst id="7">4913.0933</dst>
      <dst id="2">16147.6356</dst>
      <dst id="6">0.7822</dst>
      <dst id="16">430.5956</dst>
      <dst id="14">1845.3867</dst>
      <dst id="20">2420.5956</dst>
      <dst id="11">1798.3733</dst>
      <dst id="9">2538.2756</dst>
      <dst id="17">12641.8222</dst>
      <dst id="21">3495.3156</dst>
      <dst id="15">353.3067</dst>
    </src>
    <src id="22">
      <dst id="12">6416.4089</dst>
      <dst id="13">1500.3111</dst>
      <dst id="19">7.4044</dst>
      <dst id="23">1.7778</dst>
      <dst id="8">409.9022</dst>
      <dst id="18">681.1467</dst>
      <dst id="4">17446.4889</dst>
      <dst id="1">1210.5689</dst>
      <dst id="5">5257.8667</dst>
      <dst id="3">205.0489</dst>
      <dst id="7">1705.9200</dst>
      <dst id="2">1193.6089</dst>
      <dst id="6">36.9600</dst>
      <dst id="14">63.2267</dst>
      <dst id="11">4390.1422</dst>
      <dst id="9">1575.2889</dst>
      <dst id="17">4953.3333</dst>
      <dst id="21">596.8978</dst>
    </src>
    <src id="7">
      <dst id="12">2290.8000</dst>
      <dst id="13">123.6267</dst>
      <dst id="19">150.7289</dst>
      <dst id="23">56.5333</dst>
      <dst id="8">483.6622</dst>
      <dst id="18">446.6578</dst>
      <dst id="4">106056.7289</dst>
      <dst id="1">16122.3289</dst>
      <dst id="5">2233.0133</dst>
      <dst id="3">1867.6800</dst>
      <dst id="22">5512.7822</dst>
      <dst id="7">706.9867</dst>
      <dst id="2">6424.1422</dst>
      <dst id="6">11.8933</dst>
      <dst id="16">1027.7156</dst>
      <dst id="14">86.4000</dst>
      <dst id="20">29.8578</dst>
      <dst id="11">437.1911</dst>
      <dst id="9">516.8711</dst>
      <dst id="17">7280.1156</dst>
      <dst id="21">5859.8578</dst>
      <dst id="15">51.2889</dst>
    </src>
    <src id="2">
      <dst id="12">55577.5289</dst>
      <dst id="13">2544.2400</dst>
      <dst id="19">79.1378</dst>
      <dst id="23">0.3556</dst>
      <dst id="8">5.0044</dst>
      <dst id="18">59216.3644</dst>
      <dst id="4">107949.9289</dst>
      <dst id="1">7823.2533</dst>
      <dst id="5">765.8578</dst>
      <dst id="3">1394.6489</dst>
      <dst id="22">471.6978</dst>
      <dst id="7">6039.9378</dst>
      <dst id="2">541.9733</dst>
      <dst id="6">5171.5822</dst>
      <dst id="16">9324.7911</dst>
      <dst id="14">170.8711</dst>
      <dst id="20">299.5644</dst>
      <dst id="11">5390.7467</dst>
      <dst id="9">525.7067</dst>
      <dst id="17">30272.4711</dst>
      <dst id="21">3255.4489</dst>
      <dst id="15">13.7422</dst>
    </src>
    <src id="6">
      <dst id="12">7219.2356</dst>
      <dst id="13">3.8222</dst>
      <dst id="19">2.0000</dst>
      <dst id="23">1.1733</dst>
      <dst id="4">29.2800</dst>
      <dst id="1">0.3378</dst>
      <dst id="5">25.6000</dst>
      <dst id="3">0.3556</dst>
      <dst id="22">207.4578</dst>
      <dst id="7">0.5244</dst>
      <dst id="2">1464.5067</dst>
      <dst id="16">12.6222</dst>
      <dst id="20">13.1556</dst>
      <dst id="11">13.1556</dst>
      <dst id="17">975.9467</dst>
      <dst id="21">2.4800</dst>
    </src>
    <src id="16">
      <dst id="12">1731.0667</dst>
      <dst id="13">239.0311</dst>
      <dst id="19">4705.2978</dst>
      <dst id="23">4.3022</dst>
      <dst id="8">1205.9556</dst>
      <dst id="18">3.7778</dst>
      <dst id="4">6032.2667</dst>
      <dst id="1">21173.6622</dst>
      <dst id="5">948.6667</dst>
      <dst id="3">784.4178</dst>
      <dst id="7">1418.1956</dst>
      <dst id="2">681.3600</dst>
      <dst id="16">14.5956</dst>
      <dst id="11">28.5778</dst>
      <dst id="9">1451.8578</dst>
      <dst id="17">2920.1156</dst>
      <dst id="21">537.7600</dst>
    </src>
    <src id="14">
      <dst id="12">15549.4667</dst>
      <dst id="13">37.9822</dst>
      <dst id="19">3.4844</dst>
      <dst id="23">26.6667</dst>
      <dst id="18">1.3511</dst>
      <dst id="4">1877.3956</dst>
      <dst id="1">56.4178</dst>
      <dst id="5">0.3556</dst>
      <dst id="3">79.5733</dst>
      <dst id="22">1.4578</dst>
      <dst id="7">83.1911</dst>
      <dst id="2">4135.8133</dst>
      <dst id="20">4.8178</dst>
      <dst id="11">45.3778</dst>
      <dst id="9">0.5867</dst>
      <dst id="17">5446.6044</dst>
      <dst id="21">101.6178</dst>
    </src>
    <src id="20">
      <dst id="12">2027.1822</dst>
      <dst id="13">1146.6578</dst>
      <dst id="19">0.6667</dst>
      <dst id="8">72.2400</dst>
      <dst id="18">696.8000</dst>
      <dst id="4">9284.6844</dst>
      <dst id="1">20.7644</dst>
      <dst id="5">675.5822</dst>
      <dst id="3">1.5911</dst>
      <dst id="7">237.2089</dst>
      <dst id="2">4005.0044</dst>
      <dst id="6">0.3556</dst>
      <dst id="14">0.9422</dst>
      <dst id="11">571.2444</dst>
      <dst id="9">930.3733</dst>
      <dst id="17">216.3111</dst>
      <dst id="21">574.3911</dst>
    </src>
    <src id="11">
      <dst id="12">409930.7022</dst>
      <dst id="13">1398.5689</dst>
      <dst id="19">67.9467</dst>
      <dst id="23">5.5467</dst>
      <dst id="8">176.1244</dst>
      <dst id="18">446.0000</dst>
      <dst id="4">13398.7289</dst>
      <dst id="1">612.0533</dst>
      <dst id="5">761.5289</dst>
      <dst id="3">4089.3956</dst>
      <dst id="22">4381.4578</dst>
      <dst id="7">110.6400</dst>
      <dst id="2">133871.8578</dst>
      <dst id="16">466.3378</dst>
      <dst id="14">80.5956</dst>
      <dst id="20">583.2622</dst>
      <dst id="11">1211.1467</dst>
      <dst id="9">294.5156</dst>
      <dst id="17">80773.0489</dst>
      <dst id="21">1520.5067</dst>
      <dst id="15">92.1956</dst>
    </src>
    <src id="9">
      <dst id="12">465573.9111</dst>
      <dst id="13">692.8000</dst>
      <dst id="23">12.6933</dst>
      <dst id="8">8.9511</dst>
      <dst id="18">1131.6089</dst>
      <dst id="4">13536.7911</dst>
      <dst id="1">117.7689</dst>
      <dst id="5">8070.7289</dst>
      <dst id="3">671.5111</dst>
      <dst id="22">822.8000</dst>
      <dst id="7">82.1244</dst>
      <dst id="2">151695.9378</dst>
      <dst id="6">1.5733</dst>
      <dst id="16">71.3689</dst>
      <dst id="14">0.9244</dst>
      <dst id="20">2297.6800</dst>
      <dst id="11">216.3111</dst>
      <dst id="9">29.5022</dst>
      <dst id="17">112994.4622</dst>
      <dst id="21">663.1467</dst>
      <dst id="15">284.8267</dst>
    </src>
    <src id="17">
      <dst id="12">10473.9822</dst>
      <dst id="13">17237.3689</dst>
      <dst id="19">13640.0978</dst>
      <dst id="23">3.0311</dst>
      <dst id="8">74930.0622</dst>
      <dst id="18">757.6711</dst>
      <dst id="4">158215.1911</dst>
      <dst id="1">1116.0533</dst>
      <dst id="5">123708.0800</dst>
      <dst id="3">10756.4000</dst>
      <dst id="22">1616.1422</dst>
      <dst id="7">22093.8578</dst>
      <dst id="2">10776.3111</dst>
      <dst id="6">3.6533</dst>
      <dst id="16">9545.4756</dst>
      <dst id="14">10423.7511</dst>
      <dst id="20">1158.0978</dst>
      <dst id="11">74304.3733</dst>
      <dst id="9">111285.9822</dst>
      <dst id="17">927.5644</dst>
      <dst id="21">10811.4400</dst>
      <dst id="15">8.4889</dst>
    </src>
    <src id="21">
      <dst id="12">19298.0444</dst>
      <dst id="13">1209.1022</dst>
      <dst id="19">283.7156</dst>
      <dst id="23">21.3511</dst>
      <dst id="8">58.6844</dst>
      <dst id="18">1631.7511</dst>
      <dst id="4">22686.1067</dst>
      <dst id="1">1795.8044</dst>
      <dst id="5">463.6000</dst>
      <dst id="3">651.0578</dst>
      <dst id="22">1664.1867</dst>
      <dst id="7">3850.7289</dst>
      <dst id="2">9423.0756</dst>
      <dst id="16">53.8400</dst>
      <dst id="14">125.4578</dst>
      <dst id="20">65.4756</dst>
      <dst id="11">691.3067</dst>
      <dst id="9">346.9067</dst>
      <dst id="17">3672.5067</dst>
      <dst id="21">1398.7644</dst>
      <dst id="15">16.3733</dst>
    </src>
    <src id="15">
      <dst id="12">342.1333</dst>
      <dst id="13">167.9644</dst>
      <dst id="19">0.7467</dst>
      <dst id="23">0.4622</dst>
      <dst id="8">94.4178</dst>
      <dst id="18">17.3156</dst>
      <dst id="4">2410.7644</dst>
      <dst id="1">64.0000</dst>
      <dst id="5">320.1156</dst>
      <dst id="3">372.2044</dst>
      <dst id="7">2.7378</dst>
      <dst id="2">19.9200</dst>
      <dst id="14">0.5867</dst>
      <dst id="11">187.5822</dst>
      <dst id="9">530.4533</dst>
      <dst id="17">374.2844</dst>
      <dst id="21">115.8133</dst>
    </src>
  </IntraTM>
</TrafficMatrixFile>
