<?xml version="1.0" encoding="UTF-8" standalone="yes"?>
<TrafficMatrixFile xmlns:xsi="http://www.w3.org/2001/XMLSchema-instance" xsi:noNamespaceSchemaLocation="http://totem.run.montefiore.ulg.ac.be/Schema/TrafficMatrix-v1_2.xsd">
  <info>
    <title>Intradomain traffic matrix generated by geant-TM-all.pl</title>
    <date>2005-01-04T10:30:00</date>
    <duration>900</duration>
    <author>Steve Uhlig</author>
    <units>
        <unit type="bandwidth" value="kbps"/>
    </units>
  </info>
  <IntraTM ASID="20965">
    <src id="12">
      <dst id="12">188596.5244</dst>
      <dst id="13">30860.5689</dst>
      <dst id="19">1437.4400</dst>
      <dst id="23">3154.9867</dst>
      <dst id="8">1417.4133</dst>
      <dst id="18">1278.8089</dst>
      <dst id="4">59278.3289</dst>
      <dst id="1">15216.9067</dst>
      <dst id="5">1974.2311</dst>
      <dst id="3">4558.5067</dst>
      <dst id="22">3151.0222</dst>
      <dst id="7">1075.5378</dst>
      <dst id="2">71248.0711</dst>
      <dst id="6">22.4800</dst>
      <dst id="16">4615.5911</dst>
      <dst id="14">224.1067</dst>
      <dst id="20">4811.1378</dst>
      <dst id="11">5463.0489</dst>
      <dst id="9">3090.5511</dst>
      <dst id="17">70582.1156</dst>
      <dst id="21">1860.9067</dst>
      <dst id="15">675.8044</dst>
    </src>
    <src id="13">
      <dst id="12">96425.5822</dst>
      <dst id="19">23174.1956</dst>
      <dst id="23">103.6533</dst>
      <dst id="8">745.1111</dst>
      <dst id="18">2204.2756</dst>
      <dst id="1">1714.1244</dst>
      <dst id="5">8576.1956</dst>
      <dst id="3">5472.1333</dst>
      <dst id="22">17232.4089</dst>
      <dst id="7">9694.8800</dst>
      <dst id="2">93747.0933</dst>
      <dst id="6">104.6756</dst>
      <dst id="16">9579.5111</dst>
      <dst id="14">4063.9467</dst>
      <dst id="20">4629.5733</dst>
      <dst id="11">7908.1244</dst>
      <dst id="9">9374.9778</dst>
      <dst id="17">37798.7289</dst>
      <dst id="21">10297.9644</dst>
      <dst id="15">499.2622</dst>
    </src>
    <src id="19">
      <dst id="12">12023.7511</dst>
      <dst id="13">384.9689</dst>
      <dst id="8">1.2533</dst>
      <dst id="18">27.0933</dst>
      <dst id="4">23064.2489</dst>
      <dst id="1">472.8622</dst>
      <dst id="5">122.8444</dst>
      <dst id="22">121.6267</dst>
      <dst id="7">3161.6800</dst>
      <dst id="2">111.8133</dst>
      <dst id="6">48.2844</dst>
      <dst id="16">9984.7111</dst>
      <dst id="20">12.9778</dst>
      <dst id="11">27.3333</dst>
      <dst id="9">141.7067</dst>
      <dst id="17">792.1956</dst>
      <dst id="21">310.1778</dst>
      <dst id="15">0.3556</dst>
    </src>
    <src id="23">
      <dst id="12">243.8667</dst>
      <dst id="13">146.0000</dst>
      <dst id="18">91.3067</dst>
      <dst id="1">8.5067</dst>
      <dst id="5">0.3556</dst>
      <dst id="3">256.2311</dst>
      <dst id="22">30.2311</dst>
      <dst id="7">38.3200</dst>
      <dst id="2">29.6800</dst>
      <dst id="6">0.4978</dst>
      <dst id="16">2.2933</dst>
      <dst id="11">90.5333</dst>
      <dst id="9">418.4533</dst>
      <dst id="17">820.6222</dst>
      <dst id="21">0.6756</dst>
      <dst id="15">26.6667</dst>
    </src>
    <src id="8">
      <dst id="12">302785.0311</dst>
      <dst id="13">437.0578</dst>
      <dst id="19">0.4711</dst>
      <dst id="18">14.8711</dst>
      <dst id="4">3710.9689</dst>
      <dst id="1">73.9644</dst>
      <dst id="5">463.3778</dst>
      <dst id="3">105.9556</dst>
      <dst id="22">545.7333</dst>
      <dst id="7">717.2178</dst>
      <dst id="2">113030.4800</dst>
      <dst id="16">7907.2444</dst>
      <dst id="14">0.8356</dst>
      <dst id="20">13.9022</dst>
      <dst id="11">86.1689</dst>
      <dst id="9">1165.8489</dst>
      <dst id="17">104299.9378</dst>
      <dst id="21">144.7556</dst>
      <dst id="15">282.2933</dst>
    </src>
    <src id="18">
      <dst id="12">94729.4044</dst>
      <dst id="13">206.4889</dst>
      <dst id="19">1.0311</dst>
      <dst id="23">3.8133</dst>
      <dst id="8">0.3911</dst>
      <dst id="4">1838.1778</dst>
      <dst id="1">1066.7378</dst>
      <dst id="5">237.5911</dst>
      <dst id="3">52.0000</dst>
      <dst id="22">71.4933</dst>
      <dst id="7">56.8267</dst>
      <dst id="2">23878.6667</dst>
      <dst id="16">12.4978</dst>
      <dst id="20">2.3378</dst>
      <dst id="11">22.4800</dst>
      <dst id="9">74.2222</dst>
      <dst id="17">32488.0800</dst>
      <dst id="21">109.7689</dst>
      <dst id="15">8.8533</dst>
    </src>
    <src id="4">
      <dst id="12">8955.7244</dst>
      <dst id="19">14110.9067</dst>
      <dst id="8">585.7244</dst>
      <dst id="18">1238.7467</dst>
      <dst id="4">2.1600</dst>
      <dst id="1">36267.4400</dst>
      <dst id="5">1203.6267</dst>
      <dst id="3">400.3289</dst>
      <dst id="22">3625.4311</dst>
      <dst id="7">129693.6444</dst>
      <dst id="2">90870.5778</dst>
      <dst id="6">1.5556</dst>
      <dst id="16">1612.9600</dst>
      <dst id="14">609.1556</dst>
      <dst id="20">253.9022</dst>
      <dst id="11">2750.3022</dst>
      <dst id="9">2887.4311</dst>
      <dst id="17">21994.3111</dst>
      <dst id="21">2194.8711</dst>
      <dst id="15">266.2667</dst>
    </src>
    <src id="1">
      <dst id="12">16059.7156</dst>
      <dst id="13">292.5067</dst>
      <dst id="19">123.1289</dst>
      <dst id="23">48.4978</dst>
      <dst id="8">70525.7511</dst>
      <dst id="18">13063.9022</dst>
      <dst id="4">5636.9244</dst>
      <dst id="1">39388.8444</dst>
      <dst id="5">138155.6356</dst>
      <dst id="3">116.3822</dst>
      <dst id="22">752.0533</dst>
      <dst id="7">1130.2400</dst>
      <dst id="2">1728.2400</dst>
      <dst id="6">4911.7689</dst>
      <dst id="16">15058.6844</dst>
      <dst id="14">179.8311</dst>
      <dst id="20">60.0178</dst>
      <dst id="11">249.6444</dst>
      <dst id="9">131771.9556</dst>
      <dst id="17">2229.9644</dst>
      <dst id="21">1911.4044</dst>
      <dst id="15">101.3600</dst>
    </src>
    <src id="5">
      <dst id="12">234993.8933</dst>
      <dst id="13">1001.4578</dst>
      <dst id="19">110.7644</dst>
      <dst id="8">366.9244</dst>
      <dst id="18">422.9244</dst>
      <dst id="4">4572.6133</dst>
      <dst id="1">277.1111</dst>
      <dst id="3">1.8844</dst>
      <dst id="22">2827.3156</dst>
      <dst id="7">32.8356</dst>
      <dst id="2">91042.3022</dst>
      <dst id="6">0.8800</dst>
      <dst id="16">145.9111</dst>
      <dst id="14">0.5867</dst>
      <dst id="20">1161.6622</dst>
      <dst id="11">931.2000</dst>
      <dst id="9">2406.7022</dst>
      <dst id="17">88755.0400</dst>
      <dst id="21">349.0044</dst>
      <dst id="15">2329.7956</dst>
    </src>
    <src id="3">
      <dst id="12">8148.9867</dst>
      <dst id="13">189.2622</dst>
      <dst id="19">4188.7733</dst>
      <dst id="23">11728.8711</dst>
      <dst id="8">10.6044</dst>
      <dst id="18">48565.4489</dst>
      <dst id="4">42526.6578</dst>
      <dst id="1">5549.7956</dst>
      <dst id="5">334.7289</dst>
      <dst id="3">8536.9956</dst>
      <dst id="22">464.3022</dst>
      <dst id="7">1046.1600</dst>
      <dst id="2">4308.8800</dst>
      <dst id="6">0.4178</dst>
      <dst id="16">948.8444</dst>
      <dst id="14">18348.0356</dst>
      <dst id="20">4.8711</dst>
      <dst id="11">101588.2578</dst>
      <dst id="9">410.2933</dst>
      <dst id="17">10661.9111</dst>
      <dst id="21">6686.0978</dst>
      <dst id="15">36.7111</dst>
    </src>
    <src id="10">
      <dst id="12">14131.8756</dst>
      <dst id="19">4961.2889</dst>
      <dst id="8">2436.4356</dst>
      <dst id="18">369.3156</dst>
      <dst id="1">2015.5111</dst>
      <dst id="5">415.7156</dst>
      <dst id="3">3708.5156</dst>
      <dst id="22">5678.2044</dst>
      <dst id="7">12532.4000</dst>
      <dst id="2">17143.3867</dst>
      <dst id="6">0.7111</dst>
      <dst id="16">471.5289</dst>
      <dst id="14">2840.6756</dst>
      <dst id="20">5114.3467</dst>
      <dst id="11">3438.4267</dst>
      <dst id="9">3988.2400</dst>
      <dst id="17">21891.8667</dst>
      <dst id="21">7249.3244</dst>
      <dst id="15">101.8311</dst>
    </src>
    <src id="22">
      <dst id="12">2291.2000</dst>
      <dst id="13">1705.2000</dst>
      <dst id="19">12.1778</dst>
      <dst id="23">8.3200</dst>
      <dst id="8">639.9733</dst>
      <dst id="18">207.4578</dst>
      <dst id="4">18664.1067</dst>
      <dst id="1">435.6711</dst>
      <dst id="5">2238.1156</dst>
      <dst id="3">438.8444</dst>
      <dst id="7">225.5911</dst>
      <dst id="2">1276.0178</dst>
      <dst id="6">27.8133</dst>
      <dst id="16">0.7111</dst>
      <dst id="14">13.5822</dst>
      <dst id="11">1304.8267</dst>
      <dst id="9">5106.8178</dst>
      <dst id="17">4802.8800</dst>
      <dst id="21">238.4978</dst>
    </src>
    <src id="7">
      <dst id="12">4352.8356</dst>
      <dst id="13">216.5067</dst>
      <dst id="19">58.3200</dst>
      <dst id="23">31.2267</dst>
      <dst id="8">193.5022</dst>
      <dst id="18">98.0444</dst>
      <dst id="4">18853.0044</dst>
      <dst id="1">3006.3733</dst>
      <dst id="5">797.7156</dst>
      <dst id="3">323.4844</dst>
      <dst id="22">4400.1511</dst>
      <dst id="7">853.5467</dst>
      <dst id="2">6969.4489</dst>
      <dst id="6">26.3111</dst>
      <dst id="16">906.8711</dst>
      <dst id="14">47.5200</dst>
      <dst id="20">406.4533</dst>
      <dst id="11">368.3111</dst>
      <dst id="9">1529.4756</dst>
      <dst id="17">7240.5067</dst>
      <dst id="21">634.2844</dst>
      <dst id="15">2.5244</dst>
    </src>
    <src id="2">
      <dst id="12">53276.6489</dst>
      <dst id="13">520344.9422</dst>
      <dst id="19">1074.4089</dst>
      <dst id="23">67.7600</dst>
      <dst id="8">1058.2756</dst>
      <dst id="18">52195.4133</dst>
      <dst id="4">80743.8667</dst>
      <dst id="1">5234.1244</dst>
      <dst id="5">2293.3511</dst>
      <dst id="3">84.2133</dst>
      <dst id="22">2773.4667</dst>
      <dst id="7">2090.2400</dst>
      <dst id="2">909.9111</dst>
      <dst id="6">6942.8889</dst>
      <dst id="16">4475.2178</dst>
      <dst id="14">5476.6756</dst>
      <dst id="20">7062.4533</dst>
      <dst id="11">2473.8400</dst>
      <dst id="9">2894.3644</dst>
      <dst id="17">46182.8711</dst>
      <dst id="21">645.3333</dst>
      <dst id="15">111.7422</dst>
    </src>
    <src id="6">
      <dst id="12">8148.0533</dst>
      <dst id="13">44.2311</dst>
      <dst id="19">2.7556</dst>
      <dst id="23">0.6756</dst>
      <dst id="18">0.3556</dst>
      <dst id="4">1239.2356</dst>
      <dst id="1">1.0400</dst>
      <dst id="5">0.3556</dst>
      <dst id="3">1.3067</dst>
      <dst id="22">2.5244</dst>
      <dst id="7">0.4622</dst>
      <dst id="2">2083.3956</dst>
      <dst id="17">1115.1467</dst>
      <dst id="21">1.7778</dst>
    </src>
    <src id="16">
      <dst id="12">2285.0133</dst>
      <dst id="13">586.5422</dst>
      <dst id="19">4367.3511</dst>
      <dst id="23">5.9556</dst>
      <dst id="8">3286.7289</dst>
      <dst id="18">21.4400</dst>
      <dst id="4">7037.8756</dst>
      <dst id="1">24702.7733</dst>
      <dst id="5">1485.9289</dst>
      <dst id="3">3.5733</dst>
      <dst id="7">100.5600</dst>
      <dst id="2">756.7644</dst>
      <dst id="6">1.2622</dst>
      <dst id="16">19.1200</dst>
      <dst id="14">1.0222</dst>
      <dst id="11">479.9911</dst>
      <dst id="9">5252.5244</dst>
      <dst id="17">3055.7689</dst>
      <dst id="21">1923.3867</dst>
    </src>
    <src id="14">
      <dst id="12">13599.3067</dst>
      <dst id="13">25.7333</dst>
      <dst id="19">10.0622</dst>
      <dst id="4">3105.1644</dst>
      <dst id="1">33.8844</dst>
      <dst id="5">45.4133</dst>
      <dst id="3">69.9911</dst>
      <dst id="22">2.3911</dst>
      <dst id="7">62.0889</dst>
      <dst id="2">3872.7022</dst>
      <dst id="20">0.3556</dst>
      <dst id="11">40.8889</dst>
      <dst id="9">3.7689</dst>
      <dst id="17">9933.9111</dst>
      <dst id="21">45.3867</dst>
    </src>
    <src id="20">
      <dst id="12">418.5156</dst>
      <dst id="13">2191.9378</dst>
      <dst id="19">5.2000</dst>
      <dst id="8">257.4844</dst>
      <dst id="18">1.4667</dst>
      <dst id="4">6252.0444</dst>
      <dst id="1">60.0978</dst>
      <dst id="5">5541.6089</dst>
      <dst id="3">63.7156</dst>
      <dst id="7">2892.2844</dst>
      <dst id="2">3186.3378</dst>
      <dst id="11">210.5244</dst>
      <dst id="9">4172.1689</dst>
      <dst id="17">5024.4267</dst>
      <dst id="21">466.0000</dst>
    </src>
    <src id="11">
      <dst id="12">383647.3067</dst>
      <dst id="13">5573.2800</dst>
      <dst id="19">48.2311</dst>
      <dst id="23">1.1556</dst>
      <dst id="8">97.4400</dst>
      <dst id="18">258.9600</dst>
      <dst id="4">13814.0533</dst>
      <dst id="1">5289.0844</dst>
      <dst id="5">933.9467</dst>
      <dst id="3">402.6133</dst>
      <dst id="22">1954.7289</dst>
      <dst id="7">395.2978</dst>
      <dst id="2">144471.8400</dst>
      <dst id="6">0.4622</dst>
      <dst id="16">305.6444</dst>
      <dst id="14">38.1600</dst>
      <dst id="20">588.3022</dst>
      <dst id="11">1530.2933</dst>
      <dst id="9">771.3333</dst>
      <dst id="17">149370.7733</dst>
      <dst id="21">436.7644</dst>
      <dst id="15">40.0089</dst>
    </src>
    <src id="9">
      <dst id="12">407158.9067</dst>
      <dst id="13">1038.6133</dst>
      <dst id="19">334.8444</dst>
      <dst id="23">54.0533</dst>
      <dst id="8">587.5467</dst>
      <dst id="18">3823.3600</dst>
      <dst id="4">8341.2267</dst>
      <dst id="1">584.5600</dst>
      <dst id="5">2426.1244</dst>
      <dst id="3">5.5378</dst>
      <dst id="22">5995.8756</dst>
      <dst id="7">166.9422</dst>
      <dst id="2">135612.0000</dst>
      <dst id="16">200.6667</dst>
      <dst id="14">1.0667</dst>
      <dst id="20">355.2000</dst>
      <dst id="11">345.9111</dst>
      <dst id="9">437.0133</dst>
      <dst id="17">151281.8844</dst>
      <dst id="21">279.8133</dst>
      <dst id="15">143.9822</dst>
    </src>
    <src id="17">
      <dst id="12">6228.6400</dst>
      <dst id="13">13574.4889</dst>
      <dst id="19">99.7600</dst>
      <dst id="23">38.2400</dst>
      <dst id="8">99435.7778</dst>
      <dst id="18">66.5867</dst>
      <dst id="4">154379.2178</dst>
      <dst id="1">408.4267</dst>
      <dst id="5">138011.2000</dst>
      <dst id="3">2520.5511</dst>
      <dst id="22">2566.8267</dst>
      <dst id="7">1621.5200</dst>
      <dst id="2">11392.6222</dst>
      <dst id="6">36.5689</dst>
      <dst id="16">3418.4178</dst>
      <dst id="14">12253.7600</dst>
      <dst id="20">1186.9778</dst>
      <dst id="11">70580.3556</dst>
      <dst id="9">136964.1067</dst>
      <dst id="17">4152.0533</dst>
      <dst id="21">4226.1600</dst>
      <dst id="15">116.2222</dst>
    </src>
    <src id="21">
      <dst id="12">27932.2756</dst>
      <dst id="13">565.1200</dst>
      <dst id="19">406.2844</dst>
      <dst id="8">58.2844</dst>
      <dst id="18">1758.8356</dst>
      <dst id="4">10614.3644</dst>
      <dst id="1">1691.8667</dst>
      <dst id="5">636.0622</dst>
      <dst id="3">2498.4178</dst>
      <dst id="22">290.9067</dst>
      <dst id="7">1006.4089</dst>
      <dst id="2">13388.6133</dst>
      <dst id="6">95.5556</dst>
      <dst id="16">135.4933</dst>
      <dst id="14">56.6578</dst>
      <dst id="20">50.3911</dst>
      <dst id="11">661.9644</dst>
      <dst id="9">285.3689</dst>
      <dst id="17">4744.0178</dst>
      <dst id="21">544.5600</dst>
      <dst id="15">297.9467</dst>
    </src>
    <src id="15">
      <dst id="12">2565.2178</dst>
      <dst id="13">714.0000</dst>
      <dst id="19">0.3556</dst>
      <dst id="23">1.6711</dst>
      <dst id="8">1061.9644</dst>
      <dst id="18">66.0000</dst>
      <dst id="4">1987.9289</dst>
      <dst id="1">745.3422</dst>
      <dst id="5">148.7556</dst>
      <dst id="3">14.1333</dst>
      <dst id="7">27.9289</dst>
      <dst id="2">1279.5200</dst>
      <dst id="11">18.6667</dst>
      <dst id="9">72.5600</dst>
      <dst id="17">1633.6533</dst>
      <dst id="21">114.9867</dst>
    </src>
  </IntraTM>
</TrafficMatrixFile>
