<?xml version="1.0" encoding="UTF-8" standalone="yes"?>
<TrafficMatrixFile xmlns:xsi="http://www.w3.org/2001/XMLSchema-instance" xsi:noNamespaceSchemaLocation="http://totem.run.montefiore.ulg.ac.be/Schema/TrafficMatrix-v1_2.xsd">
  <info>
    <title>Intradomain traffic matrix generated by geant-TM-all.pl</title>
    <date>2005-01-03T17:00:00</date>
    <duration>900</duration>
    <author>Steve Uhlig</author>
    <units>
        <unit type="bandwidth" value="kbps"/>
    </units>
  </info>
  <IntraTM ASID="20965">
    <src id="12">
      <dst id="12">203217.2178</dst>
      <dst id="13">26511.9467</dst>
      <dst id="19">3690.3467</dst>
      <dst id="23">21.8844</dst>
      <dst id="8">3554.5244</dst>
      <dst id="18">643.8311</dst>
      <dst id="4">78459.4933</dst>
      <dst id="1">8232.4711</dst>
      <dst id="5">1392.0978</dst>
      <dst id="3">4315.5911</dst>
      <dst id="22">4924.3289</dst>
      <dst id="7">862.8711</dst>
      <dst id="2">65100.4000</dst>
      <dst id="6">7.0578</dst>
      <dst id="16">6332.0978</dst>
      <dst id="14">258.2489</dst>
      <dst id="20">6419.4133</dst>
      <dst id="11">5427.5200</dst>
      <dst id="9">6512.3644</dst>
      <dst id="17">65868.9778</dst>
      <dst id="21">3680.8533</dst>
      <dst id="15">802.0622</dst>
    </src>
    <src id="13">
      <dst id="12">36401.8667</dst>
      <dst id="19">8868.0000</dst>
      <dst id="23">14.5867</dst>
      <dst id="8">887.3422</dst>
      <dst id="18">2654.5511</dst>
      <dst id="1">2885.3956</dst>
      <dst id="5">4120.7733</dst>
      <dst id="3">9316.1778</dst>
      <dst id="22">12036.5600</dst>
      <dst id="7">11169.9822</dst>
      <dst id="2">61014.5244</dst>
      <dst id="6">42.6844</dst>
      <dst id="16">30813.6178</dst>
      <dst id="14">2645.2089</dst>
      <dst id="20">2904.5156</dst>
      <dst id="11">7057.8044</dst>
      <dst id="9">7929.5733</dst>
      <dst id="17">39779.6444</dst>
      <dst id="21">6732.9422</dst>
      <dst id="15">1042.5511</dst>
    </src>
    <src id="19">
      <dst id="12">16263.6000</dst>
      <dst id="13">229.5289</dst>
      <dst id="23">0.4978</dst>
      <dst id="18">1.8667</dst>
      <dst id="4">17464.3822</dst>
      <dst id="1">317.7511</dst>
      <dst id="5">0.3111</dst>
      <dst id="3">26.6667</dst>
      <dst id="22">146.3644</dst>
      <dst id="7">2929.0667</dst>
      <dst id="2">297.7778</dst>
      <dst id="6">40.0000</dst>
      <dst id="16">8155.6356</dst>
      <dst id="20">12.8356</dst>
      <dst id="11">4.6933</dst>
      <dst id="9">30.2044</dst>
      <dst id="17">1497.6711</dst>
      <dst id="21">127.2889</dst>
      <dst id="15">1.5644</dst>
    </src>
    <src id="23">
      <dst id="12">402.7911</dst>
      <dst id="13">62.1067</dst>
      <dst id="19">0.5244</dst>
      <dst id="8">59.4489</dst>
      <dst id="18">41.4133</dst>
      <dst id="4">18.4978</dst>
      <dst id="1">22.8622</dst>
      <dst id="5">297.8133</dst>
      <dst id="3">215.7511</dst>
      <dst id="22">310.9689</dst>
      <dst id="7">83.6000</dst>
      <dst id="2">2.8711</dst>
      <dst id="16">408.9689</dst>
      <dst id="14">0.7111</dst>
      <dst id="20">12.6222</dst>
      <dst id="11">2577.4933</dst>
      <dst id="9">430.9156</dst>
      <dst id="17">105.7867</dst>
      <dst id="21">74.7200</dst>
      <dst id="15">0.4978</dst>
    </src>
    <src id="8">
      <dst id="12">286661.1111</dst>
      <dst id="13">640.3556</dst>
      <dst id="19">0.4711</dst>
      <dst id="23">0.3556</dst>
      <dst id="18">24.8178</dst>
      <dst id="4">4072.2222</dst>
      <dst id="1">102.8000</dst>
      <dst id="5">892.0711</dst>
      <dst id="3">137.4844</dst>
      <dst id="22">1933.7422</dst>
      <dst id="7">7.6800</dst>
      <dst id="2">105320.7289</dst>
      <dst id="6">37.1556</dst>
      <dst id="16">379.1733</dst>
      <dst id="20">747.8400</dst>
      <dst id="11">999.7422</dst>
      <dst id="9">913.3067</dst>
      <dst id="17">93879.4400</dst>
      <dst id="21">84.1156</dst>
      <dst id="15">126.4889</dst>
    </src>
    <src id="18">
      <dst id="12">93032.6044</dst>
      <dst id="13">6.6133</dst>
      <dst id="19">1.5111</dst>
      <dst id="23">2.0444</dst>
      <dst id="8">1.2444</dst>
      <dst id="4">1054.9778</dst>
      <dst id="1">1126.0089</dst>
      <dst id="5">315.6978</dst>
      <dst id="3">7651.6800</dst>
      <dst id="22">156.1422</dst>
      <dst id="7">34.8889</dst>
      <dst id="2">27982.9422</dst>
      <dst id="16">53.7333</dst>
      <dst id="20">14.8978</dst>
      <dst id="11">45.9911</dst>
      <dst id="9">118.7289</dst>
      <dst id="17">33476.1511</dst>
      <dst id="21">151.4578</dst>
      <dst id="15">13.3333</dst>
    </src>
    <src id="4">
      <dst id="12">13896.4089</dst>
      <dst id="19">14858.4889</dst>
      <dst id="8">1020.0533</dst>
      <dst id="18">3916.3644</dst>
      <dst id="4">1.0933</dst>
      <dst id="1">21689.1200</dst>
      <dst id="5">1882.2133</dst>
      <dst id="3">293.6622</dst>
      <dst id="22">3284.6933</dst>
      <dst id="7">49106.5778</dst>
      <dst id="2">56867.1467</dst>
      <dst id="6">6.6756</dst>
      <dst id="16">1675.7067</dst>
      <dst id="14">1105.9556</dst>
      <dst id="20">1385.5111</dst>
      <dst id="11">1506.4000</dst>
      <dst id="9">3887.6178</dst>
      <dst id="17">85390.8089</dst>
      <dst id="21">3012.2133</dst>
      <dst id="15">2222.0889</dst>
    </src>
    <src id="1">
      <dst id="12">20455.2622</dst>
      <dst id="13">480.4444</dst>
      <dst id="19">40.7733</dst>
      <dst id="23">63.3333</dst>
      <dst id="8">89183.4400</dst>
      <dst id="18">13409.3867</dst>
      <dst id="4">8819.1022</dst>
      <dst id="1">48308.6489</dst>
      <dst id="5">143207.7600</dst>
      <dst id="3">94.8089</dst>
      <dst id="22">2862.4178</dst>
      <dst id="7">1441.0133</dst>
      <dst id="2">2224.7289</dst>
      <dst id="6">7051.4578</dst>
      <dst id="16">12902.6311</dst>
      <dst id="14">51.5289</dst>
      <dst id="20">39.1378</dst>
      <dst id="11">248.5956</dst>
      <dst id="9">173838.8178</dst>
      <dst id="17">6964.5422</dst>
      <dst id="21">2186.3111</dst>
      <dst id="15">78.5956</dst>
    </src>
    <src id="5">
      <dst id="12">235071.5378</dst>
      <dst id="13">1552.6311</dst>
      <dst id="19">1.4578</dst>
      <dst id="23">48.3644</dst>
      <dst id="8">6400.9600</dst>
      <dst id="18">113.2267</dst>
      <dst id="4">7008.6844</dst>
      <dst id="1">615.5822</dst>
      <dst id="3">3.2978</dst>
      <dst id="22">1563.2978</dst>
      <dst id="7">1887.3956</dst>
      <dst id="2">85690.5867</dst>
      <dst id="16">349.0667</dst>
      <dst id="14">13.3867</dst>
      <dst id="20">55.1556</dst>
      <dst id="11">1404.2756</dst>
      <dst id="9">980.3911</dst>
      <dst id="17">79213.0844</dst>
      <dst id="21">267.5822</dst>
      <dst id="15">71.5822</dst>
    </src>
    <src id="3">
      <dst id="12">15650.4533</dst>
      <dst id="13">1828.6133</dst>
      <dst id="19">865.4844</dst>
      <dst id="23">8265.4489</dst>
      <dst id="8">165.3956</dst>
      <dst id="18">50995.4400</dst>
      <dst id="4">13123.7511</dst>
      <dst id="1">13045.7156</dst>
      <dst id="5">523.7867</dst>
      <dst id="3">9304.2400</dst>
      <dst id="22">300.2044</dst>
      <dst id="7">679.0222</dst>
      <dst id="2">8863.0222</dst>
      <dst id="6">7.7511</dst>
      <dst id="16">812.9867</dst>
      <dst id="14">20079.6711</dst>
      <dst id="20">34.4622</dst>
      <dst id="11">91357.9644</dst>
      <dst id="9">188.8800</dst>
      <dst id="17">4592.9333</dst>
      <dst id="21">9541.6711</dst>
      <dst id="15">46.0178</dst>
    </src>
    <src id="10">
      <dst id="12">11467.0311</dst>
      <dst id="19">207.0222</dst>
      <dst id="8">801.1289</dst>
      <dst id="18">3801.0933</dst>
      <dst id="4">0.3556</dst>
      <dst id="1">1693.1289</dst>
      <dst id="5">686.3911</dst>
      <dst id="3">8711.2178</dst>
      <dst id="22">7503.3333</dst>
      <dst id="7">125085.2533</dst>
      <dst id="2">28292.7556</dst>
      <dst id="6">1.7067</dst>
      <dst id="16">726.0622</dst>
      <dst id="14">529.7067</dst>
      <dst id="20">723.3511</dst>
      <dst id="11">6676.4978</dst>
      <dst id="9">2464.7200</dst>
      <dst id="17">18340.7733</dst>
      <dst id="21">8986.5956</dst>
      <dst id="15">138.0089</dst>
    </src>
    <src id="22">
      <dst id="12">3311.5467</dst>
      <dst id="13">7964.9156</dst>
      <dst id="19">67.8578</dst>
      <dst id="23">61.3511</dst>
      <dst id="8">643.9200</dst>
      <dst id="18">317.0044</dst>
      <dst id="4">16378.6400</dst>
      <dst id="1">99.0933</dst>
      <dst id="5">2613.4400</dst>
      <dst id="3">706.6044</dst>
      <dst id="7">838.3644</dst>
      <dst id="2">5883.2622</dst>
      <dst id="6">99.9111</dst>
      <dst id="16">5.2356</dst>
      <dst id="14">16.1244</dst>
      <dst id="11">1936.3289</dst>
      <dst id="9">1204.4889</dst>
      <dst id="17">2354.5600</dst>
      <dst id="21">1139.6444</dst>
    </src>
    <src id="7">
      <dst id="12">3728.3467</dst>
      <dst id="13">1620.5778</dst>
      <dst id="19">292.9600</dst>
      <dst id="23">46.4800</dst>
      <dst id="8">94.4800</dst>
      <dst id="18">1304.4089</dst>
      <dst id="4">36360.7022</dst>
      <dst id="1">1726.5511</dst>
      <dst id="5">836.5511</dst>
      <dst id="3">363.4222</dst>
      <dst id="22">3284.7200</dst>
      <dst id="7">693.9022</dst>
      <dst id="2">3095.9200</dst>
      <dst id="6">33.8756</dst>
      <dst id="16">459.0133</dst>
      <dst id="14">67.5111</dst>
      <dst id="20">160.1600</dst>
      <dst id="11">3953.0578</dst>
      <dst id="9">219.6978</dst>
      <dst id="17">5291.0933</dst>
      <dst id="21">1506.7911</dst>
      <dst id="15">257.7600</dst>
    </src>
    <src id="2">
      <dst id="12">75262.4178</dst>
      <dst id="13">521413.1022</dst>
      <dst id="19">180.3467</dst>
      <dst id="23">0.4622</dst>
      <dst id="8">548.3200</dst>
      <dst id="18">48947.6444</dst>
      <dst id="4">51909.5289</dst>
      <dst id="1">7122.2133</dst>
      <dst id="5">849.8044</dst>
      <dst id="3">72.8533</dst>
      <dst id="22">1711.6267</dst>
      <dst id="7">3363.7689</dst>
      <dst id="2">435.5289</dst>
      <dst id="6">9029.7778</dst>
      <dst id="16">3164.5067</dst>
      <dst id="14">5380.4533</dst>
      <dst id="20">13111.0400</dst>
      <dst id="11">1137.3422</dst>
      <dst id="9">985.1111</dst>
      <dst id="17">36665.4667</dst>
      <dst id="21">1313.3689</dst>
      <dst id="15">70.1244</dst>
    </src>
    <src id="6">
      <dst id="12">9011.1911</dst>
      <dst id="13">4.9244</dst>
      <dst id="19">27.0222</dst>
      <dst id="23">0.3378</dst>
      <dst id="8">0.3556</dst>
      <dst id="18">0.8267</dst>
      <dst id="4">1039.7156</dst>
      <dst id="1">25.9822</dst>
      <dst id="22">4.4356</dst>
      <dst id="7">1.2178</dst>
      <dst id="2">1935.0222</dst>
      <dst id="16">1.4756</dst>
      <dst id="20">8.7822</dst>
      <dst id="11">12.4889</dst>
      <dst id="9">23.2711</dst>
      <dst id="17">1357.0044</dst>
      <dst id="21">50.1511</dst>
    </src>
    <src id="16">
      <dst id="12">2951.4756</dst>
      <dst id="13">1243.1911</dst>
      <dst id="19">2553.1822</dst>
      <dst id="23">14.8800</dst>
      <dst id="8">5318.9511</dst>
      <dst id="18">2.0978</dst>
      <dst id="4">5686.7022</dst>
      <dst id="1">19975.3689</dst>
      <dst id="5">2833.3067</dst>
      <dst id="3">88.3556</dst>
      <dst id="7">2046.3022</dst>
      <dst id="2">177.8578</dst>
      <dst id="6">30.8444</dst>
      <dst id="16">31.7867</dst>
      <dst id="14">1.0489</dst>
      <dst id="11">215.1467</dst>
      <dst id="9">5060.2222</dst>
      <dst id="17">1523.1644</dst>
      <dst id="21">2277.2356</dst>
    </src>
    <src id="14">
      <dst id="12">16740.4000</dst>
      <dst id="13">47.9022</dst>
      <dst id="19">4.8356</dst>
      <dst id="23">1.4578</dst>
      <dst id="18">1.0667</dst>
      <dst id="4">1928.9778</dst>
      <dst id="1">48.3911</dst>
      <dst id="5">11.6178</dst>
      <dst id="3">77.6000</dst>
      <dst id="22">39.9111</dst>
      <dst id="7">59.9467</dst>
      <dst id="2">3993.9644</dst>
      <dst id="16">12.6222</dst>
      <dst id="11">33.9111</dst>
      <dst id="9">15.9467</dst>
      <dst id="17">4522.0533</dst>
      <dst id="21">57.2178</dst>
    </src>
    <src id="20">
      <dst id="12">745.7067</dst>
      <dst id="13">282.5156</dst>
      <dst id="19">1.8756</dst>
      <dst id="23">1.1733</dst>
      <dst id="8">128.2756</dst>
      <dst id="18">13.1733</dst>
      <dst id="4">13280.1600</dst>
      <dst id="1">35.7778</dst>
      <dst id="5">212.3733</dst>
      <dst id="3">1694.8800</dst>
      <dst id="7">102.5244</dst>
      <dst id="2">686.7556</dst>
      <dst id="6">610.9867</dst>
      <dst id="14">3.9467</dst>
      <dst id="11">56.6222</dst>
      <dst id="9">1053.2533</dst>
      <dst id="17">286.4000</dst>
      <dst id="21">118.7822</dst>
    </src>
    <src id="11">
      <dst id="12">324312.9156</dst>
      <dst id="13">5589.7244</dst>
      <dst id="19">30.0800</dst>
      <dst id="23">22.9956</dst>
      <dst id="8">1785.0044</dst>
      <dst id="18">276.0978</dst>
      <dst id="4">6778.9244</dst>
      <dst id="1">317.4044</dst>
      <dst id="5">691.5289</dst>
      <dst id="3">1674.9156</dst>
      <dst id="22">1348.6222</dst>
      <dst id="7">338.7022</dst>
      <dst id="2">118978.0000</dst>
      <dst id="6">25.5289</dst>
      <dst id="16">209.1644</dst>
      <dst id="14">116.0711</dst>
      <dst id="20">178.4711</dst>
      <dst id="11">723.3867</dst>
      <dst id="9">470.5867</dst>
      <dst id="17">103838.7733</dst>
      <dst id="21">788.8533</dst>
      <dst id="15">105.4844</dst>
    </src>
    <src id="9">
      <dst id="12">350733.0222</dst>
      <dst id="13">4641.6978</dst>
      <dst id="19">14.8622</dst>
      <dst id="23">15.0400</dst>
      <dst id="8">249.4222</dst>
      <dst id="18">162.3022</dst>
      <dst id="4">11186.4444</dst>
      <dst id="1">570.8622</dst>
      <dst id="5">720.8978</dst>
      <dst id="3">163.5644</dst>
      <dst id="22">1899.3333</dst>
      <dst id="7">181.8844</dst>
      <dst id="2">141008.7467</dst>
      <dst id="6">1.4933</dst>
      <dst id="16">538.3556</dst>
      <dst id="14">0.6756</dst>
      <dst id="20">735.0933</dst>
      <dst id="11">718.4356</dst>
      <dst id="9">26.6311</dst>
      <dst id="17">148789.6267</dst>
      <dst id="21">279.5378</dst>
      <dst id="15">3547.8222</dst>
    </src>
    <src id="17">
      <dst id="12">3336.3200</dst>
      <dst id="13">695.9111</dst>
      <dst id="19">173.9200</dst>
      <dst id="23">2.9333</dst>
      <dst id="8">109254.1956</dst>
      <dst id="18">63.9200</dst>
      <dst id="4">48287.8222</dst>
      <dst id="1">2155.2711</dst>
      <dst id="5">145672.7467</dst>
      <dst id="3">13393.9378</dst>
      <dst id="22">4510.4178</dst>
      <dst id="7">979.7511</dst>
      <dst id="2">12617.3956</dst>
      <dst id="6">144.8000</dst>
      <dst id="16">3323.3511</dst>
      <dst id="14">15474.8622</dst>
      <dst id="20">143.2267</dst>
      <dst id="11">71834.8889</dst>
      <dst id="9">146680.7378</dst>
      <dst id="17">1705.1733</dst>
      <dst id="21">9216.6311</dst>
      <dst id="15">6622.1067</dst>
    </src>
    <src id="21">
      <dst id="12">18392.0711</dst>
      <dst id="13">565.6089</dst>
      <dst id="19">17.1022</dst>
      <dst id="23">4.3733</dst>
      <dst id="8">217.8133</dst>
      <dst id="18">1026.7822</dst>
      <dst id="4">12819.1733</dst>
      <dst id="1">1507.9022</dst>
      <dst id="5">465.0044</dst>
      <dst id="3">521.0489</dst>
      <dst id="22">2510.6489</dst>
      <dst id="7">1061.6356</dst>
      <dst id="2">6491.7156</dst>
      <dst id="6">2.9600</dst>
      <dst id="16">166.9600</dst>
      <dst id="14">75.2711</dst>
      <dst id="20">143.7778</dst>
      <dst id="11">546.4444</dst>
      <dst id="9">502.3644</dst>
      <dst id="17">4253.6356</dst>
      <dst id="21">649.7867</dst>
      <dst id="15">15.4400</dst>
    </src>
    <src id="15">
      <dst id="12">1251.5200</dst>
      <dst id="13">42.9778</dst>
      <dst id="19">12.3733</dst>
      <dst id="23">0.9600</dst>
      <dst id="8">42.3467</dst>
      <dst id="18">1.8489</dst>
      <dst id="4">1829.4667</dst>
      <dst id="1">462.5600</dst>
      <dst id="5">195.2622</dst>
      <dst id="3">13.7156</dst>
      <dst id="7">111.9378</dst>
      <dst id="2">73.5467</dst>
      <dst id="16">4.6756</dst>
      <dst id="11">31.8489</dst>
      <dst id="9">582.2933</dst>
      <dst id="17">210.5778</dst>
      <dst id="21">198.5511</dst>
    </src>
  </IntraTM>
</TrafficMatrixFile>
