<?xml version="1.0" encoding="UTF-8" standalone="yes"?>
<TrafficMatrixFile xmlns:xsi="http://www.w3.org/2001/XMLSchema-instance" xsi:noNamespaceSchemaLocation="http://totem.run.montefiore.ulg.ac.be/Schema/TrafficMatrix-v1_2.xsd">
  <info>
    <title>Intradomain traffic matrix generated by geant-TM-all.pl</title>
    <date>2005-01-02T19:00:00</date>
    <duration>900</duration>
    <author>Steve Uhlig</author>
    <units>
        <unit type="bandwidth" value="kbps"/>
    </units>
  </info>
  <IntraTM ASID="20965">
    <src id="12">
      <dst id="12">307130.0444</dst>
      <dst id="13">26121.9467</dst>
      <dst id="19">1503.2267</dst>
      <dst id="23">312.8533</dst>
      <dst id="8">5946.9511</dst>
      <dst id="18">4727.0844</dst>
      <dst id="4">83503.8311</dst>
      <dst id="1">11703.0844</dst>
      <dst id="5">4928.6133</dst>
      <dst id="3">35706.9156</dst>
      <dst id="22">38735.7156</dst>
      <dst id="7">8767.5911</dst>
      <dst id="2">97469.8667</dst>
      <dst id="6">91.2444</dst>
      <dst id="16">17529.9467</dst>
      <dst id="14">190.4889</dst>
      <dst id="20">25588.3556</dst>
      <dst id="11">3169.7244</dst>
      <dst id="9">30978.5422</dst>
      <dst id="17">103509.5022</dst>
      <dst id="21">27218.9511</dst>
      <dst id="15">5540.7289</dst>
    </src>
    <src id="13">
      <dst id="12">86280.0089</dst>
      <dst id="19">14573.5822</dst>
      <dst id="23">1305.1200</dst>
      <dst id="8">11578.5067</dst>
      <dst id="18">6645.9733</dst>
      <dst id="1">13801.2889</dst>
      <dst id="5">15713.9022</dst>
      <dst id="3">39740.6311</dst>
      <dst id="22">32342.2756</dst>
      <dst id="7">24013.5289</dst>
      <dst id="2">91509.2444</dst>
      <dst id="6">794.5511</dst>
      <dst id="16">14788.5067</dst>
      <dst id="14">3317.6711</dst>
      <dst id="20">22105.3156</dst>
      <dst id="11">23705.0400</dst>
      <dst id="9">22236.4356</dst>
      <dst id="17">427253.2889</dst>
      <dst id="21">36009.7333</dst>
      <dst id="15">14606.8178</dst>
    </src>
    <src id="19">
      <dst id="12">16558.7289</dst>
      <dst id="13">542.9778</dst>
      <dst id="23">54.3556</dst>
      <dst id="8">38.9867</dst>
      <dst id="18">61.3600</dst>
      <dst id="4">16536.1333</dst>
      <dst id="1">2355.9644</dst>
      <dst id="5">3628.3111</dst>
      <dst id="3">110.4711</dst>
      <dst id="22">559.4667</dst>
      <dst id="7">6339.9289</dst>
      <dst id="2">1617.8933</dst>
      <dst id="6">251.7600</dst>
      <dst id="16">5259.6267</dst>
      <dst id="14">14.2578</dst>
      <dst id="20">24.8533</dst>
      <dst id="11">153.3244</dst>
      <dst id="9">334.5156</dst>
      <dst id="17">15695.6622</dst>
      <dst id="21">3077.1378</dst>
      <dst id="15">32.2044</dst>
    </src>
    <src id="23">
      <dst id="12">836.0622</dst>
      <dst id="13">174.6311</dst>
      <dst id="19">25.3156</dst>
      <dst id="8">76.9156</dst>
      <dst id="18">108.4089</dst>
      <dst id="4">73.5556</dst>
      <dst id="1">92.9689</dst>
      <dst id="5">20.0356</dst>
      <dst id="3">3121.2444</dst>
      <dst id="22">287.3333</dst>
      <dst id="7">324.5600</dst>
      <dst id="2">175.6444</dst>
      <dst id="16">156.3200</dst>
      <dst id="14">1.8400</dst>
      <dst id="20">81.0844</dst>
      <dst id="11">32.3200</dst>
      <dst id="9">366.3289</dst>
      <dst id="17">714.0533</dst>
      <dst id="21">2273.2978</dst>
      <dst id="15">426.1156</dst>
    </src>
    <src id="8">
      <dst id="12">374214.2311</dst>
      <dst id="13">2596.6756</dst>
      <dst id="19">41.4667</dst>
      <dst id="23">1069.6178</dst>
      <dst id="18">422.8622</dst>
      <dst id="4">6050.7822</dst>
      <dst id="1">320.9511</dst>
      <dst id="5">14102.9778</dst>
      <dst id="3">1.1733</dst>
      <dst id="22">2542.0889</dst>
      <dst id="7">66.8889</dst>
      <dst id="2">140881.5378</dst>
      <dst id="6">0.7022</dst>
      <dst id="16">902.7111</dst>
      <dst id="14">5.3067</dst>
      <dst id="20">791.9467</dst>
      <dst id="11">2340.3378</dst>
      <dst id="9">1013.2089</dst>
      <dst id="17">133459.1111</dst>
      <dst id="21">974.7911</dst>
      <dst id="15">597.0933</dst>
    </src>
    <src id="18">
      <dst id="12">116777.2267</dst>
      <dst id="13">443.1111</dst>
      <dst id="19">980.0178</dst>
      <dst id="23">3.7422</dst>
      <dst id="8">378.1333</dst>
      <dst id="4">1987.6267</dst>
      <dst id="1">1945.8311</dst>
      <dst id="5">116.7467</dst>
      <dst id="3">5975.8133</dst>
      <dst id="22">253.1822</dst>
      <dst id="7">278.5422</dst>
      <dst id="2">42498.6578</dst>
      <dst id="16">32.0889</dst>
      <dst id="14">11.1822</dst>
      <dst id="20">26.4444</dst>
      <dst id="11">156.1067</dst>
      <dst id="9">152.6844</dst>
      <dst id="17">34507.7956</dst>
      <dst id="21">1438.9867</dst>
      <dst id="15">3786.8444</dst>
    </src>
    <src id="4">
      <dst id="12">19016.3467</dst>
      <dst id="19">4634.9956</dst>
      <dst id="8">4357.3511</dst>
      <dst id="18">2337.4044</dst>
      <dst id="4">2.1333</dst>
      <dst id="1">151930.8800</dst>
      <dst id="5">5520.9333</dst>
      <dst id="3">3017.0844</dst>
      <dst id="22">9372.1511</dst>
      <dst id="7">117564.6133</dst>
      <dst id="2">104104.2756</dst>
      <dst id="6">40.4178</dst>
      <dst id="16">2869.1200</dst>
      <dst id="14">1552.5867</dst>
      <dst id="20">5624.3289</dst>
      <dst id="11">9983.8489</dst>
      <dst id="9">5759.9467</dst>
      <dst id="17">47893.1467</dst>
      <dst id="21">7807.5111</dst>
      <dst id="15">980.1422</dst>
    </src>
    <src id="1">
      <dst id="12">18817.0578</dst>
      <dst id="13">1309.3956</dst>
      <dst id="19">1512.0089</dst>
      <dst id="23">19.8667</dst>
      <dst id="8">220322.8533</dst>
      <dst id="18">16875.7067</dst>
      <dst id="4">18180.7022</dst>
      <dst id="1">60220.3911</dst>
      <dst id="5">260038.6667</dst>
      <dst id="3">1140.4356</dst>
      <dst id="22">4432.8444</dst>
      <dst id="7">8016.0800</dst>
      <dst id="2">4790.6489</dst>
      <dst id="6">14058.0267</dst>
      <dst id="16">10915.3778</dst>
      <dst id="14">76.5689</dst>
      <dst id="20">3026.4356</dst>
      <dst id="11">1745.5911</dst>
      <dst id="9">407902.4533</dst>
      <dst id="17">20207.0933</dst>
      <dst id="21">4509.2000</dst>
      <dst id="15">333.5467</dst>
    </src>
    <src id="5">
      <dst id="12">304143.5733</dst>
      <dst id="13">4175.8044</dst>
      <dst id="19">199.9822</dst>
      <dst id="23">18.3733</dst>
      <dst id="8">27767.6267</dst>
      <dst id="18">164.9689</dst>
      <dst id="4">9249.1200</dst>
      <dst id="1">698.8800</dst>
      <dst id="3">58.3378</dst>
      <dst id="22">7657.8222</dst>
      <dst id="7">373.4933</dst>
      <dst id="2">124122.1067</dst>
      <dst id="6">8.0978</dst>
      <dst id="16">1048.9600</dst>
      <dst id="14">13.3956</dst>
      <dst id="20">3476.4889</dst>
      <dst id="11">3026.0356</dst>
      <dst id="9">1015.1289</dst>
      <dst id="17">117574.3200</dst>
      <dst id="21">957.7956</dst>
      <dst id="15">1309.6000</dst>
    </src>
    <src id="3">
      <dst id="12">12430.3378</dst>
      <dst id="13">1385.8222</dst>
      <dst id="19">2367.5556</dst>
      <dst id="23">114.3289</dst>
      <dst id="8">91.2267</dst>
      <dst id="18">149866.4622</dst>
      <dst id="4">39244.9067</dst>
      <dst id="1">10322.2844</dst>
      <dst id="5">776.5333</dst>
      <dst id="3">19738.8711</dst>
      <dst id="22">3213.1733</dst>
      <dst id="7">2049.7689</dst>
      <dst id="2">5895.8222</dst>
      <dst id="6">36.1511</dst>
      <dst id="16">7302.7378</dst>
      <dst id="14">34935.2622</dst>
      <dst id="20">136.5689</dst>
      <dst id="11">250236.0800</dst>
      <dst id="9">477.6356</dst>
      <dst id="17">14528.3200</dst>
      <dst id="21">16637.7156</dst>
      <dst id="15">503.6889</dst>
    </src>
    <src id="10">
      <dst id="12">26409.8667</dst>
      <dst id="19">2049.5200</dst>
      <dst id="8">3636.1956</dst>
      <dst id="18">3962.3200</dst>
      <dst id="1">5113.4756</dst>
      <dst id="5">2298.6489</dst>
      <dst id="3">33926.1600</dst>
      <dst id="22">8778.1600</dst>
      <dst id="7">107567.6356</dst>
      <dst id="2">44414.9600</dst>
      <dst id="6">35.3244</dst>
      <dst id="16">1790.0800</dst>
      <dst id="14">550.4533</dst>
      <dst id="20">3141.3867</dst>
      <dst id="11">13014.0800</dst>
      <dst id="9">8005.9289</dst>
      <dst id="17">45762.6044</dst>
      <dst id="21">14475.2978</dst>
      <dst id="15">570.2578</dst>
    </src>
    <src id="22">
      <dst id="12">11213.8844</dst>
      <dst id="13">4779.4756</dst>
      <dst id="19">306.4889</dst>
      <dst id="23">216.4178</dst>
      <dst id="8">2569.7422</dst>
      <dst id="18">195.5911</dst>
      <dst id="4">18223.8133</dst>
      <dst id="1">346.3733</dst>
      <dst id="5">11264.6489</dst>
      <dst id="3">2370.2933</dst>
      <dst id="7">4656.7378</dst>
      <dst id="2">5589.8844</dst>
      <dst id="6">17.8578</dst>
      <dst id="16">1.8578</dst>
      <dst id="14">13.5378</dst>
      <dst id="11">3695.5556</dst>
      <dst id="9">18244.3378</dst>
      <dst id="17">5861.0044</dst>
      <dst id="21">1748.5600</dst>
    </src>
    <src id="7">
      <dst id="12">5415.0489</dst>
      <dst id="13">393.8222</dst>
      <dst id="19">3018.6489</dst>
      <dst id="23">166.8800</dst>
      <dst id="8">1228.3200</dst>
      <dst id="18">2680.2933</dst>
      <dst id="4">19007.7867</dst>
      <dst id="1">18730.0533</dst>
      <dst id="5">1829.3511</dst>
      <dst id="3">1757.2089</dst>
      <dst id="22">4023.1733</dst>
      <dst id="7">816.3556</dst>
      <dst id="2">16070.5778</dst>
      <dst id="6">102.0089</dst>
      <dst id="16">1539.2889</dst>
      <dst id="14">118.0267</dst>
      <dst id="20">1268.5689</dst>
      <dst id="11">1881.5200</dst>
      <dst id="9">3834.1956</dst>
      <dst id="17">24709.7778</dst>
      <dst id="21">13545.0400</dst>
      <dst id="15">940.7556</dst>
    </src>
    <src id="2">
      <dst id="12">183395.9289</dst>
      <dst id="13">6908.2133</dst>
      <dst id="19">7961.4844</dst>
      <dst id="23">4.2756</dst>
      <dst id="8">2041.2444</dst>
      <dst id="18">128154.8000</dst>
      <dst id="4">131952.9422</dst>
      <dst id="1">5755.3600</dst>
      <dst id="5">2680.3556</dst>
      <dst id="3">637.3600</dst>
      <dst id="22">4293.8756</dst>
      <dst id="7">5957.2356</dst>
      <dst id="2">1214.3111</dst>
      <dst id="6">11987.0667</dst>
      <dst id="16">2820.7556</dst>
      <dst id="14">5748.6400</dst>
      <dst id="20">1634.7467</dst>
      <dst id="11">7716.6311</dst>
      <dst id="9">7976.7378</dst>
      <dst id="17">55382.4000</dst>
      <dst id="21">8651.4044</dst>
      <dst id="15">263.8756</dst>
    </src>
    <src id="6">
      <dst id="12">10763.6178</dst>
      <dst id="13">2.2222</dst>
      <dst id="19">14.7378</dst>
      <dst id="23">1.1378</dst>
      <dst id="8">0.3556</dst>
      <dst id="18">29.6178</dst>
      <dst id="4">161.5556</dst>
      <dst id="1">331.5022</dst>
      <dst id="5">27.1289</dst>
      <dst id="3">10.4533</dst>
      <dst id="22">83.9911</dst>
      <dst id="7">122.7911</dst>
      <dst id="2">3148.4000</dst>
      <dst id="16">58.9511</dst>
      <dst id="20">25.2444</dst>
      <dst id="11">59.2000</dst>
      <dst id="9">70.5956</dst>
      <dst id="17">1827.2267</dst>
      <dst id="21">103.1378</dst>
      <dst id="15">15.0578</dst>
    </src>
    <src id="16">
      <dst id="12">2706.4800</dst>
      <dst id="13">726.0978</dst>
      <dst id="19">2369.4756</dst>
      <dst id="23">428.2756</dst>
      <dst id="8">6779.2444</dst>
      <dst id="18">61.4311</dst>
      <dst id="4">7998.0800</dst>
      <dst id="1">23238.4889</dst>
      <dst id="5">6543.6622</dst>
      <dst id="3">201.7778</dst>
      <dst id="7">2338.0533</dst>
      <dst id="2">1155.6978</dst>
      <dst id="6">10.2400</dst>
      <dst id="16">37.3956</dst>
      <dst id="14">4.0178</dst>
      <dst id="11">1346.1778</dst>
      <dst id="9">14974.9067</dst>
      <dst id="17">8288.7644</dst>
      <dst id="21">590.6667</dst>
    </src>
    <src id="14">
      <dst id="12">15721.9644</dst>
      <dst id="13">45.3867</dst>
      <dst id="19">14.0178</dst>
      <dst id="23">25.2444</dst>
      <dst id="8">0.4622</dst>
      <dst id="18">94.7200</dst>
      <dst id="4">1789.6533</dst>
      <dst id="1">102.7822</dst>
      <dst id="5">0.7111</dst>
      <dst id="3">95.1644</dst>
      <dst id="22">70.8978</dst>
      <dst id="7">112.3022</dst>
      <dst id="2">4954.2578</dst>
      <dst id="16">226.3467</dst>
      <dst id="11">87.4489</dst>
      <dst id="17">7037.1733</dst>
      <dst id="21">99.4667</dst>
      <dst id="15">11.3067</dst>
    </src>
    <src id="20">
      <dst id="12">13609.3511</dst>
      <dst id="13">6250.7200</dst>
      <dst id="19">87.6267</dst>
      <dst id="23">25.9378</dst>
      <dst id="8">2007.5911</dst>
      <dst id="18">8.8089</dst>
      <dst id="4">13725.1022</dst>
      <dst id="1">247.5733</dst>
      <dst id="5">3552.8800</dst>
      <dst id="3">4140.7200</dst>
      <dst id="7">189.5289</dst>
      <dst id="2">5121.3067</dst>
      <dst id="6">4.5600</dst>
      <dst id="16">6.6844</dst>
      <dst id="14">0.8800</dst>
      <dst id="11">386.8889</dst>
      <dst id="9">11687.8489</dst>
      <dst id="17">6895.4311</dst>
      <dst id="21">7898.1956</dst>
    </src>
    <src id="11">
      <dst id="12">410029.0933</dst>
      <dst id="13">3196.5778</dst>
      <dst id="19">179.8844</dst>
      <dst id="23">11.9733</dst>
      <dst id="8">1661.5556</dst>
      <dst id="18">138.3111</dst>
      <dst id="4">19629.0222</dst>
      <dst id="1">546.1689</dst>
      <dst id="5">2038.2933</dst>
      <dst id="3">7068.0356</dst>
      <dst id="22">3107.5111</dst>
      <dst id="7">955.9289</dst>
      <dst id="2">168537.9467</dst>
      <dst id="6">15.8667</dst>
      <dst id="16">869.3511</dst>
      <dst id="14">92.0533</dst>
      <dst id="20">778.2222</dst>
      <dst id="11">1692.8800</dst>
      <dst id="9">6148.9778</dst>
      <dst id="17">146500.8978</dst>
      <dst id="21">2193.0133</dst>
      <dst id="15">3486.5156</dst>
    </src>
    <src id="9">
      <dst id="12">511748.3467</dst>
      <dst id="13">18720.6044</dst>
      <dst id="19">92.4800</dst>
      <dst id="23">9634.1511</dst>
      <dst id="8">2082.8178</dst>
      <dst id="18">144.9778</dst>
      <dst id="4">17194.7911</dst>
      <dst id="1">1816.7556</dst>
      <dst id="5">11091.5289</dst>
      <dst id="3">203.9911</dst>
      <dst id="22">4698.8089</dst>
      <dst id="7">3163.1467</dst>
      <dst id="2">192690.2578</dst>
      <dst id="6">15.1644</dst>
      <dst id="16">1414.9333</dst>
      <dst id="14">0.9244</dst>
      <dst id="20">12727.2000</dst>
      <dst id="11">2900.6756</dst>
      <dst id="9">15223.6267</dst>
      <dst id="17">201429.8667</dst>
      <dst id="21">5201.5644</dst>
      <dst id="15">6514.9511</dst>
    </src>
    <src id="17">
      <dst id="12">21205.8667</dst>
      <dst id="13">9878.0711</dst>
      <dst id="19">1107.8133</dst>
      <dst id="23">1253.3867</dst>
      <dst id="8">224896.7644</dst>
      <dst id="18">2389.4133</dst>
      <dst id="4">63130.3111</dst>
      <dst id="1">7362.5600</dst>
      <dst id="5">247130.6044</dst>
      <dst id="3">23286.6667</dst>
      <dst id="22">14859.9911</dst>
      <dst id="7">8427.5556</dst>
      <dst id="2">27976.1867</dst>
      <dst id="6">149.7333</dst>
      <dst id="16">5352.1511</dst>
      <dst id="14">34392.6844</dst>
      <dst id="20">9295.9200</dst>
      <dst id="11">182830.9156</dst>
      <dst id="9">343672.7289</dst>
      <dst id="17">3084.2400</dst>
      <dst id="21">15958.1333</dst>
      <dst id="15">3122.4889</dst>
    </src>
    <src id="21">
      <dst id="12">18384.1778</dst>
      <dst id="13">3279.6533</dst>
      <dst id="19">417.5911</dst>
      <dst id="23">180.2489</dst>
      <dst id="8">456.8356</dst>
      <dst id="18">1540.8889</dst>
      <dst id="4">19667.5289</dst>
      <dst id="1">4147.6711</dst>
      <dst id="5">552.2222</dst>
      <dst id="3">4364.4622</dst>
      <dst id="22">4648.0889</dst>
      <dst id="7">3242.3378</dst>
      <dst id="2">10911.7067</dst>
      <dst id="6">29.9822</dst>
      <dst id="16">581.4578</dst>
      <dst id="14">65.4844</dst>
      <dst id="20">1048.6844</dst>
      <dst id="11">6582.8356</dst>
      <dst id="9">1158.6044</dst>
      <dst id="17">5431.3867</dst>
      <dst id="21">2977.1200</dst>
      <dst id="15">20.0800</dst>
    </src>
    <src id="15">
      <dst id="12">5113.9022</dst>
      <dst id="13">514.0800</dst>
      <dst id="19">35.6800</dst>
      <dst id="23">39.3956</dst>
      <dst id="8">17167.0133</dst>
      <dst id="18">111.7422</dst>
      <dst id="4">6948.8711</dst>
      <dst id="1">1647.7422</dst>
      <dst id="5">1094.9422</dst>
      <dst id="3">40.8267</dst>
      <dst id="7">3483.1733</dst>
      <dst id="2">5533.7956</dst>
      <dst id="6">1.6444</dst>
      <dst id="14">522.8267</dst>
      <dst id="11">1323.2089</dst>
      <dst id="9">3466.0533</dst>
      <dst id="17">200.4889</dst>
      <dst id="21">193.3600</dst>
    </src>
  </IntraTM>
</TrafficMatrixFile>
