<?xml version="1.0" encoding="UTF-8" standalone="yes"?>
<TrafficMatrixFile xmlns:xsi="http://www.w3.org/2001/XMLSchema-instance" xsi:noNamespaceSchemaLocation="http://totem.run.montefiore.ulg.ac.be/Schema/TrafficMatrix-v1_2.xsd">
  <info>
    <title>Intradomain traffic matrix generated by geant-TM-all.pl</title>
    <date>2005-01-01T20:45:00</date>
    <duration>900</duration>
    <author>Steve Uhlig</author>
    <units>
        <unit type="bandwidth" value="kbps"/>
    </units>
  </info>
  <IntraTM ASID="20965">
    <src id="12">
      <dst id="12">371147.8311</dst>
      <dst id="13">25980.2311</dst>
      <dst id="19">6201.7067</dst>
      <dst id="23">673.3511</dst>
      <dst id="8">5506.3200</dst>
      <dst id="18">1608.6311</dst>
      <dst id="4">82035.3422</dst>
      <dst id="1">7164.4889</dst>
      <dst id="5">9607.0489</dst>
      <dst id="3">8294.6489</dst>
      <dst id="22">23790.3911</dst>
      <dst id="7">1874.1333</dst>
      <dst id="2">102209.6000</dst>
      <dst id="6">214.6844</dst>
      <dst id="16">9770.1778</dst>
      <dst id="14">3657.2267</dst>
      <dst id="20">9477.8400</dst>
      <dst id="11">7752.2133</dst>
      <dst id="9">29175.3956</dst>
      <dst id="17">99461.9289</dst>
      <dst id="21">16841.6711</dst>
      <dst id="15">2202.6933</dst>
    </src>
    <src id="13">
      <dst id="12">71189.0489</dst>
      <dst id="19">8933.7422</dst>
      <dst id="23">370.4444</dst>
      <dst id="8">10908.0356</dst>
      <dst id="18">10169.0578</dst>
      <dst id="1">7597.7778</dst>
      <dst id="5">26593.6800</dst>
      <dst id="3">29616.8889</dst>
      <dst id="22">43555.9289</dst>
      <dst id="7">13262.5333</dst>
      <dst id="2">175435.6800</dst>
      <dst id="6">139.5200</dst>
      <dst id="16">7177.3867</dst>
      <dst id="14">3471.1378</dst>
      <dst id="20">38765.6267</dst>
      <dst id="11">26700.0889</dst>
      <dst id="9">21409.8044</dst>
      <dst id="17">60453.1911</dst>
      <dst id="21">32215.3422</dst>
      <dst id="15">8296.7911</dst>
    </src>
    <src id="19">
      <dst id="12">19066.1778</dst>
      <dst id="13">7609.9022</dst>
      <dst id="23">53.7156</dst>
      <dst id="8">80.9333</dst>
      <dst id="18">436.6400</dst>
      <dst id="4">18294.5600</dst>
      <dst id="1">18.9689</dst>
      <dst id="5">55.8044</dst>
      <dst id="3">3289.7867</dst>
      <dst id="22">3492.4622</dst>
      <dst id="7">6749.5644</dst>
      <dst id="2">1757.0667</dst>
      <dst id="6">42.9600</dst>
      <dst id="16">9292.6489</dst>
      <dst id="14">0.4622</dst>
      <dst id="20">230.4711</dst>
      <dst id="11">782.2667</dst>
      <dst id="9">120.6222</dst>
      <dst id="17">526.9333</dst>
      <dst id="21">3193.3600</dst>
      <dst id="15">436.3733</dst>
    </src>
    <src id="23">
      <dst id="12">1247.5289</dst>
      <dst id="13">919.2889</dst>
      <dst id="19">1.1644</dst>
      <dst id="8">309.4489</dst>
      <dst id="18">234.5422</dst>
      <dst id="4">84.1333</dst>
      <dst id="1">178.4889</dst>
      <dst id="5">44.9956</dst>
      <dst id="3">935.3689</dst>
      <dst id="22">520.9778</dst>
      <dst id="7">75.8667</dst>
      <dst id="2">134.5333</dst>
      <dst id="16">67.8489</dst>
      <dst id="14">611.9111</dst>
      <dst id="20">83.8756</dst>
      <dst id="11">301.9378</dst>
      <dst id="9">748.7911</dst>
      <dst id="17">91.7156</dst>
      <dst id="21">1441.3956</dst>
      <dst id="15">123.9467</dst>
    </src>
    <src id="8">
      <dst id="12">428313.9733</dst>
      <dst id="13">3835.0222</dst>
      <dst id="19">26.6667</dst>
      <dst id="23">277.7244</dst>
      <dst id="18">450.4089</dst>
      <dst id="4">8876.6400</dst>
      <dst id="1">298.4178</dst>
      <dst id="5">1454.0267</dst>
      <dst id="3">427.8578</dst>
      <dst id="22">2147.0844</dst>
      <dst id="7">65.1556</dst>
      <dst id="2">175834.0356</dst>
      <dst id="16">550.4978</dst>
      <dst id="14">50.0356</dst>
      <dst id="20">1240.7556</dst>
      <dst id="11">2436.5778</dst>
      <dst id="9">1968.3733</dst>
      <dst id="17">106370.1511</dst>
      <dst id="21">3623.6356</dst>
      <dst id="15">128.7378</dst>
    </src>
    <src id="18">
      <dst id="12">156575.9289</dst>
      <dst id="13">293.4844</dst>
      <dst id="19">771.8489</dst>
      <dst id="23">122.8089</dst>
      <dst id="8">164.3644</dst>
      <dst id="4">1730.0444</dst>
      <dst id="1">891.8133</dst>
      <dst id="5">892.9333</dst>
      <dst id="3">624.9156</dst>
      <dst id="22">317.5289</dst>
      <dst id="7">272.8711</dst>
      <dst id="2">47989.2267</dst>
      <dst id="16">15.2889</dst>
      <dst id="14">25.9556</dst>
      <dst id="20">83.8933</dst>
      <dst id="11">442.0800</dst>
      <dst id="9">635.9733</dst>
      <dst id="17">33001.1733</dst>
      <dst id="21">2651.1911</dst>
      <dst id="15">208.8356</dst>
    </src>
    <src id="4">
      <dst id="12">18789.3067</dst>
      <dst id="19">10295.4578</dst>
      <dst id="8">2120.8800</dst>
      <dst id="18">2281.0756</dst>
      <dst id="4">3.1378</dst>
      <dst id="1">7143.5022</dst>
      <dst id="5">3108.9333</dst>
      <dst id="3">68795.5822</dst>
      <dst id="22">7717.1467</dst>
      <dst id="7">38131.5467</dst>
      <dst id="2">83836.4267</dst>
      <dst id="6">40.2222</dst>
      <dst id="16">2948.1778</dst>
      <dst id="14">3667.1289</dst>
      <dst id="20">4421.9467</dst>
      <dst id="11">10102.0267</dst>
      <dst id="9">6930.4800</dst>
      <dst id="17">32442.8444</dst>
      <dst id="21">13252.3911</dst>
      <dst id="15">1445.7956</dst>
    </src>
    <src id="1">
      <dst id="12">22373.9022</dst>
      <dst id="13">955.4400</dst>
      <dst id="19">66.6044</dst>
      <dst id="23">287.1467</dst>
      <dst id="8">222789.1022</dst>
      <dst id="18">16355.3511</dst>
      <dst id="4">6846.6844</dst>
      <dst id="1">98.7911</dst>
      <dst id="5">306914.8089</dst>
      <dst id="3">54948.1600</dst>
      <dst id="22">14141.4222</dst>
      <dst id="7">16708.0889</dst>
      <dst id="2">14980.7289</dst>
      <dst id="6">9097.6711</dst>
      <dst id="16">16095.1733</dst>
      <dst id="14">1363.0311</dst>
      <dst id="20">592.3378</dst>
      <dst id="11">494.0267</dst>
      <dst id="9">443129.8311</dst>
      <dst id="17">1793.9644</dst>
      <dst id="21">38094.0267</dst>
      <dst id="15">252.5867</dst>
    </src>
    <src id="5">
      <dst id="12">386448.3289</dst>
      <dst id="13">3182.2667</dst>
      <dst id="19">36.2667</dst>
      <dst id="23">34.5067</dst>
      <dst id="8">11879.6089</dst>
      <dst id="18">461.2711</dst>
      <dst id="4">7552.1422</dst>
      <dst id="1">52.5778</dst>
      <dst id="3">1081.7778</dst>
      <dst id="22">6495.5733</dst>
      <dst id="7">400.2667</dst>
      <dst id="2">166698.0267</dst>
      <dst id="16">948.6311</dst>
      <dst id="14">50.8089</dst>
      <dst id="20">3635.0844</dst>
      <dst id="11">2170.1156</dst>
      <dst id="9">2756.6844</dst>
      <dst id="17">89758.0000</dst>
      <dst id="21">1015.8311</dst>
      <dst id="15">1345.9733</dst>
    </src>
    <src id="3">
      <dst id="12">10735.4667</dst>
      <dst id="13">798.4800</dst>
      <dst id="19">4993.7244</dst>
      <dst id="23">52.0356</dst>
      <dst id="8">354.1600</dst>
      <dst id="18">204355.2267</dst>
      <dst id="4">48773.5644</dst>
      <dst id="1">8674.7111</dst>
      <dst id="5">1175.3333</dst>
      <dst id="3">25141.3689</dst>
      <dst id="22">2784.4800</dst>
      <dst id="7">2446.8889</dst>
      <dst id="2">4974.3556</dst>
      <dst id="6">10.6578</dst>
      <dst id="16">4484.5778</dst>
      <dst id="14">60409.0044</dst>
      <dst id="20">3971.7156</dst>
      <dst id="11">279761.9467</dst>
      <dst id="9">2166.6133</dst>
      <dst id="17">13440.9244</dst>
      <dst id="21">13395.7333</dst>
      <dst id="15">176.0533</dst>
    </src>
    <src id="10">
      <dst id="12">25911.2800</dst>
      <dst id="19">1685.4222</dst>
      <dst id="8">3428.3644</dst>
      <dst id="18">9862.1422</dst>
      <dst id="1">3081.1467</dst>
      <dst id="5">1360.8711</dst>
      <dst id="3">24531.5111</dst>
      <dst id="22">12925.6000</dst>
      <dst id="7">4689.6711</dst>
      <dst id="2">47421.8044</dst>
      <dst id="6">3.5556</dst>
      <dst id="16">1941.6089</dst>
      <dst id="14">6946.5333</dst>
      <dst id="20">2328.2311</dst>
      <dst id="11">7104.4089</dst>
      <dst id="9">3318.8622</dst>
      <dst id="17">24763.2178</dst>
      <dst id="21">17368.9600</dst>
      <dst id="15">3642.4267</dst>
    </src>
    <src id="22">
      <dst id="12">9076.2667</dst>
      <dst id="13">7638.9156</dst>
      <dst id="19">260.2844</dst>
      <dst id="23">56.7022</dst>
      <dst id="8">8955.3156</dst>
      <dst id="18">675.1378</dst>
      <dst id="4">19017.6978</dst>
      <dst id="1">689.4400</dst>
      <dst id="5">3376.4444</dst>
      <dst id="3">2661.9467</dst>
      <dst id="7">1551.4667</dst>
      <dst id="2">8263.1644</dst>
      <dst id="6">1.4222</dst>
      <dst id="16">1.3689</dst>
      <dst id="14">55.3244</dst>
      <dst id="11">6703.9911</dst>
      <dst id="9">5135.9733</dst>
      <dst id="17">3128.9956</dst>
      <dst id="21">3338.6667</dst>
    </src>
    <src id="7">
      <dst id="12">7025.8933</dst>
      <dst id="13">644.0267</dst>
      <dst id="19">643.1911</dst>
      <dst id="23">542.3556</dst>
      <dst id="8">142.0356</dst>
      <dst id="18">958.0533</dst>
      <dst id="4">29027.3156</dst>
      <dst id="1">2527.8222</dst>
      <dst id="5">1891.9911</dst>
      <dst id="3">7049.4222</dst>
      <dst id="22">8580.3200</dst>
      <dst id="7">720.0711</dst>
      <dst id="2">9858.1333</dst>
      <dst id="6">27.1022</dst>
      <dst id="16">1798.5956</dst>
      <dst id="14">259.1822</dst>
      <dst id="20">5584.4533</dst>
      <dst id="11">3162.9867</dst>
      <dst id="9">2177.7067</dst>
      <dst id="17">9193.3333</dst>
      <dst id="21">15120.8978</dst>
      <dst id="15">347.7422</dst>
    </src>
    <src id="2">
      <dst id="12">187395.9200</dst>
      <dst id="13">18883.5467</dst>
      <dst id="19">2371.3156</dst>
      <dst id="23">0.6133</dst>
      <dst id="8">2126.5422</dst>
      <dst id="18">170183.6267</dst>
      <dst id="4">81753.1644</dst>
      <dst id="1">1810.5600</dst>
      <dst id="5">2767.4222</dst>
      <dst id="3">4884.6489</dst>
      <dst id="22">6083.0133</dst>
      <dst id="7">6434.4889</dst>
      <dst id="2">1441.5644</dst>
      <dst id="6">7967.8756</dst>
      <dst id="16">1492.3200</dst>
      <dst id="14">417.3244</dst>
      <dst id="20">1947.4222</dst>
      <dst id="11">8990.5600</dst>
      <dst id="9">2551.6978</dst>
      <dst id="17">39427.2444</dst>
      <dst id="21">23262.9956</dst>
      <dst id="15">676.2311</dst>
    </src>
    <src id="6">
      <dst id="12">10916.1156</dst>
      <dst id="13">4.9067</dst>
      <dst id="19">16.8533</dst>
      <dst id="23">1.9556</dst>
      <dst id="8">0.3200</dst>
      <dst id="18">1.2800</dst>
      <dst id="4">15.3067</dst>
      <dst id="1">0.8800</dst>
      <dst id="5">23.2889</dst>
      <dst id="3">96.4444</dst>
      <dst id="22">41.5556</dst>
      <dst id="7">2.4000</dst>
      <dst id="2">2484.0533</dst>
      <dst id="16">11.5200</dst>
      <dst id="20">31.4844</dst>
      <dst id="11">47.3600</dst>
      <dst id="9">49.9911</dst>
      <dst id="17">1073.2356</dst>
      <dst id="21">157.1378</dst>
      <dst id="15">0.4178</dst>
    </src>
    <src id="16">
      <dst id="12">3640.2933</dst>
      <dst id="13">247.6444</dst>
      <dst id="19">4526.1067</dst>
      <dst id="23">446.7111</dst>
      <dst id="8">13811.5022</dst>
      <dst id="18">104.9778</dst>
      <dst id="4">4426.3644</dst>
      <dst id="1">22199.3244</dst>
      <dst id="5">15593.1911</dst>
      <dst id="3">4062.8533</dst>
      <dst id="7">1913.3333</dst>
      <dst id="2">2065.5200</dst>
      <dst id="6">10.4178</dst>
      <dst id="16">42.2667</dst>
      <dst id="14">611.7956</dst>
      <dst id="11">768.2222</dst>
      <dst id="9">14413.6978</dst>
      <dst id="17">3558.0089</dst>
      <dst id="21">1886.9244</dst>
    </src>
    <src id="14">
      <dst id="12">27905.4133</dst>
      <dst id="13">64.8089</dst>
      <dst id="19">25.0133</dst>
      <dst id="23">21.0844</dst>
      <dst id="18">1.5467</dst>
      <dst id="4">2620.9244</dst>
      <dst id="1">143.1822</dst>
      <dst id="5">27.1289</dst>
      <dst id="3">184.0978</dst>
      <dst id="22">10.1867</dst>
      <dst id="7">146.5156</dst>
      <dst id="2">9129.7689</dst>
      <dst id="16">13.7156</dst>
      <dst id="20">2.8267</dst>
      <dst id="11">219.7156</dst>
      <dst id="9">70.6844</dst>
      <dst id="17">9791.8400</dst>
      <dst id="21">178.7644</dst>
    </src>
    <src id="20">
      <dst id="12">8275.4044</dst>
      <dst id="13">3263.4044</dst>
      <dst id="19">90.5600</dst>
      <dst id="23">444.6133</dst>
      <dst id="8">937.3333</dst>
      <dst id="18">53.0844</dst>
      <dst id="4">6559.5556</dst>
      <dst id="1">146.7200</dst>
      <dst id="5">6856.2844</dst>
      <dst id="3">2894.7022</dst>
      <dst id="22">0.8533</dst>
      <dst id="7">304.1511</dst>
      <dst id="2">7703.2444</dst>
      <dst id="6">7.1022</dst>
      <dst id="14">1.3600</dst>
      <dst id="11">2559.3422</dst>
      <dst id="9">5384.4978</dst>
      <dst id="17">5809.9556</dst>
      <dst id="21">1180.5689</dst>
    </src>
    <src id="11">
      <dst id="12">475794.8267</dst>
      <dst id="13">2480.8000</dst>
      <dst id="19">1349.3422</dst>
      <dst id="23">139.3689</dst>
      <dst id="8">2569.7867</dst>
      <dst id="18">412.3111</dst>
      <dst id="4">13877.4400</dst>
      <dst id="1">670.8000</dst>
      <dst id="5">3385.6444</dst>
      <dst id="3">2817.7689</dst>
      <dst id="22">2988.6400</dst>
      <dst id="7">455.4222</dst>
      <dst id="2">166262.8000</dst>
      <dst id="6">8.1156</dst>
      <dst id="16">342.7822</dst>
      <dst id="14">1255.1022</dst>
      <dst id="20">1332.1778</dst>
      <dst id="11">5178.0889</dst>
      <dst id="9">6218.2311</dst>
      <dst id="17">105288.8533</dst>
      <dst id="21">7762.4889</dst>
      <dst id="15">235.4578</dst>
    </src>
    <src id="9">
      <dst id="12">593929.8311</dst>
      <dst id="13">17042.2578</dst>
      <dst id="19">168.8622</dst>
      <dst id="23">306.7378</dst>
      <dst id="8">1130.8978</dst>
      <dst id="18">699.3511</dst>
      <dst id="4">11254.3733</dst>
      <dst id="1">6460.7022</dst>
      <dst id="5">5198.2400</dst>
      <dst id="3">2053.7778</dst>
      <dst id="22">4146.3378</dst>
      <dst id="7">563.9822</dst>
      <dst id="2">219395.1822</dst>
      <dst id="6">1.6356</dst>
      <dst id="16">813.6444</dst>
      <dst id="14">4.2667</dst>
      <dst id="20">12731.7778</dst>
      <dst id="11">4406.4178</dst>
      <dst id="9">1317.1644</dst>
      <dst id="17">175877.5911</dst>
      <dst id="21">8952.6311</dst>
      <dst id="15">16990.3200</dst>
    </src>
    <src id="17">
      <dst id="12">31846.8178</dst>
      <dst id="13">20330.5689</dst>
      <dst id="19">6381.8667</dst>
      <dst id="23">390.4889</dst>
      <dst id="8">227022.5067</dst>
      <dst id="18">1415.2267</dst>
      <dst id="4">36941.7422</dst>
      <dst id="1">1638.0711</dst>
      <dst id="5">288866.0444</dst>
      <dst id="3">23329.0222</dst>
      <dst id="22">21467.8133</dst>
      <dst id="7">14272.0000</dst>
      <dst id="2">21127.1378</dst>
      <dst id="6">94.8978</dst>
      <dst id="16">5551.6356</dst>
      <dst id="14">49323.5733</dst>
      <dst id="20">14342.8000</dst>
      <dst id="11">235231.8578</dst>
      <dst id="9">375795.6444</dst>
      <dst id="17">1128.2578</dst>
      <dst id="21">15614.5511</dst>
      <dst id="15">2203.6178</dst>
    </src>
    <src id="21">
      <dst id="12">21483.0400</dst>
      <dst id="13">826.3556</dst>
      <dst id="19">1407.2978</dst>
      <dst id="23">278.4267</dst>
      <dst id="8">492.7733</dst>
      <dst id="18">7339.2356</dst>
      <dst id="4">31793.6356</dst>
      <dst id="1">2179.0756</dst>
      <dst id="5">737.4133</dst>
      <dst id="3">5345.0756</dst>
      <dst id="22">2825.4933</dst>
      <dst id="7">3114.8889</dst>
      <dst id="2">12882.0622</dst>
      <dst id="6">21.1911</dst>
      <dst id="16">365.4044</dst>
      <dst id="14">242.4711</dst>
      <dst id="20">747.3600</dst>
      <dst id="11">760.8711</dst>
      <dst id="9">1742.9600</dst>
      <dst id="17">29911.7156</dst>
      <dst id="21">5167.8222</dst>
      <dst id="15">534.1511</dst>
    </src>
    <src id="15">
      <dst id="12">4171.2800</dst>
      <dst id="13">709.1822</dst>
      <dst id="19">31.2267</dst>
      <dst id="23">28.1422</dst>
      <dst id="8">563.1111</dst>
      <dst id="18">471.9822</dst>
      <dst id="4">4291.2356</dst>
      <dst id="1">143.3867</dst>
      <dst id="5">339.6089</dst>
      <dst id="3">536.7111</dst>
      <dst id="7">2243.8578</dst>
      <dst id="2">509.2800</dst>
      <dst id="14">1.5644</dst>
      <dst id="11">852.9956</dst>
      <dst id="9">26271.1289</dst>
      <dst id="17">218.1689</dst>
      <dst id="21">396.4889</dst>
    </src>
  </IntraTM>
</TrafficMatrixFile>
