<?xml version="1.0" encoding="UTF-8" standalone="yes"?>
<TrafficMatrixFile xmlns:xsi="http://www.w3.org/2001/XMLSchema-instance" xsi:noNamespaceSchemaLocation="http://totem.run.montefiore.ulg.ac.be/Schema/TrafficMatrix-v1_2.xsd">
  <info>
    <title>Intradomain traffic matrix generated by geant-TM-all.pl</title>
    <date>2005-01-06T03:15:00</date>
    <duration>900</duration>
    <author>Steve Uhlig</author>
    <units>
        <unit type="bandwidth" value="kbps"/>
    </units>
  </info>
  <IntraTM ASID="20965">
    <src id="12">
      <dst id="12">328353.3333</dst>
      <dst id="13">36348.0800</dst>
      <dst id="19">7479.2889</dst>
      <dst id="23">381.9644</dst>
      <dst id="8">1779.8578</dst>
      <dst id="18">2809.7689</dst>
      <dst id="4">129691.2356</dst>
      <dst id="1">9243.8400</dst>
      <dst id="5">16628.3822</dst>
      <dst id="3">9174.5600</dst>
      <dst id="22">19184.4267</dst>
      <dst id="7">5643.5378</dst>
      <dst id="2">136619.9111</dst>
      <dst id="6">2.1600</dst>
      <dst id="16">6174.1956</dst>
      <dst id="14">266.1600</dst>
      <dst id="20">5268.9867</dst>
      <dst id="11">10217.7867</dst>
      <dst id="9">25583.8667</dst>
      <dst id="17">104891.3156</dst>
      <dst id="21">18909.2533</dst>
      <dst id="15">2753.7422</dst>
    </src>
    <src id="13">
      <dst id="12">92362.1156</dst>
      <dst id="19">12362.2311</dst>
      <dst id="23">221.6533</dst>
      <dst id="8">8534.3111</dst>
      <dst id="18">8907.3511</dst>
      <dst id="4">0.7111</dst>
      <dst id="1">7366.5867</dst>
      <dst id="5">8362.3378</dst>
      <dst id="3">12348.5067</dst>
      <dst id="22">26391.9556</dst>
      <dst id="7">37653.8844</dst>
      <dst id="2">145823.7956</dst>
      <dst id="6">117.7778</dst>
      <dst id="16">12820.7556</dst>
      <dst id="14">4722.4356</dst>
      <dst id="20">21715.4044</dst>
      <dst id="11">16359.4400</dst>
      <dst id="9">16966.7022</dst>
      <dst id="17">102911.7511</dst>
      <dst id="21">41826.1244</dst>
      <dst id="15">5664.1244</dst>
    </src>
    <src id="19">
      <dst id="12">15207.1111</dst>
      <dst id="13">3175.1733</dst>
      <dst id="23">207.3422</dst>
      <dst id="8">38.5156</dst>
      <dst id="18">2818.4178</dst>
      <dst id="4">20221.8844</dst>
      <dst id="1">3596.9956</dst>
      <dst id="5">297.2800</dst>
      <dst id="3">125.0222</dst>
      <dst id="22">860.8978</dst>
      <dst id="7">4272.8178</dst>
      <dst id="2">1713.3156</dst>
      <dst id="6">133.2711</dst>
      <dst id="16">4963.9378</dst>
      <dst id="20">287.7778</dst>
      <dst id="11">245.2356</dst>
      <dst id="9">779.7511</dst>
      <dst id="17">13973.4844</dst>
      <dst id="21">4547.6978</dst>
      <dst id="15">16.2222</dst>
    </src>
    <src id="23">
      <dst id="12">1263.8044</dst>
      <dst id="13">149.8133</dst>
      <dst id="19">31.2356</dst>
      <dst id="8">0.3556</dst>
      <dst id="18">1260.3022</dst>
      <dst id="4">41.0844</dst>
      <dst id="1">71.6711</dst>
      <dst id="5">147.4667</dst>
      <dst id="3">73.1200</dst>
      <dst id="22">217.9378</dst>
      <dst id="7">82.3022</dst>
      <dst id="2">26.8089</dst>
      <dst id="6">0.3378</dst>
      <dst id="16">295.0400</dst>
      <dst id="14">5.1644</dst>
      <dst id="20">245.3333</dst>
      <dst id="11">99.4044</dst>
      <dst id="9">612.9422</dst>
      <dst id="17">333.1644</dst>
      <dst id="21">756.5422</dst>
      <dst id="15">173.8311</dst>
    </src>
    <src id="8">
      <dst id="12">351935.7600</dst>
      <dst id="13">2023.0400</dst>
      <dst id="19">176.0800</dst>
      <dst id="23">4.2844</dst>
      <dst id="18">216.5244</dst>
      <dst id="4">12289.2178</dst>
      <dst id="1">4803.9022</dst>
      <dst id="5">11804.5689</dst>
      <dst id="3">4.2844</dst>
      <dst id="22">1262.3822</dst>
      <dst id="7">362.4533</dst>
      <dst id="2">136030.8178</dst>
      <dst id="16">951.1378</dst>
      <dst id="14">0.6489</dst>
      <dst id="20">2908.1867</dst>
      <dst id="11">2551.6978</dst>
      <dst id="9">1745.9378</dst>
      <dst id="17">137986.9067</dst>
      <dst id="21">476.7644</dst>
      <dst id="15">258.5333</dst>
    </src>
    <src id="18">
      <dst id="12">145522.4622</dst>
      <dst id="13">428.0000</dst>
      <dst id="19">583.8222</dst>
      <dst id="23">28.8000</dst>
      <dst id="8">69.8222</dst>
      <dst id="4">3128.8889</dst>
      <dst id="1">889.4667</dst>
      <dst id="5">404.1956</dst>
      <dst id="3">82.5778</dst>
      <dst id="22">2024.9689</dst>
      <dst id="7">84.7644</dst>
      <dst id="2">47794.0800</dst>
      <dst id="16">67.6889</dst>
      <dst id="14">0.7111</dst>
      <dst id="20">49.8489</dst>
      <dst id="11">533.7600</dst>
      <dst id="9">771.6089</dst>
      <dst id="17">54075.7244</dst>
      <dst id="21">915.7067</dst>
      <dst id="15">10.2044</dst>
    </src>
    <src id="4">
      <dst id="12">17444.0800</dst>
      <dst id="19">8047.0667</dst>
      <dst id="23">13.0844</dst>
      <dst id="8">5123.9822</dst>
      <dst id="18">2165.5644</dst>
      <dst id="1">67657.7867</dst>
      <dst id="5">1862.1067</dst>
      <dst id="3">5610.0711</dst>
      <dst id="22">7753.3067</dst>
      <dst id="7">36200.6844</dst>
      <dst id="2">95753.6178</dst>
      <dst id="6">52.1956</dst>
      <dst id="16">5290.6844</dst>
      <dst id="14">4751.8400</dst>
      <dst id="20">6525.2800</dst>
      <dst id="11">3708.1244</dst>
      <dst id="9">7516.7556</dst>
      <dst id="17">30760.8267</dst>
      <dst id="21">13985.4044</dst>
      <dst id="15">954.5956</dst>
    </src>
    <src id="1">
      <dst id="12">18676.4800</dst>
      <dst id="13">9879.9644</dst>
      <dst id="19">268.1244</dst>
      <dst id="23">51.2533</dst>
      <dst id="8">185678.6044</dst>
      <dst id="18">14295.7156</dst>
      <dst id="4">23347.0044</dst>
      <dst id="1">20668.4089</dst>
      <dst id="5">297710.1867</dst>
      <dst id="3">249.5733</dst>
      <dst id="22">12939.5111</dst>
      <dst id="7">37837.7156</dst>
      <dst id="2">51167.9200</dst>
      <dst id="6">13216.7378</dst>
      <dst id="16">12488.3644</dst>
      <dst id="14">86.5778</dst>
      <dst id="20">105.6267</dst>
      <dst id="11">4005.2978</dst>
      <dst id="9">314852.1422</dst>
      <dst id="17">19968.2044</dst>
      <dst id="21">19194.5511</dst>
      <dst id="15">345.0933</dst>
    </src>
    <src id="5">
      <dst id="12">387702.5956</dst>
      <dst id="13">9220.4711</dst>
      <dst id="19">160.0711</dst>
      <dst id="23">47.9467</dst>
      <dst id="8">3647.3333</dst>
      <dst id="18">461.5289</dst>
      <dst id="4">9347.2178</dst>
      <dst id="1">4238.5600</dst>
      <dst id="3">155.0489</dst>
      <dst id="22">10751.1733</dst>
      <dst id="7">641.7778</dst>
      <dst id="2">170058.2311</dst>
      <dst id="6">38.9867</dst>
      <dst id="16">1253.6089</dst>
      <dst id="14">25.7778</dst>
      <dst id="20">4699.8578</dst>
      <dst id="11">2960.2933</dst>
      <dst id="9">7565.2800</dst>
      <dst id="17">162478.4533</dst>
      <dst id="21">699.0933</dst>
      <dst id="15">350.2844</dst>
    </src>
    <src id="3">
      <dst id="12">12370.9422</dst>
      <dst id="13">2897.4311</dst>
      <dst id="19">1753.5467</dst>
      <dst id="23">35.6267</dst>
      <dst id="8">977.2089</dst>
      <dst id="18">168751.6622</dst>
      <dst id="4">66684.3733</dst>
      <dst id="1">8463.0756</dst>
      <dst id="5">1027.7867</dst>
      <dst id="3">13049.3244</dst>
      <dst id="22">1656.8444</dst>
      <dst id="7">33977.0133</dst>
      <dst id="2">12123.0756</dst>
      <dst id="6">4.8444</dst>
      <dst id="16">2233.3333</dst>
      <dst id="14">47888.3022</dst>
      <dst id="20">1903.0400</dst>
      <dst id="11">265764.4533</dst>
      <dst id="9">472.1956</dst>
      <dst id="17">38001.8133</dst>
      <dst id="21">18522.2311</dst>
      <dst id="15">388.1600</dst>
    </src>
    <src id="10">
      <dst id="12">17764.4622</dst>
      <dst id="19">5171.9911</dst>
      <dst id="8">3345.1556</dst>
      <dst id="18">2919.7422</dst>
      <dst id="1">2045.4578</dst>
      <dst id="5">1407.2533</dst>
      <dst id="3">11885.2444</dst>
      <dst id="22">6925.1022</dst>
      <dst id="7">9401.3956</dst>
      <dst id="2">38255.4667</dst>
      <dst id="6">1.4400</dst>
      <dst id="16">3424.2756</dst>
      <dst id="14">878.4356</dst>
      <dst id="20">1893.0311</dst>
      <dst id="11">3665.9022</dst>
      <dst id="9">3291.1733</dst>
      <dst id="17">26375.8578</dst>
      <dst id="21">15946.7200</dst>
      <dst id="15">315.1022</dst>
    </src>
    <src id="22">
      <dst id="12">8984.9511</dst>
      <dst id="13">6090.0267</dst>
      <dst id="19">377.3244</dst>
      <dst id="23">67.8578</dst>
      <dst id="8">2378.1244</dst>
      <dst id="18">1236.3467</dst>
      <dst id="4">31721.3867</dst>
      <dst id="1">550.9867</dst>
      <dst id="5">7169.5556</dst>
      <dst id="3">651.4756</dst>
      <dst id="7">2222.3556</dst>
      <dst id="2">4052.6667</dst>
      <dst id="6">53.8044</dst>
      <dst id="16">1.3867</dst>
      <dst id="14">187.8756</dst>
      <dst id="11">6552.0267</dst>
      <dst id="9">7312.4000</dst>
      <dst id="17">14529.6800</dst>
      <dst id="21">3036.2578</dst>
    </src>
    <src id="7">
      <dst id="12">4345.3511</dst>
      <dst id="13">5027.8044</dst>
      <dst id="19">3034.2844</dst>
      <dst id="23">422.1600</dst>
      <dst id="8">443.2622</dst>
      <dst id="18">1872.1333</dst>
      <dst id="4">37810.6222</dst>
      <dst id="1">27271.1022</dst>
      <dst id="5">1485.3778</dst>
      <dst id="3">4653.3600</dst>
      <dst id="22">6089.6267</dst>
      <dst id="7">698.8444</dst>
      <dst id="2">13267.4222</dst>
      <dst id="6">1044.8356</dst>
      <dst id="16">3853.7956</dst>
      <dst id="14">148.8267</dst>
      <dst id="20">2413.2711</dst>
      <dst id="11">2878.9511</dst>
      <dst id="9">1922.0356</dst>
      <dst id="17">12200.9689</dst>
      <dst id="21">7089.7956</dst>
      <dst id="15">1388.4533</dst>
    </src>
    <src id="2">
      <dst id="12">150079.6267</dst>
      <dst id="13">524675.4844</dst>
      <dst id="19">1156.2400</dst>
      <dst id="23">54.2222</dst>
      <dst id="8">4449.7778</dst>
      <dst id="18">137901.4400</dst>
      <dst id="4">132931.6978</dst>
      <dst id="1">7866.6133</dst>
      <dst id="5">3008.2311</dst>
      <dst id="3">1594.4356</dst>
      <dst id="22">4339.5822</dst>
      <dst id="7">10905.1822</dst>
      <dst id="2">980.6133</dst>
      <dst id="6">8499.6356</dst>
      <dst id="16">2684.1067</dst>
      <dst id="14">2157.5022</dst>
      <dst id="20">7758.0356</dst>
      <dst id="11">2671.7244</dst>
      <dst id="9">2101.0844</dst>
      <dst id="17">73083.9556</dst>
      <dst id="21">14475.7067</dst>
      <dst id="15">2744.0622</dst>
    </src>
    <src id="6">
      <dst id="12">10941.2978</dst>
      <dst id="13">22.5422</dst>
      <dst id="19">21.9467</dst>
      <dst id="23">12.4622</dst>
      <dst id="8">0.3733</dst>
      <dst id="18">56.2578</dst>
      <dst id="4">162.7556</dst>
      <dst id="1">159.8578</dst>
      <dst id="5">0.8889</dst>
      <dst id="22">19.7067</dst>
      <dst id="7">60.8444</dst>
      <dst id="2">2347.4311</dst>
      <dst id="16">57.5467</dst>
      <dst id="20">0.4622</dst>
      <dst id="11">20.6933</dst>
      <dst id="9">103.2000</dst>
      <dst id="17">2157.5467</dst>
      <dst id="21">31.9911</dst>
      <dst id="15">0.3378</dst>
    </src>
    <src id="16">
      <dst id="12">3352.7200</dst>
      <dst id="13">1385.5733</dst>
      <dst id="19">4160.9778</dst>
      <dst id="23">471.1022</dst>
      <dst id="8">9970.9511</dst>
      <dst id="18">147.0044</dst>
      <dst id="4">8449.0756</dst>
      <dst id="1">17014.7378</dst>
      <dst id="5">6097.9111</dst>
      <dst id="3">235.5733</dst>
      <dst id="7">5738.1689</dst>
      <dst id="2">2191.7689</dst>
      <dst id="6">3.6533</dst>
      <dst id="16">63.0844</dst>
      <dst id="14">94.1156</dst>
      <dst id="11">2410.0711</dst>
      <dst id="9">9015.6711</dst>
      <dst id="17">4280.8267</dst>
      <dst id="21">1107.1289</dst>
    </src>
    <src id="14">
      <dst id="12">22015.3511</dst>
      <dst id="13">141.6178</dst>
      <dst id="19">6.7200</dst>
      <dst id="23">13.0844</dst>
      <dst id="18">14.2044</dst>
      <dst id="4">3821.5556</dst>
      <dst id="1">324.2044</dst>
      <dst id="5">1.3689</dst>
      <dst id="3">45.8489</dst>
      <dst id="22">16.9422</dst>
      <dst id="7">70.2044</dst>
      <dst id="2">6428.0444</dst>
      <dst id="16">9.3867</dst>
      <dst id="20">18.9778</dst>
      <dst id="11">22.9333</dst>
      <dst id="9">22.9689</dst>
      <dst id="17">10099.3956</dst>
      <dst id="21">130.4178</dst>
      <dst id="15">1.8489</dst>
    </src>
    <src id="20">
      <dst id="12">17177.8222</dst>
      <dst id="13">5291.1644</dst>
      <dst id="19">3304.4000</dst>
      <dst id="23">22.8978</dst>
      <dst id="8">3610.7200</dst>
      <dst id="18">43.0311</dst>
      <dst id="4">12509.4222</dst>
      <dst id="1">115.2000</dst>
      <dst id="5">9527.4489</dst>
      <dst id="3">2210.9956</dst>
      <dst id="7">884.0800</dst>
      <dst id="2">18259.8756</dst>
      <dst id="6">0.4800</dst>
      <dst id="16">0.8356</dst>
      <dst id="14">17.2711</dst>
      <dst id="11">1349.0133</dst>
      <dst id="9">17636.7111</dst>
      <dst id="17">5526.6489</dst>
      <dst id="21">738.9600</dst>
    </src>
    <src id="11">
      <dst id="12">461067.9289</dst>
      <dst id="13">2650.6044</dst>
      <dst id="19">140.4889</dst>
      <dst id="23">449.2267</dst>
      <dst id="8">3800.8356</dst>
      <dst id="18">561.1822</dst>
      <dst id="4">15655.5289</dst>
      <dst id="1">5103.6267</dst>
      <dst id="5">1658.2933</dst>
      <dst id="3">2763.5111</dst>
      <dst id="22">1944.3467</dst>
      <dst id="7">1459.8133</dst>
      <dst id="2">197613.6444</dst>
      <dst id="6">1044.0000</dst>
      <dst id="16">366.6133</dst>
      <dst id="14">101.2533</dst>
      <dst id="20">5054.9067</dst>
      <dst id="11">2742.3378</dst>
      <dst id="9">739.9911</dst>
      <dst id="17">191857.4667</dst>
      <dst id="21">725.8578</dst>
      <dst id="15">239.9733</dst>
    </src>
    <src id="9">
      <dst id="12">498608.2667</dst>
      <dst id="13">3254.0444</dst>
      <dst id="19">1665.1822</dst>
      <dst id="23">22.2400</dst>
      <dst id="8">542.2222</dst>
      <dst id="18">714.0178</dst>
      <dst id="4">21816.4356</dst>
      <dst id="1">4124.6400</dst>
      <dst id="5">1559.8222</dst>
      <dst id="3">6.8444</dst>
      <dst id="22">2580.5067</dst>
      <dst id="7">542.4000</dst>
      <dst id="2">195720.6044</dst>
      <dst id="6">13.3333</dst>
      <dst id="16">890.6311</dst>
      <dst id="14">13.8667</dst>
      <dst id="20">18614.4978</dst>
      <dst id="11">2487.0044</dst>
      <dst id="9">990.2400</dst>
      <dst id="17">200458.0711</dst>
      <dst id="21">1641.6356</dst>
      <dst id="15">4984.2489</dst>
    </src>
    <src id="17">
      <dst id="12">15226.8533</dst>
      <dst id="13">14199.9911</dst>
      <dst id="19">834.5244</dst>
      <dst id="23">4284.2311</dst>
      <dst id="8">191659.7156</dst>
      <dst id="18">5464.1511</dst>
      <dst id="4">156257.6800</dst>
      <dst id="1">4782.1689</dst>
      <dst id="5">292573.9556</dst>
      <dst id="3">17252.5778</dst>
      <dst id="22">6888.9422</dst>
      <dst id="7">8383.6978</dst>
      <dst id="2">56077.5200</dst>
      <dst id="6">89.9289</dst>
      <dst id="16">13797.2089</dst>
      <dst id="14">49892.7644</dst>
      <dst id="20">13676.7822</dst>
      <dst id="11">205943.7778</dst>
      <dst id="9">260369.6711</dst>
      <dst id="17">2304.4356</dst>
      <dst id="21">25264.5244</dst>
      <dst id="15">234.2844</dst>
    </src>
    <src id="21">
      <dst id="12">28439.8578</dst>
      <dst id="13">5006.0711</dst>
      <dst id="19">877.2711</dst>
      <dst id="23">50.2133</dst>
      <dst id="8">160.0800</dst>
      <dst id="18">5194.7022</dst>
      <dst id="4">26488.9867</dst>
      <dst id="1">7542.4444</dst>
      <dst id="5">1073.8311</dst>
      <dst id="3">13145.6533</dst>
      <dst id="22">1656.4978</dst>
      <dst id="7">1567.3689</dst>
      <dst id="2">19110.3733</dst>
      <dst id="6">12.2222</dst>
      <dst id="16">1215.6444</dst>
      <dst id="14">102.3111</dst>
      <dst id="20">1293.3600</dst>
      <dst id="11">927.9733</dst>
      <dst id="9">5700.8089</dst>
      <dst id="17">7893.3067</dst>
      <dst id="21">5081.4578</dst>
      <dst id="15">706.8533</dst>
    </src>
    <src id="15">
      <dst id="12">2649.1289</dst>
      <dst id="13">709.6889</dst>
      <dst id="19">74.2578</dst>
      <dst id="23">3.6622</dst>
      <dst id="8">732.8089</dst>
      <dst id="18">4.6222</dst>
      <dst id="4">1640.1067</dst>
      <dst id="1">978.3467</dst>
      <dst id="5">994.3378</dst>
      <dst id="3">3.6978</dst>
      <dst id="7">1464.2756</dst>
      <dst id="2">315.9200</dst>
      <dst id="6">0.5778</dst>
      <dst id="16">0.8356</dst>
      <dst id="14">64.0444</dst>
      <dst id="11">481.6267</dst>
      <dst id="9">1959.6356</dst>
      <dst id="17">5208.4622</dst>
      <dst id="21">90.3022</dst>
    </src>
  </IntraTM>
</TrafficMatrixFile>
