<?xml version="1.0" encoding="UTF-8" standalone="yes"?>
<TrafficMatrixFile xmlns:xsi="http://www.w3.org/2001/XMLSchema-instance" xsi:noNamespaceSchemaLocation="http://totem.run.montefiore.ulg.ac.be/Schema/TrafficMatrix-v1_2.xsd">
  <info>
    <title>Intradomain traffic matrix generated by geant-TM-all.pl</title>
    <date>2005-01-05T14:30:00</date>
    <duration>900</duration>
    <author>Steve Uhlig</author>
    <units>
        <unit type="bandwidth" value="kbps"/>
    </units>
  </info>
  <IntraTM ASID="20965">
    <src id="12">
      <dst id="12">202229.3689</dst>
      <dst id="13">11719.4578</dst>
      <dst id="19">5067.4578</dst>
      <dst id="23">16.0711</dst>
      <dst id="8">275.4222</dst>
      <dst id="18">2239.4311</dst>
      <dst id="4">79661.4756</dst>
      <dst id="1">14788.4267</dst>
      <dst id="5">1953.9378</dst>
      <dst id="3">1123.8044</dst>
      <dst id="22">17390.6133</dst>
      <dst id="7">5157.5289</dst>
      <dst id="2">53147.3867</dst>
      <dst id="6">3.3778</dst>
      <dst id="16">10144.1511</dst>
      <dst id="14">177.2089</dst>
      <dst id="20">3363.5556</dst>
      <dst id="11">6802.0622</dst>
      <dst id="9">3522.3467</dst>
      <dst id="17">63741.6711</dst>
      <dst id="21">836.5067</dst>
      <dst id="15">407.0133</dst>
    </src>
    <src id="13">
      <dst id="12">30869.4933</dst>
      <dst id="19">3620.5778</dst>
      <dst id="23">38.9156</dst>
      <dst id="8">1270.8356</dst>
      <dst id="18">3141.2711</dst>
      <dst id="1">1471.4844</dst>
      <dst id="5">3163.0933</dst>
      <dst id="3">4235.2267</dst>
      <dst id="22">16030.3822</dst>
      <dst id="7">14464.1689</dst>
      <dst id="2">52905.9200</dst>
      <dst id="6">87.0844</dst>
      <dst id="16">4211.1467</dst>
      <dst id="14">1690.3822</dst>
      <dst id="20">3674.1244</dst>
      <dst id="11">6797.0844</dst>
      <dst id="9">9597.9733</dst>
      <dst id="17">27351.6711</dst>
      <dst id="21">10348.8711</dst>
      <dst id="15">5427.1911</dst>
    </src>
    <src id="19">
      <dst id="12">12530.0711</dst>
      <dst id="13">31.8756</dst>
      <dst id="4">15163.5467</dst>
      <dst id="1">374.6756</dst>
      <dst id="5">27.6267</dst>
      <dst id="3">21.6267</dst>
      <dst id="22">50.2667</dst>
      <dst id="7">3493.2800</dst>
      <dst id="2">139.3600</dst>
      <dst id="6">27.3511</dst>
      <dst id="16">9327.0222</dst>
      <dst id="20">3.5200</dst>
      <dst id="11">42.0978</dst>
      <dst id="9">11.0311</dst>
      <dst id="17">175.4489</dst>
      <dst id="21">145.5911</dst>
      <dst id="15">1.0667</dst>
    </src>
    <src id="23">
      <dst id="12">2.2844</dst>
      <dst id="13">272.1778</dst>
      <dst id="19">0.5244</dst>
      <dst id="18">13.6000</dst>
      <dst id="4">115.1644</dst>
      <dst id="1">86.2844</dst>
      <dst id="3">207.2178</dst>
      <dst id="22">31.2089</dst>
      <dst id="7">119.6267</dst>
      <dst id="2">41.2000</dst>
      <dst id="16">2.0000</dst>
      <dst id="14">3.2711</dst>
      <dst id="20">106.6667</dst>
      <dst id="11">54.6667</dst>
      <dst id="9">1158.5778</dst>
      <dst id="17">183.8133</dst>
      <dst id="21">51.3067</dst>
    </src>
    <src id="8">
      <dst id="12">251743.4400</dst>
      <dst id="13">160.7467</dst>
      <dst id="19">0.4711</dst>
      <dst id="18">0.3200</dst>
      <dst id="4">2491.3422</dst>
      <dst id="1">612.6844</dst>
      <dst id="5">450.2667</dst>
      <dst id="3">0.4178</dst>
      <dst id="22">590.9067</dst>
      <dst id="7">15.0133</dst>
      <dst id="2">86767.2089</dst>
      <dst id="16">3916.3022</dst>
      <dst id="20">135.7067</dst>
      <dst id="11">56.9689</dst>
      <dst id="9">149.8933</dst>
      <dst id="17">82648.1067</dst>
      <dst id="21">126.3111</dst>
      <dst id="15">64.5333</dst>
    </src>
    <src id="18">
      <dst id="12">91037.9911</dst>
      <dst id="13">229.5200</dst>
      <dst id="19">0.8889</dst>
      <dst id="23">16.2133</dst>
      <dst id="8">40.7911</dst>
      <dst id="4">1468.5422</dst>
      <dst id="1">1425.8222</dst>
      <dst id="5">169.6356</dst>
      <dst id="3">4.1778</dst>
      <dst id="22">42.7644</dst>
      <dst id="7">7.5289</dst>
      <dst id="2">23207.6711</dst>
      <dst id="16">8.2133</dst>
      <dst id="14">13.7956</dst>
      <dst id="20">40.7911</dst>
      <dst id="11">2.9067</dst>
      <dst id="9">44.1422</dst>
      <dst id="17">35884.0000</dst>
      <dst id="21">98.7200</dst>
      <dst id="15">29.4044</dst>
    </src>
    <src id="4">
      <dst id="12">10483.4311</dst>
      <dst id="19">15711.1289</dst>
      <dst id="23">1.4933</dst>
      <dst id="8">343.1022</dst>
      <dst id="18">324.5600</dst>
      <dst id="4">3.2889</dst>
      <dst id="1">20086.7556</dst>
      <dst id="5">560.6756</dst>
      <dst id="3">1498.7200</dst>
      <dst id="22">2173.2978</dst>
      <dst id="7">28675.1644</dst>
      <dst id="2">49299.2622</dst>
      <dst id="6">90.1333</dst>
      <dst id="16">1072.0267</dst>
      <dst id="14">969.9467</dst>
      <dst id="20">370.9156</dst>
      <dst id="11">1624.9156</dst>
      <dst id="9">2703.0578</dst>
      <dst id="17">13985.5733</dst>
      <dst id="21">5506.3022</dst>
      <dst id="15">100.4356</dst>
    </src>
    <src id="1">
      <dst id="12">23268.0800</dst>
      <dst id="13">5894.6400</dst>
      <dst id="19">6.8978</dst>
      <dst id="23">3.1289</dst>
      <dst id="8">45800.1067</dst>
      <dst id="18">12626.5511</dst>
      <dst id="4">6261.8222</dst>
      <dst id="1">8276.5422</dst>
      <dst id="5">123009.8400</dst>
      <dst id="3">901.6533</dst>
      <dst id="22">615.2889</dst>
      <dst id="7">1158.8889</dst>
      <dst id="2">10720.0711</dst>
      <dst id="6">3959.3600</dst>
      <dst id="16">14345.6800</dst>
      <dst id="14">57.7067</dst>
      <dst id="20">2236.6311</dst>
      <dst id="11">1168.8800</dst>
      <dst id="9">142196.7289</dst>
      <dst id="17">4385.5911</dst>
      <dst id="21">3123.9378</dst>
      <dst id="15">123.9733</dst>
    </src>
    <src id="5">
      <dst id="12">255610.1600</dst>
      <dst id="13">382.7289</dst>
      <dst id="19">53.1111</dst>
      <dst id="8">180.5778</dst>
      <dst id="18">298.3911</dst>
      <dst id="4">5670.1422</dst>
      <dst id="1">609.7600</dst>
      <dst id="3">56.6400</dst>
      <dst id="22">1388.9867</dst>
      <dst id="7">72.8000</dst>
      <dst id="2">85311.1022</dst>
      <dst id="6">1.2978</dst>
      <dst id="16">265.1289</dst>
      <dst id="14">71.4667</dst>
      <dst id="20">136.5422</dst>
      <dst id="11">218.1867</dst>
      <dst id="9">552.2400</dst>
      <dst id="17">75838.9511</dst>
      <dst id="21">129.7956</dst>
      <dst id="15">61.7600</dst>
    </src>
    <src id="3">
      <dst id="12">20089.1556</dst>
      <dst id="13">9108.6222</dst>
      <dst id="19">1282.7822</dst>
      <dst id="23">9691.6089</dst>
      <dst id="8">9.3778</dst>
      <dst id="18">37284.8444</dst>
      <dst id="4">55897.7067</dst>
      <dst id="1">3920.1600</dst>
      <dst id="5">361.1289</dst>
      <dst id="3">7492.9067</dst>
      <dst id="22">1760.7022</dst>
      <dst id="7">5035.8489</dst>
      <dst id="2">22087.5556</dst>
      <dst id="16">1002.6756</dst>
      <dst id="14">25401.4578</dst>
      <dst id="20">2236.3467</dst>
      <dst id="11">87289.0933</dst>
      <dst id="9">252.1067</dst>
      <dst id="17">7602.9333</dst>
      <dst id="21">14152.5956</dst>
      <dst id="15">2066.5867</dst>
    </src>
    <src id="10">
      <dst id="12">11155.6978</dst>
      <dst id="19">3062.7022</dst>
      <dst id="8">311.7422</dst>
      <dst id="18">4493.4933</dst>
      <dst id="4">0.3556</dst>
      <dst id="1">3200.7022</dst>
      <dst id="5">323.7244</dst>
      <dst id="3">3035.5022</dst>
      <dst id="22">1850.2844</dst>
      <dst id="7">5262.1956</dst>
      <dst id="2">10145.7156</dst>
      <dst id="16">2612.5156</dst>
      <dst id="14">1392.1333</dst>
      <dst id="20">299.3156</dst>
      <dst id="11">6119.9733</dst>
      <dst id="9">1268.8889</dst>
      <dst id="17">9427.6533</dst>
      <dst id="21">6777.8222</dst>
      <dst id="15">348.6311</dst>
    </src>
    <src id="22">
      <dst id="12">8444.3822</dst>
      <dst id="13">736.3200</dst>
      <dst id="19">187.1022</dst>
      <dst id="23">10.2044</dst>
      <dst id="8">348.4978</dst>
      <dst id="18">116.0889</dst>
      <dst id="4">22585.7333</dst>
      <dst id="1">1910.0978</dst>
      <dst id="5">1227.8489</dst>
      <dst id="3">85.4133</dst>
      <dst id="7">1641.1467</dst>
      <dst id="2">3617.2533</dst>
      <dst id="6">962.4533</dst>
      <dst id="16">1.8311</dst>
      <dst id="14">18.7111</dst>
      <dst id="11">1278.4444</dst>
      <dst id="9">800.8356</dst>
      <dst id="17">2710.2400</dst>
      <dst id="21">527.0933</dst>
    </src>
    <src id="7">
      <dst id="12">2668.4711</dst>
      <dst id="13">115.3867</dst>
      <dst id="19">172.2933</dst>
      <dst id="23">50.0711</dst>
      <dst id="8">73.4222</dst>
      <dst id="18">103.2800</dst>
      <dst id="4">12994.5778</dst>
      <dst id="1">1603.3600</dst>
      <dst id="5">1037.6889</dst>
      <dst id="3">44.7911</dst>
      <dst id="22">5290.3733</dst>
      <dst id="7">829.3867</dst>
      <dst id="2">4820.9333</dst>
      <dst id="16">291.1378</dst>
      <dst id="14">89.1467</dst>
      <dst id="20">255.0133</dst>
      <dst id="11">178.7378</dst>
      <dst id="9">471.7956</dst>
      <dst id="17">4489.5556</dst>
      <dst id="21">719.0667</dst>
      <dst id="15">222.2844</dst>
    </src>
    <src id="2">
      <dst id="12">66570.8533</dst>
      <dst id="13">499237.8400</dst>
      <dst id="19">17.8844</dst>
      <dst id="8">195.9644</dst>
      <dst id="18">23623.4667</dst>
      <dst id="4">78569.9111</dst>
      <dst id="1">7074.9867</dst>
      <dst id="5">2347.3956</dst>
      <dst id="3">4.7200</dst>
      <dst id="22">14233.6000</dst>
      <dst id="7">13797.8933</dst>
      <dst id="2">519.6267</dst>
      <dst id="6">4991.3600</dst>
      <dst id="16">2334.0622</dst>
      <dst id="14">5482.5333</dst>
      <dst id="20">258.1156</dst>
      <dst id="11">461.5822</dst>
      <dst id="9">979.7333</dst>
      <dst id="17">17846.2667</dst>
      <dst id="21">1217.3244</dst>
      <dst id="15">43.6800</dst>
    </src>
    <src id="6">
      <dst id="12">7299.3067</dst>
      <dst id="13">1.2533</dst>
      <dst id="19">2.2133</dst>
      <dst id="4">1422.9689</dst>
      <dst id="5">6.8800</dst>
      <dst id="22">32.8089</dst>
      <dst id="7">1.3867</dst>
      <dst id="2">1290.4444</dst>
      <dst id="16">34.4889</dst>
      <dst id="11">0.3556</dst>
      <dst id="9">0.5244</dst>
      <dst id="17">1137.1733</dst>
      <dst id="21">0.4444</dst>
    </src>
    <src id="16">
      <dst id="12">3057.0578</dst>
      <dst id="13">111.8844</dst>
      <dst id="19">4838.9778</dst>
      <dst id="23">2.2400</dst>
      <dst id="8">1240.9422</dst>
      <dst id="18">2.5600</dst>
      <dst id="4">6134.2489</dst>
      <dst id="1">25967.8667</dst>
      <dst id="5">1969.3067</dst>
      <dst id="3">0.4178</dst>
      <dst id="7">1314.9600</dst>
      <dst id="2">92.8000</dst>
      <dst id="6">3.1733</dst>
      <dst id="16">29.8667</dst>
      <dst id="14">280.7822</dst>
      <dst id="11">584.0889</dst>
      <dst id="9">5984.0533</dst>
      <dst id="17">1949.4844</dst>
      <dst id="21">2089.0578</dst>
    </src>
    <src id="14">
      <dst id="12">23513.8844</dst>
      <dst id="13">16.6133</dst>
      <dst id="19">4.3022</dst>
      <dst id="8">0.3911</dst>
      <dst id="18">0.9244</dst>
      <dst id="4">2103.8311</dst>
      <dst id="1">61.2444</dst>
      <dst id="5">2.8444</dst>
      <dst id="3">39.1644</dst>
      <dst id="22">77.8933</dst>
      <dst id="7">48.7378</dst>
      <dst id="2">6603.7422</dst>
      <dst id="16">3.8044</dst>
      <dst id="20">0.3556</dst>
      <dst id="11">28.2578</dst>
      <dst id="9">89.9378</dst>
      <dst id="17">8938.7111</dst>
      <dst id="21">44.4356</dst>
    </src>
    <src id="20">
      <dst id="12">2712.4000</dst>
      <dst id="13">1153.8489</dst>
      <dst id="19">9.1467</dst>
      <dst id="23">2.0622</dst>
      <dst id="8">35.9111</dst>
      <dst id="18">1.3778</dst>
      <dst id="4">4478.5778</dst>
      <dst id="1">96.0356</dst>
      <dst id="5">227.6978</dst>
      <dst id="3">699.7956</dst>
      <dst id="22">0.8533</dst>
      <dst id="7">1030.6933</dst>
      <dst id="2">2346.8444</dst>
      <dst id="14">53.3333</dst>
      <dst id="11">268.0622</dst>
      <dst id="9">11351.9556</dst>
      <dst id="17">13604.0800</dst>
      <dst id="21">163.2178</dst>
    </src>
    <src id="11">
      <dst id="12">346684.1778</dst>
      <dst id="13">751.1022</dst>
      <dst id="19">6.0356</dst>
      <dst id="23">5.5467</dst>
      <dst id="8">191.7156</dst>
      <dst id="18">42.1422</dst>
      <dst id="4">13026.1422</dst>
      <dst id="1">713.6622</dst>
      <dst id="5">456.8889</dst>
      <dst id="3">647.0311</dst>
      <dst id="22">1060.2133</dst>
      <dst id="7">856.3733</dst>
      <dst id="2">119175.4133</dst>
      <dst id="6">14.4711</dst>
      <dst id="16">89.4222</dst>
      <dst id="14">102.2844</dst>
      <dst id="20">1109.4489</dst>
      <dst id="11">1320.1689</dst>
      <dst id="9">176.8978</dst>
      <dst id="17">139351.3422</dst>
      <dst id="21">1524.9067</dst>
      <dst id="15">123.0222</dst>
    </src>
    <src id="9">
      <dst id="12">404205.7867</dst>
      <dst id="13">662.4000</dst>
      <dst id="19">0.7822</dst>
      <dst id="23">71.1822</dst>
      <dst id="8">187.6533</dst>
      <dst id="18">84.5333</dst>
      <dst id="4">7462.1511</dst>
      <dst id="1">746.3556</dst>
      <dst id="5">351.0044</dst>
      <dst id="3">12.8889</dst>
      <dst id="22">458.0800</dst>
      <dst id="7">285.7600</dst>
      <dst id="2">125448.5067</dst>
      <dst id="6">0.4622</dst>
      <dst id="16">318.5600</dst>
      <dst id="14">11.8489</dst>
      <dst id="20">1557.7333</dst>
      <dst id="11">1887.6800</dst>
      <dst id="9">209.7600</dst>
      <dst id="17">139013.9200</dst>
      <dst id="21">133.0578</dst>
      <dst id="15">423.0311</dst>
    </src>
    <src id="17">
      <dst id="12">2392.3022</dst>
      <dst id="13">1800.8178</dst>
      <dst id="19">121.8311</dst>
      <dst id="23">2.9511</dst>
      <dst id="8">72538.7911</dst>
      <dst id="18">13.7867</dst>
      <dst id="4">96961.2533</dst>
      <dst id="1">3181.4667</dst>
      <dst id="5">135075.2533</dst>
      <dst id="3">6784.2756</dst>
      <dst id="22">1904.2933</dst>
      <dst id="7">1506.4800</dst>
      <dst id="2">8995.7156</dst>
      <dst id="6">136.2489</dst>
      <dst id="16">6996.0978</dst>
      <dst id="14">24137.9378</dst>
      <dst id="20">588.6756</dst>
      <dst id="11">68549.4844</dst>
      <dst id="9">127686.7556</dst>
      <dst id="17">1423.8311</dst>
      <dst id="21">4061.6089</dst>
      <dst id="15">28.9956</dst>
    </src>
    <src id="21">
      <dst id="12">15361.0489</dst>
      <dst id="13">7600.9867</dst>
      <dst id="19">313.2711</dst>
      <dst id="23">2.8356</dst>
      <dst id="8">20.5333</dst>
      <dst id="18">202.3111</dst>
      <dst id="4">14585.6267</dst>
      <dst id="1">1580.6578</dst>
      <dst id="5">85.0311</dst>
      <dst id="3">4633.7067</dst>
      <dst id="22">1753.2889</dst>
      <dst id="7">7294.4533</dst>
      <dst id="2">21573.9378</dst>
      <dst id="6">0.9244</dst>
      <dst id="16">107.3600</dst>
      <dst id="14">46.5333</dst>
      <dst id="20">2476.5422</dst>
      <dst id="11">1636.7822</dst>
      <dst id="9">558.2489</dst>
      <dst id="17">3311.7067</dst>
      <dst id="21">313.3778</dst>
      <dst id="15">2538.3289</dst>
    </src>
    <src id="15">
      <dst id="12">74.6311</dst>
      <dst id="13">109.8044</dst>
      <dst id="19">3.5289</dst>
      <dst id="23">1.7778</dst>
      <dst id="8">74.3822</dst>
      <dst id="18">50.7822</dst>
      <dst id="4">2264.0711</dst>
      <dst id="1">738.9244</dst>
      <dst id="5">150.4622</dst>
      <dst id="7">479.5111</dst>
      <dst id="2">1994.5422</dst>
      <dst id="16">0.3556</dst>
      <dst id="11">12.4356</dst>
      <dst id="9">102.2133</dst>
      <dst id="17">233.1911</dst>
      <dst id="21">77.3156</dst>
    </src>
  </IntraTM>
</TrafficMatrixFile>
