<?xml version="1.0" encoding="UTF-8" standalone="yes"?>
<TrafficMatrixFile xmlns:xsi="http://www.w3.org/2001/XMLSchema-instance" xsi:noNamespaceSchemaLocation="http://totem.run.montefiore.ulg.ac.be/Schema/TrafficMatrix-v1_2.xsd">
  <info>
    <title>Intradomain traffic matrix generated by geant-TM-all.pl</title>
    <date>2005-01-06T04:15:00</date>
    <duration>900</duration>
    <author>Steve Uhlig</author>
    <units>
        <unit type="bandwidth" value="kbps"/>
    </units>
  </info>
  <IntraTM ASID="20965">
    <src id="12">
      <dst id="12">290753.7600</dst>
      <dst id="13">69462.2044</dst>
      <dst id="19">6565.5822</dst>
      <dst id="23">118.5511</dst>
      <dst id="8">2921.1200</dst>
      <dst id="18">7113.8933</dst>
      <dst id="4">125913.7689</dst>
      <dst id="1">17246.4267</dst>
      <dst id="5">112744.1156</dst>
      <dst id="3">8903.3778</dst>
      <dst id="22">20491.0756</dst>
      <dst id="7">3814.2311</dst>
      <dst id="2">102085.4222</dst>
      <dst id="6">18.0889</dst>
      <dst id="16">20768.1689</dst>
      <dst id="14">1154.4533</dst>
      <dst id="20">17677.1200</dst>
      <dst id="11">7749.1733</dst>
      <dst id="9">17278.1333</dst>
      <dst id="17">83304.8978</dst>
      <dst id="21">7884.1778</dst>
      <dst id="15">5182.9244</dst>
    </src>
    <src id="13">
      <dst id="12">111552.3200</dst>
      <dst id="19">10314.1422</dst>
      <dst id="23">117.9644</dst>
      <dst id="8">8029.5289</dst>
      <dst id="18">10096.9422</dst>
      <dst id="1">14463.6533</dst>
      <dst id="5">11878.6489</dst>
      <dst id="3">9860.4800</dst>
      <dst id="22">25961.9644</dst>
      <dst id="7">23003.5378</dst>
      <dst id="2">122636.8978</dst>
      <dst id="6">183.6978</dst>
      <dst id="16">13055.1200</dst>
      <dst id="14">4634.1333</dst>
      <dst id="20">15982.5600</dst>
      <dst id="11">21082.5778</dst>
      <dst id="9">15394.4800</dst>
      <dst id="17">105084.9600</dst>
      <dst id="21">36870.5689</dst>
      <dst id="15">6145.6178</dst>
    </src>
    <src id="19">
      <dst id="12">18660.5244</dst>
      <dst id="13">1433.2622</dst>
      <dst id="23">154.7822</dst>
      <dst id="8">19.4578</dst>
      <dst id="18">37.6089</dst>
      <dst id="4">19985.2533</dst>
      <dst id="1">739.0578</dst>
      <dst id="5">124.2844</dst>
      <dst id="3">0.3911</dst>
      <dst id="22">1051.0400</dst>
      <dst id="7">4659.8400</dst>
      <dst id="2">1431.6533</dst>
      <dst id="6">177.1556</dst>
      <dst id="16">5089.1644</dst>
      <dst id="14">0.3556</dst>
      <dst id="20">429.7156</dst>
      <dst id="11">76.8000</dst>
      <dst id="9">7816.3822</dst>
      <dst id="17">14495.1911</dst>
      <dst id="21">2304.0356</dst>
      <dst id="15">29.3244</dst>
    </src>
    <src id="23">
      <dst id="12">688.7822</dst>
      <dst id="13">285.3422</dst>
      <dst id="19">3.0133</dst>
      <dst id="8">20.4444</dst>
      <dst id="18">95.1200</dst>
      <dst id="4">88.9244</dst>
      <dst id="1">33.4311</dst>
      <dst id="5">78.1867</dst>
      <dst id="3">287.5644</dst>
      <dst id="22">384.0089</dst>
      <dst id="7">203.6444</dst>
      <dst id="2">31.0844</dst>
      <dst id="16">1065.2000</dst>
      <dst id="14">15.2356</dst>
      <dst id="20">156.4267</dst>
      <dst id="11">2.7378</dst>
      <dst id="9">445.4756</dst>
      <dst id="17">816.1156</dst>
      <dst id="21">623.7956</dst>
      <dst id="15">40.3556</dst>
    </src>
    <src id="8">
      <dst id="12">370218.8089</dst>
      <dst id="13">520.3467</dst>
      <dst id="19">110.0800</dst>
      <dst id="23">43.4222</dst>
      <dst id="18">1863.4844</dst>
      <dst id="4">11335.7689</dst>
      <dst id="1">2078.0711</dst>
      <dst id="5">5365.3244</dst>
      <dst id="3">0.7111</dst>
      <dst id="22">1123.4222</dst>
      <dst id="7">217.9733</dst>
      <dst id="2">156810.7822</dst>
      <dst id="6">0.4622</dst>
      <dst id="16">887.3867</dst>
      <dst id="20">750.1333</dst>
      <dst id="11">3058.2133</dst>
      <dst id="9">877.1022</dst>
      <dst id="17">142160.1156</dst>
      <dst id="21">1270.7022</dst>
      <dst id="15">133.0667</dst>
    </src>
    <src id="18">
      <dst id="12">128017.7867</dst>
      <dst id="13">383.4222</dst>
      <dst id="19">252.6044</dst>
      <dst id="23">0.9422</dst>
      <dst id="8">105.7333</dst>
      <dst id="4">2934.3911</dst>
      <dst id="1">1098.3200</dst>
      <dst id="5">372.5244</dst>
      <dst id="3">46.0533</dst>
      <dst id="22">375.4578</dst>
      <dst id="7">96.0622</dst>
      <dst id="2">41049.3422</dst>
      <dst id="16">102.3111</dst>
      <dst id="20">17.8222</dst>
      <dst id="11">1208.4444</dst>
      <dst id="9">164.7111</dst>
      <dst id="17">44791.3333</dst>
      <dst id="21">1506.4800</dst>
      <dst id="15">6.2222</dst>
    </src>
    <src id="4">
      <dst id="12">22619.0844</dst>
      <dst id="19">6943.1911</dst>
      <dst id="8">7938.4444</dst>
      <dst id="18">1471.8400</dst>
      <dst id="4">2.9778</dst>
      <dst id="1">147307.7600</dst>
      <dst id="5">2507.1467</dst>
      <dst id="3">191.9911</dst>
      <dst id="22">5774.8000</dst>
      <dst id="7">35432.6667</dst>
      <dst id="2">84726.6933</dst>
      <dst id="6">22.5244</dst>
      <dst id="16">2327.8311</dst>
      <dst id="14">2284.7200</dst>
      <dst id="20">1734.2578</dst>
      <dst id="11">4047.7956</dst>
      <dst id="9">5516.0000</dst>
      <dst id="17">31586.4444</dst>
      <dst id="21">10049.8311</dst>
      <dst id="15">410.9067</dst>
    </src>
    <src id="1">
      <dst id="12">16420.9956</dst>
      <dst id="13">29318.8178</dst>
      <dst id="19">1354.9156</dst>
      <dst id="23">353.4044</dst>
      <dst id="8">174846.2844</dst>
      <dst id="18">16035.6889</dst>
      <dst id="4">20434.8622</dst>
      <dst id="1">72113.1733</dst>
      <dst id="5">286447.8222</dst>
      <dst id="3">4368.8800</dst>
      <dst id="22">5632.7467</dst>
      <dst id="7">35113.3244</dst>
      <dst id="2">24570.3022</dst>
      <dst id="6">11707.1822</dst>
      <dst id="16">8295.7156</dst>
      <dst id="14">235.7422</dst>
      <dst id="20">9517.9822</dst>
      <dst id="11">603.3600</dst>
      <dst id="9">290217.6533</dst>
      <dst id="17">27846.9067</dst>
      <dst id="21">27813.1644</dst>
      <dst id="15">607.1911</dst>
    </src>
    <src id="5">
      <dst id="12">378706.8800</dst>
      <dst id="13">5813.7156</dst>
      <dst id="19">234.5511</dst>
      <dst id="23">3.2000</dst>
      <dst id="8">4835.2178</dst>
      <dst id="18">571.5733</dst>
      <dst id="4">11383.5378</dst>
      <dst id="1">1658.4711</dst>
      <dst id="3">184.8178</dst>
      <dst id="22">6998.5689</dst>
      <dst id="7">185.9111</dst>
      <dst id="2">162322.0978</dst>
      <dst id="16">1703.9556</dst>
      <dst id="14">14.2489</dst>
      <dst id="20">1447.8222</dst>
      <dst id="11">1876.0267</dst>
      <dst id="9">3148.9333</dst>
      <dst id="17">144082.8711</dst>
      <dst id="21">242.0356</dst>
      <dst id="15">545.8133</dst>
    </src>
    <src id="3">
      <dst id="12">9846.7911</dst>
      <dst id="13">670.6578</dst>
      <dst id="19">1945.7600</dst>
      <dst id="23">11846.0711</dst>
      <dst id="8">373.8844</dst>
      <dst id="18">134209.5822</dst>
      <dst id="4">60373.0844</dst>
      <dst id="1">10458.3111</dst>
      <dst id="5">568.6667</dst>
      <dst id="3">14305.3778</dst>
      <dst id="22">1291.5111</dst>
      <dst id="7">26236.3644</dst>
      <dst id="2">7778.4622</dst>
      <dst id="6">2.8000</dst>
      <dst id="16">2247.3511</dst>
      <dst id="14">40791.7778</dst>
      <dst id="20">572.8711</dst>
      <dst id="11">237516.5956</dst>
      <dst id="9">401.6267</dst>
      <dst id="17">21936.2311</dst>
      <dst id="21">16396.4978</dst>
      <dst id="15">116.8978</dst>
    </src>
    <src id="10">
      <dst id="12">13267.1911</dst>
      <dst id="19">4181.5911</dst>
      <dst id="23">0.4267</dst>
      <dst id="8">4552.3467</dst>
      <dst id="18">5457.2000</dst>
      <dst id="1">1548.0800</dst>
      <dst id="5">1143.9556</dst>
      <dst id="3">14302.2578</dst>
      <dst id="22">3820.8800</dst>
      <dst id="7">9091.5289</dst>
      <dst id="2">43365.8311</dst>
      <dst id="6">0.7111</dst>
      <dst id="16">4951.7956</dst>
      <dst id="14">2208.2667</dst>
      <dst id="20">4438.8089</dst>
      <dst id="11">4816.8444</dst>
      <dst id="9">3504.9778</dst>
      <dst id="17">33600.8089</dst>
      <dst id="21">17057.5822</dst>
      <dst id="15">711.8756</dst>
    </src>
    <src id="22">
      <dst id="12">8938.3733</dst>
      <dst id="13">5251.2533</dst>
      <dst id="19">611.5733</dst>
      <dst id="23">42.4889</dst>
      <dst id="8">3791.6178</dst>
      <dst id="18">909.5111</dst>
      <dst id="4">24579.0400</dst>
      <dst id="1">1204.9689</dst>
      <dst id="5">5355.4311</dst>
      <dst id="3">1245.2978</dst>
      <dst id="7">1032.5511</dst>
      <dst id="2">4783.2533</dst>
      <dst id="6">0.5244</dst>
      <dst id="16">8.9778</dst>
      <dst id="14">129.4044</dst>
      <dst id="11">3008.2933</dst>
      <dst id="9">4179.5111</dst>
      <dst id="17">6900.3556</dst>
      <dst id="21">2768.5067</dst>
    </src>
    <src id="7">
      <dst id="12">3584.9956</dst>
      <dst id="13">1137.5378</dst>
      <dst id="19">2010.6844</dst>
      <dst id="23">237.9556</dst>
      <dst id="8">450.5244</dst>
      <dst id="18">2528.3733</dst>
      <dst id="4">28629.9644</dst>
      <dst id="1">11853.4489</dst>
      <dst id="5">1255.7867</dst>
      <dst id="3">3555.4489</dst>
      <dst id="22">6206.3733</dst>
      <dst id="7">726.0978</dst>
      <dst id="2">8961.8311</dst>
      <dst id="6">27.7244</dst>
      <dst id="16">7251.3689</dst>
      <dst id="14">70.1600</dst>
      <dst id="20">2501.9200</dst>
      <dst id="11">2023.0489</dst>
      <dst id="9">2022.0089</dst>
      <dst id="17">15346.2222</dst>
      <dst id="21">4599.6089</dst>
      <dst id="15">1284.3111</dst>
    </src>
    <src id="2">
      <dst id="12">136958.3822</dst>
      <dst id="13">524126.5511</dst>
      <dst id="19">1075.5733</dst>
      <dst id="23">2.9867</dst>
      <dst id="8">1359.5911</dst>
      <dst id="18">116037.9911</dst>
      <dst id="4">131182.9067</dst>
      <dst id="1">8569.9911</dst>
      <dst id="5">2083.7156</dst>
      <dst id="3">649.3689</dst>
      <dst id="22">2346.0356</dst>
      <dst id="7">12952.7467</dst>
      <dst id="2">1626.0800</dst>
      <dst id="6">9032.3822</dst>
      <dst id="16">2668.1333</dst>
      <dst id="14">4388.3200</dst>
      <dst id="20">8696.6667</dst>
      <dst id="11">4165.0578</dst>
      <dst id="9">2412.7733</dst>
      <dst id="17">33707.2622</dst>
      <dst id="21">4459.7956</dst>
      <dst id="15">2146.8533</dst>
    </src>
    <src id="6">
      <dst id="12">11760.0800</dst>
      <dst id="13">15.5733</dst>
      <dst id="19">16.5778</dst>
      <dst id="23">14.2578</dst>
      <dst id="8">4.9422</dst>
      <dst id="18">0.4978</dst>
      <dst id="4">73.3689</dst>
      <dst id="1">44.2133</dst>
      <dst id="22">12.3733</dst>
      <dst id="7">0.7822</dst>
      <dst id="2">2563.8844</dst>
      <dst id="16">0.7111</dst>
      <dst id="11">21.8933</dst>
      <dst id="9">0.9689</dst>
      <dst id="17">1861.8311</dst>
      <dst id="21">23.6444</dst>
      <dst id="15">0.7111</dst>
    </src>
    <src id="16">
      <dst id="12">5786.0444</dst>
      <dst id="13">585.4667</dst>
      <dst id="19">4323.7333</dst>
      <dst id="23">395.0933</dst>
      <dst id="8">10091.4667</dst>
      <dst id="18">18.9067</dst>
      <dst id="4">9980.2222</dst>
      <dst id="1">15260.1511</dst>
      <dst id="5">4453.7689</dst>
      <dst id="3">233.1822</dst>
      <dst id="7">7273.5289</dst>
      <dst id="2">568.4089</dst>
      <dst id="6">1.6178</dst>
      <dst id="16">72.7911</dst>
      <dst id="14">109.6356</dst>
      <dst id="11">816.8356</dst>
      <dst id="9">14907.8133</dst>
      <dst id="17">5044.2044</dst>
      <dst id="21">534.0800</dst>
    </src>
    <src id="14">
      <dst id="12">24597.9733</dst>
      <dst id="13">135.4400</dst>
      <dst id="19">27.6000</dst>
      <dst id="23">1.0667</dst>
      <dst id="18">0.4622</dst>
      <dst id="4">3407.2533</dst>
      <dst id="1">159.3867</dst>
      <dst id="5">2.2222</dst>
      <dst id="3">51.6800</dst>
      <dst id="22">29.8578</dst>
      <dst id="7">115.9911</dst>
      <dst id="2">7466.6489</dst>
      <dst id="16">17.3244</dst>
      <dst id="20">12.6222</dst>
      <dst id="11">31.6267</dst>
      <dst id="9">3.8756</dst>
      <dst id="17">9550.5244</dst>
      <dst id="21">107.2444</dst>
    </src>
    <src id="20">
      <dst id="12">7120.6933</dst>
      <dst id="13">3454.8978</dst>
      <dst id="19">2812.8178</dst>
      <dst id="23">50.5333</dst>
      <dst id="8">1576.1778</dst>
      <dst id="18">52.3733</dst>
      <dst id="4">10796.3644</dst>
      <dst id="1">1690.6222</dst>
      <dst id="5">7473.4400</dst>
      <dst id="3">614.0444</dst>
      <dst id="7">1559.3867</dst>
      <dst id="2">832.0444</dst>
      <dst id="6">0.4356</dst>
      <dst id="16">26.9689</dst>
      <dst id="14">3.6800</dst>
      <dst id="11">1981.2178</dst>
      <dst id="9">3290.0089</dst>
      <dst id="17">1127.9111</dst>
      <dst id="21">1549.4133</dst>
    </src>
    <src id="11">
      <dst id="12">442174.7378</dst>
      <dst id="13">2667.8489</dst>
      <dst id="19">244.4178</dst>
      <dst id="23">155.3511</dst>
      <dst id="8">698.6400</dst>
      <dst id="18">873.5200</dst>
      <dst id="4">14449.6000</dst>
      <dst id="1">1240.4711</dst>
      <dst id="5">1321.9911</dst>
      <dst id="3">4347.9911</dst>
      <dst id="22">2900.9956</dst>
      <dst id="7">1981.5378</dst>
      <dst id="2">188729.1378</dst>
      <dst id="6">812.2933</dst>
      <dst id="16">774.7556</dst>
      <dst id="14">174.6133</dst>
      <dst id="20">1333.7511</dst>
      <dst id="11">1246.5689</dst>
      <dst id="9">3021.0133</dst>
      <dst id="17">217030.8978</dst>
      <dst id="21">779.5022</dst>
      <dst id="15">395.7511</dst>
    </src>
    <src id="9">
      <dst id="12">581181.8578</dst>
      <dst id="13">6704.3644</dst>
      <dst id="19">346.4178</dst>
      <dst id="23">103.6444</dst>
      <dst id="8">552.9067</dst>
      <dst id="18">499.1911</dst>
      <dst id="4">18015.1556</dst>
      <dst id="1">1425.4756</dst>
      <dst id="5">9558.1244</dst>
      <dst id="3">14.7644</dst>
      <dst id="22">4196.8089</dst>
      <dst id="7">251.3867</dst>
      <dst id="2">207181.8222</dst>
      <dst id="6">2.5067</dst>
      <dst id="16">1159.2978</dst>
      <dst id="14">163.4311</dst>
      <dst id="20">14666.4533</dst>
      <dst id="11">1768.9067</dst>
      <dst id="9">333.1022</dst>
      <dst id="17">207009.7156</dst>
      <dst id="21">1265.1644</dst>
      <dst id="15">978.3911</dst>
    </src>
    <src id="17">
      <dst id="12">9299.7689</dst>
      <dst id="13">4242.7378</dst>
      <dst id="19">1588.8533</dst>
      <dst id="23">574.0622</dst>
      <dst id="8">194399.6178</dst>
      <dst id="18">4498.1600</dst>
      <dst id="4">108036.6578</dst>
      <dst id="1">7018.4089</dst>
      <dst id="5">279480.3733</dst>
      <dst id="3">9925.4222</dst>
      <dst id="22">7204.0267</dst>
      <dst id="7">1596.9600</dst>
      <dst id="2">35993.6000</dst>
      <dst id="6">60.9422</dst>
      <dst id="16">5276.8622</dst>
      <dst id="14">34805.9111</dst>
      <dst id="20">5737.6444</dst>
      <dst id="11">182384.8622</dst>
      <dst id="9">276744.6133</dst>
      <dst id="17">1680.9244</dst>
      <dst id="21">15288.9422</dst>
      <dst id="15">1886.0089</dst>
    </src>
    <src id="21">
      <dst id="12">22536.6489</dst>
      <dst id="13">867.7600</dst>
      <dst id="19">882.3556</dst>
      <dst id="23">116.5511</dst>
      <dst id="8">243.6711</dst>
      <dst id="18">9870.9600</dst>
      <dst id="4">25863.0756</dst>
      <dst id="1">4716.5778</dst>
      <dst id="5">688.2044</dst>
      <dst id="3">21887.1378</dst>
      <dst id="22">3628.1156</dst>
      <dst id="7">2390.1422</dst>
      <dst id="2">18009.7333</dst>
      <dst id="6">1.3333</dst>
      <dst id="16">2927.5733</dst>
      <dst id="14">120.0089</dst>
      <dst id="20">1789.2800</dst>
      <dst id="11">2415.5289</dst>
      <dst id="9">1090.1689</dst>
      <dst id="17">7344.0711</dst>
      <dst id="21">4078.7022</dst>
      <dst id="15">585.9022</dst>
    </src>
    <src id="15">
      <dst id="12">977.6089</dst>
      <dst id="13">1095.7956</dst>
      <dst id="19">81.9556</dst>
      <dst id="23">51.1378</dst>
      <dst id="8">283.1111</dst>
      <dst id="18">1.0756</dst>
      <dst id="4">1513.6089</dst>
      <dst id="1">6453.0578</dst>
      <dst id="5">766.2044</dst>
      <dst id="7">28.0533</dst>
      <dst id="2">98.1067</dst>
      <dst id="14">1.7422</dst>
      <dst id="11">60.3822</dst>
      <dst id="9">1587.5556</dst>
      <dst id="17">14615.6622</dst>
      <dst id="21">28.2133</dst>
    </src>
  </IntraTM>
</TrafficMatrixFile>
