<?xml version="1.0" encoding="UTF-8" standalone="yes"?>
<TrafficMatrixFile xmlns:xsi="http://www.w3.org/2001/XMLSchema-instance" xsi:noNamespaceSchemaLocation="http://totem.run.montefiore.ulg.ac.be/Schema/TrafficMatrix-v1_2.xsd">
  <info>
    <title>Intradomain traffic matrix generated by geant-TM-all.pl</title>
    <date>2005-01-01T18:45:00</date>
    <duration>900</duration>
    <author>Steve Uhlig</author>
    <units>
        <unit type="bandwidth" value="kbps"/>
    </units>
  </info>
  <IntraTM ASID="20965">
    <src id="12">
      <dst id="12">376756.7644</dst>
      <dst id="13">22137.9289</dst>
      <dst id="19">4034.2133</dst>
      <dst id="23">5927.2356</dst>
      <dst id="8">6487.4667</dst>
      <dst id="18">2933.0133</dst>
      <dst id="4">83127.2622</dst>
      <dst id="1">12411.7689</dst>
      <dst id="5">3543.5200</dst>
      <dst id="3">17233.9378</dst>
      <dst id="22">23054.3733</dst>
      <dst id="7">3270.7822</dst>
      <dst id="2">84662.2844</dst>
      <dst id="6">36.7200</dst>
      <dst id="16">8726.7289</dst>
      <dst id="14">3297.3600</dst>
      <dst id="20">5552.6667</dst>
      <dst id="11">5072.5867</dst>
      <dst id="9">62369.7422</dst>
      <dst id="17">91257.5822</dst>
      <dst id="21">36447.5289</dst>
      <dst id="15">10824.5778</dst>
    </src>
    <src id="13">
      <dst id="12">81391.7956</dst>
      <dst id="19">5201.7333</dst>
      <dst id="23">429.0844</dst>
      <dst id="8">3819.1467</dst>
      <dst id="18">8422.9956</dst>
      <dst id="1">9729.6267</dst>
      <dst id="5">14034.9422</dst>
      <dst id="3">41176.6933</dst>
      <dst id="22">31925.4222</dst>
      <dst id="7">13503.5467</dst>
      <dst id="2">97823.9911</dst>
      <dst id="6">135.1289</dst>
      <dst id="16">8321.0667</dst>
      <dst id="14">6256.3911</dst>
      <dst id="20">22346.0267</dst>
      <dst id="11">31955.1111</dst>
      <dst id="9">15580.0178</dst>
      <dst id="17">69242.2400</dst>
      <dst id="21">32609.6444</dst>
      <dst id="15">5369.2800</dst>
    </src>
    <src id="19">
      <dst id="12">15089.0756</dst>
      <dst id="13">7811.9022</dst>
      <dst id="23">16.2400</dst>
      <dst id="8">375.8756</dst>
      <dst id="18">32.3378</dst>
      <dst id="4">18159.7600</dst>
      <dst id="1">615.0044</dst>
      <dst id="5">44.5156</dst>
      <dst id="3">5294.4000</dst>
      <dst id="22">1482.1156</dst>
      <dst id="7">4439.9733</dst>
      <dst id="2">569.4933</dst>
      <dst id="6">226.6844</dst>
      <dst id="16">9841.8578</dst>
      <dst id="14">43.5556</dst>
      <dst id="20">184.3644</dst>
      <dst id="11">119.9111</dst>
      <dst id="9">1003.6889</dst>
      <dst id="17">462.6756</dst>
      <dst id="21">3935.6800</dst>
      <dst id="15">14.6933</dst>
    </src>
    <src id="23">
      <dst id="12">357.0489</dst>
      <dst id="13">131.6444</dst>
      <dst id="19">25.7067</dst>
      <dst id="8">30.8978</dst>
      <dst id="18">5796.5156</dst>
      <dst id="4">44.7733</dst>
      <dst id="1">162.8267</dst>
      <dst id="5">60.5156</dst>
      <dst id="3">2504.2044</dst>
      <dst id="22">270.7200</dst>
      <dst id="7">244.0267</dst>
      <dst id="2">117.1378</dst>
      <dst id="6">5.8222</dst>
      <dst id="16">12.8000</dst>
      <dst id="14">56.1867</dst>
      <dst id="20">245.8844</dst>
      <dst id="11">544.6222</dst>
      <dst id="9">133.2533</dst>
      <dst id="17">272.3733</dst>
      <dst id="21">250.4711</dst>
      <dst id="15">0.9244</dst>
    </src>
    <src id="8">
      <dst id="12">403834.0978</dst>
      <dst id="13">473.2089</dst>
      <dst id="19">24.3733</dst>
      <dst id="23">169.6000</dst>
      <dst id="18">1374.0000</dst>
      <dst id="4">8094.7022</dst>
      <dst id="1">42.9156</dst>
      <dst id="5">4603.6178</dst>
      <dst id="3">1178.0711</dst>
      <dst id="22">3906.7644</dst>
      <dst id="7">124.7911</dst>
      <dst id="2">137799.8133</dst>
      <dst id="16">1641.8578</dst>
      <dst id="14">6.4711</dst>
      <dst id="20">5418.5511</dst>
      <dst id="11">3236.7911</dst>
      <dst id="9">1045.8933</dst>
      <dst id="17">86824.3911</dst>
      <dst id="21">1988.7378</dst>
      <dst id="15">6950.0000</dst>
    </src>
    <src id="18">
      <dst id="12">142371.6711</dst>
      <dst id="13">135.0044</dst>
      <dst id="19">986.3289</dst>
      <dst id="23">104.3378</dst>
      <dst id="8">439.6800</dst>
      <dst id="4">2106.1956</dst>
      <dst id="1">1116.1156</dst>
      <dst id="5">803.9467</dst>
      <dst id="3">177.2978</dst>
      <dst id="22">535.1022</dst>
      <dst id="7">175.7422</dst>
      <dst id="2">36592.2844</dst>
      <dst id="16">37.4933</dst>
      <dst id="14">0.3556</dst>
      <dst id="20">56.0711</dst>
      <dst id="11">122.3022</dst>
      <dst id="9">23.8578</dst>
      <dst id="17">35841.0222</dst>
      <dst id="21">1371.5556</dst>
      <dst id="15">1333.7956</dst>
    </src>
    <src id="4">
      <dst id="12">24012.1333</dst>
      <dst id="19">17198.1689</dst>
      <dst id="8">3675.6711</dst>
      <dst id="18">3062.5511</dst>
      <dst id="4">2.2133</dst>
      <dst id="1">4057.7778</dst>
      <dst id="5">3018.1244</dst>
      <dst id="3">62043.5111</dst>
      <dst id="22">7098.8356</dst>
      <dst id="7">25725.2889</dst>
      <dst id="2">99690.3556</dst>
      <dst id="6">199.2622</dst>
      <dst id="16">1740.5956</dst>
      <dst id="14">17064.5956</dst>
      <dst id="20">9006.9511</dst>
      <dst id="11">9741.0489</dst>
      <dst id="9">4817.6178</dst>
      <dst id="17">19005.5289</dst>
      <dst id="21">7361.6444</dst>
      <dst id="15">1411.9200</dst>
    </src>
    <src id="1">
      <dst id="12">16612.9422</dst>
      <dst id="13">381.3422</dst>
      <dst id="19">158.0889</dst>
      <dst id="23">117.8844</dst>
      <dst id="8">243448.0622</dst>
      <dst id="18">11440.3467</dst>
      <dst id="4">7862.8089</dst>
      <dst id="1">78.8978</dst>
      <dst id="5">280163.8844</dst>
      <dst id="3">86241.2267</dst>
      <dst id="22">7268.1511</dst>
      <dst id="7">2767.8756</dst>
      <dst id="2">7500.0000</dst>
      <dst id="6">8638.6222</dst>
      <dst id="16">14985.1733</dst>
      <dst id="14">224.4533</dst>
      <dst id="20">8759.2089</dst>
      <dst id="11">499.9556</dst>
      <dst id="9">403864.2667</dst>
      <dst id="17">3791.4756</dst>
      <dst id="21">22684.5689</dst>
      <dst id="15">543.2533</dst>
    </src>
    <src id="5">
      <dst id="12">352828.6400</dst>
      <dst id="13">2632.0978</dst>
      <dst id="19">64.8889</dst>
      <dst id="23">192.8622</dst>
      <dst id="8">19257.9822</dst>
      <dst id="18">650.4622</dst>
      <dst id="4">8918.3022</dst>
      <dst id="1">31.2533</dst>
      <dst id="3">1713.0222</dst>
      <dst id="22">2703.2089</dst>
      <dst id="7">425.4756</dst>
      <dst id="2">167572.4889</dst>
      <dst id="6">3.7600</dst>
      <dst id="16">2490.8533</dst>
      <dst id="14">13.2711</dst>
      <dst id="20">9137.3689</dst>
      <dst id="11">2199.3689</dst>
      <dst id="9">1429.7511</dst>
      <dst id="17">90673.5467</dst>
      <dst id="21">604.0178</dst>
      <dst id="15">421.9733</dst>
    </src>
    <src id="3">
      <dst id="12">13679.3778</dst>
      <dst id="13">2939.9556</dst>
      <dst id="19">1453.4400</dst>
      <dst id="23">72.8622</dst>
      <dst id="8">212.0089</dst>
      <dst id="18">156210.7022</dst>
      <dst id="4">41716.3556</dst>
      <dst id="1">6347.9822</dst>
      <dst id="5">890.1689</dst>
      <dst id="3">22139.9733</dst>
      <dst id="22">1766.5867</dst>
      <dst id="7">2280.8356</dst>
      <dst id="2">6145.2978</dst>
      <dst id="6">14.2578</dst>
      <dst id="16">1521.9111</dst>
      <dst id="14">56991.0578</dst>
      <dst id="20">5407.1200</dst>
      <dst id="11">248043.0222</dst>
      <dst id="9">1094.7911</dst>
      <dst id="17">8514.8978</dst>
      <dst id="21">12563.5644</dst>
      <dst id="15">172.4444</dst>
    </src>
    <src id="10">
      <dst id="12">17754.5156</dst>
      <dst id="19">1532.1333</dst>
      <dst id="8">1786.6489</dst>
      <dst id="18">4078.8178</dst>
      <dst id="1">1429.9289</dst>
      <dst id="5">1509.7689</dst>
      <dst id="3">28089.5733</dst>
      <dst id="22">9981.0844</dst>
      <dst id="7">2532.1422</dst>
      <dst id="2">38366.1956</dst>
      <dst id="6">26.6667</dst>
      <dst id="16">2108.1956</dst>
      <dst id="14">4937.6533</dst>
      <dst id="20">7994.5333</dst>
      <dst id="11">6472.7733</dst>
      <dst id="9">2292.4000</dst>
      <dst id="17">18618.1867</dst>
      <dst id="21">17636.9244</dst>
      <dst id="15">1285.1556</dst>
    </src>
    <src id="22">
      <dst id="12">17085.6889</dst>
      <dst id="13">3083.4133</dst>
      <dst id="19">119.9556</dst>
      <dst id="23">118.1333</dst>
      <dst id="8">2195.3867</dst>
      <dst id="18">2220.3644</dst>
      <dst id="4">17595.3956</dst>
      <dst id="1">600.2311</dst>
      <dst id="5">3726.9244</dst>
      <dst id="3">1023.8400</dst>
      <dst id="7">1317.0311</dst>
      <dst id="2">6426.7378</dst>
      <dst id="6">11.6267</dst>
      <dst id="16">80.6756</dst>
      <dst id="14">110.1956</dst>
      <dst id="11">6618.9600</dst>
      <dst id="9">2488.6400</dst>
      <dst id="17">10280.1600</dst>
      <dst id="21">2356.9333</dst>
    </src>
    <src id="7">
      <dst id="12">5576.0800</dst>
      <dst id="13">241.4311</dst>
      <dst id="19">800.1689</dst>
      <dst id="23">1274.4444</dst>
      <dst id="8">420.9600</dst>
      <dst id="18">572.7822</dst>
      <dst id="4">27656.1511</dst>
      <dst id="1">1377.5200</dst>
      <dst id="5">1647.8933</dst>
      <dst id="3">12346.9511</dst>
      <dst id="22">8416.4267</dst>
      <dst id="7">660.1867</dst>
      <dst id="2">8567.4222</dst>
      <dst id="6">227.7333</dst>
      <dst id="16">1889.3244</dst>
      <dst id="14">233.3778</dst>
      <dst id="20">3719.4844</dst>
      <dst id="11">994.6578</dst>
      <dst id="9">1530.6756</dst>
      <dst id="17">3614.6756</dst>
      <dst id="21">7397.5378</dst>
      <dst id="15">361.2800</dst>
    </src>
    <src id="2">
      <dst id="12">191835.5556</dst>
      <dst id="13">3748.1956</dst>
      <dst id="19">1815.4222</dst>
      <dst id="23">9.1822</dst>
      <dst id="8">855.2711</dst>
      <dst id="18">121440.1511</dst>
      <dst id="4">88375.6978</dst>
      <dst id="1">2254.6044</dst>
      <dst id="5">1163.3156</dst>
      <dst id="3">7089.2800</dst>
      <dst id="22">3777.6622</dst>
      <dst id="7">2762.4444</dst>
      <dst id="2">1101.6089</dst>
      <dst id="6">7941.1378</dst>
      <dst id="16">1571.2356</dst>
      <dst id="14">417.1822</dst>
      <dst id="20">1978.5244</dst>
      <dst id="11">13498.7111</dst>
      <dst id="9">1312.0889</dst>
      <dst id="17">33121.4756</dst>
      <dst id="21">16848.7022</dst>
      <dst id="15">922.1244</dst>
    </src>
    <src id="6">
      <dst id="12">11457.7333</dst>
      <dst id="13">25.9733</dst>
      <dst id="19">9.7156</dst>
      <dst id="23">1.1378</dst>
      <dst id="8">0.9156</dst>
      <dst id="18">13.5111</dst>
      <dst id="4">96.2667</dst>
      <dst id="1">0.6933</dst>
      <dst id="5">113.3333</dst>
      <dst id="3">152.8889</dst>
      <dst id="22">37.9022</dst>
      <dst id="7">16.3200</dst>
      <dst id="2">2295.8933</dst>
      <dst id="16">24.8889</dst>
      <dst id="20">12.1778</dst>
      <dst id="11">53.6889</dst>
      <dst id="9">43.9822</dst>
      <dst id="17">1035.5378</dst>
      <dst id="21">139.8756</dst>
      <dst id="15">11.4667</dst>
    </src>
    <src id="16">
      <dst id="12">3842.0444</dst>
      <dst id="13">550.4267</dst>
      <dst id="19">4479.5822</dst>
      <dst id="23">148.7200</dst>
      <dst id="8">6830.4800</dst>
      <dst id="18">370.6311</dst>
      <dst id="4">6017.4044</dst>
      <dst id="1">21741.5822</dst>
      <dst id="5">14916.5689</dst>
      <dst id="3">3952.6667</dst>
      <dst id="7">1667.6178</dst>
      <dst id="2">460.2222</dst>
      <dst id="6">0.8444</dst>
      <dst id="16">32.8444</dst>
      <dst id="14">400.6489</dst>
      <dst id="11">763.2089</dst>
      <dst id="9">13758.6489</dst>
      <dst id="17">2823.2444</dst>
      <dst id="21">1072.7733</dst>
    </src>
    <src id="14">
      <dst id="12">29404.1956</dst>
      <dst id="13">69.2089</dst>
      <dst id="19">8.2133</dst>
      <dst id="23">4.4444</dst>
      <dst id="8">25.4844</dst>
      <dst id="18">25.9556</dst>
      <dst id="4">3025.2178</dst>
      <dst id="1">134.9956</dst>
      <dst id="5">4.7111</dst>
      <dst id="3">318.2222</dst>
      <dst id="22">171.2089</dst>
      <dst id="7">169.7867</dst>
      <dst id="2">10276.1067</dst>
      <dst id="6">10.0800</dst>
      <dst id="16">10.7111</dst>
      <dst id="20">14.4533</dst>
      <dst id="11">340.8178</dst>
      <dst id="9">51.4133</dst>
      <dst id="17">7272.8711</dst>
      <dst id="21">156.5778</dst>
      <dst id="15">0.9244</dst>
    </src>
    <src id="20">
      <dst id="12">7951.4489</dst>
      <dst id="13">6889.7511</dst>
      <dst id="19">135.2000</dst>
      <dst id="23">168.7467</dst>
      <dst id="8">1200.9333</dst>
      <dst id="18">560.9333</dst>
      <dst id="4">16049.2978</dst>
      <dst id="1">356.1244</dst>
      <dst id="5">2107.1378</dst>
      <dst id="3">4634.2133</dst>
      <dst id="7">2633.0578</dst>
      <dst id="2">4056.0089</dst>
      <dst id="6">1.1378</dst>
      <dst id="14">0.8533</dst>
      <dst id="11">541.6889</dst>
      <dst id="9">5676.7822</dst>
      <dst id="17">11370.3556</dst>
      <dst id="21">1060.2044</dst>
    </src>
    <src id="11">
      <dst id="12">440730.3911</dst>
      <dst id="13">1259.4578</dst>
      <dst id="19">483.4133</dst>
      <dst id="23">35.0489</dst>
      <dst id="8">2208.7289</dst>
      <dst id="18">629.5556</dst>
      <dst id="4">12486.7467</dst>
      <dst id="1">535.5822</dst>
      <dst id="5">1609.8933</dst>
      <dst id="3">1718.9156</dst>
      <dst id="22">3770.9778</dst>
      <dst id="7">526.9867</dst>
      <dst id="2">169363.1289</dst>
      <dst id="6">390.2400</dst>
      <dst id="16">309.7422</dst>
      <dst id="14">81.5733</dst>
      <dst id="20">1455.4667</dst>
      <dst id="11">2441.4311</dst>
      <dst id="9">1463.8044</dst>
      <dst id="17">90167.7244</dst>
      <dst id="21">3036.4889</dst>
      <dst id="15">1193.6978</dst>
    </src>
    <src id="9">
      <dst id="12">605288.5156</dst>
      <dst id="13">5156.8178</dst>
      <dst id="19">55.0400</dst>
      <dst id="23">5.7511</dst>
      <dst id="8">3258.1422</dst>
      <dst id="18">165.0133</dst>
      <dst id="4">16614.4444</dst>
      <dst id="1">9596.0444</dst>
      <dst id="5">7746.9244</dst>
      <dst id="3">1719.5200</dst>
      <dst id="22">9942.8267</dst>
      <dst id="7">313.3778</dst>
      <dst id="2">212949.7422</dst>
      <dst id="6">7.7244</dst>
      <dst id="16">918.4533</dst>
      <dst id="14">28.9778</dst>
      <dst id="20">24407.1022</dst>
      <dst id="11">2211.6000</dst>
      <dst id="9">3841.8667</dst>
      <dst id="17">143267.1289</dst>
      <dst id="21">867.6800</dst>
      <dst id="15">1953.8756</dst>
    </src>
    <src id="17">
      <dst id="12">12181.6800</dst>
      <dst id="13">7650.9867</dst>
      <dst id="19">10134.0267</dst>
      <dst id="23">741.5200</dst>
      <dst id="8">204388.1867</dst>
      <dst id="18">577.0400</dst>
      <dst id="4">79531.2089</dst>
      <dst id="1">9631.0844</dst>
      <dst id="5">261961.9111</dst>
      <dst id="3">30306.5600</dst>
      <dst id="22">14389.4133</dst>
      <dst id="7">15581.2000</dst>
      <dst id="2">14134.3111</dst>
      <dst id="6">1500.4089</dst>
      <dst id="16">4015.7689</dst>
      <dst id="14">48214.1600</dst>
      <dst id="20">4549.3600</dst>
      <dst id="11">181525.0844</dst>
      <dst id="9">327729.3956</dst>
      <dst id="17">1671.5556</dst>
      <dst id="21">16074.7644</dst>
      <dst id="15">736.1778</dst>
    </src>
    <src id="21">
      <dst id="12">20035.5644</dst>
      <dst id="13">1017.3778</dst>
      <dst id="19">471.5111</dst>
      <dst id="23">2092.1244</dst>
      <dst id="8">848.8267</dst>
      <dst id="18">809.4667</dst>
      <dst id="4">26707.1022</dst>
      <dst id="1">1492.1067</dst>
      <dst id="5">1310.3378</dst>
      <dst id="3">4640.3467</dst>
      <dst id="22">2216.3911</dst>
      <dst id="7">1500.1244</dst>
      <dst id="2">11499.0222</dst>
      <dst id="6">49.9822</dst>
      <dst id="16">1140.7378</dst>
      <dst id="14">74.8533</dst>
      <dst id="20">395.2889</dst>
      <dst id="11">4010.8089</dst>
      <dst id="9">997.6889</dst>
      <dst id="17">6259.8400</dst>
      <dst id="21">3849.8311</dst>
      <dst id="15">808.2489</dst>
    </src>
    <src id="15">
      <dst id="12">4823.0044</dst>
      <dst id="13">404.9244</dst>
      <dst id="19">55.2000</dst>
      <dst id="23">13.7600</dst>
      <dst id="8">426.6133</dst>
      <dst id="18">45.4044</dst>
      <dst id="4">3269.0933</dst>
      <dst id="1">227.1022</dst>
      <dst id="5">648.9333</dst>
      <dst id="3">585.3333</dst>
      <dst id="7">76.0267</dst>
      <dst id="2">251.4844</dst>
      <dst id="6">0.3556</dst>
      <dst id="14">5.4933</dst>
      <dst id="11">843.5022</dst>
      <dst id="9">7115.5200</dst>
      <dst id="17">434.4889</dst>
      <dst id="21">145.5378</dst>
    </src>
  </IntraTM>
</TrafficMatrixFile>
