<?xml version="1.0" encoding="UTF-8" standalone="yes"?>
<TrafficMatrixFile xmlns:xsi="http://www.w3.org/2001/XMLSchema-instance" xsi:noNamespaceSchemaLocation="http://totem.run.montefiore.ulg.ac.be/Schema/TrafficMatrix-v1_2.xsd">
  <info>
    <title>Intradomain traffic matrix generated by geant-TM-all.pl</title>
    <date>2005-01-01T16:15:00</date>
    <duration>900</duration>
    <author>Steve Uhlig</author>
    <units>
        <unit type="bandwidth" value="kbps"/>
    </units>
  </info>
  <IntraTM ASID="20965">
    <src id="12">
      <dst id="12">314254.2044</dst>
      <dst id="13">11686.0978</dst>
      <dst id="19">4893.9378</dst>
      <dst id="23">677.2978</dst>
      <dst id="8">533.1111</dst>
      <dst id="18">73.1644</dst>
      <dst id="4">93114.4178</dst>
      <dst id="1">8791.6267</dst>
      <dst id="5">3188.4000</dst>
      <dst id="3">6906.2844</dst>
      <dst id="22">8938.6489</dst>
      <dst id="7">928.3822</dst>
      <dst id="2">73126.9333</dst>
      <dst id="6">5.7689</dst>
      <dst id="16">6692.0178</dst>
      <dst id="14">1915.5733</dst>
      <dst id="20">1261.1822</dst>
      <dst id="11">7893.9644</dst>
      <dst id="9">33054.7822</dst>
      <dst id="17">49123.9911</dst>
      <dst id="21">9686.6578</dst>
      <dst id="15">4177.7778</dst>
    </src>
    <src id="13">
      <dst id="12">37932.3911</dst>
      <dst id="19">4275.6089</dst>
      <dst id="23">113.1467</dst>
      <dst id="8">1937.7422</dst>
      <dst id="18">2026.2578</dst>
      <dst id="1">2714.2222</dst>
      <dst id="5">5831.2711</dst>
      <dst id="3">15572.5244</dst>
      <dst id="22">17059.7333</dst>
      <dst id="7">11049.7689</dst>
      <dst id="2">52720.5067</dst>
      <dst id="6">50.3022</dst>
      <dst id="16">4502.4356</dst>
      <dst id="14">2539.0400</dst>
      <dst id="20">11164.1067</dst>
      <dst id="11">19087.3867</dst>
      <dst id="9">12349.5467</dst>
      <dst id="17">54072.1956</dst>
      <dst id="21">15437.3333</dst>
      <dst id="15">5962.8267</dst>
    </src>
    <src id="19">
      <dst id="12">14890.1333</dst>
      <dst id="13">180.3644</dst>
      <dst id="23">2.3022</dst>
      <dst id="8">67.9644</dst>
      <dst id="18">0.6844</dst>
      <dst id="4">19188.1867</dst>
      <dst id="1">26.8978</dst>
      <dst id="5">65.8489</dst>
      <dst id="3">402.9244</dst>
      <dst id="22">3129.0133</dst>
      <dst id="7">4336.2489</dst>
      <dst id="2">191.1289</dst>
      <dst id="6">65.3156</dst>
      <dst id="16">8797.5822</dst>
      <dst id="14">0.6311</dst>
      <dst id="20">180.0533</dst>
      <dst id="11">541.3867</dst>
      <dst id="9">54.8089</dst>
      <dst id="17">451.0667</dst>
      <dst id="21">131.3067</dst>
      <dst id="15">13.3333</dst>
    </src>
    <src id="23">
      <dst id="12">306.2222</dst>
      <dst id="13">6.3022</dst>
      <dst id="19">0.4711</dst>
      <dst id="8">27.0222</dst>
      <dst id="4">5.1200</dst>
      <dst id="1">33.1378</dst>
      <dst id="5">21.6978</dst>
      <dst id="3">677.3689</dst>
      <dst id="22">881.9556</dst>
      <dst id="7">145.9467</dst>
      <dst id="2">1.8844</dst>
      <dst id="6">1.1378</dst>
      <dst id="16">0.9244</dst>
      <dst id="14">53.3333</dst>
      <dst id="20">26.6667</dst>
      <dst id="11">107.5911</dst>
      <dst id="9">213.4578</dst>
      <dst id="17">9.8844</dst>
      <dst id="21">314.2667</dst>
      <dst id="15">145.1022</dst>
    </src>
    <src id="8">
      <dst id="12">308047.5644</dst>
      <dst id="13">1381.2889</dst>
      <dst id="19">77.9289</dst>
      <dst id="23">53.7956</dst>
      <dst id="18">142.6222</dst>
      <dst id="4">4788.3467</dst>
      <dst id="1">119.5200</dst>
      <dst id="5">1040.7111</dst>
      <dst id="3">134.7022</dst>
      <dst id="22">791.9111</dst>
      <dst id="7">8.8000</dst>
      <dst id="2">104221.9733</dst>
      <dst id="6">6.7644</dst>
      <dst id="16">507.7156</dst>
      <dst id="14">58.9956</dst>
      <dst id="20">506.0000</dst>
      <dst id="11">272.6489</dst>
      <dst id="9">1214.0089</dst>
      <dst id="17">70205.6444</dst>
      <dst id="21">446.3644</dst>
      <dst id="15">28.3289</dst>
    </src>
    <src id="18">
      <dst id="12">113265.8311</dst>
      <dst id="13">147.4044</dst>
      <dst id="19">1.0044</dst>
      <dst id="8">115.1733</dst>
      <dst id="4">1848.1156</dst>
      <dst id="1">1314.1244</dst>
      <dst id="5">395.7600</dst>
      <dst id="3">35.3867</dst>
      <dst id="22">243.1556</dst>
      <dst id="7">510.6222</dst>
      <dst id="2">26852.3289</dst>
      <dst id="16">34.8000</dst>
      <dst id="14">13.3333</dst>
      <dst id="20">28.8444</dst>
      <dst id="11">2439.7067</dst>
      <dst id="9">194.4000</dst>
      <dst id="17">23621.7333</dst>
      <dst id="21">285.9022</dst>
      <dst id="15">15.2800</dst>
    </src>
    <src id="4">
      <dst id="12">13427.4133</dst>
      <dst id="19">15409.6089</dst>
      <dst id="8">2557.0844</dst>
      <dst id="18">582.7556</dst>
      <dst id="4">1.0667</dst>
      <dst id="1">1568.0267</dst>
      <dst id="5">2700.5956</dst>
      <dst id="3">117934.0711</dst>
      <dst id="22">6305.2533</dst>
      <dst id="7">53468.8978</dst>
      <dst id="2">49857.5111</dst>
      <dst id="6">1.1022</dst>
      <dst id="16">1397.1733</dst>
      <dst id="14">7516.4533</dst>
      <dst id="20">1446.5689</dst>
      <dst id="11">8832.0800</dst>
      <dst id="9">3913.9289</dst>
      <dst id="17">17397.3867</dst>
      <dst id="21">3580.0978</dst>
      <dst id="15">7396.7022</dst>
    </src>
    <src id="1">
      <dst id="12">17041.6178</dst>
      <dst id="13">195.0400</dst>
      <dst id="19">23.3333</dst>
      <dst id="23">49.1022</dst>
      <dst id="8">113496.2489</dst>
      <dst id="18">12432.2133</dst>
      <dst id="4">7159.0578</dst>
      <dst id="1">78.6222</dst>
      <dst id="5">201800.8356</dst>
      <dst id="3">37249.6978</dst>
      <dst id="22">2976.2044</dst>
      <dst id="7">4870.7822</dst>
      <dst id="2">1601.2356</dst>
      <dst id="6">3804.1156</dst>
      <dst id="16">14612.2400</dst>
      <dst id="14">204.1422</dst>
      <dst id="20">368.4356</dst>
      <dst id="11">2596.2133</dst>
      <dst id="9">298009.1378</dst>
      <dst id="17">5610.1067</dst>
      <dst id="21">2311.4933</dst>
      <dst id="15">422.7733</dst>
    </src>
    <src id="5">
      <dst id="12">289996.1511</dst>
      <dst id="13">6621.6711</dst>
      <dst id="19">54.3644</dst>
      <dst id="8">7779.5644</dst>
      <dst id="18">79.7511</dst>
      <dst id="4">6627.7422</dst>
      <dst id="1">67.8133</dst>
      <dst id="3">218.1156</dst>
      <dst id="22">2312.1689</dst>
      <dst id="7">175.6444</dst>
      <dst id="2">108271.4222</dst>
      <dst id="6">12.1067</dst>
      <dst id="16">528.8356</dst>
      <dst id="14">0.3911</dst>
      <dst id="20">3166.4178</dst>
      <dst id="11">1571.9378</dst>
      <dst id="9">1095.9822</dst>
      <dst id="17">67614.3022</dst>
      <dst id="21">768.6489</dst>
      <dst id="15">428.6933</dst>
    </src>
    <src id="3">
      <dst id="12">8381.0044</dst>
      <dst id="13">607.6178</dst>
      <dst id="19">2008.7289</dst>
      <dst id="23">10.2933</dst>
      <dst id="8">375.9556</dst>
      <dst id="18">53933.8489</dst>
      <dst id="4">42268.8533</dst>
      <dst id="1">5181.2000</dst>
      <dst id="5">208.7111</dst>
      <dst id="3">11050.4267</dst>
      <dst id="22">1490.5956</dst>
      <dst id="7">1776.9422</dst>
      <dst id="2">3527.1467</dst>
      <dst id="6">5.0133</dst>
      <dst id="16">3252.0800</dst>
      <dst id="14">44320.1956</dst>
      <dst id="20">210.6667</dst>
      <dst id="11">164652.5689</dst>
      <dst id="9">573.7244</dst>
      <dst id="17">12825.2178</dst>
      <dst id="21">5802.9956</dst>
      <dst id="15">103.1911</dst>
    </src>
    <src id="10">
      <dst id="12">6961.1200</dst>
      <dst id="19">2999.8133</dst>
      <dst id="8">1905.0133</dst>
      <dst id="18">9693.9111</dst>
      <dst id="1">1093.1111</dst>
      <dst id="5">2703.0311</dst>
      <dst id="3">16018.6222</dst>
      <dst id="22">6887.5467</dst>
      <dst id="7">5555.2178</dst>
      <dst id="2">23397.4844</dst>
      <dst id="6">17.9200</dst>
      <dst id="16">2062.9333</dst>
      <dst id="14">2407.3333</dst>
      <dst id="20">1638.9778</dst>
      <dst id="11">5217.0756</dst>
      <dst id="9">4403.9378</dst>
      <dst id="17">7689.1556</dst>
      <dst id="21">21933.5022</dst>
      <dst id="15">1083.0933</dst>
    </src>
    <src id="22">
      <dst id="12">4385.3689</dst>
      <dst id="13">1833.2711</dst>
      <dst id="19">92.0356</dst>
      <dst id="23">25.4667</dst>
      <dst id="8">861.6444</dst>
      <dst id="18">520.4089</dst>
      <dst id="4">20397.8756</dst>
      <dst id="1">95.6978</dst>
      <dst id="5">2236.5600</dst>
      <dst id="3">737.7600</dst>
      <dst id="7">1282.4000</dst>
      <dst id="2">1430.3467</dst>
      <dst id="6">0.4622</dst>
      <dst id="16">0.4622</dst>
      <dst id="14">105.4844</dst>
      <dst id="11">2987.3244</dst>
      <dst id="9">1700.4356</dst>
      <dst id="17">1826.1867</dst>
      <dst id="21">719.1200</dst>
    </src>
    <src id="7">
      <dst id="12">3574.8978</dst>
      <dst id="13">105.4844</dst>
      <dst id="19">456.0267</dst>
      <dst id="23">31.8400</dst>
      <dst id="8">273.5378</dst>
      <dst id="18">428.7467</dst>
      <dst id="4">45174.3022</dst>
      <dst id="1">434.4800</dst>
      <dst id="5">2077.7511</dst>
      <dst id="3">1898.7822</dst>
      <dst id="22">4041.1111</dst>
      <dst id="7">851.1911</dst>
      <dst id="2">3342.8622</dst>
      <dst id="6">0.4267</dst>
      <dst id="16">730.4267</dst>
      <dst id="14">144.8978</dst>
      <dst id="20">487.1911</dst>
      <dst id="11">2262.9511</dst>
      <dst id="9">4422.6844</dst>
      <dst id="17">6251.7778</dst>
      <dst id="21">2830.0889</dst>
      <dst id="15">567.7600</dst>
    </src>
    <src id="2">
      <dst id="12">131767.5022</dst>
      <dst id="13">1016.5867</dst>
      <dst id="19">1008.6756</dst>
      <dst id="23">1.1467</dst>
      <dst id="8">300.6667</dst>
      <dst id="18">44012.2044</dst>
      <dst id="4">103540.1778</dst>
      <dst id="1">673.7333</dst>
      <dst id="5">1511.6267</dst>
      <dst id="3">2496.3289</dst>
      <dst id="22">3226.0978</dst>
      <dst id="7">2935.3333</dst>
      <dst id="2">763.7600</dst>
      <dst id="6">5411.9733</dst>
      <dst id="16">2125.1022</dst>
      <dst id="14">259.9200</dst>
      <dst id="20">648.7289</dst>
      <dst id="11">4800.4533</dst>
      <dst id="9">1046.3378</dst>
      <dst id="17">18930.3467</dst>
      <dst id="21">6443.9467</dst>
      <dst id="15">149.9733</dst>
    </src>
    <src id="6">
      <dst id="12">6841.6800</dst>
      <dst id="13">2.9067</dst>
      <dst id="19">1.8844</dst>
      <dst id="8">3.9111</dst>
      <dst id="4">28.9778</dst>
      <dst id="1">11.4667</dst>
      <dst id="5">1.1200</dst>
      <dst id="3">12.0000</dst>
      <dst id="22">30.2667</dst>
      <dst id="7">2.6222</dst>
      <dst id="2">1615.0933</dst>
      <dst id="16">15.5378</dst>
      <dst id="14">4.3467</dst>
      <dst id="11">23.4311</dst>
      <dst id="9">108.0622</dst>
      <dst id="17">782.5956</dst>
      <dst id="21">87.6356</dst>
    </src>
    <src id="16">
      <dst id="12">3325.2267</dst>
      <dst id="13">558.1956</dst>
      <dst id="19">4711.3067</dst>
      <dst id="23">16.0000</dst>
      <dst id="8">4359.7067</dst>
      <dst id="18">0.9956</dst>
      <dst id="4">3865.7778</dst>
      <dst id="1">21418.0622</dst>
      <dst id="5">7728.6489</dst>
      <dst id="3">2510.0089</dst>
      <dst id="7">1472.7111</dst>
      <dst id="2">299.0844</dst>
      <dst id="6">1.1378</dst>
      <dst id="16">20.6222</dst>
      <dst id="14">388.2400</dst>
      <dst id="11">188.2578</dst>
      <dst id="9">11785.6622</dst>
      <dst id="17">1394.0889</dst>
      <dst id="21">200.2844</dst>
    </src>
    <src id="14">
      <dst id="12">18322.2222</dst>
      <dst id="13">21.1111</dst>
      <dst id="19">12.5156</dst>
      <dst id="23">3.6800</dst>
      <dst id="8">1.6356</dst>
      <dst id="18">0.5333</dst>
      <dst id="4">3327.6978</dst>
      <dst id="1">45.0222</dst>
      <dst id="3">70.3022</dst>
      <dst id="22">8.4267</dst>
      <dst id="7">65.5378</dst>
      <dst id="2">6079.7600</dst>
      <dst id="6">0.3556</dst>
      <dst id="16">9.8489</dst>
      <dst id="20">0.7111</dst>
      <dst id="11">69.0400</dst>
      <dst id="9">15.2711</dst>
      <dst id="17">6374.3378</dst>
      <dst id="21">61.5200</dst>
      <dst id="15">0.5333</dst>
    </src>
    <src id="20">
      <dst id="12">2428.8444</dst>
      <dst id="13">2274.5956</dst>
      <dst id="19">2141.4844</dst>
      <dst id="23">0.7111</dst>
      <dst id="8">1281.8222</dst>
      <dst id="18">1.9911</dst>
      <dst id="4">11123.1644</dst>
      <dst id="1">57.6000</dst>
      <dst id="5">1185.1556</dst>
      <dst id="3">3351.7156</dst>
      <dst id="7">7311.7689</dst>
      <dst id="2">7201.6000</dst>
      <dst id="6">0.7111</dst>
      <dst id="11">998.5956</dst>
      <dst id="9">747.0933</dst>
      <dst id="17">8480.3289</dst>
      <dst id="21">141.0311</dst>
    </src>
    <src id="11">
      <dst id="12">398316.7022</dst>
      <dst id="13">330.3378</dst>
      <dst id="19">50.2667</dst>
      <dst id="23">536.9156</dst>
      <dst id="8">970.7822</dst>
      <dst id="18">1090.5244</dst>
      <dst id="4">12993.1111</dst>
      <dst id="1">451.8489</dst>
      <dst id="5">575.9022</dst>
      <dst id="3">779.4222</dst>
      <dst id="22">1746.8000</dst>
      <dst id="7">979.2711</dst>
      <dst id="2">145670.0000</dst>
      <dst id="6">1.1022</dst>
      <dst id="16">463.8489</dst>
      <dst id="14">105.9822</dst>
      <dst id="20">442.0178</dst>
      <dst id="11">993.6267</dst>
      <dst id="9">616.8089</dst>
      <dst id="17">85809.9556</dst>
      <dst id="21">1264.4800</dst>
      <dst id="15">23.7689</dst>
    </src>
    <src id="9">
      <dst id="12">518924.8267</dst>
      <dst id="13">2597.9200</dst>
      <dst id="19">6.6667</dst>
      <dst id="23">8.9156</dst>
      <dst id="8">2814.9067</dst>
      <dst id="18">2935.4222</dst>
      <dst id="4">13347.6978</dst>
      <dst id="1">9875.3067</dst>
      <dst id="5">1090.6311</dst>
      <dst id="3">1458.9689</dst>
      <dst id="22">3561.0844</dst>
      <dst id="7">292.2400</dst>
      <dst id="2">146294.5778</dst>
      <dst id="6">6.9067</dst>
      <dst id="16">623.4933</dst>
      <dst id="14">41.2444</dst>
      <dst id="20">1366.1422</dst>
      <dst id="11">907.0311</dst>
      <dst id="9">4077.5289</dst>
      <dst id="17">119756.2667</dst>
      <dst id="21">438.3200</dst>
      <dst id="15">177.0222</dst>
    </src>
    <src id="17">
      <dst id="12">5528.2933</dst>
      <dst id="13">1218.4444</dst>
      <dst id="19">7707.9911</dst>
      <dst id="23">138.5689</dst>
      <dst id="8">128333.3067</dst>
      <dst id="18">66.8267</dst>
      <dst id="4">141972.0089</dst>
      <dst id="1">707.7956</dst>
      <dst id="5">188828.6667</dst>
      <dst id="3">16965.6356</dst>
      <dst id="22">5645.5556</dst>
      <dst id="7">18659.1822</dst>
      <dst id="2">6027.5289</dst>
      <dst id="6">66.8356</dst>
      <dst id="16">1330.0711</dst>
      <dst id="14">38365.0044</dst>
      <dst id="20">1065.8667</dst>
      <dst id="11">114598.0178</dst>
      <dst id="9">254094.6756</dst>
      <dst id="17">1389.6089</dst>
      <dst id="21">10254.0711</dst>
      <dst id="15">157.8489</dst>
    </src>
    <src id="21">
      <dst id="12">18999.7067</dst>
      <dst id="13">479.3067</dst>
      <dst id="19">49.5644</dst>
      <dst id="23">5.2267</dst>
      <dst id="8">27.1200</dst>
      <dst id="18">233.6444</dst>
      <dst id="4">19360.8178</dst>
      <dst id="1">2566.3111</dst>
      <dst id="5">610.8178</dst>
      <dst id="3">678.6667</dst>
      <dst id="22">1643.7778</dst>
      <dst id="7">1071.3511</dst>
      <dst id="2">9521.0311</dst>
      <dst id="6">0.7111</dst>
      <dst id="16">84.8533</dst>
      <dst id="14">116.5867</dst>
      <dst id="20">234.1956</dst>
      <dst id="11">1371.0400</dst>
      <dst id="9">634.4267</dst>
      <dst id="17">3279.3067</dst>
      <dst id="21">2604.1778</dst>
      <dst id="15">71.9467</dst>
    </src>
    <src id="15">
      <dst id="12">2823.9733</dst>
      <dst id="13">129.9111</dst>
      <dst id="19">4.5867</dst>
      <dst id="23">6.6489</dst>
      <dst id="8">29.2622</dst>
      <dst id="18">23.1378</dst>
      <dst id="4">4703.3689</dst>
      <dst id="1">73.7511</dst>
      <dst id="5">762.2400</dst>
      <dst id="3">691.5022</dst>
      <dst id="7">4135.6533</dst>
      <dst id="2">66.9956</dst>
      <dst id="6">0.3556</dst>
      <dst id="14">0.3556</dst>
      <dst id="11">136.2756</dst>
      <dst id="9">1126.7200</dst>
      <dst id="17">155.4578</dst>
      <dst id="21">127.7244</dst>
    </src>
  </IntraTM>
</TrafficMatrixFile>
