<?xml version="1.0" encoding="UTF-8" standalone="yes"?>
<TrafficMatrixFile xmlns:xsi="http://www.w3.org/2001/XMLSchema-instance" xsi:noNamespaceSchemaLocation="http://totem.run.montefiore.ulg.ac.be/Schema/TrafficMatrix-v1_2.xsd">
  <info>
    <title>Intradomain traffic matrix generated by geant-TM-all.pl</title>
    <date>2005-01-02T15:30:00</date>
    <duration>900</duration>
    <author>Steve Uhlig</author>
    <units>
        <unit type="bandwidth" value="kbps"/>
    </units>
  </info>
  <IntraTM ASID="20965">
    <src id="12">
      <dst id="12">245440.0178</dst>
      <dst id="13">25144.8978</dst>
      <dst id="19">2268.8000</dst>
      <dst id="23">106.6222</dst>
      <dst id="8">1161.7956</dst>
      <dst id="18">978.2756</dst>
      <dst id="4">88098.1422</dst>
      <dst id="1">6965.3333</dst>
      <dst id="5">2762.1600</dst>
      <dst id="3">1397.7600</dst>
      <dst id="22">4901.4044</dst>
      <dst id="7">7096.7111</dst>
      <dst id="2">71736.6400</dst>
      <dst id="6">6.7911</dst>
      <dst id="16">5337.2178</dst>
      <dst id="14">326.0000</dst>
      <dst id="20">2217.9644</dst>
      <dst id="11">3394.3644</dst>
      <dst id="9">4053.1911</dst>
      <dst id="17">62400.4356</dst>
      <dst id="21">10041.8667</dst>
      <dst id="15">599.9467</dst>
    </src>
    <src id="13">
      <dst id="12">44902.0622</dst>
      <dst id="19">2415.2356</dst>
      <dst id="23">5.3156</dst>
      <dst id="8">3318.6044</dst>
      <dst id="18">2367.9467</dst>
      <dst id="1">1559.4667</dst>
      <dst id="5">4467.6800</dst>
      <dst id="3">3667.4933</dst>
      <dst id="22">24300.4711</dst>
      <dst id="7">6389.1911</dst>
      <dst id="2">59535.2178</dst>
      <dst id="6">70.3822</dst>
      <dst id="16">6191.8044</dst>
      <dst id="14">995.8667</dst>
      <dst id="20">13376.4978</dst>
      <dst id="11">15311.0844</dst>
      <dst id="9">13597.7956</dst>
      <dst id="17">24336.7822</dst>
      <dst id="21">11955.8400</dst>
      <dst id="15">3113.4133</dst>
    </src>
    <src id="19">
      <dst id="12">13792.5600</dst>
      <dst id="13">178.0889</dst>
      <dst id="23">0.4267</dst>
      <dst id="8">1651.2444</dst>
      <dst id="18">8.1333</dst>
      <dst id="4">17189.8578</dst>
      <dst id="1">129.0489</dst>
      <dst id="5">16.9956</dst>
      <dst id="3">1.3244</dst>
      <dst id="22">60.9689</dst>
      <dst id="7">2588.0178</dst>
      <dst id="2">2394.5244</dst>
      <dst id="6">93.9378</dst>
      <dst id="16">10915.6711</dst>
      <dst id="14">0.4978</dst>
      <dst id="20">85.2000</dst>
      <dst id="11">19.6889</dst>
      <dst id="9">14.4356</dst>
      <dst id="17">335.3600</dst>
      <dst id="21">289.3333</dst>
      <dst id="15">1769.1378</dst>
    </src>
    <src id="23">
      <dst id="12">319.8667</dst>
      <dst id="13">66.5956</dst>
      <dst id="19">41.7067</dst>
      <dst id="8">44.6578</dst>
      <dst id="4">5.7600</dst>
      <dst id="1">66.9778</dst>
      <dst id="5">12.6222</dst>
      <dst id="3">15.5644</dst>
      <dst id="22">2145.3156</dst>
      <dst id="7">536.6844</dst>
      <dst id="2">22.8444</dst>
      <dst id="16">80.8533</dst>
      <dst id="14">0.4356</dst>
      <dst id="20">24.1511</dst>
      <dst id="11">39.6178</dst>
      <dst id="9">484.7289</dst>
      <dst id="17">67.6711</dst>
      <dst id="21">218.7289</dst>
      <dst id="15">26.6667</dst>
    </src>
    <src id="8">
      <dst id="12">262302.8089</dst>
      <dst id="13">132.2578</dst>
      <dst id="19">39.8489</dst>
      <dst id="23">347.4844</dst>
      <dst id="18">87.9022</dst>
      <dst id="4">5988.7289</dst>
      <dst id="1">44.2489</dst>
      <dst id="5">6029.1200</dst>
      <dst id="3">4.2222</dst>
      <dst id="22">1682.2222</dst>
      <dst id="7">448.7022</dst>
      <dst id="2">88451.7511</dst>
      <dst id="16">204.7378</dst>
      <dst id="14">0.4267</dst>
      <dst id="20">2922.9689</dst>
      <dst id="11">2726.6756</dst>
      <dst id="9">543.3067</dst>
      <dst id="17">89074.9867</dst>
      <dst id="21">285.0667</dst>
      <dst id="15">13.3333</dst>
    </src>
    <src id="18">
      <dst id="12">96859.2711</dst>
      <dst id="13">112.4000</dst>
      <dst id="19">1.5911</dst>
      <dst id="23">0.8711</dst>
      <dst id="8">125.0578</dst>
      <dst id="4">2076.7378</dst>
      <dst id="1">776.5511</dst>
      <dst id="5">130.4089</dst>
      <dst id="3">34.7556</dst>
      <dst id="22">307.6267</dst>
      <dst id="7">2.6400</dst>
      <dst id="2">31650.5689</dst>
      <dst id="16">12.7289</dst>
      <dst id="14">1.5467</dst>
      <dst id="20">231.2178</dst>
      <dst id="11">65.1644</dst>
      <dst id="9">93.5733</dst>
      <dst id="17">34263.7867</dst>
      <dst id="21">125.7244</dst>
      <dst id="15">0.4622</dst>
    </src>
    <src id="4">
      <dst id="12">10722.9600</dst>
      <dst id="19">6202.6667</dst>
      <dst id="8">565.4933</dst>
      <dst id="18">572.1067</dst>
      <dst id="1">37673.6267</dst>
      <dst id="5">1991.3422</dst>
      <dst id="3">52.2756</dst>
      <dst id="22">2760.4356</dst>
      <dst id="7">49714.5333</dst>
      <dst id="2">49615.7778</dst>
      <dst id="6">1.4133</dst>
      <dst id="16">966.5333</dst>
      <dst id="14">1440.7111</dst>
      <dst id="20">1216.3111</dst>
      <dst id="11">7098.3467</dst>
      <dst id="9">3365.5822</dst>
      <dst id="17">117140.8444</dst>
      <dst id="21">5417.6444</dst>
      <dst id="15">2593.2089</dst>
    </src>
    <src id="1">
      <dst id="12">17878.4444</dst>
      <dst id="13">212.8978</dst>
      <dst id="19">34.0178</dst>
      <dst id="23">23.6800</dst>
      <dst id="8">75553.6000</dst>
      <dst id="18">12826.0267</dst>
      <dst id="4">9847.1111</dst>
      <dst id="1">11749.4844</dst>
      <dst id="5">179489.9378</dst>
      <dst id="3">42.7733</dst>
      <dst id="22">239.1911</dst>
      <dst id="7">2892.0178</dst>
      <dst id="2">1836.2933</dst>
      <dst id="6">4596.5156</dst>
      <dst id="16">17267.3689</dst>
      <dst id="14">185.4400</dst>
      <dst id="20">391.4133</dst>
      <dst id="11">559.2444</dst>
      <dst id="9">225420.6311</dst>
      <dst id="17">6632.6044</dst>
      <dst id="21">2533.9822</dst>
      <dst id="15">160.3467</dst>
    </src>
    <src id="5">
      <dst id="12">212024.3644</dst>
      <dst id="13">440.6400</dst>
      <dst id="19">74.7733</dst>
      <dst id="23">0.4622</dst>
      <dst id="8">466.1067</dst>
      <dst id="18">7.6978</dst>
      <dst id="4">4384.7644</dst>
      <dst id="1">331.4844</dst>
      <dst id="3">2.9511</dst>
      <dst id="22">3503.5733</dst>
      <dst id="7">60.1422</dst>
      <dst id="2">91413.8133</dst>
      <dst id="6">0.4267</dst>
      <dst id="16">545.8578</dst>
      <dst id="14">5.5467</dst>
      <dst id="20">910.1422</dst>
      <dst id="11">538.3822</dst>
      <dst id="9">810.3911</dst>
      <dst id="17">74646.9867</dst>
      <dst id="21">376.0533</dst>
      <dst id="15">188.6222</dst>
    </src>
    <src id="3">
      <dst id="12">8130.9689</dst>
      <dst id="13">932.2933</dst>
      <dst id="19">641.6356</dst>
      <dst id="23">6.2667</dst>
      <dst id="8">154.3200</dst>
      <dst id="18">52467.5822</dst>
      <dst id="4">20506.0622</dst>
      <dst id="1">4611.8578</dst>
      <dst id="5">647.5378</dst>
      <dst id="3">7337.7422</dst>
      <dst id="22">711.0044</dst>
      <dst id="7">710.1422</dst>
      <dst id="2">3335.0844</dst>
      <dst id="6">0.5156</dst>
      <dst id="16">1005.1111</dst>
      <dst id="14">31704.1778</dst>
      <dst id="20">78.7556</dst>
      <dst id="11">125317.0489</dst>
      <dst id="9">378.4533</dst>
      <dst id="17">11751.6356</dst>
      <dst id="21">3479.0133</dst>
      <dst id="15">89.5733</dst>
    </src>
    <src id="10">
      <dst id="12">5765.9911</dst>
      <dst id="19">4418.4533</dst>
      <dst id="8">495.0756</dst>
      <dst id="18">1453.2267</dst>
      <dst id="1">1450.9689</dst>
      <dst id="5">913.9378</dst>
      <dst id="3">15912.6400</dst>
      <dst id="22">2782.7467</dst>
      <dst id="7">8901.3956</dst>
      <dst id="2">29483.9111</dst>
      <dst id="6">1.1467</dst>
      <dst id="16">4586.2133</dst>
      <dst id="14">404.8178</dst>
      <dst id="20">1343.5200</dst>
      <dst id="11">7056.1067</dst>
      <dst id="9">3292.5422</dst>
      <dst id="17">11724.3644</dst>
      <dst id="21">12490.6489</dst>
      <dst id="15">340.0800</dst>
    </src>
    <src id="22">
      <dst id="12">3459.2711</dst>
      <dst id="13">3734.2400</dst>
      <dst id="19">34.0800</dst>
      <dst id="23">23.0044</dst>
      <dst id="8">1353.0400</dst>
      <dst id="18">833.2000</dst>
      <dst id="4">22409.1022</dst>
      <dst id="1">192.1778</dst>
      <dst id="5">2567.8844</dst>
      <dst id="3">434.7111</dst>
      <dst id="7">656.1689</dst>
      <dst id="2">1077.6000</dst>
      <dst id="6">2.0356</dst>
      <dst id="16">1.5467</dst>
      <dst id="14">3.3156</dst>
      <dst id="11">3042.7022</dst>
      <dst id="9">1809.8133</dst>
      <dst id="17">4527.7867</dst>
      <dst id="21">451.7867</dst>
    </src>
    <src id="7">
      <dst id="12">3261.5911</dst>
      <dst id="13">121.5822</dst>
      <dst id="19">402.6311</dst>
      <dst id="23">66.4622</dst>
      <dst id="8">387.7867</dst>
      <dst id="18">388.0000</dst>
      <dst id="4">21840.1867</dst>
      <dst id="1">2115.4222</dst>
      <dst id="5">589.0400</dst>
      <dst id="3">112.2044</dst>
      <dst id="22">3361.5556</dst>
      <dst id="7">743.7867</dst>
      <dst id="2">5337.0311</dst>
      <dst id="6">50.8444</dst>
      <dst id="16">3240.9867</dst>
      <dst id="14">329.1022</dst>
      <dst id="20">1203.7333</dst>
      <dst id="11">528.8444</dst>
      <dst id="9">332.1067</dst>
      <dst id="17">4063.9289</dst>
      <dst id="21">1392.6667</dst>
      <dst id="15">106.7733</dst>
    </src>
    <src id="2">
      <dst id="12">104210.5333</dst>
      <dst id="13">2248.7111</dst>
      <dst id="19">7836.8267</dst>
      <dst id="23">0.4622</dst>
      <dst id="8">1574.3822</dst>
      <dst id="18">45611.9733</dst>
      <dst id="4">84207.6444</dst>
      <dst id="1">3427.6000</dst>
      <dst id="5">421.3511</dst>
      <dst id="3">80.7733</dst>
      <dst id="22">872.3378</dst>
      <dst id="7">3767.3067</dst>
      <dst id="2">1242.6311</dst>
      <dst id="6">4693.3244</dst>
      <dst id="16">8131.2622</dst>
      <dst id="14">5293.5822</dst>
      <dst id="20">3050.7822</dst>
      <dst id="11">3053.0667</dst>
      <dst id="9">1116.4978</dst>
      <dst id="17">30051.3778</dst>
      <dst id="21">2735.6533</dst>
      <dst id="15">74.6400</dst>
    </src>
    <src id="6">
      <dst id="12">7158.5156</dst>
      <dst id="13">3.3156</dst>
      <dst id="19">5.0844</dst>
      <dst id="4">112.3111</dst>
      <dst id="5">0.4267</dst>
      <dst id="22">0.4178</dst>
      <dst id="7">1.3511</dst>
      <dst id="2">1853.0667</dst>
      <dst id="16">0.3378</dst>
      <dst id="20">1.1378</dst>
      <dst id="11">0.7822</dst>
      <dst id="9">0.3378</dst>
      <dst id="17">1226.5867</dst>
    </src>
    <src id="16">
      <dst id="12">1662.1778</dst>
      <dst id="13">365.9022</dst>
      <dst id="19">5003.4222</dst>
      <dst id="23">6.8889</dst>
      <dst id="8">3400.8267</dst>
      <dst id="18">3.8044</dst>
      <dst id="4">5128.1244</dst>
      <dst id="1">22351.4844</dst>
      <dst id="5">5911.2267</dst>
      <dst id="3">3.7244</dst>
      <dst id="7">2465.8756</dst>
      <dst id="2">509.1111</dst>
      <dst id="6">38.7022</dst>
      <dst id="16">19.7422</dst>
      <dst id="14">136.6756</dst>
      <dst id="11">114.0711</dst>
      <dst id="9">10426.5956</dst>
      <dst id="17">1133.7689</dst>
      <dst id="21">79.9911</dst>
    </src>
    <src id="14">
      <dst id="12">15426.2311</dst>
      <dst id="13">9.5289</dst>
      <dst id="19">6.4356</dst>
      <dst id="4">1506.0356</dst>
      <dst id="1">38.6933</dst>
      <dst id="5">57.2889</dst>
      <dst id="3">110.6400</dst>
      <dst id="22">1.3156</dst>
      <dst id="7">270.1511</dst>
      <dst id="2">4787.3333</dst>
      <dst id="16">136.1778</dst>
      <dst id="20">26.9511</dst>
      <dst id="11">56.0089</dst>
      <dst id="9">48.0267</dst>
      <dst id="17">4574.9244</dst>
      <dst id="21">29.7156</dst>
      <dst id="15">5.3333</dst>
    </src>
    <src id="20">
      <dst id="12">4308.2933</dst>
      <dst id="13">264.4000</dst>
      <dst id="19">27.8222</dst>
      <dst id="23">0.6756</dst>
      <dst id="8">459.4578</dst>
      <dst id="18">176.7644</dst>
      <dst id="4">12876.8000</dst>
      <dst id="1">98.1600</dst>
      <dst id="5">660.5067</dst>
      <dst id="3">355.4933</dst>
      <dst id="7">1931.6978</dst>
      <dst id="2">3951.0400</dst>
      <dst id="6">3.6622</dst>
      <dst id="16">1.4222</dst>
      <dst id="14">0.6489</dst>
      <dst id="11">169.5022</dst>
      <dst id="9">2167.6267</dst>
      <dst id="17">1778.3822</dst>
      <dst id="21">2051.6089</dst>
    </src>
    <src id="11">
      <dst id="12">365135.4667</dst>
      <dst id="13">936.5689</dst>
      <dst id="19">29.8400</dst>
      <dst id="23">28.9511</dst>
      <dst id="8">702.0444</dst>
      <dst id="18">203.2089</dst>
      <dst id="4">14645.8756</dst>
      <dst id="1">428.1422</dst>
      <dst id="5">786.6222</dst>
      <dst id="3">579.7867</dst>
      <dst id="22">2153.0667</dst>
      <dst id="7">144.3378</dst>
      <dst id="2">139535.0578</dst>
      <dst id="6">1.6000</dst>
      <dst id="16">1007.0844</dst>
      <dst id="14">60.0267</dst>
      <dst id="20">229.6089</dst>
      <dst id="11">2689.3067</dst>
      <dst id="9">1140.2311</dst>
      <dst id="17">121411.3600</dst>
      <dst id="21">340.0000</dst>
      <dst id="15">120.9244</dst>
    </src>
    <src id="9">
      <dst id="12">420018.1422</dst>
      <dst id="13">1160.0356</dst>
      <dst id="19">122.3911</dst>
      <dst id="23">13.4400</dst>
      <dst id="8">541.1378</dst>
      <dst id="18">244.5600</dst>
      <dst id="4">14270.7822</dst>
      <dst id="1">386.4444</dst>
      <dst id="5">1260.1067</dst>
      <dst id="3">7.2178</dst>
      <dst id="22">7850.3200</dst>
      <dst id="7">40.4444</dst>
      <dst id="2">125148.9333</dst>
      <dst id="6">0.3556</dst>
      <dst id="16">749.9556</dst>
      <dst id="14">3.2267</dst>
      <dst id="20">3899.4756</dst>
      <dst id="11">896.9778</dst>
      <dst id="9">485.8933</dst>
      <dst id="17">154356.9333</dst>
      <dst id="21">1278.2667</dst>
      <dst id="15">7043.8578</dst>
    </src>
    <src id="17">
      <dst id="12">12707.4489</dst>
      <dst id="13">436.2133</dst>
      <dst id="19">210.4356</dst>
      <dst id="23">16.3111</dst>
      <dst id="8">101086.4089</dst>
      <dst id="18">7567.7422</dst>
      <dst id="4">37955.7244</dst>
      <dst id="1">5491.8756</dst>
      <dst id="5">167152.8978</dst>
      <dst id="3">10759.7333</dst>
      <dst id="22">8434.0356</dst>
      <dst id="7">1576.0889</dst>
      <dst id="2">5847.7867</dst>
      <dst id="6">175.7511</dst>
      <dst id="16">1781.7422</dst>
      <dst id="14">32149.1822</dst>
      <dst id="20">297.1200</dst>
      <dst id="11">111823.9378</dst>
      <dst id="9">204266.7289</dst>
      <dst id="17">700.0711</dst>
      <dst id="21">4440.3289</dst>
      <dst id="15">2179.4311</dst>
    </src>
    <src id="21">
      <dst id="12">16094.0978</dst>
      <dst id="13">1628.3822</dst>
      <dst id="19">25.4667</dst>
      <dst id="23">2.6133</dst>
      <dst id="8">363.1822</dst>
      <dst id="18">344.5333</dst>
      <dst id="4">20473.1022</dst>
      <dst id="1">644.3911</dst>
      <dst id="5">733.6978</dst>
      <dst id="3">934.4089</dst>
      <dst id="22">1538.3644</dst>
      <dst id="7">3503.9733</dst>
      <dst id="2">6881.0400</dst>
      <dst id="16">37.5022</dst>
      <dst id="14">82.5778</dst>
      <dst id="20">130.9333</dst>
      <dst id="11">501.0578</dst>
      <dst id="9">2001.3778</dst>
      <dst id="17">2465.6800</dst>
      <dst id="21">1253.8667</dst>
      <dst id="15">181.1556</dst>
    </src>
    <src id="15">
      <dst id="12">1176.0267</dst>
      <dst id="13">142.7556</dst>
      <dst id="19">55.8667</dst>
      <dst id="23">0.3378</dst>
      <dst id="18">1.5644</dst>
      <dst id="4">2607.7689</dst>
      <dst id="1">633.2089</dst>
      <dst id="5">214.7289</dst>
      <dst id="3">10.0800</dst>
      <dst id="7">38.7556</dst>
      <dst id="2">64.5067</dst>
      <dst id="14">0.7822</dst>
      <dst id="11">492.6667</dst>
      <dst id="9">1006.2133</dst>
      <dst id="17">333.5111</dst>
      <dst id="21">81.2267</dst>
    </src>
  </IntraTM>
</TrafficMatrixFile>
