<?xml version="1.0" encoding="UTF-8" standalone="yes"?>
<TrafficMatrixFile xmlns:xsi="http://www.w3.org/2001/XMLSchema-instance" xsi:noNamespaceSchemaLocation="http://totem.run.montefiore.ulg.ac.be/Schema/TrafficMatrix-v1_2.xsd">
  <info>
    <title>Intradomain traffic matrix generated by geant-TM-all.pl</title>
    <date>2005-01-03T02:15:00</date>
    <duration>900</duration>
    <author>Steve Uhlig</author>
    <units>
        <unit type="bandwidth" value="kbps"/>
    </units>
  </info>
  <IntraTM ASID="20965">
    <src id="12">
      <dst id="12">266197.4133</dst>
      <dst id="13">50960.4889</dst>
      <dst id="19">6915.1200</dst>
      <dst id="23">323.8933</dst>
      <dst id="8">7592.3822</dst>
      <dst id="18">1541.1911</dst>
      <dst id="4">118097.6711</dst>
      <dst id="1">8196.5511</dst>
      <dst id="5">2969.8756</dst>
      <dst id="3">11040.6933</dst>
      <dst id="22">26110.2133</dst>
      <dst id="7">3807.1200</dst>
      <dst id="2">120359.6267</dst>
      <dst id="6">79.4667</dst>
      <dst id="16">7649.7956</dst>
      <dst id="14">224.8889</dst>
      <dst id="20">3800.2756</dst>
      <dst id="11">7762.0978</dst>
      <dst id="9">6454.3378</dst>
      <dst id="17">82871.8489</dst>
      <dst id="21">26493.5289</dst>
      <dst id="15">2007.4311</dst>
    </src>
    <src id="13">
      <dst id="12">53858.0000</dst>
      <dst id="19">28099.2978</dst>
      <dst id="23">12263.2178</dst>
      <dst id="8">6155.0400</dst>
      <dst id="18">9981.9911</dst>
      <dst id="1">6281.0222</dst>
      <dst id="5">9193.3156</dst>
      <dst id="3">15735.8222</dst>
      <dst id="22">25917.3778</dst>
      <dst id="7">20552.1956</dst>
      <dst id="2">108300.0533</dst>
      <dst id="6">34.8089</dst>
      <dst id="16">8717.6444</dst>
      <dst id="14">5369.2533</dst>
      <dst id="20">12400.5244</dst>
      <dst id="11">23215.6889</dst>
      <dst id="9">13081.2000</dst>
      <dst id="17">58556.6400</dst>
      <dst id="21">28741.5733</dst>
      <dst id="15">8115.0311</dst>
    </src>
    <src id="19">
      <dst id="12">11359.2356</dst>
      <dst id="13">559.7867</dst>
      <dst id="23">14.0089</dst>
      <dst id="8">21.5022</dst>
      <dst id="18">21.7956</dst>
      <dst id="4">21214.0267</dst>
      <dst id="1">2940.1689</dst>
      <dst id="5">66.8889</dst>
      <dst id="3">195.9200</dst>
      <dst id="22">142.3556</dst>
      <dst id="7">3994.9244</dst>
      <dst id="2">226.1333</dst>
      <dst id="6">309.0311</dst>
      <dst id="16">6130.3467</dst>
      <dst id="14">1.7067</dst>
      <dst id="20">5.2533</dst>
      <dst id="11">34.2044</dst>
      <dst id="9">333.2356</dst>
      <dst id="17">12698.2667</dst>
      <dst id="21">6840.1778</dst>
      <dst id="15">0.3556</dst>
    </src>
    <src id="23">
      <dst id="12">678.0178</dst>
      <dst id="13">525.2356</dst>
      <dst id="19">41.4222</dst>
      <dst id="8">26.3111</dst>
      <dst id="18">92.8178</dst>
      <dst id="4">123.1556</dst>
      <dst id="1">83.9289</dst>
      <dst id="5">150.1156</dst>
      <dst id="3">317.9022</dst>
      <dst id="22">479.7067</dst>
      <dst id="7">287.9200</dst>
      <dst id="2">123.8667</dst>
      <dst id="16">135.7333</dst>
      <dst id="14">1.2800</dst>
      <dst id="20">100.5156</dst>
      <dst id="11">2338.2400</dst>
      <dst id="9">406.6489</dst>
      <dst id="17">912.4000</dst>
      <dst id="21">770.1956</dst>
      <dst id="15">0.3556</dst>
    </src>
    <src id="8">
      <dst id="12">376912.9600</dst>
      <dst id="13">263.9556</dst>
      <dst id="19">511.2000</dst>
      <dst id="23">75.7333</dst>
      <dst id="18">683.8489</dst>
      <dst id="4">6112.0533</dst>
      <dst id="1">577.9111</dst>
      <dst id="5">6396.8978</dst>
      <dst id="3">256.9067</dst>
      <dst id="22">1903.1111</dst>
      <dst id="7">168.7467</dst>
      <dst id="2">154237.3422</dst>
      <dst id="6">25.6356</dst>
      <dst id="16">2894.6667</dst>
      <dst id="14">0.4178</dst>
      <dst id="20">2258.6756</dst>
      <dst id="11">2325.6622</dst>
      <dst id="9">1559.9556</dst>
      <dst id="17">149341.7333</dst>
      <dst id="21">276.0178</dst>
      <dst id="15">1080.7200</dst>
    </src>
    <src id="18">
      <dst id="12">139699.4222</dst>
      <dst id="13">390.5333</dst>
      <dst id="19">5.9733</dst>
      <dst id="23">4.5689</dst>
      <dst id="8">1755.4667</dst>
      <dst id="4">2949.7333</dst>
      <dst id="1">1040.1333</dst>
      <dst id="5">428.5511</dst>
      <dst id="3">349.8756</dst>
      <dst id="22">274.0089</dst>
      <dst id="7">98.1867</dst>
      <dst id="2">57164.4889</dst>
      <dst id="16">57.8756</dst>
      <dst id="14">0.7822</dst>
      <dst id="20">14.6400</dst>
      <dst id="11">558.8533</dst>
      <dst id="9">346.6133</dst>
      <dst id="17">48068.7911</dst>
      <dst id="21">940.8800</dst>
      <dst id="15">2.5956</dst>
    </src>
    <src id="4">
      <dst id="12">52956.7378</dst>
      <dst id="19">8274.6400</dst>
      <dst id="23">0.7111</dst>
      <dst id="8">759.4222</dst>
      <dst id="18">3609.0578</dst>
      <dst id="4">0.8800</dst>
      <dst id="1">36277.6533</dst>
      <dst id="5">2594.6311</dst>
      <dst id="3">2182.8267</dst>
      <dst id="22">9645.7156</dst>
      <dst id="7">151712.1956</dst>
      <dst id="2">113143.8844</dst>
      <dst id="6">22.8444</dst>
      <dst id="16">2638.5511</dst>
      <dst id="14">859.4400</dst>
      <dst id="20">1425.6622</dst>
      <dst id="11">6214.6400</dst>
      <dst id="9">3836.5422</dst>
      <dst id="17">113587.8044</dst>
      <dst id="21">8861.3600</dst>
      <dst id="15">166.8711</dst>
    </src>
    <src id="1">
      <dst id="12">12791.4933</dst>
      <dst id="13">587.4222</dst>
      <dst id="19">692.9956</dst>
      <dst id="23">88.2400</dst>
      <dst id="8">174545.2089</dst>
      <dst id="18">14909.0578</dst>
      <dst id="4">13394.0089</dst>
      <dst id="1">54457.3956</dst>
      <dst id="5">252963.0756</dst>
      <dst id="3">494.9156</dst>
      <dst id="22">8233.3778</dst>
      <dst id="7">2590.5867</dst>
      <dst id="2">19867.5022</dst>
      <dst id="6">9306.2667</dst>
      <dst id="16">10215.4844</dst>
      <dst id="14">95.3244</dst>
      <dst id="20">4041.6356</dst>
      <dst id="11">383.0400</dst>
      <dst id="9">264793.7333</dst>
      <dst id="17">5430.6667</dst>
      <dst id="21">7934.3822</dst>
      <dst id="15">179.0133</dst>
    </src>
    <src id="5">
      <dst id="12">328635.5111</dst>
      <dst id="13">2975.3333</dst>
      <dst id="19">62.3111</dst>
      <dst id="23">9.5022</dst>
      <dst id="8">43189.2622</dst>
      <dst id="18">517.9022</dst>
      <dst id="4">7788.7289</dst>
      <dst id="1">692.5244</dst>
      <dst id="3">6.2222</dst>
      <dst id="22">8067.6178</dst>
      <dst id="7">257.7867</dst>
      <dst id="2">141003.4044</dst>
      <dst id="6">0.4178</dst>
      <dst id="16">1886.2133</dst>
      <dst id="14">10.6400</dst>
      <dst id="20">4186.0444</dst>
      <dst id="11">1568.4800</dst>
      <dst id="9">1017.2711</dst>
      <dst id="17">121162.2222</dst>
      <dst id="21">387.2267</dst>
      <dst id="15">157.1289</dst>
    </src>
    <src id="3">
      <dst id="12">10113.9378</dst>
      <dst id="13">888.2489</dst>
      <dst id="19">1268.1067</dst>
      <dst id="23">173.5200</dst>
      <dst id="8">274.2311</dst>
      <dst id="18">178441.9467</dst>
      <dst id="4">34006.5511</dst>
      <dst id="1">32531.5378</dst>
      <dst id="5">4331.8222</dst>
      <dst id="3">21364.5067</dst>
      <dst id="22">1142.5689</dst>
      <dst id="7">3343.6267</dst>
      <dst id="2">8393.5378</dst>
      <dst id="6">2.6667</dst>
      <dst id="16">1050.9511</dst>
      <dst id="14">31432.3200</dst>
      <dst id="20">63.7244</dst>
      <dst id="11">210032.3022</dst>
      <dst id="9">312.0978</dst>
      <dst id="17">21702.1600</dst>
      <dst id="21">7297.0844</dst>
      <dst id="15">40.0356</dst>
    </src>
    <src id="10">
      <dst id="12">27424.1333</dst>
      <dst id="19">1065.2711</dst>
      <dst id="8">1164.7644</dst>
      <dst id="18">12417.5111</dst>
      <dst id="1">4601.3333</dst>
      <dst id="5">1377.8489</dst>
      <dst id="3">22030.6133</dst>
      <dst id="22">8698.6578</dst>
      <dst id="7">13242.0089</dst>
      <dst id="2">30526.7644</dst>
      <dst id="6">133.5111</dst>
      <dst id="16">2879.4222</dst>
      <dst id="14">1011.0400</dst>
      <dst id="20">3538.5244</dst>
      <dst id="11">6835.6978</dst>
      <dst id="9">2635.1378</dst>
      <dst id="17">29274.2489</dst>
      <dst id="21">21004.8444</dst>
      <dst id="15">1582.0978</dst>
    </src>
    <src id="22">
      <dst id="12">8619.8044</dst>
      <dst id="13">9051.5378</dst>
      <dst id="19">202.5244</dst>
      <dst id="23">462.5067</dst>
      <dst id="8">1149.5822</dst>
      <dst id="18">1367.6356</dst>
      <dst id="4">23211.8756</dst>
      <dst id="1">1697.3956</dst>
      <dst id="5">2417.7156</dst>
      <dst id="3">1306.2400</dst>
      <dst id="7">4254.2489</dst>
      <dst id="2">5553.4667</dst>
      <dst id="6">10.6667</dst>
      <dst id="16">0.3022</dst>
      <dst id="14">73.2267</dst>
      <dst id="11">3911.3422</dst>
      <dst id="9">3416.4444</dst>
      <dst id="17">8774.0622</dst>
      <dst id="21">1208.8800</dst>
    </src>
    <src id="7">
      <dst id="12">10013.3422</dst>
      <dst id="13">286.4800</dst>
      <dst id="19">1060.0622</dst>
      <dst id="23">1152.6044</dst>
      <dst id="8">627.4133</dst>
      <dst id="18">1278.4000</dst>
      <dst id="4">45296.9333</dst>
      <dst id="1">11764.5067</dst>
      <dst id="5">1155.4044</dst>
      <dst id="3">721.6533</dst>
      <dst id="22">5104.2489</dst>
      <dst id="7">803.4489</dst>
      <dst id="2">14680.7822</dst>
      <dst id="6">34.2400</dst>
      <dst id="16">2367.4756</dst>
      <dst id="14">160.6489</dst>
      <dst id="20">1414.9778</dst>
      <dst id="11">4312.4356</dst>
      <dst id="9">806.4178</dst>
      <dst id="17">22319.8667</dst>
      <dst id="21">12663.6533</dst>
      <dst id="15">50.9511</dst>
    </src>
    <src id="2">
      <dst id="12">114730.1067</dst>
      <dst id="13">514614.7378</dst>
      <dst id="19">293.2622</dst>
      <dst id="23">21.7600</dst>
      <dst id="8">949.8222</dst>
      <dst id="18">135504.3467</dst>
      <dst id="4">122492.4267</dst>
      <dst id="1">13023.4489</dst>
      <dst id="5">2466.1067</dst>
      <dst id="3">219.1822</dst>
      <dst id="22">5726.4178</dst>
      <dst id="7">29213.2089</dst>
      <dst id="2">936.7644</dst>
      <dst id="6">9628.1778</dst>
      <dst id="16">5809.6889</dst>
      <dst id="14">5425.8311</dst>
      <dst id="20">8308.7200</dst>
      <dst id="11">6029.2889</dst>
      <dst id="9">1375.5644</dst>
      <dst id="17">52981.5289</dst>
      <dst id="21">10925.2089</dst>
      <dst id="15">207.6711</dst>
    </src>
    <src id="6">
      <dst id="12">10584.1778</dst>
      <dst id="13">4.7644</dst>
      <dst id="19">11.5467</dst>
      <dst id="23">45.8667</dst>
      <dst id="8">1.2800</dst>
      <dst id="18">11.9289</dst>
      <dst id="4">119.3156</dst>
      <dst id="1">40.1422</dst>
      <dst id="5">48.8889</dst>
      <dst id="22">87.1289</dst>
      <dst id="7">2.8000</dst>
      <dst id="2">3068.2311</dst>
      <dst id="16">1.8133</dst>
      <dst id="11">6.3022</dst>
      <dst id="9">14.7556</dst>
      <dst id="17">1723.6711</dst>
      <dst id="21">30.6667</dst>
    </src>
    <src id="16">
      <dst id="12">2717.0400</dst>
      <dst id="13">1491.3333</dst>
      <dst id="19">3809.4933</dst>
      <dst id="23">237.1200</dst>
      <dst id="8">9629.7689</dst>
      <dst id="18">115.5289</dst>
      <dst id="4">12038.9156</dst>
      <dst id="1">16468.0267</dst>
      <dst id="5">7990.5689</dst>
      <dst id="3">143.9378</dst>
      <dst id="7">5656.0889</dst>
      <dst id="2">4906.3289</dst>
      <dst id="6">0.8178</dst>
      <dst id="16">55.1733</dst>
      <dst id="14">387.0222</dst>
      <dst id="11">424.0089</dst>
      <dst id="9">7101.7244</dst>
      <dst id="17">4863.2267</dst>
      <dst id="21">632.0444</dst>
    </src>
    <src id="14">
      <dst id="12">18506.7733</dst>
      <dst id="13">58.2222</dst>
      <dst id="19">31.5733</dst>
      <dst id="23">59.8400</dst>
      <dst id="18">1.0222</dst>
      <dst id="4">2672.1867</dst>
      <dst id="1">35.7600</dst>
      <dst id="5">0.8800</dst>
      <dst id="3">66.3911</dst>
      <dst id="22">72.9067</dst>
      <dst id="7">115.8222</dst>
      <dst id="2">5470.5689</dst>
      <dst id="16">3.8756</dst>
      <dst id="20">1.0844</dst>
      <dst id="11">21.7778</dst>
      <dst id="9">153.9911</dst>
      <dst id="17">5894.5333</dst>
      <dst id="21">123.4844</dst>
      <dst id="15">2.1333</dst>
    </src>
    <src id="20">
      <dst id="12">2111.0222</dst>
      <dst id="13">1919.0756</dst>
      <dst id="19">10.0267</dst>
      <dst id="23">4019.1822</dst>
      <dst id="8">388.8622</dst>
      <dst id="18">322.1244</dst>
      <dst id="4">15636.3644</dst>
      <dst id="1">189.3333</dst>
      <dst id="5">1198.1600</dst>
      <dst id="3">1123.9911</dst>
      <dst id="7">441.3422</dst>
      <dst id="2">12336.7911</dst>
      <dst id="6">12.5156</dst>
      <dst id="14">0.3556</dst>
      <dst id="11">183.9200</dst>
      <dst id="9">2925.8222</dst>
      <dst id="17">1104.3911</dst>
      <dst id="21">1563.4667</dst>
    </src>
    <src id="11">
      <dst id="12">435994.1778</dst>
      <dst id="13">4271.1733</dst>
      <dst id="19">55.3244</dst>
      <dst id="23">46.1067</dst>
      <dst id="8">2806.3378</dst>
      <dst id="18">1776.5067</dst>
      <dst id="4">12795.9556</dst>
      <dst id="1">1051.9822</dst>
      <dst id="5">1332.8978</dst>
      <dst id="3">960.8889</dst>
      <dst id="22">2204.1511</dst>
      <dst id="7">720.6133</dst>
      <dst id="2">170727.3600</dst>
      <dst id="6">47.6978</dst>
      <dst id="16">842.3644</dst>
      <dst id="14">96.1422</dst>
      <dst id="20">346.8089</dst>
      <dst id="11">763.5111</dst>
      <dst id="9">6919.3600</dst>
      <dst id="17">166118.6133</dst>
      <dst id="21">1473.2978</dst>
      <dst id="15">351.0044</dst>
    </src>
    <src id="9">
      <dst id="12">388296.9511</dst>
      <dst id="13">5422.9156</dst>
      <dst id="19">164.4889</dst>
      <dst id="23">16.0711</dst>
      <dst id="8">7623.7156</dst>
      <dst id="18">269.1644</dst>
      <dst id="4">12471.6356</dst>
      <dst id="1">3234.0000</dst>
      <dst id="5">1479.5733</dst>
      <dst id="3">16.3644</dst>
      <dst id="22">8686.1511</dst>
      <dst id="7">2894.0267</dst>
      <dst id="2">149718.9156</dst>
      <dst id="6">1.8311</dst>
      <dst id="16">1715.9200</dst>
      <dst id="14">8.2844</dst>
      <dst id="20">2519.8133</dst>
      <dst id="11">3075.1911</dst>
      <dst id="9">1213.8578</dst>
      <dst id="17">171259.9378</dst>
      <dst id="21">1478.0978</dst>
      <dst id="15">5305.7956</dst>
    </src>
    <src id="17">
      <dst id="12">16697.1111</dst>
      <dst id="13">8713.4400</dst>
      <dst id="19">682.2756</dst>
      <dst id="23">308.8356</dst>
      <dst id="8">187359.9911</dst>
      <dst id="18">1650.9778</dst>
      <dst id="4">62460.6133</dst>
      <dst id="1">2752.6222</dst>
      <dst id="5">238142.3644</dst>
      <dst id="3">29924.1778</dst>
      <dst id="22">13568.4356</dst>
      <dst id="7">4374.4978</dst>
      <dst id="2">30168.9689</dst>
      <dst id="6">16.0889</dst>
      <dst id="16">10573.3067</dst>
      <dst id="14">23674.3822</dst>
      <dst id="20">916.8356</dst>
      <dst id="11">156141.2356</dst>
      <dst id="9">226612.3289</dst>
      <dst id="17">1563.2622</dst>
      <dst id="21">16088.8978</dst>
      <dst id="15">101.5111</dst>
    </src>
    <src id="21">
      <dst id="12">18944.2756</dst>
      <dst id="13">1376.3733</dst>
      <dst id="19">1913.9733</dst>
      <dst id="23">59.7956</dst>
      <dst id="8">487.6622</dst>
      <dst id="18">1019.0667</dst>
      <dst id="4">35136.0267</dst>
      <dst id="1">1685.8844</dst>
      <dst id="5">665.4133</dst>
      <dst id="3">4943.8133</dst>
      <dst id="22">1790.2578</dst>
      <dst id="7">4686.5778</dst>
      <dst id="2">13007.5467</dst>
      <dst id="6">14.2044</dst>
      <dst id="16">571.5733</dst>
      <dst id="14">81.5200</dst>
      <dst id="20">246.3022</dst>
      <dst id="11">904.6222</dst>
      <dst id="9">933.3956</dst>
      <dst id="17">6593.6089</dst>
      <dst id="21">2947.0667</dst>
      <dst id="15">64.1778</dst>
    </src>
    <src id="15">
      <dst id="12">3757.3067</dst>
      <dst id="13">6487.2533</dst>
      <dst id="8">816.6667</dst>
      <dst id="18">68.6844</dst>
      <dst id="4">7420.9867</dst>
      <dst id="1">610.2044</dst>
      <dst id="5">1853.5644</dst>
      <dst id="3">46.6844</dst>
      <dst id="7">27.4311</dst>
      <dst id="2">259.2978</dst>
      <dst id="6">0.3556</dst>
      <dst id="14">12.9778</dst>
      <dst id="11">2031.4933</dst>
      <dst id="9">1458.0000</dst>
      <dst id="17">1719.9644</dst>
      <dst id="21">48.2044</dst>
    </src>
  </IntraTM>
</TrafficMatrixFile>
