<?xml version="1.0" encoding="UTF-8" standalone="yes"?>
<TrafficMatrixFile xmlns:xsi="http://www.w3.org/2001/XMLSchema-instance" xsi:noNamespaceSchemaLocation="http://totem.run.montefiore.ulg.ac.be/Schema/TrafficMatrix-v1_2.xsd">
  <info>
    <title>Intradomain traffic matrix generated by geant-TM-all.pl</title>
    <date>2005-01-05T18:15:00</date>
    <duration>900</duration>
    <author>Steve Uhlig</author>
    <units>
        <unit type="bandwidth" value="kbps"/>
    </units>
  </info>
  <IntraTM ASID="20965">
    <src id="12">
      <dst id="12">349799.1200</dst>
      <dst id="13">34822.4444</dst>
      <dst id="19">7491.5111</dst>
      <dst id="23">504.8178</dst>
      <dst id="8">16440.8444</dst>
      <dst id="18">3843.5911</dst>
      <dst id="4">79169.9467</dst>
      <dst id="1">22281.6356</dst>
      <dst id="5">92472.1067</dst>
      <dst id="3">13577.9733</dst>
      <dst id="22">39600.2667</dst>
      <dst id="7">22989.6356</dst>
      <dst id="2">98125.8044</dst>
      <dst id="6">24.8889</dst>
      <dst id="16">10775.7867</dst>
      <dst id="14">908.7200</dst>
      <dst id="20">10856.4267</dst>
      <dst id="11">4598.6311</dst>
      <dst id="9">8433.6800</dst>
      <dst id="17">138993.8133</dst>
      <dst id="21">19143.3600</dst>
      <dst id="15">3488.8978</dst>
    </src>
    <src id="13">
      <dst id="12">68158.7111</dst>
      <dst id="19">58964.2400</dst>
      <dst id="23">175.5644</dst>
      <dst id="8">9476.1067</dst>
      <dst id="18">3818.0533</dst>
      <dst id="1">11548.3022</dst>
      <dst id="5">8131.8222</dst>
      <dst id="3">40526.6844</dst>
      <dst id="22">25442.8978</dst>
      <dst id="7">29700.8444</dst>
      <dst id="2">111219.9111</dst>
      <dst id="6">707.0756</dst>
      <dst id="16">12104.2756</dst>
      <dst id="14">5967.3156</dst>
      <dst id="20">15316.9511</dst>
      <dst id="11">24768.9689</dst>
      <dst id="9">16081.4756</dst>
      <dst id="17">100535.8044</dst>
      <dst id="21">23023.0578</dst>
      <dst id="15">8662.4711</dst>
    </src>
    <src id="19">
      <dst id="12">14009.5911</dst>
      <dst id="13">1796.8267</dst>
      <dst id="23">46.3022</dst>
      <dst id="8">53.7600</dst>
      <dst id="18">1233.0311</dst>
      <dst id="4">19937.8844</dst>
      <dst id="1">11904.9422</dst>
      <dst id="5">79.1733</dst>
      <dst id="3">63.9289</dst>
      <dst id="22">1605.5289</dst>
      <dst id="7">7873.5022</dst>
      <dst id="2">1646.7289</dst>
      <dst id="6">5207.0133</dst>
      <dst id="16">5613.9200</dst>
      <dst id="14">2.9511</dst>
      <dst id="20">1323.6444</dst>
      <dst id="11">119.1378</dst>
      <dst id="9">1899.8756</dst>
      <dst id="17">7226.4889</dst>
      <dst id="21">1504.1511</dst>
      <dst id="15">13.7156</dst>
    </src>
    <src id="23">
      <dst id="12">2097.7600</dst>
      <dst id="13">1019.4311</dst>
      <dst id="19">431.1378</dst>
      <dst id="18">1629.1200</dst>
      <dst id="4">46.6489</dst>
      <dst id="1">1429.1822</dst>
      <dst id="5">226.6667</dst>
      <dst id="3">524.0089</dst>
      <dst id="22">273.1556</dst>
      <dst id="7">2468.9511</dst>
      <dst id="2">1237.9111</dst>
      <dst id="6">8.7467</dst>
      <dst id="16">84.7822</dst>
      <dst id="14">0.7822</dst>
      <dst id="20">279.2889</dst>
      <dst id="11">369.7689</dst>
      <dst id="9">1626.6489</dst>
      <dst id="17">876.2933</dst>
      <dst id="21">734.1067</dst>
      <dst id="15">93.6889</dst>
    </src>
    <src id="8">
      <dst id="12">285972.8267</dst>
      <dst id="13">1006.1333</dst>
      <dst id="19">4.9511</dst>
      <dst id="23">0.7111</dst>
      <dst id="18">14.4711</dst>
      <dst id="4">7049.0044</dst>
      <dst id="1">1264.4889</dst>
      <dst id="5">558.4978</dst>
      <dst id="3">100.8533</dst>
      <dst id="22">1796.3911</dst>
      <dst id="7">236.2044</dst>
      <dst id="2">116423.9022</dst>
      <dst id="6">0.5511</dst>
      <dst id="16">1363.8044</dst>
      <dst id="14">13.7689</dst>
      <dst id="20">729.5556</dst>
      <dst id="11">4686.5156</dst>
      <dst id="9">759.3333</dst>
      <dst id="17">116455.0222</dst>
      <dst id="21">209.5200</dst>
      <dst id="15">264.9689</dst>
    </src>
    <src id="18">
      <dst id="12">111668.1956</dst>
      <dst id="13">2150.9244</dst>
      <dst id="19">42.3022</dst>
      <dst id="23">38.5067</dst>
      <dst id="8">47.6356</dst>
      <dst id="4">1345.9467</dst>
      <dst id="1">925.2089</dst>
      <dst id="5">139.7956</dst>
      <dst id="3">125.8222</dst>
      <dst id="22">542.3022</dst>
      <dst id="7">179.6800</dst>
      <dst id="2">29310.7022</dst>
      <dst id="16">113.4756</dst>
      <dst id="14">16.8533</dst>
      <dst id="20">334.7644</dst>
      <dst id="11">243.0578</dst>
      <dst id="9">734.0978</dst>
      <dst id="17">38270.0000</dst>
      <dst id="21">521.7067</dst>
      <dst id="15">5.3600</dst>
    </src>
    <src id="4">
      <dst id="12">25315.6178</dst>
      <dst id="19">23790.9778</dst>
      <dst id="23">0.2489</dst>
      <dst id="8">1615.5289</dst>
      <dst id="18">1138.2933</dst>
      <dst id="4">92.8000</dst>
      <dst id="1">100919.3511</dst>
      <dst id="5">2758.4889</dst>
      <dst id="3">1554.2489</dst>
      <dst id="22">9032.9067</dst>
      <dst id="7">144393.3422</dst>
      <dst id="2">93231.6711</dst>
      <dst id="6">146.5333</dst>
      <dst id="16">7803.2711</dst>
      <dst id="14">6267.2178</dst>
      <dst id="20">1222.9067</dst>
      <dst id="11">11509.1022</dst>
      <dst id="9">3696.4444</dst>
      <dst id="17">37478.5956</dst>
      <dst id="21">11441.1911</dst>
      <dst id="15">4183.1556</dst>
    </src>
    <src id="1">
      <dst id="12">17407.1911</dst>
      <dst id="13">7717.8933</dst>
      <dst id="19">4851.2000</dst>
      <dst id="23">1725.2089</dst>
      <dst id="8">174036.5333</dst>
      <dst id="18">14050.7111</dst>
      <dst id="4">21090.9156</dst>
      <dst id="1">31307.8489</dst>
      <dst id="5">265699.1644</dst>
      <dst id="3">14769.6622</dst>
      <dst id="22">18272.2667</dst>
      <dst id="7">57855.2178</dst>
      <dst id="2">21927.7778</dst>
      <dst id="6">26458.5511</dst>
      <dst id="16">11600.3556</dst>
      <dst id="14">214.9422</dst>
      <dst id="20">1848.5956</dst>
      <dst id="11">1829.5822</dst>
      <dst id="9">356623.0400</dst>
      <dst id="17">25506.8711</dst>
      <dst id="21">25291.2978</dst>
      <dst id="15">3928.0978</dst>
    </src>
    <src id="5">
      <dst id="12">304141.6800</dst>
      <dst id="13">3446.0978</dst>
      <dst id="19">2218.8711</dst>
      <dst id="23">8.1956</dst>
      <dst id="8">2022.5600</dst>
      <dst id="18">515.9289</dst>
      <dst id="4">6719.4044</dst>
      <dst id="1">1687.6622</dst>
      <dst id="3">34.0622</dst>
      <dst id="22">3509.9556</dst>
      <dst id="7">661.1022</dst>
      <dst id="2">125099.2622</dst>
      <dst id="6">0.4622</dst>
      <dst id="16">2475.4222</dst>
      <dst id="14">85.5022</dst>
      <dst id="20">2485.2267</dst>
      <dst id="11">3144.9422</dst>
      <dst id="9">3067.3956</dst>
      <dst id="17">108098.2756</dst>
      <dst id="21">635.0222</dst>
      <dst id="15">7509.2178</dst>
    </src>
    <src id="3">
      <dst id="12">15500.5422</dst>
      <dst id="13">10536.0978</dst>
      <dst id="19">1313.7778</dst>
      <dst id="23">10188.0000</dst>
      <dst id="8">277.0844</dst>
      <dst id="18">149854.8356</dst>
      <dst id="4">26263.8756</dst>
      <dst id="1">7681.0667</dst>
      <dst id="5">370.0356</dst>
      <dst id="3">16809.2978</dst>
      <dst id="22">6630.2578</dst>
      <dst id="7">7631.7511</dst>
      <dst id="2">20929.3244</dst>
      <dst id="6">47.7600</dst>
      <dst id="16">4166.4267</dst>
      <dst id="14">55736.4267</dst>
      <dst id="20">4709.5289</dst>
      <dst id="11">362393.5467</dst>
      <dst id="9">955.6889</dst>
      <dst id="17">25503.9733</dst>
      <dst id="21">19871.4667</dst>
      <dst id="15">2317.3600</dst>
    </src>
    <src id="10">
      <dst id="12">22814.9156</dst>
      <dst id="19">13257.2533</dst>
      <dst id="8">2729.0133</dst>
      <dst id="18">4039.9556</dst>
      <dst id="1">8211.8044</dst>
      <dst id="5">1143.2800</dst>
      <dst id="3">16853.7956</dst>
      <dst id="22">6323.5556</dst>
      <dst id="7">24909.6178</dst>
      <dst id="2">37375.2267</dst>
      <dst id="6">41.6356</dst>
      <dst id="16">5224.0356</dst>
      <dst id="14">4606.2400</dst>
      <dst id="20">2011.7511</dst>
      <dst id="11">11884.1422</dst>
      <dst id="9">4520.6844</dst>
      <dst id="17">30125.3778</dst>
      <dst id="21">15016.9511</dst>
      <dst id="15">2441.0578</dst>
    </src>
    <src id="22">
      <dst id="12">17500.6578</dst>
      <dst id="13">8100.4089</dst>
      <dst id="19">989.3244</dst>
      <dst id="23">20.3911</dst>
      <dst id="8">2175.8844</dst>
      <dst id="18">219.1467</dst>
      <dst id="4">18504.8444</dst>
      <dst id="1">543.4222</dst>
      <dst id="5">3244.9422</dst>
      <dst id="3">2259.3067</dst>
      <dst id="7">4243.4489</dst>
      <dst id="2">13892.8533</dst>
      <dst id="6">65.8844</dst>
      <dst id="16">14.7378</dst>
      <dst id="14">158.4533</dst>
      <dst id="11">4385.5289</dst>
      <dst id="9">1676.6756</dst>
      <dst id="17">5492.9067</dst>
      <dst id="21">1140.4356</dst>
    </src>
    <src id="7">
      <dst id="12">4830.1244</dst>
      <dst id="13">558.5333</dst>
      <dst id="19">2860.3289</dst>
      <dst id="23">491.7244</dst>
      <dst id="8">134.2578</dst>
      <dst id="18">766.0711</dst>
      <dst id="4">24595.2533</dst>
      <dst id="1">38535.9200</dst>
      <dst id="5">1798.2578</dst>
      <dst id="3">14497.0133</dst>
      <dst id="22">6639.7067</dst>
      <dst id="7">694.6489</dst>
      <dst id="2">6974.0622</dst>
      <dst id="6">176.6489</dst>
      <dst id="16">6107.5911</dst>
      <dst id="14">418.0178</dst>
      <dst id="20">3885.6356</dst>
      <dst id="11">1102.9956</dst>
      <dst id="9">4758.3378</dst>
      <dst id="17">20600.0889</dst>
      <dst id="21">7119.7956</dst>
      <dst id="15">298.3378</dst>
    </src>
    <src id="2">
      <dst id="12">148529.3778</dst>
      <dst id="13">523643.9378</dst>
      <dst id="19">8596.4533</dst>
      <dst id="23">30.2578</dst>
      <dst id="8">723.9822</dst>
      <dst id="18">132928.0533</dst>
      <dst id="4">82208.2578</dst>
      <dst id="1">16404.5778</dst>
      <dst id="5">2593.9822</dst>
      <dst id="3">380.1867</dst>
      <dst id="22">5236.4178</dst>
      <dst id="7">14229.6089</dst>
      <dst id="2">1436.2311</dst>
      <dst id="6">12753.5556</dst>
      <dst id="16">3744.4444</dst>
      <dst id="14">6421.9378</dst>
      <dst id="20">2180.7644</dst>
      <dst id="11">4953.2267</dst>
      <dst id="9">2502.2756</dst>
      <dst id="17">51070.5333</dst>
      <dst id="21">8962.5333</dst>
      <dst id="15">635.6622</dst>
    </src>
    <src id="6">
      <dst id="12">11987.7689</dst>
      <dst id="13">60.7822</dst>
      <dst id="19">165.3156</dst>
      <dst id="23">11.4667</dst>
      <dst id="18">0.9067</dst>
      <dst id="4">1324.5778</dst>
      <dst id="1">91.1467</dst>
      <dst id="3">11.4667</dst>
      <dst id="22">37.4133</dst>
      <dst id="7">402.3911</dst>
      <dst id="2">2753.8933</dst>
      <dst id="16">110.3911</dst>
      <dst id="14">0.4622</dst>
      <dst id="20">34.7556</dst>
      <dst id="11">88.4978</dst>
      <dst id="9">1.7067</dst>
      <dst id="17">2205.6711</dst>
      <dst id="21">109.4489</dst>
      <dst id="15">23.2889</dst>
    </src>
    <src id="16">
      <dst id="12">4415.6000</dst>
      <dst id="13">1249.8044</dst>
      <dst id="19">4650.1422</dst>
      <dst id="23">71.8133</dst>
      <dst id="8">9356.2311</dst>
      <dst id="18">21.7156</dst>
      <dst id="4">7083.6533</dst>
      <dst id="1">33591.6800</dst>
      <dst id="5">7834.7733</dst>
      <dst id="3">1199.2089</dst>
      <dst id="7">5547.8844</dst>
      <dst id="2">1930.1422</dst>
      <dst id="6">58.5778</dst>
      <dst id="16">42.2844</dst>
      <dst id="14">292.3022</dst>
      <dst id="11">803.6622</dst>
      <dst id="9">14915.7600</dst>
      <dst id="17">5698.8356</dst>
      <dst id="21">3226.9156</dst>
    </src>
    <src id="14">
      <dst id="12">27463.8667</dst>
      <dst id="13">152.1600</dst>
      <dst id="19">22.3733</dst>
      <dst id="23">12.9778</dst>
      <dst id="8">13.5467</dst>
      <dst id="18">6.1867</dst>
      <dst id="4">2422.9422</dst>
      <dst id="1">1452.5422</dst>
      <dst id="5">3.9111</dst>
      <dst id="3">195.2000</dst>
      <dst id="22">13.6000</dst>
      <dst id="7">258.8889</dst>
      <dst id="2">7653.7511</dst>
      <dst id="6">1.4933</dst>
      <dst id="16">33.5378</dst>
      <dst id="20">10.8622</dst>
      <dst id="11">123.8044</dst>
      <dst id="9">231.5289</dst>
      <dst id="17">9088.0444</dst>
      <dst id="21">126.3467</dst>
    </src>
    <src id="20">
      <dst id="12">22778.1333</dst>
      <dst id="13">1670.5600</dst>
      <dst id="19">4499.0222</dst>
      <dst id="23">25.5467</dst>
      <dst id="8">7059.5289</dst>
      <dst id="18">159.7956</dst>
      <dst id="4">8117.5733</dst>
      <dst id="1">535.7600</dst>
      <dst id="5">589.9022</dst>
      <dst id="3">2859.0311</dst>
      <dst id="7">573.4044</dst>
      <dst id="2">6627.3511</dst>
      <dst id="6">4.5956</dst>
      <dst id="14">116.2844</dst>
      <dst id="11">3755.0844</dst>
      <dst id="9">4884.2400</dst>
      <dst id="17">4636.6489</dst>
      <dst id="21">1766.4889</dst>
    </src>
    <src id="11">
      <dst id="12">435389.5111</dst>
      <dst id="13">4320.2578</dst>
      <dst id="19">9.5378</dst>
      <dst id="23">17.5111</dst>
      <dst id="8">2980.8089</dst>
      <dst id="18">2411.2000</dst>
      <dst id="4">14663.2889</dst>
      <dst id="1">986.7378</dst>
      <dst id="5">3074.1422</dst>
      <dst id="3">4077.7156</dst>
      <dst id="22">4649.4311</dst>
      <dst id="7">2953.7333</dst>
      <dst id="2">178597.8578</dst>
      <dst id="6">204.3200</dst>
      <dst id="16">1046.8356</dst>
      <dst id="14">127.1289</dst>
      <dst id="20">2142.3467</dst>
      <dst id="11">4022.5067</dst>
      <dst id="9">1005.7244</dst>
      <dst id="17">166055.6178</dst>
      <dst id="21">1169.2533</dst>
      <dst id="15">626.5156</dst>
    </src>
    <src id="9">
      <dst id="12">448810.1600</dst>
      <dst id="13">6413.2000</dst>
      <dst id="19">161.0311</dst>
      <dst id="23">46.0711</dst>
      <dst id="8">2473.2533</dst>
      <dst id="18">2381.5200</dst>
      <dst id="4">13446.4889</dst>
      <dst id="1">5636.5867</dst>
      <dst id="5">4061.8578</dst>
      <dst id="3">83.5911</dst>
      <dst id="22">3965.8400</dst>
      <dst id="7">2470.7467</dst>
      <dst id="2">161484.6667</dst>
      <dst id="6">2.8978</dst>
      <dst id="16">4572.0978</dst>
      <dst id="14">70.0711</dst>
      <dst id="20">4808.2756</dst>
      <dst id="11">1074.7644</dst>
      <dst id="9">4349.2178</dst>
      <dst id="17">237875.3422</dst>
      <dst id="21">1797.4044</dst>
      <dst id="15">3220.5778</dst>
    </src>
    <src id="17">
      <dst id="12">16015.3422</dst>
      <dst id="13">9843.0489</dst>
      <dst id="19">6024.7022</dst>
      <dst id="23">651.6711</dst>
      <dst id="8">183667.0044</dst>
      <dst id="18">721.0756</dst>
      <dst id="4">78872.5600</dst>
      <dst id="1">12876.4267</dst>
      <dst id="5">243505.3600</dst>
      <dst id="3">31398.8444</dst>
      <dst id="22">8071.6889</dst>
      <dst id="7">9547.8311</dst>
      <dst id="2">24845.6622</dst>
      <dst id="6">559.8933</dst>
      <dst id="16">14864.2489</dst>
      <dst id="14">45473.4311</dst>
      <dst id="20">1823.5733</dst>
      <dst id="11">239657.5022</dst>
      <dst id="9">329800.3911</dst>
      <dst id="17">1628.0800</dst>
      <dst id="21">18684.7733</dst>
      <dst id="15">1644.7289</dst>
    </src>
    <src id="21">
      <dst id="12">22072.0267</dst>
      <dst id="13">2450.8089</dst>
      <dst id="19">379.7422</dst>
      <dst id="23">177.5022</dst>
      <dst id="8">2521.3333</dst>
      <dst id="18">6588.6400</dst>
      <dst id="4">17963.7956</dst>
      <dst id="1">12064.0800</dst>
      <dst id="5">930.5689</dst>
      <dst id="3">11307.6000</dst>
      <dst id="22">5918.1778</dst>
      <dst id="7">11373.8489</dst>
      <dst id="2">11696.6844</dst>
      <dst id="6">26.2756</dst>
      <dst id="16">599.6889</dst>
      <dst id="14">196.7822</dst>
      <dst id="20">4272.2311</dst>
      <dst id="11">5221.4578</dst>
      <dst id="9">1190.2133</dst>
      <dst id="17">10178.9600</dst>
      <dst id="21">3403.1022</dst>
      <dst id="15">2300.1600</dst>
    </src>
    <src id="15">
      <dst id="12">4086.9778</dst>
      <dst id="13">495.7244</dst>
      <dst id="19">10.4978</dst>
      <dst id="23">8.0978</dst>
      <dst id="8">1834.0000</dst>
      <dst id="18">4.9244</dst>
      <dst id="4">2916.5956</dst>
      <dst id="1">1398.2667</dst>
      <dst id="5">621.4489</dst>
      <dst id="3">23.6711</dst>
      <dst id="7">597.1644</dst>
      <dst id="2">146.9156</dst>
      <dst id="6">0.7111</dst>
      <dst id="11">203.2889</dst>
      <dst id="9">1515.6089</dst>
      <dst id="17">1127.2622</dst>
      <dst id="21">4135.3244</dst>
    </src>
  </IntraTM>
</TrafficMatrixFile>
