<?xml version="1.0" encoding="UTF-8" standalone="yes"?>
<TrafficMatrixFile xmlns:xsi="http://www.w3.org/2001/XMLSchema-instance" xsi:noNamespaceSchemaLocation="http://totem.run.montefiore.ulg.ac.be/Schema/TrafficMatrix-v1_2.xsd">
  <info>
    <title>Intradomain traffic matrix generated by geant-TM-all.pl</title>
    <date>2005-01-02T13:15:00</date>
    <duration>900</duration>
    <author>Steve Uhlig</author>
    <units>
        <unit type="bandwidth" value="kbps"/>
    </units>
  </info>
  <IntraTM ASID="20965">
    <src id="12">
      <dst id="12">171341.5111</dst>
      <dst id="13">12425.2356</dst>
      <dst id="19">2606.6489</dst>
      <dst id="23">94.0444</dst>
      <dst id="8">969.6444</dst>
      <dst id="18">4256.3111</dst>
      <dst id="4">95068.8356</dst>
      <dst id="1">6996.7111</dst>
      <dst id="5">1482.9867</dst>
      <dst id="3">1514.0889</dst>
      <dst id="22">4601.0844</dst>
      <dst id="7">1807.0933</dst>
      <dst id="2">58180.1689</dst>
      <dst id="6">81.0222</dst>
      <dst id="16">4995.0578</dst>
      <dst id="14">234.5244</dst>
      <dst id="20">653.8400</dst>
      <dst id="11">5785.2889</dst>
      <dst id="9">2382.3467</dst>
      <dst id="17">44715.6622</dst>
      <dst id="21">8434.4622</dst>
      <dst id="15">87.1467</dst>
    </src>
    <src id="13">
      <dst id="12">35542.6933</dst>
      <dst id="19">3665.6711</dst>
      <dst id="23">68.3289</dst>
      <dst id="8">656.6578</dst>
      <dst id="18">2861.5289</dst>
      <dst id="1">1203.3867</dst>
      <dst id="5">3625.1022</dst>
      <dst id="3">3680.5156</dst>
      <dst id="22">14168.6044</dst>
      <dst id="7">10734.1067</dst>
      <dst id="2">75063.2000</dst>
      <dst id="6">4.1600</dst>
      <dst id="16">4795.5733</dst>
      <dst id="14">1111.4133</dst>
      <dst id="20">9365.0489</dst>
      <dst id="11">5317.6889</dst>
      <dst id="9">9085.1200</dst>
      <dst id="17">45322.0978</dst>
      <dst id="21">16858.1244</dst>
      <dst id="15">2219.4133</dst>
    </src>
    <src id="19">
      <dst id="12">10247.3511</dst>
      <dst id="13">299.3244</dst>
      <dst id="23">4.8978</dst>
      <dst id="8">0.4978</dst>
      <dst id="18">87.9556</dst>
      <dst id="4">19254.9422</dst>
      <dst id="1">121.4311</dst>
      <dst id="5">15.7156</dst>
      <dst id="3">1.5022</dst>
      <dst id="22">78.0089</dst>
      <dst id="7">2631.0400</dst>
      <dst id="2">618.5867</dst>
      <dst id="6">24.1422</dst>
      <dst id="16">9191.1200</dst>
      <dst id="20">8.0356</dst>
      <dst id="9">377.9556</dst>
      <dst id="17">1412.8533</dst>
      <dst id="21">371.5467</dst>
      <dst id="15">2.7378</dst>
    </src>
    <src id="23">
      <dst id="12">143.9733</dst>
      <dst id="13">36.7822</dst>
      <dst id="19">93.3689</dst>
      <dst id="8">57.1022</dst>
      <dst id="4">21.2178</dst>
      <dst id="1">90.7556</dst>
      <dst id="5">14.0444</dst>
      <dst id="3">12.6222</dst>
      <dst id="22">21.9111</dst>
      <dst id="7">188.1333</dst>
      <dst id="2">4.0711</dst>
      <dst id="16">4.1333</dst>
      <dst id="9">341.2978</dst>
      <dst id="17">69.8667</dst>
      <dst id="21">481.1378</dst>
    </src>
    <src id="8">
      <dst id="12">258738.4444</dst>
      <dst id="13">70.1244</dst>
      <dst id="19">3.1911</dst>
      <dst id="23">62.7289</dst>
      <dst id="18">59.9467</dst>
      <dst id="4">5142.5067</dst>
      <dst id="1">99.7778</dst>
      <dst id="5">597.7244</dst>
      <dst id="3">11.1733</dst>
      <dst id="22">194.5244</dst>
      <dst id="7">81.5378</dst>
      <dst id="2">76709.7511</dst>
      <dst id="6">0.3556</dst>
      <dst id="16">44.6133</dst>
      <dst id="20">95.3778</dst>
      <dst id="11">210.1067</dst>
      <dst id="9">575.2444</dst>
      <dst id="17">87374.5067</dst>
      <dst id="21">662.4178</dst>
      <dst id="15">53.3333</dst>
    </src>
    <src id="18">
      <dst id="12">97627.3156</dst>
      <dst id="13">117.2267</dst>
      <dst id="19">25.1022</dst>
      <dst id="23">1.6622</dst>
      <dst id="8">13.5467</dst>
      <dst id="4">3238.8889</dst>
      <dst id="1">1135.7244</dst>
      <dst id="5">256.2400</dst>
      <dst id="3">24.0889</dst>
      <dst id="22">141.0044</dst>
      <dst id="7">84.2667</dst>
      <dst id="2">29425.0667</dst>
      <dst id="16">5.4756</dst>
      <dst id="14">13.3333</dst>
      <dst id="20">40.7733</dst>
      <dst id="11">47.4844</dst>
      <dst id="9">143.9644</dst>
      <dst id="17">34256.6756</dst>
      <dst id="21">409.8133</dst>
      <dst id="15">0.5156</dst>
    </src>
    <src id="4">
      <dst id="12">8251.8133</dst>
      <dst id="19">5380.9422</dst>
      <dst id="23">0.4622</dst>
      <dst id="8">517.1733</dst>
      <dst id="18">1794.5956</dst>
      <dst id="4">1.0222</dst>
      <dst id="1">11198.3911</dst>
      <dst id="5">1170.4000</dst>
      <dst id="3">2108.8533</dst>
      <dst id="22">3392.9956</dst>
      <dst id="7">46576.5422</dst>
      <dst id="2">55983.1911</dst>
      <dst id="6">2.8800</dst>
      <dst id="16">3483.1911</dst>
      <dst id="14">997.0222</dst>
      <dst id="20">767.9467</dst>
      <dst id="11">7669.5556</dst>
      <dst id="9">2979.9467</dst>
      <dst id="17">108504.1689</dst>
      <dst id="21">7102.5956</dst>
      <dst id="15">321.5022</dst>
    </src>
    <src id="1">
      <dst id="12">14084.3111</dst>
      <dst id="13">168.0267</dst>
      <dst id="19">7.7956</dst>
      <dst id="23">116.5778</dst>
      <dst id="8">54009.6800</dst>
      <dst id="18">12451.5022</dst>
      <dst id="4">4015.2622</dst>
      <dst id="1">17175.6889</dst>
      <dst id="5">133566.0533</dst>
      <dst id="3">21.7867</dst>
      <dst id="22">480.8622</dst>
      <dst id="7">478.5956</dst>
      <dst id="2">1565.4756</dst>
      <dst id="6">8652.7022</dst>
      <dst id="16">17180.8356</dst>
      <dst id="14">301.0756</dst>
      <dst id="20">41.0844</dst>
      <dst id="11">345.8933</dst>
      <dst id="9">115579.1822</dst>
      <dst id="17">4841.3333</dst>
      <dst id="21">1416.7467</dst>
      <dst id="15">113.2444</dst>
    </src>
    <src id="5">
      <dst id="12">215243.8667</dst>
      <dst id="13">953.7778</dst>
      <dst id="19">61.0933</dst>
      <dst id="23">107.5911</dst>
      <dst id="8">6039.7067</dst>
      <dst id="18">99.6267</dst>
      <dst id="4">7052.4000</dst>
      <dst id="1">210.7822</dst>
      <dst id="3">148.4978</dst>
      <dst id="22">1686.4711</dst>
      <dst id="7">129.9644</dst>
      <dst id="2">85937.5911</dst>
      <dst id="16">117.0844</dst>
      <dst id="14">2.3822</dst>
      <dst id="20">751.8133</dst>
      <dst id="11">344.7911</dst>
      <dst id="9">661.5556</dst>
      <dst id="17">74257.4756</dst>
      <dst id="21">147.9733</dst>
      <dst id="15">11.8844</dst>
    </src>
    <src id="3">
      <dst id="12">15866.0800</dst>
      <dst id="13">955.9556</dst>
      <dst id="19">4759.9822</dst>
      <dst id="23">0.7467</dst>
      <dst id="8">5.4222</dst>
      <dst id="18">56091.9911</dst>
      <dst id="4">16522.3644</dst>
      <dst id="1">9236.3911</dst>
      <dst id="5">321.4400</dst>
      <dst id="3">8692.0356</dst>
      <dst id="22">4550.3644</dst>
      <dst id="7">1273.9467</dst>
      <dst id="2">4927.9556</dst>
      <dst id="6">80.3200</dst>
      <dst id="16">800.6133</dst>
      <dst id="14">19892.0533</dst>
      <dst id="20">668.3467</dst>
      <dst id="11">103418.3911</dst>
      <dst id="9">149.1822</dst>
      <dst id="17">6277.0667</dst>
      <dst id="21">3653.9467</dst>
      <dst id="15">44.1600</dst>
    </src>
    <src id="10">
      <dst id="12">7842.1956</dst>
      <dst id="19">1217.3867</dst>
      <dst id="8">675.2267</dst>
      <dst id="18">3967.2889</dst>
      <dst id="1">731.8578</dst>
      <dst id="5">548.4889</dst>
      <dst id="3">16022.4000</dst>
      <dst id="22">5499.7067</dst>
      <dst id="7">15691.1111</dst>
      <dst id="2">24447.3956</dst>
      <dst id="6">1.6178</dst>
      <dst id="16">2946.0178</dst>
      <dst id="14">928.0533</dst>
      <dst id="20">4455.4133</dst>
      <dst id="11">3571.4578</dst>
      <dst id="9">1745.4222</dst>
      <dst id="17">41754.0889</dst>
      <dst id="21">12074.2311</dst>
      <dst id="15">920.1689</dst>
    </src>
    <src id="22">
      <dst id="12">5673.6622</dst>
      <dst id="13">1976.2667</dst>
      <dst id="19">42.1511</dst>
      <dst id="23">16.3556</dst>
      <dst id="8">523.6889</dst>
      <dst id="18">1213.6622</dst>
      <dst id="4">23633.5022</dst>
      <dst id="1">132.6756</dst>
      <dst id="5">3476.2844</dst>
      <dst id="3">412.5689</dst>
      <dst id="7">2251.6889</dst>
      <dst id="2">1439.5111</dst>
      <dst id="14">35.6000</dst>
      <dst id="11">1992.7644</dst>
      <dst id="9">1065.7511</dst>
      <dst id="17">1176.2222</dst>
      <dst id="21">751.7778</dst>
    </src>
    <src id="7">
      <dst id="12">1564.3022</dst>
      <dst id="13">274.9333</dst>
      <dst id="19">128.9689</dst>
      <dst id="23">6.4444</dst>
      <dst id="8">335.4667</dst>
      <dst id="18">161.2622</dst>
      <dst id="4">18987.3511</dst>
      <dst id="1">1741.9467</dst>
      <dst id="5">589.2178</dst>
      <dst id="3">190.1067</dst>
      <dst id="22">3949.5200</dst>
      <dst id="7">693.1556</dst>
      <dst id="2">4223.2711</dst>
      <dst id="6">38.2933</dst>
      <dst id="16">85.1911</dst>
      <dst id="14">50.3556</dst>
      <dst id="20">197.0578</dst>
      <dst id="11">451.0044</dst>
      <dst id="9">154.7911</dst>
      <dst id="17">9525.8933</dst>
      <dst id="21">1763.8400</dst>
      <dst id="15">174.1333</dst>
    </src>
    <src id="2">
      <dst id="12">62022.1067</dst>
      <dst id="13">1882.9067</dst>
      <dst id="19">8211.7422</dst>
      <dst id="8">1164.3200</dst>
      <dst id="18">45195.5911</dst>
      <dst id="4">104359.3511</dst>
      <dst id="1">1790.2311</dst>
      <dst id="5">585.9467</dst>
      <dst id="3">32.6667</dst>
      <dst id="22">2154.4533</dst>
      <dst id="7">6923.7333</dst>
      <dst id="2">1054.1156</dst>
      <dst id="6">4399.3778</dst>
      <dst id="16">2267.5644</dst>
      <dst id="14">5640.9244</dst>
      <dst id="20">529.1200</dst>
      <dst id="11">5651.2978</dst>
      <dst id="9">907.9467</dst>
      <dst id="17">36656.5867</dst>
      <dst id="21">3749.2622</dst>
      <dst id="15">21.3511</dst>
    </src>
    <src id="6">
      <dst id="12">6895.4133</dst>
      <dst id="13">2.6844</dst>
      <dst id="19">2.3200</dst>
      <dst id="8">12.8000</dst>
      <dst id="4">75.5467</dst>
      <dst id="1">53.3600</dst>
      <dst id="5">1.2622</dst>
      <dst id="22">1.5289</dst>
      <dst id="7">2.8800</dst>
      <dst id="2">1574.9333</dst>
      <dst id="16">0.5244</dst>
      <dst id="11">0.6933</dst>
      <dst id="9">12.9778</dst>
      <dst id="17">1252.7467</dst>
      <dst id="21">65.9911</dst>
      <dst id="15">0.3378</dst>
    </src>
    <src id="16">
      <dst id="12">4018.9422</dst>
      <dst id="13">152.4711</dst>
      <dst id="19">4783.2978</dst>
      <dst id="23">2.1333</dst>
      <dst id="8">813.4933</dst>
      <dst id="18">2.6133</dst>
      <dst id="4">6027.6000</dst>
      <dst id="1">20920.3911</dst>
      <dst id="5">515.1733</dst>
      <dst id="3">1.6800</dst>
      <dst id="7">1968.2311</dst>
      <dst id="2">1115.0489</dst>
      <dst id="16">19.3511</dst>
      <dst id="14">129.4311</dst>
      <dst id="11">110.6844</dst>
      <dst id="9">696.7378</dst>
      <dst id="17">1332.3644</dst>
      <dst id="21">423.7511</dst>
    </src>
    <src id="14">
      <dst id="12">13869.6533</dst>
      <dst id="13">24.8800</dst>
      <dst id="19">4.8356</dst>
      <dst id="18">0.8089</dst>
      <dst id="4">2261.8489</dst>
      <dst id="1">48.9689</dst>
      <dst id="5">49.1556</dst>
      <dst id="3">45.4311</dst>
      <dst id="22">8.3556</dst>
      <dst id="7">47.1556</dst>
      <dst id="2">4635.2000</dst>
      <dst id="16">215.8933</dst>
      <dst id="20">0.7111</dst>
      <dst id="11">40.4000</dst>
      <dst id="9">0.5333</dst>
      <dst id="17">4905.4222</dst>
      <dst id="21">62.0978</dst>
    </src>
    <src id="20">
      <dst id="12">2533.9733</dst>
      <dst id="13">1661.6711</dst>
      <dst id="19">2.1067</dst>
      <dst id="8">656.2044</dst>
      <dst id="18">0.5867</dst>
      <dst id="4">4918.7378</dst>
      <dst id="1">23.7244</dst>
      <dst id="5">875.4578</dst>
      <dst id="3">319.4933</dst>
      <dst id="7">63.7778</dst>
      <dst id="2">2155.5200</dst>
      <dst id="14">44.4711</dst>
      <dst id="11">136.3378</dst>
      <dst id="9">5705.1467</dst>
      <dst id="17">885.8311</dst>
      <dst id="21">184.6844</dst>
    </src>
    <src id="11">
      <dst id="12">385512.2844</dst>
      <dst id="13">804.2933</dst>
      <dst id="19">5.5022</dst>
      <dst id="23">2.1067</dst>
      <dst id="8">341.4489</dst>
      <dst id="18">241.2800</dst>
      <dst id="4">13649.8044</dst>
      <dst id="1">364.1156</dst>
      <dst id="5">932.9689</dst>
      <dst id="3">316.7733</dst>
      <dst id="22">1745.4222</dst>
      <dst id="7">80.6222</dst>
      <dst id="2">143526.5867</dst>
      <dst id="6">35.5822</dst>
      <dst id="16">634.0533</dst>
      <dst id="14">57.7600</dst>
      <dst id="20">563.9378</dst>
      <dst id="11">661.6000</dst>
      <dst id="9">314.7111</dst>
      <dst id="17">133683.9822</dst>
      <dst id="21">383.0667</dst>
      <dst id="15">506.2933</dst>
    </src>
    <src id="9">
      <dst id="12">402405.1111</dst>
      <dst id="13">1413.2978</dst>
      <dst id="19">8.7022</dst>
      <dst id="23">16.7822</dst>
      <dst id="8">48.8711</dst>
      <dst id="18">711.8222</dst>
      <dst id="4">12905.3689</dst>
      <dst id="1">595.6000</dst>
      <dst id="5">1391.3511</dst>
      <dst id="3">0.4178</dst>
      <dst id="22">701.8933</dst>
      <dst id="7">211.9467</dst>
      <dst id="2">123157.7067</dst>
      <dst id="6">25.8844</dst>
      <dst id="16">143.0044</dst>
      <dst id="14">4.7911</dst>
      <dst id="20">2771.8933</dst>
      <dst id="11">581.6356</dst>
      <dst id="9">1376.8178</dst>
      <dst id="17">161322.8356</dst>
      <dst id="21">1362.4889</dst>
      <dst id="15">247.8667</dst>
    </src>
    <src id="17">
      <dst id="12">5007.4844</dst>
      <dst id="13">15087.5200</dst>
      <dst id="19">101.0933</dst>
      <dst id="23">7.6089</dst>
      <dst id="8">82765.7067</dst>
      <dst id="18">113.8044</dst>
      <dst id="4">51631.5556</dst>
      <dst id="1">2942.0000</dst>
      <dst id="5">125088.2044</dst>
      <dst id="3">17589.7778</dst>
      <dst id="22">7554.1067</dst>
      <dst id="7">6712.8444</dst>
      <dst id="2">8845.3244</dst>
      <dst id="6">1.7956</dst>
      <dst id="16">833.1911</dst>
      <dst id="14">11813.9644</dst>
      <dst id="20">2761.4044</dst>
      <dst id="11">93447.6800</dst>
      <dst id="9">104467.2978</dst>
      <dst id="17">1084.7467</dst>
      <dst id="21">4131.6533</dst>
      <dst id="15">31.2622</dst>
    </src>
    <src id="21">
      <dst id="12">17508.8800</dst>
      <dst id="13">538.3733</dst>
      <dst id="19">72.9156</dst>
      <dst id="23">7.7867</dst>
      <dst id="8">356.7644</dst>
      <dst id="18">272.3556</dst>
      <dst id="4">20913.2267</dst>
      <dst id="1">486.4444</dst>
      <dst id="5">468.4889</dst>
      <dst id="3">1023.6800</dst>
      <dst id="22">944.6844</dst>
      <dst id="7">4849.2444</dst>
      <dst id="2">8041.8489</dst>
      <dst id="6">73.1111</dst>
      <dst id="16">231.8844</dst>
      <dst id="14">107.2267</dst>
      <dst id="20">41.0933</dst>
      <dst id="11">770.8800</dst>
      <dst id="9">222.6222</dst>
      <dst id="17">2268.8356</dst>
      <dst id="21">894.0178</dst>
      <dst id="15">96.1067</dst>
    </src>
    <src id="15">
      <dst id="12">971.6889</dst>
      <dst id="13">145.3778</dst>
      <dst id="19">0.4622</dst>
      <dst id="8">0.8889</dst>
      <dst id="4">4914.3378</dst>
      <dst id="1">819.7867</dst>
      <dst id="5">4.2400</dst>
      <dst id="3">4.7733</dst>
      <dst id="7">7.5733</dst>
      <dst id="2">384.6933</dst>
      <dst id="11">1460.2756</dst>
      <dst id="9">338.2578</dst>
      <dst id="17">88.1511</dst>
      <dst id="21">74.1244</dst>
    </src>
  </IntraTM>
</TrafficMatrixFile>
