<?xml version="1.0" encoding="UTF-8" standalone="yes"?>
<TrafficMatrixFile xmlns:xsi="http://www.w3.org/2001/XMLSchema-instance" xsi:noNamespaceSchemaLocation="http://totem.run.montefiore.ulg.ac.be/Schema/TrafficMatrix-v1_2.xsd">
  <info>
    <title>Intradomain traffic matrix generated by geant-TM-all.pl</title>
    <date>2005-01-05T18:00:00</date>
    <duration>900</duration>
    <author>Steve Uhlig</author>
    <units>
        <unit type="bandwidth" value="kbps"/>
    </units>
  </info>
  <IntraTM ASID="20965">
    <src id="12">
      <dst id="12">332830.6400</dst>
      <dst id="13">25568.7111</dst>
      <dst id="19">8046.5244</dst>
      <dst id="23">194.7289</dst>
      <dst id="8">6213.2089</dst>
      <dst id="18">833.9289</dst>
      <dst id="4">84157.4933</dst>
      <dst id="1">14444.0356</dst>
      <dst id="5">8026.7378</dst>
      <dst id="3">8094.3200</dst>
      <dst id="22">44489.6444</dst>
      <dst id="7">12902.7111</dst>
      <dst id="2">83945.7244</dst>
      <dst id="6">201.1022</dst>
      <dst id="16">16461.5644</dst>
      <dst id="14">798.9956</dst>
      <dst id="20">5080.8533</dst>
      <dst id="11">2759.3333</dst>
      <dst id="9">9121.3244</dst>
      <dst id="17">125675.3511</dst>
      <dst id="21">13799.6889</dst>
      <dst id="15">2843.7956</dst>
    </src>
    <src id="13">
      <dst id="12">85197.0844</dst>
      <dst id="19">63906.9156</dst>
      <dst id="23">2290.8178</dst>
      <dst id="8">9663.5556</dst>
      <dst id="18">2655.0844</dst>
      <dst id="1">16087.5111</dst>
      <dst id="5">8020.8622</dst>
      <dst id="3">35391.6711</dst>
      <dst id="22">24880.9956</dst>
      <dst id="7">36605.3956</dst>
      <dst id="2">99837.3333</dst>
      <dst id="6">424.7556</dst>
      <dst id="16">12008.5333</dst>
      <dst id="14">5785.9822</dst>
      <dst id="20">17604.5867</dst>
      <dst id="11">16872.0889</dst>
      <dst id="9">23881.8578</dst>
      <dst id="17">241786.3467</dst>
      <dst id="21">24050.4533</dst>
      <dst id="15">9814.9956</dst>
    </src>
    <src id="19">
      <dst id="12">19622.2578</dst>
      <dst id="13">2352.4356</dst>
      <dst id="23">46.0533</dst>
      <dst id="8">32.3022</dst>
      <dst id="18">970.7644</dst>
      <dst id="4">18281.0311</dst>
      <dst id="1">2850.2044</dst>
      <dst id="5">245.8311</dst>
      <dst id="3">96.7111</dst>
      <dst id="22">1998.5956</dst>
      <dst id="7">9059.9378</dst>
      <dst id="2">1705.7156</dst>
      <dst id="6">14460.6489</dst>
      <dst id="16">6278.0356</dst>
      <dst id="14">1.1289</dst>
      <dst id="20">156.5600</dst>
      <dst id="11">629.3867</dst>
      <dst id="9">1119.0578</dst>
      <dst id="17">35716.7022</dst>
      <dst id="21">8965.4489</dst>
      <dst id="15">10.6489</dst>
    </src>
    <src id="23">
      <dst id="12">1477.9467</dst>
      <dst id="13">486.3822</dst>
      <dst id="19">401.7422</dst>
      <dst id="8">66.6667</dst>
      <dst id="18">2133.3333</dst>
      <dst id="4">48.1067</dst>
      <dst id="1">1177.6267</dst>
      <dst id="5">54.4622</dst>
      <dst id="3">985.2000</dst>
      <dst id="22">428.8444</dst>
      <dst id="7">3180.1956</dst>
      <dst id="2">1161.0756</dst>
      <dst id="6">285.7244</dst>
      <dst id="16">556.4356</dst>
      <dst id="14">0.3556</dst>
      <dst id="20">441.6889</dst>
      <dst id="11">425.7778</dst>
      <dst id="9">1709.5644</dst>
      <dst id="17">1355.7067</dst>
      <dst id="21">4639.6000</dst>
      <dst id="15">13.3333</dst>
    </src>
    <src id="8">
      <dst id="12">276709.6978</dst>
      <dst id="13">1193.1644</dst>
      <dst id="19">11.3156</dst>
      <dst id="23">0.8356</dst>
      <dst id="18">48.5333</dst>
      <dst id="4">9751.4756</dst>
      <dst id="1">1081.6444</dst>
      <dst id="5">675.5911</dst>
      <dst id="3">1.1289</dst>
      <dst id="22">1811.1556</dst>
      <dst id="7">45.1822</dst>
      <dst id="2">104411.3333</dst>
      <dst id="6">3.9644</dst>
      <dst id="16">1481.8044</dst>
      <dst id="14">46.5778</dst>
      <dst id="20">1521.0133</dst>
      <dst id="11">4864.6933</dst>
      <dst id="9">682.8889</dst>
      <dst id="17">109930.4444</dst>
      <dst id="21">229.4489</dst>
      <dst id="15">1096.5867</dst>
    </src>
    <src id="18">
      <dst id="12">93747.6000</dst>
      <dst id="13">1830.9956</dst>
      <dst id="19">29.3600</dst>
      <dst id="23">41.7244</dst>
      <dst id="8">46.9333</dst>
      <dst id="4">1284.3289</dst>
      <dst id="1">687.3778</dst>
      <dst id="5">86.7200</dst>
      <dst id="3">194.9867</dst>
      <dst id="22">525.1111</dst>
      <dst id="7">244.4444</dst>
      <dst id="2">26946.1067</dst>
      <dst id="16">129.1022</dst>
      <dst id="14">41.2622</dst>
      <dst id="20">238.2844</dst>
      <dst id="11">234.6756</dst>
      <dst id="9">1679.3689</dst>
      <dst id="17">32722.2667</dst>
      <dst id="21">536.0622</dst>
      <dst id="15">14.3467</dst>
    </src>
    <src id="4">
      <dst id="12">25244.7378</dst>
      <dst id="19">19899.7244</dst>
      <dst id="23">0.4622</dst>
      <dst id="8">1358.3467</dst>
      <dst id="18">845.4756</dst>
      <dst id="4">57.8222</dst>
      <dst id="1">50031.4933</dst>
      <dst id="5">3900.1244</dst>
      <dst id="3">833.8400</dst>
      <dst id="22">8021.3867</dst>
      <dst id="7">141624.2044</dst>
      <dst id="2">82080.6933</dst>
      <dst id="6">67.6533</dst>
      <dst id="16">5527.6356</dst>
      <dst id="14">6388.2044</dst>
      <dst id="20">1534.7289</dst>
      <dst id="11">5106.5067</dst>
      <dst id="9">4321.8578</dst>
      <dst id="17">39387.0222</dst>
      <dst id="21">9699.5200</dst>
      <dst id="15">5599.6800</dst>
    </src>
    <src id="1">
      <dst id="12">18593.9378</dst>
      <dst id="13">5648.9511</dst>
      <dst id="19">519.6800</dst>
      <dst id="23">4564.3733</dst>
      <dst id="8">170160.5511</dst>
      <dst id="18">13817.1467</dst>
      <dst id="4">17881.6889</dst>
      <dst id="1">26953.3600</dst>
      <dst id="5">281696.7556</dst>
      <dst id="3">7038.0178</dst>
      <dst id="22">10344.1422</dst>
      <dst id="7">50236.1600</dst>
      <dst id="2">17999.2889</dst>
      <dst id="6">24371.0489</dst>
      <dst id="16">11951.5467</dst>
      <dst id="14">261.5200</dst>
      <dst id="20">773.2089</dst>
      <dst id="11">1486.1333</dst>
      <dst id="9">380378.0356</dst>
      <dst id="17">11992.9511</dst>
      <dst id="21">28006.1422</dst>
      <dst id="15">2344.8889</dst>
    </src>
    <src id="5">
      <dst id="12">343818.8800</dst>
      <dst id="13">3190.8267</dst>
      <dst id="19">3235.5289</dst>
      <dst id="23">4.3111</dst>
      <dst id="8">1863.3689</dst>
      <dst id="18">427.5378</dst>
      <dst id="4">7385.5556</dst>
      <dst id="1">2745.7867</dst>
      <dst id="3">416.1867</dst>
      <dst id="22">6223.4133</dst>
      <dst id="7">638.5156</dst>
      <dst id="2">122827.2089</dst>
      <dst id="6">2.0356</dst>
      <dst id="16">2086.4800</dst>
      <dst id="14">67.9822</dst>
      <dst id="20">4539.4044</dst>
      <dst id="11">3991.1111</dst>
      <dst id="9">1724.5244</dst>
      <dst id="17">107903.6178</dst>
      <dst id="21">632.3022</dst>
      <dst id="15">3924.9867</dst>
    </src>
    <src id="3">
      <dst id="12">15615.3067</dst>
      <dst id="13">7958.2311</dst>
      <dst id="19">2051.2178</dst>
      <dst id="23">10592.1956</dst>
      <dst id="8">531.7956</dst>
      <dst id="18">127372.3200</dst>
      <dst id="4">36597.0222</dst>
      <dst id="1">23868.6489</dst>
      <dst id="5">426.2667</dst>
      <dst id="3">15341.0311</dst>
      <dst id="22">3225.1467</dst>
      <dst id="7">10515.9022</dst>
      <dst id="2">9695.6444</dst>
      <dst id="6">51.0844</dst>
      <dst id="16">2758.2844</dst>
      <dst id="14">57874.5778</dst>
      <dst id="20">10364.7644</dst>
      <dst id="11">351193.2089</dst>
      <dst id="9">717.1556</dst>
      <dst id="17">22774.7556</dst>
      <dst id="21">17332.9333</dst>
      <dst id="15">154.5600</dst>
    </src>
    <src id="10">
      <dst id="12">23265.7511</dst>
      <dst id="19">14445.1911</dst>
      <dst id="8">2605.9644</dst>
      <dst id="18">2296.0978</dst>
      <dst id="1">10095.0667</dst>
      <dst id="5">1022.9067</dst>
      <dst id="3">16185.4578</dst>
      <dst id="22">9380.5511</dst>
      <dst id="7">73128.4800</dst>
      <dst id="2">34030.5956</dst>
      <dst id="6">57.5822</dst>
      <dst id="16">6039.1111</dst>
      <dst id="14">4140.2311</dst>
      <dst id="20">2586.0089</dst>
      <dst id="11">6105.5644</dst>
      <dst id="9">2275.0311</dst>
      <dst id="17">31186.6756</dst>
      <dst id="21">17644.2133</dst>
      <dst id="15">2470.7644</dst>
    </src>
    <src id="22">
      <dst id="12">44674.6044</dst>
      <dst id="13">4235.2711</dst>
      <dst id="19">648.6400</dst>
      <dst id="23">790.8800</dst>
      <dst id="8">2870.7378</dst>
      <dst id="18">259.1022</dst>
      <dst id="4">19103.5911</dst>
      <dst id="1">1359.3511</dst>
      <dst id="5">2900.6489</dst>
      <dst id="3">2141.3333</dst>
      <dst id="7">5888.9422</dst>
      <dst id="2">14214.6933</dst>
      <dst id="6">188.6667</dst>
      <dst id="14">49.5822</dst>
      <dst id="11">3290.6756</dst>
      <dst id="9">2033.0844</dst>
      <dst id="17">12222.0444</dst>
      <dst id="21">1008.8533</dst>
    </src>
    <src id="7">
      <dst id="12">5056.8711</dst>
      <dst id="13">1019.3867</dst>
      <dst id="19">3170.3111</dst>
      <dst id="23">123.2889</dst>
      <dst id="8">150.4978</dst>
      <dst id="18">935.8489</dst>
      <dst id="4">101093.8044</dst>
      <dst id="1">46046.6133</dst>
      <dst id="5">1556.0089</dst>
      <dst id="3">11240.3022</dst>
      <dst id="22">5120.0800</dst>
      <dst id="7">584.3556</dst>
      <dst id="2">7887.0044</dst>
      <dst id="6">135.7511</dst>
      <dst id="16">1319.9022</dst>
      <dst id="14">331.7867</dst>
      <dst id="20">2800.7378</dst>
      <dst id="11">1412.1600</dst>
      <dst id="9">4921.3956</dst>
      <dst id="17">16263.5022</dst>
      <dst id="21">8396.8978</dst>
      <dst id="15">357.8400</dst>
    </src>
    <src id="2">
      <dst id="12">157786.3644</dst>
      <dst id="13">518073.6000</dst>
      <dst id="19">2513.1822</dst>
      <dst id="23">11.1733</dst>
      <dst id="8">694.1600</dst>
      <dst id="18">111889.0311</dst>
      <dst id="4">74890.6311</dst>
      <dst id="1">16364.1422</dst>
      <dst id="5">7185.3689</dst>
      <dst id="3">561.7956</dst>
      <dst id="22">6122.3200</dst>
      <dst id="7">17481.3422</dst>
      <dst id="2">1502.1067</dst>
      <dst id="6">13719.1644</dst>
      <dst id="16">5077.9200</dst>
      <dst id="14">6915.9022</dst>
      <dst id="20">539.9911</dst>
      <dst id="11">4633.2711</dst>
      <dst id="9">1867.1111</dst>
      <dst id="17">55294.3556</dst>
      <dst id="21">6375.6978</dst>
      <dst id="15">756.4711</dst>
    </src>
    <src id="6">
      <dst id="12">11294.9511</dst>
      <dst id="13">76.6756</dst>
      <dst id="19">364.9867</dst>
      <dst id="23">18.0622</dst>
      <dst id="8">31.0400</dst>
      <dst id="18">0.3378</dst>
      <dst id="4">1167.3422</dst>
      <dst id="1">56.6667</dst>
      <dst id="5">41.8844</dst>
      <dst id="3">34.7556</dst>
      <dst id="22">20.9867</dst>
      <dst id="7">228.6756</dst>
      <dst id="2">2526.6578</dst>
      <dst id="16">134.9067</dst>
      <dst id="14">34.4000</dst>
      <dst id="20">33.8933</dst>
      <dst id="11">66.4000</dst>
      <dst id="9">25.2622</dst>
      <dst id="17">2591.1467</dst>
      <dst id="21">115.4578</dst>
      <dst id="15">59.0311</dst>
    </src>
    <src id="16">
      <dst id="12">4012.5956</dst>
      <dst id="13">2080.3022</dst>
      <dst id="19">2895.4844</dst>
      <dst id="23">48.6933</dst>
      <dst id="8">7124.4444</dst>
      <dst id="18">11.0400</dst>
      <dst id="4">7515.7689</dst>
      <dst id="1">26344.1511</dst>
      <dst id="5">7306.1511</dst>
      <dst id="3">982.6044</dst>
      <dst id="7">5773.4933</dst>
      <dst id="2">2006.1778</dst>
      <dst id="6">59.7422</dst>
      <dst id="16">52.4711</dst>
      <dst id="14">374.7556</dst>
      <dst id="11">747.5467</dst>
      <dst id="9">11808.0800</dst>
      <dst id="17">5629.9556</dst>
      <dst id="21">3199.0667</dst>
    </src>
    <src id="14">
      <dst id="12">20977.2889</dst>
      <dst id="13">51.9111</dst>
      <dst id="19">6.1511</dst>
      <dst id="23">0.7378</dst>
      <dst id="8">4.2222</dst>
      <dst id="18">2.5244</dst>
      <dst id="4">2887.5200</dst>
      <dst id="1">2316.5867</dst>
      <dst id="5">17.0311</dst>
      <dst id="3">181.2267</dst>
      <dst id="22">39.2089</dst>
      <dst id="7">97.4489</dst>
      <dst id="2">8210.0178</dst>
      <dst id="16">17.9911</dst>
      <dst id="20">5.8933</dst>
      <dst id="11">39.6356</dst>
      <dst id="9">48.7911</dst>
      <dst id="17">9228.8622</dst>
      <dst id="21">148.9778</dst>
      <dst id="15">0.2667</dst>
    </src>
    <src id="20">
      <dst id="12">13016.0533</dst>
      <dst id="13">10143.0489</dst>
      <dst id="19">1906.7200</dst>
      <dst id="23">22.2578</dst>
      <dst id="8">817.8489</dst>
      <dst id="18">42.5422</dst>
      <dst id="4">9383.5733</dst>
      <dst id="1">298.7289</dst>
      <dst id="5">500.3022</dst>
      <dst id="3">3408.8800</dst>
      <dst id="7">1308.9867</dst>
      <dst id="2">2183.6444</dst>
      <dst id="6">5.9467</dst>
      <dst id="16">1.2800</dst>
      <dst id="14">51.8844</dst>
      <dst id="11">5979.7333</dst>
      <dst id="9">9584.3467</dst>
      <dst id="17">17583.1822</dst>
      <dst id="21">276.4889</dst>
    </src>
    <src id="11">
      <dst id="12">414214.7467</dst>
      <dst id="13">4374.6222</dst>
      <dst id="19">44.3822</dst>
      <dst id="23">34.4800</dst>
      <dst id="8">2096.4533</dst>
      <dst id="18">2052.9511</dst>
      <dst id="4">14000.8711</dst>
      <dst id="1">697.8222</dst>
      <dst id="5">3264.4533</dst>
      <dst id="3">1490.1511</dst>
      <dst id="22">5383.8133</dst>
      <dst id="7">1652.0356</dst>
      <dst id="2">176384.2844</dst>
      <dst id="6">384.4000</dst>
      <dst id="16">833.4489</dst>
      <dst id="14">333.3867</dst>
      <dst id="20">1580.1244</dst>
      <dst id="11">3019.5733</dst>
      <dst id="9">3752.9600</dst>
      <dst id="17">166126.3644</dst>
      <dst id="21">709.8133</dst>
      <dst id="15">263.9022</dst>
    </src>
    <src id="9">
      <dst id="12">459105.0133</dst>
      <dst id="13">12678.1067</dst>
      <dst id="19">1667.9378</dst>
      <dst id="23">69.8311</dst>
      <dst id="8">3318.5156</dst>
      <dst id="18">97.9467</dst>
      <dst id="4">14401.6711</dst>
      <dst id="1">7453.9556</dst>
      <dst id="5">3675.1200</dst>
      <dst id="3">33.4133</dst>
      <dst id="22">5438.8711</dst>
      <dst id="7">5161.0133</dst>
      <dst id="2">156477.3333</dst>
      <dst id="6">7.7511</dst>
      <dst id="16">1947.5022</dst>
      <dst id="14">14.4178</dst>
      <dst id="20">4677.3600</dst>
      <dst id="11">753.7511</dst>
      <dst id="9">626.8533</dst>
      <dst id="17">242945.4578</dst>
      <dst id="21">364.6756</dst>
      <dst id="15">3728.5778</dst>
    </src>
    <src id="17">
      <dst id="12">16357.5644</dst>
      <dst id="13">14179.9111</dst>
      <dst id="19">2382.0444</dst>
      <dst id="23">1678.2844</dst>
      <dst id="8">168317.2178</dst>
      <dst id="18">359.2356</dst>
      <dst id="4">73051.7333</dst>
      <dst id="1">10011.8844</dst>
      <dst id="5">246600.3289</dst>
      <dst id="3">29202.3200</dst>
      <dst id="22">11100.1778</dst>
      <dst id="7">9405.3956</dst>
      <dst id="2">11681.4667</dst>
      <dst id="6">1155.2267</dst>
      <dst id="16">13523.7244</dst>
      <dst id="14">39696.6489</dst>
      <dst id="20">2321.4133</dst>
      <dst id="11">233488.1244</dst>
      <dst id="9">309641.1289</dst>
      <dst id="17">4013.2622</dst>
      <dst id="21">22106.1867</dst>
      <dst id="15">1885.8667</dst>
    </src>
    <src id="21">
      <dst id="12">22202.0978</dst>
      <dst id="13">5656.9867</dst>
      <dst id="19">750.0800</dst>
      <dst id="23">149.3333</dst>
      <dst id="8">367.2711</dst>
      <dst id="18">4703.4489</dst>
      <dst id="4">21693.0756</dst>
      <dst id="1">17599.6267</dst>
      <dst id="5">563.3867</dst>
      <dst id="3">8773.2978</dst>
      <dst id="22">4421.7244</dst>
      <dst id="7">5752.3022</dst>
      <dst id="2">10339.9200</dst>
      <dst id="6">22.5244</dst>
      <dst id="16">472.3378</dst>
      <dst id="14">111.0667</dst>
      <dst id="20">3460.6400</dst>
      <dst id="11">901.7244</dst>
      <dst id="9">1130.7644</dst>
      <dst id="17">5984.5778</dst>
      <dst id="21">3191.9289</dst>
      <dst id="15">2613.7600</dst>
    </src>
    <src id="15">
      <dst id="12">4057.8222</dst>
      <dst id="13">426.2844</dst>
      <dst id="19">99.6267</dst>
      <dst id="23">2.9156</dst>
      <dst id="8">201.1289</dst>
      <dst id="18">43.0400</dst>
      <dst id="4">2896.0800</dst>
      <dst id="1">1813.4756</dst>
      <dst id="5">344.1956</dst>
      <dst id="3">70.0267</dst>
      <dst id="7">529.3244</dst>
      <dst id="2">136.1422</dst>
      <dst id="6">2.7022</dst>
      <dst id="14">0.8533</dst>
      <dst id="11">216.9956</dst>
      <dst id="9">2729.7156</dst>
      <dst id="17">1140.7911</dst>
      <dst id="21">5156.7911</dst>
    </src>
  </IntraTM>
</TrafficMatrixFile>
