<?xml version="1.0" encoding="UTF-8" standalone="yes"?>
<TrafficMatrixFile xmlns:xsi="http://www.w3.org/2001/XMLSchema-instance" xsi:noNamespaceSchemaLocation="http://totem.run.montefiore.ulg.ac.be/Schema/TrafficMatrix-v1_2.xsd">
  <info>
    <title>Intradomain traffic matrix generated by geant-TM-all.pl</title>
    <date>2005-01-01T10:15:00</date>
    <duration>900</duration>
    <author>Steve Uhlig</author>
    <units>
        <unit type="bandwidth" value="kbps"/>
    </units>
  </info>
  <IntraTM ASID="20965">
    <src id="12">
      <dst id="12">228040.4356</dst>
      <dst id="13">19889.1733</dst>
      <dst id="19">3948.1067</dst>
      <dst id="23">149.1911</dst>
      <dst id="8">1985.8222</dst>
      <dst id="18">218.7200</dst>
      <dst id="4">92515.3156</dst>
      <dst id="1">8298.4978</dst>
      <dst id="5">2938.5156</dst>
      <dst id="3">3213.1556</dst>
      <dst id="22">27185.2178</dst>
      <dst id="7">8270.5867</dst>
      <dst id="2">70555.2800</dst>
      <dst id="6">13.3333</dst>
      <dst id="16">6697.4756</dst>
      <dst id="14">1231.6000</dst>
      <dst id="20">12429.1556</dst>
      <dst id="11">2032.7022</dst>
      <dst id="9">6976.7733</dst>
      <dst id="17">67594.4356</dst>
      <dst id="21">8605.9733</dst>
      <dst id="15">1058.0444</dst>
    </src>
    <src id="13">
      <dst id="12">46202.6311</dst>
      <dst id="19">5527.5733</dst>
      <dst id="23">74.6844</dst>
      <dst id="8">2102.3822</dst>
      <dst id="18">4524.6133</dst>
      <dst id="4">0.7111</dst>
      <dst id="1">3631.7778</dst>
      <dst id="5">6881.7689</dst>
      <dst id="3">8449.9022</dst>
      <dst id="22">20451.6622</dst>
      <dst id="7">6937.4400</dst>
      <dst id="2">94173.9200</dst>
      <dst id="6">9.5467</dst>
      <dst id="16">9635.6800</dst>
      <dst id="14">2127.6622</dst>
      <dst id="20">5760.6044</dst>
      <dst id="11">14590.9956</dst>
      <dst id="9">7590.2400</dst>
      <dst id="17">73601.9111</dst>
      <dst id="21">20678.6756</dst>
      <dst id="15">2914.1511</dst>
    </src>
    <src id="19">
      <dst id="12">10795.9378</dst>
      <dst id="13">2128.5867</dst>
      <dst id="23">793.0844</dst>
      <dst id="18">2.1244</dst>
      <dst id="4">20333.7422</dst>
      <dst id="1">401.4400</dst>
      <dst id="5">14.5422</dst>
      <dst id="3">326.0711</dst>
      <dst id="22">47.0133</dst>
      <dst id="7">3020.8978</dst>
      <dst id="2">750.1333</dst>
      <dst id="6">48.6133</dst>
      <dst id="16">12057.2089</dst>
      <dst id="14">0.7111</dst>
      <dst id="20">2.4889</dst>
      <dst id="11">769.9822</dst>
      <dst id="9">0.8533</dst>
      <dst id="17">591.2711</dst>
      <dst id="21">169.6978</dst>
      <dst id="15">55.3422</dst>
    </src>
    <src id="23">
      <dst id="12">146.4711</dst>
      <dst id="13">62.7556</dst>
      <dst id="19">16.4089</dst>
      <dst id="8">26.6667</dst>
      <dst id="18">0.6933</dst>
      <dst id="4">36.1333</dst>
      <dst id="1">71.3689</dst>
      <dst id="5">34.6133</dst>
      <dst id="3">68.0622</dst>
      <dst id="22">14.1511</dst>
      <dst id="7">11449.6711</dst>
      <dst id="2">106.8978</dst>
      <dst id="16">2.0000</dst>
      <dst id="14">9.7156</dst>
      <dst id="20">1.3689</dst>
      <dst id="11">35.2533</dst>
      <dst id="9">244.7644</dst>
      <dst id="17">16.1156</dst>
      <dst id="21">1375.9022</dst>
      <dst id="15">80.3378</dst>
    </src>
    <src id="8">
      <dst id="12">304729.7422</dst>
      <dst id="13">929.5556</dst>
      <dst id="23">27.7333</dst>
      <dst id="18">40.3200</dst>
      <dst id="4">5339.8933</dst>
      <dst id="1">78.9956</dst>
      <dst id="5">12278.3111</dst>
      <dst id="3">34.6489</dst>
      <dst id="22">799.6711</dst>
      <dst id="7">10.7289</dst>
      <dst id="2">97164.5156</dst>
      <dst id="16">437.0933</dst>
      <dst id="14">2.4622</dst>
      <dst id="20">479.8667</dst>
      <dst id="11">256.9244</dst>
      <dst id="9">300.7200</dst>
      <dst id="17">58725.6622</dst>
      <dst id="21">203.9289</dst>
      <dst id="15">2520.4978</dst>
    </src>
    <src id="18">
      <dst id="12">120288.6756</dst>
      <dst id="13">780.3111</dst>
      <dst id="19">26.1956</dst>
      <dst id="8">2.4889</dst>
      <dst id="4">4232.8800</dst>
      <dst id="1">752.9156</dst>
      <dst id="5">229.6267</dst>
      <dst id="3">144.5511</dst>
      <dst id="22">372.0978</dst>
      <dst id="7">15.6978</dst>
      <dst id="2">32767.4222</dst>
      <dst id="16">7.6978</dst>
      <dst id="14">5.4222</dst>
      <dst id="20">27.7067</dst>
      <dst id="11">102.0178</dst>
      <dst id="9">135.3067</dst>
      <dst id="17">28757.9644</dst>
      <dst id="21">232.3911</dst>
      <dst id="15">1.0222</dst>
    </src>
    <src id="4">
      <dst id="12">60329.8400</dst>
      <dst id="19">8681.6000</dst>
      <dst id="8">800.2667</dst>
      <dst id="18">1151.3956</dst>
      <dst id="4">0.7733</dst>
      <dst id="1">1462.8089</dst>
      <dst id="5">725.8756</dst>
      <dst id="3">6902.2756</dst>
      <dst id="22">4130.0444</dst>
      <dst id="7">21604.0000</dst>
      <dst id="2">38046.8444</dst>
      <dst id="6">0.5333</dst>
      <dst id="16">1564.9244</dst>
      <dst id="14">876.2489</dst>
      <dst id="20">315.3600</dst>
      <dst id="11">4923.0222</dst>
      <dst id="9">1998.7022</dst>
      <dst id="17">31876.9689</dst>
      <dst id="21">4076.1867</dst>
      <dst id="15">3522.4978</dst>
    </src>
    <src id="1">
      <dst id="12">16638.0444</dst>
      <dst id="13">522.6311</dst>
      <dst id="19">3465.2889</dst>
      <dst id="23">25.5022</dst>
      <dst id="8">69667.3778</dst>
      <dst id="18">11090.7822</dst>
      <dst id="4">5647.6089</dst>
      <dst id="1">57.4222</dst>
      <dst id="5">151529.6444</dst>
      <dst id="3">37110.6756</dst>
      <dst id="22">1234.9689</dst>
      <dst id="7">13133.3956</dst>
      <dst id="2">3631.4222</dst>
      <dst id="6">7862.2489</dst>
      <dst id="16">19485.5467</dst>
      <dst id="14">78.3467</dst>
      <dst id="20">76.3111</dst>
      <dst id="11">197.0044</dst>
      <dst id="9">149927.8933</dst>
      <dst id="17">2533.6800</dst>
      <dst id="21">7480.4089</dst>
      <dst id="15">115.8044</dst>
    </src>
    <src id="5">
      <dst id="12">294434.7022</dst>
      <dst id="13">671.9644</dst>
      <dst id="19">15.1644</dst>
      <dst id="23">54.6578</dst>
      <dst id="8">678.7644</dst>
      <dst id="18">120.4889</dst>
      <dst id="4">4423.5911</dst>
      <dst id="1">632.5422</dst>
      <dst id="3">329.8933</dst>
      <dst id="22">3203.8756</dst>
      <dst id="7">157.9200</dst>
      <dst id="2">115931.4133</dst>
      <dst id="16">837.6267</dst>
      <dst id="14">81.9733</dst>
      <dst id="20">77.1200</dst>
      <dst id="11">1211.4667</dst>
      <dst id="9">434.6044</dst>
      <dst id="17">59892.6933</dst>
      <dst id="21">173.7511</dst>
      <dst id="15">251.7156</dst>
    </src>
    <src id="3">
      <dst id="12">12236.7733</dst>
      <dst id="13">1059.6711</dst>
      <dst id="19">4275.8667</dst>
      <dst id="23">1.5644</dst>
      <dst id="8">169.3422</dst>
      <dst id="18">81894.8178</dst>
      <dst id="4">41701.1022</dst>
      <dst id="1">11381.6089</dst>
      <dst id="5">212.0089</dst>
      <dst id="3">12063.6978</dst>
      <dst id="22">163.5644</dst>
      <dst id="7">2261.9556</dst>
      <dst id="2">4132.5067</dst>
      <dst id="6">3.9022</dst>
      <dst id="16">827.6711</dst>
      <dst id="14">29618.6578</dst>
      <dst id="20">1926.0178</dst>
      <dst id="11">107724.9333</dst>
      <dst id="9">119.3067</dst>
      <dst id="17">12818.3200</dst>
      <dst id="21">7450.1867</dst>
      <dst id="15">63.4400</dst>
    </src>
    <src id="10">
      <dst id="12">9201.7689</dst>
      <dst id="19">2312.4444</dst>
      <dst id="8">1296.9067</dst>
      <dst id="18">718.3200</dst>
      <dst id="1">726.1511</dst>
      <dst id="5">895.5378</dst>
      <dst id="3">6735.9822</dst>
      <dst id="22">5388.4444</dst>
      <dst id="7">4068.8267</dst>
      <dst id="2">31987.7422</dst>
      <dst id="6">15.9911</dst>
      <dst id="16">5439.4667</dst>
      <dst id="14">4093.7511</dst>
      <dst id="20">2567.7333</dst>
      <dst id="11">3949.8578</dst>
      <dst id="9">3688.0356</dst>
      <dst id="17">22748.4089</dst>
      <dst id="21">12435.1378</dst>
      <dst id="15">672.7200</dst>
    </src>
    <src id="22">
      <dst id="12">4540.3911</dst>
      <dst id="13">2326.5689</dst>
      <dst id="19">227.0222</dst>
      <dst id="8">2138.4444</dst>
      <dst id="18">953.0311</dst>
      <dst id="4">25486.3022</dst>
      <dst id="1">540.3556</dst>
      <dst id="5">1736.4978</dst>
      <dst id="3">150.3911</dst>
      <dst id="7">1312.7022</dst>
      <dst id="2">1157.4844</dst>
      <dst id="6">0.5689</dst>
      <dst id="16">2.3822</dst>
      <dst id="14">158.7644</dst>
      <dst id="11">4382.3467</dst>
      <dst id="9">1836.3022</dst>
      <dst id="17">4821.6089</dst>
      <dst id="21">676.0533</dst>
    </src>
    <src id="7">
      <dst id="12">2859.6356</dst>
      <dst id="13">2764.4000</dst>
      <dst id="19">120.0711</dst>
      <dst id="23">320.6400</dst>
      <dst id="8">505.4133</dst>
      <dst id="18">1341.3511</dst>
      <dst id="4">55490.7822</dst>
      <dst id="1">761.3067</dst>
      <dst id="5">1656.6311</dst>
      <dst id="3">3096.1689</dst>
      <dst id="22">6217.8400</dst>
      <dst id="7">596.6933</dst>
      <dst id="2">5560.8178</dst>
      <dst id="6">2.3822</dst>
      <dst id="16">255.8844</dst>
      <dst id="14">81.6711</dst>
      <dst id="20">501.5911</dst>
      <dst id="11">539.5556</dst>
      <dst id="9">614.7200</dst>
      <dst id="17">10991.8044</dst>
      <dst id="21">3978.2044</dst>
      <dst id="15">9000.9956</dst>
    </src>
    <src id="2">
      <dst id="12">66055.1733</dst>
      <dst id="13">4562.2578</dst>
      <dst id="19">197.4400</dst>
      <dst id="23">12.6222</dst>
      <dst id="8">375.5289</dst>
      <dst id="18">68059.8222</dst>
      <dst id="4">120701.1556</dst>
      <dst id="1">3225.1289</dst>
      <dst id="5">6563.3511</dst>
      <dst id="3">2271.3689</dst>
      <dst id="22">3855.2711</dst>
      <dst id="7">13422.4444</dst>
      <dst id="2">400.1689</dst>
      <dst id="6">5175.5111</dst>
      <dst id="16">3631.5022</dst>
      <dst id="14">186.7200</dst>
      <dst id="20">1773.7156</dst>
      <dst id="11">3297.9200</dst>
      <dst id="9">375.1467</dst>
      <dst id="17">24085.4844</dst>
      <dst id="21">2877.2089</dst>
      <dst id="15">38.1600</dst>
    </src>
    <src id="6">
      <dst id="12">8134.1689</dst>
      <dst id="19">0.7111</dst>
      <dst id="8">13.6178</dst>
      <dst id="4">93.0844</dst>
      <dst id="3">10.8267</dst>
      <dst id="22">53.4311</dst>
      <dst id="7">0.3378</dst>
      <dst id="2">2002.6311</dst>
      <dst id="16">12.6222</dst>
      <dst id="17">1665.4756</dst>
      <dst id="21">1.2622</dst>
    </src>
    <src id="16">
      <dst id="12">2822.8444</dst>
      <dst id="13">759.2356</dst>
      <dst id="19">4232.3911</dst>
      <dst id="23">2.7733</dst>
      <dst id="8">1613.8133</dst>
      <dst id="18">2.6933</dst>
      <dst id="4">7191.8933</dst>
      <dst id="1">23485.7778</dst>
      <dst id="5">502.4622</dst>
      <dst id="3">1563.7333</dst>
      <dst id="22">26.6667</dst>
      <dst id="7">3345.3067</dst>
      <dst id="2">1015.6800</dst>
      <dst id="6">2.6578</dst>
      <dst id="16">115.0578</dst>
      <dst id="14">13.7600</dst>
      <dst id="11">413.8667</dst>
      <dst id="9">3385.5556</dst>
      <dst id="17">2214.9867</dst>
      <dst id="21">147.4578</dst>
    </src>
    <src id="14">
      <dst id="12">16992.2222</dst>
      <dst id="13">28.4978</dst>
      <dst id="19">24.0267</dst>
      <dst id="23">0.4622</dst>
      <dst id="4">2099.3067</dst>
      <dst id="1">25.6267</dst>
      <dst id="5">14.9067</dst>
      <dst id="3">83.8578</dst>
      <dst id="22">37.7511</dst>
      <dst id="7">68.0356</dst>
      <dst id="2">6705.0222</dst>
      <dst id="16">2.1778</dst>
      <dst id="20">3.3867</dst>
      <dst id="11">67.4756</dst>
      <dst id="9">2.7200</dst>
      <dst id="17">5843.5911</dst>
      <dst id="21">197.9733</dst>
      <dst id="15">0.9956</dst>
    </src>
    <src id="20">
      <dst id="12">5104.6578</dst>
      <dst id="13">3987.3156</dst>
      <dst id="19">99.3333</dst>
      <dst id="8">308.2844</dst>
      <dst id="18">661.5467</dst>
      <dst id="4">14915.1200</dst>
      <dst id="1">49.9022</dst>
      <dst id="5">267.0756</dst>
      <dst id="3">63.8489</dst>
      <dst id="22">0.8444</dst>
      <dst id="7">487.9378</dst>
      <dst id="2">6431.7689</dst>
      <dst id="6">0.4267</dst>
      <dst id="14">13.3333</dst>
      <dst id="11">1605.3778</dst>
      <dst id="9">3880.2311</dst>
      <dst id="17">2310.2844</dst>
      <dst id="21">481.7867</dst>
    </src>
    <src id="11">
      <dst id="12">416023.4933</dst>
      <dst id="13">1082.2844</dst>
      <dst id="19">257.9200</dst>
      <dst id="23">9.9111</dst>
      <dst id="8">2187.8222</dst>
      <dst id="18">197.8667</dst>
      <dst id="4">12610.7733</dst>
      <dst id="1">460.3556</dst>
      <dst id="5">583.3511</dst>
      <dst id="3">2074.6489</dst>
      <dst id="22">5243.9822</dst>
      <dst id="7">258.3022</dst>
      <dst id="2">153665.6356</dst>
      <dst id="16">468.4000</dst>
      <dst id="14">33.3067</dst>
      <dst id="20">4359.7778</dst>
      <dst id="11">939.4578</dst>
      <dst id="9">316.4000</dst>
      <dst id="17">83829.1111</dst>
      <dst id="21">1903.8044</dst>
      <dst id="15">144.7644</dst>
    </src>
    <src id="9">
      <dst id="12">511809.6089</dst>
      <dst id="13">1736.7378</dst>
      <dst id="19">0.7111</dst>
      <dst id="23">15.0578</dst>
      <dst id="8">74.9422</dst>
      <dst id="18">3803.7422</dst>
      <dst id="4">13262.0356</dst>
      <dst id="1">3115.7956</dst>
      <dst id="5">1291.1733</dst>
      <dst id="3">119.5200</dst>
      <dst id="22">7472.5778</dst>
      <dst id="7">400.3378</dst>
      <dst id="2">143566.5156</dst>
      <dst id="6">1.1378</dst>
      <dst id="16">185.2267</dst>
      <dst id="14">16.0800</dst>
      <dst id="20">995.8311</dst>
      <dst id="11">236.9333</dst>
      <dst id="9">316.4978</dst>
      <dst id="17">118568.7289</dst>
      <dst id="21">534.3378</dst>
      <dst id="15">153.3956</dst>
    </src>
    <src id="17">
      <dst id="12">9759.7067</dst>
      <dst id="13">14858.0978</dst>
      <dst id="19">16553.6978</dst>
      <dst id="23">92.3022</dst>
      <dst id="8">96320.7022</dst>
      <dst id="18">1159.6978</dst>
      <dst id="4">153319.4578</dst>
      <dst id="1">727.1111</dst>
      <dst id="5">158984.2933</dst>
      <dst id="3">12580.2311</dst>
      <dst id="22">3370.4800</dst>
      <dst id="7">11087.1111</dst>
      <dst id="2">8391.0489</dst>
      <dst id="6">24.0978</dst>
      <dst id="16">10891.9733</dst>
      <dst id="14">13617.8311</dst>
      <dst id="20">441.5378</dst>
      <dst id="11">82628.7733</dst>
      <dst id="9">164520.2489</dst>
      <dst id="17">1686.2489</dst>
      <dst id="21">10013.9111</dst>
      <dst id="15">103.2711</dst>
    </src>
    <src id="21">
      <dst id="12">22375.2089</dst>
      <dst id="13">2323.3422</dst>
      <dst id="19">633.1378</dst>
      <dst id="23">75.8489</dst>
      <dst id="8">399.0667</dst>
      <dst id="18">1257.6978</dst>
      <dst id="4">31931.5556</dst>
      <dst id="1">1519.7156</dst>
      <dst id="5">573.9911</dst>
      <dst id="3">1378.5422</dst>
      <dst id="22">1066.5511</dst>
      <dst id="7">874.0089</dst>
      <dst id="2">10155.0044</dst>
      <dst id="16">162.3200</dst>
      <dst id="14">101.3422</dst>
      <dst id="20">310.8267</dst>
      <dst id="11">9222.8533</dst>
      <dst id="9">581.0222</dst>
      <dst id="17">3958.4533</dst>
      <dst id="21">1498.7378</dst>
      <dst id="15">45.6444</dst>
    </src>
    <src id="15">
      <dst id="12">472.5156</dst>
      <dst id="13">213.4489</dst>
      <dst id="19">1.0667</dst>
      <dst id="23">0.4622</dst>
      <dst id="8">528.8978</dst>
      <dst id="18">5.9467</dst>
      <dst id="4">10944.2311</dst>
      <dst id="1">61.1644</dst>
      <dst id="5">5624.7022</dst>
      <dst id="3">761.4311</dst>
      <dst id="7">247.2356</dst>
      <dst id="2">78.8267</dst>
      <dst id="11">19.1200</dst>
      <dst id="9">548.5956</dst>
      <dst id="17">210.8178</dst>
      <dst id="21">89.9378</dst>
    </src>
  </IntraTM>
</TrafficMatrixFile>
