<?xml version="1.0" encoding="UTF-8" standalone="yes"?>
<TrafficMatrixFile xmlns:xsi="http://www.w3.org/2001/XMLSchema-instance" xsi:noNamespaceSchemaLocation="http://totem.run.montefiore.ulg.ac.be/Schema/TrafficMatrix-v1_2.xsd">
  <info>
    <title>Intradomain traffic matrix generated by geant-TM-all.pl</title>
    <date>2005-01-05T22:30:00</date>
    <duration>900</duration>
    <author>Steve Uhlig</author>
    <units>
        <unit type="bandwidth" value="kbps"/>
    </units>
  </info>
  <IntraTM ASID="20965">
    <src id="12">
      <dst id="12">358601.9289</dst>
      <dst id="13">37923.4400</dst>
      <dst id="19">7744.4711</dst>
      <dst id="23">13483.5644</dst>
      <dst id="8">6665.2533</dst>
      <dst id="18">11834.9956</dst>
      <dst id="4">83291.8400</dst>
      <dst id="1">11099.0400</dst>
      <dst id="5">5753.2889</dst>
      <dst id="3">9613.6356</dst>
      <dst id="22">55103.6800</dst>
      <dst id="7">16322.4267</dst>
      <dst id="2">135654.5689</dst>
      <dst id="6">423.5022</dst>
      <dst id="16">15696.2400</dst>
      <dst id="14">2057.5467</dst>
      <dst id="20">32302.2756</dst>
      <dst id="11">13742.7200</dst>
      <dst id="9">11573.1822</dst>
      <dst id="17">128077.5911</dst>
      <dst id="21">8325.7689</dst>
      <dst id="15">1520.4267</dst>
    </src>
    <src id="13">
      <dst id="12">86157.0933</dst>
      <dst id="19">37626.3644</dst>
      <dst id="23">306.5778</dst>
      <dst id="8">14535.7333</dst>
      <dst id="18">8025.5200</dst>
      <dst id="1">12270.1600</dst>
      <dst id="5">16797.6978</dst>
      <dst id="3">33750.2400</dst>
      <dst id="22">29574.9511</dst>
      <dst id="7">42410.9067</dst>
      <dst id="2">150304.2222</dst>
      <dst id="6">532.0889</dst>
      <dst id="16">15260.6933</dst>
      <dst id="14">6833.3600</dst>
      <dst id="20">26535.5556</dst>
      <dst id="11">26156.6400</dst>
      <dst id="9">61639.5022</dst>
      <dst id="17">119428.1600</dst>
      <dst id="21">38138.3911</dst>
      <dst id="15">22254.2044</dst>
    </src>
    <src id="19">
      <dst id="12">18058.9689</dst>
      <dst id="13">2105.6622</dst>
      <dst id="23">2296.2133</dst>
      <dst id="8">36.0533</dst>
      <dst id="18">392.9600</dst>
      <dst id="4">17864.6756</dst>
      <dst id="1">3754.5867</dst>
      <dst id="5">270.3644</dst>
      <dst id="3">698.0711</dst>
      <dst id="22">1049.8844</dst>
      <dst id="7">8426.2844</dst>
      <dst id="2">5099.3689</dst>
      <dst id="6">206.4444</dst>
      <dst id="16">14600.2044</dst>
      <dst id="14">3.5378</dst>
      <dst id="20">304.6400</dst>
      <dst id="11">749.0756</dst>
      <dst id="9">29269.6000</dst>
      <dst id="17">4271.8400</dst>
      <dst id="21">1899.8667</dst>
      <dst id="15">13.4311</dst>
    </src>
    <src id="23">
      <dst id="12">1324.5244</dst>
      <dst id="13">508.5067</dst>
      <dst id="19">138.4089</dst>
      <dst id="8">53.6889</dst>
      <dst id="18">1402.5333</dst>
      <dst id="4">14.6133</dst>
      <dst id="1">181.1556</dst>
      <dst id="5">146.1067</dst>
      <dst id="3">680.0711</dst>
      <dst id="22">604.1511</dst>
      <dst id="7">2500.9511</dst>
      <dst id="2">85.5911</dst>
      <dst id="6">1.4222</dst>
      <dst id="16">287.0667</dst>
      <dst id="14">560.5689</dst>
      <dst id="20">346.9511</dst>
      <dst id="11">88.0267</dst>
      <dst id="9">2083.0400</dst>
      <dst id="17">1174.8267</dst>
      <dst id="21">2721.9289</dst>
      <dst id="15">427.2356</dst>
    </src>
    <src id="8">
      <dst id="12">380680.7289</dst>
      <dst id="13">2596.4533</dst>
      <dst id="19">70.6489</dst>
      <dst id="23">1.0667</dst>
      <dst id="18">266.8889</dst>
      <dst id="4">5733.0489</dst>
      <dst id="1">1076.2311</dst>
      <dst id="5">12259.2711</dst>
      <dst id="3">50.2400</dst>
      <dst id="22">2062.3111</dst>
      <dst id="7">1175.7511</dst>
      <dst id="2">143442.4267</dst>
      <dst id="6">0.3556</dst>
      <dst id="16">839.3422</dst>
      <dst id="14">11.8578</dst>
      <dst id="20">2081.6356</dst>
      <dst id="11">1920.3733</dst>
      <dst id="9">922.1956</dst>
      <dst id="17">151063.5022</dst>
      <dst id="21">1142.1333</dst>
      <dst id="15">418.0267</dst>
    </src>
    <src id="18">
      <dst id="12">127109.1022</dst>
      <dst id="13">875.9911</dst>
      <dst id="19">107.6356</dst>
      <dst id="23">54.6489</dst>
      <dst id="8">2318.0711</dst>
      <dst id="4">2305.4400</dst>
      <dst id="1">1386.5778</dst>
      <dst id="5">457.9111</dst>
      <dst id="3">217.1111</dst>
      <dst id="22">318.7111</dst>
      <dst id="7">338.3467</dst>
      <dst id="2">50756.8356</dst>
      <dst id="16">60.6400</dst>
      <dst id="14">106.1778</dst>
      <dst id="20">190.6400</dst>
      <dst id="11">565.9022</dst>
      <dst id="9">147.3778</dst>
      <dst id="17">41835.4489</dst>
      <dst id="21">1086.3022</dst>
      <dst id="15">138.5689</dst>
    </src>
    <src id="4">
      <dst id="12">26692.9333</dst>
      <dst id="19">24240.0978</dst>
      <dst id="23">0.3556</dst>
      <dst id="8">4329.8578</dst>
      <dst id="18">3760.3556</dst>
      <dst id="4">3.2622</dst>
      <dst id="1">54012.9422</dst>
      <dst id="5">3121.9200</dst>
      <dst id="3">1797.2622</dst>
      <dst id="22">8262.1244</dst>
      <dst id="7">99800.8444</dst>
      <dst id="2">93825.5822</dst>
      <dst id="6">4.1956</dst>
      <dst id="16">5550.1333</dst>
      <dst id="14">3675.8311</dst>
      <dst id="20">5116.0711</dst>
      <dst id="11">5620.8800</dst>
      <dst id="9">6396.3556</dst>
      <dst id="17">42833.3333</dst>
      <dst id="21">11695.4756</dst>
      <dst id="15">1207.6533</dst>
    </src>
    <src id="1">
      <dst id="12">19741.0400</dst>
      <dst id="13">3572.2933</dst>
      <dst id="19">1841.7422</dst>
      <dst id="23">125.4133</dst>
      <dst id="8">238165.0844</dst>
      <dst id="18">14495.6533</dst>
      <dst id="4">12822.4800</dst>
      <dst id="1">52076.1600</dst>
      <dst id="5">314446.5956</dst>
      <dst id="3">3147.2889</dst>
      <dst id="22">17525.7867</dst>
      <dst id="7">51530.0356</dst>
      <dst id="2">17239.5022</dst>
      <dst id="6">21450.4800</dst>
      <dst id="16">18920.4089</dst>
      <dst id="14">4707.0489</dst>
      <dst id="20">955.3333</dst>
      <dst id="11">5344.5600</dst>
      <dst id="9">419185.4844</dst>
      <dst id="17">33341.2800</dst>
      <dst id="21">16742.9244</dst>
      <dst id="15">5582.6844</dst>
    </src>
    <src id="5">
      <dst id="12">322064.7822</dst>
      <dst id="13">17456.3911</dst>
      <dst id="19">231.2978</dst>
      <dst id="23">10.9333</dst>
      <dst id="8">31591.6978</dst>
      <dst id="18">658.6667</dst>
      <dst id="4">13092.2222</dst>
      <dst id="1">4577.2800</dst>
      <dst id="3">145.9556</dst>
      <dst id="22">5372.9156</dst>
      <dst id="7">1681.7156</dst>
      <dst id="2">160688.2044</dst>
      <dst id="6">26.5244</dst>
      <dst id="16">1661.7956</dst>
      <dst id="14">20.3733</dst>
      <dst id="20">10446.3556</dst>
      <dst id="11">2803.4756</dst>
      <dst id="9">6170.1867</dst>
      <dst id="17">126107.4400</dst>
      <dst id="21">6790.5956</dst>
      <dst id="15">990.1689</dst>
    </src>
    <src id="3">
      <dst id="12">20008.6133</dst>
      <dst id="13">9197.2089</dst>
      <dst id="19">3069.1378</dst>
      <dst id="23">3532.7467</dst>
      <dst id="8">1380.4089</dst>
      <dst id="18">200342.1778</dst>
      <dst id="4">45501.9733</dst>
      <dst id="1">101627.4933</dst>
      <dst id="5">596.3200</dst>
      <dst id="3">20881.9378</dst>
      <dst id="22">3012.5333</dst>
      <dst id="7">63018.7378</dst>
      <dst id="2">34522.4978</dst>
      <dst id="6">22.2844</dst>
      <dst id="16">2384.0889</dst>
      <dst id="14">67431.1467</dst>
      <dst id="20">4720.7556</dst>
      <dst id="11">346257.3689</dst>
      <dst id="9">834.2400</dst>
      <dst id="17">22729.5378</dst>
      <dst id="21">20903.7778</dst>
      <dst id="15">1581.0844</dst>
    </src>
    <src id="10">
      <dst id="12">34106.2133</dst>
      <dst id="19">8295.1022</dst>
      <dst id="23">0.4267</dst>
      <dst id="8">2733.8844</dst>
      <dst id="18">1673.6978</dst>
      <dst id="1">5973.6889</dst>
      <dst id="5">1597.1556</dst>
      <dst id="3">15437.6356</dst>
      <dst id="22">7021.4756</dst>
      <dst id="7">19198.4978</dst>
      <dst id="2">60974.6400</dst>
      <dst id="6">28.0267</dst>
      <dst id="16">17548.8889</dst>
      <dst id="14">1916.1778</dst>
      <dst id="20">1572.6311</dst>
      <dst id="11">14057.0756</dst>
      <dst id="9">3190.0089</dst>
      <dst id="17">51412.8889</dst>
      <dst id="21">21746.3111</dst>
      <dst id="15">568.6222</dst>
    </src>
    <src id="22">
      <dst id="12">7634.7467</dst>
      <dst id="13">4128.2311</dst>
      <dst id="19">3119.3156</dst>
      <dst id="23">24.3911</dst>
      <dst id="8">3255.5289</dst>
      <dst id="18">604.6044</dst>
      <dst id="4">19205.7511</dst>
      <dst id="1">3568.0356</dst>
      <dst id="5">14717.1733</dst>
      <dst id="3">1100.2489</dst>
      <dst id="7">2220.2489</dst>
      <dst id="2">9784.4000</dst>
      <dst id="6">63.1467</dst>
      <dst id="16">1.2267</dst>
      <dst id="14">90.4356</dst>
      <dst id="11">4427.3156</dst>
      <dst id="9">2524.3911</dst>
      <dst id="17">11343.6889</dst>
      <dst id="21">2662.8978</dst>
    </src>
    <src id="7">
      <dst id="12">12459.6711</dst>
      <dst id="13">5894.0711</dst>
      <dst id="19">6545.1111</dst>
      <dst id="23">350.2222</dst>
      <dst id="8">855.0311</dst>
      <dst id="18">627.8222</dst>
      <dst id="4">24606.8356</dst>
      <dst id="1">21752.0800</dst>
      <dst id="5">1270.0089</dst>
      <dst id="3">4486.7200</dst>
      <dst id="22">4815.1200</dst>
      <dst id="7">893.5467</dst>
      <dst id="2">25418.9511</dst>
      <dst id="6">210.7556</dst>
      <dst id="16">3475.6444</dst>
      <dst id="14">127.2178</dst>
      <dst id="20">1640.9422</dst>
      <dst id="11">2032.1333</dst>
      <dst id="9">3068.7644</dst>
      <dst id="17">16205.7778</dst>
      <dst id="21">9256.2578</dst>
      <dst id="15">2101.1644</dst>
    </src>
    <src id="2">
      <dst id="12">169933.0756</dst>
      <dst id="13">520737.4222</dst>
      <dst id="19">4154.2933</dst>
      <dst id="23">177.5911</dst>
      <dst id="8">5712.6756</dst>
      <dst id="18">156518.6667</dst>
      <dst id="4">95337.0044</dst>
      <dst id="1">22127.0933</dst>
      <dst id="5">2475.2800</dst>
      <dst id="3">961.7600</dst>
      <dst id="22">3080.6222</dst>
      <dst id="7">19680.4533</dst>
      <dst id="2">1796.6133</dst>
      <dst id="6">16945.2089</dst>
      <dst id="16">1657.6178</dst>
      <dst id="14">5695.6267</dst>
      <dst id="20">2658.1156</dst>
      <dst id="11">16261.0044</dst>
      <dst id="9">5605.5733</dst>
      <dst id="17">51231.6800</dst>
      <dst id="21">6222.4889</dst>
      <dst id="15">587.5378</dst>
    </src>
    <src id="6">
      <dst id="12">13508.6667</dst>
      <dst id="13">185.6889</dst>
      <dst id="19">110.8178</dst>
      <dst id="8">34.3822</dst>
      <dst id="18">0.7111</dst>
      <dst id="4">1303.3244</dst>
      <dst id="1">86.5511</dst>
      <dst id="5">58.1244</dst>
      <dst id="3">89.8222</dst>
      <dst id="22">81.2711</dst>
      <dst id="7">138.8889</dst>
      <dst id="2">3458.9689</dst>
      <dst id="16">25.8667</dst>
      <dst id="14">11.9289</dst>
      <dst id="20">46.1867</dst>
      <dst id="11">151.2444</dst>
      <dst id="9">72.9956</dst>
      <dst id="17">3644.9778</dst>
      <dst id="21">78.8978</dst>
      <dst id="15">11.4667</dst>
    </src>
    <src id="16">
      <dst id="12">6456.0622</dst>
      <dst id="13">1436.0089</dst>
      <dst id="19">5579.8578</dst>
      <dst id="23">284.7644</dst>
      <dst id="8">8073.2978</dst>
      <dst id="18">8.8089</dst>
      <dst id="4">8554.6489</dst>
      <dst id="1">24169.0667</dst>
      <dst id="5">10385.0222</dst>
      <dst id="3">225.9644</dst>
      <dst id="7">6205.9022</dst>
      <dst id="2">1748.7467</dst>
      <dst id="6">77.9289</dst>
      <dst id="16">74.0622</dst>
      <dst id="14">347.9467</dst>
      <dst id="11">963.5467</dst>
      <dst id="9">11748.4622</dst>
      <dst id="17">9780.2844</dst>
      <dst id="21">3146.1956</dst>
    </src>
    <src id="14">
      <dst id="12">26014.7467</dst>
      <dst id="13">90.8178</dst>
      <dst id="19">21.0133</dst>
      <dst id="23">12.2489</dst>
      <dst id="8">1.2089</dst>
      <dst id="18">11.6356</dst>
      <dst id="4">3723.0667</dst>
      <dst id="1">819.0133</dst>
      <dst id="5">14.4356</dst>
      <dst id="3">280.3378</dst>
      <dst id="22">60.0622</dst>
      <dst id="7">191.6533</dst>
      <dst id="2">8194.3467</dst>
      <dst id="6">0.4089</dst>
      <dst id="16">36.3822</dst>
      <dst id="20">477.5200</dst>
      <dst id="11">58.8978</dst>
      <dst id="9">214.9333</dst>
      <dst id="17">10172.4889</dst>
      <dst id="21">171.5822</dst>
      <dst id="15">75.7333</dst>
    </src>
    <src id="20">
      <dst id="12">11039.7244</dst>
      <dst id="13">8086.6400</dst>
      <dst id="19">2207.1378</dst>
      <dst id="23">76.4800</dst>
      <dst id="8">600.4711</dst>
      <dst id="18">991.9111</dst>
      <dst id="4">11847.1378</dst>
      <dst id="1">1936.0533</dst>
      <dst id="5">7041.0222</dst>
      <dst id="3">7517.9822</dst>
      <dst id="7">3144.4533</dst>
      <dst id="2">3609.5733</dst>
      <dst id="6">2560.3911</dst>
      <dst id="14">29.6889</dst>
      <dst id="11">7268.8356</dst>
      <dst id="9">8411.7511</dst>
      <dst id="17">12623.6533</dst>
      <dst id="21">488.7022</dst>
    </src>
    <src id="11">
      <dst id="12">492432.0800</dst>
      <dst id="13">8418.8800</dst>
      <dst id="19">678.4533</dst>
      <dst id="23">69.1733</dst>
      <dst id="8">2484.7556</dst>
      <dst id="18">858.8978</dst>
      <dst id="4">10776.7467</dst>
      <dst id="1">1628.8622</dst>
      <dst id="5">1820.6578</dst>
      <dst id="3">5903.1644</dst>
      <dst id="22">5134.2400</dst>
      <dst id="7">2031.8311</dst>
      <dst id="2">204703.6356</dst>
      <dst id="6">713.5467</dst>
      <dst id="16">448.8178</dst>
      <dst id="14">788.0000</dst>
      <dst id="20">4237.3067</dst>
      <dst id="11">2219.6889</dst>
      <dst id="9">2774.1867</dst>
      <dst id="17">206519.9556</dst>
      <dst id="21">1075.9644</dst>
      <dst id="15">265.2978</dst>
    </src>
    <src id="9">
      <dst id="12">509765.4133</dst>
      <dst id="13">7745.7156</dst>
      <dst id="19">866.1067</dst>
      <dst id="23">38.5956</dst>
      <dst id="8">5581.5022</dst>
      <dst id="18">356.5244</dst>
      <dst id="4">12818.8533</dst>
      <dst id="1">8155.0044</dst>
      <dst id="5">4517.7422</dst>
      <dst id="3">305.4489</dst>
      <dst id="22">9160.1689</dst>
      <dst id="7">3564.3111</dst>
      <dst id="2">219853.5556</dst>
      <dst id="6">6.6756</dst>
      <dst id="16">2571.5911</dst>
      <dst id="14">41.0578</dst>
      <dst id="20">23273.9200</dst>
      <dst id="11">4661.5644</dst>
      <dst id="9">1702.1422</dst>
      <dst id="17">209863.4133</dst>
      <dst id="21">5553.0578</dst>
      <dst id="15">6360.9422</dst>
    </src>
    <src id="17">
      <dst id="12">16676.4444</dst>
      <dst id="13">8040.5956</dst>
      <dst id="19">12997.9378</dst>
      <dst id="23">250.9244</dst>
      <dst id="8">260279.0756</dst>
      <dst id="18">1791.4133</dst>
      <dst id="4">112779.7333</dst>
      <dst id="1">11330.6133</dst>
      <dst id="5">292753.5911</dst>
      <dst id="3">20378.0178</dst>
      <dst id="22">19761.2000</dst>
      <dst id="7">18439.6622</dst>
      <dst id="2">24412.9511</dst>
      <dst id="6">5551.9911</dst>
      <dst id="16">14030.9244</dst>
      <dst id="14">47954.1156</dst>
      <dst id="20">5573.3600</dst>
      <dst id="11">273838.0178</dst>
      <dst id="9">361664.1956</dst>
      <dst id="17">2377.5556</dst>
      <dst id="21">36211.0933</dst>
      <dst id="15">946.8178</dst>
    </src>
    <src id="21">
      <dst id="12">36446.7111</dst>
      <dst id="13">5712.7200</dst>
      <dst id="19">1497.2089</dst>
      <dst id="23">116.2667</dst>
      <dst id="8">343.4044</dst>
      <dst id="18">1146.9778</dst>
      <dst id="4">24396.5422</dst>
      <dst id="1">29686.7644</dst>
      <dst id="5">3305.0578</dst>
      <dst id="3">29835.1733</dst>
      <dst id="22">8882.1067</dst>
      <dst id="7">11664.8267</dst>
      <dst id="2">29785.2356</dst>
      <dst id="6">37.5733</dst>
      <dst id="16">3649.7244</dst>
      <dst id="14">100.4178</dst>
      <dst id="20">961.4489</dst>
      <dst id="11">5246.1689</dst>
      <dst id="9">1120.0889</dst>
      <dst id="17">9062.2756</dst>
      <dst id="21">2288.5156</dst>
      <dst id="15">5022.0178</dst>
    </src>
    <src id="15">
      <dst id="12">9247.8489</dst>
      <dst id="13">1351.6533</dst>
      <dst id="19">42.4533</dst>
      <dst id="23">9.8489</dst>
      <dst id="8">436.5689</dst>
      <dst id="18">370.8533</dst>
      <dst id="4">1666.7200</dst>
      <dst id="1">1987.3778</dst>
      <dst id="5">249.6356</dst>
      <dst id="3">198.5244</dst>
      <dst id="7">1338.3022</dst>
      <dst id="2">265.2267</dst>
      <dst id="16">0.3556</dst>
      <dst id="14">13.8933</dst>
      <dst id="11">513.5822</dst>
      <dst id="9">2476.6844</dst>
      <dst id="17">946.7378</dst>
      <dst id="21">375.9467</dst>
    </src>
  </IntraTM>
</TrafficMatrixFile>
