<?xml version="1.0" encoding="UTF-8" standalone="yes"?>
<TrafficMatrixFile xmlns:xsi="http://www.w3.org/2001/XMLSchema-instance" xsi:noNamespaceSchemaLocation="http://totem.run.montefiore.ulg.ac.be/Schema/TrafficMatrix-v1_2.xsd">
  <info>
    <title>Intradomain traffic matrix generated by geant-TM-all.pl</title>
    <date>2005-01-02T05:00:00</date>
    <duration>900</duration>
    <author>Steve Uhlig</author>
    <units>
        <unit type="bandwidth" value="kbps"/>
    </units>
  </info>
  <IntraTM ASID="20965">
    <src id="12">
      <dst id="12">287870.4622</dst>
      <dst id="13">14558.9333</dst>
      <dst id="19">3813.1556</dst>
      <dst id="23">145.8578</dst>
      <dst id="8">5443.0222</dst>
      <dst id="18">940.9689</dst>
      <dst id="4">140258.3200</dst>
      <dst id="1">9404.7911</dst>
      <dst id="5">5438.3378</dst>
      <dst id="3">2453.9200</dst>
      <dst id="22">14120.9511</dst>
      <dst id="7">1140.6133</dst>
      <dst id="2">95259.1378</dst>
      <dst id="6">3.4222</dst>
      <dst id="16">9935.1467</dst>
      <dst id="14">175.0133</dst>
      <dst id="20">7371.3689</dst>
      <dst id="11">2598.4356</dst>
      <dst id="9">12188.2578</dst>
      <dst id="17">79619.0133</dst>
      <dst id="21">19743.8844</dst>
      <dst id="15">5734.1867</dst>
    </src>
    <src id="13">
      <dst id="12">178155.0400</dst>
      <dst id="19">7326.4533</dst>
      <dst id="23">550.8089</dst>
      <dst id="8">5051.2889</dst>
      <dst id="18">6180.1511</dst>
      <dst id="1">2945.1822</dst>
      <dst id="5">32552.6222</dst>
      <dst id="3">11714.5778</dst>
      <dst id="22">23222.7111</dst>
      <dst id="7">15025.1644</dst>
      <dst id="2">119117.9467</dst>
      <dst id="6">124.2222</dst>
      <dst id="16">12872.7022</dst>
      <dst id="14">2089.5644</dst>
      <dst id="20">18349.2356</dst>
      <dst id="11">14710.0533</dst>
      <dst id="9">24721.6622</dst>
      <dst id="17">73258.7378</dst>
      <dst id="21">30472.4356</dst>
      <dst id="15">6282.2222</dst>
    </src>
    <src id="19">
      <dst id="12">14694.5867</dst>
      <dst id="13">3693.3956</dst>
      <dst id="23">13.4756</dst>
      <dst id="8">38.5422</dst>
      <dst id="18">374.8622</dst>
      <dst id="4">25720.7467</dst>
      <dst id="1">278.8533</dst>
      <dst id="5">354.8800</dst>
      <dst id="3">5.2444</dst>
      <dst id="22">758.1422</dst>
      <dst id="7">6437.6000</dst>
      <dst id="2">789.6356</dst>
      <dst id="6">51.2711</dst>
      <dst id="16">5229.0844</dst>
      <dst id="14">25.9467</dst>
      <dst id="20">107.9200</dst>
      <dst id="11">91.3778</dst>
      <dst id="9">322.1422</dst>
      <dst id="17">5235.0578</dst>
      <dst id="21">1400.5689</dst>
      <dst id="15">151.3244</dst>
    </src>
    <src id="23">
      <dst id="12">347.2444</dst>
      <dst id="13">301.1111</dst>
      <dst id="19">14.6133</dst>
      <dst id="8">80.5067</dst>
      <dst id="18">3.6267</dst>
      <dst id="4">656.0356</dst>
      <dst id="1">26.2044</dst>
      <dst id="5">13.6889</dst>
      <dst id="3">115.5289</dst>
      <dst id="22">862.9156</dst>
      <dst id="7">107.1200</dst>
      <dst id="2">3435.9556</dst>
      <dst id="16">56.9422</dst>
      <dst id="14">24.8533</dst>
      <dst id="20">44.1867</dst>
      <dst id="11">14.1689</dst>
      <dst id="9">449.5200</dst>
      <dst id="17">127.2356</dst>
      <dst id="21">233.8222</dst>
    </src>
    <src id="8">
      <dst id="12">303430.2311</dst>
      <dst id="13">1074.1778</dst>
      <dst id="19">94.8267</dst>
      <dst id="23">50.8178</dst>
      <dst id="18">317.5022</dst>
      <dst id="4">5886.3378</dst>
      <dst id="1">259.2444</dst>
      <dst id="5">1849.0578</dst>
      <dst id="3">3.4311</dst>
      <dst id="22">1227.3600</dst>
      <dst id="7">134.3911</dst>
      <dst id="2">125284.0267</dst>
      <dst id="16">506.5067</dst>
      <dst id="14">37.2444</dst>
      <dst id="20">135.1022</dst>
      <dst id="11">448.2133</dst>
      <dst id="9">1423.3867</dst>
      <dst id="17">122546.5422</dst>
      <dst id="21">860.5244</dst>
      <dst id="15">39.4844</dst>
    </src>
    <src id="18">
      <dst id="12">109258.2667</dst>
      <dst id="13">105.5111</dst>
      <dst id="19">23.4667</dst>
      <dst id="23">0.7556</dst>
      <dst id="8">871.2267</dst>
      <dst id="4">2172.6667</dst>
      <dst id="1">1025.8311</dst>
      <dst id="5">234.2044</dst>
      <dst id="3">170.9956</dst>
      <dst id="22">316.5689</dst>
      <dst id="7">280.2044</dst>
      <dst id="2">37399.6089</dst>
      <dst id="16">24.7111</dst>
      <dst id="14">12.4444</dst>
      <dst id="20">8.0889</dst>
      <dst id="11">589.5911</dst>
      <dst id="9">235.5556</dst>
      <dst id="17">46737.0133</dst>
      <dst id="21">1399.1289</dst>
      <dst id="15">36.6933</dst>
    </src>
    <src id="4">
      <dst id="12">22897.6533</dst>
      <dst id="19">6358.2578</dst>
      <dst id="23">36.4444</dst>
      <dst id="8">2854.4533</dst>
      <dst id="18">2122.4444</dst>
      <dst id="1">12473.5556</dst>
      <dst id="5">2471.8756</dst>
      <dst id="3">458.8356</dst>
      <dst id="22">4530.7200</dst>
      <dst id="7">31106.0000</dst>
      <dst id="2">54429.6800</dst>
      <dst id="6">2.4089</dst>
      <dst id="16">2079.6622</dst>
      <dst id="14">2813.2800</dst>
      <dst id="20">5084.8533</dst>
      <dst id="11">13324.8889</dst>
      <dst id="9">2189.4311</dst>
      <dst id="17">23615.8044</dst>
      <dst id="21">8658.9956</dst>
      <dst id="15">493.1111</dst>
    </src>
    <src id="1">
      <dst id="12">17586.7556</dst>
      <dst id="13">1530.3022</dst>
      <dst id="19">97.2267</dst>
      <dst id="23">78.4622</dst>
      <dst id="8">168538.9600</dst>
      <dst id="18">12039.4400</dst>
      <dst id="4">24158.8356</dst>
      <dst id="1">20149.3600</dst>
      <dst id="5">269089.1378</dst>
      <dst id="3">83.5911</dst>
      <dst id="22">4703.4667</dst>
      <dst id="7">3975.9822</dst>
      <dst id="2">2524.6844</dst>
      <dst id="6">6849.2711</dst>
      <dst id="16">8058.2400</dst>
      <dst id="14">149.8044</dst>
      <dst id="20">325.0311</dst>
      <dst id="11">521.0044</dst>
      <dst id="9">234146.1333</dst>
      <dst id="17">6728.9156</dst>
      <dst id="21">4412.6578</dst>
      <dst id="15">245.8933</dst>
    </src>
    <src id="5">
      <dst id="12">382525.8667</dst>
      <dst id="13">2829.9378</dst>
      <dst id="19">107.5111</dst>
      <dst id="23">1.9822</dst>
      <dst id="8">1023.2533</dst>
      <dst id="18">269.0756</dst>
      <dst id="4">6762.4178</dst>
      <dst id="1">629.8933</dst>
      <dst id="3">259.2178</dst>
      <dst id="22">6939.6800</dst>
      <dst id="7">319.1200</dst>
      <dst id="2">153546.9156</dst>
      <dst id="16">1861.4222</dst>
      <dst id="14">81.6622</dst>
      <dst id="20">1633.0311</dst>
      <dst id="11">1634.9600</dst>
      <dst id="9">1488.0000</dst>
      <dst id="17">123884.3111</dst>
      <dst id="21">623.1911</dst>
      <dst id="15">577.9733</dst>
    </src>
    <src id="3">
      <dst id="12">9831.7600</dst>
      <dst id="13">1972.4622</dst>
      <dst id="19">1784.1689</dst>
      <dst id="23">16.2044</dst>
      <dst id="8">167.6178</dst>
      <dst id="18">102520.8889</dst>
      <dst id="4">38866.8000</dst>
      <dst id="1">16312.6311</dst>
      <dst id="5">560.4356</dst>
      <dst id="3">12945.9111</dst>
      <dst id="22">2394.2489</dst>
      <dst id="7">1510.4356</dst>
      <dst id="2">4650.0089</dst>
      <dst id="6">8.8800</dst>
      <dst id="16">1851.0311</dst>
      <dst id="14">45995.1378</dst>
      <dst id="20">241.9022</dst>
      <dst id="11">166876.6489</dst>
      <dst id="9">166.8444</dst>
      <dst id="17">5606.7200</dst>
      <dst id="21">6463.6533</dst>
      <dst id="15">108.7822</dst>
    </src>
    <src id="10">
      <dst id="12">12119.2000</dst>
      <dst id="19">733.4844</dst>
      <dst id="8">949.1822</dst>
      <dst id="18">2204.1333</dst>
      <dst id="1">1677.5200</dst>
      <dst id="5">1304.0622</dst>
      <dst id="3">14615.1022</dst>
      <dst id="22">5114.7111</dst>
      <dst id="7">17346.2222</dst>
      <dst id="2">23287.4933</dst>
      <dst id="6">24.6222</dst>
      <dst id="16">2779.7333</dst>
      <dst id="14">2737.2089</dst>
      <dst id="20">1195.8756</dst>
      <dst id="11">2252.6844</dst>
      <dst id="9">1457.1378</dst>
      <dst id="17">10010.0800</dst>
      <dst id="21">26733.4756</dst>
      <dst id="15">765.5556</dst>
    </src>
    <src id="22">
      <dst id="12">6995.6978</dst>
      <dst id="13">3468.3556</dst>
      <dst id="19">265.8311</dst>
      <dst id="23">17.0311</dst>
      <dst id="8">3310.9867</dst>
      <dst id="18">3772.4622</dst>
      <dst id="4">18615.8756</dst>
      <dst id="1">368.7111</dst>
      <dst id="5">6893.0311</dst>
      <dst id="3">658.5067</dst>
      <dst id="7">1472.8889</dst>
      <dst id="2">4342.8889</dst>
      <dst id="6">15.5378</dst>
      <dst id="16">26.6667</dst>
      <dst id="14">54.1244</dst>
      <dst id="11">4985.8933</dst>
      <dst id="9">2142.6222</dst>
      <dst id="17">9137.6978</dst>
      <dst id="21">2223.1644</dst>
    </src>
    <src id="7">
      <dst id="12">4539.6267</dst>
      <dst id="13">237.9378</dst>
      <dst id="19">1315.3333</dst>
      <dst id="23">534.3644</dst>
      <dst id="8">316.9956</dst>
      <dst id="18">324.1511</dst>
      <dst id="4">54776.8800</dst>
      <dst id="1">2945.2978</dst>
      <dst id="5">1855.6178</dst>
      <dst id="3">163.3956</dst>
      <dst id="22">4458.4889</dst>
      <dst id="7">857.2800</dst>
      <dst id="2">7262.3467</dst>
      <dst id="6">2.6489</dst>
      <dst id="16">677.2444</dst>
      <dst id="14">98.4622</dst>
      <dst id="20">387.1556</dst>
      <dst id="11">2086.1333</dst>
      <dst id="9">1438.2667</dst>
      <dst id="17">9418.4356</dst>
      <dst id="21">15955.8844</dst>
      <dst id="15">476.7733</dst>
    </src>
    <src id="2">
      <dst id="12">141989.4044</dst>
      <dst id="13">14479.8489</dst>
      <dst id="19">8968.5689</dst>
      <dst id="23">74.0889</dst>
      <dst id="8">1874.3556</dst>
      <dst id="18">99553.5467</dst>
      <dst id="4">122004.3822</dst>
      <dst id="1">4778.8711</dst>
      <dst id="5">1290.3911</dst>
      <dst id="3">63.3778</dst>
      <dst id="22">1862.8178</dst>
      <dst id="7">4386.2578</dst>
      <dst id="2">1252.8800</dst>
      <dst id="6">7092.8889</dst>
      <dst id="16">3228.2933</dst>
      <dst id="14">810.3556</dst>
      <dst id="20">739.8044</dst>
      <dst id="11">2876.6400</dst>
      <dst id="9">3130.8089</dst>
      <dst id="17">50374.2222</dst>
      <dst id="21">4899.1111</dst>
      <dst id="15">255.0489</dst>
    </src>
    <src id="6">
      <dst id="12">10984.3644</dst>
      <dst id="13">9.8311</dst>
      <dst id="19">2.3289</dst>
      <dst id="18">13.1022</dst>
      <dst id="4">24.8622</dst>
      <dst id="1">44.9156</dst>
      <dst id="22">2.2489</dst>
      <dst id="7">1.2889</dst>
      <dst id="2">2660.6756</dst>
      <dst id="20">27.2267</dst>
      <dst id="9">69.1289</dst>
      <dst id="17">1456.6311</dst>
      <dst id="21">48.6578</dst>
      <dst id="15">0.3556</dst>
    </src>
    <src id="16">
      <dst id="12">2823.3067</dst>
      <dst id="13">594.4711</dst>
      <dst id="19">3026.7289</dst>
      <dst id="23">3.0844</dst>
      <dst id="8">7012.2133</dst>
      <dst id="18">7.9822</dst>
      <dst id="4">7638.5067</dst>
      <dst id="1">17632.2400</dst>
      <dst id="5">9594.6311</dst>
      <dst id="3">0.3556</dst>
      <dst id="7">3450.7111</dst>
      <dst id="2">750.5867</dst>
      <dst id="6">0.4267</dst>
      <dst id="16">79.1467</dst>
      <dst id="14">433.0133</dst>
      <dst id="11">933.5467</dst>
      <dst id="9">16630.0444</dst>
      <dst id="17">1783.8311</dst>
      <dst id="21">429.7244</dst>
    </src>
    <src id="14">
      <dst id="12">20821.6444</dst>
      <dst id="13">98.4533</dst>
      <dst id="19">8.7556</dst>
      <dst id="23">15.0756</dst>
      <dst id="8">1.7067</dst>
      <dst id="4">3026.1156</dst>
      <dst id="1">44.9156</dst>
      <dst id="5">202.5244</dst>
      <dst id="3">72.9244</dst>
      <dst id="22">21.0400</dst>
      <dst id="7">38.4889</dst>
      <dst id="2">7432.4178</dst>
      <dst id="16">9.2622</dst>
      <dst id="20">1.1556</dst>
      <dst id="11">38.4089</dst>
      <dst id="9">77.4044</dst>
      <dst id="17">7245.6889</dst>
      <dst id="21">76.3022</dst>
    </src>
    <src id="20">
      <dst id="12">10529.5733</dst>
      <dst id="13">1905.1289</dst>
      <dst id="19">259.1644</dst>
      <dst id="23">30.0356</dst>
      <dst id="8">201.2444</dst>
      <dst id="18">219.6622</dst>
      <dst id="4">17137.0489</dst>
      <dst id="1">181.8844</dst>
      <dst id="5">5901.3244</dst>
      <dst id="3">9735.9378</dst>
      <dst id="7">4636.3467</dst>
      <dst id="2">2596.8444</dst>
      <dst id="6">1.2800</dst>
      <dst id="14">26.3467</dst>
      <dst id="11">191.8044</dst>
      <dst id="9">11539.1733</dst>
      <dst id="17">13279.9289</dst>
      <dst id="21">525.9378</dst>
    </src>
    <src id="11">
      <dst id="12">441398.7822</dst>
      <dst id="13">1992.7378</dst>
      <dst id="19">42.1244</dst>
      <dst id="23">14.7556</dst>
      <dst id="8">2797.9556</dst>
      <dst id="18">486.3644</dst>
      <dst id="4">17414.6578</dst>
      <dst id="1">424.3644</dst>
      <dst id="5">1411.3244</dst>
      <dst id="3">396.8711</dst>
      <dst id="22">2238.4089</dst>
      <dst id="7">289.2889</dst>
      <dst id="2">171875.8133</dst>
      <dst id="6">1.6356</dst>
      <dst id="16">1176.7733</dst>
      <dst id="14">352.8533</dst>
      <dst id="20">1074.3467</dst>
      <dst id="11">2225.8311</dst>
      <dst id="9">1116.8089</dst>
      <dst id="17">156576.0711</dst>
      <dst id="21">570.4533</dst>
      <dst id="15">296.1244</dst>
    </src>
    <src id="9">
      <dst id="12">498274.0000</dst>
      <dst id="13">4914.8978</dst>
      <dst id="19">12.1689</dst>
      <dst id="23">121.6711</dst>
      <dst id="8">1786.5778</dst>
      <dst id="18">541.3778</dst>
      <dst id="4">15143.8044</dst>
      <dst id="1">320.3022</dst>
      <dst id="5">2143.9911</dst>
      <dst id="3">12.2311</dst>
      <dst id="22">3944.3111</dst>
      <dst id="7">724.0089</dst>
      <dst id="2">191740.0622</dst>
      <dst id="6">53.5378</dst>
      <dst id="16">1140.2667</dst>
      <dst id="14">17.4222</dst>
      <dst id="20">3284.1156</dst>
      <dst id="11">2753.0311</dst>
      <dst id="9">1078.3467</dst>
      <dst id="17">187166.0622</dst>
      <dst id="21">790.2222</dst>
      <dst id="15">3859.4133</dst>
    </src>
    <src id="17">
      <dst id="12">12535.4400</dst>
      <dst id="13">36258.6311</dst>
      <dst id="19">487.3600</dst>
      <dst id="23">152.2489</dst>
      <dst id="8">170989.6622</dst>
      <dst id="18">19355.7156</dst>
      <dst id="4">178760.5333</dst>
      <dst id="1">3291.8400</dst>
      <dst id="5">265315.0667</dst>
      <dst id="3">12653.8489</dst>
      <dst id="22">13728.3733</dst>
      <dst id="7">13064.4356</dst>
      <dst id="2">15187.9733</dst>
      <dst id="6">13.8844</dst>
      <dst id="16">3547.1733</dst>
      <dst id="14">44403.1911</dst>
      <dst id="20">3377.3511</dst>
      <dst id="11">124305.3067</dst>
      <dst id="9">223897.6267</dst>
      <dst id="17">1641.4400</dst>
      <dst id="21">18909.7956</dst>
      <dst id="15">371.1022</dst>
    </src>
    <src id="21">
      <dst id="12">22884.4889</dst>
      <dst id="13">652.0178</dst>
      <dst id="19">243.9556</dst>
      <dst id="23">147.3511</dst>
      <dst id="8">541.7333</dst>
      <dst id="18">1543.1733</dst>
      <dst id="4">54400.3111</dst>
      <dst id="1">1159.5644</dst>
      <dst id="5">1192.1956</dst>
      <dst id="3">937.2711</dst>
      <dst id="22">2780.1156</dst>
      <dst id="7">3134.5333</dst>
      <dst id="2">12174.9333</dst>
      <dst id="6">15.2356</dst>
      <dst id="16">256.4622</dst>
      <dst id="14">114.2044</dst>
      <dst id="20">194.9956</dst>
      <dst id="11">711.7422</dst>
      <dst id="9">4108.0533</dst>
      <dst id="17">7370.9867</dst>
      <dst id="21">2698.6933</dst>
      <dst id="15">17.6889</dst>
    </src>
    <src id="15">
      <dst id="12">6893.4489</dst>
      <dst id="13">2126.4089</dst>
      <dst id="19">86.2844</dst>
      <dst id="23">5.1022</dst>
      <dst id="8">32.7644</dst>
      <dst id="18">16.6667</dst>
      <dst id="4">9624.7911</dst>
      <dst id="1">460.5956</dst>
      <dst id="5">333.8489</dst>
      <dst id="3">9.7422</dst>
      <dst id="7">501.8756</dst>
      <dst id="2">257.0578</dst>
      <dst id="14">1.2089</dst>
      <dst id="11">772.2222</dst>
      <dst id="9">427.1733</dst>
      <dst id="17">168.9956</dst>
      <dst id="21">190.7822</dst>
    </src>
  </IntraTM>
</TrafficMatrixFile>
