<?xml version="1.0" encoding="UTF-8" standalone="yes"?>
<TrafficMatrixFile xmlns:xsi="http://www.w3.org/2001/XMLSchema-instance" xsi:noNamespaceSchemaLocation="http://totem.run.montefiore.ulg.ac.be/Schema/TrafficMatrix-v1_2.xsd">
  <info>
    <title>Intradomain traffic matrix generated by geant-TM-all.pl</title>
    <date>2005-01-05T00:30:00</date>
    <duration>900</duration>
    <author>Steve Uhlig</author>
    <units>
        <unit type="bandwidth" value="kbps"/>
    </units>
  </info>
  <IntraTM ASID="20965">
    <src id="12">
      <dst id="12">259836.7822</dst>
      <dst id="13">25126.6756</dst>
      <dst id="19">2185.3689</dst>
      <dst id="23">76.2133</dst>
      <dst id="8">4678.4444</dst>
      <dst id="18">637.2533</dst>
      <dst id="4">67834.3911</dst>
      <dst id="1">19770.0889</dst>
      <dst id="5">8827.9200</dst>
      <dst id="3">2498.3467</dst>
      <dst id="22">22162.6933</dst>
      <dst id="7">4326.5867</dst>
      <dst id="2">81291.1733</dst>
      <dst id="6">14.2222</dst>
      <dst id="16">8942.0000</dst>
      <dst id="14">1382.2489</dst>
      <dst id="20">41460.5511</dst>
      <dst id="11">8351.3867</dst>
      <dst id="9">11816.4178</dst>
      <dst id="17">77627.9911</dst>
      <dst id="21">2205.5556</dst>
      <dst id="15">1017.7600</dst>
    </src>
    <src id="13">
      <dst id="12">45798.5422</dst>
      <dst id="19">6064.8800</dst>
      <dst id="23">64.8978</dst>
      <dst id="8">7197.5822</dst>
      <dst id="18">6325.3778</dst>
      <dst id="1">3577.9022</dst>
      <dst id="5">10757.3511</dst>
      <dst id="3">6127.6711</dst>
      <dst id="22">20196.6133</dst>
      <dst id="7">11599.1733</dst>
      <dst id="2">86501.0844</dst>
      <dst id="6">198.6311</dst>
      <dst id="16">7973.6444</dst>
      <dst id="14">2074.2222</dst>
      <dst id="20">8077.5644</dst>
      <dst id="11">10074.5867</dst>
      <dst id="9">11876.5067</dst>
      <dst id="17">62218.9333</dst>
      <dst id="21">7479.2178</dst>
      <dst id="15">5086.3022</dst>
    </src>
    <src id="19">
      <dst id="12">14855.3689</dst>
      <dst id="13">344.3556</dst>
      <dst id="8">1.5644</dst>
      <dst id="18">124.9422</dst>
      <dst id="4">12672.7911</dst>
      <dst id="1">1665.8756</dst>
      <dst id="5">42.6222</dst>
      <dst id="3">0.7111</dst>
      <dst id="22">173.3244</dst>
      <dst id="7">10047.4311</dst>
      <dst id="2">274.1600</dst>
      <dst id="6">32.1244</dst>
      <dst id="16">3279.8400</dst>
      <dst id="14">2.5689</dst>
      <dst id="20">7.0222</dst>
      <dst id="11">25.2267</dst>
      <dst id="9">41.7956</dst>
      <dst id="17">488.0356</dst>
      <dst id="21">369.7067</dst>
    </src>
    <src id="23">
      <dst id="12">288.5778</dst>
      <dst id="13">318.0356</dst>
      <dst id="8">12.9778</dst>
      <dst id="4">46.0444</dst>
      <dst id="1">52.5422</dst>
      <dst id="5">133.8667</dst>
      <dst id="3">675.7867</dst>
      <dst id="22">223.4578</dst>
      <dst id="7">83.4044</dst>
      <dst id="2">4.0000</dst>
      <dst id="6">166.4000</dst>
      <dst id="16">402.8889</dst>
      <dst id="20">93.8133</dst>
      <dst id="11">531.8311</dst>
      <dst id="9">1062.4000</dst>
      <dst id="17">258.1689</dst>
      <dst id="21">272.4622</dst>
      <dst id="15">14.7644</dst>
    </src>
    <src id="8">
      <dst id="12">350643.6800</dst>
      <dst id="13">470.9422</dst>
      <dst id="19">5.1644</dst>
      <dst id="18">48.8000</dst>
      <dst id="4">8356.8178</dst>
      <dst id="1">258.0533</dst>
      <dst id="5">1151.1289</dst>
      <dst id="3">1.4667</dst>
      <dst id="22">333.2800</dst>
      <dst id="7">120.1511</dst>
      <dst id="2">123516.8978</dst>
      <dst id="16">1212.7111</dst>
      <dst id="14">0.7911</dst>
      <dst id="20">770.4356</dst>
      <dst id="11">79.7511</dst>
      <dst id="9">507.6178</dst>
      <dst id="17">139208.2311</dst>
      <dst id="21">59.5822</dst>
      <dst id="15">16.4444</dst>
    </src>
    <src id="18">
      <dst id="12">99713.0844</dst>
      <dst id="13">455.7156</dst>
      <dst id="19">8.3644</dst>
      <dst id="23">14.6133</dst>
      <dst id="8">69.4844</dst>
      <dst id="4">1639.9200</dst>
      <dst id="1">1448.3733</dst>
      <dst id="5">394.3111</dst>
      <dst id="3">2.3200</dst>
      <dst id="22">334.0267</dst>
      <dst id="7">32.1689</dst>
      <dst id="2">29167.9289</dst>
      <dst id="16">27.8311</dst>
      <dst id="14">4.0267</dst>
      <dst id="20">7.9644</dst>
      <dst id="11">179.5467</dst>
      <dst id="9">61.2000</dst>
      <dst id="17">33543.2089</dst>
      <dst id="21">135.5378</dst>
      <dst id="15">1.9378</dst>
    </src>
    <src id="4">
      <dst id="12">18968.7556</dst>
      <dst id="19">15343.6444</dst>
      <dst id="8">2726.6400</dst>
      <dst id="18">879.8133</dst>
      <dst id="4">1.1467</dst>
      <dst id="1">12225.0489</dst>
      <dst id="5">1960.0533</dst>
      <dst id="3">162.2311</dst>
      <dst id="22">5095.8489</dst>
      <dst id="7">34316.7911</dst>
      <dst id="2">67215.5200</dst>
      <dst id="6">14.0267</dst>
      <dst id="16">2345.7956</dst>
      <dst id="14">1681.0222</dst>
      <dst id="20">2204.5867</dst>
      <dst id="11">3658.1333</dst>
      <dst id="9">2611.7244</dst>
      <dst id="17">29777.7956</dst>
      <dst id="21">3646.4000</dst>
      <dst id="15">245.7511</dst>
    </src>
    <src id="1">
      <dst id="12">21829.4400</dst>
      <dst id="13">546.3111</dst>
      <dst id="19">135.5200</dst>
      <dst id="23">20.4267</dst>
      <dst id="8">117237.7333</dst>
      <dst id="18">13905.3867</dst>
      <dst id="4">19828.7644</dst>
      <dst id="1">6795.2889</dst>
      <dst id="5">246526.2844</dst>
      <dst id="3">71.3067</dst>
      <dst id="22">2548.4800</dst>
      <dst id="7">1658.9867</dst>
      <dst id="2">7485.0578</dst>
      <dst id="6">9658.2933</dst>
      <dst id="16">4839.5911</dst>
      <dst id="14">578.7378</dst>
      <dst id="20">143.8933</dst>
      <dst id="11">556.8978</dst>
      <dst id="9">243819.4756</dst>
      <dst id="17">5563.3156</dst>
      <dst id="21">4111.4844</dst>
      <dst id="15">104.7289</dst>
    </src>
    <src id="5">
      <dst id="12">313121.4933</dst>
      <dst id="13">2024.2489</dst>
      <dst id="19">30.8089</dst>
      <dst id="23">16.7822</dst>
      <dst id="8">6729.3867</dst>
      <dst id="18">150.6311</dst>
      <dst id="4">4070.1867</dst>
      <dst id="1">594.8800</dst>
      <dst id="3">2.5244</dst>
      <dst id="22">4401.2000</dst>
      <dst id="7">155.2622</dst>
      <dst id="2">150049.1644</dst>
      <dst id="6">16.5778</dst>
      <dst id="16">1505.7067</dst>
      <dst id="14">42.4089</dst>
      <dst id="20">867.5911</dst>
      <dst id="11">1032.7733</dst>
      <dst id="9">2690.3378</dst>
      <dst id="17">127335.9111</dst>
      <dst id="21">131.8489</dst>
      <dst id="15">1023.2178</dst>
    </src>
    <src id="3">
      <dst id="12">103766.2667</dst>
      <dst id="13">1777.9822</dst>
      <dst id="19">1167.6711</dst>
      <dst id="23">6021.9022</dst>
      <dst id="8">27.8400</dst>
      <dst id="18">63236.5600</dst>
      <dst id="4">51827.3956</dst>
      <dst id="1">6407.2356</dst>
      <dst id="5">284.7822</dst>
      <dst id="3">10719.7067</dst>
      <dst id="22">1731.0933</dst>
      <dst id="7">716.7911</dst>
      <dst id="2">4093.2711</dst>
      <dst id="6">1.2089</dst>
      <dst id="16">1082.1778</dst>
      <dst id="14">63758.8978</dst>
      <dst id="20">71.7689</dst>
      <dst id="11">132335.5200</dst>
      <dst id="9">1617.2089</dst>
      <dst id="17">6513.1644</dst>
      <dst id="21">11954.4800</dst>
      <dst id="15">45.8044</dst>
    </src>
    <src id="10">
      <dst id="12">9960.6756</dst>
      <dst id="19">4328.4178</dst>
      <dst id="8">2263.1467</dst>
      <dst id="18">433.4489</dst>
      <dst id="1">2214.2667</dst>
      <dst id="5">1372.4800</dst>
      <dst id="3">2439.4933</dst>
      <dst id="22">6637.9111</dst>
      <dst id="7">10127.9644</dst>
      <dst id="2">23307.0400</dst>
      <dst id="6">55.7067</dst>
      <dst id="16">2545.3156</dst>
      <dst id="14">5266.5244</dst>
      <dst id="20">2411.2622</dst>
      <dst id="11">4408.2044</dst>
      <dst id="9">5764.2133</dst>
      <dst id="17">16472.3822</dst>
      <dst id="21">7114.5422</dst>
      <dst id="15">349.8044</dst>
    </src>
    <src id="22">
      <dst id="12">7428.2844</dst>
      <dst id="13">3728.8711</dst>
      <dst id="19">301.1556</dst>
      <dst id="23">276.8178</dst>
      <dst id="8">750.1867</dst>
      <dst id="18">953.9467</dst>
      <dst id="4">14643.0756</dst>
      <dst id="1">383.6089</dst>
      <dst id="5">5556.4356</dst>
      <dst id="3">1835.3956</dst>
      <dst id="7">478.6933</dst>
      <dst id="2">3324.4000</dst>
      <dst id="6">5.3333</dst>
      <dst id="16">13.5111</dst>
      <dst id="14">140.8533</dst>
      <dst id="11">2081.4133</dst>
      <dst id="9">2431.1289</dst>
      <dst id="17">3048.6400</dst>
      <dst id="21">546.7733</dst>
    </src>
    <src id="7">
      <dst id="12">7848.3644</dst>
      <dst id="13">610.2933</dst>
      <dst id="19">4989.1467</dst>
      <dst id="23">274.7822</dst>
      <dst id="8">297.8667</dst>
      <dst id="18">136.3467</dst>
      <dst id="4">7887.0222</dst>
      <dst id="1">2384.7200</dst>
      <dst id="5">1592.8000</dst>
      <dst id="3">382.7822</dst>
      <dst id="22">2617.4844</dst>
      <dst id="7">792.6044</dst>
      <dst id="2">6824.3200</dst>
      <dst id="6">57.9111</dst>
      <dst id="16">1683.9378</dst>
      <dst id="14">100.9600</dst>
      <dst id="20">529.1822</dst>
      <dst id="11">659.5467</dst>
      <dst id="9">525.4578</dst>
      <dst id="17">14883.7333</dst>
      <dst id="21">2385.9822</dst>
      <dst id="15">452.7644</dst>
    </src>
    <src id="2">
      <dst id="12">92803.4133</dst>
      <dst id="13">518066.5333</dst>
      <dst id="19">252.3644</dst>
      <dst id="23">50.4889</dst>
      <dst id="8">211.5378</dst>
      <dst id="18">52749.8844</dst>
      <dst id="4">81438.6578</dst>
      <dst id="1">5638.6578</dst>
      <dst id="5">1280.2667</dst>
      <dst id="3">96.0533</dst>
      <dst id="22">11353.5822</dst>
      <dst id="7">3313.9022</dst>
      <dst id="2">815.0044</dst>
      <dst id="6">8766.9511</dst>
      <dst id="16">2485.5022</dst>
      <dst id="14">4671.0844</dst>
      <dst id="20">1167.4756</dst>
      <dst id="11">3250.3733</dst>
      <dst id="9">910.5422</dst>
      <dst id="17">36283.6711</dst>
      <dst id="21">1973.0400</dst>
      <dst id="15">727.2178</dst>
    </src>
    <src id="6">
      <dst id="12">12776.8533</dst>
      <dst id="13">18.3822</dst>
      <dst id="19">1.1556</dst>
      <dst id="23">5.0844</dst>
      <dst id="4">1221.5200</dst>
      <dst id="1">14.9511</dst>
      <dst id="5">40.1689</dst>
      <dst id="22">56.0978</dst>
      <dst id="7">24.3200</dst>
      <dst id="2">2771.4667</dst>
      <dst id="16">1.2267</dst>
      <dst id="14">4.5511</dst>
      <dst id="11">0.3556</dst>
      <dst id="9">110.9956</dst>
      <dst id="17">1600.0444</dst>
      <dst id="21">3.5644</dst>
      <dst id="15">1.1378</dst>
    </src>
    <src id="16">
      <dst id="12">2013.0044</dst>
      <dst id="13">282.6400</dst>
      <dst id="19">4824.0267</dst>
      <dst id="23">211.8311</dst>
      <dst id="8">7905.0578</dst>
      <dst id="18">14.6044</dst>
      <dst id="4">3637.1733</dst>
      <dst id="1">12371.0844</dst>
      <dst id="5">3410.1422</dst>
      <dst id="3">4.5867</dst>
      <dst id="7">2174.6667</dst>
      <dst id="2">388.9067</dst>
      <dst id="6">3.8756</dst>
      <dst id="16">50.9778</dst>
      <dst id="14">508.5511</dst>
      <dst id="11">701.4133</dst>
      <dst id="9">6367.2000</dst>
      <dst id="17">1054.7111</dst>
      <dst id="21">2284.8089</dst>
    </src>
    <src id="14">
      <dst id="12">19749.9822</dst>
      <dst id="13">30.3022</dst>
      <dst id="19">11.9467</dst>
      <dst id="18">7.4311</dst>
      <dst id="4">1710.1156</dst>
      <dst id="1">163.7778</dst>
      <dst id="5">1.8489</dst>
      <dst id="3">89.8133</dst>
      <dst id="22">98.8622</dst>
      <dst id="7">40.5422</dst>
      <dst id="2">6608.8089</dst>
      <dst id="6">0.5067</dst>
      <dst id="16">8.7733</dst>
      <dst id="20">2.6400</dst>
      <dst id="11">37.7689</dst>
      <dst id="9">81.0044</dst>
      <dst id="17">8249.6444</dst>
      <dst id="21">73.0756</dst>
      <dst id="15">35.2889</dst>
    </src>
    <src id="20">
      <dst id="12">5515.2089</dst>
      <dst id="13">4691.8667</dst>
      <dst id="19">30.1956</dst>
      <dst id="23">1.0667</dst>
      <dst id="8">177.8578</dst>
      <dst id="18">5.1822</dst>
      <dst id="4">14490.5778</dst>
      <dst id="1">173.2533</dst>
      <dst id="5">530.0978</dst>
      <dst id="3">280.8800</dst>
      <dst id="22">38.7556</dst>
      <dst id="7">130.1333</dst>
      <dst id="2">5544.5689</dst>
      <dst id="11">195.2622</dst>
      <dst id="9">1689.6800</dst>
      <dst id="17">8784.4267</dst>
      <dst id="21">225.2622</dst>
    </src>
    <src id="11">
      <dst id="12">375942.3556</dst>
      <dst id="13">4879.8222</dst>
      <dst id="19">90.4089</dst>
      <dst id="23">7.5733</dst>
      <dst id="8">108.5067</dst>
      <dst id="18">95.8756</dst>
      <dst id="4">8939.0756</dst>
      <dst id="1">465.8133</dst>
      <dst id="5">1498.4533</dst>
      <dst id="3">266.7022</dst>
      <dst id="22">1621.2800</dst>
      <dst id="7">295.7600</dst>
      <dst id="2">164980.1867</dst>
      <dst id="6">4.0711</dst>
      <dst id="16">131.1111</dst>
      <dst id="14">26.3111</dst>
      <dst id="20">3630.8978</dst>
      <dst id="11">1580.7733</dst>
      <dst id="9">1559.1022</dst>
      <dst id="17">158460.8800</dst>
      <dst id="21">260.8267</dst>
      <dst id="15">160.5156</dst>
    </src>
    <src id="9">
      <dst id="12">423123.7422</dst>
      <dst id="13">2589.1911</dst>
      <dst id="19">45.2622</dst>
      <dst id="23">179.9644</dst>
      <dst id="8">283.6711</dst>
      <dst id="18">43.6711</dst>
      <dst id="4">6629.2978</dst>
      <dst id="1">1638.6933</dst>
      <dst id="5">7700.2044</dst>
      <dst id="3">99.3689</dst>
      <dst id="22">1327.4311</dst>
      <dst id="7">119.3156</dst>
      <dst id="2">160746.8711</dst>
      <dst id="6">4.1156</dst>
      <dst id="16">1296.1956</dst>
      <dst id="14">23.2800</dst>
      <dst id="20">2962.5422</dst>
      <dst id="11">573.9911</dst>
      <dst id="9">306.2400</dst>
      <dst id="17">163685.8578</dst>
      <dst id="21">77.6622</dst>
      <dst id="15">1022.5867</dst>
    </src>
    <src id="17">
      <dst id="12">12675.1022</dst>
      <dst id="13">4121.7511</dst>
      <dst id="19">213.5556</dst>
      <dst id="23">142.4089</dst>
      <dst id="8">134657.2000</dst>
      <dst id="18">1031.7333</dst>
      <dst id="4">28949.0489</dst>
      <dst id="1">2167.1556</dst>
      <dst id="5">221596.7378</dst>
      <dst id="3">3495.8933</dst>
      <dst id="22">6352.9333</dst>
      <dst id="7">1489.3689</dst>
      <dst id="2">8772.0089</dst>
      <dst id="6">1133.7778</dst>
      <dst id="16">5678.4089</dst>
      <dst id="14">45405.4578</dst>
      <dst id="20">736.7911</dst>
      <dst id="11">110114.5244</dst>
      <dst id="9">201182.1867</dst>
      <dst id="17">1561.8844</dst>
      <dst id="21">17179.7867</dst>
      <dst id="15">659.5644</dst>
    </src>
    <src id="21">
      <dst id="12">15248.8622</dst>
      <dst id="13">615.3956</dst>
      <dst id="19">400.2844</dst>
      <dst id="23">66.5067</dst>
      <dst id="8">5.8489</dst>
      <dst id="18">1186.1778</dst>
      <dst id="4">10932.3200</dst>
      <dst id="1">1821.0933</dst>
      <dst id="5">348.9956</dst>
      <dst id="3">989.5467</dst>
      <dst id="22">2147.3689</dst>
      <dst id="7">773.0489</dst>
      <dst id="2">10184.3733</dst>
      <dst id="6">40.9244</dst>
      <dst id="16">310.9244</dst>
      <dst id="14">2265.1200</dst>
      <dst id="20">332.3289</dst>
      <dst id="11">232.8089</dst>
      <dst id="9">333.5111</dst>
      <dst id="17">5070.9244</dst>
      <dst id="21">289.3156</dst>
      <dst id="15">61.5022</dst>
    </src>
    <src id="15">
      <dst id="12">930.9511</dst>
      <dst id="13">1115.7244</dst>
      <dst id="19">1.9644</dst>
      <dst id="23">1.5911</dst>
      <dst id="8">54.5867</dst>
      <dst id="18">10.9511</dst>
      <dst id="4">1136.7111</dst>
      <dst id="1">516.4889</dst>
      <dst id="5">96.3822</dst>
      <dst id="3">40.2400</dst>
      <dst id="7">4.0622</dst>
      <dst id="2">140.1067</dst>
      <dst id="14">11.8667</dst>
      <dst id="11">290.0800</dst>
      <dst id="9">584.8089</dst>
      <dst id="17">443.8578</dst>
      <dst id="21">159.2622</dst>
    </src>
  </IntraTM>
</TrafficMatrixFile>
