<?xml version="1.0" encoding="UTF-8" standalone="yes"?>
<TrafficMatrixFile xmlns:xsi="http://www.w3.org/2001/XMLSchema-instance" xsi:noNamespaceSchemaLocation="http://totem.run.montefiore.ulg.ac.be/Schema/TrafficMatrix-v1_2.xsd">
  <info>
    <title>Intradomain traffic matrix generated by geant-TM-all.pl</title>
    <date>2005-01-02T05:30:00</date>
    <duration>900</duration>
    <author>Steve Uhlig</author>
    <units>
        <unit type="bandwidth" value="kbps"/>
    </units>
  </info>
  <IntraTM ASID="20965">
    <src id="12">
      <dst id="12">268755.1111</dst>
      <dst id="13">16918.2400</dst>
      <dst id="19">7854.4711</dst>
      <dst id="23">174.5600</dst>
      <dst id="8">3875.0222</dst>
      <dst id="18">663.5822</dst>
      <dst id="4">134000.2756</dst>
      <dst id="1">9394.8444</dst>
      <dst id="5">9078.8800</dst>
      <dst id="3">3145.9822</dst>
      <dst id="22">31410.5244</dst>
      <dst id="7">998.0800</dst>
      <dst id="2">101045.9289</dst>
      <dst id="6">726.9867</dst>
      <dst id="16">4526.7111</dst>
      <dst id="14">168.7911</dst>
      <dst id="20">5699.9111</dst>
      <dst id="11">4976.7467</dst>
      <dst id="9">11792.7289</dst>
      <dst id="17">93355.4133</dst>
      <dst id="21">14978.1156</dst>
      <dst id="15">5880.9422</dst>
    </src>
    <src id="13">
      <dst id="12">173994.2400</dst>
      <dst id="19">12190.4622</dst>
      <dst id="23">181.0400</dst>
      <dst id="8">3712.7911</dst>
      <dst id="18">6090.8444</dst>
      <dst id="1">3437.0578</dst>
      <dst id="5">23692.8622</dst>
      <dst id="3">10650.2400</dst>
      <dst id="22">21757.7067</dst>
      <dst id="7">9564.5689</dst>
      <dst id="2">143780.0089</dst>
      <dst id="6">244.0800</dst>
      <dst id="16">12450.9067</dst>
      <dst id="14">2522.8978</dst>
      <dst id="20">20906.0800</dst>
      <dst id="11">16291.3689</dst>
      <dst id="9">20889.8933</dst>
      <dst id="17">105901.8844</dst>
      <dst id="21">22458.6933</dst>
      <dst id="15">3334.1244</dst>
    </src>
    <src id="19">
      <dst id="12">15918.1156</dst>
      <dst id="13">4786.6044</dst>
      <dst id="23">0.7733</dst>
      <dst id="8">73.5378</dst>
      <dst id="18">1.4400</dst>
      <dst id="4">26207.2267</dst>
      <dst id="1">365.5200</dst>
      <dst id="5">130.2578</dst>
      <dst id="22">807.6178</dst>
      <dst id="7">3718.7644</dst>
      <dst id="2">663.1111</dst>
      <dst id="6">52.8178</dst>
      <dst id="16">4907.6089</dst>
      <dst id="14">40.7111</dst>
      <dst id="20">102.1067</dst>
      <dst id="11">173.3067</dst>
      <dst id="9">386.5867</dst>
      <dst id="17">740.9067</dst>
      <dst id="21">213.9911</dst>
      <dst id="15">1.4933</dst>
    </src>
    <src id="23">
      <dst id="12">254.7022</dst>
      <dst id="13">330.2311</dst>
      <dst id="19">26.4800</dst>
      <dst id="8">81.7778</dst>
      <dst id="18">1.8133</dst>
      <dst id="4">321.9022</dst>
      <dst id="1">122.0000</dst>
      <dst id="5">2.1333</dst>
      <dst id="3">201.9822</dst>
      <dst id="22">250.6844</dst>
      <dst id="7">18.7467</dst>
      <dst id="2">251.5822</dst>
      <dst id="16">2.5600</dst>
      <dst id="20">160.8889</dst>
      <dst id="11">86.8089</dst>
      <dst id="9">331.2356</dst>
      <dst id="17">29.7600</dst>
      <dst id="21">2934.9422</dst>
      <dst id="15">40.0000</dst>
    </src>
    <src id="8">
      <dst id="12">350713.6978</dst>
      <dst id="13">13988.3200</dst>
      <dst id="19">94.3200</dst>
      <dst id="23">63.8222</dst>
      <dst id="18">156.2667</dst>
      <dst id="4">6777.8756</dst>
      <dst id="1">14151.5644</dst>
      <dst id="5">1641.0756</dst>
      <dst id="3">2.8000</dst>
      <dst id="22">1849.9911</dst>
      <dst id="7">23.2356</dst>
      <dst id="2">132528.3911</dst>
      <dst id="16">615.4133</dst>
      <dst id="20">1794.8889</dst>
      <dst id="11">378.3200</dst>
      <dst id="9">1930.7733</dst>
      <dst id="17">140023.7778</dst>
      <dst id="21">7529.7067</dst>
      <dst id="15">103.8222</dst>
    </src>
    <src id="18">
      <dst id="12">101250.3644</dst>
      <dst id="13">1630.6222</dst>
      <dst id="19">30.9778</dst>
      <dst id="8">936.4356</dst>
      <dst id="4">2382.7022</dst>
      <dst id="1">1361.0489</dst>
      <dst id="5">173.6978</dst>
      <dst id="3">84.4178</dst>
      <dst id="22">517.4756</dst>
      <dst id="7">567.8489</dst>
      <dst id="2">39772.3378</dst>
      <dst id="16">131.3511</dst>
      <dst id="14">35.1022</dst>
      <dst id="20">215.7778</dst>
      <dst id="11">3418.1156</dst>
      <dst id="9">274.9422</dst>
      <dst id="17">46080.5333</dst>
      <dst id="21">1366.3911</dst>
      <dst id="15">53.1911</dst>
    </src>
    <src id="4">
      <dst id="12">18978.3644</dst>
      <dst id="19">6854.2489</dst>
      <dst id="23">0.3556</dst>
      <dst id="8">2100.7911</dst>
      <dst id="18">2386.6756</dst>
      <dst id="4">28.1067</dst>
      <dst id="1">12228.6133</dst>
      <dst id="5">2175.1378</dst>
      <dst id="3">184.5156</dst>
      <dst id="22">7117.9822</dst>
      <dst id="7">44287.0667</dst>
      <dst id="2">51663.5378</dst>
      <dst id="6">3.3067</dst>
      <dst id="16">2150.0267</dst>
      <dst id="14">1955.6889</dst>
      <dst id="20">6267.2089</dst>
      <dst id="11">12794.6844</dst>
      <dst id="9">4065.1467</dst>
      <dst id="17">68596.4444</dst>
      <dst id="21">6086.4089</dst>
      <dst id="15">600.4889</dst>
    </src>
    <src id="1">
      <dst id="12">17104.0889</dst>
      <dst id="13">1522.1067</dst>
      <dst id="19">133.2889</dst>
      <dst id="23">24.1511</dst>
      <dst id="8">152031.3511</dst>
      <dst id="18">12851.3689</dst>
      <dst id="4">22681.7778</dst>
      <dst id="1">14704.0711</dst>
      <dst id="5">264475.0222</dst>
      <dst id="3">39.5556</dst>
      <dst id="22">4734.5067</dst>
      <dst id="7">2342.2578</dst>
      <dst id="2">10481.5644</dst>
      <dst id="6">7599.0933</dst>
      <dst id="16">8763.2267</dst>
      <dst id="14">2206.6311</dst>
      <dst id="20">47.2533</dst>
      <dst id="11">969.3333</dst>
      <dst id="9">235614.2311</dst>
      <dst id="17">7449.3511</dst>
      <dst id="21">3906.3200</dst>
      <dst id="15">171.1822</dst>
    </src>
    <src id="5">
      <dst id="12">349986.4000</dst>
      <dst id="13">1125.0756</dst>
      <dst id="19">2.1067</dst>
      <dst id="23">27.2000</dst>
      <dst id="8">1399.9289</dst>
      <dst id="18">220.7733</dst>
      <dst id="4">7804.9689</dst>
      <dst id="1">1364.2400</dst>
      <dst id="3">443.0222</dst>
      <dst id="22">5759.5467</dst>
      <dst id="7">571.2267</dst>
      <dst id="2">155254.3289</dst>
      <dst id="16">602.0622</dst>
      <dst id="14">18.1511</dst>
      <dst id="20">2452.3289</dst>
      <dst id="11">2725.9556</dst>
      <dst id="9">1603.9200</dst>
      <dst id="17">112812.1333</dst>
      <dst id="21">502.2400</dst>
      <dst id="15">89.9556</dst>
    </src>
    <src id="3">
      <dst id="12">12824.0089</dst>
      <dst id="13">1312.1244</dst>
      <dst id="19">1654.6844</dst>
      <dst id="23">10.0444</dst>
      <dst id="8">436.6489</dst>
      <dst id="18">97863.1733</dst>
      <dst id="4">44463.0578</dst>
      <dst id="1">9453.2178</dst>
      <dst id="5">572.5689</dst>
      <dst id="3">14348.8089</dst>
      <dst id="22">681.6800</dst>
      <dst id="7">1507.1289</dst>
      <dst id="2">4558.6311</dst>
      <dst id="6">1.2889</dst>
      <dst id="16">1669.0844</dst>
      <dst id="14">44742.1067</dst>
      <dst id="20">444.4000</dst>
      <dst id="11">163708.5067</dst>
      <dst id="9">405.9378</dst>
      <dst id="17">8609.2267</dst>
      <dst id="21">7440.0178</dst>
      <dst id="15">111.1200</dst>
    </src>
    <src id="10">
      <dst id="12">12766.8089</dst>
      <dst id="19">1310.0533</dst>
      <dst id="8">1690.9689</dst>
      <dst id="18">2952.2756</dst>
      <dst id="1">2480.3822</dst>
      <dst id="5">1439.5644</dst>
      <dst id="3">14203.0400</dst>
      <dst id="22">4836.3200</dst>
      <dst id="7">19048.6844</dst>
      <dst id="2">25748.3733</dst>
      <dst id="6">4.1422</dst>
      <dst id="16">1496.4178</dst>
      <dst id="14">2185.5644</dst>
      <dst id="20">1527.4133</dst>
      <dst id="11">2686.7822</dst>
      <dst id="9">4057.8044</dst>
      <dst id="17">10691.7778</dst>
      <dst id="21">21378.7644</dst>
      <dst id="15">905.0578</dst>
    </src>
    <src id="22">
      <dst id="12">11787.0844</dst>
      <dst id="13">3898.0444</dst>
      <dst id="19">127.5911</dst>
      <dst id="23">13.1644</dst>
      <dst id="8">1183.4400</dst>
      <dst id="18">3843.4133</dst>
      <dst id="4">21183.4844</dst>
      <dst id="1">134.4889</dst>
      <dst id="5">5994.1067</dst>
      <dst id="3">398.7556</dst>
      <dst id="7">663.3867</dst>
      <dst id="2">4095.5556</dst>
      <dst id="6">33.7067</dst>
      <dst id="16">11.3778</dst>
      <dst id="14">46.2578</dst>
      <dst id="11">4633.1733</dst>
      <dst id="9">2186.9156</dst>
      <dst id="17">7493.0222</dst>
      <dst id="21">1304.7200</dst>
    </src>
    <src id="7">
      <dst id="12">5729.1467</dst>
      <dst id="13">196.8267</dst>
      <dst id="19">806.1600</dst>
      <dst id="23">444.9956</dst>
      <dst id="8">269.9644</dst>
      <dst id="18">91.8756</dst>
      <dst id="4">75316.8356</dst>
      <dst id="1">3195.8311</dst>
      <dst id="5">1447.3422</dst>
      <dst id="3">226.9333</dst>
      <dst id="22">3635.7600</dst>
      <dst id="7">736.3644</dst>
      <dst id="2">7728.8178</dst>
      <dst id="6">56.3022</dst>
      <dst id="16">589.7333</dst>
      <dst id="14">127.8222</dst>
      <dst id="20">1075.8933</dst>
      <dst id="11">2393.5911</dst>
      <dst id="9">1803.7067</dst>
      <dst id="17">8357.7689</dst>
      <dst id="21">15503.6622</dst>
      <dst id="15">228.6756</dst>
    </src>
    <src id="2">
      <dst id="12">122766.7822</dst>
      <dst id="13">17862.7556</dst>
      <dst id="19">9125.8933</dst>
      <dst id="23">13.3333</dst>
      <dst id="8">2979.4311</dst>
      <dst id="18">104284.2667</dst>
      <dst id="4">122707.2711</dst>
      <dst id="1">5600.9689</dst>
      <dst id="5">1745.9289</dst>
      <dst id="3">52.5867</dst>
      <dst id="22">2359.6711</dst>
      <dst id="7">4187.9822</dst>
      <dst id="2">998.6133</dst>
      <dst id="6">7662.2311</dst>
      <dst id="16">3575.7867</dst>
      <dst id="14">1453.9911</dst>
      <dst id="20">996.5244</dst>
      <dst id="11">3053.8222</dst>
      <dst id="9">2196.0978</dst>
      <dst id="17">32973.6978</dst>
      <dst id="21">3649.1556</dst>
      <dst id="15">245.7422</dst>
    </src>
    <src id="6">
      <dst id="12">10679.2356</dst>
      <dst id="13">4.6756</dst>
      <dst id="19">2.6311</dst>
      <dst id="23">13.8311</dst>
      <dst id="4">67.0400</dst>
      <dst id="1">63.6178</dst>
      <dst id="5">12.8000</dst>
      <dst id="22">32.2400</dst>
      <dst id="7">2.0089</dst>
      <dst id="2">2026.3644</dst>
      <dst id="16">42.8089</dst>
      <dst id="11">11.9289</dst>
      <dst id="9">27.0667</dst>
      <dst id="17">1485.0400</dst>
      <dst id="21">15.2444</dst>
    </src>
    <src id="16">
      <dst id="12">5466.2933</dst>
      <dst id="13">748.2933</dst>
      <dst id="19">3520.9956</dst>
      <dst id="23">1.1022</dst>
      <dst id="8">5629.4044</dst>
      <dst id="18">4.8978</dst>
      <dst id="4">10049.5556</dst>
      <dst id="1">18291.0844</dst>
      <dst id="5">9475.7333</dst>
      <dst id="3">4.8533</dst>
      <dst id="7">3503.2000</dst>
      <dst id="2">976.0089</dst>
      <dst id="6">0.3556</dst>
      <dst id="16">75.1378</dst>
      <dst id="14">241.3689</dst>
      <dst id="11">249.6089</dst>
      <dst id="9">11416.3022</dst>
      <dst id="17">1333.4044</dst>
      <dst id="21">411.6889</dst>
    </src>
    <src id="14">
      <dst id="12">21967.4489</dst>
      <dst id="13">76.8444</dst>
      <dst id="19">187.4578</dst>
      <dst id="8">0.3556</dst>
      <dst id="18">13.5467</dst>
      <dst id="4">2973.0667</dst>
      <dst id="1">68.7822</dst>
      <dst id="5">321.4222</dst>
      <dst id="3">66.0089</dst>
      <dst id="22">3.9022</dst>
      <dst id="7">79.7867</dst>
      <dst id="2">7843.6889</dst>
      <dst id="16">6.3467</dst>
      <dst id="20">28.1333</dst>
      <dst id="11">94.4089</dst>
      <dst id="9">0.4622</dst>
      <dst id="17">8622.9778</dst>
      <dst id="21">56.8444</dst>
      <dst id="15">0.4533</dst>
    </src>
    <src id="20">
      <dst id="12">6382.8800</dst>
      <dst id="13">5157.1022</dst>
      <dst id="19">599.7956</dst>
      <dst id="23">1.9911</dst>
      <dst id="8">345.9200</dst>
      <dst id="18">78.8800</dst>
      <dst id="4">26225.9022</dst>
      <dst id="1">77.8311</dst>
      <dst id="5">5445.9378</dst>
      <dst id="3">13397.6978</dst>
      <dst id="7">90.5867</dst>
      <dst id="2">14078.5600</dst>
      <dst id="14">3.8756</dst>
      <dst id="11">552.5778</dst>
      <dst id="9">17337.3600</dst>
      <dst id="17">719.0844</dst>
      <dst id="21">1391.7689</dst>
    </src>
    <src id="11">
      <dst id="12">459768.6667</dst>
      <dst id="13">2917.5911</dst>
      <dst id="19">240.7911</dst>
      <dst id="23">4.0089</dst>
      <dst id="8">2054.7200</dst>
      <dst id="18">687.2089</dst>
      <dst id="4">15471.1556</dst>
      <dst id="1">705.5467</dst>
      <dst id="5">1396.3467</dst>
      <dst id="3">1033.0756</dst>
      <dst id="22">2899.1822</dst>
      <dst id="7">213.9467</dst>
      <dst id="2">163625.5111</dst>
      <dst id="6">1.6356</dst>
      <dst id="16">889.1644</dst>
      <dst id="14">147.5289</dst>
      <dst id="20">1509.5556</dst>
      <dst id="11">2113.0844</dst>
      <dst id="9">1448.3644</dst>
      <dst id="17">157104.2222</dst>
      <dst id="21">878.8444</dst>
      <dst id="15">245.1111</dst>
    </src>
    <src id="9">
      <dst id="12">515974.6667</dst>
      <dst id="13">6123.5556</dst>
      <dst id="19">125.7778</dst>
      <dst id="23">112.6400</dst>
      <dst id="8">1230.9867</dst>
      <dst id="18">402.3911</dst>
      <dst id="4">15422.9778</dst>
      <dst id="1">1376.3556</dst>
      <dst id="5">7537.1378</dst>
      <dst id="3">106.1778</dst>
      <dst id="22">3209.6267</dst>
      <dst id="7">360.5333</dst>
      <dst id="2">186244.3200</dst>
      <dst id="6">13.5467</dst>
      <dst id="16">658.2489</dst>
      <dst id="14">0.4622</dst>
      <dst id="20">3807.9733</dst>
      <dst id="11">3296.1511</dst>
      <dst id="9">336.7111</dst>
      <dst id="17">187570.1244</dst>
      <dst id="21">15800.7022</dst>
      <dst id="15">18016.6133</dst>
    </src>
    <src id="17">
      <dst id="12">15157.4400</dst>
      <dst id="13">5313.7600</dst>
      <dst id="19">732.0889</dst>
      <dst id="23">125.9822</dst>
      <dst id="8">165518.8000</dst>
      <dst id="18">11498.3200</dst>
      <dst id="4">180067.3511</dst>
      <dst id="1">3098.4711</dst>
      <dst id="5">247217.0222</dst>
      <dst id="3">11226.5333</dst>
      <dst id="22">12203.2089</dst>
      <dst id="7">10596.9156</dst>
      <dst id="2">13118.8800</dst>
      <dst id="6">64.0000</dst>
      <dst id="16">3097.6711</dst>
      <dst id="14">50437.2800</dst>
      <dst id="20">3787.6356</dst>
      <dst id="11">120029.2889</dst>
      <dst id="9">222847.1378</dst>
      <dst id="17">1601.3156</dst>
      <dst id="21">18863.9644</dst>
      <dst id="15">48.1867</dst>
    </src>
    <src id="21">
      <dst id="12">22340.7911</dst>
      <dst id="13">779.6889</dst>
      <dst id="19">264.9422</dst>
      <dst id="23">144.7200</dst>
      <dst id="8">417.2178</dst>
      <dst id="18">3166.4356</dst>
      <dst id="4">36142.2756</dst>
      <dst id="1">1260.5067</dst>
      <dst id="5">3324.9689</dst>
      <dst id="3">927.7511</dst>
      <dst id="22">3439.3067</dst>
      <dst id="7">3519.2089</dst>
      <dst id="2">9624.0533</dst>
      <dst id="6">2.7467</dst>
      <dst id="16">306.4800</dst>
      <dst id="14">46.9156</dst>
      <dst id="20">410.7467</dst>
      <dst id="11">872.6400</dst>
      <dst id="9">2316.8711</dst>
      <dst id="17">10179.1644</dst>
      <dst id="21">2875.6000</dst>
      <dst id="15">80.7378</dst>
    </src>
    <src id="15">
      <dst id="12">8408.4978</dst>
      <dst id="13">1805.7867</dst>
      <dst id="19">27.3067</dst>
      <dst id="23">1.5644</dst>
      <dst id="8">8.0356</dst>
      <dst id="18">15.4133</dst>
      <dst id="4">11900.1511</dst>
      <dst id="1">492.8711</dst>
      <dst id="5">131.5378</dst>
      <dst id="3">8.2311</dst>
      <dst id="7">33.9911</dst>
      <dst id="2">159.9556</dst>
      <dst id="6">0.3556</dst>
      <dst id="11">435.9289</dst>
      <dst id="9">780.7822</dst>
      <dst id="17">120.7644</dst>
      <dst id="21">71.4667</dst>
    </src>
  </IntraTM>
</TrafficMatrixFile>
