<?xml version="1.0" encoding="UTF-8" standalone="yes"?>
<TrafficMatrixFile xmlns:xsi="http://www.w3.org/2001/XMLSchema-instance" xsi:noNamespaceSchemaLocation="http://totem.run.montefiore.ulg.ac.be/Schema/TrafficMatrix-v1_2.xsd">
  <info>
    <title>Intradomain traffic matrix generated by geant-TM-all.pl</title>
    <date>2005-01-01T08:15:00</date>
    <duration>900</duration>
    <author>Steve Uhlig</author>
    <units>
        <unit type="bandwidth" value="kbps"/>
    </units>
  </info>
  <IntraTM ASID="20965">
    <src id="12">
      <dst id="12">259618.2844</dst>
      <dst id="13">28760.2667</dst>
      <dst id="19">1652.3289</dst>
      <dst id="23">207.9644</dst>
      <dst id="8">3686.9156</dst>
      <dst id="18">930.6933</dst>
      <dst id="4">109276.1778</dst>
      <dst id="1">7706.7911</dst>
      <dst id="5">5391.5733</dst>
      <dst id="3">8265.7956</dst>
      <dst id="22">8593.3244</dst>
      <dst id="7">12452.1067</dst>
      <dst id="2">89034.5244</dst>
      <dst id="6">1101.3689</dst>
      <dst id="16">7271.9378</dst>
      <dst id="14">1679.6089</dst>
      <dst id="20">36458.2400</dst>
      <dst id="11">5247.4311</dst>
      <dst id="9">9595.4933</dst>
      <dst id="17">66614.2756</dst>
      <dst id="21">15411.0756</dst>
      <dst id="15">2465.1289</dst>
    </src>
    <src id="13">
      <dst id="12">57517.0844</dst>
      <dst id="19">7667.6889</dst>
      <dst id="23">190.8000</dst>
      <dst id="8">5549.3778</dst>
      <dst id="18">2918.5600</dst>
      <dst id="4">3.2000</dst>
      <dst id="1">1820.9333</dst>
      <dst id="5">8832.9778</dst>
      <dst id="3">8193.3156</dst>
      <dst id="22">25630.3911</dst>
      <dst id="7">9208.9422</dst>
      <dst id="2">116629.7600</dst>
      <dst id="6">154.6133</dst>
      <dst id="16">10981.2622</dst>
      <dst id="14">2263.6800</dst>
      <dst id="20">8876.5244</dst>
      <dst id="11">21182.2578</dst>
      <dst id="9">29689.2800</dst>
      <dst id="17">77515.8756</dst>
      <dst id="21">18061.0489</dst>
      <dst id="15">5418.1956</dst>
    </src>
    <src id="19">
      <dst id="12">14457.0044</dst>
      <dst id="13">3194.5600</dst>
      <dst id="8">26.6667</dst>
      <dst id="18">2.8444</dst>
      <dst id="4">18696.2133</dst>
      <dst id="1">66.3200</dst>
      <dst id="5">151.0489</dst>
      <dst id="3">542.3289</dst>
      <dst id="22">1029.1200</dst>
      <dst id="7">2773.6356</dst>
      <dst id="2">573.8578</dst>
      <dst id="6">38.7822</dst>
      <dst id="16">7100.9511</dst>
      <dst id="14">0.6222</dst>
      <dst id="20">9.1022</dst>
      <dst id="11">1671.6978</dst>
      <dst id="9">4538.4711</dst>
      <dst id="17">648.8978</dst>
      <dst id="21">371.8311</dst>
      <dst id="15">1570.5600</dst>
    </src>
    <src id="23">
      <dst id="12">214.7556</dst>
      <dst id="13">57.7778</dst>
      <dst id="19">0.4978</dst>
      <dst id="8">0.4622</dst>
      <dst id="18">13.6889</dst>
      <dst id="4">359.0400</dst>
      <dst id="1">50.8444</dst>
      <dst id="5">56.2311</dst>
      <dst id="3">44.6044</dst>
      <dst id="22">55.5022</dst>
      <dst id="7">193.3067</dst>
      <dst id="2">35.2889</dst>
      <dst id="16">48.3822</dst>
      <dst id="20">27.1289</dst>
      <dst id="11">4227.2800</dst>
      <dst id="9">505.5022</dst>
      <dst id="17">155.1644</dst>
      <dst id="21">2331.5733</dst>
      <dst id="15">40.0000</dst>
    </src>
    <src id="8">
      <dst id="12">342072.3911</dst>
      <dst id="13">2454.6400</dst>
      <dst id="19">2.4711</dst>
      <dst id="23">141.5822</dst>
      <dst id="18">40.3822</dst>
      <dst id="4">11241.2089</dst>
      <dst id="1">120.8089</dst>
      <dst id="5">824.8178</dst>
      <dst id="3">51.0933</dst>
      <dst id="22">671.5289</dst>
      <dst id="7">21.9733</dst>
      <dst id="2">117304.2044</dst>
      <dst id="6">14.4000</dst>
      <dst id="16">516.0622</dst>
      <dst id="14">0.7644</dst>
      <dst id="20">230.9867</dst>
      <dst id="11">271.6000</dst>
      <dst id="9">727.6711</dst>
      <dst id="17">77037.1022</dst>
      <dst id="21">89.3511</dst>
      <dst id="15">1064.1067</dst>
    </src>
    <src id="18">
      <dst id="12">134310.5067</dst>
      <dst id="13">173.3956</dst>
      <dst id="19">0.3556</dst>
      <dst id="23">0.7111</dst>
      <dst id="8">2.7200</dst>
      <dst id="4">2719.2444</dst>
      <dst id="1">1042.2667</dst>
      <dst id="5">301.4756</dst>
      <dst id="3">9.3867</dst>
      <dst id="22">522.6222</dst>
      <dst id="7">44.3467</dst>
      <dst id="2">39750.6844</dst>
      <dst id="16">91.2444</dst>
      <dst id="20">47.3600</dst>
      <dst id="11">26.0444</dst>
      <dst id="9">237.7333</dst>
      <dst id="17">33564.8267</dst>
      <dst id="21">986.3822</dst>
      <dst id="15">46.4711</dst>
    </src>
    <src id="4">
      <dst id="12">79595.4400</dst>
      <dst id="19">9951.9644</dst>
      <dst id="23">1.1733</dst>
      <dst id="8">663.5644</dst>
      <dst id="18">641.3778</dst>
      <dst id="4">0.7111</dst>
      <dst id="1">1867.8489</dst>
      <dst id="5">1322.5956</dst>
      <dst id="3">7799.6178</dst>
      <dst id="22">6268.9689</dst>
      <dst id="7">53884.4089</dst>
      <dst id="2">36370.7200</dst>
      <dst id="6">2.3111</dst>
      <dst id="16">1123.7689</dst>
      <dst id="14">1989.2889</dst>
      <dst id="20">1114.2400</dst>
      <dst id="11">7061.8044</dst>
      <dst id="9">2638.5422</dst>
      <dst id="17">69240.7200</dst>
      <dst id="21">5863.4400</dst>
      <dst id="15">2146.9156</dst>
    </src>
    <src id="1">
      <dst id="12">15841.9467</dst>
      <dst id="13">319.9200</dst>
      <dst id="19">1845.3867</dst>
      <dst id="23">1.9378</dst>
      <dst id="8">109956.2844</dst>
      <dst id="18">11869.0667</dst>
      <dst id="4">13010.5956</dst>
      <dst id="1">66.3111</dst>
      <dst id="5">187784.5600</dst>
      <dst id="3">36870.5600</dst>
      <dst id="22">4754.8267</dst>
      <dst id="7">16809.9467</dst>
      <dst id="2">2236.7378</dst>
      <dst id="6">9888.3289</dst>
      <dst id="16">15696.1244</dst>
      <dst id="14">302.8889</dst>
      <dst id="20">284.8711</dst>
      <dst id="11">1151.0933</dst>
      <dst id="9">208116.4800</dst>
      <dst id="17">13217.4756</dst>
      <dst id="21">7046.6400</dst>
      <dst id="15">115.3511</dst>
    </src>
    <src id="5">
      <dst id="12">341839.9911</dst>
      <dst id="13">2914.3556</dst>
      <dst id="19">923.8133</dst>
      <dst id="23">3.1644</dst>
      <dst id="8">981.4933</dst>
      <dst id="18">99.5911</dst>
      <dst id="4">7659.0578</dst>
      <dst id="1">46.7733</dst>
      <dst id="3">316.8444</dst>
      <dst id="22">5909.0756</dst>
      <dst id="7">23.4756</dst>
      <dst id="2">167008.0889</dst>
      <dst id="6">23.8222</dst>
      <dst id="16">348.9511</dst>
      <dst id="14">69.4044</dst>
      <dst id="20">2242.2222</dst>
      <dst id="11">2566.8711</dst>
      <dst id="9">1014.0533</dst>
      <dst id="17">80159.1289</dst>
      <dst id="21">457.9822</dst>
      <dst id="15">294.1156</dst>
    </src>
    <src id="3">
      <dst id="12">9727.7778</dst>
      <dst id="13">12605.4044</dst>
      <dst id="19">4596.9600</dst>
      <dst id="23">413.2089</dst>
      <dst id="8">141.2711</dst>
      <dst id="18">86789.4489</dst>
      <dst id="4">60527.6000</dst>
      <dst id="1">50998.2222</dst>
      <dst id="5">132.0356</dst>
      <dst id="3">14917.7067</dst>
      <dst id="22">542.8533</dst>
      <dst id="7">2362.2133</dst>
      <dst id="2">3801.3422</dst>
      <dst id="6">13.3333</dst>
      <dst id="16">1208.6133</dst>
      <dst id="14">32033.9911</dst>
      <dst id="20">1036.0711</dst>
      <dst id="11">128893.8133</dst>
      <dst id="9">105.1556</dst>
      <dst id="17">11106.4089</dst>
      <dst id="21">10121.7689</dst>
      <dst id="15">28.2311</dst>
    </src>
    <src id="10">
      <dst id="12">16660.0622</dst>
      <dst id="19">1052.1689</dst>
      <dst id="8">1424.1333</dst>
      <dst id="18">5284.6756</dst>
      <dst id="1">390.9867</dst>
      <dst id="5">2421.4489</dst>
      <dst id="3">3723.4844</dst>
      <dst id="22">6546.7111</dst>
      <dst id="7">4188.8711</dst>
      <dst id="2">24777.0489</dst>
      <dst id="6">207.9022</dst>
      <dst id="16">7745.9289</dst>
      <dst id="14">3218.3644</dst>
      <dst id="20">3325.1467</dst>
      <dst id="11">4151.9022</dst>
      <dst id="9">5060.0444</dst>
      <dst id="17">29214.4000</dst>
      <dst id="21">17667.0133</dst>
      <dst id="15">3275.7956</dst>
    </src>
    <src id="22">
      <dst id="12">7720.6222</dst>
      <dst id="13">2271.1644</dst>
      <dst id="19">244.2667</dst>
      <dst id="23">164.3378</dst>
      <dst id="8">624.3022</dst>
      <dst id="18">1152.9067</dst>
      <dst id="4">24713.2533</dst>
      <dst id="1">435.2178</dst>
      <dst id="5">5889.0489</dst>
      <dst id="3">1341.7867</dst>
      <dst id="7">1806.4889</dst>
      <dst id="2">2593.5822</dst>
      <dst id="6">84.0533</dst>
      <dst id="16">3.3778</dst>
      <dst id="14">103.5911</dst>
      <dst id="11">5806.3822</dst>
      <dst id="9">1052.1422</dst>
      <dst id="17">3781.5911</dst>
      <dst id="21">693.5200</dst>
    </src>
    <src id="7">
      <dst id="12">5865.4133</dst>
      <dst id="13">630.1244</dst>
      <dst id="19">320.8622</dst>
      <dst id="23">63.4311</dst>
      <dst id="8">995.7511</dst>
      <dst id="18">1880.0622</dst>
      <dst id="4">45482.4800</dst>
      <dst id="1">19721.6622</dst>
      <dst id="5">1344.1422</dst>
      <dst id="3">3362.2222</dst>
      <dst id="22">7616.9778</dst>
      <dst id="7">831.1111</dst>
      <dst id="2">6538.1333</dst>
      <dst id="6">3.9200</dst>
      <dst id="16">878.4000</dst>
      <dst id="14">91.8400</dst>
      <dst id="20">542.1956</dst>
      <dst id="11">790.1422</dst>
      <dst id="9">604.6044</dst>
      <dst id="17">19844.8978</dst>
      <dst id="21">9204.8800</dst>
      <dst id="15">213.8578</dst>
    </src>
    <src id="2">
      <dst id="12">94848.8978</dst>
      <dst id="13">14147.7511</dst>
      <dst id="19">1535.8400</dst>
      <dst id="23">13.3333</dst>
      <dst id="8">380.8889</dst>
      <dst id="18">75885.4044</dst>
      <dst id="4">123730.9600</dst>
      <dst id="1">1624.0800</dst>
      <dst id="5">2559.0489</dst>
      <dst id="3">4398.5422</dst>
      <dst id="22">1930.4978</dst>
      <dst id="7">2889.1911</dst>
      <dst id="2">383.0400</dst>
      <dst id="6">5760.2222</dst>
      <dst id="16">4663.2267</dst>
      <dst id="14">284.4800</dst>
      <dst id="20">1291.5378</dst>
      <dst id="11">3762.0533</dst>
      <dst id="9">863.7867</dst>
      <dst id="17">23248.5333</dst>
      <dst id="21">3348.2311</dst>
      <dst id="15">540.9156</dst>
    </src>
    <src id="6">
      <dst id="12">10264.5333</dst>
      <dst id="13">4.9956</dst>
      <dst id="19">14.8622</dst>
      <dst id="23">0.5244</dst>
      <dst id="8">50.2044</dst>
      <dst id="18">0.6667</dst>
      <dst id="4">211.3600</dst>
      <dst id="5">12.0533</dst>
      <dst id="22">3.8578</dst>
      <dst id="7">81.3778</dst>
      <dst id="2">1669.9911</dst>
      <dst id="16">0.5956</dst>
      <dst id="11">11.4667</dst>
      <dst id="9">12.8000</dst>
      <dst id="17">1169.1022</dst>
      <dst id="21">40.9689</dst>
    </src>
    <src id="16">
      <dst id="12">3436.3378</dst>
      <dst id="13">2323.1911</dst>
      <dst id="19">4230.7822</dst>
      <dst id="23">0.8533</dst>
      <dst id="8">4366.6933</dst>
      <dst id="18">52.7733</dst>
      <dst id="4">7279.2889</dst>
      <dst id="1">9696.7733</dst>
      <dst id="5">2158.9778</dst>
      <dst id="3">2914.7378</dst>
      <dst id="7">2270.2844</dst>
      <dst id="2">864.1867</dst>
      <dst id="6">1.8133</dst>
      <dst id="16">41.1289</dst>
      <dst id="14">0.4267</dst>
      <dst id="11">769.1289</dst>
      <dst id="9">3451.9733</dst>
      <dst id="17">14246.9778</dst>
      <dst id="21">145.8667</dst>
    </src>
    <src id="14">
      <dst id="12">19521.6889</dst>
      <dst id="13">133.5289</dst>
      <dst id="19">5.2267</dst>
      <dst id="4">2911.7067</dst>
      <dst id="1">48.4622</dst>
      <dst id="5">11.2622</dst>
      <dst id="3">71.4578</dst>
      <dst id="22">26.5867</dst>
      <dst id="7">77.5822</dst>
      <dst id="2">7096.8000</dst>
      <dst id="16">1.6444</dst>
      <dst id="20">25.9556</dst>
      <dst id="11">49.4133</dst>
      <dst id="17">4843.5022</dst>
      <dst id="21">59.7067</dst>
      <dst id="15">0.4622</dst>
    </src>
    <src id="20">
      <dst id="12">6930.6222</dst>
      <dst id="13">1778.7822</dst>
      <dst id="19">282.5422</dst>
      <dst id="8">109.8222</dst>
      <dst id="18">176.2222</dst>
      <dst id="4">14765.5200</dst>
      <dst id="1">7334.6311</dst>
      <dst id="5">2131.6711</dst>
      <dst id="3">12892.4889</dst>
      <dst id="7">154.4356</dst>
      <dst id="2">5974.3556</dst>
      <dst id="6">0.4356</dst>
      <dst id="11">1748.5867</dst>
      <dst id="9">2158.0444</dst>
      <dst id="17">3792.3644</dst>
      <dst id="21">810.5511</dst>
    </src>
    <src id="11">
      <dst id="12">410997.9911</dst>
      <dst id="13">1610.8267</dst>
      <dst id="19">154.6311</dst>
      <dst id="23">1474.4000</dst>
      <dst id="8">96.7378</dst>
      <dst id="18">154.2133</dst>
      <dst id="4">15966.0533</dst>
      <dst id="1">617.8044</dst>
      <dst id="5">644.0356</dst>
      <dst id="3">2379.4222</dst>
      <dst id="22">8556.8444</dst>
      <dst id="7">274.5422</dst>
      <dst id="2">155147.8756</dst>
      <dst id="6">2.8444</dst>
      <dst id="16">1882.1689</dst>
      <dst id="14">46.5422</dst>
      <dst id="20">1169.4489</dst>
      <dst id="11">1589.7511</dst>
      <dst id="9">422.9956</dst>
      <dst id="17">88679.1733</dst>
      <dst id="21">1267.4400</dst>
      <dst id="15">469.3689</dst>
    </src>
    <src id="9">
      <dst id="12">534098.8711</dst>
      <dst id="13">3085.0844</dst>
      <dst id="19">59.1644</dst>
      <dst id="23">15.3956</dst>
      <dst id="8">432.6844</dst>
      <dst id="18">3852.9422</dst>
      <dst id="4">19278.7822</dst>
      <dst id="1">120.6311</dst>
      <dst id="5">1951.5556</dst>
      <dst id="3">270.8978</dst>
      <dst id="22">7035.3156</dst>
      <dst id="7">958.5067</dst>
      <dst id="2">162615.0311</dst>
      <dst id="16">317.3067</dst>
      <dst id="14">1.1378</dst>
      <dst id="20">1149.1822</dst>
      <dst id="11">783.8044</dst>
      <dst id="9">1611.0578</dst>
      <dst id="17">133650.2667</dst>
      <dst id="21">661.2178</dst>
      <dst id="15">581.9111</dst>
    </src>
    <src id="17">
      <dst id="12">18048.4356</dst>
      <dst id="13">7139.0044</dst>
      <dst id="19">19144.2489</dst>
      <dst id="23">145.5467</dst>
      <dst id="8">107851.2000</dst>
      <dst id="18">1660.7289</dst>
      <dst id="4">87583.7422</dst>
      <dst id="1">4165.9733</dst>
      <dst id="5">197613.6978</dst>
      <dst id="3">25596.6489</dst>
      <dst id="22">8408.9333</dst>
      <dst id="7">38061.6178</dst>
      <dst id="2">14448.0000</dst>
      <dst id="6">38.3200</dst>
      <dst id="16">5023.1200</dst>
      <dst id="14">21899.6089</dst>
      <dst id="20">3506.1067</dst>
      <dst id="11">106249.4667</dst>
      <dst id="9">206814.6667</dst>
      <dst id="17">1503.4400</dst>
      <dst id="21">7753.5911</dst>
      <dst id="15">65.7956</dst>
    </src>
    <src id="21">
      <dst id="12">23692.3556</dst>
      <dst id="13">1379.9378</dst>
      <dst id="19">198.6311</dst>
      <dst id="23">111.2622</dst>
      <dst id="8">59.7778</dst>
      <dst id="18">4791.3067</dst>
      <dst id="4">27898.5244</dst>
      <dst id="1">2034.0622</dst>
      <dst id="5">413.6978</dst>
      <dst id="3">898.3289</dst>
      <dst id="22">1477.5733</dst>
      <dst id="7">963.8933</dst>
      <dst id="2">11972.6311</dst>
      <dst id="6">4.0622</dst>
      <dst id="16">100.2133</dst>
      <dst id="14">257.2889</dst>
      <dst id="20">274.5689</dst>
      <dst id="11">4736.8178</dst>
      <dst id="9">508.5156</dst>
      <dst id="17">4139.1822</dst>
      <dst id="21">2138.9600</dst>
      <dst id="15">93.8667</dst>
    </src>
    <src id="15">
      <dst id="12">6974.9422</dst>
      <dst id="13">1150.0622</dst>
      <dst id="19">3221.0844</dst>
      <dst id="23">2.7378</dst>
      <dst id="8">377.6000</dst>
      <dst id="18">5.2889</dst>
      <dst id="4">3383.3156</dst>
      <dst id="1">104.4622</dst>
      <dst id="5">215.4489</dst>
      <dst id="3">378.9778</dst>
      <dst id="7">14.2578</dst>
      <dst id="2">639.8933</dst>
      <dst id="11">141.0400</dst>
      <dst id="9">463.7600</dst>
      <dst id="17">1630.0356</dst>
      <dst id="21">138.6933</dst>
    </src>
  </IntraTM>
</TrafficMatrixFile>
