<?xml version="1.0" encoding="UTF-8" standalone="yes"?>
<TrafficMatrixFile xmlns:xsi="http://www.w3.org/2001/XMLSchema-instance" xsi:noNamespaceSchemaLocation="http://totem.run.montefiore.ulg.ac.be/Schema/TrafficMatrix-v1_2.xsd">
  <info>
    <title>Intradomain traffic matrix generated by geant-TM-all.pl</title>
    <date>2005-01-02T16:00:00</date>
    <duration>900</duration>
    <author>Steve Uhlig</author>
    <units>
        <unit type="bandwidth" value="kbps"/>
    </units>
  </info>
  <IntraTM ASID="20965">
    <src id="12">
      <dst id="12">273337.5378</dst>
      <dst id="13">15596.7200</dst>
      <dst id="19">3884.1511</dst>
      <dst id="23">734.8978</dst>
      <dst id="8">3420.6489</dst>
      <dst id="18">779.6800</dst>
      <dst id="4">92744.3111</dst>
      <dst id="1">6922.4444</dst>
      <dst id="5">2718.6756</dst>
      <dst id="3">1623.6889</dst>
      <dst id="22">8098.5067</dst>
      <dst id="7">1112.6400</dst>
      <dst id="2">62712.2667</dst>
      <dst id="6">52.8711</dst>
      <dst id="16">5034.1422</dst>
      <dst id="14">166.7200</dst>
      <dst id="20">3019.4489</dst>
      <dst id="11">8829.1822</dst>
      <dst id="9">6274.1778</dst>
      <dst id="17">63220.3467</dst>
      <dst id="21">10748.9422</dst>
      <dst id="15">1503.3867</dst>
    </src>
    <src id="13">
      <dst id="12">48307.1733</dst>
      <dst id="19">7260.4711</dst>
      <dst id="23">12.5067</dst>
      <dst id="8">4243.2356</dst>
      <dst id="18">2596.9778</dst>
      <dst id="1">5016.8711</dst>
      <dst id="5">8147.0844</dst>
      <dst id="3">6481.9822</dst>
      <dst id="22">25237.1911</dst>
      <dst id="7">8987.6800</dst>
      <dst id="2">48853.1378</dst>
      <dst id="6">27.4667</dst>
      <dst id="16">9172.6489</dst>
      <dst id="14">1579.1733</dst>
      <dst id="20">12817.1556</dst>
      <dst id="11">19121.0933</dst>
      <dst id="9">22196.4444</dst>
      <dst id="17">37834.5156</dst>
      <dst id="21">11131.4400</dst>
      <dst id="15">3756.4089</dst>
    </src>
    <src id="19">
      <dst id="12">12570.8533</dst>
      <dst id="13">195.5111</dst>
      <dst id="23">78.9333</dst>
      <dst id="8">621.0400</dst>
      <dst id="18">29.1644</dst>
      <dst id="4">21711.2533</dst>
      <dst id="1">942.5333</dst>
      <dst id="5">442.4622</dst>
      <dst id="3">14.2311</dst>
      <dst id="22">362.8533</dst>
      <dst id="7">3497.6444</dst>
      <dst id="2">3357.6444</dst>
      <dst id="6">170.3556</dst>
      <dst id="16">11071.5111</dst>
      <dst id="14">10.5156</dst>
      <dst id="20">45.5556</dst>
      <dst id="11">466.4533</dst>
      <dst id="9">6307.4311</dst>
      <dst id="17">339.2089</dst>
      <dst id="21">465.5200</dst>
    </src>
    <src id="23">
      <dst id="12">312.1778</dst>
      <dst id="13">31.6178</dst>
      <dst id="19">254.9511</dst>
      <dst id="8">141.4489</dst>
      <dst id="18">1.0400</dst>
      <dst id="4">44.6222</dst>
      <dst id="1">34.5156</dst>
      <dst id="5">67.9733</dst>
      <dst id="3">39.1911</dst>
      <dst id="22">347.2711</dst>
      <dst id="7">1322.0800</dst>
      <dst id="2">17.2711</dst>
      <dst id="16">795.1289</dst>
      <dst id="14">26.6667</dst>
      <dst id="20">26.6667</dst>
      <dst id="11">1118.0000</dst>
      <dst id="9">217.7067</dst>
      <dst id="17">1785.6444</dst>
      <dst id="21">240.5867</dst>
    </src>
    <src id="8">
      <dst id="12">253465.0133</dst>
      <dst id="13">437.7689</dst>
      <dst id="19">11.3689</dst>
      <dst id="23">56.2489</dst>
      <dst id="18">60.3911</dst>
      <dst id="4">5355.7956</dst>
      <dst id="1">194.1867</dst>
      <dst id="5">1220.8000</dst>
      <dst id="3">0.3556</dst>
      <dst id="22">3745.3956</dst>
      <dst id="7">100.5600</dst>
      <dst id="2">92312.3556</dst>
      <dst id="16">368.6222</dst>
      <dst id="14">0.7022</dst>
      <dst id="20">1139.8667</dst>
      <dst id="11">1666.5511</dst>
      <dst id="9">1286.4178</dst>
      <dst id="17">81244.3378</dst>
      <dst id="21">285.0756</dst>
      <dst id="15">1.7778</dst>
    </src>
    <src id="18">
      <dst id="12">94246.5067</dst>
      <dst id="13">95.3778</dst>
      <dst id="19">1.2089</dst>
      <dst id="23">1.4844</dst>
      <dst id="8">140.7111</dst>
      <dst id="4">3087.4844</dst>
      <dst id="1">843.7600</dst>
      <dst id="5">163.5022</dst>
      <dst id="3">62.3022</dst>
      <dst id="22">211.5289</dst>
      <dst id="7">85.0844</dst>
      <dst id="2">30014.5511</dst>
      <dst id="16">39.2356</dst>
      <dst id="20">9.5911</dst>
      <dst id="11">81.4400</dst>
      <dst id="9">445.2889</dst>
      <dst id="17">33621.2978</dst>
      <dst id="21">160.5778</dst>
      <dst id="15">15.0844</dst>
    </src>
    <src id="4">
      <dst id="12">17069.4489</dst>
      <dst id="19">4485.0044</dst>
      <dst id="8">579.9556</dst>
      <dst id="18">1781.3778</dst>
      <dst id="4">3.3067</dst>
      <dst id="1">11728.8711</dst>
      <dst id="5">2023.1111</dst>
      <dst id="3">33.6178</dst>
      <dst id="22">3341.4933</dst>
      <dst id="7">70317.9111</dst>
      <dst id="2">49688.5600</dst>
      <dst id="6">12.6222</dst>
      <dst id="16">1563.4933</dst>
      <dst id="14">1018.0533</dst>
      <dst id="20">1532.3911</dst>
      <dst id="11">6142.9600</dst>
      <dst id="9">4631.5822</dst>
      <dst id="17">65424.0356</dst>
      <dst id="21">4071.1289</dst>
      <dst id="15">4228.5333</dst>
    </src>
    <src id="1">
      <dst id="12">17018.0800</dst>
      <dst id="13">284.2578</dst>
      <dst id="19">34.2222</dst>
      <dst id="23">20.4089</dst>
      <dst id="8">119408.2489</dst>
      <dst id="18">13369.9111</dst>
      <dst id="4">10188.3200</dst>
      <dst id="1">24664.3289</dst>
      <dst id="5">213848.7289</dst>
      <dst id="3">369.1644</dst>
      <dst id="22">469.8400</dst>
      <dst id="7">1971.5733</dst>
      <dst id="2">1962.5867</dst>
      <dst id="6">5005.5733</dst>
      <dst id="16">13519.8133</dst>
      <dst id="14">86.7022</dst>
      <dst id="20">338.4000</dst>
      <dst id="11">595.1289</dst>
      <dst id="9">274981.3244</dst>
      <dst id="17">3078.2133</dst>
      <dst id="21">2943.2000</dst>
      <dst id="15">582.5511</dst>
    </src>
    <src id="5">
      <dst id="12">214594.5422</dst>
      <dst id="13">1057.5200</dst>
      <dst id="19">102.9867</dst>
      <dst id="23">1.7778</dst>
      <dst id="8">646.7644</dst>
      <dst id="18">769.2000</dst>
      <dst id="4">5302.2844</dst>
      <dst id="1">207.0311</dst>
      <dst id="3">4.9244</dst>
      <dst id="22">3340.8533</dst>
      <dst id="7">50.5333</dst>
      <dst id="2">93098.4533</dst>
      <dst id="6">0.3556</dst>
      <dst id="16">433.0489</dst>
      <dst id="14">8.1867</dst>
      <dst id="20">1185.5733</dst>
      <dst id="11">1518.9689</dst>
      <dst id="9">1458.8089</dst>
      <dst id="17">80149.7244</dst>
      <dst id="21">348.2578</dst>
      <dst id="15">94.8000</dst>
    </src>
    <src id="3">
      <dst id="12">18699.4667</dst>
      <dst id="13">705.3511</dst>
      <dst id="19">938.6667</dst>
      <dst id="23">8.3733</dst>
      <dst id="8">62.9422</dst>
      <dst id="18">49746.6311</dst>
      <dst id="4">26059.6267</dst>
      <dst id="1">4532.6756</dst>
      <dst id="5">690.5689</dst>
      <dst id="3">12333.9911</dst>
      <dst id="22">232.3644</dst>
      <dst id="7">827.4222</dst>
      <dst id="2">3668.5956</dst>
      <dst id="6">6.8711</dst>
      <dst id="16">1254.1333</dst>
      <dst id="14">26587.1556</dst>
      <dst id="20">66.9067</dst>
      <dst id="11">149091.9022</dst>
      <dst id="9">488.4889</dst>
      <dst id="17">12064.0533</dst>
      <dst id="21">4708.7111</dst>
      <dst id="15">158.4178</dst>
    </src>
    <src id="10">
      <dst id="12">7781.7867</dst>
      <dst id="19">3783.8667</dst>
      <dst id="8">507.4844</dst>
      <dst id="18">134.6311</dst>
      <dst id="1">926.3822</dst>
      <dst id="5">1107.6356</dst>
      <dst id="3">24786.3378</dst>
      <dst id="22">2668.4978</dst>
      <dst id="7">9787.4133</dst>
      <dst id="2">30728.6044</dst>
      <dst id="6">29.4133</dst>
      <dst id="16">4706.0267</dst>
      <dst id="14">455.9556</dst>
      <dst id="20">1956.0978</dst>
      <dst id="11">6124.8089</dst>
      <dst id="9">2843.5822</dst>
      <dst id="17">17450.3733</dst>
      <dst id="21">13313.1467</dst>
      <dst id="15">593.7333</dst>
    </src>
    <src id="22">
      <dst id="12">8640.1600</dst>
      <dst id="13">3247.6711</dst>
      <dst id="19">99.5556</dst>
      <dst id="23">24.0711</dst>
      <dst id="8">1050.1778</dst>
      <dst id="18">827.0044</dst>
      <dst id="4">18182.8178</dst>
      <dst id="1">2801.4489</dst>
      <dst id="5">4512.8000</dst>
      <dst id="3">698.0178</dst>
      <dst id="7">816.7200</dst>
      <dst id="2">1550.7556</dst>
      <dst id="6">15.5556</dst>
      <dst id="16">3.7333</dst>
      <dst id="14">16.3022</dst>
      <dst id="11">4896.2400</dst>
      <dst id="9">1334.2933</dst>
      <dst id="17">2497.9289</dst>
      <dst id="21">643.7244</dst>
    </src>
    <src id="7">
      <dst id="12">2480.1689</dst>
      <dst id="13">126.6578</dst>
      <dst id="19">435.7333</dst>
      <dst id="23">104.7911</dst>
      <dst id="8">427.0578</dst>
      <dst id="18">262.0711</dst>
      <dst id="4">24402.6044</dst>
      <dst id="1">4885.4756</dst>
      <dst id="5">799.2978</dst>
      <dst id="3">262.4800</dst>
      <dst id="22">3544.0000</dst>
      <dst id="7">754.0978</dst>
      <dst id="2">6993.1289</dst>
      <dst id="6">11.3067</dst>
      <dst id="16">2414.7822</dst>
      <dst id="14">160.6844</dst>
      <dst id="20">525.1378</dst>
      <dst id="11">850.1244</dst>
      <dst id="9">585.4844</dst>
      <dst id="17">6669.0311</dst>
      <dst id="21">1410.5422</dst>
      <dst id="15">222.7378</dst>
    </src>
    <src id="2">
      <dst id="12">116311.7156</dst>
      <dst id="13">1229.4578</dst>
      <dst id="19">8451.2356</dst>
      <dst id="8">3110.4089</dst>
      <dst id="18">39686.3378</dst>
      <dst id="4">79010.1778</dst>
      <dst id="1">2642.5867</dst>
      <dst id="5">963.2089</dst>
      <dst id="3">446.9422</dst>
      <dst id="22">2072.8622</dst>
      <dst id="7">4042.7556</dst>
      <dst id="2">1320.5778</dst>
      <dst id="6">5560.3822</dst>
      <dst id="16">6405.0844</dst>
      <dst id="14">5152.1600</dst>
      <dst id="20">16116.6133</dst>
      <dst id="11">2753.8489</dst>
      <dst id="9">1143.9467</dst>
      <dst id="17">22623.5200</dst>
      <dst id="21">2892.2578</dst>
      <dst id="15">81.5378</dst>
    </src>
    <src id="6">
      <dst id="12">9448.3022</dst>
      <dst id="13">12.6133</dst>
      <dst id="19">7.0667</dst>
      <dst id="23">0.3378</dst>
      <dst id="8">0.5333</dst>
      <dst id="4">18.1600</dst>
      <dst id="1">12.7200</dst>
      <dst id="22">66.0178</dst>
      <dst id="7">1.1378</dst>
      <dst id="2">1839.4933</dst>
      <dst id="16">13.6889</dst>
      <dst id="11">29.4044</dst>
      <dst id="9">42.1156</dst>
      <dst id="17">1424.0000</dst>
      <dst id="21">7.5822</dst>
    </src>
    <src id="16">
      <dst id="12">10043.4133</dst>
      <dst id="13">736.1689</dst>
      <dst id="19">3820.4533</dst>
      <dst id="23">23.9467</dst>
      <dst id="8">5953.3156</dst>
      <dst id="18">14.9956</dst>
      <dst id="4">7382.3556</dst>
      <dst id="1">23337.8844</dst>
      <dst id="5">6204.0711</dst>
      <dst id="3">2.5600</dst>
      <dst id="7">2045.2800</dst>
      <dst id="2">585.6000</dst>
      <dst id="6">0.4622</dst>
      <dst id="16">30.3556</dst>
      <dst id="14">257.8844</dst>
      <dst id="11">203.6089</dst>
      <dst id="9">8469.7600</dst>
      <dst id="17">2265.6622</dst>
      <dst id="21">267.2622</dst>
    </src>
    <src id="14">
      <dst id="12">13166.4000</dst>
      <dst id="13">15.2444</dst>
      <dst id="19">1.8311</dst>
      <dst id="8">11.5556</dst>
      <dst id="4">1953.3422</dst>
      <dst id="1">69.3156</dst>
      <dst id="5">70.8178</dst>
      <dst id="3">60.2489</dst>
      <dst id="22">4.1600</dst>
      <dst id="7">61.9911</dst>
      <dst id="2">4744.3200</dst>
      <dst id="16">200.0711</dst>
      <dst id="20">25.9556</dst>
      <dst id="11">38.4178</dst>
      <dst id="9">0.6667</dst>
      <dst id="17">9082.2756</dst>
      <dst id="21">39.9111</dst>
      <dst id="15">51.6267</dst>
    </src>
    <src id="20">
      <dst id="12">1207.2444</dst>
      <dst id="13">197.2622</dst>
      <dst id="19">18.0533</dst>
      <dst id="23">1.0667</dst>
      <dst id="8">517.6978</dst>
      <dst id="18">475.2444</dst>
      <dst id="4">13446.3911</dst>
      <dst id="1">85.3422</dst>
      <dst id="5">667.0933</dst>
      <dst id="3">120.9333</dst>
      <dst id="7">843.1111</dst>
      <dst id="2">5947.1911</dst>
      <dst id="6">0.4267</dst>
      <dst id="14">0.8889</dst>
      <dst id="11">1538.3378</dst>
      <dst id="9">5675.2444</dst>
      <dst id="17">5848.1956</dst>
      <dst id="21">107.6089</dst>
    </src>
    <src id="11">
      <dst id="12">356205.1822</dst>
      <dst id="13">1568.2578</dst>
      <dst id="19">2404.0444</dst>
      <dst id="23">17.2178</dst>
      <dst id="8">485.9644</dst>
      <dst id="18">341.5111</dst>
      <dst id="4">18771.2533</dst>
      <dst id="1">710.2756</dst>
      <dst id="5">1030.7644</dst>
      <dst id="3">350.7200</dst>
      <dst id="22">1780.3911</dst>
      <dst id="7">496.4000</dst>
      <dst id="2">133744.7289</dst>
      <dst id="6">2.4978</dst>
      <dst id="16">707.2444</dst>
      <dst id="14">38.2133</dst>
      <dst id="20">314.8800</dst>
      <dst id="11">2805.6356</dst>
      <dst id="9">3272.5244</dst>
      <dst id="17">121099.6000</dst>
      <dst id="21">311.8844</dst>
      <dst id="15">252.6578</dst>
    </src>
    <src id="9">
      <dst id="12">430569.6711</dst>
      <dst id="13">946.6489</dst>
      <dst id="19">237.6356</dst>
      <dst id="23">17.6000</dst>
      <dst id="8">1304.3644</dst>
      <dst id="18">380.6489</dst>
      <dst id="4">17474.9511</dst>
      <dst id="1">295.8667</dst>
      <dst id="5">1484.9956</dst>
      <dst id="3">65.2356</dst>
      <dst id="22">1135.7333</dst>
      <dst id="7">254.0800</dst>
      <dst id="2">132620.8267</dst>
      <dst id="6">9.6444</dst>
      <dst id="16">556.5600</dst>
      <dst id="14">1.1111</dst>
      <dst id="20">3768.3556</dst>
      <dst id="11">878.7467</dst>
      <dst id="9">2824.6222</dst>
      <dst id="17">144095.9111</dst>
      <dst id="21">1299.8844</dst>
      <dst id="15">846.2044</dst>
    </src>
    <src id="17">
      <dst id="12">15673.6800</dst>
      <dst id="13">1707.6711</dst>
      <dst id="19">172.2133</dst>
      <dst id="23">43.7156</dst>
      <dst id="8">123981.6711</dst>
      <dst id="18">155.1733</dst>
      <dst id="4">30145.4489</dst>
      <dst id="1">20430.4622</dst>
      <dst id="5">190073.9289</dst>
      <dst id="3">16618.0711</dst>
      <dst id="22">6071.6178</dst>
      <dst id="7">1909.0222</dst>
      <dst id="2">4591.3156</dst>
      <dst id="6">43.0222</dst>
      <dst id="16">3205.8044</dst>
      <dst id="14">39635.8489</dst>
      <dst id="20">978.0178</dst>
      <dst id="11">119956.2400</dst>
      <dst id="9">219049.6000</dst>
      <dst id="17">999.6711</dst>
      <dst id="21">4696.8800</dst>
      <dst id="15">1189.3867</dst>
    </src>
    <src id="21">
      <dst id="12">16457.5467</dst>
      <dst id="13">1233.2267</dst>
      <dst id="19">79.4489</dst>
      <dst id="23">5.7244</dst>
      <dst id="8">426.4889</dst>
      <dst id="18">191.6622</dst>
      <dst id="4">18793.9822</dst>
      <dst id="1">663.1378</dst>
      <dst id="5">735.4400</dst>
      <dst id="3">926.1333</dst>
      <dst id="22">1141.6711</dst>
      <dst id="7">3358.5689</dst>
      <dst id="2">8443.6533</dst>
      <dst id="6">5.5200</dst>
      <dst id="16">174.5333</dst>
      <dst id="14">52.5422</dst>
      <dst id="20">259.0400</dst>
      <dst id="11">355.7156</dst>
      <dst id="9">2671.9289</dst>
      <dst id="17">2685.0933</dst>
      <dst id="21">2373.6533</dst>
      <dst id="15">149.6978</dst>
    </src>
    <src id="15">
      <dst id="12">1415.7956</dst>
      <dst id="13">137.6089</dst>
      <dst id="19">0.5244</dst>
      <dst id="23">1.4044</dst>
      <dst id="8">40.4622</dst>
      <dst id="18">3.2356</dst>
      <dst id="4">7772.1600</dst>
      <dst id="1">798.3911</dst>
      <dst id="5">717.6267</dst>
      <dst id="3">13.7333</dst>
      <dst id="7">44.1956</dst>
      <dst id="2">81.2533</dst>
      <dst id="16">0.4267</dst>
      <dst id="14">4.4800</dst>
      <dst id="11">743.2000</dst>
      <dst id="9">334.9600</dst>
      <dst id="17">116.5156</dst>
      <dst id="21">24.3289</dst>
    </src>
  </IntraTM>
</TrafficMatrixFile>
