<?xml version="1.0" encoding="UTF-8" standalone="yes"?>
<TrafficMatrixFile xmlns:xsi="http://www.w3.org/2001/XMLSchema-instance" xsi:noNamespaceSchemaLocation="http://totem.run.montefiore.ulg.ac.be/Schema/TrafficMatrix-v1_2.xsd">
  <info>
    <title>Intradomain traffic matrix generated by geant-TM-all.pl</title>
    <date>2005-01-01T19:30:00</date>
    <duration>900</duration>
    <author>Steve Uhlig</author>
    <units>
        <unit type="bandwidth" value="kbps"/>
    </units>
  </info>
  <IntraTM ASID="20965">
    <src id="12">
      <dst id="12">399186.0711</dst>
      <dst id="13">13964.1156</dst>
      <dst id="19">5280.6756</dst>
      <dst id="23">3671.1733</dst>
      <dst id="8">4629.2267</dst>
      <dst id="18">2036.3111</dst>
      <dst id="4">88472.6400</dst>
      <dst id="1">8129.3956</dst>
      <dst id="5">4203.9378</dst>
      <dst id="3">13738.1956</dst>
      <dst id="22">19288.3289</dst>
      <dst id="7">2918.4533</dst>
      <dst id="2">106317.7689</dst>
      <dst id="6">9.7511</dst>
      <dst id="16">9492.4356</dst>
      <dst id="14">4340.5511</dst>
      <dst id="20">14455.5111</dst>
      <dst id="11">9984.0889</dst>
      <dst id="9">24774.9422</dst>
      <dst id="17">92711.0133</dst>
      <dst id="21">26350.3289</dst>
      <dst id="15">4695.0311</dst>
    </src>
    <src id="13">
      <dst id="12">68492.5333</dst>
      <dst id="19">10672.9422</dst>
      <dst id="23">141.4133</dst>
      <dst id="8">5819.4489</dst>
      <dst id="18">7374.0711</dst>
      <dst id="1">6484.8978</dst>
      <dst id="5">17961.7156</dst>
      <dst id="3">29925.5111</dst>
      <dst id="22">29382.0533</dst>
      <dst id="7">12302.2044</dst>
      <dst id="2">108049.4133</dst>
      <dst id="6">119.0133</dst>
      <dst id="16">7930.8622</dst>
      <dst id="14">8158.6133</dst>
      <dst id="20">18534.7733</dst>
      <dst id="11">25395.4133</dst>
      <dst id="9">22231.1467</dst>
      <dst id="17">73603.1467</dst>
      <dst id="21">33855.3244</dst>
      <dst id="15">11286.3200</dst>
    </src>
    <src id="19">
      <dst id="12">15863.1911</dst>
      <dst id="13">292.5244</dst>
      <dst id="23">58.9956</dst>
      <dst id="8">113.8400</dst>
      <dst id="18">1181.8489</dst>
      <dst id="4">20364.2400</dst>
      <dst id="1">30.3556</dst>
      <dst id="5">45.6178</dst>
      <dst id="3">12558.0978</dst>
      <dst id="22">364.1956</dst>
      <dst id="7">5206.0711</dst>
      <dst id="2">703.3689</dst>
      <dst id="6">199.3867</dst>
      <dst id="16">9815.0044</dst>
      <dst id="14">51.6622</dst>
      <dst id="20">127.7156</dst>
      <dst id="11">613.6089</dst>
      <dst id="9">1301.1378</dst>
      <dst id="17">2590.0800</dst>
      <dst id="21">8874.0622</dst>
      <dst id="15">14.4711</dst>
    </src>
    <src id="23">
      <dst id="12">898.2844</dst>
      <dst id="13">301.0489</dst>
      <dst id="19">33.2622</dst>
      <dst id="8">82.3111</dst>
      <dst id="18">210.5778</dst>
      <dst id="4">55.0311</dst>
      <dst id="1">97.5200</dst>
      <dst id="5">204.0533</dst>
      <dst id="3">605.9022</dst>
      <dst id="22">1498.0711</dst>
      <dst id="7">95.7778</dst>
      <dst id="2">128.0889</dst>
      <dst id="6">1.2444</dst>
      <dst id="16">2846.5156</dst>
      <dst id="14">4.4622</dst>
      <dst id="20">245.4400</dst>
      <dst id="11">292.0889</dst>
      <dst id="9">618.7467</dst>
      <dst id="17">1658.3378</dst>
      <dst id="21">843.1200</dst>
      <dst id="15">14.0444</dst>
    </src>
    <src id="8">
      <dst id="12">402106.2133</dst>
      <dst id="13">1905.1022</dst>
      <dst id="19">15.4222</dst>
      <dst id="23">538.2044</dst>
      <dst id="18">780.3200</dst>
      <dst id="4">7795.2444</dst>
      <dst id="1">1138.5600</dst>
      <dst id="5">5213.4578</dst>
      <dst id="3">834.6222</dst>
      <dst id="22">1191.7067</dst>
      <dst id="7">59.4133</dst>
      <dst id="2">150127.6622</dst>
      <dst id="6">0.4622</dst>
      <dst id="16">1587.5822</dst>
      <dst id="14">6.4711</dst>
      <dst id="20">2109.3511</dst>
      <dst id="11">2949.7689</dst>
      <dst id="9">785.9822</dst>
      <dst id="17">86219.8844</dst>
      <dst id="21">2364.2489</dst>
      <dst id="15">322.5333</dst>
    </src>
    <src id="18">
      <dst id="12">135705.7422</dst>
      <dst id="13">275.4400</dst>
      <dst id="19">985.1911</dst>
      <dst id="23">30.7822</dst>
      <dst id="8">169.2889</dst>
      <dst id="4">1615.9467</dst>
      <dst id="1">743.4311</dst>
      <dst id="5">423.4933</dst>
      <dst id="3">82.2667</dst>
      <dst id="22">263.2889</dst>
      <dst id="7">179.4400</dst>
      <dst id="2">44235.2089</dst>
      <dst id="16">31.3067</dst>
      <dst id="14">4.1067</dst>
      <dst id="20">73.1200</dst>
      <dst id="11">285.2622</dst>
      <dst id="9">108.8089</dst>
      <dst id="17">38558.7556</dst>
      <dst id="21">2344.7111</dst>
      <dst id="15">870.5422</dst>
    </src>
    <src id="4">
      <dst id="12">26672.1867</dst>
      <dst id="19">15806.9600</dst>
      <dst id="8">1942.3378</dst>
      <dst id="18">1493.9022</dst>
      <dst id="4">2.1956</dst>
      <dst id="1">4374.9867</dst>
      <dst id="5">3190.7467</dst>
      <dst id="3">22621.3333</dst>
      <dst id="22">10611.6444</dst>
      <dst id="7">26408.5067</dst>
      <dst id="2">76274.6933</dst>
      <dst id="6">5.6089</dst>
      <dst id="16">3326.9244</dst>
      <dst id="14">10855.5022</dst>
      <dst id="20">8530.4711</dst>
      <dst id="11">13163.2533</dst>
      <dst id="9">5441.3689</dst>
      <dst id="17">24014.5067</dst>
      <dst id="21">10071.4044</dst>
      <dst id="15">899.9556</dst>
    </src>
    <src id="1">
      <dst id="12">18497.3956</dst>
      <dst id="13">320.0889</dst>
      <dst id="19">99.0667</dst>
      <dst id="23">437.4578</dst>
      <dst id="8">233752.4000</dst>
      <dst id="18">12897.8400</dst>
      <dst id="4">10664.5956</dst>
      <dst id="1">80.5778</dst>
      <dst id="5">296058.6667</dst>
      <dst id="3">52751.1733</dst>
      <dst id="22">14569.4222</dst>
      <dst id="7">16550.1778</dst>
      <dst id="2">3154.0800</dst>
      <dst id="6">11447.4844</dst>
      <dst id="16">15059.6711</dst>
      <dst id="14">1430.4000</dst>
      <dst id="20">11591.8400</dst>
      <dst id="11">389.9022</dst>
      <dst id="9">412277.4933</dst>
      <dst id="17">7505.8311</dst>
      <dst id="21">36910.4089</dst>
      <dst id="15">180.8356</dst>
    </src>
    <src id="5">
      <dst id="12">353065.9556</dst>
      <dst id="13">3139.1200</dst>
      <dst id="19">99.4667</dst>
      <dst id="23">445.4133</dst>
      <dst id="8">60218.8711</dst>
      <dst id="18">673.3156</dst>
      <dst id="4">8900.3644</dst>
      <dst id="1">28.0978</dst>
      <dst id="3">1338.6044</dst>
      <dst id="22">5293.9822</dst>
      <dst id="7">250.9956</dst>
      <dst id="2">146426.8800</dst>
      <dst id="6">0.4444</dst>
      <dst id="16">1494.9156</dst>
      <dst id="14">23.5467</dst>
      <dst id="20">5920.1333</dst>
      <dst id="11">2751.7067</dst>
      <dst id="9">5191.6178</dst>
      <dst id="17">95174.3644</dst>
      <dst id="21">684.1511</dst>
      <dst id="15">1186.5067</dst>
    </src>
    <src id="3">
      <dst id="12">14722.6044</dst>
      <dst id="13">2455.2089</dst>
      <dst id="19">3129.8489</dst>
      <dst id="23">123.9022</dst>
      <dst id="8">148.9867</dst>
      <dst id="18">199313.2444</dst>
      <dst id="4">58211.1200</dst>
      <dst id="1">11114.3378</dst>
      <dst id="5">630.6400</dst>
      <dst id="3">22443.5911</dst>
      <dst id="22">1872.5778</dst>
      <dst id="7">1951.9733</dst>
      <dst id="2">16301.1022</dst>
      <dst id="6">31.7422</dst>
      <dst id="16">3047.0222</dst>
      <dst id="14">59984.0533</dst>
      <dst id="20">4618.2933</dst>
      <dst id="11">281677.2978</dst>
      <dst id="9">1012.8089</dst>
      <dst id="17">3430.5600</dst>
      <dst id="21">29230.7467</dst>
      <dst id="15">615.3422</dst>
    </src>
    <src id="10">
      <dst id="12">18451.4844</dst>
      <dst id="19">1129.7333</dst>
      <dst id="8">4747.7600</dst>
      <dst id="18">8108.0356</dst>
      <dst id="1">1800.4356</dst>
      <dst id="5">4489.9822</dst>
      <dst id="3">24550.9244</dst>
      <dst id="22">7584.8533</dst>
      <dst id="7">3026.4089</dst>
      <dst id="2">38546.5689</dst>
      <dst id="6">48.2933</dst>
      <dst id="16">2226.5511</dst>
      <dst id="14">4355.2356</dst>
      <dst id="20">5497.7511</dst>
      <dst id="11">5140.0356</dst>
      <dst id="9">1836.0267</dst>
      <dst id="17">28142.5689</dst>
      <dst id="21">21541.4844</dst>
      <dst id="15">1380.9333</dst>
    </src>
    <src id="22">
      <dst id="12">14067.2444</dst>
      <dst id="13">6491.8133</dst>
      <dst id="19">128.6489</dst>
      <dst id="23">546.4267</dst>
      <dst id="8">3693.9111</dst>
      <dst id="18">378.8622</dst>
      <dst id="4">18690.8622</dst>
      <dst id="1">443.5644</dst>
      <dst id="5">3746.7911</dst>
      <dst id="3">3036.9689</dst>
      <dst id="7">1604.9067</dst>
      <dst id="2">1789.1378</dst>
      <dst id="6">26.8978</dst>
      <dst id="16">1.8400</dst>
      <dst id="14">42.0978</dst>
      <dst id="11">4948.2933</dst>
      <dst id="9">3874.2400</dst>
      <dst id="17">6056.3467</dst>
      <dst id="21">6567.5822</dst>
    </src>
    <src id="7">
      <dst id="12">6544.8444</dst>
      <dst id="13">671.4844</dst>
      <dst id="19">1758.4533</dst>
      <dst id="23">343.9022</dst>
      <dst id="8">396.5689</dst>
      <dst id="18">3918.4356</dst>
      <dst id="4">44933.9022</dst>
      <dst id="1">2311.8222</dst>
      <dst id="5">2337.1467</dst>
      <dst id="3">11164.5333</dst>
      <dst id="22">10737.4044</dst>
      <dst id="7">238.1511</dst>
      <dst id="2">8902.9867</dst>
      <dst id="6">60.9422</dst>
      <dst id="16">1599.5200</dst>
      <dst id="14">1023.7600</dst>
      <dst id="20">4508.4356</dst>
      <dst id="11">3665.0133</dst>
      <dst id="9">1253.5822</dst>
      <dst id="17">5236.5244</dst>
      <dst id="21">8906.4444</dst>
      <dst id="15">972.8889</dst>
    </src>
    <src id="2">
      <dst id="12">186638.0000</dst>
      <dst id="13">25108.3556</dst>
      <dst id="19">1168.0711</dst>
      <dst id="23">1.1733</dst>
      <dst id="8">2524.9156</dst>
      <dst id="18">154695.5022</dst>
      <dst id="4">85577.1111</dst>
      <dst id="1">1751.5556</dst>
      <dst id="5">3061.2622</dst>
      <dst id="3">21242.1600</dst>
      <dst id="22">4541.8578</dst>
      <dst id="7">16195.2533</dst>
      <dst id="2">1436.4711</dst>
      <dst id="6">7823.8133</dst>
      <dst id="16">2182.8533</dst>
      <dst id="14">379.6978</dst>
      <dst id="20">1122.7556</dst>
      <dst id="11">11237.1200</dst>
      <dst id="9">2467.1289</dst>
      <dst id="17">39286.1867</dst>
      <dst id="21">10227.9022</dst>
      <dst id="15">659.0400</dst>
    </src>
    <src id="6">
      <dst id="12">10785.7956</dst>
      <dst id="13">3.0311</dst>
      <dst id="19">4.1689</dst>
      <dst id="23">39.2889</dst>
      <dst id="8">37.1022</dst>
      <dst id="18">48.0889</dst>
      <dst id="4">69.7156</dst>
      <dst id="1">8.5867</dst>
      <dst id="5">1.1911</dst>
      <dst id="3">364.3556</dst>
      <dst id="22">90.2756</dst>
      <dst id="7">28.0356</dst>
      <dst id="2">2327.4044</dst>
      <dst id="16">12.3556</dst>
      <dst id="20">38.2933</dst>
      <dst id="11">119.2000</dst>
      <dst id="9">60.1689</dst>
      <dst id="17">1220.4089</dst>
      <dst id="21">57.2622</dst>
      <dst id="15">12.4889</dst>
    </src>
    <src id="16">
      <dst id="12">3736.7022</dst>
      <dst id="13">1681.7156</dst>
      <dst id="19">4609.7511</dst>
      <dst id="23">64.7289</dst>
      <dst id="8">11954.6044</dst>
      <dst id="18">210.6578</dst>
      <dst id="4">4975.3244</dst>
      <dst id="1">21437.8222</dst>
      <dst id="5">8490.6933</dst>
      <dst id="3">7874.4178</dst>
      <dst id="7">2024.7111</dst>
      <dst id="2">1930.4533</dst>
      <dst id="6">4.4711</dst>
      <dst id="16">31.8756</dst>
      <dst id="14">620.4533</dst>
      <dst id="11">519.9644</dst>
      <dst id="9">17029.1911</dst>
      <dst id="17">3795.9111</dst>
      <dst id="21">959.2356</dst>
    </src>
    <src id="14">
      <dst id="12">30565.7956</dst>
      <dst id="13">85.2889</dst>
      <dst id="19">14.2933</dst>
      <dst id="23">13.7956</dst>
      <dst id="8">0.9244</dst>
      <dst id="18">2.4889</dst>
      <dst id="4">2563.0667</dst>
      <dst id="1">142.3289</dst>
      <dst id="5">3.6444</dst>
      <dst id="3">305.3867</dst>
      <dst id="22">651.0400</dst>
      <dst id="7">166.8444</dst>
      <dst id="2">10025.5911</dst>
      <dst id="16">35.2889</dst>
      <dst id="11">148.6844</dst>
      <dst id="9">15.6000</dst>
      <dst id="17">5876.8000</dst>
      <dst id="21">196.5867</dst>
    </src>
    <src id="20">
      <dst id="12">11268.7733</dst>
      <dst id="13">10559.5556</dst>
      <dst id="19">29.4222</dst>
      <dst id="23">310.0089</dst>
      <dst id="8">6766.1333</dst>
      <dst id="18">55.8400</dst>
      <dst id="4">13535.8400</dst>
      <dst id="1">240.3822</dst>
      <dst id="5">7824.4889</dst>
      <dst id="3">2699.1378</dst>
      <dst id="7">8676.8711</dst>
      <dst id="2">6637.3422</dst>
      <dst id="6">64.3200</dst>
      <dst id="11">1739.3956</dst>
      <dst id="9">9066.7467</dst>
      <dst id="17">9583.7689</dst>
      <dst id="21">565.5822</dst>
    </src>
    <src id="11">
      <dst id="12">447846.0533</dst>
      <dst id="13">3492.2400</dst>
      <dst id="19">1245.3156</dst>
      <dst id="23">51.2711</dst>
      <dst id="8">2421.0044</dst>
      <dst id="18">506.6489</dst>
      <dst id="4">15067.0133</dst>
      <dst id="1">743.3511</dst>
      <dst id="5">1820.3556</dst>
      <dst id="3">822.2844</dst>
      <dst id="22">7859.7244</dst>
      <dst id="7">303.1911</dst>
      <dst id="2">162359.3244</dst>
      <dst id="6">7.9644</dst>
      <dst id="16">5078.6133</dst>
      <dst id="14">129.1733</dst>
      <dst id="20">3786.4622</dst>
      <dst id="11">6088.3733</dst>
      <dst id="9">1115.9378</dst>
      <dst id="17">98881.5911</dst>
      <dst id="21">4374.5244</dst>
      <dst id="15">1343.7511</dst>
    </src>
    <src id="9">
      <dst id="12">625833.2889</dst>
      <dst id="13">7898.0800</dst>
      <dst id="19">74.9956</dst>
      <dst id="23">10.0622</dst>
      <dst id="8">2499.6444</dst>
      <dst id="18">29.2089</dst>
      <dst id="4">14414.8089</dst>
      <dst id="1">9497.8578</dst>
      <dst id="5">3325.3867</dst>
      <dst id="3">1787.7778</dst>
      <dst id="22">4691.2889</dst>
      <dst id="7">1306.6222</dst>
      <dst id="2">196643.9200</dst>
      <dst id="6">27.8756</dst>
      <dst id="16">834.4622</dst>
      <dst id="14">0.9956</dst>
      <dst id="20">6830.2489</dst>
      <dst id="11">3843.4756</dst>
      <dst id="9">1229.8400</dst>
      <dst id="17">157053.7333</dst>
      <dst id="21">2003.4578</dst>
      <dst id="15">4613.2267</dst>
    </src>
    <src id="17">
      <dst id="12">16123.1378</dst>
      <dst id="13">3169.2178</dst>
      <dst id="19">7824.3111</dst>
      <dst id="23">3976.4533</dst>
      <dst id="8">225360.9511</dst>
      <dst id="18">5012.6667</dst>
      <dst id="4">58675.4133</dst>
      <dst id="1">2541.8933</dst>
      <dst id="5">276085.6267</dst>
      <dst id="3">22499.2800</dst>
      <dst id="22">24535.8133</dst>
      <dst id="7">17418.4800</dst>
      <dst id="2">16873.5644</dst>
      <dst id="6">125.2622</dst>
      <dst id="16">9510.5422</dst>
      <dst id="14">47855.0311</dst>
      <dst id="20">7314.6400</dst>
      <dst id="11">198088.5956</dst>
      <dst id="9">373680.8978</dst>
      <dst id="17">1689.1733</dst>
      <dst id="21">18238.4089</dst>
      <dst id="15">1212.0356</dst>
    </src>
    <src id="21">
      <dst id="12">20554.3467</dst>
      <dst id="13">654.2222</dst>
      <dst id="19">734.5600</dst>
      <dst id="23">510.1778</dst>
      <dst id="8">842.8622</dst>
      <dst id="18">3417.3067</dst>
      <dst id="4">31639.8578</dst>
      <dst id="1">2780.0178</dst>
      <dst id="5">929.3867</dst>
      <dst id="3">6727.9111</dst>
      <dst id="22">3033.4400</dst>
      <dst id="7">2457.0133</dst>
      <dst id="2">10167.6889</dst>
      <dst id="6">50.5067</dst>
      <dst id="16">375.0489</dst>
      <dst id="14">146.9067</dst>
      <dst id="20">1108.2222</dst>
      <dst id="11">1663.9822</dst>
      <dst id="9">1441.0933</dst>
      <dst id="17">14547.3422</dst>
      <dst id="21">4491.3244</dst>
      <dst id="15">163.5022</dst>
    </src>
    <src id="15">
      <dst id="12">6980.3911</dst>
      <dst id="13">1813.6356</dst>
      <dst id="19">2.1511</dst>
      <dst id="23">73.2178</dst>
      <dst id="8">295.9467</dst>
      <dst id="18">115.7867</dst>
      <dst id="4">3419.3600</dst>
      <dst id="1">108.9600</dst>
      <dst id="5">186.2844</dst>
      <dst id="3">1198.9689</dst>
      <dst id="7">28.9867</dst>
      <dst id="2">1308.0533</dst>
      <dst id="6">16.2578</dst>
      <dst id="14">0.3556</dst>
      <dst id="11">927.6800</dst>
      <dst id="9">2299.3778</dst>
      <dst id="17">426.5778</dst>
      <dst id="21">136.9333</dst>
    </src>
  </IntraTM>
</TrafficMatrixFile>
