<?xml version="1.0" encoding="UTF-8" standalone="yes"?>
<TrafficMatrixFile xmlns:xsi="http://www.w3.org/2001/XMLSchema-instance" xsi:noNamespaceSchemaLocation="http://totem.run.montefiore.ulg.ac.be/Schema/TrafficMatrix-v1_2.xsd">
  <info>
    <title>Intradomain traffic matrix generated by geant-TM-all.pl</title>
    <date>2005-01-05T17:30:00</date>
    <duration>900</duration>
    <author>Steve Uhlig</author>
    <units>
        <unit type="bandwidth" value="kbps"/>
    </units>
  </info>
  <IntraTM ASID="20965">
    <src id="12">
      <dst id="12">310768.6578</dst>
      <dst id="13">52206.8089</dst>
      <dst id="19">10559.6622</dst>
      <dst id="23">135.2800</dst>
      <dst id="8">7882.8444</dst>
      <dst id="18">1886.9778</dst>
      <dst id="4">87177.8400</dst>
      <dst id="1">11316.8533</dst>
      <dst id="5">4872.0444</dst>
      <dst id="3">6475.3689</dst>
      <dst id="22">19526.2311</dst>
      <dst id="7">7933.4578</dst>
      <dst id="2">90169.5644</dst>
      <dst id="6">55.7778</dst>
      <dst id="16">8391.7778</dst>
      <dst id="14">451.4400</dst>
      <dst id="20">4783.3156</dst>
      <dst id="11">5769.6889</dst>
      <dst id="9">9454.5956</dst>
      <dst id="17">112141.1822</dst>
      <dst id="21">10424.4089</dst>
      <dst id="15">1798.2311</dst>
    </src>
    <src id="13">
      <dst id="12">69421.0489</dst>
      <dst id="19">117804.2844</dst>
      <dst id="23">93.6978</dst>
      <dst id="8">5682.5778</dst>
      <dst id="18">9082.6044</dst>
      <dst id="1">9894.1422</dst>
      <dst id="5">8372.4000</dst>
      <dst id="3">25788.2222</dst>
      <dst id="22">23988.0711</dst>
      <dst id="7">29314.8978</dst>
      <dst id="2">75716.7200</dst>
      <dst id="6">1156.2756</dst>
      <dst id="16">17527.9644</dst>
      <dst id="14">4961.6889</dst>
      <dst id="20">26141.5911</dst>
      <dst id="11">31430.5244</dst>
      <dst id="9">30550.1422</dst>
      <dst id="17">316902.0089</dst>
      <dst id="21">24697.9111</dst>
      <dst id="15">9809.1022</dst>
    </src>
    <src id="19">
      <dst id="12">19417.2978</dst>
      <dst id="13">6297.5733</dst>
      <dst id="23">62.9778</dst>
      <dst id="8">67.7867</dst>
      <dst id="18">23.2800</dst>
      <dst id="4">22348.2044</dst>
      <dst id="1">1364.2756</dst>
      <dst id="5">592.1422</dst>
      <dst id="3">421.7867</dst>
      <dst id="22">1999.9911</dst>
      <dst id="7">10037.2178</dst>
      <dst id="2">941.4844</dst>
      <dst id="6">1141.0489</dst>
      <dst id="16">7790.7822</dst>
      <dst id="14">28.7644</dst>
      <dst id="20">1966.3733</dst>
      <dst id="11">567.0667</dst>
      <dst id="9">629.1911</dst>
      <dst id="17">4404.0711</dst>
      <dst id="21">825.0933</dst>
      <dst id="15">1.0133</dst>
    </src>
    <src id="23">
      <dst id="12">1011.4489</dst>
      <dst id="13">315.5200</dst>
      <dst id="19">810.6311</dst>
      <dst id="8">1363.7511</dst>
      <dst id="18">133.2000</dst>
      <dst id="4">131.6444</dst>
      <dst id="1">277.2356</dst>
      <dst id="5">333.3333</dst>
      <dst id="3">549.6444</dst>
      <dst id="22">411.5822</dst>
      <dst id="7">1137.1289</dst>
      <dst id="2">1629.5289</dst>
      <dst id="6">237.3333</dst>
      <dst id="16">3142.7467</dst>
      <dst id="14">88.9511</dst>
      <dst id="20">39.8222</dst>
      <dst id="11">196.7022</dst>
      <dst id="9">1649.9556</dst>
      <dst id="17">3153.2889</dst>
      <dst id="21">1289.7244</dst>
      <dst id="15">0.8356</dst>
    </src>
    <src id="8">
      <dst id="12">277398.6667</dst>
      <dst id="13">1866.8444</dst>
      <dst id="19">28.9689</dst>
      <dst id="23">5.0844</dst>
      <dst id="18">29.0133</dst>
      <dst id="4">8501.5556</dst>
      <dst id="1">974.8800</dst>
      <dst id="5">3498.4800</dst>
      <dst id="3">239.8400</dst>
      <dst id="22">1091.6178</dst>
      <dst id="7">42.5600</dst>
      <dst id="2">112167.9378</dst>
      <dst id="16">1959.5022</dst>
      <dst id="14">1.2000</dst>
      <dst id="20">910.9511</dst>
      <dst id="11">2660.9244</dst>
      <dst id="9">925.6444</dst>
      <dst id="17">111554.8000</dst>
      <dst id="21">112.4356</dst>
      <dst id="15">2193.4400</dst>
    </src>
    <src id="18">
      <dst id="12">105943.8222</dst>
      <dst id="13">122.5778</dst>
      <dst id="19">36.7822</dst>
      <dst id="23">1.8133</dst>
      <dst id="8">14.4356</dst>
      <dst id="4">1391.6356</dst>
      <dst id="1">928.2578</dst>
      <dst id="5">225.1289</dst>
      <dst id="3">24.4800</dst>
      <dst id="22">347.0400</dst>
      <dst id="7">211.3689</dst>
      <dst id="2">26058.8622</dst>
      <dst id="16">14.7556</dst>
      <dst id="20">183.5556</dst>
      <dst id="11">259.2356</dst>
      <dst id="9">170.7111</dst>
      <dst id="17">35052.3022</dst>
      <dst id="21">1783.1911</dst>
      <dst id="15">0.7822</dst>
    </src>
    <src id="4">
      <dst id="12">22414.9156</dst>
      <dst id="19">18174.1511</dst>
      <dst id="8">1210.6844</dst>
      <dst id="18">683.9733</dst>
      <dst id="4">1.1644</dst>
      <dst id="1">184739.3244</dst>
      <dst id="5">4067.9822</dst>
      <dst id="3">2170.7022</dst>
      <dst id="22">8128.6133</dst>
      <dst id="7">160920.1156</dst>
      <dst id="2">63604.3289</dst>
      <dst id="6">44.1244</dst>
      <dst id="16">3529.0044</dst>
      <dst id="14">4634.0889</dst>
      <dst id="20">3207.9822</dst>
      <dst id="11">7926.4889</dst>
      <dst id="9">4691.9378</dst>
      <dst id="17">33378.5244</dst>
      <dst id="21">16912.8178</dst>
      <dst id="15">1817.0933</dst>
    </src>
    <src id="1">
      <dst id="12">17683.9822</dst>
      <dst id="13">3395.8222</dst>
      <dst id="19">450.7644</dst>
      <dst id="23">124.6133</dst>
      <dst id="8">175608.4889</dst>
      <dst id="18">13568.8978</dst>
      <dst id="4">20081.7867</dst>
      <dst id="1">28633.1822</dst>
      <dst id="5">259932.8533</dst>
      <dst id="3">4411.7778</dst>
      <dst id="22">3391.0933</dst>
      <dst id="7">51707.0133</dst>
      <dst id="2">25797.7067</dst>
      <dst id="6">17716.7556</dst>
      <dst id="16">13613.4311</dst>
      <dst id="14">1040.5244</dst>
      <dst id="20">18988.3644</dst>
      <dst id="11">3233.4667</dst>
      <dst id="9">356461.2800</dst>
      <dst id="17">9393.0044</dst>
      <dst id="21">19631.6978</dst>
      <dst id="15">184.3111</dst>
    </src>
    <src id="5">
      <dst id="12">323066.5333</dst>
      <dst id="13">3258.3644</dst>
      <dst id="19">6891.0133</dst>
      <dst id="23">5.7244</dst>
      <dst id="8">2185.2444</dst>
      <dst id="18">568.4978</dst>
      <dst id="4">6180.2489</dst>
      <dst id="1">8059.4311</dst>
      <dst id="3">1475.9200</dst>
      <dst id="22">6211.3333</dst>
      <dst id="7">975.1467</dst>
      <dst id="2">111517.6178</dst>
      <dst id="6">51.0933</dst>
      <dst id="16">1435.7778</dst>
      <dst id="14">214.6578</dst>
      <dst id="20">7392.1422</dst>
      <dst id="11">2707.9911</dst>
      <dst id="9">1093.1022</dst>
      <dst id="17">104843.7511</dst>
      <dst id="21">268.1511</dst>
      <dst id="15">335.2444</dst>
    </src>
    <src id="3">
      <dst id="12">15890.8533</dst>
      <dst id="13">4468.0178</dst>
      <dst id="19">1830.6400</dst>
      <dst id="23">10270.7556</dst>
      <dst id="8">360.8178</dst>
      <dst id="18">96344.9956</dst>
      <dst id="4">42849.5911</dst>
      <dst id="1">40767.2444</dst>
      <dst id="5">1367.7778</dst>
      <dst id="3">13942.7467</dst>
      <dst id="22">6355.2711</dst>
      <dst id="7">9791.4667</dst>
      <dst id="2">7962.1067</dst>
      <dst id="6">29.4400</dst>
      <dst id="16">2264.7822</dst>
      <dst id="14">60297.0667</dst>
      <dst id="20">2428.9956</dst>
      <dst id="11">310213.3956</dst>
      <dst id="9">498.8178</dst>
      <dst id="17">20335.0844</dst>
      <dst id="21">21428.7644</dst>
      <dst id="15">55.6978</dst>
    </src>
    <src id="10">
      <dst id="12">17734.9867</dst>
      <dst id="19">10380.0089</dst>
      <dst id="8">2982.8800</dst>
      <dst id="18">1528.5422</dst>
      <dst id="1">7426.6133</dst>
      <dst id="5">920.3022</dst>
      <dst id="3">14835.0756</dst>
      <dst id="22">9085.6711</dst>
      <dst id="7">139634.1600</dst>
      <dst id="2">28343.7867</dst>
      <dst id="6">150.9778</dst>
      <dst id="16">5538.6133</dst>
      <dst id="14">1744.2311</dst>
      <dst id="20">1556.8356</dst>
      <dst id="11">10800.1333</dst>
      <dst id="9">3178.7467</dst>
      <dst id="17">22833.5200</dst>
      <dst id="21">10988.6756</dst>
      <dst id="15">1800.0356</dst>
    </src>
    <src id="22">
      <dst id="12">10701.8667</dst>
      <dst id="13">2684.8089</dst>
      <dst id="19">1392.6222</dst>
      <dst id="23">508.0356</dst>
      <dst id="8">2346.8444</dst>
      <dst id="18">393.9022</dst>
      <dst id="4">20257.9022</dst>
      <dst id="1">296.2578</dst>
      <dst id="5">3547.5556</dst>
      <dst id="3">11937.4133</dst>
      <dst id="7">3896.9067</dst>
      <dst id="2">13602.5511</dst>
      <dst id="6">81.7956</dst>
      <dst id="16">0.4622</dst>
      <dst id="14">16.3111</dst>
      <dst id="11">3232.2044</dst>
      <dst id="9">2148.8800</dst>
      <dst id="17">4758.8178</dst>
      <dst id="21">1342.9778</dst>
    </src>
    <src id="7">
      <dst id="12">4932.2667</dst>
      <dst id="13">851.8667</dst>
      <dst id="19">2962.4800</dst>
      <dst id="23">53.5378</dst>
      <dst id="8">40.3200</dst>
      <dst id="18">745.9111</dst>
      <dst id="4">102303.5467</dst>
      <dst id="1">18614.8978</dst>
      <dst id="5">2038.1067</dst>
      <dst id="3">17547.3067</dst>
      <dst id="22">5519.6356</dst>
      <dst id="7">939.1644</dst>
      <dst id="2">4205.6444</dst>
      <dst id="6">240.1867</dst>
      <dst id="16">1474.6311</dst>
      <dst id="14">193.8667</dst>
      <dst id="20">1836.1867</dst>
      <dst id="11">3580.8978</dst>
      <dst id="9">7451.7867</dst>
      <dst id="17">16554.3022</dst>
      <dst id="21">5969.6978</dst>
      <dst id="15">2075.1289</dst>
    </src>
    <src id="2">
      <dst id="12">163819.5289</dst>
      <dst id="13">528336.2667</dst>
      <dst id="19">2814.9600</dst>
      <dst id="23">67.6000</dst>
      <dst id="8">750.0356</dst>
      <dst id="18">97609.4400</dst>
      <dst id="4">74022.8178</dst>
      <dst id="1">10679.2889</dst>
      <dst id="5">2281.9378</dst>
      <dst id="3">296.3467</dst>
      <dst id="22">9071.1644</dst>
      <dst id="7">18680.7733</dst>
      <dst id="2">1373.6889</dst>
      <dst id="6">12508.8622</dst>
      <dst id="16">5593.7156</dst>
      <dst id="14">7581.0933</dst>
      <dst id="20">1770.6311</dst>
      <dst id="11">8370.2400</dst>
      <dst id="9">2723.9644</dst>
      <dst id="17">45135.8400</dst>
      <dst id="21">4658.9778</dst>
      <dst id="15">1257.1822</dst>
    </src>
    <src id="6">
      <dst id="12">11267.9911</dst>
      <dst id="13">77.3956</dst>
      <dst id="19">63.6533</dst>
      <dst id="23">27.4133</dst>
      <dst id="18">12.5689</dst>
      <dst id="4">1271.5111</dst>
      <dst id="1">51.6178</dst>
      <dst id="5">12.7467</dst>
      <dst id="3">0.8178</dst>
      <dst id="22">123.7511</dst>
      <dst id="7">119.6711</dst>
      <dst id="2">2675.6533</dst>
      <dst id="16">114.2222</dst>
      <dst id="14">20.7467</dst>
      <dst id="11">71.7600</dst>
      <dst id="9">28.2044</dst>
      <dst id="17">1847.5022</dst>
      <dst id="21">75.8756</dst>
      <dst id="15">1.1378</dst>
    </src>
    <src id="16">
      <dst id="12">3558.4178</dst>
      <dst id="13">433.6000</dst>
      <dst id="19">4580.2400</dst>
      <dst id="23">76.2400</dst>
      <dst id="8">8034.5778</dst>
      <dst id="18">30.2844</dst>
      <dst id="4">7251.2444</dst>
      <dst id="1">29578.5778</dst>
      <dst id="5">7380.5689</dst>
      <dst id="3">5540.3733</dst>
      <dst id="7">4320.1956</dst>
      <dst id="2">847.8311</dst>
      <dst id="6">142.3733</dst>
      <dst id="16">50.0267</dst>
      <dst id="14">405.8489</dst>
      <dst id="11">624.8267</dst>
      <dst id="9">13495.5733</dst>
      <dst id="17">6324.8089</dst>
      <dst id="21">3337.0578</dst>
    </src>
    <src id="14">
      <dst id="12">19551.1733</dst>
      <dst id="13">1030.6844</dst>
      <dst id="19">57.9556</dst>
      <dst id="23">2.3111</dst>
      <dst id="18">5.7244</dst>
      <dst id="4">2417.4933</dst>
      <dst id="1">1916.7467</dst>
      <dst id="5">41.4578</dst>
      <dst id="3">106.5600</dst>
      <dst id="22">44.7200</dst>
      <dst id="7">135.4578</dst>
      <dst id="2">6765.4489</dst>
      <dst id="16">21.6000</dst>
      <dst id="20">45.7689</dst>
      <dst id="11">210.7911</dst>
      <dst id="9">19.5111</dst>
      <dst id="17">10891.4756</dst>
      <dst id="21">120.1156</dst>
    </src>
    <src id="20">
      <dst id="12">988.1333</dst>
      <dst id="13">11999.8222</dst>
      <dst id="19">115.2622</dst>
      <dst id="23">2.7467</dst>
      <dst id="8">301.3600</dst>
      <dst id="18">10.2667</dst>
      <dst id="4">4617.6089</dst>
      <dst id="1">732.7822</dst>
      <dst id="5">1336.5600</dst>
      <dst id="3">601.5022</dst>
      <dst id="7">12890.7822</dst>
      <dst id="2">1772.8800</dst>
      <dst id="6">13.3333</dst>
      <dst id="14">11.4222</dst>
      <dst id="11">1718.8000</dst>
      <dst id="9">8336.1689</dst>
      <dst id="17">11599.8667</dst>
      <dst id="21">2751.7244</dst>
    </src>
    <src id="11">
      <dst id="12">418701.3244</dst>
      <dst id="13">6385.0044</dst>
      <dst id="19">195.0311</dst>
      <dst id="23">42.7467</dst>
      <dst id="8">1256.0178</dst>
      <dst id="18">295.5111</dst>
      <dst id="4">13564.0089</dst>
      <dst id="1">681.7333</dst>
      <dst id="5">1379.2622</dst>
      <dst id="3">1096.0089</dst>
      <dst id="22">5131.0044</dst>
      <dst id="7">1274.5244</dst>
      <dst id="2">168357.9467</dst>
      <dst id="6">459.0933</dst>
      <dst id="16">1126.1867</dst>
      <dst id="14">61.4044</dst>
      <dst id="20">999.5556</dst>
      <dst id="11">4486.4800</dst>
      <dst id="9">1313.6444</dst>
      <dst id="17">155215.4844</dst>
      <dst id="21">719.6622</dst>
      <dst id="15">1617.2000</dst>
    </src>
    <src id="9">
      <dst id="12">439787.9111</dst>
      <dst id="13">17983.5467</dst>
      <dst id="19">965.5911</dst>
      <dst id="23">63.5733</dst>
      <dst id="8">3729.0578</dst>
      <dst id="18">87.9911</dst>
      <dst id="4">15694.2933</dst>
      <dst id="1">7258.2578</dst>
      <dst id="5">1349.5467</dst>
      <dst id="3">4.7822</dst>
      <dst id="22">8267.6356</dst>
      <dst id="7">5884.1867</dst>
      <dst id="2">149083.2978</dst>
      <dst id="6">0.6933</dst>
      <dst id="16">1519.9556</dst>
      <dst id="14">467.8311</dst>
      <dst id="20">7913.8222</dst>
      <dst id="11">1295.6444</dst>
      <dst id="9">3520.9067</dst>
      <dst id="17">239951.7067</dst>
      <dst id="21">530.2578</dst>
      <dst id="15">442.7378</dst>
    </src>
    <src id="17">
      <dst id="12">12670.6489</dst>
      <dst id="13">19842.8889</dst>
      <dst id="19">1291.4578</dst>
      <dst id="23">222.0267</dst>
      <dst id="8">168319.8667</dst>
      <dst id="18">750.8444</dst>
      <dst id="4">96997.6178</dst>
      <dst id="1">11934.7822</dst>
      <dst id="5">247696.3556</dst>
      <dst id="3">33812.1156</dst>
      <dst id="22">4154.2667</dst>
      <dst id="7">31045.9111</dst>
      <dst id="2">7385.9644</dst>
      <dst id="6">359.5911</dst>
      <dst id="16">8969.4044</dst>
      <dst id="14">47548.4089</dst>
      <dst id="20">2131.9111</dst>
      <dst id="11">215758.9511</dst>
      <dst id="9">301194.3556</dst>
      <dst id="17">1361.1467</dst>
      <dst id="21">16666.8711</dst>
      <dst id="15">4803.1822</dst>
    </src>
    <src id="21">
      <dst id="12">21536.1067</dst>
      <dst id="13">1985.4222</dst>
      <dst id="19">344.1244</dst>
      <dst id="23">58.3822</dst>
      <dst id="8">173.7778</dst>
      <dst id="18">514.1600</dst>
      <dst id="4">18965.6356</dst>
      <dst id="1">6681.4844</dst>
      <dst id="5">296.5689</dst>
      <dst id="3">14004.5511</dst>
      <dst id="22">1768.2311</dst>
      <dst id="7">8225.5556</dst>
      <dst id="2">15948.7200</dst>
      <dst id="6">72.5778</dst>
      <dst id="16">591.4489</dst>
      <dst id="14">165.7689</dst>
      <dst id="20">865.8933</dst>
      <dst id="11">828.2311</dst>
      <dst id="9">2027.5200</dst>
      <dst id="17">6980.3644</dst>
      <dst id="21">2787.3600</dst>
      <dst id="15">1423.4044</dst>
    </src>
    <src id="15">
      <dst id="12">728.9333</dst>
      <dst id="13">1476.0178</dst>
      <dst id="19">19.7511</dst>
      <dst id="23">1.3156</dst>
      <dst id="8">189.9644</dst>
      <dst id="18">1.7511</dst>
      <dst id="4">2522.1156</dst>
      <dst id="1">1136.4089</dst>
      <dst id="5">566.6844</dst>
      <dst id="3">0.4533</dst>
      <dst id="7">326.0356</dst>
      <dst id="2">198.0800</dst>
      <dst id="6">3.5111</dst>
      <dst id="14">0.8533</dst>
      <dst id="11">284.8356</dst>
      <dst id="9">4308.3111</dst>
      <dst id="17">760.7378</dst>
      <dst id="21">196.2578</dst>
    </src>
  </IntraTM>
</TrafficMatrixFile>
