<?xml version="1.0" encoding="UTF-8" standalone="yes"?>
<TrafficMatrixFile xmlns:xsi="http://www.w3.org/2001/XMLSchema-instance" xsi:noNamespaceSchemaLocation="http://totem.run.montefiore.ulg.ac.be/Schema/TrafficMatrix-v1_2.xsd">
  <info>
    <title>Intradomain traffic matrix generated by geant-TM-all.pl</title>
    <date>2005-01-01T17:15:00</date>
    <duration>900</duration>
    <author>Steve Uhlig</author>
    <units>
        <unit type="bandwidth" value="kbps"/>
    </units>
  </info>
  <IntraTM ASID="20965">
    <src id="12">
      <dst id="12">347221.8933</dst>
      <dst id="13">20148.0800</dst>
      <dst id="19">5333.0133</dst>
      <dst id="23">5032.9689</dst>
      <dst id="8">1714.0622</dst>
      <dst id="18">1456.4444</dst>
      <dst id="4">83755.6089</dst>
      <dst id="1">9235.6622</dst>
      <dst id="5">2333.1467</dst>
      <dst id="3">22051.3156</dst>
      <dst id="22">8395.5733</dst>
      <dst id="7">4780.8356</dst>
      <dst id="2">75896.0000</dst>
      <dst id="6">8.0978</dst>
      <dst id="16">10428.6844</dst>
      <dst id="14">1192.0622</dst>
      <dst id="20">31087.7956</dst>
      <dst id="11">6287.6000</dst>
      <dst id="9">55353.5200</dst>
      <dst id="17">57290.4978</dst>
      <dst id="21">23729.6356</dst>
      <dst id="15">8013.7689</dst>
    </src>
    <src id="13">
      <dst id="12">48103.9911</dst>
      <dst id="19">6573.2356</dst>
      <dst id="23">31.9556</dst>
      <dst id="8">4905.4400</dst>
      <dst id="18">6036.5600</dst>
      <dst id="1">4900.0711</dst>
      <dst id="5">15298.4800</dst>
      <dst id="3">25173.3600</dst>
      <dst id="22">23935.1644</dst>
      <dst id="7">8324.2844</dst>
      <dst id="2">66596.8622</dst>
      <dst id="6">131.1022</dst>
      <dst id="16">6070.1956</dst>
      <dst id="14">4971.7600</dst>
      <dst id="20">18106.3822</dst>
      <dst id="11">18394.2222</dst>
      <dst id="9">17590.0533</dst>
      <dst id="17">80100.7733</dst>
      <dst id="21">15817.2089</dst>
      <dst id="15">4035.8133</dst>
    </src>
    <src id="19">
      <dst id="12">13684.5956</dst>
      <dst id="13">207.6267</dst>
      <dst id="23">1.1378</dst>
      <dst id="8">40.0000</dst>
      <dst id="18">83.0311</dst>
      <dst id="4">21332.5333</dst>
      <dst id="1">16.9511</dst>
      <dst id="5">749.2178</dst>
      <dst id="3">1918.3911</dst>
      <dst id="22">66.6756</dst>
      <dst id="7">3556.9156</dst>
      <dst id="2">345.4489</dst>
      <dst id="6">75.5289</dst>
      <dst id="16">6886.4178</dst>
      <dst id="14">1.3689</dst>
      <dst id="20">30.9867</dst>
      <dst id="11">490.3822</dst>
      <dst id="9">136.4889</dst>
      <dst id="17">538.1511</dst>
      <dst id="21">4009.2356</dst>
      <dst id="15">158.7289</dst>
    </src>
    <src id="23">
      <dst id="12">446.8978</dst>
      <dst id="13">31.5289</dst>
      <dst id="19">13.7956</dst>
      <dst id="8">1.8489</dst>
      <dst id="18">0.4267</dst>
      <dst id="4">45.0311</dst>
      <dst id="1">674.2578</dst>
      <dst id="5">1.6444</dst>
      <dst id="3">281.0489</dst>
      <dst id="22">188.4533</dst>
      <dst id="7">147.5022</dst>
      <dst id="2">31.0844</dst>
      <dst id="16">5.8222</dst>
      <dst id="14">613.6622</dst>
      <dst id="20">40.7467</dst>
      <dst id="11">193.1822</dst>
      <dst id="9">281.0311</dst>
      <dst id="17">122.3644</dst>
      <dst id="21">503.8400</dst>
    </src>
    <src id="8">
      <dst id="12">349416.3022</dst>
      <dst id="13">1485.3511</dst>
      <dst id="19">33.4933</dst>
      <dst id="23">1.7778</dst>
      <dst id="18">14.5156</dst>
      <dst id="4">6374.6400</dst>
      <dst id="1">93.4756</dst>
      <dst id="5">1282.5156</dst>
      <dst id="3">195.5467</dst>
      <dst id="22">1049.1111</dst>
      <dst id="7">43.3778</dst>
      <dst id="2">124871.7333</dst>
      <dst id="6">26.9156</dst>
      <dst id="16">576.6400</dst>
      <dst id="14">24.8889</dst>
      <dst id="20">3022.1778</dst>
      <dst id="11">3359.0667</dst>
      <dst id="9">4159.6711</dst>
      <dst id="17">76493.1911</dst>
      <dst id="21">676.0356</dst>
      <dst id="15">5.1467</dst>
    </src>
    <src id="18">
      <dst id="12">111667.8222</dst>
      <dst id="13">163.5911</dst>
      <dst id="19">2.5422</dst>
      <dst id="23">0.6133</dst>
      <dst id="8">6.3911</dst>
      <dst id="4">2227.7067</dst>
      <dst id="1">747.1733</dst>
      <dst id="5">499.3689</dst>
      <dst id="3">223.1022</dst>
      <dst id="22">635.9644</dst>
      <dst id="7">62.3200</dst>
      <dst id="2">30753.0489</dst>
      <dst id="16">59.6533</dst>
      <dst id="14">15.2622</dst>
      <dst id="20">55.4400</dst>
      <dst id="11">1655.8044</dst>
      <dst id="9">403.3689</dst>
      <dst id="17">23569.8044</dst>
      <dst id="21">228.8267</dst>
      <dst id="15">5.4578</dst>
    </src>
    <src id="4">
      <dst id="12">11582.3289</dst>
      <dst id="19">16182.7556</dst>
      <dst id="8">2821.9111</dst>
      <dst id="18">2742.9067</dst>
      <dst id="4">1.4044</dst>
      <dst id="1">949.6444</dst>
      <dst id="5">2390.9067</dst>
      <dst id="3">97814.1333</dst>
      <dst id="22">11360.2756</dst>
      <dst id="7">76413.6889</dst>
      <dst id="2">65653.7600</dst>
      <dst id="6">1.6444</dst>
      <dst id="16">1598.3911</dst>
      <dst id="14">13354.6933</dst>
      <dst id="20">4033.2978</dst>
      <dst id="11">9522.3111</dst>
      <dst id="9">4906.0267</dst>
      <dst id="17">18919.2089</dst>
      <dst id="21">4643.0489</dst>
      <dst id="15">7184.7556</dst>
    </src>
    <src id="1">
      <dst id="12">19655.6178</dst>
      <dst id="13">746.4533</dst>
      <dst id="19">116.8267</dst>
      <dst id="23">79.0578</dst>
      <dst id="8">162634.3200</dst>
      <dst id="18">13642.3733</dst>
      <dst id="4">9253.3333</dst>
      <dst id="1">52.0978</dst>
      <dst id="5">242523.9911</dst>
      <dst id="3">103629.9467</dst>
      <dst id="22">5728.3200</dst>
      <dst id="7">14131.6622</dst>
      <dst id="2">2568.1333</dst>
      <dst id="6">5431.1289</dst>
      <dst id="16">12756.7200</dst>
      <dst id="14">221.5467</dst>
      <dst id="20">206.3378</dst>
      <dst id="11">547.4311</dst>
      <dst id="9">351697.9733</dst>
      <dst id="17">4341.8133</dst>
      <dst id="21">30028.3822</dst>
      <dst id="15">932.9333</dst>
    </src>
    <src id="5">
      <dst id="12">315236.7200</dst>
      <dst id="13">606.4889</dst>
      <dst id="19">89.8400</dst>
      <dst id="23">13.5911</dst>
      <dst id="8">5227.2000</dst>
      <dst id="18">113.5111</dst>
      <dst id="4">11266.9156</dst>
      <dst id="1">28.2222</dst>
      <dst id="3">556.2311</dst>
      <dst id="22">3508.7556</dst>
      <dst id="7">294.5067</dst>
      <dst id="2">131930.2489</dst>
      <dst id="6">1.4222</dst>
      <dst id="16">1052.9422</dst>
      <dst id="14">1.2356</dst>
      <dst id="20">540.7556</dst>
      <dst id="11">1642.5422</dst>
      <dst id="9">14783.2622</dst>
      <dst id="17">82281.9556</dst>
      <dst id="21">223.5556</dst>
      <dst id="15">414.4000</dst>
    </src>
    <src id="3">
      <dst id="12">8124.7733</dst>
      <dst id="13">360.2844</dst>
      <dst id="19">1542.0533</dst>
      <dst id="23">38.6844</dst>
      <dst id="8">549.7067</dst>
      <dst id="18">71438.3556</dst>
      <dst id="4">35430.0800</dst>
      <dst id="1">10259.7244</dst>
      <dst id="5">1146.0533</dst>
      <dst id="3">10666.1600</dst>
      <dst id="22">719.8489</dst>
      <dst id="7">1273.5644</dst>
      <dst id="2">4939.2889</dst>
      <dst id="6">2.7200</dst>
      <dst id="16">1657.3778</dst>
      <dst id="14">55196.1600</dst>
      <dst id="20">861.0311</dst>
      <dst id="11">207751.0400</dst>
      <dst id="9">576.4711</dst>
      <dst id="17">10551.5289</dst>
      <dst id="21">9154.2578</dst>
      <dst id="15">62.8000</dst>
    </src>
    <src id="10">
      <dst id="12">15312.6133</dst>
      <dst id="19">595.3689</dst>
      <dst id="8">1035.9378</dst>
      <dst id="18">2338.7289</dst>
      <dst id="4">0.8178</dst>
      <dst id="1">1078.8356</dst>
      <dst id="5">2331.8489</dst>
      <dst id="3">18004.1067</dst>
      <dst id="22">7512.8089</dst>
      <dst id="7">717.9644</dst>
      <dst id="2">24842.2756</dst>
      <dst id="6">14.2311</dst>
      <dst id="16">818.5333</dst>
      <dst id="14">3745.9733</dst>
      <dst id="20">4914.9422</dst>
      <dst id="11">7450.7822</dst>
      <dst id="9">3288.6756</dst>
      <dst id="17">14644.2133</dst>
      <dst id="21">16142.5333</dst>
      <dst id="15">1338.4178</dst>
    </src>
    <src id="22">
      <dst id="12">9459.3333</dst>
      <dst id="13">2911.1733</dst>
      <dst id="19">37.2622</dst>
      <dst id="23">2.2844</dst>
      <dst id="8">788.5067</dst>
      <dst id="18">220.8711</dst>
      <dst id="4">19338.2133</dst>
      <dst id="1">182.2400</dst>
      <dst id="5">3210.0889</dst>
      <dst id="3">519.6000</dst>
      <dst id="7">1030.1156</dst>
      <dst id="2">1720.2578</dst>
      <dst id="6">46.4622</dst>
      <dst id="16">24.7289</dst>
      <dst id="14">52.0178</dst>
      <dst id="11">2312.0444</dst>
      <dst id="9">2477.5822</dst>
      <dst id="17">1629.6889</dst>
      <dst id="21">2225.7778</dst>
    </src>
    <src id="7">
      <dst id="12">4885.9111</dst>
      <dst id="13">177.1022</dst>
      <dst id="19">396.4622</dst>
      <dst id="23">75.8489</dst>
      <dst id="8">568.2400</dst>
      <dst id="18">508.9778</dst>
      <dst id="4">90226.5956</dst>
      <dst id="1">1394.5600</dst>
      <dst id="5">1759.0667</dst>
      <dst id="3">6034.2311</dst>
      <dst id="22">4446.5778</dst>
      <dst id="7">645.2978</dst>
      <dst id="2">19230.0622</dst>
      <dst id="6">0.9333</dst>
      <dst id="16">739.9378</dst>
      <dst id="14">145.4489</dst>
      <dst id="20">835.4311</dst>
      <dst id="11">1958.1067</dst>
      <dst id="9">3678.8444</dst>
      <dst id="17">7168.9867</dst>
      <dst id="21">8503.8133</dst>
      <dst id="15">232.8533</dst>
    </src>
    <src id="2">
      <dst id="12">167143.6000</dst>
      <dst id="13">7926.9956</dst>
      <dst id="19">378.8711</dst>
      <dst id="23">0.4622</dst>
      <dst id="8">827.3244</dst>
      <dst id="18">78568.4178</dst>
      <dst id="4">94718.5689</dst>
      <dst id="1">1092.3022</dst>
      <dst id="5">2210.1067</dst>
      <dst id="3">2775.9111</dst>
      <dst id="22">7703.7333</dst>
      <dst id="7">3487.1111</dst>
      <dst id="2">1084.9867</dst>
      <dst id="6">5269.4933</dst>
      <dst id="16">2125.1644</dst>
      <dst id="14">580.6044</dst>
      <dst id="20">744.6756</dst>
      <dst id="11">4472.0089</dst>
      <dst id="9">1543.4756</dst>
      <dst id="17">14186.1511</dst>
      <dst id="21">8021.0311</dst>
      <dst id="15">170.7200</dst>
    </src>
    <src id="6">
      <dst id="12">8661.6622</dst>
      <dst id="13">23.5644</dst>
      <dst id="19">2.9600</dst>
      <dst id="8">11.8222</dst>
      <dst id="18">0.3556</dst>
      <dst id="4">28.0000</dst>
      <dst id="1">0.3378</dst>
      <dst id="5">36.3911</dst>
      <dst id="3">101.0667</dst>
      <dst id="22">108.5156</dst>
      <dst id="7">1.4133</dst>
      <dst id="2">1903.5378</dst>
      <dst id="16">16.9511</dst>
      <dst id="14">36.3733</dst>
      <dst id="20">0.3556</dst>
      <dst id="11">17.8578</dst>
      <dst id="9">45.8578</dst>
      <dst id="17">1319.3600</dst>
      <dst id="21">58.3111</dst>
      <dst id="15">0.3378</dst>
    </src>
    <src id="16">
      <dst id="12">3695.4400</dst>
      <dst id="13">317.6444</dst>
      <dst id="19">4379.1822</dst>
      <dst id="23">2.1689</dst>
      <dst id="8">6746.1067</dst>
      <dst id="18">38.1422</dst>
      <dst id="4">4363.6622</dst>
      <dst id="1">21463.9200</dst>
      <dst id="5">11696.5867</dst>
      <dst id="3">1929.5911</dst>
      <dst id="22">1.5289</dst>
      <dst id="7">1745.3511</dst>
      <dst id="2">340.8889</dst>
      <dst id="6">2.1067</dst>
      <dst id="16">23.6267</dst>
      <dst id="14">506.4800</dst>
      <dst id="11">635.5022</dst>
      <dst id="9">12295.3067</dst>
      <dst id="17">963.5556</dst>
      <dst id="21">684.8889</dst>
    </src>
    <src id="14">
      <dst id="12">22041.3778</dst>
      <dst id="13">45.1822</dst>
      <dst id="19">9.7067</dst>
      <dst id="23">15.1378</dst>
      <dst id="8">23.4667</dst>
      <dst id="4">2754.6222</dst>
      <dst id="1">73.5733</dst>
      <dst id="5">0.9956</dst>
      <dst id="3">147.1200</dst>
      <dst id="22">1725.0133</dst>
      <dst id="7">68.9511</dst>
      <dst id="2">5321.9644</dst>
      <dst id="6">2.4711</dst>
      <dst id="16">13.6978</dst>
      <dst id="20">8.9600</dst>
      <dst id="11">54.6756</dst>
      <dst id="9">68.1956</dst>
      <dst id="17">7285.4044</dst>
      <dst id="21">66.7200</dst>
      <dst id="15">27.3422</dst>
    </src>
    <src id="20">
      <dst id="12">4405.4133</dst>
      <dst id="13">5678.2133</dst>
      <dst id="19">56.8800</dst>
      <dst id="23">4.5600</dst>
      <dst id="8">925.9200</dst>
      <dst id="18">0.6222</dst>
      <dst id="4">14948.2311</dst>
      <dst id="1">58.7111</dst>
      <dst id="5">648.7556</dst>
      <dst id="3">1261.1378</dst>
      <dst id="22">173.3333</dst>
      <dst id="7">559.5644</dst>
      <dst id="2">1743.2711</dst>
      <dst id="14">0.8889</dst>
      <dst id="11">1315.5911</dst>
      <dst id="9">7129.6978</dst>
      <dst id="17">9870.7733</dst>
      <dst id="21">555.1378</dst>
    </src>
    <src id="11">
      <dst id="12">385584.2489</dst>
      <dst id="13">916.0711</dst>
      <dst id="19">98.3111</dst>
      <dst id="23">714.3289</dst>
      <dst id="8">550.5778</dst>
      <dst id="18">719.3511</dst>
      <dst id="4">13430.5333</dst>
      <dst id="1">436.3289</dst>
      <dst id="5">971.1911</dst>
      <dst id="3">1382.6667</dst>
      <dst id="22">2002.2133</dst>
      <dst id="7">418.7200</dst>
      <dst id="2">152951.4667</dst>
      <dst id="6">5.3244</dst>
      <dst id="16">384.2044</dst>
      <dst id="14">366.4000</dst>
      <dst id="20">2037.3689</dst>
      <dst id="11">1765.2800</dst>
      <dst id="9">586.6844</dst>
      <dst id="17">85647.3867</dst>
      <dst id="21">8801.1556</dst>
      <dst id="15">251.7689</dst>
    </src>
    <src id="9">
      <dst id="12">547724.8800</dst>
      <dst id="13">6993.1022</dst>
      <dst id="19">8.4267</dst>
      <dst id="23">7.0400</dst>
      <dst id="8">2507.4311</dst>
      <dst id="18">898.7822</dst>
      <dst id="4">12522.4356</dst>
      <dst id="1">10374.8622</dst>
      <dst id="5">3983.4400</dst>
      <dst id="3">1280.0800</dst>
      <dst id="22">5531.0756</dst>
      <dst id="7">298.5156</dst>
      <dst id="2">171138.3467</dst>
      <dst id="6">1.9911</dst>
      <dst id="16">804.7200</dst>
      <dst id="14">28.3733</dst>
      <dst id="20">4668.1956</dst>
      <dst id="11">666.8711</dst>
      <dst id="9">7875.7067</dst>
      <dst id="17">122688.2311</dst>
      <dst id="21">657.2889</dst>
      <dst id="15">3086.8622</dst>
    </src>
    <src id="17">
      <dst id="12">8186.9956</dst>
      <dst id="13">7377.3956</dst>
      <dst id="19">11200.2667</dst>
      <dst id="23">66.0889</dst>
      <dst id="8">175085.0133</dst>
      <dst id="18">155.6978</dst>
      <dst id="4">118788.2311</dst>
      <dst id="1">6119.2711</dst>
      <dst id="5">227306.4000</dst>
      <dst id="3">36997.3778</dst>
      <dst id="22">10518.1067</dst>
      <dst id="7">11624.7822</dst>
      <dst id="2">7906.1333</dst>
      <dst id="6">11.6533</dst>
      <dst id="16">4103.0844</dst>
      <dst id="14">44443.2444</dst>
      <dst id="20">2230.0533</dst>
      <dst id="11">148806.5244</dst>
      <dst id="9">278863.3689</dst>
      <dst id="17">1236.4178</dst>
      <dst id="21">18002.5867</dst>
      <dst id="15">1526.9156</dst>
    </src>
    <src id="21">
      <dst id="12">17702.4000</dst>
      <dst id="13">359.6444</dst>
      <dst id="19">256.9600</dst>
      <dst id="23">113.8667</dst>
      <dst id="8">769.3600</dst>
      <dst id="18">2054.1867</dst>
      <dst id="4">23372.3644</dst>
      <dst id="1">3750.0533</dst>
      <dst id="5">559.7244</dst>
      <dst id="3">4802.8178</dst>
      <dst id="22">1612.1511</dst>
      <dst id="7">812.1956</dst>
      <dst id="2">13819.1822</dst>
      <dst id="6">17.6267</dst>
      <dst id="16">349.3956</dst>
      <dst id="14">101.0133</dst>
      <dst id="20">397.4844</dst>
      <dst id="11">1928.6311</dst>
      <dst id="9">1757.8667</dst>
      <dst id="17">3379.5111</dst>
      <dst id="21">3029.5822</dst>
      <dst id="15">543.6533</dst>
    </src>
    <src id="15">
      <dst id="12">994.5511</dst>
      <dst id="13">985.9911</dst>
      <dst id="19">92.3556</dst>
      <dst id="23">0.7111</dst>
      <dst id="8">28.3289</dst>
      <dst id="18">117.9822</dst>
      <dst id="4">3357.2178</dst>
      <dst id="1">216.0000</dst>
      <dst id="5">408.7644</dst>
      <dst id="3">723.8044</dst>
      <dst id="7">8.5956</dst>
      <dst id="2">417.5733</dst>
      <dst id="14">1.8222</dst>
      <dst id="11">123.5289</dst>
      <dst id="9">777.0222</dst>
      <dst id="17">417.9556</dst>
      <dst id="21">219.7156</dst>
    </src>
  </IntraTM>
</TrafficMatrixFile>
