<?xml version="1.0" encoding="UTF-8" standalone="yes"?>
<TrafficMatrixFile xmlns:xsi="http://www.w3.org/2001/XMLSchema-instance" xsi:noNamespaceSchemaLocation="http://totem.run.montefiore.ulg.ac.be/Schema/TrafficMatrix-v1_2.xsd">
  <info>
    <title>Intradomain traffic matrix generated by geant-TM-all.pl</title>
    <date>2005-01-01T14:30:00</date>
    <duration>900</duration>
    <author>Steve Uhlig</author>
    <units>
        <unit type="bandwidth" value="kbps"/>
    </units>
  </info>
  <IntraTM ASID="20965">
    <src id="12">
      <dst id="12">223194.8444</dst>
      <dst id="13">11006.7467</dst>
      <dst id="19">4646.8178</dst>
      <dst id="23">98.9600</dst>
      <dst id="8">1729.0133</dst>
      <dst id="18">146.9867</dst>
      <dst id="4">98295.4489</dst>
      <dst id="1">8031.8311</dst>
      <dst id="5">1210.5956</dst>
      <dst id="3">4967.5822</dst>
      <dst id="22">3062.0533</dst>
      <dst id="7">2146.3644</dst>
      <dst id="2">61276.8267</dst>
      <dst id="6">4.4267</dst>
      <dst id="16">11529.8311</dst>
      <dst id="14">1194.8444</dst>
      <dst id="20">749.9467</dst>
      <dst id="11">1328.6400</dst>
      <dst id="9">6793.0933</dst>
      <dst id="17">43555.9733</dst>
      <dst id="21">8294.2311</dst>
      <dst id="15">1954.0000</dst>
    </src>
    <src id="13">
      <dst id="12">39474.3467</dst>
      <dst id="19">15115.1111</dst>
      <dst id="23">48.0089</dst>
      <dst id="8">622.3467</dst>
      <dst id="18">1908.7467</dst>
      <dst id="4">0.9244</dst>
      <dst id="1">1799.1467</dst>
      <dst id="5">4194.3378</dst>
      <dst id="3">4578.2044</dst>
      <dst id="22">16381.7600</dst>
      <dst id="7">8778.6489</dst>
      <dst id="2">47215.9111</dst>
      <dst id="6">16.5156</dst>
      <dst id="16">4359.2178</dst>
      <dst id="14">1922.0267</dst>
      <dst id="20">21090.1244</dst>
      <dst id="11">5710.5422</dst>
      <dst id="9">7612.1156</dst>
      <dst id="17">54538.3378</dst>
      <dst id="21">8296.8978</dst>
      <dst id="15">3445.4844</dst>
    </src>
    <src id="19">
      <dst id="12">12830.7644</dst>
      <dst id="13">269.1911</dst>
      <dst id="23">0.6756</dst>
      <dst id="8">28.5156</dst>
      <dst id="4">19376.4889</dst>
      <dst id="1">22.6222</dst>
      <dst id="5">4.7289</dst>
      <dst id="3">521.1378</dst>
      <dst id="22">107.1200</dst>
      <dst id="7">3194.6489</dst>
      <dst id="2">54.8889</dst>
      <dst id="6">46.3378</dst>
      <dst id="16">11601.7511</dst>
      <dst id="14">2.9956</dst>
      <dst id="20">28.4267</dst>
      <dst id="11">3.8489</dst>
      <dst id="9">27.0933</dst>
      <dst id="17">389.8044</dst>
      <dst id="21">217.3067</dst>
    </src>
    <src id="23">
      <dst id="12">144.9867</dst>
      <dst id="13">48.8622</dst>
      <dst id="19">12.6222</dst>
      <dst id="8">0.4622</dst>
      <dst id="18">13.6889</dst>
      <dst id="4">19.4489</dst>
      <dst id="1">59.7422</dst>
      <dst id="5">2.7289</dst>
      <dst id="3">12.6222</dst>
      <dst id="7">270.2222</dst>
      <dst id="2">1.5022</dst>
      <dst id="6">1.1378</dst>
      <dst id="16">1.1467</dst>
      <dst id="14">10.2133</dst>
      <dst id="20">293.7956</dst>
      <dst id="11">230.7111</dst>
      <dst id="9">494.2933</dst>
      <dst id="17">16.5511</dst>
      <dst id="21">51.8400</dst>
      <dst id="15">26.6667</dst>
    </src>
    <src id="8">
      <dst id="12">271325.8222</dst>
      <dst id="13">405.3067</dst>
      <dst id="19">40.9600</dst>
      <dst id="23">13.3333</dst>
      <dst id="18">53.0400</dst>
      <dst id="4">4437.6889</dst>
      <dst id="1">59.1733</dst>
      <dst id="5">275.0133</dst>
      <dst id="3">49.2889</dst>
      <dst id="22">711.8311</dst>
      <dst id="7">108.3911</dst>
      <dst id="2">82685.7244</dst>
      <dst id="6">26.5956</dst>
      <dst id="16">199.4489</dst>
      <dst id="20">33.0222</dst>
      <dst id="11">32.4800</dst>
      <dst id="9">489.1111</dst>
      <dst id="17">50968.8622</dst>
      <dst id="21">207.8756</dst>
      <dst id="15">1.6000</dst>
    </src>
    <src id="18">
      <dst id="12">107943.4756</dst>
      <dst id="13">307.8489</dst>
      <dst id="23">2.3822</dst>
      <dst id="8">5.2800</dst>
      <dst id="4">1492.1156</dst>
      <dst id="1">1211.4933</dst>
      <dst id="5">233.1733</dst>
      <dst id="3">106.8800</dst>
      <dst id="22">58.3822</dst>
      <dst id="7">218.1067</dst>
      <dst id="2">27404.3733</dst>
      <dst id="16">0.4622</dst>
      <dst id="20">11.0044</dst>
      <dst id="11">173.8044</dst>
      <dst id="9">88.7822</dst>
      <dst id="17">24130.0089</dst>
      <dst id="21">178.4178</dst>
      <dst id="15">202.8978</dst>
    </src>
    <src id="4">
      <dst id="12">10096.2933</dst>
      <dst id="19">15483.2267</dst>
      <dst id="23">1.0667</dst>
      <dst id="8">712.6311</dst>
      <dst id="18">342.0711</dst>
      <dst id="1">1055.1822</dst>
      <dst id="5">3579.8133</dst>
      <dst id="3">24434.4178</dst>
      <dst id="22">3972.9511</dst>
      <dst id="7">24909.3867</dst>
      <dst id="2">58090.6844</dst>
      <dst id="6">4.8089</dst>
      <dst id="16">677.9022</dst>
      <dst id="14">1935.3511</dst>
      <dst id="20">971.3867</dst>
      <dst id="11">8018.8356</dst>
      <dst id="9">1781.7422</dst>
      <dst id="17">14967.6800</dst>
      <dst id="21">4240.9067</dst>
      <dst id="15">462.6933</dst>
    </src>
    <src id="1">
      <dst id="12">16001.7244</dst>
      <dst id="13">270.2667</dst>
      <dst id="19">815.3244</dst>
      <dst id="23">27.1911</dst>
      <dst id="8">55876.0622</dst>
      <dst id="18">12270.5511</dst>
      <dst id="4">6909.7067</dst>
      <dst id="1">74.8444</dst>
      <dst id="5">136782.7644</dst>
      <dst id="3">19499.3422</dst>
      <dst id="22">45.9378</dst>
      <dst id="7">12489.2889</dst>
      <dst id="2">11858.0622</dst>
      <dst id="6">2939.7067</dst>
      <dst id="16">17589.4222</dst>
      <dst id="14">179.7778</dst>
      <dst id="20">201.6444</dst>
      <dst id="11">212.0533</dst>
      <dst id="9">146187.5733</dst>
      <dst id="17">1576.5333</dst>
      <dst id="21">2278.9956</dst>
      <dst id="15">252.8267</dst>
    </src>
    <src id="5">
      <dst id="12">271233.8400</dst>
      <dst id="13">925.1467</dst>
      <dst id="19">152.3733</dst>
      <dst id="23">106.6667</dst>
      <dst id="8">527.5644</dst>
      <dst id="18">171.6356</dst>
      <dst id="4">5557.4400</dst>
      <dst id="1">45.9644</dst>
      <dst id="3">202.7822</dst>
      <dst id="22">4624.3111</dst>
      <dst id="7">244.1689</dst>
      <dst id="2">95526.7378</dst>
      <dst id="6">0.3556</dst>
      <dst id="16">547.2444</dst>
      <dst id="14">55.8667</dst>
      <dst id="20">534.5689</dst>
      <dst id="11">1903.0933</dst>
      <dst id="9">784.4711</dst>
      <dst id="17">66932.0267</dst>
      <dst id="21">254.7644</dst>
      <dst id="15">170.5067</dst>
    </src>
    <src id="3">
      <dst id="12">7769.1644</dst>
      <dst id="13">228.1778</dst>
      <dst id="19">4991.2978</dst>
      <dst id="23">1.9378</dst>
      <dst id="8">171.8667</dst>
      <dst id="18">53384.6133</dst>
      <dst id="4">60185.8667</dst>
      <dst id="1">1794.6578</dst>
      <dst id="5">216.0800</dst>
      <dst id="3">9107.8400</dst>
      <dst id="22">192.3644</dst>
      <dst id="7">1650.9333</dst>
      <dst id="2">3270.4800</dst>
      <dst id="6">2.7200</dst>
      <dst id="16">999.0044</dst>
      <dst id="14">24933.5289</dst>
      <dst id="20">134.8267</dst>
      <dst id="11">92897.5822</dst>
      <dst id="9">126.1422</dst>
      <dst id="17">9781.0311</dst>
      <dst id="21">5053.8933</dst>
      <dst id="15">37.5289</dst>
    </src>
    <src id="10">
      <dst id="12">14083.5556</dst>
      <dst id="19">1858.7111</dst>
      <dst id="8">969.7067</dst>
      <dst id="18">14055.1200</dst>
      <dst id="1">1960.5244</dst>
      <dst id="5">850.3378</dst>
      <dst id="3">7786.7822</dst>
      <dst id="22">4534.5956</dst>
      <dst id="7">5840.6578</dst>
      <dst id="2">19214.9511</dst>
      <dst id="6">113.4933</dst>
      <dst id="16">882.3911</dst>
      <dst id="14">2249.2089</dst>
      <dst id="20">2552.5156</dst>
      <dst id="11">3720.4089</dst>
      <dst id="9">954.2311</dst>
      <dst id="17">16000.9778</dst>
      <dst id="21">6693.2533</dst>
      <dst id="15">772.6578</dst>
    </src>
    <src id="22">
      <dst id="12">4996.6400</dst>
      <dst id="13">954.4533</dst>
      <dst id="19">32.2489</dst>
      <dst id="23">0.4267</dst>
      <dst id="8">761.5022</dst>
      <dst id="18">1319.4311</dst>
      <dst id="4">21464.0089</dst>
      <dst id="1">156.1244</dst>
      <dst id="5">1708.5867</dst>
      <dst id="3">316.1511</dst>
      <dst id="7">1627.3600</dst>
      <dst id="2">2759.4400</dst>
      <dst id="6">107.7156</dst>
      <dst id="16">1.1733</dst>
      <dst id="14">56.7822</dst>
      <dst id="11">2268.1600</dst>
      <dst id="9">1522.0267</dst>
      <dst id="17">931.7511</dst>
      <dst id="21">620.0889</dst>
    </src>
    <src id="7">
      <dst id="12">3013.7422</dst>
      <dst id="13">193.8400</dst>
      <dst id="19">343.2978</dst>
      <dst id="23">79.0844</dst>
      <dst id="8">214.8800</dst>
      <dst id="18">635.0044</dst>
      <dst id="4">46369.8756</dst>
      <dst id="1">1014.6311</dst>
      <dst id="5">1159.2889</dst>
      <dst id="3">1805.0578</dst>
      <dst id="22">5616.9689</dst>
      <dst id="7">806.4356</dst>
      <dst id="2">4055.3244</dst>
      <dst id="6">18.0978</dst>
      <dst id="16">722.6311</dst>
      <dst id="14">72.9778</dst>
      <dst id="20">176.3289</dst>
      <dst id="11">698.4178</dst>
      <dst id="9">331.2267</dst>
      <dst id="17">5339.8756</dst>
      <dst id="21">3378.0533</dst>
      <dst id="15">48.6578</dst>
    </src>
    <src id="2">
      <dst id="12">76339.6356</dst>
      <dst id="13">1484.1067</dst>
      <dst id="19">112.4356</dst>
      <dst id="8">91.0133</dst>
      <dst id="18">43144.5244</dst>
      <dst id="4">110438.1600</dst>
      <dst id="1">4680.6044</dst>
      <dst id="5">590.8000</dst>
      <dst id="3">513.5822</dst>
      <dst id="22">619.8489</dst>
      <dst id="7">2571.8667</dst>
      <dst id="2">253.1644</dst>
      <dst id="6">4633.3600</dst>
      <dst id="16">2532.5333</dst>
      <dst id="14">551.2356</dst>
      <dst id="20">294.2756</dst>
      <dst id="11">1895.8756</dst>
      <dst id="9">294.3111</dst>
      <dst id="17">16640.0978</dst>
      <dst id="21">2681.2622</dst>
      <dst id="15">29.9378</dst>
    </src>
    <src id="6">
      <dst id="12">6995.7422</dst>
      <dst id="13">1.7511</dst>
      <dst id="19">0.3556</dst>
      <dst id="23">1.1378</dst>
      <dst id="4">90.7378</dst>
      <dst id="1">0.3378</dst>
      <dst id="5">0.3556</dst>
      <dst id="3">15.8578</dst>
      <dst id="22">3.3422</dst>
      <dst id="7">1.0133</dst>
      <dst id="2">1482.2667</dst>
      <dst id="11">0.3556</dst>
      <dst id="9">39.3778</dst>
      <dst id="17">867.8667</dst>
      <dst id="21">0.3556</dst>
    </src>
    <src id="16">
      <dst id="12">4583.4222</dst>
      <dst id="13">128.0978</dst>
      <dst id="19">3876.3733</dst>
      <dst id="23">1.8933</dst>
      <dst id="8">1897.8844</dst>
      <dst id="18">10.8533</dst>
      <dst id="4">5415.2800</dst>
      <dst id="1">23825.8844</dst>
      <dst id="5">2371.2711</dst>
      <dst id="3">1299.0400</dst>
      <dst id="7">1604.9600</dst>
      <dst id="2">146.6133</dst>
      <dst id="16">19.5022</dst>
      <dst id="14">14.7556</dst>
      <dst id="11">100.8444</dst>
      <dst id="9">7722.6222</dst>
      <dst id="17">1569.4400</dst>
      <dst id="21">76.2578</dst>
    </src>
    <src id="14">
      <dst id="12">15034.2311</dst>
      <dst id="13">889.0489</dst>
      <dst id="19">9.1378</dst>
      <dst id="18">0.6044</dst>
      <dst id="4">2582.2311</dst>
      <dst id="1">22.3911</dst>
      <dst id="5">2.9511</dst>
      <dst id="3">41.5111</dst>
      <dst id="22">2.4444</dst>
      <dst id="7">63.6978</dst>
      <dst id="2">5167.9556</dst>
      <dst id="20">1.7600</dst>
      <dst id="11">24.4178</dst>
      <dst id="9">14.5067</dst>
      <dst id="17">5783.2533</dst>
      <dst id="21">91.2533</dst>
    </src>
    <src id="20">
      <dst id="12">2518.5778</dst>
      <dst id="13">2950.0622</dst>
      <dst id="19">1.5822</dst>
      <dst id="23">3.2356</dst>
      <dst id="8">109.3422</dst>
      <dst id="18">713.3422</dst>
      <dst id="4">8179.4844</dst>
      <dst id="1">65.1911</dst>
      <dst id="5">437.9733</dst>
      <dst id="3">49.2178</dst>
      <dst id="7">258.0800</dst>
      <dst id="2">4016.5244</dst>
      <dst id="11">637.3689</dst>
      <dst id="9">16652.0889</dst>
      <dst id="17">8873.3511</dst>
      <dst id="21">386.3644</dst>
    </src>
    <src id="11">
      <dst id="12">368458.6400</dst>
      <dst id="13">307.8044</dst>
      <dst id="19">42.2756</dst>
      <dst id="23">843.4311</dst>
      <dst id="8">81.0489</dst>
      <dst id="18">215.3689</dst>
      <dst id="4">15022.8267</dst>
      <dst id="1">618.6044</dst>
      <dst id="5">607.8578</dst>
      <dst id="3">679.3422</dst>
      <dst id="22">3895.2800</dst>
      <dst id="7">571.5289</dst>
      <dst id="2">139053.9822</dst>
      <dst id="6">0.7822</dst>
      <dst id="16">314.0178</dst>
      <dst id="14">34.1778</dst>
      <dst id="20">195.1378</dst>
      <dst id="11">1613.0933</dst>
      <dst id="9">303.8578</dst>
      <dst id="17">78117.7956</dst>
      <dst id="21">1873.3956</dst>
      <dst id="15">106.2044</dst>
    </src>
    <src id="9">
      <dst id="12">464288.7467</dst>
      <dst id="13">7957.6622</dst>
      <dst id="19">1.8756</dst>
      <dst id="23">11.5200</dst>
      <dst id="8">240.1689</dst>
      <dst id="18">3607.4222</dst>
      <dst id="4">12743.5733</dst>
      <dst id="1">103.6800</dst>
      <dst id="5">380.5156</dst>
      <dst id="3">49.5111</dst>
      <dst id="22">1067.6978</dst>
      <dst id="7">101.2178</dst>
      <dst id="2">121298.2133</dst>
      <dst id="6">8.7911</dst>
      <dst id="16">404.1778</dst>
      <dst id="14">0.3556</dst>
      <dst id="20">891.3244</dst>
      <dst id="11">181.9200</dst>
      <dst id="9">455.4044</dst>
      <dst id="17">103602.7378</dst>
      <dst id="21">302.9244</dst>
      <dst id="15">420.9156</dst>
    </src>
    <src id="17">
      <dst id="12">3880.0978</dst>
      <dst id="13">13197.8578</dst>
      <dst id="19">11773.1467</dst>
      <dst id="23">14.2933</dst>
      <dst id="8">71611.4400</dst>
      <dst id="18">135.0844</dst>
      <dst id="4">127571.9822</dst>
      <dst id="1">705.8578</dst>
      <dst id="5">126665.7600</dst>
      <dst id="3">12581.5111</dst>
      <dst id="22">929.1200</dst>
      <dst id="7">12376.0178</dst>
      <dst id="2">9462.0089</dst>
      <dst id="6">29.7244</dst>
      <dst id="16">9328.6044</dst>
      <dst id="14">25168.0622</dst>
      <dst id="20">331.1022</dst>
      <dst id="11">69159.3600</dst>
      <dst id="9">124342.6133</dst>
      <dst id="17">1777.0400</dst>
      <dst id="21">9270.8889</dst>
      <dst id="15">88.4267</dst>
    </src>
    <src id="21">
      <dst id="12">17805.6089</dst>
      <dst id="13">1214.3467</dst>
      <dst id="19">182.7911</dst>
      <dst id="23">3.9822</dst>
      <dst id="8">5.4311</dst>
      <dst id="18">155.1733</dst>
      <dst id="4">23236.0978</dst>
      <dst id="1">1674.0800</dst>
      <dst id="5">347.8933</dst>
      <dst id="3">609.7511</dst>
      <dst id="22">1364.0978</dst>
      <dst id="7">463.1467</dst>
      <dst id="2">7906.4533</dst>
      <dst id="16">84.8800</dst>
      <dst id="14">91.9467</dst>
      <dst id="20">40.1600</dst>
      <dst id="11">909.4756</dst>
      <dst id="9">316.8267</dst>
      <dst id="17">2503.9111</dst>
      <dst id="21">1895.8400</dst>
      <dst id="15">105.6711</dst>
    </src>
    <src id="15">
      <dst id="12">345.7156</dst>
      <dst id="13">364.9600</dst>
      <dst id="23">1.6889</dst>
      <dst id="8">2.8178</dst>
      <dst id="18">4.1956</dst>
      <dst id="4">7019.0044</dst>
      <dst id="1">116.3378</dst>
      <dst id="5">500.9156</dst>
      <dst id="3">440.9067</dst>
      <dst id="7">38.6311</dst>
      <dst id="2">10.8622</dst>
      <dst id="11">106.4444</dst>
      <dst id="9">2422.8800</dst>
      <dst id="17">306.8356</dst>
      <dst id="21">117.1822</dst>
    </src>
  </IntraTM>
</TrafficMatrixFile>
