<?xml version="1.0" encoding="UTF-8" standalone="yes"?>
<TrafficMatrixFile xmlns:xsi="http://www.w3.org/2001/XMLSchema-instance" xsi:noNamespaceSchemaLocation="http://totem.run.montefiore.ulg.ac.be/Schema/TrafficMatrix-v1_2.xsd">
  <info>
    <title>Intradomain traffic matrix generated by geant-TM-all.pl</title>
    <date>2005-01-04T15:45:00</date>
    <duration>900</duration>
    <author>Steve Uhlig</author>
    <units>
        <unit type="bandwidth" value="kbps"/>
    </units>
  </info>
  <IntraTM ASID="20965">
    <src id="12">
      <dst id="12">168265.6889</dst>
      <dst id="13">13818.5156</dst>
      <dst id="19">2803.3333</dst>
      <dst id="23">249.1378</dst>
      <dst id="8">421.0933</dst>
      <dst id="18">263.9911</dst>
      <dst id="4">57992.2400</dst>
      <dst id="1">9536.6578</dst>
      <dst id="5">24772.8889</dst>
      <dst id="3">2629.6622</dst>
      <dst id="22">4174.2578</dst>
      <dst id="7">12337.0933</dst>
      <dst id="2">63372.8178</dst>
      <dst id="6">20.3822</dst>
      <dst id="16">5453.2000</dst>
      <dst id="14">960.6311</dst>
      <dst id="20">9541.7778</dst>
      <dst id="11">2741.6533</dst>
      <dst id="9">2252.6667</dst>
      <dst id="17">57012.1244</dst>
      <dst id="21">5359.3067</dst>
      <dst id="15">462.7733</dst>
    </src>
    <src id="13">
      <dst id="12">34481.0489</dst>
      <dst id="19">3771.8933</dst>
      <dst id="23">9.7511</dst>
      <dst id="8">2444.3822</dst>
      <dst id="18">2064.9067</dst>
      <dst id="1">2855.4489</dst>
      <dst id="5">2942.6667</dst>
      <dst id="3">8389.4578</dst>
      <dst id="22">12968.4356</dst>
      <dst id="7">8901.7778</dst>
      <dst id="2">46584.2933</dst>
      <dst id="6">90.6311</dst>
      <dst id="16">5464.4711</dst>
      <dst id="14">3131.7244</dst>
      <dst id="20">5652.3733</dst>
      <dst id="11">5179.1556</dst>
      <dst id="9">8107.9022</dst>
      <dst id="17">29607.4222</dst>
      <dst id="21">12192.3556</dst>
      <dst id="15">1960.5333</dst>
    </src>
    <src id="19">
      <dst id="12">14060.7111</dst>
      <dst id="13">352.1333</dst>
      <dst id="8">1365.0489</dst>
      <dst id="4">19999.8844</dst>
      <dst id="1">437.9822</dst>
      <dst id="5">0.8889</dst>
      <dst id="22">150.5333</dst>
      <dst id="7">3486.8978</dst>
      <dst id="2">213.1556</dst>
      <dst id="6">296.6756</dst>
      <dst id="16">10373.1733</dst>
      <dst id="11">2.9156</dst>
      <dst id="9">0.6222</dst>
      <dst id="17">74.1244</dst>
      <dst id="21">157.6711</dst>
      <dst id="15">0.7467</dst>
    </src>
    <src id="23">
      <dst id="12">253.1111</dst>
      <dst id="13">41.5111</dst>
      <dst id="19">4.8000</dst>
      <dst id="8">0.5689</dst>
      <dst id="18">80.3556</dst>
      <dst id="4">31.0667</dst>
      <dst id="1">78.3289</dst>
      <dst id="3">261.0222</dst>
      <dst id="22">34.0711</dst>
      <dst id="7">41.4489</dst>
      <dst id="2">0.8356</dst>
      <dst id="6">25.5289</dst>
      <dst id="16">8.6667</dst>
      <dst id="20">1.5733</dst>
      <dst id="11">26.0978</dst>
      <dst id="9">877.6711</dst>
      <dst id="17">119.0844</dst>
      <dst id="21">210.1422</dst>
      <dst id="15">0.3378</dst>
    </src>
    <src id="8">
      <dst id="12">241384.4000</dst>
      <dst id="13">568.7111</dst>
      <dst id="19">43.9822</dst>
      <dst id="18">1.4489</dst>
      <dst id="4">5406.6756</dst>
      <dst id="1">1527.7244</dst>
      <dst id="5">312.2667</dst>
      <dst id="3">27.7333</dst>
      <dst id="22">916.4978</dst>
      <dst id="7">1071.5644</dst>
      <dst id="2">83756.2756</dst>
      <dst id="16">37.1022</dst>
      <dst id="14">0.4800</dst>
      <dst id="20">12.9333</dst>
      <dst id="11">37.7244</dst>
      <dst id="9">87.9911</dst>
      <dst id="17">85959.6711</dst>
      <dst id="21">213.7511</dst>
      <dst id="15">539.6711</dst>
    </src>
    <src id="18">
      <dst id="12">88153.5644</dst>
      <dst id="13">113.2267</dst>
      <dst id="19">14.4178</dst>
      <dst id="23">0.4622</dst>
      <dst id="8">0.8978</dst>
      <dst id="4">2175.5022</dst>
      <dst id="1">1169.5289</dst>
      <dst id="5">118.7378</dst>
      <dst id="3">25.5467</dst>
      <dst id="22">113.5556</dst>
      <dst id="7">15.4311</dst>
      <dst id="2">23320.4178</dst>
      <dst id="11">57.0133</dst>
      <dst id="9">1.1378</dst>
      <dst id="17">30827.2089</dst>
      <dst id="21">625.4667</dst>
      <dst id="15">0.3556</dst>
    </src>
    <src id="4">
      <dst id="12">6212.6756</dst>
      <dst id="19">15387.8222</dst>
      <dst id="8">2338.8533</dst>
      <dst id="18">3914.0089</dst>
      <dst id="4">2.2756</dst>
      <dst id="1">21172.7822</dst>
      <dst id="5">1451.6978</dst>
      <dst id="3">4.2756</dst>
      <dst id="22">2279.7333</dst>
      <dst id="7">126300.4089</dst>
      <dst id="2">48599.5556</dst>
      <dst id="16">671.2178</dst>
      <dst id="14">1824.8889</dst>
      <dst id="20">165.6800</dst>
      <dst id="11">1752.1244</dst>
      <dst id="9">2210.2933</dst>
      <dst id="17">18966.3289</dst>
      <dst id="21">3107.6978</dst>
      <dst id="15">878.0000</dst>
    </src>
    <src id="1">
      <dst id="12">16697.8311</dst>
      <dst id="13">205.1556</dst>
      <dst id="19">124.7200</dst>
      <dst id="23">19.6533</dst>
      <dst id="8">48625.4222</dst>
      <dst id="18">11391.9822</dst>
      <dst id="4">11747.5822</dst>
      <dst id="1">3331.9822</dst>
      <dst id="5">121424.1422</dst>
      <dst id="3">73.4667</dst>
      <dst id="22">541.5733</dst>
      <dst id="7">762.6400</dst>
      <dst id="2">1315.8222</dst>
      <dst id="6">4290.7644</dst>
      <dst id="16">17405.4400</dst>
      <dst id="14">304.1867</dst>
      <dst id="20">58.4978</dst>
      <dst id="11">131.1556</dst>
      <dst id="9">116026.0889</dst>
      <dst id="17">5075.1111</dst>
      <dst id="21">1679.7600</dst>
      <dst id="15">103.8756</dst>
    </src>
    <src id="5">
      <dst id="12">207219.5644</dst>
      <dst id="13">315.0044</dst>
      <dst id="19">2.5600</dst>
      <dst id="23">0.4178</dst>
      <dst id="8">134.7911</dst>
      <dst id="18">1123.9378</dst>
      <dst id="4">3855.2533</dst>
      <dst id="1">314.3556</dst>
      <dst id="3">25.9644</dst>
      <dst id="22">1136.9956</dst>
      <dst id="7">121.8133</dst>
      <dst id="2">75663.1289</dst>
      <dst id="6">0.4178</dst>
      <dst id="16">163.7867</dst>
      <dst id="14">13.0400</dst>
      <dst id="20">158.5244</dst>
      <dst id="11">203.0133</dst>
      <dst id="9">431.4489</dst>
      <dst id="17">82268.0444</dst>
      <dst id="21">283.0489</dst>
      <dst id="15">72.0267</dst>
    </src>
    <src id="3">
      <dst id="12">4754.3200</dst>
      <dst id="13">271.8489</dst>
      <dst id="19">609.3956</dst>
      <dst id="23">9886.4533</dst>
      <dst id="8">100.8800</dst>
      <dst id="18">44797.1467</dst>
      <dst id="4">31053.4933</dst>
      <dst id="1">6249.3778</dst>
      <dst id="5">199.4933</dst>
      <dst id="3">6610.9956</dst>
      <dst id="22">1268.2222</dst>
      <dst id="7">2057.6356</dst>
      <dst id="2">4310.3822</dst>
      <dst id="6">9.2533</dst>
      <dst id="16">793.3511</dst>
      <dst id="14">48872.4533</dst>
      <dst id="20">40.8978</dst>
      <dst id="11">92819.2267</dst>
      <dst id="9">237.2267</dst>
      <dst id="17">5082.3378</dst>
      <dst id="21">7364.2400</dst>
      <dst id="15">48.6044</dst>
    </src>
    <src id="10">
      <dst id="12">8424.8800</dst>
      <dst id="19">5497.2356</dst>
      <dst id="8">154.2400</dst>
      <dst id="18">686.3378</dst>
      <dst id="1">2963.2889</dst>
      <dst id="5">203.0311</dst>
      <dst id="3">3526.7289</dst>
      <dst id="22">8426.7644</dst>
      <dst id="7">60265.0667</dst>
      <dst id="2">19189.1111</dst>
      <dst id="6">25.1644</dst>
      <dst id="16">197.1289</dst>
      <dst id="14">1064.2222</dst>
      <dst id="20">4625.7600</dst>
      <dst id="11">1936.0800</dst>
      <dst id="9">3992.1422</dst>
      <dst id="17">10699.8578</dst>
      <dst id="21">13530.6844</dst>
      <dst id="15">775.4311</dst>
    </src>
    <src id="22">
      <dst id="12">10903.7511</dst>
      <dst id="13">703.0756</dst>
      <dst id="19">147.0044</dst>
      <dst id="23">926.6044</dst>
      <dst id="8">158.4711</dst>
      <dst id="18">166.1333</dst>
      <dst id="4">16494.7733</dst>
      <dst id="1">45.7244</dst>
      <dst id="5">2274.1600</dst>
      <dst id="3">616.8178</dst>
      <dst id="7">138.7467</dst>
      <dst id="2">3236.9333</dst>
      <dst id="6">56.4356</dst>
      <dst id="14">20.5067</dst>
      <dst id="11">1748.0178</dst>
      <dst id="9">1034.3289</dst>
      <dst id="17">937.1911</dst>
      <dst id="21">747.4844</dst>
    </src>
    <src id="7">
      <dst id="12">2454.4267</dst>
      <dst id="13">27.2800</dst>
      <dst id="19">75.0667</dst>
      <dst id="23">56.3556</dst>
      <dst id="8">26.0622</dst>
      <dst id="18">70.8889</dst>
      <dst id="4">35773.5022</dst>
      <dst id="1">1080.3556</dst>
      <dst id="5">996.4444</dst>
      <dst id="3">129.8933</dst>
      <dst id="22">3245.9022</dst>
      <dst id="7">839.7156</dst>
      <dst id="2">4709.5289</dst>
      <dst id="6">40.7733</dst>
      <dst id="16">175.5467</dst>
      <dst id="14">184.1689</dst>
      <dst id="20">332.8622</dst>
      <dst id="11">281.8489</dst>
      <dst id="9">663.2711</dst>
      <dst id="17">3618.7022</dst>
      <dst id="21">791.8133</dst>
      <dst id="15">72.8800</dst>
    </src>
    <src id="2">
      <dst id="12">48476.0444</dst>
      <dst id="13">506340.6844</dst>
      <dst id="19">2023.8489</dst>
      <dst id="8">112.3200</dst>
      <dst id="18">31426.2311</dst>
      <dst id="4">64855.8133</dst>
      <dst id="1">1394.3644</dst>
      <dst id="5">946.4800</dst>
      <dst id="3">69.8133</dst>
      <dst id="22">486.0800</dst>
      <dst id="7">2756.8000</dst>
      <dst id="2">577.7956</dst>
      <dst id="6">6488.8978</dst>
      <dst id="16">3828.6489</dst>
      <dst id="14">5705.2178</dst>
      <dst id="20">162.3911</dst>
      <dst id="11">962.9244</dst>
      <dst id="9">283.1111</dst>
      <dst id="17">21876.6844</dst>
      <dst id="21">1512.1067</dst>
      <dst id="15">91.6356</dst>
    </src>
    <src id="6">
      <dst id="12">8005.8489</dst>
      <dst id="13">15.7333</dst>
      <dst id="19">12.6133</dst>
      <dst id="23">1.5111</dst>
      <dst id="18">1.0667</dst>
      <dst id="4">903.1200</dst>
      <dst id="1">21.6978</dst>
      <dst id="5">0.4178</dst>
      <dst id="22">2.3644</dst>
      <dst id="7">0.3556</dst>
      <dst id="2">1565.6267</dst>
      <dst id="16">12.4444</dst>
      <dst id="20">11.7333</dst>
      <dst id="11">1.2356</dst>
      <dst id="9">20.9778</dst>
      <dst id="17">1078.5867</dst>
      <dst id="21">11.7956</dst>
      <dst id="15">0.3378</dst>
    </src>
    <src id="16">
      <dst id="12">1482.4267</dst>
      <dst id="13">101.2800</dst>
      <dst id="19">4818.0622</dst>
      <dst id="23">1.6444</dst>
      <dst id="8">794.9778</dst>
      <dst id="18">2.0978</dst>
      <dst id="4">3319.2356</dst>
      <dst id="1">22382.9244</dst>
      <dst id="5">1552.9067</dst>
      <dst id="3">8.7556</dst>
      <dst id="7">734.2222</dst>
      <dst id="2">198.3467</dst>
      <dst id="6">13.9733</dst>
      <dst id="16">18.3111</dst>
      <dst id="14">575.1200</dst>
      <dst id="11">144.5778</dst>
      <dst id="9">2737.4933</dst>
      <dst id="17">894.6400</dst>
      <dst id="21">1609.1644</dst>
    </src>
    <src id="14">
      <dst id="12">22364.1156</dst>
      <dst id="13">26.3200</dst>
      <dst id="19">5.5644</dst>
      <dst id="4">1873.5200</dst>
      <dst id="1">254.1867</dst>
      <dst id="5">26.6667</dst>
      <dst id="3">30.3289</dst>
      <dst id="22">4.5778</dst>
      <dst id="7">174.5422</dst>
      <dst id="2">7690.0267</dst>
      <dst id="16">9.9200</dst>
      <dst id="11">66.3911</dst>
      <dst id="9">1.9467</dst>
      <dst id="17">6732.5778</dst>
      <dst id="21">70.2044</dst>
    </src>
    <src id="20">
      <dst id="12">2519.9822</dst>
      <dst id="13">480.7289</dst>
      <dst id="19">0.3556</dst>
      <dst id="23">0.6489</dst>
      <dst id="8">81.6356</dst>
      <dst id="18">0.4356</dst>
      <dst id="4">6053.0667</dst>
      <dst id="1">62.7467</dst>
      <dst id="5">192.7644</dst>
      <dst id="3">178.6844</dst>
      <dst id="7">83.0578</dst>
      <dst id="2">1398.6844</dst>
      <dst id="6">60.0178</dst>
      <dst id="14">0.5333</dst>
      <dst id="11">50.1422</dst>
      <dst id="9">263.2356</dst>
      <dst id="17">440.4622</dst>
      <dst id="21">678.9511</dst>
    </src>
    <src id="11">
      <dst id="12">341703.6356</dst>
      <dst id="13">2137.5378</dst>
      <dst id="19">10.1600</dst>
      <dst id="23">11.9733</dst>
      <dst id="8">199.4044</dst>
      <dst id="18">31.0667</dst>
      <dst id="4">8767.5289</dst>
      <dst id="1">1004.0089</dst>
      <dst id="5">1630.2133</dst>
      <dst id="3">217.4044</dst>
      <dst id="22">1100.8267</dst>
      <dst id="7">192.1333</dst>
      <dst id="2">108736.7378</dst>
      <dst id="16">161.4400</dst>
      <dst id="14">59.7867</dst>
      <dst id="20">21.2089</dst>
      <dst id="11">1745.4667</dst>
      <dst id="9">892.2044</dst>
      <dst id="17">123043.2533</dst>
      <dst id="21">191.1200</dst>
      <dst id="15">72.2044</dst>
    </src>
    <src id="9">
      <dst id="12">364509.5911</dst>
      <dst id="13">643.9733</dst>
      <dst id="19">16.4267</dst>
      <dst id="23">38.2578</dst>
      <dst id="8">111.2444</dst>
      <dst id="18">18.5956</dst>
      <dst id="4">9044.3644</dst>
      <dst id="1">566.3556</dst>
      <dst id="5">783.3156</dst>
      <dst id="3">5.0044</dst>
      <dst id="22">804.8000</dst>
      <dst id="7">75.3156</dst>
      <dst id="2">99113.6000</dst>
      <dst id="6">0.3556</dst>
      <dst id="16">163.0222</dst>
      <dst id="14">2.3822</dst>
      <dst id="20">745.6800</dst>
      <dst id="11">156.3911</dst>
      <dst id="9">160.8000</dst>
      <dst id="17">117086.6844</dst>
      <dst id="21">313.0311</dst>
      <dst id="15">65.1467</dst>
    </src>
    <src id="17">
      <dst id="12">4326.2222</dst>
      <dst id="13">1390.6756</dst>
      <dst id="19">204.1867</dst>
      <dst id="23">86.1689</dst>
      <dst id="8">71190.5600</dst>
      <dst id="18">5008.4889</dst>
      <dst id="4">32935.1556</dst>
      <dst id="1">325.9911</dst>
      <dst id="5">106570.4178</dst>
      <dst id="3">2937.9911</dst>
      <dst id="22">2300.4800</dst>
      <dst id="7">1168.4978</dst>
      <dst id="2">4993.0311</dst>
      <dst id="6">16.5778</dst>
      <dst id="16">2166.8800</dst>
      <dst id="14">35602.4533</dst>
      <dst id="20">270.7022</dst>
      <dst id="11">66242.3644</dst>
      <dst id="9">93183.4489</dst>
      <dst id="17">814.8622</dst>
      <dst id="21">14592.1422</dst>
      <dst id="15">19.4222</dst>
    </src>
    <src id="21">
      <dst id="12">14767.5822</dst>
      <dst id="13">263.1911</dst>
      <dst id="19">26.3022</dst>
      <dst id="23">5.1378</dst>
      <dst id="8">16.5689</dst>
      <dst id="18">237.4489</dst>
      <dst id="4">10471.1378</dst>
      <dst id="1">2100.8978</dst>
      <dst id="5">247.5911</dst>
      <dst id="3">762.5689</dst>
      <dst id="22">661.2178</dst>
      <dst id="7">1137.3156</dst>
      <dst id="2">6446.1956</dst>
      <dst id="6">0.9156</dst>
      <dst id="16">106.8711</dst>
      <dst id="14">251.2533</dst>
      <dst id="20">33.0933</dst>
      <dst id="11">274.4978</dst>
      <dst id="9">247.1378</dst>
      <dst id="17">3162.1778</dst>
      <dst id="21">503.4578</dst>
      <dst id="15">393.4578</dst>
    </src>
    <src id="15">
      <dst id="12">273.7778</dst>
      <dst id="13">67.3244</dst>
      <dst id="19">40.0000</dst>
      <dst id="23">0.4978</dst>
      <dst id="8">13.4933</dst>
      <dst id="18">0.8622</dst>
      <dst id="4">3097.8578</dst>
      <dst id="1">709.5822</dst>
      <dst id="5">97.0933</dst>
      <dst id="3">9.2533</dst>
      <dst id="7">1.4756</dst>
      <dst id="2">64.7111</dst>
      <dst id="11">16.8622</dst>
      <dst id="9">110.7644</dst>
      <dst id="17">139.2356</dst>
      <dst id="21">118.7644</dst>
    </src>
  </IntraTM>
</TrafficMatrixFile>
