<?xml version="1.0" encoding="UTF-8" standalone="yes"?>
<TrafficMatrixFile xmlns:xsi="http://www.w3.org/2001/XMLSchema-instance" xsi:noNamespaceSchemaLocation="http://totem.run.montefiore.ulg.ac.be/Schema/TrafficMatrix-v1_2.xsd">
  <info>
    <title>Intradomain traffic matrix generated by geant-TM-all.pl</title>
    <date>2005-01-05T05:15:00</date>
    <duration>900</duration>
    <author>Steve Uhlig</author>
    <units>
        <unit type="bandwidth" value="kbps"/>
    </units>
  </info>
  <IntraTM ASID="20965">
    <src id="12">
      <dst id="12">253042.8444</dst>
      <dst id="13">21317.4044</dst>
      <dst id="19">6967.8222</dst>
      <dst id="23">480.8711</dst>
      <dst id="8">7132.0711</dst>
      <dst id="18">686.3022</dst>
      <dst id="4">93494.6756</dst>
      <dst id="1">15351.5111</dst>
      <dst id="5">5062.7556</dst>
      <dst id="3">990.6667</dst>
      <dst id="22">15485.1022</dst>
      <dst id="7">3652.7733</dst>
      <dst id="2">101082.3822</dst>
      <dst id="6">31.0133</dst>
      <dst id="16">5348.6578</dst>
      <dst id="14">1389.6000</dst>
      <dst id="20">3017.2533</dst>
      <dst id="11">3585.7778</dst>
      <dst id="9">10919.4489</dst>
      <dst id="17">74615.5911</dst>
      <dst id="21">2692.9156</dst>
      <dst id="15">2548.3822</dst>
    </src>
    <src id="13">
      <dst id="12">65496.2311</dst>
      <dst id="19">7738.6933</dst>
      <dst id="23">530.2044</dst>
      <dst id="8">8664.8711</dst>
      <dst id="18">3670.7733</dst>
      <dst id="1">2231.3156</dst>
      <dst id="5">12884.2933</dst>
      <dst id="3">8171.8578</dst>
      <dst id="22">27328.2133</dst>
      <dst id="7">17999.4578</dst>
      <dst id="2">112281.7511</dst>
      <dst id="6">203.9822</dst>
      <dst id="16">9144.6044</dst>
      <dst id="14">4630.8356</dst>
      <dst id="20">10836.7289</dst>
      <dst id="11">13049.7333</dst>
      <dst id="9">18916.6756</dst>
      <dst id="17">144720.7911</dst>
      <dst id="21">8483.6622</dst>
      <dst id="15">2192.9067</dst>
    </src>
    <src id="19">
      <dst id="12">13177.4933</dst>
      <dst id="13">337.7689</dst>
      <dst id="23">2.9778</dst>
      <dst id="8">19.8311</dst>
      <dst id="18">2114.8178</dst>
      <dst id="4">18386.3289</dst>
      <dst id="1">421.6444</dst>
      <dst id="5">36.0444</dst>
      <dst id="3">26.6667</dst>
      <dst id="22">252.8533</dst>
      <dst id="7">3369.7511</dst>
      <dst id="2">309.0400</dst>
      <dst id="6">53.3511</dst>
      <dst id="16">5452.1156</dst>
      <dst id="14">2.6044</dst>
      <dst id="20">284.8533</dst>
      <dst id="11">227.9467</dst>
      <dst id="9">929.1911</dst>
      <dst id="17">3046.6400</dst>
      <dst id="21">107.0311</dst>
      <dst id="15">1.5733</dst>
    </src>
    <src id="23">
      <dst id="12">1290.8800</dst>
      <dst id="13">315.9644</dst>
      <dst id="19">15.0222</dst>
      <dst id="8">26.6667</dst>
      <dst id="18">6.5778</dst>
      <dst id="4">1.8489</dst>
      <dst id="1">34.5422</dst>
      <dst id="5">238.7200</dst>
      <dst id="3">291.8400</dst>
      <dst id="22">730.2222</dst>
      <dst id="7">171.4578</dst>
      <dst id="2">114.9956</dst>
      <dst id="6">6.8178</dst>
      <dst id="16">72.5067</dst>
      <dst id="20">143.8222</dst>
      <dst id="11">85.4578</dst>
      <dst id="9">1082.8444</dst>
      <dst id="17">284.9067</dst>
      <dst id="21">38.5422</dst>
    </src>
    <src id="8">
      <dst id="12">347251.6356</dst>
      <dst id="13">780.6133</dst>
      <dst id="19">22.0444</dst>
      <dst id="23">0.7111</dst>
      <dst id="18">65.7333</dst>
      <dst id="4">6024.2933</dst>
      <dst id="1">586.2311</dst>
      <dst id="5">9937.2000</dst>
      <dst id="3">25.6000</dst>
      <dst id="22">1338.6489</dst>
      <dst id="7">4.8000</dst>
      <dst id="2">134687.4311</dst>
      <dst id="16">1096.1067</dst>
      <dst id="14">13.1378</dst>
      <dst id="20">67.5200</dst>
      <dst id="11">194.3289</dst>
      <dst id="9">581.2622</dst>
      <dst id="17">123343.7067</dst>
      <dst id="21">433.4844</dst>
      <dst id="15">28.4089</dst>
    </src>
    <src id="18">
      <dst id="12">101115.9200</dst>
      <dst id="13">1039.6000</dst>
      <dst id="19">79.1733</dst>
      <dst id="23">0.3556</dst>
      <dst id="8">149.4578</dst>
      <dst id="4">1387.5111</dst>
      <dst id="1">530.8089</dst>
      <dst id="5">145.3333</dst>
      <dst id="3">1277.4133</dst>
      <dst id="22">165.1556</dst>
      <dst id="7">19.1111</dst>
      <dst id="2">34507.5556</dst>
      <dst id="16">21.3600</dst>
      <dst id="14">15.9289</dst>
      <dst id="20">7.5378</dst>
      <dst id="11">152.0444</dst>
      <dst id="9">62.6756</dst>
      <dst id="17">39951.3956</dst>
      <dst id="21">68.3111</dst>
      <dst id="15">16.8889</dst>
    </src>
    <src id="4">
      <dst id="12">14536.5956</dst>
      <dst id="19">14659.1467</dst>
      <dst id="8">979.9378</dst>
      <dst id="18">282.5244</dst>
      <dst id="1">119588.0533</dst>
      <dst id="5">2177.9378</dst>
      <dst id="3">384.1778</dst>
      <dst id="22">4415.2178</dst>
      <dst id="7">35678.1867</dst>
      <dst id="2">97160.6933</dst>
      <dst id="6">31.1467</dst>
      <dst id="16">2414.5956</dst>
      <dst id="14">1222.8356</dst>
      <dst id="20">4144.4089</dst>
      <dst id="11">3289.2178</dst>
      <dst id="9">5312.2578</dst>
      <dst id="17">11385.1644</dst>
      <dst id="21">5155.6356</dst>
      <dst id="15">174.4178</dst>
    </src>
    <src id="1">
      <dst id="12">20404.8000</dst>
      <dst id="13">552.4889</dst>
      <dst id="19">89.7600</dst>
      <dst id="23">4.5333</dst>
      <dst id="8">128878.0889</dst>
      <dst id="18">11982.3467</dst>
      <dst id="4">8479.4133</dst>
      <dst id="1">5215.2178</dst>
      <dst id="5">247745.3422</dst>
      <dst id="3">188.5778</dst>
      <dst id="22">3864.8978</dst>
      <dst id="7">18899.2800</dst>
      <dst id="2">18328.3289</dst>
      <dst id="6">8954.7556</dst>
      <dst id="16">9195.5200</dst>
      <dst id="14">59.8400</dst>
      <dst id="20">203.0222</dst>
      <dst id="11">450.0978</dst>
      <dst id="9">217153.6711</dst>
      <dst id="17">15017.5200</dst>
      <dst id="21">3707.2622</dst>
      <dst id="15">181.0756</dst>
    </src>
    <src id="5">
      <dst id="12">353232.4178</dst>
      <dst id="13">8156.3200</dst>
      <dst id="19">18.6311</dst>
      <dst id="23">49.2978</dst>
      <dst id="8">1071.2533</dst>
      <dst id="18">445.8578</dst>
      <dst id="4">5961.6356</dst>
      <dst id="1">421.6889</dst>
      <dst id="3">1.9733</dst>
      <dst id="22">4591.3600</dst>
      <dst id="7">1292.5156</dst>
      <dst id="2">157101.8578</dst>
      <dst id="6">18.5600</dst>
      <dst id="16">1415.5911</dst>
      <dst id="14">7.4578</dst>
      <dst id="20">9247.0400</dst>
      <dst id="11">3010.9600</dst>
      <dst id="9">3394.4533</dst>
      <dst id="17">122565.5111</dst>
      <dst id="21">160.0978</dst>
      <dst id="15">187.0311</dst>
    </src>
    <src id="3">
      <dst id="12">8318.1689</dst>
      <dst id="13">6882.3556</dst>
      <dst id="19">1166.2489</dst>
      <dst id="23">11403.0133</dst>
      <dst id="8">8.3644</dst>
      <dst id="18">55310.7378</dst>
      <dst id="4">27196.8089</dst>
      <dst id="1">5022.4711</dst>
      <dst id="5">348.8089</dst>
      <dst id="3">8280.3467</dst>
      <dst id="22">2302.8711</dst>
      <dst id="7">2185.4756</dst>
      <dst id="2">15285.8756</dst>
      <dst id="16">1133.2889</dst>
      <dst id="14">41414.0178</dst>
      <dst id="20">938.8889</dst>
      <dst id="11">137205.7333</dst>
      <dst id="9">95.1200</dst>
      <dst id="17">12188.5333</dst>
      <dst id="21">13668.8800</dst>
      <dst id="15">566.7289</dst>
    </src>
    <src id="10">
      <dst id="12">13367.5378</dst>
      <dst id="19">4736.3378</dst>
      <dst id="8">566.5333</dst>
      <dst id="18">179.9200</dst>
      <dst id="1">2669.3244</dst>
      <dst id="5">2184.2933</dst>
      <dst id="3">3409.9378</dst>
      <dst id="22">4437.7956</dst>
      <dst id="7">8848.1511</dst>
      <dst id="2">18151.6444</dst>
      <dst id="6">15.7778</dst>
      <dst id="16">2337.9200</dst>
      <dst id="14">4114.0711</dst>
      <dst id="20">1012.8711</dst>
      <dst id="11">4589.7956</dst>
      <dst id="9">3704.6578</dst>
      <dst id="17">12825.9022</dst>
      <dst id="21">6050.9600</dst>
      <dst id="15">121.6267</dst>
    </src>
    <src id="22">
      <dst id="12">8892.1600</dst>
      <dst id="13">3010.0267</dst>
      <dst id="19">388.9867</dst>
      <dst id="23">49.5289</dst>
      <dst id="8">573.5911</dst>
      <dst id="18">317.1378</dst>
      <dst id="4">17560.3111</dst>
      <dst id="1">181.6089</dst>
      <dst id="5">2467.1467</dst>
      <dst id="3">1870.9422</dst>
      <dst id="7">806.9422</dst>
      <dst id="2">2786.2756</dst>
      <dst id="6">29.0756</dst>
      <dst id="16">0.4089</dst>
      <dst id="14">44.9067</dst>
      <dst id="11">2679.4222</dst>
      <dst id="9">2326.9067</dst>
      <dst id="17">6368.3733</dst>
      <dst id="21">543.5467</dst>
    </src>
    <src id="7">
      <dst id="12">4447.4844</dst>
      <dst id="13">1445.8933</dst>
      <dst id="19">1410.9867</dst>
      <dst id="23">61.8133</dst>
      <dst id="8">258.8800</dst>
      <dst id="18">253.8667</dst>
      <dst id="4">18997.2800</dst>
      <dst id="1">1772.8000</dst>
      <dst id="5">1674.9689</dst>
      <dst id="3">179.3333</dst>
      <dst id="22">3745.8311</dst>
      <dst id="7">767.1822</dst>
      <dst id="2">8314.9244</dst>
      <dst id="6">3.0133</dst>
      <dst id="16">997.9111</dst>
      <dst id="14">201.2533</dst>
      <dst id="20">617.3244</dst>
      <dst id="11">1314.9422</dst>
      <dst id="9">617.8844</dst>
      <dst id="17">6897.1022</dst>
      <dst id="21">748.8178</dst>
      <dst id="15">270.0622</dst>
    </src>
    <src id="2">
      <dst id="12">94404.0178</dst>
      <dst id="13">524285.5733</dst>
      <dst id="19">1492.6844</dst>
      <dst id="8">2075.3600</dst>
      <dst id="18">42713.5822</dst>
      <dst id="4">95382.0267</dst>
      <dst id="1">9257.4578</dst>
      <dst id="5">2254.1333</dst>
      <dst id="3">252.4178</dst>
      <dst id="22">4438.7022</dst>
      <dst id="7">10882.6756</dst>
      <dst id="2">726.0089</dst>
      <dst id="6">11044.0711</dst>
      <dst id="16">3123.3511</dst>
      <dst id="14">152.8178</dst>
      <dst id="20">858.4889</dst>
      <dst id="11">1447.1556</dst>
      <dst id="9">957.2356</dst>
      <dst id="17">34774.1689</dst>
      <dst id="21">1525.2978</dst>
      <dst id="15">264.8711</dst>
    </src>
    <src id="6">
      <dst id="12">11670.0178</dst>
      <dst id="13">17.5200</dst>
      <dst id="4">1197.5644</dst>
      <dst id="1">1.1289</dst>
      <dst id="5">9.8400</dst>
      <dst id="3">0.3556</dst>
      <dst id="22">18.2489</dst>
      <dst id="7">3.3956</dst>
      <dst id="2">2151.5467</dst>
      <dst id="16">25.7333</dst>
      <dst id="20">15.0044</dst>
      <dst id="17">1507.7422</dst>
      <dst id="21">3.2711</dst>
      <dst id="15">0.3556</dst>
    </src>
    <src id="16">
      <dst id="12">1894.4889</dst>
      <dst id="13">442.0356</dst>
      <dst id="19">5016.8089</dst>
      <dst id="23">29.5822</dst>
      <dst id="8">4538.0800</dst>
      <dst id="18">62.2933</dst>
      <dst id="4">5001.4044</dst>
      <dst id="1">10831.5733</dst>
      <dst id="5">5079.6089</dst>
      <dst id="3">0.7822</dst>
      <dst id="7">2252.7289</dst>
      <dst id="2">852.2222</dst>
      <dst id="6">18.0622</dst>
      <dst id="16">69.5644</dst>
      <dst id="14">446.7378</dst>
      <dst id="11">165.2356</dst>
      <dst id="9">8007.6800</dst>
      <dst id="17">4657.5644</dst>
      <dst id="21">2248.1867</dst>
    </src>
    <src id="14">
      <dst id="12">19610.5867</dst>
      <dst id="13">74.4533</dst>
      <dst id="19">7.9467</dst>
      <dst id="23">0.4889</dst>
      <dst id="8">1.4400</dst>
      <dst id="18">14.8267</dst>
      <dst id="4">1842.1422</dst>
      <dst id="1">207.2800</dst>
      <dst id="5">20.3378</dst>
      <dst id="3">76.8267</dst>
      <dst id="22">27.9200</dst>
      <dst id="7">74.4000</dst>
      <dst id="2">6204.2400</dst>
      <dst id="16">7.4044</dst>
      <dst id="20">5.2089</dst>
      <dst id="11">40.3289</dst>
      <dst id="9">51.5556</dst>
      <dst id="17">6583.6178</dst>
      <dst id="21">208.9600</dst>
    </src>
    <src id="20">
      <dst id="12">8784.1778</dst>
      <dst id="13">4949.1022</dst>
      <dst id="19">1648.8089</dst>
      <dst id="23">1.5289</dst>
      <dst id="8">45.3244</dst>
      <dst id="18">210.3733</dst>
      <dst id="4">8068.1600</dst>
      <dst id="1">353.0400</dst>
      <dst id="5">5402.0089</dst>
      <dst id="3">1674.4711</dst>
      <dst id="7">97.0400</dst>
      <dst id="2">2003.2978</dst>
      <dst id="6">37.4400</dst>
      <dst id="14">216.3200</dst>
      <dst id="11">1717.0044</dst>
      <dst id="9">4530.3467</dst>
      <dst id="17">3190.6311</dst>
      <dst id="21">545.7156</dst>
    </src>
    <src id="11">
      <dst id="12">428173.0400</dst>
      <dst id="13">6592.0267</dst>
      <dst id="19">133.0222</dst>
      <dst id="23">5.7600</dst>
      <dst id="8">216.2222</dst>
      <dst id="18">526.3467</dst>
      <dst id="4">10705.6356</dst>
      <dst id="1">575.2800</dst>
      <dst id="5">1857.5644</dst>
      <dst id="3">915.4133</dst>
      <dst id="22">1656.6044</dst>
      <dst id="7">873.5111</dst>
      <dst id="2">157575.7867</dst>
      <dst id="6">13.2622</dst>
      <dst id="16">183.5911</dst>
      <dst id="14">80.4089</dst>
      <dst id="20">61.8311</dst>
      <dst id="11">1419.9200</dst>
      <dst id="9">959.6356</dst>
      <dst id="17">162319.7156</dst>
      <dst id="21">340.4089</dst>
      <dst id="15">169.4044</dst>
    </src>
    <src id="9">
      <dst id="12">481826.7022</dst>
      <dst id="13">8626.4800</dst>
      <dst id="19">47.4400</dst>
      <dst id="23">120.5778</dst>
      <dst id="8">192.7378</dst>
      <dst id="18">102.7022</dst>
      <dst id="4">9290.9689</dst>
      <dst id="1">5271.5556</dst>
      <dst id="5">1987.5289</dst>
      <dst id="3">0.7111</dst>
      <dst id="22">1554.2311</dst>
      <dst id="7">50.9067</dst>
      <dst id="2">183236.7733</dst>
      <dst id="6">0.4978</dst>
      <dst id="16">1181.7511</dst>
      <dst id="14">3.9733</dst>
      <dst id="20">1064.1244</dst>
      <dst id="11">352.3022</dst>
      <dst id="9">300.4267</dst>
      <dst id="17">179583.3778</dst>
      <dst id="21">165.3600</dst>
      <dst id="15">1383.4400</dst>
    </src>
    <src id="17">
      <dst id="12">6430.4622</dst>
      <dst id="13">8308.4711</dst>
      <dst id="19">510.0178</dst>
      <dst id="23">81.9289</dst>
      <dst id="8">155000.3111</dst>
      <dst id="18">108.8622</dst>
      <dst id="4">29718.2400</dst>
      <dst id="1">6613.8044</dst>
      <dst id="5">232732.2133</dst>
      <dst id="3">4781.0400</dst>
      <dst id="22">7406.7644</dst>
      <dst id="7">1831.7689</dst>
      <dst id="2">11406.0978</dst>
      <dst id="6">862.4356</dst>
      <dst id="16">5483.9111</dst>
      <dst id="14">36861.3511</dst>
      <dst id="20">443.3156</dst>
      <dst id="11">97730.3733</dst>
      <dst id="9">237611.6267</dst>
      <dst id="17">1988.9333</dst>
      <dst id="21">6163.6267</dst>
      <dst id="15">118.7822</dst>
    </src>
    <src id="21">
      <dst id="12">18826.9511</dst>
      <dst id="13">2628.2933</dst>
      <dst id="19">299.4133</dst>
      <dst id="23">14.9333</dst>
      <dst id="8">99.3333</dst>
      <dst id="18">91.0044</dst>
      <dst id="4">13721.2978</dst>
      <dst id="1">1623.2800</dst>
      <dst id="5">759.5911</dst>
      <dst id="3">3554.3644</dst>
      <dst id="22">2726.8622</dst>
      <dst id="7">2461.7867</dst>
      <dst id="2">13701.4578</dst>
      <dst id="6">69.9200</dst>
      <dst id="16">343.7067</dst>
      <dst id="14">151.3778</dst>
      <dst id="20">3377.4756</dst>
      <dst id="11">385.2444</dst>
      <dst id="9">519.1556</dst>
      <dst id="17">6623.8844</dst>
      <dst id="21">647.1378</dst>
      <dst id="15">2502.6311</dst>
    </src>
    <src id="15">
      <dst id="12">10630.6756</dst>
      <dst id="13">630.6133</dst>
      <dst id="19">29.3689</dst>
      <dst id="23">1.1378</dst>
      <dst id="8">33.2800</dst>
      <dst id="18">1.8489</dst>
      <dst id="4">7075.4044</dst>
      <dst id="1">585.1111</dst>
      <dst id="5">344.8889</dst>
      <dst id="3">19.2711</dst>
      <dst id="7">19.6444</dst>
      <dst id="2">523.7867</dst>
      <dst id="14">0.4267</dst>
      <dst id="11">125.1556</dst>
      <dst id="9">359.5200</dst>
      <dst id="17">270.7022</dst>
      <dst id="21">172.8267</dst>
    </src>
  </IntraTM>
</TrafficMatrixFile>
