<?xml version="1.0" encoding="UTF-8" standalone="yes"?>
<TrafficMatrixFile xmlns:xsi="http://www.w3.org/2001/XMLSchema-instance" xsi:noNamespaceSchemaLocation="http://totem.run.montefiore.ulg.ac.be/Schema/TrafficMatrix-v1_2.xsd">
  <info>
    <title>Intradomain traffic matrix generated by geant-TM-all.pl</title>
    <date>2005-01-03T08:15:00</date>
    <duration>900</duration>
    <author>Steve Uhlig</author>
    <units>
        <unit type="bandwidth" value="kbps"/>
    </units>
  </info>
  <IntraTM ASID="20965">
    <src id="12">
      <dst id="12">187968.0533</dst>
      <dst id="13">21457.4133</dst>
      <dst id="19">2078.6133</dst>
      <dst id="23">6386.4711</dst>
      <dst id="8">2071.6178</dst>
      <dst id="18">5771.7600</dst>
      <dst id="4">87198.9244</dst>
      <dst id="1">6874.2933</dst>
      <dst id="5">3514.9156</dst>
      <dst id="3">3824.0533</dst>
      <dst id="22">25605.6000</dst>
      <dst id="7">5420.1689</dst>
      <dst id="2">68259.6622</dst>
      <dst id="16">3653.0400</dst>
      <dst id="14">256.5600</dst>
      <dst id="20">6518.5689</dst>
      <dst id="11">4573.6889</dst>
      <dst id="9">7152.8089</dst>
      <dst id="17">69009.3867</dst>
      <dst id="21">3988.2044</dst>
      <dst id="15">396.6933</dst>
    </src>
    <src id="13">
      <dst id="12">48486.4000</dst>
      <dst id="19">29371.3600</dst>
      <dst id="23">6572.9956</dst>
      <dst id="8">2267.3867</dst>
      <dst id="18">11457.4044</dst>
      <dst id="1">2646.6756</dst>
      <dst id="5">35383.6978</dst>
      <dst id="3">5621.7244</dst>
      <dst id="22">27484.2222</dst>
      <dst id="7">11626.3556</dst>
      <dst id="2">109872.6222</dst>
      <dst id="6">402.7378</dst>
      <dst id="16">6382.7467</dst>
      <dst id="14">1234.5156</dst>
      <dst id="20">17813.6711</dst>
      <dst id="11">11372.8089</dst>
      <dst id="9">15513.4133</dst>
      <dst id="17">41268.2578</dst>
      <dst id="21">20122.6400</dst>
      <dst id="15">3724.9067</dst>
    </src>
    <src id="19">
      <dst id="12">10622.9600</dst>
      <dst id="13">101.5467</dst>
      <dst id="23">21.6178</dst>
      <dst id="8">1.3422</dst>
      <dst id="18">89.8133</dst>
      <dst id="4">23868.8000</dst>
      <dst id="1">961.4756</dst>
      <dst id="5">40.4622</dst>
      <dst id="3">907.2711</dst>
      <dst id="22">116.3022</dst>
      <dst id="7">3868.5333</dst>
      <dst id="2">170.6844</dst>
      <dst id="6">40.4889</dst>
      <dst id="16">6138.9244</dst>
      <dst id="14">0.6489</dst>
      <dst id="20">34.4000</dst>
      <dst id="11">130.1511</dst>
      <dst id="9">319.5289</dst>
      <dst id="17">174.3911</dst>
      <dst id="21">261.6978</dst>
      <dst id="15">815.3244</dst>
    </src>
    <src id="23">
      <dst id="12">244.6844</dst>
      <dst id="13">141.3511</dst>
      <dst id="19">10.8089</dst>
      <dst id="8">0.7111</dst>
      <dst id="18">325.7600</dst>
      <dst id="4">456.6756</dst>
      <dst id="1">70.1600</dst>
      <dst id="5">12.6222</dst>
      <dst id="3">136.1422</dst>
      <dst id="22">161.5200</dst>
      <dst id="7">32.6311</dst>
      <dst id="2">818.0800</dst>
      <dst id="16">82.5244</dst>
      <dst id="20">16.5689</dst>
      <dst id="11">14.1511</dst>
      <dst id="9">482.6844</dst>
      <dst id="17">131.3244</dst>
      <dst id="21">15.7422</dst>
    </src>
    <src id="8">
      <dst id="12">338413.3778</dst>
      <dst id="13">179.4667</dst>
      <dst id="23">51.5378</dst>
      <dst id="18">240.7378</dst>
      <dst id="4">9729.3156</dst>
      <dst id="1">520.2578</dst>
      <dst id="5">2120.5867</dst>
      <dst id="3">13.3333</dst>
      <dst id="22">1422.5244</dst>
      <dst id="7">10.2578</dst>
      <dst id="2">141751.3067</dst>
      <dst id="16">751.8578</dst>
      <dst id="20">88.4978</dst>
      <dst id="11">914.1600</dst>
      <dst id="9">585.4311</dst>
      <dst id="17">128482.0978</dst>
      <dst id="21">256.0178</dst>
      <dst id="15">0.5511</dst>
    </src>
    <src id="18">
      <dst id="12">101950.4356</dst>
      <dst id="13">113.1556</dst>
      <dst id="19">3.4933</dst>
      <dst id="23">19.2800</dst>
      <dst id="8">7.2889</dst>
      <dst id="4">2220.5156</dst>
      <dst id="1">928.0889</dst>
      <dst id="5">279.8756</dst>
      <dst id="3">124.2844</dst>
      <dst id="22">354.3378</dst>
      <dst id="7">130.7822</dst>
      <dst id="2">29723.7867</dst>
      <dst id="16">64.6222</dst>
      <dst id="14">24.0356</dst>
      <dst id="20">23.9644</dst>
      <dst id="11">720.7911</dst>
      <dst id="9">126.8267</dst>
      <dst id="17">45494.1689</dst>
      <dst id="21">593.6089</dst>
      <dst id="15">1.2800</dst>
    </src>
    <src id="4">
      <dst id="12">12064.0267</dst>
      <dst id="19">8201.8400</dst>
      <dst id="23">0.3556</dst>
      <dst id="8">2982.5333</dst>
      <dst id="18">2488.5333</dst>
      <dst id="4">3.5822</dst>
      <dst id="1">20377.8844</dst>
      <dst id="5">1078.4267</dst>
      <dst id="3">61.5822</dst>
      <dst id="22">7811.9556</dst>
      <dst id="7">124852.7733</dst>
      <dst id="2">84881.4667</dst>
      <dst id="6">17.1911</dst>
      <dst id="16">2659.6444</dst>
      <dst id="14">2337.2089</dst>
      <dst id="20">617.3422</dst>
      <dst id="11">2604.3644</dst>
      <dst id="9">3522.9778</dst>
      <dst id="17">111176.6222</dst>
      <dst id="21">5681.6622</dst>
      <dst id="15">305.2978</dst>
    </src>
    <src id="1">
      <dst id="12">16002.0800</dst>
      <dst id="13">464.4000</dst>
      <dst id="19">18.5956</dst>
      <dst id="23">46.7378</dst>
      <dst id="8">122635.5378</dst>
      <dst id="18">13280.0267</dst>
      <dst id="4">10292.6311</dst>
      <dst id="1">15287.4578</dst>
      <dst id="5">180807.9022</dst>
      <dst id="3">852.8622</dst>
      <dst id="22">4921.8044</dst>
      <dst id="7">1791.7867</dst>
      <dst id="2">7796.5956</dst>
      <dst id="6">11136.1778</dst>
      <dst id="16">11002.4000</dst>
      <dst id="14">80.6667</dst>
      <dst id="20">25.4133</dst>
      <dst id="11">688.8711</dst>
      <dst id="9">178904.3733</dst>
      <dst id="17">3999.0044</dst>
      <dst id="21">2823.5022</dst>
      <dst id="15">175.3067</dst>
    </src>
    <src id="5">
      <dst id="12">283851.9911</dst>
      <dst id="13">2478.1333</dst>
      <dst id="19">0.3556</dst>
      <dst id="23">8.5156</dst>
      <dst id="8">892.3911</dst>
      <dst id="18">590.2844</dst>
      <dst id="4">7572.0533</dst>
      <dst id="1">225.5644</dst>
      <dst id="3">1.3511</dst>
      <dst id="22">4722.9778</dst>
      <dst id="7">120.1244</dst>
      <dst id="2">120529.9378</dst>
      <dst id="6">0.7733</dst>
      <dst id="16">512.3200</dst>
      <dst id="14">38.5067</dst>
      <dst id="20">10227.9733</dst>
      <dst id="11">1571.8222</dst>
      <dst id="9">790.9511</dst>
      <dst id="17">112844.5067</dst>
      <dst id="21">139.0933</dst>
      <dst id="15">168.6044</dst>
    </src>
    <src id="3">
      <dst id="12">11989.0489</dst>
      <dst id="13">487.2889</dst>
      <dst id="19">5534.7378</dst>
      <dst id="23">7248.6400</dst>
      <dst id="8">113.9200</dst>
      <dst id="18">73558.0356</dst>
      <dst id="4">42768.0889</dst>
      <dst id="1">19874.2222</dst>
      <dst id="5">271.9289</dst>
      <dst id="3">10327.2533</dst>
      <dst id="22">651.6889</dst>
      <dst id="7">1451.7689</dst>
      <dst id="2">3822.7556</dst>
      <dst id="16">1675.2089</dst>
      <dst id="14">23670.0622</dst>
      <dst id="20">596.4622</dst>
      <dst id="11">139564.8711</dst>
      <dst id="9">260.5511</dst>
      <dst id="17">14392.4444</dst>
      <dst id="21">7773.4489</dst>
      <dst id="15">24.8800</dst>
    </src>
    <src id="10">
      <dst id="12">15891.9022</dst>
      <dst id="19">355.2178</dst>
      <dst id="8">717.7067</dst>
      <dst id="18">4837.9822</dst>
      <dst id="1">267.2356</dst>
      <dst id="5">522.6933</dst>
      <dst id="3">7426.9511</dst>
      <dst id="22">2663.0222</dst>
      <dst id="7">14717.9467</dst>
      <dst id="2">24289.7956</dst>
      <dst id="6">0.3556</dst>
      <dst id="16">2283.8222</dst>
      <dst id="14">3579.4133</dst>
      <dst id="20">7114.9956</dst>
      <dst id="11">3382.0800</dst>
      <dst id="9">3163.0133</dst>
      <dst id="17">32495.8578</dst>
      <dst id="21">4318.1956</dst>
      <dst id="15">3527.3422</dst>
    </src>
    <src id="22">
      <dst id="12">9908.7200</dst>
      <dst id="13">3662.4889</dst>
      <dst id="19">71.6711</dst>
      <dst id="23">783.5200</dst>
      <dst id="8">1346.0711</dst>
      <dst id="18">210.6222</dst>
      <dst id="4">18148.5422</dst>
      <dst id="1">191.8933</dst>
      <dst id="5">5124.6489</dst>
      <dst id="3">282.9511</dst>
      <dst id="7">1009.3244</dst>
      <dst id="2">4634.6578</dst>
      <dst id="6">28.6756</dst>
      <dst id="16">11.2711</dst>
      <dst id="14">16.6311</dst>
      <dst id="11">4457.3244</dst>
      <dst id="9">5476.7822</dst>
      <dst id="17">2505.9911</dst>
      <dst id="21">1083.6800</dst>
    </src>
    <src id="7">
      <dst id="12">8576.6222</dst>
      <dst id="13">289.6889</dst>
      <dst id="19">81.9556</dst>
      <dst id="23">141.0133</dst>
      <dst id="8">481.0311</dst>
      <dst id="18">371.7422</dst>
      <dst id="4">18223.6978</dst>
      <dst id="1">2858.0178</dst>
      <dst id="5">2210.1778</dst>
      <dst id="3">362.0533</dst>
      <dst id="22">5063.0044</dst>
      <dst id="7">757.0844</dst>
      <dst id="2">7326.5244</dst>
      <dst id="6">16.9867</dst>
      <dst id="16">434.2044</dst>
      <dst id="14">49.2978</dst>
      <dst id="20">504.3644</dst>
      <dst id="11">1212.4089</dst>
      <dst id="9">1114.1867</dst>
      <dst id="17">6393.0489</dst>
      <dst id="21">2665.0844</dst>
      <dst id="15">43.1111</dst>
    </src>
    <src id="2">
      <dst id="12">67515.4756</dst>
      <dst id="13">514843.6089</dst>
      <dst id="19">77.3244</dst>
      <dst id="23">0.9244</dst>
      <dst id="8">507.8578</dst>
      <dst id="18">62268.0267</dst>
      <dst id="4">109467.6889</dst>
      <dst id="1">11820.8178</dst>
      <dst id="5">1666.9422</dst>
      <dst id="3">32.8533</dst>
      <dst id="22">1264.6400</dst>
      <dst id="7">2462.5511</dst>
      <dst id="2">450.9156</dst>
      <dst id="6">8091.5556</dst>
      <dst id="16">2287.6178</dst>
      <dst id="14">5170.4889</dst>
      <dst id="20">592.2756</dst>
      <dst id="11">3236.0800</dst>
      <dst id="9">396.0978</dst>
      <dst id="17">28444.8978</dst>
      <dst id="21">5064.7911</dst>
      <dst id="15">2290.9511</dst>
    </src>
    <src id="6">
      <dst id="12">8711.1911</dst>
      <dst id="13">16.3556</dst>
      <dst id="19">1.5911</dst>
      <dst id="18">1.4044</dst>
      <dst id="4">1252.9867</dst>
      <dst id="1">0.8533</dst>
      <dst id="22">6.1689</dst>
      <dst id="7">0.8622</dst>
      <dst id="2">2207.2622</dst>
      <dst id="16">12.8267</dst>
      <dst id="20">0.7822</dst>
      <dst id="11">0.4267</dst>
      <dst id="17">1380.4178</dst>
      <dst id="21">11.7956</dst>
      <dst id="15">0.3556</dst>
    </src>
    <src id="16">
      <dst id="12">2840.1956</dst>
      <dst id="13">925.3600</dst>
      <dst id="19">4331.5200</dst>
      <dst id="23">3.3867</dst>
      <dst id="8">4364.5778</dst>
      <dst id="18">3.8044</dst>
      <dst id="4">4878.4622</dst>
      <dst id="1">12302.2667</dst>
      <dst id="5">2297.9378</dst>
      <dst id="7">3413.0667</dst>
      <dst id="2">526.7644</dst>
      <dst id="6">9.3156</dst>
      <dst id="16">54.0178</dst>
      <dst id="14">364.6667</dst>
      <dst id="11">101.5644</dst>
      <dst id="9">2797.2178</dst>
      <dst id="17">1695.2711</dst>
      <dst id="21">2141.0044</dst>
    </src>
    <src id="14">
      <dst id="12">14795.6978</dst>
      <dst id="13">10.7467</dst>
      <dst id="19">9.4489</dst>
      <dst id="18">1.8844</dst>
      <dst id="4">1726.1067</dst>
      <dst id="1">27.0667</dst>
      <dst id="5">17.1289</dst>
      <dst id="3">30.3111</dst>
      <dst id="22">3.4044</dst>
      <dst id="7">45.4044</dst>
      <dst id="2">5058.4711</dst>
      <dst id="16">53.0311</dst>
      <dst id="20">16.0889</dst>
      <dst id="11">9.7600</dst>
      <dst id="9">13.3333</dst>
      <dst id="17">4020.3556</dst>
      <dst id="21">47.6533</dst>
    </src>
    <src id="20">
      <dst id="12">4448.3022</dst>
      <dst id="13">4327.1644</dst>
      <dst id="19">10.9778</dst>
      <dst id="23">8.6933</dst>
      <dst id="8">58.1511</dst>
      <dst id="18">6.0444</dst>
      <dst id="4">15674.5511</dst>
      <dst id="1">94.8889</dst>
      <dst id="5">684.4000</dst>
      <dst id="3">115.2267</dst>
      <dst id="7">510.5422</dst>
      <dst id="2">5938.2844</dst>
      <dst id="6">13.6178</dst>
      <dst id="14">57.8489</dst>
      <dst id="11">402.5244</dst>
      <dst id="9">1730.2133</dst>
      <dst id="17">1740.0889</dst>
      <dst id="21">466.0178</dst>
    </src>
    <src id="11">
      <dst id="12">393982.1600</dst>
      <dst id="13">6545.8222</dst>
      <dst id="19">15.3689</dst>
      <dst id="23">22.2933</dst>
      <dst id="8">133.5644</dst>
      <dst id="18">218.1600</dst>
      <dst id="4">11480.4711</dst>
      <dst id="1">395.6178</dst>
      <dst id="5">739.2178</dst>
      <dst id="3">385.3333</dst>
      <dst id="22">2202.1778</dst>
      <dst id="7">748.0622</dst>
      <dst id="2">160693.4400</dst>
      <dst id="6">24.6044</dst>
      <dst id="16">326.5422</dst>
      <dst id="14">23.4222</dst>
      <dst id="20">1496.2133</dst>
      <dst id="11">1691.6000</dst>
      <dst id="9">3647.8311</dst>
      <dst id="17">167068.7111</dst>
      <dst id="21">1376.4267</dst>
      <dst id="15">29.4044</dst>
    </src>
    <src id="9">
      <dst id="12">385179.2000</dst>
      <dst id="13">6793.3689</dst>
      <dst id="19">81.6622</dst>
      <dst id="23">13.2978</dst>
      <dst id="8">1268.5244</dst>
      <dst id="18">277.8044</dst>
      <dst id="4">16041.3156</dst>
      <dst id="1">569.0756</dst>
      <dst id="5">871.8578</dst>
      <dst id="3">0.4267</dst>
      <dst id="22">12631.7511</dst>
      <dst id="7">619.4756</dst>
      <dst id="2">151735.1467</dst>
      <dst id="6">1.9911</dst>
      <dst id="16">441.9644</dst>
      <dst id="14">0.4622</dst>
      <dst id="20">1523.5111</dst>
      <dst id="11">720.1778</dst>
      <dst id="9">2574.0711</dst>
      <dst id="17">159277.5111</dst>
      <dst id="21">604.7467</dst>
      <dst id="15">979.8489</dst>
    </src>
    <src id="17">
      <dst id="12">11484.7378</dst>
      <dst id="13">2340.4800</dst>
      <dst id="19">6618.9867</dst>
      <dst id="23">91.7422</dst>
      <dst id="8">140215.4667</dst>
      <dst id="18">731.9556</dst>
      <dst id="4">161863.5822</dst>
      <dst id="1">10962.4622</dst>
      <dst id="5">174206.1956</dst>
      <dst id="3">6574.3911</dst>
      <dst id="22">3898.1244</dst>
      <dst id="7">12287.5467</dst>
      <dst id="2">18886.4889</dst>
      <dst id="6">68.7111</dst>
      <dst id="16">3066.7289</dst>
      <dst id="14">18678.7111</dst>
      <dst id="20">167.3956</dst>
      <dst id="11">119669.0844</dst>
      <dst id="9">167758.0800</dst>
      <dst id="17">2431.2889</dst>
      <dst id="21">5161.0311</dst>
      <dst id="15">57.9111</dst>
    </src>
    <src id="21">
      <dst id="12">18230.7911</dst>
      <dst id="13">550.2844</dst>
      <dst id="19">72.3378</dst>
      <dst id="23">26.4533</dst>
      <dst id="8">208.7467</dst>
      <dst id="18">8950.0533</dst>
      <dst id="4">25387.7600</dst>
      <dst id="1">874.1689</dst>
      <dst id="5">129.3867</dst>
      <dst id="3">1543.7511</dst>
      <dst id="22">2021.2267</dst>
      <dst id="7">4984.0000</dst>
      <dst id="2">9765.7778</dst>
      <dst id="6">0.4622</dst>
      <dst id="16">320.1600</dst>
      <dst id="14">72.5422</dst>
      <dst id="20">172.4089</dst>
      <dst id="11">501.2533</dst>
      <dst id="9">965.1111</dst>
      <dst id="17">3125.7244</dst>
      <dst id="21">2762.0178</dst>
      <dst id="15">5.4311</dst>
    </src>
    <src id="15">
      <dst id="12">2288.6844</dst>
      <dst id="13">437.2800</dst>
      <dst id="19">5304.2133</dst>
      <dst id="8">3.5733</dst>
      <dst id="18">2.2933</dst>
      <dst id="4">5587.3156</dst>
      <dst id="1">308.9511</dst>
      <dst id="5">470.6933</dst>
      <dst id="3">50.9689</dst>
      <dst id="7">104.0178</dst>
      <dst id="2">229.2267</dst>
      <dst id="14">13.3333</dst>
      <dst id="11">22.3644</dst>
      <dst id="9">1275.9822</dst>
      <dst id="17">537.1556</dst>
      <dst id="21">53.6089</dst>
    </src>
  </IntraTM>
</TrafficMatrixFile>
