<?xml version="1.0" encoding="UTF-8" standalone="yes"?>
<TrafficMatrixFile xmlns:xsi="http://www.w3.org/2001/XMLSchema-instance" xsi:noNamespaceSchemaLocation="http://totem.run.montefiore.ulg.ac.be/Schema/TrafficMatrix-v1_2.xsd">
  <info>
    <title>Intradomain traffic matrix generated by geant-TM-all.pl</title>
    <date>2005-01-05T03:45:00</date>
    <duration>900</duration>
    <author>Steve Uhlig</author>
    <units>
        <unit type="bandwidth" value="kbps"/>
    </units>
  </info>
  <IntraTM ASID="20965">
    <src id="12">
      <dst id="12">258036.9156</dst>
      <dst id="13">26676.3822</dst>
      <dst id="19">4672.6667</dst>
      <dst id="23">4457.7778</dst>
      <dst id="8">8254.8089</dst>
      <dst id="18">225.7511</dst>
      <dst id="4">85549.8133</dst>
      <dst id="1">8892.3733</dst>
      <dst id="5">6829.9200</dst>
      <dst id="3">921.9022</dst>
      <dst id="22">15407.5822</dst>
      <dst id="7">3609.2356</dst>
      <dst id="2">89570.5956</dst>
      <dst id="6">16.7822</dst>
      <dst id="16">6452.1244</dst>
      <dst id="14">255.8667</dst>
      <dst id="20">7542.2489</dst>
      <dst id="11">5577.9822</dst>
      <dst id="9">6883.6178</dst>
      <dst id="17">73838.8444</dst>
      <dst id="21">2068.9778</dst>
      <dst id="15">3439.2978</dst>
    </src>
    <src id="13">
      <dst id="12">58778.6222</dst>
      <dst id="19">11008.8356</dst>
      <dst id="23">55.8133</dst>
      <dst id="8">3747.1467</dst>
      <dst id="18">2242.4533</dst>
      <dst id="1">4439.3511</dst>
      <dst id="5">7474.8178</dst>
      <dst id="3">5967.9467</dst>
      <dst id="22">25413.1556</dst>
      <dst id="7">14586.5422</dst>
      <dst id="2">95229.7778</dst>
      <dst id="6">206.6489</dst>
      <dst id="16">10605.4756</dst>
      <dst id="14">2981.1911</dst>
      <dst id="20">9136.6044</dst>
      <dst id="11">15508.9956</dst>
      <dst id="9">14580.3022</dst>
      <dst id="17">51578.2756</dst>
      <dst id="21">9126.9867</dst>
      <dst id="15">9137.2978</dst>
    </src>
    <src id="19">
      <dst id="12">15544.4711</dst>
      <dst id="13">429.2089</dst>
      <dst id="23">0.3556</dst>
      <dst id="8">18.2222</dst>
      <dst id="18">139.2978</dst>
      <dst id="4">13769.3867</dst>
      <dst id="1">816.7911</dst>
      <dst id="5">102.1333</dst>
      <dst id="3">14.1156</dst>
      <dst id="22">532.9778</dst>
      <dst id="7">3911.3244</dst>
      <dst id="2">2284.2667</dst>
      <dst id="6">0.6933</dst>
      <dst id="16">4584.8000</dst>
      <dst id="20">31.7067</dst>
      <dst id="11">117.8667</dst>
      <dst id="9">1758.2933</dst>
      <dst id="17">782.0889</dst>
      <dst id="21">462.3733</dst>
      <dst id="15">0.3556</dst>
    </src>
    <src id="23">
      <dst id="12">707.5111</dst>
      <dst id="13">151.2089</dst>
      <dst id="19">13.3333</dst>
      <dst id="18">1.6000</dst>
      <dst id="4">84.8711</dst>
      <dst id="1">61.1556</dst>
      <dst id="5">19.2711</dst>
      <dst id="3">214.6578</dst>
      <dst id="22">584.3911</dst>
      <dst id="7">2716.1689</dst>
      <dst id="2">121.9378</dst>
      <dst id="6">0.8356</dst>
      <dst id="16">99.0933</dst>
      <dst id="14">5.5822</dst>
      <dst id="11">64.3200</dst>
      <dst id="9">1011.7067</dst>
      <dst id="17">208.1778</dst>
      <dst id="21">1.6889</dst>
      <dst id="15">1.3867</dst>
    </src>
    <src id="8">
      <dst id="12">326814.8711</dst>
      <dst id="13">1613.4400</dst>
      <dst id="19">68.5689</dst>
      <dst id="18">31.1022</dst>
      <dst id="4">7994.9156</dst>
      <dst id="1">1357.3067</dst>
      <dst id="5">6910.2311</dst>
      <dst id="3">1.4844</dst>
      <dst id="22">964.0711</dst>
      <dst id="7">8.4622</dst>
      <dst id="2">182949.6978</dst>
      <dst id="16">1383.1556</dst>
      <dst id="14">0.3644</dst>
      <dst id="20">75.5467</dst>
      <dst id="11">114.8711</dst>
      <dst id="9">340.7378</dst>
      <dst id="17">143141.5200</dst>
      <dst id="21">328.3556</dst>
      <dst id="15">40.6400</dst>
    </src>
    <src id="18">
      <dst id="12">97967.5556</dst>
      <dst id="13">482.5156</dst>
      <dst id="19">71.2889</dst>
      <dst id="23">0.4267</dst>
      <dst id="8">87.6178</dst>
      <dst id="4">1485.1556</dst>
      <dst id="1">780.2133</dst>
      <dst id="5">174.1156</dst>
      <dst id="3">14.3200</dst>
      <dst id="22">285.1467</dst>
      <dst id="7">1197.2000</dst>
      <dst id="2">39648.4267</dst>
      <dst id="16">115.6533</dst>
      <dst id="14">16.6222</dst>
      <dst id="20">45.5822</dst>
      <dst id="11">198.8000</dst>
      <dst id="9">9.5289</dst>
      <dst id="17">38678.7022</dst>
      <dst id="21">590.5867</dst>
      <dst id="15">1.5644</dst>
    </src>
    <src id="4">
      <dst id="12">16297.8222</dst>
      <dst id="19">14400.1067</dst>
      <dst id="8">834.8267</dst>
      <dst id="18">762.3289</dst>
      <dst id="1">36644.9689</dst>
      <dst id="5">2857.6622</dst>
      <dst id="3">185.9289</dst>
      <dst id="22">5575.6889</dst>
      <dst id="7">34435.1467</dst>
      <dst id="2">64406.6756</dst>
      <dst id="6">145.1822</dst>
      <dst id="16">2232.3733</dst>
      <dst id="14">1041.5111</dst>
      <dst id="20">2846.5333</dst>
      <dst id="11">3496.6044</dst>
      <dst id="9">2423.0222</dst>
      <dst id="17">16537.3956</dst>
      <dst id="21">4781.5111</dst>
      <dst id="15">327.0489</dst>
    </src>
    <src id="1">
      <dst id="12">16048.4000</dst>
      <dst id="13">161.2267</dst>
      <dst id="19">3349.1111</dst>
      <dst id="23">55.0400</dst>
      <dst id="8">134011.6000</dst>
      <dst id="18">13531.6889</dst>
      <dst id="4">13725.0400</dst>
      <dst id="1">10374.0622</dst>
      <dst id="5">239012.4800</dst>
      <dst id="3">87.3600</dst>
      <dst id="22">890.6844</dst>
      <dst id="7">1122.3022</dst>
      <dst id="2">1937.6444</dst>
      <dst id="6">9312.9067</dst>
      <dst id="16">4919.8400</dst>
      <dst id="14">80.3467</dst>
      <dst id="20">56.6311</dst>
      <dst id="11">481.7333</dst>
      <dst id="9">231142.8267</dst>
      <dst id="17">5676.6844</dst>
      <dst id="21">1729.1733</dst>
      <dst id="15">498.9422</dst>
    </src>
    <src id="5">
      <dst id="12">345871.6889</dst>
      <dst id="13">4858.9600</dst>
      <dst id="19">217.0756</dst>
      <dst id="23">2.1689</dst>
      <dst id="8">4540.8089</dst>
      <dst id="18">1089.7600</dst>
      <dst id="4">7747.7333</dst>
      <dst id="1">1181.9111</dst>
      <dst id="3">4.4533</dst>
      <dst id="22">4283.1733</dst>
      <dst id="7">129.8844</dst>
      <dst id="2">143396.4711</dst>
      <dst id="6">12.0356</dst>
      <dst id="16">1346.7556</dst>
      <dst id="14">27.0044</dst>
      <dst id="20">1010.4533</dst>
      <dst id="11">1240.3822</dst>
      <dst id="9">2456.8889</dst>
      <dst id="17">121535.7333</dst>
      <dst id="21">211.7778</dst>
      <dst id="15">265.3333</dst>
    </src>
    <src id="3">
      <dst id="12">8090.8533</dst>
      <dst id="13">297.7333</dst>
      <dst id="19">2035.5022</dst>
      <dst id="23">9165.3244</dst>
      <dst id="8">3.7778</dst>
      <dst id="18">58412.0622</dst>
      <dst id="4">17724.8889</dst>
      <dst id="1">6315.4578</dst>
      <dst id="5">320.3378</dst>
      <dst id="3">10890.4711</dst>
      <dst id="22">1488.6844</dst>
      <dst id="7">731.0311</dst>
      <dst id="2">10914.3822</dst>
      <dst id="6">3.2444</dst>
      <dst id="16">1662.3467</dst>
      <dst id="14">41044.6044</dst>
      <dst id="20">151.8400</dst>
      <dst id="11">124925.1111</dst>
      <dst id="9">660.0356</dst>
      <dst id="17">14850.2667</dst>
      <dst id="21">8685.7867</dst>
      <dst id="15">82.0978</dst>
    </src>
    <src id="10">
      <dst id="12">11043.5911</dst>
      <dst id="19">1993.4400</dst>
      <dst id="8">817.8756</dst>
      <dst id="18">1055.0578</dst>
      <dst id="1">2483.2533</dst>
      <dst id="5">2076.9956</dst>
      <dst id="3">3572.6933</dst>
      <dst id="22">4472.8533</dst>
      <dst id="7">14020.3378</dst>
      <dst id="2">36637.7956</dst>
      <dst id="6">10.9156</dst>
      <dst id="16">2431.7778</dst>
      <dst id="14">4070.6756</dst>
      <dst id="20">1282.7378</dst>
      <dst id="11">7044.2933</dst>
      <dst id="9">5073.1200</dst>
      <dst id="17">17587.5644</dst>
      <dst id="21">9772.3822</dst>
      <dst id="15">212.6578</dst>
    </src>
    <src id="22">
      <dst id="12">11100.8000</dst>
      <dst id="13">3676.8889</dst>
      <dst id="19">2028.2489</dst>
      <dst id="23">130.9600</dst>
      <dst id="8">1591.8044</dst>
      <dst id="18">261.5022</dst>
      <dst id="4">14559.7867</dst>
      <dst id="1">235.5200</dst>
      <dst id="5">3758.1511</dst>
      <dst id="3">235.5911</dst>
      <dst id="7">1351.2089</dst>
      <dst id="2">1923.6178</dst>
      <dst id="6">37.4133</dst>
      <dst id="16">0.8000</dst>
      <dst id="14">181.6089</dst>
      <dst id="11">1793.7778</dst>
      <dst id="9">2778.8978</dst>
      <dst id="17">8130.0444</dst>
      <dst id="21">308.8356</dst>
    </src>
    <src id="7">
      <dst id="12">3766.4800</dst>
      <dst id="13">212.6044</dst>
      <dst id="19">822.3289</dst>
      <dst id="23">71.0933</dst>
      <dst id="8">211.8311</dst>
      <dst id="18">367.0756</dst>
      <dst id="4">16059.4133</dst>
      <dst id="1">6456.1156</dst>
      <dst id="5">1787.3600</dst>
      <dst id="3">173.2089</dst>
      <dst id="22">4018.6133</dst>
      <dst id="7">818.3378</dst>
      <dst id="2">8210.6222</dst>
      <dst id="6">0.5244</dst>
      <dst id="16">1057.6000</dst>
      <dst id="14">478.4356</dst>
      <dst id="20">900.8444</dst>
      <dst id="11">2568.1067</dst>
      <dst id="9">574.8978</dst>
      <dst id="17">7975.6889</dst>
      <dst id="21">692.9689</dst>
      <dst id="15">330.9778</dst>
    </src>
    <src id="2">
      <dst id="12">106785.1022</dst>
      <dst id="13">521322.0444</dst>
      <dst id="19">650.8800</dst>
      <dst id="23">43.2978</dst>
      <dst id="8">265.1733</dst>
      <dst id="18">52986.4978</dst>
      <dst id="4">85416.6667</dst>
      <dst id="1">4289.3244</dst>
      <dst id="5">1408.9867</dst>
      <dst id="3">127.6444</dst>
      <dst id="22">3125.2444</dst>
      <dst id="7">4197.2000</dst>
      <dst id="2">815.4578</dst>
      <dst id="6">9554.9689</dst>
      <dst id="16">4382.0533</dst>
      <dst id="14">2902.7467</dst>
      <dst id="20">1353.8489</dst>
      <dst id="11">4143.6889</dst>
      <dst id="9">1304.4800</dst>
      <dst id="17">26595.8578</dst>
      <dst id="21">2588.8889</dst>
      <dst id="15">255.1022</dst>
    </src>
    <src id="6">
      <dst id="12">10487.0756</dst>
      <dst id="13">17.2178</dst>
      <dst id="19">1.0489</dst>
      <dst id="23">1.1911</dst>
      <dst id="8">0.7644</dst>
      <dst id="18">44.3378</dst>
      <dst id="4">569.6000</dst>
      <dst id="1">30.7467</dst>
      <dst id="5">2.4356</dst>
      <dst id="3">13.3333</dst>
      <dst id="22">1.6978</dst>
      <dst id="7">1.5911</dst>
      <dst id="2">2320.4711</dst>
      <dst id="16">5.4311</dst>
      <dst id="9">0.3556</dst>
      <dst id="17">1347.7156</dst>
      <dst id="21">37.6356</dst>
    </src>
    <src id="16">
      <dst id="12">2906.8889</dst>
      <dst id="13">966.2933</dst>
      <dst id="19">3271.0400</dst>
      <dst id="23">32.9067</dst>
      <dst id="8">11300.0267</dst>
      <dst id="18">24.1689</dst>
      <dst id="4">4086.7644</dst>
      <dst id="1">10682.6667</dst>
      <dst id="5">8323.6356</dst>
      <dst id="3">13.5022</dst>
      <dst id="22">0.5689</dst>
      <dst id="7">3071.2000</dst>
      <dst id="2">1031.3867</dst>
      <dst id="6">50.4356</dst>
      <dst id="16">60.2489</dst>
      <dst id="14">820.2222</dst>
      <dst id="11">108.6756</dst>
      <dst id="9">13852.2400</dst>
      <dst id="17">5743.3867</dst>
      <dst id="21">1477.0578</dst>
    </src>
    <src id="14">
      <dst id="12">22770.4178</dst>
      <dst id="13">164.5600</dst>
      <dst id="19">7.0756</dst>
      <dst id="23">13.8311</dst>
      <dst id="8">2.5689</dst>
      <dst id="18">3.0222</dst>
      <dst id="4">1745.9467</dst>
      <dst id="1">93.0667</dst>
      <dst id="5">29.8311</dst>
      <dst id="3">196.8089</dst>
      <dst id="22">18.8800</dst>
      <dst id="7">43.2089</dst>
      <dst id="2">8381.2089</dst>
      <dst id="6">0.3556</dst>
      <dst id="16">73.2800</dst>
      <dst id="20">1.2622</dst>
      <dst id="11">27.8578</dst>
      <dst id="9">87.3422</dst>
      <dst id="17">17520.7289</dst>
      <dst id="21">55.4756</dst>
      <dst id="15">4.0889</dst>
    </src>
    <src id="20">
      <dst id="12">6221.8667</dst>
      <dst id="13">12648.0622</dst>
      <dst id="19">913.7156</dst>
      <dst id="8">216.9778</dst>
      <dst id="18">393.6800</dst>
      <dst id="4">8924.0978</dst>
      <dst id="1">144.8533</dst>
      <dst id="5">3809.7067</dst>
      <dst id="3">235.1200</dst>
      <dst id="7">1408.2933</dst>
      <dst id="2">4088.2933</dst>
      <dst id="6">0.4622</dst>
      <dst id="14">5.1467</dst>
      <dst id="11">1610.9956</dst>
      <dst id="9">7287.3511</dst>
      <dst id="17">1784.2756</dst>
      <dst id="21">178.5244</dst>
    </src>
    <src id="11">
      <dst id="12">408568.9067</dst>
      <dst id="13">2567.2356</dst>
      <dst id="19">39.3511</dst>
      <dst id="23">9.1378</dst>
      <dst id="8">186.0622</dst>
      <dst id="18">271.1644</dst>
      <dst id="4">12184.9156</dst>
      <dst id="1">602.8356</dst>
      <dst id="5">1825.0578</dst>
      <dst id="3">286.2578</dst>
      <dst id="22">2331.7778</dst>
      <dst id="7">1128.5333</dst>
      <dst id="2">166967.2178</dst>
      <dst id="6">11.7511</dst>
      <dst id="16">76.4978</dst>
      <dst id="14">39.4133</dst>
      <dst id="20">146.5689</dst>
      <dst id="11">1638.4000</dst>
      <dst id="9">900.4622</dst>
      <dst id="17">165534.7289</dst>
      <dst id="21">310.5422</dst>
      <dst id="15">357.6356</dst>
    </src>
    <src id="9">
      <dst id="12">477797.0844</dst>
      <dst id="13">4024.2044</dst>
      <dst id="19">988.1244</dst>
      <dst id="23">107.6622</dst>
      <dst id="8">185.8489</dst>
      <dst id="18">9.7778</dst>
      <dst id="4">10185.7778</dst>
      <dst id="1">1570.3467</dst>
      <dst id="5">2470.4444</dst>
      <dst id="3">50.6667</dst>
      <dst id="22">13230.4711</dst>
      <dst id="7">1080.7733</dst>
      <dst id="2">180766.8178</dst>
      <dst id="6">14.3289</dst>
      <dst id="16">2438.1333</dst>
      <dst id="14">1.7778</dst>
      <dst id="20">2792.4356</dst>
      <dst id="11">755.6622</dst>
      <dst id="9">868.9156</dst>
      <dst id="17">181556.2844</dst>
      <dst id="21">304.8622</dst>
      <dst id="15">1996.4533</dst>
    </src>
    <src id="17">
      <dst id="12">7721.9111</dst>
      <dst id="13">12206.2578</dst>
      <dst id="19">214.2667</dst>
      <dst id="23">313.6444</dst>
      <dst id="8">133613.6978</dst>
      <dst id="18">684.6578</dst>
      <dst id="4">28959.5644</dst>
      <dst id="1">3641.0667</dst>
      <dst id="5">225082.8800</dst>
      <dst id="3">4341.3244</dst>
      <dst id="22">3385.5111</dst>
      <dst id="7">2291.8578</dst>
      <dst id="2">23381.3511</dst>
      <dst id="6">825.2178</dst>
      <dst id="16">9154.5778</dst>
      <dst id="14">37609.8311</dst>
      <dst id="20">1155.3689</dst>
      <dst id="11">111829.8756</dst>
      <dst id="9">203061.4133</dst>
      <dst id="17">1910.4089</dst>
      <dst id="21">6568.4711</dst>
      <dst id="15">3045.4222</dst>
    </src>
    <src id="21">
      <dst id="12">15506.7111</dst>
      <dst id="13">1554.0622</dst>
      <dst id="19">381.3422</dst>
      <dst id="23">12.6222</dst>
      <dst id="8">37.8044</dst>
      <dst id="18">271.1644</dst>
      <dst id="4">10291.4222</dst>
      <dst id="1">3030.8711</dst>
      <dst id="5">785.5111</dst>
      <dst id="3">1459.1556</dst>
      <dst id="22">1487.1467</dst>
      <dst id="7">670.0533</dst>
      <dst id="2">6164.1156</dst>
      <dst id="6">2.9156</dst>
      <dst id="16">416.5511</dst>
      <dst id="14">158.0889</dst>
      <dst id="20">122.1600</dst>
      <dst id="11">566.6489</dst>
      <dst id="9">374.4800</dst>
      <dst id="17">4467.0311</dst>
      <dst id="21">319.6800</dst>
      <dst id="15">665.4311</dst>
    </src>
    <src id="15">
      <dst id="12">7631.3511</dst>
      <dst id="13">993.1822</dst>
      <dst id="19">9.7333</dst>
      <dst id="23">1.2089</dst>
      <dst id="8">64.7467</dst>
      <dst id="18">27.0311</dst>
      <dst id="4">4865.5378</dst>
      <dst id="1">476.6222</dst>
      <dst id="5">264.7733</dst>
      <dst id="3">18.9867</dst>
      <dst id="7">37.3333</dst>
      <dst id="2">2950.8444</dst>
      <dst id="6">0.5244</dst>
      <dst id="14">50.9333</dst>
      <dst id="11">365.8578</dst>
      <dst id="9">2286.8533</dst>
      <dst id="17">210.7467</dst>
      <dst id="21">144.8000</dst>
    </src>
  </IntraTM>
</TrafficMatrixFile>
