<?xml version="1.0" encoding="UTF-8" standalone="yes"?>
<TrafficMatrixFile xmlns:xsi="http://www.w3.org/2001/XMLSchema-instance" xsi:noNamespaceSchemaLocation="http://totem.run.montefiore.ulg.ac.be/Schema/TrafficMatrix-v1_2.xsd">
  <info>
    <title>Intradomain traffic matrix generated by geant-TM-all.pl</title>
    <date>2005-01-03T21:45:00</date>
    <duration>900</duration>
    <author>Steve Uhlig</author>
    <units>
        <unit type="bandwidth" value="kbps"/>
    </units>
  </info>
  <IntraTM ASID="20965">
    <src id="12">
      <dst id="12">260578.5156</dst>
      <dst id="13">28068.1867</dst>
      <dst id="19">4757.8133</dst>
      <dst id="23">252.8533</dst>
      <dst id="8">2446.9778</dst>
      <dst id="18">1911.6889</dst>
      <dst id="4">59496.0800</dst>
      <dst id="1">12079.8133</dst>
      <dst id="5">5627.5822</dst>
      <dst id="3">4711.7067</dst>
      <dst id="22">18403.9289</dst>
      <dst id="7">1564.8444</dst>
      <dst id="2">89280.1867</dst>
      <dst id="6">57.5111</dst>
      <dst id="16">6952.5422</dst>
      <dst id="14">1492.6044</dst>
      <dst id="20">12633.9911</dst>
      <dst id="11">5844.6489</dst>
      <dst id="9">4544.5778</dst>
      <dst id="17">96594.7111</dst>
      <dst id="21">6822.8800</dst>
      <dst id="15">4479.6800</dst>
    </src>
    <src id="13">
      <dst id="12">48273.9822</dst>
      <dst id="19">5750.7289</dst>
      <dst id="23">251.3778</dst>
      <dst id="8">4034.9600</dst>
      <dst id="18">1865.2178</dst>
      <dst id="1">2805.7511</dst>
      <dst id="5">7393.8667</dst>
      <dst id="3">5272.3911</dst>
      <dst id="22">21393.6356</dst>
      <dst id="7">7591.1467</dst>
      <dst id="2">65966.8622</dst>
      <dst id="6">68.8800</dst>
      <dst id="16">29590.4622</dst>
      <dst id="14">1462.8711</dst>
      <dst id="20">6962.6133</dst>
      <dst id="11">11439.3867</dst>
      <dst id="9">7449.6889</dst>
      <dst id="17">55291.8133</dst>
      <dst id="21">10925.2267</dst>
      <dst id="15">21555.4844</dst>
    </src>
    <src id="19">
      <dst id="12">21299.6356</dst>
      <dst id="13">6129.6267</dst>
      <dst id="23">75.3422</dst>
      <dst id="8">24.4089</dst>
      <dst id="18">242.9067</dst>
      <dst id="4">18670.7111</dst>
      <dst id="1">1604.8889</dst>
      <dst id="5">108.1956</dst>
      <dst id="3">41.4222</dst>
      <dst id="22">337.5289</dst>
      <dst id="7">4126.3822</dst>
      <dst id="2">392.7556</dst>
      <dst id="6">38.0533</dst>
      <dst id="16">9078.9156</dst>
      <dst id="14">1.9467</dst>
      <dst id="20">14.0444</dst>
      <dst id="11">5.1111</dst>
      <dst id="9">84.0800</dst>
      <dst id="17">6410.7378</dst>
      <dst id="21">357.2978</dst>
      <dst id="15">29.8667</dst>
    </src>
    <src id="23">
      <dst id="12">444.7822</dst>
      <dst id="13">161.7600</dst>
      <dst id="19">1.7778</dst>
      <dst id="8">39.2889</dst>
      <dst id="18">586.6667</dst>
      <dst id="4">35.8044</dst>
      <dst id="1">74.1333</dst>
      <dst id="5">67.0222</dst>
      <dst id="3">132.1067</dst>
      <dst id="22">325.8222</dst>
      <dst id="7">60.3467</dst>
      <dst id="2">33.2356</dst>
      <dst id="6">0.4978</dst>
      <dst id="16">214.9511</dst>
      <dst id="20">16.4533</dst>
      <dst id="11">192.1778</dst>
      <dst id="9">1010.2222</dst>
      <dst id="17">461.8311</dst>
      <dst id="21">423.3511</dst>
      <dst id="15">1287.6089</dst>
    </src>
    <src id="8">
      <dst id="12">318006.1422</dst>
      <dst id="13">586.0978</dst>
      <dst id="19">2455.8933</dst>
      <dst id="23">0.3556</dst>
      <dst id="18">3.6178</dst>
      <dst id="4">3422.5333</dst>
      <dst id="1">195.7511</dst>
      <dst id="5">2658.6133</dst>
      <dst id="3">23.0844</dst>
      <dst id="22">1598.1600</dst>
      <dst id="7">2494.0533</dst>
      <dst id="2">128070.9956</dst>
      <dst id="16">372.3200</dst>
      <dst id="14">12.4444</dst>
      <dst id="20">429.7600</dst>
      <dst id="11">2349.7511</dst>
      <dst id="9">1799.1733</dst>
      <dst id="17">110773.8489</dst>
      <dst id="21">104.1156</dst>
      <dst id="15">1075.1911</dst>
    </src>
    <src id="18">
      <dst id="12">105174.1156</dst>
      <dst id="13">53.8400</dst>
      <dst id="19">30.3644</dst>
      <dst id="23">5.3511</dst>
      <dst id="8">14.7733</dst>
      <dst id="4">1486.5244</dst>
      <dst id="1">1043.3333</dst>
      <dst id="5">571.1733</dst>
      <dst id="3">77.8222</dst>
      <dst id="22">816.7733</dst>
      <dst id="7">14.8356</dst>
      <dst id="2">31605.8933</dst>
      <dst id="16">25.6978</dst>
      <dst id="14">13.8133</dst>
      <dst id="20">9.3244</dst>
      <dst id="11">113.6978</dst>
      <dst id="9">56.9156</dst>
      <dst id="17">34318.8533</dst>
      <dst id="21">436.2311</dst>
      <dst id="15">2.3467</dst>
    </src>
    <src id="4">
      <dst id="12">16344.9778</dst>
      <dst id="19">15855.4133</dst>
      <dst id="8">1865.2711</dst>
      <dst id="18">429.6800</dst>
      <dst id="4">1.7333</dst>
      <dst id="1">14033.3778</dst>
      <dst id="5">1708.9778</dst>
      <dst id="3">2045.7422</dst>
      <dst id="22">6794.6222</dst>
      <dst id="7">124021.5289</dst>
      <dst id="2">53403.6000</dst>
      <dst id="6">3.6178</dst>
      <dst id="16">1495.7333</dst>
      <dst id="14">1302.5067</dst>
      <dst id="20">637.3867</dst>
      <dst id="11">6775.6800</dst>
      <dst id="9">2355.0667</dst>
      <dst id="17">90248.0089</dst>
      <dst id="21">6750.1333</dst>
      <dst id="15">1297.2978</dst>
    </src>
    <src id="1">
      <dst id="12">21663.2533</dst>
      <dst id="13">411.4756</dst>
      <dst id="19">32.9956</dst>
      <dst id="23">88.6400</dst>
      <dst id="8">123886.9600</dst>
      <dst id="18">18805.8578</dst>
      <dst id="4">6735.3600</dst>
      <dst id="1">12750.7022</dst>
      <dst id="5">214783.5022</dst>
      <dst id="3">244.0089</dst>
      <dst id="22">3829.1111</dst>
      <dst id="7">3596.2133</dst>
      <dst id="2">3056.4089</dst>
      <dst id="6">10534.1689</dst>
      <dst id="16">13051.9644</dst>
      <dst id="14">38.7822</dst>
      <dst id="20">1115.4311</dst>
      <dst id="11">254.9689</dst>
      <dst id="9">226765.9644</dst>
      <dst id="17">1183.7156</dst>
      <dst id="21">2250.5600</dst>
      <dst id="15">308.6578</dst>
    </src>
    <src id="5">
      <dst id="12">304176.0089</dst>
      <dst id="13">2196.6222</dst>
      <dst id="19">96.8178</dst>
      <dst id="23">15.2356</dst>
      <dst id="8">2407.7689</dst>
      <dst id="18">94.9956</dst>
      <dst id="4">5728.2667</dst>
      <dst id="1">268.7822</dst>
      <dst id="3">28.6133</dst>
      <dst id="22">5755.3511</dst>
      <dst id="7">168.0178</dst>
      <dst id="2">125327.0756</dst>
      <dst id="6">16.4267</dst>
      <dst id="16">438.9244</dst>
      <dst id="14">74.7822</dst>
      <dst id="20">11976.5244</dst>
      <dst id="11">3700.8267</dst>
      <dst id="9">1950.5956</dst>
      <dst id="17">130638.6044</dst>
      <dst id="21">194.8711</dst>
      <dst id="15">182.0178</dst>
    </src>
    <src id="3">
      <dst id="12">11607.0667</dst>
      <dst id="13">304.8889</dst>
      <dst id="19">1210.3911</dst>
      <dst id="23">2244.9156</dst>
      <dst id="8">10.0533</dst>
      <dst id="18">69865.9733</dst>
      <dst id="4">12032.0978</dst>
      <dst id="1">7405.0133</dst>
      <dst id="5">319.4933</dst>
      <dst id="3">15376.7022</dst>
      <dst id="22">10331.0311</dst>
      <dst id="7">1718.6222</dst>
      <dst id="2">3978.2933</dst>
      <dst id="6">3.1911</dst>
      <dst id="16">847.2889</dst>
      <dst id="14">28238.3467</dst>
      <dst id="20">12.5867</dst>
      <dst id="11">142114.5956</dst>
      <dst id="9">240.7200</dst>
      <dst id="17">9285.2000</dst>
      <dst id="21">13193.5733</dst>
      <dst id="15">293.6089</dst>
    </src>
    <src id="10">
      <dst id="12">18412.0711</dst>
      <dst id="19">523.7956</dst>
      <dst id="8">620.5156</dst>
      <dst id="18">3410.6311</dst>
      <dst id="1">2073.3244</dst>
      <dst id="5">778.0711</dst>
      <dst id="3">6159.0667</dst>
      <dst id="22">11596.6933</dst>
      <dst id="7">4874.1067</dst>
      <dst id="2">25957.1022</dst>
      <dst id="6">125.7600</dst>
      <dst id="16">1952.2667</dst>
      <dst id="14">775.0489</dst>
      <dst id="20">5389.2978</dst>
      <dst id="11">8501.2800</dst>
      <dst id="9">1982.5244</dst>
      <dst id="17">26990.6933</dst>
      <dst id="21">8244.6933</dst>
      <dst id="15">361.8489</dst>
    </src>
    <src id="22">
      <dst id="12">12747.3956</dst>
      <dst id="13">3999.1733</dst>
      <dst id="19">178.9333</dst>
      <dst id="23">2236.4000</dst>
      <dst id="8">1090.7556</dst>
      <dst id="18">174.5778</dst>
      <dst id="4">15577.3511</dst>
      <dst id="1">2365.2711</dst>
      <dst id="5">3839.1378</dst>
      <dst id="3">602.5600</dst>
      <dst id="7">880.4000</dst>
      <dst id="2">3285.6444</dst>
      <dst id="6">0.7822</dst>
      <dst id="16">12.9956</dst>
      <dst id="14">105.3689</dst>
      <dst id="11">2692.1867</dst>
      <dst id="9">2118.5244</dst>
      <dst id="17">4709.9111</dst>
      <dst id="21">1316.9067</dst>
    </src>
    <src id="7">
      <dst id="12">5868.7289</dst>
      <dst id="13">389.2533</dst>
      <dst id="19">610.2400</dst>
      <dst id="23">175.6089</dst>
      <dst id="8">256.8622</dst>
      <dst id="18">210.8089</dst>
      <dst id="4">22098.3111</dst>
      <dst id="1">6122.4000</dst>
      <dst id="5">2045.1022</dst>
      <dst id="3">1204.7733</dst>
      <dst id="22">3970.7911</dst>
      <dst id="7">619.1289</dst>
      <dst id="2">5014.8267</dst>
      <dst id="6">0.4978</dst>
      <dst id="16">640.2667</dst>
      <dst id="14">84.6844</dst>
      <dst id="20">629.9733</dst>
      <dst id="11">575.3333</dst>
      <dst id="9">697.3422</dst>
      <dst id="17">14630.9956</dst>
      <dst id="21">3227.3689</dst>
      <dst id="15">1808.2222</dst>
    </src>
    <src id="2">
      <dst id="12">140122.3022</dst>
      <dst id="13">515614.3733</dst>
      <dst id="19">247.9556</dst>
      <dst id="23">4.5600</dst>
      <dst id="8">2526.3022</dst>
      <dst id="18">53755.1022</dst>
      <dst id="4">57654.7378</dst>
      <dst id="1">5793.8311</dst>
      <dst id="5">1947.7867</dst>
      <dst id="3">103.1911</dst>
      <dst id="22">4984.8533</dst>
      <dst id="7">2588.7911</dst>
      <dst id="2">885.1022</dst>
      <dst id="6">8085.2622</dst>
      <dst id="16">4022.8444</dst>
      <dst id="14">5414.8889</dst>
      <dst id="20">608.5511</dst>
      <dst id="11">9362.0978</dst>
      <dst id="9">606.3378</dst>
      <dst id="17">16934.6578</dst>
      <dst id="21">8358.7022</dst>
      <dst id="15">25.1378</dst>
    </src>
    <src id="6">
      <dst id="12">11068.5067</dst>
      <dst id="13">3.4489</dst>
      <dst id="19">2.3378</dst>
      <dst id="18">1.3244</dst>
      <dst id="4">1083.6267</dst>
      <dst id="1">64.9511</dst>
      <dst id="5">20.8089</dst>
      <dst id="3">35.0578</dst>
      <dst id="22">1.2800</dst>
      <dst id="2">2551.5200</dst>
      <dst id="16">25.2444</dst>
      <dst id="11">16.8622</dst>
      <dst id="9">52.8356</dst>
      <dst id="17">1907.6889</dst>
      <dst id="21">2.0267</dst>
    </src>
    <src id="16">
      <dst id="12">3992.9956</dst>
      <dst id="13">884.3911</dst>
      <dst id="19">4359.5111</dst>
      <dst id="23">135.7778</dst>
      <dst id="8">5114.7022</dst>
      <dst id="18">43.3244</dst>
      <dst id="4">4091.7867</dst>
      <dst id="1">23252.8267</dst>
      <dst id="5">3138.2756</dst>
      <dst id="3">127.3600</dst>
      <dst id="7">169.3156</dst>
      <dst id="2">2533.5556</dst>
      <dst id="6">70.2311</dst>
      <dst id="16">44.5689</dst>
      <dst id="14">630.0444</dst>
      <dst id="11">327.7333</dst>
      <dst id="9">4269.1556</dst>
      <dst id="17">1599.6800</dst>
      <dst id="21">2415.0933</dst>
    </src>
    <src id="14">
      <dst id="12">15345.6444</dst>
      <dst id="13">134.3111</dst>
      <dst id="19">11.2000</dst>
      <dst id="18">0.6044</dst>
      <dst id="4">2184.0444</dst>
      <dst id="1">80.3556</dst>
      <dst id="5">49.0756</dst>
      <dst id="3">152.0533</dst>
      <dst id="22">24.5956</dst>
      <dst id="7">87.3156</dst>
      <dst id="2">4883.1022</dst>
      <dst id="16">20.4089</dst>
      <dst id="20">25.6356</dst>
      <dst id="11">71.8133</dst>
      <dst id="9">64.2133</dst>
      <dst id="17">7485.4311</dst>
      <dst id="21">75.3778</dst>
    </src>
    <src id="20">
      <dst id="12">3882.5600</dst>
      <dst id="13">15324.3289</dst>
      <dst id="19">1.1822</dst>
      <dst id="23">43.4933</dst>
      <dst id="8">338.5156</dst>
      <dst id="18">1.0489</dst>
      <dst id="4">6736.5956</dst>
      <dst id="1">329.9556</dst>
      <dst id="5">554.6578</dst>
      <dst id="3">156.2489</dst>
      <dst id="7">1160.0000</dst>
      <dst id="2">771.3156</dst>
      <dst id="14">1720.0000</dst>
      <dst id="11">584.5156</dst>
      <dst id="9">618.8089</dst>
      <dst id="17">1367.3422</dst>
      <dst id="21">189.9911</dst>
    </src>
    <src id="11">
      <dst id="12">370510.4000</dst>
      <dst id="13">5434.8711</dst>
      <dst id="19">17.0667</dst>
      <dst id="23">23.1111</dst>
      <dst id="8">809.3600</dst>
      <dst id="18">50.8444</dst>
      <dst id="4">5441.0133</dst>
      <dst id="1">401.2622</dst>
      <dst id="5">1962.3556</dst>
      <dst id="3">362.2667</dst>
      <dst id="22">5760.7022</dst>
      <dst id="7">1142.2222</dst>
      <dst id="2">150375.1822</dst>
      <dst id="6">0.7111</dst>
      <dst id="16">460.7644</dst>
      <dst id="14">69.3956</dst>
      <dst id="20">1027.4311</dst>
      <dst id="11">2155.0133</dst>
      <dst id="9">1421.8311</dst>
      <dst id="17">157169.3244</dst>
      <dst id="21">9460.7644</dst>
      <dst id="15">275.3689</dst>
    </src>
    <src id="9">
      <dst id="12">407595.8044</dst>
      <dst id="13">13265.1111</dst>
      <dst id="19">245.5822</dst>
      <dst id="23">37.6178</dst>
      <dst id="8">3299.9467</dst>
      <dst id="18">70.1333</dst>
      <dst id="4">6756.9156</dst>
      <dst id="1">1843.9644</dst>
      <dst id="5">960.8889</dst>
      <dst id="3">19.1289</dst>
      <dst id="22">3213.8489</dst>
      <dst id="7">1351.9111</dst>
      <dst id="2">149335.1378</dst>
      <dst id="6">26.6489</dst>
      <dst id="16">506.6044</dst>
      <dst id="14">2.3200</dst>
      <dst id="20">1116.1867</dst>
      <dst id="11">1613.9111</dst>
      <dst id="9">2229.6444</dst>
      <dst id="17">205752.1156</dst>
      <dst id="21">4840.7022</dst>
      <dst id="15">2000.5689</dst>
    </src>
    <src id="17">
      <dst id="12">12698.0356</dst>
      <dst id="13">2165.2178</dst>
      <dst id="19">390.6489</dst>
      <dst id="23">168.9511</dst>
      <dst id="8">138018.3467</dst>
      <dst id="18">86.6578</dst>
      <dst id="4">42563.8044</dst>
      <dst id="1">1193.7511</dst>
      <dst id="5">199301.2533</dst>
      <dst id="3">9937.7333</dst>
      <dst id="22">10247.7333</dst>
      <dst id="7">19090.5778</dst>
      <dst id="2">17452.1511</dst>
      <dst id="6">57.8844</dst>
      <dst id="16">5937.8489</dst>
      <dst id="14">25841.4844</dst>
      <dst id="20">3607.5556</dst>
      <dst id="11">109537.7333</dst>
      <dst id="9">178267.7067</dst>
      <dst id="17">1374.4089</dst>
      <dst id="21">11884.7822</dst>
      <dst id="15">215.7422</dst>
    </src>
    <src id="21">
      <dst id="12">24679.8667</dst>
      <dst id="13">414.6578</dst>
      <dst id="19">214.7556</dst>
      <dst id="23">109.2000</dst>
      <dst id="8">54.9244</dst>
      <dst id="18">401.6711</dst>
      <dst id="4">13264.1689</dst>
      <dst id="1">1267.6000</dst>
      <dst id="5">614.6133</dst>
      <dst id="3">1282.5511</dst>
      <dst id="22">2041.2711</dst>
      <dst id="7">1154.2489</dst>
      <dst id="2">13939.4133</dst>
      <dst id="6">1.6356</dst>
      <dst id="16">212.8267</dst>
      <dst id="14">128.1333</dst>
      <dst id="20">169.7422</dst>
      <dst id="11">2722.2756</dst>
      <dst id="9">719.4400</dst>
      <dst id="17">7262.8356</dst>
      <dst id="21">594.1422</dst>
      <dst id="15">4.6222</dst>
    </src>
    <src id="15">
      <dst id="12">2934.6578</dst>
      <dst id="13">5790.4622</dst>
      <dst id="19">64.6400</dst>
      <dst id="23">20.2489</dst>
      <dst id="8">22.1867</dst>
      <dst id="18">0.8089</dst>
      <dst id="4">2919.2533</dst>
      <dst id="1">594.2578</dst>
      <dst id="5">24.4533</dst>
      <dst id="3">7.8489</dst>
      <dst id="7">51.3422</dst>
      <dst id="2">112.5333</dst>
      <dst id="14">20.9867</dst>
      <dst id="11">224.4800</dst>
      <dst id="9">3030.8178</dst>
      <dst id="17">842.9422</dst>
      <dst id="21">52.2311</dst>
    </src>
  </IntraTM>
</TrafficMatrixFile>
