<?xml version="1.0" encoding="UTF-8" standalone="yes"?>
<TrafficMatrixFile xmlns:xsi="http://www.w3.org/2001/XMLSchema-instance" xsi:noNamespaceSchemaLocation="http://totem.run.montefiore.ulg.ac.be/Schema/TrafficMatrix-v1_2.xsd">
  <info>
    <title>Intradomain traffic matrix generated by geant-TM-all.pl</title>
    <date>2005-01-05T02:30:00</date>
    <duration>900</duration>
    <author>Steve Uhlig</author>
    <units>
        <unit type="bandwidth" value="kbps"/>
    </units>
  </info>
  <IntraTM ASID="20965">
    <src id="12">
      <dst id="12">274658.7111</dst>
      <dst id="13">21726.4356</dst>
      <dst id="19">3962.8622</dst>
      <dst id="23">139.6533</dst>
      <dst id="8">1097.5911</dst>
      <dst id="18">282.3289</dst>
      <dst id="4">73243.9911</dst>
      <dst id="1">17661.0578</dst>
      <dst id="5">4796.5244</dst>
      <dst id="3">3809.0400</dst>
      <dst id="22">31193.3156</dst>
      <dst id="7">2014.9600</dst>
      <dst id="2">89909.4133</dst>
      <dst id="6">2.4889</dst>
      <dst id="16">7658.5333</dst>
      <dst id="14">202.6756</dst>
      <dst id="20">4379.9911</dst>
      <dst id="11">6060.1600</dst>
      <dst id="9">4732.5422</dst>
      <dst id="17">82566.7644</dst>
      <dst id="21">1343.6889</dst>
      <dst id="15">894.8711</dst>
    </src>
    <src id="13">
      <dst id="12">50283.5644</dst>
      <dst id="19">6795.4311</dst>
      <dst id="23">5647.2089</dst>
      <dst id="8">1977.1200</dst>
      <dst id="18">3047.7156</dst>
      <dst id="1">4456.0622</dst>
      <dst id="5">6752.7111</dst>
      <dst id="3">4066.8356</dst>
      <dst id="22">38071.2000</dst>
      <dst id="7">11163.3600</dst>
      <dst id="2">88890.3200</dst>
      <dst id="6">130.3733</dst>
      <dst id="16">8843.6889</dst>
      <dst id="14">4014.0178</dst>
      <dst id="20">17431.1733</dst>
      <dst id="11">16351.3778</dst>
      <dst id="9">14777.2711</dst>
      <dst id="17">52963.7867</dst>
      <dst id="21">9258.4000</dst>
      <dst id="15">2683.4667</dst>
    </src>
    <src id="19">
      <dst id="12">15764.5422</dst>
      <dst id="13">218.2400</dst>
      <dst id="23">0.4978</dst>
      <dst id="8">7.4044</dst>
      <dst id="18">1.8844</dst>
      <dst id="4">12159.4933</dst>
      <dst id="1">262.7289</dst>
      <dst id="5">2.7378</dst>
      <dst id="22">780.2489</dst>
      <dst id="7">3768.3911</dst>
      <dst id="2">1737.2178</dst>
      <dst id="6">62.7733</dst>
      <dst id="16">7040.3289</dst>
      <dst id="14">1.9289</dst>
      <dst id="20">6.7022</dst>
      <dst id="11">243.2356</dst>
      <dst id="9">1014.9600</dst>
      <dst id="17">21384.7733</dst>
      <dst id="21">352.4889</dst>
      <dst id="15">0.6222</dst>
    </src>
    <src id="23">
      <dst id="12">295.3333</dst>
      <dst id="13">216.5689</dst>
      <dst id="19">0.4978</dst>
      <dst id="8">0.3556</dst>
      <dst id="18">2.3022</dst>
      <dst id="4">43.6978</dst>
      <dst id="1">1881.5911</dst>
      <dst id="5">173.3333</dst>
      <dst id="3">322.5067</dst>
      <dst id="22">234.0356</dst>
      <dst id="7">2075.9111</dst>
      <dst id="2">20.6044</dst>
      <dst id="6">145.9911</dst>
      <dst id="16">95.1289</dst>
      <dst id="20">17.9022</dst>
      <dst id="11">67.0844</dst>
      <dst id="9">1116.5689</dst>
      <dst id="17">229.9733</dst>
      <dst id="21">200.3556</dst>
    </src>
    <src id="8">
      <dst id="12">347252.6222</dst>
      <dst id="13">3714.1778</dst>
      <dst id="19">62.9067</dst>
      <dst id="23">0.7111</dst>
      <dst id="18">53.9022</dst>
      <dst id="4">4114.8089</dst>
      <dst id="1">508.9067</dst>
      <dst id="5">11711.1822</dst>
      <dst id="3">12.6222</dst>
      <dst id="22">1259.3867</dst>
      <dst id="7">30.0356</dst>
      <dst id="2">174527.4489</dst>
      <dst id="6">1.0667</dst>
      <dst id="16">1307.5022</dst>
      <dst id="20">92.4622</dst>
      <dst id="11">65.8311</dst>
      <dst id="9">494.8000</dst>
      <dst id="17">126998.8089</dst>
      <dst id="21">121.6800</dst>
      <dst id="15">291.3156</dst>
    </src>
    <src id="18">
      <dst id="12">99779.4400</dst>
      <dst id="13">85.8756</dst>
      <dst id="19">16.0533</dst>
      <dst id="23">14.3378</dst>
      <dst id="8">86.1511</dst>
      <dst id="4">1855.8222</dst>
      <dst id="1">1310.8356</dst>
      <dst id="5">250.1244</dst>
      <dst id="3">3.0222</dst>
      <dst id="22">84.2133</dst>
      <dst id="7">7.7333</dst>
      <dst id="2">33428.7111</dst>
      <dst id="16">16.6489</dst>
      <dst id="14">15.1200</dst>
      <dst id="20">4.4000</dst>
      <dst id="11">88.1067</dst>
      <dst id="9">54.4889</dst>
      <dst id="17">36535.8933</dst>
      <dst id="21">387.8578</dst>
      <dst id="15">0.4622</dst>
    </src>
    <src id="4">
      <dst id="12">25057.0578</dst>
      <dst id="19">14063.3156</dst>
      <dst id="23">1.1022</dst>
      <dst id="8">1292.6044</dst>
      <dst id="18">316.3556</dst>
      <dst id="1">33323.5200</dst>
      <dst id="5">2547.2800</dst>
      <dst id="3">261.7067</dst>
      <dst id="22">4519.6000</dst>
      <dst id="7">32883.5022</dst>
      <dst id="2">70720.4711</dst>
      <dst id="6">13.3333</dst>
      <dst id="16">3008.8533</dst>
      <dst id="14">1457.9111</dst>
      <dst id="20">1430.8978</dst>
      <dst id="11">3475.5111</dst>
      <dst id="9">3177.5467</dst>
      <dst id="17">12628.1156</dst>
      <dst id="21">2293.4133</dst>
      <dst id="15">409.8489</dst>
    </src>
    <src id="1">
      <dst id="12">18998.3022</dst>
      <dst id="13">400.5778</dst>
      <dst id="19">68.2133</dst>
      <dst id="23">117.2178</dst>
      <dst id="8">126220.4444</dst>
      <dst id="18">15589.8044</dst>
      <dst id="4">15123.5022</dst>
      <dst id="1">10201.9467</dst>
      <dst id="5">236100.1511</dst>
      <dst id="3">64.7111</dst>
      <dst id="22">921.8756</dst>
      <dst id="7">2288.3556</dst>
      <dst id="2">3453.2267</dst>
      <dst id="6">9320.5422</dst>
      <dst id="16">7251.1822</dst>
      <dst id="14">92.9600</dst>
      <dst id="20">181.8844</dst>
      <dst id="11">656.0978</dst>
      <dst id="9">221737.4578</dst>
      <dst id="17">7182.0444</dst>
      <dst id="21">1519.4489</dst>
      <dst id="15">145.3600</dst>
    </src>
    <src id="5">
      <dst id="12">333077.6089</dst>
      <dst id="13">1177.2622</dst>
      <dst id="19">27.0311</dst>
      <dst id="23">3.2711</dst>
      <dst id="8">611.2000</dst>
      <dst id="18">1032.0533</dst>
      <dst id="4">6461.4489</dst>
      <dst id="1">855.3600</dst>
      <dst id="3">46.3289</dst>
      <dst id="22">2851.1644</dst>
      <dst id="7">159.2178</dst>
      <dst id="2">135722.1422</dst>
      <dst id="6">0.7111</dst>
      <dst id="16">1068.7289</dst>
      <dst id="14">19.3956</dst>
      <dst id="20">2040.2133</dst>
      <dst id="11">970.1956</dst>
      <dst id="9">1053.7333</dst>
      <dst id="17">130279.1733</dst>
      <dst id="21">88.4178</dst>
      <dst id="15">120.8267</dst>
    </src>
    <src id="3">
      <dst id="12">11726.0800</dst>
      <dst id="13">2008.9067</dst>
      <dst id="19">983.2000</dst>
      <dst id="23">10296.4533</dst>
      <dst id="8">550.2578</dst>
      <dst id="18">53128.2844</dst>
      <dst id="4">17321.1733</dst>
      <dst id="1">7078.9600</dst>
      <dst id="5">403.8400</dst>
      <dst id="3">11797.5467</dst>
      <dst id="22">2060.7022</dst>
      <dst id="7">865.4578</dst>
      <dst id="2">6134.2222</dst>
      <dst id="6">2.1867</dst>
      <dst id="16">1412.6844</dst>
      <dst id="14">41238.6311</dst>
      <dst id="20">93.4933</dst>
      <dst id="11">131928.0089</dst>
      <dst id="9">380.1067</dst>
      <dst id="17">10492.7467</dst>
      <dst id="21">10677.0844</dst>
      <dst id="15">53.7333</dst>
    </src>
    <src id="10">
      <dst id="12">14746.2844</dst>
      <dst id="19">4492.9333</dst>
      <dst id="8">976.0356</dst>
      <dst id="18">3620.2400</dst>
      <dst id="1">3171.0933</dst>
      <dst id="5">1697.3600</dst>
      <dst id="3">4971.4933</dst>
      <dst id="22">5099.3600</dst>
      <dst id="7">13019.2089</dst>
      <dst id="2">29477.4400</dst>
      <dst id="6">1.7689</dst>
      <dst id="16">2197.5822</dst>
      <dst id="14">3931.6622</dst>
      <dst id="20">766.5867</dst>
      <dst id="11">6026.0622</dst>
      <dst id="9">5240.7467</dst>
      <dst id="17">15745.6889</dst>
      <dst id="21">6889.0044</dst>
      <dst id="15">4.8800</dst>
    </src>
    <src id="22">
      <dst id="12">8606.1689</dst>
      <dst id="13">5693.6178</dst>
      <dst id="19">1049.9556</dst>
      <dst id="23">227.9111</dst>
      <dst id="8">269.3600</dst>
      <dst id="18">307.2267</dst>
      <dst id="4">17580.2133</dst>
      <dst id="1">109.2089</dst>
      <dst id="5">3409.0133</dst>
      <dst id="3">282.6044</dst>
      <dst id="7">2492.5689</dst>
      <dst id="2">2065.7511</dst>
      <dst id="6">4.0089</dst>
      <dst id="16">0.8178</dst>
      <dst id="14">355.4311</dst>
      <dst id="11">1750.2044</dst>
      <dst id="9">6319.1200</dst>
      <dst id="17">7855.2267</dst>
      <dst id="21">343.6978</dst>
    </src>
    <src id="7">
      <dst id="12">5553.0756</dst>
      <dst id="13">487.6800</dst>
      <dst id="19">374.8178</dst>
      <dst id="23">80.4800</dst>
      <dst id="8">15.3067</dst>
      <dst id="18">87.8044</dst>
      <dst id="4">9033.0489</dst>
      <dst id="1">5964.9333</dst>
      <dst id="5">1072.7556</dst>
      <dst id="3">38.0089</dst>
      <dst id="22">2938.7822</dst>
      <dst id="7">626.0889</dst>
      <dst id="2">6015.7956</dst>
      <dst id="6">103.6978</dst>
      <dst id="16">1263.6978</dst>
      <dst id="14">156.7822</dst>
      <dst id="20">348.2133</dst>
      <dst id="11">1292.7200</dst>
      <dst id="9">430.6933</dst>
      <dst id="17">14167.7067</dst>
      <dst id="21">1156.3289</dst>
      <dst id="15">56.4622</dst>
    </src>
    <src id="2">
      <dst id="12">96893.6978</dst>
      <dst id="13">512109.7244</dst>
      <dst id="19">810.3200</dst>
      <dst id="23">69.1822</dst>
      <dst id="8">609.9467</dst>
      <dst id="18">51319.8844</dst>
      <dst id="4">86882.0444</dst>
      <dst id="1">8504.4356</dst>
      <dst id="5">1922.9156</dst>
      <dst id="3">263.1467</dst>
      <dst id="22">5995.0489</dst>
      <dst id="7">2681.2533</dst>
      <dst id="2">939.9733</dst>
      <dst id="6">10728.0978</dst>
      <dst id="16">2790.8356</dst>
      <dst id="14">2705.3422</dst>
      <dst id="20">889.1467</dst>
      <dst id="11">5068.2933</dst>
      <dst id="9">878.8178</dst>
      <dst id="17">11310.1956</dst>
      <dst id="21">2874.9067</dst>
      <dst id="15">327.7867</dst>
    </src>
    <src id="6">
      <dst id="12">10288.5778</dst>
      <dst id="13">16.0622</dst>
      <dst id="19">14.0444</dst>
      <dst id="23">2.2400</dst>
      <dst id="8">21.3333</dst>
      <dst id="4">1280.5067</dst>
      <dst id="1">14.1778</dst>
      <dst id="5">5.1200</dst>
      <dst id="22">19.1644</dst>
      <dst id="7">3.6622</dst>
      <dst id="2">2309.1556</dst>
      <dst id="14">3.3156</dst>
      <dst id="17">1511.6000</dst>
      <dst id="21">1.0756</dst>
    </src>
    <src id="16">
      <dst id="12">2861.8933</dst>
      <dst id="13">523.1644</dst>
      <dst id="19">3103.0933</dst>
      <dst id="23">17.0044</dst>
      <dst id="8">8761.7067</dst>
      <dst id="18">7.0844</dst>
      <dst id="4">4031.5822</dst>
      <dst id="1">13639.3867</dst>
      <dst id="5">4941.8844</dst>
      <dst id="3">2.1422</dst>
      <dst id="7">3135.7956</dst>
      <dst id="2">634.0444</dst>
      <dst id="6">4.8533</dst>
      <dst id="16">51.5378</dst>
      <dst id="14">384.1422</dst>
      <dst id="11">107.4222</dst>
      <dst id="9">7463.4044</dst>
      <dst id="17">2512.5867</dst>
      <dst id="21">1390.2667</dst>
    </src>
    <src id="14">
      <dst id="12">23740.0978</dst>
      <dst id="13">72.8267</dst>
      <dst id="19">1.4933</dst>
      <dst id="23">0.3556</dst>
      <dst id="18">8.1422</dst>
      <dst id="4">1941.5289</dst>
      <dst id="1">55.7778</dst>
      <dst id="5">32.5956</dst>
      <dst id="3">77.6889</dst>
      <dst id="22">91.4133</dst>
      <dst id="7">89.2622</dst>
      <dst id="2">7266.7644</dst>
      <dst id="6">1.7422</dst>
      <dst id="16">23.5733</dst>
      <dst id="20">1.5644</dst>
      <dst id="11">54.0533</dst>
      <dst id="9">152.8178</dst>
      <dst id="17">7553.8400</dst>
      <dst id="21">51.4933</dst>
      <dst id="15">1.1733</dst>
    </src>
    <src id="20">
      <dst id="12">1618.4356</dst>
      <dst id="13">12991.9733</dst>
      <dst id="19">2.8889</dst>
      <dst id="23">117.4756</dst>
      <dst id="8">89.9378</dst>
      <dst id="18">76.0889</dst>
      <dst id="4">7336.7556</dst>
      <dst id="1">970.9600</dst>
      <dst id="5">864.3911</dst>
      <dst id="3">168.0267</dst>
      <dst id="7">23.6000</dst>
      <dst id="2">3458.1511</dst>
      <dst id="11">246.8978</dst>
      <dst id="9">6277.9022</dst>
      <dst id="17">5661.0667</dst>
      <dst id="21">351.1644</dst>
    </src>
    <src id="11">
      <dst id="12">402335.8489</dst>
      <dst id="13">3479.6889</dst>
      <dst id="19">19.6711</dst>
      <dst id="23">41.2978</dst>
      <dst id="8">218.5156</dst>
      <dst id="18">142.6222</dst>
      <dst id="4">10193.1644</dst>
      <dst id="1">1037.8844</dst>
      <dst id="5">1497.6889</dst>
      <dst id="3">187.3600</dst>
      <dst id="22">2609.0222</dst>
      <dst id="7">242.3644</dst>
      <dst id="2">179731.2178</dst>
      <dst id="6">0.6933</dst>
      <dst id="16">485.7778</dst>
      <dst id="14">86.1600</dst>
      <dst id="20">771.0578</dst>
      <dst id="11">1673.4222</dst>
      <dst id="9">797.9200</dst>
      <dst id="17">167572.0444</dst>
      <dst id="21">350.3822</dst>
      <dst id="15">208.0089</dst>
    </src>
    <src id="9">
      <dst id="12">430320.4356</dst>
      <dst id="13">5193.8489</dst>
      <dst id="19">3173.8667</dst>
      <dst id="23">34.9689</dst>
      <dst id="8">693.9644</dst>
      <dst id="18">6.6844</dst>
      <dst id="4">9176.5422</dst>
      <dst id="1">3397.6178</dst>
      <dst id="5">984.2933</dst>
      <dst id="3">45.3600</dst>
      <dst id="22">2369.3244</dst>
      <dst id="7">219.5911</dst>
      <dst id="2">171383.4133</dst>
      <dst id="16">938.7556</dst>
      <dst id="14">14.2578</dst>
      <dst id="20">3812.5067</dst>
      <dst id="11">718.9511</dst>
      <dst id="9">545.7956</dst>
      <dst id="17">192548.1600</dst>
      <dst id="21">98.4000</dst>
      <dst id="15">686.5511</dst>
    </src>
    <src id="17">
      <dst id="12">10641.2800</dst>
      <dst id="13">9709.5200</dst>
      <dst id="19">827.0133</dst>
      <dst id="23">134.4000</dst>
      <dst id="8">132915.9467</dst>
      <dst id="18">329.5111</dst>
      <dst id="4">29606.6489</dst>
      <dst id="1">706.6400</dst>
      <dst id="5">210999.8489</dst>
      <dst id="3">5564.1333</dst>
      <dst id="22">2491.8489</dst>
      <dst id="7">1249.4133</dst>
      <dst id="2">35147.6356</dst>
      <dst id="6">967.8222</dst>
      <dst id="16">6160.7467</dst>
      <dst id="14">40677.5200</dst>
      <dst id="20">732.4089</dst>
      <dst id="11">117901.3067</dst>
      <dst id="9">167676.2222</dst>
      <dst id="17">1869.7778</dst>
      <dst id="21">8442.9600</dst>
      <dst id="15">66.2667</dst>
    </src>
    <src id="21">
      <dst id="12">13241.3778</dst>
      <dst id="13">1573.9556</dst>
      <dst id="19">337.0933</dst>
      <dst id="23">99.8400</dst>
      <dst id="8">24.2044</dst>
      <dst id="18">1187.5822</dst>
      <dst id="4">11023.6800</dst>
      <dst id="1">2226.8178</dst>
      <dst id="5">801.8756</dst>
      <dst id="3">824.6222</dst>
      <dst id="22">3161.1467</dst>
      <dst id="7">539.8667</dst>
      <dst id="2">5410.0711</dst>
      <dst id="6">3.1111</dst>
      <dst id="16">220.2222</dst>
      <dst id="14">189.1022</dst>
      <dst id="20">780.7911</dst>
      <dst id="11">405.5822</dst>
      <dst id="9">213.5111</dst>
      <dst id="17">5082.4356</dst>
      <dst id="21">405.0933</dst>
      <dst id="15">308.6311</dst>
    </src>
    <src id="15">
      <dst id="12">709.3156</dst>
      <dst id="13">608.7467</dst>
      <dst id="23">1.3511</dst>
      <dst id="8">114.7467</dst>
      <dst id="18">0.4267</dst>
      <dst id="4">4675.6622</dst>
      <dst id="1">503.8133</dst>
      <dst id="5">361.7600</dst>
      <dst id="3">37.2800</dst>
      <dst id="7">13.8133</dst>
      <dst id="2">1215.4044</dst>
      <dst id="14">67.8756</dst>
      <dst id="11">334.7822</dst>
      <dst id="9">768.8622</dst>
      <dst id="17">175.8933</dst>
      <dst id="21">163.8489</dst>
    </src>
  </IntraTM>
</TrafficMatrixFile>
