<?xml version="1.0" encoding="UTF-8" standalone="yes"?>
<TrafficMatrixFile xmlns:xsi="http://www.w3.org/2001/XMLSchema-instance" xsi:noNamespaceSchemaLocation="http://totem.run.montefiore.ulg.ac.be/Schema/TrafficMatrix-v1_2.xsd">
  <info>
    <title>Intradomain traffic matrix generated by geant-TM-all.pl</title>
    <date>2005-01-04T00:00:00</date>
    <duration>900</duration>
    <author>Steve Uhlig</author>
    <units>
        <unit type="bandwidth" value="kbps"/>
    </units>
  </info>
  <IntraTM ASID="20965">
    <src id="12">
      <dst id="12">254575.2356</dst>
      <dst id="13">33338.7733</dst>
      <dst id="19">1191.1644</dst>
      <dst id="23">373.1556</dst>
      <dst id="8">1530.4711</dst>
      <dst id="18">2610.2489</dst>
      <dst id="4">62385.0578</dst>
      <dst id="1">7169.8667</dst>
      <dst id="5">5991.4044</dst>
      <dst id="3">2885.2267</dst>
      <dst id="22">10512.0444</dst>
      <dst id="7">2033.6800</dst>
      <dst id="2">91580.4978</dst>
      <dst id="6">41.0311</dst>
      <dst id="16">17510.2933</dst>
      <dst id="14">1121.4222</dst>
      <dst id="20">3168.2311</dst>
      <dst id="11">9364.0444</dst>
      <dst id="9">4297.8222</dst>
      <dst id="17">87458.5600</dst>
      <dst id="21">4634.2489</dst>
      <dst id="15">8362.5422</dst>
    </src>
    <src id="13">
      <dst id="12">67808.5244</dst>
      <dst id="19">6113.5733</dst>
      <dst id="23">7414.9511</dst>
      <dst id="8">3500.5333</dst>
      <dst id="18">2498.6222</dst>
      <dst id="1">6197.0311</dst>
      <dst id="5">8772.5956</dst>
      <dst id="3">9019.8933</dst>
      <dst id="22">23961.6800</dst>
      <dst id="7">10548.6667</dst>
      <dst id="2">125860.3644</dst>
      <dst id="6">69.2444</dst>
      <dst id="16">8848.8533</dst>
      <dst id="14">1400.1689</dst>
      <dst id="20">12587.2889</dst>
      <dst id="11">22439.8578</dst>
      <dst id="9">17486.4267</dst>
      <dst id="17">74696.2933</dst>
      <dst id="21">12598.7467</dst>
      <dst id="15">9733.8844</dst>
    </src>
    <src id="19">
      <dst id="12">15603.8400</dst>
      <dst id="13">1815.1911</dst>
      <dst id="23">121.7244</dst>
      <dst id="8">13.6889</dst>
      <dst id="18">3667.6356</dst>
      <dst id="4">16070.2667</dst>
      <dst id="1">3512.0533</dst>
      <dst id="5">29.5378</dst>
      <dst id="3">1.7067</dst>
      <dst id="22">68.3911</dst>
      <dst id="7">3631.6356</dst>
      <dst id="2">636.5600</dst>
      <dst id="6">302.5867</dst>
      <dst id="16">5251.6889</dst>
      <dst id="14">45.7689</dst>
      <dst id="20">148.9244</dst>
      <dst id="11">55.9289</dst>
      <dst id="9">2943.3689</dst>
      <dst id="17">612.8978</dst>
      <dst id="21">1071.8222</dst>
      <dst id="15">0.7111</dst>
    </src>
    <src id="23">
      <dst id="12">235.5289</dst>
      <dst id="13">186.7911</dst>
      <dst id="19">27.8400</dst>
      <dst id="18">67.8667</dst>
      <dst id="4">12.6222</dst>
      <dst id="1">74.4000</dst>
      <dst id="5">27.3778</dst>
      <dst id="3">248.5778</dst>
      <dst id="22">785.4222</dst>
      <dst id="7">84.3822</dst>
      <dst id="2">101.6089</dst>
      <dst id="6">1.1111</dst>
      <dst id="16">147.9200</dst>
      <dst id="14">6.3111</dst>
      <dst id="20">93.7956</dst>
      <dst id="11">105.2444</dst>
      <dst id="9">690.2400</dst>
      <dst id="17">398.5422</dst>
      <dst id="21">42.4089</dst>
      <dst id="15">118.2933</dst>
    </src>
    <src id="8">
      <dst id="12">320326.0089</dst>
      <dst id="13">1760.6222</dst>
      <dst id="19">0.8533</dst>
      <dst id="18">2.1067</dst>
      <dst id="4">3109.6711</dst>
      <dst id="1">159.0933</dst>
      <dst id="5">1784.6400</dst>
      <dst id="3">13.9289</dst>
      <dst id="22">8644.6933</dst>
      <dst id="7">955.3689</dst>
      <dst id="2">141775.1733</dst>
      <dst id="6">23.8222</dst>
      <dst id="16">1216.3733</dst>
      <dst id="20">98.4089</dst>
      <dst id="11">1862.7822</dst>
      <dst id="9">1711.9911</dst>
      <dst id="17">124116.6222</dst>
      <dst id="21">81.2178</dst>
      <dst id="15">17.4844</dst>
    </src>
    <src id="18">
      <dst id="12">91517.0756</dst>
      <dst id="13">91.4489</dst>
      <dst id="19">55.1556</dst>
      <dst id="8">74.2578</dst>
      <dst id="4">1532.5333</dst>
      <dst id="1">821.7689</dst>
      <dst id="5">50.2400</dst>
      <dst id="3">39.1111</dst>
      <dst id="22">45.7422</dst>
      <dst id="7">212.8711</dst>
      <dst id="2">33541.5111</dst>
      <dst id="16">101.5200</dst>
      <dst id="20">92.4533</dst>
      <dst id="11">86.4622</dst>
      <dst id="9">176.5600</dst>
      <dst id="17">38825.6089</dst>
      <dst id="21">1777.5467</dst>
      <dst id="15">9.9556</dst>
    </src>
    <src id="4">
      <dst id="12">55410.7111</dst>
      <dst id="19">15186.9956</dst>
      <dst id="23">13.3333</dst>
      <dst id="8">1308.3378</dst>
      <dst id="18">649.7333</dst>
      <dst id="1">14232.5511</dst>
      <dst id="5">2392.0000</dst>
      <dst id="3">329.6533</dst>
      <dst id="22">7039.4756</dst>
      <dst id="7">146150.7111</dst>
      <dst id="2">41520.9333</dst>
      <dst id="6">268.2044</dst>
      <dst id="16">1242.4267</dst>
      <dst id="14">823.8400</dst>
      <dst id="20">2741.6800</dst>
      <dst id="11">9347.1289</dst>
      <dst id="9">2529.2178</dst>
      <dst id="17">80143.0667</dst>
      <dst id="21">4208.6578</dst>
      <dst id="15">773.7244</dst>
    </src>
    <src id="1">
      <dst id="12">13136.9600</dst>
      <dst id="13">783.3422</dst>
      <dst id="19">434.3911</dst>
      <dst id="23">109.7778</dst>
      <dst id="8">110983.0844</dst>
      <dst id="18">14319.8044</dst>
      <dst id="4">3375.1111</dst>
      <dst id="1">9671.1467</dst>
      <dst id="5">248974.0800</dst>
      <dst id="3">57.9378</dst>
      <dst id="22">4841.9378</dst>
      <dst id="7">1657.3333</dst>
      <dst id="2">4543.5467</dst>
      <dst id="6">10334.8889</dst>
      <dst id="16">9058.5244</dst>
      <dst id="14">39.3422</dst>
      <dst id="20">102.6311</dst>
      <dst id="11">1482.5333</dst>
      <dst id="9">221180.6044</dst>
      <dst id="17">3953.3333</dst>
      <dst id="21">3627.5822</dst>
      <dst id="15">142.8356</dst>
    </src>
    <src id="5">
      <dst id="12">330926.7022</dst>
      <dst id="13">23129.2444</dst>
      <dst id="19">80.0356</dst>
      <dst id="23">4.7022</dst>
      <dst id="8">1275.7333</dst>
      <dst id="18">161.5200</dst>
      <dst id="4">8625.2444</dst>
      <dst id="1">457.2444</dst>
      <dst id="3">15.0667</dst>
      <dst id="22">16467.2889</dst>
      <dst id="7">259.5733</dst>
      <dst id="2">141346.7200</dst>
      <dst id="6">8.5867</dst>
      <dst id="16">682.8356</dst>
      <dst id="14">7.7067</dst>
      <dst id="20">3871.7067</dst>
      <dst id="11">1710.1689</dst>
      <dst id="9">18707.9556</dst>
      <dst id="17">113708.8978</dst>
      <dst id="21">608.5067</dst>
      <dst id="15">249.3156</dst>
    </src>
    <src id="3">
      <dst id="12">11428.6044</dst>
      <dst id="13">3553.2356</dst>
      <dst id="19">1350.4089</dst>
      <dst id="23">8694.1156</dst>
      <dst id="8">82.4356</dst>
      <dst id="18">77780.4533</dst>
      <dst id="4">12065.9556</dst>
      <dst id="1">7147.8578</dst>
      <dst id="5">581.9111</dst>
      <dst id="3">16304.5422</dst>
      <dst id="22">479.0489</dst>
      <dst id="7">2463.0844</dst>
      <dst id="2">5628.1156</dst>
      <dst id="6">0.3289</dst>
      <dst id="16">1548.1156</dst>
      <dst id="14">32133.1556</dst>
      <dst id="20">89.8844</dst>
      <dst id="11">158073.3956</dst>
      <dst id="9">375.2800</dst>
      <dst id="17">16736.6578</dst>
      <dst id="21">16556.5600</dst>
      <dst id="15">58.3111</dst>
    </src>
    <src id="10">
      <dst id="12">14163.4133</dst>
      <dst id="19">963.2622</dst>
      <dst id="8">366.9067</dst>
      <dst id="18">7563.3156</dst>
      <dst id="1">2353.1911</dst>
      <dst id="5">1148.9244</dst>
      <dst id="3">1852.8533</dst>
      <dst id="22">13791.8933</dst>
      <dst id="7">9940.2489</dst>
      <dst id="2">27178.8978</dst>
      <dst id="6">96.0444</dst>
      <dst id="16">1587.4667</dst>
      <dst id="14">1828.1511</dst>
      <dst id="20">2242.7822</dst>
      <dst id="11">10433.6711</dst>
      <dst id="9">1993.3867</dst>
      <dst id="17">14813.0578</dst>
      <dst id="21">5773.0844</dst>
      <dst id="15">722.1422</dst>
    </src>
    <src id="22">
      <dst id="12">8366.2756</dst>
      <dst id="13">4573.2800</dst>
      <dst id="19">29.3067</dst>
      <dst id="23">1503.5556</dst>
      <dst id="8">1359.3600</dst>
      <dst id="18">342.4978</dst>
      <dst id="4">12657.8667</dst>
      <dst id="1">820.5333</dst>
      <dst id="5">6847.1822</dst>
      <dst id="3">1381.2000</dst>
      <dst id="7">697.1644</dst>
      <dst id="2">3864.5778</dst>
      <dst id="6">22.8000</dst>
      <dst id="16">20.3022</dst>
      <dst id="14">188.8533</dst>
      <dst id="11">3224.2844</dst>
      <dst id="9">7974.2400</dst>
      <dst id="17">4019.8844</dst>
      <dst id="21">1061.7333</dst>
    </src>
    <src id="7">
      <dst id="12">7503.0933</dst>
      <dst id="13">1710.2578</dst>
      <dst id="19">454.6489</dst>
      <dst id="23">793.2444</dst>
      <dst id="8">449.3333</dst>
      <dst id="18">136.1244</dst>
      <dst id="4">16555.1289</dst>
      <dst id="1">2002.0622</dst>
      <dst id="5">1303.2267</dst>
      <dst id="3">624.0889</dst>
      <dst id="22">3113.8044</dst>
      <dst id="7">991.5022</dst>
      <dst id="2">9924.1956</dst>
      <dst id="6">20.8178</dst>
      <dst id="16">1174.9156</dst>
      <dst id="14">69.9556</dst>
      <dst id="20">263.9378</dst>
      <dst id="11">1914.2311</dst>
      <dst id="9">1900.4356</dst>
      <dst id="17">7986.2933</dst>
      <dst id="21">4875.3867</dst>
      <dst id="15">830.5956</dst>
    </src>
    <src id="2">
      <dst id="12">131176.9867</dst>
      <dst id="13">508985.2800</dst>
      <dst id="19">2673.5822</dst>
      <dst id="23">190.8889</dst>
      <dst id="8">170.8000</dst>
      <dst id="18">55429.7778</dst>
      <dst id="4">70042.5422</dst>
      <dst id="1">7552.0800</dst>
      <dst id="5">3576.3467</dst>
      <dst id="3">161.4667</dst>
      <dst id="22">3219.5200</dst>
      <dst id="7">2376.3644</dst>
      <dst id="2">867.0044</dst>
      <dst id="6">9332.1156</dst>
      <dst id="16">2221.2711</dst>
      <dst id="14">5885.7244</dst>
      <dst id="20">731.6356</dst>
      <dst id="11">7825.2622</dst>
      <dst id="9">905.0311</dst>
      <dst id="17">17264.8356</dst>
      <dst id="21">2714.5156</dst>
      <dst id="15">458.0089</dst>
    </src>
    <src id="6">
      <dst id="12">11229.2000</dst>
      <dst id="13">16.5067</dst>
      <dst id="19">13.0667</dst>
      <dst id="4">889.5467</dst>
      <dst id="1">2.0889</dst>
      <dst id="5">0.3556</dst>
      <dst id="3">11.4667</dst>
      <dst id="22">62.5511</dst>
      <dst id="7">20.3556</dst>
      <dst id="2">2342.2578</dst>
      <dst id="16">12.7911</dst>
      <dst id="20">21.8578</dst>
      <dst id="11">51.0133</dst>
      <dst id="9">11.4667</dst>
      <dst id="17">1495.4667</dst>
      <dst id="21">24.4356</dst>
      <dst id="15">2.3200</dst>
    </src>
    <src id="16">
      <dst id="12">2492.4178</dst>
      <dst id="13">843.9733</dst>
      <dst id="19">3103.3778</dst>
      <dst id="23">37.1822</dst>
      <dst id="8">4035.3156</dst>
      <dst id="18">144.3911</dst>
      <dst id="4">3662.0356</dst>
      <dst id="1">18850.8889</dst>
      <dst id="5">2931.1111</dst>
      <dst id="7">193.5556</dst>
      <dst id="2">400.1422</dst>
      <dst id="16">51.6889</dst>
      <dst id="14">702.1244</dst>
      <dst id="11">339.1200</dst>
      <dst id="9">4750.0978</dst>
      <dst id="17">1496.5511</dst>
      <dst id="21">1977.9378</dst>
    </src>
    <src id="14">
      <dst id="12">17084.0356</dst>
      <dst id="13">1308.0089</dst>
      <dst id="19">9.8844</dst>
      <dst id="23">1.3867</dst>
      <dst id="8">1.2089</dst>
      <dst id="18">1.2622</dst>
      <dst id="4">1227.4044</dst>
      <dst id="1">27.8489</dst>
      <dst id="5">67.2978</dst>
      <dst id="3">74.5689</dst>
      <dst id="22">50.5156</dst>
      <dst id="7">80.5689</dst>
      <dst id="2">5823.2089</dst>
      <dst id="16">42.7556</dst>
      <dst id="11">16.6489</dst>
      <dst id="9">49.4756</dst>
      <dst id="17">5466.8356</dst>
      <dst id="21">111.2889</dst>
    </src>
    <src id="20">
      <dst id="12">3906.2667</dst>
      <dst id="13">33531.8400</dst>
      <dst id="19">803.5644</dst>
      <dst id="23">15.7511</dst>
      <dst id="8">340.2933</dst>
      <dst id="18">43.2267</dst>
      <dst id="4">3846.3644</dst>
      <dst id="1">34.3911</dst>
      <dst id="5">6336.0889</dst>
      <dst id="3">3111.7156</dst>
      <dst id="7">1198.9689</dst>
      <dst id="2">690.9244</dst>
      <dst id="6">0.7111</dst>
      <dst id="14">0.4178</dst>
      <dst id="11">2632.9333</dst>
      <dst id="9">4343.7244</dst>
      <dst id="17">18672.6489</dst>
      <dst id="21">169.0844</dst>
    </src>
    <src id="11">
      <dst id="12">402514.2578</dst>
      <dst id="13">4152.5067</dst>
      <dst id="19">241.3867</dst>
      <dst id="23">86.5511</dst>
      <dst id="8">636.8800</dst>
      <dst id="18">2675.0667</dst>
      <dst id="4">6353.3067</dst>
      <dst id="1">460.5867</dst>
      <dst id="5">2137.2178</dst>
      <dst id="3">315.9378</dst>
      <dst id="22">1644.0978</dst>
      <dst id="7">569.3600</dst>
      <dst id="2">155245.5111</dst>
      <dst id="6">14.0889</dst>
      <dst id="16">190.4267</dst>
      <dst id="14">65.8578</dst>
      <dst id="20">299.4933</dst>
      <dst id="11">2229.8756</dst>
      <dst id="9">1585.3156</dst>
      <dst id="17">166136.4800</dst>
      <dst id="21">904.3556</dst>
      <dst id="15">1412.8800</dst>
    </src>
    <src id="9">
      <dst id="12">411226.6578</dst>
      <dst id="13">28256.7378</dst>
      <dst id="19">640.0978</dst>
      <dst id="23">101.3422</dst>
      <dst id="8">972.7022</dst>
      <dst id="18">167.6089</dst>
      <dst id="4">8459.4133</dst>
      <dst id="1">3865.8400</dst>
      <dst id="5">14979.0489</dst>
      <dst id="3">2.9511</dst>
      <dst id="22">4034.1244</dst>
      <dst id="7">161.1378</dst>
      <dst id="2">152509.1289</dst>
      <dst id="6">3.1289</dst>
      <dst id="16">1600.1333</dst>
      <dst id="14">43.2267</dst>
      <dst id="20">754.9778</dst>
      <dst id="11">1520.5778</dst>
      <dst id="9">693.1644</dst>
      <dst id="17">199110.0800</dst>
      <dst id="21">2594.5956</dst>
      <dst id="15">808.9156</dst>
    </src>
    <src id="17">
      <dst id="12">13700.6222</dst>
      <dst id="13">2287.6178</dst>
      <dst id="19">712.5778</dst>
      <dst id="23">150.2756</dst>
      <dst id="8">134295.1378</dst>
      <dst id="18">155.9200</dst>
      <dst id="4">35038.5156</dst>
      <dst id="1">1716.2044</dst>
      <dst id="5">221891.6622</dst>
      <dst id="3">7698.1600</dst>
      <dst id="22">3393.2622</dst>
      <dst id="7">8168.2133</dst>
      <dst id="2">18367.6444</dst>
      <dst id="6">31.5467</dst>
      <dst id="16">5035.9111</dst>
      <dst id="14">23272.0000</dst>
      <dst id="20">904.4178</dst>
      <dst id="11">134687.7156</dst>
      <dst id="9">200051.8133</dst>
      <dst id="17">2415.4933</dst>
      <dst id="21">12796.1333</dst>
      <dst id="15">180.2044</dst>
    </src>
    <src id="21">
      <dst id="12">19059.3333</dst>
      <dst id="13">885.2000</dst>
      <dst id="19">1072.8178</dst>
      <dst id="23">86.7289</dst>
      <dst id="8">148.7644</dst>
      <dst id="18">874.9511</dst>
      <dst id="4">16164.4000</dst>
      <dst id="1">1274.4800</dst>
      <dst id="5">742.7111</dst>
      <dst id="3">1684.6578</dst>
      <dst id="22">1772.9867</dst>
      <dst id="7">2527.2356</dst>
      <dst id="2">15610.0356</dst>
      <dst id="6">2.8000</dst>
      <dst id="16">159.6889</dst>
      <dst id="14">91.5911</dst>
      <dst id="20">133.0489</dst>
      <dst id="11">486.7200</dst>
      <dst id="9">571.3689</dst>
      <dst id="17">7327.0933</dst>
      <dst id="21">1063.2978</dst>
      <dst id="15">90.2578</dst>
    </src>
    <src id="15">
      <dst id="12">3338.5867</dst>
      <dst id="13">10087.5022</dst>
      <dst id="19">11.0133</dst>
      <dst id="23">2.0622</dst>
      <dst id="8">69.7333</dst>
      <dst id="18">0.5333</dst>
      <dst id="4">1698.6844</dst>
      <dst id="1">736.8178</dst>
      <dst id="5">35.6178</dst>
      <dst id="3">8.6222</dst>
      <dst id="7">27.7689</dst>
      <dst id="2">289.2089</dst>
      <dst id="6">4.6489</dst>
      <dst id="11">626.1067</dst>
      <dst id="9">570.0711</dst>
      <dst id="17">941.1467</dst>
      <dst id="21">193.0933</dst>
    </src>
  </IntraTM>
</TrafficMatrixFile>
