<?xml version="1.0" encoding="UTF-8" standalone="yes"?>
<TrafficMatrixFile xmlns:xsi="http://www.w3.org/2001/XMLSchema-instance" xsi:noNamespaceSchemaLocation="http://totem.run.montefiore.ulg.ac.be/Schema/TrafficMatrix-v1_2.xsd">
  <info>
    <title>Intradomain traffic matrix generated by geant-TM-all.pl</title>
    <date>2005-01-04T00:15:00</date>
    <duration>900</duration>
    <author>Steve Uhlig</author>
    <units>
        <unit type="bandwidth" value="kbps"/>
    </units>
  </info>
  <IntraTM ASID="20965">
    <src id="12">
      <dst id="12">279592.8978</dst>
      <dst id="13">55748.8533</dst>
      <dst id="19">1613.2533</dst>
      <dst id="23">143.6800</dst>
      <dst id="8">1552.1511</dst>
      <dst id="18">2131.0844</dst>
      <dst id="4">60400.5867</dst>
      <dst id="1">7376.1511</dst>
      <dst id="5">3696.4978</dst>
      <dst id="3">2472.7822</dst>
      <dst id="22">12904.4000</dst>
      <dst id="7">2150.7378</dst>
      <dst id="2">103650.1956</dst>
      <dst id="6">49.8756</dst>
      <dst id="16">10858.6844</dst>
      <dst id="14">1218.3378</dst>
      <dst id="20">3096.6133</dst>
      <dst id="11">6787.4667</dst>
      <dst id="9">25177.1022</dst>
      <dst id="17">85227.8133</dst>
      <dst id="21">3650.5333</dst>
      <dst id="15">9166.9333</dst>
    </src>
    <src id="13">
      <dst id="12">68071.7156</dst>
      <dst id="19">4738.6578</dst>
      <dst id="23">21116.2222</dst>
      <dst id="8">3124.0622</dst>
      <dst id="18">2799.3778</dst>
      <dst id="1">3860.5422</dst>
      <dst id="5">23714.9244</dst>
      <dst id="3">7481.9289</dst>
      <dst id="22">20967.2978</dst>
      <dst id="7">8101.7600</dst>
      <dst id="2">97650.7822</dst>
      <dst id="6">114.2756</dst>
      <dst id="16">9573.6889</dst>
      <dst id="14">1486.4444</dst>
      <dst id="20">8426.1689</dst>
      <dst id="11">24522.9600</dst>
      <dst id="9">21181.9467</dst>
      <dst id="17">81448.4800</dst>
      <dst id="21">11994.5956</dst>
      <dst id="15">12713.3333</dst>
    </src>
    <src id="19">
      <dst id="12">14431.3511</dst>
      <dst id="13">1419.8756</dst>
      <dst id="23">0.3556</dst>
      <dst id="18">3377.4578</dst>
      <dst id="4">18364.5956</dst>
      <dst id="1">3485.7244</dst>
      <dst id="5">4.4800</dst>
      <dst id="3">0.3556</dst>
      <dst id="22">52.2133</dst>
      <dst id="7">3835.5644</dst>
      <dst id="2">2688.4356</dst>
      <dst id="6">304.2311</dst>
      <dst id="16">7596.1067</dst>
      <dst id="20">129.2444</dst>
      <dst id="11">68.9689</dst>
      <dst id="9">2470.9422</dst>
      <dst id="17">4176.6844</dst>
      <dst id="21">773.1822</dst>
    </src>
    <src id="23">
      <dst id="12">537.0400</dst>
      <dst id="13">456.8800</dst>
      <dst id="19">0.4711</dst>
      <dst id="8">0.3556</dst>
      <dst id="18">1.3867</dst>
      <dst id="1">26.8622</dst>
      <dst id="5">67.6889</dst>
      <dst id="3">198.8800</dst>
      <dst id="22">241.3867</dst>
      <dst id="7">64.7644</dst>
      <dst id="2">19.2889</dst>
      <dst id="16">116.9600</dst>
      <dst id="14">13.6178</dst>
      <dst id="20">68.0533</dst>
      <dst id="11">132.9867</dst>
      <dst id="9">690.7022</dst>
      <dst id="17">246.9867</dst>
      <dst id="21">129.0044</dst>
    </src>
    <src id="8">
      <dst id="12">328645.1200</dst>
      <dst id="13">1743.0044</dst>
      <dst id="19">1.4133</dst>
      <dst id="23">0.4267</dst>
      <dst id="18">73.9911</dst>
      <dst id="4">3104.1778</dst>
      <dst id="1">322.8356</dst>
      <dst id="5">1903.0311</dst>
      <dst id="3">52.9333</dst>
      <dst id="22">6694.2756</dst>
      <dst id="7">938.6756</dst>
      <dst id="2">141735.5378</dst>
      <dst id="16">742.8889</dst>
      <dst id="14">0.4444</dst>
      <dst id="20">312.0089</dst>
      <dst id="11">1422.2667</dst>
      <dst id="9">945.1467</dst>
      <dst id="17">120689.9200</dst>
      <dst id="21">107.3422</dst>
      <dst id="15">17.3867</dst>
    </src>
    <src id="18">
      <dst id="12">91787.0044</dst>
      <dst id="13">47.8667</dst>
      <dst id="19">50.7111</dst>
      <dst id="23">1.3067</dst>
      <dst id="8">25.9822</dst>
      <dst id="4">1832.5244</dst>
      <dst id="1">755.0933</dst>
      <dst id="5">140.6489</dst>
      <dst id="3">85.8844</dst>
      <dst id="22">52.8889</dst>
      <dst id="7">1614.0533</dst>
      <dst id="2">34152.1156</dst>
      <dst id="16">76.3200</dst>
      <dst id="20">116.4711</dst>
      <dst id="11">21.5289</dst>
      <dst id="9">190.0889</dst>
      <dst id="17">37680.6667</dst>
      <dst id="21">331.6089</dst>
      <dst id="15">2.1867</dst>
    </src>
    <src id="4">
      <dst id="12">55846.8800</dst>
      <dst id="19">14882.6844</dst>
      <dst id="23">0.9244</dst>
      <dst id="8">742.1778</dst>
      <dst id="18">985.2622</dst>
      <dst id="1">12516.5956</dst>
      <dst id="5">1737.0933</dst>
      <dst id="3">228.9244</dst>
      <dst id="22">7627.1644</dst>
      <dst id="7">150305.1822</dst>
      <dst id="2">40230.3467</dst>
      <dst id="6">4.9156</dst>
      <dst id="16">3094.7111</dst>
      <dst id="14">1114.1422</dst>
      <dst id="20">2958.4444</dst>
      <dst id="11">8087.1822</dst>
      <dst id="9">2477.7956</dst>
      <dst id="17">103070.9156</dst>
      <dst id="21">4886.7911</dst>
      <dst id="15">1213.8933</dst>
    </src>
    <src id="1">
      <dst id="12">11463.5644</dst>
      <dst id="13">599.0311</dst>
      <dst id="19">282.9511</dst>
      <dst id="23">37.6800</dst>
      <dst id="8">108070.6489</dst>
      <dst id="18">13770.3467</dst>
      <dst id="4">5659.2622</dst>
      <dst id="1">9781.7956</dst>
      <dst id="5">251303.0667</dst>
      <dst id="3">207.0756</dst>
      <dst id="22">3022.6578</dst>
      <dst id="7">1261.5111</dst>
      <dst id="2">11934.0622</dst>
      <dst id="6">10411.8222</dst>
      <dst id="16">11375.9378</dst>
      <dst id="14">207.0844</dst>
      <dst id="20">237.5911</dst>
      <dst id="11">1873.8311</dst>
      <dst id="9">217566.9867</dst>
      <dst id="17">3195.6178</dst>
      <dst id="21">2352.1867</dst>
      <dst id="15">1739.6800</dst>
    </src>
    <src id="5">
      <dst id="12">331745.6000</dst>
      <dst id="13">3740.7467</dst>
      <dst id="19">91.6267</dst>
      <dst id="23">0.7111</dst>
      <dst id="8">763.6978</dst>
      <dst id="18">119.9467</dst>
      <dst id="4">9470.3111</dst>
      <dst id="1">401.4756</dst>
      <dst id="3">5.2356</dst>
      <dst id="22">15566.0444</dst>
      <dst id="7">432.9333</dst>
      <dst id="2">145070.3467</dst>
      <dst id="6">14.8978</dst>
      <dst id="16">946.5511</dst>
      <dst id="14">51.6533</dst>
      <dst id="20">14664.1511</dst>
      <dst id="11">2078.7289</dst>
      <dst id="9">3438.2133</dst>
      <dst id="17">134942.0711</dst>
      <dst id="21">601.6711</dst>
      <dst id="15">185.0756</dst>
    </src>
    <src id="3">
      <dst id="12">11751.6978</dst>
      <dst id="13">534.9956</dst>
      <dst id="19">1393.6178</dst>
      <dst id="23">6652.1244</dst>
      <dst id="8">119.1111</dst>
      <dst id="18">79992.4622</dst>
      <dst id="4">11402.2756</dst>
      <dst id="1">13572.2578</dst>
      <dst id="5">596.3733</dst>
      <dst id="3">18821.1467</dst>
      <dst id="22">313.4578</dst>
      <dst id="7">1801.0667</dst>
      <dst id="2">6068.0622</dst>
      <dst id="6">4.8978</dst>
      <dst id="16">1389.6089</dst>
      <dst id="14">35096.0711</dst>
      <dst id="20">43.3156</dst>
      <dst id="11">165144.7289</dst>
      <dst id="9">322.1867</dst>
      <dst id="17">17264.3911</dst>
      <dst id="21">15530.6133</dst>
      <dst id="15">192.1511</dst>
    </src>
    <src id="10">
      <dst id="12">15655.6800</dst>
      <dst id="19">717.0578</dst>
      <dst id="8">665.4489</dst>
      <dst id="18">3581.1022</dst>
      <dst id="4">0.7111</dst>
      <dst id="1">2056.8356</dst>
      <dst id="5">772.0978</dst>
      <dst id="3">1107.9200</dst>
      <dst id="22">13297.7956</dst>
      <dst id="7">8606.4978</dst>
      <dst id="2">26891.0222</dst>
      <dst id="6">70.4978</dst>
      <dst id="16">3096.6844</dst>
      <dst id="14">1022.4711</dst>
      <dst id="20">2463.2800</dst>
      <dst id="11">9253.7689</dst>
      <dst id="9">2246.0889</dst>
      <dst id="17">18503.7511</dst>
      <dst id="21">5696.9422</dst>
      <dst id="15">674.4533</dst>
    </src>
    <src id="22">
      <dst id="12">9169.7600</dst>
      <dst id="13">4876.4800</dst>
      <dst id="19">38.0533</dst>
      <dst id="23">402.2133</dst>
      <dst id="8">807.1289</dst>
      <dst id="18">515.8933</dst>
      <dst id="4">13609.6089</dst>
      <dst id="1">1116.2044</dst>
      <dst id="5">6177.0756</dst>
      <dst id="3">1262.4178</dst>
      <dst id="7">579.6178</dst>
      <dst id="2">5066.7378</dst>
      <dst id="6">15.9733</dst>
      <dst id="16">5.9378</dst>
      <dst id="14">247.3067</dst>
      <dst id="11">3598.7467</dst>
      <dst id="9">9456.4978</dst>
      <dst id="17">2869.3600</dst>
      <dst id="21">1177.4133</dst>
    </src>
    <src id="7">
      <dst id="12">8061.4133</dst>
      <dst id="13">482.3467</dst>
      <dst id="19">425.5200</dst>
      <dst id="23">581.3689</dst>
      <dst id="8">646.7556</dst>
      <dst id="18">254.9156</dst>
      <dst id="4">19854.4000</dst>
      <dst id="1">1863.9644</dst>
      <dst id="5">1750.2311</dst>
      <dst id="3">756.6489</dst>
      <dst id="22">3018.4089</dst>
      <dst id="7">767.1822</dst>
      <dst id="2">7462.5333</dst>
      <dst id="6">118.4444</dst>
      <dst id="16">1181.9556</dst>
      <dst id="14">69.3333</dst>
      <dst id="20">368.9689</dst>
      <dst id="11">1686.7200</dst>
      <dst id="9">1568.8444</dst>
      <dst id="17">7952.5600</dst>
      <dst id="21">4277.2000</dst>
      <dst id="15">701.8933</dst>
    </src>
    <src id="2">
      <dst id="12">116572.7467</dst>
      <dst id="13">510002.8444</dst>
      <dst id="19">2955.6711</dst>
      <dst id="23">56.5333</dst>
      <dst id="8">676.2489</dst>
      <dst id="18">55985.7956</dst>
      <dst id="4">76031.5822</dst>
      <dst id="1">7325.7511</dst>
      <dst id="5">2199.0400</dst>
      <dst id="3">84.4711</dst>
      <dst id="22">11319.0044</dst>
      <dst id="7">14648.8356</dst>
      <dst id="2">776.3733</dst>
      <dst id="6">8008.9600</dst>
      <dst id="16">2511.4222</dst>
      <dst id="14">5727.8756</dst>
      <dst id="20">1048.2222</dst>
      <dst id="11">7173.7244</dst>
      <dst id="9">681.3511</dst>
      <dst id="17">25250.2578</dst>
      <dst id="21">2351.8400</dst>
      <dst id="15">813.9378</dst>
    </src>
    <src id="6">
      <dst id="12">10978.5600</dst>
      <dst id="13">28.7911</dst>
      <dst id="19">96.4178</dst>
      <dst id="4">1011.9733</dst>
      <dst id="1">9.0578</dst>
      <dst id="5">3.6800</dst>
      <dst id="22">16.7467</dst>
      <dst id="7">17.0133</dst>
      <dst id="2">2573.3156</dst>
      <dst id="16">2.0356</dst>
      <dst id="11">24.2667</dst>
      <dst id="9">4.8089</dst>
      <dst id="17">1679.2711</dst>
      <dst id="21">29.0844</dst>
    </src>
    <src id="16">
      <dst id="12">2238.1067</dst>
      <dst id="13">391.2533</dst>
      <dst id="19">5721.3333</dst>
      <dst id="23">219.1289</dst>
      <dst id="8">3818.3556</dst>
      <dst id="18">190.8000</dst>
      <dst id="4">4093.8756</dst>
      <dst id="1">22718.3911</dst>
      <dst id="5">2853.4222</dst>
      <dst id="3">71.9467</dst>
      <dst id="7">281.6178</dst>
      <dst id="2">466.5600</dst>
      <dst id="6">22.0267</dst>
      <dst id="16">43.8756</dst>
      <dst id="14">641.4489</dst>
      <dst id="11">330.6756</dst>
      <dst id="9">6202.0978</dst>
      <dst id="17">1701.0933</dst>
      <dst id="21">2765.0311</dst>
    </src>
    <src id="14">
      <dst id="12">19773.7600</dst>
      <dst id="13">815.4400</dst>
      <dst id="19">19.5289</dst>
      <dst id="23">6.7556</dst>
      <dst id="4">1550.0711</dst>
      <dst id="1">34.0533</dst>
      <dst id="5">59.7244</dst>
      <dst id="3">231.9289</dst>
      <dst id="22">25.9644</dst>
      <dst id="7">222.4978</dst>
      <dst id="2">6486.3911</dst>
      <dst id="16">67.9111</dst>
      <dst id="20">1.1111</dst>
      <dst id="11">124.0000</dst>
      <dst id="9">54.7022</dst>
      <dst id="17">5748.0000</dst>
      <dst id="21">50.4444</dst>
    </src>
    <src id="20">
      <dst id="12">7713.0667</dst>
      <dst id="13">6277.4400</dst>
      <dst id="19">18.7111</dst>
      <dst id="23">13.6889</dst>
      <dst id="8">411.4133</dst>
      <dst id="18">46.9956</dst>
      <dst id="4">4567.1822</dst>
      <dst id="1">49.9200</dst>
      <dst id="5">1604.2400</dst>
      <dst id="3">342.3911</dst>
      <dst id="7">1212.3644</dst>
      <dst id="2">1278.9867</dst>
      <dst id="14">0.5333</dst>
      <dst id="11">1896.5511</dst>
      <dst id="9">3809.1644</dst>
      <dst id="17">4781.9556</dst>
      <dst id="21">70.5511</dst>
    </src>
    <src id="11">
      <dst id="12">406085.2267</dst>
      <dst id="13">3653.4400</dst>
      <dst id="19">20.0622</dst>
      <dst id="23">147.5200</dst>
      <dst id="8">497.1200</dst>
      <dst id="18">80.7200</dst>
      <dst id="4">6847.0133</dst>
      <dst id="1">443.0578</dst>
      <dst id="5">1075.6178</dst>
      <dst id="3">338.9867</dst>
      <dst id="22">2360.3556</dst>
      <dst id="7">917.7778</dst>
      <dst id="2">148890.8089</dst>
      <dst id="6">28.7733</dst>
      <dst id="16">176.8356</dst>
      <dst id="14">27.9378</dst>
      <dst id="20">221.5911</dst>
      <dst id="11">2460.6489</dst>
      <dst id="9">1417.0133</dst>
      <dst id="17">172490.5600</dst>
      <dst id="21">434.1244</dst>
      <dst id="15">1244.3733</dst>
    </src>
    <src id="9">
      <dst id="12">408702.8533</dst>
      <dst id="13">33930.2222</dst>
      <dst id="19">470.3911</dst>
      <dst id="23">115.8756</dst>
      <dst id="8">983.2356</dst>
      <dst id="18">270.4356</dst>
      <dst id="4">7964.8444</dst>
      <dst id="1">1819.1111</dst>
      <dst id="5">23616.3644</dst>
      <dst id="22">5697.7422</dst>
      <dst id="7">192.3378</dst>
      <dst id="2">161049.4133</dst>
      <dst id="6">1.0400</dst>
      <dst id="16">1365.4844</dst>
      <dst id="14">30.7556</dst>
      <dst id="20">1115.3244</dst>
      <dst id="11">2108.3289</dst>
      <dst id="9">831.2889</dst>
      <dst id="17">206056.2578</dst>
      <dst id="21">2545.5733</dst>
      <dst id="15">1307.4844</dst>
    </src>
    <src id="17">
      <dst id="12">8550.7467</dst>
      <dst id="13">1767.2889</dst>
      <dst id="19">669.7867</dst>
      <dst id="23">3113.4933</dst>
      <dst id="8">139180.9422</dst>
      <dst id="18">258.2311</dst>
      <dst id="4">34978.9867</dst>
      <dst id="1">1953.6444</dst>
      <dst id="5">215136.8356</dst>
      <dst id="3">6585.3422</dst>
      <dst id="22">5136.9867</dst>
      <dst id="7">3208.8800</dst>
      <dst id="2">20548.0356</dst>
      <dst id="6">183.8489</dst>
      <dst id="16">4559.9289</dst>
      <dst id="14">22540.6222</dst>
      <dst id="20">672.4178</dst>
      <dst id="11">134730.0444</dst>
      <dst id="9">211487.0489</dst>
      <dst id="17">2170.9956</dst>
      <dst id="21">12609.1022</dst>
      <dst id="15">227.3422</dst>
    </src>
    <src id="21">
      <dst id="12">18990.0800</dst>
      <dst id="13">1772.0089</dst>
      <dst id="19">876.9067</dst>
      <dst id="23">20.8000</dst>
      <dst id="8">126.9956</dst>
      <dst id="18">480.7022</dst>
      <dst id="4">14512.0800</dst>
      <dst id="1">1555.4222</dst>
      <dst id="5">663.1467</dst>
      <dst id="3">1894.3467</dst>
      <dst id="22">1016.3911</dst>
      <dst id="7">953.2444</dst>
      <dst id="2">15764.9689</dst>
      <dst id="6">15.4667</dst>
      <dst id="16">144.0711</dst>
      <dst id="14">98.1067</dst>
      <dst id="20">118.5244</dst>
      <dst id="11">429.6267</dst>
      <dst id="9">448.8267</dst>
      <dst id="17">5689.0489</dst>
      <dst id="21">1023.0311</dst>
      <dst id="15">89.3511</dst>
    </src>
    <src id="15">
      <dst id="12">2041.4400</dst>
      <dst id="13">6960.1333</dst>
      <dst id="19">0.3556</dst>
      <dst id="23">1.3511</dst>
      <dst id="8">65.2444</dst>
      <dst id="18">0.3556</dst>
      <dst id="4">1169.4844</dst>
      <dst id="1">592.3378</dst>
      <dst id="5">892.5067</dst>
      <dst id="3">4.9511</dst>
      <dst id="7">13.8933</dst>
      <dst id="2">182.7289</dst>
      <dst id="11">1206.5244</dst>
      <dst id="9">905.1733</dst>
      <dst id="17">982.6667</dst>
      <dst id="21">265.7156</dst>
    </src>
  </IntraTM>
</TrafficMatrixFile>
