<?xml version="1.0" encoding="UTF-8" standalone="yes"?>
<TrafficMatrixFile xmlns:xsi="http://www.w3.org/2001/XMLSchema-instance" xsi:noNamespaceSchemaLocation="http://totem.run.montefiore.ulg.ac.be/Schema/TrafficMatrix-v1_2.xsd">
  <info>
    <title>Intradomain traffic matrix generated by geant-TM-all.pl</title>
    <date>2005-01-02T11:00:00</date>
    <duration>900</duration>
    <author>Steve Uhlig</author>
    <units>
        <unit type="bandwidth" value="kbps"/>
    </units>
  </info>
  <IntraTM ASID="20965">
    <src id="12">
      <dst id="12">193475.1911</dst>
      <dst id="13">14465.3067</dst>
      <dst id="19">1423.6444</dst>
      <dst id="23">94.0267</dst>
      <dst id="8">1376.2222</dst>
      <dst id="18">2527.5467</dst>
      <dst id="4">95200.7911</dst>
      <dst id="1">7037.5911</dst>
      <dst id="5">2804.6400</dst>
      <dst id="3">12055.0933</dst>
      <dst id="22">5273.8311</dst>
      <dst id="7">4319.0844</dst>
      <dst id="2">75869.4667</dst>
      <dst id="6">125.2089</dst>
      <dst id="16">3714.6578</dst>
      <dst id="14">320.1333</dst>
      <dst id="20">1423.5733</dst>
      <dst id="11">4449.3600</dst>
      <dst id="9">4122.5156</dst>
      <dst id="17">61103.2533</dst>
      <dst id="21">8427.4933</dst>
      <dst id="15">280.1956</dst>
    </src>
    <src id="13">
      <dst id="12">75489.6089</dst>
      <dst id="19">29644.1867</dst>
      <dst id="23">106.3289</dst>
      <dst id="8">906.3200</dst>
      <dst id="18">2495.6089</dst>
      <dst id="4">0.3556</dst>
      <dst id="1">4182.2933</dst>
      <dst id="5">5192.1689</dst>
      <dst id="3">4223.0222</dst>
      <dst id="22">24836.6489</dst>
      <dst id="7">6511.5022</dst>
      <dst id="2">88736.0622</dst>
      <dst id="6">37.8578</dst>
      <dst id="16">5434.3022</dst>
      <dst id="14">1708.0622</dst>
      <dst id="20">11248.0178</dst>
      <dst id="11">13828.7911</dst>
      <dst id="9">11177.4222</dst>
      <dst id="17">58129.4222</dst>
      <dst id="21">25863.1733</dst>
      <dst id="15">3569.2978</dst>
    </src>
    <src id="19">
      <dst id="12">9917.3067</dst>
      <dst id="13">588.2578</dst>
      <dst id="23">0.5689</dst>
      <dst id="8">0.4978</dst>
      <dst id="18">650.0622</dst>
      <dst id="4">19550.2222</dst>
      <dst id="1">228.2133</dst>
      <dst id="5">29.9911</dst>
      <dst id="22">737.3422</dst>
      <dst id="7">2660.3822</dst>
      <dst id="2">1146.1956</dst>
      <dst id="6">77.4756</dst>
      <dst id="16">6277.6800</dst>
      <dst id="20">52.2311</dst>
      <dst id="11">1.1378</dst>
      <dst id="9">253.3956</dst>
      <dst id="17">372.3556</dst>
      <dst id="21">139.9378</dst>
      <dst id="15">0.5333</dst>
    </src>
    <src id="23">
      <dst id="12">421.5022</dst>
      <dst id="13">456.6578</dst>
      <dst id="19">1.0489</dst>
      <dst id="8">93.1200</dst>
      <dst id="18">0.3378</dst>
      <dst id="4">52.8000</dst>
      <dst id="1">77.0667</dst>
      <dst id="5">0.4622</dst>
      <dst id="3">61.1467</dst>
      <dst id="22">27.5378</dst>
      <dst id="7">58.5778</dst>
      <dst id="2">66.8622</dst>
      <dst id="16">2807.9733</dst>
      <dst id="14">0.9067</dst>
      <dst id="20">3569.7156</dst>
      <dst id="11">53.5111</dst>
      <dst id="9">222.5956</dst>
      <dst id="17">15.8489</dst>
      <dst id="21">384.2667</dst>
    </src>
    <src id="8">
      <dst id="12">275934.7200</dst>
      <dst id="13">152.1067</dst>
      <dst id="23">13.6889</dst>
      <dst id="18">51.6267</dst>
      <dst id="4">4215.8667</dst>
      <dst id="1">151.3333</dst>
      <dst id="5">1254.9422</dst>
      <dst id="3">3.0044</dst>
      <dst id="22">893.2533</dst>
      <dst id="7">41.8311</dst>
      <dst id="2">102231.6267</dst>
      <dst id="6">13.2622</dst>
      <dst id="16">149.3067</dst>
      <dst id="14">1.0044</dst>
      <dst id="20">88.7022</dst>
      <dst id="11">31.7067</dst>
      <dst id="9">114.3111</dst>
      <dst id="17">100507.8133</dst>
      <dst id="21">299.7156</dst>
      <dst id="15">12.0889</dst>
    </src>
    <src id="18">
      <dst id="12">100249.1022</dst>
      <dst id="13">6482.3822</dst>
      <dst id="19">934.8800</dst>
      <dst id="23">0.7822</dst>
      <dst id="8">15.7156</dst>
      <dst id="4">2202.8889</dst>
      <dst id="1">811.2711</dst>
      <dst id="5">118.2667</dst>
      <dst id="3">8.1422</dst>
      <dst id="22">740.3911</dst>
      <dst id="7">18.4444</dst>
      <dst id="2">28809.2889</dst>
      <dst id="16">4.8800</dst>
      <dst id="14">24.6844</dst>
      <dst id="20">1.2178</dst>
      <dst id="11">60.4000</dst>
      <dst id="9">13.0489</dst>
      <dst id="17">34447.8578</dst>
      <dst id="21">248.8444</dst>
      <dst id="15">2.4178</dst>
    </src>
    <src id="4">
      <dst id="12">13311.6533</dst>
      <dst id="19">5219.4667</dst>
      <dst id="8">878.6933</dst>
      <dst id="18">1882.0533</dst>
      <dst id="4">1.1111</dst>
      <dst id="1">9961.4667</dst>
      <dst id="5">1591.5467</dst>
      <dst id="3">463.6089</dst>
      <dst id="22">3715.7600</dst>
      <dst id="7">81223.1111</dst>
      <dst id="2">52885.8933</dst>
      <dst id="6">14.8711</dst>
      <dst id="16">1150.7200</dst>
      <dst id="14">878.1511</dst>
      <dst id="20">62028.5956</dst>
      <dst id="11">9717.1644</dst>
      <dst id="9">997.0133</dst>
      <dst id="17">81437.4400</dst>
      <dst id="21">3854.9867</dst>
      <dst id="15">325.7600</dst>
    </src>
    <src id="1">
      <dst id="12">17905.2889</dst>
      <dst id="13">159.0933</dst>
      <dst id="19">28.7200</dst>
      <dst id="23">40.9600</dst>
      <dst id="8">68414.9867</dst>
      <dst id="18">13017.0311</dst>
      <dst id="4">14150.9244</dst>
      <dst id="1">17507.1111</dst>
      <dst id="5">151964.8444</dst>
      <dst id="3">16.4622</dst>
      <dst id="22">6966.8800</dst>
      <dst id="7">2644.1689</dst>
      <dst id="2">1925.2000</dst>
      <dst id="6">4355.8578</dst>
      <dst id="16">10520.5956</dst>
      <dst id="14">75.4667</dst>
      <dst id="20">28.8089</dst>
      <dst id="11">240.5422</dst>
      <dst id="9">65257.5822</dst>
      <dst id="17">5372.3556</dst>
      <dst id="21">1574.6133</dst>
      <dst id="15">152.7822</dst>
    </src>
    <src id="5">
      <dst id="12">239344.5867</dst>
      <dst id="13">419.1556</dst>
      <dst id="19">39.6444</dst>
      <dst id="23">17.7956</dst>
      <dst id="8">3935.0667</dst>
      <dst id="18">138.5422</dst>
      <dst id="4">8301.9200</dst>
      <dst id="1">264.5956</dst>
      <dst id="3">0.9156</dst>
      <dst id="22">17244.2844</dst>
      <dst id="7">67.9378</dst>
      <dst id="2">117027.9111</dst>
      <dst id="16">149.8400</dst>
      <dst id="14">40.7733</dst>
      <dst id="20">533.2711</dst>
      <dst id="11">507.8756</dst>
      <dst id="9">1055.0222</dst>
      <dst id="17">86181.4044</dst>
      <dst id="21">305.4667</dst>
      <dst id="15">62.6222</dst>
    </src>
    <src id="3">
      <dst id="12">8398.6933</dst>
      <dst id="13">782.8889</dst>
      <dst id="19">4597.1911</dst>
      <dst id="23">5.9289</dst>
      <dst id="8">77.4044</dst>
      <dst id="18">65026.4356</dst>
      <dst id="4">23930.6400</dst>
      <dst id="1">4317.6533</dst>
      <dst id="5">576.4089</dst>
      <dst id="3">11399.3333</dst>
      <dst id="22">2279.6978</dst>
      <dst id="7">1190.8533</dst>
      <dst id="2">3970.1778</dst>
      <dst id="16">815.5822</dst>
      <dst id="14">24732.6933</dst>
      <dst id="20">44.8533</dst>
      <dst id="11">117469.6978</dst>
      <dst id="9">93.5556</dst>
      <dst id="17">21196.0444</dst>
      <dst id="21">3064.0978</dst>
      <dst id="15">29.9467</dst>
    </src>
    <src id="10">
      <dst id="12">7608.3733</dst>
      <dst id="19">1220.9067</dst>
      <dst id="23">0.4267</dst>
      <dst id="8">316.1067</dst>
      <dst id="18">522.3200</dst>
      <dst id="1">674.9067</dst>
      <dst id="5">644.1333</dst>
      <dst id="3">16924.5244</dst>
      <dst id="22">5837.8756</dst>
      <dst id="7">11849.6978</dst>
      <dst id="2">20406.5511</dst>
      <dst id="6">9.0400</dst>
      <dst id="16">1520.7911</dst>
      <dst id="14">2854.6756</dst>
      <dst id="20">5272.5778</dst>
      <dst id="11">4737.7333</dst>
      <dst id="9">554.5689</dst>
      <dst id="17">26202.6844</dst>
      <dst id="21">15685.8489</dst>
      <dst id="15">610.2756</dst>
    </src>
    <src id="22">
      <dst id="12">4453.8311</dst>
      <dst id="13">2797.4933</dst>
      <dst id="19">201.4933</dst>
      <dst id="23">9.0933</dst>
      <dst id="8">3280.9422</dst>
      <dst id="18">1065.5822</dst>
      <dst id="4">17492.6489</dst>
      <dst id="1">1590.1689</dst>
      <dst id="5">6954.9867</dst>
      <dst id="3">266.4978</dst>
      <dst id="7">1768.2400</dst>
      <dst id="2">8001.6622</dst>
      <dst id="6">52.6756</dst>
      <dst id="16">0.8711</dst>
      <dst id="14">20.7022</dst>
      <dst id="11">4533.1022</dst>
      <dst id="9">5751.3067</dst>
      <dst id="17">8563.2178</dst>
      <dst id="21">1001.5289</dst>
    </src>
    <src id="7">
      <dst id="12">5852.8711</dst>
      <dst id="13">34.2311</dst>
      <dst id="19">159.8756</dst>
      <dst id="23">72.3289</dst>
      <dst id="8">512.9867</dst>
      <dst id="18">238.0356</dst>
      <dst id="4">27477.8667</dst>
      <dst id="1">2210.3644</dst>
      <dst id="5">757.6444</dst>
      <dst id="3">211.4044</dst>
      <dst id="22">4523.3422</dst>
      <dst id="7">652.0178</dst>
      <dst id="2">5826.9956</dst>
      <dst id="6">67.2444</dst>
      <dst id="16">339.7422</dst>
      <dst id="14">38.8267</dst>
      <dst id="20">72.6133</dst>
      <dst id="11">1227.2622</dst>
      <dst id="9">34.6756</dst>
      <dst id="17">6734.2578</dst>
      <dst id="21">1946.9244</dst>
      <dst id="15">223.2267</dst>
    </src>
    <src id="2">
      <dst id="12">71902.3733</dst>
      <dst id="13">4412.1867</dst>
      <dst id="19">7768.6844</dst>
      <dst id="8">1258.7556</dst>
      <dst id="18">56222.7911</dst>
      <dst id="4">102521.0222</dst>
      <dst id="1">2987.2444</dst>
      <dst id="5">894.6489</dst>
      <dst id="3">44.4089</dst>
      <dst id="22">4446.5689</dst>
      <dst id="7">3906.4356</dst>
      <dst id="2">1106.9067</dst>
      <dst id="6">4723.3333</dst>
      <dst id="16">2120.2667</dst>
      <dst id="14">5999.2711</dst>
      <dst id="20">460.6756</dst>
      <dst id="11">2912.1333</dst>
      <dst id="9">1589.6800</dst>
      <dst id="17">45831.3867</dst>
      <dst id="21">2522.3111</dst>
      <dst id="15">83.5111</dst>
    </src>
    <src id="6">
      <dst id="12">8047.7422</dst>
      <dst id="13">0.3378</dst>
      <dst id="19">0.7111</dst>
      <dst id="4">92.5333</dst>
      <dst id="1">2.8978</dst>
      <dst id="22">1.7067</dst>
      <dst id="7">13.0311</dst>
      <dst id="2">1391.1644</dst>
      <dst id="16">0.3378</dst>
      <dst id="11">1.4222</dst>
      <dst id="9">2.7911</dst>
      <dst id="17">791.6800</dst>
      <dst id="21">52.5778</dst>
    </src>
    <src id="16">
      <dst id="12">1849.4222</dst>
      <dst id="13">144.0978</dst>
      <dst id="19">4518.2844</dst>
      <dst id="23">75.2711</dst>
      <dst id="8">1382.4089</dst>
      <dst id="18">2.5067</dst>
      <dst id="4">5202.7911</dst>
      <dst id="1">21691.7067</dst>
      <dst id="5">1192.0533</dst>
      <dst id="3">1.1289</dst>
      <dst id="7">2267.5644</dst>
      <dst id="2">488.1422</dst>
      <dst id="6">13.8489</dst>
      <dst id="16">16.4622</dst>
      <dst id="14">256.2400</dst>
      <dst id="11">1813.4133</dst>
      <dst id="9">50.8711</dst>
      <dst id="17">1414.6044</dst>
      <dst id="21">521.7511</dst>
    </src>
    <src id="14">
      <dst id="12">16483.5111</dst>
      <dst id="13">41.5822</dst>
      <dst id="19">4.0711</dst>
      <dst id="23">1.4222</dst>
      <dst id="18">0.9244</dst>
      <dst id="4">1662.4267</dst>
      <dst id="1">49.0844</dst>
      <dst id="5">2.6667</dst>
      <dst id="3">33.8667</dst>
      <dst id="22">29.9644</dst>
      <dst id="7">27.4133</dst>
      <dst id="2">5760.8000</dst>
      <dst id="16">21.3422</dst>
      <dst id="20">11.5022</dst>
      <dst id="11">17.7600</dst>
      <dst id="9">14.7644</dst>
      <dst id="17">5634.4800</dst>
      <dst id="21">25.7867</dst>
    </src>
    <src id="20">
      <dst id="12">6152.0711</dst>
      <dst id="13">498.6578</dst>
      <dst id="19">2257.8489</dst>
      <dst id="23">59.6978</dst>
      <dst id="8">763.1644</dst>
      <dst id="18">3.0311</dst>
      <dst id="4">16149.8133</dst>
      <dst id="1">41.5556</dst>
      <dst id="5">1017.7422</dst>
      <dst id="3">590.2133</dst>
      <dst id="7">188.3467</dst>
      <dst id="2">4595.0667</dst>
      <dst id="6">0.4267</dst>
      <dst id="14">1.0133</dst>
      <dst id="11">63.8133</dst>
      <dst id="9">4914.0533</dst>
      <dst id="17">1100.1600</dst>
      <dst id="21">161.7867</dst>
    </src>
    <src id="11">
      <dst id="12">421865.8222</dst>
      <dst id="13">1500.3911</dst>
      <dst id="19">6.1600</dst>
      <dst id="23">30.3822</dst>
      <dst id="8">87.8578</dst>
      <dst id="18">453.8044</dst>
      <dst id="4">12485.0667</dst>
      <dst id="1">567.0222</dst>
      <dst id="5">773.2978</dst>
      <dst id="3">291.1644</dst>
      <dst id="22">2601.0489</dst>
      <dst id="7">272.4178</dst>
      <dst id="2">153174.7911</dst>
      <dst id="6">98.5600</dst>
      <dst id="16">702.2044</dst>
      <dst id="14">73.1111</dst>
      <dst id="20">1750.7644</dst>
      <dst id="11">992.3467</dst>
      <dst id="9">130.5422</dst>
      <dst id="17">140854.2133</dst>
      <dst id="21">1852.4711</dst>
      <dst id="15">849.5289</dst>
    </src>
    <src id="9">
      <dst id="12">423847.8133</dst>
      <dst id="13">10600.4444</dst>
      <dst id="19">6.6844</dst>
      <dst id="23">13.7333</dst>
      <dst id="8">355.7244</dst>
      <dst id="18">269.0844</dst>
      <dst id="4">21845.4400</dst>
      <dst id="1">733.1733</dst>
      <dst id="5">2791.0044</dst>
      <dst id="3">14.4000</dst>
      <dst id="22">1565.5822</dst>
      <dst id="7">45.0933</dst>
      <dst id="2">142630.1867</dst>
      <dst id="6">0.7556</dst>
      <dst id="16">197.5556</dst>
      <dst id="14">10.5244</dst>
      <dst id="20">393.5911</dst>
      <dst id="11">562.1689</dst>
      <dst id="9">353.7156</dst>
      <dst id="17">175894.3911</dst>
      <dst id="21">2416.1956</dst>
      <dst id="15">3318.8533</dst>
    </src>
    <src id="17">
      <dst id="12">4055.3244</dst>
      <dst id="13">15272.2756</dst>
      <dst id="19">352.2844</dst>
      <dst id="23">15.2711</dst>
      <dst id="8">107006.4356</dst>
      <dst id="18">88.9067</dst>
      <dst id="4">174163.1644</dst>
      <dst id="1">3153.6178</dst>
      <dst id="5">149304.6133</dst>
      <dst id="3">23731.7156</dst>
      <dst id="22">11866.7822</dst>
      <dst id="7">1454.3644</dst>
      <dst id="2">23040.0089</dst>
      <dst id="6">3.8489</dst>
      <dst id="16">2183.5822</dst>
      <dst id="14">11518.3200</dst>
      <dst id="20">563.4756</dst>
      <dst id="11">95404.4800</dst>
      <dst id="9">83865.2533</dst>
      <dst id="17">804.9867</dst>
      <dst id="21">5435.1467</dst>
      <dst id="15">7164.9333</dst>
    </src>
    <src id="21">
      <dst id="12">22982.4622</dst>
      <dst id="13">639.4844</dst>
      <dst id="19">115.6356</dst>
      <dst id="23">0.9244</dst>
      <dst id="8">1277.0667</dst>
      <dst id="18">584.8711</dst>
      <dst id="4">28966.6933</dst>
      <dst id="1">534.2489</dst>
      <dst id="5">338.0356</dst>
      <dst id="3">629.5556</dst>
      <dst id="22">2765.3689</dst>
      <dst id="7">3262.9244</dst>
      <dst id="2">7938.4089</dst>
      <dst id="6">6.3200</dst>
      <dst id="16">161.4222</dst>
      <dst id="14">74.7644</dst>
      <dst id="20">83.4222</dst>
      <dst id="11">1032.2756</dst>
      <dst id="9">97.9378</dst>
      <dst id="17">4713.7156</dst>
      <dst id="21">1100.0356</dst>
      <dst id="15">5.3333</dst>
    </src>
    <src id="15">
      <dst id="12">3061.3689</dst>
      <dst id="13">89.9378</dst>
      <dst id="19">21.3333</dst>
      <dst id="8">28.9067</dst>
      <dst id="18">2.2044</dst>
      <dst id="4">2645.7422</dst>
      <dst id="1">610.8000</dst>
      <dst id="5">501.1378</dst>
      <dst id="3">11.7511</dst>
      <dst id="7">70.2400</dst>
      <dst id="2">174.1244</dst>
      <dst id="16">0.6578</dst>
      <dst id="14">0.3556</dst>
      <dst id="11">31.6800</dst>
      <dst id="9">255.7778</dst>
      <dst id="17">186.0000</dst>
      <dst id="21">68.8444</dst>
    </src>
  </IntraTM>
</TrafficMatrixFile>
