<?xml version="1.0" encoding="UTF-8" standalone="yes"?>
<TrafficMatrixFile xmlns:xsi="http://www.w3.org/2001/XMLSchema-instance" xsi:noNamespaceSchemaLocation="http://totem.run.montefiore.ulg.ac.be/Schema/TrafficMatrix-v1_2.xsd">
  <info>
    <title>Intradomain traffic matrix generated by geant-TM-all.pl</title>
    <date>2005-01-03T16:15:00</date>
    <duration>900</duration>
    <author>Steve Uhlig</author>
    <units>
        <unit type="bandwidth" value="kbps"/>
    </units>
  </info>
  <IntraTM ASID="20965">
    <src id="12">
      <dst id="12">184157.0489</dst>
      <dst id="13">13392.1956</dst>
      <dst id="19">2633.7689</dst>
      <dst id="23">16047.6000</dst>
      <dst id="8">1552.6400</dst>
      <dst id="18">610.2667</dst>
      <dst id="4">74012.4267</dst>
      <dst id="1">6167.9644</dst>
      <dst id="5">1530.2400</dst>
      <dst id="3">717.9200</dst>
      <dst id="22">1849.5200</dst>
      <dst id="7">965.9467</dst>
      <dst id="2">58164.3289</dst>
      <dst id="6">1.0133</dst>
      <dst id="16">5245.3689</dst>
      <dst id="14">123.1911</dst>
      <dst id="20">278.4000</dst>
      <dst id="11">9009.5289</dst>
      <dst id="9">2996.9333</dst>
      <dst id="17">53833.6267</dst>
      <dst id="21">5955.5378</dst>
      <dst id="15">580.6400</dst>
    </src>
    <src id="13">
      <dst id="12">31332.8089</dst>
      <dst id="19">3390.4711</dst>
      <dst id="23">9.0311</dst>
      <dst id="8">869.9556</dst>
      <dst id="18">870.7644</dst>
      <dst id="1">1498.7467</dst>
      <dst id="5">4403.2800</dst>
      <dst id="3">4777.7244</dst>
      <dst id="22">12834.6844</dst>
      <dst id="7">8294.0356</dst>
      <dst id="2">67091.2800</dst>
      <dst id="6">55.8933</dst>
      <dst id="16">24301.2889</dst>
      <dst id="14">2446.6844</dst>
      <dst id="20">13441.4400</dst>
      <dst id="11">9390.2311</dst>
      <dst id="9">11419.3956</dst>
      <dst id="17">45046.6667</dst>
      <dst id="21">5926.7556</dst>
      <dst id="15">1344.7822</dst>
    </src>
    <src id="19">
      <dst id="12">14991.3333</dst>
      <dst id="13">127.5644</dst>
      <dst id="8">0.3556</dst>
      <dst id="18">1.1200</dst>
      <dst id="4">17670.6667</dst>
      <dst id="1">254.1956</dst>
      <dst id="5">216.6844</dst>
      <dst id="3">13.8667</dst>
      <dst id="22">59.4400</dst>
      <dst id="7">5634.5956</dst>
      <dst id="2">42.5067</dst>
      <dst id="6">28.3733</dst>
      <dst id="16">12078.4000</dst>
      <dst id="14">0.4622</dst>
      <dst id="20">15.8311</dst>
      <dst id="11">2.3822</dst>
      <dst id="9">629.1911</dst>
      <dst id="17">1458.7022</dst>
      <dst id="21">29.3067</dst>
      <dst id="15">0.6222</dst>
    </src>
    <src id="23">
      <dst id="12">433.6711</dst>
      <dst id="13">46.7822</dst>
      <dst id="19">14.1422</dst>
      <dst id="4">23.5200</dst>
      <dst id="1">67.3956</dst>
      <dst id="5">0.9156</dst>
      <dst id="3">200.3911</dst>
      <dst id="22">254.5067</dst>
      <dst id="7">147.2267</dst>
      <dst id="2">3.2533</dst>
      <dst id="6">1.1378</dst>
      <dst id="16">568.1778</dst>
      <dst id="11">129.7511</dst>
      <dst id="9">375.6622</dst>
      <dst id="17">11.8489</dst>
      <dst id="21">14.5333</dst>
      <dst id="15">66.6667</dst>
    </src>
    <src id="8">
      <dst id="12">272007.1733</dst>
      <dst id="13">622.4622</dst>
      <dst id="23">0.5956</dst>
      <dst id="18">122.3733</dst>
      <dst id="4">6502.2222</dst>
      <dst id="1">14.9067</dst>
      <dst id="5">1163.0844</dst>
      <dst id="3">0.9244</dst>
      <dst id="22">2309.7156</dst>
      <dst id="7">97.5733</dst>
      <dst id="2">99207.5111</dst>
      <dst id="16">164.6667</dst>
      <dst id="20">758.0089</dst>
      <dst id="11">562.8711</dst>
      <dst id="9">129.7422</dst>
      <dst id="17">89366.4889</dst>
      <dst id="21">109.3422</dst>
      <dst id="15">1.4933</dst>
    </src>
    <src id="18">
      <dst id="12">98508.6667</dst>
      <dst id="13">95.3333</dst>
      <dst id="19">0.4978</dst>
      <dst id="23">1.0489</dst>
      <dst id="8">6.3733</dst>
      <dst id="4">927.8222</dst>
      <dst id="1">677.0400</dst>
      <dst id="5">168.9067</dst>
      <dst id="3">93.9556</dst>
      <dst id="22">116.0267</dst>
      <dst id="7">51.5022</dst>
      <dst id="2">27130.1067</dst>
      <dst id="16">12.1511</dst>
      <dst id="11">145.8400</dst>
      <dst id="9">141.7067</dst>
      <dst id="17">35834.0889</dst>
      <dst id="21">137.5111</dst>
      <dst id="15">0.8178</dst>
    </src>
    <src id="4">
      <dst id="12">12222.1689</dst>
      <dst id="19">15442.2044</dst>
      <dst id="8">1075.1911</dst>
      <dst id="18">1766.8089</dst>
      <dst id="1">17331.6978</dst>
      <dst id="5">1481.5111</dst>
      <dst id="3">82.9600</dst>
      <dst id="22">3048.1333</dst>
      <dst id="7">147790.0622</dst>
      <dst id="2">35205.2889</dst>
      <dst id="6">19.8222</dst>
      <dst id="16">2047.4844</dst>
      <dst id="14">784.4089</dst>
      <dst id="20">554.5689</dst>
      <dst id="11">1769.0933</dst>
      <dst id="9">3907.2267</dst>
      <dst id="17">82112.5867</dst>
      <dst id="21">2939.7689</dst>
      <dst id="15">2290.2133</dst>
    </src>
    <src id="1">
      <dst id="12">16533.5822</dst>
      <dst id="13">265.7956</dst>
      <dst id="19">4.9867</dst>
      <dst id="23">17.4933</dst>
      <dst id="8">77731.3956</dst>
      <dst id="18">13842.0711</dst>
      <dst id="4">4609.9644</dst>
      <dst id="1">97927.8578</dst>
      <dst id="5">132398.6400</dst>
      <dst id="3">109.7867</dst>
      <dst id="22">1535.2800</dst>
      <dst id="7">1261.9022</dst>
      <dst id="2">1518.4533</dst>
      <dst id="6">6022.0622</dst>
      <dst id="16">17932.8267</dst>
      <dst id="14">95.0133</dst>
      <dst id="20">20.4178</dst>
      <dst id="11">267.8311</dst>
      <dst id="9">162644.3200</dst>
      <dst id="17">4654.7556</dst>
      <dst id="21">1790.0444</dst>
      <dst id="15">137.6444</dst>
    </src>
    <src id="5">
      <dst id="12">225933.3333</dst>
      <dst id="13">2153.4667</dst>
      <dst id="19">52.2844</dst>
      <dst id="23">61.8844</dst>
      <dst id="8">2428.2578</dst>
      <dst id="18">155.3956</dst>
      <dst id="4">3470.6578</dst>
      <dst id="1">145.0133</dst>
      <dst id="3">1.2800</dst>
      <dst id="22">2244.6133</dst>
      <dst id="7">165.2000</dst>
      <dst id="2">84914.1600</dst>
      <dst id="6">0.3556</dst>
      <dst id="16">447.5911</dst>
      <dst id="20">436.0267</dst>
      <dst id="11">1578.3822</dst>
      <dst id="9">620.0267</dst>
      <dst id="17">87639.7067</dst>
      <dst id="21">324.0978</dst>
      <dst id="15">8673.3244</dst>
    </src>
    <src id="3">
      <dst id="12">6819.9822</dst>
      <dst id="13">1831.4044</dst>
      <dst id="19">988.5244</dst>
      <dst id="23">7412.1511</dst>
      <dst id="8">8.7733</dst>
      <dst id="18">51232.8000</dst>
      <dst id="4">16133.4400</dst>
      <dst id="1">15180.7467</dst>
      <dst id="5">222.5956</dst>
      <dst id="3">7360.1156</dst>
      <dst id="22">475.6978</dst>
      <dst id="7">652.8000</dst>
      <dst id="2">2887.9467</dst>
      <dst id="6">53.3333</dst>
      <dst id="16">1220.7644</dst>
      <dst id="14">22213.8667</dst>
      <dst id="20">7.4489</dst>
      <dst id="11">89555.5644</dst>
      <dst id="9">148.8178</dst>
      <dst id="17">11331.7867</dst>
      <dst id="21">4579.5733</dst>
      <dst id="15">35.1378</dst>
    </src>
    <src id="10">
      <dst id="12">12360.3022</dst>
      <dst id="19">350.6756</dst>
      <dst id="8">794.5511</dst>
      <dst id="18">385.4311</dst>
      <dst id="1">1709.4044</dst>
      <dst id="5">192.2311</dst>
      <dst id="3">11036.2667</dst>
      <dst id="22">5288.6311</dst>
      <dst id="7">59538.0978</dst>
      <dst id="2">29879.6178</dst>
      <dst id="6">4.9689</dst>
      <dst id="16">7387.9111</dst>
      <dst id="14">479.4667</dst>
      <dst id="20">760.6578</dst>
      <dst id="11">6380.5600</dst>
      <dst id="9">7846.5867</dst>
      <dst id="17">19867.2444</dst>
      <dst id="21">15298.8800</dst>
      <dst id="15">59.2267</dst>
    </src>
    <src id="22">
      <dst id="12">4117.1556</dst>
      <dst id="13">1329.2444</dst>
      <dst id="19">6.4889</dst>
      <dst id="23">16.7467</dst>
      <dst id="8">867.1200</dst>
      <dst id="18">242.5689</dst>
      <dst id="4">17692.1600</dst>
      <dst id="1">126.4533</dst>
      <dst id="5">2787.7422</dst>
      <dst id="3">733.1111</dst>
      <dst id="7">660.4800</dst>
      <dst id="2">7248.3289</dst>
      <dst id="14">39.6800</dst>
      <dst id="11">1593.5822</dst>
      <dst id="9">1431.6711</dst>
      <dst id="17">4162.0356</dst>
      <dst id="21">929.4133</dst>
    </src>
    <src id="7">
      <dst id="12">5318.9600</dst>
      <dst id="13">95.9111</dst>
      <dst id="19">207.9911</dst>
      <dst id="23">24.7200</dst>
      <dst id="8">297.8044</dst>
      <dst id="18">127.9022</dst>
      <dst id="4">16365.7244</dst>
      <dst id="1">3456.6044</dst>
      <dst id="5">749.7511</dst>
      <dst id="3">154.0089</dst>
      <dst id="22">2544.4533</dst>
      <dst id="7">669.9733</dst>
      <dst id="2">2567.2711</dst>
      <dst id="6">61.6089</dst>
      <dst id="16">380.3911</dst>
      <dst id="14">131.8044</dst>
      <dst id="20">133.4933</dst>
      <dst id="11">1040.4533</dst>
      <dst id="9">252.0267</dst>
      <dst id="17">4461.4400</dst>
      <dst id="21">1179.3689</dst>
      <dst id="15">20.1778</dst>
    </src>
    <src id="2">
      <dst id="12">64560.4533</dst>
      <dst id="13">514205.0400</dst>
      <dst id="19">873.8933</dst>
      <dst id="8">337.3156</dst>
      <dst id="18">38066.9244</dst>
      <dst id="4">56426.6044</dst>
      <dst id="1">7145.8667</dst>
      <dst id="5">2299.6711</dst>
      <dst id="3">69.9022</dst>
      <dst id="22">1221.9644</dst>
      <dst id="7">3889.4756</dst>
      <dst id="2">323.0400</dst>
      <dst id="6">8194.3911</dst>
      <dst id="16">6962.2400</dst>
      <dst id="14">5364.4178</dst>
      <dst id="20">506.6133</dst>
      <dst id="11">589.1022</dst>
      <dst id="9">571.3778</dst>
      <dst id="17">13204.6222</dst>
      <dst id="21">14228.1067</dst>
      <dst id="15">130.0889</dst>
    </src>
    <src id="6">
      <dst id="12">9299.2178</dst>
      <dst id="13">9.8667</dst>
      <dst id="19">2.7289</dst>
      <dst id="23">0.6756</dst>
      <dst id="18">0.3556</dst>
      <dst id="4">545.8222</dst>
      <dst id="1">17.8578</dst>
      <dst id="3">4.7111</dst>
      <dst id="22">11.2178</dst>
      <dst id="7">1.3333</dst>
      <dst id="2">1527.6267</dst>
      <dst id="16">13.1111</dst>
      <dst id="11">1.1644</dst>
      <dst id="9">7.3511</dst>
      <dst id="17">1111.4400</dst>
      <dst id="21">0.6933</dst>
    </src>
    <src id="16">
      <dst id="12">2299.0756</dst>
      <dst id="13">137.2000</dst>
      <dst id="19">3887.0311</dst>
      <dst id="23">14.1244</dst>
      <dst id="8">2909.9111</dst>
      <dst id="18">3.5911</dst>
      <dst id="4">3850.1600</dst>
      <dst id="1">23095.3511</dst>
      <dst id="5">2565.3956</dst>
      <dst id="7">2261.0400</dst>
      <dst id="2">378.3644</dst>
      <dst id="6">1.6000</dst>
      <dst id="16">20.5067</dst>
      <dst id="14">13.4044</dst>
      <dst id="11">119.6089</dst>
      <dst id="9">3683.9467</dst>
      <dst id="17">334.7111</dst>
      <dst id="21">2595.9467</dst>
    </src>
    <src id="14">
      <dst id="12">14535.2000</dst>
      <dst id="13">23.2089</dst>
      <dst id="19">12.9511</dst>
      <dst id="23">0.3733</dst>
      <dst id="4">2102.7644</dst>
      <dst id="1">27.4933</dst>
      <dst id="5">0.3556</dst>
      <dst id="3">83.5822</dst>
      <dst id="22">0.3556</dst>
      <dst id="7">88.8889</dst>
      <dst id="2">4371.4933</dst>
      <dst id="16">0.3556</dst>
      <dst id="11">24.5600</dst>
      <dst id="17">6306.9333</dst>
      <dst id="21">47.9644</dst>
    </src>
    <src id="20">
      <dst id="12">8243.1289</dst>
      <dst id="13">757.6622</dst>
      <dst id="19">5.8844</dst>
      <dst id="8">1043.5911</dst>
      <dst id="4">12594.3378</dst>
      <dst id="1">9.4311</dst>
      <dst id="5">281.5467</dst>
      <dst id="3">77.6622</dst>
      <dst id="7">124.3822</dst>
      <dst id="2">6746.4711</dst>
      <dst id="14">1.4489</dst>
      <dst id="11">53.2000</dst>
      <dst id="9">325.1556</dst>
      <dst id="17">513.6089</dst>
      <dst id="21">103.6622</dst>
    </src>
    <src id="11">
      <dst id="12">310464.1422</dst>
      <dst id="13">1121.1733</dst>
      <dst id="19">19.0667</dst>
      <dst id="23">5.7778</dst>
      <dst id="8">777.9822</dst>
      <dst id="18">535.5022</dst>
      <dst id="4">8286.7289</dst>
      <dst id="1">330.2400</dst>
      <dst id="5">704.9689</dst>
      <dst id="3">340.8356</dst>
      <dst id="22">1473.6889</dst>
      <dst id="7">833.8756</dst>
      <dst id="2">106071.6711</dst>
      <dst id="6">3.8044</dst>
      <dst id="16">31.4044</dst>
      <dst id="14">68.3911</dst>
      <dst id="20">132.5956</dst>
      <dst id="11">552.3911</dst>
      <dst id="9">760.9511</dst>
      <dst id="17">107708.8889</dst>
      <dst id="21">533.3422</dst>
      <dst id="15">106.9867</dst>
    </src>
    <src id="9">
      <dst id="12">368880.4267</dst>
      <dst id="13">2323.4044</dst>
      <dst id="19">29.1644</dst>
      <dst id="23">16.5244</dst>
      <dst id="8">158.7022</dst>
      <dst id="18">121.0844</dst>
      <dst id="4">12742.7822</dst>
      <dst id="1">985.2533</dst>
      <dst id="5">10272.2311</dst>
      <dst id="3">160.5422</dst>
      <dst id="22">5877.1822</dst>
      <dst id="7">247.3511</dst>
      <dst id="2">116868.8000</dst>
      <dst id="6">0.9778</dst>
      <dst id="16">893.4044</dst>
      <dst id="14">0.9244</dst>
      <dst id="20">456.4089</dst>
      <dst id="11">608.5867</dst>
      <dst id="9">1492.9956</dst>
      <dst id="17">152806.6133</dst>
      <dst id="21">356.7467</dst>
      <dst id="15">72.7111</dst>
    </src>
    <src id="17">
      <dst id="12">1386.4178</dst>
      <dst id="13">2664.9689</dst>
      <dst id="19">143.7067</dst>
      <dst id="8">96148.7200</dst>
      <dst id="18">67.0578</dst>
      <dst id="4">39253.8489</dst>
      <dst id="1">2058.6222</dst>
      <dst id="5">133013.5733</dst>
      <dst id="3">7217.1022</dst>
      <dst id="22">3671.8667</dst>
      <dst id="7">1121.5733</dst>
      <dst id="2">16729.7778</dst>
      <dst id="6">32.6489</dst>
      <dst id="16">2322.9333</dst>
      <dst id="14">12898.5511</dst>
      <dst id="20">3372.8889</dst>
      <dst id="11">69032.8178</dst>
      <dst id="9">120842.8889</dst>
      <dst id="17">2465.3156</dst>
      <dst id="21">3391.5200</dst>
      <dst id="15">30.1956</dst>
    </src>
    <src id="21">
      <dst id="12">16793.7067</dst>
      <dst id="13">474.1333</dst>
      <dst id="19">91.2000</dst>
      <dst id="23">3.1111</dst>
      <dst id="8">245.6267</dst>
      <dst id="18">1912.6844</dst>
      <dst id="4">16926.9333</dst>
      <dst id="1">821.4222</dst>
      <dst id="5">739.0400</dst>
      <dst id="3">1740.0622</dst>
      <dst id="22">601.7156</dst>
      <dst id="7">1284.6578</dst>
      <dst id="2">6474.0533</dst>
      <dst id="6">1.0311</dst>
      <dst id="16">150.9422</dst>
      <dst id="14">74.5511</dst>
      <dst id="20">38.1511</dst>
      <dst id="11">462.3911</dst>
      <dst id="9">437.3156</dst>
      <dst id="17">1986.6400</dst>
      <dst id="21">844.6044</dst>
      <dst id="15">2.4089</dst>
    </src>
    <src id="15">
      <dst id="12">3477.9822</dst>
      <dst id="13">41.8222</dst>
      <dst id="19">26.2489</dst>
      <dst id="23">1.7067</dst>
      <dst id="8">14.3022</dst>
      <dst id="18">0.5511</dst>
      <dst id="4">1951.6178</dst>
      <dst id="1">490.0000</dst>
      <dst id="5">156.5511</dst>
      <dst id="3">12.6222</dst>
      <dst id="7">96.2756</dst>
      <dst id="2">71.2356</dst>
      <dst id="11">78.8978</dst>
      <dst id="9">78.5867</dst>
      <dst id="17">102.4000</dst>
      <dst id="21">79.5200</dst>
    </src>
  </IntraTM>
</TrafficMatrixFile>
