<?xml version="1.0" encoding="UTF-8" standalone="yes"?>
<TrafficMatrixFile xmlns:xsi="http://www.w3.org/2001/XMLSchema-instance" xsi:noNamespaceSchemaLocation="http://totem.run.montefiore.ulg.ac.be/Schema/TrafficMatrix-v1_2.xsd">
  <info>
    <title>Intradomain traffic matrix generated by geant-TM-all.pl</title>
    <date>2005-01-02T00:15:00</date>
    <duration>900</duration>
    <author>Steve Uhlig</author>
    <units>
        <unit type="bandwidth" value="kbps"/>
    </units>
  </info>
  <IntraTM ASID="20965">
    <src id="12">
      <dst id="12">362905.0667</dst>
      <dst id="13">28557.5378</dst>
      <dst id="19">4810.3378</dst>
      <dst id="23">2509.3156</dst>
      <dst id="8">2872.4000</dst>
      <dst id="18">2490.0889</dst>
      <dst id="4">110043.6800</dst>
      <dst id="1">12076.3378</dst>
      <dst id="5">13264.7822</dst>
      <dst id="3">16927.0133</dst>
      <dst id="22">25736.1067</dst>
      <dst id="7">5643.2978</dst>
      <dst id="2">110351.2089</dst>
      <dst id="6">374.7467</dst>
      <dst id="16">5076.8089</dst>
      <dst id="14">1264.6933</dst>
      <dst id="20">8786.9511</dst>
      <dst id="11">5511.8578</dst>
      <dst id="9">18105.9111</dst>
      <dst id="17">89235.8311</dst>
      <dst id="21">28052.7556</dst>
      <dst id="15">14193.4933</dst>
    </src>
    <src id="13">
      <dst id="12">78353.8222</dst>
      <dst id="19">6887.7867</dst>
      <dst id="23">2727.3778</dst>
      <dst id="8">14772.9067</dst>
      <dst id="18">7488.1333</dst>
      <dst id="1">5030.9511</dst>
      <dst id="5">19828.0533</dst>
      <dst id="3">35752.5333</dst>
      <dst id="22">27193.9733</dst>
      <dst id="7">14122.8711</dst>
      <dst id="2">148608.6222</dst>
      <dst id="6">309.1644</dst>
      <dst id="16">7646.2756</dst>
      <dst id="14">2645.8578</dst>
      <dst id="20">35240.5244</dst>
      <dst id="11">29733.2711</dst>
      <dst id="9">14615.1556</dst>
      <dst id="17">61491.2889</dst>
      <dst id="21">34934.3822</dst>
      <dst id="15">4253.7422</dst>
    </src>
    <src id="19">
      <dst id="12">17068.6311</dst>
      <dst id="13">5243.4578</dst>
      <dst id="23">144.1778</dst>
      <dst id="8">31.4133</dst>
      <dst id="18">2791.0844</dst>
      <dst id="4">19829.5556</dst>
      <dst id="1">41.4933</dst>
      <dst id="5">771.6267</dst>
      <dst id="3">2555.0489</dst>
      <dst id="22">2887.0222</dst>
      <dst id="7">5783.1467</dst>
      <dst id="2">1317.7867</dst>
      <dst id="6">219.3778</dst>
      <dst id="16">10316.0267</dst>
      <dst id="14">0.4622</dst>
      <dst id="20">5971.4756</dst>
      <dst id="11">15.5022</dst>
      <dst id="9">6206.7733</dst>
      <dst id="17">616.4889</dst>
      <dst id="21">689.5378</dst>
      <dst id="15">1.4222</dst>
    </src>
    <src id="23">
      <dst id="12">922.5867</dst>
      <dst id="13">379.0400</dst>
      <dst id="19">2.6400</dst>
      <dst id="8">89.6711</dst>
      <dst id="18">1059.1022</dst>
      <dst id="4">28.6933</dst>
      <dst id="1">113.0133</dst>
      <dst id="5">343.0756</dst>
      <dst id="3">2157.0933</dst>
      <dst id="22">639.8311</dst>
      <dst id="7">1159.9733</dst>
      <dst id="2">77.4844</dst>
      <dst id="6">2.7378</dst>
      <dst id="16">203.2178</dst>
      <dst id="14">4.4267</dst>
      <dst id="20">274.3467</dst>
      <dst id="11">949.2711</dst>
      <dst id="9">497.2178</dst>
      <dst id="17">306.3022</dst>
      <dst id="21">697.2444</dst>
      <dst id="15">20.1156</dst>
    </src>
    <src id="8">
      <dst id="12">402733.2356</dst>
      <dst id="13">633.1200</dst>
      <dst id="19">24.1511</dst>
      <dst id="23">104.2133</dst>
      <dst id="18">596.9333</dst>
      <dst id="4">9354.3556</dst>
      <dst id="1">72.0000</dst>
      <dst id="5">3164.7644</dst>
      <dst id="3">1020.0178</dst>
      <dst id="22">1457.0311</dst>
      <dst id="7">23.0667</dst>
      <dst id="2">156279.1289</dst>
      <dst id="6">12.5244</dst>
      <dst id="16">1082.3111</dst>
      <dst id="14">26.4889</dst>
      <dst id="20">241.5733</dst>
      <dst id="11">643.9822</dst>
      <dst id="9">854.1778</dst>
      <dst id="17">95288.4178</dst>
      <dst id="21">2264.2756</dst>
      <dst id="15">3156.5333</dst>
    </src>
    <src id="18">
      <dst id="12">152987.4133</dst>
      <dst id="13">392.0000</dst>
      <dst id="19">678.0711</dst>
      <dst id="23">101.7956</dst>
      <dst id="8">477.5644</dst>
      <dst id="4">2145.0222</dst>
      <dst id="1">1007.6356</dst>
      <dst id="5">641.8044</dst>
      <dst id="3">260.6844</dst>
      <dst id="22">713.9733</dst>
      <dst id="7">205.4578</dst>
      <dst id="2">59816.2933</dst>
      <dst id="16">35.5822</dst>
      <dst id="14">27.3422</dst>
      <dst id="20">23.8222</dst>
      <dst id="11">720.7289</dst>
      <dst id="9">229.5378</dst>
      <dst id="17">37306.2400</dst>
      <dst id="21">1198.1511</dst>
      <dst id="15">681.0667</dst>
    </src>
    <src id="4">
      <dst id="12">21198.8978</dst>
      <dst id="19">6787.4400</dst>
      <dst id="23">12.6222</dst>
      <dst id="8">4950.1067</dst>
      <dst id="18">2021.7600</dst>
      <dst id="4">0.9156</dst>
      <dst id="1">2565.8311</dst>
      <dst id="5">3591.6533</dst>
      <dst id="3">121709.4489</dst>
      <dst id="22">7087.5733</dst>
      <dst id="7">27930.1778</dst>
      <dst id="2">72836.7111</dst>
      <dst id="6">4.0622</dst>
      <dst id="16">3684.4978</dst>
      <dst id="14">4231.4844</dst>
      <dst id="20">3178.7111</dst>
      <dst id="11">10247.0667</dst>
      <dst id="9">5952.7556</dst>
      <dst id="17">35854.3733</dst>
      <dst id="21">18169.0933</dst>
      <dst id="15">1276.7289</dst>
    </src>
    <src id="1">
      <dst id="12">18023.2711</dst>
      <dst id="13">1418.8711</dst>
      <dst id="19">49.2000</dst>
      <dst id="23">800.3822</dst>
      <dst id="8">214639.9733</dst>
      <dst id="18">16943.3956</dst>
      <dst id="4">19150.7289</dst>
      <dst id="1">61.7778</dst>
      <dst id="5">305456.0533</dst>
      <dst id="3">56578.4800</dst>
      <dst id="22">9420.3644</dst>
      <dst id="7">35335.3067</dst>
      <dst id="2">16725.4311</dst>
      <dst id="6">9706.1600</dst>
      <dst id="16">10181.7867</dst>
      <dst id="14">662.9600</dst>
      <dst id="20">1315.9200</dst>
      <dst id="11">1105.5822</dst>
      <dst id="9">339291.5822</dst>
      <dst id="17">6465.1289</dst>
      <dst id="21">6067.6533</dst>
      <dst id="15">640.6844</dst>
    </src>
    <src id="5">
      <dst id="12">392485.2622</dst>
      <dst id="13">6178.6222</dst>
      <dst id="19">178.1422</dst>
      <dst id="23">114.2311</dst>
      <dst id="8">3055.8667</dst>
      <dst id="18">435.2533</dst>
      <dst id="4">10501.7778</dst>
      <dst id="1">160.2933</dst>
      <dst id="3">1771.4489</dst>
      <dst id="22">4346.3378</dst>
      <dst id="7">334.2578</dst>
      <dst id="2">166243.6889</dst>
      <dst id="6">0.3556</dst>
      <dst id="16">729.5467</dst>
      <dst id="14">1028.1956</dst>
      <dst id="20">2640.9422</dst>
      <dst id="11">2183.7244</dst>
      <dst id="9">6930.5689</dst>
      <dst id="17">84905.2089</dst>
      <dst id="21">1405.3956</dst>
      <dst id="15">1277.4400</dst>
    </src>
    <src id="3">
      <dst id="12">19318.0711</dst>
      <dst id="13">833.0667</dst>
      <dst id="19">2191.6444</dst>
      <dst id="23">323.0311</dst>
      <dst id="8">219.1200</dst>
      <dst id="18">232782.0267</dst>
      <dst id="4">30240.4267</dst>
      <dst id="1">22808.6667</dst>
      <dst id="5">1152.1956</dst>
      <dst id="3">22444.7289</dst>
      <dst id="22">2665.4133</dst>
      <dst id="7">4451.8044</dst>
      <dst id="2">11654.0622</dst>
      <dst id="6">16.3556</dst>
      <dst id="16">2931.7156</dst>
      <dst id="14">64184.6133</dst>
      <dst id="20">1326.8356</dst>
      <dst id="11">224270.0889</dst>
      <dst id="9">593.8844</dst>
      <dst id="17">23123.5911</dst>
      <dst id="21">11004.2400</dst>
      <dst id="15">66.1956</dst>
    </src>
    <src id="10">
      <dst id="12">19196.0889</dst>
      <dst id="19">2040.5778</dst>
      <dst id="23">1.2800</dst>
      <dst id="8">2645.5556</dst>
      <dst id="18">7776.6222</dst>
      <dst id="1">4266.7733</dst>
      <dst id="5">1503.8311</dst>
      <dst id="3">24013.2711</dst>
      <dst id="22">12606.2311</dst>
      <dst id="7">5566.7644</dst>
      <dst id="2">52586.5778</dst>
      <dst id="6">76.6400</dst>
      <dst id="16">1107.8756</dst>
      <dst id="14">2260.6933</dst>
      <dst id="20">10240.2844</dst>
      <dst id="11">5291.2178</dst>
      <dst id="9">3730.6844</dst>
      <dst id="17">11696.0889</dst>
      <dst id="21">24884.1156</dst>
      <dst id="15">2465.5556</dst>
    </src>
    <src id="22">
      <dst id="12">19940.3556</dst>
      <dst id="13">4744.9511</dst>
      <dst id="19">378.6489</dst>
      <dst id="23">38.6667</dst>
      <dst id="8">2084.5867</dst>
      <dst id="18">496.5600</dst>
      <dst id="4">21348.8978</dst>
      <dst id="1">755.0133</dst>
      <dst id="5">4671.2978</dst>
      <dst id="3">3244.0178</dst>
      <dst id="7">1285.3333</dst>
      <dst id="2">4694.8800</dst>
      <dst id="6">29.2267</dst>
      <dst id="16">9.2356</dst>
      <dst id="14">81.3956</dst>
      <dst id="11">5718.4000</dst>
      <dst id="9">1550.0978</dst>
      <dst id="17">4407.9911</dst>
      <dst id="21">2282.1600</dst>
    </src>
    <src id="7">
      <dst id="12">12157.2000</dst>
      <dst id="13">6816.4622</dst>
      <dst id="19">912.5156</dst>
      <dst id="23">527.7156</dst>
      <dst id="8">590.5511</dst>
      <dst id="18">2290.4000</dst>
      <dst id="4">29025.6533</dst>
      <dst id="1">15080.5067</dst>
      <dst id="5">1914.2756</dst>
      <dst id="3">15274.7111</dst>
      <dst id="22">8587.1911</dst>
      <dst id="7">659.8756</dst>
      <dst id="2">26383.1733</dst>
      <dst id="6">69.4044</dst>
      <dst id="16">1406.2578</dst>
      <dst id="14">163.3422</dst>
      <dst id="20">1214.4000</dst>
      <dst id="11">3424.8089</dst>
      <dst id="9">2106.1156</dst>
      <dst id="17">5007.7867</dst>
      <dst id="21">8731.3156</dst>
      <dst id="15">755.8756</dst>
    </src>
    <src id="2">
      <dst id="12">166358.5956</dst>
      <dst id="13">4334.8533</dst>
      <dst id="19">1654.5067</dst>
      <dst id="23">1.1733</dst>
      <dst id="8">1369.1733</dst>
      <dst id="18">176362.1067</dst>
      <dst id="4">118510.5244</dst>
      <dst id="1">6922.2667</dst>
      <dst id="5">1080.6844</dst>
      <dst id="3">5352.8444</dst>
      <dst id="22">3596.9244</dst>
      <dst id="7">4497.6267</dst>
      <dst id="2">1719.2267</dst>
      <dst id="6">7216.3822</dst>
      <dst id="16">2242.2044</dst>
      <dst id="14">386.8356</dst>
      <dst id="20">1887.5022</dst>
      <dst id="11">8088.9867</dst>
      <dst id="9">9702.4444</dst>
      <dst id="17">14843.3689</dst>
      <dst id="21">13627.0667</dst>
      <dst id="15">838.1422</dst>
    </src>
    <src id="6">
      <dst id="12">10196.4978</dst>
      <dst id="13">8.0178</dst>
      <dst id="19">5.4667</dst>
      <dst id="23">26.6133</dst>
      <dst id="8">0.3556</dst>
      <dst id="18">40.1422</dst>
      <dst id="4">99.0933</dst>
      <dst id="1">58.2844</dst>
      <dst id="3">193.9200</dst>
      <dst id="22">66.6044</dst>
      <dst id="7">38.4178</dst>
      <dst id="2">2302.3200</dst>
      <dst id="16">11.4667</dst>
      <dst id="14">0.3556</dst>
      <dst id="20">19.1911</dst>
      <dst id="11">1.2444</dst>
      <dst id="9">22.4800</dst>
      <dst id="17">1101.4667</dst>
      <dst id="21">91.8044</dst>
    </src>
    <src id="16">
      <dst id="12">2907.4756</dst>
      <dst id="13">530.9689</dst>
      <dst id="19">6172.6222</dst>
      <dst id="23">42.7644</dst>
      <dst id="8">7432.0978</dst>
      <dst id="18">24.3378</dst>
      <dst id="4">4941.7956</dst>
      <dst id="1">22888.0178</dst>
      <dst id="5">8140.3556</dst>
      <dst id="3">2662.7200</dst>
      <dst id="7">1468.3822</dst>
      <dst id="2">2132.1333</dst>
      <dst id="6">0.7111</dst>
      <dst id="16">35.3511</dst>
      <dst id="14">1309.3067</dst>
      <dst id="11">792.1689</dst>
      <dst id="9">7834.8178</dst>
      <dst id="17">2031.5822</dst>
      <dst id="21">2775.4311</dst>
    </src>
    <src id="14">
      <dst id="12">31724.2044</dst>
      <dst id="13">296.7556</dst>
      <dst id="19">31.9911</dst>
      <dst id="23">15.9111</dst>
      <dst id="8">25.9556</dst>
      <dst id="18">2.1333</dst>
      <dst id="4">4077.9467</dst>
      <dst id="1">117.3956</dst>
      <dst id="5">515.3956</dst>
      <dst id="3">218.8444</dst>
      <dst id="22">304.5600</dst>
      <dst id="7">168.1422</dst>
      <dst id="2">7123.5111</dst>
      <dst id="6">0.7111</dst>
      <dst id="16">26.8800</dst>
      <dst id="20">13.5200</dst>
      <dst id="11">193.7600</dst>
      <dst id="9">2.9778</dst>
      <dst id="17">7523.6889</dst>
      <dst id="21">231.9822</dst>
      <dst id="15">2.9067</dst>
    </src>
    <src id="20">
      <dst id="12">11214.6133</dst>
      <dst id="13">2700.1422</dst>
      <dst id="19">130.2044</dst>
      <dst id="23">11.0222</dst>
      <dst id="8">1243.1822</dst>
      <dst id="18">391.2889</dst>
      <dst id="4">10345.2178</dst>
      <dst id="1">343.8311</dst>
      <dst id="5">4658.6933</dst>
      <dst id="3">1759.3956</dst>
      <dst id="22">0.9244</dst>
      <dst id="7">4144.5511</dst>
      <dst id="2">6541.8933</dst>
      <dst id="6">1.6000</dst>
      <dst id="16">0.9244</dst>
      <dst id="14">221.6000</dst>
      <dst id="11">7220.1156</dst>
      <dst id="9">7128.7822</dst>
      <dst id="17">1482.5867</dst>
      <dst id="21">6557.5822</dst>
    </src>
    <src id="11">
      <dst id="12">488786.4711</dst>
      <dst id="13">1777.9733</dst>
      <dst id="19">203.8756</dst>
      <dst id="23">170.0800</dst>
      <dst id="8">478.7111</dst>
      <dst id="18">1441.3422</dst>
      <dst id="4">11673.3689</dst>
      <dst id="1">1321.7156</dst>
      <dst id="5">3246.2400</dst>
      <dst id="3">1028.6756</dst>
      <dst id="22">5903.3244</dst>
      <dst id="7">358.9333</dst>
      <dst id="2">174261.9733</dst>
      <dst id="6">1.6622</dst>
      <dst id="16">318.2933</dst>
      <dst id="14">208.8533</dst>
      <dst id="20">1181.8222</dst>
      <dst id="11">1916.7378</dst>
      <dst id="9">1396.6578</dst>
      <dst id="17">113417.1556</dst>
      <dst id="21">2608.0978</dst>
      <dst id="15">350.6133</dst>
    </src>
    <src id="9">
      <dst id="12">578752.4356</dst>
      <dst id="13">13591.7244</dst>
      <dst id="19">258.4444</dst>
      <dst id="23">145.9200</dst>
      <dst id="8">3673.5022</dst>
      <dst id="18">1078.5156</dst>
      <dst id="4">10415.0311</dst>
      <dst id="1">12869.3689</dst>
      <dst id="5">1967.6711</dst>
      <dst id="3">1467.0578</dst>
      <dst id="22">5269.1822</dst>
      <dst id="7">452.0444</dst>
      <dst id="2">201208.1511</dst>
      <dst id="6">5.7600</dst>
      <dst id="16">835.9200</dst>
      <dst id="14">29.4489</dst>
      <dst id="20">5137.3867</dst>
      <dst id="11">621.6622</dst>
      <dst id="9">1444.5600</dst>
      <dst id="17">131875.0400</dst>
      <dst id="21">1954.6400</dst>
      <dst id="15">1193.5111</dst>
    </src>
    <src id="17">
      <dst id="12">11299.1822</dst>
      <dst id="13">7230.1422</dst>
      <dst id="19">1278.8089</dst>
      <dst id="23">305.5467</dst>
      <dst id="8">213109.3778</dst>
      <dst id="18">2970.3911</dst>
      <dst id="4">59870.4356</dst>
      <dst id="1">1620.0356</dst>
      <dst id="5">285779.5822</dst>
      <dst id="3">26632.5333</dst>
      <dst id="22">18541.9022</dst>
      <dst id="7">24650.6933</dst>
      <dst id="2">22102.3289</dst>
      <dst id="6">108.2044</dst>
      <dst id="16">2466.5600</dst>
      <dst id="14">50165.4756</dst>
      <dst id="20">3591.5200</dst>
      <dst id="11">182469.8578</dst>
      <dst id="9">340303.6089</dst>
      <dst id="17">1699.3689</dst>
      <dst id="21">18190.3733</dst>
      <dst id="15">650.4889</dst>
    </src>
    <src id="21">
      <dst id="12">26872.2222</dst>
      <dst id="13">1375.4844</dst>
      <dst id="19">630.5156</dst>
      <dst id="23">58.5867</dst>
      <dst id="8">285.6089</dst>
      <dst id="18">8834.1511</dst>
      <dst id="4">43635.5289</dst>
      <dst id="1">1965.7067</dst>
      <dst id="5">970.6756</dst>
      <dst id="3">3658.0356</dst>
      <dst id="22">2092.8444</dst>
      <dst id="7">1343.8933</dst>
      <dst id="2">11170.5333</dst>
      <dst id="6">112.3822</dst>
      <dst id="16">357.1378</dst>
      <dst id="14">178.7733</dst>
      <dst id="20">8049.3244</dst>
      <dst id="11">1826.4978</dst>
      <dst id="9">1872.5156</dst>
      <dst id="17">5931.1022</dst>
      <dst id="21">3950.3378</dst>
      <dst id="15">881.6800</dst>
    </src>
    <src id="15">
      <dst id="12">1302.8711</dst>
      <dst id="13">2082.8711</dst>
      <dst id="19">120.0000</dst>
      <dst id="23">13.3333</dst>
      <dst id="8">149.3600</dst>
      <dst id="18">6.9689</dst>
      <dst id="4">4228.8711</dst>
      <dst id="1">131.3600</dst>
      <dst id="5">531.9733</dst>
      <dst id="3">832.1422</dst>
      <dst id="7">82.6756</dst>
      <dst id="2">3303.2089</dst>
      <dst id="14">0.8533</dst>
      <dst id="11">1208.2489</dst>
      <dst id="9">5974.9422</dst>
      <dst id="17">227.0400</dst>
      <dst id="21">499.4578</dst>
    </src>
  </IntraTM>
</TrafficMatrixFile>
