<?xml version="1.0" encoding="UTF-8" standalone="yes"?>
<TrafficMatrixFile xmlns:xsi="http://www.w3.org/2001/XMLSchema-instance" xsi:noNamespaceSchemaLocation="http://totem.run.montefiore.ulg.ac.be/Schema/TrafficMatrix-v1_2.xsd">
  <info>
    <title>Intradomain traffic matrix generated by geant-TM-all.pl</title>
    <date>2005-01-04T15:00:00</date>
    <duration>900</duration>
    <author>Steve Uhlig</author>
    <units>
        <unit type="bandwidth" value="kbps"/>
    </units>
  </info>
  <IntraTM ASID="20965">
    <src id="12">
      <dst id="12">170121.5022</dst>
      <dst id="13">15911.7244</dst>
      <dst id="19">2542.1867</dst>
      <dst id="23">123.1111</dst>
      <dst id="8">608.0800</dst>
      <dst id="18">343.5111</dst>
      <dst id="4">59091.6178</dst>
      <dst id="1">6859.8756</dst>
      <dst id="5">1716.7822</dst>
      <dst id="3">2604.7022</dst>
      <dst id="22">1614.3467</dst>
      <dst id="7">18849.3689</dst>
      <dst id="2">60633.6178</dst>
      <dst id="6">8.3378</dst>
      <dst id="16">5401.6000</dst>
      <dst id="14">127.7156</dst>
      <dst id="20">3344.0889</dst>
      <dst id="11">2721.5644</dst>
      <dst id="9">1745.4756</dst>
      <dst id="17">55106.4089</dst>
      <dst id="21">2960.3467</dst>
      <dst id="15">479.2089</dst>
    </src>
    <src id="13">
      <dst id="12">31083.9378</dst>
      <dst id="19">5420.7289</dst>
      <dst id="23">9.6533</dst>
      <dst id="8">3744.1511</dst>
      <dst id="18">2638.8978</dst>
      <dst id="1">1266.1511</dst>
      <dst id="5">2919.2000</dst>
      <dst id="3">7558.4622</dst>
      <dst id="22">10160.3467</dst>
      <dst id="7">7671.9289</dst>
      <dst id="2">60017.7244</dst>
      <dst id="6">69.6178</dst>
      <dst id="16">6412.6667</dst>
      <dst id="14">6499.3778</dst>
      <dst id="20">7462.4089</dst>
      <dst id="11">4997.9733</dst>
      <dst id="9">7658.2133</dst>
      <dst id="17">30424.9067</dst>
      <dst id="21">9658.8622</dst>
      <dst id="15">663.9911</dst>
    </src>
    <src id="19">
      <dst id="12">13860.0356</dst>
      <dst id="13">79.6889</dst>
      <dst id="23">0.7467</dst>
      <dst id="8">0.7733</dst>
      <dst id="18">2.9511</dst>
      <dst id="4">19666.9333</dst>
      <dst id="1">283.9289</dst>
      <dst id="5">24.2756</dst>
      <dst id="3">1.1200</dst>
      <dst id="22">81.4044</dst>
      <dst id="7">2699.4578</dst>
      <dst id="2">41.8133</dst>
      <dst id="6">14.3556</dst>
      <dst id="16">8364.9600</dst>
      <dst id="14">5.0578</dst>
      <dst id="20">91.7156</dst>
      <dst id="9">1476.0178</dst>
      <dst id="17">196.3022</dst>
      <dst id="21">424.7822</dst>
    </src>
    <src id="23">
      <dst id="12">76.5244</dst>
      <dst id="13">4.1244</dst>
      <dst id="8">12.6222</dst>
      <dst id="18">0.3378</dst>
      <dst id="4">65.7422</dst>
      <dst id="1">57.5378</dst>
      <dst id="3">266.7378</dst>
      <dst id="22">25.7156</dst>
      <dst id="7">45.0222</dst>
      <dst id="2">109.1467</dst>
      <dst id="6">1.1378</dst>
      <dst id="16">7.3156</dst>
      <dst id="20">0.9244</dst>
      <dst id="11">25.9556</dst>
      <dst id="9">971.4489</dst>
      <dst id="17">113.0044</dst>
      <dst id="21">94.9333</dst>
    </src>
    <src id="8">
      <dst id="12">257221.8044</dst>
      <dst id="13">940.1689</dst>
      <dst id="19">0.4622</dst>
      <dst id="18">0.3556</dst>
      <dst id="4">6783.4933</dst>
      <dst id="1">1787.1556</dst>
      <dst id="5">55.2800</dst>
      <dst id="3">48.6578</dst>
      <dst id="22">572.8444</dst>
      <dst id="7">879.2178</dst>
      <dst id="2">77849.7600</dst>
      <dst id="6">13.3333</dst>
      <dst id="16">73.0933</dst>
      <dst id="14">25.0667</dst>
      <dst id="20">673.7867</dst>
      <dst id="11">18.5867</dst>
      <dst id="9">167.8667</dst>
      <dst id="17">90649.3867</dst>
      <dst id="21">138.8800</dst>
      <dst id="15">14.9067</dst>
    </src>
    <src id="18">
      <dst id="12">95914.9156</dst>
      <dst id="13">81.9911</dst>
      <dst id="19">0.3556</dst>
      <dst id="23">0.3556</dst>
      <dst id="8">1.1022</dst>
      <dst id="4">2406.2400</dst>
      <dst id="1">1179.3422</dst>
      <dst id="5">41.0489</dst>
      <dst id="3">22.7911</dst>
      <dst id="22">174.0978</dst>
      <dst id="7">24.0978</dst>
      <dst id="2">23729.3600</dst>
      <dst id="16">28.6222</dst>
      <dst id="14">0.3556</dst>
      <dst id="20">1.5200</dst>
      <dst id="11">179.8933</dst>
      <dst id="9">17.8133</dst>
      <dst id="17">31792.9333</dst>
      <dst id="21">139.4311</dst>
      <dst id="15">0.7556</dst>
    </src>
    <src id="4">
      <dst id="12">7318.7200</dst>
      <dst id="19">15071.6178</dst>
      <dst id="23">0.4622</dst>
      <dst id="8">2742.5156</dst>
      <dst id="18">1758.2133</dst>
      <dst id="4">1.0756</dst>
      <dst id="1">139402.4978</dst>
      <dst id="5">1902.9778</dst>
      <dst id="3">10.1422</dst>
      <dst id="22">1732.8089</dst>
      <dst id="7">133687.6444</dst>
      <dst id="2">86712.4800</dst>
      <dst id="6">13.6800</dst>
      <dst id="16">585.1733</dst>
      <dst id="14">1088.0178</dst>
      <dst id="20">157.8578</dst>
      <dst id="11">2466.0533</dst>
      <dst id="9">2276.8800</dst>
      <dst id="17">12205.0667</dst>
      <dst id="21">3123.8044</dst>
      <dst id="15">243.3778</dst>
    </src>
    <src id="1">
      <dst id="12">18587.9467</dst>
      <dst id="13">206.1333</dst>
      <dst id="19">138.3289</dst>
      <dst id="23">11.9111</dst>
      <dst id="8">50714.5244</dst>
      <dst id="18">13606.5956</dst>
      <dst id="4">8427.3778</dst>
      <dst id="1">3832.6489</dst>
      <dst id="5">110902.3200</dst>
      <dst id="3">137.8222</dst>
      <dst id="22">696.6667</dst>
      <dst id="7">989.0489</dst>
      <dst id="2">1214.8889</dst>
      <dst id="6">4401.1111</dst>
      <dst id="16">13848.2133</dst>
      <dst id="14">40.1333</dst>
      <dst id="20">58.9067</dst>
      <dst id="11">115.7511</dst>
      <dst id="9">109372.5956</dst>
      <dst id="17">1592.5778</dst>
      <dst id="21">2131.8489</dst>
      <dst id="15">63.1378</dst>
    </src>
    <src id="5">
      <dst id="12">229773.0489</dst>
      <dst id="13">400.3378</dst>
      <dst id="19">31.9467</dst>
      <dst id="8">99.1200</dst>
      <dst id="18">1381.7511</dst>
      <dst id="4">7212.1600</dst>
      <dst id="1">1975.7956</dst>
      <dst id="3">16.7467</dst>
      <dst id="22">2132.9956</dst>
      <dst id="7">34.4356</dst>
      <dst id="2">72824.0267</dst>
      <dst id="6">0.5511</dst>
      <dst id="16">73.8933</dst>
      <dst id="14">14.4533</dst>
      <dst id="20">242.3733</dst>
      <dst id="11">382.6400</dst>
      <dst id="9">304.7911</dst>
      <dst id="17">83408.1689</dst>
      <dst id="21">324.3200</dst>
      <dst id="15">156.0889</dst>
    </src>
    <src id="3">
      <dst id="12">10725.2356</dst>
      <dst id="13">291.3511</dst>
      <dst id="19">563.4756</dst>
      <dst id="23">11152.8889</dst>
      <dst id="8">63.8489</dst>
      <dst id="18">44779.9111</dst>
      <dst id="4">18495.3156</dst>
      <dst id="1">4181.1822</dst>
      <dst id="5">225.0044</dst>
      <dst id="3">5686.6933</dst>
      <dst id="22">794.0711</dst>
      <dst id="7">1609.2000</dst>
      <dst id="2">5944.6311</dst>
      <dst id="6">0.4622</dst>
      <dst id="16">757.2444</dst>
      <dst id="14">40408.3644</dst>
      <dst id="20">4.4444</dst>
      <dst id="11">77079.0844</dst>
      <dst id="9">282.3911</dst>
      <dst id="17">5630.3111</dst>
      <dst id="21">4100.2311</dst>
      <dst id="15">34.7822</dst>
    </src>
    <src id="10">
      <dst id="12">8112.7111</dst>
      <dst id="19">8228.0711</dst>
      <dst id="23">0.4267</dst>
      <dst id="8">281.4667</dst>
      <dst id="18">456.5511</dst>
      <dst id="1">3622.6844</dst>
      <dst id="5">177.0489</dst>
      <dst id="3">3985.9556</dst>
      <dst id="22">3603.8844</dst>
      <dst id="7">25848.4267</dst>
      <dst id="2">19109.8489</dst>
      <dst id="6">17.0133</dst>
      <dst id="16">123.5378</dst>
      <dst id="14">628.1867</dst>
      <dst id="20">3768.3467</dst>
      <dst id="11">1945.3956</dst>
      <dst id="9">4812.5067</dst>
      <dst id="17">12879.2889</dst>
      <dst id="21">10058.2844</dst>
      <dst id="15">51.7867</dst>
    </src>
    <src id="22">
      <dst id="12">9455.4756</dst>
      <dst id="13">582.1156</dst>
      <dst id="19">40.4622</dst>
      <dst id="23">8.7111</dst>
      <dst id="8">1988.0622</dst>
      <dst id="18">274.9511</dst>
      <dst id="4">16098.7289</dst>
      <dst id="1">65.0400</dst>
      <dst id="5">928.9333</dst>
      <dst id="3">330.1956</dst>
      <dst id="7">293.6267</dst>
      <dst id="2">2876.5778</dst>
      <dst id="6">28.9333</dst>
      <dst id="16">0.6578</dst>
      <dst id="14">18.5244</dst>
      <dst id="11">1267.0222</dst>
      <dst id="9">2616.2400</dst>
      <dst id="17">1656.2933</dst>
      <dst id="21">663.9022</dst>
    </src>
    <src id="7">
      <dst id="12">2733.5556</dst>
      <dst id="13">99.2800</dst>
      <dst id="19">43.7511</dst>
      <dst id="23">66.0622</dst>
      <dst id="8">192.5689</dst>
      <dst id="18">56.4978</dst>
      <dst id="4">40740.2844</dst>
      <dst id="1">832.6756</dst>
      <dst id="5">1270.2489</dst>
      <dst id="3">324.4978</dst>
      <dst id="22">2089.1733</dst>
      <dst id="7">767.6978</dst>
      <dst id="2">4323.2889</dst>
      <dst id="6">0.5244</dst>
      <dst id="16">205.7600</dst>
      <dst id="14">70.2667</dst>
      <dst id="20">362.8444</dst>
      <dst id="11">217.6711</dst>
      <dst id="9">178.0356</dst>
      <dst id="17">4186.2222</dst>
      <dst id="21">644.4533</dst>
      <dst id="15">129.5644</dst>
    </src>
    <src id="2">
      <dst id="12">53738.5956</dst>
      <dst id="13">510337.0489</dst>
      <dst id="19">109.1289</dst>
      <dst id="8">52.7200</dst>
      <dst id="18">27942.4356</dst>
      <dst id="4">65626.3556</dst>
      <dst id="1">1392.5511</dst>
      <dst id="5">1007.8044</dst>
      <dst id="3">85.8133</dst>
      <dst id="22">638.8711</dst>
      <dst id="7">2490.5600</dst>
      <dst id="2">376.5956</dst>
      <dst id="6">5826.6933</dst>
      <dst id="16">3535.0489</dst>
      <dst id="14">5380.1333</dst>
      <dst id="20">60.3378</dst>
      <dst id="11">1129.2444</dst>
      <dst id="9">437.4844</dst>
      <dst id="17">11906.7644</dst>
      <dst id="21">9014.0800</dst>
      <dst id="15">20.7111</dst>
    </src>
    <src id="6">
      <dst id="12">7878.1244</dst>
      <dst id="13">1.2178</dst>
      <dst id="19">1.0667</dst>
      <dst id="4">1296.2311</dst>
      <dst id="1">0.7378</dst>
      <dst id="5">0.9067</dst>
      <dst id="22">24.2844</dst>
      <dst id="7">0.5244</dst>
      <dst id="2">1711.5200</dst>
      <dst id="16">40.2489</dst>
      <dst id="20">0.4889</dst>
      <dst id="11">1.8311</dst>
      <dst id="9">0.6933</dst>
      <dst id="17">1084.1333</dst>
      <dst id="21">5.4933</dst>
    </src>
    <src id="16">
      <dst id="12">1156.5600</dst>
      <dst id="13">172.5511</dst>
      <dst id="19">1858.9600</dst>
      <dst id="23">4.7111</dst>
      <dst id="8">745.2800</dst>
      <dst id="18">1247.6356</dst>
      <dst id="4">3279.1911</dst>
      <dst id="1">18302.5689</dst>
      <dst id="5">641.8222</dst>
      <dst id="7">788.9422</dst>
      <dst id="2">154.1156</dst>
      <dst id="6">25.5022</dst>
      <dst id="16">19.4667</dst>
      <dst id="14">4.5867</dst>
      <dst id="11">98.9067</dst>
      <dst id="9">2417.7244</dst>
      <dst id="17">763.0311</dst>
      <dst id="21">1935.4756</dst>
    </src>
    <src id="14">
      <dst id="12">20573.7333</dst>
      <dst id="13">85.0222</dst>
      <dst id="19">5.1200</dst>
      <dst id="23">0.6044</dst>
      <dst id="4">1426.2311</dst>
      <dst id="1">56.0533</dst>
      <dst id="5">14.8444</dst>
      <dst id="3">58.9689</dst>
      <dst id="22">0.5600</dst>
      <dst id="7">95.0933</dst>
      <dst id="2">6616.6578</dst>
      <dst id="16">0.3556</dst>
      <dst id="11">35.7600</dst>
      <dst id="9">0.4800</dst>
      <dst id="17">5456.6578</dst>
      <dst id="21">65.2622</dst>
    </src>
    <src id="20">
      <dst id="12">1570.7378</dst>
      <dst id="13">1054.5867</dst>
      <dst id="19">7188.1422</dst>
      <dst id="23">0.4622</dst>
      <dst id="8">93.9733</dst>
      <dst id="18">2.0178</dst>
      <dst id="4">6022.2222</dst>
      <dst id="1">88.6400</dst>
      <dst id="5">322.0267</dst>
      <dst id="3">14.8267</dst>
      <dst id="7">115.4222</dst>
      <dst id="2">931.8222</dst>
      <dst id="14">3.6000</dst>
      <dst id="11">76.8267</dst>
      <dst id="9">387.5467</dst>
      <dst id="17">58.5156</dst>
      <dst id="21">1109.9200</dst>
    </src>
    <src id="11">
      <dst id="12">337564.0978</dst>
      <dst id="13">2778.6933</dst>
      <dst id="19">11.1111</dst>
      <dst id="23">0.4178</dst>
      <dst id="8">90.6756</dst>
      <dst id="18">72.6933</dst>
      <dst id="4">11176.2667</dst>
      <dst id="1">3617.9022</dst>
      <dst id="5">714.5511</dst>
      <dst id="3">207.5022</dst>
      <dst id="22">1482.0800</dst>
      <dst id="7">91.1111</dst>
      <dst id="2">115845.0400</dst>
      <dst id="16">12.7467</dst>
      <dst id="14">73.2978</dst>
      <dst id="20">67.6622</dst>
      <dst id="11">1334.7378</dst>
      <dst id="9">570.0711</dst>
      <dst id="17">116329.8311</dst>
      <dst id="21">261.7511</dst>
      <dst id="15">101.1289</dst>
    </src>
    <src id="9">
      <dst id="12">354727.1733</dst>
      <dst id="13">627.9378</dst>
      <dst id="19">1164.2222</dst>
      <dst id="23">44.0533</dst>
      <dst id="8">65.3956</dst>
      <dst id="18">103.5911</dst>
      <dst id="4">9426.6667</dst>
      <dst id="1">627.8311</dst>
      <dst id="5">278.5778</dst>
      <dst id="3">1.3067</dst>
      <dst id="22">549.1911</dst>
      <dst id="7">35.7956</dst>
      <dst id="2">101342.8444</dst>
      <dst id="16">100.5689</dst>
      <dst id="14">1.1733</dst>
      <dst id="20">566.0978</dst>
      <dst id="11">182.4089</dst>
      <dst id="9">26.4533</dst>
      <dst id="17">131127.7956</dst>
      <dst id="21">122.1867</dst>
      <dst id="15">101.0578</dst>
    </src>
    <src id="17">
      <dst id="12">6997.8933</dst>
      <dst id="13">539.8133</dst>
      <dst id="19">166.2489</dst>
      <dst id="23">3.0933</dst>
      <dst id="8">59765.4756</dst>
      <dst id="18">64.0978</dst>
      <dst id="4">27826.6044</dst>
      <dst id="1">303.5022</dst>
      <dst id="5">107969.2800</dst>
      <dst id="3">2554.6222</dst>
      <dst id="22">1955.3244</dst>
      <dst id="7">7407.1822</dst>
      <dst id="2">7185.3778</dst>
      <dst id="6">10.9156</dst>
      <dst id="16">1741.0667</dst>
      <dst id="14">17480.4000</dst>
      <dst id="20">182.3822</dst>
      <dst id="11">61952.6578</dst>
      <dst id="9">87015.2089</dst>
      <dst id="17">858.5956</dst>
      <dst id="21">4343.2889</dst>
      <dst id="15">206.5244</dst>
    </src>
    <src id="21">
      <dst id="12">13649.2267</dst>
      <dst id="13">192.2222</dst>
      <dst id="19">74.3111</dst>
      <dst id="23">2.8800</dst>
      <dst id="8">281.1733</dst>
      <dst id="18">186.7644</dst>
      <dst id="4">9149.7778</dst>
      <dst id="1">2601.6800</dst>
      <dst id="5">88.7022</dst>
      <dst id="3">983.4667</dst>
      <dst id="22">1395.7600</dst>
      <dst id="7">1013.9911</dst>
      <dst id="2">6232.2311</dst>
      <dst id="6">33.7244</dst>
      <dst id="16">97.0933</dst>
      <dst id="14">201.2000</dst>
      <dst id="20">1283.6711</dst>
      <dst id="11">1055.8756</dst>
      <dst id="9">252.9244</dst>
      <dst id="17">2939.1111</dst>
      <dst id="21">572.6667</dst>
      <dst id="15">574.6844</dst>
    </src>
    <src id="15">
      <dst id="12">1787.6711</dst>
      <dst id="13">220.6311</dst>
      <dst id="19">0.3556</dst>
      <dst id="8">59.8400</dst>
      <dst id="18">1.8844</dst>
      <dst id="4">1633.7778</dst>
      <dst id="1">594.0267</dst>
      <dst id="5">76.3378</dst>
      <dst id="3">16.7200</dst>
      <dst id="7">2.6667</dst>
      <dst id="2">46.6933</dst>
      <dst id="14">0.7200</dst>
      <dst id="11">26.7467</dst>
      <dst id="9">64.4000</dst>
      <dst id="17">13948.6222</dst>
      <dst id="21">116.9067</dst>
    </src>
  </IntraTM>
</TrafficMatrixFile>
