<?xml version="1.0" encoding="UTF-8" standalone="yes"?>
<TrafficMatrixFile xmlns:xsi="http://www.w3.org/2001/XMLSchema-instance" xsi:noNamespaceSchemaLocation="http://totem.run.montefiore.ulg.ac.be/Schema/TrafficMatrix-v1_2.xsd">
  <info>
    <title>Intradomain traffic matrix generated by geant-TM-all.pl</title>
    <date>2005-01-04T19:15:00</date>
    <duration>900</duration>
    <author>Steve Uhlig</author>
    <units>
        <unit type="bandwidth" value="kbps"/>
    </units>
  </info>
  <IntraTM ASID="20965">
    <src id="12">
      <dst id="12">225155.7244</dst>
      <dst id="13">14846.8711</dst>
      <dst id="19">1260.6044</dst>
      <dst id="23">860.5422</dst>
      <dst id="8">1862.2844</dst>
      <dst id="18">507.1022</dst>
      <dst id="4">66933.3067</dst>
      <dst id="1">9201.3689</dst>
      <dst id="5">5887.7156</dst>
      <dst id="3">543.1644</dst>
      <dst id="22">10457.9111</dst>
      <dst id="7">3379.0756</dst>
      <dst id="2">63602.4978</dst>
      <dst id="6">37.5556</dst>
      <dst id="16">5388.6044</dst>
      <dst id="14">1146.6400</dst>
      <dst id="20">7600.2311</dst>
      <dst id="11">5310.3644</dst>
      <dst id="9">2556.9600</dst>
      <dst id="17">55772.2222</dst>
      <dst id="21">3310.4444</dst>
      <dst id="15">1834.9067</dst>
    </src>
    <src id="13">
      <dst id="12">37275.3156</dst>
      <dst id="19">4324.1600</dst>
      <dst id="23">49.3867</dst>
      <dst id="8">1419.9378</dst>
      <dst id="18">1050.3911</dst>
      <dst id="1">4338.6489</dst>
      <dst id="5">4873.7956</dst>
      <dst id="3">8999.0222</dst>
      <dst id="22">18715.5556</dst>
      <dst id="7">8215.5378</dst>
      <dst id="2">65911.4844</dst>
      <dst id="6">78.3644</dst>
      <dst id="16">6564.6578</dst>
      <dst id="14">9836.4356</dst>
      <dst id="20">10440.8978</dst>
      <dst id="11">8360.8800</dst>
      <dst id="9">10741.6533</dst>
      <dst id="17">59816.6133</dst>
      <dst id="21">14413.9200</dst>
      <dst id="15">1045.6089</dst>
    </src>
    <src id="19">
      <dst id="12">15226.1867</dst>
      <dst id="13">223.0844</dst>
      <dst id="8">2.0444</dst>
      <dst id="4">16613.9467</dst>
      <dst id="1">389.2711</dst>
      <dst id="5">149.4933</dst>
      <dst id="3">13.3333</dst>
      <dst id="22">56.9422</dst>
      <dst id="7">3198.1956</dst>
      <dst id="2">220.6578</dst>
      <dst id="6">47.8667</dst>
      <dst id="16">8134.4444</dst>
      <dst id="14">2.7111</dst>
      <dst id="20">69.4044</dst>
      <dst id="11">20.0978</dst>
      <dst id="9">139.8489</dst>
      <dst id="17">2077.5111</dst>
      <dst id="21">2412.4089</dst>
      <dst id="15">0.7111</dst>
    </src>
    <src id="23">
      <dst id="12">615.9022</dst>
      <dst id="13">1057.1822</dst>
      <dst id="19">25.7156</dst>
      <dst id="18">35.2089</dst>
      <dst id="4">57.1733</dst>
      <dst id="1">68.0711</dst>
      <dst id="5">630.1689</dst>
      <dst id="3">48.1511</dst>
      <dst id="22">825.1022</dst>
      <dst id="7">199.0933</dst>
      <dst id="2">27.6000</dst>
      <dst id="6">5.0222</dst>
      <dst id="16">4.7556</dst>
      <dst id="14">26.3467</dst>
      <dst id="20">40.0000</dst>
      <dst id="9">1360.1600</dst>
      <dst id="17">149.1733</dst>
      <dst id="21">379.8311</dst>
      <dst id="15">26.6667</dst>
    </src>
    <src id="8">
      <dst id="12">261219.5556</dst>
      <dst id="13">698.3644</dst>
      <dst id="19">1.4400</dst>
      <dst id="18">54.2667</dst>
      <dst id="4">5118.0178</dst>
      <dst id="1">266.0800</dst>
      <dst id="5">297.1822</dst>
      <dst id="3">13.1556</dst>
      <dst id="22">3866.7644</dst>
      <dst id="7">11.7600</dst>
      <dst id="2">98639.9644</dst>
      <dst id="16">13276.8533</dst>
      <dst id="20">15.1200</dst>
      <dst id="11">412.0356</dst>
      <dst id="9">108.5156</dst>
      <dst id="17">93991.3600</dst>
      <dst id="21">206.2400</dst>
      <dst id="15">365.1289</dst>
    </src>
    <src id="18">
      <dst id="12">90771.4933</dst>
      <dst id="13">37.7511</dst>
      <dst id="19">0.8533</dst>
      <dst id="23">161.0578</dst>
      <dst id="8">18.7022</dst>
      <dst id="4">1285.3333</dst>
      <dst id="1">1424.7111</dst>
      <dst id="5">162.4622</dst>
      <dst id="3">18.9778</dst>
      <dst id="22">195.2089</dst>
      <dst id="7">6.5689</dst>
      <dst id="2">30930.5067</dst>
      <dst id="16">34.4800</dst>
      <dst id="20">400.9244</dst>
      <dst id="11">68.0800</dst>
      <dst id="9">37.5467</dst>
      <dst id="17">27152.0978</dst>
      <dst id="21">68.3200</dst>
      <dst id="15">1.2800</dst>
    </src>
    <src id="4">
      <dst id="12">10876.7289</dst>
      <dst id="19">14811.9289</dst>
      <dst id="23">1.0489</dst>
      <dst id="8">1208.2222</dst>
      <dst id="18">482.8978</dst>
      <dst id="4">0.3556</dst>
      <dst id="1">11630.9511</dst>
      <dst id="5">2622.6933</dst>
      <dst id="3">120.7644</dst>
      <dst id="22">3971.6089</dst>
      <dst id="7">35727.7156</dst>
      <dst id="2">79083.6000</dst>
      <dst id="6">39.3600</dst>
      <dst id="16">1552.5778</dst>
      <dst id="14">1628.4978</dst>
      <dst id="20">297.6978</dst>
      <dst id="11">2516.4711</dst>
      <dst id="9">2853.7511</dst>
      <dst id="17">28689.2622</dst>
      <dst id="21">3905.4756</dst>
      <dst id="15">329.6356</dst>
    </src>
    <src id="1">
      <dst id="12">17227.3244</dst>
      <dst id="13">350.3378</dst>
      <dst id="19">89.0756</dst>
      <dst id="23">15.9289</dst>
      <dst id="8">81043.2622</dst>
      <dst id="18">10661.6800</dst>
      <dst id="4">7108.6844</dst>
      <dst id="1">4128.8000</dst>
      <dst id="5">189594.5067</dst>
      <dst id="3">139.5467</dst>
      <dst id="22">819.9644</dst>
      <dst id="7">1592.5600</dst>
      <dst id="2">1883.4044</dst>
      <dst id="6">8400.9156</dst>
      <dst id="16">8069.2622</dst>
      <dst id="14">477.6622</dst>
      <dst id="20">908.3022</dst>
      <dst id="11">326.6400</dst>
      <dst id="9">193709.6889</dst>
      <dst id="17">6428.4711</dst>
      <dst id="21">2643.1911</dst>
      <dst id="15">119.0400</dst>
    </src>
    <src id="5">
      <dst id="12">255663.1378</dst>
      <dst id="13">3103.5289</dst>
      <dst id="19">17.7956</dst>
      <dst id="23">260.0622</dst>
      <dst id="8">703.7689</dst>
      <dst id="18">1130.2044</dst>
      <dst id="4">5182.3556</dst>
      <dst id="1">596.9244</dst>
      <dst id="3">1.0933</dst>
      <dst id="22">7944.0978</dst>
      <dst id="7">52.7200</dst>
      <dst id="2">106700.9156</dst>
      <dst id="6">45.5467</dst>
      <dst id="16">502.7378</dst>
      <dst id="14">30.4622</dst>
      <dst id="20">3481.9822</dst>
      <dst id="11">466.6489</dst>
      <dst id="9">261.2089</dst>
      <dst id="17">90360.1333</dst>
      <dst id="21">260.7378</dst>
      <dst id="15">51.7422</dst>
    </src>
    <src id="3">
      <dst id="12">7076.1689</dst>
      <dst id="13">293.5378</dst>
      <dst id="19">808.8978</dst>
      <dst id="23">725.6000</dst>
      <dst id="8">27.6533</dst>
      <dst id="18">43573.6267</dst>
      <dst id="4">18028.7733</dst>
      <dst id="1">3919.6089</dst>
      <dst id="5">1321.0667</dst>
      <dst id="3">9455.1822</dst>
      <dst id="22">2562.6578</dst>
      <dst id="7">1457.6889</dst>
      <dst id="2">3677.7689</dst>
      <dst id="6">10.0622</dst>
      <dst id="16">1473.7422</dst>
      <dst id="14">70087.6178</dst>
      <dst id="20">51.4933</dst>
      <dst id="11">104168.3378</dst>
      <dst id="9">241.2089</dst>
      <dst id="17">15053.2356</dst>
      <dst id="21">14660.6311</dst>
      <dst id="15">45.1111</dst>
    </src>
    <src id="10">
      <dst id="12">14239.4400</dst>
      <dst id="19">9758.6578</dst>
      <dst id="8">1568.4800</dst>
      <dst id="18">4077.1378</dst>
      <dst id="1">2262.7378</dst>
      <dst id="5">1119.2800</dst>
      <dst id="3">2403.5644</dst>
      <dst id="22">5681.6622</dst>
      <dst id="7">5059.4044</dst>
      <dst id="2">17077.2800</dst>
      <dst id="6">4.1956</dst>
      <dst id="16">1367.1378</dst>
      <dst id="14">6974.6844</dst>
      <dst id="20">8177.8489</dst>
      <dst id="11">6037.5022</dst>
      <dst id="9">3668.6133</dst>
      <dst id="17">22663.2978</dst>
      <dst id="21">7634.5156</dst>
      <dst id="15">319.0933</dst>
    </src>
    <src id="22">
      <dst id="12">7364.2844</dst>
      <dst id="13">8377.7067</dst>
      <dst id="19">22.5067</dst>
      <dst id="23">35.1200</dst>
      <dst id="8">477.0667</dst>
      <dst id="18">620.8267</dst>
      <dst id="4">13488.3911</dst>
      <dst id="1">117.5111</dst>
      <dst id="5">2614.1511</dst>
      <dst id="3">185.2800</dst>
      <dst id="7">321.4400</dst>
      <dst id="2">3463.8844</dst>
      <dst id="6">1.7067</dst>
      <dst id="16">26.9778</dst>
      <dst id="14">32.4889</dst>
      <dst id="11">4072.9511</dst>
      <dst id="9">3389.4311</dst>
      <dst id="17">3315.2622</dst>
      <dst id="21">432.5067</dst>
    </src>
    <src id="7">
      <dst id="12">5165.3689</dst>
      <dst id="13">2606.8267</dst>
      <dst id="19">93.1378</dst>
      <dst id="23">31.9378</dst>
      <dst id="8">417.3333</dst>
      <dst id="18">136.7556</dst>
      <dst id="4">79438.3022</dst>
      <dst id="1">1032.4356</dst>
      <dst id="5">311.2889</dst>
      <dst id="3">397.5911</dst>
      <dst id="22">3219.0578</dst>
      <dst id="7">778.0267</dst>
      <dst id="2">3546.7022</dst>
      <dst id="6">59.9733</dst>
      <dst id="16">670.0978</dst>
      <dst id="14">265.4044</dst>
      <dst id="20">20.5867</dst>
      <dst id="11">376.3556</dst>
      <dst id="9">914.6933</dst>
      <dst id="17">3600.0444</dst>
      <dst id="21">3364.1067</dst>
      <dst id="15">399.7244</dst>
    </src>
    <src id="2">
      <dst id="12">100159.4578</dst>
      <dst id="13">521079.6533</dst>
      <dst id="19">3743.4756</dst>
      <dst id="8">109.3867</dst>
      <dst id="18">57932.0800</dst>
      <dst id="4">72576.3733</dst>
      <dst id="1">1411.0667</dst>
      <dst id="5">1101.9289</dst>
      <dst id="3">38.4444</dst>
      <dst id="22">2713.7244</dst>
      <dst id="7">3028.7911</dst>
      <dst id="2">650.3556</dst>
      <dst id="6">7465.3778</dst>
      <dst id="16">6942.0800</dst>
      <dst id="14">5816.9867</dst>
      <dst id="20">171.2711</dst>
      <dst id="11">2271.6267</dst>
      <dst id="9">528.4178</dst>
      <dst id="17">19122.8178</dst>
      <dst id="21">988.6844</dst>
      <dst id="15">575.5289</dst>
    </src>
    <src id="6">
      <dst id="12">10766.9511</dst>
      <dst id="13">6.7644</dst>
      <dst id="19">2.6400</dst>
      <dst id="18">0.3556</dst>
      <dst id="4">1262.1333</dst>
      <dst id="1">31.9556</dst>
      <dst id="5">3.0578</dst>
      <dst id="22">89.6000</dst>
      <dst id="7">12.9600</dst>
      <dst id="2">2332.0356</dst>
      <dst id="16">3.8133</dst>
      <dst id="14">0.4622</dst>
      <dst id="20">1.1644</dst>
      <dst id="11">57.9467</dst>
      <dst id="9">31.4222</dst>
      <dst id="17">1606.5067</dst>
      <dst id="21">7.5733</dst>
    </src>
    <src id="16">
      <dst id="12">3430.0533</dst>
      <dst id="13">237.1022</dst>
      <dst id="19">3933.9644</dst>
      <dst id="23">7.6178</dst>
      <dst id="8">5465.3778</dst>
      <dst id="18">26.0711</dst>
      <dst id="4">3467.2356</dst>
      <dst id="1">24915.9200</dst>
      <dst id="5">3270.5511</dst>
      <dst id="3">0.4622</dst>
      <dst id="7">316.0267</dst>
      <dst id="2">271.8756</dst>
      <dst id="6">2.4267</dst>
      <dst id="16">52.2844</dst>
      <dst id="14">583.4222</dst>
      <dst id="11">3141.9289</dst>
      <dst id="9">8751.9644</dst>
      <dst id="17">2205.1822</dst>
      <dst id="21">1610.8889</dst>
    </src>
    <src id="14">
      <dst id="12">19804.8000</dst>
      <dst id="13">43.6800</dst>
      <dst id="19">4.5511</dst>
      <dst id="23">1.1733</dst>
      <dst id="8">0.6578</dst>
      <dst id="18">3.7778</dst>
      <dst id="4">1781.2978</dst>
      <dst id="1">88.8267</dst>
      <dst id="5">39.7689</dst>
      <dst id="3">109.0222</dst>
      <dst id="22">12.2400</dst>
      <dst id="7">80.6667</dst>
      <dst id="2">7115.2711</dst>
      <dst id="16">13.6000</dst>
      <dst id="20">87.9733</dst>
      <dst id="11">48.4533</dst>
      <dst id="9">5.3067</dst>
      <dst id="17">7364.3111</dst>
      <dst id="21">492.3467</dst>
    </src>
    <src id="20">
      <dst id="12">9082.8533</dst>
      <dst id="13">6783.6622</dst>
      <dst id="19">21.8489</dst>
      <dst id="23">2.1067</dst>
      <dst id="8">35.2000</dst>
      <dst id="18">36.1511</dst>
      <dst id="4">5794.1778</dst>
      <dst id="1">1295.6356</dst>
      <dst id="5">5315.3600</dst>
      <dst id="3">97.0578</dst>
      <dst id="7">190.4533</dst>
      <dst id="2">444.9778</dst>
      <dst id="14">264.6844</dst>
      <dst id="11">211.8844</dst>
      <dst id="9">4076.2311</dst>
      <dst id="17">239.7689</dst>
      <dst id="21">50.7022</dst>
    </src>
    <src id="11">
      <dst id="12">383597.3600</dst>
      <dst id="13">3187.3244</dst>
      <dst id="19">4.9156</dst>
      <dst id="23">22.8800</dst>
      <dst id="8">253.2089</dst>
      <dst id="18">4.9511</dst>
      <dst id="4">8555.5378</dst>
      <dst id="1">500.0533</dst>
      <dst id="5">1360.7200</dst>
      <dst id="3">398.4444</dst>
      <dst id="22">1992.5689</dst>
      <dst id="7">183.8400</dst>
      <dst id="2">159391.8933</dst>
      <dst id="6">11.8133</dst>
      <dst id="16">141.5200</dst>
      <dst id="14">67.2356</dst>
      <dst id="20">439.3244</dst>
      <dst id="11">2066.3022</dst>
      <dst id="9">909.1644</dst>
      <dst id="17">137134.0800</dst>
      <dst id="21">497.6622</dst>
      <dst id="15">76.1778</dst>
    </src>
    <src id="9">
      <dst id="12">401269.6267</dst>
      <dst id="13">1800.4622</dst>
      <dst id="19">12.0533</dst>
      <dst id="23">65.9911</dst>
      <dst id="8">64.5956</dst>
      <dst id="18">35.3067</dst>
      <dst id="4">8271.6178</dst>
      <dst id="1">835.7422</dst>
      <dst id="5">1088.0444</dst>
      <dst id="3">802.9067</dst>
      <dst id="22">6432.1689</dst>
      <dst id="7">73.8311</dst>
      <dst id="2">155187.6800</dst>
      <dst id="6">13.5111</dst>
      <dst id="16">543.9467</dst>
      <dst id="14">54.6933</dst>
      <dst id="20">659.2711</dst>
      <dst id="11">1707.4222</dst>
      <dst id="9">110.4622</dst>
      <dst id="17">150372.0533</dst>
      <dst id="21">595.1378</dst>
      <dst id="15">509.1733</dst>
    </src>
    <src id="17">
      <dst id="12">7302.1156</dst>
      <dst id="13">5802.6222</dst>
      <dst id="19">208.4622</dst>
      <dst id="23">140.8889</dst>
      <dst id="8">105175.7067</dst>
      <dst id="18">135.7778</dst>
      <dst id="4">26862.8444</dst>
      <dst id="1">12051.8311</dst>
      <dst id="5">181907.5200</dst>
      <dst id="3">4052.8800</dst>
      <dst id="22">7192.9067</dst>
      <dst id="7">922.0978</dst>
      <dst id="2">9209.5644</dst>
      <dst id="6">38.7911</dst>
      <dst id="16">6374.2400</dst>
      <dst id="14">49231.4311</dst>
      <dst id="20">292.5156</dst>
      <dst id="11">93629.2889</dst>
      <dst id="9">154943.9022</dst>
      <dst id="17">1923.8756</dst>
      <dst id="21">15987.8578</dst>
      <dst id="15">82.8000</dst>
    </src>
    <src id="21">
      <dst id="12">22863.9733</dst>
      <dst id="13">3958.8000</dst>
      <dst id="19">216.7822</dst>
      <dst id="23">18.3022</dst>
      <dst id="8">13.5200</dst>
      <dst id="18">104.9244</dst>
      <dst id="4">10388.2844</dst>
      <dst id="1">1125.1911</dst>
      <dst id="5">407.8311</dst>
      <dst id="3">1821.9200</dst>
      <dst id="22">1552.2756</dst>
      <dst id="7">856.9600</dst>
      <dst id="2">10617.0044</dst>
      <dst id="6">51.8400</dst>
      <dst id="16">203.5644</dst>
      <dst id="14">184.9956</dst>
      <dst id="20">124.6133</dst>
      <dst id="11">579.1289</dst>
      <dst id="9">684.6044</dst>
      <dst id="17">6020.7200</dst>
      <dst id="21">317.9733</dst>
      <dst id="15">19.1200</dst>
    </src>
    <src id="15">
      <dst id="12">6649.8044</dst>
      <dst id="13">434.0089</dst>
      <dst id="19">33.6889</dst>
      <dst id="23">0.7111</dst>
      <dst id="8">205.0311</dst>
      <dst id="18">16.9867</dst>
      <dst id="4">810.3822</dst>
      <dst id="1">634.2400</dst>
      <dst id="5">85.7244</dst>
      <dst id="3">5.1911</dst>
      <dst id="7">200.2756</dst>
      <dst id="2">2295.2267</dst>
      <dst id="11">222.9333</dst>
      <dst id="9">615.9911</dst>
      <dst id="17">336.8533</dst>
      <dst id="21">76.5956</dst>
    </src>
  </IntraTM>
</TrafficMatrixFile>
