<?xml version="1.0" encoding="UTF-8" standalone="yes"?>
<TrafficMatrixFile xmlns:xsi="http://www.w3.org/2001/XMLSchema-instance" xsi:noNamespaceSchemaLocation="http://totem.run.montefiore.ulg.ac.be/Schema/TrafficMatrix-v1_2.xsd">
  <info>
    <title>Intradomain traffic matrix generated by geant-TM-all.pl</title>
    <date>2005-01-02T23:00:00</date>
    <duration>900</duration>
    <author>Steve Uhlig</author>
    <units>
        <unit type="bandwidth" value="kbps"/>
    </units>
  </info>
  <IntraTM ASID="20965">
    <src id="12">
      <dst id="12">323037.4489</dst>
      <dst id="13">38605.3778</dst>
      <dst id="19">3364.6400</dst>
      <dst id="23">963.3156</dst>
      <dst id="8">3880.9067</dst>
      <dst id="18">3980.0089</dst>
      <dst id="4">87374.1600</dst>
      <dst id="1">11179.6622</dst>
      <dst id="5">2695.9467</dst>
      <dst id="3">15888.8000</dst>
      <dst id="22">34964.0889</dst>
      <dst id="7">10760.8800</dst>
      <dst id="2">107825.2000</dst>
      <dst id="6">13.3244</dst>
      <dst id="16">8260.4444</dst>
      <dst id="14">306.3022</dst>
      <dst id="20">16047.8311</dst>
      <dst id="11">9668.6667</dst>
      <dst id="9">14555.5733</dst>
      <dst id="17">134309.8222</dst>
      <dst id="21">28821.1644</dst>
      <dst id="15">11024.5422</dst>
    </src>
    <src id="13">
      <dst id="12">72919.3956</dst>
      <dst id="19">30160.4178</dst>
      <dst id="23">5616.0356</dst>
      <dst id="8">6325.4578</dst>
      <dst id="18">14761.8844</dst>
      <dst id="1">10067.8933</dst>
      <dst id="5">11064.0267</dst>
      <dst id="3">17497.3422</dst>
      <dst id="22">29447.1022</dst>
      <dst id="7">23512.5778</dst>
      <dst id="2">122624.4622</dst>
      <dst id="6">463.9733</dst>
      <dst id="16">15437.1289</dst>
      <dst id="14">1636.3289</dst>
      <dst id="20">20107.2711</dst>
      <dst id="11">35355.5022</dst>
      <dst id="9">24076.7911</dst>
      <dst id="17">91298.2311</dst>
      <dst id="21">24151.4667</dst>
      <dst id="15">4492.0800</dst>
    </src>
    <src id="19">
      <dst id="12">13970.4533</dst>
      <dst id="13">3117.7067</dst>
      <dst id="23">172.0089</dst>
      <dst id="8">8.0622</dst>
      <dst id="18">108.4711</dst>
      <dst id="4">19391.1378</dst>
      <dst id="1">7158.5511</dst>
      <dst id="5">3648.5778</dst>
      <dst id="3">125.4844</dst>
      <dst id="22">164.2400</dst>
      <dst id="7">7694.1600</dst>
      <dst id="2">2192.8000</dst>
      <dst id="6">121.6889</dst>
      <dst id="16">4830.8622</dst>
      <dst id="14">36.0178</dst>
      <dst id="20">141.3778</dst>
      <dst id="11">2393.6089</dst>
      <dst id="9">918.4978</dst>
      <dst id="17">21857.0400</dst>
      <dst id="21">3183.8400</dst>
      <dst id="15">26.6667</dst>
    </src>
    <src id="23">
      <dst id="12">2056.3022</dst>
      <dst id="13">409.8933</dst>
      <dst id="19">58.8000</dst>
      <dst id="8">13.7600</dst>
      <dst id="18">186.7200</dst>
      <dst id="4">0.8178</dst>
      <dst id="1">50.8622</dst>
      <dst id="5">704.3911</dst>
      <dst id="3">421.3156</dst>
      <dst id="22">349.2978</dst>
      <dst id="7">242.9156</dst>
      <dst id="2">244.6667</dst>
      <dst id="16">341.0222</dst>
      <dst id="14">1.0667</dst>
      <dst id="20">168.2844</dst>
      <dst id="11">588.8622</dst>
      <dst id="9">420.9422</dst>
      <dst id="17">983.7778</dst>
      <dst id="21">1004.0089</dst>
      <dst id="15">93.3333</dst>
    </src>
    <src id="8">
      <dst id="12">395992.0178</dst>
      <dst id="13">1451.2978</dst>
      <dst id="19">334.0267</dst>
      <dst id="23">1.4222</dst>
      <dst id="18">112.1067</dst>
      <dst id="4">9548.6489</dst>
      <dst id="1">4546.4800</dst>
      <dst id="5">4932.0889</dst>
      <dst id="3">0.3644</dst>
      <dst id="22">3508.7911</dst>
      <dst id="7">121.4400</dst>
      <dst id="2">164437.7156</dst>
      <dst id="6">0.4178</dst>
      <dst id="16">1886.7022</dst>
      <dst id="20">3747.4489</dst>
      <dst id="11">1250.7200</dst>
      <dst id="9">2257.2800</dst>
      <dst id="17">145241.1733</dst>
      <dst id="21">134.8356</dst>
      <dst id="15">348.9422</dst>
    </src>
    <src id="18">
      <dst id="12">134264.9156</dst>
      <dst id="13">444.3733</dst>
      <dst id="19">641.0933</dst>
      <dst id="23">2035.6978</dst>
      <dst id="8">1256.7378</dst>
      <dst id="4">1593.9733</dst>
      <dst id="1">1614.8267</dst>
      <dst id="5">260.2578</dst>
      <dst id="3">2370.4000</dst>
      <dst id="22">406.5422</dst>
      <dst id="7">502.0889</dst>
      <dst id="2">49382.6222</dst>
      <dst id="16">45.2356</dst>
      <dst id="14">1.7778</dst>
      <dst id="20">185.6711</dst>
      <dst id="11">125.4222</dst>
      <dst id="9">1379.7689</dst>
      <dst id="17">42711.8311</dst>
      <dst id="21">2490.7644</dst>
      <dst id="15">51.6622</dst>
    </src>
    <src id="4">
      <dst id="12">48311.3244</dst>
      <dst id="19">7773.5733</dst>
      <dst id="8">2104.1511</dst>
      <dst id="18">3400.3022</dst>
      <dst id="1">159579.5644</dst>
      <dst id="5">1766.8000</dst>
      <dst id="3">3462.6133</dst>
      <dst id="22">8779.0222</dst>
      <dst id="7">177808.9067</dst>
      <dst id="2">100642.3822</dst>
      <dst id="6">99.1911</dst>
      <dst id="16">4098.7111</dst>
      <dst id="14">1059.1556</dst>
      <dst id="20">2804.0711</dst>
      <dst id="11">9391.4311</dst>
      <dst id="9">4113.7867</dst>
      <dst id="17">113706.2311</dst>
      <dst id="21">9853.3956</dst>
      <dst id="15">684.2844</dst>
    </src>
    <src id="1">
      <dst id="12">19316.1511</dst>
      <dst id="13">1141.2267</dst>
      <dst id="19">4571.4844</dst>
      <dst id="23">50.6133</dst>
      <dst id="8">224503.1733</dst>
      <dst id="18">14839.7333</dst>
      <dst id="4">25113.6267</dst>
      <dst id="1">76722.9333</dst>
      <dst id="5">268705.7244</dst>
      <dst id="3">514.1778</dst>
      <dst id="22">6905.4667</dst>
      <dst id="7">5213.6000</dst>
      <dst id="2">48654.4622</dst>
      <dst id="6">20958.9778</dst>
      <dst id="16">7749.3600</dst>
      <dst id="14">37.2089</dst>
      <dst id="20">952.5867</dst>
      <dst id="11">6535.3867</dst>
      <dst id="9">358118.2222</dst>
      <dst id="17">10486.0533</dst>
      <dst id="21">3618.4889</dst>
      <dst id="15">157.0933</dst>
    </src>
    <src id="5">
      <dst id="12">300879.1111</dst>
      <dst id="13">3056.5511</dst>
      <dst id="19">254.9956</dst>
      <dst id="23">144.9333</dst>
      <dst id="8">4507.8222</dst>
      <dst id="18">268.8178</dst>
      <dst id="4">7720.8089</dst>
      <dst id="1">601.2267</dst>
      <dst id="3">123.5911</dst>
      <dst id="22">7467.8756</dst>
      <dst id="7">387.8311</dst>
      <dst id="2">122805.3956</dst>
      <dst id="6">0.5156</dst>
      <dst id="16">1294.2400</dst>
      <dst id="14">29.9911</dst>
      <dst id="20">5775.8489</dst>
      <dst id="11">3597.5733</dst>
      <dst id="9">967.3867</dst>
      <dst id="17">108334.5778</dst>
      <dst id="21">623.0400</dst>
      <dst id="15">385.4400</dst>
    </src>
    <src id="3">
      <dst id="12">10739.1644</dst>
      <dst id="13">1212.5867</dst>
      <dst id="19">2268.3289</dst>
      <dst id="23">253.7867</dst>
      <dst id="8">232.9689</dst>
      <dst id="18">206284.0889</dst>
      <dst id="4">45863.9022</dst>
      <dst id="1">15151.1289</dst>
      <dst id="5">581.2622</dst>
      <dst id="3">18229.0133</dst>
      <dst id="22">1494.2933</dst>
      <dst id="7">3916.8267</dst>
      <dst id="2">9186.4444</dst>
      <dst id="6">20.8000</dst>
      <dst id="16">4314.3644</dst>
      <dst id="14">51544.7556</dst>
      <dst id="20">510.0356</dst>
      <dst id="11">247606.3378</dst>
      <dst id="9">1128.7289</dst>
      <dst id="17">25837.8844</dst>
      <dst id="21">7838.5511</dst>
      <dst id="15">39.3422</dst>
    </src>
    <src id="10">
      <dst id="12">24689.1200</dst>
      <dst id="19">2299.2800</dst>
      <dst id="8">2392.3022</dst>
      <dst id="18">1705.3156</dst>
      <dst id="1">3990.6933</dst>
      <dst id="5">914.2311</dst>
      <dst id="3">25493.1911</dst>
      <dst id="22">8622.9689</dst>
      <dst id="7">112105.7067</dst>
      <dst id="2">45766.7644</dst>
      <dst id="6">131.3689</dst>
      <dst id="16">2893.4756</dst>
      <dst id="14">684.1511</dst>
      <dst id="20">1164.1689</dst>
      <dst id="11">8628.8711</dst>
      <dst id="9">4758.8622</dst>
      <dst id="17">20670.9244</dst>
      <dst id="21">13589.7689</dst>
      <dst id="15">614.8978</dst>
    </src>
    <src id="22">
      <dst id="12">12229.5378</dst>
      <dst id="13">4562.2844</dst>
      <dst id="19">83.9378</dst>
      <dst id="23">44.2578</dst>
      <dst id="8">1311.9378</dst>
      <dst id="18">5021.3867</dst>
      <dst id="4">18237.5911</dst>
      <dst id="1">3819.8578</dst>
      <dst id="5">6928.5689</dst>
      <dst id="3">3653.3867</dst>
      <dst id="7">4985.5733</dst>
      <dst id="2">7059.8933</dst>
      <dst id="6">9.6711</dst>
      <dst id="16">1.1200</dst>
      <dst id="14">32.8533</dst>
      <dst id="11">4465.2622</dst>
      <dst id="9">5517.8222</dst>
      <dst id="17">8540.8533</dst>
      <dst id="21">2443.3244</dst>
    </src>
    <src id="7">
      <dst id="12">9517.4311</dst>
      <dst id="13">3451.8133</dst>
      <dst id="19">2644.7022</dst>
      <dst id="23">732.2400</dst>
      <dst id="8">2250.0000</dst>
      <dst id="18">4784.0000</dst>
      <dst id="4">19568.7022</dst>
      <dst id="1">44919.8311</dst>
      <dst id="5">1502.2044</dst>
      <dst id="3">1851.3244</dst>
      <dst id="22">4491.5911</dst>
      <dst id="7">722.3111</dst>
      <dst id="2">15301.8844</dst>
      <dst id="6">330.1689</dst>
      <dst id="16">2243.8756</dst>
      <dst id="14">137.8578</dst>
      <dst id="20">4501.5289</dst>
      <dst id="11">1954.1156</dst>
      <dst id="9">1299.1022</dst>
      <dst id="17">25897.8933</dst>
      <dst id="21">10145.1733</dst>
      <dst id="15">558.9067</dst>
    </src>
    <src id="2">
      <dst id="12">148785.7244</dst>
      <dst id="13">216292.5422</dst>
      <dst id="19">1758.0089</dst>
      <dst id="23">217.1378</dst>
      <dst id="8">1221.9556</dst>
      <dst id="18">157751.8311</dst>
      <dst id="4">98309.6711</dst>
      <dst id="1">6213.6267</dst>
      <dst id="5">3143.1200</dst>
      <dst id="3">641.8400</dst>
      <dst id="22">3180.1422</dst>
      <dst id="7">7813.7956</dst>
      <dst id="2">1631.8578</dst>
      <dst id="6">12782.0356</dst>
      <dst id="16">2462.3200</dst>
      <dst id="14">5731.6000</dst>
      <dst id="20">2809.9911</dst>
      <dst id="11">12071.8844</dst>
      <dst id="9">3525.6000</dst>
      <dst id="17">62103.6978</dst>
      <dst id="21">10460.0356</dst>
      <dst id="15">397.3511</dst>
    </src>
    <src id="6">
      <dst id="12">11561.4400</dst>
      <dst id="13">21.2267</dst>
      <dst id="19">71.8489</dst>
      <dst id="23">0.3378</dst>
      <dst id="8">11.8222</dst>
      <dst id="18">13.0133</dst>
      <dst id="4">72.4267</dst>
      <dst id="1">120.7822</dst>
      <dst id="3">23.2889</dst>
      <dst id="22">45.2267</dst>
      <dst id="7">155.5289</dst>
      <dst id="2">2880.3022</dst>
      <dst id="16">67.6000</dst>
      <dst id="20">2.8889</dst>
      <dst id="11">21.9289</dst>
      <dst id="9">2.8800</dst>
      <dst id="17">2127.8044</dst>
      <dst id="21">92.9689</dst>
      <dst id="15">50.0267</dst>
    </src>
    <src id="16">
      <dst id="12">3485.5111</dst>
      <dst id="13">4004.9156</dst>
      <dst id="19">3124.4089</dst>
      <dst id="23">61.2178</dst>
      <dst id="8">5206.5689</dst>
      <dst id="18">54.8178</dst>
      <dst id="4">7952.1600</dst>
      <dst id="1">17964.9333</dst>
      <dst id="5">7172.4533</dst>
      <dst id="3">76.1867</dst>
      <dst id="7">5202.9689</dst>
      <dst id="2">1513.3333</dst>
      <dst id="6">22.1333</dst>
      <dst id="16">43.6089</dst>
      <dst id="14">253.3333</dst>
      <dst id="11">321.3867</dst>
      <dst id="9">8814.2578</dst>
      <dst id="17">5299.6711</dst>
      <dst id="21">586.3822</dst>
    </src>
    <src id="14">
      <dst id="12">19461.0578</dst>
      <dst id="13">60.4444</dst>
      <dst id="19">31.4044</dst>
      <dst id="23">14.7822</dst>
      <dst id="18">0.3556</dst>
      <dst id="4">2164.8978</dst>
      <dst id="1">442.3644</dst>
      <dst id="5">27.8578</dst>
      <dst id="3">67.3067</dst>
      <dst id="22">644.0089</dst>
      <dst id="7">148.4267</dst>
      <dst id="2">5530.4711</dst>
      <dst id="16">30.4356</dst>
      <dst id="20">57.0044</dst>
      <dst id="11">121.3600</dst>
      <dst id="9">0.8267</dst>
      <dst id="17">5969.4133</dst>
      <dst id="21">304.8089</dst>
    </src>
    <src id="20">
      <dst id="12">21337.2800</dst>
      <dst id="13">3709.4844</dst>
      <dst id="19">77.9289</dst>
      <dst id="23">261.6356</dst>
      <dst id="8">664.1422</dst>
      <dst id="18">461.4667</dst>
      <dst id="4">6898.0978</dst>
      <dst id="1">6848.1511</dst>
      <dst id="5">6712.9067</dst>
      <dst id="3">2697.8756</dst>
      <dst id="7">2608.4267</dst>
      <dst id="2">3062.8533</dst>
      <dst id="6">13.9733</dst>
      <dst id="14">5.9822</dst>
      <dst id="11">6846.4533</dst>
      <dst id="9">6659.6356</dst>
      <dst id="17">2202.4089</dst>
      <dst id="21">1239.6000</dst>
    </src>
    <src id="11">
      <dst id="12">445912.5778</dst>
      <dst id="13">6909.7156</dst>
      <dst id="19">354.1244</dst>
      <dst id="23">98.0000</dst>
      <dst id="8">2161.7956</dst>
      <dst id="18">405.5111</dst>
      <dst id="4">17424.4533</dst>
      <dst id="1">648.0000</dst>
      <dst id="5">1985.5378</dst>
      <dst id="3">1218.8889</dst>
      <dst id="22">4961.3600</dst>
      <dst id="7">877.9733</dst>
      <dst id="2">180096.9600</dst>
      <dst id="6">1.9556</dst>
      <dst id="16">514.3733</dst>
      <dst id="14">48.1156</dst>
      <dst id="20">1169.0400</dst>
      <dst id="11">2615.9733</dst>
      <dst id="9">2311.8311</dst>
      <dst id="17">161977.1200</dst>
      <dst id="21">3494.5156</dst>
      <dst id="15">330.9067</dst>
    </src>
    <src id="9">
      <dst id="12">485181.7689</dst>
      <dst id="13">2945.6089</dst>
      <dst id="19">949.3333</dst>
      <dst id="23">27.9822</dst>
      <dst id="8">3889.2711</dst>
      <dst id="18">1376.0622</dst>
      <dst id="4">10065.1644</dst>
      <dst id="1">2538.0356</dst>
      <dst id="5">5788.7644</dst>
      <dst id="3">63.2889</dst>
      <dst id="22">5089.7067</dst>
      <dst id="7">809.4222</dst>
      <dst id="2">186631.4667</dst>
      <dst id="6">11.8933</dst>
      <dst id="16">931.4311</dst>
      <dst id="14">25.7067</dst>
      <dst id="20">6246.2933</dst>
      <dst id="11">1444.5778</dst>
      <dst id="9">4900.0622</dst>
      <dst id="17">183038.8533</dst>
      <dst id="21">1256.6844</dst>
      <dst id="15">9013.3156</dst>
    </src>
    <src id="17">
      <dst id="12">19097.5289</dst>
      <dst id="13">24175.1200</dst>
      <dst id="19">8942.6756</dst>
      <dst id="23">8222.0711</dst>
      <dst id="8">239107.8844</dst>
      <dst id="18">2673.3422</dst>
      <dst id="4">63913.4311</dst>
      <dst id="1">6643.9378</dst>
      <dst id="5">245450.0978</dst>
      <dst id="3">44500.2133</dst>
      <dst id="22">20809.6356</dst>
      <dst id="7">17664.9511</dst>
      <dst id="2">29700.2222</dst>
      <dst id="6">114.2756</dst>
      <dst id="16">16874.5689</dst>
      <dst id="14">40892.5956</dst>
      <dst id="20">1723.8311</dst>
      <dst id="11">192788.3200</dst>
      <dst id="9">292444.5511</dst>
      <dst id="17">1301.7778</dst>
      <dst id="21">19107.7156</dst>
      <dst id="15">3557.5556</dst>
    </src>
    <src id="21">
      <dst id="12">20079.2000</dst>
      <dst id="13">6629.2444</dst>
      <dst id="19">10770.4800</dst>
      <dst id="23">150.8000</dst>
      <dst id="8">589.1200</dst>
      <dst id="18">2599.6622</dst>
      <dst id="4">24214.9333</dst>
      <dst id="1">10170.7289</dst>
      <dst id="5">580.6933</dst>
      <dst id="3">5111.4044</dst>
      <dst id="22">4101.9556</dst>
      <dst id="7">2737.4756</dst>
      <dst id="2">13162.1867</dst>
      <dst id="6">0.9156</dst>
      <dst id="16">373.8933</dst>
      <dst id="14">224.0800</dst>
      <dst id="20">717.9378</dst>
      <dst id="11">2323.7689</dst>
      <dst id="9">785.4489</dst>
      <dst id="17">5856.4889</dst>
      <dst id="21">3742.8622</dst>
      <dst id="15">402.9511</dst>
    </src>
    <src id="15">
      <dst id="12">1674.5956</dst>
      <dst id="13">1341.7422</dst>
      <dst id="19">0.8178</dst>
      <dst id="23">2.0622</dst>
      <dst id="8">45.8844</dst>
      <dst id="18">2812.0978</dst>
      <dst id="4">2532.4800</dst>
      <dst id="1">867.5378</dst>
      <dst id="5">1243.2533</dst>
      <dst id="3">7.4044</dst>
      <dst id="7">609.0044</dst>
      <dst id="2">169.4489</dst>
      <dst id="6">4.6133</dst>
      <dst id="14">0.4267</dst>
      <dst id="11">259.3778</dst>
      <dst id="9">1177.0400</dst>
      <dst id="17">1401.4489</dst>
      <dst id="21">208.5422</dst>
    </src>
  </IntraTM>
</TrafficMatrixFile>
