<?xml version="1.0" encoding="UTF-8" standalone="yes"?>
<TrafficMatrixFile xmlns:xsi="http://www.w3.org/2001/XMLSchema-instance" xsi:noNamespaceSchemaLocation="http://totem.run.montefiore.ulg.ac.be/Schema/TrafficMatrix-v1_2.xsd">
  <info>
    <title>Intradomain traffic matrix generated by geant-TM-all.pl</title>
    <date>2005-01-03T15:30:00</date>
    <duration>900</duration>
    <author>Steve Uhlig</author>
    <units>
        <unit type="bandwidth" value="kbps"/>
    </units>
  </info>
  <IntraTM ASID="20965">
    <src id="12">
      <dst id="12">172578.9867</dst>
      <dst id="13">25503.3689</dst>
      <dst id="19">2953.1378</dst>
      <dst id="23">12.0533</dst>
      <dst id="8">977.0756</dst>
      <dst id="18">665.1556</dst>
      <dst id="4">70146.4978</dst>
      <dst id="1">7070.4533</dst>
      <dst id="5">930.7200</dst>
      <dst id="3">779.2622</dst>
      <dst id="22">3544.8356</dst>
      <dst id="7">869.1822</dst>
      <dst id="2">67378.9956</dst>
      <dst id="6">3.6889</dst>
      <dst id="16">8433.5200</dst>
      <dst id="14">170.2578</dst>
      <dst id="20">9531.3778</dst>
      <dst id="11">5596.9956</dst>
      <dst id="9">1944.4178</dst>
      <dst id="17">65266.6311</dst>
      <dst id="21">746.8889</dst>
      <dst id="15">429.3600</dst>
    </src>
    <src id="13">
      <dst id="12">30235.4489</dst>
      <dst id="19">10898.1333</dst>
      <dst id="23">19.9556</dst>
      <dst id="8">966.8978</dst>
      <dst id="18">1653.2978</dst>
      <dst id="1">1601.6533</dst>
      <dst id="5">2728.6133</dst>
      <dst id="3">5742.7911</dst>
      <dst id="22">13176.2489</dst>
      <dst id="7">4188.3289</dst>
      <dst id="2">56148.7911</dst>
      <dst id="6">152.5689</dst>
      <dst id="16">7453.3867</dst>
      <dst id="14">2267.4489</dst>
      <dst id="20">2152.2667</dst>
      <dst id="11">9438.4978</dst>
      <dst id="9">6581.1822</dst>
      <dst id="17">27441.9644</dst>
      <dst id="21">6017.0222</dst>
      <dst id="15">836.0533</dst>
    </src>
    <src id="19">
      <dst id="12">14875.3778</dst>
      <dst id="13">159.9378</dst>
      <dst id="8">1.1467</dst>
      <dst id="18">0.8178</dst>
      <dst id="4">19757.9733</dst>
      <dst id="1">707.8311</dst>
      <dst id="5">1.9556</dst>
      <dst id="3">0.7644</dst>
      <dst id="22">28.9156</dst>
      <dst id="7">3542.8800</dst>
      <dst id="2">37.1911</dst>
      <dst id="6">117.9022</dst>
      <dst id="16">10743.5378</dst>
      <dst id="20">3.1556</dst>
      <dst id="11">4121.7333</dst>
      <dst id="9">3.0489</dst>
      <dst id="17">1560.1689</dst>
      <dst id="21">112.3111</dst>
    </src>
    <src id="23">
      <dst id="12">144.4622</dst>
      <dst id="13">60.0533</dst>
      <dst id="19">1.5822</dst>
      <dst id="8">12.6222</dst>
      <dst id="18">0.4089</dst>
      <dst id="4">59.0489</dst>
      <dst id="1">44.9244</dst>
      <dst id="5">26.6667</dst>
      <dst id="3">204.6933</dst>
      <dst id="22">178.1600</dst>
      <dst id="7">43.3422</dst>
      <dst id="2">45.2622</dst>
      <dst id="16">3.2089</dst>
      <dst id="11">14.8178</dst>
      <dst id="9">546.8800</dst>
      <dst id="17">15.6889</dst>
      <dst id="21">15.8222</dst>
    </src>
    <src id="8">
      <dst id="12">260966.3644</dst>
      <dst id="13">674.9422</dst>
      <dst id="19">0.3556</dst>
      <dst id="18">11.4844</dst>
      <dst id="4">8826.6044</dst>
      <dst id="1">212.2133</dst>
      <dst id="5">816.4800</dst>
      <dst id="3">0.8356</dst>
      <dst id="22">385.2267</dst>
      <dst id="7">134.4533</dst>
      <dst id="2">98832.3644</dst>
      <dst id="16">147.6800</dst>
      <dst id="20">489.3244</dst>
      <dst id="11">493.5644</dst>
      <dst id="9">145.5200</dst>
      <dst id="17">83400.7378</dst>
      <dst id="21">71.3156</dst>
      <dst id="15">27.5556</dst>
    </src>
    <src id="18">
      <dst id="12">96885.9822</dst>
      <dst id="13">141.3333</dst>
      <dst id="19">44.7111</dst>
      <dst id="8">0.7822</dst>
      <dst id="4">2856.7022</dst>
      <dst id="1">609.0933</dst>
      <dst id="5">170.1600</dst>
      <dst id="3">56.3911</dst>
      <dst id="22">81.6000</dst>
      <dst id="7">3.2356</dst>
      <dst id="2">24776.7111</dst>
      <dst id="16">6.4000</dst>
      <dst id="14">13.3333</dst>
      <dst id="20">0.8533</dst>
      <dst id="11">59.9644</dst>
      <dst id="9">169.6178</dst>
      <dst id="17">35126.5067</dst>
      <dst id="21">176.9778</dst>
      <dst id="15">1.8489</dst>
    </src>
    <src id="4">
      <dst id="12">10158.9422</dst>
      <dst id="19">15260.8533</dst>
      <dst id="8">360.6844</dst>
      <dst id="18">1339.7067</dst>
      <dst id="1">9711.2356</dst>
      <dst id="5">1434.8622</dst>
      <dst id="3">240.4889</dst>
      <dst id="22">3759.8578</dst>
      <dst id="7">135631.5022</dst>
      <dst id="2">53669.7511</dst>
      <dst id="6">26.9422</dst>
      <dst id="16">531.1289</dst>
      <dst id="14">686.7378</dst>
      <dst id="20">281.8844</dst>
      <dst id="11">2216.5244</dst>
      <dst id="9">2732.3111</dst>
      <dst id="17">116901.3333</dst>
      <dst id="21">2715.9200</dst>
      <dst id="15">232.6133</dst>
    </src>
    <src id="1">
      <dst id="12">22570.1511</dst>
      <dst id="13">1748.0089</dst>
      <dst id="19">9.5289</dst>
      <dst id="23">42.2844</dst>
      <dst id="8">67870.0178</dst>
      <dst id="18">12861.2444</dst>
      <dst id="4">4449.2356</dst>
      <dst id="1">32263.5733</dst>
      <dst id="5">123216.9600</dst>
      <dst id="3">83.8933</dst>
      <dst id="22">763.6889</dst>
      <dst id="7">1139.8222</dst>
      <dst id="2">1875.5378</dst>
      <dst id="6">5704.0089</dst>
      <dst id="16">16573.8933</dst>
      <dst id="14">35.7511</dst>
      <dst id="20">31.5378</dst>
      <dst id="11">117.2444</dst>
      <dst id="9">133012.3289</dst>
      <dst id="17">4948.5778</dst>
      <dst id="21">1888.1867</dst>
      <dst id="15">118.3289</dst>
    </src>
    <src id="5">
      <dst id="12">225094.8178</dst>
      <dst id="13">636.4711</dst>
      <dst id="19">72.4089</dst>
      <dst id="8">417.4400</dst>
      <dst id="18">114.5067</dst>
      <dst id="4">4376.6756</dst>
      <dst id="1">187.5467</dst>
      <dst id="22">1425.4133</dst>
      <dst id="7">55.3867</dst>
      <dst id="2">76654.8711</dst>
      <dst id="6">0.9600</dst>
      <dst id="16">169.5556</dst>
      <dst id="14">38.5244</dst>
      <dst id="20">250.5600</dst>
      <dst id="11">754.8711</dst>
      <dst id="9">3036.4978</dst>
      <dst id="17">80268.9778</dst>
      <dst id="21">250.8089</dst>
      <dst id="15">262.4533</dst>
    </src>
    <src id="3">
      <dst id="12">14753.8400</dst>
      <dst id="13">1662.2578</dst>
      <dst id="19">1119.7956</dst>
      <dst id="23">6932.6133</dst>
      <dst id="8">5.6178</dst>
      <dst id="18">47842.7378</dst>
      <dst id="4">17243.6533</dst>
      <dst id="1">13958.8444</dst>
      <dst id="5">428.0533</dst>
      <dst id="3">5934.0533</dst>
      <dst id="22">395.0400</dst>
      <dst id="7">314.0356</dst>
      <dst id="2">2559.1378</dst>
      <dst id="6">1.1378</dst>
      <dst id="16">835.5644</dst>
      <dst id="14">17182.2311</dst>
      <dst id="20">5.5467</dst>
      <dst id="11">87032.1333</dst>
      <dst id="9">94.7289</dst>
      <dst id="17">4164.7822</dst>
      <dst id="21">3812.9067</dst>
      <dst id="15">49.0044</dst>
    </src>
    <src id="10">
      <dst id="12">9375.5733</dst>
      <dst id="19">1743.5378</dst>
      <dst id="8">914.5867</dst>
      <dst id="18">739.3156</dst>
      <dst id="1">1467.4311</dst>
      <dst id="5">562.8444</dst>
      <dst id="3">12006.0889</dst>
      <dst id="22">4955.9111</dst>
      <dst id="7">50196.6133</dst>
      <dst id="2">26882.5867</dst>
      <dst id="16">336.7822</dst>
      <dst id="14">517.5022</dst>
      <dst id="20">520.9778</dst>
      <dst id="11">6523.5467</dst>
      <dst id="9">1202.3111</dst>
      <dst id="17">27331.8222</dst>
      <dst id="21">10932.7289</dst>
      <dst id="15">394.5600</dst>
    </src>
    <src id="22">
      <dst id="12">2613.6356</dst>
      <dst id="13">1506.1600</dst>
      <dst id="19">3.8756</dst>
      <dst id="23">10.5956</dst>
      <dst id="8">255.2622</dst>
      <dst id="18">596.5422</dst>
      <dst id="4">18402.1156</dst>
      <dst id="1">185.0489</dst>
      <dst id="5">2063.7067</dst>
      <dst id="3">295.5644</dst>
      <dst id="7">307.3156</dst>
      <dst id="2">858.0711</dst>
      <dst id="6">0.5333</dst>
      <dst id="16">1.1200</dst>
      <dst id="14">5.2711</dst>
      <dst id="11">1239.2533</dst>
      <dst id="9">1796.4000</dst>
      <dst id="17">3136.2578</dst>
      <dst id="21">1310.5156</dst>
    </src>
    <src id="7">
      <dst id="12">5894.6044</dst>
      <dst id="13">2632.3022</dst>
      <dst id="19">108.5244</dst>
      <dst id="23">89.6800</dst>
      <dst id="8">204.3556</dst>
      <dst id="18">316.0800</dst>
      <dst id="4">13154.4178</dst>
      <dst id="1">1560.0533</dst>
      <dst id="5">871.9378</dst>
      <dst id="3">96.5689</dst>
      <dst id="22">2601.1733</dst>
      <dst id="7">594.4533</dst>
      <dst id="2">12868.2400</dst>
      <dst id="16">55.3778</dst>
      <dst id="14">48.9422</dst>
      <dst id="20">71.5644</dst>
      <dst id="11">523.4489</dst>
      <dst id="9">209.0311</dst>
      <dst id="17">8737.8400</dst>
      <dst id="21">909.6444</dst>
      <dst id="15">99.8133</dst>
    </src>
    <src id="2">
      <dst id="12">58338.5867</dst>
      <dst id="13">510636.7822</dst>
      <dst id="19">37.6267</dst>
      <dst id="8">142.0178</dst>
      <dst id="18">37723.2978</dst>
      <dst id="4">61414.4000</dst>
      <dst id="1">7326.1600</dst>
      <dst id="5">1939.5911</dst>
      <dst id="3">44.6844</dst>
      <dst id="22">765.8844</dst>
      <dst id="7">2201.3422</dst>
      <dst id="2">411.7956</dst>
      <dst id="6">6650.6844</dst>
      <dst id="16">9576.7556</dst>
      <dst id="14">5466.3644</dst>
      <dst id="20">362.7822</dst>
      <dst id="11">625.1644</dst>
      <dst id="9">702.7200</dst>
      <dst id="17">6146.4444</dst>
      <dst id="21">5190.0000</dst>
      <dst id="15">178.1244</dst>
    </src>
    <src id="6">
      <dst id="12">8076.7644</dst>
      <dst id="13">0.8711</dst>
      <dst id="19">1.8578</dst>
      <dst id="4">1030.8889</dst>
      <dst id="5">0.5511</dst>
      <dst id="2">1889.6356</dst>
      <dst id="16">10.7556</dst>
      <dst id="11">0.7111</dst>
      <dst id="9">0.3289</dst>
      <dst id="17">1183.5111</dst>
      <dst id="21">1.0133</dst>
      <dst id="15">1.1378</dst>
    </src>
    <src id="16">
      <dst id="12">2235.6267</dst>
      <dst id="13">153.4933</dst>
      <dst id="19">4543.6178</dst>
      <dst id="23">12.4889</dst>
      <dst id="8">1912.5689</dst>
      <dst id="18">0.8533</dst>
      <dst id="4">4321.7867</dst>
      <dst id="1">23629.6622</dst>
      <dst id="5">1807.5556</dst>
      <dst id="7">2128.1511</dst>
      <dst id="2">598.8000</dst>
      <dst id="6">0.3556</dst>
      <dst id="16">21.7333</dst>
      <dst id="14">0.4267</dst>
      <dst id="11">149.2356</dst>
      <dst id="9">2516.9778</dst>
      <dst id="17">347.2000</dst>
      <dst id="21">2268.2933</dst>
    </src>
    <src id="14">
      <dst id="12">15216.3378</dst>
      <dst id="13">38.4444</dst>
      <dst id="19">9.1022</dst>
      <dst id="4">2155.1022</dst>
      <dst id="1">31.5200</dst>
      <dst id="5">12.8000</dst>
      <dst id="3">74.8622</dst>
      <dst id="22">0.4622</dst>
      <dst id="7">125.0844</dst>
      <dst id="2">2911.1111</dst>
      <dst id="20">1.9822</dst>
      <dst id="11">17.4933</dst>
      <dst id="9">16.6133</dst>
      <dst id="17">6742.6222</dst>
      <dst id="21">72.6222</dst>
    </src>
    <src id="20">
      <dst id="12">535.0667</dst>
      <dst id="13">204.4533</dst>
      <dst id="19">1.8222</dst>
      <dst id="8">63.9822</dst>
      <dst id="18">1.7778</dst>
      <dst id="4">10266.1600</dst>
      <dst id="1">4.5244</dst>
      <dst id="5">333.5289</dst>
      <dst id="3">110.9422</dst>
      <dst id="7">180.2400</dst>
      <dst id="2">503.4756</dst>
      <dst id="11">66.9600</dst>
      <dst id="9">1047.8044</dst>
      <dst id="17">325.5022</dst>
      <dst id="21">125.3244</dst>
    </src>
    <src id="11">
      <dst id="12">326224.0711</dst>
      <dst id="13">982.8533</dst>
      <dst id="19">128.4444</dst>
      <dst id="8">732.3467</dst>
      <dst id="18">238.5956</dst>
      <dst id="4">7977.2622</dst>
      <dst id="1">380.6844</dst>
      <dst id="5">646.5867</dst>
      <dst id="3">312.3289</dst>
      <dst id="22">1126.1244</dst>
      <dst id="7">347.7333</dst>
      <dst id="2">101428.7822</dst>
      <dst id="6">73.9556</dst>
      <dst id="16">45.8489</dst>
      <dst id="14">89.5644</dst>
      <dst id="20">43.5822</dst>
      <dst id="11">422.3467</dst>
      <dst id="9">597.4044</dst>
      <dst id="17">100562.7822</dst>
      <dst id="21">564.1600</dst>
      <dst id="15">553.5289</dst>
    </src>
    <src id="9">
      <dst id="12">360488.6133</dst>
      <dst id="13">6692.5867</dst>
      <dst id="19">2.5511</dst>
      <dst id="23">15.8756</dst>
      <dst id="8">132.2400</dst>
      <dst id="18">153.7600</dst>
      <dst id="4">12101.3156</dst>
      <dst id="1">901.4222</dst>
      <dst id="5">3937.8933</dst>
      <dst id="3">0.8533</dst>
      <dst id="22">17121.0044</dst>
      <dst id="7">155.9111</dst>
      <dst id="2">106804.9778</dst>
      <dst id="6">0.8533</dst>
      <dst id="16">1157.9200</dst>
      <dst id="20">2491.9111</dst>
      <dst id="11">408.4444</dst>
      <dst id="9">17.8756</dst>
      <dst id="17">136657.5378</dst>
      <dst id="21">394.9867</dst>
      <dst id="15">910.1422</dst>
    </src>
    <src id="17">
      <dst id="12">3686.5422</dst>
      <dst id="13">3887.8578</dst>
      <dst id="19">75.8400</dst>
      <dst id="23">2.1511</dst>
      <dst id="8">72667.2800</dst>
      <dst id="18">58.6222</dst>
      <dst id="4">43772.9600</dst>
      <dst id="1">2345.2356</dst>
      <dst id="5">114383.1200</dst>
      <dst id="3">5979.1289</dst>
      <dst id="22">2711.0578</dst>
      <dst id="7">2147.2800</dst>
      <dst id="2">19128.0889</dst>
      <dst id="6">50.0267</dst>
      <dst id="16">5666.9511</dst>
      <dst id="14">18173.5378</dst>
      <dst id="20">103.6178</dst>
      <dst id="11">65883.1022</dst>
      <dst id="9">94109.4933</dst>
      <dst id="17">1400.5422</dst>
      <dst id="21">3132.4978</dst>
      <dst id="15">29.7956</dst>
    </src>
    <src id="21">
      <dst id="12">17458.0178</dst>
      <dst id="13">1840.5156</dst>
      <dst id="19">49.5378</dst>
      <dst id="23">1.8489</dst>
      <dst id="8">122.3467</dst>
      <dst id="18">4722.5156</dst>
      <dst id="4">15923.2711</dst>
      <dst id="1">853.2800</dst>
      <dst id="5">340.1067</dst>
      <dst id="3">633.8844</dst>
      <dst id="22">636.3644</dst>
      <dst id="7">2283.6444</dst>
      <dst id="2">5544.1244</dst>
      <dst id="16">183.4044</dst>
      <dst id="14">94.4622</dst>
      <dst id="20">144.2667</dst>
      <dst id="11">414.9333</dst>
      <dst id="9">682.9689</dst>
      <dst id="17">2031.3956</dst>
      <dst id="21">865.0933</dst>
      <dst id="15">2.5600</dst>
    </src>
    <src id="15">
      <dst id="12">148.8356</dst>
      <dst id="13">107.5822</dst>
      <dst id="19">10.2400</dst>
      <dst id="8">1.4489</dst>
      <dst id="18">32.3200</dst>
      <dst id="4">2464.6756</dst>
      <dst id="1">518.7378</dst>
      <dst id="5">491.3244</dst>
      <dst id="3">12.8356</dst>
      <dst id="7">18.7644</dst>
      <dst id="2">159.8311</dst>
      <dst id="6">1.1378</dst>
      <dst id="11">71.3067</dst>
      <dst id="9">257.0222</dst>
      <dst id="17">121.0844</dst>
      <dst id="21">1.6711</dst>
    </src>
  </IntraTM>
</TrafficMatrixFile>
