<?xml version="1.0" encoding="UTF-8" standalone="yes"?>
<TrafficMatrixFile xmlns:xsi="http://www.w3.org/2001/XMLSchema-instance" xsi:noNamespaceSchemaLocation="http://totem.run.montefiore.ulg.ac.be/Schema/TrafficMatrix-v1_2.xsd">
  <info>
    <title>Intradomain traffic matrix generated by geant-TM-all.pl</title>
    <date>2005-01-01T09:00:00</date>
    <duration>900</duration>
    <author>Steve Uhlig</author>
    <units>
        <unit type="bandwidth" value="kbps"/>
    </units>
  </info>
  <IntraTM ASID="20965">
    <src id="12">
      <dst id="12">232483.4667</dst>
      <dst id="13">21976.6667</dst>
      <dst id="19">3393.1822</dst>
      <dst id="23">212.9244</dst>
      <dst id="8">3715.2267</dst>
      <dst id="18">1222.2933</dst>
      <dst id="4">121472.0178</dst>
      <dst id="1">8665.3778</dst>
      <dst id="5">11653.1200</dst>
      <dst id="3">6497.7067</dst>
      <dst id="22">24360.2844</dst>
      <dst id="7">7933.6711</dst>
      <dst id="2">79648.4000</dst>
      <dst id="6">556.4444</dst>
      <dst id="16">9809.9911</dst>
      <dst id="14">1753.6800</dst>
      <dst id="20">7877.2178</dst>
      <dst id="11">5742.2044</dst>
      <dst id="9">6254.1333</dst>
      <dst id="17">55983.2356</dst>
      <dst id="21">19915.5111</dst>
      <dst id="15">3567.5467</dst>
    </src>
    <src id="13">
      <dst id="12">64688.3467</dst>
      <dst id="19">6992.7111</dst>
      <dst id="23">108.3111</dst>
      <dst id="8">1813.3689</dst>
      <dst id="18">2980.8000</dst>
      <dst id="1">4285.6800</dst>
      <dst id="5">10699.6356</dst>
      <dst id="3">7972.1778</dst>
      <dst id="22">33452.8800</dst>
      <dst id="7">16701.9911</dst>
      <dst id="2">130203.9822</dst>
      <dst id="6">24.5422</dst>
      <dst id="16">9249.1911</dst>
      <dst id="14">3254.5778</dst>
      <dst id="20">7031.5644</dst>
      <dst id="11">10680.5956</dst>
      <dst id="9">14833.9289</dst>
      <dst id="17">74031.3156</dst>
      <dst id="21">20246.2222</dst>
      <dst id="15">3969.9644</dst>
    </src>
    <src id="19">
      <dst id="12">14426.2400</dst>
      <dst id="13">179.6711</dst>
      <dst id="23">41.3867</dst>
      <dst id="18">148.4800</dst>
      <dst id="4">20585.1289</dst>
      <dst id="1">124.6133</dst>
      <dst id="5">1.6800</dst>
      <dst id="3">576.6578</dst>
      <dst id="22">1026.9511</dst>
      <dst id="7">3318.0444</dst>
      <dst id="2">9629.5378</dst>
      <dst id="6">88.6400</dst>
      <dst id="16">6893.1022</dst>
      <dst id="14">0.4978</dst>
      <dst id="20">3.2267</dst>
      <dst id="11">687.8578</dst>
      <dst id="9">131.7422</dst>
      <dst id="17">755.7778</dst>
      <dst id="21">178.6756</dst>
      <dst id="15">1134.6133</dst>
    </src>
    <src id="23">
      <dst id="12">165.2000</dst>
      <dst id="13">23.6622</dst>
      <dst id="19">0.4711</dst>
      <dst id="8">67.1289</dst>
      <dst id="18">0.7822</dst>
      <dst id="4">40.0000</dst>
      <dst id="1">58.7378</dst>
      <dst id="5">18.9156</dst>
      <dst id="3">39.5378</dst>
      <dst id="22">29.8667</dst>
      <dst id="7">143.6533</dst>
      <dst id="2">42.6400</dst>
      <dst id="16">7.3422</dst>
      <dst id="14">12.6222</dst>
      <dst id="20">40.0000</dst>
      <dst id="11">1578.0889</dst>
      <dst id="9">496.6222</dst>
      <dst id="17">20351.9556</dst>
      <dst id="21">2319.9822</dst>
      <dst id="15">13.3333</dst>
    </src>
    <src id="8">
      <dst id="12">326340.0800</dst>
      <dst id="13">1139.3156</dst>
      <dst id="19">6.4622</dst>
      <dst id="23">120.0000</dst>
      <dst id="18">18.0533</dst>
      <dst id="4">9218.3378</dst>
      <dst id="1">48.3111</dst>
      <dst id="5">1230.3022</dst>
      <dst id="3">133.3600</dst>
      <dst id="22">691.2089</dst>
      <dst id="7">17.9022</dst>
      <dst id="2">93629.6711</dst>
      <dst id="16">421.9822</dst>
      <dst id="14">0.4267</dst>
      <dst id="20">293.6089</dst>
      <dst id="11">131.8756</dst>
      <dst id="9">3375.5733</dst>
      <dst id="17">68230.4622</dst>
      <dst id="21">213.6978</dst>
      <dst id="15">779.6622</dst>
    </src>
    <src id="18">
      <dst id="12">134346.9600</dst>
      <dst id="13">269.0844</dst>
      <dst id="19">42.0978</dst>
      <dst id="23">1.5467</dst>
      <dst id="8">28.1600</dst>
      <dst id="4">1846.4800</dst>
      <dst id="1">1113.3244</dst>
      <dst id="5">147.4400</dst>
      <dst id="3">186.9689</dst>
      <dst id="22">249.4578</dst>
      <dst id="7">141.4044</dst>
      <dst id="2">35175.2533</dst>
      <dst id="16">15.4044</dst>
      <dst id="14">15.1022</dst>
      <dst id="20">52.3289</dst>
      <dst id="11">40.0711</dst>
      <dst id="9">77.4933</dst>
      <dst id="17">29657.0933</dst>
      <dst id="21">419.6711</dst>
      <dst id="15">3.7422</dst>
    </src>
    <src id="4">
      <dst id="12">69653.6978</dst>
      <dst id="19">10117.9556</dst>
      <dst id="8">725.6267</dst>
      <dst id="18">5102.9600</dst>
      <dst id="4">0.7111</dst>
      <dst id="1">1890.5244</dst>
      <dst id="5">802.4444</dst>
      <dst id="3">12096.3822</dst>
      <dst id="22">4972.8089</dst>
      <dst id="7">54484.5333</dst>
      <dst id="2">75680.7289</dst>
      <dst id="6">2.2489</dst>
      <dst id="16">1517.8578</dst>
      <dst id="14">1676.0978</dst>
      <dst id="20">612.7556</dst>
      <dst id="11">8740.4444</dst>
      <dst id="9">1528.0089</dst>
      <dst id="17">59286.2311</dst>
      <dst id="21">6036.0267</dst>
      <dst id="15">781.3689</dst>
    </src>
    <src id="1">
      <dst id="12">15886.7467</dst>
      <dst id="13">2635.2089</dst>
      <dst id="19">3334.1511</dst>
      <dst id="23">148.7200</dst>
      <dst id="8">95548.8889</dst>
      <dst id="18">11355.2800</dst>
      <dst id="4">13183.8044</dst>
      <dst id="1">58.9689</dst>
      <dst id="5">169298.5600</dst>
      <dst id="3">20286.8089</dst>
      <dst id="22">1171.4311</dst>
      <dst id="7">13251.1467</dst>
      <dst id="2">3051.6356</dst>
      <dst id="6">8087.5111</dst>
      <dst id="16">10314.0978</dst>
      <dst id="14">92.5778</dst>
      <dst id="20">134.3467</dst>
      <dst id="11">530.0089</dst>
      <dst id="9">197022.5956</dst>
      <dst id="17">1846.5333</dst>
      <dst id="21">6584.8622</dst>
      <dst id="15">71.7867</dst>
    </src>
    <src id="5">
      <dst id="12">360450.4000</dst>
      <dst id="13">14734.0978</dst>
      <dst id="19">15.2267</dst>
      <dst id="23">0.9244</dst>
      <dst id="8">23522.8267</dst>
      <dst id="18">252.1244</dst>
      <dst id="4">8488.6844</dst>
      <dst id="1">82.4356</dst>
      <dst id="3">184.8178</dst>
      <dst id="22">11793.7156</dst>
      <dst id="7">372.6311</dst>
      <dst id="2">126126.9600</dst>
      <dst id="6">25.8133</dst>
      <dst id="16">302.4356</dst>
      <dst id="14">90.6489</dst>
      <dst id="20">6832.0356</dst>
      <dst id="11">2066.9689</dst>
      <dst id="9">805.5289</dst>
      <dst id="17">76709.7511</dst>
      <dst id="21">359.0311</dst>
      <dst id="15">440.2933</dst>
    </src>
    <src id="3">
      <dst id="12">16445.6444</dst>
      <dst id="13">1066.9333</dst>
      <dst id="19">4478.5956</dst>
      <dst id="23">0.9244</dst>
      <dst id="8">99.5467</dst>
      <dst id="18">88768.2844</dst>
      <dst id="4">43673.6267</dst>
      <dst id="1">48888.6933</dst>
      <dst id="5">411.1022</dst>
      <dst id="3">13419.6178</dst>
      <dst id="22">441.3600</dst>
      <dst id="7">2804.0889</dst>
      <dst id="2">5578.2489</dst>
      <dst id="6">0.3289</dst>
      <dst id="16">1136.9067</dst>
      <dst id="14">30205.8400</dst>
      <dst id="20">1088.7289</dst>
      <dst id="11">123628.2933</dst>
      <dst id="9">103.4044</dst>
      <dst id="17">12480.2844</dst>
      <dst id="21">10274.2222</dst>
      <dst id="15">45.4489</dst>
    </src>
    <src id="10">
      <dst id="12">12932.8089</dst>
      <dst id="19">1185.9200</dst>
      <dst id="8">1612.9600</dst>
      <dst id="18">3013.2178</dst>
      <dst id="1">1654.6133</dst>
      <dst id="5">965.3778</dst>
      <dst id="3">11091.6800</dst>
      <dst id="22">7451.8844</dst>
      <dst id="7">8907.9911</dst>
      <dst id="2">20003.2356</dst>
      <dst id="6">1.5200</dst>
      <dst id="16">7691.6356</dst>
      <dst id="14">2619.7067</dst>
      <dst id="20">3193.5733</dst>
      <dst id="11">5024.4978</dst>
      <dst id="9">7941.8222</dst>
      <dst id="17">20225.8667</dst>
      <dst id="21">20183.5556</dst>
      <dst id="15">938.9156</dst>
    </src>
    <src id="22">
      <dst id="12">7637.4311</dst>
      <dst id="13">3713.8844</dst>
      <dst id="19">45.3511</dst>
      <dst id="23">0.8889</dst>
      <dst id="8">393.0933</dst>
      <dst id="18">1156.0889</dst>
      <dst id="4">23445.0489</dst>
      <dst id="1">36.0978</dst>
      <dst id="5">2285.5111</dst>
      <dst id="3">552.6311</dst>
      <dst id="7">1213.2978</dst>
      <dst id="2">2614.1244</dst>
      <dst id="6">2.2044</dst>
      <dst id="16">0.4089</dst>
      <dst id="14">325.5111</dst>
      <dst id="11">6428.0800</dst>
      <dst id="9">1913.4044</dst>
      <dst id="17">4188.3289</dst>
      <dst id="21">1110.4533</dst>
    </src>
    <src id="7">
      <dst id="12">6310.8622</dst>
      <dst id="13">489.2178</dst>
      <dst id="19">399.6711</dst>
      <dst id="23">34.3200</dst>
      <dst id="8">704.0178</dst>
      <dst id="18">1935.6800</dst>
      <dst id="4">54968.9867</dst>
      <dst id="1">7394.8889</dst>
      <dst id="5">1662.6311</dst>
      <dst id="3">2844.7378</dst>
      <dst id="22">6884.8711</dst>
      <dst id="7">707.7333</dst>
      <dst id="2">8721.6800</dst>
      <dst id="6">34.1867</dst>
      <dst id="16">643.7956</dst>
      <dst id="14">119.6444</dst>
      <dst id="20">1783.0933</dst>
      <dst id="11">828.4267</dst>
      <dst id="9">603.8578</dst>
      <dst id="17">9246.9156</dst>
      <dst id="21">3928.0356</dst>
      <dst id="15">3754.5422</dst>
    </src>
    <src id="2">
      <dst id="12">83027.6178</dst>
      <dst id="13">12896.1422</dst>
      <dst id="19">572.4089</dst>
      <dst id="8">235.7600</dst>
      <dst id="18">73574.1422</dst>
      <dst id="4">131064.2489</dst>
      <dst id="1">1562.7378</dst>
      <dst id="5">7054.4089</dst>
      <dst id="3">4474.4622</dst>
      <dst id="22">3272.5511</dst>
      <dst id="7">4459.4044</dst>
      <dst id="2">254.1689</dst>
      <dst id="6">5458.7200</dst>
      <dst id="16">4122.2222</dst>
      <dst id="14">232.8356</dst>
      <dst id="20">1616.5867</dst>
      <dst id="11">4191.1467</dst>
      <dst id="9">855.7244</dst>
      <dst id="17">13047.7600</dst>
      <dst id="21">2960.3467</dst>
      <dst id="15">90.1867</dst>
    </src>
    <src id="6">
      <dst id="12">8885.0311</dst>
      <dst id="13">3.8756</dst>
      <dst id="19">12.8089</dst>
      <dst id="8">0.3556</dst>
      <dst id="18">0.3556</dst>
      <dst id="4">37.5822</dst>
      <dst id="1">2.8622</dst>
      <dst id="5">0.3556</dst>
      <dst id="22">1.7867</dst>
      <dst id="7">1.2444</dst>
      <dst id="2">1709.4844</dst>
      <dst id="16">1.6178</dst>
      <dst id="14">0.4178</dst>
      <dst id="11">0.6667</dst>
      <dst id="9">4.2044</dst>
      <dst id="17">961.8756</dst>
      <dst id="21">14.2844</dst>
    </src>
    <src id="16">
      <dst id="12">2243.0489</dst>
      <dst id="13">549.7156</dst>
      <dst id="19">3394.8889</dst>
      <dst id="23">1.6000</dst>
      <dst id="8">2851.9467</dst>
      <dst id="18">25.6178</dst>
      <dst id="4">7383.8844</dst>
      <dst id="1">8418.8267</dst>
      <dst id="5">929.1644</dst>
      <dst id="3">1275.1467</dst>
      <dst id="7">11333.0578</dst>
      <dst id="2">1005.0756</dst>
      <dst id="16">27.6356</dst>
      <dst id="11">731.9556</dst>
      <dst id="9">3209.4844</dst>
      <dst id="17">2561.0133</dst>
      <dst id="21">116.3556</dst>
    </src>
    <src id="14">
      <dst id="12">17759.9378</dst>
      <dst id="13">89.6089</dst>
      <dst id="19">8.4267</dst>
      <dst id="18">28.4533</dst>
      <dst id="4">2314.7378</dst>
      <dst id="1">35.7778</dst>
      <dst id="5">8.9244</dst>
      <dst id="3">327.5111</dst>
      <dst id="22">45.0844</dst>
      <dst id="7">60.6844</dst>
      <dst id="2">5578.7644</dst>
      <dst id="16">2.0533</dst>
      <dst id="20">2.2578</dst>
      <dst id="11">31.3867</dst>
      <dst id="9">16.9244</dst>
      <dst id="17">3579.7333</dst>
      <dst id="21">100.7111</dst>
    </src>
    <src id="20">
      <dst id="12">2505.7244</dst>
      <dst id="13">2233.5733</dst>
      <dst id="19">91.4311</dst>
      <dst id="23">4.2844</dst>
      <dst id="8">110.7733</dst>
      <dst id="18">265.6089</dst>
      <dst id="4">14639.6267</dst>
      <dst id="1">72.1067</dst>
      <dst id="5">474.1956</dst>
      <dst id="3">174.4267</dst>
      <dst id="7">381.7422</dst>
      <dst id="2">6769.0044</dst>
      <dst id="14">4.2489</dst>
      <dst id="11">2372.9067</dst>
      <dst id="9">6852.1244</dst>
      <dst id="17">4751.2711</dst>
      <dst id="21">389.2622</dst>
    </src>
    <src id="11">
      <dst id="12">417797.2978</dst>
      <dst id="13">839.9111</dst>
      <dst id="19">142.2400</dst>
      <dst id="23">1319.2444</dst>
      <dst id="8">51.3778</dst>
      <dst id="18">273.8667</dst>
      <dst id="4">13276.3289</dst>
      <dst id="1">688.9867</dst>
      <dst id="5">1248.6933</dst>
      <dst id="3">1827.4133</dst>
      <dst id="22">6137.6000</dst>
      <dst id="7">238.6489</dst>
      <dst id="2">169153.0578</dst>
      <dst id="6">2.9333</dst>
      <dst id="16">270.5511</dst>
      <dst id="14">54.8800</dst>
      <dst id="20">1406.4356</dst>
      <dst id="11">1414.4533</dst>
      <dst id="9">430.5333</dst>
      <dst id="17">88612.1244</dst>
      <dst id="21">1439.8311</dst>
      <dst id="15">629.4933</dst>
    </src>
    <src id="9">
      <dst id="12">515281.0400</dst>
      <dst id="13">6829.7244</dst>
      <dst id="19">53.4044</dst>
      <dst id="23">14.6133</dst>
      <dst id="8">398.0267</dst>
      <dst id="18">992.6933</dst>
      <dst id="4">16714.0356</dst>
      <dst id="1">236.3200</dst>
      <dst id="5">1168.1511</dst>
      <dst id="3">259.9644</dst>
      <dst id="22">7671.9911</dst>
      <dst id="7">192.6222</dst>
      <dst id="2">163561.5378</dst>
      <dst id="16">441.1022</dst>
      <dst id="14">0.4622</dst>
      <dst id="20">2659.7244</dst>
      <dst id="11">374.4267</dst>
      <dst id="9">1869.5822</dst>
      <dst id="17">125489.3689</dst>
      <dst id="21">866.8889</dst>
      <dst id="15">419.8933</dst>
    </src>
    <src id="17">
      <dst id="12">4850.3822</dst>
      <dst id="13">3401.4400</dst>
      <dst id="19">19852.4356</dst>
      <dst id="23">368.6400</dst>
      <dst id="8">101276.7289</dst>
      <dst id="18">1050.1244</dst>
      <dst id="4">73837.9644</dst>
      <dst id="1">429.1911</dst>
      <dst id="5">177887.1733</dst>
      <dst id="3">24834.1333</dst>
      <dst id="22">6031.8756</dst>
      <dst id="7">40301.0756</dst>
      <dst id="2">9899.6978</dst>
      <dst id="6">64.4622</dst>
      <dst id="16">3946.2489</dst>
      <dst id="14">23828.1956</dst>
      <dst id="20">5166.5778</dst>
      <dst id="11">103933.7600</dst>
      <dst id="9">170774.8178</dst>
      <dst id="17">2174.9511</dst>
      <dst id="21">6244.8089</dst>
      <dst id="15">38.2578</dst>
    </src>
    <src id="21">
      <dst id="12">25138.3200</dst>
      <dst id="13">696.1778</dst>
      <dst id="19">134.3200</dst>
      <dst id="23">51.2000</dst>
      <dst id="8">1133.6978</dst>
      <dst id="18">1733.9822</dst>
      <dst id="4">23959.3333</dst>
      <dst id="1">1914.8444</dst>
      <dst id="5">461.9911</dst>
      <dst id="3">920.6667</dst>
      <dst id="22">1666.5778</dst>
      <dst id="7">697.6622</dst>
      <dst id="2">17335.4133</dst>
      <dst id="16">173.6533</dst>
      <dst id="14">282.5156</dst>
      <dst id="20">327.4489</dst>
      <dst id="11">4607.7156</dst>
      <dst id="9">516.4889</dst>
      <dst id="17">3957.0489</dst>
      <dst id="21">1699.1467</dst>
      <dst id="15">170.9956</dst>
    </src>
    <src id="15">
      <dst id="12">817.0311</dst>
      <dst id="13">175.0489</dst>
      <dst id="19">1304.4711</dst>
      <dst id="23">0.8178</dst>
      <dst id="8">72.4533</dst>
      <dst id="18">42.4711</dst>
      <dst id="4">3124.3111</dst>
      <dst id="1">60.9511</dst>
      <dst id="5">728.3911</dst>
      <dst id="3">364.7200</dst>
      <dst id="7">124.9333</dst>
      <dst id="2">324.6933</dst>
      <dst id="6">0.5244</dst>
      <dst id="14">0.4889</dst>
      <dst id="11">248.4000</dst>
      <dst id="9">464.9867</dst>
      <dst id="17">424.7378</dst>
      <dst id="21">199.7244</dst>
    </src>
  </IntraTM>
</TrafficMatrixFile>
