<?xml version="1.0" encoding="UTF-8" standalone="yes"?>
<TrafficMatrixFile xmlns:xsi="http://www.w3.org/2001/XMLSchema-instance" xsi:noNamespaceSchemaLocation="http://totem.run.montefiore.ulg.ac.be/Schema/TrafficMatrix-v1_2.xsd">
  <info>
    <title>Intradomain traffic matrix generated by geant-TM-all.pl</title>
    <date>2005-01-05T01:15:00</date>
    <duration>900</duration>
    <author>Steve Uhlig</author>
    <units>
        <unit type="bandwidth" value="kbps"/>
    </units>
  </info>
  <IntraTM ASID="20965">
    <src id="12">
      <dst id="12">267037.3333</dst>
      <dst id="13">45983.1733</dst>
      <dst id="19">1433.0311</dst>
      <dst id="23">240.5422</dst>
      <dst id="8">1866.9956</dst>
      <dst id="18">841.7244</dst>
      <dst id="4">67034.2400</dst>
      <dst id="1">18821.2356</dst>
      <dst id="5">26946.0000</dst>
      <dst id="3">3602.1244</dst>
      <dst id="22">12540.5067</dst>
      <dst id="7">6886.6578</dst>
      <dst id="2">92294.1956</dst>
      <dst id="6">19.7867</dst>
      <dst id="16">8256.4622</dst>
      <dst id="14">330.9244</dst>
      <dst id="20">7591.0400</dst>
      <dst id="11">6579.4222</dst>
      <dst id="9">9839.0044</dst>
      <dst id="17">75339.1111</dst>
      <dst id="21">1769.0667</dst>
      <dst id="15">1104.6844</dst>
    </src>
    <src id="13">
      <dst id="12">52950.2933</dst>
      <dst id="19">6171.4756</dst>
      <dst id="23">98.7111</dst>
      <dst id="8">5193.7333</dst>
      <dst id="18">3353.4756</dst>
      <dst id="1">21958.0622</dst>
      <dst id="5">7253.4222</dst>
      <dst id="3">4241.2711</dst>
      <dst id="22">26237.8133</dst>
      <dst id="7">11613.6711</dst>
      <dst id="2">98636.3022</dst>
      <dst id="6">1350.0267</dst>
      <dst id="16">8421.3067</dst>
      <dst id="14">2445.1556</dst>
      <dst id="20">10527.1289</dst>
      <dst id="11">13121.5733</dst>
      <dst id="9">16090.5778</dst>
      <dst id="17">58933.6444</dst>
      <dst id="21">8672.6844</dst>
      <dst id="15">2660.7911</dst>
    </src>
    <src id="19">
      <dst id="12">14467.7067</dst>
      <dst id="13">1158.6133</dst>
      <dst id="23">13.6889</dst>
      <dst id="8">12.9156</dst>
      <dst id="18">52.6222</dst>
      <dst id="4">15024.9600</dst>
      <dst id="1">1500.3911</dst>
      <dst id="5">0.3556</dst>
      <dst id="3">27.1644</dst>
      <dst id="22">145.1733</dst>
      <dst id="7">10598.9422</dst>
      <dst id="2">2642.8889</dst>
      <dst id="6">25.3600</dst>
      <dst id="16">4072.2133</dst>
      <dst id="14">27.1733</dst>
      <dst id="20">1640.3378</dst>
      <dst id="11">8.0622</dst>
      <dst id="9">597.8578</dst>
      <dst id="17">977.7689</dst>
      <dst id="21">524.5156</dst>
      <dst id="15">1.0667</dst>
    </src>
    <src id="23">
      <dst id="12">264.5422</dst>
      <dst id="13">123.5467</dst>
      <dst id="19">2.1333</dst>
      <dst id="18">1.6978</dst>
      <dst id="4">14.7822</dst>
      <dst id="1">272.4356</dst>
      <dst id="5">330.4533</dst>
      <dst id="3">224.4089</dst>
      <dst id="22">1208.7822</dst>
      <dst id="7">1871.9111</dst>
      <dst id="2">78.0356</dst>
      <dst id="6">122.5244</dst>
      <dst id="16">57.3333</dst>
      <dst id="20">93.9289</dst>
      <dst id="11">55.1022</dst>
      <dst id="9">1160.3556</dst>
      <dst id="17">1122.8356</dst>
      <dst id="21">52.9244</dst>
      <dst id="15">106.6667</dst>
    </src>
    <src id="8">
      <dst id="12">327476.0711</dst>
      <dst id="13">539.3511</dst>
      <dst id="19">439.0222</dst>
      <dst id="18">49.5378</dst>
      <dst id="4">6979.4400</dst>
      <dst id="1">451.3956</dst>
      <dst id="5">1997.8578</dst>
      <dst id="3">25.7600</dst>
      <dst id="22">313.6622</dst>
      <dst id="7">2.1422</dst>
      <dst id="2">130897.0756</dst>
      <dst id="16">1937.9911</dst>
      <dst id="14">1.1022</dst>
      <dst id="20">133.2533</dst>
      <dst id="11">811.8222</dst>
      <dst id="9">389.0044</dst>
      <dst id="17">127755.6089</dst>
      <dst id="21">243.2978</dst>
      <dst id="15">76.3556</dst>
    </src>
    <src id="18">
      <dst id="12">94200.8178</dst>
      <dst id="13">180.9156</dst>
      <dst id="19">3.5200</dst>
      <dst id="23">0.4978</dst>
      <dst id="8">14.8622</dst>
      <dst id="4">1183.9911</dst>
      <dst id="1">1399.2178</dst>
      <dst id="5">609.1822</dst>
      <dst id="3">44.6844</dst>
      <dst id="22">136.7644</dst>
      <dst id="7">1715.5378</dst>
      <dst id="2">37145.2533</dst>
      <dst id="16">65.8133</dst>
      <dst id="14">28.9956</dst>
      <dst id="20">20.0000</dst>
      <dst id="11">63.6978</dst>
      <dst id="9">32.9778</dst>
      <dst id="17">39523.0133</dst>
      <dst id="21">238.8533</dst>
      <dst id="15">1.5644</dst>
    </src>
    <src id="4">
      <dst id="12">17639.6089</dst>
      <dst id="19">16581.0578</dst>
      <dst id="23">13.7956</dst>
      <dst id="8">1497.6889</dst>
      <dst id="18">351.7067</dst>
      <dst id="1">122957.7156</dst>
      <dst id="5">2092.8267</dst>
      <dst id="3">134.9689</dst>
      <dst id="22">4154.1333</dst>
      <dst id="7">60899.1289</dst>
      <dst id="2">67578.8800</dst>
      <dst id="6">3.2178</dst>
      <dst id="16">1872.2756</dst>
      <dst id="14">2469.8044</dst>
      <dst id="20">1976.9067</dst>
      <dst id="11">3483.4578</dst>
      <dst id="9">2726.6844</dst>
      <dst id="17">31470.0089</dst>
      <dst id="21">3896.0000</dst>
      <dst id="15">158.4800</dst>
    </src>
    <src id="1">
      <dst id="12">23287.9644</dst>
      <dst id="13">1012.5511</dst>
      <dst id="19">51.2089</dst>
      <dst id="23">172.5511</dst>
      <dst id="8">123565.6000</dst>
      <dst id="18">14156.9778</dst>
      <dst id="4">17805.5289</dst>
      <dst id="1">3054.0978</dst>
      <dst id="5">233887.3689</dst>
      <dst id="3">117.5378</dst>
      <dst id="22">2607.0133</dst>
      <dst id="7">1448.7822</dst>
      <dst id="2">10619.1022</dst>
      <dst id="6">9861.6889</dst>
      <dst id="16">6972.6400</dst>
      <dst id="14">69.2711</dst>
      <dst id="20">130.8444</dst>
      <dst id="11">454.1156</dst>
      <dst id="9">221084.0444</dst>
      <dst id="17">6245.9200</dst>
      <dst id="21">2168.7200</dst>
      <dst id="15">86.7111</dst>
    </src>
    <src id="5">
      <dst id="12">353248.5600</dst>
      <dst id="13">2065.2711</dst>
      <dst id="19">14.5778</dst>
      <dst id="23">6.9689</dst>
      <dst id="8">7514.6222</dst>
      <dst id="18">320.4533</dst>
      <dst id="4">5055.2267</dst>
      <dst id="1">750.5156</dst>
      <dst id="3">14.4356</dst>
      <dst id="22">5556.1333</dst>
      <dst id="7">127.4578</dst>
      <dst id="2">143260.0622</dst>
      <dst id="6">0.4267</dst>
      <dst id="16">625.9111</dst>
      <dst id="14">2.0711</dst>
      <dst id="20">353.2889</dst>
      <dst id="11">4945.1022</dst>
      <dst id="9">563.4311</dst>
      <dst id="17">125117.1378</dst>
      <dst id="21">171.9111</dst>
      <dst id="15">1523.5289</dst>
    </src>
    <src id="3">
      <dst id="12">8768.2578</dst>
      <dst id="13">1196.2667</dst>
      <dst id="19">1540.4889</dst>
      <dst id="23">9462.5511</dst>
      <dst id="8">87.4933</dst>
      <dst id="18">56376.4444</dst>
      <dst id="4">12968.8978</dst>
      <dst id="1">5588.6844</dst>
      <dst id="5">177.5200</dst>
      <dst id="3">13049.6089</dst>
      <dst id="22">1921.2800</dst>
      <dst id="7">1685.6178</dst>
      <dst id="2">8076.3556</dst>
      <dst id="6">1.3867</dst>
      <dst id="16">1418.2933</dst>
      <dst id="14">45755.2622</dst>
      <dst id="20">82.6489</dst>
      <dst id="11">139641.3422</dst>
      <dst id="9">585.4933</dst>
      <dst id="17">10943.6267</dst>
      <dst id="21">12869.1733</dst>
      <dst id="15">39.6444</dst>
    </src>
    <src id="10">
      <dst id="12">10157.3422</dst>
      <dst id="19">5426.7822</dst>
      <dst id="8">525.4844</dst>
      <dst id="18">3981.3511</dst>
      <dst id="1">2849.6356</dst>
      <dst id="5">1171.1378</dst>
      <dst id="3">2040.8889</dst>
      <dst id="22">7701.1911</dst>
      <dst id="7">8460.7467</dst>
      <dst id="2">26827.9111</dst>
      <dst id="6">4.1511</dst>
      <dst id="16">2495.0222</dst>
      <dst id="14">5578.1333</dst>
      <dst id="20">3042.6044</dst>
      <dst id="11">5309.1733</dst>
      <dst id="9">5430.8267</dst>
      <dst id="17">19890.8800</dst>
      <dst id="21">10708.8444</dst>
      <dst id="15">40.7467</dst>
    </src>
    <src id="22">
      <dst id="12">9245.7867</dst>
      <dst id="13">7690.8178</dst>
      <dst id="19">840.0089</dst>
      <dst id="23">2673.1911</dst>
      <dst id="8">583.8489</dst>
      <dst id="18">450.1156</dst>
      <dst id="4">14729.5644</dst>
      <dst id="1">578.9511</dst>
      <dst id="5">2948.4978</dst>
      <dst id="3">684.2933</dst>
      <dst id="7">2233.7956</dst>
      <dst id="2">4183.1200</dst>
      <dst id="6">14.6578</dst>
      <dst id="16">20.2311</dst>
      <dst id="14">331.4311</dst>
      <dst id="11">1446.7378</dst>
      <dst id="9">2653.0667</dst>
      <dst id="17">6140.2933</dst>
      <dst id="21">305.8311</dst>
    </src>
    <src id="7">
      <dst id="12">4558.3289</dst>
      <dst id="13">1562.9511</dst>
      <dst id="19">3224.4444</dst>
      <dst id="23">213.6356</dst>
      <dst id="8">20.6044</dst>
      <dst id="18">121.1644</dst>
      <dst id="4">6720.3289</dst>
      <dst id="1">4579.8933</dst>
      <dst id="5">1101.1111</dst>
      <dst id="3">71.9556</dst>
      <dst id="22">3068.7556</dst>
      <dst id="7">609.0311</dst>
      <dst id="2">6023.7867</dst>
      <dst id="6">0.3556</dst>
      <dst id="16">1737.1644</dst>
      <dst id="14">188.9689</dst>
      <dst id="20">381.9822</dst>
      <dst id="11">1025.0400</dst>
      <dst id="9">744.9778</dst>
      <dst id="17">16177.1911</dst>
      <dst id="21">1822.0711</dst>
      <dst id="15">201.9822</dst>
    </src>
    <src id="2">
      <dst id="12">91479.3244</dst>
      <dst id="13">521345.5022</dst>
      <dst id="19">1459.4222</dst>
      <dst id="23">13.3333</dst>
      <dst id="8">499.9378</dst>
      <dst id="18">53390.4267</dst>
      <dst id="4">89756.3289</dst>
      <dst id="1">8481.9911</dst>
      <dst id="5">977.5644</dst>
      <dst id="3">86.1689</dst>
      <dst id="22">10838.7111</dst>
      <dst id="7">2628.5333</dst>
      <dst id="2">1416.6933</dst>
      <dst id="6">8719.7778</dst>
      <dst id="16">2243.0222</dst>
      <dst id="14">4899.3867</dst>
      <dst id="20">1352.3644</dst>
      <dst id="11">4765.7778</dst>
      <dst id="9">1160.0444</dst>
      <dst id="17">19146.0178</dst>
      <dst id="21">5062.4533</dst>
      <dst id="15">185.1556</dst>
    </src>
    <src id="6">
      <dst id="12">11345.5022</dst>
      <dst id="13">26.4622</dst>
      <dst id="19">0.4622</dst>
      <dst id="23">4.6044</dst>
      <dst id="4">1097.6356</dst>
      <dst id="1">13.4400</dst>
      <dst id="5">0.7111</dst>
      <dst id="22">3.4756</dst>
      <dst id="7">62.9956</dst>
      <dst id="2">3313.4844</dst>
      <dst id="16">33.0667</dst>
      <dst id="9">1.0044</dst>
      <dst id="17">1901.9378</dst>
      <dst id="21">3.5378</dst>
    </src>
    <src id="16">
      <dst id="12">2262.6400</dst>
      <dst id="13">1023.1733</dst>
      <dst id="19">4424.6400</dst>
      <dst id="23">155.7689</dst>
      <dst id="8">5874.6311</dst>
      <dst id="18">39.4489</dst>
      <dst id="4">3244.0089</dst>
      <dst id="1">16504.0889</dst>
      <dst id="5">5271.5822</dst>
      <dst id="3">1.5022</dst>
      <dst id="7">2359.3422</dst>
      <dst id="2">831.8578</dst>
      <dst id="6">7.2622</dst>
      <dst id="16">47.9111</dst>
      <dst id="14">428.0800</dst>
      <dst id="11">227.4489</dst>
      <dst id="9">7199.3156</dst>
      <dst id="17">3216.5422</dst>
      <dst id="21">3128.4000</dst>
    </src>
    <src id="14">
      <dst id="12">21300.3111</dst>
      <dst id="13">107.5467</dst>
      <dst id="19">11.0044</dst>
      <dst id="8">0.4622</dst>
      <dst id="18">7.2089</dst>
      <dst id="4">2243.3244</dst>
      <dst id="1">197.6356</dst>
      <dst id="5">0.7111</dst>
      <dst id="3">78.4800</dst>
      <dst id="22">83.7244</dst>
      <dst id="7">75.4756</dst>
      <dst id="2">7800.5689</dst>
      <dst id="16">8.1422</dst>
      <dst id="20">0.7111</dst>
      <dst id="11">65.7778</dst>
      <dst id="9">113.9289</dst>
      <dst id="17">7523.0489</dst>
      <dst id="21">87.7689</dst>
    </src>
    <src id="20">
      <dst id="12">1720.1778</dst>
      <dst id="13">13738.4000</dst>
      <dst id="19">34.6311</dst>
      <dst id="23">90.4800</dst>
      <dst id="8">764.8444</dst>
      <dst id="18">228.8178</dst>
      <dst id="4">11523.1022</dst>
      <dst id="1">119.1289</dst>
      <dst id="5">503.1200</dst>
      <dst id="3">261.7333</dst>
      <dst id="7">185.0578</dst>
      <dst id="2">7086.9422</dst>
      <dst id="6">0.3556</dst>
      <dst id="14">14.4533</dst>
      <dst id="11">946.7644</dst>
      <dst id="9">1077.8222</dst>
      <dst id="17">3710.5511</dst>
      <dst id="21">343.5556</dst>
    </src>
    <src id="11">
      <dst id="12">391790.5956</dst>
      <dst id="13">4032.9778</dst>
      <dst id="19">103.7333</dst>
      <dst id="23">37.7422</dst>
      <dst id="8">381.8844</dst>
      <dst id="18">38.3467</dst>
      <dst id="4">12847.4844</dst>
      <dst id="1">684.7733</dst>
      <dst id="5">1514.9156</dst>
      <dst id="3">138.7644</dst>
      <dst id="22">2352.5244</dst>
      <dst id="7">269.0311</dst>
      <dst id="2">167347.4133</dst>
      <dst id="6">3.9822</dst>
      <dst id="16">158.2400</dst>
      <dst id="14">52.7289</dst>
      <dst id="20">2642.4356</dst>
      <dst id="11">2393.3778</dst>
      <dst id="9">1723.6178</dst>
      <dst id="17">169628.8533</dst>
      <dst id="21">412.8000</dst>
      <dst id="15">222.6667</dst>
    </src>
    <src id="9">
      <dst id="12">431894.4800</dst>
      <dst id="13">3584.0889</dst>
      <dst id="19">77.9644</dst>
      <dst id="23">53.9733</dst>
      <dst id="8">726.8533</dst>
      <dst id="18">47.5022</dst>
      <dst id="4">7653.2800</dst>
      <dst id="1">1147.0133</dst>
      <dst id="5">974.5422</dst>
      <dst id="3">86.8800</dst>
      <dst id="22">2984.3822</dst>
      <dst id="7">499.3244</dst>
      <dst id="2">162804.3733</dst>
      <dst id="16">818.3200</dst>
      <dst id="14">309.9378</dst>
      <dst id="20">501.5111</dst>
      <dst id="11">2479.3156</dst>
      <dst id="9">738.7467</dst>
      <dst id="17">179938.6489</dst>
      <dst id="21">623.8044</dst>
      <dst id="15">752.5156</dst>
    </src>
    <src id="17">
      <dst id="12">6199.5822</dst>
      <dst id="13">3350.0978</dst>
      <dst id="19">2458.4444</dst>
      <dst id="23">234.8533</dst>
      <dst id="8">126942.1067</dst>
      <dst id="18">132.5600</dst>
      <dst id="4">32005.6089</dst>
      <dst id="1">1874.7378</dst>
      <dst id="5">229336.7911</dst>
      <dst id="3">3574.0089</dst>
      <dst id="22">3764.5778</dst>
      <dst id="7">2316.3200</dst>
      <dst id="2">19941.6622</dst>
      <dst id="6">680.0444</dst>
      <dst id="16">5858.1422</dst>
      <dst id="14">46291.5733</dst>
      <dst id="20">10037.9822</dst>
      <dst id="11">111616.8356</dst>
      <dst id="9">172434.2222</dst>
      <dst id="17">2638.5778</dst>
      <dst id="21">11625.4133</dst>
      <dst id="15">114.6311</dst>
    </src>
    <src id="21">
      <dst id="12">21097.6711</dst>
      <dst id="13">1129.8133</dst>
      <dst id="19">252.2667</dst>
      <dst id="23">3.8400</dst>
      <dst id="8">95.6000</dst>
      <dst id="18">596.0267</dst>
      <dst id="4">10548.5600</dst>
      <dst id="1">2256.5689</dst>
      <dst id="5">439.9289</dst>
      <dst id="3">458.3378</dst>
      <dst id="22">721.8222</dst>
      <dst id="7">1201.1644</dst>
      <dst id="2">8115.5378</dst>
      <dst id="6">3.6711</dst>
      <dst id="16">335.3778</dst>
      <dst id="14">67.8667</dst>
      <dst id="20">437.1111</dst>
      <dst id="11">1997.7511</dst>
      <dst id="9">378.9067</dst>
      <dst id="17">4397.4311</dst>
      <dst id="21">231.2533</dst>
      <dst id="15">148.1867</dst>
    </src>
    <src id="15">
      <dst id="12">1343.5467</dst>
      <dst id="13">1008.6133</dst>
      <dst id="19">43.8844</dst>
      <dst id="23">3.4489</dst>
      <dst id="8">122.6044</dst>
      <dst id="18">1.7422</dst>
      <dst id="4">1113.7600</dst>
      <dst id="1">491.1200</dst>
      <dst id="5">177.4311</dst>
      <dst id="3">5.5822</dst>
      <dst id="7">54.8178</dst>
      <dst id="2">109.9911</dst>
      <dst id="6">0.4178</dst>
      <dst id="14">0.4267</dst>
      <dst id="11">218.7378</dst>
      <dst id="9">284.5778</dst>
      <dst id="17">502.7378</dst>
      <dst id="21">108.1600</dst>
    </src>
  </IntraTM>
</TrafficMatrixFile>
