<?xml version="1.0" encoding="UTF-8" standalone="yes"?>
<TrafficMatrixFile xmlns:xsi="http://www.w3.org/2001/XMLSchema-instance" xsi:noNamespaceSchemaLocation="http://totem.run.montefiore.ulg.ac.be/Schema/TrafficMatrix-v1_2.xsd">
  <info>
    <title>Intradomain traffic matrix generated by geant-TM-all.pl</title>
    <date>2005-01-04T23:00:00</date>
    <duration>900</duration>
    <author>Steve Uhlig</author>
    <units>
        <unit type="bandwidth" value="kbps"/>
    </units>
  </info>
  <IntraTM ASID="20965">
    <src id="12">
      <dst id="12">249894.6578</dst>
      <dst id="13">19874.3644</dst>
      <dst id="19">2691.9289</dst>
      <dst id="23">750.7467</dst>
      <dst id="8">2902.5156</dst>
      <dst id="18">389.3156</dst>
      <dst id="4">60002.9689</dst>
      <dst id="1">20138.2933</dst>
      <dst id="5">5090.1156</dst>
      <dst id="3">4207.9822</dst>
      <dst id="22">11671.2800</dst>
      <dst id="7">4612.9156</dst>
      <dst id="2">76128.1244</dst>
      <dst id="6">1.8489</dst>
      <dst id="16">11401.6000</dst>
      <dst id="14">5947.7422</dst>
      <dst id="20">4471.1289</dst>
      <dst id="11">4402.1333</dst>
      <dst id="9">7462.4978</dst>
      <dst id="17">76180.6667</dst>
      <dst id="21">2271.0222</dst>
      <dst id="15">1956.4800</dst>
    </src>
    <src id="13">
      <dst id="12">44915.7956</dst>
      <dst id="19">7936.7200</dst>
      <dst id="23">69.7778</dst>
      <dst id="8">3761.8044</dst>
      <dst id="18">1928.0800</dst>
      <dst id="1">7370.2933</dst>
      <dst id="5">4260.9689</dst>
      <dst id="3">7045.1644</dst>
      <dst id="22">23616.4978</dst>
      <dst id="7">8877.0044</dst>
      <dst id="2">95089.1289</dst>
      <dst id="6">363.8489</dst>
      <dst id="16">8505.6444</dst>
      <dst id="14">4946.9156</dst>
      <dst id="20">4680.0000</dst>
      <dst id="11">19739.5556</dst>
      <dst id="9">9910.4267</dst>
      <dst id="17">56858.5689</dst>
      <dst id="21">6429.4667</dst>
      <dst id="15">1891.3956</dst>
    </src>
    <src id="19">
      <dst id="12">15075.7689</dst>
      <dst id="13">228.3556</dst>
      <dst id="8">68.7289</dst>
      <dst id="18">2.4711</dst>
      <dst id="4">14354.3111</dst>
      <dst id="1">1147.6444</dst>
      <dst id="5">1.6444</dst>
      <dst id="3">2.2044</dst>
      <dst id="22">102.7822</dst>
      <dst id="7">3971.2089</dst>
      <dst id="2">212.5333</dst>
      <dst id="6">45.9289</dst>
      <dst id="16">4893.4844</dst>
      <dst id="14">24.8178</dst>
      <dst id="20">361.9822</dst>
      <dst id="11">2059.4044</dst>
      <dst id="9">135.2356</dst>
      <dst id="17">397.3244</dst>
      <dst id="21">323.7867</dst>
      <dst id="15">2.2756</dst>
    </src>
    <src id="23">
      <dst id="12">408.4267</dst>
      <dst id="13">731.9733</dst>
      <dst id="8">10.8267</dst>
      <dst id="1">52.2044</dst>
      <dst id="5">29.1200</dst>
      <dst id="3">204.0178</dst>
      <dst id="22">266.5333</dst>
      <dst id="7">164.2844</dst>
      <dst id="2">53.9200</dst>
      <dst id="6">82.5778</dst>
      <dst id="16">3363.4489</dst>
      <dst id="14">12.6222</dst>
      <dst id="20">30.7200</dst>
      <dst id="11">203.5200</dst>
      <dst id="9">4041.2444</dst>
      <dst id="17">604.9689</dst>
      <dst id="21">209.7422</dst>
      <dst id="15">67.0044</dst>
    </src>
    <src id="8">
      <dst id="12">305579.5733</dst>
      <dst id="13">382.1867</dst>
      <dst id="19">17.7511</dst>
      <dst id="18">59.6978</dst>
      <dst id="4">6315.6444</dst>
      <dst id="1">231.8311</dst>
      <dst id="5">743.4222</dst>
      <dst id="3">0.4978</dst>
      <dst id="22">2942.9600</dst>
      <dst id="7">32.7111</dst>
      <dst id="2">128275.9556</dst>
      <dst id="16">757.2356</dst>
      <dst id="14">14.6311</dst>
      <dst id="20">3276.3556</dst>
      <dst id="11">58.8444</dst>
      <dst id="9">412.7111</dst>
      <dst id="17">127329.4133</dst>
      <dst id="21">170.4089</dst>
      <dst id="15">254.7556</dst>
    </src>
    <src id="18">
      <dst id="12">91673.7067</dst>
      <dst id="13">449.5911</dst>
      <dst id="19">2.9156</dst>
      <dst id="23">0.3556</dst>
      <dst id="8">7.6800</dst>
      <dst id="4">1190.0622</dst>
      <dst id="1">1366.9511</dst>
      <dst id="5">244.9689</dst>
      <dst id="3">5.3867</dst>
      <dst id="22">525.8133</dst>
      <dst id="7">18.8800</dst>
      <dst id="2">31200.2756</dst>
      <dst id="16">14.8089</dst>
      <dst id="14">28.9156</dst>
      <dst id="20">27.4489</dst>
      <dst id="11">34.9689</dst>
      <dst id="9">167.7689</dst>
      <dst id="17">36433.1022</dst>
      <dst id="21">256.4356</dst>
      <dst id="15">267.7956</dst>
    </src>
    <src id="4">
      <dst id="12">16901.3067</dst>
      <dst id="19">15613.5733</dst>
      <dst id="8">543.4222</dst>
      <dst id="18">588.0267</dst>
      <dst id="4">1.0489</dst>
      <dst id="1">118523.1289</dst>
      <dst id="5">1850.4444</dst>
      <dst id="3">330.6311</dst>
      <dst id="22">3632.3378</dst>
      <dst id="7">32777.7244</dst>
      <dst id="2">58335.2089</dst>
      <dst id="6">26.5244</dst>
      <dst id="16">2293.1822</dst>
      <dst id="14">2338.1422</dst>
      <dst id="20">1586.1422</dst>
      <dst id="11">2268.7022</dst>
      <dst id="9">2480.2933</dst>
      <dst id="17">39444.0178</dst>
      <dst id="21">3421.9556</dst>
      <dst id="15">251.6267</dst>
    </src>
    <src id="1">
      <dst id="12">29552.8089</dst>
      <dst id="13">841.2978</dst>
      <dst id="19">491.5822</dst>
      <dst id="23">44.3378</dst>
      <dst id="8">124957.1556</dst>
      <dst id="18">15158.2578</dst>
      <dst id="4">8434.0267</dst>
      <dst id="1">6804.8267</dst>
      <dst id="5">240245.4311</dst>
      <dst id="3">165.9289</dst>
      <dst id="22">658.6222</dst>
      <dst id="7">3285.0667</dst>
      <dst id="2">3027.1378</dst>
      <dst id="6">7380.5867</dst>
      <dst id="16">8197.3689</dst>
      <dst id="14">558.3822</dst>
      <dst id="20">121.2978</dst>
      <dst id="11">430.5778</dst>
      <dst id="9">201002.8444</dst>
      <dst id="17">5013.9911</dst>
      <dst id="21">2053.9200</dst>
      <dst id="15">101.4667</dst>
    </src>
    <src id="5">
      <dst id="12">295760.1511</dst>
      <dst id="13">5371.6622</dst>
      <dst id="19">28.2044</dst>
      <dst id="23">221.3156</dst>
      <dst id="8">1063.7867</dst>
      <dst id="18">1468.8444</dst>
      <dst id="4">3865.5378</dst>
      <dst id="1">636.5689</dst>
      <dst id="3">3.3422</dst>
      <dst id="22">11139.2356</dst>
      <dst id="7">208.5778</dst>
      <dst id="2">125952.2578</dst>
      <dst id="6">45.8133</dst>
      <dst id="16">897.7778</dst>
      <dst id="14">45.7244</dst>
      <dst id="20">694.9244</dst>
      <dst id="11">6764.5867</dst>
      <dst id="9">8291.6533</dst>
      <dst id="17">108925.1467</dst>
      <dst id="21">81.0844</dst>
      <dst id="15">112.5244</dst>
    </src>
    <src id="3">
      <dst id="12">104672.7022</dst>
      <dst id="13">12941.1467</dst>
      <dst id="19">1296.6400</dst>
      <dst id="23">7329.1467</dst>
      <dst id="8">22.3378</dst>
      <dst id="18">50155.0489</dst>
      <dst id="4">27078.4622</dst>
      <dst id="1">3385.1644</dst>
      <dst id="5">403.5822</dst>
      <dst id="3">10951.8222</dst>
      <dst id="22">254.8089</dst>
      <dst id="7">1578.0267</dst>
      <dst id="2">5736.2489</dst>
      <dst id="6">1.3689</dst>
      <dst id="16">1508.0000</dst>
      <dst id="14">65441.2089</dst>
      <dst id="20">125.5289</dst>
      <dst id="11">118346.5689</dst>
      <dst id="9">578.1867</dst>
      <dst id="17">14236.9511</dst>
      <dst id="21">5602.3911</dst>
      <dst id="15">33.4756</dst>
    </src>
    <src id="10">
      <dst id="12">12446.5511</dst>
      <dst id="19">2190.6933</dst>
      <dst id="8">548.6844</dst>
      <dst id="18">170.8711</dst>
      <dst id="1">3486.1867</dst>
      <dst id="5">1720.0356</dst>
      <dst id="3">3743.3422</dst>
      <dst id="22">4792.3467</dst>
      <dst id="7">7039.4578</dst>
      <dst id="2">29089.8933</dst>
      <dst id="6">1.4667</dst>
      <dst id="16">2609.2356</dst>
      <dst id="14">6307.3689</dst>
      <dst id="20">993.0489</dst>
      <dst id="11">5887.8667</dst>
      <dst id="9">9716.6667</dst>
      <dst id="17">13511.6178</dst>
      <dst id="21">8456.1511</dst>
      <dst id="15">126.2667</dst>
    </src>
    <src id="22">
      <dst id="12">7704.6933</dst>
      <dst id="13">1986.9156</dst>
      <dst id="19">124.5067</dst>
      <dst id="23">111.0133</dst>
      <dst id="8">1011.9822</dst>
      <dst id="18">335.9644</dst>
      <dst id="4">13511.7511</dst>
      <dst id="1">439.3067</dst>
      <dst id="5">5597.4133</dst>
      <dst id="3">329.9289</dst>
      <dst id="7">325.4844</dst>
      <dst id="2">3646.6400</dst>
      <dst id="6">17.1378</dst>
      <dst id="16">14.4533</dst>
      <dst id="14">203.5289</dst>
      <dst id="11">2733.5467</dst>
      <dst id="9">4818.5333</dst>
      <dst id="17">2979.7956</dst>
      <dst id="21">468.3467</dst>
    </src>
    <src id="7">
      <dst id="12">3717.7422</dst>
      <dst id="13">1886.3467</dst>
      <dst id="19">4105.9200</dst>
      <dst id="23">85.0844</dst>
      <dst id="8">113.8044</dst>
      <dst id="18">66.1600</dst>
      <dst id="4">7992.5867</dst>
      <dst id="1">1668.6756</dst>
      <dst id="5">1043.4756</dst>
      <dst id="3">402.9067</dst>
      <dst id="22">4601.9378</dst>
      <dst id="7">594.4533</dst>
      <dst id="2">7048.1244</dst>
      <dst id="6">51.5022</dst>
      <dst id="16">982.7289</dst>
      <dst id="14">311.7778</dst>
      <dst id="20">548.8178</dst>
      <dst id="11">612.9333</dst>
      <dst id="9">783.3956</dst>
      <dst id="17">5240.0267</dst>
      <dst id="21">1075.2444</dst>
      <dst id="15">92.4800</dst>
    </src>
    <src id="2">
      <dst id="12">88654.6578</dst>
      <dst id="13">513016.2133</dst>
      <dst id="19">215.6000</dst>
      <dst id="23">12.6222</dst>
      <dst id="8">336.1867</dst>
      <dst id="18">54200.5244</dst>
      <dst id="4">73865.0044</dst>
      <dst id="1">4362.2222</dst>
      <dst id="5">1307.7600</dst>
      <dst id="3">76.8622</dst>
      <dst id="22">2199.5467</dst>
      <dst id="7">3886.2578</dst>
      <dst id="2">1054.3822</dst>
      <dst id="6">9208.5689</dst>
      <dst id="16">4465.2178</dst>
      <dst id="14">5362.1067</dst>
      <dst id="20">367.9022</dst>
      <dst id="11">3930.8444</dst>
      <dst id="9">486.9956</dst>
      <dst id="17">34380.4622</dst>
      <dst id="21">950.8978</dst>
      <dst id="15">718.1067</dst>
    </src>
    <src id="6">
      <dst id="12">10879.4578</dst>
      <dst id="13">2.4444</dst>
      <dst id="19">0.6311</dst>
      <dst id="23">4.3556</dst>
      <dst id="18">2.0089</dst>
      <dst id="4">1283.7333</dst>
      <dst id="1">15.1822</dst>
      <dst id="5">22.0711</dst>
      <dst id="22">4.8267</dst>
      <dst id="7">13.7511</dst>
      <dst id="2">2724.2311</dst>
      <dst id="16">55.3867</dst>
      <dst id="20">3.2978</dst>
      <dst id="11">24.1600</dst>
      <dst id="9">58.5333</dst>
      <dst id="17">1841.0933</dst>
      <dst id="21">0.5156</dst>
      <dst id="15">1.2800</dst>
    </src>
    <src id="16">
      <dst id="12">1906.3378</dst>
      <dst id="13">284.0089</dst>
      <dst id="19">3066.1867</dst>
      <dst id="23">94.5422</dst>
      <dst id="8">6238.9689</dst>
      <dst id="18">22.9422</dst>
      <dst id="4">3220.1867</dst>
      <dst id="1">15337.3511</dst>
      <dst id="5">6972.9867</dst>
      <dst id="3">1.9911</dst>
      <dst id="7">2896.1778</dst>
      <dst id="2">951.7867</dst>
      <dst id="6">43.8756</dst>
      <dst id="16">53.7067</dst>
      <dst id="14">535.8844</dst>
      <dst id="11">151.3067</dst>
      <dst id="9">5615.8844</dst>
      <dst id="17">1290.1156</dst>
      <dst id="21">2560.1778</dst>
    </src>
    <src id="14">
      <dst id="12">24481.5022</dst>
      <dst id="13">61.7156</dst>
      <dst id="19">3.4844</dst>
      <dst id="23">3.4756</dst>
      <dst id="8">0.6667</dst>
      <dst id="18">2.4533</dst>
      <dst id="4">2234.1156</dst>
      <dst id="1">256.1689</dst>
      <dst id="5">16.9956</dst>
      <dst id="3">94.4089</dst>
      <dst id="22">60.4444</dst>
      <dst id="7">85.0222</dst>
      <dst id="2">7847.0933</dst>
      <dst id="16">13.8222</dst>
      <dst id="20">3.0844</dst>
      <dst id="11">50.5422</dst>
      <dst id="9">94.1867</dst>
      <dst id="17">8464.0889</dst>
      <dst id="21">84.1956</dst>
      <dst id="15">25.2444</dst>
    </src>
    <src id="20">
      <dst id="12">6334.5600</dst>
      <dst id="13">3584.8889</dst>
      <dst id="19">375.8311</dst>
      <dst id="23">12.6222</dst>
      <dst id="8">390.4444</dst>
      <dst id="18">1.5556</dst>
      <dst id="4">8788.6400</dst>
      <dst id="1">275.6622</dst>
      <dst id="5">862.9244</dst>
      <dst id="3">194.7733</dst>
      <dst id="7">121.1556</dst>
      <dst id="2">2215.4756</dst>
      <dst id="6">0.3556</dst>
      <dst id="11">272.4889</dst>
      <dst id="9">22397.7244</dst>
      <dst id="17">2729.3600</dst>
      <dst id="21">174.5689</dst>
    </src>
    <src id="11">
      <dst id="12">383838.3289</dst>
      <dst id="13">4202.5511</dst>
      <dst id="19">61.7956</dst>
      <dst id="23">33.9644</dst>
      <dst id="8">473.8578</dst>
      <dst id="18">127.1200</dst>
      <dst id="4">9589.7511</dst>
      <dst id="1">435.4578</dst>
      <dst id="5">807.7956</dst>
      <dst id="3">230.0711</dst>
      <dst id="22">1170.5956</dst>
      <dst id="7">315.3778</dst>
      <dst id="2">154018.9422</dst>
      <dst id="6">0.7822</dst>
      <dst id="16">212.9867</dst>
      <dst id="14">137.9556</dst>
      <dst id="20">39.6533</dst>
      <dst id="11">785.9822</dst>
      <dst id="9">1646.0978</dst>
      <dst id="17">159308.3289</dst>
      <dst id="21">258.8978</dst>
      <dst id="15">42.0533</dst>
    </src>
    <src id="9">
      <dst id="12">410821.9556</dst>
      <dst id="13">20263.3689</dst>
      <dst id="19">1034.0800</dst>
      <dst id="23">105.7067</dst>
      <dst id="8">97.8667</dst>
      <dst id="18">25.2000</dst>
      <dst id="4">6536.2400</dst>
      <dst id="1">1616.1067</dst>
      <dst id="5">877.8489</dst>
      <dst id="3">31.1911</dst>
      <dst id="22">2270.7733</dst>
      <dst id="7">663.6267</dst>
      <dst id="2">173359.4044</dst>
      <dst id="6">55.5556</dst>
      <dst id="16">627.7778</dst>
      <dst id="14">7.4667</dst>
      <dst id="20">851.5200</dst>
      <dst id="11">1429.4222</dst>
      <dst id="9">1437.6089</dst>
      <dst id="17">162253.3956</dst>
      <dst id="21">251.3511</dst>
      <dst id="15">2350.7289</dst>
    </src>
    <src id="17">
      <dst id="12">9241.5111</dst>
      <dst id="13">2253.7333</dst>
      <dst id="19">440.9689</dst>
      <dst id="23">64.6133</dst>
      <dst id="8">127641.5556</dst>
      <dst id="18">91.6711</dst>
      <dst id="4">28798.0800</dst>
      <dst id="1">6816.3822</dst>
      <dst id="5">211573.2978</dst>
      <dst id="3">5202.3467</dst>
      <dst id="22">5983.0489</dst>
      <dst id="7">2194.4356</dst>
      <dst id="2">34799.4222</dst>
      <dst id="6">52.9778</dst>
      <dst id="16">2954.6222</dst>
      <dst id="14">43602.6311</dst>
      <dst id="20">801.7156</dst>
      <dst id="11">94137.8756</dst>
      <dst id="9">185732.9067</dst>
      <dst id="17">1989.0489</dst>
      <dst id="21">3972.2756</dst>
      <dst id="15">945.5200</dst>
    </src>
    <src id="21">
      <dst id="12">2828.6667</dst>
      <dst id="13">1073.5556</dst>
      <dst id="19">315.6178</dst>
      <dst id="23">6.2400</dst>
      <dst id="8">60.4978</dst>
      <dst id="18">59.1022</dst>
      <dst id="4">12542.0978</dst>
      <dst id="1">1768.5778</dst>
      <dst id="5">149.9289</dst>
      <dst id="3">873.6889</dst>
      <dst id="22">3215.7156</dst>
      <dst id="7">1579.1467</dst>
      <dst id="2">2462.5689</dst>
      <dst id="6">6.0089</dst>
      <dst id="16">483.2889</dst>
      <dst id="14">2226.3378</dst>
      <dst id="20">114.7467</dst>
      <dst id="11">321.2800</dst>
      <dst id="9">447.7067</dst>
      <dst id="17">1076.4533</dst>
      <dst id="21">393.1556</dst>
      <dst id="15">67.4311</dst>
    </src>
    <src id="15">
      <dst id="12">2771.1200</dst>
      <dst id="13">481.8133</dst>
      <dst id="19">52.1067</dst>
      <dst id="23">6.2311</dst>
      <dst id="8">65.4667</dst>
      <dst id="18">4.3644</dst>
      <dst id="4">593.6000</dst>
      <dst id="1">633.5556</dst>
      <dst id="5">28.4889</dst>
      <dst id="3">4.1511</dst>
      <dst id="7">3.5289</dst>
      <dst id="2">540.8889</dst>
      <dst id="6">0.4978</dst>
      <dst id="16">0.3022</dst>
      <dst id="11">21.2356</dst>
      <dst id="9">274.2667</dst>
      <dst id="17">263.2800</dst>
      <dst id="21">138.9778</dst>
    </src>
  </IntraTM>
</TrafficMatrixFile>
