<?xml version="1.0" encoding="UTF-8" standalone="yes"?>
<TrafficMatrixFile xmlns:xsi="http://www.w3.org/2001/XMLSchema-instance" xsi:noNamespaceSchemaLocation="http://totem.run.montefiore.ulg.ac.be/Schema/TrafficMatrix-v1_2.xsd">
  <info>
    <title>Intradomain traffic matrix generated by geant-TM-all.pl</title>
    <date>2005-01-05T09:00:00</date>
    <duration>900</duration>
    <author>Steve Uhlig</author>
    <units>
        <unit type="bandwidth" value="kbps"/>
    </units>
  </info>
  <IntraTM ASID="20965">
    <src id="12">
      <dst id="12">207990.1778</dst>
      <dst id="13">22898.3111</dst>
      <dst id="19">2225.9200</dst>
      <dst id="23">351.1467</dst>
      <dst id="8">2822.9778</dst>
      <dst id="18">935.4756</dst>
      <dst id="4">86658.6489</dst>
      <dst id="1">13830.1689</dst>
      <dst id="5">52871.8844</dst>
      <dst id="3">2197.8311</dst>
      <dst id="22">5115.2267</dst>
      <dst id="7">2076.1600</dst>
      <dst id="2">76260.3733</dst>
      <dst id="6">2.1956</dst>
      <dst id="16">8075.9556</dst>
      <dst id="14">190.5511</dst>
      <dst id="20">6920.9689</dst>
      <dst id="11">4444.9244</dst>
      <dst id="9">9497.2889</dst>
      <dst id="17">64662.1600</dst>
      <dst id="21">4210.3111</dst>
      <dst id="15">2048.9244</dst>
    </src>
    <src id="13">
      <dst id="12">58067.5822</dst>
      <dst id="19">5661.4578</dst>
      <dst id="23">53.9644</dst>
      <dst id="8">3951.1911</dst>
      <dst id="18">4511.4844</dst>
      <dst id="1">6393.9200</dst>
      <dst id="5">16158.9333</dst>
      <dst id="3">8112.9867</dst>
      <dst id="22">21460.2578</dst>
      <dst id="7">12902.2044</dst>
      <dst id="2">85792.0533</dst>
      <dst id="6">85.5022</dst>
      <dst id="16">8066.2578</dst>
      <dst id="14">1318.3644</dst>
      <dst id="20">13763.9200</dst>
      <dst id="11">10356.8622</dst>
      <dst id="9">8587.2000</dst>
      <dst id="17">43875.5022</dst>
      <dst id="21">11396.6489</dst>
      <dst id="15">2023.0578</dst>
    </src>
    <src id="19">
      <dst id="12">11685.5200</dst>
      <dst id="13">123.6356</dst>
      <dst id="23">1.5556</dst>
      <dst id="8">0.4978</dst>
      <dst id="18">2.2844</dst>
      <dst id="4">21921.4133</dst>
      <dst id="1">294.9689</dst>
      <dst id="5">15.8756</dst>
      <dst id="3">4.1689</dst>
      <dst id="22">739.8933</dst>
      <dst id="7">2971.3511</dst>
      <dst id="2">10086.3822</dst>
      <dst id="6">54.2489</dst>
      <dst id="16">5504.8000</dst>
      <dst id="14">1.0844</dst>
      <dst id="20">84.0533</dst>
      <dst id="11">421.8578</dst>
      <dst id="9">1.5644</dst>
      <dst id="17">2367.3778</dst>
      <dst id="21">47.5644</dst>
      <dst id="15">697.7156</dst>
    </src>
    <src id="23">
      <dst id="12">94.8711</dst>
      <dst id="13">91.7244</dst>
      <dst id="19">15.8933</dst>
      <dst id="18">12.6222</dst>
      <dst id="4">10.3200</dst>
      <dst id="1">70.3644</dst>
      <dst id="5">0.9244</dst>
      <dst id="3">178.0889</dst>
      <dst id="22">148.8178</dst>
      <dst id="7">147.5822</dst>
      <dst id="2">2.4533</dst>
      <dst id="16">554.3111</dst>
      <dst id="20">27.0222</dst>
      <dst id="11">32.5778</dst>
      <dst id="9">5500.2133</dst>
      <dst id="17">2071.7956</dst>
      <dst id="21">107.7867</dst>
    </src>
    <src id="8">
      <dst id="12">298991.8489</dst>
      <dst id="13">435.7067</dst>
      <dst id="19">0.4711</dst>
      <dst id="23">0.4622</dst>
      <dst id="18">13.3333</dst>
      <dst id="4">11514.0622</dst>
      <dst id="1">1594.5067</dst>
      <dst id="5">1407.4400</dst>
      <dst id="3">1.1289</dst>
      <dst id="22">1161.1467</dst>
      <dst id="7">11.5200</dst>
      <dst id="2">111361.2000</dst>
      <dst id="6">13.9911</dst>
      <dst id="16">1206.1156</dst>
      <dst id="14">0.4622</dst>
      <dst id="20">29.5111</dst>
      <dst id="11">175.6267</dst>
      <dst id="9">5303.1644</dst>
      <dst id="17">106709.1733</dst>
      <dst id="21">268.0000</dst>
      <dst id="15">62.4356</dst>
    </src>
    <src id="18">
      <dst id="12">91569.9911</dst>
      <dst id="13">124.3556</dst>
      <dst id="19">0.4267</dst>
      <dst id="23">0.3378</dst>
      <dst id="8">98.6756</dst>
      <dst id="4">1373.8578</dst>
      <dst id="1">1117.2889</dst>
      <dst id="5">167.8667</dst>
      <dst id="3">31.2356</dst>
      <dst id="22">854.2400</dst>
      <dst id="7">194.0178</dst>
      <dst id="2">29218.7111</dst>
      <dst id="16">23.0578</dst>
      <dst id="14">14.3644</dst>
      <dst id="20">45.6978</dst>
      <dst id="11">74.6933</dst>
      <dst id="9">42.5156</dst>
      <dst id="17">40510.9511</dst>
      <dst id="21">478.0356</dst>
      <dst id="15">5.7778</dst>
    </src>
    <src id="4">
      <dst id="12">17599.4667</dst>
      <dst id="19">16558.7644</dst>
      <dst id="8">708.8356</dst>
      <dst id="18">542.8622</dst>
      <dst id="4">1.1111</dst>
      <dst id="1">120061.4044</dst>
      <dst id="5">989.7867</dst>
      <dst id="3">92.9778</dst>
      <dst id="22">4461.0311</dst>
      <dst id="7">68595.5378</dst>
      <dst id="2">56890.7467</dst>
      <dst id="6">25.6800</dst>
      <dst id="16">4112.5067</dst>
      <dst id="14">458.5156</dst>
      <dst id="20">3931.6800</dst>
      <dst id="11">2874.5867</dst>
      <dst id="9">2672.4711</dst>
      <dst id="17">17832.6489</dst>
      <dst id="21">6219.5378</dst>
      <dst id="15">295.7956</dst>
    </src>
    <src id="1">
      <dst id="12">19269.5733</dst>
      <dst id="13">495.0578</dst>
      <dst id="19">57.7689</dst>
      <dst id="23">47.4933</dst>
      <dst id="8">82025.9378</dst>
      <dst id="18">11347.2889</dst>
      <dst id="4">3033.8844</dst>
      <dst id="1">3472.1956</dst>
      <dst id="5">164388.6400</dst>
      <dst id="3">1760.9778</dst>
      <dst id="22">483.7244</dst>
      <dst id="7">1367.0489</dst>
      <dst id="2">7808.0000</dst>
      <dst id="6">11005.3867</dst>
      <dst id="16">8352.6311</dst>
      <dst id="14">27.5467</dst>
      <dst id="20">90.7467</dst>
      <dst id="11">351.3333</dst>
      <dst id="9">149076.4889</dst>
      <dst id="17">5072.7467</dst>
      <dst id="21">1455.2356</dst>
      <dst id="15">100.8533</dst>
    </src>
    <src id="5">
      <dst id="12">307099.2000</dst>
      <dst id="13">997.4578</dst>
      <dst id="19">0.7822</dst>
      <dst id="23">37.2000</dst>
      <dst id="8">652.2133</dst>
      <dst id="18">53.6356</dst>
      <dst id="4">6112.4978</dst>
      <dst id="1">451.1822</dst>
      <dst id="3">5.9644</dst>
      <dst id="22">15176.3911</dst>
      <dst id="7">1126.6667</dst>
      <dst id="2">124231.7956</dst>
      <dst id="6">1.0844</dst>
      <dst id="16">150.3733</dst>
      <dst id="14">65.9911</dst>
      <dst id="20">2409.3867</dst>
      <dst id="11">429.2711</dst>
      <dst id="9">3525.2711</dst>
      <dst id="17">113364.1956</dst>
      <dst id="21">273.6356</dst>
      <dst id="15">256.1600</dst>
    </src>
    <src id="3">
      <dst id="12">14984.4089</dst>
      <dst id="13">4014.6844</dst>
      <dst id="19">3884.3022</dst>
      <dst id="23">7814.3733</dst>
      <dst id="8">28.9600</dst>
      <dst id="18">48046.5956</dst>
      <dst id="4">24877.1644</dst>
      <dst id="1">7326.6044</dst>
      <dst id="5">740.8356</dst>
      <dst id="3">10739.8222</dst>
      <dst id="22">2171.2444</dst>
      <dst id="7">14299.6178</dst>
      <dst id="2">12328.7644</dst>
      <dst id="6">2.4533</dst>
      <dst id="16">498.5956</dst>
      <dst id="14">21132.8089</dst>
      <dst id="20">1429.7778</dst>
      <dst id="11">121165.7067</dst>
      <dst id="9">436.5867</dst>
      <dst id="17">9777.3778</dst>
      <dst id="21">11471.4222</dst>
      <dst id="15">3022.3556</dst>
    </src>
    <src id="10">
      <dst id="12">12585.7600</dst>
      <dst id="19">966.9067</dst>
      <dst id="8">445.6711</dst>
      <dst id="18">423.0667</dst>
      <dst id="1">2394.8356</dst>
      <dst id="5">315.5556</dst>
      <dst id="3">1673.3244</dst>
      <dst id="22">4708.1956</dst>
      <dst id="7">6030.8533</dst>
      <dst id="2">15887.5556</dst>
      <dst id="6">1.0222</dst>
      <dst id="16">2470.9422</dst>
      <dst id="14">2657.4489</dst>
      <dst id="20">5547.3867</dst>
      <dst id="11">5700.5067</dst>
      <dst id="9">840.6578</dst>
      <dst id="17">16903.6800</dst>
      <dst id="21">5112.2400</dst>
      <dst id="15">278.2933</dst>
    </src>
    <src id="22">
      <dst id="12">5410.9511</dst>
      <dst id="13">3029.7600</dst>
      <dst id="19">867.7778</dst>
      <dst id="23">1867.8222</dst>
      <dst id="8">1353.5022</dst>
      <dst id="18">1142.9778</dst>
      <dst id="4">16860.4800</dst>
      <dst id="1">1252.3644</dst>
      <dst id="5">6163.5822</dst>
      <dst id="3">970.0178</dst>
      <dst id="7">2477.3867</dst>
      <dst id="2">3846.1956</dst>
      <dst id="6">3.2000</dst>
      <dst id="16">4.8000</dst>
      <dst id="14">13.8400</dst>
      <dst id="11">1354.9067</dst>
      <dst id="9">1143.1556</dst>
      <dst id="17">6745.1111</dst>
      <dst id="21">1138.3644</dst>
    </src>
    <src id="7">
      <dst id="12">2713.5289</dst>
      <dst id="13">1862.5689</dst>
      <dst id="19">1314.4533</dst>
      <dst id="23">31.8400</dst>
      <dst id="8">1.7956</dst>
      <dst id="18">171.3689</dst>
      <dst id="4">16478.2133</dst>
      <dst id="1">1577.0578</dst>
      <dst id="5">1177.6533</dst>
      <dst id="3">48.5867</dst>
      <dst id="22">7612.8622</dst>
      <dst id="7">672.9600</dst>
      <dst id="2">6899.9467</dst>
      <dst id="6">26.5244</dst>
      <dst id="16">620.4356</dst>
      <dst id="14">95.6444</dst>
      <dst id="20">105.9733</dst>
      <dst id="11">3073.4933</dst>
      <dst id="9">566.4711</dst>
      <dst id="17">5303.5289</dst>
      <dst id="21">2241.9644</dst>
      <dst id="15">129.6711</dst>
    </src>
    <src id="2">
      <dst id="12">68700.2578</dst>
      <dst id="13">511977.8933</dst>
      <dst id="19">550.7111</dst>
      <dst id="23">34.5422</dst>
      <dst id="8">144.4000</dst>
      <dst id="18">44805.3156</dst>
      <dst id="4">86458.2133</dst>
      <dst id="1">6180.7822</dst>
      <dst id="5">963.3689</dst>
      <dst id="3">1552.9156</dst>
      <dst id="22">2322.2311</dst>
      <dst id="7">7576.6044</dst>
      <dst id="2">423.9378</dst>
      <dst id="6">5630.6044</dst>
      <dst id="16">2681.7689</dst>
      <dst id="14">5475.9289</dst>
      <dst id="20">467.8133</dst>
      <dst id="11">1393.1467</dst>
      <dst id="9">3486.7200</dst>
      <dst id="17">12458.0444</dst>
      <dst id="21">3989.5022</dst>
      <dst id="15">95.3422</dst>
    </src>
    <src id="6">
      <dst id="12">7322.8711</dst>
      <dst id="13">1.5111</dst>
      <dst id="19">3.8756</dst>
      <dst id="23">0.3556</dst>
      <dst id="8">0.4622</dst>
      <dst id="4">1236.4444</dst>
      <dst id="1">14.1867</dst>
      <dst id="5">13.1556</dst>
      <dst id="22">13.9022</dst>
      <dst id="7">0.7556</dst>
      <dst id="2">1393.5733</dst>
      <dst id="11">3.6089</dst>
      <dst id="17">1266.7022</dst>
      <dst id="21">11.8222</dst>
    </src>
    <src id="16">
      <dst id="12">1271.5289</dst>
      <dst id="13">278.7200</dst>
      <dst id="19">3679.8578</dst>
      <dst id="23">11.9911</dst>
      <dst id="8">1502.8267</dst>
      <dst id="18">4.9956</dst>
      <dst id="4">4284.0000</dst>
      <dst id="1">8729.3956</dst>
      <dst id="5">2372.8889</dst>
      <dst id="7">10271.9644</dst>
      <dst id="2">630.5333</dst>
      <dst id="6">1.1378</dst>
      <dst id="16">29.8578</dst>
      <dst id="14">374.2222</dst>
      <dst id="11">302.4800</dst>
      <dst id="9">2986.0711</dst>
      <dst id="17">2475.3422</dst>
      <dst id="21">1978.7467</dst>
    </src>
    <src id="14">
      <dst id="12">20631.4044</dst>
      <dst id="13">217.9111</dst>
      <dst id="19">8.4444</dst>
      <dst id="18">4.8178</dst>
      <dst id="4">1696.9422</dst>
      <dst id="1">34.3911</dst>
      <dst id="5">1.8044</dst>
      <dst id="3">151.7156</dst>
      <dst id="22">41.2444</dst>
      <dst id="7">44.0267</dst>
      <dst id="2">7317.3511</dst>
      <dst id="16">5.5111</dst>
      <dst id="20">3.9822</dst>
      <dst id="11">68.4178</dst>
      <dst id="9">51.4400</dst>
      <dst id="17">10700.6756</dst>
      <dst id="21">88.7200</dst>
      <dst id="15">12.6222</dst>
    </src>
    <src id="20">
      <dst id="12">4265.9822</dst>
      <dst id="13">4779.9200</dst>
      <dst id="19">190.5600</dst>
      <dst id="23">1.3778</dst>
      <dst id="8">1018.8800</dst>
      <dst id="18">16.2489</dst>
      <dst id="4">5286.6489</dst>
      <dst id="1">139.6178</dst>
      <dst id="5">1554.0978</dst>
      <dst id="3">55.9644</dst>
      <dst id="7">3104.4889</dst>
      <dst id="2">2449.6000</dst>
      <dst id="6">13.2622</dst>
      <dst id="14">13.3333</dst>
      <dst id="11">565.9822</dst>
      <dst id="9">2515.9911</dst>
      <dst id="17">353.6444</dst>
      <dst id="21">111.7422</dst>
    </src>
    <src id="11">
      <dst id="12">390038.9422</dst>
      <dst id="13">2896.6578</dst>
      <dst id="19">42.4622</dst>
      <dst id="23">9.2444</dst>
      <dst id="8">246.5511</dst>
      <dst id="18">47.2711</dst>
      <dst id="4">6250.7022</dst>
      <dst id="1">434.2489</dst>
      <dst id="5">1978.5333</dst>
      <dst id="3">962.1956</dst>
      <dst id="22">3399.5200</dst>
      <dst id="7">192.2400</dst>
      <dst id="2">140905.1822</dst>
      <dst id="6">26.1600</dst>
      <dst id="16">74.5867</dst>
      <dst id="14">101.7244</dst>
      <dst id="20">321.0400</dst>
      <dst id="11">1662.3644</dst>
      <dst id="9">1809.5022</dst>
      <dst id="17">154827.0667</dst>
      <dst id="21">514.5600</dst>
      <dst id="15">751.1911</dst>
    </src>
    <src id="9">
      <dst id="12">457826.1778</dst>
      <dst id="13">3759.1467</dst>
      <dst id="19">0.3556</dst>
      <dst id="23">100.8356</dst>
      <dst id="8">345.2711</dst>
      <dst id="18">28.3644</dst>
      <dst id="4">8328.5511</dst>
      <dst id="1">706.6933</dst>
      <dst id="5">4821.0222</dst>
      <dst id="3">10.9422</dst>
      <dst id="22">1885.8311</dst>
      <dst id="7">132.3378</dst>
      <dst id="2">186689.3333</dst>
      <dst id="6">0.7822</dst>
      <dst id="16">395.7244</dst>
      <dst id="14">6.4889</dst>
      <dst id="20">6067.1733</dst>
      <dst id="11">1540.6400</dst>
      <dst id="9">101.2978</dst>
      <dst id="17">162822.0089</dst>
      <dst id="21">111.0222</dst>
      <dst id="15">1540.9600</dst>
    </src>
    <src id="17">
      <dst id="12">6460.5333</dst>
      <dst id="13">1576.6400</dst>
      <dst id="19">275.0933</dst>
      <dst id="23">138.4889</dst>
      <dst id="8">81838.0533</dst>
      <dst id="18">230.3111</dst>
      <dst id="4">69284.7556</dst>
      <dst id="1">3223.3600</dst>
      <dst id="5">160425.2089</dst>
      <dst id="3">15695.0222</dst>
      <dst id="22">4224.3911</dst>
      <dst id="7">3172.7911</dst>
      <dst id="2">10380.9778</dst>
      <dst id="6">4.5867</dst>
      <dst id="16">4068.0889</dst>
      <dst id="14">17980.7644</dst>
      <dst id="20">1667.1556</dst>
      <dst id="11">91848.4356</dst>
      <dst id="9">176507.2978</dst>
      <dst id="17">2978.6578</dst>
      <dst id="21">5512.4089</dst>
      <dst id="15">115.4044</dst>
    </src>
    <src id="21">
      <dst id="12">15462.1600</dst>
      <dst id="13">5543.6800</dst>
      <dst id="19">123.3778</dst>
      <dst id="23">15.9289</dst>
      <dst id="8">37.1556</dst>
      <dst id="18">604.7200</dst>
      <dst id="4">19014.8267</dst>
      <dst id="1">2310.7111</dst>
      <dst id="5">216.3111</dst>
      <dst id="3">3067.0756</dst>
      <dst id="22">1790.4000</dst>
      <dst id="7">4728.8711</dst>
      <dst id="2">14951.5556</dst>
      <dst id="6">23.1378</dst>
      <dst id="16">626.5956</dst>
      <dst id="14">116.0622</dst>
      <dst id="20">2822.2844</dst>
      <dst id="11">1734.6222</dst>
      <dst id="9">398.2133</dst>
      <dst id="17">3708.8444</dst>
      <dst id="21">1261.5911</dst>
      <dst id="15">41.9200</dst>
    </src>
    <src id="15">
      <dst id="12">615.2978</dst>
      <dst id="13">144.2311</dst>
      <dst id="19">65.2978</dst>
      <dst id="23">0.8711</dst>
      <dst id="8">109.4400</dst>
      <dst id="18">1.3067</dst>
      <dst id="4">2515.3422</dst>
      <dst id="1">683.1556</dst>
      <dst id="5">182.9333</dst>
      <dst id="3">8.8178</dst>
      <dst id="7">946.2667</dst>
      <dst id="2">346.4978</dst>
      <dst id="6">0.7733</dst>
      <dst id="14">0.4267</dst>
      <dst id="11">254.1067</dst>
      <dst id="9">1273.9556</dst>
      <dst id="17">192.0800</dst>
      <dst id="21">126.4800</dst>
    </src>
  </IntraTM>
</TrafficMatrixFile>
