<?xml version="1.0" encoding="UTF-8" standalone="yes"?>
<TrafficMatrixFile xmlns:xsi="http://www.w3.org/2001/XMLSchema-instance" xsi:noNamespaceSchemaLocation="http://totem.run.montefiore.ulg.ac.be/Schema/TrafficMatrix-v1_2.xsd">
  <info>
    <title>Intradomain traffic matrix generated by geant-TM-all.pl</title>
    <date>2005-01-01T21:45:00</date>
    <duration>900</duration>
    <author>Steve Uhlig</author>
    <units>
        <unit type="bandwidth" value="kbps"/>
    </units>
  </info>
  <IntraTM ASID="20965">
    <src id="12">
      <dst id="12">371456.8533</dst>
      <dst id="13">34183.3333</dst>
      <dst id="19">4226.1333</dst>
      <dst id="23">1515.4667</dst>
      <dst id="8">8940.1511</dst>
      <dst id="18">4483.4489</dst>
      <dst id="4">87529.9022</dst>
      <dst id="1">7815.5378</dst>
      <dst id="5">9093.2800</dst>
      <dst id="3">13068.4978</dst>
      <dst id="22">37567.1378</dst>
      <dst id="7">5628.9333</dst>
      <dst id="2">111428.8889</dst>
      <dst id="6">256.6133</dst>
      <dst id="16">9216.9600</dst>
      <dst id="14">1201.2000</dst>
      <dst id="20">10351.5111</dst>
      <dst id="11">3962.7822</dst>
      <dst id="9">35729.5644</dst>
      <dst id="17">99377.1467</dst>
      <dst id="21">28144.4000</dst>
      <dst id="15">4412.0089</dst>
    </src>
    <src id="13">
      <dst id="12">73115.6356</dst>
      <dst id="19">8113.0667</dst>
      <dst id="23">331.4400</dst>
      <dst id="8">5874.9067</dst>
      <dst id="18">14064.8356</dst>
      <dst id="1">4685.1378</dst>
      <dst id="5">19076.0089</dst>
      <dst id="3">42117.5911</dst>
      <dst id="22">34745.2711</dst>
      <dst id="7">19251.5911</dst>
      <dst id="2">128628.1956</dst>
      <dst id="6">64.3467</dst>
      <dst id="16">9230.3822</dst>
      <dst id="14">7239.5022</dst>
      <dst id="20">20624.8444</dst>
      <dst id="11">21310.3111</dst>
      <dst id="9">24475.0311</dst>
      <dst id="17">52713.8667</dst>
      <dst id="21">28405.1022</dst>
      <dst id="15">5442.2933</dst>
    </src>
    <src id="19">
      <dst id="12">17341.7956</dst>
      <dst id="13">3776.1689</dst>
      <dst id="23">56.7644</dst>
      <dst id="8">48.6222</dst>
      <dst id="18">86.8978</dst>
      <dst id="4">19071.2889</dst>
      <dst id="1">78.4622</dst>
      <dst id="5">87.5733</dst>
      <dst id="3">7315.0133</dst>
      <dst id="22">1751.6267</dst>
      <dst id="7">3519.7156</dst>
      <dst id="2">1145.5378</dst>
      <dst id="6">13.6889</dst>
      <dst id="16">5535.3600</dst>
      <dst id="14">40.4622</dst>
      <dst id="20">131.3778</dst>
      <dst id="11">155.5822</dst>
      <dst id="9">4759.8756</dst>
      <dst id="17">363.6356</dst>
      <dst id="21">6587.6889</dst>
      <dst id="15">24.5422</dst>
    </src>
    <src id="23">
      <dst id="12">3663.5556</dst>
      <dst id="13">192.3556</dst>
      <dst id="19">7.0311</dst>
      <dst id="8">82.8356</dst>
      <dst id="18">96.1244</dst>
      <dst id="4">42.1689</dst>
      <dst id="1">70.7200</dst>
      <dst id="5">48.4444</dst>
      <dst id="3">374.0889</dst>
      <dst id="22">1167.6089</dst>
      <dst id="7">67.0489</dst>
      <dst id="2">93.1644</dst>
      <dst id="6">4.8800</dst>
      <dst id="16">18.1333</dst>
      <dst id="14">1265.9556</dst>
      <dst id="20">273.6089</dst>
      <dst id="11">81.5644</dst>
      <dst id="9">571.4044</dst>
      <dst id="17">626.8978</dst>
      <dst id="21">767.3156</dst>
      <dst id="15">4.3733</dst>
    </src>
    <src id="8">
      <dst id="12">441408.1689</dst>
      <dst id="13">864.5689</dst>
      <dst id="19">340.3467</dst>
      <dst id="23">235.7333</dst>
      <dst id="18">610.0978</dst>
      <dst id="4">10399.2356</dst>
      <dst id="1">411.1556</dst>
      <dst id="5">14576.7822</dst>
      <dst id="3">413.4311</dst>
      <dst id="22">2798.3911</dst>
      <dst id="7">109.9378</dst>
      <dst id="2">167313.7156</dst>
      <dst id="6">0.3556</dst>
      <dst id="16">1260.0978</dst>
      <dst id="14">24.3556</dst>
      <dst id="20">868.3911</dst>
      <dst id="11">771.3244</dst>
      <dst id="9">2888.7733</dst>
      <dst id="17">103372.5333</dst>
      <dst id="21">475.6978</dst>
      <dst id="15">2661.2711</dst>
    </src>
    <src id="18">
      <dst id="12">158513.6267</dst>
      <dst id="13">446.6133</dst>
      <dst id="19">987.9378</dst>
      <dst id="23">89.2089</dst>
      <dst id="8">2338.8622</dst>
      <dst id="4">2498.8089</dst>
      <dst id="1">1267.8578</dst>
      <dst id="5">740.0089</dst>
      <dst id="3">370.3289</dst>
      <dst id="22">444.7644</dst>
      <dst id="7">131.1200</dst>
      <dst id="2">48530.1156</dst>
      <dst id="16">16.4178</dst>
      <dst id="14">0.4622</dst>
      <dst id="20">74.4178</dst>
      <dst id="11">198.5778</dst>
      <dst id="9">183.2622</dst>
      <dst id="17">32886.8444</dst>
      <dst id="21">3120.7378</dst>
      <dst id="15">53.1911</dst>
    </src>
    <src id="4">
      <dst id="12">18706.7822</dst>
      <dst id="19">10465.3600</dst>
      <dst id="8">3726.7911</dst>
      <dst id="18">1238.2933</dst>
      <dst id="1">7996.1600</dst>
      <dst id="5">3229.4489</dst>
      <dst id="3">20781.6089</dst>
      <dst id="22">10480.1067</dst>
      <dst id="7">37586.7289</dst>
      <dst id="2">86343.8844</dst>
      <dst id="6">15.2267</dst>
      <dst id="16">2632.4267</dst>
      <dst id="14">5045.7422</dst>
      <dst id="20">3757.5822</dst>
      <dst id="11">6680.3378</dst>
      <dst id="9">8451.6978</dst>
      <dst id="17">81355.5556</dst>
      <dst id="21">9527.7778</dst>
      <dst id="15">1461.8667</dst>
    </src>
    <src id="1">
      <dst id="12">21471.8400</dst>
      <dst id="13">1048.5867</dst>
      <dst id="19">20.2844</dst>
      <dst id="23">120.4000</dst>
      <dst id="8">239929.5378</dst>
      <dst id="18">19367.4578</dst>
      <dst id="4">5836.4800</dst>
      <dst id="1">55.2356</dst>
      <dst id="5">306878.3467</dst>
      <dst id="3">75113.0933</dst>
      <dst id="22">15038.0889</dst>
      <dst id="7">5205.8311</dst>
      <dst id="2">18180.4533</dst>
      <dst id="6">7065.4489</dst>
      <dst id="16">9456.0711</dst>
      <dst id="14">409.3422</dst>
      <dst id="20">6599.8667</dst>
      <dst id="11">3371.8044</dst>
      <dst id="9">420508.2044</dst>
      <dst id="17">3199.5733</dst>
      <dst id="21">19683.9467</dst>
      <dst id="15">1552.4178</dst>
    </src>
    <src id="5">
      <dst id="12">386687.8133</dst>
      <dst id="13">11994.5511</dst>
      <dst id="19">195.1644</dst>
      <dst id="23">17.2444</dst>
      <dst id="8">14032.8089</dst>
      <dst id="18">837.8667</dst>
      <dst id="4">6635.2978</dst>
      <dst id="1">230.8178</dst>
      <dst id="3">1643.1822</dst>
      <dst id="22">9955.8222</dst>
      <dst id="7">287.9289</dst>
      <dst id="2">162543.0222</dst>
      <dst id="6">14.4356</dst>
      <dst id="16">1194.6844</dst>
      <dst id="14">5.9733</dst>
      <dst id="20">2017.2267</dst>
      <dst id="11">3810.4711</dst>
      <dst id="9">6689.4489</dst>
      <dst id="17">86332.5867</dst>
      <dst id="21">853.5556</dst>
      <dst id="15">1208.7022</dst>
    </src>
    <src id="3">
      <dst id="12">21320.3644</dst>
      <dst id="13">897.2978</dst>
      <dst id="19">2375.8489</dst>
      <dst id="23">36.4711</dst>
      <dst id="8">494.7467</dst>
      <dst id="18">184405.6356</dst>
      <dst id="4">42735.2889</dst>
      <dst id="1">3148.7111</dst>
      <dst id="5">2732.5156</dst>
      <dst id="3">24515.1111</dst>
      <dst id="22">2743.3600</dst>
      <dst id="7">4634.5867</dst>
      <dst id="2">9290.0889</dst>
      <dst id="6">14.3289</dst>
      <dst id="16">1753.1289</dst>
      <dst id="14">63116.2933</dst>
      <dst id="20">4189.7600</dst>
      <dst id="11">269636.1067</dst>
      <dst id="9">1602.9156</dst>
      <dst id="17">10703.8044</dst>
      <dst id="21">10405.5822</dst>
      <dst id="15">450.9600</dst>
    </src>
    <src id="10">
      <dst id="12">13867.6178</dst>
      <dst id="19">1264.6400</dst>
      <dst id="8">2137.9822</dst>
      <dst id="18">7654.2933</dst>
      <dst id="1">1399.1644</dst>
      <dst id="5">2334.7022</dst>
      <dst id="3">19381.3867</dst>
      <dst id="22">10112.9511</dst>
      <dst id="7">5217.4133</dst>
      <dst id="2">42700.5956</dst>
      <dst id="6">6.9867</dst>
      <dst id="16">2224.2133</dst>
      <dst id="14">4484.0533</dst>
      <dst id="20">7678.9778</dst>
      <dst id="11">6000.8533</dst>
      <dst id="9">5724.9422</dst>
      <dst id="17">21176.8533</dst>
      <dst id="21">14322.3822</dst>
      <dst id="15">3478.4000</dst>
    </src>
    <src id="22">
      <dst id="12">11958.1689</dst>
      <dst id="13">4437.2711</dst>
      <dst id="19">66.0356</dst>
      <dst id="23">28.3733</dst>
      <dst id="8">7819.3422</dst>
      <dst id="18">845.9289</dst>
      <dst id="4">16889.4667</dst>
      <dst id="1">436.0533</dst>
      <dst id="5">10600.0000</dst>
      <dst id="3">2175.9200</dst>
      <dst id="7">1474.6667</dst>
      <dst id="2">2311.1556</dst>
      <dst id="6">50.7200</dst>
      <dst id="16">0.7644</dst>
      <dst id="14">40.6222</dst>
      <dst id="11">3431.2622</dst>
      <dst id="9">2025.2089</dst>
      <dst id="17">3131.5289</dst>
      <dst id="21">3007.2178</dst>
    </src>
    <src id="7">
      <dst id="12">8935.8756</dst>
      <dst id="13">909.7511</dst>
      <dst id="19">1141.8756</dst>
      <dst id="23">422.4000</dst>
      <dst id="8">152.1156</dst>
      <dst id="18">3178.2133</dst>
      <dst id="4">62720.4089</dst>
      <dst id="1">14169.8578</dst>
      <dst id="5">1944.3200</dst>
      <dst id="3">7745.3867</dst>
      <dst id="22">12193.5556</dst>
      <dst id="7">659.1289</dst>
      <dst id="2">11767.0044</dst>
      <dst id="6">265.2089</dst>
      <dst id="16">1361.6089</dst>
      <dst id="14">135.3956</dst>
      <dst id="20">1092.6489</dst>
      <dst id="11">2423.0756</dst>
      <dst id="9">1576.0089</dst>
      <dst id="17">11237.5556</dst>
      <dst id="21">5851.5200</dst>
      <dst id="15">395.7956</dst>
    </src>
    <src id="2">
      <dst id="12">168313.2356</dst>
      <dst id="13">7637.3244</dst>
      <dst id="19">664.6400</dst>
      <dst id="8">1897.1556</dst>
      <dst id="18">137804.6044</dst>
      <dst id="4">82580.6578</dst>
      <dst id="1">2171.5289</dst>
      <dst id="5">1654.1689</dst>
      <dst id="3">9594.5689</dst>
      <dst id="22">3177.5911</dst>
      <dst id="7">3941.0222</dst>
      <dst id="2">1009.3778</dst>
      <dst id="6">7832.7200</dst>
      <dst id="16">1937.8311</dst>
      <dst id="14">587.1822</dst>
      <dst id="20">3729.5467</dst>
      <dst id="11">6678.3111</dst>
      <dst id="9">2353.4667</dst>
      <dst id="17">38587.8933</dst>
      <dst id="21">18119.0578</dst>
      <dst id="15">538.1333</dst>
    </src>
    <src id="6">
      <dst id="12">10621.9733</dst>
      <dst id="13">3.1822</dst>
      <dst id="19">28.5067</dst>
      <dst id="23">34.8267</dst>
      <dst id="8">28.9422</dst>
      <dst id="4">35.8489</dst>
      <dst id="1">13.0222</dst>
      <dst id="5">40.4089</dst>
      <dst id="3">25.2711</dst>
      <dst id="22">158.8800</dst>
      <dst id="7">34.5956</dst>
      <dst id="2">2443.8222</dst>
      <dst id="16">4.3733</dst>
      <dst id="20">15.0400</dst>
      <dst id="11">39.3067</dst>
      <dst id="9">61.9911</dst>
      <dst id="17">1294.3644</dst>
      <dst id="21">122.9422</dst>
      <dst id="15">0.7822</dst>
    </src>
    <src id="16">
      <dst id="12">3337.2800</dst>
      <dst id="13">9088.9067</dst>
      <dst id="19">4452.6844</dst>
      <dst id="23">28.6578</dst>
      <dst id="8">9235.2089</dst>
      <dst id="18">72.1067</dst>
      <dst id="4">3080.7200</dst>
      <dst id="1">22200.1689</dst>
      <dst id="5">10768.6222</dst>
      <dst id="3">1938.4800</dst>
      <dst id="7">1430.5778</dst>
      <dst id="2">2417.8844</dst>
      <dst id="16">42.3822</dst>
      <dst id="14">326.1689</dst>
      <dst id="11">686.2400</dst>
      <dst id="9">11310.0533</dst>
      <dst id="17">2918.0267</dst>
      <dst id="21">1082.0622</dst>
    </src>
    <src id="14">
      <dst id="12">25806.4889</dst>
      <dst id="13">111.1378</dst>
      <dst id="19">24.3911</dst>
      <dst id="23">47.3600</dst>
      <dst id="8">2.3289</dst>
      <dst id="18">27.4756</dst>
      <dst id="4">2743.6889</dst>
      <dst id="1">127.9733</dst>
      <dst id="5">12.3378</dst>
      <dst id="3">185.4133</dst>
      <dst id="22">32.6311</dst>
      <dst id="7">109.2000</dst>
      <dst id="2">7260.2222</dst>
      <dst id="16">13.3867</dst>
      <dst id="20">129.7067</dst>
      <dst id="11">230.9956</dst>
      <dst id="9">18.8000</dst>
      <dst id="17">6378.4444</dst>
      <dst id="21">137.9200</dst>
    </src>
    <src id="20">
      <dst id="12">11699.4133</dst>
      <dst id="13">2849.6711</dst>
      <dst id="19">136.9600</dst>
      <dst id="23">154.3111</dst>
      <dst id="8">794.0089</dst>
      <dst id="18">346.5956</dst>
      <dst id="4">6672.0178</dst>
      <dst id="1">165.4667</dst>
      <dst id="5">4489.0044</dst>
      <dst id="3">3894.3467</dst>
      <dst id="22">0.8356</dst>
      <dst id="7">356.7556</dst>
      <dst id="2">12566.9156</dst>
      <dst id="6">146.5956</dst>
      <dst id="16">0.5867</dst>
      <dst id="14">718.0089</dst>
      <dst id="11">3728.3822</dst>
      <dst id="9">5346.8356</dst>
      <dst id="17">38100.7644</dst>
      <dst id="21">5635.3511</dst>
    </src>
    <src id="11">
      <dst id="12">476664.4978</dst>
      <dst id="13">2206.3556</dst>
      <dst id="19">181.5111</dst>
      <dst id="23">14.0267</dst>
      <dst id="8">400.4800</dst>
      <dst id="18">581.3867</dst>
      <dst id="4">11871.3778</dst>
      <dst id="1">765.9200</dst>
      <dst id="5">1634.4622</dst>
      <dst id="3">3050.1333</dst>
      <dst id="22">6313.7156</dst>
      <dst id="7">1125.3422</dst>
      <dst id="2">180048.4711</dst>
      <dst id="6">7.0311</dst>
      <dst id="16">231.8044</dst>
      <dst id="14">86.5422</dst>
      <dst id="20">1340.0089</dst>
      <dst id="11">2451.6533</dst>
      <dst id="9">4762.8711</dst>
      <dst id="17">113873.5644</dst>
      <dst id="21">1627.4578</dst>
      <dst id="15">175.9733</dst>
    </src>
    <src id="9">
      <dst id="12">603705.4667</dst>
      <dst id="13">4617.1733</dst>
      <dst id="19">1724.5867</dst>
      <dst id="23">25.3156</dst>
      <dst id="8">2604.0178</dst>
      <dst id="18">34.4000</dst>
      <dst id="4">11625.2178</dst>
      <dst id="1">496.4889</dst>
      <dst id="5">1819.0044</dst>
      <dst id="3">1353.1022</dst>
      <dst id="22">3290.7822</dst>
      <dst id="7">1043.2000</dst>
      <dst id="2">208027.4489</dst>
      <dst id="6">32.8533</dst>
      <dst id="16">1589.1911</dst>
      <dst id="14">15.6267</dst>
      <dst id="20">5762.4178</dst>
      <dst id="11">4870.5867</dst>
      <dst id="9">2095.8578</dst>
      <dst id="17">147330.3467</dst>
      <dst id="21">8742.9422</dst>
      <dst id="15">21473.8133</dst>
    </src>
    <src id="17">
      <dst id="12">13961.5733</dst>
      <dst id="13">14382.0267</dst>
      <dst id="19">329.4222</dst>
      <dst id="23">2582.5067</dst>
      <dst id="8">252532.5422</dst>
      <dst id="18">2672.6844</dst>
      <dst id="4">36208.3200</dst>
      <dst id="1">1850.2222</dst>
      <dst id="5">300319.1822</dst>
      <dst id="3">28422.2311</dst>
      <dst id="22">8471.1467</dst>
      <dst id="7">15266.3467</dst>
      <dst id="2">13424.3200</dst>
      <dst id="6">29.8756</dst>
      <dst id="16">4803.4756</dst>
      <dst id="14">49985.7422</dst>
      <dst id="20">6068.8444</dst>
      <dst id="11">208737.1644</dst>
      <dst id="9">388171.5644</dst>
      <dst id="17">1331.4222</dst>
      <dst id="21">15556.9956</dst>
      <dst id="15">489.3244</dst>
    </src>
    <src id="21">
      <dst id="12">22948.2044</dst>
      <dst id="13">987.7956</dst>
      <dst id="19">1486.5244</dst>
      <dst id="23">378.5689</dst>
      <dst id="8">369.8667</dst>
      <dst id="18">5488.7644</dst>
      <dst id="4">33492.5244</dst>
      <dst id="1">1871.0667</dst>
      <dst id="5">878.5600</dst>
      <dst id="3">3104.9244</dst>
      <dst id="22">2084.2400</dst>
      <dst id="7">2454.0533</dst>
      <dst id="2">9071.4667</dst>
      <dst id="6">28.8444</dst>
      <dst id="16">459.2711</dst>
      <dst id="14">182.7467</dst>
      <dst id="20">709.5733</dst>
      <dst id="11">1165.6000</dst>
      <dst id="9">1177.1644</dst>
      <dst id="17">5059.6711</dst>
      <dst id="21">2178.9333</dst>
      <dst id="15">897.2444</dst>
    </src>
    <src id="15">
      <dst id="12">5156.8178</dst>
      <dst id="13">2776.0089</dst>
      <dst id="19">321.2267</dst>
      <dst id="23">444.4089</dst>
      <dst id="8">2893.4222</dst>
      <dst id="18">15.2533</dst>
      <dst id="4">2570.6489</dst>
      <dst id="1">165.8756</dst>
      <dst id="5">1756.3378</dst>
      <dst id="3">628.2400</dst>
      <dst id="7">2213.5467</dst>
      <dst id="2">825.4400</dst>
      <dst id="6">4.1244</dst>
      <dst id="14">0.6667</dst>
      <dst id="11">1548.3911</dst>
      <dst id="9">12052.6844</dst>
      <dst id="17">510.5422</dst>
      <dst id="21">146.4978</dst>
    </src>
  </IntraTM>
</TrafficMatrixFile>
