<?xml version="1.0" encoding="UTF-8" standalone="yes"?>
<TrafficMatrixFile xmlns:xsi="http://www.w3.org/2001/XMLSchema-instance" xsi:noNamespaceSchemaLocation="http://totem.run.montefiore.ulg.ac.be/Schema/TrafficMatrix-v1_2.xsd">
  <info>
    <title>Intradomain traffic matrix generated by geant-TM-all.pl</title>
    <date>2005-01-05T22:15:00</date>
    <duration>900</duration>
    <author>Steve Uhlig</author>
    <units>
        <unit type="bandwidth" value="kbps"/>
    </units>
  </info>
  <IntraTM ASID="20965">
    <src id="12">
      <dst id="12">336674.7022</dst>
      <dst id="13">44361.9111</dst>
      <dst id="19">7733.5822</dst>
      <dst id="23">17447.2356</dst>
      <dst id="8">10893.4667</dst>
      <dst id="18">16270.5422</dst>
      <dst id="4">80005.2444</dst>
      <dst id="1">10853.0400</dst>
      <dst id="5">9467.2444</dst>
      <dst id="3">13033.8044</dst>
      <dst id="22">48567.2444</dst>
      <dst id="7">23263.0311</dst>
      <dst id="2">128621.9822</dst>
      <dst id="6">224.6400</dst>
      <dst id="16">7659.9467</dst>
      <dst id="14">1768.0711</dst>
      <dst id="20">32722.8356</dst>
      <dst id="11">11239.4311</dst>
      <dst id="9">11003.8133</dst>
      <dst id="17">111560.6933</dst>
      <dst id="21">16163.0133</dst>
      <dst id="15">2698.5956</dst>
    </src>
    <src id="13">
      <dst id="12">95519.6000</dst>
      <dst id="19">21442.3378</dst>
      <dst id="23">2316.3200</dst>
      <dst id="8">16599.5556</dst>
      <dst id="18">9364.0533</dst>
      <dst id="1">15505.2622</dst>
      <dst id="5">12687.4400</dst>
      <dst id="3">37029.1644</dst>
      <dst id="22">29886.7111</dst>
      <dst id="7">43899.0489</dst>
      <dst id="2">137439.0311</dst>
      <dst id="6">287.6267</dst>
      <dst id="16">14157.3689</dst>
      <dst id="14">5271.0400</dst>
      <dst id="20">49918.0178</dst>
      <dst id="11">28317.3244</dst>
      <dst id="9">24884.1422</dst>
      <dst id="17">129864.4000</dst>
      <dst id="21">40349.5111</dst>
      <dst id="15">6225.3511</dst>
    </src>
    <src id="19">
      <dst id="12">25780.2933</dst>
      <dst id="13">2524.2133</dst>
      <dst id="23">1185.5644</dst>
      <dst id="8">410.6844</dst>
      <dst id="18">973.2444</dst>
      <dst id="4">19916.4267</dst>
      <dst id="1">3403.1200</dst>
      <dst id="5">224.2311</dst>
      <dst id="3">388.2133</dst>
      <dst id="22">3382.1333</dst>
      <dst id="7">13032.1333</dst>
      <dst id="2">7872.3556</dst>
      <dst id="6">369.1911</dst>
      <dst id="16">12366.7644</dst>
      <dst id="14">1.8311</dst>
      <dst id="20">132.3733</dst>
      <dst id="11">1051.6000</dst>
      <dst id="9">3431.7244</dst>
      <dst id="17">19116.4089</dst>
      <dst id="21">2331.6267</dst>
      <dst id="15">34.9511</dst>
    </src>
    <src id="23">
      <dst id="12">1324.7111</dst>
      <dst id="13">1960.4267</dst>
      <dst id="19">194.4978</dst>
      <dst id="8">266.6667</dst>
      <dst id="18">81.7156</dst>
      <dst id="4">18.5333</dst>
      <dst id="1">88.2133</dst>
      <dst id="5">158.9422</dst>
      <dst id="3">782.1956</dst>
      <dst id="22">430.4178</dst>
      <dst id="7">5042.9422</dst>
      <dst id="2">24.2933</dst>
      <dst id="6">41.6356</dst>
      <dst id="16">351.6978</dst>
      <dst id="14">13.8756</dst>
      <dst id="20">484.3111</dst>
      <dst id="11">130.8533</dst>
      <dst id="9">3209.5556</dst>
      <dst id="17">2429.5822</dst>
      <dst id="21">3776.4533</dst>
      <dst id="15">306.6667</dst>
    </src>
    <src id="8">
      <dst id="12">370379.1733</dst>
      <dst id="13">5487.8311</dst>
      <dst id="19">330.8711</dst>
      <dst id="23">3.0489</dst>
      <dst id="18">91.0222</dst>
      <dst id="4">5561.4756</dst>
      <dst id="1">841.4578</dst>
      <dst id="5">12541.2889</dst>
      <dst id="3">150.9511</dst>
      <dst id="22">2135.6267</dst>
      <dst id="7">1499.8222</dst>
      <dst id="2">152203.0400</dst>
      <dst id="6">3.3067</dst>
      <dst id="16">1127.1111</dst>
      <dst id="14">71.8933</dst>
      <dst id="20">2039.3867</dst>
      <dst id="11">2491.3244</dst>
      <dst id="9">787.6000</dst>
      <dst id="17">161738.2489</dst>
      <dst id="21">2080.5244</dst>
      <dst id="15">289.8489</dst>
    </src>
    <src id="18">
      <dst id="12">121870.1333</dst>
      <dst id="13">1595.8311</dst>
      <dst id="19">55.0489</dst>
      <dst id="23">17.3333</dst>
      <dst id="8">718.9600</dst>
      <dst id="4">1857.4756</dst>
      <dst id="1">1418.3289</dst>
      <dst id="5">578.5244</dst>
      <dst id="3">243.0578</dst>
      <dst id="22">374.0444</dst>
      <dst id="7">422.0889</dst>
      <dst id="2">47209.2444</dst>
      <dst id="16">41.9289</dst>
      <dst id="14">37.3067</dst>
      <dst id="20">169.4933</dst>
      <dst id="11">464.1067</dst>
      <dst id="9">94.6311</dst>
      <dst id="17">42944.0889</dst>
      <dst id="21">868.3556</dst>
      <dst id="15">41.7067</dst>
    </src>
    <src id="4">
      <dst id="12">26564.3378</dst>
      <dst id="19">68490.6667</dst>
      <dst id="8">3968.1244</dst>
      <dst id="18">1214.0267</dst>
      <dst id="1">40942.3111</dst>
      <dst id="5">2962.0356</dst>
      <dst id="3">1695.9822</dst>
      <dst id="22">6870.2756</dst>
      <dst id="7">94161.1378</dst>
      <dst id="2">93090.0000</dst>
      <dst id="6">30.3378</dst>
      <dst id="16">5599.0756</dst>
      <dst id="14">2857.9733</dst>
      <dst id="20">3917.5556</dst>
      <dst id="11">6904.1156</dst>
      <dst id="9">6025.1911</dst>
      <dst id="17">53316.4533</dst>
      <dst id="21">12025.0844</dst>
      <dst id="15">1023.4311</dst>
    </src>
    <src id="1">
      <dst id="12">16233.9911</dst>
      <dst id="13">3528.9244</dst>
      <dst id="19">16639.4756</dst>
      <dst id="23">93.6000</dst>
      <dst id="8">257220.5067</dst>
      <dst id="18">15416.4622</dst>
      <dst id="4">17141.7689</dst>
      <dst id="1">26390.3111</dst>
      <dst id="5">309116.2311</dst>
      <dst id="3">4776.7289</dst>
      <dst id="22">12737.5556</dst>
      <dst id="7">58312.3911</dst>
      <dst id="2">22385.6978</dst>
      <dst id="6">23487.1289</dst>
      <dst id="16">11745.2533</dst>
      <dst id="14">4852.0089</dst>
      <dst id="20">659.3333</dst>
      <dst id="11">2996.0533</dst>
      <dst id="9">429663.2000</dst>
      <dst id="17">38762.7467</dst>
      <dst id="21">14435.9200</dst>
      <dst id="15">8001.8933</dst>
    </src>
    <src id="5">
      <dst id="12">329345.1111</dst>
      <dst id="13">16694.9422</dst>
      <dst id="19">466.2933</dst>
      <dst id="23">28.2400</dst>
      <dst id="8">17307.6978</dst>
      <dst id="18">1122.8978</dst>
      <dst id="4">12029.2622</dst>
      <dst id="1">4678.0000</dst>
      <dst id="3">165.7689</dst>
      <dst id="22">5492.7467</dst>
      <dst id="7">1587.4756</dst>
      <dst id="2">166200.2400</dst>
      <dst id="6">13.6889</dst>
      <dst id="16">1394.9778</dst>
      <dst id="14">20.9422</dst>
      <dst id="20">12111.7867</dst>
      <dst id="11">2553.5644</dst>
      <dst id="9">1924.1867</dst>
      <dst id="17">127449.3156</dst>
      <dst id="21">1731.9822</dst>
      <dst id="15">502.1778</dst>
    </src>
    <src id="3">
      <dst id="12">15404.0444</dst>
      <dst id="13">5502.6311</dst>
      <dst id="19">2231.4400</dst>
      <dst id="23">6056.9778</dst>
      <dst id="8">941.5733</dst>
      <dst id="18">202934.7378</dst>
      <dst id="4">23397.8667</dst>
      <dst id="1">49278.7822</dst>
      <dst id="5">701.2622</dst>
      <dst id="3">20706.1778</dst>
      <dst id="22">2757.0044</dst>
      <dst id="7">64828.9689</dst>
      <dst id="2">31332.4800</dst>
      <dst id="6">36.7822</dst>
      <dst id="16">2261.3067</dst>
      <dst id="14">66552.0000</dst>
      <dst id="20">771.7333</dst>
      <dst id="11">349986.4800</dst>
      <dst id="9">897.1733</dst>
      <dst id="17">28454.5156</dst>
      <dst id="21">16629.4667</dst>
      <dst id="15">135.8222</dst>
    </src>
    <src id="10">
      <dst id="12">32086.8089</dst>
      <dst id="19">5914.2311</dst>
      <dst id="8">2809.6800</dst>
      <dst id="18">1539.9378</dst>
      <dst id="1">2827.5111</dst>
      <dst id="5">2188.8000</dst>
      <dst id="3">13449.4222</dst>
      <dst id="22">7736.2667</dst>
      <dst id="7">15847.6711</dst>
      <dst id="2">59344.3911</dst>
      <dst id="6">214.5244</dst>
      <dst id="16">8049.2711</dst>
      <dst id="14">2417.1378</dst>
      <dst id="20">1095.3067</dst>
      <dst id="11">13923.6089</dst>
      <dst id="9">4134.5956</dst>
      <dst id="17">55060.2400</dst>
      <dst id="21">20288.5867</dst>
      <dst id="15">361.2356</dst>
    </src>
    <src id="22">
      <dst id="12">7241.9022</dst>
      <dst id="13">4832.6844</dst>
      <dst id="19">2777.7778</dst>
      <dst id="23">70.7733</dst>
      <dst id="8">3395.8667</dst>
      <dst id="18">1048.9333</dst>
      <dst id="4">19731.8222</dst>
      <dst id="1">3190.8978</dst>
      <dst id="5">7034.7644</dst>
      <dst id="3">1827.9822</dst>
      <dst id="7">3824.5156</dst>
      <dst id="2">7452.7556</dst>
      <dst id="6">49.5911</dst>
      <dst id="14">70.3822</dst>
      <dst id="11">2829.4844</dst>
      <dst id="9">3228.1956</dst>
      <dst id="17">13286.6311</dst>
      <dst id="21">1537.7511</dst>
    </src>
    <src id="7">
      <dst id="12">11986.8267</dst>
      <dst id="13">2280.7467</dst>
      <dst id="19">9432.0178</dst>
      <dst id="23">298.6489</dst>
      <dst id="8">748.9067</dst>
      <dst id="18">619.6622</dst>
      <dst id="4">36310.5156</dst>
      <dst id="1">25292.6133</dst>
      <dst id="5">1247.9289</dst>
      <dst id="3">5332.8000</dst>
      <dst id="22">6389.3778</dst>
      <dst id="7">686.0444</dst>
      <dst id="2">16564.1867</dst>
      <dst id="6">167.3778</dst>
      <dst id="16">4212.7111</dst>
      <dst id="14">289.0933</dst>
      <dst id="20">1554.5778</dst>
      <dst id="11">3164.7467</dst>
      <dst id="9">6173.5200</dst>
      <dst id="17">14412.4178</dst>
      <dst id="21">9297.8667</dst>
      <dst id="15">1448.3733</dst>
    </src>
    <src id="2">
      <dst id="12">173616.7556</dst>
      <dst id="13">523368.6400</dst>
      <dst id="19">1943.7511</dst>
      <dst id="23">6.0089</dst>
      <dst id="8">6148.5156</dst>
      <dst id="18">141017.5733</dst>
      <dst id="4">94658.4622</dst>
      <dst id="1">16970.6311</dst>
      <dst id="5">25514.0000</dst>
      <dst id="3">569.3689</dst>
      <dst id="22">2653.1022</dst>
      <dst id="7">33513.4489</dst>
      <dst id="2">1828.1067</dst>
      <dst id="6">16695.6356</dst>
      <dst id="16">3753.2356</dst>
      <dst id="14">6396.6667</dst>
      <dst id="20">23362.3556</dst>
      <dst id="11">14332.6489</dst>
      <dst id="9">4278.1956</dst>
      <dst id="17">49942.5689</dst>
      <dst id="21">6438.7289</dst>
      <dst id="15">840.8889</dst>
    </src>
    <src id="6">
      <dst id="12">14075.0578</dst>
      <dst id="13">149.3156</dst>
      <dst id="19">112.1333</dst>
      <dst id="8">3.2978</dst>
      <dst id="18">0.3556</dst>
      <dst id="4">1176.0800</dst>
      <dst id="1">80.7644</dst>
      <dst id="5">36.3733</dst>
      <dst id="3">38.7556</dst>
      <dst id="22">15.3689</dst>
      <dst id="7">338.8711</dst>
      <dst id="2">3079.2889</dst>
      <dst id="16">21.8489</dst>
      <dst id="20">45.9467</dst>
      <dst id="11">93.8044</dst>
      <dst id="9">1.8311</dst>
      <dst id="17">4148.6400</dst>
      <dst id="21">287.4756</dst>
      <dst id="15">0.3556</dst>
    </src>
    <src id="16">
      <dst id="12">3774.8178</dst>
      <dst id="13">1173.3511</dst>
      <dst id="19">5452.5867</dst>
      <dst id="23">185.2267</dst>
      <dst id="8">12951.3067</dst>
      <dst id="18">169.0311</dst>
      <dst id="4">8209.4933</dst>
      <dst id="1">23521.3778</dst>
      <dst id="5">9871.4933</dst>
      <dst id="3">23.9022</dst>
      <dst id="7">6016.3733</dst>
      <dst id="2">2591.6711</dst>
      <dst id="6">125.6800</dst>
      <dst id="16">161.4311</dst>
      <dst id="14">642.3378</dst>
      <dst id="11">2602.9422</dst>
      <dst id="9">14854.7200</dst>
      <dst id="17">10930.0267</dst>
      <dst id="21">7281.9378</dst>
    </src>
    <src id="14">
      <dst id="12">22668.3111</dst>
      <dst id="13">95.8044</dst>
      <dst id="19">18.7556</dst>
      <dst id="23">27.2000</dst>
      <dst id="8">0.7111</dst>
      <dst id="18">9.1378</dst>
      <dst id="4">2949.6178</dst>
      <dst id="1">348.7733</dst>
      <dst id="5">2.1156</dst>
      <dst id="3">449.8311</dst>
      <dst id="22">62.3200</dst>
      <dst id="7">242.5778</dst>
      <dst id="2">8373.1111</dst>
      <dst id="6">0.4089</dst>
      <dst id="16">11.2356</dst>
      <dst id="20">5.0933</dst>
      <dst id="11">57.6178</dst>
      <dst id="9">79.2711</dst>
      <dst id="17">11778.8356</dst>
      <dst id="21">38.3733</dst>
      <dst id="15">2.2933</dst>
    </src>
    <src id="20">
      <dst id="12">16365.1378</dst>
      <dst id="13">7169.5467</dst>
      <dst id="19">155.9200</dst>
      <dst id="23">66.9511</dst>
      <dst id="8">510.3289</dst>
      <dst id="18">1007.7333</dst>
      <dst id="4">10156.0356</dst>
      <dst id="1">1093.8489</dst>
      <dst id="5">3381.7956</dst>
      <dst id="3">4459.3600</dst>
      <dst id="7">1609.1822</dst>
      <dst id="2">10599.5289</dst>
      <dst id="6">1896.9244</dst>
      <dst id="14">13.5200</dst>
      <dst id="11">4298.8800</dst>
      <dst id="9">5071.0578</dst>
      <dst id="17">8830.5867</dst>
      <dst id="21">1516.9867</dst>
    </src>
    <src id="11">
      <dst id="12">488026.9778</dst>
      <dst id="13">4343.1822</dst>
      <dst id="19">526.6044</dst>
      <dst id="23">415.8400</dst>
      <dst id="8">1955.5378</dst>
      <dst id="18">486.4089</dst>
      <dst id="4">12588.8000</dst>
      <dst id="1">1090.6844</dst>
      <dst id="5">3069.0756</dst>
      <dst id="3">8642.1600</dst>
      <dst id="22">2461.1378</dst>
      <dst id="7">2023.6711</dst>
      <dst id="2">200874.4000</dst>
      <dst id="6">700.8978</dst>
      <dst id="16">566.8711</dst>
      <dst id="14">895.7600</dst>
      <dst id="20">3781.1111</dst>
      <dst id="11">3313.5022</dst>
      <dst id="9">1435.4667</dst>
      <dst id="17">208285.6356</dst>
      <dst id="21">1115.9111</dst>
      <dst id="15">267.8933</dst>
    </src>
    <src id="9">
      <dst id="12">525002.2044</dst>
      <dst id="13">7108.9956</dst>
      <dst id="19">334.4356</dst>
      <dst id="23">54.1156</dst>
      <dst id="8">6012.0000</dst>
      <dst id="18">360.8089</dst>
      <dst id="4">11559.6267</dst>
      <dst id="1">11546.6667</dst>
      <dst id="5">1962.5778</dst>
      <dst id="3">25.0044</dst>
      <dst id="22">13244.1778</dst>
      <dst id="7">2464.4000</dst>
      <dst id="2">224782.0089</dst>
      <dst id="6">11.5556</dst>
      <dst id="16">2617.5467</dst>
      <dst id="14">565.9911</dst>
      <dst id="20">4964.4444</dst>
      <dst id="11">3464.0444</dst>
      <dst id="9">1787.8133</dst>
      <dst id="17">228864.3022</dst>
      <dst id="21">6672.4267</dst>
      <dst id="15">7143.2622</dst>
    </src>
    <src id="17">
      <dst id="12">31646.4978</dst>
      <dst id="13">10040.1689</dst>
      <dst id="19">13613.3422</dst>
      <dst id="23">1351.6978</dst>
      <dst id="8">265916.8089</dst>
      <dst id="18">1398.5689</dst>
      <dst id="4">95586.8533</dst>
      <dst id="1">6452.7289</dst>
      <dst id="5">295625.3867</dst>
      <dst id="3">23046.4267</dst>
      <dst id="22">21072.0267</dst>
      <dst id="7">14635.3511</dst>
      <dst id="2">12150.5422</dst>
      <dst id="6">4064.4622</dst>
      <dst id="16">15292.1422</dst>
      <dst id="14">48557.6889</dst>
      <dst id="20">4144.2756</dst>
      <dst id="11">277981.7067</dst>
      <dst id="9">393542.5333</dst>
      <dst id="17">2536.4978</dst>
      <dst id="21">34678.4356</dst>
      <dst id="15">831.0133</dst>
    </src>
    <src id="21">
      <dst id="12">23586.5511</dst>
      <dst id="13">11090.2311</dst>
      <dst id="19">1778.1422</dst>
      <dst id="23">82.8978</dst>
      <dst id="8">553.6800</dst>
      <dst id="18">1490.1333</dst>
      <dst id="4">20910.5689</dst>
      <dst id="1">20454.5778</dst>
      <dst id="5">401.6978</dst>
      <dst id="3">34424.9867</dst>
      <dst id="22">3361.9289</dst>
      <dst id="7">12406.6222</dst>
      <dst id="2">28230.0356</dst>
      <dst id="6">11.7244</dst>
      <dst id="16">4308.6044</dst>
      <dst id="14">118.1956</dst>
      <dst id="20">929.9822</dst>
      <dst id="11">3841.4667</dst>
      <dst id="9">900.2222</dst>
      <dst id="17">11797.3956</dst>
      <dst id="21">2816.3822</dst>
      <dst id="15">3440.7200</dst>
    </src>
    <src id="15">
      <dst id="12">6701.7422</dst>
      <dst id="13">1051.0311</dst>
      <dst id="19">644.0711</dst>
      <dst id="23">5.8667</dst>
      <dst id="8">184.5511</dst>
      <dst id="18">40.9600</dst>
      <dst id="4">1440.1422</dst>
      <dst id="1">2417.5911</dst>
      <dst id="5">250.1156</dst>
      <dst id="3">387.3778</dst>
      <dst id="7">650.7378</dst>
      <dst id="2">518.2044</dst>
      <dst id="6">1.7067</dst>
      <dst id="14">2.1778</dst>
      <dst id="11">912.2044</dst>
      <dst id="9">2405.6178</dst>
      <dst id="17">3613.1378</dst>
      <dst id="21">393.8933</dst>
    </src>
  </IntraTM>
</TrafficMatrixFile>
