<?xml version="1.0" encoding="UTF-8" standalone="yes"?>
<TrafficMatrixFile xmlns:xsi="http://www.w3.org/2001/XMLSchema-instance" xsi:noNamespaceSchemaLocation="http://totem.run.montefiore.ulg.ac.be/Schema/TrafficMatrix-v1_2.xsd">
  <info>
    <title>Intradomain traffic matrix generated by geant-TM-all.pl</title>
    <date>2005-01-06T05:15:00</date>
    <duration>900</duration>
    <author>Steve Uhlig</author>
    <units>
        <unit type="bandwidth" value="kbps"/>
    </units>
  </info>
  <IntraTM ASID="20965">
    <src id="12">
      <dst id="12">314907.3156</dst>
      <dst id="13">36229.8222</dst>
      <dst id="19">5632.8622</dst>
      <dst id="23">120.0889</dst>
      <dst id="8">1544.8356</dst>
      <dst id="18">7374.0711</dst>
      <dst id="4">124439.6978</dst>
      <dst id="1">16588.7911</dst>
      <dst id="5">75683.6356</dst>
      <dst id="3">1369.0489</dst>
      <dst id="22">18925.2178</dst>
      <dst id="7">9210.3822</dst>
      <dst id="2">113091.9556</dst>
      <dst id="6">16.4533</dst>
      <dst id="16">5794.6844</dst>
      <dst id="14">1406.4267</dst>
      <dst id="20">7431.5467</dst>
      <dst id="11">3720.9244</dst>
      <dst id="9">11678.7111</dst>
      <dst id="17">116086.2311</dst>
      <dst id="21">10275.2622</dst>
      <dst id="15">8252.6578</dst>
    </src>
    <src id="13">
      <dst id="12">103317.2800</dst>
      <dst id="19">9380.4444</dst>
      <dst id="23">796.7556</dst>
      <dst id="8">4517.8844</dst>
      <dst id="18">7161.3867</dst>
      <dst id="1">5649.2089</dst>
      <dst id="5">9157.2444</dst>
      <dst id="3">9847.6889</dst>
      <dst id="22">25185.0933</dst>
      <dst id="7">24571.8844</dst>
      <dst id="2">152503.6711</dst>
      <dst id="6">156.1778</dst>
      <dst id="16">12162.1600</dst>
      <dst id="14">5782.3022</dst>
      <dst id="20">29375.9022</dst>
      <dst id="11">18120.9600</dst>
      <dst id="9">15589.8044</dst>
      <dst id="17">251567.8578</dst>
      <dst id="21">23001.7867</dst>
      <dst id="15">14684.7733</dst>
    </src>
    <src id="19">
      <dst id="12">18770.4089</dst>
      <dst id="13">861.1644</dst>
      <dst id="23">1.5289</dst>
      <dst id="8">38.8533</dst>
      <dst id="18">13.9822</dst>
      <dst id="4">26852.0000</dst>
      <dst id="1">1508.7289</dst>
      <dst id="5">239.4311</dst>
      <dst id="3">261.1467</dst>
      <dst id="22">879.8133</dst>
      <dst id="7">4987.2800</dst>
      <dst id="2">594.0978</dst>
      <dst id="6">179.1289</dst>
      <dst id="16">3647.9556</dst>
      <dst id="14">32.2578</dst>
      <dst id="20">2147.6267</dst>
      <dst id="11">112.7289</dst>
      <dst id="9">250.8889</dst>
      <dst id="17">12418.1422</dst>
      <dst id="21">1191.6711</dst>
      <dst id="15">3653.3689</dst>
    </src>
    <src id="23">
      <dst id="12">220.4711</dst>
      <dst id="13">971.0489</dst>
      <dst id="19">52.1778</dst>
      <dst id="8">13.3333</dst>
      <dst id="18">75.7867</dst>
      <dst id="4">107.1822</dst>
      <dst id="1">39.7511</dst>
      <dst id="5">45.2711</dst>
      <dst id="3">103.6356</dst>
      <dst id="22">323.2711</dst>
      <dst id="7">218.5778</dst>
      <dst id="2">121.7422</dst>
      <dst id="6">0.9600</dst>
      <dst id="16">26.1689</dst>
      <dst id="20">26.6667</dst>
      <dst id="11">150.5778</dst>
      <dst id="9">1241.3067</dst>
      <dst id="17">421.5733</dst>
      <dst id="21">390.5511</dst>
      <dst id="15">26.6667</dst>
    </src>
    <src id="8">
      <dst id="12">345978.2933</dst>
      <dst id="13">1066.4622</dst>
      <dst id="19">67.9644</dst>
      <dst id="23">0.3556</dst>
      <dst id="18">499.8756</dst>
      <dst id="4">8368.8800</dst>
      <dst id="1">1134.0889</dst>
      <dst id="5">3282.8533</dst>
      <dst id="3">1.5467</dst>
      <dst id="22">432.3644</dst>
      <dst id="7">148.0889</dst>
      <dst id="2">139483.6800</dst>
      <dst id="6">1.4222</dst>
      <dst id="16">910.4000</dst>
      <dst id="20">1453.9200</dst>
      <dst id="11">436.7467</dst>
      <dst id="9">1564.4711</dst>
      <dst id="17">134326.1422</dst>
      <dst id="21">472.9067</dst>
      <dst id="15">138.5333</dst>
    </src>
    <src id="18">
      <dst id="12">118676.7289</dst>
      <dst id="13">361.4133</dst>
      <dst id="19">13.9556</dst>
      <dst id="23">26.8089</dst>
      <dst id="8">127.5822</dst>
      <dst id="4">3061.7778</dst>
      <dst id="1">1023.0311</dst>
      <dst id="5">503.7156</dst>
      <dst id="3">25.6089</dst>
      <dst id="22">450.4711</dst>
      <dst id="7">143.6533</dst>
      <dst id="2">35723.3689</dst>
      <dst id="16">56.9600</dst>
      <dst id="20">69.8756</dst>
      <dst id="11">1089.2889</dst>
      <dst id="9">155.2711</dst>
      <dst id="17">39358.0978</dst>
      <dst id="21">1168.2044</dst>
      <dst id="15">1.8489</dst>
    </src>
    <src id="4">
      <dst id="12">18720.3911</dst>
      <dst id="19">12086.1156</dst>
      <dst id="8">4004.2044</dst>
      <dst id="18">942.1333</dst>
      <dst id="1">32895.0933</dst>
      <dst id="5">3431.2622</dst>
      <dst id="3">113.3511</dst>
      <dst id="22">9792.5067</dst>
      <dst id="7">27632.8356</dst>
      <dst id="2">112994.9333</dst>
      <dst id="6">62.0178</dst>
      <dst id="16">2100.6044</dst>
      <dst id="14">1623.1644</dst>
      <dst id="20">2259.5822</dst>
      <dst id="11">5846.6222</dst>
      <dst id="9">5351.3600</dst>
      <dst id="17">31460.2222</dst>
      <dst id="21">9402.2578</dst>
      <dst id="15">458.3822</dst>
    </src>
    <src id="1">
      <dst id="12">16559.9378</dst>
      <dst id="13">2942.0178</dst>
      <dst id="19">58.3644</dst>
      <dst id="23">29.8489</dst>
      <dst id="8">142181.9822</dst>
      <dst id="18">18370.0356</dst>
      <dst id="4">30541.8400</dst>
      <dst id="1">21812.9778</dst>
      <dst id="5">284133.7511</dst>
      <dst id="3">200.7289</dst>
      <dst id="22">5840.2489</dst>
      <dst id="7">18437.6533</dst>
      <dst id="2">5346.4800</dst>
      <dst id="6">10577.9200</dst>
      <dst id="16">6778.2933</dst>
      <dst id="14">16.9333</dst>
      <dst id="20">1763.8933</dst>
      <dst id="11">447.8044</dst>
      <dst id="9">261939.0222</dst>
      <dst id="17">14239.1822</dst>
      <dst id="21">11838.6311</dst>
      <dst id="15">217.4756</dst>
    </src>
    <src id="5">
      <dst id="12">427480.6044</dst>
      <dst id="13">4437.1556</dst>
      <dst id="19">324.2667</dst>
      <dst id="23">47.3422</dst>
      <dst id="8">1819.6356</dst>
      <dst id="18">476.3378</dst>
      <dst id="4">8452.1956</dst>
      <dst id="1">1869.3244</dst>
      <dst id="3">100.7644</dst>
      <dst id="22">6479.2889</dst>
      <dst id="7">771.0667</dst>
      <dst id="2">177014.3378</dst>
      <dst id="6">25.8133</dst>
      <dst id="16">1428.3378</dst>
      <dst id="14">1.5378</dst>
      <dst id="20">4967.6356</dst>
      <dst id="11">2261.6000</dst>
      <dst id="9">2757.3778</dst>
      <dst id="17">159782.6311</dst>
      <dst id="21">1628.7289</dst>
      <dst id="15">586.2933</dst>
    </src>
    <src id="3">
      <dst id="12">10684.6044</dst>
      <dst id="13">4417.5733</dst>
      <dst id="19">1211.9200</dst>
      <dst id="23">2958.4444</dst>
      <dst id="8">336.8356</dst>
      <dst id="18">103850.2222</dst>
      <dst id="4">71979.6089</dst>
      <dst id="1">2674.0267</dst>
      <dst id="5">583.3689</dst>
      <dst id="3">14850.5778</dst>
      <dst id="22">1506.5422</dst>
      <dst id="7">29054.6578</dst>
      <dst id="2">15221.4933</dst>
      <dst id="6">2.3200</dst>
      <dst id="16">1019.4756</dst>
      <dst id="14">56454.1422</dst>
      <dst id="20">568.7200</dst>
      <dst id="11">202552.5689</dst>
      <dst id="9">1035.1022</dst>
      <dst id="17">29136.8089</dst>
      <dst id="21">12899.1733</dst>
      <dst id="15">595.2089</dst>
    </src>
    <src id="10">
      <dst id="12">13619.0667</dst>
      <dst id="19">3638.2489</dst>
      <dst id="8">2343.2267</dst>
      <dst id="18">5468.4089</dst>
      <dst id="1">874.8089</dst>
      <dst id="5">1118.8267</dst>
      <dst id="3">6339.3867</dst>
      <dst id="22">4999.5200</dst>
      <dst id="7">5861.8400</dst>
      <dst id="2">42698.1600</dst>
      <dst id="6">2.9422</dst>
      <dst id="16">5221.0933</dst>
      <dst id="14">1450.0622</dst>
      <dst id="20">2035.5378</dst>
      <dst id="11">4024.1511</dst>
      <dst id="9">4850.0622</dst>
      <dst id="17">13733.1644</dst>
      <dst id="21">14192.2756</dst>
      <dst id="15">592.4533</dst>
    </src>
    <src id="22">
      <dst id="12">13573.8489</dst>
      <dst id="13">5897.0400</dst>
      <dst id="19">215.6800</dst>
      <dst id="23">164.8356</dst>
      <dst id="8">1215.5911</dst>
      <dst id="18">4153.5556</dst>
      <dst id="4">27319.4756</dst>
      <dst id="1">406.7911</dst>
      <dst id="5">4969.9378</dst>
      <dst id="3">1340.4533</dst>
      <dst id="7">1607.0489</dst>
      <dst id="2">3652.1422</dst>
      <dst id="6">93.9733</dst>
      <dst id="16">10.8978</dst>
      <dst id="14">28.9333</dst>
      <dst id="11">4058.5156</dst>
      <dst id="9">1782.6578</dst>
      <dst id="17">5967.4667</dst>
      <dst id="21">1952.0978</dst>
    </src>
    <src id="7">
      <dst id="12">4173.2178</dst>
      <dst id="13">237.6089</dst>
      <dst id="19">915.0044</dst>
      <dst id="23">141.0756</dst>
      <dst id="8">629.9289</dst>
      <dst id="18">3496.6222</dst>
      <dst id="4">45818.9156</dst>
      <dst id="1">5998.4089</dst>
      <dst id="5">1534.3467</dst>
      <dst id="3">3343.2178</dst>
      <dst id="22">6182.7822</dst>
      <dst id="7">754.0978</dst>
      <dst id="2">8491.0667</dst>
      <dst id="6">13.5556</dst>
      <dst id="16">7219.4311</dst>
      <dst id="14">135.9022</dst>
      <dst id="20">2529.2533</dst>
      <dst id="11">1048.9156</dst>
      <dst id="9">2415.0311</dst>
      <dst id="17">11062.1333</dst>
      <dst id="21">3346.0444</dst>
      <dst id="15">747.2178</dst>
    </src>
    <src id="2">
      <dst id="12">109113.3689</dst>
      <dst id="13">535436.2400</dst>
      <dst id="19">1721.8133</dst>
      <dst id="23">20.4089</dst>
      <dst id="8">2168.1156</dst>
      <dst id="18">90936.5422</dst>
      <dst id="4">124669.5289</dst>
      <dst id="1">5688.8711</dst>
      <dst id="5">3601.1111</dst>
      <dst id="3">503.4400</dst>
      <dst id="22">2287.2000</dst>
      <dst id="7">14052.8800</dst>
      <dst id="2">1638.0800</dst>
      <dst id="6">9708.3733</dst>
      <dst id="16">3968.1778</dst>
      <dst id="14">156.4089</dst>
      <dst id="20">7046.6756</dst>
      <dst id="11">5069.0933</dst>
      <dst id="9">1441.1911</dst>
      <dst id="17">44396.5156</dst>
      <dst id="21">8415.2178</dst>
      <dst id="15">3242.9511</dst>
    </src>
    <src id="6">
      <dst id="12">10135.0044</dst>
      <dst id="13">2.2489</dst>
      <dst id="19">3.5378</dst>
      <dst id="8">28.9956</dst>
      <dst id="4">92.7111</dst>
      <dst id="1">0.7289</dst>
      <dst id="5">0.3556</dst>
      <dst id="3">2.0267</dst>
      <dst id="22">19.4400</dst>
      <dst id="7">17.9822</dst>
      <dst id="2">2565.3956</dst>
      <dst id="16">5.9111</dst>
      <dst id="11">11.3778</dst>
      <dst id="9">18.7911</dst>
      <dst id="17">1839.6000</dst>
      <dst id="21">2.0444</dst>
      <dst id="15">1.4133</dst>
    </src>
    <src id="16">
      <dst id="12">3013.0133</dst>
      <dst id="13">393.3067</dst>
      <dst id="19">3790.3911</dst>
      <dst id="23">432.1956</dst>
      <dst id="8">7465.1289</dst>
      <dst id="18">14.2756</dst>
      <dst id="4">9286.6133</dst>
      <dst id="1">19804.2311</dst>
      <dst id="5">5857.1022</dst>
      <dst id="3">136.6578</dst>
      <dst id="7">5823.1200</dst>
      <dst id="2">593.4578</dst>
      <dst id="6">8.0000</dst>
      <dst id="16">75.4578</dst>
      <dst id="14">176.3378</dst>
      <dst id="11">484.3200</dst>
      <dst id="9">9002.1511</dst>
      <dst id="17">4437.8756</dst>
      <dst id="21">165.2711</dst>
    </src>
    <src id="14">
      <dst id="12">23281.9200</dst>
      <dst id="13">19.9200</dst>
      <dst id="19">71.7156</dst>
      <dst id="23">12.9778</dst>
      <dst id="8">0.5156</dst>
      <dst id="18">7.3422</dst>
      <dst id="4">4584.9689</dst>
      <dst id="1">104.1067</dst>
      <dst id="5">1.0667</dst>
      <dst id="3">37.5733</dst>
      <dst id="7">75.0667</dst>
      <dst id="2">8151.9911</dst>
      <dst id="6">12.4444</dst>
      <dst id="16">12.2133</dst>
      <dst id="20">21.0044</dst>
      <dst id="11">39.0222</dst>
      <dst id="9">105.6356</dst>
      <dst id="17">8485.9822</dst>
      <dst id="21">86.5333</dst>
    </src>
    <src id="20">
      <dst id="12">4740.5333</dst>
      <dst id="13">2515.6622</dst>
      <dst id="19">2721.2267</dst>
      <dst id="23">3.4044</dst>
      <dst id="8">632.4889</dst>
      <dst id="18">20.7822</dst>
      <dst id="4">17841.1111</dst>
      <dst id="1">140.6756</dst>
      <dst id="5">4155.5911</dst>
      <dst id="3">2628.3822</dst>
      <dst id="7">682.2311</dst>
      <dst id="2">1788.6400</dst>
      <dst id="6">0.8267</dst>
      <dst id="14">1.0311</dst>
      <dst id="11">4773.8400</dst>
      <dst id="9">12900.2044</dst>
      <dst id="17">1672.5156</dst>
      <dst id="21">1069.2178</dst>
    </src>
    <src id="11">
      <dst id="12">421866.8533</dst>
      <dst id="13">3772.4711</dst>
      <dst id="19">144.4978</dst>
      <dst id="23">7.9733</dst>
      <dst id="8">383.5378</dst>
      <dst id="18">322.3911</dst>
      <dst id="4">18435.6356</dst>
      <dst id="1">787.6178</dst>
      <dst id="5">1570.4800</dst>
      <dst id="3">1421.6533</dst>
      <dst id="22">2119.5822</dst>
      <dst id="7">776.9511</dst>
      <dst id="2">182023.4844</dst>
      <dst id="6">742.7378</dst>
      <dst id="16">409.7511</dst>
      <dst id="14">69.6533</dst>
      <dst id="20">4999.6533</dst>
      <dst id="11">2601.5022</dst>
      <dst id="9">1710.1689</dst>
      <dst id="17">192606.9867</dst>
      <dst id="21">994.7911</dst>
      <dst id="15">127.8044</dst>
    </src>
    <src id="9">
      <dst id="12">531303.4933</dst>
      <dst id="13">11211.0311</dst>
      <dst id="19">596.5867</dst>
      <dst id="23">61.0400</dst>
      <dst id="8">952.7200</dst>
      <dst id="18">707.5822</dst>
      <dst id="4">16568.2133</dst>
      <dst id="1">1164.5867</dst>
      <dst id="5">1303.6800</dst>
      <dst id="3">31.2000</dst>
      <dst id="22">5173.2267</dst>
      <dst id="7">300.2844</dst>
      <dst id="2">242952.7644</dst>
      <dst id="6">0.9244</dst>
      <dst id="16">1336.6133</dst>
      <dst id="14">93.4756</dst>
      <dst id="20">8415.6711</dst>
      <dst id="11">818.0178</dst>
      <dst id="9">628.7822</dst>
      <dst id="17">220663.8311</dst>
      <dst id="21">820.2489</dst>
      <dst id="15">17714.1333</dst>
    </src>
    <src id="17">
      <dst id="12">19313.3867</dst>
      <dst id="13">8158.4533</dst>
      <dst id="19">754.6489</dst>
      <dst id="23">201.9378</dst>
      <dst id="8">162627.3511</dst>
      <dst id="18">2265.3422</dst>
      <dst id="4">207898.7644</dst>
      <dst id="1">5022.7911</dst>
      <dst id="5">277488.9778</dst>
      <dst id="3">8735.4044</dst>
      <dst id="22">9764.6578</dst>
      <dst id="7">3154.6044</dst>
      <dst id="2">45091.2533</dst>
      <dst id="6">93.0667</dst>
      <dst id="16">8071.6622</dst>
      <dst id="14">35452.1422</dst>
      <dst id="20">4356.3822</dst>
      <dst id="11">171846.8889</dst>
      <dst id="9">259197.6622</dst>
      <dst id="17">1919.5200</dst>
      <dst id="21">13770.4978</dst>
      <dst id="15">871.9289</dst>
    </src>
    <src id="21">
      <dst id="12">25313.0756</dst>
      <dst id="13">817.6089</dst>
      <dst id="19">497.6000</dst>
      <dst id="23">75.7689</dst>
      <dst id="8">66.6044</dst>
      <dst id="18">8131.9111</dst>
      <dst id="4">33251.3511</dst>
      <dst id="1">6023.8756</dst>
      <dst id="5">690.4711</dst>
      <dst id="3">23535.3156</dst>
      <dst id="22">1967.8222</dst>
      <dst id="7">1844.9778</dst>
      <dst id="2">23399.9822</dst>
      <dst id="6">5.9556</dst>
      <dst id="16">497.0844</dst>
      <dst id="14">131.7333</dst>
      <dst id="20">851.4044</dst>
      <dst id="11">2872.2311</dst>
      <dst id="9">567.8756</dst>
      <dst id="17">6104.4000</dst>
      <dst id="21">3909.3689</dst>
      <dst id="15">583.2000</dst>
    </src>
    <src id="15">
      <dst id="12">483.1467</dst>
      <dst id="13">912.7467</dst>
      <dst id="19">38.4444</dst>
      <dst id="8">695.9822</dst>
      <dst id="18">28.0889</dst>
      <dst id="4">2410.7467</dst>
      <dst id="1">790.4978</dst>
      <dst id="5">1688.3111</dst>
      <dst id="3">0.7733</dst>
      <dst id="7">760.9067</dst>
      <dst id="2">4249.2356</dst>
      <dst id="6">0.3556</dst>
      <dst id="14">0.8533</dst>
      <dst id="11">67.9644</dst>
      <dst id="9">1757.3778</dst>
      <dst id="17">523.2356</dst>
      <dst id="21">32.2044</dst>
    </src>
  </IntraTM>
</TrafficMatrixFile>
