<?xml version="1.0" encoding="UTF-8" standalone="yes"?>
<TrafficMatrixFile xmlns:xsi="http://www.w3.org/2001/XMLSchema-instance" xsi:noNamespaceSchemaLocation="http://totem.run.montefiore.ulg.ac.be/Schema/TrafficMatrix-v1_2.xsd">
  <info>
    <title>Intradomain traffic matrix generated by geant-TM-all.pl</title>
    <date>2005-01-04T18:15:00</date>
    <duration>900</duration>
    <author>Steve Uhlig</author>
    <units>
        <unit type="bandwidth" value="kbps"/>
    </units>
  </info>
  <IntraTM ASID="20965">
    <src id="12">
      <dst id="12">204385.8222</dst>
      <dst id="13">9949.6978</dst>
      <dst id="19">2986.2667</dst>
      <dst id="23">48.3200</dst>
      <dst id="8">821.9289</dst>
      <dst id="18">193.8044</dst>
      <dst id="4">59327.6978</dst>
      <dst id="1">9715.8044</dst>
      <dst id="5">22798.6667</dst>
      <dst id="3">1438.4000</dst>
      <dst id="22">11750.1333</dst>
      <dst id="7">15836.3378</dst>
      <dst id="2">72859.4311</dst>
      <dst id="6">2.5511</dst>
      <dst id="16">4378.3644</dst>
      <dst id="14">883.6267</dst>
      <dst id="20">7993.4133</dst>
      <dst id="11">2351.8489</dst>
      <dst id="9">2817.3244</dst>
      <dst id="17">58550.5867</dst>
      <dst id="21">2392.2933</dst>
      <dst id="15">728.9156</dst>
    </src>
    <src id="13">
      <dst id="12">25104.2489</dst>
      <dst id="19">4026.6667</dst>
      <dst id="23">6.4889</dst>
      <dst id="8">2216.9600</dst>
      <dst id="18">2384.0000</dst>
      <dst id="1">4162.0356</dst>
      <dst id="5">3837.3333</dst>
      <dst id="3">9369.0311</dst>
      <dst id="22">14779.0133</dst>
      <dst id="7">9033.4400</dst>
      <dst id="2">79764.6756</dst>
      <dst id="6">187.7156</dst>
      <dst id="16">9333.1022</dst>
      <dst id="14">7263.6000</dst>
      <dst id="20">4750.8622</dst>
      <dst id="11">6822.7467</dst>
      <dst id="9">7638.5956</dst>
      <dst id="17">35853.7600</dst>
      <dst id="21">5920.3111</dst>
      <dst id="15">9286.9333</dst>
    </src>
    <src id="19">
      <dst id="12">10937.1556</dst>
      <dst id="13">1400.8889</dst>
      <dst id="8">0.4978</dst>
      <dst id="18">1.7778</dst>
      <dst id="4">17561.2978</dst>
      <dst id="1">528.5867</dst>
      <dst id="5">174.6933</dst>
      <dst id="22">436.4267</dst>
      <dst id="7">3017.7867</dst>
      <dst id="2">1421.9556</dst>
      <dst id="6">58.9956</dst>
      <dst id="16">6889.3422</dst>
      <dst id="14">17.9911</dst>
      <dst id="20">4.9422</dst>
      <dst id="11">26.4178</dst>
      <dst id="9">0.4622</dst>
      <dst id="17">1158.7556</dst>
      <dst id="21">1030.3378</dst>
      <dst id="15">0.8444</dst>
    </src>
    <src id="23">
      <dst id="12">390.4000</dst>
      <dst id="13">81.3956</dst>
      <dst id="19">0.3378</dst>
      <dst id="18">67.1644</dst>
      <dst id="4">68.6311</dst>
      <dst id="1">45.8578</dst>
      <dst id="5">67.0044</dst>
      <dst id="3">248.8533</dst>
      <dst id="22">200.7556</dst>
      <dst id="7">45.8933</dst>
      <dst id="2">15.5200</dst>
      <dst id="16">9.6356</dst>
      <dst id="14">52.8000</dst>
      <dst id="11">0.7911</dst>
      <dst id="9">1272.7822</dst>
      <dst id="17">3.6889</dst>
      <dst id="21">233.2978</dst>
      <dst id="15">13.3333</dst>
    </src>
    <src id="8">
      <dst id="12">247640.5422</dst>
      <dst id="13">345.2889</dst>
      <dst id="19">0.7378</dst>
      <dst id="23">0.3556</dst>
      <dst id="18">12.8000</dst>
      <dst id="4">6719.2533</dst>
      <dst id="1">234.5867</dst>
      <dst id="5">548.1511</dst>
      <dst id="3">0.7111</dst>
      <dst id="22">2892.5867</dst>
      <dst id="7">30.3467</dst>
      <dst id="2">105920.8622</dst>
      <dst id="16">287.6533</dst>
      <dst id="14">14.5422</dst>
      <dst id="20">14.5244</dst>
      <dst id="11">420.1422</dst>
      <dst id="9">446.4356</dst>
      <dst id="17">98076.7378</dst>
      <dst id="21">204.8800</dst>
      <dst id="15">310.8978</dst>
    </src>
    <src id="18">
      <dst id="12">92924.5422</dst>
      <dst id="13">81.6178</dst>
      <dst id="19">0.9422</dst>
      <dst id="23">1.3600</dst>
      <dst id="8">1.5289</dst>
      <dst id="4">1670.6756</dst>
      <dst id="1">1009.5467</dst>
      <dst id="5">217.8044</dst>
      <dst id="3">57.1200</dst>
      <dst id="22">288.9067</dst>
      <dst id="7">360.6578</dst>
      <dst id="2">28152.7467</dst>
      <dst id="16">20.7289</dst>
      <dst id="14">1.1289</dst>
      <dst id="20">580.9422</dst>
      <dst id="11">45.4578</dst>
      <dst id="9">108.3733</dst>
      <dst id="17">28162.4000</dst>
      <dst id="21">58.1156</dst>
      <dst id="15">47.2089</dst>
    </src>
    <src id="4">
      <dst id="12">9752.6133</dst>
      <dst id="19">14860.7911</dst>
      <dst id="8">806.3822</dst>
      <dst id="18">682.3467</dst>
      <dst id="1">10538.9156</dst>
      <dst id="5">2559.1200</dst>
      <dst id="3">48.4622</dst>
      <dst id="22">2845.8933</dst>
      <dst id="7">24698.0711</dst>
      <dst id="2">89690.8889</dst>
      <dst id="6">28.5778</dst>
      <dst id="16">1256.1067</dst>
      <dst id="14">1645.2711</dst>
      <dst id="20">272.9600</dst>
      <dst id="11">3244.7644</dst>
      <dst id="9">3102.7111</dst>
      <dst id="17">21207.9022</dst>
      <dst id="21">2677.4933</dst>
      <dst id="15">465.4133</dst>
    </src>
    <src id="1">
      <dst id="12">11511.0578</dst>
      <dst id="13">454.2844</dst>
      <dst id="19">39.9644</dst>
      <dst id="23">52.0267</dst>
      <dst id="8">68777.2444</dst>
      <dst id="18">12577.4400</dst>
      <dst id="4">7075.4844</dst>
      <dst id="1">72434.8267</dst>
      <dst id="5">168523.1200</dst>
      <dst id="3">135.4044</dst>
      <dst id="22">497.3156</dst>
      <dst id="7">2969.0756</dst>
      <dst id="2">1930.2133</dst>
      <dst id="6">8382.8000</dst>
      <dst id="16">11811.8400</dst>
      <dst id="14">321.8222</dst>
      <dst id="20">65.2889</dst>
      <dst id="11">172.7911</dst>
      <dst id="9">163369.1378</dst>
      <dst id="17">1992.9422</dst>
      <dst id="21">2373.9200</dst>
      <dst id="15">100.9956</dst>
    </src>
    <src id="5">
      <dst id="12">234490.0711</dst>
      <dst id="13">544.0444</dst>
      <dst id="19">15.5822</dst>
      <dst id="23">231.1556</dst>
      <dst id="8">351.8400</dst>
      <dst id="18">1290.4889</dst>
      <dst id="4">3556.9244</dst>
      <dst id="1">462.7022</dst>
      <dst id="3">5.2267</dst>
      <dst id="22">3297.4044</dst>
      <dst id="7">53.9289</dst>
      <dst id="2">91427.8400</dst>
      <dst id="6">52.3200</dst>
      <dst id="16">426.4889</dst>
      <dst id="14">96.9156</dst>
      <dst id="20">390.5156</dst>
      <dst id="11">418.3556</dst>
      <dst id="9">501.0222</dst>
      <dst id="17">79053.8489</dst>
      <dst id="21">468.1867</dst>
      <dst id="15">193.2000</dst>
    </src>
    <src id="3">
      <dst id="12">5726.2400</dst>
      <dst id="13">200.0444</dst>
      <dst id="19">1566.7022</dst>
      <dst id="23">11202.3200</dst>
      <dst id="8">26.7289</dst>
      <dst id="18">43025.8133</dst>
      <dst id="4">14535.3333</dst>
      <dst id="1">6416.0178</dst>
      <dst id="5">201.8489</dst>
      <dst id="3">8285.6978</dst>
      <dst id="22">1903.3956</dst>
      <dst id="7">1828.5244</dst>
      <dst id="2">11543.2622</dst>
      <dst id="6">1.4756</dst>
      <dst id="16">906.9956</dst>
      <dst id="14">58500.0978</dst>
      <dst id="20">48.2489</dst>
      <dst id="11">95067.5467</dst>
      <dst id="9">187.5378</dst>
      <dst id="17">4599.5733</dst>
      <dst id="21">14291.2178</dst>
      <dst id="15">80.0978</dst>
    </src>
    <src id="10">
      <dst id="12">11607.2533</dst>
      <dst id="19">7091.0933</dst>
      <dst id="8">310.6489</dst>
      <dst id="18">833.7156</dst>
      <dst id="1">2385.0756</dst>
      <dst id="5">351.0933</dst>
      <dst id="3">2439.0311</dst>
      <dst id="22">4899.1022</dst>
      <dst id="7">38786.3733</dst>
      <dst id="2">16193.1556</dst>
      <dst id="6">7.1378</dst>
      <dst id="16">1081.8311</dst>
      <dst id="14">7430.2133</dst>
      <dst id="20">6086.8178</dst>
      <dst id="11">2452.1511</dst>
      <dst id="9">4257.9822</dst>
      <dst id="17">10441.7244</dst>
      <dst id="21">10658.1244</dst>
      <dst id="15">351.5556</dst>
    </src>
    <src id="22">
      <dst id="12">9344.8889</dst>
      <dst id="13">1255.8667</dst>
      <dst id="19">110.4178</dst>
      <dst id="23">29.1289</dst>
      <dst id="8">435.4400</dst>
      <dst id="18">16.7111</dst>
      <dst id="4">22571.9378</dst>
      <dst id="1">155.6889</dst>
      <dst id="5">2715.5289</dst>
      <dst id="3">286.3378</dst>
      <dst id="7">675.6267</dst>
      <dst id="2">3750.7467</dst>
      <dst id="6">3.2178</dst>
      <dst id="16">0.8178</dst>
      <dst id="14">107.7422</dst>
      <dst id="11">5589.0756</dst>
      <dst id="9">1505.1289</dst>
      <dst id="17">2750.5422</dst>
      <dst id="21">848.6578</dst>
    </src>
    <src id="7">
      <dst id="12">1876.8267</dst>
      <dst id="13">1852.7111</dst>
      <dst id="19">122.0444</dst>
      <dst id="23">52.2667</dst>
      <dst id="8">87.7956</dst>
      <dst id="18">56.2044</dst>
      <dst id="4">37539.9378</dst>
      <dst id="1">1321.3067</dst>
      <dst id="5">498.3111</dst>
      <dst id="3">273.1289</dst>
      <dst id="22">3038.8622</dst>
      <dst id="7">706.2400</dst>
      <dst id="2">1833.2622</dst>
      <dst id="6">16.5333</dst>
      <dst id="16">374.0444</dst>
      <dst id="14">835.7600</dst>
      <dst id="20">73.9911</dst>
      <dst id="11">438.2844</dst>
      <dst id="9">526.6311</dst>
      <dst id="17">3606.9067</dst>
      <dst id="21">2596.8089</dst>
      <dst id="15">402.7556</dst>
    </src>
    <src id="2">
      <dst id="12">89082.5689</dst>
      <dst id="13">516061.8133</dst>
      <dst id="19">5289.3867</dst>
      <dst id="8">105.6356</dst>
      <dst id="18">34064.1333</dst>
      <dst id="4">73809.9022</dst>
      <dst id="1">1379.3511</dst>
      <dst id="5">846.2667</dst>
      <dst id="3">10.0356</dst>
      <dst id="22">2225.9644</dst>
      <dst id="7">2157.8933</dst>
      <dst id="2">653.4222</dst>
      <dst id="6">7409.1200</dst>
      <dst id="16">8305.0844</dst>
      <dst id="14">5617.6978</dst>
      <dst id="20">774.2578</dst>
      <dst id="11">1375.3956</dst>
      <dst id="9">3758.6311</dst>
      <dst id="17">17588.9600</dst>
      <dst id="21">1503.3778</dst>
      <dst id="15">799.4578</dst>
    </src>
    <src id="6">
      <dst id="12">8941.8933</dst>
      <dst id="13">1.7778</dst>
      <dst id="19">2.5067</dst>
      <dst id="23">0.3378</dst>
      <dst id="4">1327.6267</dst>
      <dst id="1">30.9689</dst>
      <dst id="5">1.4756</dst>
      <dst id="22">17.3511</dst>
      <dst id="7">202.3822</dst>
      <dst id="2">2105.1200</dst>
      <dst id="16">1.2444</dst>
      <dst id="14">34.8622</dst>
      <dst id="11">0.7111</dst>
      <dst id="9">13.6444</dst>
      <dst id="17">2084.2844</dst>
      <dst id="21">19.2356</dst>
    </src>
    <src id="16">
      <dst id="12">2622.1867</dst>
      <dst id="13">889.6356</dst>
      <dst id="19">4300.7200</dst>
      <dst id="23">2.4000</dst>
      <dst id="8">4525.3600</dst>
      <dst id="18">9.8222</dst>
      <dst id="4">3352.0622</dst>
      <dst id="1">21531.5911</dst>
      <dst id="5">3051.5378</dst>
      <dst id="3">3.1467</dst>
      <dst id="7">398.9333</dst>
      <dst id="2">265.1467</dst>
      <dst id="6">0.8178</dst>
      <dst id="16">44.3467</dst>
      <dst id="14">521.6356</dst>
      <dst id="11">52.4889</dst>
      <dst id="9">5313.8489</dst>
      <dst id="17">1524.4800</dst>
      <dst id="21">1499.1200</dst>
    </src>
    <src id="14">
      <dst id="12">22848.7911</dst>
      <dst id="13">36.1956</dst>
      <dst id="19">9.6000</dst>
      <dst id="23">2.7733</dst>
      <dst id="18">0.6044</dst>
      <dst id="4">2702.5422</dst>
      <dst id="1">373.9467</dst>
      <dst id="5">3.3778</dst>
      <dst id="3">55.4489</dst>
      <dst id="22">0.8533</dst>
      <dst id="7">106.8711</dst>
      <dst id="2">8628.8000</dst>
      <dst id="6">1.6356</dst>
      <dst id="16">10.6667</dst>
      <dst id="20">1.9111</dst>
      <dst id="11">124.1244</dst>
      <dst id="9">18.5600</dst>
      <dst id="17">8580.6844</dst>
      <dst id="21">52.6489</dst>
    </src>
    <src id="20">
      <dst id="12">1737.5111</dst>
      <dst id="13">323.3422</dst>
      <dst id="19">4.5511</dst>
      <dst id="23">2.0800</dst>
      <dst id="8">114.9689</dst>
      <dst id="18">60.5867</dst>
      <dst id="4">9910.0800</dst>
      <dst id="1">164.0622</dst>
      <dst id="5">5903.5111</dst>
      <dst id="3">86.5511</dst>
      <dst id="7">661.1022</dst>
      <dst id="2">1059.5022</dst>
      <dst id="6">1.1289</dst>
      <dst id="14">17.8489</dst>
      <dst id="11">126.8356</dst>
      <dst id="9">671.7067</dst>
      <dst id="17">3390.4356</dst>
      <dst id="21">187.3956</dst>
    </src>
    <src id="11">
      <dst id="12">350532.3822</dst>
      <dst id="13">2854.1600</dst>
      <dst id="19">12.3556</dst>
      <dst id="23">0.8000</dst>
      <dst id="8">347.0578</dst>
      <dst id="18">75.4133</dst>
      <dst id="4">9141.8311</dst>
      <dst id="1">558.2489</dst>
      <dst id="5">1637.1556</dst>
      <dst id="3">136.2489</dst>
      <dst id="22">1700.8622</dst>
      <dst id="7">168.4000</dst>
      <dst id="2">131551.3600</dst>
      <dst id="6">13.1556</dst>
      <dst id="16">35.4667</dst>
      <dst id="14">30.0356</dst>
      <dst id="20">217.5289</dst>
      <dst id="11">2101.6267</dst>
      <dst id="9">1002.6044</dst>
      <dst id="17">137102.0356</dst>
      <dst id="21">535.3956</dst>
      <dst id="15">43.2978</dst>
    </src>
    <src id="9">
      <dst id="12">360227.7778</dst>
      <dst id="13">1186.1156</dst>
      <dst id="19">3.4400</dst>
      <dst id="23">43.8044</dst>
      <dst id="8">168.9156</dst>
      <dst id="18">3114.8978</dst>
      <dst id="4">17104.7911</dst>
      <dst id="1">1118.2489</dst>
      <dst id="5">964.7556</dst>
      <dst id="3">15.3067</dst>
      <dst id="22">1133.7689</dst>
      <dst id="7">140.6044</dst>
      <dst id="2">127791.2089</dst>
      <dst id="6">16.7378</dst>
      <dst id="16">387.3333</dst>
      <dst id="14">25.2978</dst>
      <dst id="20">773.5022</dst>
      <dst id="11">1398.2133</dst>
      <dst id="9">320.8356</dst>
      <dst id="17">132771.0489</dst>
      <dst id="21">356.0533</dst>
      <dst id="15">306.7467</dst>
    </src>
    <src id="17">
      <dst id="12">9269.6444</dst>
      <dst id="13">932.0178</dst>
      <dst id="19">622.7556</dst>
      <dst id="23">20.9867</dst>
      <dst id="8">88262.5867</dst>
      <dst id="18">34.3822</dst>
      <dst id="4">23255.1467</dst>
      <dst id="1">504.3644</dst>
      <dst id="5">163183.0044</dst>
      <dst id="3">4788.0178</dst>
      <dst id="22">13375.6800</dst>
      <dst id="7">2991.5467</dst>
      <dst id="2">8691.8311</dst>
      <dst id="6">26.9156</dst>
      <dst id="16">2335.7956</dst>
      <dst id="14">46431.1111</dst>
      <dst id="20">272.6933</dst>
      <dst id="11">80092.2400</dst>
      <dst id="9">135462.5156</dst>
      <dst id="17">1484.4622</dst>
      <dst id="21">12475.7778</dst>
      <dst id="15">49.6444</dst>
    </src>
    <src id="21">
      <dst id="12">20759.0311</dst>
      <dst id="13">239.1378</dst>
      <dst id="19">111.6178</dst>
      <dst id="23">6.2222</dst>
      <dst id="8">49.9911</dst>
      <dst id="18">49.9467</dst>
      <dst id="4">8190.9511</dst>
      <dst id="1">1933.9200</dst>
      <dst id="5">455.9911</dst>
      <dst id="3">662.8711</dst>
      <dst id="22">1284.9244</dst>
      <dst id="7">1396.4711</dst>
      <dst id="2">10327.3156</dst>
      <dst id="6">1.0222</dst>
      <dst id="16">257.6622</dst>
      <dst id="14">61.0933</dst>
      <dst id="20">66.4000</dst>
      <dst id="11">1408.5867</dst>
      <dst id="9">596.3111</dst>
      <dst id="17">5442.9422</dst>
      <dst id="21">397.5467</dst>
      <dst id="15">132.4000</dst>
    </src>
    <src id="15">
      <dst id="12">4528.1689</dst>
      <dst id="13">2351.6267</dst>
      <dst id="19">56.1422</dst>
      <dst id="23">2.1333</dst>
      <dst id="8">222.4800</dst>
      <dst id="18">12.9244</dst>
      <dst id="4">2605.6622</dst>
      <dst id="1">658.0267</dst>
      <dst id="5">168.7822</dst>
      <dst id="3">15.8844</dst>
      <dst id="7">8.2844</dst>
      <dst id="2">736.4089</dst>
      <dst id="14">0.4267</dst>
      <dst id="11">168.8533</dst>
      <dst id="9">128.0356</dst>
      <dst id="17">494.3111</dst>
      <dst id="21">86.9422</dst>
    </src>
  </IntraTM>
</TrafficMatrixFile>
